names,scores,logfoldchanges,pvals,pvals_adj,significant
mt:lrRNA,67.88387,2.7307873,0.0,0.0,True
RpL41,46.435837,1.5334909,0.0,0.0,True
Mic10b,44.65592,3.3474412,0.0,0.0,True
His3.3B,42.873207,1.3195772,0.0,0.0,True
Cyt-c-p,42.703632,1.8652208,0.0,0.0,True
mei-P26,40.542522,0.90574205,0.0,0.0,False
sun,39.605705,2.1921887,0.0,0.0,True
Sxl,38.34377,1.6474437,0.0,0.0,True
lncRNA:CR34335,38.19942,1.0402275,0.0,0.0,True
RpL29,33.334557,1.1357545,1.2195843861577203e-243,1.2327183718548033e-240,True
flw,32.368217,1.5679555,7.6894099402471895e-230,7.217060472489148e-227,True
nrv3,32.09885,0.47700128,4.5749449892596626e-226,4.007651810591465e-223,False
snRNA:7SKa,28.860489,1.4851176,3.7422544163910787e-183,2.4586611515689388e-180,True
fne,28.41728,0.7155328,1.2369022220320404e-177,7.387679635227732e-175,False
CG7646,27.964928,1.1172631,4.34068054369834e-172,2.4798496671389646e-169,True
Nca,27.613464,1.7843242,7.668864300575256e-168,4.1987032045649527e-165,True
pum,27.597595,0.8535429,1.189163476928212e-167,6.250243234734684e-165,False
Ten-a,25.915556,0.76261866,4.4480106459245484e-148,1.7190252908073107e-145,False
Pdp1,25.679592,0.7200661,1.9760634220612994e-145,7.212631490523743e-143,False
Dsp1,25.438658,0.96104246,9.425271689725449e-143,3.3472451352160105e-140,False
RpL39,25.31732,1.0257078,2.059227422874951e-141,6.938012393994066e-139,True
Pde4,25.214634,0.8322356,2.768386837300436e-140,9.094150760531933e-138,False
Bsg,24.907856,0.8439543,6.1160544213933495e-137,1.9601208560270393e-134,False
fru,24.892138,1.3950158,9.051705116520265e-137,2.766032679792472e-134,True
sif,24.807793,0.97083855,7.386985931331855e-136,2.2060226167659222e-133,False
Smr,24.179888,1.0180067,3.621827556905372e-129,9.712411040354404e-127,True
Hex-A,23.460672,0.91974574,1.0287185381815754e-121,2.5504455833407356e-119,False
Fim,23.23248,1.0641711,2.1391433049989556e-119,5.205248708830793e-117,True
fs(1)h,22.83054,0.7921766,2.281215920177739e-115,5.352710212702767e-113,False
VhaM9.7-a,22.823195,0.9528809,2.6985581809342574e-115,6.220886753943182e-113,False
msi,22.651754,0.9753147,1.3406310387419682e-113,2.9857443811982143e-111,False
fax,22.308949,0.897746,3.025267659095042e-110,6.516724105001451e-108,False
RpL38,22.295078,0.6447135,4.124571917454626e-110,8.741431450863513e-108,False
Tom6,22.269403,1.7593697,7.316830490753091e-110,1.526081788071359e-107,True
pcs,21.963442,1.5963993,6.442935288594788e-107,1.282729843820235e-104,True
eIF4EHP,21.941378,0.93880457,1.0468204521843661e-106,2.0530180211496374e-104,False
bel,21.871851,0.9411981,4.816266034885722e-106,9.040819385485485e-104,False
CG42613,21.854172,0.941191,7.094755249487785e-106,1.3130293518066125e-103,False
Sh,21.517323,0.46643782,1.0717664240238609e-102,1.9291795632429495e-100,False
UQCR-6.4,21.51571,0.992571,1.1096416301060313e-102,1.9703636512963852e-100,False
Atpalpha,21.37256,0.33302876,2.405737198049183e-101,4.159392997679772e-99,False
HDAC4,21.299494,1.0007514,1.1475290007667518e-100,1.958250788321444e-98,True
Caper,21.096071,0.93467414,8.64252977697663e-99,1.45593386242914e-96,False
Gbeta13F,20.563095,0.614181,5.876149421983787e-94,9.532420173440365e-92,False
dlg1,20.515945,0.787036,1.5512359545548008e-93,2.485761029615864e-91,False
pan,20.425154,0.68111503,9.994176281520543e-93,1.5822105583033726e-90,False
Vap33,20.139585,0.73679525,3.3209976237931144e-90,5.074175439144363e-88,False
Vha16-1,19.936964,0.47731635,1.945172834185753e-88,2.9378817288736544e-86,False
ND-MLRQ,19.867018,0.8171597,7.853307726831576e-88,1.1465829281174102e-85,False
Tlk,19.275063,0.84981054,8.699582785044097e-83,1.2032896610050467e-80,False
Cdc14,19.218872,1.2233487,2.5729940166204348e-82,3.485478492617785e-80,True
para,19.19082,0.52505726,4.4161690554285506e-82,5.802846138833116e-80,False
Unr,18.741835,0.5234707,2.2570800330417486e-78,2.851733810977748e-76,False
CG4467,18.605679,0.79652375,2.890078926037214e-77,3.582607272464999e-75,False
lncRNA:noe,18.564571,0.17976621,6.218084175322834e-77,7.636039819041312e-75,False
Rdh,18.468336,0.8159595,3.713519652946535e-76,4.5181155777516175e-74,False
mRpS5,18.394281,0.81551105,1.4598278964879052e-75,1.7598292256744104e-73,False
RhoGAP93B,18.299028,0.91665274,8.423712893305105e-75,1.0062507947093554e-72,False
eff,17.972647,0.7512897,3.191241966396031e-72,3.71087782641096e-70,False
Eph,17.92488,0.94457835,7.541412046891449e-72,8.542599508289106e-70,False
PAN3,17.902363,0.8189937,1.1302214264490372e-71,1.2693256020119955e-69,False
Syn,17.889,0.7560562,1.4366497806821453e-71,1.5997947557765587e-69,False
Eip75B,17.79649,0.55386573,7.523894150525207e-71,8.307896566210187e-69,False
CG44774,17.709488,0.972021,3.542853023331467e-70,3.879424060547957e-68,False
CG33181,17.654442,0.88759,9.406013139801713e-70,1.0214463855949958e-67,False
drn,17.450813,0.8000892,3.3936907814936334e-68,3.539134672129075e-66,False
sno,17.283993,0.82130563,6.20956093748091e-67,6.276433132192243e-65,False
tow,17.257029,0.90299076,9.907847455250802e-67,9.938100424579811e-65,False
UQCR-11,17.189487,0.67085695,3.18335906186283e-66,3.1688892479452717e-64,False
ND-AGGG,17.07697,2.431953,2.202655198134129e-65,2.1761570904874025e-63,True
orb2,16.995409,0.6974863,8.88081537956596e-65,8.708501051305726e-63,False
chic,16.759031,0.8689153,4.864825494827747e-63,4.66597131401727e-61,False
cype,16.74368,0.53153735,6.297308317788801e-63,5.996132702590206e-61,False
Ac3,16.725685,0.8386337,8.5191033879887e-63,8.05331068476054e-61,False
MED21,16.626398,2.3590066,4.487753390743165e-62,4.182204223713843e-60,True
Serinc,16.617777,1.0503236,5.181890557850257e-62,4.7950733753628437e-60,True
RpL22,16.445509,1.8806514,9.032127885903524e-61,8.299451777676385e-59,True
Sema1a,16.396242,0.67192954,2.0344022648289786e-60,1.856392066656443e-58,False
Pitslre,16.267004,0.64113283,1.6923828178526945e-59,1.5336489811437523e-57,False
Calx,16.04582,1.1211884,6.1146014581159626e-58,5.428774537813766e-56,True
sty,15.90024,0.93440473,6.312261366009998e-57,5.529540956624759e-55,False
TP53INP,15.884815,0.6404865,8.07356669521061e-57,7.02560704470645e-55,False
CanA-14F,15.852859,0.6610732,1.3432972590031421e-56,1.161245130480348e-54,False
CG3009,15.828199,0.92774254,1.9882980281845888e-56,1.7075971300879407e-54,False
brat,15.824569,0.83683914,2.1063582046152756e-56,1.797243299262644e-54,False
RNaseMRP:RNA,15.7501,3.7373252,6.857268620221314e-56,5.81319417223923e-54,True
Cp110,15.624911,0.9225413,4.926031337454554e-55,4.1228058454874425e-53,False
CG32767,15.576662,0.6023196,1.0489036155518792e-54,8.723160448323855e-53,False
NdufA3,15.546101,0.71440387,1.6909320424889078e-54,1.3974117634153616e-52,False
Lk6,15.489983,0.5463939,4.053988946690063e-54,3.3086593018327592e-52,False
dtn,15.479238,0.7591924,4.79117798011115e-54,3.8861776949790435e-52,False
Neb-cGP,15.470173,0.5809131,5.51586304256689e-54,4.446530084621407e-52,False
IA-2,15.398281,0.53513813,1.680769974930122e-53,1.3466656994257198e-51,False
trv,15.258403,0.64888537,1.447484234755141e-52,1.145779689438708e-50,False
dpr7,15.2417555,0.7280426,1.8678252680473476e-52,1.469654133062404e-50,False
RpS14b,15.210025,0.8051718,3.0342780324778636e-52,2.373238889688043e-50,False
mahe,15.177546,0.7220225,4.980702599903157e-52,3.8725699504572475e-50,False
Cngl,15.176023,0.5110311,5.097699532680744e-52,3.9402218740838223e-50,False
beta-Spec,15.16925,0.74691236,5.651901095482201e-52,4.343039789160007e-50,False
Rbp,15.168088,0.6276889,5.752855772173094e-52,4.394914235253166e-50,False
mt:srRNA,15.135427,2.623417,9.456434550571126e-52,7.182517340722809e-50,True
Alat,15.079219,1.2726849,2.218775642560617e-51,1.6755581576578454e-49,True
Ca-alpha1T,15.047981,0.66557395,3.55931707477476e-51,2.67253864928802e-49,False
CG13739,15.02838,0.96122384,4.7856618604053016e-51,3.572931638961685e-49,False
jim,14.795081,0.4058664,1.575932821572311e-49,1.1633571503067507e-47,False
Lis-1,14.780698,0.66867256,1.951351191791767e-49,1.4324443944214423e-47,False
UBL3,14.738777,0.886856,3.633022647167684e-49,2.6374540101537774e-47,False
CG40045,14.684722,0.8629292,8.076440520200005e-49,5.799149094832134e-47,False
Adcy1,14.662125,0.9209379,1.126912981274054e-48,8.004127877805983e-47,False
mmd,14.439772,0.57713807,2.908054008624608e-47,2.02178992980568e-45,False
Dora,14.423464,0.56861174,3.6838313751103137e-47,2.521122097341121e-45,False
bru3,14.367294,0.62967414,8.301125487893748e-47,5.622514892315662e-45,False
glo,14.364472,0.8288659,8.64630363127092e-47,5.826278446917944e-45,False
AcCoAS,14.270551,1.1895932,3.3393035901651996e-46,2.238696386467894e-44,True
sordd1,14.248803,1.2132419,4.560273602593683e-46,3.0417256415269543e-44,True
rin,14.240807,0.6207114,5.1133111100130556e-46,3.3933791911904824e-44,False
B4,14.18747,0.8689622,1.095386079596724e-45,7.196686542950477e-44,False
CG43737,14.143122,0.60860556,2.0594114417994397e-45,1.3463018082211262e-43,False
Bacc,14.1172,0.27990097,2.97581226361384e-45,1.935751145736924e-43,False
nej,13.998868,0.6503905,1.5837226894740226e-44,1.0201037323376793e-42,False
Mnt,13.923975,0.69507724,4.529944892975456e-44,2.9035841899364634e-42,False
CG15431,13.918416,0.8893173,4.896378945524331e-44,3.1232242400092095e-42,False
CG12025,13.899186,0.7012329,6.406577329931725e-44,4.066783870304486e-42,False
hrm,13.889105,0.92201924,7.375126965735743e-44,4.6590946312388295e-42,False
sgg,13.884229,0.521093,7.894577489337356e-44,4.963385081813055e-42,False
elav,13.878231,0.5219178,8.583611469968418e-44,5.370888319780239e-42,False
Alk,13.822971,0.53980684,1.8526254970005266e-43,1.1537203332031716e-41,False
heca,13.821089,0.6136961,1.901726003113648e-43,1.178711305703459e-41,False
RpL31,13.810655,0.41297242,2.1982492974209266e-43,1.3561030877047407e-41,False
gro,13.75014,0.7898431,5.083107832918545e-43,3.12112322077335e-41,False
swm,13.586001,0.9822585,4.848560053554282e-42,2.8959126865319667e-40,False
CG40228,13.55591,0.8036417,7.309998433484918e-42,4.346306760904608e-40,False
CG32544,13.554771,1.1216811,7.424273467143839e-42,4.394367268390542e-40,True
kirre,13.472397,0.7162112,2.2736366494202268e-41,1.3397123575507525e-39,False
CG46385,13.449266,0.6736734,3.109411108273162e-41,1.8158960872315265e-39,False
Tom7,13.442034,0.70033646,3.428832128643696e-41,1.993577618158326e-39,False
Galphaq,13.439314,0.73153913,3.5572027139644685e-41,2.0500720904163646e-39,False
lola,13.385121,0.4367018,7.387626973486351e-41,4.239013905310509e-39,False
CG32369,13.297944,0.78873765,2.379206557624752e-40,1.3533668470644695e-38,False
CASK,13.280806,0.51708955,2.991564118238533e-40,1.6943600221402723e-38,False
RpS27,13.262422,0.35982922,3.823448020309614e-40,2.156227767676752e-38,False
GluRIA,13.253371,0.8453902,4.31381540827117e-40,2.422373267721503e-38,False
tna,13.20411,0.56530416,8.30755838614096e-40,4.645162433782648e-38,False
Rnf11,13.190474,0.9956904,9.95572509157271e-40,5.543145241663789e-38,False
CG44422,13.186922,0.7588145,1.0435923854712729e-39,5.785993225777437e-38,False
CHES-1-like,13.116694,0.73721224,2.6420934419641918e-39,1.4465461594753951e-37,False
Frq1,13.094309,0.4910399,3.548896900046281e-39,1.9349587247555245e-37,False
CRMP,13.063199,1.2817416,5.343410640290329e-39,2.901339496422104e-37,True
MtnA,12.976332,0.85380644,1.6667454309383797e-38,8.975834001037011e-37,False
Dhit,12.96279,0.49846962,1.9888149674236288e-38,1.0666542315080198e-36,False
Mpcp2,12.913349,0.49223834,3.7847618413073855e-38,2.005313330434639e-36,False
ox,12.79895,0.6773031,1.661825330176049e-37,8.76963246526638e-36,False
mub,12.771745,0.47791812,2.3580893224285854e-37,1.2394117478684646e-35,False
Drep2,12.737271,0.6146032,3.670057801925477e-37,1.9212971919243331e-35,False
NfI,12.732634,0.80258244,3.894778586476687e-37,2.0308488343771295e-35,False
CG10804,12.605743,0.6558612,1.9631205998138108e-36,1.0195812127096234e-34,False
COX8,12.558341,0.45844713,3.577531624727004e-36,1.8507388011383004e-34,False
csw,12.474178,0.52499074,1.0326634327834668e-35,5.3004677760838875e-34,False
Maf1,12.427857,0.632842,1.8451343580431001e-35,9.433877612718418e-34,False
AP-1gamma,12.408285,0.74949086,2.3564441636726922e-35,1.2001424926612084e-33,False
CG2865,12.358386,0.7732972,4.3887889053187733e-35,2.2180263929187957e-33,False
rl,12.321721,0.5270491,6.920170861489219e-35,3.4839480888876756e-33,False
l(3)80Fj,12.309803,0.523121,8.021870985940282e-35,4.0231826242463854e-33,False
Ubr1,12.300939,0.9217643,8.952751910878687e-35,4.456028792005528e-33,False
hrg,12.256686,0.7081201,1.5469828538321645e-34,7.641862668930316e-33,False
egh,12.255344,0.5189647,1.5728049926056204e-34,7.740321199564739e-33,False
RhoGAP71E,12.24594,0.5812292,1.766175075892116e-34,8.659530036277017e-33,False
Snap25,12.181794,0.31008923,3.8863787290436864e-34,1.8984021003581428e-32,False
Marf,12.170561,0.69287735,4.4600700942749995e-34,2.1705674458804998e-32,False
hang,12.168799,0.76442987,4.557347380701307e-34,2.2097248923400433e-32,False
shep,12.148537,0.25373766,5.840178307250584e-34,2.800727845155937e-32,False
CG42258,12.125495,0.70265657,7.739114185093022e-34,3.6978894688044477e-32,False
anne,12.121375,0.49437615,8.138194637346749e-34,3.874488316475952e-32,False
CG40498,12.116328,0.51675624,8.655099169665242e-34,4.1057040826498655e-32,False
fwe,12.108506,0.57666385,9.521269982438045e-34,4.5003412794689176e-32,False
alpha-Man-Ia,12.065867,0.77049255,1.5996870241857833e-33,7.531647810870705e-32,False
Nup153,12.0655985,0.7217281,1.6049173417380498e-33,7.531647810870705e-32,False
loaf,11.983658,0.61798286,4.327956168579274e-33,2.0166434062103422e-31,False
Hrb27C,11.963903,0.3611504,5.491852689603799e-33,2.5499273618867108e-31,False
Myc,11.933909,1.300572,7.878472019310007e-33,3.6451803638638553e-31,True
CG42450,11.8864355,0.45543355,1.3922276215730056e-32,6.3964583732410115e-31,False
CG43736,11.8705845,0.55264926,1.68288020708214e-32,7.69764492832925e-31,False
dpr10,11.870372,0.94864374,1.6871550527844932e-32,7.69764492832925e-31,False
rdgB,11.8497305,0.5541309,2.1588404503131256e-32,9.815627514572482e-31,False
GluRIB,11.84678,0.61611307,2.2362005903832919e-32,1.0132301985391882e-30,False
comt,11.78841,0.59344035,4.479189620799444e-32,2.022561911247584e-30,False
CG44838,11.775316,0.64420336,5.23205860000127e-32,2.3544263700005713e-30,False
tou,11.764675,0.5775745,5.935430171839672e-32,2.661827728941068e-30,False
bsk,11.70973,0.68119955,1.1364077068499725e-31,5.06182958237581e-30,False
HUWE1,11.634123,0.8945854,2.764171893920161e-31,1.2188328418158026e-29,False
CG5282,11.631687,1.1532823,2.8441957007859516e-31,1.2499241307132912e-29,True
Ptpmeg2,11.629421,0.5660216,2.920715869340437e-31,1.2792735507711116e-29,False
eIF4G2,11.58556,0.6323851,4.877675226122977e-31,2.1293240023673062e-29,False
hbt,11.58036,0.6873966,5.1827717872917025e-31,2.2550205723514228e-29,False
Cds,11.568749,0.7510811,5.934157174082043e-31,2.573426576483104e-29,False
Arf1,11.563772,0.5635447,6.288468554142283e-31,2.7181077895207107e-29,False
Pkc53E,11.441728,0.5127704,2.5868257512920916e-30,1.1071951261230646e-28,False
Socs36E,11.433602,0.6384134,2.8407297055164618e-30,1.2119216990417632e-28,False
P5CDh1,11.421035,0.64734787,3.2830227317974564e-30,1.3960815111915397e-28,False
MFS17,11.411787,0.5240614,3.651498926746265e-30,1.5477643837885782e-28,False
Cka,11.361346,0.66863364,6.51327872086031e-30,2.743092384362323e-28,False
RASSF8,11.357494,0.6392667,6.806937144341674e-30,2.857608756442479e-28,False
CG31360,11.343421,1.5997281,7.995621452168915e-30,3.345938403869412e-28,True
REPTOR-BP,11.3411875,0.80757874,8.202363552994702e-30,3.4215573678206474e-28,False
VhaPPA1-1,11.337356,0.5818325,8.569504433617987e-30,3.563395198029758e-28,False
Gprk1,11.33371,0.46767265,8.933892986917047e-30,3.7031972822741324e-28,False
Galphao,11.329609,0.45222193,9.362189864312243e-30,3.8685275099705303e-28,False
Con,11.297986,0.5240004,1.3426227766961993e-29,5.530427362316006e-28,False
Rap2l,11.231754,0.81289124,2.8476725851019915e-29,1.1693255552575054e-27,False
Pdk1,11.222147,0.8383856,3.174668014613601e-29,1.2995370003745395e-27,False
UbcE2H,11.213939,0.73635393,3.4834025534110753e-29,1.4214878742801717e-27,False
REPTOR,11.207163,0.596063,3.760564367315227e-29,1.5298394980347393e-27,False
Deaf1,11.201783,0.67865646,3.9960892731685334e-29,1.620636205229461e-27,False
Ca-alpha1D,11.174432,0.5060046,5.43973120695257e-29,2.1993251710571317e-27,False
CG32683,11.169638,0.988875,5.741453416729939e-29,2.314193186988693e-27,False
Psi,11.133667,0.6202862,8.602210401331803e-29,3.456668032828743e-27,False
jef,11.132228,0.5624879,8.742285670712717e-29,3.502244930279424e-27,False
Pli,11.115028,0.7444906,1.060172272615077e-28,4.2342442742134076e-27,False
28SrRNA-Psi:CR40596,11.111529,2.6250534,1.102544588216128e-28,4.390132087624219e-27,True
mAcon1,11.1049385,0.7315764,1.1869921618178535e-28,4.712107856884167e-27,False
onecut,11.093822,0.50773764,1.3441972751838202e-28,5.304129788563182e-27,False
Rbp9,11.082202,0.48536327,1.5306160864503477e-28,6.021645322142985e-27,False
Cdc42,11.047786,1.5941844,2.246895666479383e-28,8.786966981410443e-27,True
Rap1,11.0275135,0.48579356,2.815421108745472e-28,1.0977636014514985e-26,False
unk,11.01487,0.728891,3.240043105894526e-28,1.259590722232369e-26,False
CG14853,10.996849,0.76478046,3.957201526653486e-28,1.5338533351099353e-26,False
Cipc,10.980582,0.6064109,4.738618576690976e-28,1.82596621987447e-26,False
nAChRalpha6,10.913904,0.44744453,9.891533199831406e-28,3.8004311767773295e-26,False
Bili,10.906526,0.94452626,1.0727889739675016e-27,4.1097513463361433e-26,False
CG42337,10.883133,0.59249884,1.3871172561713628e-27,5.298465333166194e-26,False
ND-MWFE,10.868189,0.5001866,1.6341178871150217e-27,6.223857691794605e-26,False
Sap47,10.846216,0.27488115,2.0785325248092464e-27,7.893617738726445e-26,False
RpS21,10.819597,0.38868785,2.7799548313044704e-27,1.0526975931798484e-25,False
CG13375,10.810384,1.1215756,3.0738037454249613e-27,1.160625896979425e-25,True
Frq2,10.769334,0.6508906,4.804663364816282e-27,1.8089764072689382e-25,False
Gprk2,10.735648,0.47496155,6.923156969487734e-27,2.5917459424236134e-25,False
Atg8a,10.731557,0.40296233,7.23662052144963e-27,2.701397546927504e-25,False
CG42402,10.728832,0.5766628,7.453189298130028e-27,2.774359982363416e-25,False
Nep3,10.727679,1.0069857,7.546802297634519e-27,2.8012706833592536e-25,True
RhoGAPp190,10.685016,0.43861303,1.1962839915950897e-26,4.427935675932248e-25,False
Rab3-GEF,10.677294,0.57448715,1.3000695024137333e-26,4.798571140931588e-25,False
mir-9381,10.658637,1.8602356,1.5890890713985923e-26,5.832578323513269e-25,True
CG43347,10.647089,0.5972771,1.799027440933871e-26,6.584741106927874e-25,False
Crk,10.625375,0.6940406,2.2709924665577335e-26,8.289122502935728e-25,False
Snx27,10.614631,0.86151564,2.547998848317062e-26,9.27443348113191e-25,False
CG31221,10.586484,0.48266396,3.4428214534268603e-26,1.2496871242549432e-24,False
sbr,10.581977,0.9277608,3.6125308771256665e-26,1.307676466265324e-24,False
Hipk,10.56862,0.46319288,4.165790440986954e-26,1.4996845587553035e-24,False
CG17698,10.53934,0.5798489,5.689674671530344e-26,2.0426864804346644e-24,False
mtgo,10.534175,0.4818485,6.010830757299722e-26,2.152106707109492e-24,False
lncRNA:CR45102,10.520388,1.2565856,6.9586618464589e-26,2.4779625111780473e-24,True
Eip78C,10.499883,0.98167765,8.648723405440376e-26,3.071465555337474e-24,False
Taf4,10.481692,0.8265028,1.0485044943899572e-25,3.713571174200549e-24,False
side-VI,10.476213,0.47355148,1.1110331057566099e-25,3.913934318938835e-24,False
igl,10.467132,0.44302812,1.2229211673771305e-25,4.2965732992875655e-24,False
nAChRalpha5,10.4550085,0.36395136,1.3898582875444794e-25,4.866240142579731e-24,False
heph,10.454831,0.4551749,1.3924705430821759e-25,4.866240142579731e-24,False
CG17124,10.450755,0.5033053,1.4536251575922382e-25,5.0530779287730184e-24,False
nAChRalpha4,10.444671,0.4956673,1.5499203785699988e-25,5.359461519581522e-24,False
CG8671,10.411885,0.4673495,2.1884344126708408e-25,7.547513958660065e-24,False
Pp2C1,10.391415,0.6662545,2.712976842100027e-25,9.332072174134647e-24,False
Rab21,10.385905,1.3503221,2.874286698202602e-25,9.861129820987517e-24,True
Vsp37A,10.38194,1.132263,2.9962439980441155e-25,1.0252772430807208e-23,True
nebu,10.329076,0.73009986,5.205966247044177e-25,1.767607144345232e-23,False
hwt,10.317653,0.45644805,5.863910082759952e-25,1.9858705795738598e-23,False
Appl,10.2971945,0.2971375,7.254632809668753e-25,2.444253208180703e-23,False
CG45002,10.293564,0.5899587,7.533512712865695e-25,2.5317226866254536e-23,False
ari-1,10.27867,0.5195994,8.793267554027483e-25,2.947539174997988e-23,False
E(Pc),10.277008,0.580703,8.946177476238898e-25,2.991164682895143e-23,False
tty,10.273849,0.5158185,9.244180879170564e-25,3.0829577855914014e-23,False
CG42594,10.261183,0.6625016,1.05407702230629e-24,3.506473942558139e-23,False
CG31635,10.234867,0.5103499,1.3838492440013686e-24,4.5918634005499955e-23,False
Spred,10.220194,0.44735965,1.6101861001610463e-24,5.329432079626234e-23,False
ckn,10.214239,0.74452007,1.712169331321154e-24,5.652739953155769e-23,False
Hers,10.182409,0.48889622,2.376051634310943e-24,7.824891848332279e-23,False
SPR,10.180448,0.8481077,2.4244381394767178e-24,7.964279288181019e-23,False
Lamp1,10.17782,0.5214725,2.4907815292472542e-24,8.161812791598234e-23,False
l(3)neo38,10.158072,0.46206087,3.050487870345012e-24,9.970997665754591e-23,False
Eip63E,10.151342,0.4468461,3.2683735559152493e-24,1.0656682016061136e-22,False
Unc-76,10.128268,0.49270338,4.13914672694029e-24,1.342923160296183e-22,False
numb,10.125772,0.5281279,4.246110130424955e-24,1.3742336727532983e-22,False
stai,10.117676,0.37719086,4.612402587070071e-24,1.489114741869797e-22,False
SKIP,10.111982,0.5600529,4.8884829557845095e-24,1.5743790695835406e-22,False
AGO2,10.095121,0.9369248,5.805892124218692e-24,1.8652670540888415e-22,False
Tsp66E,10.053434,0.47985777,8.872017667484856e-24,2.8364552834732605e-22,False
C3G,10.048797,0.68364507,9.299641992282649e-24,2.9659537810338353e-22,False
mamo,10.0479145,0.44476032,9.383184711499565e-24,2.985352230244656e-22,False
hts,9.963453,0.53467584,2.2027530346994134e-23,6.99134658839379e-22,False
CG6966,9.920965,0.5763744,3.3747665975396945e-23,1.0648938962682043e-21,False
side-VII,9.920827,0.8040768,3.3794577986593696e-23,1.0648938962682043e-21,False
Asator,9.917833,0.47083095,3.4823427206269227e-23,1.0946885968669322e-21,False
pAbp,9.910064,0.33023402,3.764043483874058e-23,1.1804184099786426e-21,False
CG3726,9.894355,0.69229335,4.4043907715963975e-23,1.3779451128280158e-21,False
CG17883,9.890439,0.5469539,4.580140460730778e-23,1.429526025035687e-21,False
Rbp1-like,9.8776045,0.32655883,5.206280427829233e-23,1.6211024839259746e-21,False
CG32772,9.865125,0.66266245,5.89610015387219e-23,1.8315545158837016e-21,False
CG31998,9.86176,0.5530213,6.097115317381445e-23,1.8895305488300045e-21,False
Ank2,9.847247,0.35561335,7.044681067462204e-23,2.178049628857726e-21,False
Polr2K,9.838007,1.3092026,7.722569935328832e-23,2.3764536053915892e-21,True
slo,9.836816,0.37249687,7.814530005698543e-23,2.39913374474016e-21,False
CG9932,9.820795,0.504311,9.161811126555324e-23,2.8062050863155463e-21,False
vsg,9.811803,0.85707486,1.0016325426525562e-22,3.0608027001057184e-21,False
Spar,9.802099,0.621914,1.1026951548903767e-22,3.354031096124896e-21,False
Ca-beta,9.795569,0.6031509,1.1763232706945857e-22,3.569720040860706e-21,False
CG9674,9.794996,0.45771065,1.1830164472229034e-22,3.5817594738499885e-21,False
SK,9.788107,0.40951514,1.2664429606597708e-22,3.825531150130894e-21,False
sxc,9.777099,0.5780525,1.412004920469462e-22,4.245708159031746e-21,False
G9a,9.77316,0.4940775,1.4680035101970033e-22,4.40401053059101e-21,False
CG7781,9.771047,0.3992651,1.498960097816844e-22,4.486636830367501e-21,False
RSG7,9.764484,0.45366043,1.5992391932344657e-22,4.775909772522927e-21,False
CG13364,9.752554,0.6247106,1.7988406563482408e-22,5.359810935241697e-21,False
chrb,9.751798,0.3848884,1.8122988066591257e-22,5.387693737443646e-21,False
CG40191,9.7127,0.643983,2.661900771166645e-22,7.895570233212125e-21,False
tay,9.708797,0.541626,2.765798669868011e-22,8.185269036501276e-21,False
Rtnl1,9.707636,0.34315485,2.7975086757618887e-22,8.260508763935106e-21,False
CG32982,9.702431,0.8250862,2.943998238634407e-22,8.673573286021549e-21,False
yrt,9.690097,0.6326345,3.3221266218586785e-22,9.765714499155042e-21,False
CG34250,9.683209,0.8375429,3.553800369321711e-22,1.042342340466234e-20,False
Pka-R2,9.676348,0.4474923,3.8004975849194285e-22,1.1122168878806522e-20,False
CG1275,9.667758,1.7387062,4.13335363648986e-22,1.2069392618550393e-20,True
AP-2mu,9.637319,1.2775072,5.562175030366248e-22,1.6169685818365597e-20,True
Dyb,9.629216,0.55440927,6.018678950162516e-22,1.7458154835570743e-20,False
mura,9.610711,0.42697462,7.204999359056088e-22,2.0853236030395812e-20,False
larp,9.593993,0.46097317,8.474000377094772e-22,2.4472168121983584e-20,False
unc-119,9.580761,0.43897834,9.633211422680141e-22,2.775885923114409e-20,False
Sf3b5,9.571881,1.4057643,1.0497732928196098e-21,3.018385353971482e-20,True
capu,9.571114,0.52293295,1.0576067194955388e-21,3.034269059862747e-20,False
nAChRalpha3,9.56932,0.51277655,1.0761162790319741e-21,3.0806466027189844e-20,False
Tm1,9.528816,0.44141516,1.590861875514072e-21,4.544331531359762e-20,False
CG8245,9.52279,0.6034189,1.685904687804941e-21,4.8053769192531286e-20,False
CG16711,9.505896,0.44309044,1.98334670522006e-21,5.640947122638871e-20,False
Rgk1,9.500779,0.86554056,2.0832536356826687e-21,5.912300814874788e-20,False
Cbp53E,9.499213,0.42979288,2.114821062237108e-21,5.988954473662844e-20,False
AP-2alpha,9.460537,0.47822076,3.0636680859530285e-21,8.638755074983432e-20,False
CG11768,9.449108,1.6167573,3.4172896999301584e-21,9.59469800365006e-20,True
mrva,9.442993,0.5237517,3.62280459625213e-21,1.0150032493550743e-19,False
wdb,9.441191,0.3712957,3.68567142128785e-21,1.0304196271430287e-19,False
mtd,9.413008,0.35286832,4.821384796515355e-21,1.3450742298558762e-19,False
lawc,9.395235,0.6632185,5.70903747796656e-21,1.5893379758576398e-19,False
CG32206,9.38767,0.5233478,6.134243187438408e-21,1.7041005387513886e-19,False
CG9813,9.381103,0.4579655,6.528660751961619e-21,1.8098439299741703e-19,False
raskol,9.337919,0.53639805,9.824596032172758e-21,2.717793512900001e-19,False
cic,9.275712,0.39107025,1.7643711002379265e-20,4.850174949189614e-19,False
hzg,9.272603,1.1957623,1.8165666867683006e-20,4.983233040529326e-19,True
CG46301,9.265302,0.8092294,1.9452623375584568e-20,5.325155649066276e-19,False
CG14464,9.26397,0.5957625,1.9696862744728012e-20,5.380806163528608e-19,False
Syx6,9.246493,0.50766295,2.3197838408653745e-20,6.324058022608096e-19,False
Eip93F,9.223701,0.5024988,2.8702062205313694e-20,7.808387109271676e-19,False
Ten-m,9.213953,0.5006663,3.14331412165386e-20,8.533708173250354e-19,False
luna,9.181982,0.53386444,4.232277726478927e-20,1.1442824964183766e-18,False
bun,9.160269,0.2983398,5.1768056704550264e-20,1.3967808318229786e-18,False
PlexA,9.154376,0.40670836,5.467278884859951e-20,1.4721320603905687e-18,False
CG5934,9.148662,1.1855216,5.764347818868334e-20,1.5476975337588563e-18,True
Rab5,9.148528,0.42327046,5.771474821475187e-20,1.5476975337588563e-18,False
EcR,9.147902,0.44997424,5.805033405113304e-20,1.5535262513887744e-18,False
Syt7,9.060434,0.3549163,1.29932068990662e-19,3.46309814713448e-18,False
CG32085,9.055043,1.4193462,1.365140964100854e-19,3.6311644267783845e-18,True
RhoGAP100F,9.036905,0.3950827,1.6116988682765396e-19,4.278327904879542e-18,False
Tim17b,9.02502,0.411682,1.7966238904920863e-19,4.759604419569761e-18,False
milt,9.023745,0.48008814,1.8176683299869041e-19,4.805666369422116e-18,False
Syt4,9.017407,0.37695536,1.925937922281246e-19,5.071507875506126e-18,False
ukar,8.983983,0.38870358,2.611374782439186e-19,6.862692928250182e-18,False
Polr2A,8.961022,0.6560433,3.2168161167109073e-19,8.4369189168825e-18,False
Pits,8.959151,0.3379589,3.271858298847005e-19,8.56418686192224e-18,False
Kcmf1,8.949472,1.137267,3.5718449231955776e-19,9.330823517055644e-18,True
mRpL33,8.937805,0.89152354,3.969773413002293e-19,1.0349766398184549e-17,False
Cals,8.922339,0.37718502,4.565422031122406e-19,1.1879137720583845e-17,False
CG40472,8.911083,2.9435828,5.05361582396083e-19,1.3123421329416068e-17,True
Dmtn,8.843644,0.6673891,9.264645594672041e-19,2.3964063605116266e-17,False
Met,8.830975,0.56127703,1.0376726881562574e-18,2.6787856821951317e-17,False
Pat1,8.820598,0.7220833,1.1385046300375024e-18,2.9333236938613297e-17,False
CG42346,8.809859,0.7178196,1.253032013091379e-18,3.2220823193778313e-17,False
St3,8.799046,0.55147004,1.3798486910184177e-18,3.5412523046839853e-17,False
CG17528,8.779174,0.87964666,1.6467965945566856e-18,4.21811057553116e-17,False
ben,8.766221,0.39237514,1.8476363787618402e-18,4.72333502274914e-17,False
Glut4EF,8.760446,0.30189753,1.9447960899225083e-18,4.9620622566178174e-17,False
Tmtc1,8.742762,0.5308353,2.274799432245409e-18,5.792803205369123e-17,False
Akap200,8.740343,1.0190116,2.3240302442521156e-18,5.906722903186228e-17,True
ChT,8.738724,0.8444136,2.357576565514613e-18,5.980416229896142e-17,False
aqz,8.725407,0.111162454,2.6522641332911066e-18,6.702067444508681e-17,False
CG10465,8.720518,0.773324,2.769316156325015e-18,6.984417330923359e-17,False
CG42788,8.685796,0.7023446,3.761016214037819e-18,9.46738564223313e-17,False
hth,8.666135,0.40444866,4.470392275710462e-18,1.1210105821151807e-16,False
pHCl-1,8.661897,0.43849283,4.639794308730477e-18,1.159170934043632e-16,False
Swip-1,8.661886,0.7648931,4.640212414816975e-18,1.159170934043632e-16,False
sdt,8.638241,0.34826773,5.708520695720021e-18,1.4206432185939598e-16,False
beat-Ic,8.624293,0.5010419,6.4489744970483454e-18,1.6018813779057705e-16,False
nocte,8.618397,0.36019966,6.7898075927832174e-18,1.6833598447013487e-16,False
Ubc6,8.610674,0.5462392,7.26322110268786e-18,1.797339459309199e-16,False
veli,8.6037,0.6514396,7.718697558621355e-18,1.902883413138548e-16,False
mgl,8.598376,0.75009453,8.085175899661879e-18,1.9894983393550016e-16,False
Rga,8.594813,0.53145957,8.340058962477863e-18,2.048380836765591e-16,False
Polr2L,8.58758,0.754399,8.882047343723938e-18,2.1774272779203834e-16,False
uzip,8.586983,0.8911172,8.928330429325494e-18,2.1825860807037587e-16,False
caz,8.58688,1.7812612,8.936311350217825e-18,2.1825860807037587e-16,True
PlexB,8.584754,0.40143922,9.103106836876775e-18,2.2191989580066942e-16,False
CG1607,8.565065,0.87592214,1.080143078605635e-17,2.6283481579403785e-16,False
Mnr,8.55793,0.74715996,1.1491204720601753e-17,2.791024584634141e-16,False
lncRNA:CR45758,8.556052,0.6720368,1.1679817687425547e-17,2.831601557431212e-16,False
Kap-alpha3,8.550605,0.530406,1.2244552569030943e-17,2.9630464227820737e-16,False
PI31,8.520955,0.52444553,1.5824329067141326e-17,3.8082725996746705e-16,False
CG18508,8.514495,0.69105834,1.6731741250228234e-17,4.019288483144405e-16,False
CG2991,8.513362,1.145719,1.689612104082549e-17,4.0513691692782294e-16,True
Mhcl,8.500036,0.62545556,1.8953211408432997e-17,4.536342402674127e-16,False
Reph,8.499466,0.36214504,1.904649670295971e-17,4.550381212307101e-16,False
Fas1,8.484821,0.32275212,2.1604985700640903e-17,5.152259747847939e-16,False
EMC10,8.4626665,0.51596266,2.613312169778766e-17,6.220819186755976e-16,False
CG8668,8.453837,0.57109696,2.818829599799599e-17,6.697906137679337e-16,False
Gug,8.433262,0.36001483,3.3616088434156826e-17,7.973202202614091e-16,False
mam,8.431138,0.54534656,3.4231991333955695e-17,8.104655245552754e-16,False
CG17724,8.424343,2.3556988,3.6278014093370637e-17,8.573616999764211e-16,True
jvl,8.4174795,0.4669395,3.846704046400857e-17,9.074630371581195e-16,False
Mlc-c,8.4164,1.0374892,3.882316314472669e-17,9.142228740532415e-16,True
CG12531,8.413006,0.38914892,3.996362904142574e-17,9.393955019755531e-16,False
COX7B,8.373219,0.28604236,5.606570110668956e-17,1.3131966355470604e-15,False
Flo2,8.367969,0.48726937,5.861996471705143e-17,1.3705806697189604e-15,False
gce,8.346582,0.41400677,7.026656299243431e-17,1.6399691611378098e-15,False
cindr,8.343226,0.34850693,7.229076300347556e-17,1.6842209678469304e-15,False
InR,8.340979,0.47171816,7.367811115768197e-17,1.7135050984282144e-15,False
CaMKII,8.323333,0.2315809,8.552416900969425e-17,1.9854904254194036e-15,False
CG14440,8.309325,0.6175729,9.62481131211389e-17,2.2265848704432486e-15,False
CG32795,8.29535,0.80040973,1.0826615074964091e-16,2.500206012039159e-15,False
Zyx,8.280596,0.42921847,1.225603433868345e-16,2.8253384422859743e-15,False
Syt1,8.233544,0.24152307,1.8175358148911571e-16,4.167961711635219e-15,False
CG44242,8.221204,0.36790282,2.0146994433785336e-16,4.612047157838664e-15,False
olf413,8.215457,0.4576525,2.113583341199844e-16,4.80780764027113e-15,False
beat-IIIc,8.2153845,0.5028361,2.1148499361314405e-16,4.80780764027113e-15,False
Syngr,8.206548,0.51136255,2.276387293784097e-16,5.166101734079972e-15,False
Sirt1,8.191606,0.37842605,2.5776363584740144e-16,5.829628528459303e-15,False
Wbp2,8.16871,0.7674366,3.1170437083034737e-16,7.0253781007045705e-15,False
eIF4H1,8.153253,0.468068,3.5426412904440063e-16,7.970942903499013e-15,False
CadN,8.149641,0.3567915,3.650052645819575e-16,8.198579789071661e-15,False
CG42376,8.118115,0.8656939,4.734771720022279e-16,1.0562801426331535e-14,False
lncRNA:CR44024,8.111751,0.7492875,4.989572463557842e-16,1.1112369859516957e-14,False
Tango11,8.106375,0.9022354,5.215261926097623e-16,1.159535392705969e-14,False
Nmdar2,8.105049,0.46694058,5.272403117342084e-16,1.1702597459776177e-14,False
mrj,8.098575,0.7264369,5.560684637248954e-16,1.2321651961796164e-14,False
aPKC,8.093782,0.39485687,5.784006809802436e-16,1.2794924155017509e-14,False
CG31211,8.07945,0.45539257,6.505982732056696e-16,1.436783413432353e-14,False
Glut1,8.075254,0.364501,6.733613097805341e-16,1.4845583239121172e-14,False
AstC-R2,8.068029,1.0100863,7.144162174030071e-16,1.5724336845352617e-14,True
CG10098,8.045202,0.6026543,8.61029641484045e-16,1.8919614530268148e-14,False
lncRNA:CR45333,8.026904,3.6400592,9.996328538231745e-16,2.1891959498727523e-14,True
shot,8.01874,0.37534833,1.0683561928773033e-15,2.3358070506502105e-14,False
sm,8.016702,0.2644299,1.0862290847283191e-15,2.3709385669983575e-14,False
CG11030,8.001273,0.5225916,1.2313938319059627e-15,2.6833358128100083e-14,False
CG5746,7.9986253,0.3917874,1.2581601555517266e-15,2.737123252309551e-14,False
LPCAT,7.9794917,1.010152,1.4693737861079026e-15,3.186067912451789e-14,True
Cip4,7.9688163,0.39932647,1.6020129926815818e-15,3.467949048407905e-14,False
upSET,7.966949,0.33795416,1.6263970152425845e-15,3.514943549389401e-14,False
cdm,7.9619837,1.0526859,1.6930272800602458e-15,3.6529357077161955e-14,True
CG9132,7.960796,0.51878405,1.7093614310815299e-15,3.682132656460869e-14,False
CG13751,7.9499974,0.8387924,1.865152051375761e-15,4.011145328163257e-14,False
glec,7.930903,0.34729314,2.1755780804436046e-15,4.671094113893621e-14,False
kuz,7.927326,0.3853429,2.23914987018816e-15,4.791926595158375e-14,False
Shab,7.9251747,0.35755584,2.2782615093291967e-15,4.8677002004204304e-14,False
tipE,7.9178267,0.4251608,2.4169791416183646e-15,5.1556990131274857e-14,False
CG32264,7.909789,0.30055147,2.5782525002676794e-15,5.490800300407991e-14,False
Desat1,7.9083447,0.41314292,2.6083407621853226e-15,5.545889581733841e-14,False
psq,7.8956327,0.33198997,2.8884628160951597e-15,6.13156727035386e-14,False
CG33170,7.8902564,0.37462938,3.0156588378044072e-15,6.391251149798373e-14,False
CG13404,7.8783765,1.5295659,3.3166206885997992e-15,7.006494509357132e-14,True
lncRNA:CR40469,7.8395205,0.86145204,4.522711064694193e-15,9.508547742413071e-14,False
Stat92E,7.8346887,0.5091418,4.7000669629631316e-15,9.865635765708554e-14,False
Diap1,7.8340054,0.37064,4.725680287376236e-15,9.903578784070772e-14,False
Smox,7.827666,0.3934007,4.970108667605594e-15,1.0399240110244826e-13,False
nAChRalpha1,7.8195972,0.35362577,5.2992528215504e-15,1.1070299217038515e-13,False
Amph,7.8126483,0.5570362,5.599863705322663e-15,1.167971572824441e-13,False
ed,7.8103256,0.51191986,5.704033896749315e-15,1.1878130808761646e-13,False
Rgl,7.788743,0.67749715,6.76792162807102e-15,1.4071280093805885e-13,False
unc-13-4A,7.7833614,0.4870384,7.0622408880875905e-15,1.4660007151575188e-13,False
FoxP,7.7816725,0.34526926,7.157208761199763e-15,1.4810350097978723e-13,False
lig,7.778554,0.7770796,7.335832458160289e-15,1.5156106682425502e-13,False
mtt,7.744894,0.965525,9.566173553598764e-15,1.973304874321629e-13,False
flfl,7.7258816,0.5157246,1.110818278393684e-14,2.283439393308388e-13,False
Glyp,7.7257257,0.63050824,1.112177482281102e-14,2.283439393308388e-13,False
exd,7.7216234,0.40590462,1.1485750338733063e-14,2.3544892270039383e-13,False
Shaw,7.7093186,0.4704132,1.2649121302389716e-14,2.58868708118043e-13,False
Src42A,7.709132,0.72127753,1.2667623996948377e-14,2.58868708118043e-13,False
Imp,7.6954756,0.8202436,1.4096904444097856e-14,2.87629385707214e-13,False
mRpS21,7.689709,0.6408232,1.474699421459045e-14,3.00427137953052e-13,False
Ptp99A,7.684787,0.30522758,1.5325223833719725e-14,3.117235931502743e-13,False
Clamp,7.680836,1.119751,1.580533852403621e-14,3.204971422929565e-13,True
wry,7.668583,0.35033792,1.7390671784448785e-14,3.521008124000879e-13,False
kcc,7.6543274,0.34196827,1.9432673268362352e-14,3.928389642250482e-13,False
Tom20,7.6457934,0.378824,2.076608810592481e-14,4.1914961246060216e-13,False
rdx,7.622716,0.3509251,2.4839267047627674e-14,4.998284364560913e-13,False
Rer1,7.610511,1.2900369,2.7301456375721853e-14,5.485338482828519e-13,True
Actbeta,7.605118,0.451027,2.846447165765021e-14,5.701572524108594e-13,False
Cow,7.6019683,0.3222359,2.9165997176921443e-14,5.833199435384288e-13,False
fmt,7.565979,0.44399482,3.8495420353052986e-14,7.687383334940976e-13,False
fz2,7.565026,0.44878206,3.8778803808905035e-14,7.732222792852991e-13,False
pros,7.564026,0.3998922,3.907812697302173e-14,7.780099824628872e-13,False
jeb,7.55809,0.36547133,4.090299230231034e-14,8.118811463026554e-13,False
CG11360,7.55496,0.3807315,4.189890353305587e-14,8.303945587094331e-13,False
CG7582,7.5475693,1.1856403,4.434567151217573e-14,8.775634392620317e-13,True
CG13603,7.5362644,1.3221774,4.8362596088060834e-14,9.55615808416721e-13,True
Src64B,7.5275645,0.7891697,5.169554427826403e-14,1.0187837070748194e-12,False
kis,7.5275164,0.32571107,5.171451542000796e-14,1.0187837070748194e-12,False
Syn1,7.5116706,0.46776634,5.83775317833472e-14,1.1483245024448836e-12,False
amon,7.510666,0.3485183,5.88273526044709e-14,1.1554430690922984e-12,False
Motor,7.499722,0.38589683,6.395329404264284e-14,1.2542481846572044e-12,False
Arf4,7.479866,0.46297744,7.439841764607394e-14,1.4525931766261688e-12,False
Rala,7.475128,0.61134845,7.712852410994793e-14,1.503662918107887e-12,False
CG2765,7.4613123,1.1769475,8.566480152738522e-14,1.6676081363997657e-12,True
CG1677,7.4594913,0.32863113,8.685710933455474e-14,1.6883171844024398e-12,False
CG34370,7.448385,0.56645614,9.448978279868583e-14,1.8339671284708002e-12,False
Rbcn-3A,7.4460964,0.6863435,9.614244784386564e-14,1.863291688301467e-12,False
gol,7.4378004,0.49257088,1.0237548174983327e-13,1.9811691166315305e-12,False
Clic,7.4332085,1.143915,1.0599473036587838e-13,2.0481922897171204e-12,True
CG17508,7.4328885,0.584659,1.0625162126219041e-13,2.050141414662529e-12,False
chn,7.432,0.31655887,1.069678066520201e-13,2.060933987401091e-12,False
PDZ-GEF,7.421027,0.6220236,1.1621557033135628e-13,2.235831030972213e-12,False
Tmtc2,7.397241,0.40820518,1.3904282333585059e-13,2.667186421362156e-12,False
Lztr1,7.3944206,1.0057077,1.4202624042288586e-13,2.720444313639534e-12,True
RhoGEF3,7.3786054,0.36182085,1.5995594528403092e-13,3.050538637201983e-12,False
cac,7.3655806,0.28980768,1.763777343832665e-13,3.3540277392311694e-12,False
Bet3,7.3655787,1.3383278,1.7637999755013228e-13,3.3540277392311694e-12,True
Ccm3,7.3538713,0.5217062,1.9254681385776884e-13,3.656163488570928e-12,False
Rbfox1,7.3332725,0.26015982,2.24599323318025e-13,4.258636520056058e-12,False
tinc,7.327522,0.6359318,2.344476189646459e-13,4.438965004604391e-12,False
Fer1HCH,7.312932,0.29709736,2.6137481385381297e-13,4.94167633674691e-12,False
MsrA,7.291024,1.2508934,3.076078784721839e-13,5.807424602190369e-12,True
C1GalTA,7.2822576,0.50938594,3.282801239199247e-13,6.18881037059944e-12,False
CG32017,7.276544,0.31031466,3.4248026161816086e-13,6.443513382811917e-12,False
CG5412,7.276429,1.5979922,3.427713740171636e-13,6.443513382811917e-12,True
Sara,7.2515073,1.1594509,4.121594538504297e-13,7.703805438968202e-12,True
l(1)G0196,7.249852,0.3749996,4.172273137131845e-13,7.787452986067108e-12,False
CG31729,7.234994,0.76185584,4.655505142032917e-13,8.652522993820725e-12,False
Cul1,7.2215014,0.52521974,5.141669715631354e-13,9.542590404434463e-12,False
Tom5,7.218797,0.3952209,5.244944618834235e-13,9.72053205803693e-12,False
gw,7.2006288,0.31117553,5.993556533810171e-13,1.1092300402009248e-11,False
Hsc70-4,7.2002726,0.3207553,6.009226871805735e-13,1.1105659788400473e-11,False
Mid1,7.1839356,0.30888042,6.773275864462577e-13,1.2500118659977282e-11,False
CG30428,7.168304,0.44541106,7.593266338590784e-13,1.3993761527220604e-11,False
wrd,7.1577196,0.37384388,8.203025566295888e-13,1.507521062113678e-11,False
bves,7.153834,0.46823296,8.438705003027157e-13,1.546507444069412e-11,False
capt,7.146105,1.229285,8.927504357507705e-13,1.6338079005243906e-11,True
Sams,7.129023,0.3664398,1.0108381852930336e-12,1.8447796881597864e-11,False
CG14442,7.1286106,0.3138121,1.0138715546274502e-12,1.8477492687662547e-11,False
MtnF,7.1060724,0.4531967,1.1939174395817831e-12,2.1668612094067168e-11,False
LIMK1,7.105379,0.53059006,1.1999255428405454e-12,2.1747616045413472e-11,False
AGO1,7.1049137,0.29047495,1.2039772577686393e-12,2.179099334308529e-11,False
Nf1,7.100643,0.435062,1.2417746938183013e-12,2.24441808483803e-11,False
Wee1,7.089278,0.78318554,1.3481303626726294e-12,2.433301231527246e-11,False
Yeti,7.088736,0.28586018,1.3534254645753713e-12,2.4395076275062248e-11,False
ND-49,7.0884705,0.32923615,1.3560219752824301e-12,2.4408395555083745e-11,False
CG17931,7.078222,0.6762091,1.460160605520064e-12,2.6246936192248483e-11,False
CG34384,7.068789,0.35798144,1.562914323525478e-12,2.8055593184596695e-11,False
CG1812,7.06508,1.0126535,1.6052333007814279e-12,2.877594211769163e-11,True
Pgant9,7.060354,0.41152093,1.660784048598024e-12,2.9690751562691205e-11,False
sau,7.0584955,0.42104015,1.6831471744487489e-12,3.00088926353549e-11,False
CG2225,7.053236,0.40376678,1.7480398967188452e-12,3.112363718548188e-11,False
MICU3,7.050097,0.54388005,1.787931491650709e-12,3.1790825169540346e-11,False
NetB,7.0452514,0.43032023,1.8512683853963564e-12,3.2872522410956926e-11,False
d4,7.034234,0.3919963,2.0035856234577353e-12,3.552917016495903e-11,False
Hcf,7.0278344,0.37004748,2.097635563033652e-12,3.709681197612677e-11,False
Ehbp1,7.008759,0.4392914,2.4044136847465298e-12,4.2465048141894356e-11,False
svr,7.006356,0.3193348,2.446053346228365e-12,4.3142471099920423e-11,False
Dek,7.000179,0.31210664,2.556361415511322e-12,4.5027599195467524e-11,False
CG42748,6.9738135,0.35455018,3.0846276736582826e-12,5.4259715705314367e-11,False
eIF4B,6.972619,0.3205323,3.11094534638357e-12,5.464949445385041e-11,False
Blimp-1,6.968708,0.4120541,3.198649432615544e-12,5.61151582704516e-11,False
Rab8,6.95989,0.62361676,3.4053881196515075e-12,5.966239985629441e-11,False
FucT6,6.9565506,1.756027,3.4870507138765547e-12,6.10117794678268e-11,True
Pde6,6.9533687,0.30549824,3.5666474449385324e-12,6.232147264161212e-11,False
CG34353,6.948373,0.4189086,3.695238190979069e-12,6.448264253581005e-11,False
CG10011,6.9480286,0.31858546,3.704258243140409e-12,6.455431474120024e-11,False
EMC8-9,6.93614,0.46874925,4.029582661353153e-12,7.013074989427872e-11,False
CG43867,6.931233,0.3103249,4.171885275558437e-12,7.251133931327759e-11,False
ths,6.915495,0.38178393,4.662327051710087e-12,8.08218699993015e-11,False
frj,6.9030895,0.83903766,5.088358218863602e-12,8.797503552087859e-11,False
syd,6.902545,0.46059328,5.107898928895319e-12,8.819683564478909e-11,False
put,6.900977,0.580592,5.164598026226234e-12,8.905881635775947e-11,False
CG2186,6.9006643,0.5995181,5.17599917644331e-12,8.91384392902557e-11,False
tyf,6.8810577,0.32020944,5.940967379878622e-12,1.0217841802566111e-10,False
CG17839,6.8749,0.46215877,6.203349354720185e-12,1.0649306654632217e-10,False
Arp2,6.874792,0.8534113,6.208043300949984e-12,1.0649306654632217e-10,False
Ctdnep1,6.8731728,0.31714,6.278946993650564e-12,1.0756892242055856e-10,False
CG6276,6.858616,1.4366946,6.9530994548478746e-12,1.1896318598528786e-10,True
Nmdar1,6.856233,0.688199,7.069993006065834e-12,1.2049248780765895e-10,False
CG10417,6.850739,0.45116,7.346943606971384e-12,1.250503095797979e-10,False
His2Av,6.8424945,0.29517603,7.782597265617457e-12,1.3212316288141265e-10,False
Lim1,6.8370876,0.81425154,8.08193958371396e-12,1.3702798210322767e-10,False
Cf2,6.822137,0.46042514,8.969616918888375e-12,1.5168695793332463e-10,False
caps,6.8169026,0.509758,9.302414395733038e-12,1.57112757274977e-10,False
Axud1,6.8111863,0.49540854,9.679728484013304e-12,1.6327552282404983e-10,False
Acsl,6.805401,0.47622296,1.0076815186272465e-11,1.6975557890720538e-10,False
par-1,6.8020873,0.2990464,1.031140149205764e-11,1.7348503918775594e-10,False
Nrg,6.8000607,0.38669252,1.0457495163412916e-11,1.7571801335964926e-10,False
CG17075,6.7962203,0.5712606,1.0739966518816821e-11,1.8023392089048919e-10,False
Iqsec,6.7941985,0.4061696,1.0891617271191804e-11,1.8254572824420956e-10,False
alpha-Est9,6.7931924,0.80810475,1.0967901835066106e-11,1.8359010205448236e-10,False
CG33303,6.792475,0.4835095,1.1022580191022815e-11,1.8427061540717531e-10,False
Dyrk3,6.7861867,0.28545538,1.1513604712587008e-11,1.9199081969973769e-10,False
ubl,6.7810574,1.8458998,1.1929961993743487e-11,1.986814963216596e-10,True
Eip63F-1,6.7624607,0.49909818,1.3566730123968292e-11,2.2565422003663717e-10,False
wit,6.7386475,0.8257851,1.5986750510185788e-11,2.6490025435541143e-10,False
CG5445,6.724782,0.7427335,1.758553009050424e-11,2.9102501938189634e-10,False
msn,6.7169037,0.42800722,1.8562644416194674e-11,3.0642355229748496e-10,False
Ubqn,6.709354,0.72098356,1.9548788691977377e-11,3.222974697773936e-10,False
FBXO11,6.70888,0.41561186,1.961239953044417e-11,3.22941014824607e-10,False
Cep164,6.7040257,0.32212296,2.027543537058363e-11,3.334408269955806e-10,False
Nedd4,6.700084,0.43061817,2.08299631920289e-11,3.421321454290747e-10,False
Tl,6.6747766,0.5206692,2.476089209237028e-11,4.061899152231529e-10,False
CG31522,6.672334,0.57306755,2.517663217382954e-11,4.124949460899253e-10,False
Fur2,6.659535,0.56898034,2.7469516371456623e-11,4.4950117698747204e-10,False
Top1,6.6438603,0.28134608,3.0557196898290066e-11,4.994049343825018e-10,False
CG17378,6.642065,0.457867,3.0931854604613556e-11,5.049000863411455e-10,False
FucTA,6.6385818,1.0746568,3.1671533598121414e-11,5.163324460041134e-10,True
Atf6,6.6040335,0.30299282,4.0011857235304726e-11,6.514941810060769e-10,False
Nt5b,6.598786,1.0212256,4.145382389120025e-11,6.741376806068952e-10,True
BuGZ,6.5985003,0.32988316,4.1533808960226105e-11,6.746035225431038e-10,False
Dyrk2,6.5922685,0.33309564,4.331569401294035e-11,7.02676813987699e-10,False
CG31650,6.5854273,0.3744226,4.5357962067536103e-11,7.348996566799315e-10,False
EndoA,6.567353,0.28559354,5.121759506129554e-11,8.267803428813554e-10,False
dock,6.5659337,0.6221305,5.1707745448374355e-11,8.33668435817962e-10,False
eag,6.5620623,0.31011552,5.306862486362879e-11,8.545609444951989e-10,False
Rab11,6.560322,0.364336,5.369183807084625e-11,8.635382524491061e-10,False
Arl4,6.55714,0.28733286,5.4849581891172824e-11,8.810800807457346e-10,False
Rad23,6.5462694,0.3244977,5.89920532749554e-11,9.464659096860977e-10,False
mspo,6.5456553,0.36609715,5.923513619348857e-11,9.492069385151706e-10,False
dati,6.5444226,0.4610237,5.972561276962925e-11,9.559007939012526e-10,False
UQCR-Q,6.5310535,0.2666507,6.530860287606355e-11,1.0439842357560523e-09,False
osa,6.529876,0.27617782,6.582413352390672e-11,1.0509466761897136e-09,False
Tpst,6.5116205,0.69379586,7.434442078062208e-11,1.1855408847783668e-09,False
PIP4K,6.5044727,0.27411598,7.796631738614075e-11,1.240287421857009e-09,False
smog,6.4953895,0.29639754,8.281888157472001e-11,1.3158888801593965e-09,False
nrv2,6.4904704,0.5065533,8.556879094620297e-11,1.3579395084940905e-09,False
l(1)G0320,6.48888,0.340195,8.647662457196194e-11,1.3706910095000966e-09,False
Camta,6.4874663,0.38611236,8.729170927926226e-11,1.3802804571955549e-09,False
Rok,6.472374,0.7653211,9.647506156250153e-11,1.5236566213116226e-09,False
OtopLc,6.467496,0.30279058,9.964028032303098e-11,1.5698720424995531e-09,False
Gad1,6.4649215,0.5375492,1.013513229342489e-10,1.5949178243784797e-09,False
Abcd1,6.463374,0.3281208,1.0239355498659273e-10,1.6093915221576896e-09,False
mGluR,6.4554105,0.3696684,1.079260340354993e-10,1.6943226848583762e-09,False
pigs,6.4485674,0.30919358,1.1291228350147781e-10,1.7683759299277935e-09,False
kairos,6.4479823,0.40631917,1.1334912850260425e-10,1.7731042244335952e-09,False
CG31638,6.4432206,0.7010834,1.169645604305524e-10,1.8253139240587392e-09,False
Chro,6.440828,0.48000866,1.1882368562837826e-10,1.8521271994743656e-09,False
lute,6.4179764,0.5841901,1.3809763377279226e-10,2.150003445230439e-09,False
CG8300,6.4159946,0.7415343,1.3990657392523374e-10,2.1755886170148776e-09,False
Rheb,6.415166,0.40865022,1.4066948572370285e-10,2.1848664803894273e-09,False
Ptp10D,6.401482,0.39973962,1.5387602328073003e-10,2.384352530552821e-09,False
5-HT2A,6.3991218,0.6909464,1.5627328569351453e-10,2.418646612500331e-09,False
Shal,6.3984046,0.310626,1.570088797038246e-10,2.4271725638920653e-09,False
Pka-C1,6.397624,0.27380404,1.578132756459924e-10,2.436740824898167e-09,False
qkr54B,6.3912673,0.6187738,1.6451657788462952e-10,2.537262715262948e-09,False
fzr,6.3861156,0.47798666,1.7015264757649023e-10,2.621108779783214e-09,False
tral,6.3844433,0.2748411,1.7202226059145433e-10,2.6468062109738995e-09,False
tai,6.381934,0.2775523,1.7486534911726584e-10,2.6843548501153165e-09,False
da,6.381929,0.297514,1.74871213980115e-10,2.6843548501153165e-09,False
CG13384,6.3812494,0.78942543,1.7564902876613607e-10,2.693148469063043e-09,False
CG43901,6.3797894,0.2883603,1.7733170451339998e-10,2.715779250939482e-09,False
CG15894,6.373929,0.44549495,1.8424599957271076e-10,2.8183846733241207e-09,False
CG10132,6.3694463,0.43272954,1.8971182588096681e-10,2.8986202233440743e-09,False
Pvf3,6.3623605,0.28547806,1.9867663650104581e-10,3.0320685291797236e-09,False
CG13999,6.3570204,0.91758907,2.0570490692510698e-10,3.1356873283015147e-09,False
CG9281,6.3552074,0.4967911,2.081452271997181e-10,3.169210064199647e-09,False
Dscam1,6.3462014,0.39878148,2.2069636559584483e-10,3.3564238934368073e-09,False
cno,6.340392,0.54895085,2.2918092844411048e-10,3.481430519948684e-09,False
bol,6.3349648,0.22645727,2.373954344219188e-10,3.6020508179030172e-09,False
Amun,6.334297,0.36670375,2.384253820535525e-10,3.613505790292595e-09,False
Msp300,6.330994,0.24115382,2.435868889062098e-10,3.687478940354374e-09,False
l(3)L1231,6.323903,0.2712344,2.550380521792702e-10,3.85195402946622e-09,False
nuf,6.320281,0.62803197,2.6108779708844056e-10,3.938798683974867e-09,False
CG18467,6.314864,0.82325333,2.7039910850017646e-10,4.074592070748072e-09,False
CG8860,6.311773,0.42527658,2.758568003669754e-10,4.15207142820396e-09,False
SLO2,6.3002796,0.2890721,2.9710908753032386e-10,4.466834565387249e-09,False
CG32485,6.293887,0.5104346,3.096134276605791e-10,4.649509073668583e-09,False
l(1)10Bb,6.2737603,0.9063853,3.524306100989144e-10,5.286459151483716e-09,False
tws,6.273043,0.34645352,3.540583981231051e-10,5.30482024097788e-09,False
CG4168,6.2688994,0.63813066,3.636085578386438e-10,5.44170438496558e-09,False
CG14767,6.2682695,0.2773473,3.6508206114189334e-10,5.455174283178704e-09,False
CG4393,6.2681603,0.8863383,3.653389169860928e-10,5.455174283178704e-09,False
CG12567,6.267412,0.92550313,3.670974819683249e-10,5.4707462606875184e-09,False
Liprin-gamma,6.2673626,0.25942168,3.672144750324499e-10,5.4707462606875184e-09,False
Trf2,6.2668114,0.27153853,3.6851594990098574e-10,5.483917986069029e-09,False
Ptp36E,6.2628937,0.39871413,3.778984099144324e-10,5.617177722031269e-09,False
Sema2a,6.247919,0.61614174,4.1595722037968293e-10,6.1759072042813946e-09,False
Gyf,6.246067,0.29702514,4.209164311396473e-10,6.242485220287771e-09,False
nonA,6.241721,0.262783,4.327813216099082e-10,6.411213715844638e-09,False
CG4629,6.2383394,0.5108643,4.4224058397858253e-10,6.5381776583781864e-09,False
CG34354,6.2383018,0.31976682,4.4234702726774787e-10,6.5381776583781864e-09,False
Cdep,6.23627,0.26808703,4.4812734971528647e-10,6.616172331751533e-09,False
fz,6.230478,0.37106776,4.650140550366297e-10,6.857783033873529e-09,False
dpr13,6.228999,0.30876958,4.694241242910652e-10,6.915059409399771e-09,False
Pcyt1,6.2180367,0.36466303,5.034143001683955e-10,7.3991766266361494e-09,False
Ephrin,6.216174,0.2985616,5.094219737681546e-10,7.479111436104527e-09,False
X11Lbeta,6.200791,0.27067557,5.61801933859353e-10,8.238925681821314e-09,False
CG4617,6.198713,1.1573428,5.692679210139377e-10,8.339108675722566e-09,True
dbo,6.1951184,0.43932825,5.824119386911981e-10,8.522152421383455e-09,False
Rgk3,6.1715755,0.6669989,6.761273305059844e-10,9.860502911041771e-09,False
5-HT1A,6.1552234,0.3634391,7.497178581259956e-10,1.0921610483121487e-08,False
side-VIII,6.1537824,0.4096806,7.565659301672552e-10,1.0996987082298378e-08,False
MESK2,6.1410804,0.26230595,8.196202290350301e-10,1.1887207295276265e-08,False
bma,6.1367006,0.50445694,8.425296541101346e-10,1.2205997414561376e-08,False
sns,6.1359835,0.4488608,8.463397750020928e-10,1.2247692338686673e-08,False
shakB,6.1357403,0.26643816,8.47634841821463e-10,1.225293929761719e-08,False
jigr1,6.1354938,0.3176934,8.489501227735447e-10,1.2258466607960855e-08,False
euc,6.1314287,0.7133773,8.709324598042847e-10,1.2562077411447093e-08,False
Pino,6.118758,1.4404855,9.43074392454504e-10,1.3587716575495815e-08,True
CG42784,6.11814,0.4273712,9.467374724948345e-10,1.3625553547187432e-08,False
spir,6.1133237,0.35033107,9.757707933257291e-10,1.4028039632713437e-08,False
Pde8,6.112211,0.6568066,9.825995758470538e-10,1.4110774236754413e-08,False
alpha-Man-IIb,6.1114974,0.52596515,9.870050173344688e-10,1.4158565423335066e-08,False
yki,6.1087418,1.5519648,1.0041954859788981e-09,1.4389453310537318e-08,True
Pi3K68D,6.1059246,0.94262516,1.0220720607413663e-09,1.4629658908650928e-08,False
Nrt,6.099922,0.40703738,1.0612012756591236e-09,1.5173215192775718e-08,False
CG13685,6.099342,0.32560903,1.0650601706510585e-09,1.5211837654733597e-08,False
rhea,6.0947804,0.4864874,1.0958766174799628e-09,1.563498236013758e-08,False
Ubc2,6.083688,0.6629882,1.1744917571576187e-09,1.6738418317842852e-08,False
CG5758,6.081206,0.31611007,1.1928189066148933e-09,1.6981192235015925e-08,False
Cadps,6.0780754,0.25994346,1.2163343888865996e-09,1.729722280299775e-08,False
smash,6.0755186,0.2934455,1.2358775814604668e-09,1.7556142076097874e-08,False
Octbeta2R,6.0545893,0.2657973,1.4077639033995697e-09,1.9954711640421084e-08,False
Mef2,6.031844,0.27854267,1.6209913383074015e-09,2.2952398906637128e-08,False
RpS19a,6.0315084,0.26944777,1.6243605905710302e-09,2.297534785802297e-08,False
DIP-delta,6.0185795,0.53425795,1.7595445757280518e-09,2.486066206996409e-08,False
detr,6.0126863,0.5196522,1.824738471281091e-09,2.5754096146759977e-08,False
plx,6.00401,0.4156014,1.9250238213014886e-09,2.7111267965596526e-08,False
Sem1,6.00331,0.55259115,1.933345656584754e-09,2.717022666045312e-08,False
Nipsnap,6.000507,0.34004894,1.967026369881245e-09,2.761402403871748e-08,False
Ace,5.9920654,0.25734448,2.071927305967481e-09,2.9055629456150158e-08,False
Akt,5.9841766,0.83259565,2.17487244814787e-09,3.046676329281771e-08,False
robo1,5.983266,0.5818145,2.18707103498181e-09,3.060501959495313e-08,False
Rab3,5.9789853,0.26681766,2.24531706528749e-09,3.1386666210508103e-08,False
Dhc64C,5.978412,0.39549273,2.253232762943365e-09,3.1463845382652305e-08,False
CG43658,5.973209,0.40660414,2.326318469972565e-09,3.244992005885298e-08,False
CG17321,5.972985,0.28665566,2.329519239308006e-09,3.2460109018565426e-08,False
CG33144,5.9666567,0.46657214,2.4216391244602444e-09,3.367231544487578e-08,False
Mad,5.9632545,0.5416122,2.472632180983239e-09,3.434501782042258e-08,False
Map205,5.9550214,0.50557053,2.60037555790268e-09,3.608124058166971e-08,False
DIP1,5.9540787,0.27704483,2.6154129361562373e-09,3.6251609684697214e-08,False
CG33199,5.945257,0.27931353,2.7602345430659003e-09,3.821863213475862e-08,False
CG32204,5.943097,0.49631056,2.7968684975450988e-09,3.8685107429202735e-08,False
Arl1,5.9382687,1.085137,2.880478219806212e-09,3.979966751656533e-08,True
dpr8,5.9321413,0.2575987,2.990093735773874e-09,4.1270831605114185e-08,False
CG7739,5.931042,0.51142216,3.0101759700726427e-09,4.150441998610128e-08,False
mRpL34,5.9278946,0.86710024,3.0684308956020124e-09,4.226329346772583e-08,False
sli,5.9250946,0.48063403,3.1211768476047927e-09,4.294477882463558e-08,False
Nepl16,5.9177194,0.6460809,3.2643627508821593e-09,4.482103087418137e-08,False
nkd,5.910959,0.30087042,3.401224101880424e-09,4.665144540575028e-08,False
CkIIbeta,5.9046774,0.26090446,3.533380006844329e-09,4.841356964539571e-08,False
CG32225,5.9040303,0.86872315,3.547272303833092e-09,4.855328965871545e-08,False
Patronin,5.9031763,0.37931257,3.565693057586028e-09,4.875463764482873e-08,False
CLIP-190,5.8943357,0.24847335,3.761914809890147e-09,5.138415862989245e-08,False
CG42324,5.8910613,0.4737989,3.837226102129354e-09,5.235841223466221e-08,False
Mgat4a,5.8890214,0.49428242,3.884892917100913e-09,5.295383084098133e-08,False
Oamb,5.8883486,0.58929306,3.900734534638263e-09,5.311466506232826e-08,False
CG42238,5.887854,0.27679747,3.912424070087711e-09,5.321868766144153e-08,False
CG2519,5.8761725,0.37935936,4.198607908147133e-09,5.7052438379579446e-08,False
5-HT7,5.871553,0.73064417,4.317316363657888e-09,5.8604893614116373e-08,False
CG13743,5.866819,0.4252552,4.442358823419505e-09,6.017793292755908e-08,False
usp,5.866384,0.56613415,4.454016496814226e-09,6.027371448829963e-08,False
Syn2,5.8657646,0.38592985,4.470682441157796e-09,6.043700337120725e-08,False
jing,5.851851,0.6527497,4.861321535373759e-09,6.565032371511941e-08,False
CG12384,5.8468666,0.2415313,5.009181526923944e-09,6.757766454186923e-08,False
nrm,5.8440323,0.31472844,5.0952089762402625e-09,6.859738314323469e-08,False
drpr,5.8377905,0.5256829,5.28976628613489e-09,7.114383725671694e-08,False
mbt,5.820815,0.25232148,5.856139848463485e-09,7.868065195174866e-08,False
qm,5.81561,0.42902893,6.041317681616793e-09,8.108571433753286e-08,False
Paip1,5.8152127,0.4089734,6.055676558229435e-09,8.119549997462732e-08,False
qkr58E-1,5.8144307,0.31360587,6.084058236074876e-09,8.149289013458092e-08,False
ct,5.813534,0.27853373,6.1167601534170045e-09,8.184748311191388e-08,False
Hr39,5.80995,0.7005955,6.2491582585405615e-09,8.35340178201658e-08,False
ftz-f1,5.8073945,0.2456057,6.3452546532515345e-09,8.473236396720037e-08,False
NaCP60E,5.8008423,0.24227665,6.598256464186589e-09,8.80214111060018e-08,False
mask,5.800279,0.25582963,6.620453095562524e-09,8.82279449043525e-08,False
jar,5.7981553,0.59168285,6.704835081944415e-09,8.926193817299859e-08,False
Cirl,5.7909017,0.25521043,7.00095780676894e-09,9.310990443415371e-08,False
CG3961,5.7852225,0.62323314,7.241637143964317e-09,9.621346013315583e-08,False
CG15456,5.7833843,1.3944218,7.321252127260027e-09,9.717298277999673e-08,True
CG17776,5.781488,0.5068258,7.404279360816948e-09,9.817581311920757e-08,False
Myo81F,5.779177,0.8981088,7.506678708823584e-09,9.94332240261511e-08,False
stmA,5.758955,0.25914127,8.463626594296848e-09,1.119960256284598e-07,False
GABPI,5.7511024,0.3681007,8.866346223576071e-09,1.1720703156719272e-07,False
CG6330,5.750238,0.46285313,8.911795279112867e-09,1.1768943715330963e-07,False
NFAT,5.747087,0.24727179,9.079407576298709e-09,1.1978254573550706e-07,False
CG5708,5.741533,0.44217598,9.382336960482097e-09,1.2365487227756745e-07,False
Chc,5.7341046,0.28815302,9.802884355566345e-09,1.2906803650515208e-07,False
CG4678,5.733228,0.2583313,9.853689432374883e-09,1.296070862276336e-07,False
Msr-110,5.732975,0.8960519,9.868422895912917e-09,1.2967107685229573e-07,False
Gpat4,5.7301216,0.77751756,1.0035859441494324e-08,1.3173945360762778e-07,False
Cox17,5.718918,0.2929768,1.0720468834685536e-08,1.4044562361691717e-07,False
Caf1-55,5.717326,1.199572,1.0821342117947159e-08,1.416259317030136e-07,True
Adar,5.716941,0.2670205,1.0845885181954348e-08,1.4180590178197029e-07,False
ens,5.70612,0.26662615,1.1558036505931633e-08,1.508168815173204e-07,False
Spase12,5.6990275,0.52746534,1.2049282224988155e-08,1.570710004328813e-07,False
conu,5.6983805,0.5993197,1.2095088318887366e-08,1.5751185382574824e-07,False
CG31808,5.698004,0.2711008,1.2121825800194245e-08,1.5770375347975485e-07,False
Tdg,5.6973414,0.2401035,1.2168998898746445e-08,1.5816087589468674e-07,False
Pcf11,5.6943088,0.23873821,1.23872836255278e-08,1.6079615093074545e-07,False
Efa6,5.6941853,0.3241371,1.2396232944660969e-08,1.6079615093074545e-07,False
faf,5.6938686,0.31340653,1.2419256541263373e-08,1.609359279607502e-07,False
simj,5.693035,0.2782204,1.2480063432312646e-08,1.6148487805199753e-07,False
CG15098,5.6925235,0.6841575,1.2517539835412943e-08,1.6173104566108757e-07,False
CG17977,5.6764894,0.70741916,1.374870903726802e-08,1.771157223036292e-07,False
retm,5.6728215,0.38173595,1.4046460245765175e-08,1.8077422882404938e-07,False
Pp2A-29B,5.6660094,0.39495972,1.4616153213121451e-08,1.8792196988299008e-07,False
CG14441,5.651201,0.53894347,1.5933084213669816e-08,2.0445383453869275e-07,False
GCS2alpha,5.649948,0.29137877,1.6049646191617356e-08,2.057486350808313e-07,False
Lnk,5.641255,0.5242732,1.6881532166716325e-08,2.1620207862636698e-07,False
CG31760,5.6290736,0.40022138,1.8118019792808737e-08,2.3181185986125297e-07,False
Asap,5.6262684,0.49941283,1.8414994769260812e-08,2.3538232613627146e-07,False
Uhg1,5.621178,0.5193166,1.896597632103362e-08,2.421894352365226e-07,False
CG13108,5.618948,0.36823127,1.9212390401869996e-08,2.4509787367045803e-07,False
Lrp4,5.61745,0.24446723,1.937960579460393e-08,2.469912901465525e-07,False
Drak,5.6067457,0.28633043,2.061659511741383e-08,2.625019959717226e-07,False
Snoo,5.599775,0.2656822,2.146306065489955e-08,2.727510802759962e-07,False
Arl8,5.597856,0.26028982,2.17018902640412e-08,2.75519650308697e-07,False
metro,5.5913844,0.26983505,2.252661085409721e-08,2.854384441878856e-07,False
stas,5.5897326,0.2952114,2.2741924170595422e-08,2.878890978821039e-07,False
Pdi,5.586645,0.4221809,2.3149807615379277e-08,2.927704254726503e-07,False
Usp2,5.5816746,0.2640366,2.3821358786855307e-08,3.003960215540103e-07,False
Piezo,5.5780497,0.811951,2.432303204779758e-08,3.0642822733275186e-07,False
Pkc98E,5.574171,0.24516901,2.4871112835540286e-08,3.130329718955932e-07,False
CHOp24,5.5624485,0.3501769,2.6601548162778153e-08,3.3449219412335403e-07,False
Mitf,5.558281,1.316937,2.7244475522186933e-08,3.422489563685816e-07,True
wech,5.556431,0.24874003,2.7534707494835093e-08,3.455645238606811e-07,False
Nf-YB,5.5516176,1.5579548,2.8303809623641952e-08,3.548779183727626e-07,True
AstA-R1,5.5511317,0.7137717,2.8382634627547724e-08,3.5552699619254246e-07,False
orb,5.5467944,0.6299364,2.9095447052346617e-08,3.641087373979377e-07,False
CG12084,5.5384436,0.355178,3.051714168356822e-08,3.8153686177172823e-07,False
gus,5.53639,0.23892187,3.087700564108728e-08,3.8553244496104936e-07,False
CG34117,5.5362854,0.36101833,3.089540826057724e-08,3.8553244496104936e-07,False
Nak,5.524453,0.5145879,3.3051333547545556e-08,4.116535761277238e-07,False
lncRNA:CR46006,5.5237875,0.3045484,3.3176890975027624e-08,4.128260865642642e-07,False
CG3744,5.5133896,0.38581625,3.519879811280636e-08,4.375706785262777e-07,False
CG17715,5.5115633,0.24059212,3.556605004199331e-08,4.417182396519774e-07,False
Frl,5.5083423,0.22186093,3.6222896001506984e-08,4.4945123084022826e-07,False
Zip102B,5.5081196,0.42685023,3.626869979212558e-08,4.495950144042737e-07,False
CG6707,5.5075874,0.32899088,3.637850460409924e-08,4.5053115032786426e-07,False
CG43102,5.5068154,0.34949854,3.653831221913189e-08,4.520842020333268e-07,False
CG32815,5.501472,0.54731995,3.766338327105181e-08,4.655661864361437e-07,False
Pkn,5.498653,0.61535335,3.8270373959464714e-08,4.726247310407578e-07,False
Uev1A,5.4969826,0.28078467,3.863453736794383e-08,4.764764126805888e-07,False
crp,5.49689,0.2465117,3.865478355536588e-08,4.764764126805888e-07,False
Pex23,5.492712,1.3473415,3.958080880275351e-08,4.870529119012033e-07,True
SREBP,5.4926844,0.7536027,3.95869490038421e-08,4.870529119012033e-07,False
Sytalpha,5.484231,0.32114914,4.152716794283723e-08,5.104461990354362e-07,False
ssp3,5.475391,0.34020078,4.3654719065969e-08,5.360962696512455e-07,False
CG31064,5.473443,0.4211769,4.413749274315322e-08,5.415188185294429e-07,False
Pfrx,5.471047,0.45715255,4.473851878058299e-08,5.483807246052803e-07,False
CG11883,5.462886,0.854836,4.684555490850693e-08,5.736724990659655e-07,False
ewg,5.461897,0.27343538,4.710742575389753e-08,5.763422480504781e-07,False
kmr,5.454583,0.24374747,4.908787726994536e-08,6.000136812344949e-07,False
vex,5.4443445,0.733858,5.1996525690798994e-08,6.349761594582702e-07,False
tei,5.4425097,0.24244687,5.253512524312131e-08,6.409577954453241e-07,False
CG42795,5.4378576,0.23237918,5.392506343379488e-08,6.573055041930099e-07,False
Rbp6,5.4287863,0.19596037,5.673861411675771e-08,6.896812113729846e-07,False
Tmtc3,5.4255924,1.1556277,5.776265186363259e-08,7.014798941664808e-07,True
Nlg4,5.4170685,0.27982762,6.058406913279695e-08,7.346392554939238e-07,False
tweek,5.417007,0.4027836,6.060494314729173e-08,7.346392554939238e-07,False
CG14073,5.4127283,0.27705517,6.207169833175074e-08,7.517254526075621e-07,False
Liprin-alpha,5.408463,0.43139037,6.356796189566233e-08,7.691372185165774e-07,False
Tsp42Ee,5.406428,0.48702213,6.429412603075615e-08,7.77207742450907e-07,False
brp,5.3973618,0.23756647,6.762801632761835e-08,8.160074697382048e-07,False
bin3,5.396328,0.2395035,6.801864018485901e-08,8.191764982000867e-07,False
CG17059,5.389293,0.29772764,7.07353305186257e-08,8.503771665276685e-07,False
p,5.3888755,0.76865447,7.089987634385756e-08,8.515762112964244e-07,False
Atg18b,5.3885093,0.8389799,7.104449625971472e-08,8.525339551165767e-07,False
Atx2,5.3841805,0.2249881,7.277536860296727e-08,8.725076126304654e-07,False
CG3107,5.379773,0.5518932,7.457966301545404e-08,8.933243136035243e-07,False
Sec63,5.37781,0.39364287,7.539723986929273e-08,9.022948377800604e-07,False
CG17493,5.376898,0.24110639,7.578010772229411e-08,9.060515154421697e-07,False
Eaf,5.375373,0.7275461,7.64243449204726e-08,9.129235384136454e-07,False
kek1,5.3659453,0.2316195,8.052624510790051e-08,9.610489198163603e-07,False
Dsor1,5.3607526,0.6037853,8.287595613679543e-08,9.87438672299196e-07,False
lap,5.360727,0.23390223,8.288773634292337e-08,9.87438672299196e-07,False
cib,5.3604445,0.6119372,8.301742567126979e-08,9.880878381526132e-07,False
Usp10,5.3562922,0.5700668,8.49470856376723e-08,1.009226677467463e-06,False
CG31678,5.3543463,0.5522137,8.586634372872523e-08,1.0192265190564133e-06,False
CanB2,5.33607,0.27666107,9.498279531853968e-08,1.1264205148787105e-06,False
Tsp96F,5.334947,0.29902735,9.55724119563296e-08,1.1323908864798655e-06,False
Csk,5.323931,0.22651409,1.0154822569415529e-07,1.202111428487568e-06,False
ClpX,5.3075466,0.59663194,1.1111070740842635e-07,1.3117652249296694e-06,False
Rip11,5.305193,0.48192438,1.1255383980762114e-07,1.3264192422171676e-06,False
CG3655,5.304748,0.3776057,1.1282875472672726e-07,1.3284675959759822e-06,False
MYPT-75D,5.3011656,0.2853487,1.1506561496954305e-07,1.3535919254250632e-06,False
LRP1,5.2984324,0.5156159,1.1680118619027607e-07,1.372779594400919e-06,False
sima,5.297034,0.20991069,1.1769884422420326e-07,1.3820936667614216e-06,False
CaMKI,5.296445,0.22157688,1.1807879933660669e-07,1.385317342216975e-06,False
CG34355,5.2904596,0.29908997,1.2200928231122135e-07,1.4301534072876437e-06,False
Sag1,5.283896,0.5928184,1.2646518302921037e-07,1.4810628386843353e-06,False
alph,5.2754183,0.23983915,1.3245355881241073e-07,1.5498127896661415e-06,False
Btk,5.2735357,0.41231573,1.3382025480748438e-07,1.5630205761514177e-06,False
Tao,5.2716565,0.25806084,1.3519806572662193e-07,1.5777109979110232e-06,False
cnn,5.2607603,0.36556056,1.4346087088721796e-07,1.6726493730772352e-06,False
Ank,5.258866,0.21113716,1.449467057870666e-07,1.6884749237961483e-06,False
eIF2beta,5.2466483,0.2729694,1.5489106489835793e-07,1.8011226484640915e-06,False
spen,5.240567,0.17604266,1.6008378434298408e-07,1.85821636596008e-06,False
LpR2,5.2380805,0.44885573,1.6225549781044737e-07,1.881762790140581e-06,False
PsGEF,5.23388,0.2496189,1.65988192814247e-07,1.923355250069846e-06,False
Gucy2d,5.2276344,0.4155762,1.716924970189957e-07,1.987699921435774e-06,False
ATP6AP2,5.219641,0.2183976,1.7926988180408494e-07,2.0735970483324615e-06,False
Dpp10,5.2088156,0.23612529,1.9004979017273243e-07,2.1963537756109975e-06,False
Vrp1,5.2018065,0.2722112,1.9736037676934963e-07,2.278835984841172e-06,False
rudhira,5.2010436,0.22539033,1.9817281833659844e-07,2.2862079305907843e-06,False
Socs16D,5.1988525,0.41895252,2.0052248058444066e-07,2.3112854341048687e-06,False
Rac1,5.1966205,0.2648842,2.029438776831258e-07,2.3371450944402042e-06,False
Syp,5.1936545,0.22129688,2.0620565447759844e-07,2.370553193207037e-06,False
CG14641,5.1897283,0.61078936,2.1060132512090856e-07,2.418969765811834e-06,False
rsh,5.1857076,0.23862173,2.1519616779840128e-07,2.469587462769426e-06,False
l(3)80Fg,5.1838093,0.22790202,2.1739898634235976e-07,2.492689948113968e-06,False
galla-2,5.183527,1.8828514,2.1772858406450625e-07,2.4942925846622597e-06,True
EloB,5.1833234,0.6479379,2.1796659359011718e-07,2.494844111301515e-06,False
dpr4,5.1803813,0.31368253,2.2143290556527524e-07,2.532313645890093e-06,False
smg,5.175356,0.5095746,2.2747680515723814e-07,2.599169756318356e-06,False
app,5.156207,0.29390955,2.520024939722527e-07,2.8769007565555174e-06,False
cwo,5.148765,0.38305,2.622072649695067e-07,2.9882076857756444e-06,False
lncRNA:CR43651,5.147052,0.45534867,2.6461252662383256e-07,3.0103970561360694e-06,False
CG33217,5.1435943,0.45458737,2.695313631744922e-07,3.06370424923255e-06,False
PRAS40,5.1368675,1.2409747,2.793554375282002e-07,3.169888125319992e-06,True
Unc-115a,5.134701,0.44053662,2.8259313678063174e-07,3.2038600666932708e-06,False
CG1737,5.133373,0.27207705,2.845955802304061e-07,3.223780969161669e-06,False
CG9171,5.1286263,0.36225483,2.918637976620391e-07,3.303264686717652e-06,False
su(sable),5.1272316,0.8413134,2.940338316078342e-07,3.322736000842022e-06,False
Dg,5.1271954,0.30923915,2.9408995197711353e-07,3.322736000842022e-06,False
Drep4,5.124671,0.48000252,2.98057722884236e-07,3.364672232559159e-06,False
CG18135,5.1215577,0.28736544,3.030220746734486e-07,3.4177768765743477e-06,False
Septin4,5.1194677,0.21235088,3.0639906655023593e-07,3.452902002118439e-06,False
CG13248,5.118186,0.61244637,3.084885716902129e-07,3.4734702930671786e-06,False
SERCA,5.0957623,0.5017484,3.473404880106322e-07,3.904237820752529e-06,False
SCAP,5.092524,0.25828335,3.533277448620115e-07,3.96814236537336e-06,False
Mctp,5.0885754,0.8876483,3.60763136801013e-07,4.048187547024177e-06,False
bcn92,5.0882983,0.3261354,3.612908945468085e-07,4.0506504729906685e-06,False
Heatr5,5.0873175,0.2889665,3.6316357881759584e-07,4.068175128442634e-06,False
CG4080,5.0855837,0.2701877,3.6649722087689783e-07,4.1020217055557385e-06,False
vlc,5.081,0.5749645,3.7545300642439653e-07,4.195112673823615e-06,False
CG13293,5.079408,0.29989344,3.786122434389994e-07,4.226818078834708e-06,False
sr,5.0671964,0.27269113,4.0371817307020835e-07,4.503274018796721e-06,False
PRL-1,5.066195,0.38161612,4.0584640516776004e-07,4.523173675915493e-06,False
Cad87A,5.0643926,0.6233871,4.0970453294390953e-07,4.562303019392349e-06,False
tud,5.0635796,0.26484445,4.1145646362654105e-07,4.577932203262278e-06,False
CG15715,5.06175,0.49025267,4.154257076817688e-07,4.618184263061288e-06,False
CG9636,5.0553555,0.48643306,4.2958987834337906e-07,4.771606932740491e-06,False
pyd,5.055193,0.30187145,4.2995605443211185e-07,4.771640671653673e-06,False
beat-IIa,5.052809,0.22745402,4.3536005527279325e-07,4.827536815429961e-06,False
CG3793,5.036622,0.51208603,4.738186061466054e-07,5.245136044453576e-06,False
CG8032,5.0345564,0.75768656,4.789567833485792e-07,5.297552300673678e-06,False
RabGGTb,5.034308,0.68228424,4.79577649527107e-07,5.299958212604025e-06,False
CG34220,5.0281534,3.4932356,4.952258341353594e-07,5.468291983645902e-06,True
arm,5.026197,0.21689433,5.003019737120301e-07,5.519704395110056e-06,False
CG1316,5.0185943,0.24564283,5.205098057177275e-07,5.7378346032977674e-06,False
Gapdh2,5.0167937,0.21893851,5.254096643458124e-07,5.786993285418252e-06,False
gcl,5.016068,0.6770433,5.273970617784487e-07,5.804017916054285e-06,False
dpr1,5.0131035,0.23507512,5.355909368484875e-07,5.889259339070398e-06,False
CG31224,5.011349,0.23764423,5.404977549088498e-07,5.938244564801243e-06,False
mys,5.0101733,0.64273256,5.438107504406611e-07,5.969651846942595e-06,False
Dbp80,5.005793,0.20463619,5.563244458823865e-07,6.101922553334356e-06,False
DCP2,5.0015316,0.19973941,5.68766949821317e-07,6.2279981005434206e-06,False
4E-T,4.999919,0.26558247,5.735437066973143e-07,6.275074359702506e-06,False
Npc1a,4.9990926,0.40083498,5.76007910965554e-07,6.296791971786505e-06,False
Wnt5,4.9954877,0.89918137,5.868722407512534e-07,6.410225472544862e-06,False
sba,4.9937935,0.60380685,5.920474045914281e-07,6.461381143132362e-06,False
Sytbeta,4.9908376,0.5502923,6.011806739225366e-07,6.555613323935378e-06,False
CG1317,4.9857607,0.3314363,6.171842351879963e-07,6.724544652048318e-06,False
dop,4.9809923,0.3929999,6.32590028749676e-07,6.886688465427292e-06,False
Gfrl,4.9758096,0.21571364,6.497542294763227e-07,7.0676908736083445e-06,False
DAAM,4.974795,0.4181857,6.531678019474097e-07,7.09894534126465e-06,False
cmpy,4.974134,0.22263017,6.553990694678683e-07,7.117308903146934e-06,False
eRF1,4.964986,0.5009229,6.87061058035343e-07,7.454981257295134e-06,False
Ppcs,4.9537663,0.34338638,7.279059670682545e-07,7.891653801383552e-06,False
chb,4.950682,0.2526951,7.395381991140903e-07,8.011155759570608e-06,False
dysc,4.949041,0.16822015,7.458015186382794e-07,8.072349221504934e-06,False
Kdm5,4.9476166,0.21386968,7.512767613541515e-07,8.124919048718971e-06,False
Trf4-1,4.946364,0.22580677,7.561259259929736e-07,8.17063706212802e-06,False
CG7222,4.945958,0.5457375,7.577023936784453e-07,8.180944497070477e-06,False
wun,4.932488,0.5913174,8.118876285780756e-07,8.758787717172342e-06,False
dmpd,4.9298453,0.99402535,8.229474260512477e-07,8.870819670478584e-06,False
alpha-Cat,4.9241457,0.21200469,8.472965784736008e-07,9.125800853395996e-06,False
Pde1c,4.9231105,0.22348398,8.517942220002658e-07,9.166728973860354e-06,False
scramb1,4.9196305,0.5452736,8.67076846562775e-07,9.323559544873047e-06,False
CG14234,4.9174347,0.4100095,8.768570458691022e-07,9.41331828653595e-06,False
Mgat2,4.9168406,0.2621935,8.795203940093983e-07,9.434202430435505e-06,False
Syx16,4.911721,0.38044807,9.028026050036518e-07,9.668155036469424e-06,False
sqh,4.9080315,0.25193188,9.199519636273063e-07,9.84378566943225e-06,False
Ucp4A,4.90621,0.32529223,9.285304515152916e-07,9.927494005623214e-06,False
Uhg3,4.9015684,0.89309794,9.507456816565804e-07,1.0156746550380055e-05,False
CG11122,4.900093,0.19315793,9.57913257034857e-07,1.0225004222126744e-05,False
Nplp1,4.8968306,0.44973302,9.73946893065288e-07,1.0387712804283997e-05,False
Mlf,4.889074,0.21090944,1.013115120138989e-06,1.0796701280313315e-05,False
roq,4.8881497,0.48144767,1.0178819832673657e-06,1.0838710907725434e-05,False
Pgant2,4.881519,0.39660454,1.0527183761696953e-06,1.1200582561028176e-05,False
sotv,4.8808208,0.57904613,1.0564533441593548e-06,1.123122729955819e-05,False
Mkp3,4.8798466,0.21107124,1.0616834618167775e-06,1.1277704679282503e-05,False
bchs,4.877079,0.21667798,1.0766829449124637e-06,1.1427797977503854e-05,False
bi,4.8768873,0.41728944,1.077729388006798e-06,1.1429672444236743e-05,False
Gapvd1,4.873769,0.62485033,1.0948908758511054e-06,1.1602311377970585e-05,False
CG43759,4.8588834,0.43327463,1.1804971641967753e-06,1.2479270102611124e-05,False
drongo,4.8544145,0.23667727,1.2074306200092125e-06,1.2743484616000845e-05,False
CG33090,4.85292,0.59942096,1.2165671029719515e-06,1.2823858389601245e-05,False
Hrb87F,4.85285,0.3228876,1.2169978243403922e-06,1.2823858389601245e-05,False
CG4593,4.8454747,1.4252163,1.2630928505290808e-06,1.3277632044761699e-05,True
pho,4.8413754,0.19691093,1.289434500878656e-06,1.3532882860659376e-05,False
CG32809,4.84007,0.19640876,1.2979368530598885e-06,1.3611245210859485e-05,False
Atg1,4.8398695,0.19915803,1.2992453805342377e-06,1.3614102312775026e-05,False
Nadsyn,4.8374577,0.21413584,1.3151036206126658e-06,1.3769292091514287e-05,False
FoxK,4.830173,0.29703048,1.3641432683014144e-06,1.427137145340811e-05,False
Octbeta3R,4.8298,0.24646366,1.366701945019633e-06,1.428676496225774e-05,False
Spt6,4.824763,0.32619435,1.4016990568396477e-06,1.4640958352045286e-05,False
Klp64D,4.8242683,0.42497292,1.4051818414182867e-06,1.4665678630846931e-05,False
Nav,4.822651,0.51844686,1.416628374828943e-06,1.4773410194644692e-05,False
ref(2)P,4.816417,0.2655355,1.4615873603472765e-06,1.5230180741445847e-05,False
cora,4.8138123,0.2912786,1.4807795306250918e-06,1.541794218099343e-05,False
plum,4.8099165,0.28719565,1.509932291596452e-06,1.570903429261867e-05,False
apolpp,4.8088965,0.7564243,1.5176570161304825e-06,1.577690917085011e-05,False
CG12769,4.8076024,0.38933387,1.527510168124142e-06,1.5866785461779626e-05,False
VhaSFD,4.7939563,0.20943256,1.6352399738790481e-06,1.6959000202660373e-05,False
Cnot4,4.7859287,0.26293585,1.7019831841722886e-06,1.763727053629643e-05,False
CG7379,4.7815714,0.58721864,1.7393037452935934e-06,1.800981183069962e-05,False
Klc,4.7725906,0.37475216,1.8187129911762918e-06,1.8817235200044468e-05,False
loqs,4.7718873,0.31734958,1.8250781715084053e-06,1.88682353844378e-05,False
CG12994,4.7577767,0.8036044,1.9573672819766962e-06,2.020408961914673e-05,False
nudE,4.7484913,0.22988626,2.0493949347176913e-06,2.1137401445989374e-05,False
CG16952,4.7483187,0.42364025,2.051147053417385e-06,2.113888022110152e-05,False
robo2,4.7421465,0.68809235,2.1146542112543736e-06,2.1759245368741167e-05,False
VGlut1,4.7400413,0.2798741,2.1367451504328833e-06,2.1969351546704293e-05,False
trio,4.7397623,0.19608779,2.139689228175515e-06,2.1982420999395045e-05,False
lncRNA:CR44997,4.738667,0.6387274,2.1512865199959222e-06,2.208430068183314e-05,False
CG5554,4.737909,0.35329363,2.1593493500051062e-06,2.2149766166328725e-05,False
tbc,4.734434,0.21724576,2.1966690710995495e-06,2.2515001243563246e-05,False
sff,4.732909,0.21648404,2.2132441903237706e-06,2.2667208621086784e-05,False
nolo,4.714828,0.23448884,2.4191482444499112e-06,2.4698996062215875e-05,False
l(3)73Ah,4.714491,0.6144295,2.42315738526601e-06,2.4720720529810072e-05,False
Klp10A,4.710696,0.29020378,2.4687175535693576e-06,2.5165980336618586e-05,False
lncRNA:CR44417,4.7068505,0.7559411,2.5157327645512174e-06,2.562537095054496e-05,False
CG9921,4.706335,0.32738695,2.522095654792426e-06,2.5670284201372952e-05,False
GramD1B,4.7049522,0.2541509,2.539252588659263e-06,2.5824906358345756e-05,False
LpR1,4.698674,0.2502455,2.6185569285316545e-06,2.661085695352354e-05,False
CG11710,4.6984773,1.0822358,2.6210813329925526e-06,2.6615926364391143e-05,True
CG34126,4.696259,0.3568118,2.649692242697558e-06,2.688568036219762e-05,False
Sema2b,4.6929765,0.26107335,2.6925852999953836e-06,2.729982318050875e-05,False
CG12123,4.691874,0.5560927,2.7071361988422795e-06,2.7426190942781458e-05,False
CG6154,4.6892657,0.2922906,2.7418715192507976e-06,2.775669627346339e-05,False
Apc,4.6844444,0.24291965,2.8072062607224707e-06,2.839622037405178e-05,False
p130CAS,4.6827345,0.33951008,2.83073290731308e-06,2.8612177232379902e-05,False
Dys,4.6751895,0.30718452,2.9368203522569133e-06,2.963887820941309e-05,False
Spf45,4.674868,0.37388507,2.9414287279964034e-06,2.9662604363678235e-05,False
CG7607,4.672638,1.6892375,2.973559903095604e-06,2.9963632765856006e-05,True
Cbl,4.6713576,0.21846168,2.9921569759642786e-06,3.0127925413157567e-05,False
Sh3beta,4.6705565,0.2787043,3.0038492697671677e-06,3.022249571572786e-05,False
TER94,4.6685762,0.34684902,3.0329436485924586e-06,3.049187417177116e-05,False
Pp2B-14D,4.6669364,0.19618137,3.0572383000912294e-06,3.069912830592499e-05,False
Helz,4.6668696,0.20036538,3.0582312749205338e-06,3.069912830592499e-05,False
Klp98A,4.666315,0.21112227,3.066492574437554e-06,3.075855910542707e-05,False
Set8,4.6622586,0.5079524,3.1275768052073096e-06,3.1347337315350155e-05,False
S,4.659486,0.22267868,3.1700003366899144e-06,3.172414655301255e-05,False
Fis1,4.6560664,0.20713928,3.223083170341844e-06,3.223083170341844e-05,False
zfh2,4.650815,0.45862558,3.306256813656919e-06,3.301232107253185e-05,False
tmod,4.6389675,0.27872688,3.5015404936218366e-06,3.4935643193766846e-05,False
Dpm3,4.6378636,0.30647874,3.520290282897337e-06,3.5096065491100916e-05,False
Fas2,4.634976,0.25835466,3.5697866987657592e-06,3.556254527807587e-05,False
eIF4G1,4.6234727,0.19677868,3.773686012416622e-06,3.7565328941783646e-05,False
Gdap2,4.621552,0.19912383,3.8087944431138473e-06,3.7886115808112004e-05,False
rho-5,4.6200957,0.47553432,3.835631605066035e-06,3.8124205212229726e-05,False
VGAT,4.6099734,0.34386617,4.027205405893735e-06,3.999809450751601e-05,False
CG8910,4.603769,0.2986184,4.1491286522078415e-06,4.1147168896122725e-05,False
GlcAT-P,4.6037674,0.20781994,4.149162769205678e-06,4.1147168896122725e-05,False
CG5937,4.60248,0.4132556,4.174895009040899e-06,4.1371131537554606e-05,False
Flo1,4.5958753,0.21935377,4.30936799138948e-06,4.267151123350246e-05,False
CG9391,4.594357,0.5566347,4.340858364895475e-06,4.29509630381977e-05,False
CG44837,4.57003,0.33005574,4.876538304299732e-06,4.810639138025411e-05,False
kug,4.566376,0.29134747,4.962282946201241e-06,4.891552731664239e-05,False
CG6051,4.563052,0.33934692,5.041528873718649e-06,4.958509685678372e-05,False
CG7879,4.559374,0.6042321,5.130634047775879e-06,5.042373327432689e-05,False
Pgant5,4.557654,0.3293196,5.172820595946898e-06,5.078722533397295e-05,False
Kdm2,4.557551,0.37572163,5.175349674443667e-06,5.078722533397295e-05,False
Dad1,4.546532,0.31254166,5.4537088913823136e-06,5.339920628372846e-05,False
step,4.5432663,0.4629815,5.5389212196876065e-06,5.4193168150927137e-05,False
Smg5,4.5399747,0.20763989,5.626092276280458e-06,5.498428410600919e-05,False
Tpr2,4.539898,0.20026138,5.628147802327425e-06,5.498428410600919e-05,False
vap,4.538972,0.61095625,5.652916134370187e-06,5.518522883033006e-05,False
fwd,4.537519,0.20868325,5.691995945788505e-06,5.552548383642239e-05,False
spg,4.5282984,0.5387931,5.946054124187062e-06,5.796079465268397e-05,False
PVRAP,4.518818,0.30699325,6.2185798123470185e-06,6.057237860210513e-05,False
Fs(2)Ket,4.517406,0.17845467,6.26017969368333e-06,6.093241568518441e-05,False
Ptp69D,4.5168805,0.9504048,6.275727767432511e-06,6.103853653890688e-05,False
CG43707,4.5151706,0.20791456,6.326578470003125e-06,6.144215897697049e-05,False
bnb,4.513776,0.9486921,6.368355053003018e-06,6.180220487183136e-05,False
Ptp4E,4.510048,0.4677048,6.48129766033301e-06,6.285184594595997e-05,False
vvl,4.508867,0.45322037,6.517476342187627e-06,6.315607605925178e-05,False
cyri,4.507458,0.24067974,6.560881278529047e-06,6.348304860078915e-05,False
stj,4.504906,0.19615643,6.640221759146202e-06,6.420346866459241e-05,False
CG1463,4.501033,1.1523592,6.762398803039583e-06,6.533670608230893e-05,True
Manf,4.500179,0.36236718,6.789627188015978e-06,6.555158063962524e-05,False
Su(z)2,4.4935656,0.2704646,7.004048747122446e-06,6.751209650788491e-05,False
jp,4.493442,0.21976295,7.008104995186836e-06,6.751209650788491e-05,False
CG5455,4.491623,0.5925014,7.068253072788461e-06,6.804164496442519e-05,False
prtp,4.4883657,0.26357165,7.177166339178393e-06,6.903950636662086e-05,False
kud,4.4874053,0.70203656,7.209578828553413e-06,6.930056021008914e-05,False
hyd,4.4862776,0.4993343,7.247832204764916e-06,6.961733565103143e-05,False
Ip6k,4.4819403,0.17985384,7.396740900380561e-06,7.09666919653275e-05,False
hep,4.481872,0.18187639,7.39911476350827e-06,7.09666919653275e-05,False
ClC-c,4.47615,0.345901,7.6001058599655765e-06,7.284127716991078e-05,False
CG6005,4.474132,0.66113204,7.672228038421974e-06,7.347891867701512e-05,False
Dscam3,4.465754,0.28477293,7.97872569675281e-06,7.630309727462293e-05,False
kat80,4.465018,0.91353995,8.006202171946769e-06,7.651017930136767e-05,False
lqf,4.459337,0.15570498,8.221346736337431e-06,7.850908147926878e-05,False
CG14995,4.455466,0.28292975,8.371129061740661e-06,7.988136228850566e-05,False
HP1b,4.454612,0.48374826,8.404520603219748e-06,8.014180023679789e-05,False
Xrp1,4.448881,0.18741608,8.631873106479215e-06,8.225004540909128e-05,False
tara,4.438201,0.19705303,9.071390094262373e-06,8.637541002797652e-05,False
hiw,4.4379735,0.1996283,9.080986810255846e-06,8.640417573262985e-05,False
SCAR,4.4356813,0.22542803,9.17814536093521e-06,8.726543418428992e-05,False
Cph,4.4343276,0.31476602,9.236006563085603e-06,8.775207971001072e-05,False
SCaMC,4.431199,0.23807062,9.371060031818716e-06,8.897090232521526e-05,False
rdgA,4.42915,0.19782394,9.4605149147006e-06,8.975535449759271e-05,False
rg,4.419283,1.4837162,9.902895463214163e-06,9.38169043883447e-05,True
oaf,4.4189095,0.2964265,9.920005574502841e-06,9.39112919661148e-05,False
pns,4.4170375,0.5059973,1.0006297344134922e-05,9.466000511298263e-05,False
CG13924,4.4141345,0.36637884,1.0141491993332501e-05,9.58434583667659e-05,False
Gs1,4.4140387,0.19900855,1.0145985585096755e-05,9.58434583667659e-05,False
Droj2,4.413732,0.17606394,1.0160361787219468e-05,9.59103116983217e-05,False
2mit,4.4120703,0.2432628,1.0238686283263253e-05,9.658028554348826e-05,False
Wnk,4.4094377,0.2521882,1.0363928332586627e-05,9.762151848759016e-05,False
dikar,4.408534,0.17024685,1.0407260645534385e-05,9.795945908475776e-05,False
Haspin,4.4082055,0.17569862,1.0423060704103956e-05,9.803795107510808e-05,False
Lerp,4.3989253,0.31849238,1.0878823397056035e-05,0.00010195987121063929,False
Atg14,4.3881097,0.65767205,1.1434000672474025e-05,0.00010708679175788217,False
uex,4.3879404,0.17257503,1.1442910171624822e-05,0.00010709390288828359,False
E2f1,4.3843684,0.22195277,1.1632279255536763e-05,0.00010878871844679934,False
Slmap,4.3819532,0.27408588,1.1762000699523078e-05,0.00010992367652328112,False
CG12895,4.3775873,0.6204478,1.2000041517757484e-05,0.00011191393548781389,False
Dph3,4.3775787,2.9334967,1.200051256486528e-05,0.00011191393548781389,True
HPS4,4.377147,0.8288717,1.2024276210412143e-05,0.00011205602085447913,False
CG13907,4.373291,0.37878585,1.2238739495003857e-05,0.0001138930856688036,False
Atg18a,4.371162,0.60579294,1.2358715203892992e-05,0.00011492817960308133,False
CG6171,4.3628726,0.4810082,1.283656773778505e-05,0.0001192874823723448,False
c12.1,4.3625045,0.31308004,1.2858185008514108e-05,0.00011940392297659039,False
stck,4.3620663,0.6420933,1.2883969944449445e-05,0.00011955887363705206,False
CG1416,4.361601,0.29188904,1.2911420491876091e-05,0.00011972905099735486,False
CG1552,4.3613133,0.6423066,1.2928403108842083e-05,0.00011980198649519391,False
CG11050,4.352273,0.18480524,1.3473344784561498e-05,0.00012467588061206909,False
CG9231,4.34752,0.304183,1.376856600954091e-05,0.00012713911269526885,False
CG12851,4.346524,0.25032356,1.3831215333571636e-05,0.00012762593118592202,False
CG15760,4.346373,0.20727997,1.3840711715368253e-05,0.00012762593118592202,False
CrebB,4.3425803,0.34786564,1.4081908205598188e-05,0.00012975895779913056,False
CG5521,4.34022,0.39641404,1.4234020876239122e-05,0.00013106869958919555,False
rno,4.3319135,0.19658382,1.478189562013468e-05,0.0001360182832272897,False
DUBAI,4.329442,0.3552538,1.4948758458977374e-05,0.00013745744307275205,False
ND-MNLL,4.3276844,3.6678882,1.5068525731698917e-05,0.00013846183784232432,True
CG10433,4.323864,1.0285794,1.533198100726774e-05,0.00014068591510858804,True
CG7564,4.3186283,0.28117028,1.5700193368583937e-05,0.00014396408992546611,False
Nipped-A,4.313762,0.17008649,1.6049951588930902e-05,0.00014696610723244046,False
Tango5,4.309331,0.26549962,1.637491242123582e-05,0.00014983729053972053,False
Ddc,4.3033643,0.19426943,1.682237880824952e-05,0.0001537177034356041,False
Ctps,4.300573,0.561915,1.7035714660595817e-05,0.00015555892330801184,False
Lipt2,4.296946,1.2157664,1.7316733953409033e-05,0.00015801519732485745,True
Neto,4.2953134,0.6453487,1.7444689306204866e-05,0.00015907232302812764,False
SsRbeta,4.2931943,0.47225094,1.7612079707089677e-05,0.0001604873282601653,False
Synj,4.2917156,0.24208283,1.7729806972720504e-05,0.0001614481383378707,False
Trpm,4.289766,0.4202818,1.788615139893452e-05,0.00016271408592535017,False
RapGAP1,4.2889256,0.18498509,1.7953952721014756e-05,0.0001631500268009225,False
CG10631,4.258776,0.27215394,2.0554923491515474e-05,0.00018665631975018198,False
lost,4.25855,0.16846946,2.0575705272956862e-05,0.00018671599950735715,False
CG43902,4.2553906,0.22448094,2.0868439674031162e-05,0.00018924175108127637,False
SCCRO,4.250451,0.25624233,2.1334053740085105e-05,0.00019319742670208015,False
CG15814,4.2460794,0.25961542,2.175433797209831e-05,0.00019686776925163349,False
dco,4.2411127,0.20786524,2.224145265540927e-05,0.00020099909758739874,False
GEFmeso,4.2400155,0.6074602,2.2350438633290657e-05,0.00020184519837899604,False
Pdha1,4.2337065,0.14847209,2.2987082317684233e-05,0.00020745210278459535,False
Uhg5,4.2281747,0.25691763,2.35594771632714e-05,0.00021247188052531652,False
Rab40,4.224885,0.65865374,2.390627157150845e-05,0.00021545158329877985,False
Ih,4.220988,0.15463786,2.4323406217305196e-05,0.00021906069752939701,False
Gbs-76A,4.2121987,0.2769416,2.528967295179837e-05,0.00022760705656618533,False
CG14200,4.2113123,0.46727374,2.5389148695028912e-05,0.0002283459369285968,False
LRR,4.2081084,0.21286912,2.5751755917639394e-05,0.000231195581990901,False
Khc-73,4.2080464,0.17495856,2.5758777171588972e-05,0.000231195581990901,False
dpr21,4.207225,0.7223695,2.5852568049127246e-05,0.00023187900625633586,False
CG7115,4.2057633,0.2256818,2.6020241205651262e-05,0.00023322371721845676,False
Bgb,4.195571,0.18797751,2.7218514656602826e-05,0.00024379773864196397,False
TBC1D16,4.1893067,0.17850313,2.7980825955084556e-05,0.0002504550770094081,False
na,4.186407,0.24404317,2.834048697229556e-05,0.00025350170103196983,False
Atg5,4.1841617,0.9649693,2.8622059401030757e-05,0.00025584616362554026,False
BNIP3,4.1829033,0.22544079,2.878096020150353e-05,0.0002570916499304938,False
IntS6,4.182104,0.34092337,2.8882356959774794e-05,0.000257822126665381,False
CG31800,4.1781297,0.488508,2.9391580130454394e-05,0.0002621896557462123,False
kek6,4.1766543,0.18840516,2.9582782911118577e-05,0.00026371626014389286,False
twin,4.1733103,0.20298035,3.0020592234632917e-05,0.0002674376826868316,False
Tomosyn,4.172913,0.21143888,3.00729807867094e-05,0.0002677228777353398,False
CG18549,4.168675,0.35115832,3.0637531902717765e-05,0.00027256409560034626,False
Su(dx),4.166171,0.42099658,3.0975828015649156e-05,0.0002753872666614546,False
CG7166,4.1633177,0.14954619,3.1365622134335024e-05,0.00027866414796833146,False
beat-Ib,4.160877,0.19372387,3.170275776821178e-05,0.0002814690791042587,False
CG42240,4.1606994,0.3686437,3.172747974043122e-05,0.0002814983685275262,False
Parp1,4.155193,0.15799159,3.250130635731137e-05,0.00028816947741907656,False
CenG1A,4.1509585,0.4800015,3.3108571200331685e-05,0.00029335578258419306,False
CG13532,4.148316,0.6000952,3.349300533413846e-05,0.0002963623502293464,False
par-6,4.13736,0.40231517,3.513245790336935e-05,0.0003106598229140466,False
Ubc4,4.1325984,0.31698102,3.586850522906319e-05,0.0003169550495695295,False
Dp1,4.1293654,0.30808356,3.637660856987322e-05,0.00032122892245170303,False
CG33229,4.1271195,0.146895,3.6733524019698384e-05,0.0003241628647540878,False
Ras64B,4.126079,1.0018405,3.690004894774788e-05,0.0003254138544787968,True
msps,4.120631,0.17761558,3.778360195496305e-05,0.00033298224660510694,False
lilli,4.1169186,0.15160748,3.8397149645181024e-05,0.0003381625645694897,False
Paf-AHalpha,4.1133995,0.4204648,3.898745439679699e-05,0.0003431313802906312,False
key,4.112429,1.0086821,3.915175668308526e-05,0.00034434677564641254,True
Hydr2,4.1115136,0.6044618,3.9307388594754805e-05,0.0003454843385518918,False
MSBP,4.1112638,0.18968609,3.9349961979914705e-05,0.00034562733985032035,False
RpL30,4.1098757,0.1637285,3.958724623661639e-05,0.0003474792355037671,False
lncRNA:CR42491,4.10775,3.8104725,3.995326741865071e-05,0.0003504578997870963,True
X11L,4.105451,0.22641852,4.035266676264535e-05,0.00035372517762585716,False
DIP2,4.1052594,0.20339221,4.038614543674677e-05,0.00035378263402590174,False
Fmr1,4.0992036,0.20339775,4.145738266579001e-05,0.0003626830946927302,False
Cen,4.0954676,0.4547876,4.2131743587953114e-05,0.0003680924938468776,False
Graf,4.0952673,0.13941231,4.2168178877468305e-05,0.00036816602687703224,False
CG7945,4.093453,0.15042102,4.249964141559979e-05,0.00037081360438312173,False
Ndae1,4.0921555,0.18943591,4.2738182566972157e-05,0.00037264745781686405,False
galectin,4.0883455,0.16644531,4.344606415509612e-05,0.000378317616300837,False
CG6083,4.0879517,1.5796099,4.351983620674136e-05,0.0003787090382493917,True
Ire1,4.087173,0.63175297,4.366612675894361e-05,0.00037973057949207086,False
Coa7,4.0844464,0.23904593,4.418198842667221e-05,0.00038390109745669215,False
Pdfr,4.08433,0.5197613,4.420413702069827e-05,0.00038390109745669215,False
Hr3,4.081669,0.19313654,4.471350657280056e-05,0.00038806834634517795,False
CG8369,4.0811567,0.28870943,4.481208565104629e-05,0.00038866719831996585,False
Slik,4.0800257,0.24284884,4.503074668962656e-05,0.00039030607618845186,False
CG5181,4.0754523,0.35352004,4.592500926137241e-05,0.0003975326888632631,False
Tsp39D,4.0751767,0.18203212,4.597942704697155e-05,0.0003977417191555011,False
Ykt6,4.0733743,0.3553402,4.6336850303626255e-05,0.00040056987696687437,False
gzl,4.067485,0.17321548,4.752330144232388e-05,0.00041055633198694,False
Dap160,4.06431,0.15506202,4.8174794324415545e-05,0.0004159111678205127,False
CG9795,4.0617495,0.5408423,4.870636185088619e-05,0.000420224290689852,False
CG15916,4.0583158,0.45380032,4.942787725460044e-05,0.0004258900374593113,False
Nelf-A,4.054554,0.33911204,5.023007959649878e-05,0.00043251850976277454,False
RpL37A,4.0525274,0.20943055,5.066730171821129e-05,0.000435997606140993,False
IntS3,4.051819,0.35122558,5.0821031083268284e-05,0.00043703425944643015,False
Doa,4.051624,0.20624432,5.086343992041164e-05,0.00043711288460052903,False
scaf6,4.051216,0.20886032,5.0952085800549516e-05,0.00043758850158119,False
FMRFaR,4.043774,0.9811184,5.259755069358479e-05,0.00045142509217093677,False
Uhg2,4.037207,0.9640475,5.4091340750496254e-05,0.0004639427006928987,False
dcma,4.031162,0.29246584,5.55018438698778e-05,0.0004757300903132383,False
mmy,4.0290923,0.37942117,5.599261120356025e-05,0.000479623801313417,False
lncRNA:CR44922,4.028192,0.17096095,5.620741029255564e-05,0.00048115007898643725,False
CG32590,4.027011,0.5382607,5.649036467806681e-05,0.00048325741658189963,False
Pka-R1,4.021226,0.15047003,5.7896032413811045e-05,0.0004943170018956966,False
msk,4.0191736,0.5712197,5.840258231740033e-05,0.0004983181374354807,False
Ctr1A,4.0083876,0.8990397,6.113477236746147e-05,0.0005212919590580426,False
CG18081,4.0054007,0.43299446,6.191243748380362e-05,0.0005275806929553693,False
Arfip,4.004978,0.5180971,6.202326756631295e-05,0.0005281825896444279,False
CG42524,4.0048103,0.3000494,6.206729265929127e-05,0.0005282151719838647,False
Ogdh1,4.004064,0.15866643,6.226351824821889e-05,0.0005295421551984442,False
PIP5K59B,3.9977055,0.14075062,6.395947207763668e-05,0.0005436141417206636,False
Su(Tpl),3.9972742,0.14909765,6.407608352795979e-05,0.0005441715930580252,False
shn,3.9970756,0.4492455,6.412982942689947e-05,0.0005441715930580252,False
Surf4,3.9970038,0.20059581,6.414929966871241e-05,0.0005441715930580252,False
Isha,3.9929643,0.47326845,6.525237676724767e-05,0.0005531717617558932,False
bif,3.9905374,0.17822851,6.592376628398887e-05,0.0005585030876670624,False
S6kII,3.9840624,0.27089003,6.774705835409162e-05,0.0005735801203432757,False
mib2,3.9827924,0.513478,6.811023294461725e-05,0.0005760455661817591,False
lncRNA:CR45668,3.9827378,1.8580261,6.812593682240896e-05,0.0005760455661817591,True
Lrch,3.97958,0.3311702,6.903717908419143e-05,0.0005833752624863507,False
CG9686,3.9780993,0.48500416,6.946836066453843e-05,0.0005866415547121048,False
mim,3.975128,0.2533371,7.034141416947408e-05,0.0005934821603011699,False
Atxn7,3.9750357,0.58374435,7.036873711942335e-05,0.0005934821603011699,False
lncRNA:CR45919,3.9744382,0.3403319,7.054556661679816e-05,0.0005945918828381833,False
Prp4k,3.9691615,0.31630623,7.212600757307733e-05,0.000607522909942459,False
Hs6st,3.9671485,0.24841587,7.273763910485993e-05,0.0006122822407673668,False
CG32813,3.9644613,0.4138644,7.356183739010296e-05,0.0006188236512842208,False
TfAP-2,3.9606857,0.8395605,7.473485031744099e-05,0.0006282891447032468,False
CG42268,3.9592395,0.1576304,7.51888365041432e-05,0.000631701605923556,False
Shawl,3.9538205,0.22888038,7.69131046956808e-05,0.0006453628325039883,False
CG9265,3.9499712,0.32487938,7.816059622031471e-05,0.0006554117640937685,False
didum,3.9490623,0.36776513,7.845791404649032e-05,0.0006574853256191854,False
CG14207,3.948126,0.2923582,7.876530846292539e-05,0.0006596406330164689,False
HisT,3.9459746,0.27065787,7.947601754356536e-05,0.0006651687073391395,False
wapl,3.9433422,0.3532672,8.035385173464429e-05,0.0006720875950306976,False
CG3558,3.934127,0.31431717,8.349958824870317e-05,0.00069751086432801,False
e(r),3.9338977,0.14930762,8.35793459629026e-05,0.0006977335488897968,False
RyR,3.9336085,0.24926713,8.368003857918882e-05,0.0006981306075749468,False
CG18265,3.9272723,0.48203164,8.591471668368952e-05,0.0007163194017916753,False
cta,3.9257987,0.24829689,8.644247383650982e-05,0.0007198061509580096,False
spri,3.9246998,0.6167677,8.683798505270249e-05,0.0007226416235544716,False
Dop1R1,3.9084415,0.23875229,9.289345774585463e-05,0.000772544325810462,False
cpo,3.9065006,0.17109638,9.36424469588064e-05,0.0007782806787088654,False
elB,3.9059563,0.1753079,9.385350266182292e-05,0.0007795417351304381,False
Hr78,3.9057355,1.3408586,9.393924761045294e-05,0.000779761031965478,True
CG8301,3.9047067,0.3941645,9.433970212806936e-05,0.0007825907108351208,False
Slip1,3.9024012,0.13804042,9.524308989609873e-05,0.000789088399265282,False
path,3.9011142,0.42963198,9.575097802801012e-05,0.0007927963776232219,False
px,3.900402,0.15810336,9.603303498232812e-05,0.0007946310325363926,False
CG42724,3.8970885,0.12546319,9.735603702579181e-05,0.0008043149458913942,False
H,3.8968096,0.4160194,9.746820807198126e-05,0.0008044800590865789,False
CG10077,3.8938212,0.08958316,9.867742442849673e-05,0.0008139493766418374,False
Dgk,3.8899443,0.5000218,0.00010026719300868143,0.0008265438620665458,False
RasGAP1,3.889655,0.37325177,0.00010038677571048105,0.0008270108042857185,False
CG42671,3.8880994,0.20235734,0.00010103228785699374,0.0008318071819805124,False
HSPC300,3.8878033,1.1908578,0.00010115558406905295,0.0008323007981636542,True
CG15803,3.8815012,0.32873628,0.00010381364961991277,0.0008531027867452494,False
CG8500,3.8686523,0.14639336,0.00010943854826840921,0.0008982027009662068,False
CG10353,3.856449,0.5299236,0.00011504618694101965,0.000943637263673532,False
CG12155,3.855249,0.71287304,0.00011561190961835186,0.0009476858966844313,False
Psc,3.8531764,0.3229629,0.00011659539951487414,0.0009551518389186073,False
ERp44,3.8529418,0.86589557,0.00011670715682770948,0.0009554716764586309,False
Ssdp,3.8527262,0.17897013,0.0001168100300974606,0.0009557184280701322,False
Dscam4,3.8509545,0.16413866,0.00011765830265387374,0.0009620597989246428,False
CG14669,3.8497138,0.14908266,0.00011825595934317486,0.0009663453394087796,False
Bckdhb,3.8485925,0.48166892,0.00011879837164485867,0.0009701743961550298,False
emc,3.845748,0.16317175,0.00012018523856894242,0.0009802818341377428,False
CG32069,3.8430521,0.5607614,0.00012151358362388788,0.0009905015439316915,False
CG42322,3.842253,0.15000771,0.00012191010132237547,0.0009931176263955448,False
CG1486,3.8419106,0.6389519,0.00012208028898991706,0.000993887854601927,False
CG17683,3.8404574,0.14054081,0.00012280523228752675,0.0009989633096244607,False
lbk,3.8403566,0.25236338,0.00012285576167070993,0.0009989633096244607,False
Mgstl,3.8398566,0.49412397,0.0001231061279725065,0.001000380038069719,False
CG14989,3.8394818,0.12047851,0.00012329421826627094,0.0010012892632996293,False
fra,3.8370738,0.28651124,0.0001245091105356256,0.0010099072299000744,False
CG10948,3.834597,0.6747702,0.00012577030590954586,0.0010188790503399708,False
Gclc,3.8326492,0.4479104,0.00012677062774172281,0.0010263499990919517,False
CG31687,3.8264534,2.393265,0.00013000276886296588,0.0010518696938789235,True
CG32448,3.8222976,0.3001352,0.00013221396643642796,0.0010691024732151775,False
fipi,3.8157234,0.37768623,0.00013578450687898373,0.0010959511181755813,False
wnd,3.8100052,0.3097453,0.0001389639376941457,0.0011209245802953189,False
ogre,3.8014934,1.2051433,0.00014382657487438765,0.0011580154374077535,True
CG17841,3.7943766,0.15791869,0.0001480148453456151,0.0011910073899824754,False
DIP-theta,3.793675,0.29013154,0.00014843399256456654,0.0011936491201336623,False
Gasz,3.7914977,0.27115926,0.00014974149413747974,0.001203427053802131,False
Ack-like,3.7900498,0.23399366,0.00015061710187047923,0.0012097241556100838,False
Edc3,3.788547,0.13972941,0.000151530925209589,0.0012163203159767863,False
Polr2G,3.7881413,1.5358417,0.00015177848817762236,0.0012175636963699377,True
Patsas,3.784369,1.2834594,0.00015409902404334334,0.0012354247565158824,True
beat-Va,3.7811873,0.23984024,0.00015608223991317547,0.0012505613612555644,False
gammaSnap1,3.7800558,0.14122723,0.00015679317811321893,0.00125549199293583,False
dpr11,3.7677736,0.15455875,0.0001647099995428999,0.00131727899817024,False
CG14535,3.7675407,0.31386852,0.00016486360927372125,0.0013177054901804728,False
Cortactin,3.7664762,0.52134514,0.0001655678672950014,0.0013225299551710141,False
Atet,3.7636058,0.12466745,0.00016748077528505072,0.0013369971975975494,False
br,3.7633612,0.33673322,0.00016764484988933257,0.0013374944308110685,False
CG11357,3.7623067,0.17296053,0.00016835336293865753,0.0013415180042534627,False
Nhe2,3.7536957,0.26615852,0.00017424629089299635,0.0013876340983842255,False
CG4238,3.752455,0.22158709,0.000175111322169685,0.0013936782394364997,False
Tbcb,3.7522957,0.45443442,0.00017522257659738014,0.0013937195257200817,False
DnaJ-1,3.7516093,0.2660805,0.00017570304821687348,0.001396695737186762,False
pod1,3.7474554,0.3336672,0.00017863758390186462,0.0014189745717731806,False
Nhe3,3.743885,0.13607468,0.00018119657508188265,0.0014377554327149383,False
mRpL36,3.7327375,0.1964907,0.0001894099364553947,0.0015020196530017417,False
Saft,3.728491,0.17257738,0.0001926297078887125,0.0015266310987078907,False
Pink1,3.7280495,0.32625964,0.0001929674695478764,0.0015283861060030718,False
Mbs,3.7271852,0.128882,0.0001936302036543912,0.0015320173911950816,False
emb,3.7271476,0.1517568,0.00019365912380327478,0.0015320173911950816,False
rdgC,3.7170885,0.48098677,0.0002015318140173062,0.0015914230986703146,False
Vha100-1,3.7147849,0.12917142,0.00020337671934246348,0.0016040636807682894,False
NK7.1,3.7144647,0.16406249,0.00020363428398869707,0.0016051316686331609,False
Rab39,3.713751,0.28808382,0.00020420974329105719,0.0016087026539835082,False
CG4101,3.7133489,0.14120215,0.00020453471555565873,0.0016102972812470676,False
CG14903,3.712986,0.30491868,0.00020482829875856885,0.0016116430213698172,False
Svil,3.7126985,0.44905525,0.0002050612306809999,0.0016125102161270728,False
kay,3.7045085,0.2537389,0.0002118010466270933,0.0016645130099760801,False
lncRNA:CR43334,3.7007105,0.5896284,0.0002149966836722047,0.0016876083772119292,False
ATP8A,3.7005017,0.1178883,0.00021517368532251798,0.0016879893881420215,False
PAPLA1,3.6971657,0.3724337,0.00021801997834183383,0.0017092974435630646,False
kek4,3.694874,0.8961481,0.00021999588022712172,0.0017237602064307568,False
DIP-kappa,3.694251,0.3477601,0.0002205359178093077,0.0017269618355269984,False
kune,3.6934123,0.523226,0.00022126485699474824,0.0017316380112632472,False
CG9609,3.690898,0.22859158,0.00022346376536925343,0.0017478058791380894,False
pygo,3.6880174,0.52065337,0.00022600821369378368,0.0017666555192958463,False
CG7029,3.687045,0.14351228,0.0002268730661740519,0.0017723615276617373,False
GlyT,3.6841698,0.3068016,0.000229449297080865,0.0017914223194548818,False
sws,3.6826978,0.17143175,0.0002307786823379761,0.0018007315237060606,False
Yp3,3.682126,3.3044758,0.0002312969245896069,0.0018027796654602674,True
CG44247,3.6821055,0.1557915,0.00023131556438097498,0.0018027796654602674,False
l(2)41Ab,3.6771607,0.8602238,0.00023584434838541438,0.0018358973565073134,False
CG31715,3.6746979,0.18045482,0.00023813103492895826,0.001852600236214631,False
tra,3.673979,0.81244457,0.00023880236038739658,0.0018567236778049652,False
Aef1,3.6706533,0.24438077,0.00024193121285964476,0.0018799385789330172,False
CG4676,3.6639764,2.1224442,0.0002483295431062093,0.0019273775525195452,True
CG32486,3.663174,0.16693084,0.0002491093857340881,0.0019322888598263975,False
CG15922,3.6528034,0.5621434,0.0002593928849713542,0.0020086595422749995,False
x16,3.652783,0.1555271,0.0002594136410381031,0.0020086595422749995,False
Tob,3.6508555,0.17261177,0.0002613681955688804,0.0020226019374411596,False
Wdr82,3.6506245,0.49276912,0.0002616034585494331,0.002023230986073897,False
Sec61alpha,3.643092,0.43816096,0.0002693826635726314,0.0020821695290261038,False
ICA69,3.6426127,0.34865436,0.0002698848563775506,0.002084824816461502,False
Sos,3.6414025,0.76113254,0.00027115680130158915,0.0020934197233271924,False
eas,3.6364253,0.1524813,0.00027644782448810586,0.002133014922944046,False
CG1440,3.6315591,0.603237,0.0002817139909068881,0.002172371972134102,False
cyst,3.6279888,0.5227332,0.0002856375751209197,0.002201335916181164,False
sbm,3.6275063,0.16869567,0.00028617190407196144,0.00220416108997982,False
CG6665,3.6250553,1.1209939,0.0002888997159372586,0.0022238677606418148,True
CG6418,3.6242063,0.5154519,0.0002898502108609986,0.002229878085897847,False
ReepA,3.6197886,0.112350605,0.00029484369780185003,0.0022669667578211292,False
Invadolysin,3.6193044,0.25646794,0.0002953960959885579,0.002269885790227866,False
CadN2,3.6134439,0.22178243,0.0003021567966198153,0.0023204794316682483,False
Eip74EF,3.6106145,0.2924149,0.00030547226454351306,0.0023445710023958888,False
robo3,3.6069176,0.26939178,0.00030985599113651026,0.00237544207907453,False
FASN1,3.6054218,0.22153635,0.00031164645906492367,0.0023877752023983073,False
MICU1,3.6049922,0.42443317,0.0003121624427973017,0.002390334789252065,False
Nulp1,3.6048226,0.2029163,0.000312366178154191,0.002390501794377443,False
side-IV,3.6041448,0.26188895,0.0003131823651288085,0.0023953528974345424,False
CG9240,3.6009185,0.20501585,0.0003170949423390483,0.0024238670985079085,False
CG15385,3.5973089,0.74109334,0.0003215266782665877,0.002456314274664513,False
SPoCk,3.5971189,0.1501902,0.00032176152595639427,0.00245668009939978,False
Rab7,3.5967166,0.10617016,0.0003222592559028566,0.002459051464903331,False
DCTN5-p25,3.5946147,0.5077341,0.0003248719024627234,0.0024775489253396317,False
ph-p,3.593728,0.3111485,0.0003259799135587517,0.0024845568817644997,False
unc-13,3.5934765,0.11081663,0.00032629499279443334,0.002485516640764553,False
GABA-B-R2,3.5888467,0.14910512,0.00033214400059138207,0.0025271408035731093,False
Sec16,3.5877326,0.23088118,0.00033356622805779193,0.002536493192522793,False
Adss,3.5872583,0.1695466,0.0003341731112437714,0.0025396383353054695,False
zld,3.5844874,0.32272264,0.0003377409172817261,0.0025652691636311453,False
SamDC,3.5843213,0.7044741,0.00033795580470479106,0.002565418413530303,False
Set1,3.580537,0.11490239,0.00034288873444683247,0.0025998603408144134,False
Afti,3.5772302,0.30071828,0.00034725425562728466,0.002629925601695977,False
CG7546,3.574319,0.29630184,0.0003511407950747068,0.0026578283682497966,False
Cp190,3.5678287,0.2477507,0.00035995188403662023,0.0027229520761319456,False
CG5098,3.56744,0.3930955,0.0003604858453667101,0.0027254223291821467,False
eRF3,3.5626578,0.47506252,0.0003671189897434867,0.0027739755751750523,False
bon,3.5619886,0.24564323,0.0003680563004470084,0.0027794596482032703,False
dac,3.5615315,0.7680435,0.00036869764165640875,0.002782703625137973,False
DIP-beta,3.5596027,0.46303928,0.0003714162558786098,0.0028000055090332374,False
Usp15-31,3.5541668,0.4156506,0.0003791787446027093,0.0028568857248162842,False
l(2)SH0834,3.5485425,0.1344367,0.000387369508084213,0.002915255060839953,False
Lint-1,3.541157,1.2814609,0.0003983764295737767,0.002994660345880679,True
CG15765,3.5390399,0.14695145,0.0004015853143455255,0.00301705604945695,False
Hip14,3.5367224,0.39294678,0.00040512537953201405,0.003041912849743237,False
CG2924,3.5297854,0.1100636,0.0004158970516499522,0.0031210092853685735,False
CG2993,3.5253403,0.12173433,0.0004229390872495518,0.0031720431543716386,False
CG33774,3.5211487,1.0762902,0.0004296816687235868,0.0032207741740033833,True
CG14645,3.5109699,2.3100119,0.0004464749705991575,0.0033428382414090766,True
dom,3.5064497,0.19736706,0.0004541274199913185,0.0033981972088188636,False
Dad,3.4958634,0.25455034,0.00047253038054580714,0.003533892544320948,False
Roc2,3.4931986,0.12779921,0.00047727149031620065,0.0035673193303497595,False
Ac78C,3.4915006,0.86841893,0.00048031526013365185,0.00358802871981591,False
CdGAPr,3.49071,0.41620275,0.00048173899323907036,0.003596619529068969,False
schlank,3.4813373,0.114855275,0.0004989167607267528,0.0037227519795284113,False
mAChR-A,3.4798996,0.13671926,0.0005016017473296291,0.00374066229279871,False
CG18324,3.476069,1.574037,0.0005088212239672053,0.0037923487708049217,True
Nmda1,3.4744995,0.12055545,0.0005118072199968796,0.00381244153671145,False
MAPk-Ak2,3.4725125,0.40003628,0.000515611178315716,0.003838556266820175,False
Cul2,3.4723635,0.27657932,0.0005158972882195152,0.003838556266820175,False
CG4887,3.4714222,0.12805697,0.0005177094565557538,0.003849859795779629,False
Mical,3.468182,0.2120987,0.0005239920626585227,0.0038943753978127765,False
slgA,3.4667752,0.15865712,0.0005267422319827211,0.003912601994490082,False
DENR,3.4650037,0.20565344,0.0005302241684090703,0.003936240436663945,False
toc,3.4623268,0.12504601,0.0005355264753177585,0.0039711161883043715,False
PIG-L,3.451975,0.62182516,0.0005564989456481563,0.004124306906834052,False
Epac,3.4507017,0.117099956,0.0005591310890023628,0.004140457643407961,False
Dp,3.4499092,0.12567149,0.0005607749512976796,0.004148976835614589,False
Slc25A46a,3.4487522,0.7097993,0.0005631831464488769,0.004164449377793045,False
Baldspot,3.442457,0.12339215,0.0005764553498674296,0.004260193080572568,False
Rpn8,3.4411733,0.17796034,0.0005791972555832803,0.004278050555572965,False
CG17600,3.4400215,0.46211377,0.0005816679909744865,0.004291475239418727,False
g,3.4392445,0.1654204,0.0005833402664891321,0.004301397924616833,False
Naus,3.4370108,0.272746,0.0005881720953647615,0.004332164424379465,False
Klp68D,3.4342775,0.17673202,0.0005941357620052684,0.00437363804635811,False
CG11537,3.4333208,0.13273141,0.0005962364968691815,0.004386644775398121,False
Cep162,3.4316723,0.5458148,0.0005998716952419372,0.0044084530623484655,False
alpha-Spec,3.428412,0.13450451,0.0006071236628844702,0.0044592537340983444,False
Fili,3.4245882,0.325432,0.0006157319867273888,0.004517971353909931,False
Osbp,3.4245558,1.0101575,0.0006158056845397782,0.004517971353909931,True
wge,3.4200714,0.12688573,0.0006260471941608379,0.004590546948255251,False
elgi,3.4158523,0.44143108,0.0006358272857758684,0.004659660086500229,False
mbf1,3.4118009,0.11031543,0.0006453521442440704,0.0047268267421221215,False
Alg-2,3.405949,0.1002152,0.0006593447545186761,0.004821252128200002,False
stol,3.401463,0.14922553,0.0006702619367825838,0.004898354754907203,False
sw,3.3969119,0.3684725,0.0006815089432132513,0.004977780719189618,False
Galphas,3.395197,0.12101966,0.0006857925140718921,0.005006285352724813,False
CG15356,3.394877,0.3769961,0.0006865947088356851,0.005009358397612939,False
scyl,3.3939629,0.13427451,0.0006888902722750553,0.00502331752369269,False
CG6700,3.3933365,0.14013109,0.0006904677540197386,0.005032027891192105,False
bab2,3.3878183,0.4493284,0.0007045091412349931,0.005131513367975504,False
CG3732,3.3820777,0.1360318,0.0007193979836413229,0.005237057897532954,False
CG2656,3.3770628,0.94754374,0.000732643332693732,0.005330527902323166,False
CG33941,3.37614,1.3253837,0.0007351044672209933,0.005345474653726537,True
rst,3.3756216,0.65633714,0.0007364913688992145,0.005352597669986549,False
snf,3.3721967,0.11708285,0.0007457116096788714,0.005416611692194788,False
tsr,3.3675394,0.10360034,0.0007584215421857549,0.005501689804658138,False
ctrip,3.3674455,0.11439262,0.0007586805118752317,0.005501689804658138,False
l(1)G0289,3.3643355,0.111225,0.0007672822333760594,0.005557931944080165,False
Ras85D,3.361251,0.10814322,0.000775902296128288,0.005617276127341985,False
Fntb,3.3600583,0.23619774,0.0007792605169188963,0.005638481934093775,False
Arf6,3.3586154,0.1251775,0.0007833402082401156,0.0056648818581591185,False
Dab,3.3572495,0.121193916,0.000787220380605871,0.005686682683431086,False
CG7326,3.3525512,0.56544787,0.0008007042327651648,0.0057809085816122345,False
CG8321,3.3472915,0.22881493,0.0008160533811760988,0.005886639822929097,False
cdi,3.3472264,0.107884176,0.0008162448826009752,0.005886639822929097,False
Trap1,3.3467574,0.38749123,0.0008176269433925804,0.0058933724828187095,False
S6k,3.343396,0.1703949,0.0008275971301570312,0.00596196616790756,False
Yp1,3.341686,5.5577273,0.0008327116880432683,0.005995524153911531,True
Mrtf,3.3403187,0.38321638,0.0008368233968006696,0.006018532804576243,False
Ac76E,3.3400788,0.64952767,0.0008375457824583213,0.006020433031456424,False
GAPcenA,3.3368938,0.22232592,0.0008472034617060225,0.0060865245964008404,False
Ddr,3.3340883,0.2772155,0.0008557945024966462,0.006144885116287394,False
ORMDL,3.3324864,0.6537798,0.0008607368449817354,0.006176997347383945,False
Xpc,3.3256538,0.23444414,0.0008821143410872055,0.006326955481378756,False
Abca3,3.3216555,0.65751535,0.0008948510371161903,0.0064148077619785825,False
hook,3.3209486,0.11808873,0.0008971205140828103,0.006427570095446089,False
Hibch,3.3196392,0.6468252,0.0009013383657121197,0.006454270368096595,False
l(3)psg2,3.3122847,0.18160096,0.0009253735416984834,0.006622771425881303,False
Qsox1,3.3102803,0.4206919,0.0009320257208995349,0.006666749032455029,False
RabX1,3.3060665,0.468286,0.0009461565144491114,0.006764143960751538,False
MTA1-like,3.303393,0.29389945,0.0009552243300492026,0.0068252570401558035,False
CG14971,3.3007724,1.6546087,0.0009641902374500988,0.0068855759348338584,True
CtsL1,3.2985337,0.09303578,0.0009719118747864129,0.0069369484164548975,False
Kank,3.2977705,0.10184345,0.000974557853078809,0.00695205764899867,False
CARPB,3.2938116,0.39416862,0.000988387482234225,0.007043064813751473,False
fok,3.2829943,0.109326266,0.001027107266133919,0.007310148670066422,False
cnc,3.2828763,0.2263585,0.0010275376403053793,0.007310148670066422,False
Ttc7,3.2798777,0.21530521,0.0010385214794941466,0.007384292337961627,False
Vps2,3.2795403,0.291828,0.0010397633063938619,0.00738912376745016,False
CG12594,3.276391,0.22504033,0.0010514286284874974,0.007467984961257144,False
Gas41,3.2758896,0.88648564,0.0010532973420906023,0.007477216139962461,False
Evi5,3.2753334,0.13374719,0.0010553737416588486,0.00748791088844345,False
tth,3.2746453,0.17359051,0.0010579473273776697,0.007502119741901014,False
CG5071,3.2725332,0.5052856,0.0010658836507656086,0.007550248609735901,False
CG33639,3.2715678,0.23004597,0.0010695292569490832,0.00757199053680547,False
Zir,3.270231,0.20051771,0.0010745965638344482,0.007603768900799487,False
CG9426,3.2590134,0.272541,0.0011180038595426536,0.007898156298059393,False
Atg12,3.2572658,0.16047966,0.0011249101134107877,0.00794267538431905,False
Bap60,3.2562184,0.22359876,0.0011290686919878659,0.007964295843430311,False
Faf2,3.2561893,0.13984153,0.001129184410678133,0.007964295843430311,False
28SrRNA-Psi:CR45859,3.2552547,0.8630409,0.0011329068590561358,0.007986264017166107,False
mts,3.253699,0.14205974,0.0011391292953670357,0.008023889693087441,False
anchor,3.2536151,0.43239796,0.0011394656139498604,0.008023889693087441,False
CG2698,3.2528517,0.27777213,0.001142531021991474,0.008041166378665221,False
Kap3,3.252405,0.15348135,0.0011443284381324986,0.008049505180439525,False
Fur1,3.2489235,0.11840207,0.0011584256978538128,0.008144309079614286,False
lt,3.2459676,0.2310068,0.0011705210114153694,0.008224944433153986,False
htk,3.2448912,0.43562564,0.0011749552274474973,0.008249215303199735,False
lncRNA:CR46348,3.2448244,0.28270146,0.001175230673332565,0.008249215303199735,False
Snx1,3.244073,0.6541272,0.0011783353239216514,0.008266591647800588,False
CG1951,3.2381835,1.1167727,0.0012029341875129148,0.008434661272102295,True
Brd7-9,3.236809,0.18948811,0.0012087424975324094,0.008470867422707124,False
dpr19,3.2300518,0.0929652,0.0012376780640801892,0.008664405840177775,False
CG6340,3.22579,0.081285976,0.0012562552430739856,0.008789773106492104,False
CG46339,3.224246,0.17181924,0.0012630480900819015,0.008832598139263537,False
Septin1,3.2190325,0.43525216,0.0012862385358738697,0.008989986362437578,False
CG5151,3.2161417,0.08245374,0.0012992663522850677,0.009066574545419964,False
Prp6,3.2112365,0.8649471,0.0013216517427171281,0.009217889543154492,False
CG42554,3.2042172,0.659499,0.0013543027246865859,0.009440603608690578,False
Oser1,3.203375,0.3667535,0.0013582694838407804,0.00946323489802113,False
Dlg5,3.201453,0.43357852,0.0013673638746566576,0.00952154812559008,False
Qtzl,3.1990757,0.42641175,0.0013786901018674974,0.009595332594565105,False
vtd,3.1987863,0.17092139,0.0013800740554878825,0.009599879877771719,False
CG11444,3.1972802,0.16186348,0.001387301169083006,0.009639945722766101,False
wts,3.1920838,0.172491,0.0014125034704034363,0.009809881395930843,False
Ulp1,3.1914093,0.24944846,0.0014158048918918608,0.009827615572878527,False
hid,3.190622,1.089537,0.0014196683442471074,0.009849230223551737,True
Nos,3.1900744,0.38548657,0.0014223616932223218,0.009862708521868765,False
HERC2,3.186742,0.18465781,0.001438850819689645,0.00997178257949469,False
CG3529,3.1840053,0.18006538,0.001452524317850761,0.010060749683629414,False
Men,3.1837964,0.14541854,0.001453572475906662,0.010060749683629414,False
Drep1,3.1827967,0.28297353,0.001458599550301529,0.010087367416295838,False
side,3.1821856,0.129708,0.0014616804939301346,0.01010228647523309,False
CG4911,3.1819136,0.09679949,0.001463054608370791,0.01010228647523309,False
CG4502,3.181912,0.100821294,0.001463063254365949,0.01010228647523309,False
Hk,3.177681,0.12996241,0.0014845806653516695,0.01024547791109293,False
MICAL-like,3.1740832,0.28779376,0.0015031064131164281,0.010362444002282195,False
Rbcn-3B,3.1740832,0.104022235,0.0015031064131164281,0.010362444002282195,False
CG2162,3.1665933,0.19056441,0.0015423588956137324,0.010616341481594786,False
pths,3.164493,0.7749497,0.0015535332630850628,0.010676478596724753,False
stau,3.1634355,0.109591156,0.0015591896155468994,0.01070974989455633,False
HnRNP-K,3.1630828,0.08197339,0.0015610792765838428,0.01071712732200193,False
Edem2,3.1628346,0.5562008,0.0015624106421529248,0.01072066623388482,False
btsz,3.1621432,0.28087863,0.0015661256187884942,0.010735341431973567,False
Cdc37,3.161991,0.20336013,0.0015669451095853008,0.010735341431973567,False
Sbf,3.1619806,0.5977454,0.001567000370359612,0.010735341431973567,False
lncRNA:CR42861,3.1606593,0.43088517,0.0015741255777275266,0.010778535743272382,False
CG12099,3.1591923,0.19817258,0.0015820702258960897,0.010827293108476365,False
CG12848,3.153611,0.11568364,0.001612639348044376,0.011021157035771736,False
CG7065,3.1535614,0.25830132,0.001612913620988512,0.011021157035771736,False
CG42855,3.1495922,1.4834673,0.0016349855059972567,0.011166169204160059,True
CG6583,3.1483376,0.6312241,0.0016420196908368447,0.01120256424589623,False
CG32276,3.1454928,0.076362304,0.0016580722385342518,0.011306211320363293,False
Exo84,3.1447964,0.939582,0.001662025225202697,0.01132728810122585,False
Mo25,3.1422493,0.13514924,0.0016765513377657714,0.011420365255698412,False
CG1998,3.1420953,0.1439604,0.0016774336680464798,0.011420455128565153,False
CG13506,3.1409419,0.29062334,0.0016840549321935155,0.011453665532620493,False
Hmt4-20,3.1385696,0.11290115,0.001697746383943766,0.011540810907926066,False
kat-60L1,3.1344173,1.4496058,0.001721958066600404,0.01169934281030471,True
Flacc,3.1306705,0.15588923,0.0017440765756441888,0.011843496746234956,False
CG9784,3.1302803,0.43833613,0.0017463953356348354,0.01184962127736518,False
l(3)neo43,3.1302154,0.14662531,0.0017467820711001795,0.01184962127736518,False
Trs20,3.124379,0.13887338,0.0017818088109460908,0.012074764195890477,False
CG14431,3.1208308,0.3295456,0.0018034165519029502,0.012208600459559385,False
fid,3.1174965,0.37243497,0.0018239405906975777,0.012341184017387317,False
Synd,3.1170087,0.17355692,0.0018269612719654669,0.01235048227793566,False
TM9SF3,3.116971,0.58216196,0.0018271946383795223,0.01235048227793566,False
Madm,3.1161137,0.3353641,0.0018325164482255294,0.012380085413718999,False
lncRNA:CR42549,3.1155968,0.6071728,0.0018357312819498497,0.01239543116383403,False
mfrn,3.1121085,0.23566478,0.0018575619285596387,0.012536396374562738,False
CG1142,3.1103542,0.3374519,0.0018686314335465337,0.012604628868994586,False
nAChRalpha7,3.1101985,0.14741845,0.0018696171125816951,0.012604807008375308,False
shi,3.105596,0.13188934,0.0018989598508798908,0.012796067918236804,False
salr,3.1007934,0.72404516,0.0019300297782138633,0.012998765395043653,False
CAH8,3.0981917,1.4202259,0.0019470544998099087,0.013099998017154224,True
stan,3.0976372,0.37861413,0.0019507012341821817,0.01311781689721283,False
Tudor-SN,3.0955267,0.40334222,0.0019646364969762983,0.013204769089651437,False
Xxylt,3.0908763,0.20060778,0.00199566693609685,0.013406474202613807,False
mAChR-B,3.089519,0.45076296,0.002004808103423098,0.013454125883033458,False
cin,3.088896,0.47492433,0.0020090169030664096,0.013475488568806853,False
CG14408,3.086486,0.089710124,0.002025373553857872,0.013578269641679816,False
TTLL4A,3.0853856,0.17337762,0.002032883814679363,0.013621669212078956,False
Usp7,3.0841055,0.10180872,0.002041652627252568,0.01367345337517775,False
CG16721,3.0832274,0.66225046,0.00204768657984087,0.013706878073922076,False
CG14764,3.0824964,0.32072702,0.002052721464789421,0.01373358454548523,False
smal,3.078421,0.12023016,0.0020810053892091093,0.01391573069425328,False
hoe1,3.0769732,1.0297003,0.0020911407995391584,0.013976393746665585,True
WASp,3.0756536,0.33131114,0.002100417093880923,0.014027668540086288,False
ATP8B,3.0755782,0.43696433,0.002100947616962695,0.014027668540086288,False
CG10384,3.0715938,0.13990486,0.002129193004840615,0.014209038132862206,False
SNRPG,3.0701337,0.13801269,0.002139629235818453,0.01427143561353019,False
D19B,3.069781,0.5079273,0.0021421566129849186,0.014281044086566124,False
tapas,3.0664127,0.08740069,0.0021664400083740956,0.014435609386427798,False
Grx1,3.061949,0.08323254,0.002199009269082363,0.014645201112895212,False
CG17816,3.0614834,0.14618328,0.0022024317795804604,0.014660564125474796,False
CG31510,3.056792,0.25655615,0.002237194628586188,0.014874546141276108,False
Cs1,3.0566876,0.12278202,0.0022379739513929122,0.014874546141276108,False
CG17270,3.0548031,0.12502773,0.002252082921625053,0.014960753078944991,False
ringer,3.0486946,0.10401434,0.0022983806768634477,0.015252889946457427,False
Rpn12,3.046146,0.2913652,0.0023179527260792972,0.015367254702664968,False
Cul3,3.044181,0.20210576,0.0023331466064697667,0.015460184775094673,False
Mrp5,3.0405612,0.2384155,0.0023613778411024793,0.015631755123744755,False
CG16854,3.040556,0.4840844,0.0023614181065931003,0.015631755123744755,False
Stard7,3.037607,0.5831182,0.0023846480599877024,0.015777580819858212,False
SpdS,3.0372593,0.41828477,0.00238739869321805,0.015787830311467122,False
Tom70,3.0365183,0.6709949,0.002393275515099616,0.01581873252938076,False
nonA-l,3.0287683,0.40334025,0.002455529257833612,0.01622204849066549,False
mRpL42,3.0276268,0.19245432,0.0024648237849143116,0.01627526860993671,False
CARPA,3.0273032,0.53924185,0.0024674633135604294,0.016284514284371693,False
robl,3.0258927,0.09001917,0.0024790013453690365,0.016352448633609008,False
CoRest,3.0161128,0.20179717,0.0025603791921009747,0.01688077400110728,False
Pef,3.01492,0.09476385,0.0025704711775580372,0.016938812072774628,False
PhLP3,3.0146682,0.23697686,0.002572604255784631,0.016944370887724335,False
CG31191,3.01295,0.4284247,0.002587216370055479,0.017032075702669836,False
Paip2,3.010112,0.084570475,0.002611512956829762,0.017183415249245403,False
Stlk,3.0097098,0.07247088,0.002614973511210136,0.017197573542192784,False
eIF2gamma,3.0068703,0.47747627,0.002639523062482702,0.017341666520511355,False
Pcl,3.0046299,0.3000157,0.0026590418762836407,0.01745245267450901,False
lwr,3.0037107,0.06297103,0.0026670873039728693,0.017496518808888417,False
CG5890,3.0019445,0.07914657,0.0026826114008345744,0.017589577747987178,False
Irbp18,3.0012324,0.7854168,0.0026888924949091124,0.017621968769628796,False
Ate1,3.0005598,0.31343323,0.0026948386593274717,0.01765213359100846,False
asRNA:CR43425,2.9990997,1.1580051,0.0027077860749232944,0.017728106140753406,True
Acbp7,2.9985468,0.114080645,0.002712703607598512,0.017751456874424525,False
Scm,2.996274,0.16948813,0.002733007682617983,0.017875421079940418,False
asRNA:CR44029,2.993621,1.093402,0.0027568815054981395,0.018013636490425436,True
oys,2.9928918,0.29526344,0.0027634762477633202,0.01804775243320578,False
CG14621,2.9924982,0.73586607,0.0027670427765482284,0.018062067602505574,False
sca,2.9899633,0.22475038,0.0027901090003818515,0.018203590995539982,False
Mi-2,2.9871633,0.10455906,0.00281579335617549,0.018352938839358103,False
Best1,2.9860985,0.7134186,0.0028256149517738036,0.018407823731436675,False
Snap24,2.9848526,0.19127434,0.0028371500513335503,0.018473811533460283,False
Pax,2.983605,0.49429005,0.0028487440658713547,0.01853093912155921,False
EndoB,2.9825027,0.089481086,0.002859022209207515,0.018586156193689342,False
CG15236,2.9823914,0.11329081,0.0028600614782069897,0.018586156193689342,False
Spt20,2.979675,0.5255759,0.0028855428821951646,0.018742478236304726,False
Tgi,2.9762743,1.0223403,0.002917738936526933,0.0189328837659081,True
zip,2.9753447,0.06457037,0.0029265942165066796,0.018980971374579353,False
lncRNA:CR45332,2.9722536,0.18019345,0.0029562233241306477,0.019154228046882004,False
CG14478,2.9701998,0.089319766,0.0029760615246951583,0.019269951961736864,False
Usp32,2.96995,0.7401186,0.0029784834424876386,0.019269951961736864,False
CG14229,2.968668,0.19496587,0.002990936512262781,0.019340996934612668,False
Tnpo,2.9669151,0.08095908,0.003008038670588594,0.019442020723823967,False
Vps11,2.9664805,0.12960966,0.003012294592782817,0.019459956218862446,False
Oatp30B,2.9654791,0.5165566,0.0030221175200348324,0.019513820252215083,False
Tom40,2.9632678,0.07314665,0.003043915521327541,0.019637237936377967,False
CG3191,2.963237,0.28191096,0.0030442202189042557,0.019637237936377967,False
SecS,2.9612002,0.30604672,0.003064425933881227,0.01975787869048053,False
disco-r,2.9572499,1.1213455,0.003103963857461874,0.020002984348724388,True
casp,2.95604,0.25561255,0.0031161680781612673,0.020071788503450518,False
Atg6,2.9542205,0.6817966,0.0031345999177547716,0.020180618774766144,False
lncRNA:CR45054,2.94912,0.0910576,0.003186802591611143,0.020506653307429196,False
CG15443,2.9451988,0.68112576,0.00322747296106338,0.020758196137235833,False
CG5447,2.9447503,0.18916814,0.0032321540577848213,0.02077813322861671,False
CG2201,2.9440947,0.1261578,0.0032390081673625295,0.020812013358994443,False
CG7058,2.943388,0.47320944,0.0032464139902749333,0.020849403632557488,False
CG44098,2.941245,0.4671457,0.003268958945531587,0.020983937735361526,False
CG6769,2.9401445,0.23460665,0.003280592897579366,0.021048335290133235,False
M6,2.938166,1.085416,0.003301603582551857,0.021172801891035337,True
kek3,2.9331372,0.15629137,0.0033555554713079094,0.021508292142919966,False
CG7239,2.9281256,0.88001996,0.0034101212917595543,0.02184738848060485,False
sol,2.9263046,0.109886,0.0034301491197321586,0.02194360245047739,False
Sply,2.925134,0.8347041,0.0034430806314423943,0.022004902479160048,False
CG9395,2.923157,0.06772509,0.0034650175030201263,0.022134336407236003,False
Ubc7,2.9226315,0.49994928,0.0034708697029170103,0.022160946499674206,False
CG34228,2.9210296,0.40680972,0.0034887678061514033,0.022264404552126974,False
CG18659,2.920463,0.4164193,0.0034951172323554832,0.022294097297646143,False
Gls,2.917971,0.48655427,0.003523172086305038,0.022462145179062688,False
CG12012,2.9175413,0.20028864,0.0035280291200296496,0.022482203024825217,False
CG5281,2.9145956,0.087989725,0.003561496159256755,0.02268446899303624,False
mld,2.9130466,0.42722723,0.0035792106679022597,0.022786253961354502,False
CG8155,2.9125092,0.53421545,0.003585375621200852,0.022814448262750215,False
Pldn,2.9087627,1.311984,0.003628622668086436,0.023078461693444224,True
Tmem63,2.9063835,1.0313249,0.003656329956013742,0.0232434328118145,True
pxb,2.9049253,0.4298616,0.0036734080868467936,0.023340707089539104,False
Bicra,2.904239,0.09965016,0.00368147110788452,0.02338063332895244,False
CG13001,2.9029639,0.35503238,0.003696493765933099,0.023442050233764923,False
CG13018,2.8984554,0.5149951,0.003750055357696831,0.02377024959003201,False
Ptpmeg,2.8975022,0.19289152,0.003761471749506497,0.023831118027249455,False
Stim,2.8908184,0.2540881,0.003842400586427792,0.024307841678759528,False
prage,2.8906782,1.2212762,0.0038441168195176793,0.024307841678759528,True
CG11638,2.8890486,0.11452063,0.0038640929086059227,0.024422405396383757,False
Lar,2.8884735,0.14628392,0.0038711657775659103,0.024445152791671657,False
CycY,2.8883932,0.17529528,0.003872156074271459,0.024445152791671657,False
CG12541,2.8883023,0.5113401,0.003873273067904139,0.024445152791671657,False
CG8128,2.8846328,0.6583897,0.003918704779616741,0.024708148178581565,False
chico,2.8818293,0.39576444,0.003953739811598829,0.024917094064464563,False
scrape,2.8798096,0.14209546,0.003979154724147124,0.025065241167446406,False
Tif-IA,2.8790102,0.10754444,0.003989253902649459,0.02511681661754379,False
cnir,2.8721895,1.1808511,0.004076383317319212,0.02565310191071573,True
trc,2.8697386,0.20524396,0.004108112505358798,0.025840401302256875,False
CG7492,2.8692663,0.19244435,0.004114253607183392,0.02586664708056927,False
Wdr20,2.861903,0.41333604,0.004211057704591571,0.026454379518307817,False
CG13409,2.86185,0.3069306,0.004211762705654486,0.026454379518307817,False
Smurf,2.8602479,0.14777213,0.004233099671853677,0.02656300367151734,False
Rcd1,2.8561761,0.23358576,0.004287773104404523,0.0268932403779835,False
Sur-8,2.8557858,0.07380204,0.004293046410015052,0.026913468429197417,False
Mitofilin,2.8541787,0.11777179,0.0043148261412921,0.027037108009813158,False
CG15141,2.8486092,0.37790117,0.004391078717729864,0.0274886966893618,False
Papss,2.846379,1.144024,0.004421953511306577,0.027668794827889726,True
vig2,2.8434196,0.05991834,0.004463226172109896,0.02791375150001144,False
OtopLa,2.8420691,0.13127252,0.004482175987517906,0.028007712493272285,False
Pak,2.8420453,0.11202549,0.004482512889904994,0.028007712493272285,False
Itpr,2.8417184,0.23588087,0.00448711149341642,0.028023120258313574,False
Polr1D,2.8376875,0.99426913,0.0045441638644402585,0.028365944502966742,False
Taf3,2.835495,0.12705314,0.004575472623031497,0.028547820639427287,False
CG3078,2.832979,0.17308015,0.004611641357583265,0.028759832671402037,False
kek5,2.8316576,0.12606682,0.004630739608203203,0.02886523645720592,False
puf,2.8303723,0.14903346,0.004649387041601487,0.02896773149674895,False
clu,2.8272383,0.11771222,0.0046951363146155315,0.029238905769691036,False
Sox21b,2.82584,0.47364056,0.004715681015268665,0.02935293630536725,False
Taz,2.8246317,0.31013927,0.004733499959974849,0.029438299552612072,False
aay,2.8244708,0.7010986,0.004735877045909079,0.029438299552612072,False
Mkk4,2.824392,0.07481689,0.004737040694437871,0.029438299552612072,False
dpr16,2.824303,0.4173334,0.004738356434838244,0.029438299552612072,False
side-V,2.823002,0.11395125,0.004757624270401919,0.029530081678356735,False
Elp6,2.819158,0.19093972,0.004814980943738393,0.029857880887551907,False
CG2063,2.8129587,0.23424996,0.004908796035187453,0.030425273538850533,False
DIP-zeta,2.80666,0.77379966,0.005005803737815399,0.030997295530110432,False
Utx,2.8050015,0.21940818,0.0050316340179870035,0.031142567591309102,False
dpr15,2.8014517,0.47099677,0.005087325293902425,0.0314428289566688,False
CG14868,2.799817,0.056243554,0.00511315591750654,0.03158762047768497,False
ca,2.7962005,0.64787304,0.005170729635664215,0.03192828355856568,False
Gycbeta100B,2.7959952,0.08140384,0.0051740168329276115,0.031933575004541484,False
cbc,2.7954578,0.9654581,0.005182627269795114,0.031971700622116336,False
Setd3,2.79466,0.36894447,0.0051954296841274315,0.03203563869049012,False
CG42271,2.7936845,0.19199319,0.005211128138974541,0.032117365734580426,False
enc,2.7920911,0.114628404,0.005236861134946901,0.03225595055043112,False
Vav,2.7919884,0.19394171,0.0052385234759984795,0.03225595055043112,False
Vps4,2.790602,0.0846297,0.005261011785741545,0.03236408935610669,False
CG9399,2.783588,0.18877152,0.005376128237488593,0.03305677353327099,False
Nubpl,2.7685945,0.06568233,0.005629865157109139,0.034584585397108035,False
Naa60,2.7662497,0.42624435,0.0056705103388013526,0.03481799338871485,False
Ankrd11,2.7657464,0.27138677,0.005679267155779361,0.03485547427694573,False
tup,2.7639031,0.5502299,0.005711449979453377,0.03502027658890218,False
DCTN2-p50,2.7612314,0.34276235,0.005758387642609989,0.035275157866617834,False
Sesn,2.7574744,0.6828834,0.005824977508984988,0.0356664512898708,False
Rab10,2.75356,0.18256554,0.00589509611305383,0.036078976677003875,False
CG13868,2.7525485,0.10774702,0.0059133392280884284,0.03617377907685379,False
CG30158,2.7520077,0.22801079,0.0059231144457162705,0.036216716527087855,False
CG7611,2.7488582,0.28614733,0.005980323267737833,0.03654911791893628,False
Ugt316A1,2.7487094,0.86059713,0.005983040536045048,0.03654911791893628,False
CG6356,2.7444577,1.2487265,0.0060610940661575755,0.037008724920683335,True
Ziz,2.7423508,0.27648053,0.006100114087544154,0.03722967910372976,False
lncRNA:CR44320,2.7393146,0.3480091,0.006156744036491201,0.03755785359308003,False
heix,2.7389944,0.7566609,0.006162740981810832,0.037574410376384405,False
crc,2.7387633,0.15890099,0.006167073596221085,0.037574410376384405,False
CG31249,2.7378478,1.2229139,0.006184270572702257,0.0376558458411991,True
tutl,2.7370262,0.13831116,0.006199736371902047,0.03773253169374382,False
CG9896,2.7350852,0.2703681,0.006236412732233456,0.03793817745442019,False
Ndfip,2.7348387,0.07970972,0.006241083997885692,0.03794902532726423,False
Su(var)3-3,2.7306712,0.48354417,0.006320552226550981,0.03841445710308968,False
Ac13E,2.7293327,0.41801175,0.006346265967060706,0.03852108984011436,False
GalT1,2.7293,0.5139051,0.006346891895269984,0.03852108984011436,False
CG33947,2.7290142,0.27945295,0.006352395865491199,0.03853669513968345,False
velo,2.727556,0.18438293,0.00638054291495301,0.03868958648014885,False
elm,2.7250297,0.06401363,0.006429570429973689,0.038968890890154186,False
p24-1,2.7227533,0.1344043,0.006474038368742756,0.03922031542889803,False
PICK1,2.7223716,0.27996048,0.0064815212950804875,0.039247552911224705,False
CG12121,2.721497,0.18575865,0.0064986976186804345,0.03933343468883506,False
Trf,2.7210605,2.4217777,0.006507284278458871,0.039367272292334055,True
CG31301,2.7200952,0.37953326,0.006526312206385177,0.03946421647119246,False
CG8726,2.718026,0.08913032,0.00656726950821025,0.0396936160707832,False
m-cup,2.7162442,0.51915926,0.006602720520121872,0.03987120755257417,False
Sox102F,2.7155714,0.3285146,0.006616148725025021,0.039921179233377034,False
msl-1,2.7155254,0.25374672,0.006617072174299481,0.039921179233377034,False
tok,2.7111642,0.21233332,0.0067047417124203685,0.04043153102395762,False
Ack,2.7092848,0.30358714,0.006742841676163616,0.04064263285540822,False
Ge-1,2.7063563,0.47036242,0.006802600363025896,0.04096524691574714,False
Tbca,2.7022228,0.5461522,0.0068877570674274885,0.041459059947777,False
CG14562,2.7019062,0.3854602,0.006894319784103376,0.04147956133842416,False
CG32547,2.7015572,0.35475823,0.006901563021690345,0.041504136432499374,False
RN-tre,2.701105,0.12509964,0.00691094677110115,0.041541555614029786,False
CtBP,2.6988666,0.12661323,0.00695760826561173,0.04180291385923097,False
Sec24CD,2.6957412,0.37359056,0.007023222125515767,0.04217785133879213,False
scf,2.6938345,0.1328469,0.007063524001434146,0.04240050496977829,False
ova,2.6916196,0.14094165,0.007110598458384473,0.04266359075030684,False
chinmo,2.6852508,0.11505262,0.007247538261641513,0.0434653823632905,False
CG14312,2.676159,0.04763349,0.0074471313717445605,0.044621662665172604,False
Pi3K21B,2.6757019,0.1336761,0.0074572925261219124,0.04466218039801364,False
CG12024,2.6748908,0.11222084,0.007475362064321706,0.044750003428331304,False
zyd,2.667572,1.7868364,0.007640152378715971,0.0456948576496713,True
CG42232,2.6644688,0.13826889,0.007711000148845689,0.04609760780520125,False
ATPsynG,2.66375,0.123570494,0.007727496522128175,0.04617521796305786,False
Strip,2.6625433,0.40559432,0.0077552579710632626,0.04632004079080512,False
Rilpl,2.662124,0.06568648,0.007764926471469682,0.046356716871927134,False
Nrx-IV,2.660724,0.16118278,0.007797285702275776,0.04652876209259932,False
CG6685,2.6604962,0.89225435,0.00780255844840908,0.04653909124470963,False
CG6674,2.6602619,0.61025095,0.007807993113270473,0.04655037636496098,False
CD98hc,2.6523423,0.052690003,0.00799354503382638,0.04763500305872047,False
Upf1,2.6518853,0.29432368,0.00800437178553271,0.047677899030779604,False
hppy,2.6510928,0.06878019,0.008023177395595703,0.04776826052475194,False
Uros1,2.6489124,0.43223873,0.008075127638958325,0.04805578676445307,False
rump,2.6485496,0.06886267,0.008083801585563297,0.04808562826360423,False
Treh,2.648072,0.32017523,0.008095229537861143,0.04813181725226037,False
mew,2.6411436,0.8295814,0.008262672122701832,0.04910516132623341,False
Su(var)2-HP2,2.6399574,0.0833616,0.008291646224772208,0.04923295530519173,False
CG33298,2.6398735,0.120951146,0.008293698335500137,0.04923295530519173,False
axed,2.6398034,0.1828351,0.008295415756902168,0.04923295530519173,False
Cdk5alpha,2.6379857,0.042840835,0.008340012165416215,0.04945296022272972,False
GluClalpha,2.6373267,0.14142188,0.008356232307330836,0.049526789588780866,False
CG10395,2.6366043,0.055710495,0.008374043680318041,0.04960997924228091,False
Rich,2.6352744,0.54982835,0.008406927402635116,0.04978234613367527,False
poe,2.6345556,0.13224196,0.008424750433740665,0.04986541472943799,False
CycT,2.6322844,0.05553582,0.008481284998960278,0.05017743578853582,False
Pdzd8,2.6308072,0.11439935,0.008518233456064622,0.0503733517608862,False
Nadk1b,2.629652,0.5967056,0.00854723312654223,0.05052210673988524,False
U2af38,2.6286454,0.14829065,0.008572566964651175,0.0506490692066171,False
beat-IIb,2.6281166,0.124881856,0.008585907045207331,0.0507050869995615,False
l(3)87Df,2.6266909,0.18608664,0.008621961634028574,0.05089513740841665,False
CG42404,2.6256108,0.095471375,0.008649363118229687,0.05103396110172343,False
5-HT1B,2.6242056,0.20678839,0.008685131958307305,0.051222008048544876,False
mbl,2.624009,0.12183573,0.008690152751614024,0.05122862591126437,False
CG10527,2.6231873,0.43963385,0.008711137127058463,0.05132930127782431,False
Tnks,2.6229186,0.42298234,0.008718010588049411,0.05133847008546739,False
Ube4B,2.622821,0.29428026,0.00872050724739446,0.05133847008546739,False
Su(z)12,2.6223743,0.53082025,0.008731947482261537,0.05138279888800564,False
Cat,2.6170084,0.8563366,0.00887041354746005,0.05212756440680906,False
CG9121,2.6165514,0.09101642,0.008882296504888436,0.052174061722947716,False
fry,2.6154852,0.1694849,0.00891007872075738,0.05231386701999641,False
spdi,2.6142442,0.21496081,0.008942507248398571,0.052480815204983135,False
Mppe,2.611076,1.07141,0.009025779244788975,0.052945865748449616,False
CG1371,2.6089537,0.60337263,0.00908195043219986,0.05323237113308685,False
CG6959,2.6089246,0.24425288,0.00908272268496048,0.05323237113308685,False
wap,2.60868,0.19262645,0.009089221014508486,0.05324670714696456,False
slim,2.6080244,0.17547853,0.009106646082152971,0.05332501315485296,False
Asx,2.6076512,0.11454766,0.009116577579556298,0.05335938948568809,False
CG9992,2.6071396,0.83421445,0.009130214945557208,0.053415416021648135,False
Karybeta3,2.6057703,0.13191055,0.009166792468179948,0.05360554207026458,False
Sec61beta,2.6025372,0.05262877,0.009253680690877203,0.054065524356659164,False
drl,2.6020477,0.22568059,0.009266899681363346,0.05411869413916195,False
CG6923,2.600591,0.7032842,0.009306332833274429,0.05432483937326788,False
beta'COP,2.597286,0.44982365,0.009396366218640881,0.05482604445512486,False
Ppa,2.5937104,0.18726633,0.009494640623033524,0.05537486808107435,False
Drep3,2.593173,0.27681044,0.009509491341997321,0.05543687499283265,False
Trm7-32,2.592384,0.68109435,0.009531331999645247,0.055539557638731064,False
CG14459,2.5857928,0.26287296,0.009715534279739587,0.05658781934210025,False
krz,2.5837405,0.06935392,0.009773529478049553,0.05690038872023532,False
oc,2.583138,0.63905525,0.009790614074855307,0.05697460980673106,False
CG42394,2.5816388,1.0177379,0.009833247008974325,0.057197373040249064,False
E(bx),2.5813289,0.07077762,0.009842076461660952,0.0572234003124889,False
phtf,2.5807693,0.13846262,0.009858045925729574,0.0572908993649211,False
CG6495,2.579537,0.09034603,0.009893289456120204,0.05747030214563195,False
beat-VII,2.5780735,0.0854522,0.009935286917793183,0.05768876274847655,False
Sulf1,2.5777638,0.8002925,0.009944197951326762,0.05771500047722335,False
mRpL55,2.575917,0.04833712,0.009997467407942358,0.05799855264475169,False
fkh,2.574231,0.3163061,0.010046317912323879,0.058252142443920546,False
Rb97D,2.5741026,0.06178421,0.01005004618876468,0.058252142443920546,False
CG32147,2.5718827,0.65195864,0.010114715710477732,0.05860113070356146,False
CG12402,2.568398,0.36625648,0.01021697993453852,0.059167525932056486,False
Hmbs,2.5661352,0.043144803,0.010283873226057064,0.059528675854797285,False
BCL7-like,2.5624604,1.0679483,0.010393342459247173,0.060098932374443005,False
lncRNA:CR43264,2.562368,2.5323172,0.010396109078166587,0.060098932374443005,False
Nin,2.5612178,0.14591657,0.010430592973396291,0.06027176414706564,False
Bx,2.5603433,0.09897613,0.010456883182045115,0.06039711868662541,False
Dic1,2.5547616,0.12626685,0.0106260498221497,0.06134722964105758,False
Arglu1,2.5527232,0.11290891,0.010688437911289643,0.06168031363827225,False
CG11771,2.5522354,0.41057822,0.010703415260970623,0.061739629731849856,False
Octbeta1R,2.548114,0.07488854,0.010830707482499109,0.06234156409051442,False
CG2021,2.547984,0.3225375,0.010834746824865881,0.06234156409051442,False
RanBP3,2.547936,0.8068251,0.010836235341151822,0.06234156409051442,False
spin,2.545954,0.45413637,0.010897955553464466,0.06266920611488976,False
CG15209,2.5441105,0.3926994,0.01095563875814444,0.06297335664130269,False
ave,2.5436964,0.18229204,0.01096863734340182,0.0630205048938784,False
CG13204,2.5419044,0.18858868,0.01102503306552368,0.06328918063826176,False
Vlet,2.5405488,0.40839592,0.011067864435963134,0.06350730947098497,False
atl,2.5400782,0.14725582,0.011082770977918734,0.06356508539932439,False
Aralar,2.538822,0.4388738,0.011122645260934424,0.0637659505797026,False
Girdin,2.538329,0.2230694,0.011138325533416076,0.06382799716924868,False
dpr3,2.5373533,0.1830873,0.011169417303537559,0.06395038926731308,False
Elk,2.5349143,0.31835064,0.011247484224539332,0.06436931302719809,False
grp,2.5301406,0.049560014,0.01140167969104924,0.06519874082465835,False
Su(H),2.5300534,0.29155758,0.011404516714373552,0.06519874082465835,False
Syt14,2.5299678,0.13165064,0.011407298718104227,0.06519874082465835,False
eEF1gamma,2.5294938,0.07122979,0.011422721934793953,0.06525850705356198,False
CG2540,2.5280952,1.9288636,0.011468319937293773,0.0654905362781574,False
beta4GalNAcTA,2.5273304,0.31186658,0.011493335995840423,0.06560488053229503,False
Gk1,2.526454,0.613073,0.01152204923166332,0.0657402201059731,False
CG30172,2.5233989,0.12082219,0.011622651467865883,0.06628543415267261,False
wake,2.5225549,0.07679271,0.011650573845989392,0.06641585264047749,False
Eaat1,2.5196059,0.47924426,0.011748628610661376,0.06694578488468798,False
CG10803,2.5181031,0.07274812,0.011798875984501177,0.06720296074397289,False
KCNQ,2.517261,0.52607155,0.01182711607337301,0.06733462097232293,False
mor,2.5140982,0.270212,0.011933724753245036,0.06788274599897826,False
Med,2.513891,0.1586615,0.01194073471076379,0.06789322981368939,False
aus,2.508544,0.1272228,0.012122987471620543,0.06886988991659919,False
CG4853,2.5051448,0.3033809,0.012240127645294745,0.06947528175342244,False
Pi3K92E,2.5028172,0.2352221,0.0123209219311477,0.06990367624148565,False
VepD,2.5026546,0.37328666,0.01232658326251923,0.06990561245986304,False
Tbh,2.497768,0.42186937,0.012497799911485757,0.07084602710824972,False
Nelf-E,2.4965491,0.13087472,0.012540825847069814,0.07105927194070606,False
haf,2.495613,0.13260753,0.012573969916559272,0.0712163640963745,False
rn,2.4930542,0.27153295,0.012664951594935756,0.0716698811186287,False
Trim9,2.4893556,0.26217613,0.012797494162482858,0.07236143700605514,False
lncRNA:CR46064,2.489097,0.05220118,0.012806801299163466,0.07237908347140126,False
CG10737,2.4882035,0.2435977,0.01283902179914969,0.0725299855721526,False
c11.1,2.4857252,0.32107958,0.012928775498391167,0.07300563388434032,False
lace,2.4850698,0.46718886,0.0129526082356214,0.0731087939072445,False
tkv,2.4840925,0.42873102,0.012988211712081654,0.07327827475171873,False
Rcd-1,2.4837928,0.05051969,0.012999140778287694,0.07330845915309026,False
Ntan1,2.4816003,0.22499965,0.013079389553349037,0.07370519423823915,False
Rbf,2.4815643,0.44823545,0.013080708749130419,0.07370519423823915,False
babo,2.474583,0.031845696,0.013339188795991691,0.0751294216799532,False
Inx2,2.4707575,1.0084959,0.013482723394738808,0.07590530651536759,False
MFS18,2.4679625,0.39108577,0.013588457952404145,0.07644128918307942,False
CG5727,2.4679334,0.35592353,0.013589562521436343,0.07644128918307942,False
Mis12,2.4677126,1.1963011,0.013597946836147118,0.07645572162044208,False
psidin,2.4661498,0.54224694,0.01365741772255109,0.07675725785899115,False
wcy,2.4655063,0.05208287,0.013681976281260944,0.07686240630002941,False
fred,2.4641764,0.08393142,0.013732849901322133,0.07711523406127045,False
Sik3,2.4612925,0.1900581,0.013843748635667763,0.0777047659430476,False
dbr,2.4591308,0.47913036,0.01392739106854367,0.07814087046996747,False
RpS5a,2.4585419,0.078533955,0.013950249706077522,0.07823571538107496,False
Drl-2,2.4562895,0.14704321,0.014038003275944181,0.07869426751105228,False
brm,2.4552333,0.18652223,0.014079313598738291,0.07889218792640561,False
DCTN1-p150,2.4547079,0.24718256,0.014099908273653644,0.07897391079105238,False
Pi4KIIalpha,2.4468243,0.3501754,0.01441210260643381,0.08068812452004272,False
CG14186,2.4438412,0.07441206,0.014531823597069365,0.08128912816751446,False
Usp1,2.441202,0.11678279,0.014638468707638885,0.08185084205037232,False
GATAd,2.4410307,0.070755824,0.014645408494451466,0.0818548139587802,False
CG3740,2.4392917,1.3881917,0.014716081315714197,0.0822148420444237,False
AspRS-m,2.438756,0.23890583,0.014737914035022155,0.08230182338299664,False
Srp54k,2.4382014,0.16379958,0.014760544104186002,0.08239318161809858,False
Crag,2.437657,0.124075994,0.014782784871523453,0.08247670002000779,False
pigeon,2.4373748,0.44130826,0.014794336525658933,0.08247670002000779,False
CG12547,2.4317677,0.05596558,0.015025342054687457,0.08369351191123069,False
l(3)mbt,2.4286902,0.14155227,0.015153472782319684,0.08437145438969519,False
Scamp,2.4282265,0.050870113,0.015172868246478247,0.0844436631760797,False
lncRNA:CR43241,2.4220595,0.7119491,0.015432819949726029,0.08585404493624049,False
CG13933,2.4206493,0.30918166,0.015492818333155436,0.08607849171148517,False
Kr-h1,2.4192407,0.03945645,0.01555294871043263,0.08637605496833675,False
TRAM,2.4185028,0.6836717,0.01558452047423023,0.08651482848812218,False
CG6006,2.4111893,0.76261216,0.01590059137746433,0.08819492220341127,False
CAH3,2.4102104,0.3836776,0.015943326778025235,0.08839464719968422,False
TrissinR,2.4091902,0.26630878,0.015987962677984753,0.08860473622468143,False
S6KL,2.408538,0.16166452,0.016016554235101906,0.08872576840187144,False
bor,2.4079545,0.18481101,0.01604218216458767,0.08883028809215422,False
Clc,2.4033093,0.04549042,0.016247441892677746,0.08992897492408827,False
wkd,2.4024022,0.107636236,0.016287794047133132,0.09011436369655973,False
Ctl2,2.40092,0.7919788,0.016353917460685617,0.0904421192901553,False
Kap-alpha1,2.3999238,0.23962238,0.016398488465389202,0.09065045790290875,False
CG17163,2.3996089,0.13509418,0.016412601827372496,0.09069032296538039,False
salm,2.3985698,0.75013965,0.01645923627458488,0.09090977917109935,False
CG3847,2.3943954,0.31867993,0.01664779466265354,0.09191261422994434,False
CG30096,2.392884,0.92788,0.01671652533160006,0.09221458558237816,False
mRpL43,2.3916843,0.061794665,0.016771266818561028,0.09247773646491478,False
Srpk79D,2.3891082,0.09128681,0.016889325018423784,0.09308965215691632,False
Zdhhc8,2.388742,0.065769576,0.016906171127569224,0.09314343338207949,False
CG6765,2.3866813,0.098907925,0.017001225339729996,0.09358864724090998,False
Cndp2,2.3841515,0.25877276,0.017118552466226376,0.0941495002183148,False
RhoGAP68F,2.3840215,0.09259641,0.01712460468202225,0.0941495002183148,False
CG17598,2.3827343,0.3523972,0.017184591021072795,0.094439785034252,False
CG42750,2.376451,0.081703365,0.017480077050530445,0.09598337335727958,False
CG18259,2.3759701,0.82265633,0.017502877755965204,0.09606842678086164,False
Pten,2.3757887,0.05367736,0.01751148550446391,0.09607554051300866,False
Taf11,2.3755183,0.43075365,0.017524322810755496,0.09610584379521168,False
RhoGAP1A,2.3747413,0.11815962,0.017561255677380025,0.09626821009627598,False
Trc8,2.3729699,0.14750235,0.017645708037769058,0.09665052255785138,False
CG12104,2.3614457,0.7960316,0.018203837308925608,0.0996660092663677,False
CG15201,2.3607337,0.16047516,0.01823882297221181,0.09981596578711503,False
cos,2.359616,0.39275977,0.018293859107046263,0.10006845224643478,False
yata,2.3594878,0.35149604,0.01830018955465622,0.10006845224643478,False
CG5466,2.3581784,0.11304435,0.018364869741689598,0.10038036123369438,False
PGAP2,2.3554192,0.21397899,0.018501818582606196,0.10108685911660932,False
Chd64,2.3541973,0.058745008,0.01856276211239221,0.10137767836942378,False
trr,2.3532524,0.41327995,0.018609998444602056,0.10157180809890895,False
cact,2.353177,0.08457711,0.018613768181291686,0.10157180809890895,False
garz,2.351972,0.23797908,0.018674174898517467,0.10185913581009529,False
emei,2.3504436,0.15553479,0.018751045462730598,0.1022359906142241,False
trx,2.3472874,0.097142525,0.0189106556899811,0.10302073622153882,False
dlp,2.3462777,0.6215539,0.01896197431321698,0.10325749791780817,False
CG9919,2.345961,0.053317197,0.018978090804983878,0.10327295182956565,False
Hecw,2.3459132,0.13867581,0.01898053110109597,0.10327295182956565,False
cpb,2.3415966,0.26967323,0.01920146044869338,0.10440820328402164,False
Gadd45,2.340585,0.33870623,0.019253556468274678,0.10462850785489217,False
pdm3,2.338709,0.14303593,0.019350494729377884,0.10511182337495883,False
CG14650,2.3370266,0.43612936,0.019437800966268296,0.10537744348355138,False
ena,2.3369992,0.04655391,0.01943922486591121,0.10537744348355138,False
Ostm1,2.3369942,0.6835346,0.019439491857239616,0.10537744348355138,False
CSN4,2.333843,0.26424828,0.019603940998407916,0.1061054611496756,False
CG12730,2.3338294,0.4463536,0.019604658249772113,0.1061054611496756,False
CG3065,2.3329616,0.559083,0.01965016083660142,0.10630017019058982,False
CG31523,2.3315153,0.36262703,0.019726203472596196,0.10661448341906235,False
PCNA2,2.3313937,1.1554663,0.019732604541488556,0.10661448341906235,False
CG41099,2.329338,0.03371475,0.019841156947334047,0.10706891264392993,False
Cdc27,2.3262198,0.13317578,0.020006833889098477,0.10791863600277257,False
Fas3,2.3243506,0.08732222,0.02010670860171809,0.10841286459851279,False
endos,2.3239124,0.028700361,0.020130185314933227,0.10849492823553018,False
CG15908,2.3237345,0.039564405,0.020139729560449307,0.10850186405260513,False
SNF4Agamma,2.3213263,0.03871818,0.020269240806474423,0.10915484598240735,False
CG12096,2.319286,0.7599864,0.020379529730142523,0.10966837667727261,False
MEP-1,2.3192534,1.0402693,0.020381291921301347,0.10966837667727261,False
Syx18,2.3149695,0.20021997,0.02061460261611794,0.11087837837731876,False
CG4645,2.3133092,0.12164279,0.02070564283393107,0.11132248233954757,False
Aps,2.3127599,0.0852467,0.02073584767091946,0.11143927950751809,False
Proc,2.3062525,0.22738507,0.021096533104657103,0.11333133483041469,False
Nprl3,2.304012,0.6965612,0.02122197313279247,0.11395861338982143,False
CG9467,2.3010406,0.42674407,0.021389333954795607,0.11476351497183107,False
Ypel,2.2985487,0.11721461,0.02153058616106157,0.11542713266272911,False
Not3,2.297597,0.025918145,0.021584739764856035,0.11567026121949768,False
lncRNA:CR45358,2.291834,1.2463888,0.021915220705376423,0.11734555830018183,False
CG14411,2.2904391,0.098087735,0.021995874052618835,0.1177294440127949,False
CG4615,2.2896466,0.5976013,0.02204180799048011,0.11792726262007681,False
ncm,2.2881353,0.15850374,0.022129641219410356,0.11834899699757918,False
Sec24AB,2.285342,0.272987,0.022292780005452557,0.11917295739285866,False
mle,2.2842689,0.032017842,0.022355733989043676,0.11943703794851152,False
CG3764,2.2841902,0.23324251,0.02236035870268937,0.11943703794851152,False
CG10747,2.283615,0.86434025,0.02239416445460294,0.11956900484903805,False
CG1492,2.2824237,0.19754861,0.022464332032430458,0.1198949321308433,False
RanBPM,2.2820694,0.07609159,0.02248523767756939,0.11995778444306204,False
Eps-15,2.2818077,0.04050507,0.022500700543759525,0.11999156052962669,False
dsh,2.2791462,0.7125844,0.022658380907062778,0.12073443840989655,False
pre-rRNA:CR45845,2.2719593,3.6582227,0.023088975060825693,0.12297897539491269,False
aux,2.2703521,0.23422803,0.023186233067370096,0.12344696211719734,False
Capr,2.2699122,0.08526772,0.023212914063591293,0.12353895941498162,False
GMF,2.2640038,0.4907153,0.02357388272998889,0.12530777470552348,False
mats,2.259973,0.17256398,0.023822926418984553,0.12652828711853134,False
Kul,2.2598207,0.068750076,0.023832382847668577,0.12652828711853134,False
Set2,2.2566576,0.17718731,0.024029473573336145,0.12752313519936873,False
Dif,2.2563975,0.6650404,0.024045747226365006,0.12755798084555356,False
Sgt1,2.2551105,0.10273695,0.024126399655397354,0.1279341773494436,False
Dlip2,2.2545626,0.5835862,0.02416079091276474,0.12806486187726046,False
CG13192,2.252774,1.6297635,0.02427339605230285,0.12860984843841106,False
CG15514,2.2525363,0.08210903,0.024288408378664438,0.1286375195871224,False
Mtl,2.252223,0.28321978,0.02430818508032801,0.12869039160173654,False
CG15891,2.2519696,0.034716796,0.024324189559954693,0.12872122723284035,False
eIF3j,2.2518208,-0.0057131248,0.02433360186045475,0.12872122723284035,False
March5,2.2489264,0.11125631,0.02451717466718512,0.12958535225466525,False
RpS28b,2.248846,0.17058069,0.024522294020915197,0.12958535225466525,False
CG7148,2.2487793,0.49135512,0.024526542698428654,0.12958535225466525,False
EMC1,2.246289,0.16683908,0.024685507490259287,0.13032043729289156,False
CG17364,2.2422256,0.03121216,0.02494679314249567,0.13164693248690487,False
Snrk,2.24087,-0.0004904111,0.025034492852964156,0.13205669854995947,False
Hip1,2.2392132,0.30715182,0.025142043783459148,0.13250027556330307,False
gek,2.2391088,0.18992724,0.025148834646489943,0.13250027556330307,False
Papst2,2.2389326,0.54056257,0.025160304789731865,0.13250757712908887,False
PMCA,2.2372432,0.12432583,0.025270447521903168,0.13303432709848062,False
Gnpda,2.2370396,0.50613374,0.025283755290686934,0.13305107910277386,False
lov,2.235588,0.68063325,0.02537876285110143,0.1334975756058738,False
ey,2.2332878,0.5020112,0.025529973699222656,0.13423923745809754,False
fray,2.2305663,0.22707652,0.02570986748535042,0.1351175820507486,False
CG5196,2.23045,0.5872997,0.02571758544207932,0.1351175820507486,False
Ankle2,2.2298765,0.5225598,0.025755636989094,0.1352634172808534,False
CG9044,2.229149,0.20165299,0.02580398140384903,0.1354631704540856,False
Nop17l,2.22886,0.15842721,0.025823227214142517,0.1355100661317223,False
futsch,2.2267513,0.097571574,0.02596390348668879,0.13619388894814,False
Dlic,2.2265937,0.039537724,0.025974435069424096,0.13619476329298988,False
CG18766,2.225399,0.10263242,0.0260544581056118,0.13655986418338215,False
CG13921,2.2247658,0.07901025,0.02609696355911831,0.1367247992807989,False
Dcp-1,2.2246203,0.4030793,0.02610673678809166,0.1367247992807989,False
osp,2.2234633,0.14012696,0.026184575397977097,0.13707781702367294,False
CLS,2.2232203,0.7134983,0.02620095158083634,0.13710892225097154,False
CG5446,2.2175736,0.008190152,0.0265839089745884,0.13894692280274126,False
Pof,2.2143817,0.44598585,0.02680253544765586,0.13997826541422814,False
CG15535,2.2132194,0.55795014,0.026882516529167576,0.14034019356108937,False
AANATL7,2.2123568,1.1915505,0.026942017099922937,0.1405949581783111,False
lovit,2.2111022,0.6977719,0.027028755561037503,0.14099160304566608,False
dj-1beta,2.2108986,0.009689936,0.027042859968274092,0.14100919840600062,False
Acyp2,2.2095568,0.07230254,0.027135942025952136,0.14138234663799013,False
CG30389,2.207982,0.03446512,0.02724552349034056,0.14189701889142883,False
CG42540,2.2066162,0.11886207,0.027340882557660234,0.14228841024651895,False
Rlip,2.2065117,0.049273,0.027348183743342434,0.14228841024651895,False
CG15099,2.2064347,0.24640527,0.027353570942125247,0.14228841024651895,False
coro,2.205288,0.55568784,0.02743388871344076,0.14259545003742546,False
Rfk,2.2032015,0.24456467,0.027580541012579268,0.14324439087165675,False
Grip163,2.2018802,0.4699196,0.02767376609267119,0.1436717844558275,False
CG7841,2.1998725,0.14100584,0.027815935196019142,0.1443528390504311,False
nord,2.1928945,0.4765106,0.02831498175772064,0.14682670098518122,False
CG14667,2.1904418,0.23241246,0.028492211529058536,0.14745476939418242,False
CG13390,2.1892917,0.85227,0.028575651355685756,0.14782836961169718,False
Sec71,2.1873507,1.104473,0.028716933318527784,0.14850078858931723,False
E(var)3-9,2.1866028,0.56870544,0.028771538294275607,0.14872463146608242,False
ND-B14.5B,2.185259,0.07999055,0.028869851884204243,0.14915243868360561,False
CG30015,2.1851616,0.08321261,0.02887700182732821,0.14915243868360561,False
egl,2.1842785,0.48654002,0.028941797022804635,0.14942837441243728,False
mod(mdg4),2.1833935,0.035746656,0.02900684327149098,0.14970538907595893,False
MESR6,2.182399,1.0896406,0.02908009179312578,0.1500245018302602,False
dpr9,2.1789417,0.08615837,0.029335999859828547,0.15123188582511674,False
Grasp65,2.175428,0.93769956,0.029598071495480067,0.15245500482793858,False
Cul4,2.175279,0.42219085,0.02960922163781577,0.15245500482793858,False
Uba1,2.173718,0.024755873,0.029726323471297132,0.1529979985949253,False
CG11523,2.1722083,0.08310387,0.029839951847874868,0.1535226966644776,False
pins,2.1704814,0.38847283,0.029970399437610668,0.1541334828219977,False
CG8578,2.1696632,0.25963134,0.03003236812679612,0.1543917516377547,False
Sln,2.167349,0.12755181,0.0302082401878136,0.15523514902928068,False
Phm,2.1657746,0.049059223,0.030328421823340536,0.15579181499558037,False
SiaT,2.1651103,0.2422861,0.030379230144719622,0.15599182653443372,False
Dh44,2.1635683,0.6515661,0.03049749758256386,0.15653793681050357,False
GCC185,2.159279,0.3908399,0.030828522969734304,0.15811350188224385,False
CG9123,2.1587467,0.050567552,0.030869818317283037,0.15826352426418225,False
Creld,2.1548905,0.26317328,0.03117039775984037,0.1597422100484799,False
Syx7,2.1529598,-0.009952478,0.03132182879208615,0.16045568433840623,False
acj6,2.1524756,0.27765203,0.03135991969183327,0.1605882091779771,False
Cpsf6,2.1486878,0.03457623,0.03165915522799942,0.1619942755825204,False
Tak1,2.1474693,0.33156288,0.03175594901502279,0.16242630208540268,False
CG9098,2.1468632,0.41791755,0.03180416838742458,0.16260963914815524,False
Acf,2.1461272,0.057804633,0.03186282436984444,0.16284617355883155,False
CG1090,2.1447973,0.06432267,0.03196904959029116,0.16332554883997896,False
regucalcin,2.1446126,0.25113705,0.031983838488941034,0.16333759725794217,False
crq,2.143666,0.020803235,0.03205965505072522,0.16360041970265396,False
CG10492,2.143659,0.46255848,0.032060204013267424,0.16360041970265396,False
CG5938,2.1430824,-0.0026030212,0.03210648304963784,0.16377297642555946,False
CG5674,2.1424541,0.1358045,0.03215694699637157,0.16396673788603894,False
CG33267,2.1406384,1.1764243,0.03230322116688285,0.1646486912850429,False
CG9917,2.138516,0.051890954,0.032474895208882464,0.16539539652895954,False
Yp2,2.1377406,3.4862702,0.0325378062284418,0.16560229614513183,False
Zn72D,2.1377046,0.06762029,0.032540725163373696,0.16560229614513183,False
skd,2.1351013,0.108563565,0.03275273672065428,0.16660270179460882,False
Wdr81,2.1349797,0.81926066,0.03276266220983784,0.16660270179460882,False
BRWD3,2.133275,0.19802761,0.03290217036644019,0.16718272181555457,False
TBPH,2.132818,-0.011636022,0.03293965496656087,0.1673084910168573,False
rictor,2.1302814,0.46290344,0.0331483808492489,0.16830360292083868,False
chm,2.1298347,0.2453317,0.03318525725373193,0.16842575523910294,False
SP2353,2.1281865,0.044741027,0.03332162236571179,0.16905255516812856,False
ome,2.123988,0.32546145,0.03367114607003189,0.17069400438280055,False
CG31323,2.1231937,0.2021598,0.03373761208179118,0.17096499142103205,False
CG17294,2.1230192,-0.025658045,0.03375223817866479,0.17097317257812464,False
Lamtor1,2.1201627,0.08445002,0.03399233261389699,0.17205672209037226,False
DIP-lambda,2.118338,0.5643495,0.03414644518640547,0.17277023093930222,False
Tmep,2.1180027,0.037639115,0.03417484598128796,0.17284170418142056,False
CG12241,2.1178606,0.5171238,0.034186878932078536,0.17284170418142056,False
Sfmbt,2.1153514,0.44411936,0.034400010286027,0.17378551909203954,False
tra2,2.1143808,0.09361871,0.03448274632664494,0.1741365437094983,False
MCTS1,2.1128542,0.037422433,0.0346132501041158,0.1747284311825131,False
Duba,2.1099033,0.07416954,0.03486667531558351,0.17583038965099165,False
Stam,2.1098452,0.24265331,0.03487168914996075,0.17583038965099165,False
CG4049,2.106446,0.30925953,0.03516562624455607,0.17724446829822274,False
Sema1b,2.1052976,0.38440108,0.03526541411029458,0.17767927201275718,False
mon2,2.1045256,0.16107377,0.03533262036223223,0.17791075239892493,False
Atg101,2.1044588,0.09522356,0.0353384371203344,0.17791075239892493,False
sei,2.1020832,0.06231767,0.03554598678614502,0.17881863184147992,False
U4-U6-60K,2.1017392,0.10736216,0.035576128644581394,0.17890177205885938,False
e(y)2,2.1012583,0.46016672,0.03561830381049862,0.17904533744068546,False
CalpB,2.1002278,0.46867982,0.03570880130763939,0.17943160580588208,False
Kat60,2.0984683,0.3063149,0.035863791976710815,0.18014152391971716,False
CG3618,2.096517,0.060071543,0.036036339279791045,0.18093905163792676,False
z,2.0948038,0.062320925,0.036188431032808194,0.18163330166963318,False
Naprt,2.0941243,0.14318104,0.03624890250070786,0.18186734587984013,False
Tusp,2.093,0.06860876,0.03634916666085645,0.1823007824136083,False
prim,2.0923033,0.062385224,0.036411397038159314,0.18254321140076818,False
Coa8,2.089219,0.028911008,0.03668801518577198,0.1838598472696582,False
Pcyt2,2.0876222,0.65631765,0.03683193850827853,0.18451074037315285,False
CalpA,2.0868366,0.11640054,0.0369029195309097,0.18472547148043938,False
drk,2.0854998,0.033761505,0.03702396327708582,0.18526080634459546,False
CG7083,2.0844505,0.24706383,0.037119206107051314,0.18559603053525656,False
GlcAT-I,2.0833826,0.17152011,0.03721637219801494,0.18601108051803586,False
gogo,2.080163,0.33434898,0.03751058303389507,0.18741028937847196,False
spas,2.0800037,0.22227463,0.03752518054787503,0.18741196214332112,False
CG11807,2.0780697,0.23578237,0.037702934749022775,0.18822817728045566,False
Csp,2.076632,0.036501877,0.037835534352911315,0.18881842817973973,False
Tehao,2.0739517,1.388026,0.038083797184020746,0.18981187244408348,False
mlt,2.0738592,0.036531225,0.03809238262062772,0.18981187244408348,False
CG31908,2.071684,0.37060517,0.038294934131003676,0.19074883793835795,False
PKD,2.0711806,0.13786566,0.03834191729365662,0.1909104938380629,False
CG9368,2.0700665,0.031438522,0.03844612584480488,0.1913568536366425,False
CG12236,2.068651,0.11524392,0.03857885459729475,0.19194477448256458,False
asRNA:CR44018,2.0674443,0.53867924,0.038692310341017715,0.1924363958671358,False
CG5149,2.0666964,0.032214314,0.038762779049323515,0.19271392989334507,False
tadr,2.0657275,0.26631817,0.038854211788247724,0.19309543982510405,False
Hel89B,2.065202,0.07432984,0.03890388176119248,0.19326918954331537,False
CG12054,2.063208,0.077483766,0.039092859802469175,0.19413460990341835,False
Cyp28d1,2.0609436,0.8300394,0.0393084123298049,0.19503257962419646,False
HDAC1,2.060841,0.22773743,0.039318211828348285,0.19503257962419646,False
Snx3,2.058847,-0.028209703,0.039508896956947245,0.19590449283557992,False
Sar1,2.0573204,0.0062710564,0.03965542804139721,0.19655689342284396,False
Hs3st-A,2.0560417,0.11337775,0.039778494227655496,0.1970925392727727,False
l(2)05714,2.055179,0.2867117,0.0398617098058673,0.19743040589864166,False
Plod,2.053986,0.7339806,0.039977035014380685,0.19781729495418957,False
Pp1-87B,2.053904,0.04631411,0.03998498747323649,0.19781729495418957,False
Adf1,2.0531218,0.037844583,0.040060768745917776,0.1981176143475196,False
CG7139,2.0508761,0.26843205,0.04027900626832842,0.1991219497237906,False
Rpt3,2.0471072,0.012180983,0.040647552045805925,0.20076131308737286,False
Rassf,2.0470166,0.43933487,0.040656457696004504,0.20076131308737286,False
Not1,2.0468025,0.06766935,0.040677468138510885,0.20078804807118705,False
sqz,2.0466504,0.3690871,0.04069243318215914,0.20078804807118705,False
Naa30A,2.0455806,0.05588965,0.0407976562886235,0.20123168304523753,False
CG10874,2.0449438,0.12605752,0.040860394484903924,0.20146550976796906,False
CG5726,2.042236,0.15790598,0.0411281144104388,0.20260347653409755,False
scro,2.042142,0.11033164,0.041137448660043555,0.20260347653409755,False
Cmtr1,2.0399187,0.17389974,0.04135842896161563,0.20361549515010466,False
CG8641,2.0375943,0.15419048,0.041590520137049815,0.20460480516691673,False
epsilonCOP,2.0351005,0.045657616,0.041840756383070526,0.20575294292724716,False
CG9986,2.0349567,0.66418564,0.041855221951638634,0.20575294292724716,False
CG5973,2.034279,0.37518156,0.04192347380415334,0.20601138585885373,False
CG12502,2.0327592,0.042366464,0.042076865914215736,0.20668785723842795,False
Vps16A,2.0321617,0.5190056,0.04213728164563788,0.2069072798294775,False
CG8516,2.0302346,0.42911986,0.04233270526441703,0.20769125013062334,False
Gnpat,2.03012,0.29357883,0.04234435761795586,0.20769125013062334,False
Spec2,2.0282252,0.99404126,0.042537275413166147,0.20847340238589707,False
CG7766,2.028208,0.04574957,0.04253902150337925,0.20847340238589707,False
trbd,2.0280864,0.4233907,0.042551420486984466,0.20847340238589707,False
Rab30,2.0273163,0.142814,0.04263007668772664,0.20873482103870297,False
Nol9,2.027253,0.53447795,0.042636549441999905,0.20873482103870297,False
CG10254,2.0257263,0.06896064,0.04279284700907619,0.20939380849149625,False
CG32944,2.0252812,0.062628336,0.04283849566953151,0.20948933126075328,False
HmgD,2.024951,-0.018178528,0.042872407636725535,0.20957717125988598,False
Gmap,2.0241532,0.38492185,0.042954381906630416,0.20989980596992325,False
Atox1,2.021865,0.022902967,0.043190309894670806,0.21097422751523212,False
asRNA:CR44291,2.0215893,0.7228085,0.04321879380469588,0.21103491289249493,False
kri,2.02003,0.03599874,0.04338026592971082,0.21166605804545124,False
wwk,2.0195081,0.017403744,0.04343444006163892,0.21185172324051055,False
CG43783,2.0143135,0.39144418,0.043976637906555496,0.21433717436652047,False
CG8230,2.0083776,0.35700873,0.04460317479059826,0.21731023980291478,False
Lam,2.0078077,0.018161478,0.044663729648509794,0.2175042619444375,False
subdued,2.0076914,0.47117144,0.0446761037281611,0.2175042619444375,False
eIF5,2.0059934,0.010500173,0.04485694877880155,0.21830381739016758,False
Nagk,2.004061,0.054194205,0.04506352019350114,0.21922793607649205,False
Smg6,2.0020225,0.11944856,0.045282304450872474,0.22021076257752195,False
Cda5,2.0017762,0.39460838,0.04530881752873797,0.22025818066134553,False
BEAF-32,2.0013053,0.008319955,0.04535948649928284,0.22042294844695878,False
Nct,2.0010111,0.949031,0.04539120190846784,0.2204955242429824,False
gammaSnap2,2.0003211,0.016934358,0.04546558505550268,0.2207286463959675,False
r2d2,1.9994124,0.1733427,0.045563750447451354,0.22108319627766307,False
vers,1.9986696,0.16110429,0.045644116144446654,0.2213150133350661,False
Ythdc1,1.9955032,0.013067447,0.0459880297424312,0.2228181087077972,False
XNP,1.9951522,0.027783554,0.046026273062662236,0.2229212045865764,False
PTP-ER,1.9933449,0.045527585,0.04622369741068648,0.22371248028597435,False
qkr58E-3,1.992715,0.007753535,0.046292664134073604,0.22389313243732586,False
CG10494,1.9926927,0.41224468,0.04629510204202545,0.22389313243732586,False
MCU,1.9895537,0.121758856,0.046640119594590176,0.22547872386788628,False
Reps,1.98725,0.16803157,0.046894707848252774,0.2264870255430599,False
promL,1.9872156,-2.8879254e-05,0.046898499532962816,0.2264870255430599,False
CG2608,1.9871986,0.19042689,0.046900395472044595,0.2264870255430599,False
slmb,1.986721,0.00034956995,0.046953318176480935,0.2266592949445112,False
Arpc1,1.9863565,0.013923565,0.046993755343278765,0.22677118810528205,False
hbs,1.9858515,0.2321976,0.04704980825370061,0.2269583261577188,False
CG1504,1.9851292,0.35756585,0.04713009018267022,0.22726215963313273,False
KaiR1D,1.9842443,0.27493998,0.04722860208085563,0.22763265733602697,False
Nup358,1.984128,0.16154677,0.04724157203617546,0.22763265733602697,False
Ufm1,1.9812218,0.07881749,0.04756641206837905,0.2290299210621109,False
CycJ,1.9728367,0.5716729,0.04851416883927099,0.2333368149882946,False
bdwf,1.9726057,0.33061686,0.048540508758592324,0.23337807723670076,False
CG7523,1.9720477,0.32043773,0.0486041643053356,0.2335986536108668,False
dao,1.9708308,0.016271083,0.04874323906252345,0.23416260575181536,False
betaCOP,1.9707092,0.30263242,0.04875714530722731,0.23416260575181536,False
Dref,1.9698397,0.30545747,0.048856740714947146,0.2345551965635387,False
Meltrin,1.9674025,0.05495482,0.04913683228304863,0.23581372395882358,False
Parg,1.9664354,0.7373955,0.0492483369101522,0.23617633102167881,False
Rep,1.9658825,1.1214825,0.04931217736383565,0.23639620961722016,False
CG13937,1.9592382,0.027885908,0.050084895731913555,0.23983802110690383,False
Suv3,1.9581565,0.13084473,0.050211652133524506,0.24035741677031403,False
snz,1.9577081,0.17265016,0.050264278665450385,0.24047549042725316,False
asRNA:CR44107,1.9576344,0.654212,0.05027292025903078,0.24047549042725316,False
mnd,1.955115,0.9292789,0.050569495888821134,0.24171814331724614,False
CG9588,1.9519726,0.34794194,0.05094146259130572,0.24340757034536625,False
lva,1.9506632,0.07907728,0.05109712359334524,0.2440625968798824,False
zf30C,1.9500898,0.13363038,0.051165414155940316,0.24429997892770922,False
Iml1,1.9486657,0.18951568,0.05133535001117684,0.24493336933437315,False
CG14104,1.9447343,0.83329284,0.05180696632390771,0.24700418631935678,False
TTLL5,1.9435687,0.21608606,0.05194748286633109,0.24758430354138214,False
AstC-R1,1.941811,0.49199718,0.05215999540698545,0.24841694079296442,False
Patr-1,1.9410253,0.22935526,0.052255209068292535,0.2487118656380115,False
18w,1.9394746,0.51713204,0.052443573758539745,0.24949621983606526,False
RhoGEF2,1.9384049,0.23381494,0.0525738469096281,0.2500254608731499,False
CG6282,1.9374019,0.05733766,0.05269623663669266,0.2504868483460015,False
CG10321,1.9372975,0.10551889,0.0527089905385612,0.2504868483460015,False
CG5273,1.937015,0.10835253,0.05274350172625601,0.2505470882598107,False
TfIIB,1.9367378,0.14510803,0.05277740380981541,0.2505470882598107,False
homer,1.9367259,0.00834008,0.05277886912504993,0.2505470882598107,False
hpo,1.9339103,0.40749797,0.053124162321555486,0.2520951581456262,False
cbt,1.931105,0.026888017,0.05347007103326405,0.25364503010003236,False
Alh,1.9304665,0.020572646,0.053549054369438194,0.2539280311852825,False
CG3632,1.9267901,0.2001386,0.0540057949880936,0.2558169236278118,False
lncRNA:CR44978,1.9264307,0.3605605,0.0540506223655868,0.255937001039211,False
Raf,1.9246849,0.3331779,0.05426879730157697,0.2568775203684155,False
Zif,1.9222493,0.10385481,0.0545743999679002,0.2582310463011194,False
skl,1.9217923,0.32870892,0.05463190037533936,0.2584100687300069,False
Nsun5,1.9207482,0.4028306,0.05476345796227937,0.25884598475696075,False
CG7483,1.9195107,0.25809827,0.0549197280850244,0.2593979967782964,False
yps,1.9170752,-0.0017780145,0.055228383228080984,0.26076211125295873,False
Xe7,1.915824,0.058846638,0.055387501760632736,0.26141945874091743,False
CG2818,1.9153242,0.27726194,0.055451168801997824,0.2616259813494619,False
CG13893,1.9132138,0.04698593,0.0557206822575318,0.2627832811943372,False
Dh44-R2,1.9098403,0.5446617,0.056153776327657626,0.26465588986564603,False
CG13339,1.9079729,0.13423476,0.056394707992991656,0.26553696736771915,False
NPFR,1.9045669,0.7831712,0.05683638721807509,0.26739352955442414,False
Nedd8,1.9015101,-0.028089754,0.05723523597621662,0.26907728111895757,False
CG31637,1.9012927,0.04584001,0.0572636859937126,0.2691147474811815,False
CG10713,1.9007125,0.34157327,0.05733968498164937,0.26937556691414827,False
Dop1R2,1.9002897,0.057041537,0.057395111682860246,0.2695395881032107,False
Vmat,1.8996222,0.39356542,0.0574827182329067,0.2698545614792405,False
dpr12,1.8984172,0.07145552,0.05764114078739453,0.2705016392665586,False
Ankrd49,1.8963428,0.24694516,0.057914729914004516,0.2715915599821625,False
sdk,1.895754,0.28498566,0.0579925786130042,0.2718596086246433,False
AP-1-2beta,1.8950847,-0.003195027,0.05808116919261436,0.272177804276374,False
CG17019,1.8940527,0.09831116,0.05821801396244825,0.27272181941767204,False
Bet1,1.893019,0.047651056,0.0583553541071709,0.2731704143100198,False
CG9727,1.8912611,0.43162075,0.058589495668659425,0.2741687938341114,False
CG31706,1.8893629,0.42418957,0.058843207684081016,0.2752580096008631,False
Mtmr6,1.8889111,0.011368468,0.058903738646077126,0.27544310527026816,False
sgl,1.888651,0.29608792,0.05893861325028825,0.27550813877936237,False
CG13124,1.888271,0.53628844,0.05898957932668421,0.2756483187598259,False
mthl8,1.8851662,0.07890899,0.05940740421524379,0.2772495445045242,False
CG32202,1.8850977,0.33785614,0.05941664515408982,0.2772495445045242,False
CG12945,1.8841615,0.018662361,0.059543134716656926,0.2777411395729045,False
ergic53,1.8825852,0.08699002,0.05975661363178108,0.2786380067855228,False
CG4452,1.8791705,0.070980966,0.060221212852950914,0.2805438459680286,False
CanB,1.878556,0.10052287,0.06030513453975417,0.2806496475771168,False
lncRNA:CR44628,1.8784122,0.75837225,0.06032478480172122,0.2806496475771168,False
CG4829,1.8782908,0.8565766,0.06034139809067898,0.2806496475771168,False
CG31342,1.8780409,0.2056438,0.06037557254683661,0.2806496475771168,False
lncRNA:CR43148,1.8780067,0.13607118,0.06038025522834926,0.2806496475771168,False
mRpS18A,1.876865,-0.0440936,0.06053659517742695,0.2811773985971686,False
CG30122,1.8762763,0.022959696,0.060617357317923615,0.28145303009099515,False
Pex3,1.8755728,0.37856746,0.06071396634198166,0.2818020196869089,False
Sin3A,1.8753383,0.028484242,0.06074619768827339,0.28185206130787865,False
scrib,1.8714616,0.016038284,0.06128113161133173,0.28403318143664863,False
Phf5a,1.8706622,0.54867923,0.06139190850975716,0.28444628978075076,False
tea,1.8704398,0.3194093,0.06142277524865632,0.28448899075338174,False
Su(var)2-10,1.8688805,0.06900257,0.06163944058231968,0.28539191305556044,False
bur,1.8679802,0.08595307,0.06176482828569877,0.2858717307763585,False
eIF1A,1.86632,0.10297406,0.061996610195192134,0.28678124878874056,False
Ran,1.8658732,0.039311077,0.062059098998918115,0.28693052809492753,False
Smug,1.8624141,0.26879534,0.06254473449753413,0.2890741510016175,False
mRpS30,1.8619179,0.15909386,0.06261467711490905,0.28929566008787094,False
CG34347,1.8616269,0.36688277,0.06265570802307553,0.28938348099234185,False
Pisd,1.8606308,0.26691875,0.06279634693369264,0.2898292935401199,False
ph-d,1.8601326,0.2794333,0.06286676420819574,0.2900524163257346,False
CG17068,1.8575823,1.2539743,0.0632283436385799,0.2915159422494526,False
Octalpha2R,1.85584,0.065318145,0.06347636939201305,0.2923978175635894,False
CG2061,1.8534712,0.16033554,0.06381485627489489,0.29360196479415923,False
dnr1,1.8515353,0.7543899,0.0640925722640894,0.29462666294396317,False
BtbVII,1.8513094,0.0148449335,0.06412504967370561,0.29462666294396317,False
prd1,1.851294,0.016296562,0.06412726453727052,0.29462666294396317,False
CG1172,1.8495208,0.08801054,0.06438264238096901,0.2956442795760598,False
CG6654,1.8494438,0.07202286,0.06439375404464864,0.2956442795760598,False
MRP,1.8488806,0.070448436,0.06447504075468177,0.2959140885492555,False
Dh31-R,1.8465409,0.45706192,0.06481369579065989,0.2972607199613511,False
Lap1,1.8462911,0.37561038,0.06484995182503352,0.29732322644136094,False
Arms,1.8442833,0.22640374,0.06514184941757574,0.29855734263932515,False
Ccn,1.8435936,0.017141903,0.06524238455194158,0.29891385390952313,False
Rh2,1.8432137,1.1275536,0.06529782082737123,0.2990635641936765,False
CG13197,1.8402373,0.24095938,0.06573341689793397,0.3008347788690015,False
EDTP,1.8400456,0.25098598,0.06576155329505683,0.3008347788690015,False
CTCF,1.8399463,0.36685795,0.065776127830338,0.3008347788690015,False
GstE2,1.8388304,0.45226404,0.06594014897293496,0.30148001304953564,False
CG14711,1.8384982,0.89129794,0.06598901782755787,0.3015985023492558,False
pkaap,1.8371085,0.22838712,0.06619388569367776,0.3024296446505305,False
enok,1.8318676,0.08009902,0.06697114839915368,0.30587448382512317,False
tamo,1.8316947,0.07273978,0.06699691385505634,0.3058858401860459,False
CG4004,1.8302792,0.08813025,0.06720819157652302,0.30674388236037253,False
CG6428,1.8297179,0.19419447,0.06729213907274198,0.3070203845193853,False
Hcs,1.8286978,0.25592685,0.06744489867309678,0.30761054098038587,False
Pc,1.827984,0.02541631,0.06755194870797877,0.30799188272825856,False
AhcyL1,1.8275836,-0.045381118,0.06761208115915628,0.30806398266441565,False
Pal1,1.8268578,0.079791404,0.06772115129337936,0.3084422627365701,False
unc-5,1.825088,0.13002995,0.06798774534146587,0.3095491939663415,False
MED20,1.8247526,0.9626231,0.06803837679005585,0.30967241808844265,False
toy,1.8235202,0.05997447,0.06822463609957392,0.31041264485747966,False
Dolk,1.8231779,0.78398526,0.06827644913359944,0.31054085898771083,False
Ibf2,1.8217967,0.42276588,0.06848584345289474,0.3113854612356529,False
Snx21,1.8204873,0.21198244,0.0686848270124546,0.3121821608245083,False
DIP-gamma,1.8176273,0.0144566875,0.06912112213065788,0.31405655075962813,False
DCTN3-p24,1.816484,0.030728012,0.06929617150334685,0.31474306724990586,False
bbc,1.812496,0.020825928,0.06990959986159095,0.31741953772678133,False
CG8613,1.8123094,-0.0119353365,0.06993840550892794,0.3174406384757558,False
CG6766,1.8117617,0.11057496,0.07002302883256223,0.3177149857941532,False
Golgin104,1.8086466,0.19323118,0.07050592345888389,0.3197955934586587,False
Spt-I,1.8084258,0.0099280095,0.07054025402451623,0.3198409033409742,False
PolrMT,1.8048931,0.2535842,0.07109141029545171,0.32211763147663297,False
lili,1.8038268,0.43107322,0.07125846385658594,0.3227419807155495,False
CG10089,1.8037001,0.016417155,0.07127832785666093,0.3227419807155495,False
CG11396,1.803007,0.11579048,0.07138712340201052,0.32312325232601385,False
TSG101,1.8016634,0.08272871,0.07159838626686868,0.323967904802567,False
CG4186,1.8010232,0.29486182,0.07169921892421678,0.32431247389473616,False
Rnmt,1.8006108,0.6270496,0.07176425559821803,0.32449494788733135,False
Rpn6,1.7990994,0.0028633813,0.07200295655642054,0.3254622804098266,False
Bruce,1.7982676,0.017710881,0.07213461391813633,0.3258332165294986,False
Gcn5,1.7973279,0.51302844,0.07228357505067391,0.3263938749710843,False
Mvl,1.7957635,0.3528266,0.07253213095495042,0.32740371032224275,False
Hyccin,1.7955582,0.3363462,0.07256481601463041,0.3274387645715122,False
CG11178,1.7952005,0.25640553,0.07262177127976227,0.32758327312601315,False
Lamtor3,1.7949181,0.09418622,0.07266676180612938,0.3276737303131572,False
sowah,1.793518,0.21224272,0.07289014277695326,0.3285516969675199,False
asRNA:CR45621,1.7933844,0.632815,0.0729114724777236,0.3285516969675199,False
CG13579,1.7918594,0.515885,0.07315548589470845,0.32953825322470653,False
Arpc3A,1.7908514,0.043214135,0.07331715869211201,0.3300402415945022,False
vir-1,1.7899374,0.38939765,0.07346398719898387,0.33058794239542744,False
CG34015,1.7893982,0.19774275,0.07355071223519574,0.3308648951627772,False
CG30020,1.7889806,0.40023634,0.07361794725397627,0.3310237886132339,False
slpr,1.7888659,-0.0052794027,0.07363641812149792,0.3310237886132339,False
Myb,1.785405,0.05720242,0.07419563768567566,0.333423624893905,False
Rme-8,1.7827522,0.34237316,0.07462666347320566,0.3352459343719393,False
Uhg4,1.7818912,0.20576097,0.07476697712357959,0.33576147621457136,False
CG14082,1.778403,0.12113242,0.07533769143647975,0.33820883685525926,False
sd,1.777999,0.043201983,0.07540400919107237,0.33839094288616495,False
pasha,1.7768112,0.29947054,0.07559930450564512,0.33915154018578925,False
Fbxl4,1.7755823,0.37731525,0.07580178782426376,0.33994385392860954,False
Acly,1.7734087,-0.01629012,0.07616102427828163,0.34143836882177436,False
CG9175,1.7730919,0.26230863,0.07621346968885537,0.34148036333076,False
CG15160,1.7729481,0.09003375,0.07623729246218117,0.34148036333076,False
mRpS34,1.7728814,-0.021420507,0.07624835509988202,0.34148036333076,False
Syt12,1.772,0.0460784,0.0763945614851316,0.3420185819129912,False
CG12253,1.7716542,0.12034517,0.07645197084435848,0.34215902482795313,False
cer,1.7711134,0.3294507,0.07654185010537945,0.3424446409209009,False
fliI,1.7706307,0.48288962,0.07662213154641806,0.3426871370047424,False
RpS13,1.7686487,0.09316721,0.0769525179672213,0.34404766454211905,False
esn,1.7652837,0.26351118,0.07751609147397566,0.3464074664992585,False
rush,1.7651827,1.165967,0.07753305623853267,0.3464074664992585,False
prod,1.7610441,0.112108596,0.07823093004286687,0.34940666919213825,False
Usp16-45,1.7595397,0.27065915,0.07848588746583346,0.35042628654469987,False
EMC5,1.7591734,-0.028034264,0.07854806125996805,0.3505847571181998,False
CG12081,1.7583227,0.16052051,0.07869261017776046,0.3511106613703811,False
Hrb98DE,1.7578093,0.023553353,0.0787799677513718,0.35138111889104734,False
CG7059,1.7560207,0.49185717,0.07908487957102217,0.3526214175647205,False
pasi1,1.7534225,0.71592456,0.079529513322015,0.35448365164561635,False
CG7600,1.7525975,0.3118153,0.07967111916191777,0.3549944068455746,False
dos,1.7510109,0.17143546,0.07994403681113732,0.3560897097282524,False
CG6454,1.7505368,-0.01334671,0.0800257355298241,0.3563328244194811,False
CG7519,1.7493593,0.13313673,0.08022894864628763,0.3571166616572559,False
CG1695,1.7491863,0.042517804,0.08025881606449187,0.3571286295588971,False
lncRNA:CR45347,1.7486712,0.1791114,0.08034788046425585,0.35740390971574876,False
CG14341,1.744423,0.088523485,0.08108535638915443,0.36044031899644424,False
CG11590,1.7415767,0.45506155,0.08158255036735491,0.3622827684444216,False
tub,1.7402005,0.043137223,0.08182381108411249,0.36315270472659056,False
asRNA:CR42254,1.740144,0.70229715,0.08183372592811526,0.36315270472659056,False
Atg13,1.7379601,0.08469903,0.08221784788434494,0.3646110432670579,False
Sou,1.73605,0.4019418,0.08255500144954633,0.3659826987338188,False
CG31111,1.7334073,1.136681,0.08302330462821007,0.36781059434075536,False
Usp30,1.7322092,-0.040065628,0.08323632622602363,0.3685058378065871,False
foi,1.730727,0.12982434,0.08350047686678252,0.3694263521984924,False
CG1105,1.7301193,0.20957564,0.08360895634090455,0.3697817860381979,False
CG43689,1.7297239,0.4119596,0.0836796056654719,0.36996972356806895,False
APC10,1.7287534,0.1437423,0.083853222604487,0.3706126286656438,False
Nse4,1.7271909,0.43258825,0.08413339846269409,0.37172590981835923,False
tho2,1.7268913,0.05648513,0.0841871878319321,0.37183853718036564,False
CG7668,1.7264891,0.058874268,0.08425946305020293,0.3720327098385976,False
CG42806,1.7262083,0.6568596,0.08430993166996327,0.37213050122382174,False
CG5191,1.7251917,0.121201515,0.08449293134459598,0.3728130012988553,False
Vti1a,1.7246183,-0.021961985,0.08459627988820512,0.3730579661418406,False
EMC2A,1.7245687,0.10132743,0.0846052312863535,0.3730579661418406,False
CG9586,1.7238584,0.13842706,0.08473341284579365,0.3734978345500599,False
CG16974,1.7228725,0.0076913955,0.08491158296065285,0.37403224944786406,False
mir-990,1.7223231,1.6415174,0.08501100709040417,0.37433117656007414,False
Eato,1.7189428,0.50550777,0.08562480214897242,0.37679501012642247,False
Myo95E,1.7181708,0.07808838,0.08576546613923611,0.3771613872388094,False
RYBP,1.7172431,0.06031272,0.08593475944524444,0.37763395652352516,False
CG3634,1.7171439,0.94904214,0.0859528916849836,0.37763395652352516,False
CG12991,1.7165277,-0.003970267,0.08606550577220966,0.37797484821084054,False
Plc21C,1.714989,0.04865062,0.08634724873795821,0.3789588672066703,False
CG11367,1.713695,0.21358278,0.08658475228351731,0.3798068620709905,False
fdl,1.7136214,0.106798716,0.08659827692273117,0.3798068620709905,False
eIF1,1.7122847,0.04317598,0.08684421911059328,0.38063143399372773,False
Ae2,1.7112817,0.029639771,0.0870291245054425,0.3812968542559632,False
P58IPK,1.7111465,0.40255746,0.08705407631414684,0.3812968542559632,False
Kdm3,1.7093339,0.56539655,0.08738911470532686,0.3826367768170593,False
CG10347,1.7071688,1.4607793,0.08779068866915309,0.384267038345327,False
DppIII,1.7047247,0.16069722,0.0882457939731291,0.3859349049115807,False
CG9003,1.7046493,0.008519445,0.08825984697559361,0.3859349049115807,False
CG33203,1.7031345,0.0065741558,0.08854288725656097,0.3870437586664042,False
eIF2alpha,1.7006768,-0.022444291,0.08900370428859276,0.38892872442703985,False
AstC,1.6998587,0.78325135,0.0891575239640099,0.38934192917483884,False
Mondo,1.693993,0.14799039,0.0902666081314339,0.3939233579697913,False
Acn,1.6930585,0.037655216,0.09044433173664886,0.39456790140091835,False
Bap111,1.6927966,0.26510254,0.09049418387194762,0.394654356481046,False
CSN8,1.6912168,0.15394391,0.09079539495922967,0.3957053034044039,False
hoe2,1.6903628,1.0604742,0.0909585737291933,0.39628503275915117,False
tau,1.6893238,0.01250886,0.09115738757939221,0.3969432578464536,False
Orai,1.6889815,-0.010712524,0.0912229710877218,0.3969432578464536,False
eIF3k,1.688949,0.028306715,0.09122920349357524,0.3969432578464536,False
mahj,1.6888036,0.832912,0.09125708950072009,0.3969432578464536,False
Cbs,1.6887847,0.08406124,0.09126069877885361,0.3969432578464536,False
CG7565,1.6881274,0.10662315,0.09138676734315572,0.39736006713734817,False
Cep104,1.6857346,-0.019606724,0.09184691869413251,0.39922875012930903,False
dome,1.6842421,0.10124536,0.09213487878816688,0.40034798521048703,False
Hykk,1.6840556,0.023297098,0.09217092473566055,0.40037221521539823,False
alpha4GT1,1.6827856,0.054957267,0.09241660284666915,0.40130672881864926,False
fbl,1.6820462,0.11789787,0.09255988120128794,0.40179611462997145,False
RecQ5,1.6810158,0.17093484,0.09275983963749856,0.40253114030275133,False
lncRNA:CR44023,1.6798537,0.58465034,0.09298579015711768,0.4033784360067766,False
wtrw,1.6778134,0.99236923,0.09338351975393931,0.40497011536856853,False
HDAC11,1.6762987,0.084620684,0.09367969594882031,0.40602720815756654,False
CG8152,1.6762508,0.9012599,0.0936890787773015,0.40602720815756654,False
Ufl1,1.6756055,0.21290663,0.09381548527648848,0.40644097478834773,False
l(1)G0469,1.6688209,0.04912623,0.09515289390932585,0.4116921389425557,False
Fic,1.66828,0.28689146,0.09526016265210281,0.4119804626923826,False
dpr18,1.6681687,0.004765057,0.0952822394309095,0.4119804626923826,False
CYLD,1.6676159,0.1121692,0.09539200482106014,0.41224109934297565,False
CG4658,1.6675491,-0.045471873,0.09540526507625487,0.41224109934297565,False
Uaf1,1.6654935,0.5332183,0.09581433608624455,0.4138725759938374,False
Elp3,1.6623408,1.014611,0.09644446415649699,0.41632071583980634,False
CG5877,1.6603467,0.6347652,0.09684470654687558,0.4176650346505436,False
Iswi,1.6603143,0.096008234,0.09685124509742819,0.4176650346505436,False
Bcs1,1.6575792,0.0982665,0.09740243634128681,0.41990420391224037,False
FRG1,1.6570828,0.2082149,0.09750273308298492,0.42019872506081396,False
Hsepi,1.6568534,0.21176583,0.097549104969267,0.42026073419546506,False
CkIIalpha,1.655515,0.0052990257,0.09782007467809949,0.42128999713871756,False
Svip,1.655349,0.06580001,0.0978537278970991,0.4212968494652301,False
Ripalpha,1.6548885,0.13907588,0.09794710326569928,0.4215556929031844,False
Tango1,1.6547363,0.021808697,0.09797801264279492,0.4215556929031844,False
Corin,1.6471386,0.037819263,0.099529573494364,0.42809119336037416,False
CG17684,1.6452181,-0.008463161,0.09992483281676474,0.42965062277889027,False
CG12576,1.6434022,-0.019201206,0.10029975358279043,0.431049062257259,False
RhoGAP92B,1.6420859,0.22198856,0.10057219193345873,0.43201000392469685,False
Ent1,1.6391437,0.5026215,0.10118332538347835,0.4344931031172894,False
Cdc7,1.6384951,0.28955904,0.10131846345285714,0.43493126748465955,False
CG4596,1.6372371,-0.03202281,0.10158094828056588,0.4356284438032773,False
sov,1.637232,-0.0088536395,0.10158202075570573,0.4356284438032773,False
pira,1.6371806,0.3155622,0.1015927460029964,0.4356284438032773,False
fz4,1.6367218,0.92229784,0.1016885982231398,0.43580827809917055,False
NKAIN,1.6363453,0.007070848,0.10176733668399442,0.43598255654238005,False
pds5,1.6362101,0.020503784,0.10179562279086926,0.43598255654238005,False
Cep97,1.6351438,0.038653083,0.10201890854109412,0.43665422092181655,False
Rad60,1.6347347,0.06421432,0.10210467051034816,0.43687898746531256,False
CG34408,1.6337147,0.12487162,0.10231878714369459,0.4375102060098103,False
CG12299,1.6304609,0.1330601,0.10300412101441385,0.4402973813042934,False
CG17778,1.630057,0.030502988,0.1030894560401803,0.44051884629852656,False
ced-6,1.6285952,1.1385823,0.10339872298459744,0.4416967555323831,False
Tpc1,1.6265465,0.0961365,0.10383344455051442,0.44340963971197905,False
lncRNA:CR44366,1.6261066,0.9779685,0.10392696987914937,0.44341868307539584,False
Kr-h2,1.626081,0.07874495,0.10393243062256874,0.44341868307539584,False
CG34393,1.6260605,0.17613167,0.10393679938144743,0.44341868307539584,False
Sec13,1.6257421,-0.052767202,0.10400453380397841,0.4435636397871718,False
Rgk2,1.6250677,0.09739545,0.10414813007282879,0.4440319367803278,False
I-2,1.6225791,-0.00464743,0.10467941482811688,0.44615229025022896,False
CG9135,1.6207597,0.20096257,0.10506919000182062,0.4476683387237104,False
Su(var)3-7,1.6199244,0.40813017,0.10524851262623423,0.4482870197435066,False
CG8841,1.6195427,0.6858415,0.10533053799884769,0.4484910140326826,False
CG8924,1.619043,0.14287376,0.10543802011046971,0.4488032342894629,False
comm,1.6175077,0.08195957,0.10576874067402948,0.4499194731164608,False
PolE4,1.6170404,0.12788378,0.10586955791925085,0.45020258610322206,False
DIP-epsilon,1.61582,0.51765805,0.10613322399793063,0.4511777946725359,False
TyrR,1.6156523,0.14869171,0.1061695048838678,0.4511860589178599,False
Toll-7,1.6152518,0.15072663,0.10625617452964398,0.45140838451972903,False
Mvb12,1.6148102,0.25729117,0.10635179838128515,0.45158405310488714,False
Sidpn,1.6147435,0.37492692,0.10636625908368537,0.45158405310488714,False
Nab2,1.6143345,0.03452827,0.10645491128379911,0.4518144490533334,False
Toll-6,1.6139082,0.019016858,0.1065473350708316,0.45189964010700373,False
RhoBTB,1.6137902,0.030692438,0.10657295773322523,0.45189964010700373,False
CG8405,1.6137662,0.10015228,0.1065781571302591,0.45189964010700373,False
CG2218,1.6125115,0.133279,0.10685066366233549,0.45290894210422206,False
CG32532,1.6107777,0.8662608,0.10722817391671656,0.4543625299147551,False
Exn,1.6104063,0.24455047,0.10730917959773612,0.4545591940407004,False
shv,1.6089207,0.06412499,0.10763368716041252,0.4557868673180214,False
CAH7,1.6063465,0.24246858,0.10819780680892237,0.4578805737421062,False
bwa,1.6057645,0.26992655,0.1083256575876835,0.45827403113398624,False
CG31156,1.5993735,0.5658611,0.10973763943309271,0.46394870725573945,False
Leash,1.5987521,0.23171166,0.10987567717786854,0.46438288778295034,False
Mat1,1.5956901,0.15862775,0.11055798453341516,0.4669662220408471,False
CG32196,1.5932597,0.833685,0.11110193741575139,0.4691129362605955,False
TMEM216,1.592421,0.0846998,0.11129012899118959,0.46975659972509837,False
Nup98-96,1.5915139,0.28419808,0.11149396628647906,0.47031483691952963,False
CG7639,1.5892855,-0.041658644,0.11199596464612943,0.47212928310880353,False
mop,1.5866308,0.07134825,0.1125962921892097,0.47420361518147935,False
Axn,1.5847617,0.0151495505,0.1130204795926817,0.4758375846997237,False
CG31937,1.5836663,0.49935308,0.11326967229116518,0.47667971807513476,False
CG12159,1.5835637,0.48117593,0.11329305628224093,0.47667971807513476,False
AnxB10,1.5821431,0.00899286,0.11361692517616377,0.4778893715796389,False
Bub1,1.5809363,0.17399794,0.11389259098219158,0.47870262814635833,False
Slob,1.5808268,-0.017710375,0.11391764201541012,0.47870262814635833,False
CG11970,1.5806762,0.85369426,0.11395209426988967,0.47870262814635833,False
klar,1.5805718,0.03731871,0.11397598076029414,0.47870262814635833,False
CG15445,1.5804999,0.43376827,0.11399242948782004,0.47870262814635833,False
5-HT2B,1.5802175,0.3041292,0.11405706758355745,0.47875692037717177,False
CG10019,1.5790639,0.22538075,0.11432140413861672,0.4796242817309782,False
CG34150,1.5756048,-0.05138765,0.11511691295970414,0.48280760813613544,False
Rubicon,1.5753121,0.6235787,0.11518442150501143,0.4829365981416242,False
mbc,1.575016,0.34460843,0.1152527513051364,0.48306894805406453,False
Pu,1.5742493,0.1773076,0.115429846006408,0.4835624136216817,False
CG42588,1.5741876,0.3111537,0.11544408611348672,0.4835624136216817,False
Ibf1,1.5725119,0.26018915,0.1158318677282834,0.4850321038717794,False
Tip60,1.57174,0.5178543,0.11601085283107435,0.48562682580449723,False
Rm62,1.5708483,0.10281317,0.11621788882959087,0.4863385538919822,False
a6,1.5703263,0.48996118,0.11633922498737187,0.4866913137007534,False
SMC3,1.5690289,0.073595256,0.11664120623113888,0.48772081264929007,False
SrpRbeta,1.5685719,0.031150872,0.11674772344489867,0.48793418768001545,False
Hs3st-B,1.5680002,0.031489417,0.11688107723782984,0.4883362018776102,False
mTor,1.5675929,0.43997657,0.11697617476237399,0.4885781743094705,False
CG10338,1.5668261,0.40499845,0.11715534667672295,0.4891710376015696,False
Pdpr,1.566037,0.8083971,0.11733994263416077,0.48978616461654145,False
lncRNA:CR30055,1.5657547,-0.014136634,0.11740606822682365,0.48990655335041683,False
lncRNA:Hsromega,1.5652292,0.04827642,0.11752917974217567,0.4902645783530757,False
Acbp2,1.5635331,0.41152832,0.11792727681302856,0.49161307656192743,False
kuk,1.5607209,0.020073207,0.11858962048708466,0.49406075244143705,False
CG4751,1.5605532,0.26578808,0.1186292192866534,0.4940690781066959,False
CG11141,1.5598633,0.35302243,0.11879216823414218,0.49443430174109226,False
SA1,1.5589426,0.3211709,0.11900997648121206,0.4948705984060527,False
Cont,1.5559387,0.22475408,0.11972266129603135,0.4975192186685174,False
Tsc1,1.5535271,0.13671944,0.12029725540644097,0.49974895227335897,False
amrt,1.5530359,0.31197485,0.12041455904653137,0.5000781624119539,False
CG34163,1.5514526,0.8170569,0.1207932377110584,0.5014923044307449,False
Tmem18,1.550258,0.13471541,0.1210796030247436,0.5025224206396497,False
Acbp8,1.5496572,0.04337139,0.12122380677196673,0.5029620527261266,False
TM9SF4,1.5451969,0.03847606,0.12229865307322463,0.5067815519969006,False
CG31550,1.5435127,-0.0020227013,0.12270643621571709,0.5079907283788666,False
CG30419,1.5432131,0.064773634,0.12277906975075255,0.5081313311889413,False
twz,1.5429701,0.0857906,0.1228380313556214,0.5082152808604739,False
CG4558,1.5423882,0.22699197,0.1229792969079602,0.5086395849451045,False
Srx,1.5414143,0.0047117863,0.1232159927826416,0.5094581954574923,False
Atg2,1.5397472,0.6403904,0.1236219883515113,0.5109760701286122,False
Prestin,1.5395538,0.5206543,0.12366915803022717,0.5110102945022594,False
cerv,1.5382872,0.0039021256,0.12397840413140243,0.5121270764811783,False
CG15747,1.5367879,0.0125029795,0.1243452642577576,0.5134810723906144,False
Vps35,1.5353587,0.05381327,0.12469574177062642,0.5143044022893822,False
l(1)G0004,1.5353365,0.31497294,0.12470120439071322,0.5143044022893822,False
CG13594,1.5329489,0.006122667,0.1252884707593177,0.5164022916491325,False
Abi,1.5316411,0.06784894,0.12561101142316017,0.5175693603324943,False
CG32432,1.5314273,0.0020159034,0.12566384466371242,0.5176247394611854,False
CG7120,1.5311482,0.19197933,0.1257327652181849,0.5177463287267157,False
CG6013,1.5290635,-0.023766428,0.1262486992903013,0.5197079914393983,False
CG15111,1.5288529,-0.044619486,0.12630089252950338,0.5197600149820465,False
meigo,1.5282248,0.45071548,0.12645672344466996,0.5202383675838959,False
Lim3,1.5275949,0.20065874,0.12661312924188367,0.5207187850511272,False
CG10512,1.5264362,0.47789672,0.12690125824046355,0.5217404672339458,False
Der-2,1.5260118,0.014549618,0.12700693385702938,0.5220116080329578,False
Ar1,1.5252929,0.0826526,0.1271860568164305,0.5225843610281102,False
Uvrag,1.5243567,0.1981333,0.1274196377935733,0.5233804440786349,False
CG9346,1.5234427,-0.033037532,0.1276479892800246,0.5241545559811011,False
CG11279,1.5226349,0.021906862,0.1278500929488153,0.5248204377842652,False
CG8490,1.5215,0.18917714,0.12813440025162312,0.5258232415072854,False
Ugalt,1.5211115,0.6439294,0.12823185514775642,0.5260588750051575,False
asRNA:CR43259,1.5197918,1.2947762,0.12856328860578256,0.5272539364169734,False
CG17168,1.5172313,-0.009194783,0.12920828002619408,0.5297337908094197,False
Cdc50,1.5134591,0.0072032637,0.13016309700249407,0.5334819384319314,False
Pcif1,1.5116978,-0.026296653,0.1306107513635761,0.5348322809864752,False
CG10466,1.5116824,0.26673222,0.1306146719699847,0.5348322809864752,False
tank,1.5071193,0.36022064,0.13178006697409786,0.5392653812508129,False
RunxA,1.506962,0.5749018,0.1318204265279765,0.5392653812508129,False
CG2962,1.506433,7.0065107,0.13195605210380215,0.5394654616087874,False
Mpc1,1.5062909,-0.020678254,0.1319925006904301,0.5394654616087874,False
CG6686,1.5042661,-0.026594585,0.13251285118056094,0.5412806668822577,False
nonC,1.5042422,0.23934376,0.13251901867277194,0.5412806668822577,False
NAT1,1.5033556,0.041082047,0.13274737220633723,0.5420448945902023,False
Mgat3,1.5027378,0.46275824,0.13290669441832859,0.5425268607197383,False
CG42458,1.5025066,0.17580687,0.13296631276493984,0.542601661407239,False
N,1.5018101,0.8425646,0.1331461763407066,0.5431669534669,False
CG2972,1.5007899,1.140251,0.13340990352648463,0.5440739082365016,False
wda,1.4997698,0.8465123,0.13367403477666703,0.5448129084880288,False
Ggt-1,1.497425,0.37849694,0.1342827158867602,0.546784904478472,False
CG4953,1.4963295,0.25494516,0.13456779671558566,0.5475855245271357,False
tnc,1.4961892,0.7215465,0.13460435648574187,0.5475855245271357,False
CG11248,1.4951246,0.07291089,0.1348819257884623,0.5483235337689853,False
RIOK2,1.4950134,0.6068602,0.1349109577378333,0.5483235337689853,False
Pp4-19C,1.4945923,0.07489955,0.13502087622646067,0.5484310088456548,False
Sgip1,1.4943783,0.003297376,0.13507675562772906,0.5484884329259455,False
Ndf,1.4939659,-0.06699012,0.13518454155169898,0.5487565264100478,False
Pabp2,1.4919719,0.22840372,0.13570651870862238,0.5507052673969419,False
CG15522,1.4917425,0.020066317,0.13576665696181217,0.5507792134850916,False
Impbeta11,1.4906454,0.4937512,0.13605461796981755,0.5517770617664823,False
CG18809,1.4901353,0.06670269,0.1361886511046334,0.5521502238552555,False
Fcp1,1.489105,0.029001296,0.13645972695211736,0.5530785972087668,False
msl-3,1.4887695,1.2964071,0.1365480740089822,0.5531612140665298,False
Cdk5,1.4887079,-0.017248163,0.1365643058167293,0.5531612140665298,False
Fit1,1.4870049,0.143935,0.1370135245192247,0.5546388515658078,False
PIG-K,1.486156,0.0013929897,0.137237881983158,0.5553759683580832,False
CG12071,1.4856973,-0.029496245,0.13735922524164326,0.5556695700204755,False
CG11597,1.4843981,0.41212496,0.1377033292068623,0.5567451525471294,False
Khc,1.4833934,-0.022528507,0.13796990984954652,0.5576513735536885,False
lic,1.4829929,0.12052339,0.13807628961594526,0.5579097311050187,False
Pka-C3,1.4827721,0.14621267,0.13813496189602803,0.5579752226602547,False
SmF,1.4825017,0.26928943,0.13820685024437304,0.5580940418595765,False
trol,1.4795389,0.24885873,0.1389963264207246,0.561109594214538,False
Gpb5,1.4790323,0.076098874,0.1391316734048018,0.5614834731385429,False
PpV,1.4779352,0.086626805,0.1394251205866531,0.5623223095483799,False
ADD1,1.4775878,0.014279377,0.13951815242293147,0.5625248612572321,False
cpa,1.4770486,0.1282307,0.13966260675555084,0.5629345560637847,False
htt,1.4766258,-0.00018356202,0.13977595779178847,0.5630460102342429,False
CG43373,1.4741235,0.15869398,0.14044833599974849,0.5655811017581045,False
Hmu,1.4736049,0.029858788,0.14058799730312058,0.5658189870232307,False
dre4,1.4735844,0.26185802,0.1405935306416171,0.5658189870232307,False
Als2,1.4732352,0.09943091,0.14068762302179666,0.5660243008286614,False
CG32708,1.4725506,0.07600385,0.14087225842836137,0.5664258509216269,False
Pde11,1.4725455,0.0322071,0.1408736438974031,0.5664258509216269,False
CG5026,1.4722836,0.7123158,0.14094431671033075,0.5665366538922442,False
Letm1,1.4711916,-0.011945,0.14123931155076977,0.5674831083704291,False
CG42239,1.4710923,0.2281963,0.14126615277623086,0.5674831083704291,False
Spf30,1.4684821,-0.024883177,0.1419732994029228,0.5701494969909553,False
Csgalnact,1.4656067,0.141115,0.1427554638963668,0.5729403773971472,False
Trax,1.4648108,0.5619607,0.14297253920935257,0.5736363863239368,False
Gyc88E,1.4642135,0.4103382,0.143135628737388,0.5741154339466661,False
CG1116,1.464003,0.31856522,0.14319314128842542,0.5741708503295423,False
CG10336,1.4635408,0.513388,0.14331945052702785,0.5745020072987023,False
Glys,1.462074,0.17436282,0.143720931656711,0.5758953567710374,False
zda,1.4619508,-0.057605453,0.14375470092914786,0.5758953567710374,False
CG1620,1.461593,-0.0069168117,0.14385276009004203,0.5761125472670382,False
btz,1.4609392,0.16596764,0.14403212037444002,0.5766551071664052,False
lncRNA:CR44506,1.460686,0.4717821,0.1441016568104579,0.576757773527084,False
Sptz,1.4584403,0.9686092,0.14471921372946697,0.5784246685635781,False
TkR99D,1.4581733,0.27017933,0.1447927774446138,0.5784246685635781,False
Vps50,1.4580843,0.25415078,0.1448173050487024,0.5784246685635781,False
Dred,1.4578173,-0.041960213,0.14489090696115078,0.5784386347183563,False
Vhl,1.4577198,-0.020439837,0.1449178071151316,0.5784386347183563,False
CG3253,1.4570334,0.060899995,0.14510716020829792,0.5788427702298222,False
Efr,1.4561913,0.1639148,0.14533974253480697,0.5795946030067871,False
scny,1.4547998,-0.031192206,0.14572469614509112,0.5809534306269714,False
Gtpbp1,1.4537164,0.020956382,0.1460249602630216,0.5817974462874785,False
bc10,1.4533226,-0.049065277,0.14613417817559848,0.5820561082835296,False
CG34133,1.4530746,0.17275535,0.14620306506856967,0.5821540227275774,False
CG9705,1.4527048,-0.012467266,0.146305728861156,0.5823863305772766,False
wls,1.4479072,0.103290856,0.14764298894437214,0.5873535799966848,False
Pcd,1.447582,-0.036475696,0.14773397143306097,0.5875376466799096,False
CG6610,1.4469316,0.84380734,0.1479160649422949,0.5879421621004688,False
CG14135,1.4468992,0.050179034,0.1479251741175152,0.5879421621004688,False
lncRNA:CR44816,1.4461957,0.9577303,0.14812232489647856,0.5885477318233228,False
Act42A,1.4449137,0.006682602,0.14848212555462875,0.5892646118356454,False
CG14182,1.4415385,0.09465511,0.1494326164232009,0.5928576629833514,False
CG5969,1.4354744,0.03912964,0.15115197344834233,0.5987750772117029,False
Got2,1.4326485,0.09109022,0.15195830577323124,0.601606549521018,False
CG43367,1.4321436,-0.016372051,0.1521027251484714,0.6019969302562995,False
vimar,1.4316986,0.12323961,0.1522300966327707,0.6023196235334559,False
CG13229,1.4311646,0.27610436,0.1523830495697989,0.6027433086535694,False
GC,1.4305501,0.025826361,0.15255918818840972,0.6032584209436364,False
Lkb1,1.4303259,0.05124871,0.15262350018169976,0.6033311649781994,False
pic,1.4299664,0.19180529,0.15272663878426776,0.6035573033459484,False
wfs1,1.4285835,0.7917033,0.15312397145851422,0.6049455757561265,False
ValRS,1.4281899,0.16635534,0.15323721721786,0.6052110111940728,False
Ent2,1.4277568,0.69183064,0.15336186111302286,0.605521290572452,False
CG13982,1.4264235,0.12804377,0.15374613026326317,0.6066739194172006,False
CG17187,1.4256448,0.6248872,0.15397091338967514,0.6073785055359745,False
CG8765,1.4249448,0.4683057,0.15417318429743462,0.6079938900565098,False
Muc68D,1.4241676,4.351886,0.15439794636091958,0.608515001554434,False
mrt,1.4228531,0.16543576,0.15477872726266168,0.6096500228511315,False
CG10413,1.421691,0.1830294,0.1551159749145344,0.6103698939426946,False
form3,1.4215832,0.18415445,0.15514729419852358,0.6103698939426946,False
Mekk1,1.4208916,0.26894805,0.15534824945203696,0.6109775509726926,False
atos,1.420113,0.019797435,0.15557480934204404,0.6116855160845179,False
SelG,1.4191937,-0.041173268,0.15584252235949278,0.6125548141799986,False
CG5815,1.4183944,0.27927315,0.15607562203316808,0.6132875817930109,False
CG13784,1.4176807,-0.008382611,0.1562839880359398,0.6137392716055735,False
Urm1,1.4166435,0.37132457,0.15658716934928116,0.6145625463708346,False
CG2126,1.416445,0.37929922,0.15664525488206738,0.6146069421171589,False
Mgtor,1.4141309,-0.005004932,0.15732345725571806,0.6167509160357718,False
PhLP2,1.4141002,-0.056327194,0.15733250156407208,0.6167509160357718,False
Top2,1.4135661,0.023727493,0.15748933219071515,0.6171815761962413,False
spn-F,1.4113069,0.49995992,0.15815415735316785,0.619321790996632,False
fd102C,1.4101635,1.7831368,0.15849140807582873,0.620368514184209,False
CG7745,1.4096569,0.29278734,0.1586410224829492,0.6206694682686705,False
myd,1.409253,0.040403724,0.15876038622805366,0.6207490360813959,False
row,1.4091947,-0.015578057,0.1587775883005762,0.6207490360813959,False
CG15643,1.4077126,0.4486058,0.15921621093849558,0.6222787066424248,False
lncRNA:CR44900,1.4060985,0.98921055,0.1596948755182499,0.6239639204013689,False
RabX4,1.4054208,-0.05909242,0.15989620835887952,0.6245648566693451,False
Hyls1,1.404998,1.0427612,0.16002188433491593,0.6248700030195529,False
abs,1.404796,0.35018682,0.16008195022604377,0.6249188431284062,False
RpS23,1.4038718,0.096514404,0.16035704554326025,0.6256210149757837,False
CG15653,1.4018178,0.70957226,0.16096964758423227,0.6278246272653049,False
CG4935,1.4015491,0.7231147,0.16104992696312348,0.6279513472686773,False
Asciz,1.4007756,0.7154905,0.1612812186367989,0.6285970874134218,False
sNPF-R,1.4005907,0.062118754,0.16133652013368616,0.6285970874134218,False
CG6912,1.3989441,-0.062362406,0.16182974514704784,0.6300855409081144,False
spab,1.3988842,8.853587e-05,0.16184771136003828,0.6300855409081144,False
Ms,1.3986001,0.4898925,0.16193294304769423,0.6300855409081144,False
Brf,1.3964161,0.29827878,0.16258922893768601,0.6324518852105371,False
CG34348,1.3947765,0.19087262,0.16308327497663855,0.634185922815339,False
ITP,1.3931007,0.81676203,0.16358931948905664,0.6357774794694482,False
eIF3a,1.3911548,-0.03802819,0.16417851855494503,0.637878691251324,False
CG3164,1.3895904,0.68167454,0.1646533159046205,0.6395343100758835,False
Idua,1.389402,0.8361324,0.16471052745574144,0.6395674736313365,False
cnk,1.387124,0.1776053,0.16540397405087437,0.6420703748976334,False
Ugt35B1,1.386376,0.61522186,0.16563212803600968,0.642766143648307,False
arr,1.3858215,0.22662415,0.16580143848441153,0.6432332157322609,False
twf,1.3842878,0.13327076,0.16627033289602255,0.6446716359556613,False
cry,1.3817444,1.1089436,0.16705018315081788,0.647329599225657,False
CG13654,1.3812532,0.43510175,0.16720111644731506,0.6477071551054598,False
Rtf1,1.3772943,-0.07764611,0.16842126568226423,0.6518572698276736,False
CG10565,1.3771163,-0.066612706,0.16847628415044025,0.6518782019248484,False
Dis3l2,1.3760449,0.16355464,0.16880773800865256,0.652968406662848,False
CG2200,1.3754373,0.13128245,0.16899592033733968,0.6535039415046038,False
Ide,1.3734655,-0.02642416,0.1696076692566849,0.6554081364756712,False
CG33116,1.3716222,0.11655877,0.17018109117368208,0.6571200523133066,False
CG33111,1.3705661,0.50035733,0.1705102514436273,0.6581976216125919,False
CG32647,1.3701434,0.016845431,0.17064215586371723,0.6585133415709968,False
ZAP3,1.3689932,-0.043390222,0.17100140820799048,0.6597059612017013,False
Hat1,1.3677626,0.058533147,0.17138641374066754,0.6609972047409367,False
Ask1,1.3672252,0.39753067,0.1715547559025099,0.6614523158917195,False
CG10366,1.366763,0.19746314,0.1716996076631424,0.6618166162199153,False
Sce,1.365291,0.12985112,0.1721615974818279,0.6634027539329087,False
beat-Vc,1.3649367,-0.0023268184,0.172272936094664,0.6636371680691541,False
CG14982,1.3643326,-0.07892896,0.17246292762643844,0.6641743461346428,False
alpha-Catr,1.3637643,-0.024184033,0.17264175951791805,0.6646682449649701,False
CG14715,1.3631823,0.15240224,0.17282504430307744,0.6651789930118446,False
CG4074,1.3588504,0.20897241,0.17419401297557136,0.6696633500582234,False
asf1,1.3584379,-0.06117225,0.17432478627824166,0.6699700765417068,False
wal,1.3563155,0.1563086,0.1749988039725241,0.6721672856471694,False
zfh1,1.3555111,0.4146173,0.17525478608751643,0.6729537957890024,False
Ifrd1,1.3545115,-0.059627738,0.17557324660687812,0.673979684608349,False
HtrA2,1.3537294,0.17458098,0.17582275377769518,0.6747403576632345,False
Tbce,1.3533887,0.039595954,0.17593148392666935,0.6749604959989592,False
lncRNA:CR45409,1.3528804,0.43057895,0.1760938528241761,0.6749847300568561,False
CG12341,1.352704,0.13391387,0.17615018866145493,0.6749847300568561,False
rgn,1.352627,0.0033576586,0.1761748056231981,0.6749847300568561,False
parvin,1.35255,0.09867827,0.17619942514968945,0.6749847300568561,False
otk,1.3524302,0.39170447,0.17623772728901654,0.6749847300568561,False
ttv,1.3522848,0.016940491,0.17628424537402654,0.6749847300568561,False
Gorab,1.3520759,1.0336602,0.17635102850399864,0.6749934502017308,False
Uba5,1.351268,0.2568636,0.1766095802112776,0.6755894858737082,False
RAF2,1.3505902,0.3946525,0.17682671855989218,0.6762232485090173,False
Nhe1,1.3497242,0.24933824,0.17710446252043488,0.6768914012561125,False
Gp93,1.349031,0.045243584,0.17732700152425462,0.677347906985089,False
CG1738,1.3470404,0.33859074,0.1779672032918107,0.6795957719425727,False
Polr2J,1.3433435,-0.046211947,0.1791607905435254,0.6837562555160975,False
CG7991,1.3412981,0.114411004,0.17982368404793403,0.6860868781619782,False
CG13300,1.3399442,0.02322494,0.1802634711438844,0.6873656444662336,False
CG8944,1.3395249,0.40321895,0.18039985032790662,0.6876861135215239,False
CG30022,1.3391038,0.3935858,0.1805368632588581,0.6880088118391517,False
CG7272,1.3381009,0.13643102,0.1808635549710662,0.6890539612408842,False
whd,1.3376969,0.593897,0.18099524756099694,0.6893090901701757,False
rpr,1.3375738,0.41466436,0.18103543913069076,0.6893090901701757,False
Jarid2,1.3362609,-0.02717252,0.1814640023131482,0.690740727229075,False
Cables1,1.3356345,0.028151898,0.18166877089733124,0.6912028060055487,False
nsl1,1.3354051,-0.040999655,0.18174378367687394,0.6912050123051008,False
Pnn,1.3341625,-0.04949726,0.18215059577371984,0.6925517443479974,False
amx,1.333988,0.14495972,0.18220780525939617,0.6925688634968082,False
jumu,1.3326923,0.56748366,0.18263280588946063,0.6939835365493097,False
CG7632,1.3322524,0.31358492,0.1827772597412627,0.6943316545244845,False
Zw10,1.3302122,0.11232787,0.18344836334802395,0.6966796226569465,False
CG16972,1.3299692,0.4029126,0.18352843178442357,0.6967823154138474,False
CG12171,1.3295892,0.1939751,0.1836536610692452,0.6970563565713119,False
Drgx,1.3291562,0.2767618,0.18379645448156934,0.6973968847495874,False
CG13707,1.3279632,0.56047094,0.18419026714705655,0.6986894082887769,False
HDAC6,1.3263749,0.038084257,0.1847155664968897,0.7004798106115817,False
FIG4,1.3260291,1.4233595,0.18483005645760053,0.7007117547180817,False
ics,1.3240454,0.018293062,0.18548797188585486,0.7025978525742672,False
CG12112,1.3220137,0.8206139,0.18616357526730798,0.7047916081155413,False
Bre1,1.3219812,-0.0015981426,0.1861744042442195,0.7047916081155413,False
CG8675,1.3197048,0.048618056,0.18693359002557686,0.7073056829165711,False
fs(2)ltoPP43,1.3196672,0.0729698,0.18694616718183044,0.7073056829165711,False
Sdb,1.3180515,0.20065092,0.18748643047422742,0.7091455660424145,False
ple,1.3176235,0.5485924,0.187629701537256,0.7094832455250485,False
BOD1,1.3167369,0.019553095,0.1879268163540455,0.7104022919712768,False
tgo,1.3147687,0.12867963,0.18858767497172846,0.7124905259138907,False
Polr3D,1.314209,0.49633253,0.18877590129406685,0.7129966493256794,False
CycC,1.3135979,0.083348796,0.1889815542301746,0.7134977403346945,False
CG32700,1.3134267,0.024504358,0.18903918969870936,0.7134977403346945,False
Rac2,1.3133309,0.7904455,0.18907147122111156,0.7134977403346945,False
CG42709,1.3113232,0.03716757,0.18974858823326068,0.7158473871332316,False
CG31145,1.3108474,-0.01248371,0.18990932596801724,0.7162481467335667,False
CG5262,1.3105615,1.1635284,0.19000593246330066,0.7164068730467061,False
CG7888,1.3069535,0.4692525,0.19122848647667612,0.7206029000010107,False
CG15537,1.304506,0.3016789,0.19206111705270323,0.7233475809864806,False
CG10731,1.3044889,0.10319152,0.19206694901536003,0.7233475809864806,False
Pi4KIIIalpha,1.3028115,-0.05806268,0.192639113210759,0.7251263796741402,False
CG30197,1.3020036,0.11119119,0.1929151327088292,0.725767174735947,False
CG42663,1.3019592,0.013307706,0.19293034561283584,0.725767174735947,False
CG7183,1.3012438,0.17260289,0.19317504331189572,0.7263445030944895,False
CG17065,1.3011873,-0.026966052,0.19319437125686767,0.7263445030944895,False
Dh31,1.3008381,0.1742423,0.19331388463371535,0.7263781653094138,False
CycK,1.3003725,-0.047933165,0.19347332026460506,0.7267694191757892,False
CG7369,1.3001808,0.12517965,0.19353899829177235,0.7268083559742465,False
Mp,1.2999532,0.01985265,0.1936170122131592,0.7268935829945462,False
Pcb,1.2992789,0.05933579,0.19384825664852157,0.7275538681409807,False
ktub,1.2986627,0.35860452,0.19405972319682618,0.7281395667636482,False
AnxB11,1.2983255,0.36025006,0.194175514051256,0.7283660447141033,False
Taf1,1.2979215,0.059264984,0.19431429471938844,0.7286786051977067,False
Scgdelta,1.2969322,0.8314923,0.1946544971734564,0.7292274724881473,False
CG12728,1.2968175,0.12273604,0.19469396065095212,0.7292274724881473,False
Ilp2,1.2966892,0.9471792,0.19473814314770999,0.7292274724881473,False
CG17646,1.2961569,-0.011404143,0.19492143172285525,0.7297058726035094,False
Hexim,1.294103,0.08286194,0.1956298405915956,0.7319408044913343,False
rux,1.2939113,0.036130734,0.1956960549199106,0.7319801200249431,False
CG31717,1.2928467,-0.025711812,0.19606407988081387,0.7331479822521042,False
nclb,1.2923195,0.65253115,0.19624650494731555,0.7336213584659249,False
MTF-1,1.2918489,0.60682094,0.19640948952573833,0.7340218123914113,False
CG7987,1.2909726,0.00891747,0.19671320129625058,0.7345323284825367,False
beat-Vb,1.2909708,-0.038658928,0.19671379481963824,0.7345323284825367,False
CG15084,1.2894475,0.56876105,0.19724255075430308,0.7362974763953246,False
CG16985,1.2891121,0.041526556,0.1973591355376314,0.7365234424778406,False
CG42360,1.2886876,0.091347225,0.19750672325120033,0.7368649470530302,False
CG31122,1.2883145,-0.07094048,0.19763652430384304,0.7371399174999993,False
CG4133,1.2868785,-0.051362336,0.1981366621437708,0.7385860256933754,False
CG8298,1.286709,0.40954384,0.19819573822345038,0.7385967102257907,False
CG11975,1.285172,0.11134346,0.1987321885330755,0.7401760083119648,False
chif,1.2843008,-0.06950075,0.19903672764151736,0.7411001986992174,False
CG14657,1.2827381,-0.029762136,0.19958383777380306,0.7429268068973859,False
Csas,1.2812216,0.5552218,0.20011581786398558,0.7446960766731153,False
CG3165,1.280472,0.81094,0.20037918786796916,0.7454650420682657,False
dan,1.2802855,0.63173234,0.20044476901993757,0.7454979521432152,False
Bmcp,1.2800938,0.09195148,0.20051217147656797,0.7455376155071033,False
Uggt,1.2792225,0.20101231,0.2008187000083056,0.7464661154481288,False
Pak3,1.2788409,-0.035267796,0.20095310210238548,0.7467544574732312,False
Ufsp2,1.2780758,0.30080822,0.201222706596751,0.7475449150922557,False
scat,1.2768623,0.16164865,0.20165087530029313,0.7485024057778137,False
CG42673,1.2767459,0.026645273,0.2016919757332435,0.7485024057778137,False
Mfap1,1.2766997,0.0062072002,0.201708296716837,0.7485024057778137,False
L2HGDH,1.2761074,-0.013120343,0.20191753234540344,0.7490672995535295,False
Ilk,1.2744147,0.12509309,0.20251648003247014,0.7508652786756934,False
elff,1.2730472,0.028321713,0.20300130649666193,0.752237773244492,False
ksr,1.2728863,0.23824309,0.20305840043365397,0.752237773244492,False
pix,1.2715119,-0.028433425,0.20354660514009704,0.7538338194872816,False
beat-Ia,1.2711627,-0.0060056318,0.20367076823928987,0.7539245112061426,False
Rfx,1.2710514,0.05899545,0.2037103415902215,0.7539245112061426,False
Ant2,1.270959,1.2310522,0.203743222168418,0.7539245112061426,False
ATbp,1.2700348,1.1043484,0.2040722404256069,0.7547169263136714,False
CG14322,1.2680819,0.1326548,0.20476871494420035,0.7566538004406054,False
Mcr,1.266622,0.30814695,0.20529052022031857,0.758155546850755,False
ATP7,1.2664387,0.53821355,0.2053560434403302,0.7581844368659565,False
CG7806,1.2656429,0.3018205,0.205640970447325,0.7590231324937783,False
CG8379,1.2646621,0.5876974,0.20599246899969637,0.759893611076926,False
CG1545,1.2635581,0.5741525,0.20638865681903706,0.7611414399669231,False
CG9801,1.262449,0.13217004,0.20678724427663353,0.7623974157673863,False
phol,1.2622334,-0.030554222,0.20686481223955155,0.7624694622237609,False
ash1,1.2620023,-0.020008773,0.2069479442056058,0.7625619705164499,False
Snrnp20,1.260515,0.14137387,0.20748364819848442,0.7642641881083613,False
pps,1.2603968,-0.04091874,0.20752622702972856,0.7642641881083613,False
CG5823,1.258153,-0.081116006,0.20833642951693798,0.7666033838847843,False
Galphai,1.255993,0.8408624,0.20911851354091293,0.7686977676051037,False
dind,1.2559828,0.22543116,0.20912223692147502,0.7686977676051037,False
Men-b,1.2559348,-0.029121071,0.2091396133324388,0.7686977676051037,False
CG1824,1.2551663,0.046659045,0.20941839937083684,0.7689712392303151,False
Wdr59,1.2550105,0.79025304,0.2094749344503417,0.7689712392303151,False
Akr2E3,1.2549232,0.020608267,0.20950662377812235,0.7689712392303151,False
bab1,1.2545964,0.15872003,0.20962533426464147,0.7691920950118372,False
rho,1.2542797,0.10843955,0.209740362053373,0.7693993180852376,False
asRNA:CR43906,1.2541137,0.77599925,0.20980069218050978,0.7694058317755788,False
gt,1.2531706,0.6724647,0.21014363057193464,0.7704484669964344,False
CG33523,1.2507128,0.036831647,0.21103929264530297,0.7728696503230995,False
CG5276,1.2502934,0.55345815,0.2111923793564775,0.7732147853842615,False
cert,1.2497576,0.015861508,0.21138807224258416,0.7737156738906841,False
Pdxk,1.2493982,0.19353843,0.21151944125383804,0.7739809128586554,False
CG15097,1.2481025,0.10417214,0.21199348506501237,0.7752837166029118,False
CG31817,1.2459751,0.47287896,0.21277353311520697,0.7779199290856481,False
Uhg8,1.2449926,2.1260216,0.21313444709322882,0.7790227078734426,False
bbx,1.2446727,1.1987168,0.21325212246650926,0.7792360648525951,False
DCAF12,1.2441745,0.39321312,0.21343533622492805,0.7796887178191702,False
lncRNA:CR44317,1.2433684,0.99131036,0.21373211876330478,0.7803389943178174,False
SCCRO3,1.2429473,-0.05147776,0.2138872445165434,0.7806884424853834,False
Jra,1.242706,0.047813565,0.213976194668134,0.7807962226990505,False
S1P,1.2405425,0.32062596,0.21477478376341697,0.78349268702146,False
Dop2R,1.24,0.07489756,0.21497539936491938,0.7840068686247684,False
CG42700,1.2394677,0.053210117,0.21517234903350857,0.7842565329726398,False
srl,1.2393838,0.29543674,0.21520339154121404,0.7842565329726398,False
brun,1.2393017,0.070291415,0.21523380365709122,0.7842565329726398,False
CG43850,1.2391698,-0.018064957,0.2152825962277254,0.7842565329726398,False
Ced-12,1.2390072,0.5933317,0.2153428058350464,0.7842584447540215,False
CG6961,1.2386855,0.64478093,0.2154619932376569,0.7844750875984515,False
mTerf3,1.2382576,0.07503665,0.21562056072921165,0.7848349495794573,False
tant,1.2366589,0.0056664306,0.21621371247657328,0.7865581899064709,False
ZnT63C,1.236089,-0.008124054,0.21642547329795103,0.7871106335829162,False
Atg4b,1.2339735,0.22388396,0.21721277371165337,0.7897553532294204,False
Daxx,1.2331451,0.014009385,0.21752162994754287,0.7906595345811102,False
pita,1.2322055,0.15084782,0.21787234692468982,0.7917153314685909,False
ArfGAP3,1.2312641,0.061351642,0.2182241101545248,0.7927620956971266,False
Arl5,1.2311118,0.058925703,0.21828107018509924,0.7927620956971266,False
otk2,1.2299615,1.0633318,0.21871149532124456,0.7938864774920315,False
Pi3K59F,1.228683,0.3661838,0.21919067413981497,0.79523539721917,False
MED15,1.2286471,0.8209234,0.21920415591536024,0.79523539721917,False
CG5742,1.2272453,-0.019191612,0.21973040965197588,0.7967046310228927,False
ZIPIC,1.2266326,0.77101934,0.21996072943716982,0.7973197199460446,False
CG8353,1.2260832,0.30916956,0.22016739247517747,0.7978487416226784,False
nmd,1.225075,-0.05772651,0.22054695883869002,0.7988723883919936,False
MED6,1.2250099,-0.0072078356,0.22057146309635867,0.7988723883919936,False
Alg12,1.2237605,0.03140409,0.22104258186765124,0.8001930793837189,False
mip130,1.2237006,0.28200468,0.22106518786161455,0.8001930793837189,False
Nopp140,1.2235585,0.5236576,0.22111880298647513,0.8001930793837189,False
CG7627,1.2230331,0.50029665,0.22131719534806482,0.8004701202514648,False
Coq8,1.2222372,0.17009899,0.22161793481622005,0.8009572973608668,False
TppII,1.2215954,-0.0062237545,0.2218606798383248,0.8015532947692021,False
brwl,1.2203972,-0.0020233127,0.22231431335437768,0.8029714341606715,False
Megf8,1.218393,0.019351812,0.2230746615462692,0.8052750144829609,False
ntc,1.2170631,1.8664322,0.2235802054335334,0.8068783024983875,False
CG2006,1.2167311,1.6390476,0.2237065564883296,0.8071126173137427,False
CG8195,1.2150229,-0.082983226,0.22435735506825816,0.8092211740372688,False
Plp,1.214874,0.15862742,0.22441415206939175,0.8092211740372688,False
CG18428,1.2147045,-0.06400523,0.22447879563915896,0.8092322015633878,False
ASPP,1.2134192,0.14835495,0.22496960602357274,0.8107791067333368,False
CG13337,1.2127807,0.29168278,0.2252136620869406,0.8114361173080339,False
CG5510,1.2123939,0.11995228,0.22536162716204766,0.8117466504685598,False
CG2611,1.2099104,0.032792702,0.22631326911466454,0.814951043071168,False
pdgy,1.2094756,0.5993299,0.22648015010327927,0.8153285403718054,False
Miga,1.2069426,0.019644573,0.22745427365414161,0.8181476382184115,False
disco,1.2065403,0.41173014,0.22760922301488784,0.8182722819194599,False
caly,1.2061963,0.25863236,0.22774181384843273,0.8183011851157797,False
CG7394,1.2056178,-0.07661291,0.22796490162127125,0.8188471166872457,False
CG33169,1.205267,0.33912945,0.22810028216338163,0.8189174064554193,False
alpha-Man-IIa,1.2043135,0.06513115,0.22846841019495134,0.8199761702627297,False
Smyd4-4,1.20418,0.110267445,0.22851999509148524,0.8199761702627297,False
ago,1.2038943,0.038513463,0.2286304675653199,0.8201486060082729,False
CG31549,1.2025986,0.35774022,0.22913170887168866,0.8214981322166409,False
CG4949,1.202008,0.9764139,0.2293604070387919,0.8220002777783372,False
mRpL3,1.201914,-0.012036187,0.22939688117299561,0.8220002777783372,False
mfas,1.2009177,0.87675154,0.2297830967581036,0.8231597304802294,False
Cubn,1.2006541,0.8975558,0.2298853686004062,0.8233016471543574,False
holn1,1.199771,0.13110632,0.23022828164684994,0.8240950866569179,False
Nadk2,1.1995229,0.67135197,0.23032470829944174,0.8240950866569179,False
Gld2,1.1993705,0.71377593,0.2303839085328262,0.8240950866569179,False
Tsen2,1.1993414,0.86736655,0.23039521767296078,0.8240950866569179,False
Cyp40,1.1992763,-0.05542739,0.23042049835445333,0.8240950866569179,False
spel1,1.1986396,0.7080299,0.23066808707213438,0.8245317367050724,False
lncRNA:CR45911,1.1983007,0.11389668,0.23079994524238245,0.8247787001590714,False
CG15312,1.1977326,-0.023710439,0.23102116095588643,0.8253447675259239,False
Sap130,1.1969503,0.10383343,0.2313259120706842,0.8262088841013293,False
sano,1.1955383,0.0059173927,0.231876787374659,0.827726429259174,False
Der-1,1.1950676,-0.0783026,0.2320606192866579,0.8280401680297154,False
CG1513,1.1932876,-0.07140756,0.23275677355258395,0.8301910978504216,False
CG32187,1.1917831,0.19867584,0.23334631202081113,0.8318422517508025,False
D19A,1.1854229,0.0807709,0.2358503016009844,0.839857171554725,False
CG11436,1.1851405,0.31172684,0.2359619243044988,0.8400270076838564,False
SmD1,1.1835042,0.046797585,0.23660939502728784,0.8421038598750168,False
mib1,1.1829667,0.09157793,0.23682233178365286,0.8424391532684044,False
CG34132,1.1825901,-0.105523564,0.23697160381954263,0.8427082203487929,False
Brr2,1.180834,0.1269512,0.2376686324999283,0.8447297352039649,False
Fnta,1.1803036,-0.018352311,0.23787952029667214,0.8449605185032883,False
ACC,1.1801854,0.022040566,0.2379264778129503,0.8449605185032883,False
CG12817,1.179345,0.05951857,0.2382608137966743,0.8459192362302892,False
SCCRO4,1.1783575,-0.0077996147,0.23865413336715868,0.8468580373871092,False
Zcchc7,1.1776745,-0.038088795,0.23892638475720862,0.8475952202240068,False
RpS24,1.1765912,0.082444854,0.2393587518107526,0.8488998647215356,False
bocks,1.1756446,1.2530415,0.23973692667737423,0.8497047763212737,False
Ufd4,1.175571,-0.03985376,0.23976635032077198,0.8497047763212737,False
Scgalpha,1.1754512,-0.092177905,0.23981425472068607,0.8497047763212737,False
Got1,1.1753758,-0.05545355,0.239844369511081,0.8497047763212737,False
cm,1.1741949,0.06475299,0.24031697290699816,0.8506642000587044,False
Rrp5,1.1740254,0.17922966,0.24038483501274666,0.8506642000587044,False
Otud6,1.1740152,0.10017895,0.24038894830156388,0.8506642000587044,False
Odj,1.1738919,0.052905485,0.24043831163561347,0.8506642000587044,False
Actn,1.1735497,0.03249524,0.2405754694800455,0.8506642000587044,False
CG42233,1.1734059,0.3092635,0.2406330922083869,0.8506642000587044,False
Art4,1.1730447,0.72543305,0.24077787789669725,0.8509470993982254,False
Sk2,1.1726578,-0.04705434,0.24093302445327924,0.8511613207231431,False
CG31248,1.1725706,0.26583204,0.24096804513623227,0.8511613207231431,False
CG4409,1.1700478,0.14023197,0.24198176093758839,0.8540532738973708,False
Vps16B,1.1691338,0.5499543,0.24234974877307014,0.8548928050679575,False
CG11902,1.1683396,0.25092417,0.24266981794961717,0.855792111609761,False
CG11790,1.1677542,-0.027718889,0.24290592120853405,0.8563949033217433,False
PAN2,1.1671877,0.09089919,0.24313458424233247,0.8569711472489937,False
beat-IV,1.1659502,-0.040498644,0.2436345766789284,0.8581331577756887,False
Sbat,1.1658869,0.13594416,0.24366018353585195,0.8581331577756887,False
CG31815,1.165507,0.21677195,0.24381386438383235,0.8584443135057762,False
ssh,1.1650687,0.034503154,0.24399116644966556,0.8587230272572419,False
CG17896,1.1649883,0.13663979,0.24402372783702753,0.8587230272572419,False
mip120,1.1640247,0.20221071,0.24441400893180842,0.8596359950117674,False
lncRNA:CR45418,1.1631929,2.602871,0.24475126457549423,0.8603615881546267,False
Ttc1,1.1622789,-0.094125785,0.2451222058595377,0.8614350855828632,False
wol,1.1617432,-0.020111995,0.24533981351169132,0.861811444478792,False
Nbr,1.1616592,0.053238403,0.2453738921492098,0.861811444478792,False
CG32638,1.1611475,0.8913105,0.24558191333488766,0.8620666015457109,False
sNPF,1.1610295,0.05083807,0.2456299357828875,0.8620666015457109,False
CG34242,1.1598964,0.18911225,0.24609100759184122,0.8634541628189035,False
CG31997,1.1591192,0.095644355,0.2464075614161343,0.8643340515237599,False
Hmgcr,1.1589036,0.28772554,0.246495466127012,0.8644116426231486,False
Cerk,1.157252,0.07134868,0.24716943324530705,0.8661429349741762,False
28SrRNA-Psi:CR45848,1.1572092,1.1361449,0.24718691066614618,0.8661429349741762,False
kn,1.1570398,0.39268732,0.247256129752089,0.8661545041168887,False
CG3335,1.1561822,0.02965799,0.24760662842326076,0.867151145384234,False
AP-1mu,1.1557441,-0.058885965,0.24778585975574363,0.8674703397650506,False
Git,1.1554754,0.51216507,0.24789582388263054,0.8674703397650506,False
Srp14,1.1543423,-0.07620908,0.2483598698767533,0.8686315385095924,False
RfC38,1.1514908,0.41189653,0.24953038352670565,0.8722610373878458,False
CG10139,1.1512101,-0.07952055,0.2496458162402989,0.8724324535631723,False
Sik2,1.1502037,-0.05627923,0.25005999144148383,0.8736475106463967,False
lncRNA:CR45674,1.1486393,1.5994143,0.25070474683263566,0.8754345929792274,False
GstZ2,1.1457467,-0.020013163,0.2518999641411668,0.8789074691489462,False
CG3223,1.145579,0.12129993,0.2519693942810848,0.8789163368339405,False
MESR3,1.144588,0.55432725,0.2523798711881733,0.8801145189523877,False
crok,1.1443928,0.5393203,0.25246074536385765,0.8801629594271927,False
CG9837,1.1432444,0.5969641,0.2529371339614048,0.8815899045763552,False
CG32163,1.1427686,0.0797757,0.253134688458598,0.882044499163611,False
CG17746,1.1415722,-0.05601893,0.2536318919844198,0.8835426990125335,False
Timmdc1,1.1411477,0.04024202,0.25380845940029106,0.8839234446116683,False
Rhp,1.1407249,0.495726,0.25398439988134613,0.8841111424154177,False
G6p,1.1406342,0.23966217,0.2540221633510096,0.8841111424154177,False
PGAP3,1.1405332,0.02581548,0.25406420652668316,0.8841111424154177,False
CG3356,1.1386436,0.31352383,0.25485180595317547,0.8866170850475843,False
CG18004,1.1351469,0.10406882,0.25631376783954685,0.8907598279321993,False
rho-4,1.1346967,0.064688444,0.2565023918217697,0.8910686685548788,False
AnxB9,1.1346112,0.3124272,0.256538262796279,0.8910686685548788,False
Fer2,1.1337982,0.8989765,0.2568792107893687,0.8920171326036747,False
Npl4,1.1335722,0.06577227,0.25697401426847344,0.8921105805780029,False
PGAP5,1.1328157,0.12453414,0.2572916390791663,0.892741520332782,False
CG4041,1.1322663,0.7718659,0.2575224829987204,0.8933066068118231,False
GckIII,1.1314157,-0.042640947,0.25788017893718085,0.8942154947276535,False
CG6425,1.1311846,0.7151464,0.2579773992876345,0.8942154947276535,False
Ube3a,1.1310426,0.19153848,0.2580371844151179,0.8942154947276535,False
Dci,1.1308936,0.7154775,0.2580998610660745,0.8942154947276535,False
CG31460,1.1306968,0.13580534,0.25818272571079626,0.8942154947276535,False
Gbeta5,1.1306728,-0.026443351,0.25819281483993284,0.8942154947276535,False
CG8475,1.1295894,-0.016505351,0.25864927322249465,0.895560329418598,False
Usf,1.1280302,-0.07696682,0.2593071794650551,0.8975964688405751,False
Targ2,1.1278025,0.526462,0.25940332632044194,0.8975964688405751,False
spt4,1.1274722,-0.08111438,0.2595428916024447,0.8975964688405751,False
cmb,1.1271316,0.49136665,0.2596868501409113,0.8975964688405751,False
Sf3b6,1.1270769,-0.103407994,0.2597100044115762,0.8975964688405751,False
jagn,1.1269416,-0.106216274,0.25976717263751337,0.8975964688405751,False
Vsx1,1.1269022,0.17442197,0.2597838181887905,0.8975964688405751,False
CG9143,1.1252437,0.0047450024,0.26048577350469004,0.8997852428632038,False
Pfdn4,1.1248142,-0.06960057,0.26066781473373823,0.9001774206573773,False
axo,1.1239156,0.37377357,0.2610488627629497,0.9012564521032997,False
Coq2,1.1235527,0.36348063,0.2612028427115274,0.9015511828813947,False
danr,1.1232549,0.22148126,0.26132926939564194,0.9017506827360123,False
CG14005,1.1224931,-0.0023962008,0.2616527944377701,0.9025787399356936,False
nmdyn-D6,1.1219832,2.0229156,0.26186960185928865,0.9029028166685364,False
Gmppb,1.1218222,0.067093186,0.26193801652514925,0.9029028166685364,False
hng2,1.1216238,0.34245756,0.2620224601568535,0.9029570224130749,False
ksh,1.1209152,-0.06043176,0.2623239899098241,0.9037591052477945,False
eIF2Bbeta,1.1205609,-0.053842954,0.26247484463098203,0.904041797759136,False
Cog2,1.1194894,0.2815001,0.262931417147377,0.9051398536328358,False
mri,1.1153474,-0.056559067,0.2647015968827171,0.9104261347925376,False
CG11560,1.1151745,0.5596563,0.26477565442048967,0.9104261347925376,False
ssp6,1.1141064,-0.028705297,0.26523351464906164,0.9113934054625183,False
Dbp45A,1.113884,0.061841846,0.2653289708068802,0.9114830526542238,False
Hydr1,1.1131719,0.23041847,0.2656345895212687,0.9122944344771226,False
snRNP-U1-C,1.1127902,-0.025462264,0.2657985185502474,0.9124713570812056,False
CG4968,1.1127286,-0.10748989,0.26582498895790374,0.9124713570812056,False
cni,1.1121416,-0.11945564,0.26607728414856846,0.9130988544560432,False
Rcd4,1.1107022,0.072507374,0.2666965828371568,0.9149851432063291,False
CG7518,1.1091806,-0.06925262,0.2673523053168312,0.9165169036950591,False
CG2278,1.1083213,-0.036225297,0.2677230675916652,0.9175485415113408,False
Flad1,1.1070445,-0.07862996,0.2682746935371112,0.9189597166521485,False
Ravus,1.1065636,0.29911107,0.2684826798739631,0.9194324768162303,False
spartin,1.105658,0.7249203,0.26887452753411945,0.9202946839797681,False
CG43740,1.1053158,-0.005274071,0.26902277633448957,0.9205623127695816,False
TTLL15,1.1018755,0.5921512,0.2705157926128986,0.9247079903573069,False
sigmar,1.1013141,-0.0700664,0.2707599671574401,0.9250613542508485,False
pelo,1.1008297,0.02135108,0.27097076350249494,0.9253906737536157,False
Fatp1,1.1006415,-0.09348807,0.2710527288204744,0.9253906737536157,False
CG7655,1.1006073,0.50180733,0.2710676334305683,0.9253906737536157,False
MBD-R2,1.0993509,0.12822564,0.2716150211286199,0.9267778181329694,False
rdo,1.0983907,-0.039313696,0.27203390244663284,0.9277252733321452,False
su(f),1.0974767,-0.059430555,0.27243303431658383,0.9288453738764689,False
vg,1.0971515,0.46681345,0.27257514414087125,0.9290888181611019,False
Ddx56,1.0945568,-0.027538083,0.27371084780551813,0.93247615767812,False
Pdp,1.0936719,0.18143858,0.2740988942525113,0.9330724016782381,False
alt,1.0933433,-0.031603932,0.2742431000182526,0.9333215058896243,False
CG5004,1.0921024,0.29563704,0.2747880943177762,0.9349341168657637,False
hop,1.0911884,0.03585174,0.2751899834561711,0.9358168692065445,False
Cyp6u1,1.0901991,0.1286026,0.2756254389976355,0.9368127957653725,False
O-fut1,1.0894803,0.62417275,0.2759421547580587,0.9375170848159586,False
ari-2,1.089405,0.033620477,0.2759753488636323,0.9375170848159586,False
Map60,1.089013,-0.04159775,0.276148153068159,0.9378616519295965,False
CG12288,1.0871559,0.49097595,0.276967900815011,0.940174648421834,False
Pop5,1.0871148,0.08080181,0.27698605221013284,0.940174648421834,False
woc,1.0869471,-0.07520754,0.2770601788196678,0.940174648421834,False
HipHop,1.0868222,0.51304406,0.2771154043636045,0.940174648421834,False
dgrn,1.0865158,0.21799307,0.2772508521650915,0.9403913777618229,False
dpr5,1.0857388,-0.024688043,0.27759459240353035,0.9413143081761003,False
CG31855,1.0850405,-0.06567313,0.27790375185894545,0.9418765280955748,False
Picot,1.0846399,0.86801,0.27808116964063245,0.9419956908300167,False
CG14024,1.0844756,-0.105118886,0.2781539787230186,0.9419956908300167,False
ssp,1.0839416,0.19850375,0.2783906978521854,0.9425544369434982,False
pen-2,1.0830755,-0.08734251,0.27877489912153686,0.9435053396918559,False
Vps13,1.0825279,-0.006467927,0.27901805836233784,0.9439488380229453,False
CG44245,1.0810096,-0.011664306,0.27969281930905465,0.9454861097392712,False
Noc2,1.0807221,0.303749,0.2798207455343207,0.9454861097392712,False
TH1,1.0804927,0.0871559,0.2799228104325141,0.9454861097392712,False
CG1840,1.0803729,-0.025376258,0.27997613797530474,0.9454861097392712,False
CG41520,1.0775574,0.8953041,0.2812313227546871,0.9489932154588054,False
CG3568,1.0767221,0.23360877,0.28160441498109756,0.9500082189606217,False
LSm1,1.0761334,0.049423017,0.28186761613470646,0.950652072897855,False
CG14102,1.074408,0.5867901,0.2826398173658924,0.9530118553214848,False
RagC-D,1.0740795,-0.08691752,0.2827870657431908,0.953263736240515,False
CG9776,1.0716473,-0.043983385,0.28387847334121663,0.9564520871034837,False
Cog1,1.069679,0.18970919,0.28476382305844294,0.9589432688334035,False
Lmpt,1.0677723,0.08863543,0.28562323680450796,0.9613446033840253,False
dpr2,1.0672246,-0.04016732,0.28587042990423384,0.9616839347008788,False
CG3224,1.0669901,-0.04321949,0.28597630363426074,0.961793864795031,False
myo,1.066694,0.10952016,0.2861100360478034,0.9618786623261135,False
CG11755,1.0666101,0.14559104,0.2861479216919922,0.9618786623261135,False
bs,1.0659529,0.091198154,0.2864449387889414,0.9625510685371526,False
Rtc1,1.0658433,1.2084838,0.28649446187586025,0.9625510685371526,False
CG1532,1.065501,0.0027439722,0.2866492587918267,0.9628249643467798,False
CG6805,1.064647,0.08074601,0.2870357233150297,0.9638766686326322,False
CG9760,1.0643988,0.9816917,0.2871480885461243,0.9640076350271009,False
Adi1,1.0642259,0.050041962,0.287226374282315,0.964024152763632,False
CG32112,1.0638905,0.058304887,0.28737833621460795,0.96423161057686,False
iPLA2-VIA,1.0637655,-0.04171743,0.2874349481453242,0.96423161057686,False
Dcr-2,1.0631202,0.27710676,0.2877274336513074,0.9647202036688388,False
CG2247,1.0620711,0.04172687,0.2882034420456042,0.9658233176432643,False
cal1,1.0617322,-0.047191557,0.28835730692757044,0.9660925581408148,False
lncRNA:CR44458,1.061436,0.58267003,0.28849178975211487,0.9661702540048946,False
Ltn1,1.0613573,0.15019678,0.2885275553055713,0.9661702540048946,False
AMPKalpha,1.0595704,-0.07477501,0.2893400815966902,0.9683975222059372,False
CG33108,1.0592076,0.19259565,0.2895052654386694,0.9687036383662123,False
beat-VI,1.0585092,-0.010652058,0.2898233451160025,0.9693395154563714,False
Elmod,1.0584664,0.040567648,0.2898428429397324,0.9693395154563714,False
CG34149,1.0581926,0.45808962,0.28996764992360835,0.9695101577598508,False
crim,1.0571263,0.042372286,0.29045396176555205,0.9706421814850849,False
Smyd5,1.0568953,0.40626895,0.2905594146440431,0.9707477010990914,False
Polr1G,1.0567155,-0.089061595,0.29064145135594843,0.9707749544527611,False
CG10147,1.0562277,0.18111354,0.29086420097271626,0.970893475261045,False
Pacs,1.0547472,0.03855293,0.29154096857131484,0.9725433681206086,False
boca,1.0543244,-0.06253828,0.2917344130892253,0.9728985324438962,False
lncRNA:alphagamma-element:CR32865,1.0541909,0.1995526,0.2917955187489646,0.9728985324438962,False
CG9536,1.0536141,0.018261312,0.29205962538796637,0.9735320846265546,False
mPges2,1.0522175,-0.033761896,0.29269978901752847,0.9754185208446168,False
boil,1.0520498,0.8664968,0.2927767347350574,0.9754275594367784,False
Herc4,1.0513531,-0.04377821,0.29309644032027415,0.9760553448707471,False
CG13926,1.0513154,0.27016947,0.29311372837594885,0.9760553448707471,False
CG14762,1.0488747,0.020738043,0.2942357687182072,0.9795434509645916,False
Ogg1,1.0480173,0.6251508,0.2946306605477036,0.9806096452879496,False
mv,1.0471734,0.49790928,0.29501959329979344,0.9816554712482364,False
dpr14,1.046571,-0.00023745911,0.29529750008544897,0.9823314306639999,False
GCS2beta,1.0461088,0.20680967,0.2955107860126064,0.9827921357139073,False
CG14130,1.045099,0.41813678,0.2959772141868553,0.9840942799633802,False
PpD3,1.0431513,0.068957165,0.29687825835689197,0.9868404540373287,False
RabX6,1.0421431,-0.03929136,0.29734533572273025,0.9876909437541058,False
PolD3,1.0421124,0.34184462,0.297359617465087,0.9876909437541058,False
CG11882,1.0395449,0.11705062,0.29855137401246457,0.9908979678009054,False
SMC5,1.0385333,-0.023713207,0.2990218006936265,0.9921273016638231,False
neur,1.0384239,0.8936617,0.29907277335543403,0.9921273016638231,False
Nop10,1.0376588,0.83571374,0.29942894722137103,0.9926495903401015,False
Gat,1.0375988,0.6405053,0.299456847496816,0.9926495903401015,False
CG13185,1.0372446,0.08263313,0.29962189315735666,0.9929461982566624,False
Traf6,1.0364932,-0.040495943,0.29997211828268644,0.9938561861408219,False
Bhmt,1.0357025,0.67226446,0.30034098701388645,0.9946931424752514,False
CG31663,1.0356271,0.59506255,0.30037613313103484,0.9946931424752514,False
thoc7,1.0346909,-0.104623154,0.3008132921427614,0.9956389568654622,False
CG11601,1.0335442,0.14015813,0.30134932930062086,0.9971619710425983,False
JMJD7,1.0322639,0.43267557,0.3019485218062856,0.9988931461567454,False
Hsf,1.0319489,-0.073621534,0.30209603818655617,0.999129610312446,False
CG9853,1.0313601,-0.027037919,0.30237195830147623,0.999629181106894,False
EndoG,1.0304718,-0.049878806,0.30278856194066617,1.0,False
PIG-X,1.029741,0.36788365,0.303131602837183,1.0,False
Polr3I,1.0294911,-0.011201907,0.30324895475791014,1.0,False
CG4294,1.0294466,-0.08019788,0.3032698562124173,1.0,False
Cap-G,1.029171,0.37955818,0.3033993057731953,1.0,False
CG5114,1.0284231,0.34680545,0.3037508539543923,1.0,False
CG10555,1.0276152,-0.07892617,0.3041308620579162,1.0,False
trn,1.0274919,-0.03883855,0.3041888571388256,1.0,False
a,1.0271993,0.70944136,0.3043266248890437,1.0,False
gprs,1.0250393,-0.050074656,0.30534464802591454,1.0,False
CG2202,1.0248733,0.25790986,0.30542298882817887,1.0,False
Rrp6,1.0246404,0.26814753,0.3055328499271964,1.0,False
cav,1.022614,0.8001047,0.3064903949491765,1.0,False
Kpc1,1.0218198,0.70633453,0.3068661908351492,1.0,False
Df31,1.0214912,0.022186076,0.30702178181988815,1.0,False
lncRNA:CR45706,1.0204967,0.23884995,0.30749292483534296,1.0,False
Agpat1,1.0202006,-0.04811693,0.3076333059722577,1.0,False
Spt5,1.0184017,-0.08760784,0.30848705320077596,1.0,False
CG7656,1.0180646,-0.145212,0.30864725425045036,1.0,False
spoon,1.017089,-0.07961486,0.3091110899360414,1.0,False
BORCS5,1.017,-0.08110032,0.30915342769081033,1.0,False
Ada3,1.0141503,0.038323738,0.31051107598518357,1.0,False
Sirt6,1.0116256,1.3711051,0.3117170798377076,1.0,False
CCHa1-R,1.0108622,0.78519666,0.31208234992928174,1.0,False
CG12672,1.0104498,0.15496245,0.312279844166108,1.0,False
pzg,1.0103779,-0.054262448,0.3123142706733799,1.0,False
Hrd3,1.0100253,0.043731455,0.3124831607048918,1.0,False
snRNA:U12,1.0096607,0.7485949,0.3126578529748437,1.0,False
Spt3,1.0080981,0.028669018,0.3134073799630043,1.0,False
CG14805,1.0074443,0.01691282,0.3137213333499914,1.0,False
PIG-F,1.0072817,-0.03652401,0.313799442882863,1.0,False
CG4022,1.0063128,-0.055434715,0.31426507644545154,1.0,False
CG1965,1.0049317,-0.09299203,0.31492975986379657,1.0,False
Polr1A,1.0046253,0.44630897,0.3150773178459959,1.0,False
kibra,1.0043172,0.09985537,0.3152257459796509,1.0,False
TfIIFbeta,1.0041015,0.039851155,0.3153296730032795,1.0,False
SIFaR,1.0035539,0.34269372,0.3155937158166646,1.0,False
CG3631,1.0030729,0.1783433,0.31582569812265804,1.0,False
RpLP0-like,1.0025543,0.041756842,0.3160759681764308,1.0,False
CG7084,1.0011781,0.60710204,0.316740681988226,1.0,False
Ptip,1.0011114,0.051319346,0.31677294887358853,1.0,False
Tace,1.0004354,-0.10062569,0.3170998760261783,1.0,False
az2,1.0004233,0.3055878,0.3171056716666355,1.0,False
lgs,1.0001478,-0.01326947,0.3172389905702401,1.0,False
Tbc1d8-9,1.0000331,-0.06866042,0.31729448193622256,1.0,False
CG4119,0.999915,-0.012969687,0.3173516364127802,1.0,False
CG34136,0.99928343,0.3153048,0.3176574031799404,1.0,False
CG12194,0.9992526,-0.068971224,0.3176723235698745,1.0,False
lncRNA:CR43856,0.9989326,1.8022374,0.3178273570169904,1.0,False
CG15478,0.99746746,0.27795497,0.3185376617084502,1.0,False
atms,0.9968153,-0.05510019,0.31885414775889687,1.0,False
CG3700,0.99576956,0.7766605,0.3193621180207973,1.0,False
CysRS,0.9957079,0.6555353,0.319392064039245,1.0,False
Nrk,0.9953999,0.22774547,0.3195418216912109,1.0,False
Rcc1,0.994871,-0.08409695,0.31979901276666656,1.0,False
CG8858,0.9942206,0.22570693,0.32011548511338117,1.0,False
Rab35,0.99213415,-0.02368137,0.3211320767194057,1.0,False
Snrnp59,0.991073,-0.0003446381,0.3216499372291719,1.0,False
CG3651,0.9910679,-0.037329294,0.32165244433058293,1.0,False
nito,0.9909737,0.18541701,0.3216984101175159,1.0,False
CG13895,0.9909412,0.3466827,0.32171429020411535,1.0,False
CG12239,0.9906451,0.38135046,0.32185890611490153,1.0,False
ocm,0.990195,-0.00090482156,0.322078837012191,1.0,False
Syx5,0.9896678,-0.09869748,0.3223365233240706,1.0,False
Catsup,0.98903453,0.16074143,0.322646259359875,1.0,False
CG1074,0.98719287,0.0011452183,0.3235481079971676,1.0,False
wds,0.9869447,-0.059643246,0.32366976512447954,1.0,False
CG8067,0.98691046,0.28946108,0.323686547756725,1.0,False
Aptx,0.9867889,-0.07841799,0.32374613068031244,1.0,False
Cpr,0.9856661,-0.015779529,0.3242969813252149,1.0,False
lncRNA:CR46349,0.98539054,1.8507001,0.32443226807445846,1.0,False
CG7453,0.98465455,0.24252188,0.32479377303437074,1.0,False
CrebA,0.9838895,0.51261115,0.32516984786931546,1.0,False
mip40,0.98324597,0.058492742,0.3254864075192285,1.0,False
CG6689,0.982943,0.017816788,0.32563549565464467,1.0,False
Fibp,0.98278725,-0.10677078,0.325712162769487,1.0,False
CG17233,0.9826212,-0.06977391,0.3257938977817483,1.0,False
Rab3GAP1,0.9810192,0.2307239,0.3265832836813848,1.0,False
CtsF,0.9801771,-0.07739628,0.3269987151434457,1.0,False
PLCXD,0.9801668,0.6708151,0.32700378349802994,1.0,False
CG10576,0.980112,-0.101577185,0.3270308155841053,1.0,False
lncRNA:CR46268,0.979679,0.18834569,0.327244589105969,1.0,False
MsR2,0.97872907,0.48129356,0.32771385667085606,1.0,False
Arpc2,0.9782088,0.025329407,0.32797108194677316,1.0,False
Ranbp21,0.9781146,0.40605748,0.3280176334041771,1.0,False
CG30403,0.97799826,0.4195489,0.32807519385932615,1.0,False
nAChRbeta2,0.9779914,-0.05025649,0.32807857997250356,1.0,False
Dmel_CG14798,0.9770072,-0.005520879,0.3285655696184584,1.0,False
Usp47,0.9767522,-0.04483813,0.32869183988563944,1.0,False
Ldaf1,0.9762422,0.048670027,0.32894447479184685,1.0,False
Oatp74D,0.97493625,0.3432784,0.32959189539809064,1.0,False
CG10283,0.97457165,-0.026050191,0.3297727773864526,1.0,False
Shc,0.97436285,0.013427142,0.3298764101064986,1.0,False
Vps8,0.97414035,0.101265654,0.3299868616214149,1.0,False
CG3040,0.9732315,-0.071942896,0.33043826220918204,1.0,False
Vps53,0.9708935,0.23309106,0.33160132782554896,1.0,False
Esyt2,0.96932566,0.0050056423,0.33238272639172317,1.0,False
Trabd,0.9691271,-0.12413829,0.3324817655754041,1.0,False
Rh50,0.9680728,0.5483223,0.3330080171096256,1.0,False
Taf8,0.9669123,0.6062423,0.33358785677753566,1.0,False
Inx3,0.96654433,0.53313184,0.3337718651868735,1.0,False
CG6230,0.96636975,0.19413522,0.3338591850939382,1.0,False
gukh,0.9663013,0.11921605,0.3338934322164464,1.0,False
CG5033,0.9661404,0.60952884,0.3339739218728006,1.0,False
tsh,0.96531886,0.45452327,0.3343851279581571,1.0,False
Max,0.9648516,-0.0993529,0.33461914696163486,1.0,False
CG10055,0.96482253,-0.00089288433,0.3346337230638945,1.0,False
Epp,0.96431077,0.45166385,0.3348901578709007,1.0,False
dsd,0.9631263,-0.087979466,0.3354841312635367,1.0,False
PH4alphaEFB,0.9619864,-0.032997113,0.3360564279629351,1.0,False
CG17803,0.961959,0.31413993,0.33607018455651405,1.0,False
RtGEF,0.95965356,0.15360273,0.33722961722304434,1.0,False
CG9067,0.959645,-0.037142877,0.3372339257662649,1.0,False
Vps20,0.95898944,-0.058887236,0.3375640653398806,1.0,False
su(Hw),0.95730865,0.029375616,0.33841148138567834,1.0,False
eEF2,0.9556348,0.028881503,0.3392568019126535,1.0,False
CG7556,0.9554687,-0.06546282,0.33934071626816853,1.0,False
Nup214,0.95537287,0.21032244,0.3393891677305507,1.0,False
lncRNA:CR45308,0.954678,0.66907287,0.339740573523003,1.0,False
Diap2,0.9542381,-0.094468586,0.33996313565231007,1.0,False
Polr2B,0.9540104,0.031035418,0.3400783504096112,1.0,False
loj,0.95293045,0.05591513,0.34062531178419264,1.0,False
Gyg,0.95259154,0.1874535,0.34079705759619394,1.0,False
CG7985,0.9519309,-0.0924656,0.34113203461577646,1.0,False
SkpA,0.9518282,0.02117799,0.3411841225073309,1.0,False
Pngl,0.951758,0.17828815,0.34121971882834523,1.0,False
mus201,0.9514277,-0.0063817576,0.3413873139353433,1.0,False
SMSr,0.95089537,0.043158464,0.34165748735877655,1.0,False
Not11,0.9502381,-0.076161645,0.34199126640999344,1.0,False
Gfat1,0.9499506,0.43341187,0.3421373603166593,1.0,False
mute,0.9494166,0.14621267,0.3424087834588334,1.0,False
CSN1b,0.9489904,0.043623865,0.34262549876704096,1.0,False
dor,0.9470871,0.32065448,0.3435943896518736,1.0,False
Rat1,0.94694334,0.16139248,0.34366765026715784,1.0,False
Hmx,0.94676536,0.35845342,0.3437583677059066,1.0,False
CG7231,0.9454166,-0.10885848,0.3444462235544996,1.0,False
Acbp1,0.94532245,-0.058732767,0.3444942665656723,1.0,False
CG32756,0.9451804,-0.017427448,0.34456677593158347,1.0,False
Blm,0.9441449,0.13584663,0.34509560219797497,1.0,False
Lgr1,0.9438659,1.0839208,0.34523816781534555,1.0,False
CG8004,0.94378036,-0.12768434,0.34528190712495543,1.0,False
CG17271,0.94355273,-0.010243072,0.3453982708857206,1.0,False
Nemp,0.9433969,0.20663515,0.3454779025981759,1.0,False
CG10616,0.9426866,-0.045533128,0.345841206573515,1.0,False
CG40439,0.94258225,1.1548939,0.34589462839467133,1.0,False
LBR,0.9420842,0.8147263,0.34614954911909435,1.0,False
Pex10,0.94181716,0.8642785,0.34628625691319703,1.0,False
miple2,0.9417418,0.04439556,0.34632482173824763,1.0,False
CAP,0.9412301,0.13264291,0.34658695969932063,1.0,False
CG17712,0.9410675,0.018668095,0.3466702741196982,1.0,False
CG13766,0.94067556,0.2035685,0.3468711581300823,1.0,False
CG10171,0.93816125,0.02515922,0.34816155999870446,1.0,False
Hph,0.9370076,-0.0918284,0.34875463632658443,1.0,False
unc-45,0.9367252,0.16153328,0.3488999233720994,1.0,False
smid,0.932715,0.040167794,0.35096714712234633,1.0,False
CG13365,0.9323778,-0.053256948,0.35114131290526673,1.0,False
Sec3,0.93201494,0.2506699,0.351328801218421,1.0,False
Sod3,0.9319191,0.16708867,0.35137833702160837,1.0,False
ema,0.93153226,-0.056212593,0.3515782943323764,1.0,False
CG10543,0.9312396,-0.0021882167,0.3517296373574875,1.0,False
SF1,0.93044883,-0.10065524,0.352138735334686,1.0,False
SIFa,0.92987204,1.7757062,0.3524373365563691,1.0,False
CG11317,0.92835045,-0.053993363,0.35322580993405994,1.0,False
Alp12,0.92768466,0.80444336,0.35357117303551955,1.0,False
Nrd1,0.9251121,0.1756499,0.35490757560594455,1.0,False
papi,0.92187214,0.018770896,0.35659527994181983,1.0,False
CG7156,0.9205234,-0.011805067,0.35729930975083724,1.0,False
CG9922,0.9196248,-0.06310542,0.3577688506237071,1.0,False
CG34293,0.9174237,-0.05529255,0.3589206420014296,1.0,False
snoRNA:Psi28S-1153,0.9173621,5.132213,0.35895291849882327,1.0,False
SH3PX1,0.91691196,0.07546255,0.3591887715941344,1.0,False
RNaseZ,0.9160442,1.3350533,0.35964371373103743,1.0,False
fs(1)K10,0.91594493,0.21431257,0.3596957814558185,1.0,False
kel,0.91581655,0.12414621,0.3597631174298216,1.0,False
Tsen15,0.9150618,0.9267161,0.36015921308200616,1.0,False
CG42676,0.9149813,-0.10554224,0.3602014434963927,1.0,False
Chrac-16,0.9146219,0.21113141,0.3603901705543453,1.0,False
CG5377,0.9145791,0.06933407,0.36041264219467806,1.0,False
kar,0.9144815,0.8219465,0.36046388082299374,1.0,False
SmE,0.9144473,-0.118493415,0.3604818603725133,1.0,False
ScsbetaG,0.9119672,0.099027306,0.3617859760311599,1.0,False
Usp8,0.91193986,0.0051087523,0.361800392689794,1.0,False
Naxd,0.91172934,0.08005963,0.3619112327756412,1.0,False
sp3,0.91052777,-0.0971113,0.36254423951161163,1.0,False
Tsp3A,0.9104131,-0.13060105,0.3626046909086946,1.0,False
Rca1,0.90995437,0.0994618,0.3628465596116537,1.0,False
Ptcd3,0.909203,0.063234165,0.36324297315858145,1.0,False
CG4631,0.90889835,0.36594802,0.36340378295144593,1.0,False
Sec20,0.9075103,0.34757763,0.36413702494361433,1.0,False
Blos4,0.90735453,0.14414325,0.3642193576158457,1.0,False
CG15743,0.90726036,-0.042452198,0.36426912476290796,1.0,False
tio,0.90459716,0.15699506,0.3656788434759347,1.0,False
GstD3,0.90458006,1.8783461,0.36568791436342185,1.0,False
tef,0.9045338,0.25976655,0.3657124064611442,1.0,False
Gar1,0.90423775,0.25396228,0.36586936160535843,1.0,False
Tdp1,0.9036438,0.021044284,0.3661843058445179,1.0,False
Nep4,0.90362155,1.152485,0.36619610819408277,1.0,False
Npc2a,0.90358734,-0.00075594103,0.36621426611832075,1.0,False
CG12535,0.9034042,2.0804827,0.3663114205533201,1.0,False
EndoGI,0.90292835,0.25144365,0.36656391562545443,1.0,False
Dhpr,0.90163785,-0.03567001,0.3672492865855612,1.0,False
hec,0.90120137,0.9369214,0.3674812570764533,1.0,False
Ugp,0.9009241,-0.060823865,0.36762867396963406,1.0,False
Cyt-b5,0.90080774,-0.07342373,0.3676905636400031,1.0,False
PGS1,0.900527,0.17876723,0.36783985365938665,1.0,False
Nep1,0.89816844,0.26404008,0.3690957445942401,1.0,False
Polr3F,0.89760536,0.06455945,0.3693959847215429,1.0,False
Krn,0.895827,0.39477926,0.3703451560186992,1.0,False
CG16753,0.8948223,0.01350094,0.3708820748636755,1.0,False
CG32243,0.8928728,-0.026607888,0.37192527619101956,1.0,False
CG31183,0.892587,0.29634428,0.3720783829942256,1.0,False
TkR86C,0.89174664,0.15455846,0.37252876160864346,1.0,False
CG8066,0.89116126,0.07981288,0.3728426667849897,1.0,False
Keap1,0.8910431,0.05729881,0.3729060183881826,1.0,False
Pask,0.89103633,0.0045452877,0.3729096911493378,1.0,False
CG30060,0.8903928,0.21536307,0.37325503073169275,1.0,False
RpL36A,0.8897732,0.0814159,0.3735876989493574,1.0,False
inc,0.8894908,-0.04636919,0.3737393903565669,1.0,False
Mcad,0.8894052,0.20969386,0.3737853649737728,1.0,False
Cht11,0.88805985,0.9320847,0.3745085458073395,1.0,False
Cand1,0.88801706,0.017661724,0.37453156192951886,1.0,False
Hen1,0.8872811,0.9032062,0.3749275761124925,1.0,False
witty,0.8859495,-0.064695284,0.37564474290755123,1.0,False
Tsp86D,0.8857236,-0.058445122,0.37576650560179636,1.0,False
CG10194,0.88540864,0.08288506,0.3759362760764672,1.0,False
Col4a1,0.8847309,0.41159734,0.37630181225605686,1.0,False
lncRNA:CR45473,0.8834609,0.15798599,0.37698732135165003,1.0,False
Larp7,0.88343346,0.43648452,0.3770021116959211,1.0,False
CG10669,0.8823757,0.37198752,0.3775736625507178,1.0,False
CG13097,0.8817253,0.054851703,0.3779253665710287,1.0,False
rb,0.88044333,0.016367344,0.3786191844116391,1.0,False
CG31705,0.8801866,0.2520925,0.37875822742647325,1.0,False
pcx,0.8795191,-0.029380938,0.3791198863241573,1.0,False
Sec6,0.8783518,0.26627496,0.3797528361582867,1.0,False
GlcAT-S,0.877407,-0.07645641,0.38026561118174496,1.0,False
Etl1,0.87738305,0.00500617,0.3802786218752594,1.0,False
Miro,0.8771537,-0.089669764,0.38040316663749185,1.0,False
CG7289,0.8768713,-0.07485974,0.3805565584178855,1.0,False
18SrRNA-Psi:CR41602,0.87651867,0.40117827,0.38074811905443207,1.0,False
Dus4,0.8763201,0.21783799,0.38085601420952564,1.0,False
CG10265,0.8750981,0.013733732,0.3815205408708997,1.0,False
CG31633,0.8748533,1.2552752,0.3816537178173083,1.0,False
Irk3,0.87445796,0.98322827,0.3818689100524614,1.0,False
lncRNA:CR45018,0.8741875,0.917751,0.38201614067060197,1.0,False
achi,0.8725735,0.67842543,0.38289558896909826,1.0,False
otp,0.87203777,0.49495912,0.3831877689258415,1.0,False
CenB1A,0.87185293,0.012811488,0.38328861669640135,1.0,False
CG17343,0.8716082,0.029313726,0.3834221716237646,1.0,False
nkt,0.87078834,0.2509711,0.38386974150142117,1.0,False
sstn,0.87019783,0.4225347,0.38419230196236454,1.0,False
CG3857,0.8693626,0.40877363,0.38464884449941195,1.0,False
CG16743,0.8688782,0.36481488,0.384913753678915,1.0,False
cue,0.8683699,-0.12918405,0.3851918878316303,1.0,False
Tbcd,0.86710674,0.29553795,0.38588354071621467,1.0,False
mnb,0.8661739,0.02363446,0.3863948007587935,1.0,False
rdgBbeta,0.8656159,-0.11276053,0.3867008162276645,1.0,False
CG12213,0.8651641,-0.094420694,0.3869487407742217,1.0,False
Kr,0.864565,0.6241558,0.38727757807015306,1.0,False
sip3,0.8630417,0.004213766,0.3881145316325679,1.0,False
CG13920,0.8628483,-0.049615923,0.38822087530597693,1.0,False
Usp5,0.8594474,0.07081945,0.39009372899815675,1.0,False
Rab6,0.8594063,-0.09592466,0.390116383800337,1.0,False
CG17760,0.8589339,0.6469744,0.3903769715076434,1.0,False
CG12868,0.8588843,-0.023404323,0.39040435824018993,1.0,False
gammaTub23C,0.858821,-0.06667746,0.39043930162855045,1.0,False
drosha,0.8588175,-0.07301692,0.39044119051449666,1.0,False
Syx8,0.8574363,-0.061909147,0.39120380910554253,1.0,False
CG9008,0.85741407,0.4018016,0.39121610156077025,1.0,False
Clbn,0.8570135,-0.027047466,0.39143740585566267,1.0,False
corn,0.8556802,-0.0725565,0.392174688498129,1.0,False
stc,0.8555176,0.16313104,0.392264658600708,1.0,False
Vps13D,0.8536999,0.087329015,0.3932712815319215,1.0,False
CG7536,0.85342777,-0.11810396,0.3934221251808617,1.0,False
RPA3,0.8533473,-0.08372954,0.3934667208934759,1.0,False
LSm7,0.85143894,0.26823813,0.3945255806462735,1.0,False
lncRNA:CR43126,0.85089123,0.14396872,0.394829786702262,1.0,False
Abp1,0.85060364,-0.11374941,0.3949895516493841,1.0,False
Idh3b,0.85031956,-0.034839984,0.39514745301898413,1.0,False
peng,0.8492943,0.10010084,0.3957175468475377,1.0,False
Dph1,0.84762895,0.16809556,0.39664465086155865,1.0,False
Arfrp1,0.8473482,-0.10834253,0.3968010440459435,1.0,False
Pgam5,0.846614,0.19798101,0.39721032166144743,1.0,False
CG10809,0.8461176,-0.12302812,0.3974871336873079,1.0,False
Socs44A,0.84528065,-0.14075549,0.39795415936761613,1.0,False
repo,0.844899,0.516507,0.3981672480977534,1.0,False
CG10513,0.8443341,0.4907846,0.3984827072997935,1.0,False
aop,0.8438327,-0.08016745,0.3987629229505527,1.0,False
tut,0.8433346,0.42861786,0.3990413432605402,1.0,False
CG12773,0.8427184,0.13325307,0.3993859426190036,1.0,False
gb,0.8419396,0.0827318,0.39982173397541443,1.0,False
Membrin,0.840288,0.050749622,0.4007469406299582,1.0,False
lncRNA:CR46004,0.83663374,0.08656242,0.402798465690567,1.0,False
asRNA:CR45629,0.8352508,23.16053,0.40357651318451726,1.0,False
Yip1d1,0.83481437,-0.053807147,0.4038222470551005,1.0,False
VGlut2,0.8344121,0.8097897,0.4040487869724413,1.0,False
ZC3H3,0.8337326,-0.0480193,0.4044316675717974,1.0,False
CG34148,0.8335204,0.06173354,0.40455130195261646,1.0,False
nod,0.83320034,0.9957892,0.4047317583441724,1.0,False
strat,0.832668,-0.07835948,0.40503198224038883,1.0,False
Ddx1,0.83137405,0.46455935,0.40576234191774196,1.0,False
CG1648,0.82977545,-0.046238482,0.40666575008650774,1.0,False
CG8326,0.82855684,0.41274416,0.40735523507999316,1.0,False
CG5618,0.82786536,0.36518437,0.4077467694729462,1.0,False
Glg1,0.8278534,0.052323684,0.40775355546084147,1.0,False
MFS15,0.82755727,0.13973472,0.4079212876910854,1.0,False
CG8209,0.82731766,-0.17136972,0.4080570548489366,1.0,False
Edem1,0.8260442,0.26887473,0.4087790118780795,1.0,False
Rpt5,0.8247006,-0.09752835,0.4095415779520015,1.0,False
alphaCOP,0.82343066,-0.025286827,0.41026315013735093,1.0,False
CG9286,0.82268953,0.026090652,0.41068457818494697,1.0,False
RpS15Ab,0.822657,-0.024085278,0.41070307629587,1.0,False
CG42518,0.821452,3.3112342,0.41138882881142225,1.0,False
asRNA:CR45789,0.8212946,2.6346529,0.4114784943757328,1.0,False
Kif3C,0.8210601,-0.046168152,0.4116120395888352,1.0,False
CG14591,0.82056373,-0.09759053,0.4118948113570865,1.0,False
CG34310,0.8205192,1.4540669,0.411920168935923,1.0,False
CG1309,0.8198945,-0.047488805,0.41227624806257956,1.0,False
CG15435,0.8197456,1.0561237,0.41236114864363216,1.0,False
CG31886,0.81947005,0.6165212,0.4125182908479752,1.0,False
peo,0.81896,-0.12320024,0.4128092439653408,1.0,False
Tsp97E,0.81863993,0.0012731258,0.41299188400395104,1.0,False
Wdr33,0.8176746,0.14970914,0.41354302401007936,1.0,False
Orc4,0.8170807,0.51894075,0.4138823281792894,1.0,False
Start1,0.816978,0.081294976,0.41394101419021034,1.0,False
IntS12,0.81697625,0.5682247,0.4139419923321095,1.0,False
tsu,0.8168325,-0.16938779,0.4140241611344361,1.0,False
Prp38,0.8165775,-0.0042358064,0.41416993667900937,1.0,False
hb,0.81577814,0.40947863,0.414627027185944,1.0,False
cv-c,0.815542,0.30828407,0.414762155972341,1.0,False
Tcs4,0.81494635,0.1503899,0.41510303111008096,1.0,False
Cdc45,0.8141522,-0.022202505,0.41555778873592397,1.0,False
Tmf,0.81385434,-0.0040931515,0.415728398681499,1.0,False
CG9393,0.8138235,0.12948507,0.41574605034675316,1.0,False
Paics,0.8134949,0.09381664,0.41593436231325387,1.0,False
snama,0.81217873,-0.12900315,0.41668909557026956,1.0,False
INPP5E,0.8108454,-0.0027178712,0.41745446635220795,1.0,False
CG9344,0.80931866,-0.081862494,0.41833187683573403,1.0,False
CG7101,0.8090739,0.22325635,0.4184726388467208,1.0,False
CG14646,0.80891645,0.20767912,0.4185632137586113,1.0,False
CG34213,0.8076447,0.1519796,0.41929512741314223,1.0,False
Pfdn1,0.807174,-0.124552734,0.4195662148493001,1.0,False
Mip,0.8071176,0.8142311,0.4195987522644743,1.0,False
Nxt1,0.807032,-0.05566785,0.4196480542047458,1.0,False
ATPsynCF6L,0.8068728,1.3838576,0.4197397648705852,1.0,False
amn,0.80612487,0.71866184,0.42017086409572957,1.0,False
CG12391,0.8053906,-0.09056979,0.4205943242577973,1.0,False
Aatf,0.80521256,-0.048427023,0.42069701899384526,1.0,False
CG30394,0.8047419,0.12956814,0.42096863849609023,1.0,False
Fkbp14,0.80451596,0.5457543,0.42109905240974954,1.0,False
Arv1,0.80434996,0.010866833,0.4211949019879191,1.0,False
CG5664,0.8043345,0.524147,0.42120379589670864,1.0,False
Polr3B,0.8041788,0.537892,0.42129372938667053,1.0,False
CG10151,0.80390835,0.042992037,0.4214499044033493,1.0,False
Ptp61F,0.80373204,-0.13114719,0.4215517329825196,1.0,False
vari,0.80245006,-0.08493033,0.4222926484949473,1.0,False
Rnp4F,0.8024193,-0.009419253,0.4223104635933972,1.0,False
RNF220,0.8010295,0.34002012,0.4231145804481147,1.0,False
CG17361,0.80079156,-0.11245321,0.423252320796339,1.0,False
Rrp1,0.7995746,0.03644902,0.4239572879339152,1.0,False
Frmd5,0.7990098,-0.09917582,0.42428472107943127,1.0,False
Pdrg1,0.79892254,0.26254797,0.4243353375709302,1.0,False
Mon1,0.7987959,0.25033876,0.4244087873845539,1.0,False
CG1722,0.7982841,0.2593676,0.42470564000678257,1.0,False
CG17806,0.79758406,0.23496434,0.42511189906255076,1.0,False
Cog8,0.7973205,-0.04428439,0.4252649258233847,1.0,False
Apoltp,0.7972657,0.27402565,0.42529672762803594,1.0,False
RluA-2,0.7969285,-0.14198267,0.4254925380768617,1.0,False
CG12375,0.79672146,-0.1149006,0.4256128335265168,1.0,False
Usp14,0.7959632,-0.050974127,0.42605342342043095,1.0,False
snoRNA:Tudor-SN-a,0.79489344,2.278418,0.42667547548477525,1.0,False
CG13894,0.79456484,0.16555989,0.4268666761415171,1.0,False
CG4020,0.79412156,3.7742739,0.42712467696684964,1.0,False
asRNA:CR45875,0.79365426,1.6484447,0.42739672212144797,1.0,False
dmt,0.7936252,1.7220154,0.4274136659998069,1.0,False
CG13954,0.79360807,-0.049719267,0.42742363316985144,1.0,False
CG5787,0.7919632,-0.02505093,0.428382109721433,1.0,False
CrzR,0.78949344,0.5102374,0.429823666768842,1.0,False
Grip71,0.7894626,0.4933663,0.42984166654385736,1.0,False
Kdsr,0.78930515,0.3534376,0.42993367223100953,1.0,False
CG15019,0.7891477,-0.1287813,0.43002568935409213,1.0,False
grim,0.788766,0.43809924,0.43024877830861175,1.0,False
unmet,0.78749776,-0.007943685,0.4309905562709241,1.0,False
CG2617,0.78730774,0.32271492,0.4311017366527796,1.0,False
CG11474,0.7864434,-0.095780745,0.43160776723880634,1.0,False
CG2691,0.7861165,0.32211617,0.43179924671560777,1.0,False
AdipoR,0.78352004,-0.088412076,0.43332180199258397,1.0,False
CG1537,0.7828508,0.9084787,0.433714736575317,1.0,False
CG9394,0.7810211,0.1352601,0.4347900766281275,1.0,False
cold,0.7805145,-0.031029023,0.4350881040644937,1.0,False
tey,0.7797922,0.23716168,0.4355131983384869,1.0,False
asRNA:CR45620,0.77918804,1.0570725,0.4358689706378158,1.0,False
CG9302,0.7788389,0.70022863,0.4360746491456676,1.0,False
fy,0.7788183,0.87307036,0.4360867496235976,1.0,False
LeuRS,0.778743,0.1802962,0.43613111969869056,1.0,False
Sf3b3,0.7783442,0.8577667,0.4363661227879242,1.0,False
CG18731,0.7782877,-0.18381877,0.4363994123857974,1.0,False
CG1902,0.77800703,-0.14054711,0.43656487330673155,1.0,False
TBC1D23,0.77755857,-0.042604636,0.4368292821974772,1.0,False
l(2)k09848,0.777141,0.11400875,0.4370756085184032,1.0,False
Ekar,0.7768825,0.61841255,0.4372280882216669,1.0,False
PIG-G,0.77673364,0.14131476,0.4373159546688322,1.0,False
puml,0.77628344,-0.13350984,0.43758163572596986,1.0,False
Dnaaf5,0.776239,0.47989738,0.4376079058173775,1.0,False
CG33230,0.7742159,0.36568454,0.4388031426547495,1.0,False
Dhdds,0.77402073,0.014355321,0.4389185183991997,1.0,False
ebo,0.77362365,0.0033881199,0.4391533719757935,1.0,False
CG7692,0.77273023,0.08568601,0.43968205632461843,1.0,False
rogdi,0.7704829,-0.16032484,0.4410134835110774,1.0,False
HisRS,0.7700482,-0.07344845,0.4412713146926356,1.0,False
Apl,0.77004135,0.2229121,0.4412753757167164,1.0,False
Ssu72,0.7698599,0.09862401,0.4413830006557272,1.0,False
Polr3H,0.76886034,0.2046707,0.44197622268502246,1.0,False
CG11007,0.7683246,-0.06586124,0.4422943530543929,1.0,False
Tsp5D,0.7666507,0.8840793,0.4432892272089094,1.0,False
east,0.76640254,0.0070488323,0.44343683777627885,1.0,False
Rdh1,0.7659164,0.129899,0.4437260322402138,1.0,False
fog,0.7658856,0.85747993,0.4437443650960433,1.0,False
GluProRS,0.765699,0.4884342,0.4438553899638591,1.0,False
CG8768,0.76555014,0.14510974,0.4439440175250111,1.0,False
CG12343,0.76420313,-0.156938,0.4447461994000417,1.0,False
CG9304,0.76387453,-0.053904146,0.4449420286270551,1.0,False
CG17359,0.76278424,0.38837323,0.4455920849753996,1.0,False
CG34155,0.76216465,-0.08501704,0.44596174578333514,1.0,False
lncRNA:CR44716,0.7620038,0.44560382,0.4460577636128693,1.0,False
Zpr1,0.76178294,0.05547031,0.44618955192496124,1.0,False
mRpL39,0.7605917,-0.12858194,0.4469009782324196,1.0,False
Cyfip,0.7603521,0.005746455,0.4470441591449018,1.0,False
CG6983,0.7597154,0.07578196,0.4474247380371361,1.0,False
CG5567,0.759587,-0.03436272,0.44750148995916483,1.0,False
CG42495,0.75904787,-0.08796089,0.44782392975308627,1.0,False
CG3277,0.7590017,0.34842476,0.4478515735914689,1.0,False
Pgant1,0.7588698,0.100901015,0.44793041504875986,1.0,False
CG8461,0.7585823,0.11020485,0.44810246014426147,1.0,False
Tmx3,0.75627,-0.14709343,0.449487353405022,1.0,False
Cpsf5,0.75585234,-0.086585864,0.44973773328144273,1.0,False
Ciao1,0.75552374,-0.11335826,0.4499348090867792,1.0,False
CG13896,0.7519208,1.1481674,0.45209866522187236,1.0,False
CG43861,0.7517788,0.14402604,0.4521841062851122,1.0,False
CG2614,0.75076383,0.6034928,0.45279481211138106,1.0,False
CG11095,0.75025207,0.08489733,0.4531029162293688,1.0,False
ana1,0.75019383,0.0771004,0.45313795897306475,1.0,False
Sugb,0.74978137,0.5179832,0.4533863940377002,1.0,False
rgr,0.74970263,0.47360823,0.4534338219130598,1.0,False
Myo31DF,0.74937916,0.5032442,0.45362871799847315,1.0,False
CG11555,0.74930555,-0.10181756,0.45367306603431956,1.0,False
lncRNA:CR44831,0.7486877,0.49826562,0.45404547971196985,1.0,False
CG6650,0.7476316,0.0502698,0.45468238620810353,1.0,False
lncRNA:CR46003,0.7476094,0.13331096,0.4546958110442342,1.0,False
Arp8,0.7473013,0.058949463,0.45488171634244345,1.0,False
CG12129,0.7472345,-0.08566626,0.4549220014660904,1.0,False
Acph-1,0.74701715,0.077724375,0.4550532002815133,1.0,False
Bka,0.7463291,0.04768095,0.455468631463225,1.0,False
rdog,0.7461357,0.12591298,0.4555854453195731,1.0,False
jub,0.7452457,0.0067284657,0.45612321306869374,1.0,False
CG10916,0.7448982,0.02471489,0.4563332461709324,1.0,False
CG13605,0.74480754,-0.04448172,0.456388091350151,1.0,False
CG15547,0.7447271,0.017508619,0.4564367307413377,1.0,False
CG8915,0.743683,0.22551753,0.45706827223516144,1.0,False
Schip1,0.7436419,-0.09473602,0.4570931298012477,1.0,False
CG14722,0.7428461,-0.07288169,0.45757489500254356,1.0,False
Tkt,0.7426783,0.21576996,0.4576764646689456,1.0,False
asRNA:CR43944,0.7413484,0.045393635,0.45848221479932105,1.0,False
prg,0.7413244,0.0142041715,0.4584967401109419,1.0,False
Sap-r,0.74063295,-0.08163655,0.45891601024475814,1.0,False
foxo,0.7405679,1.0173628,0.45895545759683376,1.0,False
CG15027,0.73947084,0.011199808,0.45962115843574625,1.0,False
CG13096,0.7391781,0.16052374,0.4597988392031178,1.0,False
wac,0.7390566,0.14467843,0.4598726243842499,1.0,False
Pgant7,0.73832405,0.10980514,0.4603175542938577,1.0,False
asRNA:CR45134,0.73802793,1.223284,0.46049746577684214,1.0,False
CG2811,0.73718244,-0.121076174,0.4610114178797674,1.0,False
CG43273,0.73684525,0.664238,0.4612164638722648,1.0,False
Rx,0.7354657,0.5423157,0.4620559135569974,1.0,False
mRpS31,0.735464,-0.17099048,0.46205695558727555,1.0,False
ebi,0.73510456,-0.09152787,0.4622758110045515,1.0,False
Nxf3,0.7342385,-0.006853345,0.46280338587920355,1.0,False
Gel,0.73393387,0.11103781,0.46298905525963896,1.0,False
Golgin245,0.7336309,-0.096168116,0.4631737227249707,1.0,False
ric8a,0.7333673,0.0117170755,0.4633344272465334,1.0,False
Ror,0.7333057,-0.06526166,0.46337199901764414,1.0,False
Rexo5,0.7327854,-0.070414074,0.4636893394425945,1.0,False
CG4239,0.73227704,-0.051435895,0.4639994895587134,1.0,False
MED1,0.7321042,-0.09457059,0.46410498779694553,1.0,False
CG32075,0.73204255,0.29131773,0.4641425943573181,1.0,False
Atf3,0.7317071,-0.10341056,0.4643473709432928,1.0,False
RabGGTa,0.7314503,-0.07720288,0.4645041216773963,1.0,False
dnt,0.73048156,0.23538871,0.46509585952615307,1.0,False
RhoGAP5A,0.7301256,0.24273494,0.4653134232280214,1.0,False
Snap29,0.72872037,-0.1243745,0.46617272434716905,1.0,False
Lac,0.72827363,0.22137225,0.4664460849273667,1.0,False
caup,0.7268239,0.2279685,0.4673338101867778,1.0,False
CG1636,0.7254341,-0.10646885,0.468185731259245,1.0,False
Tsen34,0.7249292,1.1457447,0.46849544745794736,1.0,False
Blos3,0.72465366,0.15170345,0.4686645268400351,1.0,False
GABA-B-R3,0.7245441,-0.04374025,0.46873174789946337,1.0,False
PolD1,0.7240871,1.0159299,0.4690122433114662,1.0,False
Mes2,0.7233135,0.8427856,0.4694873010604347,1.0,False
FucTB,0.72308415,0.64552027,0.4696281878714331,1.0,False
CG14450,0.72298485,-0.053338204,0.4696891759759382,1.0,False
Nmdmc,0.72246456,0.5780814,0.47000890935812656,1.0,False
Ccs,0.72141534,0.056958538,0.4706540004552995,1.0,False
Drp1,0.72139484,-0.110138305,0.4706666335417181,1.0,False
CG3587,0.72074956,0.34864178,0.4710636183087693,1.0,False
PIG-A,0.7206366,0.4075594,0.47113313596520723,1.0,False
Gfat2,0.7203696,-0.09422401,0.4712974729223781,1.0,False
Mlp84B,0.71983385,0.093267,0.47162729561675487,1.0,False
CG3939,0.7196319,0.09159369,0.47175167074136104,1.0,False
asRNA:CR43957,0.7192245,0.32036626,0.4720025840441535,1.0,False
Mur2B,0.7186289,0.29771557,0.4723695980230185,1.0,False
Spn42Da,0.71785355,0.10946751,0.47284758436460816,1.0,False
CG32533,0.7178005,0.264959,0.47288030397683545,1.0,False
CG17193,0.7176516,0.014310792,0.4729721366414079,1.0,False
dpr17,0.7172819,-0.03157818,0.473200177409435,1.0,False
Klp31E,0.71505684,0.21054804,0.47457392182636726,1.0,False
bsd,0.7147094,-0.065344945,0.47478863484131517,1.0,False
CG8673,0.71442014,0.16101883,0.4749674267474444,1.0,False
gig,0.7141069,0.18115985,0.4751610714868829,1.0,False
mago,0.7131741,-0.13555372,0.4757380295996936,1.0,False
CG12219,0.71177405,0.13596854,0.4766047166270513,1.0,False
MED25,0.71146595,0.041142736,0.4767955461776828,1.0,False
PrBP,0.71112704,-0.13593082,0.4770055069999156,1.0,False
CG34367,0.71011895,0.7769989,0.47763038655725687,1.0,False
CG34231,0.70965683,0.70998365,0.47791698349776046,1.0,False
GAPsec,0.7089328,0.098812096,0.47836617436238693,1.0,False
mIF3,0.70889,0.1169135,0.47839272950456746,1.0,False
Wdr92,0.7077005,-0.1727698,0.479131284832528,1.0,False
CG11723,0.70765257,0.08982267,0.47916105261753794,1.0,False
Aasdh,0.70756525,0.10105792,0.4792152751057006,1.0,False
CG9119,0.70722467,-0.04198682,0.4794268811556701,1.0,False
CG31673,0.7066564,0.3194426,0.47978002581939594,1.0,False
CCKLR-17D3,0.7058263,-0.048247524,0.4802961697872383,1.0,False
prt,0.7053008,0.25432274,0.48062303995439304,1.0,False
sl,0.70511943,0.2542837,0.4807359288052694,1.0,False
CG15107,0.7042585,0.10017352,0.48127181519436313,1.0,False
CG15651,0.70398635,-0.14383653,0.48144127830944494,1.0,False
GC1,0.70397264,-0.111774236,0.48144980561348083,1.0,False
CG14043,0.7037022,-0.06643978,0.4816182367098628,1.0,False
sced,0.70308435,-0.09725576,0.4820031900665991,1.0,False
Rs1,0.7029799,-0.09526852,0.4820682541088216,1.0,False
ND-B12,0.70277286,0.047093492,0.4821973297009594,1.0,False
Atg16,0.7026051,0.21701898,0.48230188403359153,1.0,False
Es2,0.7018195,-0.0069424617,0.4827917463796896,1.0,False
Eaat2,0.7012461,-0.09720531,0.48314944173935537,1.0,False
nudC,0.70032185,-0.0004973701,0.48372632810589133,1.0,False
CG3589,0.6999744,0.11856637,0.4839432912630234,1.0,False
fal,0.6994575,0.13050042,0.48426616168870185,1.0,False
CG9360,0.698434,3.4590204,0.4849058323396054,1.0,False
RunxB,0.69801635,1.4124577,0.4851669665024324,1.0,False
Rchy1,0.6973471,0.7077098,0.4855855820387657,1.0,False
SoxN,0.6971161,0.015915759,0.4857301622007738,1.0,False
alrm,0.6964828,0.30249482,0.4861265383212723,1.0,False
Aldh-III,0.6961884,-0.121513136,0.4863108591976484,1.0,False
Det,0.6957639,0.066750064,0.48657669068981957,1.0,False
CG15382,0.69482255,0.43540037,0.48716651646667264,1.0,False
RagA-B,0.6947096,-0.057909288,0.4872373214991781,1.0,False
CG2059,0.6946206,-0.05438423,0.4872931111961364,1.0,False
CG30183,0.6940506,0.39416075,0.48765046159073133,1.0,False
RhoGAP102A,0.69386405,-0.10484838,0.4877674628577078,1.0,False
GlyRS,0.6936792,-0.09569898,0.4878834056574205,1.0,False
CG43066,0.693087,0.00043317862,0.4882549521405889,1.0,False
hpRNA:CR46342,0.6930288,0.095471464,0.48829147072057233,1.0,False
CG11737,0.69268477,0.302052,0.48850739006094235,1.0,False
CG34039,0.692298,0.087273695,0.4887502264991145,1.0,False
Dmel_CR45557,0.6916304,0.29892343,0.4891694334756985,1.0,False
bsf,0.69158936,-0.1095032,0.4891952371520083,1.0,False
CG5850,0.6906685,0.22529367,0.48977386192242633,1.0,False
CG17486,0.69045633,-0.08550009,0.48990727746159923,1.0,False
Alr,0.69008833,-0.058835283,0.49013864913000205,1.0,False
Nnf1a,0.6897477,0.26457167,0.490352854808367,1.0,False
CG9948,0.6896895,-0.07824424,0.4903894577979161,1.0,False
CG42399,0.6890905,0.060529713,0.4907663386685228,1.0,False
mod,0.6888115,-0.10910325,0.4909419105880112,1.0,False
Arp1,0.6883853,-0.10554427,0.4912101806861531,1.0,False
Phgdh,0.6883596,0.050803714,0.49122634404949383,1.0,False
CG1578,0.68751925,-0.07644718,0.4917555824865941,1.0,False
spi,0.68660694,-0.090995185,0.49233043806009547,1.0,False
Pex12,0.6864495,0.027881086,0.4924296991200635,1.0,False
mRpL50,0.6850871,-0.10134176,0.49328897097437785,1.0,False
Pur-alpha,0.68475163,0.06147803,0.49350067362094974,1.0,False
Cdc5,0.6846917,-0.07036293,0.4935384827833449,1.0,False
asRNA:CR45469,0.68445206,1.7052898,0.49368973494057444,1.0,False
rig,0.68437505,0.39811772,0.4937383569743208,1.0,False
CG17162,0.6839797,1.1600887,0.49398799042484864,1.0,False
Prp5,0.6836203,-0.050073355,0.4942149885150915,1.0,False
CG13850,0.6835261,-0.04528341,0.49427444961471945,1.0,False
CG32280,0.6832266,0.7685677,0.4944636694762212,1.0,False
Phb1,0.6827953,-0.11273633,0.4947362141096042,1.0,False
CG12290,0.6826498,-0.07507278,0.49482816195377566,1.0,False
Vha68-2,0.68261725,0.62946165,0.4948487162501426,1.0,False
Samtor,0.6821483,0.098899215,0.49514518157009546,1.0,False
Cpes,0.6817991,-0.015820015,0.4953659691789347,1.0,False
daed,0.68168104,-0.03649304,0.4954406592383036,1.0,False
Hgsnat,0.681539,-0.09953917,0.49553051176953855,1.0,False
FAM21,0.6809605,-0.08291918,0.4958965071003357,1.0,False
CG6791,0.6805086,0.1001425,0.4961824735867918,1.0,False
Pex13,0.6804915,-0.10000922,0.49619330737960865,1.0,False
Ada2b,0.6804316,-0.0958377,0.4962312266481521,1.0,False
Ak3,0.6802382,0.4179091,0.49635366226576483,1.0,False
Hmgs,0.6772446,-0.110948585,0.49825075832837673,1.0,False
Syx17,0.6769074,-0.1671312,0.49846468066306215,1.0,False
hyx,0.67619544,0.0075680823,0.4989165755517515,1.0,False
CG1671,0.67611843,0.21072611,0.49896547145824055,1.0,False
CG10375,0.67563576,-0.11538561,0.4992719437765767,1.0,False
SelR,0.67470294,-0.049703635,0.499864522801026,1.0,False
CG5087,0.67460024,-0.0072101457,0.4999297836605957,1.0,False
Irk2,0.6739721,0.1802883,0.5003290609776037,1.0,False
Lipt1,0.6736452,0.13244563,0.500536926152185,1.0,False
Snx6,0.6729554,-0.14989217,0.5009756609783635,1.0,False
BTBD9,0.6729126,-0.10190295,0.5010028844903642,1.0,False
lncRNA:CR43995,0.67098707,2.5018737,0.5022287534251467,1.0,False
Ttc19,0.67096657,-0.051535923,0.5022418379075912,1.0,False
Snp,0.6706054,0.007322036,0.5024719361812224,1.0,False
CG2209,0.6704154,1.4551893,0.5025930055129547,1.0,False
kumpel,0.6703778,0.78712267,0.5026170030675887,1.0,False
CG4661,0.66964865,0.8474516,0.5030818023994461,1.0,False
lncRNA:CR45962,0.669599,0.009286545,0.5031134519225529,1.0,False
DCP1,0.669296,-0.17122808,0.5033066459515589,1.0,False
Polr2F,0.6671035,-0.118496,0.5047060139655462,1.0,False
dally,0.6645105,-0.04557415,0.5063636476347146,1.0,False
Neos,0.6644283,-0.107822925,0.5064162134758687,1.0,False
Dhx15,0.6643393,-0.015976561,0.5064731630418984,1.0,False
smo,0.663819,0.26636723,0.5068061663459138,1.0,False
CG16868,0.6636855,0.040950738,0.5068916265300509,1.0,False
CG13995,0.6634288,-0.05417543,0.5070559943208154,1.0,False
CG7728,0.663107,0.21600133,0.5072620414876965,1.0,False
CG3149,0.6630505,-0.17261441,0.5072982138782036,1.0,False
disp,0.6628845,-0.058745332,0.5074045466267159,1.0,False
CG18368,0.6615648,0.1613598,0.5082501436061442,1.0,False
CG4806,0.6604831,-0.09813174,0.5089438427046129,1.0,False
EMC6,0.6589718,-0.10650309,0.5099138758702219,1.0,False
CG5608,0.65829057,0.0016392717,0.5103514209526668,1.0,False
Alg11,0.6581605,-0.13269514,0.5104349945943389,1.0,False
CG11696,0.65726876,-0.04029934,0.5110081065161303,1.0,False
CG8569,0.6571969,0.071904,0.5110543221157877,1.0,False
28SrRNA-Psi:CR45860,0.6571952,0.96914345,0.5110554225138209,1.0,False
MFS16,0.6571045,-0.044440474,0.5111137453807872,1.0,False
l(3)76BDm,0.65705657,-0.032446902,0.5111445588649921,1.0,False
Rpn13R,0.6566988,2.097983,0.5113745901638767,1.0,False
CG14966,0.65667826,-0.07239391,0.5113877993433124,1.0,False
TM9SF2,0.65650886,-0.120445445,0.5114967818712752,1.0,False
CG15387,0.65566677,0.018011982,0.5120385718234649,1.0,False
CG12716,0.655321,0.7653279,0.5122611006977322,1.0,False
CG3168,0.65529364,0.11962702,0.5122787289025497,1.0,False
CG17786,0.6547134,0.090616435,0.5126523008373937,1.0,False
vkg,0.65411776,0.47754708,0.5130359382530272,1.0,False
Jasper,0.6540305,-0.14537503,0.5130921735396736,1.0,False
MsR1,0.6539312,0.09363718,0.5131561312969131,1.0,False
ara,0.6537532,0.4627802,0.5132708245691735,1.0,False
CG10646,0.6530429,-0.11045512,0.5137286277180089,1.0,False
MED11,0.65240103,-0.09771303,0.5141424879489699,1.0,False
LeuRS-m,0.6498662,-0.07296791,0.5157786530689403,1.0,False
l(2)gd1,0.64910454,0.04395638,0.5162708032532684,1.0,False
EbpIII,0.64908403,0.26397926,0.5162840780896107,1.0,False
Rad17,0.6484473,0.16960399,0.51669568577962,1.0,False
mRF1,0.6483874,-0.024154022,0.5167344210596136,1.0,False
Tnpo-SR,0.64696676,0.12637536,0.5176534412805383,1.0,False
Cbp80,0.6465166,-0.10000528,0.5179448252517611,1.0,False
Amus,0.64642936,-0.117188856,0.5180013391868481,1.0,False
Pld3,0.6451046,0.13104413,0.5188594125689227,1.0,False
Phyhd1,0.64380205,0.824485,0.5197037891228409,1.0,False
E23,0.6437661,1.5437762,0.5197270999685235,1.0,False
blo,0.6433006,0.7162286,0.5200290796546485,1.0,False
lncRNA:CR45918,0.64282817,1.4769619,0.5203355926763233,1.0,False
Snrnp48,0.64228046,-0.066751085,0.5206910866271344,1.0,False
Trl,0.6418731,0.1141842,0.5209555663641267,1.0,False
Hug,0.6415736,0.6194408,0.5211500808846017,1.0,False
Hacd2,0.640889,-0.09887964,0.5215948258636673,1.0,False
Aven,0.6402608,-0.029232912,0.5220030510799272,1.0,False
Secp43,0.64008796,-0.03848844,0.5221154252577823,1.0,False
DAT,0.6390456,0.106907286,0.5227932716443306,1.0,False
lncRNA:CR32218,0.6389258,-0.092050895,0.5228712139721223,1.0,False
CG6357,0.6385749,0.27260363,0.5230995079677707,1.0,False
Kpc2,0.6382377,0.28104073,0.5233189411311397,1.0,False
CG7099,0.638147,0.29256076,0.5233779845119191,1.0,False
Oga,0.6380957,0.2844506,0.5234114068084494,1.0,False
Mtpbeta,0.6378663,0.02200774,0.5235607064353097,1.0,False
Atac3,0.63781154,-0.064263865,0.5235963633087464,1.0,False
Remo,0.6363704,0.21332994,0.5245350321920577,1.0,False
Pgant6,0.6352339,0.12979937,0.5252758725860176,1.0,False
CG10286,0.63501656,-0.019194147,0.525417630439019,1.0,False
RIC-3,0.634616,-0.11309655,0.5256788733153954,1.0,False
CG12926,0.6339571,0.18582872,0.526108840500009,1.0,False
CG12818,0.63331866,0.15966545,0.5265255774556767,1.0,False
Ca-Ma2d,0.63306534,-0.092016615,0.5266909782362952,1.0,False
Herp,0.63283426,-0.08938857,0.5268418737039032,1.0,False
mrn,0.6324423,0.1177904,0.5270978875865953,1.0,False
shams,0.6320846,0.089819595,0.5273315975763342,1.0,False
DMAP1,0.6315694,-0.11182439,0.5276682775526044,1.0,False
mRpL20,0.63136405,-0.13795955,0.5278025326781731,1.0,False
CG17544,0.63066226,-0.024089621,0.528261369036259,1.0,False
Tmem214,0.63026863,-0.08780825,0.5285188539794092,1.0,False
lncRNA:CR43963,0.630029,1.9230438,0.5286756152287653,1.0,False
lncRNA:CR44785,0.62980646,1.704785,0.5288212004384453,1.0,False
Pgant3,0.62956345,0.11837008,0.528980247597732,1.0,False
lncRNA:CR44294,0.6294197,1.3589468,0.5290743432900136,1.0,False
CG33155,0.6289216,0.9854835,0.5294003834929705,1.0,False
sim,0.62878466,0.687597,0.5294900344413789,1.0,False
CG10274,0.6285382,0.5887684,0.5296514255997806,1.0,False
bru1,0.6279306,-0.08090519,0.530049406425533,1.0,False
MetRS,0.6275917,-0.11634602,0.5302714448114119,1.0,False
MED17,0.6269618,0.42857906,0.5306842476672637,1.0,False
Topors,0.62679756,-0.069135115,0.5307919621878325,1.0,False
CG30495,0.62674963,0.42812663,0.5308233810128518,1.0,False
CG42553,0.6260085,0.38394454,0.5313093708130621,1.0,False
lncRNA:CR45736,0.6252708,0.3455617,0.5317933398209846,1.0,False
CG3308,0.6236739,0.06576732,0.5328417682181796,1.0,False
Arc42,0.62363285,0.24287678,0.5328687512266856,1.0,False
wdn,0.6233658,0.057735335,0.5330441576298756,1.0,False
CAHbeta,0.6229054,0.24276783,0.5333466898127401,1.0,False
CG1635,0.6228421,-0.15705143,0.5333883088357676,1.0,False
CG1233,0.6214146,0.2049798,0.534326859456677,1.0,False
Neurl4,0.62099016,-0.036329746,0.5346061095644743,1.0,False
CG31125,0.6208036,0.03365009,0.534728867781421,1.0,False
Sol1,0.6204801,0.197009,0.5349417574722003,1.0,False
CG1647,0.62004364,-0.109680176,0.5352290573180065,1.0,False
CG32262,0.6200248,-0.12413051,0.5352414523944449,1.0,False
Setx,0.6196979,0.061859533,0.5354566990606006,1.0,False
cyc,0.6196945,-0.09767135,0.5354589531831355,1.0,False
Chd1,0.6181592,-0.09892764,0.5364704088927075,1.0,False
IKKepsilon,0.6178648,0.12850392,0.5366644655844741,1.0,False
bip1,0.6178271,0.13472603,0.536689289335841,1.0,False
Scr,0.6174557,0.8397499,0.5369341727305708,1.0,False
CG10365,0.61682415,0.13277735,0.5373507162972957,1.0,False
Sec15,0.616766,0.08080119,0.5373891051733166,1.0,False
Taf5,0.6164408,-0.07564381,0.5376036566072574,1.0,False
Cog4,0.616095,-0.08566788,0.5378318058333305,1.0,False
Ppt2,0.61608136,-0.0375015,0.5378408424469039,1.0,False
crn,0.6159598,-0.12941213,0.5379210457327206,1.0,False
CG32354,0.61531967,0.65146536,0.5383436241019413,1.0,False
Adat1,0.6148986,0.4620806,0.5386216674902919,1.0,False
betaGlu,0.61471033,0.7076611,0.5387460191306601,1.0,False
Mpped,0.61464876,-0.08389563,0.5387867191571913,1.0,False
ast,0.6146402,0.49703383,0.5387923720605686,1.0,False
CG1344,0.6144998,-0.16258909,0.538885083918288,1.0,False
Tes,0.6144091,0.67745715,0.5389450116905569,1.0,False
CG15536,0.614125,-0.06298062,0.5391327316090477,1.0,False
List,0.61408734,0.5678911,0.5391576126110216,1.0,False
CG42747,0.61376554,0.079481706,0.5393702555453981,1.0,False
CG8728,0.61368,-0.09706336,0.5394268165884115,1.0,False
CG4610,0.6135807,0.052044768,0.5394924311198034,1.0,False
Mst85C,0.613413,-0.14119798,0.5396033061338028,1.0,False
imd,0.61331886,0.064615294,0.539665536905181,1.0,False
CG43693,0.61294913,0.347695,0.5399099688773006,1.0,False
l(2)k05819,0.612867,0.025078038,0.539964294617046,1.0,False
Usp20-33,0.612665,0.09742418,0.5400978570212784,1.0,False
CG9330,0.612588,-0.11509031,0.5401487961899445,1.0,False
mu2,0.6125743,0.41687343,0.5401578522937807,1.0,False
CG32176,0.61221486,-0.05093171,0.5403956021841099,1.0,False
CG6712,0.6114429,-0.007159636,0.5409063751993359,1.0,False
ush,0.6114207,0.31373662,0.5409211017229867,1.0,False
lncRNA:CR45527,0.61133343,0.30978468,0.540978876942751,1.0,False
Cpsf160,0.6111725,0.3001516,0.5410853726808822,1.0,False
Egfrap,0.61073095,0.2218849,0.5413777233058276,1.0,False
udd,0.6098084,-0.06807886,0.5419887412314692,1.0,False
Rbpn-5,0.60973996,-0.12428354,0.5420340994992084,1.0,False
CROT,0.607876,0.1347816,0.5432697053994594,1.0,False
CG15237,0.6074361,-0.1968953,0.5435615082492959,1.0,False
CG10383,0.60736424,0.16032211,0.5436092032886526,1.0,False
Cse1,0.6067515,0.14375822,0.5440158312299894,1.0,False
dve,0.6052984,0.18037307,0.5449807571120566,1.0,False
pyr,0.603609,0.12865907,0.5461035933243635,1.0,False
CG3176,0.60353714,0.06653229,0.5461513990133452,1.0,False
CG15014,0.60347897,0.025454462,0.5461901003759732,1.0,False
stumps,0.60332835,1.3056117,0.5462902749198667,1.0,False
rec,0.602411,0.9684648,0.5469006254983986,1.0,False
Lgr4,0.6020498,1.6698408,0.5471409866756629,1.0,False
twe,0.601918,0.9812598,0.5472287144361574,1.0,False
Reck,0.6017862,0.6992807,0.5473164491561737,1.0,False
loco,0.6015825,0.87702304,0.5474520528647351,1.0,False
CG10431,0.6015261,0.7445245,0.5474896601975271,1.0,False
AlaRS,0.60138744,0.047616705,0.5475819745223633,1.0,False
PIG-O,0.60133606,0.0016737165,0.5476161669663986,1.0,False
CG5404,0.60106224,0.6770781,0.5477985444974267,1.0,False
Tsp42Ek,0.6009955,-0.12921815,0.5478430035717858,1.0,False
CG7381,0.6007233,0.052936807,0.5480242782555457,1.0,False
CG7376,0.6007182,0.6757715,0.548027698817499,1.0,False
CG4766,0.6003468,0.052610967,0.5482751474450129,1.0,False
CG3713,0.5998333,0.47463515,0.5486173331943447,1.0,False
CG5895,0.59840584,0.3948686,0.5495691632372184,1.0,False
UbcE2M,0.59840584,-0.1389231,0.5495691632372184,1.0,False
koi,0.598399,-0.091111526,0.5495737303302672,1.0,False
Tsp42Ef,0.5975586,0.2924402,0.5501344830698913,1.0,False
unc80,0.5974337,-0.060733754,0.5502178776981633,1.0,False
Dark,0.5969373,-0.035396267,0.5505492329070674,1.0,False
Br140,0.59649575,0.23721834,0.5508441073226316,1.0,False
Rab19,0.5964067,-0.088304654,0.5509035487827711,1.0,False
Shmt,0.5963126,0.018082459,0.5509664229915445,1.0,False
Gem2,0.5956844,0.18876122,0.5513860557745875,1.0,False
CngA,0.59531134,0.1879061,0.551635394291271,1.0,False
CkIIalpha-i1,0.59499294,0.17179777,0.5518481764507625,1.0,False
CG8460,0.5945736,0.22606683,0.5521285155398441,1.0,False
Ctu2,0.5943289,0.09651733,0.5522921743387756,1.0,False
sel,0.5914654,0.06342262,0.5542086348012594,1.0,False
CG7484,0.589634,-0.09457467,0.5554360486116209,1.0,False
CG31999,0.5888552,0.7474995,0.5559583882738713,1.0,False
lncRNA:CR45558,0.58883125,2.640545,0.5559744640639628,1.0,False
CNMaR,0.58836746,-0.038992215,0.5562856901129682,1.0,False
TORIP,0.588352,-0.032732055,0.5562960274910683,1.0,False
lncRNA:CR44043,0.5883178,1.5655768,0.5563189997778298,1.0,False
PPO2,0.5882185,0.66697305,0.5563856220256314,1.0,False
Ork1,0.588133,1.2063705,0.5564430581203977,1.0,False
CG31643,0.5880508,0.753295,0.556498199491169,1.0,False
ck,0.58792245,0.9417896,0.5565843632161966,1.0,False
CG12325,0.5877393,0.052574344,0.5567073013873199,1.0,False
sprt,0.58767766,0.619924,0.5567486667379888,1.0,False
Lmx1a,0.5875185,-0.019425826,0.5568555341599626,1.0,False
Fbw5,0.5872943,0.51500183,0.5570060847946879,1.0,False
CG13295,0.5868493,0.45641246,0.5573049462999666,1.0,False
lncRNA:CR45910,0.5867192,0.56845534,0.5573923205620983,1.0,False
Naam,0.58668494,0.54844207,0.5574153148973855,1.0,False
SAK,0.58618176,0.48537943,0.5577533849066103,1.0,False
CREG,0.5861698,0.49865618,0.5577614354083575,1.0,False
lncRNA:CR43685,0.58510685,-0.10710527,0.558475854824759,1.0,False
CG4854,0.5850025,0.3341958,0.5585460552702718,1.0,False
tefu,0.584999,0.31179664,0.5585483569968228,1.0,False
isoQC,0.5848159,-0.009932863,0.5586715060866526,1.0,False
Hsp110,0.58342266,-0.09693984,0.5596087915720758,1.0,False
CG6683,0.5825789,0.23640865,0.560176830232082,1.0,False
CG42542,0.58161014,-0.17432597,0.5608293244839404,1.0,False
Pdss2,0.58128834,-0.18138656,0.5610461354033698,1.0,False
eEF1delta,0.581249,-0.14640856,0.5610726629282194,1.0,False
Tbc1d22,0.5810813,0.1913085,0.5611857000543817,1.0,False
c12.2,0.58019465,0.1588815,0.5617833649904445,1.0,False
Lhr,0.5797821,0.15548857,0.5620615340166193,1.0,False
e(y)3,0.5793765,-0.074298635,0.562335151015789,1.0,False
5PtaseI,0.5790975,-0.15779443,0.5625233721877549,1.0,False
grsm,0.5766705,-0.05968123,0.5641620629026791,1.0,False
Pus7,0.5765815,0.8290596,0.5642221995979388,1.0,False
cag,0.5764634,-0.14382319,0.5643020011310107,1.0,False
CG8060,0.57580274,0.088210575,0.5647485272884114,1.0,False
CG34324,0.5750873,2.193271,0.5652322627630253,1.0,False
Prosalpha1,0.57505137,1.897855,0.5652565705160998,1.0,False
snoRNA:Psi28S-3342,0.5750479,3.7280192,0.5652588855664061,1.0,False
lncRNA:CR43838,0.5748768,2.0185184,0.5653746438916913,1.0,False
del,0.5747655,-0.03569203,0.565449892911462,1.0,False
Cyp9f2,0.57435304,0.84208256,0.5657289351133161,1.0,False
CG5953,0.57413566,0.07559831,0.5658760088519882,1.0,False
His2B:CG33868,0.57403296,0.8115307,0.5659454988929281,1.0,False
eys,0.5735948,-0.03772704,0.5662420357555134,1.0,False
CG3342,0.5733432,-0.08600032,0.5664123464735142,1.0,False
Cul5,0.57168126,0.06447281,0.5675379408947361,1.0,False
Sry-delta,0.5714468,-0.1598056,0.5676968390553963,1.0,False
Camp,0.5708237,-0.057380747,0.5681191244588779,1.0,False
yem,0.5708186,0.26820907,0.5681226054573116,1.0,False
ais,0.5706646,-0.0392371,0.5682270401543587,1.0,False
Myt1,0.570413,-0.094952114,0.5683976365694399,1.0,False
CG10903,0.56910187,-0.021534882,0.5692869908170342,1.0,False
Mad1,0.5687955,-0.0986036,0.5694949121423902,1.0,False
Tsp26A,0.5682153,-0.15406005,0.5698887842180649,1.0,False
Sp1,0.5671113,0.83942324,0.5706385454078793,1.0,False
Dmac2,0.5669299,-0.18497753,0.570761806916236,1.0,False
RIOK1,0.5652217,0.110246904,0.5719229469083404,1.0,False
CG2076,0.56347424,-0.16865283,0.5731120072990106,1.0,False
CG6833,0.5631867,-0.0657357,0.5733077730228424,1.0,False
SMC6,0.56317127,-0.15001269,0.5733182613671737,1.0,False
Nepl5,0.56269205,0.11746151,0.5736446108540816,1.0,False
dia,0.5624421,0.1064292,0.573814813716794,1.0,False
trh,0.56150764,0.62472326,0.5744515377591206,1.0,False
CG7110,0.56098044,1.3789959,0.574810862884547,1.0,False
asRNA:CR45907,0.5608538,0.9149964,0.5748972100831746,1.0,False
CG15912,0.56033516,-0.11654311,0.575250830824013,1.0,False
CycE,0.56016576,0.844415,0.5753663925530215,1.0,False
RluA-1,0.5598748,0.65531975,0.5755648574752161,1.0,False
Fsn,0.5598337,-0.14628935,0.5755928786573339,1.0,False
Bap170,0.55925006,0.024631873,0.5759910825609436,1.0,False
dpr20,0.5572116,-0.11393515,0.577382896150538,1.0,False
CG15439,0.5566998,0.23807132,0.5777325588710343,1.0,False
Dip-C,0.5564585,-0.121744,0.5778974845606271,1.0,False
CG3407,0.55629414,0.23113735,0.5780097870663616,1.0,False
eEF1alpha1,0.5558731,-0.022484098,0.5782976090889355,1.0,False
CG17612,0.5550293,0.18367484,0.5788746259095072,1.0,False
Atac2,0.5532818,0.13994828,0.58007048347378,1.0,False
BicDR,0.5517756,0.16219465,0.5811021215197827,1.0,False
CG8272,0.55085135,0.07648877,0.5817355968982921,1.0,False
Prosalpha2,0.5508017,-0.17890091,0.5817696260033229,1.0,False
PhLP1,0.5507897,0.028372135,0.5817778400646159,1.0,False
CG10602,0.5504885,-0.078238055,0.5819843828467721,1.0,False
Acox1,0.54912776,0.03615526,0.5829177726015404,1.0,False
CG5902,0.54893947,-0.17377247,0.583046975843288,1.0,False
SP1173,0.54871184,0.8552755,0.5832032121421714,1.0,False
CG7741,0.548539,-0.047247,0.5833218707907577,1.0,False
lncRNA:CR45251,0.547779,2.9475377,0.5838436323364709,1.0,False
Alg14,0.54770887,-0.057791784,0.5838918239796096,1.0,False
asRNA:CR46354,0.5476986,1.1203535,0.583898876570563,1.0,False
CG31898,0.54738194,1.4440014,0.5841163509233556,1.0,False
CG7191,0.547257,0.60147333,0.5842021755005546,1.0,False
lncRNA:CR43910,0.54715943,1.1760222,0.5842691932917552,1.0,False
Cog3,0.546978,0.061290976,0.5843938323806782,1.0,False
ko,0.54690784,0.078345306,0.5844420451572374,1.0,False
Prp18,0.5468582,0.051867113,0.5844761479945372,1.0,False
bumpel,0.5468171,0.5692512,0.5845043717323524,1.0,False
dunk,0.54662544,0.7721535,0.5846360908907975,1.0,False
GILT3,0.54630363,0.5907288,0.5848572219355989,1.0,False
CG10226,0.54610854,0.53402185,0.5849913309722888,1.0,False
asRNA:CR44690,0.5460589,0.61148334,0.5850254487092459,1.0,False
Grip84,0.54593223,0.03769348,0.5851125119525111,1.0,False
CG15011,0.5455112,0.34186363,0.5854019816765992,1.0,False
Lkr,0.5454222,0.44709322,0.5854631789134801,1.0,False
CG8079,0.545388,-0.12333267,0.5854867171033443,1.0,False
CCHa2-R,0.5453777,0.4073553,0.5854937786459974,1.0,False
CG10738,0.5453709,0.38576514,0.5854984863630716,1.0,False
GstS1,0.545162,0.012214773,0.5856420801769542,1.0,False
Cyp28d2,0.54513633,0.43057838,0.585659736282669,1.0,False
Xpd,0.5450508,0.426645,0.5857185917530271,1.0,False
fng,0.5448454,0.42767054,0.5858598560824222,1.0,False
CG31038,0.5447632,0.05833664,0.585916366240976,1.0,False
CG42327,0.54466736,0.28941503,0.5859822979558915,1.0,False
dlt,0.5443182,0.32946664,0.5862225068798262,1.0,False
Gcn2,0.54396737,0.28116447,0.5864639392920481,1.0,False
CG6984,0.54215306,0.24433748,0.5877130562800783,1.0,False
NELF-B,0.5419802,0.22011597,0.5878321401069286,1.0,False
LSm3,0.54114836,-0.042701524,0.5884053133071747,1.0,False
UQCR-14,0.5410696,0.049223118,0.5884595776419412,1.0,False
Ctl1,0.5409019,-0.07394609,0.5885751919764699,1.0,False
CG9213,0.5399486,0.16693482,0.5892325052790259,1.0,False
CG15073,0.5397517,-0.034473952,0.5893682584497355,1.0,False
Vps45,0.53963363,0.011345229,0.5894497172755422,1.0,False
pad,0.53945565,0.14094211,0.5895725056048762,1.0,False
MME1,0.5389404,0.09951674,0.5899279498049927,1.0,False
sfl,0.53724253,-0.099347234,0.5911000788493426,1.0,False
Spg7,0.5370423,-0.055761274,0.5912383944753244,1.0,False
crm,0.5362447,0.10214115,0.5917894401884358,1.0,False
Grik,0.5346461,0.8142587,0.5928946061062259,1.0,False
alc,0.534338,-0.044376943,0.5931077017832227,1.0,False
Ugt36D1,0.5342404,1.0212461,0.593175189395444,1.0,False
lama,0.53407615,0.76470727,0.5932888606932032,1.0,False
CG13458,0.5340573,1.5503038,0.5933018861664547,1.0,False
CG9263,0.5339974,1.2231886,0.5933433317253898,1.0,False
bnl,0.5339957,0.6661223,0.5933445159036986,1.0,False
Nup37,0.53336924,0.83610994,0.5937779978335728,1.0,False
CG31007,0.5333213,1.0231105,0.5938111663521461,1.0,False
Hexo2,0.53306115,0.09820948,0.593991238815639,1.0,False
Su(var)3-9,0.5330132,0.9106849,0.5940244127831815,1.0,False
CG30344,0.5329996,-0.099095464,0.5940338912152723,1.0,False
CG44002,0.53286093,0.6799832,0.5941298642359558,1.0,False
CG10195,0.53285575,0.6957729,0.5941334189284495,1.0,False
ltl,0.53274626,0.4633665,0.5942092546851336,1.0,False
Atac1,0.5319281,0.37827286,0.5947757929140307,1.0,False
flip,0.53139067,0.015033532,0.5951480882325362,1.0,False
mRpL13,0.5311356,-0.17631955,0.5953247878676378,1.0,False
Pmm2,0.53097135,0.026132187,0.5954386472920254,1.0,False
Trm7-34,0.5303483,0.058432296,0.5958704545006085,1.0,False
Pbgs,0.53030384,-0.03822599,0.5959013033345025,1.0,False
CG1663,0.5301994,0.25790846,0.5959736823023809,1.0,False
asRNA:CR45683,0.53012407,0.26049235,0.5960258925699066,1.0,False
mei-9,0.5298999,0.25795913,0.5961813491161052,1.0,False
Gfr,0.5297681,0.21900834,0.5962727329577058,1.0,False
bug,0.52914333,-0.109559156,0.5967060028920022,1.0,False
Polr3C,0.52902186,0.22737256,0.5967902994434879,1.0,False
Dronc,0.5287223,0.14121135,0.5969980957727481,1.0,False
Zip88E,0.5286983,0.15905003,0.5970147209010022,1.0,False
CG4069,0.5282876,-0.0874311,0.5972997558475392,1.0,False
lncRNA:CR44901,0.52824306,0.15435758,0.5973306383479007,1.0,False
CG9641,0.5278734,-0.09918088,0.5975872287226205,1.0,False
ix,0.52751565,-0.16068026,0.5978355513405336,1.0,False
pea,0.5274147,-0.115580544,0.5979056604668989,1.0,False
Rhau,0.5268841,0.17847112,0.5982740917946561,1.0,False
CG10654,0.52609164,-0.13906614,0.5988245536089203,1.0,False
CG8620,0.5251143,0.122441255,0.5995037329543682,1.0,False
l(2)05287,0.5249192,0.115575336,0.599639372699173,1.0,False
CG45071,0.52438515,-0.10575791,0.6000106682969316,1.0,False
Spp,0.524315,-0.13800646,0.600059468078691,1.0,False
CG14414,0.5241233,-0.121020876,0.6001927839509733,1.0,False
MED10,0.5241079,-0.19396882,0.600203497415067,1.0,False
mRpL21,0.5231426,-0.1565531,0.6008750469709186,1.0,False
CG11906,0.52274376,0.06602551,0.6011525769474674,1.0,False
Nadk1a,0.5226445,-0.16223463,0.6012216706583906,1.0,False
CG13126,0.5206882,0.040927675,0.6025840240913809,1.0,False
lncRNA:CR43837,0.52031845,2.3036423,0.6028416328090676,1.0,False
hry,0.52008057,0.81699574,0.6030074349986921,1.0,False
RYa-R,0.5197091,0.90767413,0.6032663182790516,1.0,False
CG9386,0.5195089,-0.17924978,0.6034059212472165,1.0,False
CG13689,0.5191032,-0.06181001,0.6036887512510587,1.0,False
CG2321,0.51900053,0.65364105,0.6037603632332695,1.0,False
msd5,0.5185932,0.409009,0.604044461689476,1.0,False
kin17,0.5183245,-0.09944053,0.6042319040344726,1.0,False
Grip75,0.51817554,0.06199784,0.6043357846028841,1.0,False
scramb2,0.51809,-0.17286807,0.6043954897062482,1.0,False
asRNA:CR45139,0.51780415,0.43518117,0.6045949239363433,1.0,False
ap,0.5173112,-0.053490017,0.6049389277610793,1.0,False
apt,0.5169723,0.3247712,0.6051754812859411,1.0,False
CG18048,0.5169603,-0.0025250711,0.60518384504802,1.0,False
Boh2,0.5157759,0.19948842,0.6060109182182623,1.0,False
CG30094,0.51529837,-0.07930363,0.6063445199201465,1.0,False
CG11085,0.5152967,0.23908961,0.6063457157728641,1.0,False
ima,0.5149732,-0.1238586,0.6065717508708712,1.0,False
Cyp4g15,0.51398563,0.20289768,0.6072620485937722,1.0,False
Sec8,0.5137785,-0.08020602,0.6074068522074546,1.0,False
CG6136,0.5137665,-0.010042713,0.6074152297475441,1.0,False
Vps39,0.5125821,0.12774022,0.6082436638106022,1.0,False
CG43845,0.512565,0.13267633,0.6082556390908362,1.0,False
CG7970,0.512132,0.07733797,0.6085586486264165,1.0,False
CG6813,0.51171947,0.060513325,0.6088473486683808,1.0,False
CG33635,0.5109236,-0.10782912,0.609404556226623,1.0,False
Hmr,0.51040155,0.06043728,0.6097701595431422,1.0,False
Atg7,0.5082775,0.046948515,0.6112587494001764,1.0,False
Alg1,0.5081286,0.06785584,0.611363166998858,1.0,False
Magi,0.50791806,0.0896174,0.6115108053607794,1.0,False
pyd3,0.50764936,1.2009314,0.6116992772631135,1.0,False
Cfp1,0.50703317,-0.073460996,0.61213153919173,1.0,False
lncRNA:CR44384,0.5065009,1.8161417,0.6125050742157495,1.0,False
CG33958,0.5062339,0.7454494,0.6126924802043991,1.0,False
MAGE,0.50558007,0.7121891,0.6131514915598049,1.0,False
CG8891,0.5054243,-0.16758083,0.6132608595839097,1.0,False
CG13055,0.50539005,0.429591,0.61328489766645,1.0,False
asRNA:CR45131,0.5052018,0.2968534,0.6134171145535317,1.0,False
lncRNA:CR44092,0.5040088,-0.08594324,0.6142551810009412,1.0,False
corto,0.50390613,-0.0020292322,0.6143273480296542,1.0,False
CG3309,0.5038839,-0.019820103,0.6143429847114736,1.0,False
CG5254,0.5038308,0.30452242,0.6143802728909763,1.0,False
CG7133,0.50380856,-0.16514988,0.6143959101661447,1.0,False
Rox8,0.5033396,-0.10162711,0.6147255365865767,1.0,False
r-l,0.5031736,0.24694146,0.6148422478050277,1.0,False
Ir47a,0.5029733,0.29267275,0.6149830361651049,1.0,False
udt,0.50263786,-0.020671776,0.615218918526258,1.0,False
Elp1,0.5022544,0.24472749,0.6154885470738893,1.0,False
Spps,0.5022408,0.22025332,0.6154981776254,1.0,False
Mpp6,0.5014329,-0.044897698,0.6160664973445813,1.0,False
Lrrk,0.49958268,0.14480595,0.6173689611315337,1.0,False
CG3704,0.49905038,-0.0684369,0.6177438987600267,1.0,False
CG2116,0.49665415,0.037988894,0.6194329532463161,1.0,False
CG13901,0.49508977,-0.18928249,0.6205367501760779,1.0,False
MESR4,0.49507952,-0.1209312,0.6205439989355532,1.0,False
mof,0.49469954,-0.015384275,0.620812228939842,1.0,False
TBC1D5,0.49459514,-0.03033684,0.6208859406113034,1.0,False
GstO2,0.4944907,-0.22181237,0.620959656089251,1.0,False
CG16896,0.4939413,-0.010984504,0.6213476313816533,1.0,False
Ostgamma,0.49353054,-0.14735197,0.6216377751692844,1.0,False
Mmp1,0.49319336,1.3674847,0.6218759788250192,1.0,False
Lrr47,0.49207056,0.017737722,0.6226694703904427,1.0,False
Fs,0.4919268,0.36975703,0.6227711077047947,1.0,False
LManII,0.4916204,0.6488185,0.622987715960709,1.0,False
Or43b,0.49122846,0.50844926,0.6232648768854976,1.0,False
CG17167,0.4911788,0.5408758,0.6232999796751185,1.0,False
RPA2,0.49010396,0.3750716,0.6240603464586573,1.0,False
CG8777,0.48995504,0.30260435,0.6241657155082658,1.0,False
rk,0.48972398,0.32846895,0.6243292344254647,1.0,False
DEF8,0.48879972,-0.055468414,0.6249834950717689,1.0,False
pit,0.48745272,0.008931065,0.6259375486859537,1.0,False
CG17660,0.48732606,-0.1100325,0.6260272886471456,1.0,False
CG14183,0.4873192,0.18183593,0.6260321396136691,1.0,False
CG5645,0.48729354,0.16504341,0.6260503308822745,1.0,False
lncRNA:CR43958,0.487273,0.16516292,0.6260648840610209,1.0,False
Upf2,0.4871891,0.15704055,0.6261243110524772,1.0,False
CG10584,0.48705047,-0.09440537,0.6262225528322213,1.0,False
asRNA:CR44987,0.4869512,0.17263009,0.6262929028738181,1.0,False
ZnT33D,0.48618272,0.13705264,0.6268376242578614,1.0,False
Blos2,0.4859619,-0.1278328,0.6269941631564149,1.0,False
CG12321,0.48590374,0.13150834,0.6270354242679959,1.0,False
CG5854,0.48565385,0.102478914,0.6272126175960948,1.0,False
CG14712,0.4854142,0.061421502,0.6273825492047316,1.0,False
CG5886,0.48533207,-0.046805922,0.627440816021331,1.0,False
ApepP,0.4848203,0.10063199,0.6278038220325535,1.0,False
hoip,0.48411855,-0.019317226,0.628301735903027,1.0,False
Vps33B,0.48327303,0.08485446,0.6289018861072861,1.0,False
CG9109,0.48182163,0.09153411,0.6299326751913437,1.0,False
CG8839,0.48111132,0.059521683,0.6304373926615224,1.0,False
YME1L,0.4810052,-0.17001545,0.630512811051581,1.0,False
Stip1,0.4796154,-0.10860644,0.6315009038032422,1.0,False
Tdc2,0.47922,1.2094675,0.6317821195958906,1.0,False
Inx7,0.4792012,4.3188467,0.6317955121535453,1.0,False
Lsd-2,0.47912073,0.4561249,0.631852736260923,1.0,False
asRNA:CR44093,0.47891364,1.5888762,0.6320000680467454,1.0,False
lncRNA:CR32111,0.47890338,0.92025197,0.6320073741354606,1.0,False
Cyp28a5,0.47885886,0.84321976,0.6320390342684348,1.0,False
Pzl,0.47884175,1.0388948,0.6320512114223056,1.0,False
CR42875,0.47872537,0.9705574,0.6321340187152201,1.0,False
Acsx3,0.47870997,0.6025861,0.6321449788497541,1.0,False
CG7341,0.4784635,1.0251894,0.6323203519927241,1.0,False
pnt,0.47836593,0.5237818,0.6323897762425817,1.0,False
opa,0.4780647,0.6302993,0.6326041592839976,1.0,False
Cyp49a1,0.47789696,0.59949875,0.6327235450428593,1.0,False
hpRNA:LINR-2,0.47741258,0.4760991,0.6330683555905158,1.0,False
barr,0.47735098,0.42534435,0.6331122241350674,1.0,False
CDase,0.47726196,0.41728336,0.6331755920884672,1.0,False
CG8132,0.4767913,-0.14392014,0.6335107558225295,1.0,False
CG8204,0.475066,0.2126903,0.6347399260329867,1.0,False
CG5916,0.47426498,-0.16202573,0.6353109549704866,1.0,False
ZnT86D,0.4742513,0.19315629,0.63532071803588,1.0,False
CG4572,0.4738388,-0.09033731,0.6356148600971907,1.0,False
bib,0.47378746,0.12410579,0.6356514793164562,1.0,False
Pgant35A,0.47368476,0.1705004,0.6357247204275341,1.0,False
trsn,0.4736608,-0.21710004,0.6357418105328023,1.0,False
Mtr3,0.4732295,0.1013114,0.6360494655895188,1.0,False
Snm1,0.4731011,0.112602785,0.6361410417235678,1.0,False
Sps2,0.47270402,0.14759715,0.6364243524376506,1.0,False
Pvr,0.472538,0.16692722,0.6365428213928002,1.0,False
DIP-alpha,0.46999118,0.104020104,0.6383613229628065,1.0,False
Fdx2,0.4697567,-0.1482867,0.6385288618434781,1.0,False
Vps26,0.46953762,-0.101140596,0.638685411197334,1.0,False
CCAP-R,0.4692586,0.047876436,0.6388847903264785,1.0,False
Nf-YA,0.469019,-0.0847655,0.6390560570434206,1.0,False
phyl,0.4681923,-0.097738735,0.6396470749305181,1.0,False
CG17328,0.46709177,0.02623418,0.640434230127167,1.0,False
CG33228,0.4664328,-0.11311639,0.6409057376639269,1.0,False
CG5013,0.4660631,-0.04754471,0.641170335244279,1.0,False
lncRNA:CR45660,0.4658577,0.8677721,0.6413173536034589,1.0,False
Wnt10,0.4656215,0.46259788,0.641486442107444,1.0,False
Cht2,0.46555817,2.9730406,0.6415317805928233,1.0,False
Tmem186,0.4652963,-0.11263213,0.6417192755475716,1.0,False
CG3091,0.46511832,1.1730014,0.641846736142434,1.0,False
IP3K2,0.46500364,1.0365089,0.6419288557690668,1.0,False
CG31974,0.46495914,0.52907836,0.6419607242663175,1.0,False
dmrt99B,0.46472293,0.7120164,0.6421298834810247,1.0,False
CG5846,0.4644696,-0.17634983,0.6423113212458241,1.0,False
wrapper,0.46419406,0.65873146,0.6425087203550583,1.0,False
CG9522,0.46410677,0.6685048,0.6425712557747034,1.0,False
Mnat9,0.46391848,0.42136613,0.6427061447162756,1.0,False
Sgf11,0.46390992,0.044520166,0.6427122763117792,1.0,False
CG1137,0.46352997,0.37113392,0.642984543681879,1.0,False
CG4098,0.46351457,-0.09971071,0.642995582559976,1.0,False
Drice,0.4626947,0.30736268,0.6435832098600874,1.0,False
CG8149,0.46107215,-0.063988574,0.6447468536364289,1.0,False
CG41378,0.46072638,-0.039018206,0.6449949156840724,1.0,False
Nplp2,0.46061513,0.22008263,0.6450747460350702,1.0,False
run,0.45971486,0.17918065,0.6457209082335127,1.0,False
CkIIalpha-i3,0.45873412,-0.1763444,0.6464251117506834,1.0,False
CtIP,0.45841917,-0.10271736,0.6466513106644067,1.0,False
CG34219,0.45775852,-0.13014807,0.6471259427450915,1.0,False
Oxt,0.4577414,-0.10515179,0.6471382408214973,1.0,False
CG1662,0.45772943,-0.18024845,0.6471468495323103,1.0,False
Tsf2,0.45745215,-0.072796695,0.6473460928840404,1.0,False
ste24a,0.45638925,-0.07968985,0.6481100930925601,1.0,False
CG10214,0.45554546,-0.19649753,0.648716882213516,1.0,False
Sqor,0.45472732,-0.050993927,0.6493054319454401,1.0,False
CG1231,0.45382702,-0.10706358,0.6499533359827772,1.0,False
CG5003,0.45305339,-0.12497843,0.6505103015565945,1.0,False
Non2,0.4526871,-0.12999873,0.6507740657667401,1.0,False
peg,0.451946,1.4412588,0.6513078906541755,1.0,False
CCHa2,0.4518912,0.55131125,0.6513473490153574,1.0,False
CG40470,0.45187068,0.63934606,0.6513621461525904,1.0,False
CG45676,0.4515335,0.98363227,0.6516050854517668,1.0,False
CG12560,0.45149413,1.4786088,0.6516334513350825,1.0,False
28SrRNA-Psi:CR40741,0.451299,0.44193253,0.6517740548941728,1.0,False
Vps13B,0.4512682,0.31952408,0.6517962565880928,1.0,False
asRNA:CR45164,0.4511655,0.9293029,0.6518702644636769,1.0,False
klu,0.45096695,0.4839708,0.6520133560791503,1.0,False
CG8507,0.45078725,-0.18994059,0.6521428897098722,1.0,False
Idgf3,0.45078212,0.32480833,0.6521465908249694,1.0,False
cher,0.45054933,0.5663433,0.6523143837052037,1.0,False
CG6163,0.450142,0.46200258,0.6526080635875463,1.0,False
CG11241,0.45010433,0.36345538,0.6526352131872737,1.0,False
CG6040,0.4500735,0.36967224,0.6526574268384038,1.0,False
AdoR,0.45004442,0.36683056,0.6526784066806299,1.0,False
CG18596,0.4499092,0.35629243,0.6527759048461018,1.0,False
Nup188,0.44948304,0.31313705,0.6530832479941273,1.0,False
Mat89Ba,0.44859815,0.2552947,0.6537215741725081,1.0,False
Tap42,0.4483414,-0.06578322,0.6539068226419942,1.0,False
CG11257,0.44826952,0.22075695,0.6539586960352022,1.0,False
Grip91,0.44825068,0.017237881,0.6539722822001424,1.0,False
pck,0.44792548,-0.097077064,0.654206970412922,1.0,False
Etf-QO,0.44745824,0.18262106,0.6545442401665773,1.0,False
wde,0.44677702,-0.084769346,0.6550360637999347,1.0,False
CG13531,0.4463012,0.081480645,0.6553796877174112,1.0,False
PQBP1,0.44617453,-0.07775352,0.6554711682555645,1.0,False
Rab3-GAP,0.4460325,0.10872601,0.6555737809562443,1.0,False
CG15812,0.44565937,-0.1150044,0.6558433247950318,1.0,False
tacc,0.4441703,-0.0032398584,0.6569194733753364,1.0,False
CG4598,0.44346341,-0.0028769125,0.6574305840543284,1.0,False
Alg13,0.4426641,0.012991564,0.6580087157976864,1.0,False
CG10516,0.44241935,-0.037140895,0.6581857863619796,1.0,False
Hr96,0.44091144,-0.0879294,0.6592771122760686,1.0,False
Lst8,0.44087207,-0.067082286,0.6593056129212563,1.0,False
Ets97D,0.44070092,-0.07894376,0.6594295345200674,1.0,False
AIF,0.440196,-0.14599307,0.6597951576874724,1.0,False
CG17568,0.43836975,-0.2090688,0.6611182761464015,1.0,False
to,0.43805823,2.8274324,0.6613440685960477,1.0,False
CG13609,0.43798977,0.79735065,0.6613936974411534,1.0,False
CG7974,0.43789735,-0.07681652,0.661460698742671,1.0,False
Ku80,0.43783402,1.0108618,0.6615066086074869,1.0,False
CG34232,0.43734792,0.3882734,0.6618590402139113,1.0,False
Idgf6,0.4368276,0.5748915,0.6622363739782235,1.0,False
CG8031,0.43677112,-0.09911234,0.6622773397136654,1.0,False
CG4497,0.43665645,-0.19486234,0.6623605156792691,1.0,False
Kaz,0.43594956,-0.21041912,0.6628733191618126,1.0,False
CG30466,0.43587083,0.33682212,0.6629304450743188,1.0,False
Cap-H2,0.4351383,-0.11628549,0.6634620583748583,1.0,False
CG13012,0.43496883,0.2852354,0.6635850491470138,1.0,False
CG14613,0.43472922,-0.116525285,0.6637589909648691,1.0,False
Thg,0.43460768,0.20041984,0.6638472112409495,1.0,False
Sf3a1,0.43418664,-0.11746189,0.6641529118924007,1.0,False
CG18764,0.43411818,0.15807648,0.6642026245994386,1.0,False
CG4282,0.43375704,0.15262176,0.6644648835783324,1.0,False
AlkB,0.43371597,0.106303714,0.6644947165864379,1.0,False
CG43322,0.43362525,0.09963746,0.6645605996955188,1.0,False
CG4404,0.43332228,-0.12950818,0.6647806431955476,1.0,False
mi,0.4332487,-0.019992528,0.6648341044531312,1.0,False
or,0.43160558,-0.2022216,0.6660281015434806,1.0,False
PGAP1,0.43095005,0.09763679,0.6665046931616454,1.0,False
CG13876,0.4305564,0.08006638,0.6667909617290892,1.0,False
Hem,0.4302911,-0.1375858,0.6669839092226781,1.0,False
dnk,0.4302346,-0.21143948,0.6670249912108746,1.0,False
Wdr62,0.42893723,0.005255958,0.6679689066431942,1.0,False
CG31142,0.42855042,-0.1493823,0.668250439635344,1.0,False
PIG-U,0.42765182,-0.059656087,0.6689046233551852,1.0,False
CG6695,0.42764327,-0.18072818,0.6689108548857357,1.0,False
Pmvk,0.42707673,-0.15345441,0.6693234329174209,1.0,False
CG4619,0.42574513,-0.07727537,0.6702935711793798,1.0,False
CG11658,0.42559108,-0.14669907,0.670405833499677,1.0,False
CG11307,0.42541993,-0.01863139,0.670530578043173,1.0,False
CG45218,0.4242766,1.2038282,0.6713641044504716,1.0,False
CBP,0.42426634,1.4889057,0.6713715930485797,1.0,False
lncRNA:CR45941,0.42412254,1.3060626,0.6714764368477224,1.0,False
lncRNA:CR46204,0.42407462,1.2784173,0.6715113862015867,1.0,False
nub,0.4240678,0.7167741,0.6715163790244096,1.0,False
Rif1,0.42392915,0.8022217,0.6716174868051472,1.0,False
asRNA:CR44998,0.42390177,0.8556408,0.6716374594153567,1.0,False
CG6928,0.42386582,0.8451443,0.6716636738181153,1.0,False
Alp4,0.42376313,0.6089856,0.6717385743122907,1.0,False
tomboy40,0.42341053,0.49777588,0.6719957574790668,1.0,False
CG18273,0.42327362,0.4290158,0.6720956447897235,1.0,False
moody,0.42316064,0.49966282,0.6721780561793913,1.0,False
Liprin-beta,0.42286795,0.19497745,0.6723915949220649,1.0,False
HP5,0.42280293,-0.15959261,0.6724390515658167,1.0,False
stum,0.42233908,0.28476524,0.6727775301976335,1.0,False
CG18281,0.42178795,0.25211993,0.6731797939624574,1.0,False
Lsm10,0.4217486,0.25288767,0.6732085306683107,1.0,False
CG1271,0.42142168,-0.06799284,0.6734471886979935,1.0,False
CG10650,0.4210657,0.1718519,0.6737071259429528,1.0,False
SPARC,0.42104855,0.11001113,0.6737196239078733,1.0,False
CG33506,0.42054534,-0.1761602,0.6740871043133438,1.0,False
Agpat2,0.4197426,0.16531551,0.6746734840180859,1.0,False
CG9331,0.4197084,-0.065403,0.6746984939444849,1.0,False
Rcd5,0.41964164,-0.14434187,0.6747472643344562,1.0,False
Elp5,0.41895187,-0.11119333,0.6752513049946443,1.0,False
CG11504,0.4188235,-0.24231292,0.6753451251720828,1.0,False
Rint1,0.4180807,0.08383618,0.6758881302750781,1.0,False
DJ-1alpha,0.41671312,0.05038792,0.6768882510765808,1.0,False
NC2alpha,0.41659504,-0.11756275,0.6769746462207997,1.0,False
CG3511,0.41566905,-0.07353455,0.6776521814760359,1.0,False
CG5274,0.41495535,-0.09272476,0.6781746001751434,1.0,False
CG11777,0.4138685,-0.040245254,0.6789704270134231,1.0,False
ytr,0.41345087,-0.13367341,0.6792763203100847,1.0,False
alpha-Man-Ib,0.41286892,-0.1517725,0.6797026531427285,1.0,False
dl,0.41204393,0.8121044,0.6803072181582305,1.0,False
CG8188,0.4117735,-0.07769327,0.6805054398205975,1.0,False
CG5885,0.4116982,-0.16275635,0.6805606447199741,1.0,False
CG4849,0.411551,-0.18774143,0.6806685501470717,1.0,False
Teh4,0.41129085,-0.14732637,0.6808592827017652,1.0,False
CG4686,0.41102898,-0.1448045,0.681051290687481,1.0,False
l(2)gl,0.4109571,1.1072656,0.6811040023780067,1.0,False
mIF2,0.41076538,-0.01895286,0.6812445744986446,1.0,False
Zasp52,0.41074142,1.1560745,0.6812621467921317,1.0,False
Fer1,0.41064557,-0.0046952777,0.6813324376955106,1.0,False
CG43789,0.4106216,1.2612292,0.681350010853671,1.0,False
CG32055,0.4104573,1.5739975,0.6814705171671573,1.0,False
hfw,0.41018003,0.9008764,0.6816738899996608,1.0,False
Lsm11,0.41008246,0.7401424,0.6817454526093345,1.0,False
CG2233,0.4100722,0.5770243,0.681752985682178,1.0,False
CG13008,0.40959296,0.516764,0.6821045643539783,1.0,False
pbl,0.4095262,0.48205194,0.682153539718171,1.0,False
CG7544,0.40839142,0.27210623,0.6829863256029065,1.0,False
Pop4,0.40823224,0.25216812,0.6831031726152604,1.0,False
CG8679,0.40776157,0.18608573,0.6834487323875239,1.0,False
Dh44-R1,0.40663022,-0.07942259,0.6842796036203689,1.0,False
Mocs3,0.4057248,0.04940681,0.6849448274712955,1.0,False
mav,0.4055331,-0.1370513,0.6850857001833686,1.0,False
CG16790,0.4053705,0.08570758,0.6852051990148493,1.0,False
Saysd1,0.40525582,0.1131421,0.6852894818748241,1.0,False
sip1,0.4041005,0.09334452,0.686138818597507,1.0,False
CG10435,0.40379754,-0.098865815,0.6863615992356691,1.0,False
Tsr1,0.40295544,0.07073566,0.6869809970077823,1.0,False
ptch,0.40208426,-0.089001685,0.6876220179661473,1.0,False
CG8097,0.40202263,-0.034463454,0.6876673639099131,1.0,False
CG6041,0.40072012,-0.048120484,0.6886261893962282,1.0,False
Nt5a,0.40030763,-0.0655506,0.6889299428975275,1.0,False
CG9166,0.40016901,-0.14744166,0.6890320455881176,1.0,False
CG11980,0.3998883,-0.22841097,0.6892387893670764,1.0,False
pcm,0.3991044,-0.046188302,0.6898162820519151,1.0,False
Gyc32E,0.39736372,0.9608528,0.691099264117617,1.0,False
wat,0.39718914,1.6461499,0.6912279898210266,1.0,False
stw,0.39709672,2.2056844,0.691296142336832,1.0,False
CG14285,0.3969016,1.227543,0.6914400280839601,1.0,False
CG12814,0.3968434,1.3871477,0.6914829435345208,1.0,False
Ppn,0.39680916,1.070471,0.6915081883801779,1.0,False
Sk1,0.39670306,1.1704762,0.6915864495808193,1.0,False
Prim1,0.39649424,0.87649137,0.6917404570465242,1.0,False
Fancm,0.39644632,0.57655126,0.6917758048215561,1.0,False
CG1146,0.3961656,0.5713809,0.6919828552740446,1.0,False
asRNA:CR45528,0.3959568,0.5295838,0.692136895547135,1.0,False
GstE1,0.39589518,0.5237495,0.6921823524879018,1.0,False
CG5131,0.39589006,-0.13549702,0.6921861406163548,1.0,False
PEK,0.39577365,-0.136006,0.6922720069265663,1.0,False
Saf-B,0.39544162,-0.06482524,0.692517000194376,1.0,False
asRNA:CR45161,0.395291,0.3408528,0.6926281417688435,1.0,False
CG6479,0.39525506,0.3391426,0.6926546651680979,1.0,False
CG11983,0.3952037,0.32768887,0.6926925563921098,1.0,False
Mvd,0.39504454,0.2601915,0.6928100240726718,1.0,False
Sarm,0.39491957,0.1518038,0.6929022350613679,1.0,False
NitFhit,0.3948802,0.2899359,0.6929312887813247,1.0,False
CG30054,0.3946286,0.23206036,0.6931169906142196,1.0,False
Cdc16,0.39365473,0.16148858,0.6938359693991628,1.0,False
prel,0.39325422,-0.14818494,0.6941317278798451,1.0,False
IntS4,0.3929239,0.12818947,0.6943757004894353,1.0,False
Uxt,0.3924087,-0.036438223,0.6947562598327581,1.0,False
THADA,0.3918781,0.09116323,0.695148278454196,1.0,False
CG7420,0.39147076,0.06290304,0.695449302912181,1.0,False
Lpt,0.39017507,-0.120495245,0.6964070820401586,1.0,False
CG14352,0.39006042,0.08380734,0.6964918758013348,1.0,False
Pss,0.38988242,-0.106951386,0.6966235034808311,1.0,False
CG5355,0.38987386,-0.073083,0.6966298319648394,1.0,False
P32,0.38967532,-0.18803957,0.6967766587204245,1.0,False
CG32109,0.38911903,-0.19776914,0.697188087270014,1.0,False
pinta,0.3888212,0.023789203,0.6974083963991058,1.0,False
CG13123,0.38881782,-0.032048132,0.6974109288362869,1.0,False
Agps,0.38868943,-0.12959912,0.6975058976635369,1.0,False
SdhA,0.38839677,-0.060228467,0.6977224443062403,1.0,False
STUB1,0.3882718,-0.14925922,0.697814895693389,1.0,False
Rnb,0.38693678,-0.102673754,0.6988030121789817,1.0,False
Acer,0.3863634,-0.13710141,0.6992275523589446,1.0,False
Rift,0.38616484,-0.13174036,0.6993745792468087,1.0,False
DIP-eta,0.38437283,-0.0755868,0.7007021331202485,1.0,False
Fdx1,0.3843232,-0.1016292,0.7007389169894056,1.0,False
cactin,0.38412124,-0.06898969,0.7008885965202485,1.0,False
CG3902,0.38366425,0.79183555,0.7012273210276363,1.0,False
lncRNA:CR43411,0.38354957,1.4186654,0.701312328636712,1.0,False
CG6621,0.38352904,-0.14788182,0.7013275542749673,1.0,False
CG8312,0.3835256,0.58520126,0.7013300918930039,1.0,False
CG32512,0.38342118,0.91692555,0.7014074908433992,1.0,False
CG15459,0.38336128,3.1718724,0.7014519014762102,1.0,False
CG42514,0.38335446,1.0758722,0.7014569770420471,1.0,False
betaTub97EF,0.383274,0.72780657,0.7015166159384164,1.0,False
obe,0.3832432,0.40187633,0.7015394568537995,1.0,False
MKP-4,0.38322094,-0.09322986,0.7015559532381881,1.0,False
CG1314,0.38321066,1.3931718,0.7015635670015028,1.0,False
CG8034,0.38317472,0.36613977,0.7015902154090587,1.0,False
Tm2,0.3830207,0.89990187,0.7017044270266903,1.0,False
SLC22A,0.38298473,0.98714453,0.7017310773738665,1.0,False
Dmel_CG43885,0.3829471,0.579166,0.7017589971786766,1.0,False
mars,0.3829454,0.7659243,0.7017602662702798,1.0,False
CG44158,0.38294196,0.8123558,0.7017628044559812,1.0,False
Adgf-D,0.3827725,0.3897306,0.701888448806319,1.0,False
Cyp4p3,0.38253632,0.61971754,0.7020636030126448,1.0,False
CG13315,0.3824319,0.6294552,0.7021410312933696,1.0,False
CheB42c,0.38215634,0.42078128,0.7023454060283091,1.0,False
Shrm,0.3821546,0.4142551,0.7023466755038728,1.0,False
Nap1,0.3820194,-0.09281675,0.7024469666970548,1.0,False
Rpn7,0.38177636,-0.21059248,0.7026272499670504,1.0,False
mirr,0.38160178,0.006343906,0.7027567595419834,1.0,False
shtd,0.38152134,0.26366702,0.7028164384266677,1.0,False
snRNP-U1-70K,0.38134506,-0.13434817,0.7029472304724791,1.0,False
CG4424,0.3804516,0.23648816,0.7036102146144166,1.0,False
Gtf3c3,0.38039,0.18072827,0.7036559459721182,1.0,False
Dlip1,0.3802736,0.039836302,0.7037423303499579,1.0,False
CG18599,0.38001686,0.16117072,0.7039328976422546,1.0,False
CG3045,0.3796386,0.07867223,0.7042137006608877,1.0,False
CG16863,0.37938356,0.1297122,0.7044030431049197,1.0,False
CG10508,0.37917304,-0.1096034,0.7045593597322248,1.0,False
DCTN4-p62,0.37896767,-0.1429295,0.7047118757845854,1.0,False
Hrs,0.378295,-0.108088866,0.7052114489324237,1.0,False
flr,0.3777456,-0.08703248,0.7056195915703274,1.0,False
CG30109,0.37708664,-0.14609665,0.7061092201657039,1.0,False
CG44153,0.37695828,-0.08808974,0.7062046165260902,1.0,False
ear,0.37631643,-0.18796651,0.7066816675455292,1.0,False
gfzf,0.37599123,0.05970756,0.7069234173913445,1.0,False
CG13016,0.3746425,0.05449135,0.7079263583578038,1.0,False
CG11294,0.3738278,0.07762534,0.7085324414769757,1.0,False
CG17996,0.37306613,-0.18390264,0.7090992197774764,1.0,False
su(w[a]),0.3727615,-0.09575438,0.7093259762134585,1.0,False
Ssrp,0.3721761,-0.16336021,0.7097617265695564,1.0,False
pn,0.3701924,-0.21332261,0.7112391414026009,1.0,False
Polr2D,0.36964983,3.2515793,0.7116434208047308,1.0,False
His1:CG33801,0.36951974,1.4636507,0.7117403578899462,1.0,False
stet,0.36948892,0.8881141,0.7117633173558224,1.0,False
Mthfs,0.36926302,0.67813915,0.7119316947569642,1.0,False
Delta,0.36913976,0.5206366,0.7120235428972221,1.0,False
HLH3B,0.36911067,0.43802142,0.7120452298734564,1.0,False
CG9436,0.36897546,0.40346575,0.7121460135836177,1.0,False
Cenp-C,0.36884025,0.41183925,0.712246802322098,1.0,False
asRNA:CR43152,0.3688317,0.45045727,0.7122531815253375,1.0,False
rtet,0.3682395,0.3609662,0.7126946712747294,1.0,False
CG8389,0.36814705,-0.062056903,0.7127635829890626,1.0,False
retn,0.36812308,0.27597696,0.7127814493718603,1.0,False
CG3448,0.36796564,0.24673587,0.712898860950542,1.0,False
temp,0.3675942,-0.10202375,0.7131758260742824,1.0,False
asRNA:CR45141,0.36721766,0.2516823,0.7134566588130221,1.0,False
noi,0.36718002,-0.038411632,0.7134847442233786,1.0,False
Pdf,0.36712354,0.18987213,0.7135268730669906,1.0,False
CCKLR-17D1,0.3670585,-0.027208695,0.7135753861508778,1.0,False
CG16758,0.36674526,0.18827254,0.7138090311655148,1.0,False
CG18789,0.36637387,0.1279823,0.714086120419005,1.0,False
CCT7,0.36594427,-0.043943696,0.7144066716091942,1.0,False
CG2938,0.36562076,-0.12965313,0.7146480760893577,1.0,False
CG33107,0.36478895,-0.20475875,0.7152689615276966,1.0,False
Fem-1,0.3646777,-0.13153811,0.7153520160555102,1.0,False
Nup43,0.36438158,0.07528307,0.7155730852927165,1.0,False
CG2680,0.36416936,-0.1773309,0.7157315542206237,1.0,False
IleRS,0.364029,-0.108494885,0.7158363549175368,1.0,False
mTerf5,0.36389208,0.010016698,0.7159386046601398,1.0,False
CG9630,0.36379966,0.049340274,0.7160076261166897,1.0,False
Rev1,0.36335805,0.030252028,0.7163374273223642,1.0,False
mio,0.36323997,0.024367156,0.7164256389421595,1.0,False
Plzf,0.3631441,-0.043054275,0.7164972337633837,1.0,False
nes,0.36299863,-0.21166755,0.7166059092359371,1.0,False
Gyc89Db,0.36250055,-0.0029899422,0.7169780063590672,1.0,False
CG4537,0.3618724,0.005945934,0.7174473792779521,1.0,False
l(2)37Cb,0.36093616,-0.02577525,0.7181471603409707,1.0,False
Agl,0.3607051,0.009144659,0.7183199032281327,1.0,False
ScpX,0.3605425,-0.1521641,0.7184414716689769,1.0,False
CG6607,0.36004102,-0.20988633,0.7188164592099295,1.0,False
Nckx30C,0.359685,0.06591307,0.7190827030710463,1.0,False
koko,0.3593444,-0.05994694,0.7193374586794725,1.0,False
CG3735,0.35913387,-0.031578265,0.7194949362835739,1.0,False
Gp210,0.35883948,-0.2117094,0.7197151688334129,1.0,False
NO66,0.3588001,-0.0966831,0.7197446202988318,1.0,False
fuss,0.3583808,0.66680175,0.7200583682393439,1.0,False
CG34183,0.35837907,-0.19372466,0.7200596489398415,1.0,False
CG3163,0.3583654,-0.15781346,0.7200698945721027,1.0,False
CG5828,0.35715702,-0.19818951,0.7209742694185353,1.0,False
salsa,0.35713476,-0.01546562,0.7209909258771556,1.0,False
gbb,0.35623446,0.61207414,0.72166498276231,1.0,False
SMC1,0.35620195,-0.1606627,0.7216893348736413,1.0,False
Cp7Fb,0.3559178,2.0391188,0.721902107421355,1.0,False
lncRNA:CR32658,0.35582882,1.024497,0.7219687634894599,1.0,False
GstD11,0.35577577,0.39802292,0.7220085017652238,1.0,False
asl,0.35572785,0.61872643,0.7220443950461706,1.0,False
Pex1,0.3555755,0.6334537,0.7221584884667995,1.0,False
nerfin-2,0.35550705,0.9456202,0.7222097684217341,1.0,False
Dip-B,0.3555002,0.0058228727,0.7222148964858779,1.0,False
escl,0.35529822,0.49564204,0.7223661799921326,1.0,False
CG5498,0.35476592,-0.09344279,0.7227649537734092,1.0,False
phr,0.35464612,0.3051341,0.7228547203168756,1.0,False
asRNA:CR45126,0.3545263,0.31803146,0.7229444906746352,1.0,False
CG2841,0.35423878,0.25202498,0.7231599550888317,1.0,False
Glos,0.35423535,0.23782037,0.7231625202736123,1.0,False
Ak6,0.35350278,-0.13986541,0.7237115413320254,1.0,False
teq,0.3533693,0.20973648,0.7238116118973706,1.0,False
CG31195,0.35269493,0.1624382,0.7243171686690208,1.0,False
Bem46,0.35236457,-0.13224739,0.724564858393346,1.0,False
dare,0.351122,-0.100829214,0.7254968404573657,1.0,False
Mrgn1,0.35099703,-0.14755982,0.725590574677476,1.0,False
Timp,0.3503158,0.12777323,0.7261016910516452,1.0,False
CG4972,0.34944975,-0.19919619,0.7267516784245288,1.0,False
CG5611,0.34817463,-0.16696014,0.7277090336052822,1.0,False
CG10681,0.3469115,-0.07611876,0.7286578126619223,1.0,False
Gnptab,0.34618065,-0.15850943,0.7292069574754763,1.0,False
CG4281,0.34572536,-0.14344361,0.7295491179458964,1.0,False
DhpD,0.34554565,-0.04794309,0.7296841961196316,1.0,False
Prp8,0.34554395,-0.06203237,0.7296854826187615,1.0,False
Hinfp,0.34519306,-0.16471218,0.7299492310013609,1.0,False
mbo,0.34492606,-0.045821697,0.7301499584945509,1.0,False
CG13760,0.34480795,-0.14847425,0.7302387477065375,1.0,False
thoc6,0.34424657,-0.03584089,0.7306608675905596,1.0,False
SerRS,0.34390938,-0.21370067,0.7309144361349096,1.0,False
goe,0.3427729,0.754374,0.7317693201570007,1.0,False
CG12780,0.34228167,3.5521724,0.732138928908218,1.0,False
Hsp70Bb,0.3422406,0.5015435,0.7321698397741029,1.0,False
Ptr,0.3421995,1.6467463,0.7322007510745521,1.0,False
Or45a,0.3421995,1.780332,0.7322007510745521,1.0,False
Pus10,0.34216186,0.5302539,0.7322290868150106,1.0,False
lncRNA:CR44127,0.34205574,1.0299838,0.7323089440476536,1.0,False
CG11668,0.34201467,1.346456,0.7323398573030724,1.0,False
Cyp301a1,0.34197357,0.90102845,0.7323707709928021,1.0,False
asRNA:CR44119,0.34189826,0.8065237,0.7324274472184893,1.0,False
Fam114A,0.341888,-0.11120169,0.7324351759077936,1.0,False
LKRSDH,0.34186062,0.77468807,0.732455785878599,1.0,False
Klp54D,0.3418555,0.7977759,0.7324596502696064,1.0,False
lncRNA:CR45444,0.34177333,0.73635054,0.7325214814481924,1.0,False
asRNA:CR43730,0.34161073,0.7151917,0.732643860773892,1.0,False
asRNA:CR45891,0.34127185,0.44231427,0.7328989468982146,1.0,False
CG5323,0.3411178,-0.1693639,0.7330149048913474,1.0,False
l(3)72Dp,0.34090215,0.32842094,0.733177256318015,1.0,False
Mocs1,0.3405598,0.25646406,0.7334349815027301,1.0,False
lncRNA:CR44474,0.34030822,0.2146785,0.7336244286734102,1.0,False
JMJD4,0.3390485,0.14226785,0.7345731970012586,1.0,False
CG31897,0.3387079,0.09152189,0.7348297950594468,1.0,False
sle,0.33870277,-0.093706794,0.7348336635984596,1.0,False
sicily,0.3385778,-0.18046483,0.7349278001212651,1.0,False
Gpdh3,0.33840322,-0.11388974,0.735059340014353,1.0,False
Plekhm1,0.3382954,-0.16235018,0.7351405891250264,1.0,False
laza,0.33792397,0.08551578,0.7354204698541535,1.0,False
CG3270,0.33682173,0.09298407,0.7362512903297983,1.0,False
CG12947,0.33682173,0.00834384,0.7362512903297983,1.0,False
Wwox,0.33663344,-0.08453283,0.7363932315326616,1.0,False
Rrp40,0.3357058,0.019792015,0.7370927458364913,1.0,False
Alkbh8,0.33520943,-0.1313585,0.737467114218699,1.0,False
Pus1,0.33492702,-0.1007636,0.7376801447287253,1.0,False
rnh1,0.33431083,-0.08894929,0.7381450084932788,1.0,False
p120ctn,0.3341705,0.012235395,0.7382509075254458,1.0,False
CG7149,0.3327961,-0.090456374,0.739288205354198,1.0,False
CG10973,0.33279097,-0.20607843,0.7392920815794297,1.0,False
Sap30,0.33210462,-0.23083986,0.7398102632638057,1.0,False
Unc50,0.331954,-0.23067844,0.7399239947586802,1.0,False
RPA1,0.33173662,-0.17111321,0.7400881400089103,1.0,False
Sdhaf3,0.3313926,-0.14894427,0.7403479531374487,1.0,False
CG31793,0.33114785,-0.04695818,0.7405328133491635,1.0,False
Oct-TyrR,0.33072507,-0.11332667,0.7408521526375298,1.0,False
CG8611,0.32965022,-0.04191352,0.7416642769813373,1.0,False
CG11563,0.3296485,-0.19402207,0.7416655704027044,1.0,False
Sirt4,0.32959545,-0.21080859,0.7417056668270374,1.0,False
Eogt,0.32955265,-0.10536996,0.7417380031638855,1.0,False
CG13796,0.32916242,0.7141603,0.7420329315920318,1.0,False
l(2)k10201,0.3291333,-0.033949725,0.74205492338782,1.0,False
CG7878,0.3290272,-0.111608736,0.742135130545297,1.0,False
Pgant4,0.32869345,3.8479571,0.7423874132440255,1.0,False
CG8180,0.32869172,0.6428979,0.7423887070728092,1.0,False
pre-mod(mdg4)-AB,0.32862327,21.622538,0.7424404608209936,1.0,False
CG7530,0.32861984,0.6154202,0.74244304853897,1.0,False
Pp1-13C,0.32859245,0.8647518,0.7424637503875747,1.0,False
CG15923,0.3285137,1.5420283,0.7425232692399495,1.0,False
Dbct,0.32849833,0.98764193,0.7425349144128803,1.0,False
C901,0.32849833,1.2599471,0.7425349144128803,1.0,False
mir-2279,0.3284538,1.2286212,0.7425685563545743,1.0,False
lncRNA:CR44986,0.32844526,1.5895215,0.7425750260151227,1.0,False
clt,0.32842642,-0.012161868,0.7425892593323398,1.0,False
CG1971,0.32819194,0.76588345,0.7427665362011326,1.0,False
Regnase-1,0.32805672,0.7151355,0.7428687677512787,1.0,False
CG31612,0.32803276,0.59164006,0.742886885207933,1.0,False
lncRNA:CR44844,0.32753298,0.3446011,0.7432647960363913,1.0,False
vir,0.3273995,-0.16847026,0.7433657552931527,1.0,False
NTPase,0.3273396,-0.18981676,0.7434110589581884,1.0,False
Tis11,0.3272814,0.2949602,0.7434550690834697,1.0,False
l(2)efl,0.3271958,0.31834587,0.7435197913786085,1.0,False
CG11168,0.32693908,0.28444403,0.7437139691362493,1.0,False
croc,0.32689628,0.2889489,0.7437463336808334,1.0,False
CG9300,0.32679015,0.23155025,0.743826599704821,1.0,False
lncRNA:CR43256,0.3266601,0.23375611,0.7439249941120999,1.0,False
Orc6,0.32643244,0.1645041,0.7440971943846183,1.0,False
CG33096,0.32606786,0.1761234,0.7443730004222893,1.0,False
Asph,0.32560405,0.13836768,0.7447239559649909,1.0,False
CG8319,0.32539353,0.102618776,0.7448832632434649,1.0,False
CG1602,0.32496732,0.11497299,0.7452057967462031,1.0,False
CG34134,0.32418,-0.1360209,0.7458017592265996,1.0,False
Taldo,0.32270634,-0.13612755,0.7469176541241846,1.0,False
grau,0.3225352,-0.032257956,0.7470472930883552,1.0,False
IntS1,0.3224342,0.074283175,0.7471237834343529,1.0,False
CG34404,0.32243076,-0.12081348,0.747126376371086,1.0,False
Or63a,0.32214665,-0.09935268,0.7473416000939535,1.0,False
ttm50,0.32155615,-0.19376035,0.7477889654093548,1.0,False
RNaseX25,0.32080647,-0.21243955,0.7483570472246602,1.0,False
Rnf146,0.3203649,-0.23178442,0.7486917347262424,1.0,False
Ns4,0.31951937,4.098675e-05,0.749332702567024,1.0,False
Mterf4,0.31912228,-0.14994757,0.7496337836926255,1.0,False
Polr1E,0.31857115,-0.029222416,0.7500517267501107,1.0,False
Psa,0.31847703,-0.17845812,0.7501231218805724,1.0,False
Mms19,0.3176349,-0.03710488,0.7507618789239112,1.0,False
Noc1,0.31749114,-0.22714576,0.7508709520932916,1.0,False
Panx,0.31748602,-0.21559826,0.7508748476557234,1.0,False
CG8001,0.3169075,-0.13428383,0.7513137883318752,1.0,False
GstT1,0.3167158,-0.031105712,0.7514592538888692,1.0,False
Ktl,0.31651556,-0.037778508,0.7516112228760778,1.0,False
ArgRS,0.31590796,-0.1040736,0.7520723842901548,1.0,False
Pgd,0.315071,1.5531365,0.7527077628273897,1.0,False
Jhbp1,0.31483135,1.6090417,0.7528897016663028,1.0,False
CG13376,0.31478685,1.143571,0.7529234918193601,1.0,False
CG31788,0.31451985,0.86793524,0.7531262426758949,1.0,False
CG14142,0.31420493,0.5314496,0.7533654065968977,1.0,False
Grip,0.31412277,0.46203297,0.7534278010781723,1.0,False
lncRNA:CR45965,0.31405944,0.3820242,0.7534758979231746,1.0,False
Adsl,0.3136127,0.28212813,0.7538152028317642,1.0,False
mira,0.31349975,0.1998024,0.7539010116060758,1.0,False
lncRNA:CR45669,0.3132567,0.21748975,0.7540856407855637,1.0,False
Atg10,0.31251732,0.061219312,0.7546474159511782,1.0,False
CG14671,0.31251046,-0.16866921,0.7546526181801295,1.0,False
CG12713,0.31246936,0.12922971,0.7546838317875686,1.0,False
PK2-R2,0.31237182,0.14448895,0.7547579657108695,1.0,False
Mtp,0.31172997,0.091616966,0.7552457451861466,1.0,False
CG16789,0.31117544,0.12335433,0.7556672652559672,1.0,False
Oatp58Dc,0.31104878,0.15008347,0.7557635485672025,1.0,False
Use1,0.31076977,-0.21275128,0.7559756454552131,1.0,False
tst,0.3106585,0.12507743,0.7560602290985157,1.0,False
CG1360,0.31060034,0.01654489,0.7561044740149717,1.0,False
Galk,0.31040862,0.08461785,0.7562502276305756,1.0,False
Hr51,0.31005433,0.07980283,0.7565196343699621,1.0,False
CG6724,0.309635,-0.09887246,0.7568385356612871,1.0,False
CG32407,0.30895722,0.06726701,0.7573540718136411,1.0,False
CG3534,0.3086885,-0.07543578,0.7575584935721459,1.0,False
CG14882,0.30859438,-0.12170549,0.7576301103015826,1.0,False
CG5880,0.3073911,-0.09666984,0.7585456853646821,1.0,False
mab-21,0.30639327,-0.006282931,0.7593052314647789,1.0,False
Fib,0.30464917,-0.057744835,0.7606333659441358,1.0,False
GlcT,0.30436677,-0.124336235,0.7608484885659664,1.0,False
Nup154,0.3041374,-0.04995235,0.7610232078180392,1.0,False
Vps36,0.3026894,-0.035047818,0.7621265671142837,1.0,False
fu,0.30241555,-0.06440043,0.7623352947217419,1.0,False
CG5721,0.30216396,-0.16977093,0.7625270784486211,1.0,False
be,0.30147934,0.8504521,0.7630490127168473,1.0,False
polybromo,0.30145365,-0.047332305,0.7630685873491652,1.0,False
Fer3,0.30145365,1.2412845,0.7630685873491652,1.0,False
CG11837,0.30143312,-0.22560625,0.763084247164098,1.0,False
CG6325,0.30128935,-0.08185969,0.7631938685829502,1.0,False
Boot,0.3012671,2.1022751,0.7632108342269045,1.0,False
defl,0.3012534,1.3377175,0.7632212746797116,1.0,False
Scp1,0.30122086,2.5375473,0.7632460709277273,1.0,False
CG13252,0.30116612,0.87264216,0.7632878335786799,1.0,False
Elys,0.3010617,-0.14189729,0.7633674455401793,1.0,False
ham,0.30096415,0.27072716,0.7634418393069015,1.0,False
CG30356,0.30091107,0.8072252,0.7634822999918617,1.0,False
CG42354,0.3008837,0.9240102,0.7635031831787952,1.0,False
CG44008,0.30087855,0.7797713,0.7635070987955023,1.0,False
Proc-R,0.30087,0.6603892,0.7635136248367904,1.0,False
pst,0.3008392,0.24441616,0.7635371187245568,1.0,False
asRNA:CR44179,0.3008118,0.6847934,0.7635580023631532,1.0,False
lncRNA:CR45556,0.30080497,0.72531563,0.7635632232996834,1.0,False
Trmt2a,0.30051228,0.31731102,0.7637864283882967,1.0,False
PIG-N,0.30027267,0.41170773,0.7639691840138484,1.0,False
Tret1,0.3002521,0.19057862,0.763984849393768,1.0,False
MED14,0.30021277,-0.16372225,0.7640148749753041,1.0,False
Veneno,0.30019906,0.3638377,0.7640253187390196,1.0,False
MAN1,0.30016312,-0.06014344,0.764052733823018,1.0,False
Dbx,0.30009466,0.291226,0.7641049538488589,1.0,False
CG11426,0.30007926,0.4123453,0.7641167035025391,1.0,False
CG15725,0.29979855,0.2385859,0.7643308178124892,1.0,False
Ugt49B1,0.29964966,0.2945552,0.7644444101586653,1.0,False
Snmp2,0.29912418,0.082386464,0.7648452880027106,1.0,False
Hus1-like,0.2987408,0.17222229,0.7651378249596509,1.0,False
wek,0.2983882,-0.013195491,0.765406884060529,1.0,False
CG11200,0.29760432,0.009624394,0.766005184810684,1.0,False
fand,0.29710454,-0.061244857,0.7663867070894499,1.0,False
Sirt7,0.29679644,0.054033175,0.76662192028805,1.0,False
botv,0.29677933,-0.12217746,0.7666349883188102,1.0,False
Polr1F,0.29666293,-0.08806666,0.7667238526882172,1.0,False
CG31538,0.29599202,-0.09279801,0.7672361894347212,1.0,False
Slh,0.29217348,-0.14139451,0.770153996451001,1.0,False
Epg5,0.29215977,-0.076926135,0.7701644651122743,1.0,False
Tspo,0.29196465,-0.16379896,0.770313648085007,1.0,False
mtTFB2,0.2909189,-0.11709605,0.7711133611901888,1.0,False
Dph4,0.29023597,-0.035007153,0.7716357274870455,1.0,False
CG30373,0.289322,-0.18580471,0.7723349962475583,1.0,False
Naa35,0.28928262,-0.14291923,0.7723651187230364,1.0,False
CG5180,0.28872976,-0.101183385,0.7727881792683519,1.0,False
CG10700,0.28783292,1.9692458,0.7734746501911152,1.0,False
CG15203,0.28780895,0.5523473,0.7734929934504363,1.0,False
HGTX,0.28764805,1.3041945,0.7736161586101925,1.0,False
asRNA:CR45195,0.28756246,2.8324454,0.7736816743155958,1.0,False
CG13526,0.28752825,4.1679673,0.7737078810492302,1.0,False
CG8757,0.28751796,0.7481229,0.7737157431196204,1.0,False
CG6000,0.28743923,1.9379138,0.7737760197637791,1.0,False
lncRNA:CR44331,0.28742555,1.6667349,0.7737865027976744,1.0,False
CG6321,0.28742555,1.398102,0.7737865027976744,1.0,False
CG46387,0.28739816,1.0775013,0.7738074689892347,1.0,False
Hel25E,0.2873896,-0.18502825,0.7738140209579389,1.0,False
lncRNA:CR44218,0.28733996,0.7931997,0.7738520226941826,1.0,False
CG5116,0.287316,0.7323082,0.7738703685539456,1.0,False
by,0.2872886,0.63422376,0.7738913354054778,1.0,False
PolQ,0.28716198,0.5403032,0.7739883092393154,1.0,False
vri,0.28714827,0.7037844,0.7739987931083184,1.0,False
CG5245,0.28709006,0.66427225,0.7740433500114285,1.0,False
Cyp12a4,0.28695485,0.51201767,0.7741468821603555,1.0,False
lncRNA:CR44738,0.2869463,0.49599737,0.7741534349631993,1.0,False
CG12655,0.28679225,0.36028284,0.7742713881655999,1.0,False
CG18171,0.28658858,0.3163127,0.7744273565108415,1.0,False
asRNA:CR43481,0.2863849,0.2290943,0.7745833339604983,1.0,False
CG3225,0.28610593,0.23282588,0.7747969985099253,1.0,False
Fadd,0.28590223,0.19499242,0.7749529975110343,1.0,False
Sec31,0.2856455,-0.16050838,0.7751496478490805,1.0,False
CG6126,0.2856164,0.17261228,0.7751719357974841,1.0,False
rdhB,0.28544354,0.18151732,0.7753043562507658,1.0,False
CG30338,0.28541273,0.11769096,0.7753279566216563,1.0,False
Pura,0.2853802,0.16134933,0.7753528683493981,1.0,False
CG12948,0.28501222,-0.16515951,0.775634780320224,1.0,False
lncRNA:CR44603,0.28443712,0.06405387,0.776075408925915,1.0,False
AstA,0.2842403,0.03324635,0.7762262358761103,1.0,False
Nost,0.28390655,-0.041318063,0.7764820052052523,1.0,False
Cht6,0.28376448,0.08130901,0.776590878479954,1.0,False
CG5065,0.2833554,-0.013307743,0.7769044055499161,1.0,False
CG5039,0.28310895,-0.17281416,0.7770933264375821,1.0,False
Mettl2,0.2824671,-0.22415753,0.7775853697553685,1.0,False
CG11635,0.28192282,-0.12490282,0.7780026924010159,1.0,False
PolZ2,0.28181157,-0.25181437,0.7780880020862982,1.0,False
NSD,0.28180128,0.0511551,0.7780958769613356,1.0,False
Dus3,0.28136486,-0.024105301,0.778430580206731,1.0,False
hob,0.2813597,-0.13914871,0.7784345181367243,1.0,False
CG32221,0.281257,-0.0051323622,0.7785132779311869,1.0,False
PNKP,0.28036356,-0.14053857,0.7791985840496093,1.0,False
svp,0.27967894,-0.021703256,0.7797238390487143,1.0,False
CG17574,0.27941537,-0.16373979,0.7799260890527075,1.0,False
lncRNA:CR44396,0.27879748,-0.11929138,0.7804002529457171,1.0,False
Aladin,0.27877694,-0.23600043,0.7804160160301239,1.0,False
mora,0.27791944,-0.14288358,0.7810742052750556,1.0,False
CG4957,0.27620786,-0.17827812,0.7823884248827113,1.0,False
htl,0.27405468,0.72837216,0.7840425953434332,1.0,False
Tti1,0.27393317,0.8845162,0.7841359839002779,1.0,False
CG6701,0.27390748,0.99728096,0.7841557142748998,1.0,False
Sox21a,0.27384415,1.3162966,0.7842043831255037,1.0,False
asRNA:CR44840,0.27381676,1.122847,0.784225429376373,1.0,False
mir-4942,0.27381507,2.2358587,0.7842267447722925,1.0,False
CG12301,0.2738014,-0.11826509,0.784237267961841,1.0,False
CG4375,0.27376714,0.90856063,0.7842635761083115,1.0,False
CG6023,0.27370724,1.0036356,0.784309615957873,1.0,False
Oatp33Ea,0.27369526,0.92557955,0.784318824018378,1.0,False
ppk5,0.27365932,1.1157128,0.7843464483810567,1.0,False
CG3328,0.27359256,0.5100582,0.7843977514897524,1.0,False
Lgr3,0.2735857,0.46560788,0.7844030134000346,1.0,False
Mipp2,0.27353436,0.8389782,0.7844424780412902,1.0,False
CG34279,0.27351382,0.70074874,0.7844582640530007,1.0,False
GstT3,0.27349672,0.72939336,0.7844714191305022,1.0,False
C15,0.2734813,0.67224324,0.784483258752905,1.0,False
CG31627,0.27345905,0.66818124,0.7845003605177641,1.0,False
superdeath,0.27334437,0.49109182,0.7845885020327834,1.0,False
S-Lap1,0.27329817,0.47472715,0.7846240225289062,1.0,False
rumi,0.27324852,0.43154365,0.7846621746725861,1.0,False
meep,0.2732143,0.4332064,0.7846884867973103,1.0,False
Muc12Ea,0.27303457,0.33354077,0.7848266294888118,1.0,False
lncRNA:CR46117,0.2730209,0.35680673,0.7848371549242206,1.0,False
esc,0.27297983,0.3400298,0.7848687314665281,1.0,False
Top3beta,0.27295414,-0.21804781,0.7848884669852816,1.0,False
pdm2,0.27285317,0.29570302,0.7849660947007667,1.0,False
trem,0.27270254,-0.1457302,0.7850818823861325,1.0,False
Jheh2,0.2726837,0.28672913,0.7850963561812581,1.0,False
lncRNA:CR44050,0.27217025,0.12929997,0.7854911246805776,1.0,False
CG4287,0.27160883,-0.15988135,0.7859228013746862,1.0,False
JhI-21,0.27150786,0.14121659,0.7860004575251911,1.0,False
Acat1,0.2714993,0.06915103,0.7860070386527707,1.0,False
CG17652,0.2714993,-0.24075429,0.7860070386527707,1.0,False
PIG-C,0.2713521,0.044554852,0.7861202364401121,1.0,False
puc,0.2712494,-0.14069985,0.7861992143183607,1.0,False
beta4GalNAcTB,0.27113473,-0.14617483,0.7862874088823775,1.0,False
DPCoAC,0.27072394,0.09713017,0.7866033522059391,1.0,False
CG1227,0.27036452,0.07577812,0.786879831439307,1.0,False
CG9004,0.27032346,-0.11925064,0.7869114307774353,1.0,False
CG3156,0.27016768,-0.21301013,0.7870312481216534,1.0,False
CG7069,0.2698716,-0.051465727,0.7872590466447892,1.0,False
Ercc1,0.26946422,0.06567957,0.787572463953126,1.0,False
Polr1C,0.2677886,-0.18018563,0.7888620502405156,1.0,False
Zip99C,0.26770815,-0.21206225,0.788923975507407,1.0,False
D12,0.26660246,0.000118299155,0.7897752535126652,1.0,False
Dcps,0.26620197,-0.15744944,0.7900836731511638,1.0,False
TAF1B,0.26611125,-0.108157605,0.7901535334504693,1.0,False
CG32537,0.2648618,-0.104889646,0.7911159315662167,1.0,False
Bub3,0.26366368,-0.18568146,0.7920390782666819,1.0,False
CG13255,0.26315707,-0.14649136,0.7924295252566923,1.0,False
RhoGAP18B,0.26188877,0.3278195,0.7934071898898736,1.0,False
CG6254,0.2613582,-0.20269771,0.7938162958287858,1.0,False
asRNA:CR44165,0.26024565,1.7463913,0.7946742826775187,1.0,False
Ret,0.26017377,0.97100836,0.7947297303838359,1.0,False
lncRNA:CR43887,0.2601601,21.276829,0.7947402919692927,1.0,False
btd,0.2601498,0.9980177,0.7947482131830758,1.0,False
lncRNA:CR45939,0.2601327,2.7941658,0.7947614152530746,1.0,False
mei-218,0.26012585,1.6124992,0.794766696097533,1.0,False
CG6236,0.2601173,-0.20649669,0.7947732971663313,1.0,False
HLH4C,0.26011217,0.88493323,0.7947772578146636,1.0,False
NKCC,0.2601053,0.41570014,0.7947825386873353,1.0,False
slif,0.26009503,1.6788843,0.7947904600139754,1.0,False
CG13135,0.2600574,1.2726723,0.7948195050593364,1.0,False
Chsy,0.26003,0.95719135,0.7948406289073373,1.0,False
Rpp25,0.2600009,-0.21486923,0.7948630731606572,1.0,False
CG31098,0.259953,-0.21397609,0.7949000405362607,1.0,False
CG14696,0.259941,0.8374683,0.7949092824521247,1.0,False
Ag5r,0.25987253,0.65656346,0.7949620939520408,1.0,False
SmydA-4,0.25984856,0.74273425,0.7949805781990071,1.0,False
lncRNA:CR45267,0.2598349,0.57103485,0.7949911406775202,1.0,False
Kdm4A,0.25976127,-0.11598594,0.7950479146433239,1.0,False
sens-2,0.25960895,0.3333238,0.7951654269971486,1.0,False
eEF5,0.2595559,-0.035419676,0.795206359357857,1.0,False
CG7509,0.25929573,0.32688,0.7954070681214978,1.0,False
CG13775,0.25928718,0.26209635,0.7954136706135511,1.0,False
lncRNA:CR44813,0.25892603,0.18070471,0.7956923091269035,1.0,False
CycH,0.2586573,0.09798268,0.795899654218807,1.0,False
Rtel1,0.2585375,0.07411006,0.7959921057213212,1.0,False
Rpp21,0.25845194,0.1794057,0.796058144262237,1.0,False
Sac1,0.258416,-0.19155237,0.7960858808850165,1.0,False
CG34376,0.25831842,-0.1475922,0.7961611673025434,1.0,False
CG43800,0.25821745,0.121321045,0.7962390973471347,1.0,False
CG12992,0.25746435,-0.0010705309,0.7968203345968674,1.0,False
CG5068,0.2566411,-0.19699863,0.7974558615324682,1.0,False
Nup93-1,0.25575104,-0.03591494,0.7981430687323694,1.0,False
Ccdc6,0.25549603,-0.10231245,0.7983400088842034,1.0,False
Dus1,0.25486958,-0.12174052,0.7988238223657654,1.0,False
pre-lola-G,0.2546505,0.046315763,0.7989930431367277,1.0,False
Rab26,0.25376734,-0.039627194,0.7996753100339395,1.0,False
BaraC,0.25291154,-0.030365026,0.8003365672614191,1.0,False
CG9578,0.25268734,-0.22377378,0.8005098403372198,1.0,False
Tgt,0.25191712,-0.32708374,0.8011051279270378,1.0,False
l(2)k01209,0.25178874,-0.17365767,0.8012043537648424,1.0,False
CG9016,0.25069162,-0.05154308,0.8020525346094207,1.0,False
Pex14,0.25019014,-0.2181002,0.8024403143739156,1.0,False
CG3437,0.24971431,-0.05254163,0.8028082869179823,1.0,False
Mtap,0.24918714,-0.22122292,0.8032160197831097,1.0,False
lncRNA:CR45825,0.24912211,-0.10652477,0.8032663282013837,1.0,False
CG3071,0.24802841,-0.24963619,0.8041124259180479,1.0,False
MFS14,0.24738143,0.61204857,0.8046130425461014,1.0,False
Naxe,0.24667284,-0.2780583,0.8051614288818113,1.0,False
CG6847,0.2465205,2.652106,0.8052793312258086,1.0,False
CG18335,0.24649312,1.2193712,0.8053005276224312,1.0,False
CG30108,0.24648628,3.1755755,0.805305826743944,1.0,False
fusl,0.2464743,0.59062445,0.8053151002281088,1.0,False
lncRNA:CR46124,0.2464452,3.2656488,0.8053376216608028,1.0,False
asRNA:CR45121,0.2464315,1.9964789,0.805348220037953,1.0,False
CG43329,0.24642295,1.5502007,0.8053548440418323,1.0,False
MFS10,0.24642295,2.202639,0.8053548440418323,1.0,False
CG15047,0.24641952,2.190035,0.8053574936472956,1.0,False
lncRNA:CR44334,0.24641268,1.2133979,0.8053627928649268,1.0,False
wun2,0.24640583,0.36080173,0.8053680920914981,1.0,False
Ugt50B3,0.24637331,1.9229897,0.8053932635397897,1.0,False
CG42578,0.24635278,1.3254102,0.8054091614005177,1.0,False
lncRNA:CR45414,0.24633566,1.1361072,0.805422409679239,1.0,False
Chpf,0.24625179,0.65281475,0.8054873270523311,1.0,False
CG5535,0.24623981,0.8474688,0.8054966010722293,1.0,False
RhoGAP54D,0.24623467,0.76112926,0.8055005756605613,1.0,False
CG5321,0.24610631,0.63415146,0.8055999420018223,1.0,False
Obp85a,0.24603784,0.42865264,0.8056529386675344,1.0,False
Pdha2,0.24600704,0.47997835,0.8056767874583659,1.0,False
lncRNA:CR45430,0.24591461,0.27702892,0.8057483349152925,1.0,False
Trissin,0.24585813,0.3745319,0.8057920591617816,1.0,False
CG15343,0.24582389,0.27086425,0.8058185590006245,1.0,False
CG17030,0.245663,0.34002638,0.8059431112297295,1.0,False
Gbs-70E,0.24561165,0.33381405,0.8059828629775825,1.0,False
CG4730,0.24552779,0.28591087,0.8060477919105087,1.0,False
CG33080,0.24552436,0.18884215,0.8060504420994389,1.0,False
ppk28,0.24542852,0.071515545,0.806124648293705,1.0,False
Adck5,0.2453224,-0.30981192,0.8062068071878282,1.0,False
mRpL45,0.24528988,-0.19434832,0.8062319853416522,1.0,False
aurA,0.24517691,0.14901702,0.8063194478574442,1.0,False
lncRNA:CR44662,0.24501774,0.09923966,0.8064426946046894,1.0,False
Polr1H,0.24469425,0.06727645,0.8066931786083235,1.0,False
Idh,0.24456246,-0.22651152,0.8067952333328193,1.0,False
OXA1L,0.24453679,-0.17567568,0.8068151145061694,1.0,False
sage,0.24449742,0.12333444,0.8068455992143921,1.0,False
lncRNA:CR43900,0.24436906,0.0049502044,0.8069450079097872,1.0,False
PK2-R1,0.24436735,0.10388099,0.8069463333801292,1.0,False
shg,0.24434508,0.14467174,0.8069635645450237,1.0,False
CG10914,0.24367586,-0.17735127,0.8074818687123144,1.0,False
Arts,0.24357146,0.06970909,0.8075627370926866,1.0,False
CG8607,0.2431059,0.06358978,0.8079233555448508,1.0,False
CG13325,0.24239731,-0.048623044,0.808472316358607,1.0,False
Ing5,0.24229804,-0.2063709,0.8085492314489998,1.0,False
mino,0.24218678,-0.025781937,0.8086354315935845,1.0,False
CG6310,0.2420858,-0.023630425,0.8087136768126784,1.0,False
CRAT,0.24154666,-0.055947438,0.8091314590618736,1.0,False
CG4554,0.24142514,-0.028192852,0.8092256333728052,1.0,False
Fhos,0.24107084,0.016300276,0.8095002136788431,1.0,False
CG14252,0.24073537,-0.14738813,0.8097602243781716,1.0,False
Taf7,0.2406652,-0.12567775,0.8098146170280962,1.0,False
CG9356,0.24046494,-0.048876423,0.809969840128093,1.0,False
eEFSec,0.23997885,-0.0654103,0.8103466520675877,1.0,False
CG6693,0.23911451,-0.20196411,0.8110167959063219,1.0,False
l(2)09851,0.2386113,-0.18513606,0.8114070028776141,1.0,False
Iru,0.23851545,-0.18261841,0.8114813333302193,1.0,False
CG3907,0.23719925,-0.13087277,0.8125022213362931,1.0,False
Brat1,0.23588988,-0.10922283,0.813518115425429,1.0,False
CG13408,0.23399003,-0.1275636,0.8149927154156941,1.0,False
ttk,0.23398319,0.46599662,0.8149980304782073,1.0,False
CG31223,0.23388563,-0.18711762,0.8150737710440425,1.0,False
jet,0.23373158,-0.2385852,0.8151933649296387,1.0,False
CG10428,0.23371105,-0.17735626,0.815209311106452,1.0,False
Gtpx,0.23321982,-0.1545664,0.8155907132948302,1.0,False
CG13151,0.23315136,-0.13329758,0.8156438738657346,1.0,False
CG2961,0.23279536,1.9618286,0.8159203225080817,1.0,False
CG3906,0.23278166,1.7691867,0.8159309556059505,1.0,False
Oseg4,0.23277481,0.9840495,0.8159362721675946,1.0,False
asRNA:CR44228,0.23276797,4.0974135,0.8159415887377114,1.0,False
CG5104,0.2327577,3.7516325,0.8159495636087726,1.0,False
lncRNA:CR44589,0.23274742,2.1745842,0.815957538498896,1.0,False
ste24b,0.23274058,1.5205145,0.8159628551029013,1.0,False
CG33296,0.23273715,2.1220183,0.815965513408081,1.0,False
lncRNA:CR46254,0.23270635,1.171143,0.8159894382499974,1.0,False
Damm,0.23270293,1.2920823,0.8159920965763542,1.0,False
TrpA1,0.23268239,0.6767661,0.8160080465789633,1.0,False
Shark,0.23266698,1.1213783,0.816020009130944,1.0,False
CG15890,0.23264474,1.3639916,0.8160372884483849,1.0,False
CG1628,0.23264131,0.62361795,0.8160399468128535,1.0,False
CG11700,0.23262419,1.1802236,0.8160532386669515,1.0,False
CG6962,0.23260708,0.8034929,0.8160665305739716,1.0,False
Zip71B,0.23258996,0.8500864,0.8160798225339103,1.0,False
CG18327,0.23258312,0.6195253,0.8160851393327022,1.0,False
mei-W68,0.23255573,0.665744,0.8161064066125288,1.0,False
CG34377,0.23254888,0.4286208,0.8161117234536491,1.0,False
CG12836,0.2324496,0.60320497,0.8161888186010244,1.0,False
mid,0.23230241,0.4315637,0.8163031353698159,1.0,False
snoRNA:Dek-a,0.23207648,0.19062035,0.8164786059209412,1.0,False
lncRNA:CR44663,0.23207307,0.3007781,0.8164812646364346,1.0,False
L,0.23205766,0.33214855,0.8164932288822917,1.0,False
pes,0.23203541,0.2553782,0.8165105106462558,1.0,False
sktl,0.23192929,0.3035343,0.816592932594056,1.0,False
lncRNA:CR43496,0.23159896,-0.12432091,0.8168495171233197,1.0,False
Galm2,0.23159382,0.16994433,0.8168535056388895,1.0,False
CG8243,0.23150483,-0.22949418,0.8169226406622949,1.0,False
CSN3,0.23139186,-0.09597762,0.8170103910125748,1.0,False
CG12746,0.23091432,-0.20681356,0.817381361005,1.0,False
KFase,0.23066957,0.06657239,0.8175715156088255,1.0,False
dgt2,0.23051552,-0.024587778,0.8176911988369624,1.0,False
Wdr24,0.23044364,0.097710215,0.8177470524646737,1.0,False
CG13005,0.23039915,0.019141419,0.8177816289836224,1.0,False
CG6951,0.2301116,-0.093984984,0.8180050550339522,1.0,False
geminin,0.22987881,-0.09149369,0.818185934570393,1.0,False
asRNA:CR45835,0.22872864,0.05828489,0.8190798341729282,1.0,False
CG5359,0.22865161,-0.1549166,0.8191397019360205,1.0,False
CG32195,0.22855063,0.057280898,0.8192181968227455,1.0,False
Nup205,0.22832812,-0.00443104,0.8193911580504811,1.0,False
CG30105,0.22786771,-0.12172226,0.8197490826397145,1.0,False
glob1,0.22724128,-0.11268468,0.8202361332659935,1.0,False
MED24,0.22672608,-0.23480476,0.8206367377984392,1.0,False
Ent3,0.22515143,-0.103477165,0.821861466571546,1.0,False
mRpL10,0.22508298,-0.2149705,0.8219147255209843,1.0,False
PolI,0.22481939,-0.2622918,0.8221197801366782,1.0,False
CG17754,0.22416043,-0.14222334,0.822632469809633,1.0,False
ohgt,0.22389,-0.1434472,0.8228428942551957,1.0,False
CG8281,0.22372226,-0.25742972,0.8229734170864509,1.0,False
CG7791,0.2235648,-0.22246835,0.8230959531814686,1.0,False
Exo70,0.22352031,-0.13581038,0.8231305837294022,1.0,False
IntS14,0.22313349,-0.086494,0.823431617611018,1.0,False
Atg4a,0.22273982,-0.19140828,0.8237380062034881,1.0,False
CG32095,0.22272614,-0.15574831,0.8237486636817692,1.0,False
Pex16,0.22144929,-0.21887733,0.8247426161028801,1.0,False
CG7737,0.22136542,-0.033915214,0.8248079123764408,1.0,False
NLaz,0.22098717,-0.12871517,0.8251024269532349,1.0,False
l(3)05822,0.22085024,-0.15617768,0.8252090446359314,1.0,False
CG7218,0.22068079,-0.16373049,0.825340988481801,1.0,False
Pex5,0.21996535,-0.17150415,0.8258981390724272,1.0,False
Calr,0.21986951,-0.098713405,0.8259727879234429,1.0,False
sv,0.21963844,0.32086694,0.8261527514412734,1.0,False
CG34334,0.21916775,1.0567186,0.8265193720349238,1.0,False
Tep2,0.21913695,0.78624594,0.8265433703389102,1.0,False
Rcd7,0.21913181,1.514794,0.8265473700719937,1.0,False
mol,0.21912839,0.92329717,0.8265500365632164,1.0,False
EndoU,0.21912497,1.854475,0.8265527030564392,1.0,False
CG42323,0.21911983,1.5239028,0.8265567028000236,1.0,False
asRNA:CR45135,0.21911469,1.7904048,0.8265607025481083,1.0,False
Ilp1,0.21909587,3.4050806,0.8265753683295854,1.0,False
CG5107,0.2190702,2.576209,0.8265953672200022,1.0,False
lncRNA:CR44129,0.21906506,2.8375244,0.8265993670115835,1.0,False
GluRIIA,0.2189966,1.3508192,0.8266526979958808,1.0,False
hpRNA:LINR-3,0.21899489,0.85029787,0.8266540312807342,1.0,False
CG9072,0.2189675,1.0710417,0.8266753639063524,1.0,False
CG9518,0.21895209,0.69366664,0.8266873635644789,1.0,False
lncRNA:CR45967,0.2188802,0.93079597,0.8267433625041599,1.0,False
hog,0.2188785,0.6081236,0.8267446958229879,1.0,False
Gal,0.21887337,0.84996116,0.826748695782469,1.0,False
CG18213,0.21886823,0.6274293,0.8267526957464455,1.0,False
rod,0.21879977,0.4614773,0.8268060290289752,1.0,False
CG15638,0.21877238,0.54484093,0.8268273625656991,1.0,False
mus302,0.21875013,-0.19430508,0.8268446961584,1.0,False
CG15202,0.21868338,0.42521077,0.8268966974426788,1.0,False
Irc,0.21859609,0.36859584,0.8269647002674625,1.0,False
how,0.2184643,0.29519054,0.8270673736573446,1.0,False
GLaz,0.21838044,0.24757636,0.8271327128083685,1.0,False
Miox,0.21807577,0.1860326,0.8273700773416248,1.0,False
CG4622,0.21801072,-0.1541093,0.8274207527124441,1.0,False
Cep135,0.2177112,0.06848282,0.8276541354017783,1.0,False
okr,0.21746987,0.08368692,0.8278421862408578,1.0,False
Ipo9,0.2173877,0.08156688,0.827906205800138,1.0,False
pont,0.21709332,-0.1931941,0.8281356186071791,1.0,False
CG7685,0.2168246,-0.23367329,0.8283450372839198,1.0,False
Hsl,0.21658155,-0.13535449,0.82853445831628,1.0,False
CG4896,0.21619304,-0.14999329,0.8288372858840205,1.0,False
Gmd,0.21581648,0.049178906,0.8291307994303327,1.0,False
IRSp53,0.21575658,0.010350958,0.8291774969675643,1.0,False
Polr1B,0.21575315,-0.15852669,0.8291801654164949,1.0,False
slou,0.21559912,0.050470814,0.8293002476577036,1.0,False
PIG-S,0.21554948,-0.17122012,0.8293389416740227,1.0,False
Tango2,0.21370439,-0.096746296,0.830777584598738,1.0,False
Sf3b1,0.21205443,-0.15141879,0.8320645697158433,1.0,False
Sodh2,0.2108238,-0.0040508998,0.8330247617752944,1.0,False
ClC-b,0.21064067,-0.14498903,0.833167676779134,1.0,False
rad50,0.20974894,-0.12366104,0.8338636313332728,1.0,False
PNUTS,0.20869802,-0.017132105,0.8346839828533767,1.0,False
trus,0.20827697,-0.19151726,0.835012708430124,1.0,False
AspRS,0.20799285,-0.17525615,0.8352345476740767,1.0,False
CG9945,0.20745541,-0.10355507,0.8356542071436073,1.0,False
MTPAP,0.20735957,-0.44422856,0.8357290557906899,1.0,False
Sf3a2,0.20708229,-0.16081871,0.8359455906082043,1.0,False
PIG-B,0.20691456,-0.18730995,0.8360765868432698,1.0,False
Ist1,0.20602795,-0.18845427,0.8367690709587517,1.0,False
CG31251,0.20593897,-0.14702861,0.8368385937343243,1.0,False
lncRNA:CR44514,0.20541008,3.5893252,0.8372517457249349,1.0,False
lncRNA:CR45972,0.20540324,1.5522252,0.8372570942652918,1.0,False
LanA,0.20538612,1.4430194,0.8372704656490898,1.0,False
pain,0.20538612,1.3540765,0.8372704656490898,1.0,False
CG17169,0.20537585,1.9174365,0.8372784885019313,1.0,False
asRNA:CR44137,0.20537242,0.72237116,0.8372811627899721,1.0,False
lncRNA:CR45643,0.20537242,1.9889884,0.8372811627899721,1.0,False
CG43107,0.205369,0.84689945,0.837283837079893,1.0,False
lncRNA:CR44951,0.20536216,0.9330644,0.8372891856653748,1.0,False
lncRNA:CR45530,0.20535532,1.5965645,0.8372945342583766,1.0,False
CG34002,0.20534846,1.9021564,0.8372998828588982,1.0,False
CG12426,0.20534503,1.6426597,0.8373025571619788,1.0,False
Efhc1.2,0.20534503,1.6871094,0.8373025571619788,1.0,False
Him,0.20533134,1.1971964,0.8373132543930994,1.0,False
Cyp4s3,0.2053108,1.1916566,0.8373293002961715,1.0,False
FMRFa,0.20529883,0.4624916,0.8373386604375447,1.0,False
NimC4,0.20529369,1.173026,0.8373426719337526,1.0,False
CG34028,0.20529027,1.0546178,0.8373453462669072,1.0,False
lncRNA:CR44408,0.20528685,0.919924,0.837348020601941,1.0,False
AOX3,0.20524235,1.0087885,0.8373827871283902,1.0,False
CG13578,0.20516361,0.6035229,0.837444297914565,1.0,False
Fam92,0.2051619,0.82055014,0.8374456351166049,1.0,False
CG6511,0.20516019,0.19841619,0.8374469723191142,1.0,False
CG34425,0.20516019,0.62257177,0.8374469723191142,1.0,False
exex,0.20513965,0.58166915,0.8374630187858517,1.0,False
CG2256,0.2051311,0.55144954,0.8374697048336135,1.0,False
CG10550,0.20511055,0.1969348,0.8374857513961294,1.0,False
lncRNA:CR45187,0.20510542,0.44948137,0.837489763047321,1.0,False
lncRNA:CR46009,0.20504722,0.46009803,0.8375352287227451,1.0,False
lin-28,0.2049856,0.35335463,0.83758336944099,1.0,False
GILT2,0.20492227,0.44954956,0.8376328480350252,1.0,False
asRNA:CR46194,0.20488805,0.30489323,0.8376595934883518,1.0,False
ao,0.20479392,0.23302127,0.8377331444521388,1.0,False
Capa,0.20477508,0.26291993,0.8377478548150733,1.0,False
TyrRII,0.20476995,0.27195305,0.8377518667420805,1.0,False
CG10222,0.20470834,0.26415795,0.8378000101951649,1.0,False
CG8112,0.20470148,0.30864364,0.8378053595052183,1.0,False
CG31806,0.20466726,0.15242562,0.8378321061679324,1.0,False
CG1468,0.2046296,0.33541262,0.8378615277133522,1.0,False
asRNA:CR43629,0.20457141,0.15425126,0.837906997820351,1.0,False
dpa,0.20448925,0.12016467,0.8379711918340956,1.0,False
CG7824,0.20438313,0.1751119,0.8380541106979583,1.0,False
alphaTub67C,0.20435575,0.049796816,0.8380755094064145,1.0,False
sud1,0.20432664,0.11758688,0.8380982456653646,1.0,False
CG44257,0.20377894,0.072891966,0.8385262475038763,1.0,False
CG33521,0.2036557,0.09705359,0.838622554505544,1.0,False
Gnpnat,0.20332366,-0.19497338,0.8388820603975464,1.0,False
Gyc89Da,0.20314737,0.019667132,0.8390198464211862,1.0,False
CG13088,0.20260994,-0.046339344,0.8394399235690004,1.0,False
santa-maria,0.20235834,0.046284873,0.8396365996174822,1.0,False
CG31915,0.20167713,-0.15668269,0.8401691468986978,1.0,False
lncRNA:CR45533,0.20160866,-0.14590803,0.8402226732887932,1.0,False
stwl,0.20133309,-0.104715884,0.8404381244779962,1.0,False
Ice2,0.20131427,-0.031030653,0.8404528451820125,1.0,False
dup,0.2008025,-0.07779959,0.8408530020356842,1.0,False
CG33310,0.19956504,-0.18467392,0.8418207751454321,1.0,False
CG7840,0.19952567,-0.03851872,0.8418515657723054,1.0,False
RanGAP,0.19935964,-0.14652933,0.8419814245545896,1.0,False
Sbds,0.19909093,-0.1468843,0.8421916174637916,1.0,False
CG10341,0.19789796,-0.16709252,0.8431249024552272,1.0,False
CG31457,0.19656293,-0.2609249,0.8441695859097633,1.0,False
CG10209,0.19620179,-0.17840807,0.8444522333687757,1.0,False
sra,0.19613674,-0.11958455,0.8445031388319466,1.0,False
CG31957,0.19608368,-0.11802578,0.8445446674539365,1.0,False
gry,0.19547436,-0.05471896,0.8450216077333415,1.0,False
ecd,0.19470243,-0.32376584,0.8456259029532284,1.0,False
fd59A,0.19458605,-0.15920922,0.8457170240898547,1.0,False
Zip48C,0.19438066,-0.2346824,0.845877831129157,1.0,False
CG13484,0.19403149,-0.1484669,0.8461512178267172,1.0,False
CG34417,0.19314148,0.2602493,0.8468481695849357,1.0,False
synr,0.19224803,0.60983133,0.8475479224346119,1.0,False
omd,0.19217786,-0.06967093,0.8476028889636794,1.0,False
HisCl1,0.19203408,0.407923,0.8477155056307701,1.0,False
28SrRNA-Psi:CR45855,0.19198444,1.4533391,0.8477543859165455,1.0,False
asRNA:CR44981,0.1919314,0.7084274,0.8477959480110504,1.0,False
Ugt49C1,0.19191428,0.9586088,0.8478093552286045,1.0,False
Vkor,0.19186464,0.95040625,0.8478482364085419,1.0,False
Nepl21,0.1918441,1.5819105,0.8478643252809697,1.0,False
Xbp1,0.19182356,-0.11341973,0.8478804142167923,1.0,False
Dmel_CG14117,0.1917414,2.5396996,0.8479447705938993,1.0,False
asRNA:CR45928,0.19172087,2.654482,0.8479608598465974,1.0,False
kappaB-Ras,0.19169691,21.091633,0.847979630721486,1.0,False
lncRNA:CR44753,0.19168663,2.4723465,0.847987675408548,1.0,False
lncRNA:CR44565,0.19167808,2.0526521,0.8479943793265301,1.0,False
Oseg6,0.19167124,1.6454439,0.8479997424688336,1.0,False
lncRNA:CR45233,0.19166781,1.7231729,0.8480024240426245,1.0,False
Cp7Fc,0.19165412,1.8843762,0.8480131503553818,1.0,False
lncRNA:CR44809,0.19163358,1.4532247,0.8480292398772958,1.0,False
CG4880,0.19161475,0.9695296,0.8480439886613489,1.0,False
Pbp45,0.19161303,0.9455891,0.8480453294625376,1.0,False
RnrL,0.19158395,0.7250228,0.8480681231500221,1.0,False
CG14877,0.19158395,1.0279089,0.8480681231500221,1.0,False
lncRNA:CR44157,0.19156511,0.7538223,0.8480828720743394,1.0,False
CG18371,0.19153944,0.8166163,0.848102984329589,1.0,False
egr,0.19152574,0.43171877,0.848113710906163,1.0,False
CG32856,0.19151376,-0.18785349,0.8481230966837412,1.0,False
lncRNA:CR32582,0.19148809,0.6554694,0.8481432091367834,1.0,False
CG7130,0.19148296,0.53579354,0.8481472316392575,1.0,False
CG3770,0.19143674,0.45846078,0.8481834343394867,1.0,False
GluRS-m,0.1913135,0.32876498,0.8482799764390394,1.0,False
CG18858,0.19127244,0.286144,0.8483121576447668,1.0,False
Edg78E,0.19124334,0.2486988,0.8483349528184769,1.0,False
Dysb,0.19119541,0.28470758,0.8483724980869769,1.0,False
Ivd,0.19103453,0.22761083,0.8484985454325837,1.0,False
CG9117,0.19082572,0.04844484,0.848662144572601,1.0,False
mia,0.19071959,-0.06255071,0.8487452876178918,1.0,False
ETHR,0.19071275,0.112122685,0.8487506517431233,1.0,False
CG43219,0.19056213,0.024583472,0.8488686642697559,1.0,False
tld,0.19050735,0.082083344,0.8489115787557606,1.0,False
Mt2,0.19043034,0.046175834,0.8489719280092732,1.0,False
Cth,0.18981759,-0.24723075,0.8494520713520003,1.0,False
Cnx14D,0.18960364,0.03629545,0.8496197323305626,1.0,False
lncRNA:CR44347,0.18941708,0.012172101,0.8497659382553272,1.0,False
CG11920,0.18936402,-0.082977794,0.8498075207007537,1.0,False
CG31176,0.18929899,0.013746514,0.8498584933005843,1.0,False
Trmt10A,0.1892425,-0.20338328,0.8499027594885392,1.0,False
mRpS18C,0.18881118,-0.22555444,0.8502408077890349,1.0,False
CG2310,0.18846202,-0.0140349325,0.850514486104294,1.0,False
Blos1,0.1882806,-0.19167988,0.850656698615653,1.0,False
CG4036,0.18821555,-0.22179173,0.8507076816425101,1.0,False
asRNA:CR42547,0.18779963,-0.09286566,0.8510337194302114,1.0,False
mRpS23,0.18700546,-0.27671012,0.851656347877471,1.0,False
Smn,0.18675728,-0.16385785,0.8518509382499224,1.0,False
per,0.18673846,-0.16732419,0.8518657006463886,1.0,False
Taf13,0.18651253,-0.23531319,0.8520428534508652,1.0,False
gny,0.18644749,-0.11387937,0.8520938533697271,1.0,False
TAF1C-like,0.18585186,-0.10676817,0.8525609339978601,1.0,False
ebd2,0.18536577,-0.04675157,0.8529421530659123,1.0,False
FER,0.18521686,-0.036435336,0.8530589418408492,1.0,False
erm,0.18325882,-0.07099564,0.8545949458224706,1.0,False
ZnT49B,0.18289083,-0.16998635,0.854883679608112,1.0,False
lncRNA:CR43242,0.18268886,-0.32234678,0.8550421557152703,1.0,False
Cdk7,0.18243213,-0.31382912,0.8552436168340671,1.0,False
PPP1R15,0.18120663,-0.14652143,0.8562053877050593,1.0,False
Ref1,0.18102178,-0.15102534,0.8563504778628154,1.0,False
Dfd,0.17834316,0.4300062,0.858453484217854,1.0,False
Mdr65,0.17824046,0.55723333,0.8585341307541006,1.0,False
CG34325,0.17822677,1.0938197,0.858544883737153,1.0,False
Naglu,0.17813948,1.2494476,0.8586134346209114,1.0,False
CHKov1,0.1780967,1.306894,0.8586470383846725,1.0,False
CG13203,0.178083,0.62996894,0.8586577916431638,1.0,False
CG3788,0.17806588,0.87696785,0.8586712332531511,1.0,False
asRNA:CR43889,0.17806247,1.7508688,0.8586739215800647,1.0,False
lncRNA:CR45597,0.17804535,1.2085508,0.8586873632392115,1.0,False
lncRNA:CR45440,0.17802481,1.2925414,0.8587034932842571,1.0,False
scb,0.17801453,1.2187388,0.8587115583288973,1.0,False
Ugt302C1,0.177994,1.1418,0.8587276884624084,1.0,False
ImpE3,0.177994,1.4198399,0.8587276884624084,1.0,False
CG14445,0.177994,1.3748063,0.8587276884624084,1.0,False
beat-IIIa,0.17799057,2.7501504,0.858730376823727,1.0,False
CG31955,0.17798716,1.9176271,0.8587330651866834,1.0,False
asRNA:CR45896,0.17798373,1.8765954,0.8587357535512778,1.0,False
lncRNA:CR44268,0.17797688,1.4526865,0.8587411302853805,1.0,False
lncRNA:CR43893,0.17797688,0.876235,0.8587411302853805,1.0,False
CycD,0.17797688,0.73192424,0.8587411302853805,1.0,False
lncRNA:CR43943,0.17797004,0.44539735,0.8587465070260345,1.0,False
yin,0.17796661,1.4307268,0.8587491953988182,1.0,False
CG11836,0.17795977,0.44809583,0.8587545721492991,1.0,False
lncRNA:CR45388,0.17793922,0.6204672,0.8587707024400458,1.0,False
asRNA:CR44429,0.17793581,1.1776386,0.8587733908275685,1.0,False
CG8086,0.17788959,0.48824286,0.8588096842193829,1.0,False
dap,0.17788275,0.36222923,0.858815061043547,1.0,False
Hsp70Ba,0.1778742,0.43601912,0.8588217820829602,1.0,False
CG42534,0.17787077,0.8192469,0.8588244705015903,1.0,False
Smyd3,0.17785707,-0.18261287,0.8588352241924794,1.0,False
CG44385,0.17785023,0.66555524,0.858840601047745,1.0,False
AsnS,0.17783654,0.3209489,0.8588513547779165,1.0,False
Cks30A,0.17779888,0.53990614,0.8588809276709037,1.0,False
sev,0.17776294,0.5818908,0.8589091565261786,1.0,False
lncRNA:CR44708,0.17776123,0.6158894,0.8589105007618812,1.0,False
CG3430,0.17774753,0.4384314,0.8589212546622265,1.0,False
lncRNA:CR44187,0.177727,0.46394947,0.8589373855618183,1.0,False
CG6142,0.17770988,0.22885832,0.8589508280231254,1.0,False
CG4991,0.17768934,0.38216582,0.8589669590306648,1.0,False
betaTub65B,0.17767222,0.30828115,0.8589804015819187,1.0,False
fest,0.1776688,0.388371,0.8589830900970751,1.0,False
mus304,0.17761403,0.31634396,0.8590261065619336,1.0,False
spn-B,0.17754899,-0.013924425,0.8590771891574595,1.0,False
tej,0.17745656,0.32582483,0.8591497812289581,1.0,False
CG7168,0.17742404,-0.21224345,0.8591753231669373,1.0,False
asRNA:CR46033,0.17726658,0.14294685,0.8592990020032355,1.0,False
CG10927,0.1769294,0.04947419,0.859563847640388,1.0,False
l(2)dtl,0.17690715,0.07975511,0.8595813253197082,1.0,False
Taf9,0.17683525,-0.13709152,0.8596377921384203,1.0,False
CG1792,0.17677023,-0.15050864,0.8596888817834055,1.0,False
Dr,0.1763372,0.08149335,0.860029046225919,1.0,False
ver,0.17600173,-0.09152688,0.8602925906893801,1.0,False
Fgop2,0.17563716,-0.1795747,0.8605790112442808,1.0,False
roh,0.17553274,0.06267737,0.8606610411681213,1.0,False
rngo,0.17523664,-0.2265811,0.8608936915860056,1.0,False
Polr2M,0.17497136,0.00049143314,0.8611021458559797,1.0,False
Stt3A,0.17443563,-0.23616523,0.8615231184793821,1.0,False
CG10907,0.17443392,-0.29780367,0.8615244635029492,1.0,False
CG10958,0.17440139,-0.254673,0.8615500190270182,1.0,False
l(2)37Cd,0.17428672,-0.012945559,0.8616401370315803,1.0,False
PIG-Q,0.17410357,-0.09865509,0.8617840605645646,1.0,False
CG9628,0.17358497,-0.08793698,0.8621916446100821,1.0,False
AIMP2,0.17307492,-0.2155272,0.8625925386370299,1.0,False
PolH,0.17206338,-0.02830517,0.8633877048772517,1.0,False
CG11123,0.17125551,-0.18537343,0.864022860952379,1.0,False
sll,0.17111002,-0.2366796,0.8641372522223821,1.0,False
Prx4,0.16993931,-0.1546423,0.8650578689583592,1.0,False
Ntf-2,0.16938818,-0.13583227,0.8654913221965332,1.0,False
Pex6,0.1693026,-0.19998603,0.8655586322328982,1.0,False
CG42365,0.1689928,-0.2365204,0.8658023027162352,1.0,False
Sas10,0.16787,-0.19177331,0.8666855466766092,1.0,False
CG15877,0.16777244,-0.12235438,0.8667622998371111,1.0,False
Sgf29,0.16762868,-0.31122667,0.8668754120475176,1.0,False
Gem3,0.16621149,-0.22008626,0.8679905207786787,1.0,False
CG1024,0.16530606,-0.11689942,0.8687030890255026,1.0,False
Gs2,0.16494663,0.037680577,0.8689859907149065,1.0,False
Obp18a,0.16490212,0.34405062,0.8690210178059556,1.0,False
Asm,0.16441946,0.6769716,0.8694009435230108,1.0,False
lncRNA:CR45808,0.16440919,1.1708444,0.8694090273768009,1.0,False
ras,0.16437839,-0.1986043,0.8694332790200608,1.0,False
Aldh7A1,0.16437668,0.63878363,0.8694346263371766,1.0,False
Sp7,0.16436127,0.7470741,0.8694467522082754,1.0,False
snoRNA:CG32479-a,0.16433045,1.5221344,0.8694710040425735,1.0,False
CG10970,0.1643082,0.79064,0.869488519332594,1.0,False
lncRNA:CR13130,0.16430649,1.2057041,0.869489866665248,1.0,False
Cyp6a13,0.1643048,0.6361493,0.8694912139982809,1.0,False
CG12857,0.16430308,2.202834,0.8694925613316928,1.0,False
lms,0.16430308,3.316787,0.8694925613316928,1.0,False
S-Lap4,0.16430308,1.2471794,0.8694925613316928,1.0,False
CG10237,0.16429281,0.8475782,0.8695006453401204,1.0,False
lncRNA:CR45464,0.1642911,1.4083167,0.8695019926761843,1.0,False
CG31300,0.1642911,1.0276402,0.8695019926761843,1.0,False
CG6414,0.16428767,1.6991949,0.869504687349449,1.0,False
lncRNA:CR44300,0.16428596,1.9511687,0.8695060346866496,1.0,False
lncRNA:CR44606,0.16428424,1.8930646,0.869507382024229,1.0,False
Ilp3,0.1642774,0.7445628,0.8695127713783353,1.0,False
CG14797,0.16426714,0.90741706,0.8695208554208598,1.0,False
CG15473,0.164262,1.2858987,0.869524897447236,1.0,False
CG15399,0.16425002,0.8829605,0.8695343288553719,1.0,False
lncRNA:CR44612,0.16423632,0.92657053,0.8695451076302535,1.0,False
Hey,0.16422777,0.5390643,0.8695518443768637,1.0,False
scaRNA:MeU5-C46,0.16420893,0.9996174,0.8695666652527337,1.0,False
lncRNA:CR45922,0.16419867,0.6902995,0.8695747493861578,1.0,False
CG34234,0.16416787,0.6861696,0.8695990018682169,1.0,False
CG31777,0.16416101,0.6341223,0.8696043913253333,1.0,False
Cyp9f3,0.16415758,0.6796556,0.869607086056163,1.0,False
lncRNA:CR45203,0.16415417,0.5900721,0.8696097807885069,1.0,False
lncRNA:CR43635,0.16413876,0.3833294,0.869621907102793,1.0,False
CG1674,0.16407715,0.4539704,0.8696704126665145,1.0,False
CG4459,0.16406688,0.20659867,0.8696784969748164,1.0,False
Mics1,0.16405147,0.41915995,0.8696906234628086,1.0,False
CG6985,0.16404463,0.40980873,0.869696013022864,1.0,False
CG10359,0.16404463,0.101698935,0.869696013022864,1.0,False
if,0.1639385,0.2603441,0.8697795519776027,1.0,False
BubR1,0.16393337,0.2556966,0.8697835942219598,1.0,False
CG8136,0.16385807,0.0980236,0.8698428808633957,1.0,False
Kua,0.16373996,0.1128488,0.8699358545696573,1.0,False
CG42526,0.1637297,0.11445775,0.869943939324752,1.0,False
Myd88,0.16372456,0.16223677,0.8699479817073971,1.0,False
CG14086,0.1637006,0.096111074,0.8699668462046731,1.0,False
CG2129,0.16369376,0.16626786,0.8699722360746297,1.0,False
asRNA:CR43426,0.16366465,-0.009506266,0.8699951430893307,1.0,False
NdufV3,0.16357565,-0.023311539,0.870065212281972,1.0,False
GILT1,0.1635671,-0.08125802,0.8700719497581098,1.0,False
Cap-D3,0.16351062,0.1430326,0.8701164173371272,1.0,False
LamC,0.16348836,0.08373387,0.8701339349810205,1.0,False
CG31174,0.16346611,-0.028565424,0.870151452688638,1.0,False
Gcat,0.16339765,0.11322413,0.870205353727061,1.0,False
CG17032,0.16335486,-0.11241247,0.8702390421822914,1.0,False
ClC-a,0.16334802,0.082962245,0.8702444323569822,1.0,False
CG10352,0.16324703,0.16456051,0.8703239381337325,1.0,False
CG16739,0.16320595,0.08503729,0.8703562798417105,1.0,False
Ppox,0.16306902,-0.005759213,0.8704640871006278,1.0,False
MCPH1,0.16301425,-0.057672948,0.8705072106783198,1.0,False
lncRNA:CR44070,0.16276094,0.06220165,0.8707066622315036,1.0,False
CG33978,0.16263428,0.00434003,0.8708063910926772,1.0,False
beta3GalTII,0.16261716,-0.13843568,0.8708198681234054,1.0,False
CG13994,0.16243574,-0.24294989,0.8709627269545429,1.0,False
sona,0.16232963,0.016478628,0.871046287845253,1.0,False
ValRS-m,0.16203181,-0.10635977,0.8712808051273083,1.0,False
Argp,0.16175282,-0.042937826,0.8715005068710288,1.0,False
Hnf4,0.16151491,-0.024551965,0.8716878677248207,1.0,False
Sym,0.16150293,-0.026087714,0.8716973033540031,1.0,False
Vti1b,0.1612325,-0.1652861,0.871910283838527,1.0,False
RNaseP:RNA,0.16029969,-0.024081841,0.8726450028802294,1.0,False
Hsp70Ab,0.15984613,-0.071082376,0.8730022913268894,1.0,False
s-cup,0.15983585,-0.07436433,0.8730103811767967,1.0,False
Pms2,0.15970406,-0.20313904,0.8731142020956729,1.0,False
Eaf6,0.15970235,-0.25365308,0.8731155504336724,1.0,False
CG4611,0.15934977,-0.054399587,0.8733933159140169,1.0,False
CG11927,0.15665744,-0.12722014,0.8755148236648982,1.0,False
CG12768,0.15633395,-0.22753486,0.8757697888067913,1.0,False
Cdk2,0.1542835,-0.21048197,0.8773862158880756,1.0,False
lncRNA:CR45223,0.15408665,-0.031318128,0.8775414091028976,1.0,False
Adk3,0.15354751,-0.14762625,0.8779665276476538,1.0,False
CaBP1,0.15352698,-0.23834836,0.8779827233365153,1.0,False
p115,0.15229976,-0.31116268,0.8789505081955227,1.0,False
vih,0.15176918,-0.18011414,0.8793689928933451,1.0,False
CG1943,0.15149361,-0.14767893,0.8795863482497228,1.0,False
CG11858,0.15125228,-0.18833368,0.8797767103944301,1.0,False
CG32473,0.15098014,-0.07043814,0.8799913824249548,1.0,False
Sox14,0.15073197,0.3417364,0.8801871602058949,1.0,False
uncNacbeta,0.15071827,0.98922217,0.8801979619519298,1.0,False
Irk1,0.15067719,1.4658549,0.8802303673237781,1.0,False
Ugt37D1,0.15065666,1.1842916,0.8802465700849209,1.0,False
CG18563,0.1506498,2.0139155,0.8802519710164436,1.0,False
asRNA:CR44106,0.15063953,2.605699,0.8802600724241723,1.0,False
dyw,0.1506361,0.7701436,0.8802627728962003,1.0,False
drm,0.1506361,1.3774664,0.8802627728962003,1.0,False
CG4950,0.1506327,2.914708,0.8802654733696208,1.0,False
mthl14,0.15062927,1.9804624,0.8802681738444338,1.0,False
CG14629,0.15062584,1.0012765,0.8802708743206392,1.0,False
CG34160,0.15062584,1.3318298,0.8802708743206392,1.0,False
snoRNA:Psi28S-1135e,0.15062241,3.8259,0.8802735747982371,1.0,False
lncRNA:CR44619,0.15062241,0.93562305,0.8802735747982371,1.0,False
Cftr,0.15061557,0.5501443,0.8802789757576098,1.0,False
Pvf1,0.15061215,3.663532,0.8802816762393847,1.0,False
CG4666,0.15061215,1.296547,0.8802816762393847,1.0,False
Ctf4,0.1506053,1.9327369,0.8802870772071113,1.0,False
asRNA:CR46096,0.1506053,2.0056462,0.8802870772071113,1.0,False
mdy,0.1506053,1.2460828,0.8802870772071113,1.0,False
CG33278,0.15059504,0.9704129,0.8802951786691428,1.0,False
lncRNA:CR43408,0.15059161,2.0517042,0.8802978791592709,1.0,False
T3dh,0.15057108,0.9018988,0.8803140821292728,1.0,False
ZnT77C,0.15057108,1.2927756,0.8803140821292728,1.0,False
CG46335,0.15056765,0.99167156,0.8803167826291449,1.0,False
asRNA:CR45185,0.15054369,0.80664927,0.8803356861672212,1.0,False
CG13690,0.15054026,0.5677195,0.8803383866782276,1.0,False
CG14615,0.15051287,0.7705165,0.8803599908163751,1.0,False
CG42556,0.15049577,0.5193867,0.8803734934479382,1.0,False
AGO3,0.15048207,0.50945204,0.8803842955782314,1.0,False
lncRNA:CR44500,0.15043756,0.3910369,0.8804194026553912,1.0,False
CG31642,0.15042387,0.50471175,0.8804302048802661,1.0,False
Tdh,0.15039991,0.24181859,0.8804491088273335,1.0,False
Tsp42En,0.1503965,0.23665476,0.880451809396762,1.0,False
CG5773,0.15035884,0.39197308,0.8804815157522309,1.0,False
asRNA:CR43820,0.15034686,0.30061856,0.8804909678096987,1.0,False
CG7744,0.15032631,0.30503356,0.8805071713763974,1.0,False
ACXC,0.15032119,0.27329808,0.8805112222758894,1.0,False
lncRNA:CR43641,0.1503092,0.30130947,0.8805206743868634,1.0,False
CG43843,0.15030406,0.3081783,0.8805247252967775,1.0,False
Teh1,0.15028353,-0.11551212,0.8805409289676965,1.0,False
CG15475,0.15025443,0.25971785,0.8805638842537801,1.0,False
CG42561,0.1502493,0.23634307,0.8805679351970368,1.0,False
CG32026,0.1502493,0.22233106,0.8805679351970368,1.0,False
amd,0.15022533,0.23963949,0.8805868396402228,1.0,False
CG33914,0.15020137,0.3172653,0.8806057441514595,1.0,False
Tsp29Fb,0.15017056,0.20852824,0.880630050051597,1.0,False
asRNA:CR44340,0.14999941,0.03369949,0.8807650848772514,1.0,False
Cp7Fa,0.1499104,-0.26526523,0.8808353043569445,1.0,False
BomBc3,0.14985906,-0.025168464,0.8808758160214419,1.0,False
CG3420,0.14984193,-0.21605943,0.880889319978887,1.0,False
CG43394,0.14983852,0.10385801,0.8808920207745321,1.0,False
Ubx,0.14982995,0.15025051,0.8808987727697054,1.0,False
CG31161,0.14982824,0.12421599,0.8809001231697791,1.0,False
CG8202,0.14965366,-0.12383136,0.8810378657957197,1.0,False
PolG1,0.14961602,-0.19365217,0.8810675754615068,1.0,False
GPHR,0.14961602,-0.18102531,0.8810675754615068,1.0,False
Dus2,0.14949277,-0.05340376,0.8811648082650321,1.0,False
PHDP,0.14897588,0.03980399,0.8815726653550219,1.0,False
Tmtc4,0.14889714,-0.06951756,0.8816347920416511,1.0,False
Alg9,0.14888003,-0.04361619,0.8816482979394802,1.0,False
Nup160,0.1483871,-0.019301962,0.8820372825500706,1.0,False
sav,0.14827414,-0.17026329,0.8821264288674421,1.0,False
CG10514,0.14813721,-0.02517571,0.8822344870114869,1.0,False
ND-23,0.14790957,-0.08174167,0.8824141385260278,1.0,False
CG14864,0.14759122,-0.19297127,0.8826653906367373,1.0,False
YL-1,0.14740466,-0.21654378,0.8828126352648262,1.0,False
CG14434,0.1466584,-0.07829698,0.8834016542200633,1.0,False
I-3,0.14538157,-0.17547673,0.8844096203990218,1.0,False
D2hgdh,0.14509574,-0.09457258,0.8846352899930551,1.0,False
CG32281,0.14432894,-0.08311827,0.8852407252653839,1.0,False
APC4,0.14418346,-0.10396497,0.885355603370351,1.0,False
CG33493,0.14253692,-0.13001598,0.8866559206145156,1.0,False
CG11398,0.14240855,-0.28739843,0.8867573095687142,1.0,False
CG11309,0.14199948,-0.19490993,0.8870804147256115,1.0,False
Atf-2,0.14166401,-0.13149421,0.8873454020021347,1.0,False
CG18178,0.14132854,-0.23356892,0.8876104018722036,1.0,False
ifc,0.1407757,-0.22654505,0.8880471382416226,1.0,False
Psn,0.13911547,-0.32274213,0.8893589032639534,1.0,False
GXIVsPLA2,0.13864136,-0.24077442,0.8897335558536202,1.0,False
CG7849,0.13842228,-0.15807869,0.8899066888403222,1.0,False
Orct2,0.13795502,0.33775902,0.8902759665693282,1.0,False
CG30010,0.13785575,-0.1508354,0.8903544242470449,1.0,False
CG18011,0.13746037,0.5639154,0.8906669128858359,1.0,False
DNAlig3,0.13744669,-0.16612627,0.8906777353077482,1.0,False
Ets96B,0.13736452,0.33344924,0.8907426702668776,1.0,False
Mtpalpha,0.13714544,0.14159663,0.8909158337393691,1.0,False
CG42764,0.13701195,0.6672406,0.8910213577822487,1.0,False
CG14879,0.13700509,1.3350583,0.8910267693236736,1.0,False
ImpE1,0.13698968,0.4892441,0.8910389453104381,1.0,False
CG33777,0.1369777,0.8723425,0.89104841554013,1.0,False
mtsh,0.13696915,2.9515593,0.8910551799994255,1.0,False
CG17036,0.13696915,1.4533985,0.8910551799994255,1.0,False
CG13616,0.13696401,1.7483503,0.8910592386788089,1.0,False
RYa,0.13694005,2.709546,0.8910781792203368,1.0,False
lncRNA:CR32730,0.13693835,4.2685037,0.8910795321185386,1.0,False
CG43293,0.13693321,1.3902186,0.8910835908150466,1.0,False
tomb,0.1369315,1.5636783,0.8910849437145167,1.0,False
CG8870,0.13692807,1.3945793,0.8910876495144082,1.0,False
PGRP-LD,0.13692637,21.23858,0.8910890024148296,1.0,False
CG9514,0.13692637,2.5161026,0.8910890024148296,1.0,False
fln,0.13692123,3.2448874,0.891093061117996,1.0,False
lncRNA:CR45820,0.13692123,1.9846594,0.891093061117996,1.0,False
asRNA:CR46005,0.13691951,1.1095607,0.8910944140196857,1.0,False
Ag5r2,0.13691437,1.6154722,0.8910984727266568,1.0,False
CG13003,0.13691437,0.9295293,0.8910984727266568,1.0,False
CG2111,0.13690925,0.7036421,0.8911025314364812,1.0,False
CG11898,0.13690753,1.9548426,0.8911038843403901,1.0,False
rost,0.13690753,2.2972689,0.8911038843403901,1.0,False
CG34309,0.13690582,1.6818151,0.891105237244616,1.0,False
Cul6,0.13690582,2.0684218,0.891105237244616,1.0,False
asRNA:CR45501,0.13689898,1.2349485,0.8911106488646897,1.0,False
lncRNA:CR45640,0.13689898,1.3316833,0.8911106488646897,1.0,False
lncRNA:CR31386,0.13689898,1.4258875,0.8911106488646897,1.0,False
His2B:CG17949,0.13689727,0.92993176,0.8911120017705008,1.0,False
CG2641,0.13689727,1.573287,0.8911120017705008,1.0,False
CG33293,0.13689555,1.2402258,0.8911133546766287,1.0,False
vnd,0.13688871,1.3289667,0.8911187663043104,1.0,False
rasp,0.13688357,1.3615737,0.8911228250284,1.0,False
CG33642,0.13687502,1.06795,0.8911295895748887,1.0,False
asRNA:CR33945,0.1368733,0.937166,0.8911309424851374,1.0,False
HP1e,0.13686474,0.8346556,0.8911377070411345,1.0,False
CG14505,0.13683222,0.57240754,0.8911634124261787,1.0,False
asRNA:CR45813,0.1368288,0.52381325,0.8911661182628376,1.0,False
CG10344,0.13682708,0.44362345,0.8911674711816424,1.0,False
asRNA:CR45943,0.13682538,0.6426065,0.891168824100764,1.0,False
CG5897,0.13681681,0.64603025,0.8911755887011247,1.0,False
asRNA:CR45175,0.1368134,0.59327304,0.8911782945434866,1.0,False
sea,0.13681169,0.4935127,0.8911796474651428,1.0,False
Septin5,0.13679114,0.44802484,0.891195882549727,1.0,False
dsf,0.13678944,0.46378827,0.8911972354755013,1.0,False
CG44437,0.13678944,0.5048313,0.8911972354755013,1.0,False
lncRNA:CR44392,0.13678601,0.475547,0.8911999413280003,1.0,False
CG17048,0.13677575,0.4242801,0.8912080588930992,1.0,False
en,0.1367706,0.3986641,0.8912121176799244,1.0,False
sisRNA:CR46364,0.13675691,0.46590847,0.8912229411253935,1.0,False
Ilp7,0.1367552,0.32901397,0.8912242940575021,1.0,False
Heatr1,0.13673124,0.3465484,0.8912432351402738,1.0,False
Cyp305a1,0.13671926,0.3929291,0.8912527057049321,1.0,False
CG15332,0.13671413,0.2087904,0.8912567645231061,1.0,False
asRNA:CR43787,0.13664909,0.30280775,0.8913081764665601,1.0,False
CG14937,0.13656522,0.18862371,0.8913744714891517,1.0,False
CG42494,0.13650018,0.077586226,0.8914258844784289,1.0,False
beta-Man,0.13649333,0.21652623,0.8914312963985929,1.0,False
CG7131,0.13648477,0.14568432,0.8914380613059097,1.0,False
naz,0.13647793,0.19427909,0.8914434732374524,1.0,False
ana2,0.13643856,0.15621641,0.8914745919419477,1.0,False
CG30271,0.13643514,0.15610525,0.8914772979241512,1.0,False
COX5BL,0.13640946,0.026800746,0.8914975928309594,1.0,False
IFT43,0.13633244,0.043417353,0.8915584779777851,1.0,False
Indy,0.13632046,0.13283278,0.891567949058094,1.0,False
Pex2,0.13628966,-0.22679013,0.8915923033356297,1.0,False
CG12470,0.13625029,-0.11717523,0.8916234228390699,1.0,False
lncRNA:CR44498,0.13624002,0.097280756,0.8916315409978552,1.0,False
GstE6,0.13621263,0.12210964,0.8916531894768095,1.0,False
lncRNA:CR44914,0.13597815,-0.039780326,0.8918385578822248,1.0,False
ana,0.13580528,0.08781756,0.8919752201271718,1.0,False
mei-S332,0.13572825,0.07423243,0.8920361102796389,1.0,False
Irbp,0.13551944,0.010542499,0.8922011934497474,1.0,False
armi,0.1350419,0.0075478484,0.8925787372620722,1.0,False
CG12499,0.13485363,-0.034379568,0.8927275963578747,1.0,False
Rab9,0.13452844,0.017975835,0.8929847255134096,1.0,False
CG18787,0.13411252,-0.15374728,0.8933135965605178,1.0,False
Vps51,0.13359392,-0.17525451,0.8937236960270923,1.0,False
bisc,0.13352203,-0.29241553,0.8937805437424099,1.0,False
lncRNA:CR44332,0.13349465,-0.08877584,0.8938022001584546,1.0,False
Ns1,0.1327056,-0.24670784,0.8944262095852508,1.0,False
Ptpa,0.1323359,-0.17289394,0.8947186096081569,1.0,False
CG10479,0.13214079,-0.07248191,0.8948729376125962,1.0,False
Msh6,0.13195765,-0.12959915,0.8950177929563098,1.0,False
CG4709,0.13195422,-0.2810397,0.8950205005661711,1.0,False
Irp-1B,0.13188918,-0.25533572,0.8950719453858748,1.0,False
CG8323,0.13129869,-0.10885412,0.895539030360817,1.0,False
CG13288,0.13099745,-0.105863966,0.8957773253514923,1.0,False
CG2712,0.1309598,-0.19537443,0.8958071128869561,1.0,False
Dpy-30L1,0.13054559,-0.232778,0.8961347854626913,1.0,False
Sil1,0.12868167,-0.26568893,0.8976095305217369,1.0,False
Srp68,0.12803128,-0.10821851,0.898124217456171,1.0,False
Nsf2,0.12573434,-0.17317541,0.899942216514221,1.0,False
Etfb,0.12521574,-0.1607326,0.9003527617342666,1.0,False
CG10581,0.1242213,-0.23667765,0.9011400532872774,1.0,False
ken,0.12356064,0.664282,0.9016631613923527,1.0,False
CG1582,0.123500735,-0.11731866,0.9017105955894259,1.0,False
CG6153,0.12348019,-0.20890222,0.9017268588235035,1.0,False
unc-4,0.12334327,0.32069325,0.9018352814377621,1.0,False
Gr59d,0.12332957,1.0066876,0.9018461237999348,1.0,False
E5,0.12330903,0.63317823,0.9018623873775236,1.0,False
Six4,0.123302184,0.3215236,0.9018678085792068,1.0,False
NT5E-2,0.12328507,0.77276754,0.901881361603436,1.0,False
CG17219,0.123271376,1.6522361,0.9018922040434106,1.0,False
CG34115,0.123267956,1.7816927,0.9018949146562639,1.0,False
asRNA:CR44054,0.123264536,4.4745045,0.9018976252702608,1.0,False
CG3819,0.123264536,1.1199386,0.9018976252702608,1.0,False
CG15293,0.12325426,1.5520275,0.9019057571191145,1.0,False
CG4476,0.12325084,4.8140454,0.9019084677376864,1.0,False
Tollo,0.12325084,0.45888802,0.9019084677376864,1.0,False
Tpp,0.12325084,5.554579,0.9019084677376864,1.0,False
Dmel_CR42735,0.123247415,0.71592,0.9019111783574019,1.0,False
lncRNA:CR44771,0.123247415,1.5240686,0.9019111783574019,1.0,False
bark,0.123243995,0.32088175,0.901913888978261,1.0,False
lncRNA:CR44365,0.123243995,1.733375,0.901913888978261,1.0,False
snoRNA:lola-c,0.123243995,1.4084373,0.901913888978261,1.0,False
28SrRNA-Psi:CR41609,0.12324228,0.5064994,0.9019152442891194,1.0,False
CG42566,0.12324057,3.0101247,0.9019165996002636,1.0,False
CG2003,0.12323715,2.0690491,0.9019193102234099,1.0,False
dhd,0.12323373,20.131784,0.9019220208476996,1.0,False
Tig,0.12323373,2.9144042,0.9019220208476996,1.0,False
CG32572,0.12323373,20.256668,0.9019220208476996,1.0,False
CG15649,0.12323373,20.740303,0.9019220208476996,1.0,False
CG18094,0.12323373,1.7864401,0.9019220208476996,1.0,False
CG5346,0.1232303,1.524685,0.9019247314731328,1.0,False
trk,0.12322688,1.2383769,0.9019274420997094,1.0,False
asRNA:CR31144,0.12322688,1.3997724,0.9019274420997094,1.0,False
CG5157,0.12322688,1.8510984,0.9019274420997094,1.0,False
hebe,0.123223454,0.8834146,0.9019301527274295,1.0,False
lncRNA:CR45112,0.123223454,2.711904,0.9019301527274295,1.0,False
CG10337,0.123223454,2.1843445,0.9019301527274295,1.0,False
CG7409,0.123220034,0.94640553,0.9019328633562929,1.0,False
Cap-D2,0.123220034,2.0637755,0.9019328633562929,1.0,False
CG43218,0.123220034,0.8045639,0.9019328633562929,1.0,False
CG14125,0.12321661,2.5869994,0.9019355739862996,1.0,False
su(r),0.12321319,0.5333226,0.9019382846174497,1.0,False
Sr-CI,0.12321319,1.0531216,0.9019382846174497,1.0,False
lncRNA:CR43859,0.12320976,0.82681865,0.9019409952497431,1.0,False
lncRNA:CR44999,0.12320976,1.183708,0.9019409952497431,1.0,False
pre-rRNA:CR45856,0.12319607,1.2160277,0.9019518377903488,1.0,False
Cyp6v1,0.123192646,0.78085136,0.9019545484283582,1.0,False
Dyro,0.123192646,0.37440014,0.9019545484283582,1.0,False
CG6678,0.123189226,1.1867057,0.9019572590675106,1.0,False
asRNA:CR45124,0.123189226,0.49113783,0.9019572590675106,1.0,False
CG15539,0.1231858,0.71926516,0.9019599697078061,1.0,False
pim,0.1231858,1.0554863,0.9019599697078061,1.0,False
asRNA:CR45171,0.12318238,1.0257338,0.9019626803492446,1.0,False
CG15043,0.12317895,0.79152584,0.9019653909918262,1.0,False
lncRNA:CR44566,0.12317553,0.760763,0.9019681016355506,1.0,False
CG14410,0.123172104,0.6500514,0.9019708122804181,1.0,False
Prat,0.123172104,0.59079146,0.9019708122804181,1.0,False
Ntl,0.123172104,0.84857243,0.9019708122804181,1.0,False
lncRNA:CR45199,0.123165265,0.749833,0.9019762335735817,1.0,False
PGRP-LC,0.123165265,0.6669785,0.9019762335735817,1.0,False
B-H1,0.12315499,0.4269583,0.9019843655218984,1.0,False
CG31213,0.12314814,0.62889606,0.90198978682649,1.0,False
MED27,0.12314814,-0.25098494,0.90198978682649,1.0,False
frma,0.123141296,0.6645631,0.9019952081356524,1.0,False
Mob4,0.12313959,-0.16387926,0.9019965634636571,1.0,False
CG1638,0.12313103,0.3986496,0.9020033401079656,1.0,False
CG13877,0.12312076,0.5256652,0.9020114720905617,1.0,False
CG11619,0.12310707,0.4057872,0.902022314750017,1.0,False
Fpgs2,0.123105355,0.39012858,0.9020236700837341,1.0,False
CG45081,0.123093374,0.4968303,0.9020331574277495,1.0,False
lncRNA:CR45380,0.123093374,0.22389469,0.9020331574277495,1.0,False
CG3823,0.12308311,0.51211107,0.9020412894480418,1.0,False
net,0.12307968,0.33328053,0.902044000123757,1.0,False
CG8701,0.12307283,0.28403518,0.9020494214786132,1.0,False
IntS10,0.1230523,0.19225956,0.9020656855705891,1.0,False
ptc,0.123042025,0.23780543,0.9020738176319919,1.0,False
CG3842,0.12302491,0.20370178,0.9020873710904974,1.0,False
lncRNA:Irar,0.12302491,0.33419225,0.9020873710904974,1.0,False
RhoL,0.122987255,0.30965838,0.9021171887996616,1.0,False
Fpgs1,0.122935906,0.247302,0.9021578495346884,1.0,False
slx1,0.12288114,0.17362516,0.9022012212682873,1.0,False
CG3919,0.12287429,-0.091793664,0.9022066427555143,1.0,False
asRNA:CR44027,0.12274079,0.16778211,0.9023123626677138,1.0,False
CG6785,0.12271683,0.05550747,0.9023313382199977,1.0,False
loh,0.122651786,-0.09803494,0.9023828435717229,1.0,False
lncRNA:CR45382,0.122454956,-0.10232532,0.9025387175332382,1.0,False
CG5776,0.12240189,-0.09658931,0.9025807363747009,1.0,False
Targ3,0.12238136,-0.0034489864,0.9025970018059566,1.0,False
pippin,0.122371085,0.079046965,0.9026051345369165,1.0,False
lds,0.12235055,-0.09298243,0.9026214000294965,1.0,False
CG9257,0.12218795,-0.2321133,0.9027501699545413,1.0,False
asRNA:CR44031,0.12218795,-0.020741206,0.9027501699545413,1.0,False
icln,0.122138314,-0.22031055,0.902789479178352,1.0,False
mael,0.1221212,0.06323896,0.9028030341383753,1.0,False
PXo,0.12178744,-0.17107037,0.9030673615169931,1.0,False
eIF6,0.121751495,-0.33377114,0.9030958281837511,1.0,False
squ,0.12142287,-0.22311069,0.9033561006228706,1.0,False
Cdc23,0.12103948,-0.09401638,0.9036597649262659,1.0,False
asRNA:CR46104,0.12101894,-0.14175707,0.9036760330548852,1.0,False
asun,0.12047466,-0.1671081,0.9041071531762727,1.0,False
lncRNA:CR44206,0.12024188,-0.041754045,0.9042915402309365,1.0,False
Pbp95,0.11931421,-0.17276414,0.9050264280462752,1.0,False
CG46281,0.11873911,-0.13398607,0.9054820451411756,1.0,False
CG5986,0.116462715,-0.18625344,0.9072858333626792,1.0,False
nop5,0.11594068,-0.23020844,0.9076995517949757,1.0,False
CG4646,0.11516705,-0.19409181,0.9083127149669674,1.0,False
Awh,0.113939844,-0.22202173,0.9092854773208036,1.0,False
Cpsf100,0.11329972,-0.23328683,0.9097929416049872,1.0,False
CG5913,0.11276228,-0.27043825,0.9102190229377464,1.0,False
CG33158,0.112681836,-0.1904362,0.9102828016677676,1.0,False
CG16865,0.11091206,-0.15866534,0.9116860792737486,1.0,False
Naa15-16,0.110297605,-0.22400531,0.912173355390634,1.0,False
CG10660,0.10971224,0.5507799,0.9126375878702448,1.0,False
chas,0.10967288,0.40605578,0.9126688092549116,1.0,False
CG3097,0.10966261,0.76758367,0.9126769539861257,1.0,False
CG15353,0.10962838,1.6019496,0.9127041031564133,1.0,False
slow,0.109611265,1.4968753,0.9127176777797656,1.0,False
TTLL3A,0.10960955,1.9971611,0.9127190352435016,1.0,False
Balat,0.10960442,0.35433966,0.9127231076362377,1.0,False
Mrp4,0.109602705,1.1650485,0.9127244651009923,1.0,False
CG5050,0.109559916,0.99087757,0.91275840180261,1.0,False
CG6293,0.109559916,0.79800045,0.91275840180261,1.0,False
CG32110,0.1095582,0.7827463,0.9127597592739845,1.0,False
Rpt3R,0.10955478,2.7942684,0.9127624742174967,1.0,False
Obp57e,0.10955478,1.6549999,0.9127624742174967,1.0,False
Hml,0.10955307,0.6723683,0.9127638316896346,1.0,False
Gr32a,0.10955307,1.4411308,0.9127638316896346,1.0,False
CG32536,0.109551355,1.7678475,0.9127651891620272,1.0,False
CG12231,0.10954965,3.3908312,0.9127665466346742,1.0,False
asRNA:CR45190,0.109547935,2.646225,0.9127679041075757,1.0,False
Tep1,0.109547935,1.68238,0.9127679041075757,1.0,False
CG9445,0.109547935,2.9553897,0.9127679041075757,1.0,False
CG12075,0.10954622,1.3181111,0.9127692615807318,1.0,False
CG14253,0.10954622,1.4183311,0.9127692615807318,1.0,False
CG16772,0.10954451,1.5800487,0.9127706190541425,1.0,False
CG8399,0.10954451,2.593519,0.9127706190541425,1.0,False
CG9083,0.1095428,2.9207938,0.9127719765278075,1.0,False
AttB,0.1095428,3.5370545,0.9127719765278075,1.0,False
CG43673,0.10954109,20.623041,0.9127733340017272,1.0,False
snoRNA:gcl-a,0.10954109,19.76498,0.9127733340017272,1.0,False
CG30345,0.10954109,20.387613,0.9127733340017272,1.0,False
CG33494,0.10954109,1.5475149,0.9127733340017272,1.0,False
asRNA:CR44047,0.10954109,20.721228,0.9127733340017272,1.0,False
bgm,0.10954109,2.2875607,0.9127733340017272,1.0,False
LanB2,0.10953767,1.1591568,0.9127760489503299,1.0,False
Fmo-2,0.10953767,2.2610881,0.9127760489503299,1.0,False
Itgbn,0.109535955,2.9229343,0.9127774064250131,1.0,False
asRNA:CR31845,0.10953424,1.5343784,0.9127787638999508,1.0,False
asRNA:CR43786,0.10953424,1.4807802,0.9127787638999508,1.0,False
ddbt,0.10953253,2.605132,0.912780121375143,1.0,False
CG13373,0.10953082,1.5163393,0.9127814788505896,1.0,False
lncRNA:CR44208,0.10953082,1.6393358,0.9127814788505896,1.0,False
CG8642,0.10952911,2.7029274,0.9127828363262906,1.0,False
lncRNA:CR44444,0.10952911,1.5394202,0.9127828363262906,1.0,False
lncRNA:CR43966,0.10952911,2.698428,0.9127828363262906,1.0,False
asRNA:CR31912,0.109527394,1.1403544,0.9127841938022463,1.0,False
lncRNA:CR44186,0.10952568,1.5490528,0.9127855512784564,1.0,False
CG10962,0.10952568,2.0105581,0.9127855512784564,1.0,False
Prim2,0.10952568,1.5142258,0.9127855512784564,1.0,False
Pen,0.10952568,1.9200829,0.9127855512784564,1.0,False
blanks,0.109523974,1.0576237,0.912786908754921,1.0,False
Argk2,0.10951713,0.7729097,0.9127923386633239,1.0,False
lncRNA:CR46024,0.10951541,1.4448459,0.9127936961410608,1.0,False
CG43779,0.1095137,0.8684966,0.9127950536190521,1.0,False
lncRNA:CR44597,0.109511994,0.5907309,0.9127964110972979,1.0,False
CG9876,0.10951028,1.2807205,0.9127977685757982,1.0,False
lncRNA:CR44974,0.10951028,1.1367294,0.9127977685757982,1.0,False
asRNA:CR43806,0.10951028,1.1076998,0.9127977685757982,1.0,False
CG1368,0.10950686,1.2846553,0.9128004835335619,1.0,False
CG11892,0.10950515,0.37234843,0.9128018410128255,1.0,False
CG12420,0.10950343,0.69160587,0.9128031984923434,1.0,False
Spn77Ba,0.10950001,0.3696285,0.9128059134521426,1.0,False
CG5078,0.1094983,0.671449,0.9128072709324239,1.0,False
CG1092,0.1094983,0.91317147,0.9128072709324239,1.0,False
CG34328,0.109496586,1.0462865,0.9128086284129595,1.0,False
lncRNA:CR45659,0.10947947,0.6985528,0.9128222032323077,1.0,False
Cyp4ac3,0.10947776,0.785501,0.9128235607156415,1.0,False
CG15373,0.109472625,0.32267013,0.9128276331671694,1.0,False
CG3246,0.10946749,0.62464696,0.9128317056209865,1.0,False
Khk,0.10946749,0.7978668,0.9128317056209865,1.0,False
CG9380,0.109460644,0.5992533,0.9128371355629701,1.0,False
Corp,0.10945893,0.5338996,0.9128384930491018,1.0,False
spag4,0.10944182,0.48309052,0.9128520679244059,1.0,False
CG5080,0.10944182,0.35466692,0.9128520679244059,1.0,False
CG12880,0.1094401,0.40562955,0.9128534254133349,1.0,False
sog,0.10943497,0.06493152,0.9128574978816477,1.0,False
Dhc98D,0.10942812,0.44960606,0.9128629278429577,1.0,False
ms(3)76Ba,0.10942299,0.3097527,0.9128670003166099,1.0,False
Ugt317A1,0.10941101,0.3847128,0.91287650276403,1.0,False
stac,0.10940416,0.25474513,0.912881932739577,1.0,False
Dhc36C,0.10940074,0.28791574,0.9128846477288758,1.0,False
Elal,0.10937849,0.24435715,0.9129022951840993,1.0,False
asRNA:CR45925,0.10937335,0.099672705,0.9129063676798659,1.0,False
Dhfr,0.10935966,0.28852943,0.9129172276797579,1.0,False
CG15082,0.10934939,0.14152433,0.9129253726903491,1.0,False
PolE1,0.10934768,0.27423137,0.9129267301930035,1.0,False
out,0.109345965,0.23650332,0.912928087695912,1.0,False
Sting,0.10931345,0.18205564,0.9129538802994415,1.0,False
Ugt35C1,0.10929462,0.20162892,0.9129688129012893,1.0,False
RpL37-2,0.109263815,0.17893691,0.9129932481342266,1.0,False
MFS12,0.10923814,0.17137088,0.9130136108911756,1.0,False
CG14298,0.10922958,0.17213258,0.9130203984895168,1.0,False
CG6424,0.10921418,-0.0047108834,0.9130326161825195,1.0,False
Lapsyn,0.1091577,0.08129341,0.9130774145660303,1.0,False
asRNA:CR43609,0.10913544,0.124663584,0.9130950624899232,1.0,False
nompB,0.10913202,0.1398337,0.9130977775589415,1.0,False
H15,0.10912004,0.07096096,0.9131072803084925,1.0,False
Cp18,0.10910463,-0.3463682,0.9131194981475987,1.0,False
CG10208,0.10910121,-0.1196972,0.9131222132257445,1.0,False
lncRNA:CR44171,0.10903275,-0.21298839,0.9131765150015562,1.0,False
Dsk,0.108928345,0.256188,0.9132593259900088,1.0,False
ppk29,0.108853035,-0.12579612,0.9133190590909909,1.0,False
CG5348,0.10884961,0.03925914,0.913321774243582,1.0,False
Tab2,0.10883592,0.036573775,0.9133326348640629,1.0,False
lncRNA:CR45180,0.10882223,0.047772545,0.9133434955007288,1.0,False
CG42259,0.108647645,-0.24814872,0.9134819700360743,1.0,False
CG8547,0.108635664,-0.02367867,0.9134914732868215,1.0,False
Ir76a,0.10855179,0.00031593838,0.9135579963883123,1.0,False
CG12010,0.108474776,-0.11336504,0.9136190895660353,1.0,False
eya,0.10845937,-0.0017464947,0.9136313082628426,1.0,False
T48,0.1083464,-0.038268767,0.9137209126630105,1.0,False
CG3345,0.10831389,-0.15585825,0.9137467080724714,1.0,False
ctg,0.10827965,-0.09579126,0.9137738612332215,1.0,False
hd,0.10792707,-0.16963546,0.91405354464035,1.0,False
Mettl1,0.10760016,-0.16985287,0.9143128722604619,1.0,False
Orc5,0.10741873,-0.31748155,0.9144567962387893,1.0,False
CG12134,0.10733486,-0.18348087,0.9145233280827105,1.0,False
MetRS-m,0.10673923,-0.11969194,0.9149958571578568,1.0,False
kz,0.1060991,-0.39029092,0.9155037236185138,1.0,False
CG43342,0.10604262,-0.3177609,0.9155485370241191,1.0,False
Vang,0.10551032,-0.20052761,0.9159708825873402,1.0,False
Abcd3,0.10495063,-0.2689413,0.916414982120401,1.0,False
CG14965,0.10474182,-0.14067483,0.9165806773205272,1.0,False
Srlp,0.10428654,-0.17960842,0.9169419597381447,1.0,False
CG14220,0.104096554,-0.18554601,0.9170927255231561,1.0,False
Teh3,0.103398226,-0.18484677,0.9176469172327092,1.0,False
IntS8,0.10328869,-0.32491902,0.9177338529033269,1.0,False
Tango6,0.102905296,-0.20712255,0.9180381354897756,1.0,False
muskelin,0.10271873,-0.17793155,0.9181862059147614,1.0,False
me31B,0.102711886,-0.17778604,0.9181916397458323,1.0,False
CG11885,0.10247911,-0.22558443,0.9183763922741254,1.0,False
CG6574,0.10194339,-0.27503225,0.918801611511403,1.0,False
Mesh1,0.10135631,-0.2182089,0.9192676132505522,1.0,False
M1BP,0.10014281,-0.19605312,0.9202309523790935,1.0,False
Pgm2a,0.09987237,-0.22784963,0.9204456476225534,1.0,False
CG4328,0.098432936,-0.20544995,0.9215885214027727,1.0,False
mRpL51,0.09839186,-0.23866682,0.921621138500125,1.0,False
gpp,0.0982943,-0.018033894,0.9216986046345857,1.0,False
CG14883,0.09824295,-0.20323367,0.921739376582732,1.0,False
Fak,0.098152235,-0.1287509,0.9218114075270382,1.0,False
Rel,0.09712529,-0.12695533,0.9226268967664407,1.0,False
cv-2,0.096218154,-0.1587508,0.9233473132837515,1.0,False
Jhbp16,0.096088074,0.4699199,0.9234506234626294,1.0,False
CG13482,0.09595115,1.0345466,0.9235593724143397,1.0,False
CG43341,0.09592034,1.318283,0.92358384112545,1.0,False
edl,0.09591349,1.0347217,0.9235892786266284,1.0,False
blot,0.09590151,0.2816792,0.9235987942622822,1.0,False
asRNA:CR46029,0.09589638,0.4025315,0.9236028723951951,1.0,False
CG13455,0.09589295,1.0315931,0.923605591151586,1.0,False
CG44006,0.095886104,0.872423,0.9236110286670451,1.0,False
srp,0.095879264,1.4045403,0.9236164661860738,1.0,False
CG11263,0.09587584,2.4944916,0.9236191849469266,1.0,False
CG14448,0.09586557,1.2678846,0.9236273412348388,1.0,False
snoRNA:2R:9445410,0.09586214,6.4653397,0.9236300599992606,1.0,False
CG7342,0.09585872,1.2661161,0.9236327787645746,1.0,False
Acsf2,0.09585872,0.71990097,0.9236327787645746,1.0,False
CG5399,0.09585872,3.410473,0.9236327787645746,1.0,False
cv,0.09585872,1.2072849,0.9236327787645746,1.0,False
CG42493,0.095855296,2.329987,0.9236354975307808,1.0,False
asRNA:CR46137,0.095855296,1.1200423,0.9236354975307808,1.0,False
Rbf2,0.095851876,1.1099855,0.923638216297879,1.0,False
asRNA:CR46020,0.095851876,3.2525768,0.923638216297879,1.0,False
CecC,0.095851876,1.787374,0.923638216297879,1.0,False
CG31875,0.095848456,20.078604,0.9236409350658693,1.0,False
lncRNA:CR45687,0.095848456,20.210854,0.9236409350658693,1.0,False
CG12206,0.095848456,2.9995139,0.9236409350658693,1.0,False
CG33666,0.095848456,20.660553,0.9236409350658693,1.0,False
lncRNA:CR43836,0.095848456,20.534836,0.9236409350658693,1.0,False
CG34303,0.095848456,20.021826,0.9236409350658693,1.0,False
asRNA:CR45000,0.095848456,19.873337,0.9236409350658693,1.0,False
snoRNA:Psi28S-3305a,0.095848456,19.686253,0.9236409350658693,1.0,False
Marf1,0.095848456,20.686928,0.9236409350658693,1.0,False
snoRNA:Psi28S-3305c,0.095848456,20.289043,0.9236409350658693,1.0,False
CG33667,0.095848456,3.5214884,0.9236409350658693,1.0,False
CG11741,0.09584503,1.6254004,0.9236436538347517,1.0,False
CG7568,0.09584503,1.7352282,0.9236436538347517,1.0,False
CG9313,0.09584503,0.8395535,0.9236436538347517,1.0,False
CG6865,0.09584503,1.7510269,0.9236436538347517,1.0,False
lncRNA:CR46131,0.09584503,2.0433006,0.9236436538347517,1.0,False
CG43232,0.09584503,2.5800023,0.9236436538347517,1.0,False
NtR,0.09584503,1.2462364,0.9236436538347517,1.0,False
Osi24,0.09584503,1.4631569,0.9236436538347517,1.0,False
lncRNA:CR44357,0.09584503,1.6506164,0.9236436538347517,1.0,False
lncRNA:CR44232,0.09584161,2.5192173,0.923646372604526,1.0,False
CG46304,0.09584161,2.9525487,0.923646372604526,1.0,False
asRNA:CR44984,0.09584161,1.194363,0.923646372604526,1.0,False
hmw,0.09584161,2.5801806,0.923646372604526,1.0,False
COX7CL,0.09583818,1.3007016,0.9236490913751922,1.0,False
CG5697,0.09583818,2.529078,0.9236490913751922,1.0,False
lncRNA:CR45177,0.09583818,1.1855364,0.9236490913751922,1.0,False
asRNA:CR45804,0.09583476,1.3948176,0.9236518101467506,1.0,False
Whamy,0.09583476,1.9465011,0.9236518101467506,1.0,False
Sgp,0.09583476,1.1327071,0.9236518101467506,1.0,False
Pfas,0.09583476,0.89132917,0.9236518101467506,1.0,False
asRNA:CR45350,0.09583476,0.9861712,0.9236518101467506,1.0,False
CG31988,0.09583476,1.0232879,0.9236518101467506,1.0,False
lncRNA:CR44965,0.09583476,0.8490863,0.9236518101467506,1.0,False
lncRNA:CR43849,0.095831335,0.8179792,0.9236545289192007,1.0,False
lncRNA:CR45284,0.095831335,0.99069494,0.9236545289192007,1.0,False
CG4860,0.095831335,1.4346242,0.9236545289192007,1.0,False
gcm2,0.095827915,0.90486753,0.9236572476925429,1.0,False
CG31769,0.09582449,1.2762909,0.9236599664667767,1.0,False
swi2,0.09582449,0.7447937,0.9236599664667767,1.0,False
CG8509,0.09582449,1.0558289,0.9236599664667767,1.0,False
lncRNA:CR44657,0.09582107,0.56627196,0.9236626852419025,1.0,False
asRNA:CR46107,0.09581764,0.94125295,0.92366540401792,1.0,False
lncRNA:marge,0.09581422,0.9705078,0.9236681227948292,1.0,False
asRNA:CR45007,0.09581422,0.6555909,0.9236681227948292,1.0,False
asRNA:CR44114,0.0958108,0.8525534,0.9236708415726302,1.0,False
Mpcp1,0.0958108,0.8663706,0.9236708415726302,1.0,False
Tat,0.09580737,0.41775054,0.923673560351323,1.0,False
Cyp6a14,0.09580395,0.5331538,0.9236762791309073,1.0,False
CG6220,0.09580395,0.617312,0.9236762791309073,1.0,False
CG9664,0.09580053,0.50761616,0.9236789979113833,1.0,False
gas,0.09579711,0.6034549,0.9236817166927509,1.0,False
CG5001,0.09579368,0.26377842,0.9236844354750101,1.0,False
asRNA:CR17025,0.09579026,0.5644606,0.9236871542581607,1.0,False
ems,0.09578683,0.6041235,0.923689873042203,1.0,False
CG2493,0.09578683,0.3341713,0.923689873042203,1.0,False
mth,0.09578341,0.5204903,0.9236925918271366,1.0,False
mtrm,0.09578341,0.52136254,0.9236925918271366,1.0,False
CG5167,0.09577999,0.4561581,0.9236953106129617,1.0,False
TTLL6B,0.095776565,0.43621463,0.9236980293996783,1.0,False
Vinc,0.095776565,0.21103908,0.9236980293996783,1.0,False
Sur,0.09576287,0.4305291,0.9237089045554577,1.0,False
CG14695,0.09576287,0.34129468,0.9237089045554577,1.0,False
CG10864,0.09576287,0.36193928,0.9237089045554577,1.0,False
CG10307,0.095756024,0.30870375,0.9237143421386951,1.0,False
CG10621,0.095756024,0.489573,0.9237143421386951,1.0,False
CG15362,0.095752604,0.3185273,0.9237170609316506,1.0,False
CG6628,0.095752604,0.30580622,0.9237170609316506,1.0,False
CG4984,0.09574234,0.2878564,0.9237252173158639,1.0,False
ex,0.095725216,0.15593202,0.9237388113073736,1.0,False
fus,0.095697835,0.27772617,0.9237605617401142,1.0,False
Argl,0.095685855,0.19230133,0.9237700775723636,1.0,False
SmydA-1,0.09567558,0.21632637,0.9237782340086887,1.0,False
asRNA:CR46066,0.09567045,0.068915956,0.9237823122298566,1.0,False
asRNA:CR44806,0.09565162,0.1182872,0.9237972657246116,1.0,False
CCHa1,0.095625944,0.14449151,0.9238176568972203,1.0,False
CG15611,0.09560541,0.2563234,0.9238339698713525,1.0,False
CG5509,0.09559856,0.13654532,0.9238394075365153,1.0,False
cana,0.09558487,0.15833527,0.9238502828775174,1.0,False
nopo,0.095579736,0.104569755,0.9238543611340629,1.0,False
Paris,0.09556091,0.12677173,0.9238693147585199,1.0,False
CG44085,0.095550634,0.10362693,0.9238774712922909,1.0,False
Hf,0.0955301,0.052062094,0.9238937843838432,1.0,False
fat-spondin,0.095492445,0.15388122,0.923923691801482,1.0,False
dsx,0.095480464,0.1275642,0.9239332078205578,1.0,False
Nubp2,0.09542398,-0.26474175,0.9239780691999471,1.0,False
lncRNA:CR44178,0.09536921,0.09194131,0.9240215713745115,1.0,False
Sld5,0.09536921,0.034575675,0.9240215713745115,1.0,False
UK114,0.095353805,0.09547239,0.9240338064020547,1.0,False
tos,0.09534525,0.05810352,0.9240406036473444,1.0,False
CG18628,0.095307596,-0.2003731,0.9240705115925018,1.0,False
CG14795,0.09527336,0.06420104,0.9240977007266955,1.0,False
ldbr,0.09523742,-0.063674465,0.9241262494130335,1.0,False
UQCR-11L,0.095184356,-0.2843958,0.9241683928905132,1.0,False
E(spl)mbeta-HLH,0.09513472,0.087165214,0.924207817626651,1.0,False
lncRNA:CR31044,0.09512274,0.0043370696,0.9242173339701661,1.0,False
Fbp,0.09502518,-0.18403809,0.9242948245995299,1.0,False
mdlc,0.094742775,-0.03384467,0.9245191436263298,1.0,False
Dtg,0.09471197,-0.48408777,0.924543615156307,1.0,False
Trhn,0.09467431,0.008908954,0.9245735249010262,1.0,False
Spn88Ea,0.09460242,-0.08543003,0.9246306256188142,1.0,False
Mtr4,0.09449973,-0.37848192,0.9247121987463439,1.0,False
CG9541,0.09447919,-0.06879419,0.9247285134668741,1.0,False
CG5888,0.094462074,-0.116324194,0.9247421090915,1.0,False
Ube4A,0.09443297,-0.23745407,0.9247652217038089,1.0,False
Trmt6,0.09442613,-0.042058107,0.9247706599747588,1.0,False
GstE11,0.094367936,-0.21172164,0.9248168854197527,1.0,False
Mct1,0.09412832,-0.05067203,0.9250072281603583,1.0,False
CG17266,0.09331532,-0.16046143,0.9256530658170747,1.0,False
Sas-4,0.09316983,-0.12973998,0.9257686419469914,1.0,False
Rrp46,0.09285832,-0.065960675,0.9260161161022095,1.0,False
ball,0.09272653,-0.21440665,0.926120818862698,1.0,False
NHP2,0.092310615,-0.29301676,0.9264512528396748,1.0,False
mRpS26,0.09192551,-0.23016474,0.926757221538868,1.0,False
CG9107,0.09161914,-0.22723766,0.9270006443759413,1.0,False
Tfb4,0.090400495,-0.31306335,0.927968963528507,1.0,False
vito,0.09035599,-0.23304236,0.9280043255252015,1.0,False
CG12259,0.090294376,-0.22397515,0.9280532885245782,1.0,False
Rpp30,0.09011295,-0.18763326,0.9281974589373179,1.0,False
nemy,0.08982711,-0.09768568,0.9284246001224369,1.0,False
l(3)72Dn,0.089717574,-0.2599449,0.9285116497880814,1.0,False
GstT2,0.08936156,-0.2563045,0.9287945671044081,1.0,False
ArgRS-m,0.08877278,-0.16288769,0.9292624885551931,1.0,False
pasi2,0.0885982,-0.2722652,0.9294012374147421,1.0,False
fsd,0.08844929,-0.19790135,0.9295195837263234,1.0,False
CG30089,0.08835687,-0.14357062,0.9295930408418092,1.0,False
CG14210,0.08833804,-0.25159636,0.9296080044018626,1.0,False
CG17260,0.08736073,-0.22678326,0.930384783253986,1.0,False
CG30156,0.08721867,-0.34513292,0.9304977006045927,1.0,False
Hsc20,0.08637486,-0.08970363,0.9311684312171922,1.0,False
Surf6,0.08506379,-0.26559854,0.9322106774233232,1.0,False
Dhps,0.08387082,-0.2718374,0.9331591408869615,1.0,False
Chmp1,0.0835867,-0.15820608,0.9333850443632398,1.0,False
Chrac-14,0.0832033,-0.20721321,0.933689886470707,1.0,False
CG31689,0.08243138,0.40379068,0.9343036828468225,1.0,False
tko,0.08239373,-0.13662423,0.9343336251354997,1.0,False
olf186-M,0.08235436,0.33272028,0.9343649285366242,1.0,False
GstE8,0.08228761,0.7330636,0.9344180084487057,1.0,False
CG9743,0.08226365,0.17777075,0.9344370628472486,1.0,False
CG34316,0.08225167,1.4276402,0.9344465900606058,1.0,False
lncRNA:CR43785,0.0822277,0.54765946,0.9344656445154851,1.0,False
CG42830,0.08221401,0.39478788,0.9344765327922733,1.0,False
Dmel_CG32368,0.08220203,0.6146058,0.9344860600445177,1.0,False
CG31370,0.08220032,0.70077944,0.9344874210813185,1.0,False
lncRNA:CR43700,0.08219347,0.8930248,0.9344928652304371,1.0,False
Ance-5,0.082190044,0.99135005,0.9344955873061452,1.0,False
Porin2,0.082186624,1.2867996,0.9344983093826192,1.0,False
CG32645,0.082183205,1.1749135,0.934501031459859,1.0,False
Karl,0.08217978,0.8911424,0.9345037535378645,1.0,False
nAChRbeta3,0.08217806,0.9267541,0.9345051145771546,1.0,False
asRNA:CR43767,0.08217806,1.9368865,0.9345051145771546,1.0,False
phu,0.08216951,2.7308743,0.9345119197764757,1.0,False
lncRNA:CR44834,0.0821678,1.8441575,0.9345132808169142,1.0,False
CG42521,0.08216608,2.6328824,0.9345146418575442,1.0,False
CG30154,0.08216438,5.2116537,0.9345160028983654,1.0,False
CG4822,0.08216438,0.7876248,0.9345160028983654,1.0,False
Arpc3B,0.08216266,2.093523,0.9345173639393782,1.0,False
cid,0.08216266,1.3850012,0.9345173639393782,1.0,False
CG13659,0.08216266,0.49954426,0.9345173639393782,1.0,False
mt:tRNA:Arg-TCG,0.08216095,3.6204486,0.9345187249805823,1.0,False
pre-mod(mdg4)-L,0.08216095,3.4103673,0.9345187249805823,1.0,False
lncRNA:CR45991,0.08216095,3.4538105,0.9345187249805823,1.0,False
Sgsh,0.082159236,2.6230028,0.9345200860219779,1.0,False
CG15909,0.082159236,1.3384635,0.9345200860219779,1.0,False
lncRNA:CR45231,0.082159236,1.2605191,0.9345200860219779,1.0,False
CG3777,0.082159236,2.0589135,0.9345200860219779,1.0,False
Cyp303a1,0.082159236,2.257575,0.9345200860219779,1.0,False
p38a,0.08215753,0.31187165,0.9345214470635648,1.0,False
fiz,0.08215753,1.7875885,0.9345214470635648,1.0,False
lncRNA:CR46126,0.08215753,1.2924051,0.9345214470635648,1.0,False
CG4594,0.08215753,2.9739144,0.9345214470635648,1.0,False
CAH13,0.08215753,1.6953727,0.9345214470635648,1.0,False
lncRNA:CR45973,0.08215753,3.10073,0.9345214470635648,1.0,False
Sox15,0.082155816,20.737658,0.9345228081053432,1.0,False
Nep6,0.082155816,20.727825,0.9345228081053432,1.0,False
CG4325,0.082155816,19.466883,0.9345228081053432,1.0,False
CG9308,0.082155816,19.626543,0.9345228081053432,1.0,False
CG34188,0.082155816,19.953468,0.9345228081053432,1.0,False
CG12885,0.082155816,19.738386,0.9345228081053432,1.0,False
CG34282,0.082155816,19.596218,0.9345228081053432,1.0,False
lncRNA:CR44492,0.082155816,19.865763,0.9345228081053432,1.0,False
PolA1,0.082155816,1.1416836,0.9345228081053432,1.0,False
CG4702,0.082155816,19.546541,0.9345228081053432,1.0,False
CG14419,0.082155816,20.25454,0.9345228081053432,1.0,False
CG34222,0.082155816,19.76698,0.9345228081053432,1.0,False
CG32548,0.082155816,2.1106155,0.9345228081053432,1.0,False
CG7458,0.082155816,19.789547,0.9345228081053432,1.0,False
CG1273,0.0821541,2.8789375,0.9345241691473128,1.0,False
CG30062,0.0821541,2.584241,0.9345241691473128,1.0,False
CG12147,0.0821541,2.8310773,0.9345241691473128,1.0,False
Gr36a,0.08215068,2.3876767,0.9345268912318263,1.0,False
CG12990,0.08215068,2.49647,0.9345268912318263,1.0,False
y,0.08215068,2.319534,0.9345268912318263,1.0,False
CG43813,0.08214897,1.3739529,0.9345282522743702,1.0,False
serp,0.08214897,0.82792944,0.9345282522743702,1.0,False
CG32655,0.08214897,1.8209788,0.9345282522743702,1.0,False
for,0.08214897,0.13490388,0.9345282522743702,1.0,False
CG11475,0.08214897,1.279184,0.9345282522743702,1.0,False
asRNA:CR44095,0.082147256,2.7329063,0.9345296133171054,1.0,False
lncRNA:CR44272,0.082147256,2.11533,0.9345296133171054,1.0,False
asRNA:CR44116,0.08214555,1.7829133,0.9345309743600319,1.0,False
lncRNA:CR45504,0.08214555,1.3551129,0.9345309743600319,1.0,False
Psf1,0.082143836,1.9542369,0.9345323354031498,1.0,False
Slc45-1,0.08214041,0.32340267,0.9345350574899597,1.0,False
CG42393,0.08214041,1.2880131,0.9345350574899597,1.0,False
CG13377,0.08214041,1.2329072,0.9345350574899597,1.0,False
msd1,0.08214041,1.2527032,0.9345350574899597,1.0,False
CG34171,0.08214041,1.330822,0.9345350574899597,1.0,False
Acp53Ea,0.082135275,0.72978306,0.9345391406216097,1.0,False
CG3288,0.082135275,0.9268171,0.9345391406216097,1.0,False
CG43755,0.08213357,0.9083898,0.9345405016658757,1.0,False
CG8501,0.082131855,1.4923545,0.934541862710333,1.0,False
CG11029,0.082131855,0.4613649,0.934541862710333,1.0,False
lncRNA:CR44727,0.08213014,0.8057984,0.9345432237549817,1.0,False
asRNA:CR43460,0.08212843,0.9040585,0.9345445847998217,1.0,False
lectin-24Db,0.08212843,0.6775029,0.9345445847998217,1.0,False
Ir93a,0.08212843,0.75837785,0.9345445847998217,1.0,False
grk,0.08212672,0.9901152,0.934545945844853,1.0,False
NimB5,0.08212672,0.8722342,0.934545945844853,1.0,False
lncRNA:CR44855,0.082123294,0.7944006,0.9345486679354895,1.0,False
fzo,0.08212159,0.7405319,0.9345500289810948,1.0,False
CG31921,0.08211816,0.36357015,0.9345527510728793,1.0,False
CG3597,0.08211474,0.7392662,0.9345554731654289,1.0,False
CG6660,0.08211474,0.385395,0.9345554731654289,1.0,False
CG11362,0.082111314,0.4643252,0.9345581952587436,1.0,False
alka,0.082107894,0.4983543,0.9345609173528234,1.0,False
lncRNA:CR45819,0.08210276,0.4517849,0.9345650004953778,1.0,False
CG13133,0.08209762,0.30613494,0.9345690836396535,1.0,False
CG13437,0.08209762,0.29871485,0.9345690836396535,1.0,False
CG31029,0.08209591,0.31952497,0.934570444688128,1.0,False
dany,0.0820942,0.39760083,0.9345718057367937,1.0,False
mus301,0.0820942,0.4379781,0.9345718057367937,1.0,False
CG15080,0.08209077,0.34726596,0.9345745278346986,1.0,False
CG11961,0.08208907,0.38904157,0.934575888883938,1.0,False
asRNA:CR44894,0.08208564,0.40632316,0.9345786109829904,1.0,False
lncRNA:CR44779,0.082068525,0.2427755,0.9345922214897253,1.0,False
v,0.08206681,0.0176915,0.9345935825414504,1.0,False
PPO1,0.08206339,0.10619731,0.934596304645474,1.0,False
CG33233,0.08205826,0.12758479,0.9346003878029433,1.0,False
CG3603,0.08204628,0.27372384,0.9346099151770618,1.0,False
CG43925,0.08203772,-0.29634002,0.9346167204500234,1.0,False
inv,0.0820343,0.31642765,0.9346194425605459,1.0,False
Cpr67B,0.08202574,0.2160543,0.9346262478401962,1.0,False
Ufsp1,0.081993215,0.16623518,0.9346521079464303,1.0,False
hdm,0.08198808,0.16114855,0.9346561911274028,1.0,False
t-cup,0.08198637,0.18733136,0.934657552188109,1.0,False
asRNA:CR45182,0.08193331,-0.13195965,0.9346997451647129,1.0,False
bmm,0.081929885,-0.16341947,0.9347024672985357,1.0,False
Oseg1,0.08192304,-0.18992251,0.9347079115684716,1.0,False
lncRNA:CR43857,0.08190422,0.109130844,0.9347228833265393,1.0,False
CycB3,0.081875116,-0.19822076,0.9347460215435076,1.0,False
CG42319,0.08182548,-0.033025768,0.9347854927467222,1.0,False
Trpgamma,0.08179296,-0.09524367,0.9348113532771364,1.0,False
Ir56a,0.08171936,0.053966146,0.9348698799946594,1.0,False
Spt,0.08165946,-0.04297098,0.9349175182804261,1.0,False
ssp7,0.08156361,-0.04756057,0.9349937400223036,1.0,False
CG42390,0.081472896,0.055640217,0.9350658790054479,1.0,False
CG34057,0.08130516,-0.20565535,0.9351992694725426,1.0,False
CG14174,0.08126922,-0.15262528,0.9352278533808653,1.0,False
Mdr49,0.08116139,0.030654727,0.9353136056066617,1.0,False
lncRNA:CR43301,0.08112716,-0.19870092,0.9353408286924721,1.0,False
CG42809,0.08098167,-0.14181331,0.9354565276502149,1.0,False
jbug,0.08092348,-0.14012942,0.9355028076151224,1.0,False
PIG-Wa,0.08076088,-0.20964788,0.9356321204365164,1.0,False
CG31710,0.08058801,-0.047255814,0.9357696022457657,1.0,False
ThrRS,0.08052468,-0.19103795,0.9358199673485135,1.0,False
MP1,0.08045622,-0.15450488,0.9358744163971535,1.0,False
Orct,0.08041172,-0.12549539,0.9359098084396186,1.0,False
CG32032,0.07979726,-0.08424774,0.9363985037888877,1.0,False
CG9706,0.07975789,-0.01477827,0.9364298137804032,1.0,False
Hira,0.07946521,-0.15819879,0.9366625998399982,1.0,False
CG7785,0.079412155,-0.20239037,0.9367048014018676,1.0,False
CG11035,0.07908695,-0.21276596,0.9369634600162876,1.0,False
Zmynd8,0.07875662,-0.21809654,0.9372262095248849,1.0,False
CG7246,0.07597188,-0.23634711,0.9394414703993947,1.0,False
CG11986,0.07459919,-0.3006964,0.9405336164061426,1.0,False
CG1236,0.07418499,-0.25306165,0.9408631887567362,1.0,False
Inos,0.07345757,-0.17673114,0.941442007649606,1.0,False
Rrp42,0.07345757,-0.26192334,0.941442007649606,1.0,False
CG10376,0.072760954,-0.24566522,0.941996340856556,1.0,False
CG18476,0.07218415,-0.200268,0.9424553554760434,1.0,False
Lon,0.07054959,-0.19088094,0.9437562272234796,1.0,False
Cdk9,0.06986154,-0.21053234,0.9443038643761315,1.0,False
CG16798,0.06894755,0.2378516,0.9450313633495738,1.0,False
lectin-46Cb,0.068892784,0.6178466,0.9450749602556805,1.0,False
Alp6,0.068620645,0.66549414,0.9452915848197153,1.0,False
AdamTS-B,0.068577856,0.37262353,0.945325645654206,1.0,False
CG15529,0.06853507,0.7128496,0.9453597065886454,1.0,False
CG43103,0.06852137,1.1738968,0.945370606108765,1.0,False
scaf,0.06851795,0.16163802,0.9453733309903929,1.0,False
lncRNA:CR46127,0.068514526,1.0472283,0.9453760558726598,1.0,False
Ada,0.068511106,0.77082396,0.9453787807555658,1.0,False
CG8089,0.068511106,0.773382,0.9453787807555658,1.0,False
lbl,0.068490565,1.7185094,0.9453951300664212,1.0,False
CG9782,0.068487145,0.63217276,0.9453978549537999,1.0,False
CG31436,0.06848372,0.77790666,0.9454005798418175,1.0,False
RecQ4,0.06848372,0.4725324,0.9454005798418175,1.0,False
dpp,0.06848372,1.6174443,0.9454005798418175,1.0,False
IFT46,0.06848372,1.1086468,0.9454005798418175,1.0,False
emp,0.0684803,0.7164715,0.9454033047304738,1.0,False
CHKov2,0.0684803,0.60474443,0.9454033047304738,1.0,False
Fum2,0.0684803,1.6412088,0.9454033047304738,1.0,False
Mcm7,0.0684803,4.34024,0.9454033047304738,1.0,False
Ir25a,0.0684803,1.2687172,0.9454033047304738,1.0,False
NimB2,0.06847687,0.6361019,0.9454060296197689,1.0,False
CG31802,0.06847687,1.1269143,0.9454060296197689,1.0,False
CG13875,0.06847687,1.7519387,0.9454060296197689,1.0,False
CG9498,0.06847687,0.90640825,0.9454060296197689,1.0,False
asRNA:CR46093,0.06847687,0.43245265,0.9454060296197689,1.0,False
CG6761,0.06847687,1.1334883,0.9454060296197689,1.0,False
CG16984,0.06847687,2.496319,0.9454060296197689,1.0,False
mt:tRNA:Ala-TGC,0.06847345,4.1449966,0.9454087545097029,1.0,False
Gldc,0.06847345,0.8579479,0.9454087545097029,1.0,False
CG43351,0.06847002,2.0643775,0.9454114794002754,1.0,False
Acp53C14c,0.06847002,1.3908556,0.9454114794002754,1.0,False
CG4570,0.06847002,2.1462028,0.9454114794002754,1.0,False
CG4783,0.06847002,0.75772995,0.9454114794002754,1.0,False
trbl,0.06847002,2.3250995,0.9454114794002754,1.0,False
CG14857,0.06847002,3.6297452,0.9454114794002754,1.0,False
PGRP-LF,0.068466604,3.6690426,0.9454142042914866,1.0,False
CG31068,0.068466604,1.9331911,0.9454142042914866,1.0,False
CG34112,0.068466604,1.055789,0.9454142042914866,1.0,False
Su(Ste):CR42418,0.068466604,3.2305868,0.9454142042914866,1.0,False
natalisin,0.068466604,0.69492674,0.9454142042914866,1.0,False
CG8478,0.068466604,1.1216483,0.9454142042914866,1.0,False
Unc-115b,0.068466604,2.9475248,0.9454142042914866,1.0,False
asRNA:CR45798,0.068466604,2.958576,0.9454142042914866,1.0,False
bcd,0.068466604,2.989328,0.9454142042914866,1.0,False
Zasp67,0.068463184,1.5804235,0.9454169291833365,1.0,False
CtsL2,0.068463184,2.6579556,0.9454169291833365,1.0,False
asRNA:CR46091,0.068463184,20.441729,0.9454169291833365,1.0,False
CG5892,0.068463184,19.716599,0.9454169291833365,1.0,False
CG42523,0.068463184,19.384588,0.9454169291833365,1.0,False
CG14006,0.068463184,1.4514103,0.9454169291833365,1.0,False
lncRNA:CR42715,0.068463184,19.866446,0.9454169291833365,1.0,False
CG3610,0.068463184,19.84545,0.9454169291833365,1.0,False
CtsL4,0.068463184,19.658525,0.9454169291833365,1.0,False
cyr,0.068463184,19.706617,0.9454169291833365,1.0,False
CG31231,0.068463184,19.33535,0.9454169291833365,1.0,False
Sodq,0.068463184,19.184559,0.9454169291833365,1.0,False
NimC2,0.068463184,20.23415,0.9454169291833365,1.0,False
CG8343,0.068463184,20.259533,0.9454169291833365,1.0,False
lncRNA:CR44111,0.068463184,19.486538,0.9454169291833365,1.0,False
lncRNA:CR45761,0.068463184,19.467796,0.9454169291833365,1.0,False
asRNA:CR44083,0.068463184,19.287498,0.9454169291833365,1.0,False
lncRNA:CR30121,0.068463184,3.1764061,0.9454169291833365,1.0,False
CG30046,0.068463184,20.069592,0.9454169291833365,1.0,False
Acbp6,0.068463184,19.659697,0.9454169291833365,1.0,False
Mco4,0.068463184,19.902817,0.9454169291833365,1.0,False
CG31220,0.068463184,19.165861,0.9454169291833365,1.0,False
Cda4,0.068463184,19.925253,0.9454169291833365,1.0,False
lncRNA:CR44060,0.068463184,1.8731943,0.9454169291833365,1.0,False
lncRNA:CR45950,0.068463184,0.9229995,0.9454169291833365,1.0,False
Rtnl2,0.068463184,19.947264,0.9454169291833365,1.0,False
CG11672,0.068463184,20.046747,0.9454169291833365,1.0,False
CG8046,0.068463184,19.989105,0.9454169291833365,1.0,False
lncRNA:CR32652,0.068463184,2.5698116,0.9454169291833365,1.0,False
lncRNA:CR44973,0.06845976,1.3393805,0.945419654075825,1.0,False
CG15221,0.06845976,2.7147157,0.945419654075825,1.0,False
Cyp4d8,0.06845976,1.355461,0.945419654075825,1.0,False
Nepl6,0.06845976,1.8881325,0.945419654075825,1.0,False
Dmel_CR43428,0.06845976,1.8088822,0.945419654075825,1.0,False
asRNA:CR46089,0.06845976,2.255804,0.945419654075825,1.0,False
CG6465,0.06845976,0.12944806,0.945419654075825,1.0,False
lncRNA:CR43423,0.06845634,1.1977065,0.9454223789689521,1.0,False
lncRNA:CR46094,0.06845634,2.2515795,0.9454223789689521,1.0,False
Rbp4,0.06845634,2.0072727,0.9454223789689521,1.0,False
lncRNA:CR45243,0.06845634,2.2197404,0.9454223789689521,1.0,False
Grl58a,0.06845634,1.3351051,0.9454223789689521,1.0,False
GNBP1,0.06845634,2.0196733,0.9454223789689521,1.0,False
Pez,0.06845634,0.5144732,0.9454223789689521,1.0,False
CG18268,0.06845634,1.316438,0.9454223789689521,1.0,False
CG12347,0.06845291,1.131536,0.9454251038627177,1.0,False
NaPi-T,0.06845291,2.0125496,0.9454251038627177,1.0,False
Amy-d,0.06845291,1.5357873,0.9454251038627177,1.0,False
CG34266,0.06845291,1.3724426,0.9454251038627177,1.0,False
snoRNA:Psi28S-1135d,0.06845291,1.0294906,0.9454251038627177,1.0,False
spok,0.06845291,1.2260262,0.9454251038627177,1.0,False
mt:tRNA:Trp-TCA,0.06845291,1.6624995,0.9454251038627177,1.0,False
asRNA:CR45384,0.06845291,1.4899514,0.9454251038627177,1.0,False
Cluap1,0.06845291,1.5373315,0.9454251038627177,1.0,False
Cyp6t1,0.06845291,1.4784907,0.9454251038627177,1.0,False
lncRNA:CR44909,0.06845291,1.3304077,0.9454251038627177,1.0,False
CG13563,0.06844949,0.91115755,0.9454278287571218,1.0,False
lncRNA:CR44814,0.06844606,0.5082537,0.9454305536521643,1.0,False
CG30274,0.06844606,1.5345365,0.9454305536521643,1.0,False
lncRNA:CR45531,0.06844606,0.8520272,0.9454305536521643,1.0,False
lncRNA:CR45566,0.06844606,0.7978909,0.9454305536521643,1.0,False
CG14811,0.06844606,0.810705,0.9454305536521643,1.0,False
CG42633,0.06844606,0.7587572,0.9454305536521643,1.0,False
CG4839,0.06844264,0.76891565,0.9454332785478454,1.0,False
Pstk,0.06844264,0.91879326,0.9454332785478454,1.0,False
CG7778,0.06844264,0.8051545,0.9454332785478454,1.0,False
lncRNA:CR43716,0.06844264,0.9549441,0.9454332785478454,1.0,False
Rcd6,0.06844264,0.6137455,0.9454332785478454,1.0,False
ms(3)76Cc,0.06844264,0.8529398,0.9454332785478454,1.0,False
CG14490,0.068439215,0.49618793,0.9454360034441649,1.0,False
lncRNA:CR46238,0.068439215,0.51329356,0.9454360034441649,1.0,False
exp,0.068439215,0.75323284,0.9454360034441649,1.0,False
lncRNA:CR46122,0.068439215,0.20799214,0.9454360034441649,1.0,False
snRNA:U6atac,0.068439215,0.7229157,0.9454360034441649,1.0,False
CG3494,0.068439215,0.83562225,0.9454360034441649,1.0,False
lncRNA:CR43978,0.068435796,0.71064633,0.9454387283411227,1.0,False
snoRNA:CD67,0.06843237,0.83498853,0.9454414532387189,1.0,False
CG6749,0.06843237,0.6385562,0.9454414532387189,1.0,False
Vha100-2,0.06842895,0.30115473,0.9454441781369535,1.0,False
OSCP1,0.06842553,0.49512437,0.9454469030358262,1.0,False
Npc2f,0.06842553,0.42053232,0.9454469030358262,1.0,False
lncRNA:CR44221,0.0684221,0.56624633,0.9454496279353373,1.0,False
Oadh,0.0684221,0.598636,0.9454496279353373,1.0,False
Art2,0.068411835,0.34316927,0.9454578026376997,1.0,False
CG33234,0.068411835,0.3387302,0.9454578026376997,1.0,False
Nepl19,0.068384446,0.2629907,0.9454796018720749,1.0,False
Fit2,0.068384446,-0.17888804,0.9454796018720749,1.0,False
CG43229,0.06838103,-0.2135276,0.9454823267792425,1.0,False
E(spl)m3-HLH,0.0683776,0.34224057,0.9454850516870481,1.0,False
CG5062,0.06836733,0.17845492,0.9454932264142913,1.0,False
CG14589,0.068363905,0.12788229,0.9454959513246479,1.0,False
CG34331,0.068360485,0.24179861,0.9454986762356422,1.0,False
CarT,0.06835364,0.15209031,0.9455041260595436,1.0,False
Had2,0.06834337,0.099384606,0.9455123008001776,1.0,False
NimB4,0.068339944,0.17612852,0.9455150257149973,1.0,False
Kif19A,0.0683331,0.033029646,0.945520475546549,1.0,False
asRNA:CR45145,0.06832626,0.071027696,0.9455259253806504,1.0,False
CG7720,0.06832626,0.20235445,0.9455259253806504,1.0,False
CG42266,0.06829887,-0.15266567,0.9455477247425467,1.0,False
CG5810,0.068281755,0.014866321,0.945561349364438,1.0,False
lncRNA:CR45821,0.068281755,0.020733736,0.945561349364438,1.0,False
Ets21C,0.06826463,0.0581063,0.9455749740022524,1.0,False
sisRNA:1,0.068257794,0.09365159,0.9455804238618357,1.0,False
Gli,0.06824752,0.0510406,0.9455885986559859,1.0,False
CG4630,0.06823725,-0.014031188,0.9455967734558655,1.0,False
plh,0.06819618,-0.3394828,0.9456294727126612,1.0,False
CG7702,0.06818933,0.044853926,0.945634922597701,1.0,False
CG31759,0.06818933,0.054555967,0.945634922597701,1.0,False
ine,0.06817735,0.06471953,0.9456444599026428,1.0,False
Marcal1,0.06813798,0.022595024,0.9456757968165808,1.0,False
Tsen54,0.068127714,0.031746205,0.9456839716775209,1.0,False
osy,0.06812087,0.0361974,0.945689421587992,1.0,False
lncRNA:CR46088,0.06811744,-0.15488417,0.9456921465441807,1.0,False
RhoGAP15B,0.06811402,-0.19196579,0.9456948715010047,1.0,False
CG12116,0.06805925,-0.0939706,0.9457384708965776,1.0,False
CG18336,0.06802844,-0.1774729,0.945762995628017,1.0,False
PH4alphaNE1,0.06794286,-0.0037227382,0.945831120151636,1.0,False
CG42307,0.067922324,-0.29445127,0.9458474700962644,1.0,False
Mal-A5,0.06791034,-0.042213283,0.945857007574498,1.0,False
Cda9,0.067807645,-0.19963527,0.9459387577061091,1.0,False
t-Grip128,0.06780593,-0.11400721,0.945940120213128,1.0,False
PNPase,0.067653604,-0.016541902,0.9460613839706355,1.0,False
ath,0.06753379,-0.051600546,0.9461567608378304,1.0,False
nst,0.067420825,-0.29782254,0.9462466883051868,1.0,False
CG4438,0.067350656,-0.32450932,0.9463025526828998,1.0,False
CG4942,0.06729246,-0.46040878,0.9463488794403027,1.0,False
CG32650,0.066659175,-0.23711121,0.9468530352609725,1.0,False
Dcr-1,0.06641613,-0.15960816,0.9470465277518447,1.0,False
RfC3,0.066232994,-0.30896735,0.9471923304956974,1.0,False
hbn,0.06616795,-0.1199389,0.9472441113352303,1.0,False
RhoGAP16F,0.06602589,-0.21061693,0.9473572123646343,1.0,False
asRNA:CR45281,0.06588212,-0.20272906,0.9474716771371429,1.0,False
tj,0.06574006,-0.020983482,0.9475847802987342,1.0,False
Mettl3,0.06540459,-0.15081382,0.9478518714709757,1.0,False
Optix,0.06537549,-0.13113242,0.9478750378186594,1.0,False
CG2224,0.0650657,-0.27127483,0.9481216940136219,1.0,False
CG7810,0.06497156,-0.17128593,0.9481966457771245,1.0,False
Polr3A,0.06490138,-0.48526692,0.948252519208194,1.0,False
idc,0.06404731,-0.26014867,0.9489325600611968,1.0,False
Sin1,0.06396857,-0.26972136,0.948995251078174,1.0,False
CG9839,0.062811546,-0.20958619,0.9499165726681394,1.0,False
CG15317,0.0625839,-0.16027066,0.9500978465239046,1.0,False
CG16812,0.061726402,-0.21766554,0.9507807132554471,1.0,False
POSH,0.05980088,-0.30486476,0.9523142275884685,1.0,False
CG5079,0.059340462,-0.18530227,0.9526809342781579,1.0,False
CG32022,0.058457285,-0.28265375,0.9533843847515455,1.0,False
CG6937,0.058191992,-0.32913882,0.9535956996670991,1.0,False
l(2)34Fd,0.057818867,-0.1887803,0.9538929093882533,1.0,False
grn,0.057207834,-0.09354726,0.9543796382192964,1.0,False
CG7601,0.057135947,-0.33077094,0.9544369015568065,1.0,False
CG3792,0.05655401,-0.28665486,0.9549004705409843,1.0,False
Dll,0.055586968,-0.0691001,0.9556708467832298,1.0,False
CG17292,0.054934856,0.19541898,0.9561903628578982,1.0,False
Bckdha,0.054886933,0.4413428,0.9562285432537511,1.0,False
CG11400,0.05484243,0.5527997,0.9562639965683996,1.0,False
sals,0.054840717,0.13751906,0.956265360159153,1.0,False
lncRNA:CR45036,0.054837298,0.8191332,0.9562680873410436,1.0,False
MtnE,0.05483216,0.70820135,0.9562721781148394,1.0,False
CG5687,0.05483045,0.20518473,0.9562735417063607,1.0,False
CG13056,0.054823603,1.8737273,0.9562789960737252,1.0,False
CG7768,0.054816756,1.0783777,0.9562844504431371,1.0,False
CG11686,0.054811623,0.6237892,0.9562885412215394,1.0,False
CG14892,0.05480991,0.8722259,0.956289904814596,1.0,False
CG4752,0.05480991,0.585012,0.956289904814596,1.0,False
CG14933,0.0548082,1.1285298,0.9562912684077804,1.0,False
lft,0.054806486,0.9138117,0.9562926320010929,1.0,False
CG14247,0.054801352,1.0779524,0.9562967227817977,1.0,False
blow,0.05479793,0.19096531,0.9562994499695737,1.0,False
CG7794,0.05479622,1.7266519,0.9563008135636536,1.0,False
lncRNA:CR44854,0.05479622,0.43984807,0.9563008135636536,1.0,False
CPT2,0.054792795,1.1298528,0.9563035407521969,1.0,False
ato,0.05478937,1.0956861,0.9563062679412518,1.0,False
fit,0.05478937,1.4951141,0.9563062679412518,1.0,False
Ppm1,0.05478937,1.9573886,0.9563062679412518,1.0,False
CG15279,0.05478766,2.3228972,0.9563076315359711,1.0,False
CG30056,0.05478766,1.1392356,0.9563076315359711,1.0,False
CG30082,0.05478595,2.2438822,0.9563089951308182,1.0,False
asRNA:CR45041,0.05478595,1.3676698,0.9563089951308182,1.0,False
CG10177,0.054780815,0.73916334,0.9563130859161267,1.0,False
CG31077,0.054780815,0.7718287,0.9563130859161267,1.0,False
CG15695,0.0547791,3.1759236,0.9563144495114854,1.0,False
alpha-Est2,0.0547791,3.404176,0.9563144495114854,1.0,False
TTLL3B,0.0547791,1.4737011,0.9563144495114854,1.0,False
asRNA:CR43903,0.0547791,5.266791,0.9563144495114854,1.0,False
CG13330,0.0547791,1.1492164,0.9563144495114854,1.0,False
pip,0.0547791,3.334753,0.9563144495114854,1.0,False
Mos,0.05477739,1.285213,0.9563158131069718,1.0,False
lncRNA:CR42746,0.05477739,0.38093236,0.9563158131069718,1.0,False
asRNA:CR46128,0.05477739,1.8188561,0.9563158131069718,1.0,False
fs(1)M3,0.054775678,3.0976393,0.956317176702586,1.0,False
CG17687,0.054775678,2.9826453,0.956317176702586,1.0,False
Or67a,0.054775678,2.7535236,0.956317176702586,1.0,False
NimC1,0.054775678,1.3809624,0.956317176702586,1.0,False
CG13488,0.054775678,1.3682851,0.956317176702586,1.0,False
Vajk2,0.054775678,3.1268916,0.956317176702586,1.0,False
CG32507,0.054775678,2.811728,0.956317176702586,1.0,False
asRNA:CR45214,0.054775678,0.3027771,0.956317176702586,1.0,False
Pld,0.054773968,0.2936331,0.9563185402983281,1.0,False
bbg,0.054773968,0.4497888,0.9563185402983281,1.0,False
ppk13,0.054773968,1.0739118,0.9563185402983281,1.0,False
CG34253,0.054773968,1.0709592,0.9563185402983281,1.0,False
CG30039,0.054772254,1.5881389,0.9563199038941981,1.0,False
lncRNA:CR44754,0.054772254,2.9299898,0.9563199038941981,1.0,False
CG30110,0.054772254,2.4991105,0.9563199038941981,1.0,False
nvd,0.054772254,1.5149468,0.9563199038941981,1.0,False
ppk30,0.054770544,19.421312,0.9563212674901957,1.0,False
Tim10,0.054770544,19.126627,0.9563212674901957,1.0,False
CG14866,0.054770544,1.6571274,0.9563212674901957,1.0,False
snoRNA:CD66,0.054770544,19.267664,0.9563212674901957,1.0,False
spo,0.054770544,18.944094,0.9563212674901957,1.0,False
asRNA:CR43723,0.054770544,18.990736,0.9563212674901957,1.0,False
Nepl4,0.054770544,19.410969,0.9563212674901957,1.0,False
insc,0.054770544,19.205511,0.9563212674901957,1.0,False
lncRNA:CR44220,0.054770544,19.067251,0.9563212674901957,1.0,False
Or94a,0.054770544,19.685684,0.9563212674901957,1.0,False
lncRNA:CR45552,0.054770544,19.802385,0.9563212674901957,1.0,False
CG32454,0.054770544,20.089241,0.9563212674901957,1.0,False
lncRNA:CR45878,0.054770544,19.67622,0.9563212674901957,1.0,False
snoRNA:Psi28S-3385b,0.054770544,19.757736,0.9563212674901957,1.0,False
CG12744,0.054770544,19.219076,0.9563212674901957,1.0,False
CG4115,0.054770544,20.042902,0.9563212674901957,1.0,False
Osi20,0.054770544,18.929499,0.9563212674901957,1.0,False
CG31752,0.054770544,19.341612,0.9563212674901957,1.0,False
lncRNA:CR34044,0.054770544,19.1598,0.9563212674901957,1.0,False
CG42568,0.054770544,19.613976,0.9563212674901957,1.0,False
CG5731,0.054770544,19.278942,0.9563212674901957,1.0,False
CG31675,0.054770544,18.238224,0.9563212674901957,1.0,False
asRNA:CR45818,0.054770544,18.997967,0.9563212674901957,1.0,False
Muc11A,0.054770544,19.101233,0.9563212674901957,1.0,False
lncRNA:CR45256,0.054770544,19.674103,0.9563212674901957,1.0,False
asRNA:CR44035,0.054770544,19.566769,0.9563212674901957,1.0,False
CG34305,0.054770544,18.972326,0.9563212674901957,1.0,False
lncRNA:CR45539,0.054770544,19.348888,0.9563212674901957,1.0,False
snoRNA:CD54b,0.054770544,19.665976,0.9563212674901957,1.0,False
lncRNA:CR46100,0.054770544,19.497673,0.9563212674901957,1.0,False
lncRNA:CR44899,0.054770544,20.063725,0.9563212674901957,1.0,False
lncRNA:CR43826,0.054770544,19.410852,0.9563212674901957,1.0,False
lncRNA:CR45321,0.054768834,2.266163,0.9563226310863214,1.0,False
lncRNA:CR44299,0.054768834,1.8609581,0.9563226310863214,1.0,False
asRNA:CR45481,0.054768834,2.289212,0.9563226310863214,1.0,False
lncRNA:CR44868,0.054768834,1.8577441,0.9563226310863214,1.0,False
CG30379,0.054768834,2.670503,0.9563226310863214,1.0,False
CG40813,0.054768834,2.2750983,0.9563226310863214,1.0,False
snRNA:U2:34ABa,0.054768834,2.555955,0.9563226310863214,1.0,False
CG34423,0.054768834,2.301315,0.9563226310863214,1.0,False
Hesr,0.054768834,1.8243505,0.9563226310863214,1.0,False
CG1494,0.05476712,1.24021,0.9563239946825748,1.0,False
mir-4975,0.05476712,1.224808,0.9563239946825748,1.0,False
Adgf-A,0.05476712,1.4348713,0.9563239946825748,1.0,False
lncRNA:CR44082,0.05476712,1.0538421,0.9563239946825748,1.0,False
lncRNA:CR46010,0.05476712,1.2416548,0.9563239946825748,1.0,False
CG42703,0.05476712,1.7393534,0.9563239946825748,1.0,False
CG30385,0.05476712,1.492806,0.9563239946825748,1.0,False
TTLL6A,0.05476712,0.5510952,0.9563239946825748,1.0,False
CG14990,0.05476712,1.3691144,0.9563239946825748,1.0,False
CG14760,0.05476541,1.6488988,0.956325358278956,1.0,False
ymp,0.05476541,1.2345474,0.956325358278956,1.0,False
CG12708,0.05476541,1.7819133,0.956325358278956,1.0,False
HHEX,0.05476541,1.4202621,0.956325358278956,1.0,False
Or98a,0.05476541,2.0409453,0.956325358278956,1.0,False
boly,0.05476541,1.7130017,0.956325358278956,1.0,False
NimB1,0.05476541,1.7750303,0.956325358278956,1.0,False
lncRNA:CR45472,0.05476541,0.29944775,0.956325358278956,1.0,False
lncRNA:CR44411,0.05476541,1.645013,0.956325358278956,1.0,False
Osi4,0.05476541,1.088567,0.956325358278956,1.0,False
lncRNA:CR45454,0.05476541,2.0028775,0.956325358278956,1.0,False
Gr63a,0.05476541,0.9457814,0.956325358278956,1.0,False
asRNA:CR31514,0.05476541,2.090666,0.956325358278956,1.0,False
CG7886,0.05476541,2.13771,0.956325358278956,1.0,False
Npc2e,0.05476541,0.8318229,0.956325358278956,1.0,False
EB-SUN,0.054763697,1.3806115,0.9563267218754651,1.0,False
lncRNA:CR46111,0.054763697,1.2141823,0.9563267218754651,1.0,False
asRNA:CR45604,0.054763697,1.3115706,0.9563267218754651,1.0,False
snoRNA:Psi28S-1175b,0.054763697,1.1830302,0.9563267218754651,1.0,False
Nse1,0.054761987,1.0272374,0.956328085472102,1.0,False
lncRNA:CR42736,0.054761987,1.0431865,0.956328085472102,1.0,False
lncRNA:CR45877,0.054761987,1.27175,0.956328085472102,1.0,False
rha,0.054761987,1.016053,0.956328085472102,1.0,False
lncRNA:CR42719,0.054761987,1.2747649,0.956328085472102,1.0,False
CG34109,0.054761987,1.4485431,0.956328085472102,1.0,False
CG43074,0.054761987,1.676247,0.956328085472102,1.0,False
Grl62c,0.054761987,1.5577818,0.956328085472102,1.0,False
Vm26Ab,0.054761987,0.6962451,0.956328085472102,1.0,False
Pgm2b,0.054761987,1.2491989,0.956328085472102,1.0,False
CG14416,0.054761987,1.3528442,0.956328085472102,1.0,False
St1,0.054761987,1.5419891,0.956328085472102,1.0,False
CG13700,0.054761987,0.44305727,0.956328085472102,1.0,False
Nek2,0.054760274,0.93718934,0.9563294490688666,1.0,False
CG31683,0.054760274,0.9482759,0.9563294490688666,1.0,False
lncRNA:CR43855,0.054760274,0.9646187,0.9563294490688666,1.0,False
CG43231,0.054760274,1.1442596,0.9563294490688666,1.0,False
lectin-30A,0.054760274,0.64129245,0.9563294490688666,1.0,False
CG31664,0.054760274,1.1738814,0.9563294490688666,1.0,False
Spn75F,0.054758564,0.560008,0.9563308126657591,1.0,False
GstZ1,0.054758564,0.45206457,0.9563308126657591,1.0,False
Sema5c,0.054758564,0.351145,0.9563308126657591,1.0,False
ACXB,0.05475685,0.93054485,0.9563321762627794,1.0,False
Strica,0.05475685,0.6725278,0.9563321762627794,1.0,False
snoRNA:lola-a,0.05475514,0.5663806,0.9563335398599275,1.0,False
CG8738,0.05475343,0.5998609,0.9563349034572034,1.0,False
CG1631,0.05475343,0.74019295,0.9563349034572034,1.0,False
eater,0.05475343,1.0898637,0.9563349034572034,1.0,False
l(3)mbn,0.05475343,0.38542318,0.9563349034572034,1.0,False
lncRNA:CR45327,0.05475343,0.37574366,0.9563349034572034,1.0,False
lncRNA:CR43956,0.054751717,0.63738716,0.9563362670546071,1.0,False
dimm,0.054750007,0.44149724,0.9563376306521385,1.0,False
CG15145,0.054750007,0.717224,0.9563376306521385,1.0,False
CG18063,0.054748293,0.5257799,0.9563389942497977,1.0,False
fon,0.054748293,0.97015595,0.9563389942497977,1.0,False
ihog,0.054748293,0.5262879,0.9563389942497977,1.0,False
lncRNA:CR44595,0.054748293,0.37331495,0.9563389942497977,1.0,False
B-H2,0.054748293,0.40275636,0.9563389942497977,1.0,False
CG7370,0.054746583,0.42818838,0.9563403578475848,1.0,False
asRNA:CR43159,0.054746583,0.3800906,0.9563403578475848,1.0,False
lncRNA:CR45522,0.05474487,0.26528013,0.9563417214454996,1.0,False
smp-30,0.05474487,0.4009887,0.9563417214454996,1.0,False
CG9777,0.05474487,0.38894826,0.9563417214454996,1.0,False
CG14105,0.05474487,0.5069655,0.9563417214454996,1.0,False
CG7208,0.05474487,0.5396959,0.9563417214454996,1.0,False
lncRNA:CR43174,0.05474316,0.34514564,0.9563430850435422,1.0,False
fd96Ca,0.054741446,0.42925772,0.9563444486417124,1.0,False
CG8051,0.054741446,0.38794506,0.9563444486417124,1.0,False
CG33270,0.054741446,0.36376074,0.9563444486417124,1.0,False
CG31776,0.054741446,0.41052705,0.9563444486417124,1.0,False
CG17028,0.054741446,0.27439812,0.9563444486417124,1.0,False
lncRNA:CR45745,0.054739736,0.26168582,0.9563458122400106,1.0,False
CG8191,0.054739736,0.3887625,0.9563458122400106,1.0,False
CG9254,0.054739736,0.6892749,0.9563458122400106,1.0,False
lncRNA:CR44851,0.054736312,0.36961836,0.9563485394369899,1.0,False
Hsp70Aa,0.054736312,0.3884478,0.9563485394369899,1.0,False
TwdlE,0.054736312,0.21600345,0.9563485394369899,1.0,False
snRNA:U4:39B,0.054734603,0.3322006,0.9563499030356714,1.0,False
Obp56a,0.05473289,0.06359292,0.9563512666344804,1.0,False
Tsp42Ed,0.054729465,0.35802805,0.9563539938324818,1.0,False
CG14662,0.054727755,0.27997816,0.9563553574316741,1.0,False
TwdlT,0.05472604,0.31874213,0.9563567210309941,1.0,False
ovo,0.0547192,-0.10540846,0.9563621754295515,1.0,False
Ugt35A1,0.0547192,0.16933832,0.9563621754295515,1.0,False
GluRIIE,0.0547192,-0.25312352,0.9563621754295515,1.0,False
soti,0.054717485,0.26689896,0.9563635390295101,1.0,False
Ugt35E2,0.054715775,0.30308962,0.9563649026295964,1.0,False
lz,0.05471406,0.22697806,0.9563662662298105,1.0,False
CG8483,0.05471235,0.17915924,0.9563676298301521,1.0,False
Cyt-c1L,0.054710638,0.050190322,0.9563689934306215,1.0,False
CG5565,0.054708928,0.09465676,0.9563703570312186,1.0,False
CG15021,0.054708928,0.03898457,0.9563703570312186,1.0,False
CG33284,0.054703794,-0.15479773,0.9563744478337761,1.0,False
Muc91C,0.05470208,0.06969543,0.9563758114348839,1.0,False
CG17129,0.05470037,-0.35152328,0.9563771750361194,1.0,False
Pkg21D,0.054688387,0.106900394,0.9563867202483424,1.0,False
Loxl1,0.054683253,-0.057795674,0.9563908110554954,1.0,False
Rsph1,0.054681543,0.037034813,0.956392174658135,1.0,False
nol,0.05467983,0.08676531,0.9563935382609022,1.0,False
CG4269,0.054669563,-0.5644738,0.9564017198801854,1.0,False
CG31674,0.054669563,0.15832269,0.9564017198801854,1.0,False
Cpr64Ad,0.054664426,0.109651335,0.9564058106915496,1.0,False
Rad51D,0.054662716,0.06188291,0.9564071742955927,1.0,False
Marc,0.054642174,0.0887444,0.9564235375540615,1.0,False
IP3K1,0.054633617,0.063545935,0.9564303555838438,1.0,False
PCNA,0.054619927,-0.008506922,0.9564412644381259,1.0,False
spdo,0.054609656,-0.2282111,0.9564494460841918,1.0,False
mtg,0.054599386,-0.07874255,0.956457627734846,1.0,False
lncRNA:CR45997,0.054594252,-0.04072368,0.9564617185618935,1.0,False
Reg-5,0.054587405,0.06484441,0.9564671729997406,1.0,False
Ote,0.05458398,-0.099569395,0.9564699002194287,1.0,False
cutlet,0.05453777,-0.24082807,0.9565067177350789,1.0,False
CG33912,0.054522365,-0.11346678,0.95651899026092,1.0,False
Ugt301D1,0.05451894,0.070247695,0.9565217174902846,1.0,False
CG30377,0.05449669,-0.019802894,0.9565394444935592,1.0,False
yellow-c,0.054424804,-0.18562178,0.9565967164971547,1.0,False
Jheh3,0.054358054,-0.069093615,0.9566498978439921,1.0,False
Ir62a,0.05435634,-0.19199324,0.9566512614708085,1.0,False
CG4553,0.054239955,-0.40188935,0.9567439883917327,1.0,False
asRNA:CR44989,0.054210857,-0.16646995,0.9567671702134772,1.0,False
lncRNA:CR44493,0.054152664,-0.036104135,0.9568135339666453,1.0,False
MED23,0.05410645,-0.20791712,0.9568503523453108,1.0,False
asRNA:CR44892,0.05404826,-0.07537965,0.956896716360503,1.0,False
Mlh1,0.053841155,-0.19989341,0.9570617188905598,1.0,False
DNaseII,0.053781252,-0.13816975,0.9571094472385027,1.0,False
CG9933,0.053642612,-0.1644504,0.957219904861752,1.0,False
Art8,0.053355068,-0.15720642,0.9574490047707744,1.0,False
lncRNA:CR44938,0.05317364,-0.2893867,0.9575935577135423,1.0,False
U3-55K,0.052916903,-0.08235064,0.957798116146473,1.0,False
lncRNA:CR44471,0.05203544,-0.34836787,0.9585004545003086,1.0,False
CG14985,0.052020036,-0.17376956,0.9585127286624487,1.0,False
brk,0.051783837,-0.13053827,0.9587009337118313,1.0,False
CG3552,0.05121046,-0.3124163,0.9591578178443374,1.0,False
CG32452,0.051112898,-0.22164625,0.9592355576781826,1.0,False
CG10674,0.051046148,-0.19867606,0.9592887483142172,1.0,False
CG31441,0.050888684,-0.24994233,0.9594142243783955,1.0,False
Naa40,0.050584022,-0.16063862,0.9596569961370407,1.0,False
CG11134,0.050491594,-0.29946342,0.9597306467371164,1.0,False
SIDL,0.049988393,-0.12268924,0.9601316393509267,1.0,False
CG2906,0.048292216,-0.18666102,0.9614833582355264,1.0,False
CG6178,0.047939632,-0.21832576,0.9617643552014786,1.0,False
CG10324,0.047592178,-0.25019538,0.9620412646251995,1.0,False
Acat2,0.047294363,-0.21554856,0.9622786192055865,1.0,False
nom,0.04651731,-0.12103526,0.9628979393737961,1.0,False
CG11839,0.046390653,-0.24100356,0.9629988879646485,1.0,False
vn,0.045830965,-0.28965777,0.9634449786822085,1.0,False
PIG-V,0.045136064,-0.32645214,0.9639988564595368,1.0,False
CG14314,0.04467907,-0.22752255,0.9643631156166047,1.0,False
Moe,0.042034682,-0.10952303,0.9664710510260486,1.0,False
Taf2,0.041945677,-0.18912627,0.9665420018779074,1.0,False
rols,0.04154688,0.35425565,0.9668599195162664,1.0,False
CG5835,0.04129357,0.28090858,0.9670618613558262,1.0,False
lncRNA:CR45242,0.041184027,0.45889345,0.9671491882117075,1.0,False
Antp,0.041156642,0.25299764,0.9671710199872753,1.0,False
Mst77F,0.04115322,0.4067616,0.9671737489609517,1.0,False
CG7966,0.04115322,0.17320383,0.9671737489609517,1.0,False
CG7924,0.04114637,0.48772216,0.9671792069094579,1.0,False
CG15673,0.0411361,0.14559083,0.9671873938350999,1.0,False
ND-51L1,0.041129254,0.25676572,0.9671928517874494,1.0,False
sisRNA:3,0.041125834,0.79992354,0.9671955807642004,1.0,False
CG44405,0.041125834,0.69007677,0.9671955807642004,1.0,False
lncRNA:CR45030,0.04112241,0.6730117,0.9671983097413357,1.0,False
Cln3,0.04112241,0.24578094,0.9671983097413357,1.0,False
CG4301,0.041118987,0.22146437,0.9672010387188551,1.0,False
Hil,0.041118987,1.0552446,0.9672010387188551,1.0,False
NijA,0.041115563,0.54185694,0.9672037676967586,1.0,False
CG5397,0.041115563,1.142405,0.9672037676967586,1.0,False
lncRNA:CR45471,0.041108716,0.29912212,0.9672092256537179,1.0,False
asRNA:CR44969,0.041105293,0.4221381,0.9672119546327737,1.0,False
CG34450,0.041105293,0.8620417,0.9672119546327737,1.0,False
Mtkl,0.04110187,0.47865447,0.9672146836122134,1.0,False
CG8249,0.04110187,1.0410862,0.9672146836122134,1.0,False
CG7560,0.041095022,2.420558,0.9672201415722447,1.0,False
ssp2,0.041095022,0.5495884,0.9672201415722447,1.0,False
Bace,0.041095022,3.0295186,0.9672201415722447,1.0,False
CG16799,0.041095022,0.10813297,0.9672201415722447,1.0,False
CG14511,0.041095022,0.42795974,0.9672201415722447,1.0,False
lncRNA:CR44034,0.041091602,2.6656811,0.9672228705528362,1.0,False
CG43445,0.041091602,1.7518959,0.9672228705528362,1.0,False
Uros2,0.04108818,1.2410362,0.9672255995338116,1.0,False
lncRNA:CR46250,0.04108818,1.1242313,0.9672255995338116,1.0,False
CG14397,0.04108818,0.52092046,0.9672255995338116,1.0,False
dec2,0.041084755,4.6154046,0.9672283285151707,1.0,False
CG43071,0.041084755,3.9474688,0.9672283285151707,1.0,False
CG15544,0.041084755,0.31572843,0.9672283285151707,1.0,False
CG34396,0.041084755,0.9261605,0.9672283285151707,1.0,False
asRNA:CR43476,0.041084755,1.6201018,0.9672283285151707,1.0,False
CG13575,0.041084755,3.5995235,0.9672283285151707,1.0,False
lncRNA:CR44472,0.041084755,0.86623883,0.9672283285151707,1.0,False
asRNA:CR45885,0.041084755,3.8769076,0.9672283285151707,1.0,False
lncRNA:CR44673,0.041084755,3.7025976,0.9672283285151707,1.0,False
AkhR,0.041084755,1.5080037,0.9672283285151707,1.0,False
CG12824,0.041084755,4.182979,0.9672283285151707,1.0,False
CG14244,0.041084755,3.4940238,0.9672283285151707,1.0,False
CG13323,0.04108133,1.0618247,0.9672310574969137,1.0,False
lncRNA:CR45401,0.04108133,1.1852314,0.9672310574969137,1.0,False
yellow-g,0.04108133,1.6239886,0.9672310574969137,1.0,False
CG6800,0.04108133,1.1928608,0.9672310574969137,1.0,False
lncRNA:CR32636,0.04108133,0.34907857,0.9672310574969137,1.0,False
Cyp4ac1,0.04108133,2.4785454,0.9672310574969137,1.0,False
lncRNA:CR41257,0.04108133,2.6820529,0.9672310574969137,1.0,False
CG14837,0.04108133,1.5482514,0.9672310574969137,1.0,False
Nepl13,0.04108133,1.3094543,0.9672310574969137,1.0,False
CG13795,0.04108133,1.53696,0.9672310574969137,1.0,False
lncRNA:CR45412,0.04108133,2.1559038,0.9672310574969137,1.0,False
CG12911,0.04108133,2.1438801,0.9672310574969137,1.0,False
CG14356,0.04108133,2.7549543,0.9672310574969137,1.0,False
CG7194,0.04108133,2.292554,0.9672310574969137,1.0,False
lncRNA:CR45746,0.04108133,2.7397053,0.9672310574969137,1.0,False
CG15594,0.04108133,2.060523,0.9672310574969137,1.0,False
CG31952,0.041077908,19.153383,0.9672337864790406,1.0,False
lncRNA:CR44552,0.041077908,18.086342,0.9672337864790406,1.0,False
lncRNA:CR45551,0.041077908,2.4546084,0.9672337864790406,1.0,False
CG15705,0.041077908,17.598394,0.9672337864790406,1.0,False
Qsox3,0.041077908,18.968933,0.9672337864790406,1.0,False
Gr10b,0.041077908,18.692543,0.9672337864790406,1.0,False
Ir56d,0.041077908,19.178297,0.9672337864790406,1.0,False
CG17855,0.041077908,17.581253,0.9672337864790406,1.0,False
CG32219,0.041077908,19.005081,0.9672337864790406,1.0,False
CG16723,0.041077908,18.885633,0.9672337864790406,1.0,False
Obp56h,0.041077908,0.42922023,0.9672337864790406,1.0,False
Cht10,0.041077908,0.82129604,0.9672337864790406,1.0,False
CG17300,0.041077908,18.657661,0.9672337864790406,1.0,False
asRNA:CR45518,0.041077908,19.66211,0.9672337864790406,1.0,False
Hsp70Bbb,0.041077908,19.436913,0.9672337864790406,1.0,False
CG33458,0.041077908,18.222143,0.9672337864790406,1.0,False
Sfp53D,0.041077908,0.6354594,0.9672337864790406,1.0,False
CG13074,0.041077908,17.896345,0.9672337864790406,1.0,False
CG13996,0.041077908,1.6885364,0.9672337864790406,1.0,False
dtr,0.041077908,18.368282,0.9672337864790406,1.0,False
Ser,0.041077908,19.190685,0.9672337864790406,1.0,False
Or42b,0.041077908,2.0304966,0.9672337864790406,1.0,False
His1:CG33807,0.041077908,18.993853,0.9672337864790406,1.0,False
lncRNA:CR44636,0.041077908,19.413729,0.9672337864790406,1.0,False
CG44625,0.041077908,17.845228,0.9672337864790406,1.0,False
CG9568,0.041077908,18.920828,0.9672337864790406,1.0,False
CG16898,0.041077908,18.870708,0.9672337864790406,1.0,False
CG6834,0.041077908,0.71422064,0.9672337864790406,1.0,False
CG12539,0.041077908,17.61884,0.9672337864790406,1.0,False
lncRNA:CR44833,0.041077908,18.791113,0.9672337864790406,1.0,False
Sgs1,0.041077908,18.857615,0.9672337864790406,1.0,False
CG32639,0.041077908,19.368591,0.9672337864790406,1.0,False
dmrt11E,0.041077908,18.61556,0.9672337864790406,1.0,False
vanin-like,0.041077908,19.29059,0.9672337864790406,1.0,False
Tdc1,0.041077908,2.6650398,0.9672337864790406,1.0,False
CG32640,0.041077908,1.8524232,0.9672337864790406,1.0,False
CG42264,0.041077908,17.076317,0.9672337864790406,1.0,False
CG7255,0.041077908,19.089296,0.9672337864790406,1.0,False
Cpr72Ea,0.041077908,17.61622,0.9672337864790406,1.0,False
CAH6,0.041077908,19.250305,0.9672337864790406,1.0,False
CG6481,0.041077908,18.83854,0.9672337864790406,1.0,False
snoRNA:Psi28S-1175a,0.041077908,18.92062,0.9672337864790406,1.0,False
ppk25,0.041077908,18.160448,0.9672337864790406,1.0,False
asRNA:CR45053,0.041077908,18.335283,0.9672337864790406,1.0,False
CG46025,0.041077908,18.970987,0.9672337864790406,1.0,False
nenya,0.041077908,18.45195,0.9672337864790406,1.0,False
whip,0.041077908,19.107971,0.9672337864790406,1.0,False
CG6553,0.041077908,18.717054,0.9672337864790406,1.0,False
Dmel_CR45045,0.041077908,1.2896644,0.9672337864790406,1.0,False
FDY,0.041077908,18.890358,0.9672337864790406,1.0,False
tw,0.041077908,18.122063,0.9672337864790406,1.0,False
CG13314,0.041077908,19.682066,0.9672337864790406,1.0,False
CG13445,0.041077908,19.509838,0.9672337864790406,1.0,False
CG9616,0.041077908,18.577003,0.9672337864790406,1.0,False
CG43291,0.041077908,18.355438,0.9672337864790406,1.0,False
Gem4c,0.041077908,18.100727,0.9672337864790406,1.0,False
Cyp309a2,0.041077908,18.58063,0.9672337864790406,1.0,False
CG15034,0.041077908,17.50827,0.9672337864790406,1.0,False
Poc1,0.041077908,19.10831,0.9672337864790406,1.0,False
Apc2,0.041077908,18.210575,0.9672337864790406,1.0,False
dib,0.041077908,19.315567,0.9672337864790406,1.0,False
Gr47a,0.041077908,18.99086,0.9672337864790406,1.0,False
CG7366,0.041077908,18.262617,0.9672337864790406,1.0,False
Tret1l,0.041077908,18.770733,0.9672337864790406,1.0,False
Cubn2,0.041077908,19.102253,0.9672337864790406,1.0,False
CG5023,0.041077908,2.2590046,0.9672337864790406,1.0,False
CG43191,0.041077908,2.079187,0.9672337864790406,1.0,False
CG17199,0.041077908,19.374067,0.9672337864790406,1.0,False
CG42246,0.041077908,19.394716,0.9672337864790406,1.0,False
Cpr78Ca,0.041077908,18.907248,0.9672337864790406,1.0,False
Dmel_CR34687,0.041077908,19.120617,0.9672337864790406,1.0,False
Obp83b,0.041077908,17.970335,0.9672337864790406,1.0,False
CG32719,0.041077908,17.910759,0.9672337864790406,1.0,False
lncRNA:CR43945,0.041077908,18.128292,0.9672337864790406,1.0,False
lncRNA:CR45681,0.041077908,19.516863,0.9672337864790406,1.0,False
CG42564,0.041077908,18.908928,0.9672337864790406,1.0,False
CG17564,0.041077908,18.390995,0.9672337864790406,1.0,False
CG15336,0.041077908,18.05541,0.9672337864790406,1.0,False
asRNA:CR45160,0.041077908,2.1479278,0.9672337864790406,1.0,False
Dmel_CG43189,0.041077908,19.189548,0.9672337864790406,1.0,False
asRNA:CR45682,0.041077908,19.629925,0.9672337864790406,1.0,False
CG33120,0.041077908,18.916708,0.9672337864790406,1.0,False
CG17658,0.041077908,18.045856,0.9672337864790406,1.0,False
neb,0.041077908,0.9901147,0.9672337864790406,1.0,False
lncRNA:CR43608,0.041077908,18.21453,0.9672337864790406,1.0,False
Ama,0.041077908,19.076658,0.9672337864790406,1.0,False
Nep5,0.041077908,18.508823,0.9672337864790406,1.0,False
Dmel_CR44404,0.041077908,1.5509266,0.9672337864790406,1.0,False
CG42544,0.041077908,18.867012,0.9672337864790406,1.0,False
nullo,0.041077908,1.3106803,0.9672337864790406,1.0,False
CG12934,0.041077908,19.15283,0.9672337864790406,1.0,False
CG32266,0.041077908,18.683178,0.9672337864790406,1.0,False
snoRNA:lola-d,0.041077908,19.065304,0.9672337864790406,1.0,False
asRNA:CR45142,0.041077908,2.1158764,0.9672337864790406,1.0,False
CG7634,0.041077908,2.103361,0.9672337864790406,1.0,False
lncRNA:CR45339,0.041077908,18.206804,0.9672337864790406,1.0,False
CG9593,0.041077908,1.1727145,0.9672337864790406,1.0,False
CG32681,0.041077908,18.108246,0.9672337864790406,1.0,False
TwdlM,0.041077908,2.121542,0.9672337864790406,1.0,False
CG30325,0.041077908,18.948898,0.9672337864790406,1.0,False
Sprn,0.041077908,19.120583,0.9672337864790406,1.0,False
lncRNA:CR43406,0.041077908,19.758495,0.9672337864790406,1.0,False
RabX2,0.041077908,18.975096,0.9672337864790406,1.0,False
lncRNA:CR43624,0.041077908,1.0644884,0.9672337864790406,1.0,False
lncRNA:CR45953,0.041077908,1.6889817,0.9672337864790406,1.0,False
CG3526,0.041077908,2.2174804,0.9672337864790406,1.0,False
CG3588,0.041077908,18.708656,0.9672337864790406,1.0,False
CG15046,0.041077908,18.434074,0.9672337864790406,1.0,False
snoRNA:Psi28S-2442a,0.041077908,1.9022671,0.9672337864790406,1.0,False
CG2336,0.041077908,19.738947,0.9672337864790406,1.0,False
CG34453,0.041077908,18.642088,0.9672337864790406,1.0,False
CG33468,0.041077908,18.681898,0.9672337864790406,1.0,False
CG31245,0.041077908,19.274166,0.9672337864790406,1.0,False
Mco3,0.041077908,18.344625,0.9672337864790406,1.0,False
CG14280,0.041077908,18.20682,0.9672337864790406,1.0,False
pnr,0.041077908,18.286198,0.9672337864790406,1.0,False
CG32450,0.041077908,18.942406,0.9672337864790406,1.0,False
CG15147,0.041077908,19.112324,0.9672337864790406,1.0,False
lncRNA:CR44410,0.041077908,18.36197,0.9672337864790406,1.0,False
CG34456,0.041077908,1.0370109,0.9672337864790406,1.0,False
lncRNA:CR45610,0.041077908,19.06457,0.9672337864790406,1.0,False
asRNA:CR44431,0.041077908,18.901052,0.9672337864790406,1.0,False
CG15452,0.041077908,18.194483,0.9672337864790406,1.0,False
CG32036,0.041077908,1.1506916,0.9672337864790406,1.0,False
Obsc,0.041077908,1.1930473,0.9672337864790406,1.0,False
CG7992,0.041077908,18.546736,0.9672337864790406,1.0,False
CG45062,0.041077908,19.444273,0.9672337864790406,1.0,False
lncRNA:CR44103,0.041074485,1.6428845,0.9672365154615511,1.0,False
asRNA:CR46136,0.041074485,0.9628023,0.9672365154615511,1.0,False
lncRNA:CR44620,0.041074485,0.930496,0.9672365154615511,1.0,False
NimB3,0.041074485,0.94511324,0.9672365154615511,1.0,False
CG4927,0.041074485,0.7189809,0.9672365154615511,1.0,False
CG11034,0.041074485,1.461206,0.9672365154615511,1.0,False
asRNA:CR45834,0.041074485,0.72875303,0.9672365154615511,1.0,False
ODA-Dnal1,0.041074485,1.5043567,0.9672365154615511,1.0,False
Mlc1,0.041074485,2.0731492,0.9672365154615511,1.0,False
ft,0.041074485,1.3068118,0.9672365154615511,1.0,False
RhoU,0.041074485,0.7347652,0.9672365154615511,1.0,False
CG9747,0.041074485,1.0820048,0.9672365154615511,1.0,False
lncRNA:CR44804,0.041074485,2.0188382,0.9672365154615511,1.0,False
CG9289,0.041074485,1.4162521,0.9672365154615511,1.0,False
Tppl,0.041074485,1.0824299,0.9672365154615511,1.0,False
CG31626,0.041074485,0.74178606,0.9672365154615511,1.0,False
asRNA:CR43809,0.041074485,1.0822239,0.9672365154615511,1.0,False
mcw,0.041074485,0.8003092,0.9672365154615511,1.0,False
LysX,0.041074485,1.6062555,0.9672365154615511,1.0,False
lab,0.041074485,0.43263394,0.9672365154615511,1.0,False
asRNA:CR46097,0.041074485,1.1059457,0.9672365154615511,1.0,False
lncRNA:CR43907,0.041074485,1.5355548,0.9672365154615511,1.0,False
ppk27,0.041074485,1.2046775,0.9672365154615511,1.0,False
CG16713,0.041074485,1.5785352,0.9672365154615511,1.0,False
CG9389,0.041074485,0.44292897,0.9672365154615511,1.0,False
asRNA:CR43243,0.041074485,1.4742808,0.9672365154615511,1.0,False
lncRNA:CR43631,0.041074485,0.5829851,0.9672365154615511,1.0,False
Gpa2,0.041074485,1.6017457,0.9672365154615511,1.0,False
CG32500,0.041074485,1.1564895,0.9672365154615511,1.0,False
lncRNA:CR45559,0.041074485,0.4235081,0.9672365154615511,1.0,False
CG6602,0.041074485,0.87796533,0.9672365154615511,1.0,False
ouib,0.041074485,1.3844478,0.9672365154615511,1.0,False
CG33281,0.041074485,1.6154892,0.9672365154615511,1.0,False
CG15927,0.041074485,1.3188215,0.9672365154615511,1.0,False
lncRNA:CR44775,0.04107106,1.1001033,0.9672392444444453,1.0,False
lncRNA:CR44442,0.04107106,0.7345072,0.9672392444444453,1.0,False
CG13024,0.04107106,1.0729308,0.9672392444444453,1.0,False
lncRNA:CR43992,0.04107106,-0.07205813,0.9672392444444453,1.0,False
lncRNA:CR44395,0.04107106,1.1130196,0.9672392444444453,1.0,False
snoRNA:Psi28S-1175c,0.04107106,1.4833862,0.9672392444444453,1.0,False
CG13309,0.04107106,1.1648222,0.9672392444444453,1.0,False
CG15347,0.04107106,1.4318666,0.9672392444444453,1.0,False
Est17,0.04107106,1.3039627,0.9672392444444453,1.0,False
CG44102,0.04107106,0.92299265,0.9672392444444453,1.0,False
CG32845,0.04107106,0.6611395,0.9672392444444453,1.0,False
asRNA:CR45132,0.04107106,0.6877334,0.9672392444444453,1.0,False
CG32801,0.04107106,0.38550976,0.9672392444444453,1.0,False
CG13622,0.04107106,0.045014057,0.9672392444444453,1.0,False
Obp83g,0.04107106,1.0867423,0.9672392444444453,1.0,False
Vha36-2,0.04107106,1.5368882,0.9672392444444453,1.0,False
lncRNA:CR44781,0.04107106,0.69221413,0.9672392444444453,1.0,False
CG8654,0.04107106,0.60055876,0.9672392444444453,1.0,False
Lip4,0.04107106,0.76041096,0.9672392444444453,1.0,False
pon,0.04107106,1.0457357,0.9672392444444453,1.0,False
Or1a,0.04107106,0.6703339,0.9672392444444453,1.0,False
Desat2,0.04107106,1.1784326,0.9672392444444453,1.0,False
CG45603,0.041067638,0.47317824,0.9672419734277232,1.0,False
CG15784,0.041067638,0.53485817,0.9672419734277232,1.0,False
CG31288,0.041067638,0.6685027,0.9672419734277232,1.0,False
lncRNA:CR43941,0.041067638,0.5768402,0.9672419734277232,1.0,False
CG17177,0.041067638,0.6160565,0.9672419734277232,1.0,False
Mec2,0.041067638,0.81976956,0.9672419734277232,1.0,False
CG8236,0.041067638,0.52080446,0.9672419734277232,1.0,False
lncRNA:CR46013,0.041067638,1.0601832,0.9672419734277232,1.0,False
lncRNA:CR45805,0.041067638,0.43558913,0.9672419734277232,1.0,False
asRNA:CR44368,0.041067638,0.8858142,0.9672419734277232,1.0,False
Spn42Dd,0.041064214,0.2977241,0.9672447024113847,1.0,False
CG3038,0.041064214,0.5334473,0.9672447024113847,1.0,False
Or45b,0.041064214,0.2809027,0.9672447024113847,1.0,False
CG34342,0.041064214,0.34446177,0.9672447024113847,1.0,False
lncRNA:CR45120,0.041064214,0.34784737,0.9672447024113847,1.0,False
CG40006,0.041064214,0.3338593,0.9672447024113847,1.0,False
Gr39a,0.041064214,0.7237926,0.9672447024113847,1.0,False
betaTub60D,0.041064214,0.3893098,0.9672447024113847,1.0,False
CG31778,0.041064214,0.36152214,0.9672447024113847,1.0,False
Dmel_CG30456,0.041064214,0.40851802,0.9672447024113847,1.0,False
CG42711,0.041064214,0.37458614,0.9672447024113847,1.0,False
CG32161,0.041060794,0.34607714,0.9672474313954299,1.0,False
CG7408,0.041060794,0.4897845,0.9672474313954299,1.0,False
Ccdc39,0.041060794,0.090032995,0.9672474313954299,1.0,False
eggpl,0.041060794,0.27688763,0.9672474313954299,1.0,False
Sph242,0.041060794,0.1731797,0.9672474313954299,1.0,False
CG18249,0.041060794,0.2929892,0.9672474313954299,1.0,False
spz5,0.041060794,0.49053356,0.9672474313954299,1.0,False
btl,0.041060794,0.45490938,0.9672474313954299,1.0,False
lectin-46Ca,0.041060794,0.11030443,0.9672474313954299,1.0,False
CG34244,0.041060794,0.24416596,0.9672474313954299,1.0,False
CG34454,0.041060794,0.1772361,0.9672474313954299,1.0,False
can,0.041060794,0.43737763,0.9672474313954299,1.0,False
lncRNA:CR44985,0.041060794,0.08292625,0.9672474313954299,1.0,False
CG13085,0.041060794,0.34816152,0.9672474313954299,1.0,False
asRNA:CR45162,0.04105737,0.35433835,0.9672501603798587,1.0,False
CG33632,0.04105737,0.34742343,0.9672501603798587,1.0,False
asRNA:CR44067,0.04105737,0.3243548,0.9672501603798587,1.0,False
asRNA:CR42871,0.04105737,0.08314103,0.9672501603798587,1.0,False
CG12589,0.041053947,0.3329546,0.9672528893646709,1.0,False
lncRNA:CR44360,0.041053947,0.15964833,0.9672528893646709,1.0,False
AstCC,0.041053947,-0.5475543,0.9672528893646709,1.0,False
CG5958,0.041050524,0.333003,0.9672556183498667,1.0,False
CG14301,0.041050524,0.2386784,0.9672556183498667,1.0,False
asRNA:CR46067,0.041050524,0.28322184,0.9672556183498667,1.0,False
stl,0.041050524,0.1067453,0.9672556183498667,1.0,False
CG14961,0.041050524,0.08994077,0.9672556183498667,1.0,False
Nepl18,0.0410471,0.2309529,0.967258347335446,1.0,False
CG6470,0.0410471,0.19417892,0.967258347335446,1.0,False
asRNA:CR44390,0.0410471,-0.010222825,0.967258347335446,1.0,False
CG13287,0.0410471,0.16034272,0.967258347335446,1.0,False
CG5853,0.0410471,-0.2237404,0.967258347335446,1.0,False
CG33475,0.0410471,0.21499431,0.967258347335446,1.0,False
CG10918,0.0410471,0.18493657,0.967258347335446,1.0,False
lncRNA:CR44947,0.0410471,0.010719539,0.967258347335446,1.0,False
lncRNA:CR45981,0.041043676,0.14318421,0.9672610763214087,1.0,False
lncRNA:CR43650,0.041040253,0.07886988,0.9672638053077549,1.0,False
CG7457,0.041040253,-0.013845292,0.9672638053077549,1.0,False
CG8646,0.041040253,0.13724785,0.9672638053077549,1.0,False
Ctr1B,0.041038543,0.13892254,0.9672651698010717,1.0,False
CG30324,0.04103683,0.08737014,0.9672665342944844,1.0,False
CG12278,0.04103683,0.22687037,0.9672665342944844,1.0,False
asRNA:CR44046,0.041033406,0.11504023,0.9672692632815973,1.0,False
Cdk4,0.041033406,0.10173671,0.9672692632815973,1.0,False
CG11125,0.041033406,0.036365476,0.9672692632815973,1.0,False
CG34141,0.041029982,-0.0249486,0.9672719922690936,1.0,False
betaTub85D,0.041029982,0.08735032,0.9672719922690936,1.0,False
CG42807,0.041029982,0.0672967,0.9672719922690936,1.0,False
CG15717,0.04102314,0.122043185,0.9672774502452358,1.0,False
Theg,0.04102314,-0.16259822,0.9672774502452358,1.0,False
lncRNA:CR43724,0.04102314,0.051108915,0.9672774502452358,1.0,False
snoRNA:Psi18S-1377b,0.04100602,0.0059798234,0.9672910951922975,1.0,False
CG34338,0.04100602,-0.14836068,0.9672910951922975,1.0,False
CG31883,0.04100602,0.011768734,0.9672910951922975,1.0,False
CG31019,0.041002598,-0.307247,0.9672938241828591,1.0,False
lncRNA:CR44445,0.040999174,-0.1620699,0.9672965531738038,1.0,False
CG15617,0.04099575,0.14392231,0.9672992821651315,1.0,False
tmn,0.04099575,0.14065006,0.9672992821651315,1.0,False
CG4496,0.04099233,0.13622157,0.9673020111568422,1.0,False
lncRNA:CR45641,0.04098206,-0.005915471,0.9673101981342718,1.0,False
CG34386,0.04098206,0.04286341,0.9673101981342718,1.0,False
eIF4E6,0.04098206,0.08754807,0.9673101981342718,1.0,False
CG11626,0.04097179,-0.15606579,0.967318385115147,1.0,False
CG44815,0.0409581,-0.38219678,0.9673293010950055,1.0,False
CG31904,0.04094783,0.039218973,0.9673374880839171,1.0,False
lncRNA:CR46258,0.040944405,-0.06324934,0.967340217080986,1.0,False
Cyp6g1,0.040913597,-0.3151001,0.967364778071815,1.0,False
CG30357,0.04090675,-0.15067776,0.9673702360739821,1.0,False
Ance,0.040903326,-0.19288261,0.9673729650756389,1.0,False
rempA,0.040889636,-0.15544158,0.9673838810860867,1.0,False
Ada1-2,0.040879365,-0.17783277,0.9673920680979335,1.0,False
lncRNA:CR46095,0.040869094,-0.34578353,0.9674002551132174,1.0,False
CG5541,0.04082802,-0.2222261,0.9674330032087054,1.0,False
r-cup,0.040756132,-0.5383782,0.9674903125079342,1.0,False
lncRNA:CR46322,0.040629473,-0.14449535,0.9675912864434963,1.0,False
CG7322,0.040537048,-0.3158785,0.967664970454233,1.0,False
ci,0.040485702,-0.13059941,0.9677059061350826,1.0,False
CapaR,0.040424086,-0.32629508,0.9677550290644226,1.0,False
CG11374,0.03993115,-0.3352233,0.9681480168883114,1.0,False
sn,0.039556313,-0.21556552,0.9684468565620103,1.0,False
Obp49a,0.03938173,-0.08454541,0.968586043678473,1.0,False
Fbxo42,0.039366327,-0.24694864,0.9685983249406371,1.0,False
Ndc1,0.039236248,-0.5358576,0.9687020336733807,1.0,False
Spase22-23,0.039231114,-0.20932062,0.9687061274500178,1.0,False
xmas,0.03890249,-0.21551734,0.9689681308653706,1.0,False
Hr4,0.038820334,-0.19791229,0.9690336322436783,1.0,False
lncRNA:CR45961,0.038128857,-0.18147644,0.9695849437464368,1.0,False
Golgin84,0.037576016,-0.25946546,0.9700257304911398,1.0,False
CG6204,0.037117314,-0.38904056,0.9703914676259366,1.0,False
Brca2,0.03648574,-0.15810473,0.9708950487052566,1.0,False
GlnRS,0.036482316,-0.30630577,0.9708977781738006,1.0,False
dwg,0.03647205,-0.2625056,0.9709059665814779,1.0,False
CG14286,0.035787415,-0.24645245,0.9714518673017459,1.0,False
Rrp47,0.035787415,-0.19555749,0.9714518673017459,1.0,False
Acox3,0.035710394,-0.2718822,0.9715132819745138,1.0,False
Nph,0.035427984,-0.27083957,0.9717384705504193,1.0,False
kto,0.03503432,-0.15389074,0.9720523735327748,1.0,False
CG13671,0.034861453,-0.34192094,0.9721902192567495,1.0,False
CG42382,0.034548234,-0.2793859,0.9724399814442383,1.0,False
CG14100,0.03299583,-0.2796021,0.9736779132334165,1.0,False
CG10949,0.031693317,-0.23629889,0.9747166239015908,1.0,False
Mulk,0.031241462,-0.23490004,0.9750769751607791,1.0,False
CG9799,0.030348016,-0.3489622,0.9757895027806,1.0,False
Arp10,0.030026238,-0.30355886,0.9760461266851207,1.0,False
CG32091,0.02781659,0.19143698,0.9778084340687323,1.0,False
Cyp6w1,0.027619759,0.08720712,0.9779654226791354,1.0,False
CG12910,0.027482832,0.07706811,0.9780746326509707,1.0,False
eco,0.027475987,0.1582207,0.9780800931603675,1.0,False
lncRNA:CR46083,0.027474275,0.56307983,0.9780814582878772,1.0,False
Mcm5,0.027470851,0.35070926,0.9780841885430891,1.0,False
Rcd2,0.027470851,0.1290574,0.9780841885430891,1.0,False
Fancd2,0.027467428,0.62197495,0.9780869187985578,1.0,False
CG12964,0.027438331,0.67537093,0.9781101259804036,1.0,False
Tpl94D,0.02742464,0.9321651,0.9781210470135667,1.0,False
Osi3,0.027422927,1.2035712,0.9781224121430004,1.0,False
lectin-28C,0.027419504,0.25495663,0.9781251424020603,1.0,False
Hdc,0.027417792,0.46883327,0.9781265075316863,1.0,False
Gr77a,0.027409235,0.24565402,0.9781333331807771,1.0,False
Ugt302K1,0.027405811,0.71900856,0.9781360634408618,1.0,False
CG34025,0.027405811,1.3269614,0.9781360634408618,1.0,False
mkg-p,0.0274041,1.7887769,0.9781374285710002,1.0,False
CG17490,0.0274041,0.84789336,0.9781374285710002,1.0,False
drd,0.0274041,0.35728228,0.9781374285710002,1.0,False
CG1136,0.027402388,1.0908041,0.9781387937012026,1.0,False
CG31797,0.027398964,0.827849,0.9781415239617995,1.0,False
lncRNA:CR44526,0.027398964,0.40784183,0.9781415239617995,1.0,False
Vha14-2,0.027398964,0.70571214,0.9781415239617995,1.0,False
Idgf1,0.027397253,0.7186688,0.978142889092194,1.0,False
CG8219,0.027397253,1.3942562,0.978142889092194,1.0,False
lncRNA:CR33942,0.02739554,1.9961015,0.9781442542226525,1.0,False
Cnb,0.02739554,0.93666875,0.9781442542226525,1.0,False
GstD10,0.02739383,0.9946685,0.978145619353175,1.0,False
asRNA:CR44351,0.02739383,1.1422437,0.978145619353175,1.0,False
dx,0.02739383,0.5453403,0.978145619353175,1.0,False
Nepl20,0.02739383,0.5179625,0.978145619353175,1.0,False
CG2652,0.02739383,0.920148,0.978145619353175,1.0,False
Jhbp12,0.02739212,0.91176265,0.9781469844837616,1.0,False
Agxt,0.02739212,1.216056,0.9781469844837616,1.0,False
CG14245,0.02739212,1.0799433,0.9781469844837616,1.0,False
CG34437,0.02739212,1.3251034,0.9781469844837616,1.0,False
SkpB,0.02739212,1.9962041,0.9781469844837616,1.0,False
CG45066,0.02739212,1.5026628,0.9781469844837616,1.0,False
CG13516,0.02739212,1.5357535,0.9781469844837616,1.0,False
ana3,0.02739212,0.26368657,0.9781469844837616,1.0,False
lncRNA:CR44904,0.02739212,0.2912812,0.9781469844837616,1.0,False
CG10252,0.02739212,1.4001296,0.9781469844837616,1.0,False
CG31910,0.027390407,2.5444765,0.9781483496144121,1.0,False
CG12398,0.027390407,2.1566525,0.9781483496144121,1.0,False
asRNA:CR45366,0.027390407,3.493974,0.9781483496144121,1.0,False
Lcp65Ad,0.027390407,4.0321875,0.9781483496144121,1.0,False
Cpr78Cb,0.027390407,3.8358634,0.9781483496144121,1.0,False
lncRNA:CR46233,0.027390407,2.4639235,0.9781483496144121,1.0,False
Grl36b,0.027390407,2.9960694,0.9781483496144121,1.0,False
asRNA:CR44049,0.027390407,0.9834088,0.9781483496144121,1.0,False
CG13442,0.027390407,2.4398525,0.9781483496144121,1.0,False
lncRNA:CR46245,0.027390407,3.991048,0.9781483496144121,1.0,False
CG4546,0.027390407,3.9091191,0.9781483496144121,1.0,False
Spn77Bc,0.027390407,2.9037325,0.9781483496144121,1.0,False
CG9806,0.027390407,2.7241971,0.9781483496144121,1.0,False
snoRNA:Psi18S-1854a,0.027390407,4.7630363,0.9781483496144121,1.0,False
cDIP,0.027390407,2.1805928,0.9781483496144121,1.0,False
lncRNA:CR45921,0.027390407,1.0741721,0.9781483496144121,1.0,False
mthl3,0.027390407,2.8061378,0.9781483496144121,1.0,False
lncRNA:CR44596,0.027388696,1.2313681,0.9781497147451266,1.0,False
shu,0.027388696,1.2825127,0.9781497147451266,1.0,False
asRNA:CR45831,0.027388696,1.1425927,0.9781497147451266,1.0,False
CG14406,0.027388696,1.5510525,0.9781497147451266,1.0,False
Nlg1,0.027388696,0.71789134,0.9781497147451266,1.0,False
snoRNA:Psi18S-531,0.027388696,1.4394387,0.9781497147451266,1.0,False
snoRNA:Psi18S-920,0.027386984,1.7889524,0.9781510798759051,1.0,False
CG10481,0.027386984,2.1314194,0.9781510798759051,1.0,False
Abd-B,0.027386984,1.6801083,0.9781510798759051,1.0,False
lncRNA:CR43863,0.027386984,2.88111,0.9781510798759051,1.0,False
CG32695,0.027386984,1.7633058,0.9781510798759051,1.0,False
CG18537,0.027386984,0.81822824,0.9781510798759051,1.0,False
Amt,0.027386984,2.2197995,0.9781510798759051,1.0,False
ItgaPS5,0.027386984,1.7902312,0.9781510798759051,1.0,False
Ttc30,0.027386984,1.574229,0.9781510798759051,1.0,False
CG42486,0.027386984,1.5215944,0.9781510798759051,1.0,False
snoRNA:CG32479-b,0.027386984,1.6428164,0.9781510798759051,1.0,False
CG10657,0.027386984,0.8648248,0.9781510798759051,1.0,False
CG11458,0.027386984,1.2371556,0.9781510798759051,1.0,False
CG17781,0.027386984,1.7651446,0.9781510798759051,1.0,False
snoRNA:Psi18S-176,0.027386984,1.7306129,0.9781510798759051,1.0,False
eve,0.027386984,1.6103545,0.9781510798759051,1.0,False
lncRNA:CR44363,0.027386984,2.138438,0.9781510798759051,1.0,False
CG7882,0.027386984,2.0501492,0.9781510798759051,1.0,False
Obp99a,0.027386984,1.6661118,0.9781510798759051,1.0,False
CG33552,0.027386984,2.3502371,0.9781510798759051,1.0,False
CG31809,0.027386984,1.882223,0.9781510798759051,1.0,False
CG13068,0.027386984,2.1644175,0.9781510798759051,1.0,False
Jon44E,0.027386984,1.9394115,0.9781510798759051,1.0,False
CG14325,0.027386984,1.7010535,0.9781510798759051,1.0,False
GstE10,0.027385272,18.746912,0.9781524450067476,1.0,False
CG15282,0.027385272,16.876863,0.9781524450067476,1.0,False
CG16824,0.027385272,18.275858,0.9781524450067476,1.0,False
CG15563,0.027385272,18.141468,0.9781524450067476,1.0,False
lky,0.027385272,18.067816,0.9781524450067476,1.0,False
CG12702,0.027385272,18.561954,0.9781524450067476,1.0,False
5.8SrRNA-Psi:CR45849,0.027385272,17.69751,0.9781524450067476,1.0,False
snoRNA:CD40,0.027385272,18.348787,0.9781524450067476,1.0,False
CG13358,0.027385272,16.928373,0.9781524450067476,1.0,False
lncRNA:CR45125,0.027385272,19.12638,0.9781524450067476,1.0,False
CG6280,0.027385272,17.598396,0.9781524450067476,1.0,False
CG31279,0.027385272,18.68253,0.9781524450067476,1.0,False
lncRNA:CR46030,0.027385272,18.733427,0.9781524450067476,1.0,False
CG1324,0.027385272,17.849977,0.9781524450067476,1.0,False
Mur89F,0.027385272,16.51308,0.9781524450067476,1.0,False
CG32040,0.027385272,17.758606,0.9781524450067476,1.0,False
mthl11,0.027385272,18.64899,0.9781524450067476,1.0,False
snoRNA:Psi28S-291,0.027385272,19.302261,0.9781524450067476,1.0,False
CG18577,0.027385272,18.141895,0.9781524450067476,1.0,False
CG18530,0.027385272,18.992018,0.9781524450067476,1.0,False
CG42571,0.027385272,17.179813,0.9781524450067476,1.0,False
CG14756,0.027385272,18.948273,0.9781524450067476,1.0,False
snoRNA:Psi28S-3405c,0.027385272,18.750608,0.9781524450067476,1.0,False
CG12723,0.027385272,18.236467,0.9781524450067476,1.0,False
Lrt,0.027385272,18.664076,0.9781524450067476,1.0,False
TpnC25D,0.027385272,18.216114,0.9781524450067476,1.0,False
Odc2,0.027385272,17.901161,0.9781524450067476,1.0,False
CG14763,0.027385272,18.031816,0.9781524450067476,1.0,False
CG13066,0.027385272,18.466726,0.9781524450067476,1.0,False
RhoGEF4,0.027385272,18.53699,0.9781524450067476,1.0,False
asRNA:CR45205,0.027385272,18.213823,0.9781524450067476,1.0,False
CG13558,0.027385272,18.669382,0.9781524450067476,1.0,False
CG33459,0.027385272,17.88834,0.9781524450067476,1.0,False
CG9411,0.027385272,18.519766,0.9781524450067476,1.0,False
CG43844,0.027385272,19.039925,0.9781524450067476,1.0,False
lncRNA:CR45117,0.027385272,18.241379,0.9781524450067476,1.0,False
CG42615,0.027385272,19.113384,0.9781524450067476,1.0,False
asRNA:CR45894,0.027385272,18.53734,0.9781524450067476,1.0,False
CG43095,0.027385272,18.998524,0.9781524450067476,1.0,False
Pebp1,0.027385272,18.332014,0.9781524450067476,1.0,False
Eo,0.027385272,18.754623,0.9781524450067476,1.0,False
dsx-c73A,0.027385272,17.97372,0.9781524450067476,1.0,False
CG12831,0.027385272,17.966461,0.9781524450067476,1.0,False
GstD5,0.027385272,19.333199,0.9781524450067476,1.0,False
CG44037,0.027385272,18.572914,0.9781524450067476,1.0,False
Cht4,0.027385272,18.740023,0.9781524450067476,1.0,False
yellow-f,0.027385272,1.1600224,0.9781524450067476,1.0,False
CG7091,0.027385272,17.784597,0.9781524450067476,1.0,False
CG31698,0.027385272,16.558908,0.9781524450067476,1.0,False
l(2)03659,0.027385272,18.775007,0.9781524450067476,1.0,False
Sclp,0.027385272,16.691679,0.9781524450067476,1.0,False
asRNA:CR46092,0.027385272,18.601288,0.9781524450067476,1.0,False
CG43999,0.027385272,18.782331,0.9781524450067476,1.0,False
CG43137,0.027385272,17.982634,0.9781524450067476,1.0,False
lncRNA:CR43874,0.027385272,17.668955,0.9781524450067476,1.0,False
snoRNA:Psi28S-1232,0.027385272,18.19166,0.9781524450067476,1.0,False
snoRNA:Psi28S-3436b,0.027385272,18.379671,0.9781524450067476,1.0,False
lncRNA:CR45004,0.027385272,18.287918,0.9781524450067476,1.0,False
CG42828,0.027385272,17.93555,0.9781524450067476,1.0,False
CG8543,0.027385272,18.836046,0.9781524450067476,1.0,False
brv2,0.027385272,16.99352,0.9781524450067476,1.0,False
CG6333,0.027385272,18.258984,0.9781524450067476,1.0,False
Ir75a,0.027385272,18.471512,0.9781524450067476,1.0,False
gdrd,0.027385272,16.900152,0.9781524450067476,1.0,False
NijC,0.027385272,19.049503,0.9781524450067476,1.0,False
CG31347,0.027385272,18.431564,0.9781524450067476,1.0,False
Cyp313a4,0.027385272,18.062693,0.9781524450067476,1.0,False
CG3604,0.027385272,18.271004,0.9781524450067476,1.0,False
snoRNA:CG31191-a,0.027385272,17.88385,0.9781524450067476,1.0,False
asRNA:CR44207,0.027385272,18.376408,0.9781524450067476,1.0,False
lncRNA:CR45029,0.027385272,18.673376,0.9781524450067476,1.0,False
CG5506,0.027385272,18.518436,0.9781524450067476,1.0,False
geko,0.027385272,19.080244,0.9781524450067476,1.0,False
asRNA:CR45974,0.027385272,17.988817,0.9781524450067476,1.0,False
Gr98a,0.027385272,17.973104,0.9781524450067476,1.0,False
CG3330,0.027385272,18.535002,0.9781524450067476,1.0,False
lncRNA:CR45306,0.027385272,18.621101,0.9781524450067476,1.0,False
Gr59c,0.027385272,18.325794,0.9781524450067476,1.0,False
CG33673,0.027385272,17.302961,0.9781524450067476,1.0,False
CG43396,0.027385272,18.572418,0.9781524450067476,1.0,False
snoRNA:Psi28S-3327c,0.027385272,18.439451,0.9781524450067476,1.0,False
asRNA:CR43467,0.027385272,16.818357,0.9781524450067476,1.0,False
CG14106,0.027385272,18.722689,0.9781524450067476,1.0,False
lncRNA:CR45722,0.027385272,17.381977,0.9781524450067476,1.0,False
lncRNA:CR46208,0.027385272,1.0251235,0.9781524450067476,1.0,False
lncRNA:CR45615,0.027385272,18.525501,0.9781524450067476,1.0,False
CG16837,0.027385272,18.067085,0.9781524450067476,1.0,False
lncRNA:CR46253,0.027385272,17.929037,0.9781524450067476,1.0,False
lncRNA:CR44803,0.027385272,18.43189,0.9781524450067476,1.0,False
PpD6,0.027385272,17.784052,0.9781524450067476,1.0,False
CG17264,0.027385272,19.19507,0.9781524450067476,1.0,False
mthl12,0.027385272,19.00385,0.9781524450067476,1.0,False
Ts,0.027385272,0.89762986,0.9781524450067476,1.0,False
asRNA:Eig63F-2,0.027385272,18.785555,0.9781524450067476,1.0,False
Mst87F,0.027385272,18.295126,0.9781524450067476,1.0,False
TwdlY,0.027385272,17.34216,0.9781524450067476,1.0,False
Cpr92F,0.027385272,18.706556,0.9781524450067476,1.0,False
Muc4B,0.027385272,18.62985,0.9781524450067476,1.0,False
spz6,0.027385272,17.45188,0.9781524450067476,1.0,False
CG10801,0.027385272,19.028309,0.9781524450067476,1.0,False
mms4,0.027385272,16.496021,0.9781524450067476,1.0,False
CG6138,0.027385272,1.116199,0.9781524450067476,1.0,False
asRNA:CR44266,0.027385272,18.604446,0.9781524450067476,1.0,False
Ir56c,0.027385272,17.922169,0.9781524450067476,1.0,False
lncRNA:CR44701,0.027385272,17.36381,0.9781524450067476,1.0,False
lncRNA:CR44677,0.027385272,17.454117,0.9781524450067476,1.0,False
Spc105R,0.027385272,17.32078,0.9781524450067476,1.0,False
pre-mod(mdg4)-E,0.027385272,18.156782,0.9781524450067476,1.0,False
CG15498,0.027385272,18.169088,0.9781524450067476,1.0,False
lncRNA:CR43753,0.027385272,17.863918,0.9781524450067476,1.0,False
snoRNA:Psi18S-1389a,0.027385272,18.571905,0.9781524450067476,1.0,False
Or22c,0.027385272,17.202393,0.9781524450067476,1.0,False
Tsp47F,0.027385272,18.22992,0.9781524450067476,1.0,False
Hao,0.027385272,18.964106,0.9781524450067476,1.0,False
lncRNA:CR46225,0.027385272,18.455513,0.9781524450067476,1.0,False
lncRNA:CR45984,0.027385272,18.316717,0.9781524450067476,1.0,False
asRNA:CR43430,0.027385272,1.1287005,0.9781524450067476,1.0,False
kipf,0.027385272,0.9661493,0.9781524450067476,1.0,False
CG17780,0.027385272,18.897486,0.9781524450067476,1.0,False
CG33342,0.027385272,16.902658,0.9781524450067476,1.0,False
CG13613,0.027385272,17.94042,0.9781524450067476,1.0,False
lncRNA:CR43606,0.027385272,18.936441,0.9781524450067476,1.0,False
CG17127,0.027385272,17.162584,0.9781524450067476,1.0,False
lncRNA:CR44953,0.027385272,17.99963,0.9781524450067476,1.0,False
CG33460,0.027385272,17.326942,0.9781524450067476,1.0,False
lncRNA:CR45276,0.027385272,17.706478,0.9781524450067476,1.0,False
CG43134,0.027385272,17.595575,0.9781524450067476,1.0,False
lncRNA:CR44177,0.027385272,18.806116,0.9781524450067476,1.0,False
Or22b,0.027385272,17.887558,0.9781524450067476,1.0,False
CG13177,0.027385272,18.696995,0.9781524450067476,1.0,False
lncRNA:CR44373,0.027385272,18.772238,0.9781524450067476,1.0,False
CG30036,0.027385272,17.07507,0.9781524450067476,1.0,False
CG34230,0.027385272,18.723242,0.9781524450067476,1.0,False
Nazo,0.027385272,0.8090379,0.9781524450067476,1.0,False
Mcm2,0.027385272,18.753716,0.9781524450067476,1.0,False
CG14262,0.027385272,17.482103,0.9781524450067476,1.0,False
lncRNA:CR46085,0.027385272,0.44122675,0.9781524450067476,1.0,False
knrl,0.027385272,19.091322,0.9781524450067476,1.0,False
mir-2a-2,0.027385272,18.269842,0.9781524450067476,1.0,False
mah,0.027385272,18.85054,0.9781524450067476,1.0,False
CG6432,0.027385272,17.639462,0.9781524450067476,1.0,False
CG10589,0.027385272,18.991377,0.9781524450067476,1.0,False
CG6938,0.027385272,18.382837,0.9781524450067476,1.0,False
lncRNA:CR46112,0.027385272,18.627249,0.9781524450067476,1.0,False
CG9903,0.027385272,0.93538636,0.9781524450067476,1.0,False
TotB,0.027385272,18.034986,0.9781524450067476,1.0,False
lncRNA:CR43648,0.027385272,18.42342,0.9781524450067476,1.0,False
lncRNA:CR43686,0.027385272,18.530062,0.9781524450067476,1.0,False
CG14424,0.027385272,18.227688,0.9781524450067476,1.0,False
CG43050,0.027385272,17.752686,0.9781524450067476,1.0,False
CG32718,0.027385272,17.168907,0.9781524450067476,1.0,False
lncRNA:CR45667,0.027385272,18.10472,0.9781524450067476,1.0,False
lncRNA:CR45432,0.027385272,17.795576,0.9781524450067476,1.0,False
CG32436,0.027385272,17.119373,0.9781524450067476,1.0,False
CG43330,0.027385272,0.9957152,0.9781524450067476,1.0,False
lncRNA:CR43498,0.027385272,17.977863,0.9781524450067476,1.0,False
CG5418,0.027385272,19.315626,0.9781524450067476,1.0,False
lncRNA:CR45742,0.027385272,17.597067,0.9781524450067476,1.0,False
CG43980,0.027385272,18.617313,0.9781524450067476,1.0,False
lncRNA:CR45803,0.027385272,17.23901,0.9781524450067476,1.0,False
mElo,0.027385272,18.460653,0.9781524450067476,1.0,False
lncRNA:CR43719,0.027385272,19.051004,0.9781524450067476,1.0,False
CG30398,0.027385272,17.239174,0.9781524450067476,1.0,False
ENGase,0.027385272,0.23595893,0.9781524450067476,1.0,False
CG42284,0.027385272,18.697935,0.9781524450067476,1.0,False
CG11269,0.027385272,18.685106,0.9781524450067476,1.0,False
lncRNA:CR44714,0.027385272,18.606737,0.9781524450067476,1.0,False
lncRNA:CR42755,0.027385272,17.891424,0.9781524450067476,1.0,False
5.8SrRNA-Psi:CR45857,0.027385272,18.46587,0.9781524450067476,1.0,False
28SrRNA-Psi:CR45853,0.027385272,19.033016,0.9781524450067476,1.0,False
Jhbp5,0.027385272,18.43642,0.9781524450067476,1.0,False
Xrcc2,0.027385272,18.548122,0.9781524450067476,1.0,False
lncRNA:CR44256,0.027385272,18.1951,0.9781524450067476,1.0,False
Or2a,0.027385272,18.181282,0.9781524450067476,1.0,False
asRNA:CR45189,0.027385272,17.118963,0.9781524450067476,1.0,False
CG4744,0.027385272,18.762028,0.9781524450067476,1.0,False
lncRNA:CR44343,0.027385272,19.133549,0.9781524450067476,1.0,False
CG31087,0.027385272,18.05672,0.9781524450067476,1.0,False
CG11854,0.027385272,18.372805,0.9781524450067476,1.0,False
asRNA:CR45601,0.027385272,19.208345,0.9781524450067476,1.0,False
CG13634,0.027385272,18.63443,0.9781524450067476,1.0,False
lncRNA:CR43166,0.027385272,18.323694,0.9781524450067476,1.0,False
spdt,0.027385272,19.2829,0.9781524450067476,1.0,False
CG15333,0.027385272,18.941914,0.9781524450067476,1.0,False
CG44476,0.027385272,19.127718,0.9781524450067476,1.0,False
CG9184,0.027385272,16.860317,0.9781524450067476,1.0,False
He,0.027385272,17.784597,0.9781524450067476,1.0,False
lncRNA:CR45588,0.027385272,18.135855,0.9781524450067476,1.0,False
Dmel_CR34702,0.027385272,18.833344,0.9781524450067476,1.0,False
CG14676,0.027385272,19.229527,0.9781524450067476,1.0,False
CG33771,0.027385272,19.121729,0.9781524450067476,1.0,False
Trxr2,0.027385272,18.983997,0.9781524450067476,1.0,False
CG32459,0.027385272,18.19492,0.9781524450067476,1.0,False
lncRNA:CR45354,0.027385272,16.950827,0.9781524450067476,1.0,False
conv,0.027385272,18.765184,0.9781524450067476,1.0,False
asRNA:CR45140,0.027385272,17.966278,0.9781524450067476,1.0,False
CG14143,0.027385272,18.237799,0.9781524450067476,1.0,False
Or67c,0.027385272,18.572414,0.9781524450067476,1.0,False
CG43448,0.027385272,19.014864,0.9781524450067476,1.0,False
CG16782,0.027385272,17.801132,0.9781524450067476,1.0,False
lncRNA:CR44842,0.027385272,17.516253,0.9781524450067476,1.0,False
lncRNA:CR44949,0.027385272,18.746254,0.9781524450067476,1.0,False
CG14655,0.027385272,17.130716,0.9781524450067476,1.0,False
lncRNA:CR44923,0.027385272,17.485975,0.9781524450067476,1.0,False
CG45061,0.027385272,19.225618,0.9781524450067476,1.0,False
lncRNA:CR45159,0.027385272,16.76673,0.9781524450067476,1.0,False
lncRNA:CR44216,0.027385272,19.023373,0.9781524450067476,1.0,False
5.8SrRNA-Psi:CR45863,0.027385272,18.702114,0.9781524450067476,1.0,False
Targ,0.027385272,0.75024927,0.9781524450067476,1.0,False
Sox100B,0.027385272,17.541834,0.9781524450067476,1.0,False
lncRNA:CR44763,0.027385272,18.7745,0.9781524450067476,1.0,False
Mst89B,0.027385272,16.543915,0.9781524450067476,1.0,False
lncRNA:flam,0.027385272,19.176935,0.9781524450067476,1.0,False
CG31226,0.027385272,17.485168,0.9781524450067476,1.0,False
CG34283,0.027385272,18.473835,0.9781524450067476,1.0,False
CG11333,0.027385272,16.779005,0.9781524450067476,1.0,False
Cyp6a22,0.027385272,17.242067,0.9781524450067476,1.0,False
CG32945,0.027385272,17.248014,0.9781524450067476,1.0,False
snoRNA:Or-aca1,0.027385272,18.10658,0.9781524450067476,1.0,False
CG15269,0.027385272,17.658976,0.9781524450067476,1.0,False
Kaz-m1,0.027385272,19.068794,0.9781524450067476,1.0,False
mt:tRNA:Ile-GAT,0.027385272,18.458475,0.9781524450067476,1.0,False
CG3987,0.02738356,1.5838137,0.9781538101376541,1.0,False
CG6733,0.02738356,1.4168688,0.9781538101376541,1.0,False
asRNA:CR44115,0.02738356,0.9437646,0.9781538101376541,1.0,False
CG14759,0.02738356,1.5384786,0.9781538101376541,1.0,False
CG33463,0.02738356,1.5140043,0.9781538101376541,1.0,False
CG16704,0.02738356,1.4099823,0.9781538101376541,1.0,False
CG10853,0.02738356,0.6824844,0.9781538101376541,1.0,False
lncRNA:CR45337,0.02738356,0.9435115,0.9781538101376541,1.0,False
Gr47b,0.02738356,1.9525769,0.9781538101376541,1.0,False
TTLL1B,0.02738356,0.7644746,0.9781538101376541,1.0,False
exu,0.02738356,1.5576184,0.9781538101376541,1.0,False
COX6CL,0.02738356,1.0364699,0.9781538101376541,1.0,False
Hr83,0.02738356,0.96227616,0.9781538101376541,1.0,False
Osi5,0.02738356,0.826235,0.9781538101376541,1.0,False
asRNA:CR45812,0.02738356,1.2606022,0.9781538101376541,1.0,False
CG43799,0.02738356,0.93268925,0.9781538101376541,1.0,False
lncRNA:CR42868,0.02738356,1.0154768,0.9781538101376541,1.0,False
CG42537,0.02738356,1.2135946,0.9781538101376541,1.0,False
CG14545,0.02738356,0.9947553,0.9781538101376541,1.0,False
asRNA:CR46140,0.02738356,0.7396954,0.9781538101376541,1.0,False
lncRNA:CR43611,0.02738356,0.5873108,0.9781538101376541,1.0,False
CG3108,0.02738356,1.756191,0.9781538101376541,1.0,False
lncRNA:CR44564,0.02738356,1.9173352,0.9781538101376541,1.0,False
CG32191,0.02738356,1.5550423,0.9781538101376541,1.0,False
CG43124,0.02738356,1.119412,0.9781538101376541,1.0,False
lncRNA:CR45976,0.02738356,1.0696956,0.9781538101376541,1.0,False
ImpL1,0.02738356,0.59550244,0.9781538101376541,1.0,False
CG5921,0.02738356,0.47768295,0.9781538101376541,1.0,False
gwl,0.02738356,1.2988967,0.9781538101376541,1.0,False
CG14300,0.02738356,1.3766128,0.9781538101376541,1.0,False
CG17470,0.02738356,1.6726785,0.9781538101376541,1.0,False
HP1D3csd,0.02738356,1.3647878,0.9781538101376541,1.0,False
asRNA:CR45832,0.02738356,0.4410839,0.9781538101376541,1.0,False
melt,0.02738356,1.8812909,0.9781538101376541,1.0,False
snoRNA:Psi18S-640g,0.02738356,1.2243875,0.9781538101376541,1.0,False
CG15550,0.02738356,0.97411996,0.9781538101376541,1.0,False
lncRNA:CR44908,0.02738356,2.0887532,0.9781538101376541,1.0,False
asRNA:CR46139,0.02738356,1.6441816,0.9781538101376541,1.0,False
NAAT1,0.02738356,1.3463796,0.9781538101376541,1.0,False
CG13461,0.02738356,0.6299077,0.9781538101376541,1.0,False
lncRNA:CR44055,0.027381849,0.48813105,0.9781551752686245,1.0,False
CG11893,0.027381849,0.8774387,0.9781551752686245,1.0,False
asRNA:CR45612,0.027381849,0.6720245,0.9781551752686245,1.0,False
PK1-R,0.027381849,0.7548315,0.9781551752686245,1.0,False
spz4,0.027381849,0.643241,0.9781551752686245,1.0,False
lncRNA:CR46125,0.027381849,0.82250047,0.9781551752686245,1.0,False
ftz,0.027381849,0.40041122,0.9781551752686245,1.0,False
CG9826,0.027381849,1.5649803,0.9781551752686245,1.0,False
CG3397,0.027381849,0.8504225,0.9781551752686245,1.0,False
Rab23,0.027381849,0.31361738,0.9781551752686245,1.0,False
CG43788,0.027381849,0.6243734,0.9781551752686245,1.0,False
Prx6c,0.027381849,0.38691792,0.9781551752686245,1.0,False
asRNA:CR43979,0.027381849,0.83871937,0.9781551752686245,1.0,False
CG32461,0.027381849,0.43370965,0.9781551752686245,1.0,False
His1:CG33834,0.027381849,0.63896716,0.9781551752686245,1.0,False
CG14137,0.027381849,0.39980802,0.9781551752686245,1.0,False
Cyp6d4,0.027381849,0.88534325,0.9781551752686245,1.0,False
lncRNA:CR44759,0.027381849,0.6469062,0.9781551752686245,1.0,False
CG34457,0.027381849,0.8364296,0.9781551752686245,1.0,False
Lcp3,0.027381849,0.4363014,0.9781551752686245,1.0,False
CG17190,0.027380137,0.46108872,0.978156540399659,1.0,False
Nnf1b,0.027380137,0.7289855,0.978156540399659,1.0,False
dgt5,0.027380137,0.22779137,0.978156540399659,1.0,False
lncRNA:CR45224,0.027380137,-0.3742486,0.978156540399659,1.0,False
CG8157,0.027380137,0.5291441,0.978156540399659,1.0,False
CG5681,0.027380137,0.96175903,0.978156540399659,1.0,False
saturn,0.027380137,0.46761835,0.978156540399659,1.0,False
btv,0.027380137,-0.1408273,0.978156540399659,1.0,False
lncRNA:CR44522,0.027380137,0.1761843,0.978156540399659,1.0,False
CG32846,0.027380137,0.73824775,0.978156540399659,1.0,False
CG18095,0.027380137,0.825179,0.978156540399659,1.0,False
lncRNA:CR44499,0.027380137,1.0022786,0.978156540399659,1.0,False
CG31445,0.027380137,0.44903663,0.978156540399659,1.0,False
CG5002,0.027380137,-0.18471016,0.978156540399659,1.0,False
CG43919,0.027380137,0.5591011,0.978156540399659,1.0,False
asRNA:CR45275,0.027380137,0.37214345,0.978156540399659,1.0,False
CG31008,0.027380137,1.0890785,0.978156540399659,1.0,False
CG13193,0.027380137,-0.805986,0.978156540399659,1.0,False
yellow-d,0.027380137,1.0325255,0.978156540399659,1.0,False
mir-4969,0.027380137,-0.46794438,0.978156540399659,1.0,False
CG42710,0.027380137,1.2605975,0.978156540399659,1.0,False
mthl13,0.027380137,0.61892956,0.978156540399659,1.0,False
asRNA:CR45870,0.027380137,-0.092619866,0.978156540399659,1.0,False
lncRNA:CR45575,0.027380137,-0.593847,0.978156540399659,1.0,False
lncRNA:CR44051,0.027380137,0.5247898,0.978156540399659,1.0,False
snoRNA:Psi28S-1135c,0.027380137,0.676991,0.978156540399659,1.0,False
lncRNA:CR43989,0.027380137,1.312542,0.978156540399659,1.0,False
asRNA:CR43964,0.027380137,0.5636231,0.978156540399659,1.0,False
CG17821,0.027380137,1.0303454,0.978156540399659,1.0,False
CG34269,0.027380137,0.30332297,0.978156540399659,1.0,False
lncRNA:CR45118,0.027380137,0.15981793,0.978156540399659,1.0,False
mthl2,0.027380137,0.6591958,0.978156540399659,1.0,False
CG32170,0.027380137,1.1452122,0.978156540399659,1.0,False
mt:tRNA:Val-TAC,0.027380137,0.5401008,0.978156540399659,1.0,False
sisRNA:CR46361,0.027380137,0.833267,0.978156540399659,1.0,False
CG11550,0.027380137,0.80692214,0.978156540399659,1.0,False
CG14113,0.027380137,0.9672862,0.978156540399659,1.0,False
betaNACtes4,0.027380137,0.14920098,0.978156540399659,1.0,False
CG13833,0.027380137,-0.19216405,0.978156540399659,1.0,False
asRNA:CR45827,0.027380137,1.3548498,0.978156540399659,1.0,False
asRNA:CR44304,0.027380137,1.135303,0.978156540399659,1.0,False
CG34202,0.027380137,0.7018728,0.978156540399659,1.0,False
m,0.027380137,0.9154981,0.978156540399659,1.0,False
lncRNA:CR43990,0.027380137,0.030218171,0.978156540399659,1.0,False
Or22a,0.027380137,0.20250514,0.978156540399659,1.0,False
lncRNA:CR45425,0.027378425,0.5802077,0.9781579055307574,1.0,False
CG32107,0.027378425,0.6327989,0.9781579055307574,1.0,False
tum,0.027378425,1.4572223,0.9781579055307574,1.0,False
Su(Ste):CR42439,0.027378425,0.7101738,0.9781579055307574,1.0,False
Pig1,0.027378425,0.34636462,0.9781579055307574,1.0,False
betaNACtes6,0.027378425,0.65005,0.9781579055307574,1.0,False
CG2104,0.027376715,0.22997051,0.9781592706619198,1.0,False
Rpn12R,0.027376715,0.28030017,0.9781592706619198,1.0,False
lncRNA:CR45563,0.027376715,0.9211945,0.9781592706619198,1.0,False
snoRNA:2R:9445205,0.027376715,0.15958153,0.9781592706619198,1.0,False
CG8563,0.027376715,0.4656967,0.9781592706619198,1.0,False
CG17258,0.027375003,0.0549475,0.9781606357931462,1.0,False
CG14626,0.027375003,0.28624707,0.9781606357931462,1.0,False
CG9864,0.027375003,0.17194812,0.9781606357931462,1.0,False
CG4259,0.027375003,-0.14639935,0.9781606357931462,1.0,False
CG13324,0.027375003,0.020875847,0.9781606357931462,1.0,False
CG6294,0.027375003,0.4498857,0.9781606357931462,1.0,False
Cpr5C,0.027375003,-0.12729202,0.9781606357931462,1.0,False
asRNA:CR43933,0.027373292,0.26097825,0.9781620009244365,1.0,False
CG31677,0.027373292,0.16733108,0.9781620009244365,1.0,False
CG2065,0.027373292,0.20515619,0.9781620009244365,1.0,False
asRNA:CR45136,0.027373292,0.074043274,0.9781620009244365,1.0,False
CG6569,0.027373292,0.08749949,0.9781620009244365,1.0,False
Cpr11B,0.027373292,0.31869695,0.9781620009244365,1.0,False
CG7264,0.027373292,-0.017761927,0.9781620009244365,1.0,False
resilin,0.027373292,0.27681133,0.9781620009244365,1.0,False
asRNA:CR46262,0.02737158,0.19518647,0.9781633660557908,1.0,False
lncRNA:CR45916,0.02737158,0.1520516,0.9781633660557908,1.0,False
asRNA:CR46044,0.02737158,0.1228136,0.9781633660557908,1.0,False
Dhc62B,0.02737158,-0.5997718,0.9781633660557908,1.0,False
lncRNA:CR45880,0.02737158,-0.76735497,0.9781633660557908,1.0,False
COX7AL2,0.027369868,0.16163646,0.978164731187209,1.0,False
lncRNA:CR46110,0.027369868,0.13725995,0.978164731187209,1.0,False
CG14565,0.027369868,-0.0110455435,0.978164731187209,1.0,False
CG13559,0.027369868,0.12126913,0.978164731187209,1.0,False
Dnaaf4,0.027369868,0.17817818,0.978164731187209,1.0,False
asRNA:ASTR,0.027368156,-0.10464915,0.9781660963186912,1.0,False
qin,0.027368156,0.22947727,0.9781660963186912,1.0,False
GstE4,0.027366444,0.2430259,0.9781674614502374,1.0,False
CG33655,0.027366444,-0.37655827,0.9781674614502374,1.0,False
sphinx1,0.027366444,0.3582148,0.9781674614502374,1.0,False
lncRNA:CR45156,0.027364733,-0.022065297,0.9781688265818475,1.0,False
lncRNA:CR44544,0.027364733,0.23785272,0.9781688265818475,1.0,False
Dnaaf3,0.02736302,0.08548218,0.9781701917135215,1.0,False
Sgs4,0.02736302,0.16650368,0.9781701917135215,1.0,False
CG10793,0.02736302,-0.7901672,0.9781701917135215,1.0,False
lncRNA:CR44525,0.02736302,0.11984764,0.9781701917135215,1.0,False
CG42867,0.02736302,0.16489175,0.9781701917135215,1.0,False
lncRNA:acal,0.02736131,-0.16510804,0.9781715568452594,1.0,False
CG13658,0.02736131,-0.055929646,0.9781715568452594,1.0,False
CG43647,0.0273596,0.07818298,0.9781729219770613,1.0,False
CG13970,0.027357887,-0.0903807,0.9781742871089271,1.0,False
h-cup,0.027357887,-0.5818819,0.9781742871089271,1.0,False
CG11997,0.027357887,-0.47537062,0.9781742871089271,1.0,False
CG16995,0.027357887,-0.1863358,0.9781742871089271,1.0,False
Psf2,0.027357887,-0.075422816,0.9781742871089271,1.0,False
CG7460,0.027356176,0.16694087,0.9781756522408568,1.0,False
CG6484,0.027352752,-0.14057851,0.9781783825049081,1.0,False
Cyp6g2,0.027347617,-0.057507865,0.9781824779014642,1.0,False
CG5612,0.027347617,-0.07739599,0.9781824779014642,1.0,False
CG15365,0.027347617,-0.059909116,0.9781824779014642,1.0,False
lok,0.027347617,0.1127501,0.9781824779014642,1.0,False
CG15196,0.027345905,-0.15740252,0.9781838430337774,1.0,False
asRNA:CR43683,0.027345905,-0.09521886,0.9781838430337774,1.0,False
BomT2,0.027345905,0.034916516,0.9781838430337774,1.0,False
CG31659,0.027344193,0.13245724,0.9781852081661544,1.0,False
Obp83cd,0.027344193,-0.33203462,0.9781852081661544,1.0,False
asRNA:CR43468,0.027342483,0.08301542,0.9781865732985954,1.0,False
Hsp60D,0.027340772,-0.11371977,0.9781879384311002,1.0,False
CG7800,0.027340772,0.08107668,0.9781879384311002,1.0,False
CG44521,0.027340772,0.02333674,0.9781879384311002,1.0,False
CG3505,0.02733906,0.076250136,0.978189303563669,1.0,False
CG13693,0.027337348,-0.14207439,0.9781906686963016,1.0,False
AhcyL2,0.027335636,-0.13179652,0.9781920338289981,1.0,False
CG5906,0.027332213,-0.23335992,0.9781947640945826,1.0,False
CG9663,0.027320232,-0.10477355,0.9782043200261402,1.0,False
CG15864,0.027313385,-0.122881934,0.9782097805598632,1.0,False
CG42364,0.027313385,-0.24786139,0.9782097805598632,1.0,False
CG32797,0.027309963,-0.023509938,0.9782125108271077,1.0,False
Mccc1,0.027299693,-0.2287356,0.9782207016303723,1.0,False
G6pd,0.027286,-0.14620556,0.9782316227049638,1.0,False
lncRNA:CR43828,0.027270596,-0.26679748,0.9782439089187563,1.0,False
pirk,0.027229518,-0.057548754,0.9782766721807611,1.0,False
CG34027,0.027191864,-0.71330523,0.9783067052031266,1.0,False
lncRNA:CR30009,0.02717646,-0.15487204,0.9783189914484144,1.0,False
BomS1,0.02716619,-0.4213961,0.978327182281464,1.0,False
Cib2,0.027161054,-0.21614698,0.9783312776988456,1.0,False
Roc1b,0.027143938,-0.28636217,0.9783449290942425,1.0,False
CG14834,0.027142229,-0.17894898,0.9783462942341311,1.0,False
kermit,0.027073765,-0.19257231,0.9784008998816354,1.0,False
Tektin-C,0.02701557,-0.13387181,0.9784473147616042,1.0,False
Mf,0.027005302,-0.29003197,0.9784555056303544,1.0,False
CG10710,0.026984762,-0.23647675,0.9784718873746687,1.0,False
lncRNA:CR44993,0.026977915,-0.3443323,0.9784773479581249,1.0,False
lncRNA:CR45128,0.026972782,-0.20060594,0.9784814433963788,1.0,False
CG14089,0.0269608,-0.12941645,0.978490999421177,1.0,False
dgt6,0.02693855,-0.24059899,0.978508746332562,1.0,False
CG11164,0.026909454,-0.7494081,0.9785319538481149,1.0,False
Ir68a,0.026887203,-0.1650855,0.9785497007840346,1.0,False
CG3036,0.026871799,-0.15065688,0.9785619871305068,1.0,False
Sph35,0.02670064,-0.07976292,0.978698502432841,1.0,False
lncRNA:CR44441,0.026508944,-0.488983,0.9788514003119358,1.0,False
CG34001,0.026284726,-0.08213999,0.9790302372095631,1.0,False
lncRNA:CR43825,0.02595268,-0.15346484,0.979295081571631,1.0,False
CG10472,0.025586402,-0.24678282,0.9795872321223839,1.0,False
CG15117,0.02551965,-0.3019558,0.97964047480858,1.0,False
CG15706,0.025319396,-0.096279554,0.9798002034104067,1.0,False
CG12863,0.024853846,-0.25788584,0.9801715413986319,1.0,False
CG2794,0.024131559,-0.30721685,0.9807476698406346,1.0,False
CG8545,0.023768704,-0.27669224,0.9810371031032696,1.0,False
sds22,0.022866702,-0.1960758,0.9817566012397981,1.0,False
CG30460,0.022784546,-0.3324639,0.9818221350231096,1.0,False
CG15601,0.022449076,-0.3042357,0.9820897325733936,1.0,False
rt,0.02237548,-0.06585367,0.9821484404698314,1.0,False
Tim9a,0.02223684,-0.20018864,0.9822590300254548,1.0,False
Fip1,0.022195764,-0.20231026,0.9822917973667651,1.0,False
Arc2,0.021702828,-0.079977944,0.9826850077769956,1.0,False
Tasp1,0.020843616,-0.23584498,0.9833704053670523,1.0,False
Gtpbp2,0.020390047,-0.12978485,0.9837322238182211,1.0,False
CstF50,0.020194927,-0.15816319,0.9838878750535845,1.0,False
GAA1,0.020083673,-0.27791536,0.9839766238399077,1.0,False
CG8833,0.019912517,-0.21234028,0.9841131608210736,1.0,False
Art3,0.019719107,-0.2703101,0.9842674481696011,1.0,False
eIF2Bepsilon,0.019523988,-0.25663838,0.9844231014891398,1.0,False
rumpel,0.019132035,-0.12669772,0.9847357752941176,1.0,False
Ski8,0.019000243,-0.21653996,0.9848409106834355,1.0,False
CG15118,0.01795618,-0.23054661,0.9856738105851646,1.0,False
CngB,0.0154966405,-0.23359434,0.9876359643863254,1.0,False
CG10898,0.014877049,-0.1967592,0.9881302700879844,1.0,False
CG12942,0.014844529,-0.2934839,0.9881562144373992,1.0,False
CG3281,0.014654544,-0.2953018,0.9883077843070961,1.0,False
mRpL37,0.014322497,-0.2745207,0.9885726912154964,1.0,False
CG16700,0.013918565,0.20286793,0.9888949507996986,1.0,False
ec,0.01375083,0.7437576,0.9890287709929453,1.0,False
babos,0.013726868,0.080695644,0.9890478881886933,1.0,False
pio,0.013726868,0.10941852,0.9890478881886933,1.0,False
scra,0.013723444,0.6625419,0.9890506192171709,1.0,False
CG11449,0.013720022,1.4518853,0.9890533502457767,1.0,False
dy,0.013720022,0.7100554,0.9890533502457767,1.0,False
CG32295,0.013716598,0.23012583,0.9890560812745108,1.0,False
CG32115,0.013716598,0.44355997,0.9890560812745108,1.0,False
shf,0.013716598,0.6263435,0.9890560812745108,1.0,False
PeriA,0.013713175,0.96872836,0.9890588123033732,1.0,False
CG10035,0.013713175,0.5293156,0.9890588123033732,1.0,False
Wnt6,0.013709752,0.8471615,0.9890615433323637,1.0,False
lncRNA:CR43684,0.013709752,1.7374301,0.9890615433323637,1.0,False
CG43366,0.013709752,0.24049063,0.9890615433323637,1.0,False
TfIIA-S-2,0.013709752,1.3142517,0.9890615433323637,1.0,False
lncRNA:CR43940,0.013706328,0.66640836,0.9890642743614825,1.0,False
asRNA:CR45535,0.013706328,0.42224202,0.9890642743614825,1.0,False
nompC,0.013706328,0.3273046,0.9890642743614825,1.0,False
CG13231,0.013706328,0.7536275,0.9890642743614825,1.0,False
asRNA:CR45149,0.013702906,0.61026835,0.9890670053907294,1.0,False
snRNA:U11,0.013702906,0.9563711,0.9890670053907294,1.0,False
Cht9,0.013702906,2.7014775,0.9890670053907294,1.0,False
asRNA:CR45152,0.013702906,1.8607984,0.9890670053907294,1.0,False
CG43968,0.013702906,0.5593567,0.9890670053907294,1.0,False
CG4793,0.013702906,0.41106793,0.9890670053907294,1.0,False
CG30371,0.013702906,0.76612663,0.9890670053907294,1.0,False
elg1,0.013699482,0.3154111,0.9890697364201044,1.0,False
IFT57,0.013699482,0.5129143,0.9890697364201044,1.0,False
Tep3,0.013699482,0.10342288,0.9890697364201044,1.0,False
CG13053,0.013699482,0.9823238,0.9890697364201044,1.0,False
asRNA:CR44897,0.013699482,0.96792066,0.9890697364201044,1.0,False
CG15674,0.013699482,1.7192868,0.9890697364201044,1.0,False
CG17782,0.013699482,1.0330442,0.9890697364201044,1.0,False
snoRNA:Psi28S-3091a,0.013699482,1.3928508,0.9890697364201044,1.0,False
CG15286,0.013699482,0.7644605,0.9890697364201044,1.0,False
lncRNA:CR45402,0.013699482,0.44687936,0.9890697364201044,1.0,False
lncRNA:CR45439,0.013699482,0.8438328,0.9890697364201044,1.0,False
CG34286,0.013699482,1.3955408,0.9890697364201044,1.0,False
CG34431,0.01369606,0.963366,0.9890724674496074,1.0,False
Sgs7,0.01369606,0.85700065,0.9890724674496074,1.0,False
CG31407,0.01369606,1.1313281,0.9890724674496074,1.0,False
CG4210,0.01369606,0.11291077,0.9890724674496074,1.0,False
Cpr50Ca,0.01369606,0.41646263,0.9890724674496074,1.0,False
qsm,0.01369606,0.9895925,0.9890724674496074,1.0,False
asRNA:CR46058,0.01369606,0.6864143,0.9890724674496074,1.0,False
lncRNA:CR44185,0.01369606,1.6104947,0.9890724674496074,1.0,False
Cpr64Ac,0.01369606,2.5205526,0.9890724674496074,1.0,False
CG33189,0.01369606,1.0084921,0.9890724674496074,1.0,False
Pkcdelta,0.01369606,0.6083878,0.9890724674496074,1.0,False
CG33191,0.01369606,4.16433,0.9890724674496074,1.0,False
lncRNA:CR9162,0.01369606,1.2409492,0.9890724674496074,1.0,False
CG30284,0.01369606,1.1824445,0.9890724674496074,1.0,False
CG34291,0.01369606,1.7472113,0.9890724674496074,1.0,False
CG43915,0.01369606,1.8138896,0.9890724674496074,1.0,False
AOX4,0.01369606,1.4918748,0.9890724674496074,1.0,False
CG10445,0.01369606,0.3288493,0.9890724674496074,1.0,False
lncRNA:CR45262,0.01369606,0.56279516,0.9890724674496074,1.0,False
mt:tRNA:Cys-GCA,0.01369606,1.5050486,0.9890724674496074,1.0,False
CG8840,0.01369606,3.2480726,0.9890724674496074,1.0,False
CG30484,0.01369606,0.4932845,0.9890724674496074,1.0,False
CG15482,0.01369606,2.0981996,0.9890724674496074,1.0,False
lncRNA:CR45047,0.01369606,2.107095,0.9890724674496074,1.0,False
CG4970,0.01369606,1.4146687,0.9890724674496074,1.0,False
snoRNA:Psi28S-2442b,0.01369606,1.4570729,0.9890724674496074,1.0,False
lncRNA:CR45793,0.01369606,0.5520313,0.9890724674496074,1.0,False
CG33643,0.01369606,0.81565946,0.9890724674496074,1.0,False
CG31862,0.01369606,1.202352,0.9890724674496074,1.0,False
CG14260,0.01369606,1.5894889,0.9890724674496074,1.0,False
CG43125,0.01369606,1.0934677,0.9890724674496074,1.0,False
CG1698,0.01369606,0.13768174,0.9890724674496074,1.0,False
Sr-CII,0.01369606,1.2968367,0.9890724674496074,1.0,False
CG15124,0.01369606,2.4242234,0.9890724674496074,1.0,False
lncRNA:CR43410,0.01369606,1.8755666,0.9890724674496074,1.0,False
CG42579,0.01369606,1.3796604,0.9890724674496074,1.0,False
Toll-4,0.01369606,1.2597319,0.9890724674496074,1.0,False
CG6974,0.01369606,1.399661,0.9890724674496074,1.0,False
ppk21,0.01369606,0.4133911,0.9890724674496074,1.0,False
CG14420,0.01369606,2.4504626,0.9890724674496074,1.0,False
snoRNA:Psi18S-1377e,0.01369606,1.2922627,0.9890724674496074,1.0,False
ChLD3,0.01369606,2.448074,0.9890724674496074,1.0,False
CG32201,0.01369606,1.8149939,0.9890724674496074,1.0,False
edin,0.01369606,1.6614294,0.9890724674496074,1.0,False
lncRNA:CR44131,0.01369606,2.449771,0.9890724674496074,1.0,False
snoRNA:Psi28S-1192b,0.01369606,2.5956602,0.9890724674496074,1.0,False
CG30195,0.01369606,1.9774401,0.9890724674496074,1.0,False
CG33795,0.01369606,2.1665335,0.9890724674496074,1.0,False
Reepl1,0.01369606,1.4435157,0.9890724674496074,1.0,False
CG34299,0.01369606,2.617997,0.9890724674496074,1.0,False
snoRNA:Psi28S-1135a,0.013692636,0.1259204,0.9890751984792385,1.0,False
CG42854,0.013692636,16.76766,0.9890751984792385,1.0,False
CG9570,0.013692636,18.260426,0.9890751984792385,1.0,False
CG7714,0.013692636,17.335995,0.9890751984792385,1.0,False
CG5217,0.013692636,17.073505,0.9890751984792385,1.0,False
CG14282,0.013692636,16.382023,0.9890751984792385,1.0,False
upd1,0.013692636,16.852407,0.9890751984792385,1.0,False
CG17752,0.013692636,16.031727,0.9890751984792385,1.0,False
CG13806,0.013692636,14.771536,0.9890751984792385,1.0,False
jb,0.013692636,16.11994,0.9890751984792385,1.0,False
lncRNA:CR44720,0.013692636,18.524668,0.9890751984792385,1.0,False
asRNA:CR44160,0.013692636,15.78181,0.9890751984792385,1.0,False
CG33775,0.013692636,17.286386,0.9890751984792385,1.0,False
asRNA:CR44124,0.013692636,16.328001,0.9890751984792385,1.0,False
CG14323,0.013692636,16.505987,0.9890751984792385,1.0,False
CG14326,0.013692636,17.043434,0.9890751984792385,1.0,False
CG14329,0.013692636,15.226103,0.9890751984792385,1.0,False
CG34332,0.013692636,16.36421,0.9890751984792385,1.0,False
Gr58b,0.013692636,17.245548,0.9890751984792385,1.0,False
snoRNA:CD29,0.013692636,16.79491,0.9890751984792385,1.0,False
CG45105,0.013692636,16.926474,0.9890751984792385,1.0,False
lncRNA:CR43656,0.013692636,1.1534277,0.9890751984792385,1.0,False
tilB,0.013692636,16.264463,0.9890751984792385,1.0,False
lncRNA:CR45082,0.013692636,16.717356,0.9890751984792385,1.0,False
mir-4968,0.013692636,1.2135307,0.9890751984792385,1.0,False
Sgs3,0.013692636,17.692669,0.9890751984792385,1.0,False
CG30281,0.013692636,1.6730005,0.9890751984792385,1.0,False
Traf-like,0.013692636,17.93382,0.9890751984792385,1.0,False
Jhbp15,0.013692636,17.14737,0.9890751984792385,1.0,False
Dhc93AB,0.013692636,15.692602,0.9890751984792385,1.0,False
pre-mod(mdg4)-I,0.013692636,16.859783,0.9890751984792385,1.0,False
pre-mod(mdg4)-B,0.013692636,0.3008964,0.9890751984792385,1.0,False
Fatp2,0.013692636,17.591661,0.9890751984792385,1.0,False
CG9897,0.013692636,14.937709,0.9890751984792385,1.0,False
Cpr67Fb,0.013692636,17.056032,0.9890751984792385,1.0,False
lncRNA:CR45246,0.013692636,16.611513,0.9890751984792385,1.0,False
CG44250,0.013692636,14.245682,0.9890751984792385,1.0,False
asRNA:CR44087,0.013692636,16.501402,0.9890751984792385,1.0,False
CG8565,0.013692636,15.693844,0.9890751984792385,1.0,False
CG8260,0.013692636,15.794364,0.9890751984792385,1.0,False
asRNA:CR45046,0.013692636,18.330667,0.9890751984792385,1.0,False
CG1835,0.013692636,17.917982,0.9890751984792385,1.0,False
lncRNA:CR43196,0.013692636,15.062587,0.9890751984792385,1.0,False
CG43175,0.013692636,15.259027,0.9890751984792385,1.0,False
AttD,0.013692636,2.4811547,0.9890751984792385,1.0,False
CG43315,0.013692636,17.09052,0.9890751984792385,1.0,False
Erasp,0.013692636,15.158076,0.9890751984792385,1.0,False
B9d1,0.013692636,15.930528,0.9890751984792385,1.0,False
CG31294,0.013692636,17.014597,0.9890751984792385,1.0,False
CG15641,0.013692636,14.443764,0.9890751984792385,1.0,False
CG9861,0.013692636,18.31053,0.9890751984792385,1.0,False
CG13539,0.013692636,13.051829,0.9890751984792385,1.0,False
CG6299,0.013692636,17.007076,0.9890751984792385,1.0,False
CG7071,0.013692636,15.259027,0.9890751984792385,1.0,False
S-Lap2,0.013692636,18.358902,0.9890751984792385,1.0,False
CG13855,0.013692636,16.27777,0.9890751984792385,1.0,False
CG44426,0.013692636,17.71548,0.9890751984792385,1.0,False
Npc1b,0.013692636,1.176089,0.9890751984792385,1.0,False
yellow-d2,0.013692636,17.93462,0.9890751984792385,1.0,False
CG43318,0.013692636,16.558958,0.9890751984792385,1.0,False
CG14339,0.013692636,15.976543,0.9890751984792385,1.0,False
gNacalpha,0.013692636,18.282885,0.9890751984792385,1.0,False
CG14861,0.013692636,17.12401,0.9890751984792385,1.0,False
lncRNA:CR45259,0.013692636,17.09052,0.9890751984792385,1.0,False
asRNA:CR45264,0.013692636,18.316963,0.9890751984792385,1.0,False
CG15676,0.013692636,15.6517,0.9890751984792385,1.0,False
Cdlc2,0.013692636,18.18648,0.9890751984792385,1.0,False
lncRNA:CR45881,0.013692636,16.242762,0.9890751984792385,1.0,False
Tim13,0.013692636,18.182695,0.9890751984792385,1.0,False
CG33127,0.013692636,1.2133498,0.9890751984792385,1.0,False
CG14963,0.013692636,16.821896,0.9890751984792385,1.0,False
lncRNA:CR45150,0.013692636,16.761211,0.9890751984792385,1.0,False
CG44094,0.013692636,15.930528,0.9890751984792385,1.0,False
CG8087,0.013692636,16.658163,0.9890751984792385,1.0,False
CG14851,0.013692636,16.858747,0.9890751984792385,1.0,False
CG12540,0.013692636,0.6654609,0.9890751984792385,1.0,False
CG11162,0.013692636,17.024189,0.9890751984792385,1.0,False
lmd,0.013692636,14.937709,0.9890751984792385,1.0,False
CG6688,0.013692636,17.5188,0.9890751984792385,1.0,False
CG6738,0.013692636,1.1411575,0.9890751984792385,1.0,False
CG17110,0.013692636,17.299547,0.9890751984792385,1.0,False
CG13838,0.013692636,16.975172,0.9890751984792385,1.0,False
CG9106,0.013692636,15.777584,0.9890751984792385,1.0,False
lncRNA:CR44430,0.013692636,17.847788,0.9890751984792385,1.0,False
CG9521,0.013692636,16.314974,0.9890751984792385,1.0,False
Dnai2,0.013692636,17.347075,0.9890751984792385,1.0,False
CG9624,0.013692636,17.875444,0.9890751984792385,1.0,False
CG14841,0.013692636,16.118927,0.9890751984792385,1.0,False
CG43179,0.013692636,17.079504,0.9890751984792385,1.0,False
Gr22c,0.013692636,18.438114,0.9890751984792385,1.0,False
asRNA:CR44176,0.013692636,18.294691,0.9890751984792385,1.0,False
CG15403,0.013692636,15.158076,0.9890751984792385,1.0,False
apn,0.013692636,17.09948,0.9890751984792385,1.0,False
lncRNA:CR43848,0.013692636,16.852703,0.9890751984792385,1.0,False
CG8813,0.013692636,16.258469,0.9890751984792385,1.0,False
snoRNA:Psi18S-841c,0.013692636,1.4911758,0.9890751984792385,1.0,False
snoRNA:Psi28S-3316c,0.013692636,15.259027,0.9890751984792385,1.0,False
snoRNA:Psi18S-841a,0.013692636,17.862434,0.9890751984792385,1.0,False
mir-956,0.013692636,17.165863,0.9890751984792385,1.0,False
lncRNA:CR43626,0.013692636,14.245682,0.9890751984792385,1.0,False
lncRNA:CR44113,0.013692636,18.199049,0.9890751984792385,1.0,False
bgcn,0.013692636,0.5884041,0.9890751984792385,1.0,False
SkpF,0.013692636,17.152624,0.9890751984792385,1.0,False
bb8,0.013692636,18.53536,0.9890751984792385,1.0,False
CG42237,0.013692636,17.271917,0.9890751984792385,1.0,False
Gba1a,0.013692636,18.205688,0.9890751984792385,1.0,False
CG18754,0.013692636,0.48213953,0.9890751984792385,1.0,False
CG4734,0.013692636,16.034977,0.9890751984792385,1.0,False
lncRNA:CR44543,0.013692636,16.640348,0.9890751984792385,1.0,False
Eglp2,0.013692636,18.331985,0.9890751984792385,1.0,False
CG10182,0.013692636,1.7880216,0.9890751984792385,1.0,False
CG10232,0.013692636,18.460077,0.9890751984792385,1.0,False
CG5011,0.013692636,16.52065,0.9890751984792385,1.0,False
CG43348,0.013692636,16.52065,0.9890751984792385,1.0,False
CG14974,0.013692636,17.06334,0.9890751984792385,1.0,False
asRNA:CR44982,0.013692636,17.539333,0.9890751984792385,1.0,False
CG14983,0.013692636,18.125004,0.9890751984792385,1.0,False
Spindly,0.013692636,17.966787,0.9890751984792385,1.0,False
CG8851,0.013692636,17.027575,0.9890751984792385,1.0,False
lncRNA:CR44236,0.013692636,1.6566676,0.9890751984792385,1.0,False
lncRNA:CR46217,0.013692636,2.10628,0.9890751984792385,1.0,False
CG42460,0.013692636,16.799133,0.9890751984792385,1.0,False
CG4830,0.013692636,17.014597,0.9890751984792385,1.0,False
GstD4,0.013692636,16.997616,0.9890751984792385,1.0,False
CG12766,0.013692636,18.193558,0.9890751984792385,1.0,False
CG43403,0.013692636,16.256319,0.9890751984792385,1.0,False
CG6793,0.013692636,17.905512,0.9890751984792385,1.0,False
asRNA:CR32252,0.013692636,15.989769,0.9890751984792385,1.0,False
GstD8,0.013692636,0.91116315,0.9890751984792385,1.0,False
CG33003,0.013692636,16.996458,0.9890751984792385,1.0,False
lncRNA:CR45720,0.013692636,16.631407,0.9890751984792385,1.0,False
CG11598,0.013692636,16.880516,0.9890751984792385,1.0,False
CG43062,0.013692636,17.29571,0.9890751984792385,1.0,False
lncRNA:CR44822,0.013692636,0.69550264,0.9890751984792385,1.0,False
Cyp6a16,0.013692636,15.976543,0.9890751984792385,1.0,False
CG14736,0.013692636,1.0968274,0.9890751984792385,1.0,False
ssp5,0.013692636,16.13275,0.9890751984792385,1.0,False
tRNA:SeC-TCA-1-1,0.013692636,18.402813,0.9890751984792385,1.0,False
snRNA:U1:95Cc,0.013692636,17.879196,0.9890751984792385,1.0,False
CG13599,0.013692636,0.6089985,0.9890751984792385,1.0,False
CG3515,0.013692636,17.613127,0.9890751984792385,1.0,False
Cyp313a3,0.013692636,17.146622,0.9890751984792385,1.0,False
Ir11a,0.013692636,15.4039345,0.9890751984792385,1.0,False
CG2577,0.013692636,16.67035,0.9890751984792385,1.0,False
lncRNA:CR44097,0.013692636,17.057074,0.9890751984792385,1.0,False
lncRNA:CR43961,0.013692636,17.768093,0.9890751984792385,1.0,False
Cyp318a1,0.013692636,16.529207,0.9890751984792385,1.0,False
fw,0.013692636,18.190828,0.9890751984792385,1.0,False
Dmel_CR44541,0.013692636,17.055511,0.9890751984792385,1.0,False
asRNA:CR44962,0.013692636,17.239656,0.9890751984792385,1.0,False
inaF-A,0.013692636,18.300354,0.9890751984792385,1.0,False
CG2533,0.013692636,15.295116,0.9890751984792385,1.0,False
CG32260,0.013692636,0.79943794,0.9890751984792385,1.0,False
lncRNA:CR45670,0.013692636,18.113558,0.9890751984792385,1.0,False
asRNA:CR44704,0.013692636,17.275047,0.9890751984792385,1.0,False
mAcon2,0.013692636,16.024855,0.9890751984792385,1.0,False
CG31639,0.013692636,17.531918,0.9890751984792385,1.0,False
nompA,0.013692636,17.443567,0.9890751984792385,1.0,False
asRNA:CR43866,0.013692636,16.101904,0.9890751984792385,1.0,False
CG13992,0.013692636,15.653087,0.9890751984792385,1.0,False
CG6830,0.013692636,17.146248,0.9890751984792385,1.0,False
CG9029,0.013692636,18.23979,0.9890751984792385,1.0,False
lncRNA:CR45595,0.013692636,16.04942,0.9890751984792385,1.0,False
CG11192,0.013692636,17.26361,0.9890751984792385,1.0,False
CG13871,0.013692636,2.0330281,0.9890751984792385,1.0,False
gudu,0.013692636,1.2382202,0.9890751984792385,1.0,False
lncRNA:CR44744,0.013692636,18.161413,0.9890751984792385,1.0,False
CG3942,0.013692636,17.855083,0.9890751984792385,1.0,False
lncRNA:CR45582,0.013692636,0.32912934,0.9890751984792385,1.0,False
CG31373,0.013692636,16.897629,0.9890751984792385,1.0,False
asRNA:CR44653,0.013692636,16.209175,0.9890751984792385,1.0,False
lncRNA:CR44646,0.013692636,1.1479436,0.9890751984792385,1.0,False
lncRNA:CR44230,0.013692636,17.788334,0.9890751984792385,1.0,False
lncRNA:CR44955,0.013692636,17.460714,0.9890751984792385,1.0,False
asRNA:CR44992,0.013692636,14.245682,0.9890751984792385,1.0,False
CG12607,0.013692636,17.202667,0.9890751984792385,1.0,False
lncRNA:CR44634,0.013692636,1.082156,0.9890751984792385,1.0,False
lncRNA:CR44633,0.013692636,16.236769,0.9890751984792385,1.0,False
asRNA:CR31429,0.013692636,0.8289646,0.9890751984792385,1.0,False
lncRNA:CR43752,0.013692636,18.036291,0.9890751984792385,1.0,False
Act57B,0.013692636,0.45174944,0.9890751984792385,1.0,False
CG34345,0.013692636,13.051829,0.9890751984792385,1.0,False
CG4763,0.013692636,1.028928,0.9890751984792385,1.0,False
asRNA:CR44807,0.013692636,17.72789,0.9890751984792385,1.0,False
sisA,0.013692636,16.428095,0.9890751984792385,1.0,False
CG15198,0.013692636,1.277857,0.9890751984792385,1.0,False
CG11069,0.013692636,17.443567,0.9890751984792385,1.0,False
Prm,0.013692636,0.65134597,0.9890751984792385,1.0,False
CG34236,0.013692636,17.376406,0.9890751984792385,1.0,False
lncRNA:CR44539,0.013692636,17.674002,0.9890751984792385,1.0,False
CG2887,0.013692636,16.57261,0.9890751984792385,1.0,False
CG15308,0.013692636,15.963142,0.9890751984792385,1.0,False
lncRNA:CR32690,0.013692636,0.364099,0.9890751984792385,1.0,False
Fst,0.013692636,15.867163,0.9890751984792385,1.0,False
mir-317,0.013692636,17.198065,0.9890751984792385,1.0,False
Cpr47Ea,0.013692636,17.887125,0.9890751984792385,1.0,False
CG13675,0.013692636,17.14494,0.9890751984792385,1.0,False
CG34198,0.013692636,16.576283,0.9890751984792385,1.0,False
CG15125,0.013692636,18.25447,0.9890751984792385,1.0,False
dgo,0.013692636,17.562176,0.9890751984792385,1.0,False
asRNA:CR43865,0.013692636,0.69796854,0.9890751984792385,1.0,False
lncRNA:CR43404,0.013692636,15.3533,0.9890751984792385,1.0,False
CG18662,0.013692636,16.023752,0.9890751984792385,1.0,False
CG13712,0.013692636,17.629528,0.9890751984792385,1.0,False
CG15212,0.013692636,16.106495,0.9890751984792385,1.0,False
Os-C,0.013692636,1.3583206,0.9890751984792385,1.0,False
CG32106,0.013692636,17.782894,0.9890751984792385,1.0,False
Dhc1,0.013692636,0.4106169,0.9890751984792385,1.0,False
dysf,0.013692636,16.832853,0.9890751984792385,1.0,False
CG43111,0.013692636,1.0802872,0.9890751984792385,1.0,False
Ir56b,0.013692636,17.275047,0.9890751984792385,1.0,False
CG16926,0.013692636,16.260433,0.9890751984792385,1.0,False
asRNA:CR44224,0.013692636,17.259275,0.9890751984792385,1.0,False
lncRNA:CR45375,0.013692636,18.512423,0.9890751984792385,1.0,False
lncRNA:CR45906,0.013692636,17.22556,0.9890751984792385,1.0,False
Ir31a,0.013692636,15.439401,0.9890751984792385,1.0,False
CG9416,0.013692636,1.2124931,0.9890751984792385,1.0,False
CG17672,0.013692636,18.264622,0.9890751984792385,1.0,False
Ptp52F,0.013692636,15.63958,0.9890751984792385,1.0,False
CG10734,0.013692636,18.09066,0.9890751984792385,1.0,False
Mst84Dc,0.013692636,16.806486,0.9890751984792385,1.0,False
alpha-Est5,0.013692636,14.624134,0.9890751984792385,1.0,False
snoRNA:CD7,0.013692636,16.755205,0.9890751984792385,1.0,False
snoRNA:CD9b,0.013692636,16.17675,0.9890751984792385,1.0,False
CG15128,0.013692636,17.133965,0.9890751984792385,1.0,False
lncRNA:CR45541,0.013692636,18.48364,0.9890751984792385,1.0,False
CG31437,0.013692636,15.640476,0.9890751984792385,1.0,False
lncRNA:CR45651,0.013692636,17.35804,0.9890751984792385,1.0,False
CG30178,0.013692636,18.137634,0.9890751984792385,1.0,False
Erk7,0.013692636,18.064657,0.9890751984792385,1.0,False
lncRNA:CR44241,0.013692636,17.032497,0.9890751984792385,1.0,False
CG12662,0.013692636,0.72837293,0.9890751984792385,1.0,False
lncRNA:CR45537,0.013692636,15.4136715,0.9890751984792385,1.0,False
lncRNA:CR45166,0.013692636,14.245682,0.9890751984792385,1.0,False
lncRNA:CR45039,0.013692636,17.494576,0.9890751984792385,1.0,False
CG10919,0.013692636,17.523504,0.9890751984792385,1.0,False
CG2616,0.013692636,17.887884,0.9890751984792385,1.0,False
asRNA:CR44873,0.013692636,17.75352,0.9890751984792385,1.0,False
CG43060,0.013692636,17.730776,0.9890751984792385,1.0,False
CG31482,0.013692636,17.207289,0.9890751984792385,1.0,False
CG4669,0.013692636,1.0047739,0.9890751984792385,1.0,False
snoRNA:Psi28S-3405b,0.013692636,0.97945285,0.9890751984792385,1.0,False
Bfc,0.013692636,17.007076,0.9890751984792385,1.0,False
CG13912,0.013692636,1.0648375,0.9890751984792385,1.0,False
Tb,0.013692636,14.272093,0.9890751984792385,1.0,False
Spag1,0.013692636,13.051829,0.9890751984792385,1.0,False
asRNA:CR44891,0.013692636,15.119961,0.9890751984792385,1.0,False
CG6337,0.013692636,1.1555909,0.9890751984792385,1.0,False
CG12689,0.013692636,18.152542,0.9890751984792385,1.0,False
CG32726,0.013692636,17.160172,0.9890751984792385,1.0,False
CG42780,0.013692636,18.260426,0.9890751984792385,1.0,False
Cpr97Eb,0.013692636,18.265223,0.9890751984792385,1.0,False
asRNA:CR44968,0.013692636,18.050812,0.9890751984792385,1.0,False
Cpr97Ea,0.013692636,16.34923,0.9890751984792385,1.0,False
lncRNA:CR44537,0.013692636,18.129528,0.9890751984792385,1.0,False
dmGlut,0.013692636,18.440432,0.9890751984792385,1.0,False
lncRNA:CR44554,0.013692636,16.535633,0.9890751984792385,1.0,False
CG34428,0.013692636,17.64856,0.9890751984792385,1.0,False
CG42751,0.013692636,18.21576,0.9890751984792385,1.0,False
Mal-B1,0.013692636,17.698557,0.9890751984792385,1.0,False
CG1077,0.013692636,17.945076,0.9890751984792385,1.0,False
CG31704,0.013692636,14.841481,0.9890751984792385,1.0,False
Sfp33A2,0.013692636,17.321753,0.9890751984792385,1.0,False
CG6614,0.013692636,17.856182,0.9890751984792385,1.0,False
CG43153,0.013692636,18.440432,0.9890751984792385,1.0,False
lncRNA:TS18,0.013692636,18.13104,0.9890751984792385,1.0,False
meru,0.013692636,18.047157,0.9890751984792385,1.0,False
asRNA:CR46256,0.013692636,17.944672,0.9890751984792385,1.0,False
ppk23,0.013692636,16.998608,0.9890751984792385,1.0,False
CG33476,0.013692636,17.927452,0.9890751984792385,1.0,False
CG15177,0.013692636,15.719601,0.9890751984792385,1.0,False
lncRNA:CR44295,0.013692636,15.634512,0.9890751984792385,1.0,False
lncRNA:CR40629,0.013692636,16.943602,0.9890751984792385,1.0,False
lncRNA:CR44183,0.013692636,16.654253,0.9890751984792385,1.0,False
CG5781,0.013692636,17.55029,0.9890751984792385,1.0,False
Ir64a,0.013692636,16.461277,0.9890751984792385,1.0,False
lncRNA:CR45743,0.013692636,17.365711,0.9890751984792385,1.0,False
lncRNA:CR44515,0.013692636,17.307259,0.9890751984792385,1.0,False
asRNA:CR45868,0.013692636,15.295116,0.9890751984792385,1.0,False
CG15708,0.013692636,17.734314,0.9890751984792385,1.0,False
asRNA:CR43898,0.013692636,18.26703,0.9890751984792385,1.0,False
CG13075,0.013692636,0.6359457,0.9890751984792385,1.0,False
CG16852,0.013692636,16.790562,0.9890751984792385,1.0,False
Mal-A3,0.013692636,17.299974,0.9890751984792385,1.0,False
Gdap1,0.013692636,16.800827,0.9890751984792385,1.0,False
Neurochondrin,0.013692636,0.7721734,0.9890751984792385,1.0,False
CG43296,0.013692636,15.40444,0.9890751984792385,1.0,False
CG44812,0.013692636,15.449751,0.9890751984792385,1.0,False
CG13073,0.013692636,17.827665,0.9890751984792385,1.0,False
Cyp6a18,0.013692636,1.593013,0.9890751984792385,1.0,False
Ir60e,0.013692636,14.443764,0.9890751984792385,1.0,False
CG33669,0.013692636,17.34152,0.9890751984792385,1.0,False
Tmc,0.013692636,0.10798315,0.9890751984792385,1.0,False
lncRNA:CR44348,0.013692636,0.7420961,0.9890751984792385,1.0,False
CG18568,0.013692636,17.654785,0.9890751984792385,1.0,False
Myst5,0.013692636,16.247852,0.9890751984792385,1.0,False
CG43295,0.013692636,17.130638,0.9890751984792385,1.0,False
snoRNA:Psi28S-3305b,0.013692636,17.921522,0.9890751984792385,1.0,False
mir-4982,0.013692636,0.69017124,0.9890751984792385,1.0,False
Cralbp,0.013692636,18.297832,0.9890751984792385,1.0,False
CG31546,0.013692636,16.450663,0.9890751984792385,1.0,False
snoRNA:Psi28S-3327a,0.013692636,1.7009374,0.9890751984792385,1.0,False
Def,0.013692636,18.386906,0.9890751984792385,1.0,False
mir-4967,0.013692636,16.208454,0.9890751984792385,1.0,False
CG42692,0.013692636,16.026274,0.9890751984792385,1.0,False
lncRNA:CR44848,0.013692636,16.656397,0.9890751984792385,1.0,False
CG7953,0.013692636,0.37549222,0.9890751984792385,1.0,False
CG14658,0.013692636,15.4136715,0.9890751984792385,1.0,False
Dmel_CG43337,0.013692636,15.954505,0.9890751984792385,1.0,False
CG6048,0.013692636,17.2715,0.9890751984792385,1.0,False
asRNA:CR45044,0.013692636,1.3121127,0.9890751984792385,1.0,False
lncRNA:CR43830,0.013692636,16.216225,0.9890751984792385,1.0,False
lncRNA:CR43970,0.013692636,16.997616,0.9890751984792385,1.0,False
lncRNA:CR45517,0.013692636,18.187021,0.9890751984792385,1.0,False
stg,0.013692636,18.416859,0.9890751984792385,1.0,False
asRNA:CR44847,0.013692636,16.253242,0.9890751984792385,1.0,False
CG33641,0.013692636,1.2601881,0.9890751984792385,1.0,False
CG33640,0.013692636,17.752861,0.9890751984792385,1.0,False
CG2663,0.013692636,17.648264,0.9890751984792385,1.0,False
vas,0.013692636,18.352076,0.9890751984792385,1.0,False
CG33679,0.013692636,15.968351,0.9890751984792385,1.0,False
CG31528,0.013692636,17.65063,0.9890751984792385,1.0,False
ProtB,0.013692636,17.945076,0.9890751984792385,1.0,False
CG8750,0.013692636,17.501734,0.9890751984792385,1.0,False
ProtA,0.013692636,17.856548,0.9890751984792385,1.0,False
CG33308,0.013692636,17.666151,0.9890751984792385,1.0,False
lncRNA:CR44733,0.013692636,15.182552,0.9890751984792385,1.0,False
CG44088,0.013692636,18.234,0.9890751984792385,1.0,False
lncRNA:CR45174,0.013692636,18.235731,0.9890751984792385,1.0,False
CG18536,0.013692636,17.607151,0.9890751984792385,1.0,False
CG42269,0.013692636,1.1331091,0.9890751984792385,1.0,False
CG5267,0.013692636,0.46801987,0.9890751984792385,1.0,False
CG33927,0.013692636,17.909391,0.9890751984792385,1.0,False
CG13065,0.013692636,16.047575,0.9890751984792385,1.0,False
lncRNA:CR44558,0.013692636,15.93532,0.9890751984792385,1.0,False
CG13244,0.013692636,15.741915,0.9890751984792385,1.0,False
CG31821,0.013692636,1.9893163,0.9890751984792385,1.0,False
lncRNA:CR44602,0.013692636,16.127731,0.9890751984792385,1.0,False
Or35a,0.013692636,17.20355,0.9890751984792385,1.0,False
lncRNA:CR43761,0.013692636,17.400208,0.9890751984792385,1.0,False
asRNA:CR45130,0.013692636,17.853619,0.9890751984792385,1.0,False
asRNA:CR45968,0.013692636,1.052014,0.9890751984792385,1.0,False
CG13239,0.013692636,17.610277,0.9890751984792385,1.0,False
CG11226,0.013692636,14.245682,0.9890751984792385,1.0,False
asRNA:CR44069,0.013692636,0.49761972,0.9890751984792385,1.0,False
CG30339,0.013692636,2.3423874,0.9890751984792385,1.0,False
CG30340,0.013692636,16.962736,0.9890751984792385,1.0,False
lncRNA:CR45232,0.013692636,16.93132,0.9890751984792385,1.0,False
Orc1,0.013692636,1.2844814,0.9890751984792385,1.0,False
lncRNA:CR43682,0.013692636,17.72789,0.9890751984792385,1.0,False
solo,0.013692636,17.613983,0.9890751984792385,1.0,False
Alp5,0.013692636,18.410168,0.9890751984792385,1.0,False
asRNA:CR45970,0.013692636,17.879572,0.9890751984792385,1.0,False
mt:tRNA:His-GTG,0.013692636,17.954432,0.9890751984792385,1.0,False
CG40298,0.013692636,15.526232,0.9890751984792385,1.0,False
lncRNA:CR43420,0.013692636,0.6319462,0.9890751984792385,1.0,False
lncRNA:CR43419,0.013692636,0.8616119,0.9890751984792385,1.0,False
lncRNA:CR45111,0.013692636,2.0845733,0.9890751984792385,1.0,False
lncRNA:CR45698,0.013692636,16.752483,0.9890751984792385,1.0,False
CG15140,0.013692636,18.36234,0.9890751984792385,1.0,False
CG3868,0.013692636,17.082691,0.9890751984792385,1.0,False
lncRNA:CR45025,0.013692636,18.426641,0.9890751984792385,1.0,False
CG33770,0.013692636,1.0112667,0.9890751984792385,1.0,False
lncRNA:CR45314,0.013692636,0.5955005,0.9890751984792385,1.0,False
CG8100,0.013692636,16.209175,0.9890751984792385,1.0,False
lncRNA:CR43803,0.013692636,0.98253894,0.9890751984792385,1.0,False
lncRNA:CR44692,0.013692636,18.207914,0.9890751984792385,1.0,False
CG32483,0.013692636,17.861328,0.9890751984792385,1.0,False
hiro,0.013692636,15.158076,0.9890751984792385,1.0,False
Diedel,0.013692636,17.15413,0.9890751984792385,1.0,False
ppk19,0.013692636,17.446,0.9890751984792385,1.0,False
p-cup,0.013692636,16.463453,0.9890751984792385,1.0,False
fig,0.013692636,17.2427,0.9890751984792385,1.0,False
Dmel_CR45484,0.013692636,15.867163,0.9890751984792385,1.0,False
CG12693,0.013692636,15.882504,0.9890751984792385,1.0,False
lncRNA:CR44957,0.013692636,16.487078,0.9890751984792385,1.0,False
CG15577,0.013692636,16.823332,0.9890751984792385,1.0,False
lncRNA:CR45483,0.013692636,16.419216,0.9890751984792385,1.0,False
Jon99Ciii,0.013692636,14.832794,0.9890751984792385,1.0,False
Gem4b,0.013692636,17.026388,0.9890751984792385,1.0,False
CG33017,0.013692636,16.110432,0.9890751984792385,1.0,False
lncRNA:CR44151,0.013692636,0.92828274,0.9890751984792385,1.0,False
snoRNA:CD74,0.013692636,18.294691,0.9890751984792385,1.0,False
Sardh,0.013692636,0.70794487,0.9890751984792385,1.0,False
S-Lap8,0.013692636,17.960588,0.9890751984792385,1.0,False
CG6262,0.013692636,17.265888,0.9890751984792385,1.0,False
CG30098,0.013692636,15.699569,0.9890751984792385,1.0,False
Cyp310a1,0.013692636,16.482208,0.9890751984792385,1.0,False
CG14567,0.013692636,16.04942,0.9890751984792385,1.0,False
Sfp78E,0.013692636,17.030798,0.9890751984792385,1.0,False
CG11249,0.013692636,17.914848,0.9890751984792385,1.0,False
lncRNA:CR45239,0.013692636,15.913341,0.9890751984792385,1.0,False
ndl,0.013692636,17.108688,0.9890751984792385,1.0,False
CG15153,0.013692636,17.981848,0.9890751984792385,1.0,False
lncRNA:CR43839,0.013692636,17.092306,0.9890751984792385,1.0,False
lectin-37Db,0.013692636,16.309721,0.9890751984792385,1.0,False
Or65a,0.013692636,16.375889,0.9890751984792385,1.0,False
lncRNA:CR44354,0.013692636,17.18446,0.9890751984792385,1.0,False
CG14418,0.013692636,1.1610663,0.9890751984792385,1.0,False
eIF4E4,0.013692636,1.9450792,0.9890751984792385,1.0,False
CG43938,0.013692636,14.954409,0.9890751984792385,1.0,False
shd,0.013692636,14.245682,0.9890751984792385,1.0,False
CG10510,0.013692636,17.152437,0.9890751984792385,1.0,False
asRNA:CR46068,0.013692636,17.785269,0.9890751984792385,1.0,False
CG43702,0.013692636,17.226961,0.9890751984792385,1.0,False
CG15169,0.013692636,16.810463,0.9890751984792385,1.0,False
lncRNA:CR46249,0.013692636,17.886745,0.9890751984792385,1.0,False
CG11498,0.013692636,0.86843055,0.9890751984792385,1.0,False
asRNA:CR46082,0.013692636,15.540467,0.9890751984792385,1.0,False
Ppi1,0.013692636,15.640596,0.9890751984792385,1.0,False
Obp50e,0.013692636,15.385956,0.9890751984792385,1.0,False
lncRNA:CR44886,0.013692636,18.11257,0.9890751984792385,1.0,False
lncRNA:CR45357,0.013692636,16.535978,0.9890751984792385,1.0,False
Nepl9,0.013692636,0.13057825,0.9890751984792385,1.0,False
lncRNA:CR43939,0.013692636,16.973063,0.9890751984792385,1.0,False
CG34007,0.013692636,16.945185,0.9890751984792385,1.0,False
snoRNA:Psi18S-525j,0.013692636,16.65249,0.9890751984792385,1.0,False
snoRNA:Psi18S-525h,0.013692636,18.527325,0.9890751984792385,1.0,False
Mgat4b,0.013692636,15.46397,0.9890751984792385,1.0,False
CG13473,0.013692636,1.2849561,0.9890751984792385,1.0,False
lncRNA:CR44284,0.013692636,1.2135185,0.9890751984792385,1.0,False
snoRNA:Psi18S-525f,0.013692636,18.042614,0.9890751984792385,1.0,False
snoRNA:Psi18S-525a,0.013692636,18.486128,0.9890751984792385,1.0,False
asRNA:CR43875,0.013692636,0.48729286,0.9890751984792385,1.0,False
OS9,0.013692636,18.4335,0.9890751984792385,1.0,False
verm,0.013692636,18.481161,0.9890751984792385,1.0,False
CG18581,0.013692636,15.938203,0.9890751984792385,1.0,False
CG43678,0.013692636,17.23986,0.9890751984792385,1.0,False
scaRNA:PsiU6-40,0.013692636,15.818255,0.9890751984792385,1.0,False
lncRNA:CR43929,0.013692636,0.65614724,0.9890751984792385,1.0,False
lncRNA:CR44523,0.013692636,17.424057,0.9890751984792385,1.0,False
CG43110,0.013692636,18.252693,0.9890751984792385,1.0,False
robls54B,0.013692636,17.261337,0.9890751984792385,1.0,False
mthl4,0.013692636,17.740782,0.9890751984792385,1.0,False
CG33710,0.013692636,17.526388,0.9890751984792385,1.0,False
asRNA:CR43876,0.013692636,16.33145,0.9890751984792385,1.0,False
CG18223,0.013692636,16.329477,0.9890751984792385,1.0,False
snoRNA:Psi28S-2566,0.013692636,17.782555,0.9890751984792385,1.0,False
CG43049,0.013692636,17.202177,0.9890751984792385,1.0,False
CG11630,0.013692636,16.550554,0.9890751984792385,1.0,False
lncRNA:CR43144,0.013692636,16.11994,0.9890751984792385,1.0,False
asRNA:CR43971,0.013692636,17.937824,0.9890751984792385,1.0,False
Chd3,0.013692636,16.442919,0.9890751984792385,1.0,False
CG33062,0.013692636,18.40501,0.9890751984792385,1.0,False
ng4,0.013692636,18.057705,0.9890751984792385,1.0,False
mthl9,0.013692636,17.443567,0.9890751984792385,1.0,False
asRNA:CR43877,0.013692636,18.050812,0.9890751984792385,1.0,False
CG32811,0.013692636,17.521412,0.9890751984792385,1.0,False
MtnB,0.013692636,0.8689836,0.9890751984792385,1.0,False
lncRNA:CR46114,0.013692636,17.12291,0.9890751984792385,1.0,False
CG34300,0.013692636,18.244457,0.9890751984792385,1.0,False
CG4362,0.013692636,18.377678,0.9890751984792385,1.0,False
CecB,0.013692636,1.89032,0.9890751984792385,1.0,False
lncRNA:CR45553,0.013692636,16.761211,0.9890751984792385,1.0,False
CG9698,0.013692636,18.124502,0.9890751984792385,1.0,False
PH4alphaSG1,0.013692636,18.245043,0.9890751984792385,1.0,False
PH4alphaMP,0.013692636,18.464882,0.9890751984792385,1.0,False
CG30427,0.013692636,16.755205,0.9890751984792385,1.0,False
CG13891,0.013692636,15.710773,0.9890751984792385,1.0,False
CG3457,0.013692636,15.376952,0.9890751984792385,1.0,False
CG13742,0.013692636,16.796036,0.9890751984792385,1.0,False
CNT2,0.013692636,17.968447,0.9890751984792385,1.0,False
CG32391,0.013692636,18.093065,0.9890751984792385,1.0,False
COX4L,0.013692636,1.1739112,0.9890751984792385,1.0,False
IFT20,0.013692636,0.4641402,0.9890751984792385,1.0,False
Ir41a,0.013692636,15.930528,0.9890751984792385,1.0,False
lncRNA:dntRL,0.013692636,17.79724,0.9890751984792385,1.0,False
lncRNA:CR45392,0.013692636,15.295116,0.9890751984792385,1.0,False
lncRNA:CR45393,0.013692636,16.04942,0.9890751984792385,1.0,False
CG7330,0.013692636,17.411242,0.9890751984792385,1.0,False
CG12699,0.013692636,16.231901,0.9890751984792385,1.0,False
CG32198,0.013692636,17.856915,0.9890751984792385,1.0,False
CG4367,0.013692636,16.644342,0.9890751984792385,1.0,False
CG15219,0.013692636,17.477888,0.9890751984792385,1.0,False
eIF3f2,0.013692636,17.60008,0.9890751984792385,1.0,False
CG11211,0.013692636,17.33776,0.9890751984792385,1.0,False
hpRNA:LINR-1,0.013692636,17.392525,0.9890751984792385,1.0,False
mir-4974,0.013692636,16.549276,0.9890751984792385,1.0,False
fs(1)N,0.013692636,17.268171,0.9890751984792385,1.0,False
snoRNA:Edc3-a,0.013692636,16.419847,0.9890751984792385,1.0,False
CG17267,0.013692636,16.43554,0.9890751984792385,1.0,False
asRNA:CR44375,0.013692636,17.311134,0.9890751984792385,1.0,False
CG7542,0.013692636,16.616642,0.9890751984792385,1.0,False
CG42816,0.013692636,0.7620012,0.9890751984792385,1.0,False
CG32181,0.013692636,16.003122,0.9890751984792385,1.0,False
Adgf-B,0.013692636,1.2456025,0.9890751984792385,1.0,False
CG15614,0.013692636,0.44033808,0.9890751984792385,1.0,False
CG6435,0.013692636,0.35576117,0.9890751984792385,1.0,False
lncRNA:CR45241,0.013692636,16.101904,0.9890751984792385,1.0,False
CheB42a,0.013692636,17.35984,0.9890751984792385,1.0,False
CheB42b,0.013692636,17.197283,0.9890751984792385,1.0,False
lncRNA:CR44166,0.013692636,1.2479213,0.9890751984792385,1.0,False
lush,0.013692636,17.882208,0.9890751984792385,1.0,False
CheB74a,0.013692636,17.2427,0.9890751984792385,1.0,False
lncRNA:CR42646,0.013692636,17.766092,0.9890751984792385,1.0,False
CG15546,0.013692636,17.043606,0.9890751984792385,1.0,False
CG14054,0.013692636,17.490252,0.9890751984792385,1.0,False
lncRNA:CR45478,0.013692636,0.974229,0.9890751984792385,1.0,False
CG15554,0.013692636,18.354116,0.9890751984792385,1.0,False
gsb,0.013692636,16.570246,0.9890751984792385,1.0,False
Cyp6a17,0.013692636,14.245682,0.9890751984792385,1.0,False
AttA,0.013692636,16.183811,0.9890751984792385,1.0,False
lncRNA:CR34046,0.013692636,16.858747,0.9890751984792385,1.0,False
lncRNA:CR45564,0.013692636,0.5270517,0.9890751984792385,1.0,False
Tsp2A,0.013692636,0.6107701,0.9890751984792385,1.0,False
CG11409,0.013692636,18.122002,0.9890751984792385,1.0,False
asRNA:CR43433,0.013692636,15.6220665,0.9890751984792385,1.0,False
CG13058,0.013692636,17.648264,0.9890751984792385,1.0,False
SmydA-5,0.013692636,0.81653166,0.9890751984792385,1.0,False
snoRNA:Psi28S-2562,0.013692636,15.584347,0.9890751984792385,1.0,False
lncRNA:CR45165,0.013692636,17.373438,0.9890751984792385,1.0,False
CG13033,0.013692636,0.63815886,0.9890751984792385,1.0,False
CG43646,0.013692636,0.31104493,0.9890751984792385,1.0,False
CG2291,0.013692636,16.564003,0.9890751984792385,1.0,False
snoRNA:Psi28S-1135b,0.013692636,1.2012336,0.9890751984792385,1.0,False
snoRNA:Psi28S-1135f,0.013692636,16.564943,0.9890751984792385,1.0,False
Elo68alpha,0.013692636,14.245682,0.9890751984792385,1.0,False
Prosalpha4T1,0.013692636,15.119961,0.9890751984792385,1.0,False
CG30270,0.013692636,16.053354,0.9890751984792385,1.0,False
Obp58d,0.013692636,17.757141,0.9890751984792385,1.0,False
CG43077,0.013692636,17.294434,0.9890751984792385,1.0,False
CG43997,0.013692636,17.842716,0.9890751984792385,1.0,False
CG8960,0.013692636,16.064217,0.9890751984792385,1.0,False
lncRNA:CR44048,0.013692636,16.656775,0.9890751984792385,1.0,False
corolla,0.013692636,15.4136715,0.9890751984792385,1.0,False
lncRNA:CR44713,0.013692636,17.76443,0.9890751984792385,1.0,False
lncRNA:CR43909,0.013692636,1.0662352,0.9890751984792385,1.0,False
Obp93a,0.013692636,13.051829,0.9890751984792385,1.0,False
CG15696,0.013692636,18.08444,0.9890751984792385,1.0,False
Mal-A7,0.013692636,17.542263,0.9890751984792385,1.0,False
lncRNA:CR45280,0.013692636,1.1818501,0.9890751984792385,1.0,False
Cyp9b1,0.013692636,17.921522,0.9890751984792385,1.0,False
Tsp42Er,0.013692636,17.144379,0.9890751984792385,1.0,False
lncRNA:CR43436,0.013692636,0.96600074,0.9890751984792385,1.0,False
CG2150,0.013692636,0.9779625,0.9890751984792385,1.0,False
salt,0.013692636,15.918438,0.9890751984792385,1.0,False
lncRNA:CR45823,0.013692636,14.624134,0.9890751984792385,1.0,False
asRNA:CR45806,0.013692636,1.4148409,0.9890751984792385,1.0,False
lncRNA:CR43282,0.013692636,17.29784,0.9890751984792385,1.0,False
mt:tRNA:Tyr-GTA,0.013692636,16.558489,0.9890751984792385,1.0,False
Obp73a,0.013692636,16.026274,0.9890751984792385,1.0,False
CG11905,0.013692636,18.460876,0.9890751984792385,1.0,False
lncRNA:CR46220,0.013692636,1.6742109,0.9890751984792385,1.0,False
Pgcl,0.013692636,17.654488,0.9890751984792385,1.0,False
asRNA:CR45028,0.0136892125,0.16355485,0.9890779295089976,1.0,False
CG9021,0.0136892125,0.3775661,0.9890779295089976,1.0,False
CG33253,0.0136892125,0.19980626,0.9890779295089976,1.0,False
asRNA:CR45467,0.0136892125,0.1530801,0.9890779295089976,1.0,False
CG8192,0.0136892125,-0.5468483,0.9890779295089976,1.0,False
Tpt,0.0136892125,0.41614652,0.9890779295089976,1.0,False
asRNA:CR45167,0.0136892125,-0.25714305,0.9890779295089976,1.0,False
lncRNA:CR45188,0.0136892125,0.061780777,0.9890779295089976,1.0,False
CG42272,0.0136892125,-0.9085277,0.9890779295089976,1.0,False
CG15625,0.0136892125,0.2998985,0.9890779295089976,1.0,False
Spn42Db,0.0136892125,0.21277487,0.9890779295089976,1.0,False
CG44261,0.0136892125,0.27869305,0.9890779295089976,1.0,False
Cpr47Ee,0.0136892125,0.08085756,0.9890779295089976,1.0,False
lncRNA:CR46247,0.0136892125,-0.42023852,0.9890779295089976,1.0,False
CG15579,0.0136892125,0.18759246,0.9890779295089976,1.0,False
asRNA:CR45371,0.0136892125,-0.20269985,0.9890779295089976,1.0,False
CG13869,0.0136892125,0.72169775,0.9890779295089976,1.0,False
CG15239,0.0136892125,-0.49402654,0.9890779295089976,1.0,False
asRNA:CR45712,0.0136892125,0.6662647,0.9890779295089976,1.0,False
lncRNA:CR43937,0.0136892125,0.52717537,0.9890779295089976,1.0,False
Cpr62Bc,0.0136892125,0.7881704,0.9890779295089976,1.0,False
CG10348,0.0136892125,0.09325494,0.9890779295089976,1.0,False
CG16965,0.0136892125,0.39876524,0.9890779295089976,1.0,False
CG17211,0.0136892125,0.28689155,0.9890779295089976,1.0,False
ninaD,0.0136892125,0.2878654,0.9890779295089976,1.0,False
dah,0.0136892125,-1.7517195,0.9890779295089976,1.0,False
lncRNA:CR45097,0.0136892125,-1.128182,0.9890779295089976,1.0,False
CG8708,0.0136892125,0.30837935,0.9890779295089976,1.0,False
lncRNA:CR44447,0.0136892125,0.64493495,0.9890779295089976,1.0,False
Fam161,0.0136892125,0.23160087,0.9890779295089976,1.0,False
lncRNA:CR43452,0.0136892125,-1.0440202,0.9890779295089976,1.0,False
eIF3g2,0.0136892125,-0.35147533,0.9890779295089976,1.0,False
CG12995,0.0136892125,0.39933488,0.9890779295089976,1.0,False
lncRNA:CR44022,0.0136892125,0.5051597,0.9890779295089976,1.0,False
lncRNA:CR45253,0.0136892125,0.67819315,0.9890779295089976,1.0,False
FipoQ,0.0136892125,0.60972214,0.9890779295089976,1.0,False
lncRNA:CR44670,0.0136892125,0.6926421,0.9890779295089976,1.0,False
lncRNA:CR45811,0.0136892125,0.019183418,0.9890779295089976,1.0,False
CG10505,0.0136892125,-0.54628336,0.9890779295089976,1.0,False
lncRNA:CR46073,0.0136892125,0.18053097,0.9890779295089976,1.0,False
CG18233,0.0136892125,0.5057955,0.9890779295089976,1.0,False
Rpt6R,0.0136892125,0.28649935,0.9890779295089976,1.0,False
byn,0.0136892125,-0.49536785,0.9890779295089976,1.0,False
snoRNA:Psi28S-3436a,0.0136892125,0.7463682,0.9890779295089976,1.0,False
snoRNA:Psi28S-1060,0.0136892125,-0.23268048,0.9890779295089976,1.0,False
snoRNA:Psi18S-1086,0.0136892125,0.2820827,0.9890779295089976,1.0,False
GNBP3,0.0136892125,0.15046531,0.9890779295089976,1.0,False
CG43055,0.0136892125,-0.11342193,0.9890779295089976,1.0,False
CG7384,0.0136892125,-0.6466346,0.9890779295089976,1.0,False
ckd,0.0136892125,0.09123482,0.9890779295089976,1.0,False
CG10936,0.0136892125,0.45372537,0.9890779295089976,1.0,False
IFT54,0.0136892125,-0.38701344,0.9890779295089976,1.0,False
lncRNA:CR46023,0.0136892125,0.22818321,0.9890779295089976,1.0,False
snoRNA:CD20,0.0136892125,0.24905935,0.9890779295089976,1.0,False
w-cup,0.0136892125,-1.9533259,0.9890779295089976,1.0,False
Root,0.0136892125,0.26662043,0.9890779295089976,1.0,False
CG14689,0.0136892125,0.5075968,0.9890779295089976,1.0,False
CG13950,0.0136892125,0.3239892,0.9890779295089976,1.0,False
lncRNA:CR45043,0.0136892125,-0.028967125,0.9890779295089976,1.0,False
Acp33A,0.0136892125,-0.15645573,0.9890779295089976,1.0,False
CG12715,0.0136892125,-0.15045801,0.9890779295089976,1.0,False
CG46298,0.0136892125,-0.29077038,0.9890779295089976,1.0,False
Ndg,0.0136892125,0.14112212,0.9890779295089976,1.0,False
CG14302,0.0136892125,0.14531289,0.9890779295089976,1.0,False
asRNA:CR45927,0.0136892125,0.280119,0.9890779295089976,1.0,False
CG15545,0.0136892125,0.06414427,0.9890779295089976,1.0,False
yellow-f2,0.0136892125,0.19148198,0.9890779295089976,1.0,False
lncRNA:CR44042,0.0136892125,0.8575575,0.9890779295089976,1.0,False
lncRNA:CR45876,0.0136892125,0.31194392,0.9890779295089976,1.0,False
CanA1,0.0136892125,-0.18251067,0.9890779295089976,1.0,False
CG33773,0.0136892125,0.08818884,0.9890779295089976,1.0,False
otu,0.0136892125,0.35598272,0.9890779295089976,1.0,False
spirit,0.0136892125,-0.2615715,0.9890779295089976,1.0,False
CG42716,0.0136892125,-0.21184473,0.9890779295089976,1.0,False
CG4267,0.0136892125,0.22456026,0.9890779295089976,1.0,False
asRNA:CR46144,0.0136892125,0.26672363,0.9890779295089976,1.0,False
lncRNA:CR45364,0.0136892125,0.6576625,0.9890779295089976,1.0,False
CG34026,0.0136892125,-0.79316145,0.9890779295089976,1.0,False
CG1979,0.0136892125,0.45415005,0.9890779295089976,1.0,False
CG1774,0.0136892125,-2.0570521,0.9890779295089976,1.0,False
lncRNA:CR43704,0.0136892125,0.42913076,0.9890779295089976,1.0,False
upd3,0.0136892125,0.34614444,0.9890779295089976,1.0,False
alpha-Est1,0.0136892125,0.49084818,0.9890779295089976,1.0,False
CG14079,0.0136892125,0.17113473,0.9890779295089976,1.0,False
Skel,0.0136892125,0.49129754,0.9890779295089976,1.0,False
CG30280,0.01368579,-0.14996493,0.9890806605388847,1.0,False
CG30380,0.01368579,-0.15934326,0.9890806605388847,1.0,False
CG14237,0.01368579,0.10449136,0.9890806605388847,1.0,False
lncRNA:CR45355,0.01368579,-0.28984228,0.9890806605388847,1.0,False
ETH,0.01368579,-0.22334492,0.9890806605388847,1.0,False
lncRNA:CR42767,0.01368579,-0.027521692,0.9890806605388847,1.0,False
CG13138,0.01368579,0.31205186,0.9890806605388847,1.0,False
lncRNA:CR44632,0.01368579,0.17941517,0.9890806605388847,1.0,False
Hsc70-1,0.01368579,0.07422338,0.9890806605388847,1.0,False
CG34041,0.01368579,-0.014171199,0.9890806605388847,1.0,False
lncRNA:CR46352,0.01368579,0.011882257,0.9890806605388847,1.0,False
CG15657,0.01368579,0.13699864,0.9890806605388847,1.0,False
asRNA:CR46263,0.01368579,-0.38642576,0.9890806605388847,1.0,False
Osi12,0.01368579,-0.863001,0.9890806605388847,1.0,False
dob,0.01368579,-0.12208208,0.9890806605388847,1.0,False
asRNA:CR45538,0.01368579,0.11059113,0.9890806605388847,1.0,False
CG5386,0.01368579,-0.57766277,0.9890806605388847,1.0,False
lncRNA:CR44188,0.013682366,-0.629567,0.9890833915688997,1.0,False
lncRNA:CR44161,0.013682366,-0.5743,0.9890833915688997,1.0,False
CG42763,0.013682366,0.13263968,0.9890833915688997,1.0,False
Tim17b1,0.013682366,-0.17620403,0.9890833915688997,1.0,False
CG1246,0.013682366,-0.053111255,0.9890833915688997,1.0,False
Spn43Aa,0.013682366,-0.39563695,0.9890833915688997,1.0,False
CG34054,0.013682366,-1.1093242,0.9890833915688997,1.0,False
lncRNA:CR45693,0.013682366,0.06656226,0.9890833915688997,1.0,False
Myo61F,0.013682366,-0.57169795,0.9890833915688997,1.0,False
CG12057,0.013682366,-0.3601946,0.9890833915688997,1.0,False
comm3,0.013682366,-0.08655617,0.9890833915688997,1.0,False
CG13331,0.013682366,-0.36134538,0.9890833915688997,1.0,False
asRNA:CR44205,0.013682366,-0.24785915,0.9890833915688997,1.0,False
CG31205,0.013682366,-0.1566086,0.9890833915688997,1.0,False
CG34008,0.013682366,-0.8502086,0.9890833915688997,1.0,False
CG8925,0.013682366,-0.096928984,0.9890833915688997,1.0,False
CG44259,0.013682366,-0.8490967,0.9890833915688997,1.0,False
CG31909,0.013682366,-0.2598277,0.9890833915688997,1.0,False
CG31431,0.013682366,-0.3749022,0.9890833915688997,1.0,False
vnc,0.013682366,0.0117672235,0.9890833915688997,1.0,False
CG33477,0.013682366,-0.4058341,0.9890833915688997,1.0,False
CG5561,0.013682366,-0.35173267,0.9890833915688997,1.0,False
asRNA:CR45623,0.013682366,-0.7418187,0.9890833915688997,1.0,False
CG31272,0.013682366,-0.34471604,0.9890833915688997,1.0,False
phr6-4,0.013682366,0.10837586,0.9890833915688997,1.0,False
sut2,0.013682366,-0.18037675,0.9890833915688997,1.0,False
CG30479,0.013682366,-0.1666249,0.9890833915688997,1.0,False
lncRNA:CR45577,0.013682366,-0.03679183,0.9890833915688997,1.0,False
CG14556,0.013678944,0.0034765468,0.9890861225990426,1.0,False
lncRNA:CR44138,0.013678944,0.24202776,0.9890861225990426,1.0,False
CG8306,0.013678944,0.050489612,0.9890861225990426,1.0,False
Nplp4,0.013678944,-0.32219356,0.9890861225990426,1.0,False
CG15322,0.013678944,-0.09528112,0.9890861225990426,1.0,False
lncRNA:CR46265,0.013678944,0.14838591,0.9890861225990426,1.0,False
LManI,0.013678944,0.036984757,0.9890861225990426,1.0,False
CG33258,0.013678944,-0.32703197,0.9890861225990426,1.0,False
Sse,0.013678944,-0.06116905,0.9890861225990426,1.0,False
wus,0.013678944,-0.026237134,0.9890861225990426,1.0,False
Cyp4p2,0.013678944,-0.87742424,0.9890861225990426,1.0,False
CG2574,0.013678944,-0.3899602,0.9890861225990426,1.0,False
lncRNA:CR32657,0.013678944,-0.20436613,0.9890861225990426,1.0,False
CG18636,0.01367552,-0.31446156,0.9890888536293134,1.0,False
modSP,0.01367552,-1.1796877,0.9890888536293134,1.0,False
CG13137,0.01367552,-0.5632784,0.9890888536293134,1.0,False
CG14456,0.01367552,-0.69477344,0.9890888536293134,1.0,False
CG9396,0.013672097,-0.21923973,0.9890915846597121,1.0,False
trabl,0.013672097,-0.2961189,0.9890915846597121,1.0,False
CG14417,0.013672097,-1.6279206,0.9890915846597121,1.0,False
CG7912,0.013672097,-0.7440538,0.9890915846597121,1.0,False
CG33137,0.013672097,-0.42685878,0.9890915846597121,1.0,False
Tmlh,0.013672097,-0.12096649,0.9890915846597121,1.0,False
CG8888,0.013672097,0.1172928,0.9890915846597121,1.0,False
CG31326,0.013672097,-0.23754302,0.9890915846597121,1.0,False
Gba1b,0.013672097,-0.25940877,0.9890915846597121,1.0,False
CG41562,0.013672097,-0.69772285,0.9890915846597121,1.0,False
CG5704,0.013672097,-1.2553207,0.9890915846597121,1.0,False
Gr2a,0.013672097,-0.75202036,0.9890915846597121,1.0,False
Taf12L,0.013672097,-0.46623573,0.9890915846597121,1.0,False
CG3222,0.013672097,0.17803216,0.9890915846597121,1.0,False
CG33700,0.013668674,-0.6262502,0.9890943156902386,1.0,False
CG34301,0.013668674,-0.8937758,0.9890943156902386,1.0,False
Ssl2,0.013668674,-0.6070669,0.9890943156902386,1.0,False
Caf1-180,0.013668674,0.054607987,0.9890943156902386,1.0,False
Nepl17,0.013668674,-0.8975672,0.9890943156902386,1.0,False
alpha-Est10,0.013668674,-0.17163984,0.9890943156902386,1.0,False
CG33098,0.0136652505,-0.052957725,0.9890970467208929,1.0,False
CG42878,0.0136652505,-0.3714294,0.9890970467208929,1.0,False
Jhbp14,0.0136652505,-0.22279589,0.9890970467208929,1.0,False
CG17261,0.0136652505,-0.06045581,0.9890970467208929,1.0,False
asRNA:CR43936,0.013661828,-0.112364404,0.9890997777516749,1.0,False
Ctns,0.013661828,-0.08432896,0.9890997777516749,1.0,False
lncRNA:CR46016,0.013658404,-0.26431334,0.9891025087825847,1.0,False
Mccc2,0.013658404,-0.055417173,0.9891025087825847,1.0,False
CG42789,0.013658404,-0.09500628,0.9891025087825847,1.0,False
CG34330,0.013654982,-0.54816616,0.9891052398136221,1.0,False
sut1,0.013654982,-0.05710892,0.9891052398136221,1.0,False
lncRNA:CR45673,0.013651558,-0.45111033,0.9891079708447872,1.0,False
CG34056,0.013648135,-0.0927373,0.9891107018760799,1.0,False
CG14443,0.013644712,-0.20899165,0.9891134329075002,1.0,False
CG14050,0.0136412885,-0.17400905,0.9891161639390481,1.0,False
lncRNA:CR45200,0.013637866,-0.067085624,0.9891188949707235,1.0,False
Gas8,0.013637866,-0.7141402,0.9891188949707235,1.0,False
CG12640,0.013634442,-0.12207889,0.9891216260025264,1.0,False
mir-2493,0.013634442,-0.2418178,0.9891216260025264,1.0,False
lncRNA:CR44440,0.013631019,-0.43961826,0.9891243570344567,1.0,False
Idgf5,0.013631019,-0.26481318,0.9891243570344567,1.0,False
GrlHz,0.013627596,-0.27377734,0.9891270880665145,1.0,False
CG8160,0.013624173,-0.4448671,0.9891298190986997,1.0,False
CG16710,0.01362075,-0.26146448,0.9891325501310122,1.0,False
CG8476,0.013619038,-0.24882242,0.9891339156472163,1.0,False
lncRNA:CR43827,0.01361048,-0.32756317,0.9891407432287138,1.0,False
CG30053,0.013607057,-0.032053217,0.9891434742615356,1.0,False
Gr28b,0.013603634,-0.116161086,0.9891462052944845,1.0,False
CG32313,0.013603634,-0.8726916,0.9891462052944845,1.0,False
Lk,0.013600211,-0.5860624,0.9891489363275606,1.0,False
CG14451,0.013600211,-0.27218017,0.9891489363275606,1.0,False
CG44004,0.013596788,-0.25264332,0.9891516673607639,1.0,False
Adgf-C,0.0135933645,-0.17826092,0.9891543983940942,1.0,False
OdsH,0.013589941,-0.37559968,0.9891571294275516,1.0,False
lncRNA:CR45035,0.013583095,-0.16640519,0.9891625914948476,1.0,False
Muc96D,0.013583095,-0.4727917,0.9891625914948476,1.0,False
Jhbp6,0.013583095,-0.1444373,0.9891625914948476,1.0,False
CG1143,0.0135694025,-0.11717906,0.9891735156309632,1.0,False
CG9967,0.013565979,-0.09399517,0.9891762466653093,1.0,False
CG7497,0.013565979,-0.6714035,0.9891762466653093,1.0,False
CG9689,0.013565979,-0.09420976,0.9891762466653093,1.0,False
CG10939,0.013535171,-0.7062008,0.9892008259801277,1.0,False
mthl5,0.013535171,-0.10057795,0.9892008259801277,1.0,False
Glug,0.013528325,-0.29888082,0.98920628805148,1.0,False
CG12158,0.013524901,-0.45659602,0.9892090190873459,1.0,False
CG43245,0.013514631,-0.7050805,0.9892172121957021,1.0,False
lncRNA:CR46035,0.013511209,-0.4299612,0.9892199432320736,1.0,False
CG14984,0.013500939,-0.23046936,0.9892281363419458,1.0,False
Wsck,0.013500939,-0.17837517,0.9892281363419458,1.0,False
CG5096,0.013494093,-0.37011558,0.9892335984158251,1.0,False
CG34409,0.013476977,-0.2279978,0.9892472536027304,1.0,False
CG14075,0.013470131,-0.20610335,0.9892527156783747,1.0,False
CG6472,0.013381128,-0.5354889,0.9893237227074955,1.0,False
Cyp12e1,0.013352032,-0.141718,0.9893469365623087,1.0,False
CG44195,0.013316088,-0.35448653,0.9893756125130564,1.0,False
lncRNA:CR43431,0.013148353,-0.17109582,0.9895094337974217,1.0,False
l(3)72Dr,0.013120969,-0.19528133,0.9895312821985052,1.0,False
pug,0.013021697,-0.607108,0.9896104827181226,1.0,False
Dic61B,0.01296008,-0.42911446,0.9896596417128779,1.0,False
Acaa,0.012901886,-0.057829753,0.989706069688418,1.0,False
Arg,0.0128847705,-0.20433053,0.9897197249819826,1.0,False
pie,0.012638303,-0.5154132,0.9899163615412402,1.0,False
CG3032,0.01256984,-0.2309349,0.9899709829169124,1.0,False
Spt7,0.012484261,-0.09053221,0.9900392597025746,1.0,False
CG32755,0.012381566,-0.2501386,0.9901211919416141,1.0,False
GstO3,0.012345623,-0.21154994,0.9901498682499345,1.0,False
Sobp,0.012297698,-0.29873103,0.9901881033474826,1.0,False
SWIP,0.012047808,-0.21816775,0.9903874724335021,1.0,False
CG7914,0.011873227,-0.39033616,0.9905267580422704,1.0,False
cliff,0.011192018,-0.12932213,0.9910702477474205,1.0,False
CG5516,0.011140671,-0.2840277,0.9911112144791987,1.0,False
mEFG1,0.010652871,-0.20519543,0.9915003995846411,1.0,False
CG2767,0.010255785,-0.28195816,0.9918172114135501,1.0,False
SLC5A11,0.009420534,-0.27748984,0.9924836128600434,1.0,False
CG7872,0.008997774,-0.2175806,0.9928209123413495,1.0,False
Dis3,0.008732479,-0.25406152,0.9930325786667864,1.0,False
Mettl4,0.008653746,-0.15747371,0.9930953958648493,1.0,False
cu,0.0076798573,-0.21502675,0.9938724207100352,1.0,False
CG2211,0.0072827707,-0.2855454,0.9941892409857206,1.0,False
CG8407,0.006810375,-0.14282463,0.9945661490546364,1.0,False
CG33969,0.0067675854,-0.2060364,0.9946002893394217,1.0,False
Cog6,0.0064903093,-0.15756725,0.9948215186216626,1.0,False
Hsdl2,0.005588307,-0.24331042,0.995541199261175,1.0,False
Trmt112,0.005401745,-0.23832382,0.9956900520856333,1.0,False
wash,0.0049926774,-0.35215354,0.9960164363194987,1.0,False
asRNA:CR45520,0.0048420583,-0.3027249,0.9961366114383345,1.0,False
Mybbp1A,0.003910959,-0.31512856,0.9968795140139872,1.0,False
CG5515,0.0038322266,-0.24960008,0.9969423331148423,1.0,False
CG11808,0.003594317,-0.20047201,0.9971321561636102,1.0,False
Polr3E,0.0026426788,-0.3513252,0.997891449874461,1.0,False
CG8043,0.002454405,-0.29000187,0.9980416701012756,1.0,False
CG3104,0.0010440635,-0.22076729,0.9991669580051793,1.0,False
Jwa,0.00097388873,-0.1453846,0.9992229493340327,1.0,False
lncRNA:CR45684,0.00012323372,0.25805157,0.9999016737141441,1.0,False
snu,9.584845e-05,0.07323831,0.9999235239998133,1.0,False
Cad96Ca,7.873266e-05,0.37043613,0.9999371804283868,1.0,False
MFS3,7.53095e-05,0.03280248,0.9999399117141038,1.0,False
Cyp6a2,5.4770546e-05,0.119227886,0.9999562994284197,1.0,False
lncRNA:CR44330,3.765475e-05,0.10095848,0.9999699558570306,1.0,False
asRNA:CR46135,3.765475e-05,0.12847318,0.9999699558570306,1.0,False
CycA,3.594317e-05,0.51587707,0.9999713214998922,1.0,False
lncRNA:CR45540,2.7385273e-05,0.26378897,0.9999781497142016,1.0,False
asRNA:CR45151,2.3962113e-05,0.19510308,0.9999808809999259,1.0,False
E(spl)m6-BFM,2.2250533e-05,0.2759341,0.9999822466427881,1.0,False
snoRNA:SC35-b,2.0538953e-05,0.40750134,0.9999836122856504,1.0,False
CG13674,2.0538953e-05,1.0287851,0.9999836122856504,1.0,False
CG15199,1.7115795e-05,0.647112,0.999986343571375,1.0,False
asRNA:CR30267,1.7115795e-05,0.81841654,0.999986343571375,1.0,False
wb,1.5404215e-05,-0.018676877,0.9999877092142374,1.0,False
Pos,1.5404215e-05,0.54465026,0.9999877092142374,1.0,False
CG33767,1.5404215e-05,0.866223,0.9999877092142374,1.0,False
CG15425,1.5404215e-05,0.34039447,0.9999877092142374,1.0,False
CG42741,1.36926365e-05,-0.058450498,0.9999890748570998,1.0,False
Obp19c,1.36926365e-05,0.313509,0.9999890748570998,1.0,False
lncRNA:CR44448,1.1981057e-05,0.8296199,0.9999904404999622,1.0,False
CG18449,1.1981057e-05,0.95578766,0.9999904404999622,1.0,False
lncRNA:CR44718,1.0269477e-05,0.19551083,0.9999918061428248,1.0,False
CG17707,8.557898e-06,0.5410294,0.9999931717856873,1.0,False
Gr43a,8.557898e-06,1.0347239,0.9999931717856873,1.0,False
lncRNA:CR45985,8.557898e-06,0.65998894,0.9999931717856873,1.0,False
snoRNA:Psi18S-1377a,8.557898e-06,0.914635,0.9999931717856873,1.0,False
snoRNA:Or-aca5,8.557898e-06,0.51200116,0.9999931717856873,1.0,False
CG4563,8.557898e-06,0.6897224,0.9999931717856873,1.0,False
CG31244,6.8463182e-06,1.5798997,0.9999945374285498,1.0,False
CG30376,6.8463182e-06,0.5834568,0.9999945374285498,1.0,False
Mst33A,6.8463182e-06,0.77489585,0.9999945374285498,1.0,False
lncRNA:CR44817,6.8463182e-06,0.22464651,0.9999945374285498,1.0,False
CG14563,6.8463182e-06,0.26366934,0.9999945374285498,1.0,False
CG30384,6.8463182e-06,1.0460123,0.9999945374285498,1.0,False
Zasp66,6.8463182e-06,-0.032715354,0.9999945374285498,1.0,False
Cyp6a23,6.8463182e-06,0.1549578,0.9999945374285498,1.0,False
CG15650,6.8463182e-06,0.30920765,0.9999945374285498,1.0,False
Lsd-1,6.8463182e-06,0.3207992,0.9999945374285498,1.0,False
CG11664,5.1347383e-06,0.18423079,0.9999959030714123,1.0,False
CG12105,5.1347383e-06,0.4504798,0.9999959030714123,1.0,False
CG34288,5.1347383e-06,0.2598168,0.9999959030714123,1.0,False
CG45063,3.4231591e-06,0.29762745,0.9999972687142749,1.0,False
CG43093,3.4231591e-06,-0.01945982,0.9999972687142749,1.0,False
snoRNA:Or-ACA9,3.4231591e-06,-0.12765284,0.9999972687142749,1.0,False
BigH1,3.4231591e-06,0.6921261,0.9999972687142749,1.0,False
mex1,3.4231591e-06,1.2419319,0.9999972687142749,1.0,False
snoRNA:Psi28S-3308,3.4231591e-06,0.055823628,0.9999972687142749,1.0,False
CG12229,3.4231591e-06,0.6110288,0.9999972687142749,1.0,False
lncRNA:CR44333,3.4231591e-06,0.93821204,0.9999972687142749,1.0,False
nmdyn-D7,3.4231591e-06,0.3158023,0.9999972687142749,1.0,False
lncRNA:CR46248,3.4231591e-06,-0.052132033,0.9999972687142749,1.0,False
CG32523,3.4231591e-06,0.23340505,0.9999972687142749,1.0,False
CG7881,3.4231591e-06,0.36441183,0.9999972687142749,1.0,False
asRNA:CR45485,3.4231591e-06,1.3450646,0.9999972687142749,1.0,False
CG2898,3.4231591e-06,-0.0072471392,0.9999972687142749,1.0,False
robl62A,3.4231591e-06,0.32612166,0.9999972687142749,1.0,False
BBS5,1.7115796e-06,0.31520283,0.9999986343571374,1.0,False
lncRNA:CR45982,1.7115796e-06,2.8711743,0.9999986343571374,1.0,False
Su(Ste):CR42407,1.7115796e-06,0.20896481,0.9999986343571374,1.0,False
wg,1.7115796e-06,0.07325502,0.9999986343571374,1.0,False
lncRNA:CR44613,1.7115796e-06,0.03996316,0.9999986343571374,1.0,False
CG6055,1.7115796e-06,3.5099697,0.9999986343571374,1.0,False
lncRNA:CR46350,1.7115796e-06,1.3398168,0.9999986343571374,1.0,False
lncRNA:CR45378,1.7115796e-06,1.106133,0.9999986343571374,1.0,False
CG13810,1.7115796e-06,0.35813254,0.9999986343571374,1.0,False
Ccdc114,1.7115796e-06,0.077398136,0.9999986343571374,1.0,False
CG31268,1.7115796e-06,0.8306136,0.9999986343571374,1.0,False
dila,1.7115796e-06,0.07254668,0.9999986343571374,1.0,False
CG30355,1.7115796e-06,0.7475253,0.9999986343571374,1.0,False
CG13198,1.7115796e-06,0.026665471,0.9999986343571374,1.0,False
asRNA:CR44019,1.7115796e-06,0.039599117,0.9999986343571374,1.0,False
Fbp1,1.7115796e-06,0.8156182,0.9999986343571374,1.0,False
Sgs5bis,1.7115796e-06,1.0601641,0.9999986343571374,1.0,False
CG8664,1.7115796e-06,0.18384738,0.9999986343571374,1.0,False
lncRNA:CR44764,1.7115796e-06,1.20245,0.9999986343571374,1.0,False
snoRNA:Psi28S-2149,1.7115796e-06,0.5579172,0.9999986343571374,1.0,False
CG31219,1.7115796e-06,0.24647981,0.9999986343571374,1.0,False
CG5172,1.7115796e-06,0.7214311,0.9999986343571374,1.0,False
CG31820,1.7115796e-06,0.3008067,0.9999986343571374,1.0,False
lncRNA:CR43974,1.7115796e-06,0.6168991,0.9999986343571374,1.0,False
lncRNA:CR45628,1.7115796e-06,0.2766838,0.9999986343571374,1.0,False
TwdlF,1.7115796e-06,0.40712765,0.9999986343571374,1.0,False
CG7126,1.7115796e-06,1.3408934,0.9999986343571374,1.0,False
snoRNA:Psi28S-3405d,1.7115796e-06,1.3822246,0.9999986343571374,1.0,False
lncRNA:CR44605,1.7115796e-06,1.0096927,0.9999986343571374,1.0,False
lncRNA:CR44888,1.7115796e-06,1.2511675,0.9999986343571374,1.0,False
Zip89B,1.7115796e-06,0.5998538,0.9999986343571374,1.0,False
CG7140,1.7115796e-06,2.4107227,0.9999986343571374,1.0,False
CG5662,1.7115796e-06,0.032881927,0.9999986343571374,1.0,False
CG43312,1.7115796e-06,0.14989236,0.9999986343571374,1.0,False
CG34206,1.7115796e-06,0.7460652,0.9999986343571374,1.0,False
asRNA:CR43833,1.7115796e-06,0.08725503,0.9999986343571374,1.0,False
lncRNA:CR44588,1.7115796e-06,0.4168766,0.9999986343571374,1.0,False
RpL7-like,1.7115796e-06,1.7229775,0.9999986343571374,1.0,False
CG14491,1.7115796e-06,0.80780846,0.9999986343571374,1.0,False
thr,1.7115796e-06,0.49828824,0.9999986343571374,1.0,False
CG34210,1.7115796e-06,0.83895797,0.9999986343571374,1.0,False
CG13856,1.7115796e-06,2.0158432,0.9999986343571374,1.0,False
lncRNA:CR44412,1.7115796e-06,0.8824689,0.9999986343571374,1.0,False
CG11425,1.7115796e-06,0.8396078,0.9999986343571374,1.0,False
CG12209,1.7115796e-06,0.8678519,0.9999986343571374,1.0,False
lncRNA:CR46077,1.7115796e-06,0.04000904,0.9999986343571374,1.0,False
CG4286,1.7115796e-06,0.03636894,0.9999986343571374,1.0,False
Prosalpha4T2,1.7115796e-06,0.7647101,0.9999986343571374,1.0,False
lncRNA:CR42858,1.7115796e-06,1.0699422,0.9999986343571374,1.0,False
CG32119,1.7115796e-06,0.49900243,0.9999986343571374,1.0,False
sip2,1.7115796e-06,1.6362038,0.9999986343571374,1.0,False
CG4983,1.7115796e-06,0.8864573,0.9999986343571374,1.0,False
CG2839,1.7115796e-06,0.02094636,0.9999986343571374,1.0,False
CG15172,1.7115796e-06,1.5245142,0.9999986343571374,1.0,False
CG10164,1.7115796e-06,1.5117728,0.9999986343571374,1.0,False
lncRNA:CR32661,1.7115796e-06,1.067599,0.9999986343571374,1.0,False
lncRNA:CR44977,1.7115796e-06,2.2416158,0.9999986343571374,1.0,False
lncRNA:CR44568,1.7115796e-06,0.12336978,0.9999986343571374,1.0,False
CG6527,1.7115796e-06,3.5843122,0.9999986343571374,1.0,False
slam,1.7115796e-06,0.3395716,0.9999986343571374,1.0,False
lncRNA:CR43904,1.7115796e-06,0.007088442,0.9999986343571374,1.0,False
CG15870,1.7115796e-06,0.17146732,0.9999986343571374,1.0,False
mir-998,1.7115796e-06,0.1775923,0.9999986343571374,1.0,False
CG34169,1.7115796e-06,1.2253412,0.9999986343571374,1.0,False
Dmel_CR44198,1.7115796e-06,2.2062104,0.9999986343571374,1.0,False
lncRNA:CR45436,1.7115796e-06,0.033635072,0.9999986343571374,1.0,False
CG31807,1.7115796e-06,0.8705818,0.9999986343571374,1.0,False
CG10750,1.7115796e-06,0.68811786,0.9999986343571374,1.0,False
CG11382,1.7115796e-06,1.3113085,0.9999986343571374,1.0,False
asRNA:CR43614,1.7115796e-06,0.32100457,0.9999986343571374,1.0,False
CG13230,1.7115796e-06,0.018474147,0.9999986343571374,1.0,False
Jon99Cii,1.7115796e-06,1.107957,0.9999986343571374,1.0,False
asRNA:CR45129,1.7115796e-06,1.8724655,0.9999986343571374,1.0,False
CG13044,1.7115796e-06,0.64353174,0.9999986343571374,1.0,False
CG13251,1.7115796e-06,0.023786087,0.9999986343571374,1.0,False
BaraB,1.7115796e-06,1.1533579,0.9999986343571374,1.0,False
Sfp24Ba,1.7115796e-06,0.47384426,0.9999986343571374,1.0,False
Cpr65Ec,1.7115796e-06,-0.026595775,0.9999986343571374,1.0,False
Sfp24Bc,1.7115796e-06,0.80334955,0.9999986343571374,1.0,False
CG7016,1.7115796e-06,0.8666105,0.9999986343571374,1.0,False
CG10064,1.7115796e-06,1.2763904,0.9999986343571374,1.0,False
pot,1.7115796e-06,0.32356283,0.9999986343571374,1.0,False
lncRNA:CR44538,1.7115796e-06,0.7711627,0.9999986343571374,1.0,False
CG15296,1.7115796e-06,1.7263699,0.9999986343571374,1.0,False
asp,1.7115796e-06,0.56906545,0.9999986343571374,1.0,False
Vago,1.7115796e-06,0.26231334,0.9999986343571374,1.0,False
dgt3,1.7115796e-06,0.7729368,0.9999986343571374,1.0,False
snoRNA:CD11c,1.7115796e-06,0.24245815,0.9999986343571374,1.0,False
CG32182,1.7115796e-06,1.3196008,0.9999986343571374,1.0,False
CG43139,1.7115796e-06,0.1975028,0.9999986343571374,1.0,False
CG13144,1.7115796e-06,1.5596402,0.9999986343571374,1.0,False
lncRNA:CR43751,1.7115796e-06,0.31208274,0.9999986343571374,1.0,False
CG14402,1.7115796e-06,1.3915849,0.9999986343571374,1.0,False
bam,1.7115796e-06,0.50234246,0.9999986343571374,1.0,False
CG14598,1.7115796e-06,0.49860123,0.9999986343571374,1.0,False
CG18641,1.7115796e-06,1.1588578,0.9999986343571374,1.0,False
LUBEL,1.7115796e-06,0.47833267,0.9999986343571374,1.0,False
CG12898,1.7115796e-06,1.2815524,0.9999986343571374,1.0,False
lncRNA:CR43263,1.7115796e-06,0.03150744,0.9999986343571374,1.0,False
CG31495,1.7115796e-06,0.066470824,0.9999986343571374,1.0,False
CG34247,1.7115796e-06,0.2867579,0.9999986343571374,1.0,False
CG12115,1.7115796e-06,0.23065287,0.9999986343571374,1.0,False
lncRNA:CR44676,1.7115796e-06,1.5223814,0.9999986343571374,1.0,False
CG7213,1.7115796e-06,0.28058583,0.9999986343571374,1.0,False
ItgaPS4,1.7115796e-06,0.92215806,0.9999986343571374,1.0,False
CG17991,1.7115796e-06,0.07267355,0.9999986343571374,1.0,False
Jhe,1.7115796e-06,0.82112247,0.9999986343571374,1.0,False
CG13711,1.7115796e-06,0.35755196,0.9999986343571374,1.0,False
CG16756,1.7115796e-06,0.16337594,0.9999986343571374,1.0,False
lncRNA:CR44209,1.7115796e-06,1.0186657,0.9999986343571374,1.0,False
CG12496,1.7115796e-06,1.6019686,0.9999986343571374,1.0,False
SmydA-2,1.7115796e-06,0.6051245,0.9999986343571374,1.0,False
mir-4964,1.7115796e-06,0.096742004,0.9999986343571374,1.0,False
asRNA:CR44995,1.7115796e-06,1.376716,0.9999986343571374,1.0,False
lncRNA:CR43881,1.7115796e-06,0.21157204,0.9999986343571374,1.0,False
Act87E,1.7115796e-06,0.5424992,0.9999986343571374,1.0,False
CG14369,1.7115796e-06,1.2061882,0.9999986343571374,1.0,False
lncRNA:CR45335,1.7115796e-06,1.4462451,0.9999986343571374,1.0,False
CG14810,1.7115796e-06,2.7637835,0.9999986343571374,1.0,False
Mayo,1.7115796e-06,0.2762596,0.9999986343571374,1.0,False
Cpr100A,1.7115796e-06,0.3741438,0.9999986343571374,1.0,False
CG5103,1.7115796e-06,0.10308038,0.9999986343571374,1.0,False
CG30485,1.7115796e-06,1.3570479,0.9999986343571374,1.0,False
lncRNA:CR45406,1.7115796e-06,0.1857753,0.9999986343571374,1.0,False
CG42366,1.7115796e-06,0.3841565,0.9999986343571374,1.0,False
CG10950,1.7115796e-06,0.369069,0.9999986343571374,1.0,False
Pepck2,1.7115796e-06,0.009961946,0.9999986343571374,1.0,False
CG17362,1.7115796e-06,0.8335636,0.9999986343571374,1.0,False
lncRNA:CR34052,1.7115796e-06,1.4352818,0.9999986343571374,1.0,False
lncRNA:CR43151,1.7115796e-06,1.1938539,0.9999986343571374,1.0,False
l(2)34Fc,1.7115796e-06,0.7419821,0.9999986343571374,1.0,False
CG3581,0.0,0.0,1.0,1.0,False
kl-2,0.0,0.0,1.0,1.0,False
kl-3,0.0,0.0,1.0,1.0,False
ase,0.0,0.0,1.0,1.0,False
lncRNA:CR44752,0.0,0.0,1.0,1.0,False
lncRNA:CR44511,0.0,0.0,1.0,1.0,False
lncRNA:CR45400,0.0,0.0,1.0,1.0,False
CG17636,0.0,0.0,1.0,1.0,False
mir-210,0.0,0.0,1.0,1.0,False
klhl10,0.0,0.0,1.0,1.0,False
snoRNA:Psi18S-996,0.0,0.0,1.0,1.0,False
UQCR-6.4L,0.0,0.0,1.0,1.0,False
CecA2,0.0,0.0,1.0,1.0,False
Cyp12a5,0.0,-0.4147833,1.0,1.0,False
Cpr35B,0.0,0.0,1.0,1.0,False
lncRNA:CR44732,0.0,0.0,1.0,1.0,False
CG4218,0.0,0.0,1.0,1.0,False
asRNA:CR46138,0.0,0.0,1.0,1.0,False
lncRNA:CR44196,0.0,0.0,1.0,1.0,False
CG43230,0.0,0.0,1.0,1.0,False
CG31050,0.0,0.0,1.0,1.0,False
Sid,0.0,0.0,1.0,1.0,False
CG31454,0.0,0.0,1.0,1.0,False
CG17207,0.0,0.0,1.0,1.0,False
GstD7,0.0,0.0,1.0,1.0,False
CG11044,0.0,0.0,1.0,1.0,False
CG32241,0.0,0.0,1.0,1.0,False
dokb,0.0,0.0,1.0,1.0,False
lncRNA:CR45269,0.0,0.0,1.0,1.0,False
CG43190,0.0,0.0,1.0,1.0,False
CCDC151,0.0,0.0,1.0,1.0,False
CG11588,0.0,0.0,1.0,1.0,False
NijB,0.0,0.0,1.0,1.0,False
COX6AL2,0.0,0.0,1.0,1.0,False
lncRNA:CR45362,0.0,0.0,1.0,1.0,False
lncRNA:CR44217,0.0,-0.034771927,1.0,1.0,False
CG13131,0.0,0.0,1.0,1.0,False
Ugt305A1,0.0,0.0,1.0,1.0,False
CG30393,0.0,0.0,1.0,1.0,False
Fign,0.0,0.0,1.0,1.0,False
CG8838,0.0,0.0,1.0,1.0,False
Ugt37A3,0.0,0.0,1.0,1.0,False
d-cup,0.0,0.0,1.0,1.0,False
CG14384,0.0,0.0,1.0,1.0,False
lncRNA:CR45410,0.0,0.0,1.0,1.0,False
Cfap299,0.0,0.0,1.0,1.0,False
CG17666,0.0,0.0,1.0,1.0,False
CG10943,0.0,0.0,1.0,1.0,False
CG6893,0.0,0.0,1.0,1.0,False
Dic4,0.0,0.0,1.0,1.0,False
CG12477,0.0,0.0,1.0,1.0,False
CG14238,0.0,0.0,1.0,1.0,False
TwdlD,0.0,0.0,1.0,1.0,False
Cyp312a1,0.0,0.0,1.0,1.0,False
lncRNA:CR45937,0.0,0.0,1.0,1.0,False
CG7402,0.0,0.0,1.0,1.0,False
lncRNA:CR45435,0.0,0.0,1.0,1.0,False
asRNA:CR44386,0.0,0.0,1.0,1.0,False
Cpr30F,0.0,0.0,1.0,1.0,False
lncRNA:CR45949,0.0,0.0,1.0,1.0,False
CG13196,0.0,0.0,1.0,1.0,False
lncRNA:CR44772,0.0,0.0,1.0,1.0,False
lncRNA:CR43821,0.0,0.0,1.0,1.0,False
CG15213,0.0,0.0,1.0,1.0,False
CG15876,0.0,0.0,1.0,1.0,False
lncRNA:CR32027,0.0,0.0,1.0,1.0,False
lncRNA:CR46062,0.0,0.0,1.0,1.0,False
E(spl)mdelta-HLH,0.0,0.0,1.0,1.0,False
CG45080,0.0,0.0,1.0,1.0,False
Lip3,0.0,0.0,1.0,1.0,False
Ugt303A1,0.0,0.0,1.0,1.0,False
lncRNA:CR45578,0.0,0.0,1.0,1.0,False
Nepl12,0.0,0.0,1.0,1.0,False
Prosalpha3T,0.0,0.0,1.0,1.0,False
asRNA:CR44896,0.0,0.0,1.0,1.0,False
scaRNA:PsiU1-6,0.0,0.0,1.0,1.0,False
CG43449,0.0,0.0,1.0,1.0,False
lncRNA:CR43766,0.0,0.0,1.0,1.0,False
CG43400,0.0,0.0,1.0,1.0,False
CG13028,0.0,0.0,1.0,1.0,False
GstD6,0.0,0.0,1.0,1.0,False
CG43450,0.0,0.0,1.0,1.0,False
Adk1,0.0,0.0,1.0,1.0,False
CG33704,0.0,0.0,1.0,1.0,False
PH4alphaSG2,0.0,0.0,1.0,1.0,False
CG2854,0.0,0.0,1.0,1.0,False
CG18814,0.0,0.0,1.0,1.0,False
scaRNA:PsiU5-44,0.0,0.0,1.0,1.0,False
snoRNA:CD61,0.0,0.0,1.0,1.0,False
lncRNA:CR46241,0.0,0.0,1.0,1.0,False
lncRNA:CR45658,0.0,0.0,1.0,1.0,False
CG13460,0.0,0.0,1.0,1.0,False
CG18747,0.0,0.0,1.0,1.0,False
S-Lap7,0.0,0.0,1.0,1.0,False
lncRNA:CR45655,0.0,0.0,1.0,1.0,False
asRNA:CR46048,0.0,0.0,1.0,1.0,False
lncRNA:CR45732,0.0,0.0,1.0,1.0,False
Obp56i,0.0,0.0,1.0,1.0,False
lncRNA:CR44573,0.0,0.0,1.0,1.0,False
lncRNA:CR44039,0.0,0.0,1.0,1.0,False
CG34292,0.0,0.0,1.0,1.0,False
Acsf3,0.0,0.0,1.0,1.0,False
CheA7a,0.0,0.0,1.0,1.0,False
CG10920,0.0,0.0,1.0,1.0,False
lncRNA:CR44528,0.0,0.0,1.0,1.0,False
CG18808,0.0,0.0,1.0,1.0,False
CG33722,0.0,0.0,1.0,1.0,False
lncRNA:CR44150,0.0,0.0,1.0,1.0,False
Cyp4e3,0.0,0.0,1.0,1.0,False
alpha-Est6,0.0,0.0,1.0,1.0,False
alpha-Est4,0.0,0.0,1.0,1.0,False
CG4995,0.0,0.0,1.0,1.0,False
CG33647,0.0,0.0,1.0,1.0,False
lncRNA:CR46216,0.0,0.0,1.0,1.0,False
CG14829,0.0,0.0,1.0,1.0,False
CG31091,0.0,0.0,1.0,1.0,False
lncRNA:CR43632,0.0,0.0,1.0,1.0,False
CG9452,0.0,0.0,1.0,1.0,False
CG31496,0.0,0.0,1.0,1.0,False
Mst84Dd,0.0,0.0,1.0,1.0,False
Mst84Db,0.0,0.0,1.0,1.0,False
cuff,0.0,0.0,1.0,1.0,False
reb,0.0,0.0,1.0,1.0,False
CG9961,0.0,0.0,1.0,1.0,False
mei-P22,0.0,0.0,1.0,1.0,False
CG30430,0.0,0.0,1.0,1.0,False
lncRNA:CR43417,0.0,0.0,1.0,1.0,False
lncRNA:CR43642,0.0,0.0,1.0,1.0,False
lncRNA:CR44112,0.0,0.0,1.0,1.0,False
Mcm10,0.0,0.0,1.0,1.0,False
CG31624,0.0,0.0,1.0,1.0,False
lncRNA:CR45652,0.0,0.0,1.0,1.0,False
CG5024,0.0,0.0,1.0,1.0,False
alpha4GT2,0.0,0.0,1.0,1.0,False
lncRNA:CR45654,0.0,0.0,1.0,1.0,False
CG12310,0.0,0.0,1.0,1.0,False
asRNA:CR45869,0.0,0.0,1.0,1.0,False
asRNA:CR43916,0.0,0.0,1.0,1.0,False
snoRNA:Psi28S-3378,0.0,0.0,1.0,1.0,False
snoRNA:Psi18S-841b,0.0,0.0,1.0,1.0,False
Gr23a,0.0,0.0,1.0,1.0,False
asRNA:CR46101,0.0,0.0,1.0,1.0,False
snoRNA:Psi28S-2622,0.0,0.0,1.0,1.0,False
lncRNA:CR44948,0.0,0.0,1.0,1.0,False
CG5111,0.0,0.0,1.0,1.0,False
Mst84Da,0.0,0.0,1.0,1.0,False
CG42656,0.0,0.0,1.0,1.0,False
CG31948,0.0,0.0,1.0,1.0,False
Ubc87F,0.0,0.0,1.0,1.0,False
lncRNA:CR45590,0.0,0.0,1.0,1.0,False
CG14693,0.0,0.0,1.0,1.0,False
tomboy20,0.0,0.0,1.0,1.0,False
Dmel_CR43610,0.0,0.0,1.0,1.0,False
CG17376,0.0,0.0,1.0,1.0,False
CG17377,0.0,0.0,1.0,1.0,False
dls,0.0,0.0,1.0,1.0,False
bez,0.0,-0.09503702,1.0,1.0,False
CG31106,0.0,0.0,1.0,1.0,False
Jhbp7,0.0,0.0,1.0,1.0,False
CG7335,0.0,0.0,1.0,1.0,False
sisRNA:CR46363,0.0,0.0,1.0,1.0,False
CG9920,0.0,0.0,1.0,1.0,False
lncRNA:CR43754,0.0,0.0,1.0,1.0,False
CG17237,0.0,0.0,1.0,1.0,False
robl22E,0.0,0.0,1.0,1.0,False
CG31949,0.0,0.0,1.0,1.0,False
CG34045,0.0,0.0,1.0,1.0,False
CG10764,0.0,0.0,1.0,1.0,False
Cpr65Eb,0.0,0.0,1.0,1.0,False
CG15249,0.0,0.0,1.0,1.0,False
CG17732,0.0,0.0,1.0,1.0,False
CG18649,0.0,0.0,1.0,1.0,False
snoRNA:Psi28S-2949,0.0,0.0,1.0,1.0,False
asRNA:CR44169,0.0,0.0,1.0,1.0,False
Pif1,0.0,-0.1515077,1.0,1.0,False
CG42815,0.0,0.0,1.0,1.0,False
Jon74E,0.0,0.0,1.0,1.0,False
CG6059,0.0,0.0,1.0,1.0,False
CG13577,0.0,0.0,1.0,1.0,False
CG45413,0.0,0.0,1.0,1.0,False
snoRNA:Psi18S-525i,0.0,0.0,1.0,1.0,False
lncRNA:CR43234,0.0,0.0,1.0,1.0,False
dj,0.0,0.0,1.0,1.0,False
djl,0.0,0.0,1.0,1.0,False
Mst84B,0.0,0.0,1.0,1.0,False
CG43089,0.0,0.0,1.0,1.0,False
thw,0.0,0.0,1.0,1.0,False
Spn38F,0.0,0.0,1.0,1.0,False
CG12645,0.0,0.0,1.0,1.0,False
CG18675,0.0,0.0,1.0,1.0,False
Cpr64Aa,0.0,0.0,1.0,1.0,False
CG7742,0.0,0.0,1.0,1.0,False
betaTry,0.0,0.0,1.0,1.0,False
Est-P,0.0,0.0,1.0,1.0,False
asRNA:CR43868,0.0,0.0,1.0,1.0,False
CG33703,0.0,0.0,1.0,1.0,False
CG15306,0.0,0.0,1.0,1.0,False
CG13313,0.0,0.0,1.0,1.0,False
CG15468,0.0,0.0,1.0,1.0,False
Dmel_CR34659,0.0,0.0,1.0,1.0,False
CG7567,0.0,0.0,1.0,1.0,False
CG42749,0.0,-0.0615417,1.0,1.0,False
CG15930,0.0,0.0,1.0,1.0,False
CG13029,0.0,0.0,1.0,1.0,False
CG9447,0.0,0.0,1.0,1.0,False
CG31872,0.0,0.0,1.0,1.0,False
CG31493,0.0,0.0,1.0,1.0,False
CG14610,0.0,0.0,1.0,1.0,False
CG43106,0.0,0.0,1.0,1.0,False
Spn28Db,0.0,0.0,1.0,1.0,False
CG15020,0.0,0.0,1.0,1.0,False
CG13428,0.0,0.0,1.0,1.0,False
CG5089,0.0,0.0,1.0,1.0,False
lncRNA:CR44931,0.0,0.0,1.0,1.0,False
cad,0.0,0.0,1.0,1.0,False
CG30033,0.0,0.0,1.0,1.0,False
snoRNA:Irbp-a,0.0,0.0,1.0,1.0,False
lncRNA:CR44665,0.0,0.0,1.0,1.0,False
CG13991,0.0,0.0,1.0,1.0,False
Mur29B,0.0,0.0,1.0,1.0,False
Ir85a,0.0,0.0,1.0,1.0,False
snoRNA:Psi28S-3316e,0.0,0.0,1.0,1.0,False
lncRNA:CR33938,0.0,0.0,1.0,1.0,False
snoRNA:Psi18S-1389b,0.0,0.0,1.0,1.0,False
cGlr1,0.0,0.05537902,1.0,1.0,False
Cyp4aa1,0.0,0.0,1.0,1.0,False
lncRNA:CR45319,0.0,0.0,1.0,1.0,False
asRNA:CR45908,0.0,0.0,1.0,1.0,False
CG18302,0.0,0.0,1.0,1.0,False
asRNA:CR44267,0.0,0.0,1.0,1.0,False
lncRNA:CR45617,0.0,0.0,1.0,1.0,False
lncRNA:CR44524,0.0,0.0,1.0,1.0,False
CG43829,0.0,0.0,1.0,1.0,False
Rab9E,0.0,0.0,1.0,1.0,False
Bro,0.0,0.0,1.0,1.0,False
CG34161,0.0,0.0,1.0,1.0,False
CG7329,0.0,0.0,1.0,1.0,False
Obp56e,0.0,0.0,1.0,1.0,False
Ugt37B1,0.0,0.0,1.0,1.0,False
cn,0.0,0.0,1.0,1.0,False
lncRNA:CR43097,0.0,0.0,1.0,1.0,False
snoRNA:CD38b,0.0,0.0,1.0,1.0,False
glob2,0.0,0.0,1.0,1.0,False
sowi,0.0,0.0,1.0,1.0,False
Gr22a,0.0,0.0,1.0,1.0,False
c-cup,0.0,0.0,1.0,1.0,False
CG7295,0.0,0.0,1.0,1.0,False
CG17570,0.0,-0.22569019,1.0,1.0,False
CG11106,0.0,0.0,1.0,1.0,False
lncRNA:CR44581,0.0,0.0,1.0,1.0,False
CG17134,0.0,0.0,1.0,1.0,False
CG14355,0.0,0.0,1.0,1.0,False
CG31327,0.0,0.0,1.0,1.0,False
CG42866,0.0,0.0,1.0,1.0,False
asRNA:CR45701,0.0,0.0,1.0,1.0,False
lncRNA:CR43620,0.0,0.0,1.0,1.0,False
lncRNA:CR43455,0.0,0.0,1.0,1.0,False
CG31128,0.0,0.4115161,1.0,1.0,False
snRNA:U4:38AB,0.0,0.0,1.0,1.0,False
slbo,0.0,0.0,1.0,1.0,False
cocoon,0.0,0.0,1.0,1.0,False
lncRNA:CR45833,0.0,0.0,1.0,1.0,False
asRNA:CR45272,0.0,0.0,1.0,1.0,False
Spn53F,0.0,0.0,1.0,1.0,False
CG43085,0.0,-0.10718263,1.0,1.0,False
Adgf-A2,0.0,0.0,1.0,1.0,False
lncRNA:CR45372,0.0,0.0,1.0,1.0,False
lncRNA:CR43928,0.0,0.0,1.0,1.0,False
CG43277,0.0,0.0,1.0,1.0,False
lncRNA:CR45005,0.0,0.0,1.0,1.0,False
CG43920,0.0,0.0,1.0,1.0,False
CG44403,0.0,0.0,1.0,1.0,False
snoRNA:Or-aca4,0.0,0.0,1.0,1.0,False
CG31798,0.0,0.0,1.0,1.0,False
CG5762,0.0,0.0,1.0,1.0,False
CG33340,0.0,0.0,1.0,1.0,False
lncRNA:CR44805,0.0,0.0,1.0,1.0,False
CG42812,0.0,0.0,1.0,1.0,False
scaRNA:MeU2-G25,0.0,0.0,1.0,1.0,False
CG12896,0.0,-0.13467674,1.0,1.0,False
CG10752,0.0,0.0,1.0,1.0,False
CG43402,0.0,0.0,1.0,1.0,False
CG18131,0.0,0.0,1.0,1.0,False
lncRNA:CR45695,0.0,0.0,1.0,1.0,False
CG14854,0.0,0.0,1.0,1.0,False
lncRNA:CR44494,0.0,-0.49393106,1.0,1.0,False
piwi,0.0,0.053304315,1.0,1.0,False
asRNA:CR45778,0.0,0.0,1.0,1.0,False
CG31867,0.0,0.0,1.0,1.0,False
CG13332,0.0,-0.07739769,1.0,1.0,False
Srg2,0.0,0.0,1.0,1.0,False
lncRNA:CR45403,0.0,0.0,1.0,1.0,False
CG8519,0.0,0.1728077,1.0,1.0,False
lncRNA:CR45417,0.0,0.0,1.0,1.0,False
lncRNA:CR45115,0.0,0.0,1.0,1.0,False
CG30222,0.0,0.0,1.0,1.0,False
CG33225,0.0,0.0,1.0,1.0,False
sunn,0.0,0.0,1.0,1.0,False
CG32087,0.0,0.0,1.0,1.0,False
CG42329,0.0,0.0,1.0,1.0,False
a5,0.0,0.0,1.0,1.0,False
CG46059,0.0,0.0,1.0,1.0,False
Sfp77F,0.0,0.0,1.0,1.0,False
Osi19,0.0,0.0,1.0,1.0,False
Osi21,0.0,0.0,1.0,1.0,False
eIF4E7,0.0,0.0,1.0,1.0,False
CG14627,0.0,0.0,1.0,1.0,False
Cyp4ad1,0.0,0.0,1.0,1.0,False
Mal-A2,0.0,0.0,1.0,1.0,False
CG6739,0.0,0.0,1.0,1.0,False
asRNA:CR44990,0.0,0.0,1.0,1.0,False
CG13793,0.0,0.0,1.0,1.0,False
asRNA:CR46074,0.0,0.0,1.0,1.0,False
Acp1,0.0,0.0,1.0,1.0,False
CG7214,0.0,0.0,1.0,1.0,False
CG7179,0.0,0.0,1.0,1.0,False
lncRNA:CR43681,0.0,0.0,1.0,1.0,False
ppk7,0.0,0.0,1.0,1.0,False
Obp56g,0.0,0.0,1.0,1.0,False
lncRNA:CR46228,0.0,0.0,1.0,1.0,False
Cpr30B,0.0,0.0,1.0,1.0,False
CG8492,0.0,0.0,1.0,1.0,False
sro,0.0,0.11084858,1.0,1.0,False
Vha16-4,0.0,0.0,1.0,1.0,False
CG15375,0.0,0.0,1.0,1.0,False
alpha-Man-Ic,0.0,0.0,1.0,1.0,False
Tsp42Ec,0.0,0.0,1.0,1.0,False
Prtl99C,0.0,0.0,1.0,1.0,False
polyph,0.0,0.0,1.0,1.0,False
Obp47a,0.0,0.0,1.0,1.0,False
Cs2,0.0,0.0,1.0,1.0,False
Cyp4ac2,0.0,0.097609654,1.0,1.0,False
CG42688,0.0,0.0,1.0,1.0,False
CG14931,0.0,0.0,1.0,1.0,False
CG14860,0.0,0.0,1.0,1.0,False
CG15597,0.0,0.0,1.0,1.0,False
Osi13,0.0,0.0,1.0,1.0,False
Osi18,0.0,0.0,1.0,1.0,False
CG17350,0.0,0.0,1.0,1.0,False
CG13607,0.0,0.0,1.0,1.0,False
CG15515,0.0,0.0,1.0,1.0,False
lncRNA:CR45571,0.0,0.0,1.0,1.0,False
Grl43a,0.0,0.0,1.0,1.0,False
CG13046,0.0,-0.18935208,1.0,1.0,False
CG13059,0.0,0.0,1.0,1.0,False
CG14053,0.0,0.0,1.0,1.0,False
asRNA:CR43637,0.0,0.0,1.0,1.0,False
CG13983,0.0,0.0,1.0,1.0,False
CG43922,0.0,0.0,1.0,1.0,False
snoRNA:CD58a,0.0,0.0,1.0,1.0,False
lncRNA:CR44313,0.0,0.0,1.0,1.0,False
lncRNA:CR44614,0.0,0.0,1.0,1.0,False
CG15880,0.0,0.0,1.0,1.0,False
CG12307,0.0,0.0,1.0,1.0,False
CG31141,0.0,0.0,1.0,1.0,False
Ir67c,0.0,0.0,1.0,1.0,False
S-Lap3,0.0,0.0,1.0,1.0,False
Cpr62Ba,0.0,0.0,1.0,1.0,False
Alp1,0.0,0.0,1.0,1.0,False
snoRNA:CD3a,0.0,0.0,1.0,1.0,False
CG32651,0.0,0.0,1.0,1.0,False
Cpr11A,0.0,0.0,1.0,1.0,False
RpS19b,0.0,0.0,1.0,1.0,False
CG12268,0.0,0.0,1.0,1.0,False
Vha100-5,0.0,0.0,1.0,1.0,False
lncRNA:CR46087,0.0,-1.0890772,1.0,1.0,False
CG42288,0.0,0.0,1.0,1.0,False
DptB,0.0,0.0,1.0,1.0,False
CG43109,0.0,0.0,1.0,1.0,False
Sfp33A3,0.0,0.0,1.0,1.0,False
CtsL3,0.0,0.0,1.0,1.0,False
lncRNA:CR46221,0.0,0.0,1.0,1.0,False
asRNA:CR45270,0.0,0.0,1.0,1.0,False
CG31468,0.0,0.0,1.0,1.0,False
Sfp65A,0.0,0.0,1.0,1.0,False
CG12971,0.0,0.0,1.0,1.0,False
sa,0.0,0.0,1.0,1.0,False
Fer3HCH,0.0,0.0,1.0,1.0,False
CG31559,0.0,0.0,1.0,1.0,False
Osi1,0.0,0.0,1.0,1.0,False
CG13285,0.0,0.0,1.0,1.0,False
AQP,0.0,0.0,1.0,1.0,False
Cpr12A,0.0,0.0,1.0,1.0,False
CG32633,0.0,0.0,1.0,1.0,False
lncRNA:CR44350,0.0,0.0,1.0,1.0,False
CG4704,0.0,0.0,1.0,1.0,False
CG7848,0.0,0.0,1.0,1.0,False
CG13476,0.0,0.0,1.0,1.0,False
lncRNA:CR43912,0.0,0.0,1.0,1.0,False
CG17717,0.0,0.0,1.0,1.0,False
CG31709,0.0,0.0,1.0,1.0,False
pal,0.0,0.0,1.0,1.0,False
CG33299,0.0,0.0,1.0,1.0,False
CG9626,0.0,0.0,1.0,1.0,False
CG42464,0.0,0.0,1.0,1.0,False
Sfp24C1,0.0,0.0,1.0,1.0,False
CG7856,0.0,0.0,1.0,1.0,False
CG34217,0.0,0.0,1.0,1.0,False
lncRNA:CR44446,0.0,0.0,1.0,1.0,False
CG30369,0.0,0.0,1.0,1.0,False
snoRNA:CD68,0.0,0.0,1.0,1.0,False
CG18823,0.0,0.0,1.0,1.0,False
Ir100a,0.0,0.0,1.0,1.0,False
CG14628,0.0,0.0,1.0,1.0,False
CG5235,0.0,0.0,1.0,1.0,False
glob3,0.0,0.0,1.0,1.0,False
asRNA:CR46081,0.0,0.0,1.0,1.0,False
lncRNA:CR43717,0.0,0.0,1.0,1.0,False
Drsl6,0.0,0.0,1.0,1.0,False
CG14115,0.0,0.0,1.0,1.0,False
CG11251,0.0,0.0,1.0,1.0,False
CG33262,0.0,0.0,1.0,1.0,False
seq,0.0,0.0,1.0,1.0,False
CG42841,0.0,0.0,1.0,1.0,False
CG42355,0.0,0.0,1.0,1.0,False
lncRNA:CR45762,0.0,0.0,1.0,1.0,False
lncRNA:CR44925,0.0,0.0,1.0,1.0,False
rho-6,0.0,0.0,1.0,1.0,False
CG16964,0.0,0.0,1.0,1.0,False
CG33758,0.0,0.0,1.0,1.0,False
mir-4953,0.0,0.0,1.0,1.0,False
yl,0.0,0.0,1.0,1.0,False
Ntf-2r,0.0,0.0,1.0,1.0,False
CG10211,0.0,0.0,1.0,1.0,False
CG32445,0.0,0.0,1.0,1.0,False
lncRNA:CR45956,0.0,0.0,1.0,1.0,False
asRNA:CR46070,0.0,0.0,1.0,1.0,False
Mst27D,0.0,0.0,1.0,1.0,False
Cyp316a1,0.0,0.0,1.0,1.0,False
CG14835,0.0,0.0,1.0,1.0,False
Mst98Ca,0.0,0.0,1.0,1.0,False
Mst98Cb,0.0,0.0,1.0,1.0,False
UQCR-14L,0.0,0.0,1.0,1.0,False
lncRNA:CR45959,0.0,0.0,1.0,1.0,False
CG13842,0.0,0.0,1.0,1.0,False
asRNA:CR44062,0.0,0.0,1.0,1.0,False
bond,0.0,0.1741983,1.0,1.0,False
CG9030,0.0,0.0,1.0,1.0,False
tHMG2,0.0,0.0,1.0,1.0,False
lncRNA:CR45647,0.0,0.0,1.0,1.0,False
elfless,0.0,0.0,1.0,1.0,False
CG14566,0.0,0.0,1.0,1.0,False
mud,0.0,0.0,1.0,1.0,False
betaNACtes2,0.0,0.0,1.0,1.0,False
CG17625,0.0,0.0,1.0,1.0,False
CG9101,0.0,0.0,1.0,1.0,False
CG13170,0.0,0.0,1.0,1.0,False
lncRNA:CR9284,0.0,0.0,1.0,1.0,False
CG4377,0.0,0.0,1.0,1.0,False
CG3088,0.0,0.0,1.0,1.0,False
CG8303,0.0,0.0,1.0,1.0,False
lncRNA:CR44302,0.0,0.0,1.0,1.0,False
lncRNA:CR45824,0.0,0.0,1.0,1.0,False
Gr64a,0.0,0.0,1.0,1.0,False
CG14391,0.0,0.0,1.0,1.0,False
lncRNA:CR44076,0.0,0.0,1.0,1.0,False
lncRNA:CR45450,0.0,0.0,1.0,1.0,False
Mco1,0.0,0.0,1.0,1.0,False
CG3769,0.0,0.0,1.0,1.0,False
COX7AL,0.0,0.0,1.0,1.0,False
CG7730,0.0,0.0,1.0,1.0,False
asRNA:CR45807,0.0,0.05379314,1.0,1.0,False
ocn,0.0,0.0,1.0,1.0,False
CG33140,0.0,0.0,1.0,1.0,False
CG12164,0.0,0.0,1.0,1.0,False
CG3650,0.0,0.0,1.0,1.0,False
asRNA:CR43466,0.0,0.06726142,1.0,1.0,False
Ir21a,0.0,0.0,1.0,1.0,False
CG5614,0.0,0.0,1.0,1.0,False
lncRNA:CR45211,0.0,0.0,1.0,1.0,False
CG4576,0.0,0.0,1.0,1.0,False
CG31296,0.0,0.0,1.0,1.0,False
AOX2,0.0,0.0,1.0,1.0,False
CG31446,0.0,0.0,1.0,1.0,False
CG4520,0.0,0.0,1.0,1.0,False
asRNA:CR43413,0.0,0.0,1.0,1.0,False
lncRNA:CR44695,0.0,0.0,1.0,1.0,False
lncRNA:CR46257,0.0,0.0,1.0,1.0,False
CG17929,0.0,0.0,1.0,1.0,False
CG17930,0.0,0.0,1.0,1.0,False
Sb,0.0,0.0,1.0,1.0,False
lncRNA:CR45638,0.0,0.0,1.0,1.0,False
CG15484,0.0,0.45264602,1.0,1.0,False
CG31740,0.0,0.0,1.0,1.0,False
CG9632,0.0,0.0,1.0,1.0,False
Cht7,0.0,0.0,1.0,1.0,False
sad,0.0,0.0,1.0,1.0,False
CG14017,0.0,0.0,1.0,1.0,False
CG14720,0.0,0.0,1.0,1.0,False
CG31913,0.0,0.0,1.0,1.0,False
CG13449,0.0,0.0,1.0,1.0,False
asRNA:CR44201,0.0,0.0,1.0,1.0,False
CG13021,0.0,0.0,1.0,1.0,False
CG15599,0.0,0.0,1.0,1.0,False
CG33768,0.0,0.0,1.0,1.0,False
BG642312,0.0,0.0,1.0,1.0,False
CG42714,0.0,0.0,1.0,1.0,False
CG34205,0.0,0.0,1.0,1.0,False
CG33268,0.0,0.0,1.0,1.0,False
CG30047,0.0,0.0,1.0,1.0,False
lncRNA:CR44712,0.0,0.0,1.0,1.0,False
CG15483,0.0,0.0,1.0,1.0,False
lncRNA:TS9,0.0,0.0,1.0,1.0,False
lncRNA:CR44971,0.0,0.0,1.0,1.0,False
CG5391,0.0,0.0,1.0,1.0,False
CG3085,0.0,0.0,1.0,1.0,False
CG43207,0.0,0.0,1.0,1.0,False
CG3124,0.0,0.0,1.0,1.0,False
lncRNA:CR44560,0.0,0.0,1.0,1.0,False
lncRNA:CR44058,0.0,0.0,1.0,1.0,False
lncRNA:CR45295,0.0,0.0,1.0,1.0,False
CG14515,0.0,0.0,1.0,1.0,False
CG42449,0.0,0.0,1.0,1.0,False
lncRNA:CR44298,0.0,0.0,1.0,1.0,False
CG12920,0.0,0.0,1.0,1.0,False
CG12917,0.0,0.0,1.0,1.0,False
CG10910,0.0,0.0,1.0,1.0,False
CG10912,0.0,0.0,1.0,1.0,False
CG43672,0.0,0.0,1.0,1.0,False
CG34034,0.0,0.0,1.0,1.0,False
CG13321,0.0,0.0,1.0,1.0,False
CG13282,0.0,0.0,1.0,1.0,False
CG13676,0.0,0.0,1.0,1.0,False
CG31178,0.0,0.0,1.0,1.0,False
Alp11,0.0,0.0,1.0,1.0,False
lncRNA:CR44032,0.0,0.0,1.0,1.0,False
snoRNA:Psi28S-3091b,0.0,0.0,1.0,1.0,False
Decay,0.0,0.0,1.0,1.0,False
CG14891,0.0,0.0,1.0,1.0,False
CG1801,0.0,0.0,1.0,1.0,False
js,0.0,0.0,1.0,1.0,False
CG10317,0.0,0.0,1.0,1.0,False
CG33263,0.0,0.0,1.0,1.0,False
CG6497,0.0,0.0,1.0,1.0,False
lncRNA:CR43905,0.0,0.0,1.0,1.0,False
Btnd,0.0,0.01875299,1.0,1.0,False
CG30432,0.0,0.0,1.0,1.0,False
TTLL4B,0.0,0.0,1.0,1.0,False
CG15422,0.0,0.0,1.0,1.0,False
CG2955,0.0,0.0,1.0,1.0,False
Or24a,0.0,0.0,1.0,1.0,False
Fancl,0.0,0.0,1.0,1.0,False
Cpr65Au,0.0,0.0,1.0,1.0,False
alphaKap4,0.0,0.0,1.0,1.0,False
PPO3,0.0,0.0,1.0,1.0,False
snoRNA:CD13,0.0,0.0,1.0,1.0,False
dmrt93B,0.0,-0.14059246,1.0,1.0,False
eIF4E5,0.0,0.0,1.0,1.0,False
Or49b,0.0,0.0,1.0,1.0,False
CG10591,0.0,0.0,1.0,1.0,False
asRNA:CR45330,0.0,0.0,1.0,1.0,False
lncRNA:CR44710,0.0,-0.9363045,1.0,1.0,False
CG15450,0.0,0.0,1.0,1.0,False
lncRNA:CR43193,0.0,0.0,1.0,1.0,False
snoRNA:CD56a,0.0,0.0,1.0,1.0,False
snoRNA:Psi28S-3385a,0.0,0.0,1.0,1.0,False
CG31805,0.0,0.0,1.0,1.0,False
CG13359,0.0,0.0,1.0,1.0,False
CG13884,0.0,0.0,1.0,1.0,False
CG34185,0.0,0.0,1.0,1.0,False
CG10104,0.0,0.0,1.0,1.0,False
Mia40,0.0,0.0,1.0,1.0,False
Mal-A4,0.0,0.0,1.0,1.0,False
CG8349,0.0,0.0,1.0,1.0,False
CG14000,0.0,0.05136804,1.0,1.0,False
CG14718,0.0,0.0,1.0,1.0,False
Vm26Ac,0.0,0.0,1.0,1.0,False
asRNA:CR45056,0.0,-0.017591821,1.0,1.0,False
asRNA:CR45830,0.0,0.0,1.0,1.0,False
lncRNA:CR46113,0.0,0.10041742,1.0,1.0,False
CG15531,0.0,0.0,1.0,1.0,False
CG34189,0.0,0.0,1.0,1.0,False
mthl6,0.0,0.0,1.0,1.0,False
ich,0.0,0.0,1.0,1.0,False
CheA29a,0.0,0.0,1.0,1.0,False
lncRNA:CR44080,0.0,0.0,1.0,1.0,False
CG42570,0.0,0.0,1.0,1.0,False
Z600,0.0,0.0,1.0,1.0,False
asRNA:CR44108,0.0,0.0,1.0,1.0,False
asRNA:CR43469,0.0,0.0,1.0,1.0,False
lncRNA:CR46336,0.0,0.0,1.0,1.0,False
lncRNA:CR45119,0.0,0.0,1.0,1.0,False
CG15878,0.0,0.0,1.0,1.0,False
snoRNA:Psi18S-1347b,0.0,0.0,1.0,1.0,False
CG14499,0.0,0.0,1.0,1.0,False
CG14500,0.0,0.0,1.0,1.0,False
lncRNA:CR45475,0.0,0.0,1.0,1.0,False
CG13362,0.0,0.0,1.0,1.0,False
mir-954,0.0,0.0,1.0,1.0,False
CG13010,0.0,0.0,1.0,1.0,False
CG4440,0.0,0.0,1.0,1.0,False
lncRNA:CR43942,0.0,0.0,1.0,1.0,False
lncRNA:CR44994,0.0,0.0,1.0,1.0,False
asRNA:CR44600,0.0,0.0,1.0,1.0,False
kkv,0.0,0.0,1.0,1.0,False
asRNA:CR45466,0.0,0.0,1.0,1.0,False
CG8907,0.0,0.0,1.0,1.0,False
AgmNAT,0.0,0.0,1.0,1.0,False
CG12729,0.0,0.0,1.0,1.0,False
Tex9,0.0,0.0,1.0,1.0,False
CG43638,0.0,0.0,1.0,1.0,False
CG17154,0.0,0.0,1.0,1.0,False
CG34241,0.0,0.0,1.0,1.0,False
asRNA:CR45892,0.0,0.0,1.0,1.0,False
snoRNA:Psi28S-1180,0.0,0.0,1.0,1.0,False
Jon65Aiv,0.0,0.3305299,1.0,1.0,False
fj,0.0,0.0,1.0,1.0,False
CG18539,0.0,0.0,1.0,1.0,False
Alp13,0.0,0.0,1.0,1.0,False
lncRNA:CR46205,0.0,0.0,1.0,1.0,False
Gr28a,0.0,0.0,1.0,1.0,False
eloF,0.0,0.0,1.0,1.0,False
CG9459,0.0,0.0,1.0,1.0,False
CG34199,0.0,0.0,1.0,1.0,False
mt:tRNA:Ser-GCT,0.0,0.0,1.0,1.0,False
CG34207,0.0,0.0,1.0,1.0,False
snRNA:U5:63BC,0.0,0.0,1.0,1.0,False
cysu,0.0,0.0,1.0,1.0,False
CG15458,0.0,0.0,1.0,1.0,False
snoRNA:Psi18S-1295,0.0,0.0,1.0,1.0,False
sisRNA:2,0.0,0.0,1.0,1.0,False
lncRNA:CR43415,0.0,0.0,1.0,1.0,False
lncRNA:CR42836,0.0,0.0,1.0,1.0,False
Mzt1,0.0,0.0,1.0,1.0,False
CycB,0.0,0.0,1.0,1.0,False
snoRNA:Psi28S-1192c,0.0,0.0,1.0,1.0,False
CG16853,0.0,0.0,1.0,1.0,False
Edg91,0.0,0.0,1.0,1.0,False
CG14327,0.0,0.0,1.0,1.0,False
Sdic2,0.0,0.0,1.0,1.0,False
CG7573,0.0,0.0,1.0,1.0,False
CG11291,0.0,0.0,1.0,1.0,False
CG5819,0.0,0.0,1.0,1.0,False
CG33644,0.0,0.0,1.0,1.0,False
CG11131,0.0,-0.31428844,1.0,1.0,False
Or92a,0.0,0.0,1.0,1.0,False
lncRNA:CR46123,0.0,0.0,1.0,1.0,False
wor,0.0,0.0,1.0,1.0,False
Tim17b2,0.0,0.0,1.0,1.0,False
CG15256,0.0,0.0,1.0,1.0,False
CG14313,0.0,-0.061923064,1.0,1.0,False
lncRNA:CR44889,0.0,0.0,1.0,1.0,False
SkpC,0.0,0.0,1.0,1.0,False
Atg8b,0.0,0.0,1.0,1.0,False
karr,0.0,0.0,1.0,1.0,False
CG34168,0.0,0.0,1.0,1.0,False
wuc,0.0,0.0,1.0,1.0,False
CG32074,0.0,0.0,1.0,1.0,False
CG12374,0.0,0.0,1.0,1.0,False
lncRNA:CR45266,0.0,-0.13823885,1.0,1.0,False
Dmel_CR46042,0.0,0.0,1.0,1.0,False
CG30375,0.0,0.0,1.0,1.0,False
Npc2d,0.0,0.0,1.0,1.0,False
CG18493,0.0,0.0,1.0,1.0,False
Scsalpha2,0.0,0.0,1.0,1.0,False
CG15025,0.0,0.0,1.0,1.0,False
CG7333,0.0,0.0,1.0,1.0,False
CG14644,0.0,0.0,1.0,1.0,False
ZnT35C,0.0,-0.10243549,1.0,1.0,False
CG7691,0.0,0.0,1.0,1.0,False
Tssk,0.0,0.0,1.0,1.0,False
CG43131,0.0,0.0,1.0,1.0,False
CG10486,0.0,0.0,1.0,1.0,False
CG33136,0.0,0.0,1.0,1.0,False
CG7631,0.0,0.0,1.0,1.0,False
CG18480,0.0,0.0,1.0,1.0,False
lncRNA:CR43763,0.0,0.0,1.0,1.0,False
CG13243,0.0,0.0,1.0,1.0,False
CG30002,0.0,0.0,1.0,1.0,False
CecA1,0.0,0.0,1.0,1.0,False
GstE5,0.0,0.0,1.0,1.0,False
CG31404,0.0,0.0,1.0,1.0,False
CG33306,0.0,0.0,1.0,1.0,False
CG7557,0.0,0.0,1.0,1.0,False
lncRNA:CR44853,0.0,0.0,1.0,1.0,False
CG4650,0.0,0.0,1.0,1.0,False
CG42682,0.0,0.0,1.0,1.0,False
CG7916,0.0,0.0,1.0,1.0,False
lncRNA:CR45352,0.0,0.0,1.0,1.0,False
hll,0.0,0.0,1.0,1.0,False
Prosbeta2R2,0.0,0.0,1.0,1.0,False
CG16888,0.0,0.0,1.0,1.0,False
CG8028,0.0,0.0,1.0,1.0,False
tRNA:Gln-CTG-1-1,0.0,0.0,1.0,1.0,False
Hayan,0.0,-0.32443842,1.0,1.0,False
lncRNA:CR42790,0.0,0.0,1.0,1.0,False
CG1571,0.0,0.0,1.0,1.0,False
CG14949,0.0,0.0,1.0,1.0,False
CG3927,0.0,0.0,1.0,1.0,False
CG6696,0.0,0.0,1.0,1.0,False
CG43333,0.0,0.0,1.0,1.0,False
CG8997,0.0,0.0,1.0,1.0,False
CG12133,0.0,0.0,1.0,1.0,False
Fum3,0.0,0.0,1.0,1.0,False
CG12609,0.0,0.0,1.0,1.0,False
Mst77Y-7,0.0,0.0,1.0,1.0,False
tgy,0.0,0.0,1.0,1.0,False
Mst77Y-4,0.0,0.0,1.0,1.0,False
CG9040,0.0,0.0,1.0,1.0,False
CG43184,0.0,0.0,1.0,1.0,False
Mur82C,0.0,0.0,1.0,1.0,False
CG4691,-1.7115796e-06,-0.93553555,0.9999986343571374,1.0,False
CG18810,-1.7115796e-06,-0.5820655,0.9999986343571374,1.0,False
CG14187,-1.7115796e-06,-2.926082,0.9999986343571374,1.0,False
asRNA:CR45210,-1.7115796e-06,-0.61140305,0.9999986343571374,1.0,False
scaRNA:PsiU2-38.40.42,-1.7115796e-06,-0.102269255,0.9999986343571374,1.0,False
CG14095,-1.7115796e-06,-0.49531248,0.9999986343571374,1.0,False
snRNA:U7,-1.7115796e-06,-0.043797243,0.9999986343571374,1.0,False
lncRNA:CR44066,-1.7115796e-06,-1.7571231,0.9999986343571374,1.0,False
CG31668,-1.7115796e-06,-2.169296,0.9999986343571374,1.0,False
CG12637,-1.7115796e-06,-1.3611748,0.9999986343571374,1.0,False
lncRNA:CR44642,-1.7115796e-06,-2.428287,0.9999986343571374,1.0,False
lncRNA:CR45755,-1.7115796e-06,-0.9186454,0.9999986343571374,1.0,False
ppk,-1.7115796e-06,-0.73586214,0.9999986343571374,1.0,False
CG34446,-1.7115796e-06,-0.066800185,0.9999986343571374,1.0,False
CG33792,-1.7115796e-06,-1.3303398,0.9999986343571374,1.0,False
CG34138,-1.7115796e-06,-1.24794,0.9999986343571374,1.0,False
CG30037,-1.7115796e-06,-0.22714928,0.9999986343571374,1.0,False
CG13471,-1.7115796e-06,-0.8694761,0.9999986343571374,1.0,False
lncRNA:CR45351,-1.7115796e-06,-0.6698359,0.9999986343571374,1.0,False
CG45095,-1.7115796e-06,-4.1986322,0.9999986343571374,1.0,False
lncRNA:CR44757,-1.7115796e-06,-0.4793791,0.9999986343571374,1.0,False
CG42792,-1.7115796e-06,-2.4548497,0.9999986343571374,1.0,False
lncRNA:CR44867,-1.7115796e-06,-1.563287,0.9999986343571374,1.0,False
CG6441,-1.7115796e-06,-2.8347836,0.9999986343571374,1.0,False
CG2157,-1.7115796e-06,-0.91961074,0.9999986343571374,1.0,False
CG6980,-1.7115796e-06,-1.1823734,0.9999986343571374,1.0,False
flz,-1.7115796e-06,-0.34427193,0.9999986343571374,1.0,False
asRNA:CR45912,-1.7115796e-06,-0.69946647,0.9999986343571374,1.0,False
CG31533,-1.7115796e-06,-2.315055,0.9999986343571374,1.0,False
Obp22a,-1.7115796e-06,-0.08067532,0.9999986343571374,1.0,False
Twdlbeta,-1.7115796e-06,-0.30928886,0.9999986343571374,1.0,False
FASN2,-1.7115796e-06,-0.22732046,0.9999986343571374,1.0,False
asRNA:CR46251,-1.7115796e-06,-0.22906089,0.9999986343571374,1.0,False
lncRNA:CR44073,-1.7115796e-06,-0.87005293,0.9999986343571374,1.0,False
lncRNA:CR45903,-1.7115796e-06,-0.7471285,0.9999986343571374,1.0,False
lncRNA:CR45905,-1.7115796e-06,-1.4631515,0.9999986343571374,1.0,False
snoRNA:Psi18S-640b,-1.7115796e-06,-0.71812856,0.9999986343571374,1.0,False
snoRNA:Psi18S-640c,-1.7115796e-06,-0.4089219,0.9999986343571374,1.0,False
CG43255,-1.7115796e-06,-0.37782133,0.9999986343571374,1.0,False
Ir60a,-1.7115796e-06,-1.6945043,0.9999986343571374,1.0,False
Dmel_CR34689,-1.7115796e-06,-1.3286178,0.9999986343571374,1.0,False
lncRNA:CR43951,-1.7115796e-06,0.00056858815,0.9999986343571374,1.0,False
lncRNA:CR45052,-1.7115796e-06,-2.544481,0.9999986343571374,1.0,False
NimA,-1.7115796e-06,-0.031695582,0.9999986343571374,1.0,False
snoRNA:Psi18S-1854b,-1.7115796e-06,-0.10160547,0.9999986343571374,1.0,False
CG18540,-1.7115796e-06,-1.3905594,0.9999986343571374,1.0,False
lncRNA:CR46043,-1.7115796e-06,-0.0420912,0.9999986343571374,1.0,False
lncRNA:CR43488,-1.7115796e-06,-2.219497,0.9999986343571374,1.0,False
bora,-1.7115796e-06,-1.4756231,0.9999986343571374,1.0,False
lncRNA:CR46022,-1.7115796e-06,-0.7819197,0.9999986343571374,1.0,False
asRNA:CR44021,-1.7115796e-06,-1.018994,0.9999986343571374,1.0,False
atk,-1.7115796e-06,-0.7150662,0.9999986343571374,1.0,False
CG43108,-1.7115796e-06,-0.54390186,0.9999986343571374,1.0,False
TbCMF46,-1.7115796e-06,-0.42361844,0.9999986343571374,1.0,False
CG12521,-1.7115796e-06,-0.33280647,0.9999986343571374,1.0,False
alphaTub85E,-1.7115796e-06,-1.1063678,0.9999986343571374,1.0,False
CG31525,-1.7115796e-06,-0.68502027,0.9999986343571374,1.0,False
CG43376,-1.7115796e-06,-0.076362304,0.9999986343571374,1.0,False
Nepl10,-1.7115796e-06,-0.6492579,0.9999986343571374,1.0,False
snoRNA:CD60,-1.7115796e-06,-0.57178974,0.9999986343571374,1.0,False
lncRNA:CR44400,-1.7115796e-06,-0.8390023,0.9999986343571374,1.0,False
lncRNA:CR46252,-1.7115796e-06,-0.88598144,0.9999986343571374,1.0,False
yip7,-1.7115796e-06,-0.035813913,0.9999986343571374,1.0,False
CG43935,-1.7115796e-06,-2.1545713,0.9999986343571374,1.0,False
Jhbp11,-1.7115796e-06,-3.0053782,0.9999986343571374,1.0,False
CG4017,-1.7115796e-06,-0.91897833,0.9999986343571374,1.0,False
Spn28Dc,-1.7115796e-06,0.09153262,0.9999986343571374,1.0,False
CG33483,-1.7115796e-06,-1.7687331,0.9999986343571374,1.0,False
snoRNA:Pi4KIIalpha-a,-1.7115796e-06,-1.845306,0.9999986343571374,1.0,False
GluRIID,-1.7115796e-06,-0.65767944,0.9999986343571374,1.0,False
CAH5,-1.7115796e-06,-0.315421,0.9999986343571374,1.0,False
CG10953,-1.7115796e-06,-0.20923828,0.9999986343571374,1.0,False
CG6052,-1.7115796e-06,-0.9257926,0.9999986343571374,1.0,False
CG15414,-1.7115796e-06,-1.1363053,0.9999986343571374,1.0,False
CG43165,-1.7115796e-06,-0.4177239,0.9999986343571374,1.0,False
lncRNA:CR44504,-1.7115796e-06,-0.018685166,0.9999986343571374,1.0,False
Ser8,-1.7115796e-06,-1.5904922,0.9999986343571374,1.0,False
lncRNA:CR45346,-1.7115796e-06,-1.1717525,0.9999986343571374,1.0,False
Gr68a,-1.7115796e-06,-0.7901817,0.9999986343571374,1.0,False
CG45011,-1.7115796e-06,-2.1095927,0.9999986343571374,1.0,False
Sfp33A4,-1.7115796e-06,-0.29260972,0.9999986343571374,1.0,False
CG18130,-1.7115796e-06,-0.8079203,0.9999986343571374,1.0,False
lncRNA:CR45626,-1.7115796e-06,-0.59088284,0.9999986343571374,1.0,False
lncRNA:CR43278,-1.7115796e-06,-1.3895547,0.9999986343571374,1.0,False
lncRNA:CR44553,-1.7115796e-06,-2.4758399,0.9999986343571374,1.0,False
lncRNA:CR45168,-1.7115796e-06,-2.1154454,0.9999986343571374,1.0,False
CG13733,-1.7115796e-06,-0.4422817,0.9999986343571374,1.0,False
asRNA:CR44130,-1.7115796e-06,-1.9909067,0.9999986343571374,1.0,False
CG1773,-1.7115796e-06,-0.062099267,0.9999986343571374,1.0,False
lncRNA:CR46237,-1.7115796e-06,-1.4106025,0.9999986343571374,1.0,False
CG31189,-1.7115796e-06,-0.61542153,0.9999986343571374,1.0,False
CG33469,-1.7115796e-06,-1.135443,0.9999986343571374,1.0,False
lncRNA:CR43991,-1.7115796e-06,-2.320868,0.9999986343571374,1.0,False
CG4408,-1.7115796e-06,-2.5150938,0.9999986343571374,1.0,False
lncRNA:CR45884,-1.7115796e-06,-0.10804794,0.9999986343571374,1.0,False
CG10814,-1.7115796e-06,-0.7155498,0.9999986343571374,1.0,False
CG5084,-1.7115796e-06,-2.354601,0.9999986343571374,1.0,False
hh,-1.7115796e-06,-2.2083576,0.9999986343571374,1.0,False
CG30411,-1.7115796e-06,-2.0364275,0.9999986343571374,1.0,False
kmg,-1.7115796e-06,-1.9487996,0.9999986343571374,1.0,False
Gr36c,-1.7115796e-06,-0.79265994,0.9999986343571374,1.0,False
CG11404,-1.7115796e-06,-2.1455586,0.9999986343571374,1.0,False
Vm34Ca,-1.7115796e-06,-0.2952644,0.9999986343571374,1.0,False
CG10663,-1.7115796e-06,-0.36449006,0.9999986343571374,1.0,False
CG12951,-1.7115796e-06,-0.93645334,0.9999986343571374,1.0,False
Sfp26Ad,-1.7115796e-06,-1.9739729,0.9999986343571374,1.0,False
lncRNA:CR44226,-1.7115796e-06,-0.9240821,0.9999986343571374,1.0,False
CG18635,-1.7115796e-06,-0.054560788,0.9999986343571374,1.0,False
CNMa,-1.7115796e-06,-0.3789178,0.9999986343571374,1.0,False
CG30431,-1.7115796e-06,-0.4942735,0.9999986343571374,1.0,False
asRNA:CR45144,-1.7115796e-06,-2.3948965,0.9999986343571374,1.0,False
asRNA:CR46105,-1.7115796e-06,-0.4285166,0.9999986343571374,1.0,False
lncRNA:CR46106,-1.7115796e-06,-1.0679834,0.9999986343571374,1.0,False
asRNA:CR46269,-1.7115796e-06,-0.23978414,0.9999986343571374,1.0,False
CG14423,-1.7115796e-06,-1.4973372,0.9999986343571374,1.0,False
CG16956,-1.7115796e-06,-0.49042073,0.9999986343571374,1.0,False
asRNA:CR45611,-1.7115796e-06,-0.71932864,0.9999986343571374,1.0,False
CG31551,-1.7115796e-06,-0.16312857,0.9999986343571374,1.0,False
CG12523,-1.7115796e-06,-2.4513845,0.9999986343571374,1.0,False
pre-mod(mdg4)-O,-1.7115796e-06,-0.9029534,0.9999986343571374,1.0,False
krimp,-1.7115796e-06,-0.49755734,0.9999986343571374,1.0,False
CG33919,-1.7115796e-06,-0.16959815,0.9999986343571374,1.0,False
lncRNA:CR44164,-1.7115796e-06,-5.1153793,0.9999986343571374,1.0,False
CG13581,-1.7115796e-06,-0.50572616,0.9999986343571374,1.0,False
jtb,-1.7115796e-06,0.36112022,0.9999986343571374,1.0,False
CG43797,-1.7115796e-06,-1.076368,0.9999986343571374,1.0,False
CG32984,-1.7115796e-06,-0.9224928,0.9999986343571374,1.0,False
Pgant8,-1.7115796e-06,-0.13338846,0.9999986343571374,1.0,False
CG14957,-1.7115796e-06,-2.0866244,0.9999986343571374,1.0,False
CG15115,-1.7115796e-06,-0.026992792,0.9999986343571374,1.0,False
CG10996,-1.7115796e-06,-2.5458808,0.9999986343571374,1.0,False
CG13101,-1.7115796e-06,-0.56583124,0.9999986343571374,1.0,False
Rcd-1r,-1.7115796e-06,-0.31264699,0.9999986343571374,1.0,False
CG9701,-1.7115796e-06,-0.9305099,0.9999986343571374,1.0,False
CG6927,-1.7115796e-06,-0.016569918,0.9999986343571374,1.0,False
asRNA:CR44071,-1.7115796e-06,-0.27542517,0.9999986343571374,1.0,False
lncRNA:CR45482,-1.7115796e-06,-1.750974,0.9999986343571374,1.0,False
CG15646,-1.7115796e-06,-0.5205879,0.9999986343571374,1.0,False
CG32086,-1.7115796e-06,-0.8486261,0.9999986343571374,1.0,False
CG13545,-1.7115796e-06,-2.6538708,0.9999986343571374,1.0,False
CG42300,-1.7115796e-06,-0.0934515,0.9999986343571374,1.0,False
Pex7,-1.7115796e-06,-1.6088059,0.9999986343571374,1.0,False
CG8329,-1.7115796e-06,-2.581271,0.9999986343571374,1.0,False
CG15773,-1.7115796e-06,-0.40423882,0.9999986343571374,1.0,False
CG43120,-1.7115796e-06,-1.2996714,0.9999986343571374,1.0,False
CG31741,-1.7115796e-06,-0.9590453,0.9999986343571374,1.0,False
CG14564,-1.7115796e-06,-0.27206826,0.9999986343571374,1.0,False
LManVI,-1.7115796e-06,-2.0012252,0.9999986343571374,1.0,False
Galphaf,-1.7115796e-06,-1.4766412,0.9999986343571374,1.0,False
Pgam2,-1.7115796e-06,-2.089312,0.9999986343571374,1.0,False
CG13202,-1.7115796e-06,-2.0422146,0.9999986343571374,1.0,False
CG42694,-1.7115796e-06,-3.6937487,0.9999986343571374,1.0,False
spn-E,-1.7115796e-06,-0.7560714,0.9999986343571374,1.0,False
lncRNA:CR45964,-1.7115796e-06,-0.17139928,0.9999986343571374,1.0,False
Prosbeta2R1,-1.7115796e-06,-0.3188335,0.9999986343571374,1.0,False
CG44569,-1.7115796e-06,-0.6081791,0.9999986343571374,1.0,False
CG34434,-1.7115796e-06,-1.2029194,0.9999986343571374,1.0,False
lncRNA:CR44478,-1.7115796e-06,-1.7230116,0.9999986343571374,1.0,False
CG9095,-1.7115796e-06,-2.182741,0.9999986343571374,1.0,False
lncRNA:CR45971,-1.7115796e-06,-2.0330906,0.9999986343571374,1.0,False
CG13481,-1.7115796e-06,-2.1543572,0.9999986343571374,1.0,False
lncRNA:CR45622,-1.7115796e-06,-0.27526212,0.9999986343571374,1.0,False
lncRNA:CR46039,-1.7115796e-06,-1.7596108,0.9999986343571374,1.0,False
CG15252,-1.7115796e-06,-0.85116327,0.9999986343571374,1.0,False
lncRNA:CR44146,-1.7115796e-06,-1.6304941,0.9999986343571374,1.0,False
Lsp1gamma,-1.7115796e-06,-1.1032674,0.9999986343571374,1.0,False
asRNA:CR44030,-1.7115796e-06,-2.0085387,0.9999986343571374,1.0,False
CG33500,-1.7115796e-06,-1.6920152,0.9999986343571374,1.0,False
Sgs8,-1.7115796e-06,-1.6565806,0.9999986343571374,1.0,False
ppk12,-1.7115796e-06,-0.8745993,0.9999986343571374,1.0,False
lncRNA:CR45605,-1.7115796e-06,-0.56401896,0.9999986343571374,1.0,False
Lime,-1.7115796e-06,-2.2972426,0.9999986343571374,1.0,False
lncRNA:CR44845,-3.4231591e-06,-0.33321956,0.9999972687142749,1.0,False
Cpr50Cb,-3.4231591e-06,-0.48998773,0.9999972687142749,1.0,False
lncRNA:CR44423,-3.4231591e-06,-0.2702086,0.9999972687142749,1.0,False
Gasp,-3.4231591e-06,-0.010499637,0.9999972687142749,1.0,False
CG6209,-3.4231591e-06,-0.7161346,0.9999972687142749,1.0,False
lncRNA:CR33987,-3.4231591e-06,-0.52731407,0.9999972687142749,1.0,False
ttm2,-3.4231591e-06,-0.03023793,0.9999972687142749,1.0,False
FANCI,-3.4231591e-06,-0.6979856,0.9999972687142749,1.0,False
lncRNA:CR43765,-3.4231591e-06,0.015928738,0.9999972687142749,1.0,False
CheB98a,-3.4231591e-06,-0.29068956,0.9999972687142749,1.0,False
Elovl7,-3.4231591e-06,-0.5157187,0.9999972687142749,1.0,False
asRNA:bsAS,-3.4231591e-06,-0.8681752,0.9999972687142749,1.0,False
asRNA:CR45969,-3.4231591e-06,-1.0178107,0.9999972687142749,1.0,False
Alms1b,-3.4231591e-06,-1.2483575,0.9999972687142749,1.0,False
lncRNA:CR44219,-3.4231591e-06,-0.21681748,0.9999972687142749,1.0,False
lncRNA:CR45014,-3.4231591e-06,-0.5809622,0.9999972687142749,1.0,False
CG43703,-3.4231591e-06,-0.8447643,0.9999972687142749,1.0,False
CG3492,-3.4231591e-06,-0.7737557,0.9999972687142749,1.0,False
CG44438,-3.4231591e-06,-0.69669586,0.9999972687142749,1.0,False
CG12590,-3.4231591e-06,-0.5252153,0.9999972687142749,1.0,False
Cyp309a1,-5.1347383e-06,-0.56943965,0.9999959030714123,1.0,False
asRNA:CR43981,-5.1347383e-06,-0.23573503,0.9999959030714123,1.0,False
ppk9,-5.1347383e-06,-0.3930204,0.9999959030714123,1.0,False
CG10116,-5.1347383e-06,-0.9912797,0.9999959030714123,1.0,False
wupA,-5.1347383e-06,-0.49582902,0.9999959030714123,1.0,False
CG4914,-5.1347383e-06,-0.19321586,0.9999959030714123,1.0,False
CG14265,-5.1347383e-06,-0.32494515,0.9999959030714123,1.0,False
asRNA:CR44599,-5.1347383e-06,-0.62217075,0.9999959030714123,1.0,False
lncRNA:CR44582,-5.1347383e-06,-0.54548705,0.9999959030714123,1.0,False
CG6431,-5.1347383e-06,-0.5354273,0.9999959030714123,1.0,False
ATPsynbetaL,-5.1347383e-06,-0.65410715,0.9999959030714123,1.0,False
CG15109,-5.1347383e-06,-0.61792713,0.9999959030714123,1.0,False
CG9449,-5.1347383e-06,-0.10637985,0.9999959030714123,1.0,False
P5CDh2,-5.1347383e-06,0.006948195,0.9999959030714123,1.0,False
lncRNA:CR45329,-5.1347383e-06,-0.5498733,0.9999959030714123,1.0,False
asRNA:CR44911,-6.8463182e-06,-0.74628276,0.9999945374285498,1.0,False
CG15873,-6.8463182e-06,-0.97285783,0.9999945374285498,1.0,False
lncRNA:CR46148,-6.8463182e-06,0.084373504,0.9999945374285498,1.0,False
lncRNA:CR44339,-6.8463182e-06,-1.7912425,0.9999945374285498,1.0,False
snoRNA:Psi28S-2626,-6.8463182e-06,-1.1625276,0.9999945374285498,1.0,False
CG5326,-6.8463182e-06,-1.2223325,0.9999945374285498,1.0,False
CG2127,-6.8463182e-06,-0.8995073,0.9999945374285498,1.0,False
sisRNA:CR46357,-6.8463182e-06,-1.134379,0.9999945374285498,1.0,False
Cc2d2a,-6.8463182e-06,-0.874262,0.9999945374285498,1.0,False
CG11786,-6.8463182e-06,-0.22486345,0.9999945374285498,1.0,False
CG32240,-6.8463182e-06,-1.8889756,0.9999945374285498,1.0,False
BomS6,-6.8463182e-06,-1.5562347,0.9999945374285498,1.0,False
CG1387,-6.8463182e-06,-2.0299466,0.9999945374285498,1.0,False
CG3339,-6.8463182e-06,-0.9256728,0.9999945374285498,1.0,False
Lip1,-6.8463182e-06,-0.80987716,0.9999945374285498,1.0,False
CG11159,-6.8463182e-06,-0.29541448,0.9999945374285498,1.0,False
CG13405,-6.8463182e-06,-2.3936722,0.9999945374285498,1.0,False
Listericin,-6.8463182e-06,-1.8818696,0.9999945374285498,1.0,False
Nep7,-6.8463182e-06,-2.1963074,0.9999945374285498,1.0,False
Obp56d,-6.8463182e-06,-0.6971752,0.9999945374285498,1.0,False
asRNA:CR46134,-6.8463182e-06,-2.123308,0.9999945374285498,1.0,False
lncRNA:CR44265,-6.8463182e-06,-0.69288903,0.9999945374285498,1.0,False
lncRNA:CR46041,-8.557898e-06,-0.49552327,0.9999931717856873,1.0,False
CG8661,-8.557898e-06,-1.0347677,0.9999931717856873,1.0,False
CG4653,-8.557898e-06,-0.07064167,0.9999931717856873,1.0,False
lncRNA:CR44473,-8.557898e-06,-0.7066683,0.9999931717856873,1.0,False
lncRNA:CR44979,-8.557898e-06,0.0259415,0.9999931717856873,1.0,False
lncRNA:CR45897,-8.557898e-06,0.030858949,0.9999931717856873,1.0,False
lncRNA:CR43253,-8.557898e-06,-0.39744744,0.9999931717856873,1.0,False
asRNA:CR45867,-8.557898e-06,-0.49312204,0.9999931717856873,1.0,False
hlk,-8.557898e-06,-0.5993201,0.9999931717856873,1.0,False
eIF4E3,-8.557898e-06,-1.0294287,0.9999931717856873,1.0,False
CG12923,-1.0269477e-05,-0.20759898,0.9999918061428248,1.0,False
CG42326,-1.0269477e-05,-0.4044605,0.9999918061428248,1.0,False
t,-1.0269477e-05,-0.03121163,0.9999918061428248,1.0,False
lncRNA:CR45245,-1.0269477e-05,-0.33406696,0.9999918061428248,1.0,False
CG7715,-1.0269477e-05,-0.32004285,0.9999918061428248,1.0,False
Iris,-1.0269477e-05,-0.18697129,0.9999918061428248,1.0,False
sti,-1.0269477e-05,-0.5168428,0.9999918061428248,1.0,False
Dlish,-1.1981057e-05,-1.0160053,0.9999904404999622,1.0,False
CG30148,-1.1981057e-05,-0.520221,0.9999904404999622,1.0,False
lncRNA:CR44109,-1.1981057e-05,-0.86789393,0.9999904404999622,1.0,False
TwdlC,-1.1981057e-05,-1.0782324,0.9999904404999622,1.0,False
CG15406,-1.1981057e-05,-0.655974,0.9999904404999622,1.0,False
Edg84A,-1.1981057e-05,-0.9965631,0.9999904404999622,1.0,False
Orc2,-1.1981057e-05,-0.5680148,0.9999904404999622,1.0,False
lncRNA:CR45431,-1.1981057e-05,-1.3225062,0.9999904404999622,1.0,False
CG11060,-1.1981057e-05,-0.81037956,0.9999904404999622,1.0,False
CG14212,-1.36926365e-05,-0.5814184,0.9999890748570998,1.0,False
b6,-1.36926365e-05,-0.5421564,0.9999890748570998,1.0,False
lncRNA:CR42874,-1.36926365e-05,-0.96853507,0.9999890748570998,1.0,False
twy,-1.36926365e-05,-0.08766648,0.9999890748570998,1.0,False
CG4278,-1.5404215e-05,-0.24156132,0.9999877092142374,1.0,False
CG8539,-1.5404215e-05,-1.930903,0.9999877092142374,1.0,False
CG11041,-1.5404215e-05,-1.3272202,0.9999877092142374,1.0,False
lncRNA:CR45639,-1.5404215e-05,-0.4918474,0.9999877092142374,1.0,False
CG34167,-1.5404215e-05,-0.54797655,0.9999877092142374,1.0,False
CG5280,-1.5404215e-05,-0.36270702,0.9999877092142374,1.0,False
lncRNA:CR46075,-1.5404215e-05,-0.21236572,0.9999877092142374,1.0,False
inaF-D,-1.7115795e-05,-0.173968,0.999986343571375,1.0,False
CG16825,-1.7115795e-05,-0.21111268,0.999986343571375,1.0,False
lncRNA:CR45169,-1.7115795e-05,-1.4343771,0.999986343571375,1.0,False
CG11147,-2.0538953e-05,-0.14758857,0.9999836122856504,1.0,False
CG17928,-2.0538953e-05,-0.18010713,0.9999836122856504,1.0,False
CG8292,-2.2250533e-05,-0.46256274,0.9999822466427881,1.0,False
CG8526,-2.2250533e-05,-0.6060988,0.9999822466427881,1.0,False
snoRNA:Psi28S-2444,-2.3962113e-05,-1.6304464,0.9999808809999259,1.0,False
niki,-2.3962113e-05,-0.4027697,0.9999808809999259,1.0,False
PGRP-SC2,-2.3962113e-05,-0.6847582,0.9999808809999259,1.0,False
Mlc2,-2.7385273e-05,-0.13121305,0.9999781497142016,1.0,False
halo,-2.7385273e-05,-0.49867204,0.9999781497142016,1.0,False
Ipk1,-2.9096851e-05,-0.36082023,0.9999767840713396,1.0,False
lncRNA:CR44279,-2.9096851e-05,-1.2114751,0.9999767840713396,1.0,False
SecCl,-2.9096851e-05,-0.46003664,0.9999767840713396,1.0,False
rau,-2.9096851e-05,-0.70792997,0.9999767840713396,1.0,False
CG43114,-3.080843e-05,-0.13731664,0.9999754184284777,1.0,False
CG8468,-3.080843e-05,-0.5430902,0.9999754184284777,1.0,False
CG32228,-3.252001e-05,-0.0884355,0.9999740527856158,1.0,False
CG15412,-3.252001e-05,-0.38807523,0.9999740527856158,1.0,False
ind,-3.252001e-05,-0.33701473,0.9999740527856158,1.0,False
CG6067,-3.423159e-05,-0.2682583,0.999972687142754,1.0,False
lncRNA:CR44017,-3.594317e-05,-0.26887056,0.9999713214998922,1.0,False
CG6125,-3.765475e-05,-0.22238706,0.9999699558570306,1.0,False
CG10562,-3.936633e-05,-0.14371018,0.9999685902141691,1.0,False
P5cr-2,-3.936633e-05,-0.5699,0.9999685902141691,1.0,False
asRNA:CR43465,-3.936633e-05,-0.82440096,0.9999685902141691,1.0,False
Drsl5,-4.1077907e-05,-0.20591904,0.9999672245713076,1.0,False
Ldsdh1,-4.1077907e-05,-0.047089264,0.9999672245713076,1.0,False
CG10680,-4.1077907e-05,-0.68544656,0.9999672245713076,1.0,False
Hex-C,-4.4501066e-05,-0.49020955,0.999964493285585,1.0,False
Phs,-4.6212648e-05,-0.78119785,0.9999631276427238,1.0,False
CG43996,-4.7924226e-05,-1.5943085,0.9999617619998628,1.0,False
Acox57D-p,-4.7924226e-05,-0.5614705,0.9999617619998628,1.0,False
CG17122,-5.1347386e-05,-0.098465264,0.9999590307141409,1.0,False
lncRNA:CR46080,-5.1347386e-05,-0.31715274,0.9999590307141409,1.0,False
CG15767,-5.3058964e-05,-0.54498947,0.9999576650712803,1.0,False
Trf4-2,-5.6482124e-05,-0.32414162,0.9999549337855592,1.0,False
Glt,-5.6482124e-05,-0.041373037,0.9999549337855592,1.0,False
CG43750,-5.6482124e-05,-0.21660644,0.9999549337855592,1.0,False
CG15040,-6.504002e-05,-0.8820338,0.999948105571259,1.0,False
CG12674,-6.67516e-05,-0.6259466,0.9999467399283994,1.0,False
CG6421,-7.53095e-05,-0.7269156,0.9999399117141038,1.0,False
CG3984,-8.215581e-05,-0.63868153,0.9999344491426705,1.0,False
CG13360,-8.3867395e-05,-0.6701212,0.9999330834998127,1.0,False
lncRNA:CR45290,-8.557898e-05,-0.60188544,0.999931717856955,1.0,False
ZnT41F,-8.729056e-05,-0.68303704,0.9999303522140975,1.0,False
asRNA:CR45944,-8.729056e-05,-0.5953255,0.9999303522140975,1.0,False
CG3014,-9.7560034e-05,-0.2500017,0.9999221583569572,1.0,False
Amnionless,-0.00011467583,-0.16110592,0.9999085019284085,1.0,False
CG7079,-0.00011467583,-0.33864328,0.9999085019284085,1.0,False
unpg,-0.0001335032,-0.32800823,0.9998934798570361,1.0,False
SdhAL,-0.0001335032,-0.13205627,0.9998934798570361,1.0,False
CG14907,-0.00014034953,-0.5391749,0.9998880172856371,1.0,False
lncRNA:CR45381,-0.00016602321,-0.38012514,0.9998675326429395,1.0,False
CG17650,-0.00018485059,-0.21584195,0.9998525105716827,1.0,False
Gen,-0.00018827374,-0.51923376,0.999849779286005,1.0,False
CG31861,-0.00019854322,-0.60717523,0.9998415854289829,1.0,False
CG4462,-0.00027898746,-0.15090804,0.9997774002162891,1.0,False
CG10702,-0.0002909685,-0.057473857,0.9997678407166394,1.0,False
JhI-26,-0.00029439168,-0.078303725,0.9997651094310313,1.0,False
CG2772,-0.0004005096,-0.5270392,0.9996804395787026,1.0,False
BomS3,-0.00044843383,-0.41031975,0.9996422015819991,1.0,False
Ublcp1,-0.00048266543,-0.22286652,0.999614888727709,1.0,False
wdp,-0.000516897,-0.12610497,0.99958757587387,1.0,False
CG11413,-0.0005391475,-0.361246,0.999569822519132,1.0,False
Hibadh,-0.00054428226,-0.4096983,0.9995657255911453,1.0,False
CG42302,-0.0005836486,-0.23440331,0.9995343158103034,1.0,False
SmydA-3,-0.0006247265,-0.21632357,0.9995015403875863,1.0,False
CG14968,-0.00067093916,-0.3135602,0.9994646680380377,1.0,False
lncRNA:CR43492,-0.00096361927,-0.19523431,0.9992311431873631,1.0,False
CG18528,-0.0013110699,-0.17380355,0.9989539178669592,1.0,False
frtz,-0.0019186806,-0.27136716,0.9984691152903453,1.0,False
CG4707,-0.0019546237,-0.1572213,0.998440436844014,1.0,False
tyn,-0.0020213753,-0.19066848,0.9983871768776293,1.0,False
bru2,-0.0021514555,-0.063003816,0.9982833882460502,1.0,False
IntS9,-0.0023636913,-0.3489957,0.9981140489629408,1.0,False
Slimp,-0.0025416955,-0.36610693,0.9979720225326164,1.0,False
CG13737,-0.0030072453,-0.44280678,0.9976005691070212,1.0,False
Fen1,-0.0037089929,-0.29953328,0.9970406587019106,1.0,False
Ilp6,-0.0037723212,-0.11671402,0.9969901302695152,1.0,False
IleRS-m,-0.004325161,-0.20079625,0.996549031245853,1.0,False
CAH2,-0.0044124518,-0.27702072,0.9964793841245463,1.0,False
CG12909,-0.005560922,-0.3701026,0.9955630492074647,1.0,False
TwdlG,-0.0070517077,-0.1479948,0.9943735980365483,1.0,False
Rbbp5,-0.00796398,-0.26618874,0.9936457309304307,1.0,False
CIAPIN1,-0.009192893,-0.25598505,0.9926652354945876,1.0,False
CG30467,-0.009641327,-0.2682858,0.9923074529323754,1.0,False
jus,-0.01012057,-0.003102129,0.9919250916005403,1.0,False
Gga,-0.010349921,-0.25691944,0.9917421050424671,1.0,False
CG14015,-0.011696935,-0.22933887,0.9906674094891855,1.0,False
ProRS-m,-0.012737575,-0.21319821,0.9898371606305318,1.0,False
side-III,-0.012807749,0.0020854091,0.9897811738402319,1.0,False
wisp,-0.012977196,0.29250616,0.9896459864326113,1.0,False
CG3609,-0.013093583,-0.28421277,0.9895531306074392,1.0,False
CG8745,-0.013189431,-0.057994027,0.9894766612105523,1.0,False
snoRNA:CD78,-0.013589941,0.28253362,0.9891571294275516,1.0,False
CG13984,-0.01361048,0.28398493,0.9891407432287138,1.0,False
NPF,-0.013627596,-0.073489025,0.9891270880665145,1.0,False
LanB1,-0.013654982,-0.02414102,0.9891052398136221,1.0,False
CG34430,-0.013661828,0.15078801,0.9890997777516749,1.0,False
Cyp317a1,-0.0136652505,-0.0424085,0.9890970467208929,1.0,False
Adh,-0.0136652505,0.07186215,0.9890970467208929,1.0,False
TwdlW,-0.0136652505,0.4391601,0.9890970467208929,1.0,False
ND-B8,-0.0136652505,-0.0748215,0.9890970467208929,1.0,False
BBS9,-0.013668674,0.009170609,0.9890943156902386,1.0,False
CG15096,-0.013668674,0.30716887,0.9890943156902386,1.0,False
CG12869,-0.013668674,0.50591344,0.9890943156902386,1.0,False
CG32817,-0.013672097,-0.074731134,0.9890915846597121,1.0,False
CG43163,-0.01367552,0.21112923,0.9890888536293134,1.0,False
tbrd-1,-0.013678944,0.105002515,0.9890861225990426,1.0,False
Gld,-0.013678944,-0.0800589,0.9890861225990426,1.0,False
CG11760,-0.013678944,-0.042788643,0.9890861225990426,1.0,False
Vajk4,-0.013678944,-0.0858034,0.9890861225990426,1.0,False
CG31115,-0.013678944,-0.16319925,0.9890861225990426,1.0,False
CG3517,-0.013682366,0.2952784,0.9890833915688997,1.0,False
CG18744,-0.013682366,0.9950801,0.9890833915688997,1.0,False
yellow-h,-0.013682366,-0.05162772,0.9890833915688997,1.0,False
snoRNA:Psi28S-3186,-0.013682366,-0.07721798,0.9890833915688997,1.0,False
sug,-0.013682366,0.007729407,0.9890833915688997,1.0,False
Elba2,-0.013682366,-0.08366328,0.9890833915688997,1.0,False
Or71a,-0.013682366,-0.20871036,0.9890833915688997,1.0,False
CG17440,-0.013682366,0.18479075,0.9890833915688997,1.0,False
Andorra,-0.01368579,-0.293079,0.9890806605388847,1.0,False
BomS4,-0.01368579,-0.32732058,0.9890806605388847,1.0,False
lncRNA:sphinx,-0.01368579,-0.07319988,0.9890806605388847,1.0,False
lncRNA:CR43661,-0.01368579,-0.15596274,0.9890806605388847,1.0,False
CG34212,-0.01368579,0.0844181,0.9890806605388847,1.0,False
Dnaaf6,-0.01368579,0.34581536,0.9890806605388847,1.0,False
lncRNA:CR45602,-0.01368579,-0.14255325,0.9890806605388847,1.0,False
CG16826,-0.0136892125,-1.3496082,0.9890779295089976,1.0,False
asRNA:CR43429,-0.0136892125,-0.26310447,0.9890779295089976,1.0,False
asRNA:CR45367,-0.0136892125,-0.41890213,0.9890779295089976,1.0,False
lncRNA:CR44964,-0.0136892125,-0.4954675,0.9890779295089976,1.0,False
CG10553,-0.0136892125,-0.29193774,0.9890779295089976,1.0,False
CG31104,-0.0136892125,-0.25129136,0.9890779295089976,1.0,False
CG9733,-0.0136892125,-0.43662024,0.9890779295089976,1.0,False
lncRNA:CR44322,-0.0136892125,-1.0440662,0.9890779295089976,1.0,False
lncRNA:CR44419,-0.0136892125,-0.65013254,0.9890779295089976,1.0,False
CG9815,-0.0136892125,-0.53428817,0.9890779295089976,1.0,False
CG15461,-0.0136892125,0.08149129,0.9890779295089976,1.0,False
up,-0.0136892125,-0.13235301,0.9890779295089976,1.0,False
lncRNA:CR44748,-0.0136892125,-0.48771477,0.9890779295089976,1.0,False
ATPsynGL,-0.0136892125,-0.6676527,0.9890779295089976,1.0,False
CG42331,-0.0136892125,-0.15313514,0.9890779295089976,1.0,False
CG6403,-0.0136892125,0.14021368,0.9890779295089976,1.0,False
CG7227,-0.0136892125,-0.20012052,0.9890779295089976,1.0,False
DZIP1,-0.0136892125,0.74318004,0.9890779295089976,1.0,False
Jon65Aiii,-0.0136892125,-0.6597976,0.9890779295089976,1.0,False
CG42704,-0.0136892125,-0.121053495,0.9890779295089976,1.0,False
CG18088,-0.0136892125,0.048683047,0.9890779295089976,1.0,False
Wnt2,-0.0136892125,0.030836938,0.9890779295089976,1.0,False
CG30076,-0.0136892125,-0.8951731,0.9890779295089976,1.0,False
CG15605,-0.0136892125,8.831648e-05,0.9890779295089976,1.0,False
CG15120,-0.0136892125,-0.15510947,0.9890779295089976,1.0,False
asRNA:TS15,-0.0136892125,0.41991904,0.9890779295089976,1.0,False
CG32641,-0.0136892125,-0.015291695,0.9890779295089976,1.0,False
CG15629,-0.0136892125,-0.30729806,0.9890779295089976,1.0,False
CG2861,-0.0136892125,-0.101959325,0.9890779295089976,1.0,False
CG14636,-0.0136892125,-0.2973499,0.9890779295089976,1.0,False
CG14072,-0.0136892125,0.82268757,0.9890779295089976,1.0,False
asRNA:CR44053,-0.0136892125,-0.014936729,0.9890779295089976,1.0,False
betaNACtes3,-0.0136892125,-0.10144041,0.9890779295089976,1.0,False
lncRNA:CR46019,-0.0136892125,0.46264744,0.9890779295089976,1.0,False
Cyp6a21,-0.0136892125,-0.71263343,0.9890779295089976,1.0,False
CG32847,-0.0136892125,-0.70941556,0.9890779295089976,1.0,False
CG34043,-0.0136892125,0.4717227,0.9890779295089976,1.0,False
CG15155,-0.0136892125,-0.2860008,0.9890779295089976,1.0,False
CG17010,-0.0136892125,-0.3296241,0.9890779295089976,1.0,False
CG11951,-0.0136892125,-0.2624019,0.9890779295089976,1.0,False
lncRNA:CR45699,-0.0136892125,-0.79806584,0.9890779295089976,1.0,False
CG34302,-0.0136892125,-0.29714802,0.9890779295089976,1.0,False
CG12963,-0.013692636,-0.9873307,0.9890751984792385,1.0,False
CG13670,-0.013692636,-18.022903,0.9890751984792385,1.0,False
Acox57D-d,-0.013692636,-0.9282776,0.9890751984792385,1.0,False
CG31097,-0.013692636,-15.948527,0.9890751984792385,1.0,False
lncRNA:CR42657,-0.013692636,-17.491013,0.9890751984792385,1.0,False
CG17744,-0.013692636,-17.62692,0.9890751984792385,1.0,False
Inx5,-0.013692636,-17.265474,0.9890751984792385,1.0,False
lncRNA:CR45178,-0.013692636,-17.555946,0.9890751984792385,1.0,False
CG14131,-0.013692636,-17.787651,0.9890751984792385,1.0,False
CG8197,-0.013692636,-17.300402,0.9890751984792385,1.0,False
asRNA:CR45924,-0.013692636,-15.849696,0.9890751984792385,1.0,False
Ir51b,-0.013692636,-18.202362,0.9890751984792385,1.0,False
CG30286,-0.013692636,-18.088741,0.9890751984792385,1.0,False
CG9173,-0.013692636,-17.866505,0.9890751984792385,1.0,False
scaRNA:MeU2-48,-0.013692636,-18.287212,0.9890751984792385,1.0,False
CG13705,-0.013692636,-17.526388,0.9890751984792385,1.0,False
Cdk1,-0.013692636,-18.028679,0.9890751984792385,1.0,False
lncRNA:CR45653,-0.013692636,-16.821178,0.9890751984792385,1.0,False
CG15368,-0.013692636,-17.705416,0.9890751984792385,1.0,False
CG15369,-0.013692636,-18.13357,0.9890751984792385,1.0,False
CG32148,-0.013692636,-16.965954,0.9890751984792385,1.0,False
lncRNA:CR45942,-0.013692636,-17.370478,0.9890751984792385,1.0,False
snoRNA:Psi28S-3316d,-0.013692636,-17.284698,0.9890751984792385,1.0,False
Prosbeta4R2,-0.013692636,-18.248564,0.9890751984792385,1.0,False
Srg1,-0.013692636,-18.470533,0.9890751984792385,1.0,False
Esp,-0.013692636,-18.365105,0.9890751984792385,1.0,False
CG42249,-0.013692636,-17.23299,0.9890751984792385,1.0,False
S-Lap5,-0.013692636,-18.285973,0.9890751984792385,1.0,False
CG31089,-0.013692636,-16.855795,0.9890751984792385,1.0,False
CG14540,-0.013692636,-17.51438,0.9890751984792385,1.0,False
CG4960,-0.013692636,-18.453726,0.9890751984792385,1.0,False
CG31380,-0.013692636,-18.220844,0.9890751984792385,1.0,False
CheB38c,-0.013692636,-17.261337,0.9890751984792385,1.0,False
asRNA:CR45926,-0.013692636,-0.9222937,0.9890751984792385,1.0,False
lncRNA:CR43932,-0.013692636,-18.318256,0.9890751984792385,1.0,False
lncRNA:CR44338,-0.013692636,-18.460876,0.9890751984792385,1.0,False
Oseg5,-0.013692636,-17.946291,0.9890751984792385,1.0,False
Dna2,-0.013692636,-16.316143,0.9890751984792385,1.0,False
Gr9a,-0.013692636,-17.04653,0.9890751984792385,1.0,False
asRNA:CR43872,-0.013692636,-17.581923,0.9890751984792385,1.0,False
CG7309,-0.013692636,-0.16053,0.9890751984792385,1.0,False
Sp212,-0.013692636,-18.304787,0.9890751984792385,1.0,False
Vha16-5,-0.013692636,-17.986502,0.9890751984792385,1.0,False
lncRNA:CR45176,-0.013692636,-15.313914,0.9890751984792385,1.0,False
Gr39b,-0.013692636,-1.2830895,0.9890751984792385,1.0,False
lncRNA:CR45183,-0.013692636,-16.71815,0.9890751984792385,1.0,False
CG34051,-0.013692636,-17.049976,0.9890751984792385,1.0,False
CG31871,-0.013692636,-17.812855,0.9890751984792385,1.0,False
CG17104,-0.013692636,-16.867203,0.9890751984792385,1.0,False
CG7296,-0.013692636,-18.223116,0.9890751984792385,1.0,False
CG7294,-0.013692636,-18.498714,0.9890751984792385,1.0,False
asRNA:CR42738,-0.013692636,-17.1455,0.9890751984792385,1.0,False
CG13653,-0.013692636,-16.614197,0.9890751984792385,1.0,False
snoRNA:Psi18S-640f,-0.013692636,-18.414621,0.9890751984792385,1.0,False
CG43064,-0.013692636,-17.38882,0.9890751984792385,1.0,False
CAH4,-0.013692636,-15.79343,0.9890751984792385,1.0,False
lncRNA:CR46132,-0.013692636,-15.457551,0.9890751984792385,1.0,False
asRNA:CR44976,-0.013692636,-16.48852,0.9890751984792385,1.0,False
lncRNA:CR45650,-0.013692636,-17.387434,0.9890751984792385,1.0,False
CG15200,-0.013692636,-16.691692,0.9890751984792385,1.0,False
CG34382,-0.013692636,-16.127306,0.9890751984792385,1.0,False
Cp19,-0.013692636,-17.812855,0.9890751984792385,1.0,False
Ir10a,-0.013692636,-16.725315,0.9890751984792385,1.0,False
wbl,-0.013692636,-17.206501,0.9890751984792385,1.0,False
asRNA:CR45445,-0.013692636,-16.369478,0.9890751984792385,1.0,False
CG8170,-0.013692636,-17.5764,0.9890751984792385,1.0,False
CG32712,-0.013692636,-0.91303986,0.9890751984792385,1.0,False
asRNA:CR46195,-0.013692636,-17.108324,0.9890751984792385,1.0,False
E(spl)malpha-BFM,-0.013692636,-16.396547,0.9890751984792385,1.0,False
kni,-0.013692636,-18.146854,0.9890751984792385,1.0,False
lncRNA:CR45415,-0.013692636,-17.079504,0.9890751984792385,1.0,False
lncRNA:CR44491,-0.013692636,-16.320442,0.9890751984792385,1.0,False
CG31928,-0.013692636,-17.34908,0.9890751984792385,1.0,False
asRNA:CR44907,-0.013692636,-18.213509,0.9890751984792385,1.0,False
CG10730,-0.013692636,-16.411966,0.9890751984792385,1.0,False
CG11756,-0.013692636,-16.569891,0.9890751984792385,1.0,False
RacGAP84C,-0.013692636,-18.38977,0.9890751984792385,1.0,False
CG17224,-0.013692636,-17.575024,0.9890751984792385,1.0,False
CG15404,-0.013692636,-16.485748,0.9890751984792385,1.0,False
lncRNA:CR45338,-0.013692636,-17.199238,0.9890751984792385,1.0,False
lncRNA:CR44671,-0.013692636,-17.831585,0.9890751984792385,1.0,False
CG10339,-0.013692636,-18.141207,0.9890751984792385,1.0,False
ppk15,-0.013692636,-1.2905378,0.9890751984792385,1.0,False
CG11656,-0.013692636,-16.15622,0.9890751984792385,1.0,False
CG30391,-0.013692636,-15.651278,0.9890751984792385,1.0,False
lncRNA:CR43297,-0.013692636,-16.540705,0.9890751984792385,1.0,False
Ass,-0.013692636,-18.24974,0.9890751984792385,1.0,False
CG10063,-0.013692636,-1.1321119,0.9890751984792385,1.0,False
Acp95EF,-0.013692636,-0.18187274,0.9890751984792385,1.0,False
CG31697,-0.013692636,-15.976088,0.9890751984792385,1.0,False
CG13082,-0.013692636,-0.99599653,0.9890751984792385,1.0,False
CG13930,-0.013692636,-18.006678,0.9890751984792385,1.0,False
CG5715,-0.013692636,-17.455788,0.9890751984792385,1.0,False
EAChm,-0.013692636,-17.969278,0.9890751984792385,1.0,False
CG34175,-0.013692636,-17.793118,0.9890751984792385,1.0,False
CG18469,-0.013692636,-18.086348,0.9890751984792385,1.0,False
snoRNA:Psi28S-2996,-0.013692636,-16.917765,0.9890751984792385,1.0,False
lncRNA:CR45936,-0.013692636,-18.103247,0.9890751984792385,1.0,False
CG32192,-0.013692636,-0.53997034,0.9890751984792385,1.0,False
Ilp4,-0.013692636,-18.462475,0.9890751984792385,1.0,False
lncRNA:CR44507,-0.013692636,-18.265223,0.9890751984792385,1.0,False
CG14856,-0.013692636,-17.182722,0.9890751984792385,1.0,False
CG11825,-0.013692636,-17.033974,0.9890751984792385,1.0,False
Or69a,-0.013692636,-18.205133,0.9890751984792385,1.0,False
CG3513,-0.013692636,-17.849243,0.9890751984792385,1.0,False
mil,-0.013692636,-18.216322,0.9890751984792385,1.0,False
Crtp,-0.013692636,-18.141718,0.9890751984792385,1.0,False
CG43198,-0.013692636,-17.570358,0.9890751984792385,1.0,False
lncRNA:CR45006,-0.013692636,-18.215195,0.9890751984792385,1.0,False
CG10841,-0.013692636,-0.7195879,0.9890751984792385,1.0,False
CG11052,-0.013692636,-16.256319,0.9890751984792385,1.0,False
Ir48c,-0.013692636,-17.529018,0.9890751984792385,1.0,False
CG32189,-0.013692636,-18.252693,0.9890751984792385,1.0,False
CG42814,-0.013692636,-17.71485,0.9890751984792385,1.0,False
CG14258,-0.013692636,-0.7360949,0.9890751984792385,1.0,False
CG15731,-0.013692636,-17.976797,0.9890751984792385,1.0,False
CG42471,-0.013692636,-1.2095852,0.9890751984792385,1.0,False
rhi,-0.013692636,-16.727314,0.9890751984792385,1.0,False
lncRNA:CR45618,-0.013692636,-17.614555,0.9890751984792385,1.0,False
inaF-C,-0.013692636,-17.885988,0.9890751984792385,1.0,False
CG14932,-0.013692636,-16.569538,0.9890751984792385,1.0,False
Tsp33B,-0.013692636,-17.570906,0.9890751984792385,1.0,False
CG13949,-0.013692636,-17.708864,0.9890751984792385,1.0,False
Osi15,-0.013692636,-18.002346,0.9890751984792385,1.0,False
CG12035,-0.013692636,-18.322803,0.9890751984792385,1.0,False
shps,-0.013692636,-18.176249,0.9890751984792385,1.0,False
GluRIIC,-0.013692636,-18.51939,0.9890751984792385,1.0,False
CG11693,-0.013692636,-17.481405,0.9890751984792385,1.0,False
moat,-0.013692636,-18.140184,0.9890751984792385,1.0,False
CG42383,-0.013692636,-16.256319,0.9890751984792385,1.0,False
CG8252,-0.013692636,-16.979889,0.9890751984792385,1.0,False
lncRNA:CR45395,-0.013692636,-17.831942,0.9890751984792385,1.0,False
lncRNA:CR44826,-0.013692636,-17.532974,0.9890751984792385,1.0,False
CG30457,-0.013692636,-17.180601,0.9890751984792385,1.0,False
CG31954,-0.013692636,-16.370087,0.9890751984792385,1.0,False
CG15418,-0.013692636,-17.530071,0.9890751984792385,1.0,False
asRNA:CR45146,-0.013692636,-15.919533,0.9890751984792385,1.0,False
CG12020,-0.013692636,-18.35548,0.9890751984792385,1.0,False
lncRNA:CR43960,-0.013692636,-17.506361,0.9890751984792385,1.0,False
lncRNA:CR43793,-0.013692636,-17.329618,0.9890751984792385,1.0,False
CG32642,-0.013692636,-17.58525,0.9890751984792385,1.0,False
mir-971,-0.013692636,-18.01981,0.9890751984792385,1.0,False
Jig,-0.013692636,-16.635498,0.9890751984792385,1.0,False
lectin-33A,-0.013692636,-15.23406,0.9890751984792385,1.0,False
Osi9,-0.013692636,-17.06203,0.9890751984792385,1.0,False
CG30065,-0.013692636,-17.360065,0.9890751984792385,1.0,False
CG43192,-0.013692636,-17.274002,0.9890751984792385,1.0,False
CG42826,-0.013692636,-17.855083,0.9890751984792385,1.0,False
CG10934,-0.013692636,-16.780518,0.9890751984792385,1.0,False
CG10588,-0.013692636,-17.658062,0.9890751984792385,1.0,False
moon,-0.013692636,-17.625187,0.9890751984792385,1.0,False
CG43694,-0.013692636,-18.306696,0.9890751984792385,1.0,False
CG11816,-0.013692636,-16.396547,0.9890751984792385,1.0,False
CG7031,-0.013692636,-18.399164,0.9890751984792385,1.0,False
CG13955,-0.013692636,-16.920246,0.9890751984792385,1.0,False
Vha100-3,-0.013692636,-18.451754,0.9890751984792385,1.0,False
asRNA:CR45801,-0.013692636,-16.873318,0.9890751984792385,1.0,False
CG10694,-0.013692636,-0.6879773,0.9890751984792385,1.0,False
lncRNA:CR44503,-0.013692636,-18.077793,0.9890751984792385,1.0,False
CG3306,-0.013692636,-18.046247,0.9890751984792385,1.0,False
Or67b,-0.013692636,-18.311811,0.9890751984792385,1.0,False
mfr,-0.013692636,-18.134584,0.9890751984792385,1.0,False
lncRNA:CR44125,-0.013692636,-17.06561,0.9890751984792385,1.0,False
Smyd4-2,-0.013692636,-0.7593629,0.9890751984792385,1.0,False
CG42753,-0.013692636,-16.571074,0.9890751984792385,1.0,False
lncRNA:CR44895,-0.013692636,-16.796738,0.9890751984792385,1.0,False
CG13946,-0.013692636,-18.449787,0.9890751984792385,1.0,False
CG12362,-0.013692636,-0.23651049,0.9890751984792385,1.0,False
grnd,-0.013692636,-16.396547,0.9890751984792385,1.0,False
CG32447,-0.013692636,-0.90027696,0.9890751984792385,1.0,False
CG11911,-0.013692636,-17.190077,0.9890751984792385,1.0,False
lncRNA:CR44078,-0.013692636,-18.38762,0.9890751984792385,1.0,False
CG7173,-0.013692636,-17.660751,0.9890751984792385,1.0,False
CG6362,-0.013692636,-0.25583652,0.9890751984792385,1.0,False
CG15754,-0.013692636,-17.634762,0.9890751984792385,1.0,False
lncRNA:CR45625,-0.013692636,-16.87033,0.9890751984792385,1.0,False
CG30440,-0.013692636,-16.396547,0.9890751984792385,1.0,False
Cyp313b1,-0.013692636,-1.0129584,0.9890751984792385,1.0,False
CG4815,-0.013692636,-16.657532,0.9890751984792385,1.0,False
lncRNA:CR45127,-0.013692636,-18.148401,0.9890751984792385,1.0,False
CG30088,-0.013692636,-17.543062,0.9890751984792385,1.0,False
Spn88Eb,-0.013692636,-18.345987,0.9890751984792385,1.0,False
CG15756,-0.013692636,-16.535864,0.9890751984792385,1.0,False
lncRNA:CR43918,-0.013692636,-16.783718,0.9890751984792385,1.0,False
cd,-0.013692636,-17.334013,0.9890751984792385,1.0,False
CG3502,-0.013692636,-18.270658,0.9890751984792385,1.0,False
CG44163,-0.013692636,-17.113045,0.9890751984792385,1.0,False
CG5966,-0.013692636,-17.673094,0.9890751984792385,1.0,False
PpY-55A,-0.013692636,-17.180408,0.9890751984792385,1.0,False
CG2816,-0.013692636,-17.903965,0.9890751984792385,1.0,False
CG43630,-0.013692636,-15.793898,0.9890751984792385,1.0,False
lncRNA:CR43440,-0.013692636,-17.914457,0.9890751984792385,1.0,False
asRNA:CR44959,-0.013692636,-0.74186325,0.9890751984792385,1.0,False
CG7963,-0.013692636,-17.116142,0.9890751984792385,1.0,False
lncRNA:CR45294,-0.013692636,-15.6335,0.9890751984792385,1.0,False
SteXh:CG42398,-0.013692636,-1.221057,0.9890751984792385,1.0,False
CG17217,-0.013692636,-17.55325,0.9890751984792385,1.0,False
lncRNA:TS20,-0.013692636,-15.871599,0.9890751984792385,1.0,False
PpN58A,-0.013692636,-17.906673,0.9890751984792385,1.0,False
CG43092,-0.013692636,-0.7907369,0.9890751984792385,1.0,False
CG33346,-0.013692636,-18.169327,0.9890751984792385,1.0,False
CG11470,-0.013692636,-17.822702,0.9890751984792385,1.0,False
CG6426,-0.013692636,-0.16392876,0.9890751984792385,1.0,False
CG34124,-0.013692636,-16.786087,0.9890751984792385,1.0,False
lncRNA:CR45574,-0.013692636,-0.6103713,0.9890751984792385,1.0,False
vrs,-0.013692636,-0.37228522,0.9890751984792385,1.0,False
HP6,-0.013692636,-16.992006,0.9890751984792385,1.0,False
CG13722,-0.013692636,-16.761486,0.9890751984792385,1.0,False
CG18179,-0.013692636,-16.844492,0.9890751984792385,1.0,False
lncRNA:CR46032,-0.013692636,-17.564896,0.9890751984792385,1.0,False
CG30083,-0.013692636,-17.80484,0.9890751984792385,1.0,False
CG8006,-0.013692636,-2.4225142,0.9890751984792385,1.0,False
salto,-0.013692636,-17.482664,0.9890751984792385,1.0,False
lncRNA:CR43878,-0.013692636,-17.819174,0.9890751984792385,1.0,False
CCAP,-0.013692636,-17.517239,0.9890751984792385,1.0,False
CG4907,-0.013692636,-17.266512,0.9890751984792385,1.0,False
CG44329,-0.013692636,-0.91952443,0.9890751984792385,1.0,False
asRNA:CR46246,-0.013692636,-17.565987,0.9890751984792385,1.0,False
asRNA:CR46109,-0.013692636,-17.928642,0.9890751984792385,1.0,False
CG8564,-0.013692636,-18.290943,0.9890751984792385,1.0,False
CG15764,-0.013692636,-15.38456,0.9890751984792385,1.0,False
CG30026,-0.013692636,-18.314383,0.9890751984792385,1.0,False
Dmel_CR34530,-0.013692636,-15.38456,0.9890751984792385,1.0,False
CG14507,-0.013692636,-17.795519,0.9890751984792385,1.0,False
CG45546,-0.013692636,-16.887455,0.9890751984792385,1.0,False
CG32762,-0.013692636,-17.446976,0.9890751984792385,1.0,False
mir-3645,-0.013692636,-17.060377,0.9890751984792385,1.0,False
lncRNA:CR45567,-0.013692636,-16.755205,0.9890751984792385,1.0,False
Chs2,-0.013692636,-1.3710289,0.9890751984792385,1.0,False
CG15142,-0.013692636,-0.97322154,0.9890751984792385,1.0,False
CG6118,-0.013692636,-18.508106,0.9890751984792385,1.0,False
CG14518,-0.013692636,-15.828065,0.9890751984792385,1.0,False
Gr5a,-0.013692636,-1.0211629,0.9890751984792385,1.0,False
CG15506,-0.013692636,-18.48364,0.9890751984792385,1.0,False
CG14022,-0.013692636,-0.5036331,0.9890751984792385,1.0,False
asRNA:CR44793,-0.013692636,-17.182915,0.9890751984792385,1.0,False
CG3216,-0.013692636,-17.172922,0.9890751984792385,1.0,False
asRNA:CR45305,-0.013692636,-14.788819,0.9890751984792385,1.0,False
Dmel_CR34568,-0.013692636,-17.198847,0.9890751984792385,1.0,False
CG11370,-0.013692636,-17.441868,0.9890751984792385,1.0,False
CG8927,-0.013692636,-15.911452,0.9890751984792385,1.0,False
CG12446,-0.013692636,-1.8173971,0.9890751984792385,1.0,False
mir-2491,-0.013692636,-17.974703,0.9890751984792385,1.0,False
CG5421,-0.013692636,-17.93943,0.9890751984792385,1.0,False
CG13847,-0.013692636,-17.700422,0.9890751984792385,1.0,False
Cdc6,-0.013692636,-17.044294,0.9890751984792385,1.0,False
Rsph9,-0.013692636,-16.828806,0.9890751984792385,1.0,False
Cby,-0.013692636,-1.2169387,0.9890751984792385,1.0,False
lncRNA:CR45247,-0.013692636,-18.002346,0.9890751984792385,1.0,False
lbe,-0.013692636,-0.5663215,0.9890751984792385,1.0,False
CG45428,-0.013692636,-0.9407259,0.9890751984792385,1.0,False
asRNA:CR44374,-0.013692636,-17.570084,0.9890751984792385,1.0,False
CG13032,-0.013692636,-16.797724,0.9890751984792385,1.0,False
lncRNA:CR46214,-0.013692636,-17.238441,0.9890751984792385,1.0,False
Jon99Ci,-0.013692636,-16.469894,0.9890751984792385,1.0,False
CG13023,-0.013692636,-17.773785,0.9890751984792385,1.0,False
Nox,-0.013692636,-18.289698,0.9890751984792385,1.0,False
ND-B14.5AL,-0.013692636,-17.359615,0.9890751984792385,1.0,False
CG10405,-0.013692636,-18.169327,0.9890751984792385,1.0,False
CG33269,-0.013692636,-16.476917,0.9890751984792385,1.0,False
tono,-0.013692636,-18.27248,0.9890751984792385,1.0,False
RpL22-like,-0.013692636,-15.565576,0.9890751984792385,1.0,False
snoRNA:Psi18S-1347a,-0.013692636,-16.212786,0.9890751984792385,1.0,False
CG33769,-0.013692636,-16.929441,0.9890751984792385,1.0,False
asRNA:CR45468,-0.013692636,-17.138044,0.9890751984792385,1.0,False
Cpr65Az,-0.013692636,-17.892576,0.9890751984792385,1.0,False
CG31816,-0.013692636,-17.587198,0.9890751984792385,1.0,False
CG12395,-0.013692636,-18.112076,0.9890751984792385,1.0,False
CG7251,-0.013692636,-17.081451,0.9890751984792385,1.0,False
CG18266,-0.013692636,-17.692669,0.9890751984792385,1.0,False
CG6244,-0.013692636,-17.68375,0.9890751984792385,1.0,False
Rsod,-0.013692636,-18.524668,0.9890751984792385,1.0,False
CG2901,-0.013692636,-17.16853,0.9890751984792385,1.0,False
ng3,-0.013692636,-18.016727,0.9890751984792385,1.0,False
CG11529,-0.013692636,-18.187021,0.9890751984792385,1.0,False
CG14668,-0.013692636,-18.093548,0.9890751984792385,1.0,False
Cad89D,-0.013692636,-17.26838,0.9890751984792385,1.0,False
asRNA:CR45133,-0.013692636,-15.38456,0.9890751984792385,1.0,False
CG5849,-0.013692636,-17.63098,0.9890751984792385,1.0,False
Dmel_CG6279,-0.013692636,-0.6130716,0.9890751984792385,1.0,False
lncRNA:CR46008,-0.013692636,-17.970112,0.9890751984792385,1.0,False
CG7367,-0.013692636,-16.948357,0.9890751984792385,1.0,False
Mkp,-0.013692636,-17.180216,0.9890751984792385,1.0,False
CG15564,-0.013692636,-16.855795,0.9890751984792385,1.0,False
CG1724,-0.013692636,-16.796738,0.9890751984792385,1.0,False
CG6012,-0.013692636,-18.110106,0.9890751984792385,1.0,False
CG32832,-0.013692636,-17.16853,0.9890751984792385,1.0,False
CG44406,-0.013692636,-18.022903,0.9890751984792385,1.0,False
asRNA:CR46145,-0.013692636,-17.322624,0.9890751984792385,1.0,False
CG11353,-0.013692636,-18.225964,0.9890751984792385,1.0,False
lncRNA:CR44470,-0.013692636,-17.306398,0.9890751984792385,1.0,False
fs(1)Ya,-0.013692636,-17.684977,0.9890751984792385,1.0,False
CG7896,-0.013692636,-14.991428,0.9890751984792385,1.0,False
lut,-0.013692636,-16.726381,0.9890751984792385,1.0,False
CG31274,-0.013692636,-18.462475,0.9890751984792385,1.0,False
asRNA:CR45026,-0.013692636,-17.526388,0.9890751984792385,1.0,False
jhamt,-0.013692636,-0.3884817,0.9890751984792385,1.0,False
snoRNA:Psi28S-2876,-0.013692636,-17.291462,0.9890751984792385,1.0,False
CG14052,-0.013692636,-16.951696,0.9890751984792385,1.0,False
Vml,-0.013692636,-17.9946,0.9890751984792385,1.0,False
lncRNA:CR46211,-0.013692636,-17.97554,0.9890751984792385,1.0,False
Tim17a2,-0.013692636,-1.0767573,0.9890751984792385,1.0,False
Tsp42Eo,-0.013692636,-16.379156,0.9890751984792385,1.0,False
lncRNA:CR32773,-0.013692636,-0.68399006,0.9890751984792385,1.0,False
Cpr47Ef,-0.013692636,-17.95853,0.9890751984792385,1.0,False
CG13443,-0.013692636,-17.13693,0.9890751984792385,1.0,False
CG16998,-0.013692636,-17.646492,0.9890751984792385,1.0,False
frac,-0.013692636,-16.453903,0.9890751984792385,1.0,False
CG15919,-0.013692636,-16.199295,0.9890751984792385,1.0,False
CG9702,-0.013692636,-17.499428,0.9890751984792385,1.0,False
Mal-A6,-0.013692636,-16.778574,0.9890751984792385,1.0,False
scpr-A,-0.013692636,-15.849696,0.9890751984792385,1.0,False
scpr-B,-0.013692636,-16.922579,0.9890751984792385,1.0,False
lncRNA:CR46063,-0.013692636,-18.23112,0.9890751984792385,1.0,False
Spn28B,-0.013692636,-17.871336,0.9890751984792385,1.0,False
Cyp4d21,-0.013692636,-18.498432,0.9890751984792385,1.0,False
CG32806,-0.013692636,-17.511269,0.9890751984792385,1.0,False
lncRNA:CR43458,-0.013692636,-16.52635,0.9890751984792385,1.0,False
CG34216,-0.013692636,-17.23541,0.9890751984792385,1.0,False
CG1941,-0.013692636,-0.7915383,0.9890751984792385,1.0,False
CG1946,-0.013692636,-17.910948,0.9890751984792385,1.0,False
Fa2h,-0.013692636,-18.225964,0.9890751984792385,1.0,False
snoRNA:Psi28S-1837b,-0.013692636,-18.085394,0.9890751984792385,1.0,False
lncRNA:CR44530,-0.013692636,-17.664648,0.9890751984792385,1.0,False
Eh,-0.013692636,-1.1016276,0.9890751984792385,1.0,False
Obp19a,-0.013692636,-18.053562,0.9890751984792385,1.0,False
asRNA:CR45024,-0.013692636,-1.7471647,0.9890751984792385,1.0,False
CG32568,-0.013692636,-17.195526,0.9890751984792385,1.0,False
Tango8,-0.013692636,-16.744352,0.9890751984792385,1.0,False
snoRNA:Psi28S-1192d,-0.013692636,-17.582201,0.9890751984792385,1.0,False
CG17375,-0.013692636,-13.973703,0.9890751984792385,1.0,False
sand,-0.013692636,-17.070166,0.9890751984792385,1.0,False
pHCl-2,-0.013692636,-16.892,0.9890751984792385,1.0,False
gskt,-0.013692636,-15.313914,0.9890751984792385,1.0,False
gsb-n,-0.013692636,-15.871599,0.9890751984792385,1.0,False
CG30383,-0.013692636,-16.891544,0.9890751984792385,1.0,False
CG13051,-0.013692636,-0.7870516,0.9890751984792385,1.0,False
spz3,-0.013692636,-18.08206,0.9890751984792385,1.0,False
Spn100A,-0.013692636,-16.407782,0.9890751984792385,1.0,False
Gpo3,-0.013692636,-16.680334,0.9890751984792385,1.0,False
Inx6,-0.013692636,-15.986776,0.9890751984792385,1.0,False
Alp8,-0.013692636,-18.349363,0.9890751984792385,1.0,False
lncRNA:CR44688,-0.013692636,-18.402813,0.9890751984792385,1.0,False
CG13062,-0.013692636,-0.9874029,0.9890751984792385,1.0,False
snoRNA:Psi18S-1397,-0.013692636,-16.760118,0.9890751984792385,1.0,False
snoRNA:Psi28S-1837c,-0.013692636,-17.49636,0.9890751984792385,1.0,False
CG44475,-0.013692636,-17.602621,0.9890751984792385,1.0,False
CG31735,-0.013692636,-17.653004,0.9890751984792385,1.0,False
mei-38,-0.013692636,-0.714396,0.9890751984792385,1.0,False
CG12861,-0.013692636,-16.339664,0.9890751984792385,1.0,False
CG12860,-0.013692636,-18.052645,0.9890751984792385,1.0,False
CG33796,-0.013692636,-17.237228,0.9890751984792385,1.0,False
lncRNA:CR45754,-0.013692636,-14.278123,0.9890751984792385,1.0,False
CG32939,-0.013692636,-16.545563,0.9890751984792385,1.0,False
NimC3,-0.013692636,-18.0712,0.9890751984792385,1.0,False
CG14227,-0.013692636,-17.926262,0.9890751984792385,1.0,False
CG14111,-0.013692636,-16.816595,0.9890751984792385,1.0,False
CG14107,-0.013692636,-16.534254,0.9890751984792385,1.0,False
CG4770,-0.013692636,-18.024677,0.9890751984792385,1.0,False
CG34327,-0.013692636,-16.192688,0.9890751984792385,1.0,False
CG3746,-0.013692636,-18.48696,0.9890751984792385,1.0,False
CG17751,-0.013692636,-17.13693,0.9890751984792385,1.0,False
lncRNA:CR44715,-0.013692636,-17.50353,0.9890751984792385,1.0,False
CG8785,-0.013692636,-17.5764,0.9890751984792385,1.0,False
Lcp1,-0.013692636,-18.09693,0.9890751984792385,1.0,False
Lcp4,-0.013692636,-17.80484,0.9890751984792385,1.0,False
lncRNA:CR44645,-0.013692636,-16.896105,0.9890751984792385,1.0,False
Spn85F,-0.013692636,-17.69236,0.9890751984792385,1.0,False
dpn,-0.013692636,-0.44915527,0.9890751984792385,1.0,False
asRNA:CR45198,-0.013692636,-0.89595693,0.9890751984792385,1.0,False
CG14631,-0.013692636,-16.339664,0.9890751984792385,1.0,False
CG14630,-0.013692636,-0.94466865,0.9890751984792385,1.0,False
Pburs,-0.013692636,-17.690817,0.9890751984792385,1.0,False
CG14304,-0.013692636,-17.812855,0.9890751984792385,1.0,False
narya,-0.013692636,-2.6177905,0.9890751984792385,1.0,False
CG14205,-0.013692636,-16.727581,0.9890751984792385,1.0,False
asRNA:CR43463,-0.013692636,-17.23158,0.9890751984792385,1.0,False
CG45764,-0.013692636,-16.726381,0.9890751984792385,1.0,False
CG12448,-0.013692636,-18.45769,0.9890751984792385,1.0,False
CG30151,-0.013692636,-16.955845,0.9890751984792385,1.0,False
CG13423,-0.013692636,-17.169674,0.9890751984792385,1.0,False
snoRNA:Psi28S-2179,-0.013692636,-18.018047,0.9890751984792385,1.0,False
lncRNA:CR44610,-0.013692636,-16.56883,0.9890751984792385,1.0,False
CG13786,-0.013692636,-15.313914,0.9890751984792385,1.0,False
Cyp6a8,-0.013692636,-0.84052444,0.9890751984792385,1.0,False
Doc3,-0.013692636,-15.793898,0.9890751984792385,1.0,False
snRNA:U4atac,-0.013692636,-18.449003,0.9890751984792385,1.0,False
Skp2,-0.013692636,-0.49887955,0.9890751984792385,1.0,False
CG32235,-0.013692636,-18.472971,0.9890751984792385,1.0,False
CG34461,-0.013692636,-16.396547,0.9890751984792385,1.0,False
CG3473,-0.013692636,-16.588678,0.9890751984792385,1.0,False
lncRNA:CR31526,-0.013692636,-16.538166,0.9890751984792385,1.0,False
Trf5,-0.013692636,-16.462147,0.9890751984792385,1.0,False
CG6931,-0.013692636,-17.76111,0.9890751984792385,1.0,False
CG14826,-0.013692636,-18.030464,0.9890751984792385,1.0,False
lncRNA:CR44274,-0.013692636,-17.737219,0.9890751984792385,1.0,False
lncRNA:CR44283,-0.013692636,-16.396547,0.9890751984792385,1.0,False
Or88a,-0.013692636,-17.428843,0.9890751984792385,1.0,False
CG13708,-0.013692636,-0.3302043,0.9890751984792385,1.0,False
CG12783,-0.01369606,-1.6383077,0.9890724674496074,1.0,False
sens,-0.01369606,-2.6627185,0.9890724674496074,1.0,False
et,-0.01369606,-1.8642051,0.9890724674496074,1.0,False
CG16820,-0.01369606,-3.114753,0.9890724674496074,1.0,False
CG33272,-0.01369606,-1.8121157,0.9890724674496074,1.0,False
lncRNA:CR45461,-0.01369606,-2.5402415,0.9890724674496074,1.0,False
Muc68Ca,-0.01369606,-2.7407968,0.9890724674496074,1.0,False
mir-4984,-0.01369606,-2.060971,0.9890724674496074,1.0,False
CG10205,-0.01369606,-2.2331953,0.9890724674496074,1.0,False
lncRNA:CR33218,-0.01369606,-1.023859,0.9890724674496074,1.0,False
CG12826,-0.01369606,-3.079276,0.9890724674496074,1.0,False
lncRNA:CR44830,-0.01369606,-1.1501769,0.9890724674496074,1.0,False
asRNA:CR44382,-0.01369606,-0.6381194,0.9890724674496074,1.0,False
E(spl)m2-BFM,-0.01369606,-1.1666279,0.9890724674496074,1.0,False
Gpo2,-0.01369606,-0.7471676,0.9890724674496074,1.0,False
lncRNA:CR44068,-0.01369606,-1.5350338,0.9890724674496074,1.0,False
lncRNA:CR45562,-0.01369606,-1.4434737,0.9890724674496074,1.0,False
CG1632,-0.01369606,-2.7323077,0.9890724674496074,1.0,False
tap,-0.01369606,-1.1033589,0.9890724674496074,1.0,False
CG10041,-0.01369606,-2.5067449,0.9890724674496074,1.0,False
CG14731,-0.01369606,-1.9926451,0.9890724674496074,1.0,False
CG33784,-0.01369606,-1.1816964,0.9890724674496074,1.0,False
mt:tRNA:Leu-TAG,-0.01369606,-1.368937,0.9890724674496074,1.0,False
CG12853,-0.01369606,-3.3337874,0.9890724674496074,1.0,False
Cpr49Ac,-0.01369606,-1.2244393,0.9890724674496074,1.0,False
CG43244,-0.01369606,-1.3772647,0.9890724674496074,1.0,False
CG9672,-0.01369606,-2.2303889,0.9890724674496074,1.0,False
c(2)M,-0.01369606,-2.1308725,0.9890724674496074,1.0,False
lncRNA:CR43853,-0.01369606,-2.459343,0.9890724674496074,1.0,False
CG3491,-0.01369606,-1.5328926,0.9890724674496074,1.0,False
CG12985,-0.01369606,-1.9660015,0.9890724674496074,1.0,False
CG6661,-0.01369606,-2.1077495,0.9890724674496074,1.0,False
CG10877,-0.01369606,-0.7158817,0.9890724674496074,1.0,False
lncRNA:CR45680,-0.01369606,-2.1196444,0.9890724674496074,1.0,False
CG13527,-0.01369606,-1.4823974,0.9890724674496074,1.0,False
CG14221,-0.01369606,-1.6324826,0.9890724674496074,1.0,False
lncRNA:CR45020,-0.01369606,-1.1741575,0.9890724674496074,1.0,False
CG33772,-0.01369606,-1.9637935,0.9890724674496074,1.0,False
CG14455,-0.01369606,-3.0321832,0.9890724674496074,1.0,False
knon,-0.01369606,-1.3304828,0.9890724674496074,1.0,False
lncRNA:CR45898,-0.01369606,-1.3416673,0.9890724674496074,1.0,False
mir-4976,-0.01369606,-1.7253184,0.9890724674496074,1.0,False
Mdr50,-0.01369606,-3.2455895,0.9890724674496074,1.0,False
lncRNA:CR43495,-0.01369606,-4.188573,0.9890724674496074,1.0,False
asRNA:CR45895,-0.01369606,-1.1760485,0.9890724674496074,1.0,False
lncRNA:CR43817,-0.01369606,-0.65432924,0.9890724674496074,1.0,False
CG43814,-0.01369606,-3.1760335,0.9890724674496074,1.0,False
lncRNA:CR33963,-0.01369606,-0.04957261,0.9890724674496074,1.0,False
Obp83ef,-0.01369606,-4.1185093,0.9890724674496074,1.0,False
CG18605,-0.01369606,-1.3428493,0.9890724674496074,1.0,False
asRNA:CR45271,-0.01369606,-2.5689883,0.9890724674496074,1.0,False
CG42470,-0.01369606,-1.5359215,0.9890724674496074,1.0,False
CG31924,-0.01369606,-1.9728854,0.9890724674496074,1.0,False
Cad88C,-0.01369606,-1.9221339,0.9890724674496074,1.0,False
Lip2,-0.01369606,-3.2123075,0.9890724674496074,1.0,False
asRNA:CR46069,-0.01369606,-1.4806119,0.9890724674496074,1.0,False
antr,-0.01369606,-3.3434694,0.9890724674496074,1.0,False
asRNA:CR42860,-0.01369606,-1.5328854,0.9890724674496074,1.0,False
CG15879,-0.01369606,-1.7190691,0.9890724674496074,1.0,False
lncRNA:CR45240,-0.01369606,-1.4376925,0.9890724674496074,1.0,False
snoRNA:Psi18S-1377c,-0.01369606,-1.9414946,0.9890724674496074,1.0,False
lncRNA:CR45940,-0.01369606,-2.956256,0.9890724674496074,1.0,False
Cpr66D,-0.01369606,-1.7501426,0.9890724674496074,1.0,False
ND-51L2,-0.01369606,-2.5520027,0.9890724674496074,1.0,False
lncRNA:CR45791,-0.01369606,-0.4385843,0.9890724674496074,1.0,False
lncRNA:CR45225,-0.01369606,-2.949584,0.9890724674496074,1.0,False
CG13457,-0.01369606,-1.4414337,0.9890724674496074,1.0,False
lncRNA:CR44056,-0.01369606,-1.7896878,0.9890724674496074,1.0,False
sing,-0.01369606,-2.57664,0.9890724674496074,1.0,False
lncRNA:CR44970,-0.01369606,-1.1626328,0.9890724674496074,1.0,False
snoRNA:SC35-a,-0.01369606,-1.3173401,0.9890724674496074,1.0,False
CG13501,-0.01369606,-1.3803109,0.9890724674496074,1.0,False
CG2444,-0.01369606,-2.8639479,0.9890724674496074,1.0,False
lncRNA:CR44915,-0.01369606,-0.85506356,0.9890724674496074,1.0,False
snoRNA:Psi18S-525g,-0.01369606,-2.5874941,0.9890724674496074,1.0,False
CG12003,-0.01369606,-2.0678558,0.9890724674496074,1.0,False
lncRNA:CR43899,-0.01369606,-3.4401202,0.9890724674496074,1.0,False
lncRNA:CR44655,-0.01369606,-0.34986338,0.9890724674496074,1.0,False
CG6106,-0.01369606,-1.7049508,0.9890724674496074,1.0,False
CG14297,-0.01369606,-1.7693743,0.9890724674496074,1.0,False
Amy-p,-0.01369606,-1.8196977,0.9890724674496074,1.0,False
asRNA:CR45202,-0.01369606,-1.3283647,0.9890724674496074,1.0,False
CG30350,-0.01369606,-1.7062495,0.9890724674496074,1.0,False
CG6034,-0.01369606,-1.4747039,0.9890724674496074,1.0,False
mAChR-C,-0.01369606,-1.812932,0.9890724674496074,1.0,False
CG5909,-0.01369606,-2.8436406,0.9890724674496074,1.0,False
topi,-0.01369606,-1.9965084,0.9890724674496074,1.0,False
lncRNA:CR46235,-0.01369606,-2.5070097,0.9890724674496074,1.0,False
CG31787,-0.01369606,-2.9541707,0.9890724674496074,1.0,False
asRNA:CR45016,-0.01369606,-2.9621332,0.9890724674496074,1.0,False
lncRNA:CR43605,-0.013699482,-0.9824871,0.9890697364201044,1.0,False
dsb,-0.013699482,-0.6613513,0.9890697364201044,1.0,False
Tmhs,-0.013699482,-1.2605271,0.9890697364201044,1.0,False
mesh,-0.013699482,-0.69229156,0.9890697364201044,1.0,False
slf,-0.013699482,-0.32136208,0.9890697364201044,1.0,False
Tsp74F,-0.013699482,-1.5261167,0.9890697364201044,1.0,False
Lst,-0.013699482,-0.34559742,0.9890697364201044,1.0,False
asRNA:CR44724,-0.013699482,-1.8784201,0.9890697364201044,1.0,False
lncRNA:CR44133,-0.013699482,-0.64437723,0.9890697364201044,1.0,False
lncRNA:CR40341,-0.013699482,-1.8233837,0.9890697364201044,1.0,False
CG7695,-0.013699482,-1.1748087,0.9890697364201044,1.0,False
Xkr,-0.013699482,-0.38692856,0.9890697364201044,1.0,False
Duox,-0.013701194,-0.35688356,0.9890683709054009,1.0,False
CG15446,-0.013702906,-1.3973454,0.9890670053907294,1.0,False
CG43149,-0.013702906,-3.582336,0.9890670053907294,1.0,False
lncRNA:CR45685,-0.013702906,-1.3946335,0.9890670053907294,1.0,False
lncRNA:CR44660,-0.013702906,-1.6380562,0.9890670053907294,1.0,False
Mhc,-0.013702906,-0.21222973,0.9890670053907294,1.0,False
scaRNA:MeU4-A65,-0.013702906,-1.5675764,0.9890670053907294,1.0,False
lncRNA:CR45734,-0.013702906,-0.8492956,0.9890670053907294,1.0,False
psh,-0.013702906,-2.2367113,0.9890670053907294,1.0,False
lobo,-0.013702906,-0.5743337,0.9890670053907294,1.0,False
lncRNA:CR32553,-0.013702906,-2.1770692,0.9890670053907294,1.0,False
CG12507,-0.013702906,-1.2003914,0.9890670053907294,1.0,False
PGRP-SB1,-0.013702906,-0.8151314,0.9890670053907294,1.0,False
lncRNA:CR44170,-0.013702906,-0.6390623,0.9890670053907294,1.0,False
asRNA:CR45882,-0.013702906,-1.5698417,0.9890670053907294,1.0,False
mir-4955,-0.013702906,-0.37217456,0.9890670053907294,1.0,False
snoRNA:CD71,-0.013702906,-0.34747103,0.9890670053907294,1.0,False
Dnali1,-0.013702906,-1.6810718,0.9890670053907294,1.0,False
DIP-iota,-0.013706328,-0.20317969,0.9890642743614825,1.0,False
comm2,-0.013706328,-1.1787833,0.9890642743614825,1.0,False
Tie,-0.013706328,-0.86894244,0.9890642743614825,1.0,False
lncRNA:CR45196,-0.013706328,-0.81065094,0.9890642743614825,1.0,False
Cyp4g1,-0.013706328,-1.2496145,0.9890642743614825,1.0,False
Tg,-0.013709752,-1.4295887,0.9890615433323637,1.0,False
alphaTry,-0.013709752,-0.8988079,0.9890615433323637,1.0,False
iav,-0.013709752,-0.5596884,0.9890615433323637,1.0,False
lncRNA:CR44717,-0.013713175,-0.4373507,0.9890588123033732,1.0,False
CG17994,-0.013713175,-0.63637275,0.9890588123033732,1.0,False
CG2736,-0.013713175,-0.4434615,0.9890588123033732,1.0,False
lncRNA:CR45387,-0.013713175,-2.3695743,0.9890588123033732,1.0,False
Tsp42Ep,-0.013713175,0.045666266,0.9890588123033732,1.0,False
CG13716,-0.013716598,-0.58744246,0.9890560812745108,1.0,False
CheB53a,-0.013716598,-1.2670255,0.9890560812745108,1.0,False
clos,-0.013720022,-0.6501461,0.9890533502457767,1.0,False
CG5768,-0.013720022,-0.51381516,0.9890533502457767,1.0,False
gom,-0.013720022,-0.1597281,0.9890533502457767,1.0,False
CG14752,-0.013720022,-0.42196694,0.9890533502457767,1.0,False
Cyp6a9,-0.013720022,-0.70841116,0.9890533502457767,1.0,False
RpS5b,-0.013720022,-1.5294088,0.9890533502457767,1.0,False
Cyp9b2,-0.013723444,-1.3602861,0.9890506192171709,1.0,False
CG8072,-0.013723444,-1.6151178,0.9890506192171709,1.0,False
Dnah3,-0.013726868,-0.51171523,0.9890478881886933,1.0,False
CG15144,-0.01373029,-1.1706812,0.989045157160344,1.0,False
CG15071,-0.01373029,-0.40281,0.989045157160344,1.0,False
Odc1,-0.01373029,-0.43390107,0.989045157160344,1.0,False
Cep290,-0.013737137,-0.17227049,0.9890396951040307,1.0,False
CG3557,-0.013737137,-1.4116985,0.9890396951040307,1.0,False
CG15861,-0.013737137,-0.28629383,0.9890396951040307,1.0,False
Cln7,-0.013743984,-0.43053573,0.989034233048231,1.0,False
Mlp60A,-0.013743984,-0.7976793,0.989034233048231,1.0,False
qjt,-0.013747406,-0.6324725,0.9890315020205239,1.0,False
tobi,-0.013747406,-0.5086583,0.9890315020205239,1.0,False
lncRNA:CR45170,-0.013747406,-0.9283664,0.9890315020205239,1.0,False
CG3699,-0.013754253,-0.8206692,0.9890260399654952,1.0,False
alpha-Est3,-0.013754253,-0.89729416,0.9890260399654952,1.0,False
CG11438,-0.013754253,-0.9138397,0.9890260399654952,1.0,False
Jabba,-0.013754253,-0.28247744,0.9890260399654952,1.0,False
asRNA:CR46055,-0.013771369,-0.7325804,0.9890123848301744,1.0,False
CG42846,-0.013778215,-0.7169065,0.9890069227769471,1.0,False
Kaz1-ORFB,-0.013781638,-0.2247208,0.9890041917505267,1.0,False
ro,-0.013781638,-0.9324733,0.9890041917505267,1.0,False
CG5381,-0.013791908,-0.2247048,0.9889959986720385,1.0,False
GstT4,-0.013802177,-1.0239493,0.9889878055947107,1.0,False
Nans,-0.013819293,-0.4584822,0.9889741504684121,1.0,False
CG34221,-0.013822716,-0.51630867,0.9889714194435398,1.0,False
CG6652,-0.013826139,-0.8549414,0.9889686884187967,1.0,False
tous,-0.013839832,-0.39525583,0.9889577643211175,1.0,False
asRNA:CR45208,-0.013839832,-0.63933945,0.9889577643211175,1.0,False
CG12011,-0.013856947,-0.16286495,0.9889441092019298,1.0,False
CG34180,-0.013870641,-0.77285874,0.9889331851089113,1.0,False
magu,-0.013870641,-0.2596761,0.9889331851089113,1.0,False
CG4592,-0.013877487,-0.29979053,0.9889277230631799,1.0,False
tfc,-0.013891179,-0.10424496,0.9889167989732742,1.0,False
Gr61a,-0.013891179,-0.9708481,0.9889167989732742,1.0,False
CG34166,-0.013925411,-0.6994721,0.9888894887576052,1.0,False
CG11655,-0.0139356805,-0.36516073,0.9888812956954417,1.0,False
CG14609,-0.013980181,-0.20751745,0.9888457924396264,1.0,False
CG6891,-0.013997297,-0.46394163,0.9888321373471136,1.0,False
CG13978,-0.014017836,-0.31435293,0.9888157512404167,1.0,False
CG31869,-0.014038375,-0.2735824,0.9887993651384375,1.0,False
cort,-0.014089722,-0.4246243,0.9887583999041751,1.0,False
lncRNA:CR46271,-0.0140948575,-0.19019969,0.9887543033823772,1.0,False
CG31467,-0.014144493,-0.16839182,0.9887147036869647,1.0,False
coil,-0.014202687,-0.33625388,0.9886682764932727,1.0,False
CG7997,-0.014216379,-0.24310184,0.9886573524532689,1.0,False
CG14223,-0.014329344,-0.38019538,0.9885672292045645,1.0,False
mei-41,-0.01444402,-0.2230342,0.9884757406013129,1.0,False
CG17637,-0.014610043,-0.30034468,0.9883432872206586,1.0,False
CG11583,-0.014709314,-0.21287468,0.9882640884452722,1.0,False
CG30496,-0.014858222,-0.21925785,0.9881452904992754,1.0,False
CG4332,-0.015048207,-0.098148905,0.9879937210880612,1.0,False
CG6231,-0.01519198,-0.07687323,0.9878790201997529,1.0,False
CG5160,-0.015205672,-0.28790876,0.9878680963186572,1.0,False
mus81,-0.015349445,-0.42395243,0.9877533957048609,1.0,False
pb,-0.015970748,-0.12375617,0.9872577281358641,1.0,False
wcd,-0.016290814,-0.17532963,0.9870023861440758,1.0,False
CG13667,-0.01635243,-0.403813,0.9869532295490114,1.0,False
tim,-0.017004542,-0.17061086,0.9864329919903603,1.0,False
lin,-0.01728524,-0.25926223,0.986209059476234,1.0,False
CG32457,-0.017319473,-0.4154601,0.9861817507070244,1.0,False
CG3955,-0.017550536,-0.08798649,0.9859974169399498,1.0,False
CG2875,-0.018125627,-0.1941446,0.9855386339419776,1.0,False
CG1407,-0.018599734,-0.27392823,0.9851604146434764,1.0,False
meng,-0.019275809,-0.19195744,0.9846210824445344,1.0,False
Brms1,-0.019474352,-0.2136328,0.9844626976038645,1.0,False
CG5910,-0.020763172,-0.3867245,0.9834345766940024,1.0,False
Prp3,-0.02134682,-0.15660995,0.9829689956949264,1.0,False
CG7988,-0.021997219,-0.27267832,0.9824501732699349,1.0,False
CG31229,-0.022221437,-0.22317076,0.9822713177749416,1.0,False
Spase25,-0.022380613,-0.18210438,0.982144344566939,1.0,False
Gmppa,-0.022488443,-0.29530054,0.9820583307150954,1.0,False
CG5555,-0.0230584,-0.27860397,0.981603689558278,1.0,False
NiPp1,-0.02316794,-0.25287825,0.9815163117576584,1.0,False
CG9890,-0.025278317,-0.23694396,0.9798329683521201,1.0,False
NetA,-0.026767392,0.002336772,0.9786452613904998,1.0,False
uri,-0.02677766,-0.46543577,0.9786370704693463,1.0,False
so,-0.027202133,0.03869518,0.9782985143757936,1.0,False
SerT,-0.027222672,0.048752848,0.9782821327279929,1.0,False
CG31415,-0.027258616,0.2203311,0.9782534648663855,1.0,False
CG14331,-0.02729627,-0.075213164,0.9782234318986376,1.0,False
peb,-0.027311673,0.106501766,0.9782111456934536,1.0,False
lncRNA:CR45217,-0.027313385,0.2732789,0.9782097805598632,1.0,False
lncRNA:CR43287,-0.027335636,0.15495032,0.9781920338289981,1.0,False
lncRNA:CR44776,-0.027342483,-0.15842594,0.9781865732985954,1.0,False
IM33,-0.027344193,-0.13266526,0.9781852081661544,1.0,False
ry,-0.027347617,-0.110794365,0.9781824779014642,1.0,False
lncRNA:CR44943,-0.027347617,-0.057630364,0.9781824779014642,1.0,False
Notum,-0.027354464,-0.05799063,0.9781770173728505,1.0,False
Mps1,-0.027356176,-0.13627127,0.9781756522408568,1.0,False
gcm,-0.027357887,-0.14229922,0.9781742871089271,1.0,False
CG8736,-0.027368156,-0.24550739,0.9781660963186912,1.0,False
lncRNA:CR45340,-0.027368156,-0.22389437,0.9781660963186912,1.0,False
Snmp1,-0.02737158,-0.19963202,0.9781633660557908,1.0,False
asRNA:CR45873,-0.02737158,-0.20122738,0.9781633660557908,1.0,False
CG2930,-0.02737158,-0.24785735,0.9781633660557908,1.0,False
RnrS,-0.02737158,-0.23734634,0.9781633660557908,1.0,False
lncRNA:CR45810,-0.02737158,-0.1598475,0.9781633660557908,1.0,False
CG7362,-0.027373292,-0.31556085,0.9781620009244365,1.0,False
CG4928,-0.027375003,-0.11916869,0.9781606357931462,1.0,False
CG9550,-0.027375003,-0.2892692,0.9781606357931462,1.0,False
CG9497,-0.027375003,-0.7189338,0.9781606357931462,1.0,False
TrxT,-0.027376715,-0.30944687,0.9781592706619198,1.0,False
CG7910,-0.027376715,-0.28410423,0.9781592706619198,1.0,False
CG6753,-0.027378425,-0.8712095,0.9781579055307574,1.0,False
lncRNA:CR44567,-0.027378425,-0.49498418,0.9781579055307574,1.0,False
lncRNA:CR44741,-0.027378425,-0.44091666,0.9781579055307574,1.0,False
clumsy,-0.027378425,-0.1006191,0.9781579055307574,1.0,False
Est-Q,-0.027380137,-0.6588417,0.978156540399659,1.0,False
BomT1,-0.027380137,-1.1327145,0.978156540399659,1.0,False
lncRNA:CR32385,-0.027380137,-1.1780877,0.978156540399659,1.0,False
CG13724,-0.027380137,-0.4056018,0.978156540399659,1.0,False
ds,-0.027380137,-1.2617917,0.978156540399659,1.0,False
lncRNA:CR43973,-0.027380137,-0.013247842,0.978156540399659,1.0,False
CG33110,-0.027380137,-0.48828983,0.978156540399659,1.0,False
CG43094,-0.027380137,-0.86330587,0.978156540399659,1.0,False
lncRNA:CR43792,-0.027380137,-0.47886336,0.978156540399659,1.0,False
CG15719,-0.027380137,-1.0963869,0.978156540399659,1.0,False
prc,-0.027380137,-0.17386675,0.978156540399659,1.0,False
CG13318,-0.027380137,-0.3094977,0.978156540399659,1.0,False
Spn42Dc,-0.027380137,-0.84017104,0.978156540399659,1.0,False
snoRNA:Psi18S-1377d,-0.027380137,-0.8097378,0.978156540399659,1.0,False
CG9458,-0.027380137,-0.45599344,0.978156540399659,1.0,False
Drsl4,-0.027380137,-0.92288566,0.978156540399659,1.0,False
CG13022,-0.027380137,-0.72220784,0.978156540399659,1.0,False
Srr,-0.027381849,-0.5111939,0.9781551752686245,1.0,False
GC2,-0.027381849,-0.8233025,0.9781551752686245,1.0,False
CG1394,-0.027381849,-0.86017776,0.9781551752686245,1.0,False
CG32199,-0.02738356,-1.7267625,0.9781538101376541,1.0,False
CG33285,-0.02738356,-1.5156344,0.9781538101376541,1.0,False
lncRNA:CR44761,-0.02738356,-1.4330647,0.9781538101376541,1.0,False
CG5162,-0.02738356,-1.1681441,0.9781538101376541,1.0,False
lncRNA:CR44760,-0.02738356,-1.2479901,0.9781538101376541,1.0,False
SPH93,-0.02738356,-1.4227575,0.9781538101376541,1.0,False
CG14062,-0.02738356,-1.3597091,0.9781538101376541,1.0,False
CG32037,-0.02738356,-1.6227207,0.9781538101376541,1.0,False
Cad99C,-0.02738356,-1.0276542,0.9781538101376541,1.0,False
CG14400,-0.02738356,-1.4602087,0.9781538101376541,1.0,False
CG3347,-0.02738356,-0.83287877,0.9781538101376541,1.0,False
polo,-0.027385272,-18.698,0.9781524450067476,1.0,False
Mov10,-0.027385272,-19.18028,0.9781524450067476,1.0,False
lncRNA:CR44197,-0.027385272,-18.78954,0.9781524450067476,1.0,False
CG13069,-0.027385272,-17.933298,0.9781524450067476,1.0,False
Obp28a,-0.027385272,-18.88215,0.9781524450067476,1.0,False
CG31041,-0.027385272,-18.115707,0.9781524450067476,1.0,False
CG3323,-0.027385272,-18.60876,0.9781524450067476,1.0,False
lncRNA:CR42765,-0.027385272,-0.96087664,0.9781524450067476,1.0,False
CG18180,-0.027385272,-19.011799,0.9781524450067476,1.0,False
lncRNA:CR44344,-0.027385272,-17.907837,0.9781524450067476,1.0,False
E(spl)m7-HLH,-0.027385272,-19.134462,0.9781524450067476,1.0,False
MESK4,-0.027385272,-17.542065,0.9781524450067476,1.0,False
whe,-0.027385272,-19.471136,0.9781524450067476,1.0,False
lcs,-0.027385272,-20.034195,0.9781524450067476,1.0,False
fan,-0.027385272,-18.62767,0.9781524450067476,1.0,False
CatB,-0.027385272,-18.542612,0.9781524450067476,1.0,False
CG15330,-0.027385272,-18.262808,0.9781524450067476,1.0,False
CG31076,-0.027385272,-19.37285,0.9781524450067476,1.0,False
CG4306,-0.027385272,-18.706371,0.9781524450067476,1.0,False
CG14383,-0.027385272,-18.956797,0.9781524450067476,1.0,False
CG5883,-0.027385272,-18.71696,0.9781524450067476,1.0,False
Muc30E,-0.027385272,-18.30828,0.9781524450067476,1.0,False
Gr33a,-0.027385272,-1.0855638,0.9781524450067476,1.0,False
CheA87a,-0.027385272,-18.152042,0.9781524450067476,1.0,False
CG34203,-0.027385272,-18.016481,0.9781524450067476,1.0,False
lncRNA:CR46259,-0.027385272,-18.380466,0.9781524450067476,1.0,False
lncRNA:CR45550,-0.027385272,-18.780085,0.9781524450067476,1.0,False
CG14069,-0.027385272,-18.410152,0.9781524450067476,1.0,False
Hgd,-0.027385272,-1.2448123,0.9781524450067476,1.0,False
CG8541,-0.027385272,-19.071838,0.9781524450067476,1.0,False
lncRNA:CR44075,-0.027385272,-17.324078,0.9781524450067476,1.0,False
lncRNA:CR45123,-0.027385272,-18.83201,0.9781524450067476,1.0,False
mir-2282,-0.027385272,-18.822266,0.9781524450067476,1.0,False
lncRNA:CR45013,-0.027385272,-19.434013,0.9781524450067476,1.0,False
janB,-0.027385272,-17.922012,0.9781524450067476,1.0,False
CG30395,-0.027385272,-18.666319,0.9781524450067476,1.0,False
Act88F,-0.027385272,-18.571226,0.9781524450067476,1.0,False
CG13694,-0.027385272,-18.093672,0.9781524450067476,1.0,False
CG4835,-0.027385272,-17.099386,0.9781524450067476,1.0,False
asRNA:CR43472,-0.027385272,-18.62563,0.9781524450067476,1.0,False
asRNA:CR43257,-0.027385272,-18.808815,0.9781524450067476,1.0,False
CG14421,-0.027385272,-17.827467,0.9781524450067476,1.0,False
DptA,-0.027385272,-19.195234,0.9781524450067476,1.0,False
Cad74A,-0.027385272,-18.818184,0.9781524450067476,1.0,False
Cpr60D,-0.027385272,-17.715736,0.9781524450067476,1.0,False
Tsp42Eh,-0.027385272,-18.773458,0.9781524450067476,1.0,False
Or43a,-0.027385272,-18.073605,0.9781524450067476,1.0,False
CG17107,-0.027385272,-19.669619,0.9781524450067476,1.0,False
CG11841,-0.027385272,-19.036833,0.9781524450067476,1.0,False
Gr66a,-0.027385272,-18.688513,0.9781524450067476,1.0,False
CG13042,-0.027385272,-18.916515,0.9781524450067476,1.0,False
insb,-0.027385272,-18.321457,0.9781524450067476,1.0,False
APC7,-0.027385272,-18.659016,0.9781524450067476,1.0,False
CG43185,-0.027385272,-18.880098,0.9781524450067476,1.0,False
Pcp,-0.027385272,-18.619913,0.9781524450067476,1.0,False
CG12617,-0.027385272,-18.947342,0.9781524450067476,1.0,False
CG8958,-0.027385272,-18.123487,0.9781524450067476,1.0,False
CG17575,-0.027385272,-17.995964,0.9781524450067476,1.0,False
CG15822,-0.027385272,-17.615768,0.9781524450067476,1.0,False
CG11977,-0.027385272,-18.777977,0.9781524450067476,1.0,False
lncRNA:CR45888,-0.027385272,-19.141394,0.9781524450067476,1.0,False
asRNA:CR45686,-0.027385272,-18.814373,0.9781524450067476,1.0,False
CG33177,-0.027385272,-18.62944,0.9781524450067476,1.0,False
CG5783,-0.027385272,-18.347118,0.9781524450067476,1.0,False
CG9400,-0.027385272,-18.543686,0.9781524450067476,1.0,False
sphe,-0.027385272,-17.936335,0.9781524450067476,1.0,False
CG15865,-0.027385272,-19.386208,0.9781524450067476,1.0,False
CG33235,-0.027385272,-18.73134,0.9781524450067476,1.0,False
Lectin-galC1,-0.027385272,-18.34011,0.9781524450067476,1.0,False
CG13965,-0.027385272,-18.084404,0.9781524450067476,1.0,False
CG11674,-0.027385272,-18.18393,0.9781524450067476,1.0,False
CG2750,-0.027385272,-19.186419,0.9781524450067476,1.0,False
Cpr76Bc,-0.027385272,-19.06602,0.9781524450067476,1.0,False
asRNA:CR45326,-0.027385272,-18.493765,0.9781524450067476,1.0,False
CG14020,-0.027385272,-18.86561,0.9781524450067476,1.0,False
CG13639,-0.027385272,-18.479757,0.9781524450067476,1.0,False
lncRNA:CR44679,-0.027385272,-18.60074,0.9781524450067476,1.0,False
CG6576,-0.027385272,-19.295183,0.9781524450067476,1.0,False
mir-4946,-0.027385272,-18.834608,0.9781524450067476,1.0,False
Cad86C,-0.027385272,-18.954117,0.9781524450067476,1.0,False
tin,-0.027385272,-17.26613,0.9781524450067476,1.0,False
CG43168,-0.027385272,-18.950647,0.9781524450067476,1.0,False
CG4374,-0.027385272,-18.731892,0.9781524450067476,1.0,False
CG31230,-0.027385272,-18.569773,0.9781524450067476,1.0,False
CG7142,-0.027385272,-19.07667,0.9781524450067476,1.0,False
borr,-0.027385272,-0.71819794,0.9781524450067476,1.0,False
CG40198,-0.027385272,-18.961288,0.9781524450067476,1.0,False
snoRNA:Psi28S-1192a,-0.027385272,-18.390003,0.9781524450067476,1.0,False
Xport-B,-0.027385272,-18.185417,0.9781524450067476,1.0,False
Cyp4d20,-0.027385272,-18.594566,0.9781524450067476,1.0,False
MtnD,-0.027385272,-18.82424,0.9781524450067476,1.0,False
CG12224,-0.027385272,-18.508465,0.9781524450067476,1.0,False
lncRNA:CR45356,-0.027385272,-18.180271,0.9781524450067476,1.0,False
snoRNA:Psi28S-2648,-0.027385272,-1.193124,0.9781524450067476,1.0,False
lncRNA:CR46007,-0.027385272,-19.214716,0.9781524450067476,1.0,False
asRNA:CR46050,-0.027385272,-18.789276,0.9781524450067476,1.0,False
Acsx4,-0.027385272,-18.494795,0.9781524450067476,1.0,False
Skadu,-0.027385272,-18.797413,0.9781524450067476,1.0,False
esg,-0.027385272,-18.693974,0.9781524450067476,1.0,False
CG45078,-0.027385272,-18.784288,0.9781524450067476,1.0,False
Daao2,-0.027385272,-18.794912,0.9781524450067476,1.0,False
CG17298,-0.027385272,-18.785612,0.9781524450067476,1.0,False
lncRNA:CR32835,-0.027385272,-18.798883,0.9781524450067476,1.0,False
CG14292,-0.027385272,-17.025246,0.9781524450067476,1.0,False
CG15905,-0.027385272,-18.481627,0.9781524450067476,1.0,False
lectin-24A,-0.027385272,-17.117039,0.9781524450067476,1.0,False
CG34284,-0.027385272,-19.047113,0.9781524450067476,1.0,False
Ugt36A1,-0.027385272,-18.292332,0.9781524450067476,1.0,False
lncRNA:CR45463,-0.027385272,-18.540178,0.9781524450067476,1.0,False
lncRNA:CR45215,-0.027385272,-19.06197,0.9781524450067476,1.0,False
CG14634,-0.027385272,-17.999336,0.9781524450067476,1.0,False
Cpr31A,-0.027385272,-17.665138,0.9781524450067476,1.0,False
yellow-e,-0.027385272,-19.39161,0.9781524450067476,1.0,False
lncRNA:CR43807,-0.027385272,-18.818771,0.9781524450067476,1.0,False
CG7387,-0.027385272,-18.129358,0.9781524450067476,1.0,False
CG13872,-0.027386984,-2.3983574,0.9781510798759051,1.0,False
Cyp4c3,-0.027386984,-0.7437195,0.9781510798759051,1.0,False
Ance-4,-0.027386984,-0.6522732,0.9781510798759051,1.0,False
Ccp84Ag,-0.027386984,-3.059852,0.9781510798759051,1.0,False
lncRNA:CR44377,-0.027386984,-1.6220129,0.9781510798759051,1.0,False
CG8630,-0.027386984,-1.5166627,0.9781510798759051,1.0,False
CG12592,-0.027386984,-0.6526339,0.9781510798759051,1.0,False
CG32971,-0.027386984,-2.0621922,0.9781510798759051,1.0,False
asRNA:CR44996,-0.027386984,-1.8178737,0.9781510798759051,1.0,False
lncRNA:CR44991,-0.027386984,-1.6079233,0.9781510798759051,1.0,False
Spn42De,-0.027386984,-1.7036798,0.9781510798759051,1.0,False
CG5882,-0.027386984,-0.54448307,0.9781510798759051,1.0,False
Kal1,-0.027386984,-1.8636895,0.9781510798759051,1.0,False
CG14342,-0.027388696,-1.5282145,0.9781497147451266,1.0,False
CG15130,-0.027388696,-1.4320145,0.9781497147451266,1.0,False
CG18304,-0.027388696,-0.9918287,0.9781497147451266,1.0,False
ppk26,-0.027388696,-0.5146778,0.9781497147451266,1.0,False
Takl2,-0.027388696,-0.8940916,0.9781497147451266,1.0,False
CG32371,-0.027388696,-1.466728,0.9781497147451266,1.0,False
CG9312,-0.027388696,-1.5611655,0.9781497147451266,1.0,False
CG7094,-0.027388696,-1.0971934,0.9781497147451266,1.0,False
Pvf2,-0.027388696,-0.5364533,0.9781497147451266,1.0,False
CG32985,-0.027390407,-3.5907717,0.9781483496144121,1.0,False
asRNA:CR46133,-0.027390407,-2.2479124,0.9781483496144121,1.0,False
pav,-0.027390407,-2.037089,0.9781483496144121,1.0,False
sna,-0.027390407,-3.0017684,0.9781483496144121,1.0,False
CG33645,-0.027390407,-2.3386517,0.9781483496144121,1.0,False
Or9a,-0.027390407,-3.708445,0.9781483496144121,1.0,False
lncRNA:CR44301,-0.027390407,-2.912906,0.9781483496144121,1.0,False
CG1208,-0.027390407,-0.3614318,0.9781483496144121,1.0,False
Cad96Cb,-0.027390407,-3.1732476,0.9781483496144121,1.0,False
Glyat,-0.027390407,-2.3663054,0.9781483496144121,1.0,False
CG7968,-0.027390407,-2.3845932,0.9781483496144121,1.0,False
CG5639,-0.027390407,-3.1094942,0.9781483496144121,1.0,False
CG1441,-0.027390407,-3.0728023,0.9781483496144121,1.0,False
lncRNA:CR44041,-0.027390407,-2.237236,0.9781483496144121,1.0,False
CG4836,-0.027390407,-2.8480918,0.9781483496144121,1.0,False
CG8008,-0.027390407,-3.5833333,0.9781483496144121,1.0,False
CG33288,-0.027390407,-0.45723668,0.9781483496144121,1.0,False
lncRNA:CR45966,-0.027390407,-2.636241,0.9781483496144121,1.0,False
Gr93d,-0.027390407,-3.1855924,0.9781483496144121,1.0,False
CG43072,-0.027390407,-2.6538796,0.9781483496144121,1.0,False
CG11356,-0.027390407,-3.6168783,0.9781483496144121,1.0,False
CG9294,-0.027390407,-0.896897,0.9781483496144121,1.0,False
lncRNA:CR44281,-0.027390407,-3.5491226,0.9781483496144121,1.0,False
CG30323,-0.027390407,-2.424279,0.9781483496144121,1.0,False
FarO,-0.027390407,-3.0633836,0.9781483496144121,1.0,False
CG15824,-0.027390407,-1.8796656,0.9781483496144121,1.0,False
lncRNA:CR44149,-0.027390407,-3.4499424,0.9781483496144121,1.0,False
CG4781,-0.027390407,-3.8541243,0.9781483496144121,1.0,False
Gagr,-0.027390407,-2.9995153,0.9781483496144121,1.0,False
28SrRNA-Psi:CR45851,-0.02739212,-1.745229,0.9781469844837616,1.0,False
asRNA:CR45396,-0.02739212,-2.410467,0.9781469844837616,1.0,False
uif,-0.02739212,-1.4802657,0.9781469844837616,1.0,False
lncRNA:CR45480,-0.02739212,-1.2943879,0.9781469844837616,1.0,False
ss,-0.02739212,-0.7763362,0.9781469844837616,1.0,False
CG16800,-0.02739212,-1.7761209,0.9781469844837616,1.0,False
CG13841,-0.02739383,-0.70257527,0.978145619353175,1.0,False
aspr,-0.02739383,-0.8989639,0.978145619353175,1.0,False
TpnC73F,-0.02739383,-1.0826261,0.978145619353175,1.0,False
CG31102,-0.02739554,-0.8618216,0.9781442542226525,1.0,False
CG43680,-0.02739554,-0.8609742,0.9781442542226525,1.0,False
CG12581,-0.02739554,-1.9405621,0.9781442542226525,1.0,False
CG9673,-0.02739554,-0.822888,0.9781442542226525,1.0,False
CG14354,-0.027397253,-0.9782944,0.978142889092194,1.0,False
CG17450,-0.027397253,-0.66863877,0.978142889092194,1.0,False
Obp57c,-0.027397253,-1.3650956,0.978142889092194,1.0,False
Spn31A,-0.027398964,-2.115339,0.9781415239617995,1.0,False
CG31287,-0.027398964,-1.4581143,0.9781415239617995,1.0,False
Nuf2,-0.027398964,-0.7311824,0.9781415239617995,1.0,False
lncRNA:CR45048,-0.027398964,-0.33167425,0.9781415239617995,1.0,False
f,-0.027398964,-2.4988778,0.9781415239617995,1.0,False
mwh,-0.027398964,-2.4480698,0.9781415239617995,1.0,False
CG31337,-0.027400676,-0.8279346,0.9781401588314691,1.0,False
CG3640,-0.027400676,-1.7090156,0.9781401588314691,1.0,False
Acsx2,-0.027400676,-0.7125511,0.9781401588314691,1.0,False
CG34201,-0.027400676,-0.89432424,0.9781401588314691,1.0,False
CG34215,-0.027402388,-0.9449845,0.9781387937012026,1.0,False
asRNA:CR45999,-0.0274041,-1.7073693,0.9781374285710002,1.0,False
sphinx2,-0.027405811,-1.3394358,0.9781360634408618,1.0,False
CG32812,-0.027405811,-0.6264706,0.9781360634408618,1.0,False
Mink,-0.027405811,-0.7660577,0.9781360634408618,1.0,False
Dmel_CG12688,-0.027407523,-0.9036962,0.9781346983107875,1.0,False
CG4582,-0.027407523,-0.7874725,0.9781346983107875,1.0,False
CG34107,-0.027409235,-1.9789934,0.9781333331807771,1.0,False
lncRNA:CR43363,-0.027409235,-1.3616701,0.9781333331807771,1.0,False
Acp53C14a,-0.027410945,-1.912049,0.9781319680508309,1.0,False
lncRNA:CR44728,-0.027410945,-2.315632,0.9781319680508309,1.0,False
asRNA:CR45960,-0.027412657,-0.6165133,0.9781306029209487,1.0,False
CG13258,-0.027412657,-1.3504405,0.9781306029209487,1.0,False
lncRNA:CR43314,-0.027414368,-0.70122015,0.9781292377911305,1.0,False
CG31832,-0.02741608,-1.593008,0.9781278726613764,1.0,False
CR43309,-0.02741608,-1.6844157,0.9781278726613764,1.0,False
CG34445,-0.027419504,-0.9919166,0.9781251424020603,1.0,False
CG4975,-0.027422927,-0.93414813,0.9781224121430004,1.0,False
CG9444,-0.02742464,-1.6031713,0.9781210470135667,1.0,False
lncRNA:CR43890,-0.02742464,-1.7208489,0.9781210470135667,1.0,False
CG42810,-0.02742635,-0.45906168,0.978119681884197,1.0,False
TwdlV,-0.02742806,-1.4597224,0.9781183167548914,1.0,False
CG16736,-0.027429773,-1.118215,0.9781169516256498,1.0,False
CG10031,-0.027434908,-0.28704515,0.9781128562383098,1.0,False
GstE7,-0.027438331,-0.8026553,0.9781101259804036,1.0,False
CG17919,-0.027441755,-0.6866642,0.9781073957227537,1.0,False
Efhc1.1,-0.027446888,-1.2971666,0.9781033003367601,1.0,False
spd-2,-0.027452024,-0.9909517,0.9780992049513435,1.0,False
Kmn2,-0.027455447,-0.35795268,0.9780964746947198,1.0,False
CG14495,-0.027457159,-0.76693046,0.9780951095665041,1.0,False
PGRP-LE,-0.02745887,-0.26506522,0.9780937444383527,1.0,False
Bcat,-0.027464004,-0.9556161,0.9780896490542833,1.0,False
bw,-0.027464004,-0.698093,0.9780896490542833,1.0,False
SoYb,-0.027477697,-0.45512086,0.978078728032922,1.0,False
CG30159,-0.027479408,-0.081384316,0.9780773629055407,1.0,False
Sdr,-0.02748112,-0.1266513,0.9780759977782235,1.0,False
CG14257,-0.02749139,-0.5837396,0.9780678070156695,1.0,False
tn,-0.027496524,-0.6974292,0.9780637116352597,1.0,False
Debcl,-0.027503371,-0.1402054,0.978058251128946,1.0,False
Prosalpha5,-0.027510218,-0.182335,0.9780527906236605,1.0,False
mtDNA-helicase,-0.027511928,-0.57640165,0.9780514254974998,1.0,False
CG18473,-0.027541026,-0.3760943,0.9780282183626064,1.0,False
asRNA:CR45549,-0.027554719,-1.3698515,0.9780172973643845,1.0,False
mthl15,-0.027573546,-0.50601107,0.9780022809985578,1.0,False
Cyp28c1,-0.027573546,-0.452341,0.9780022809985578,1.0,False
link,-0.027575258,-0.9048027,0.9780009158747782,1.0,False
CG6503,-0.027580392,-0.16647139,0.977996820503826,1.0,False
mthl10,-0.02767453,-0.49017495,0.9779217388059317,1.0,False
ea,-0.027701914,-0.04773405,0.9778998968941518,1.0,False
CG42562,-0.027705338,-0.3624591,0.9778971666563441,1.0,False
Gsc,-0.027720742,-0.10366379,0.9778848805894139,1.0,False
Ada1-1,-0.027789205,-0.40574613,0.977830275911017,1.0,False
r,-0.027922709,-0.21759352,0.9777237970871819,1.0,False
Orco,-0.028189715,-0.25336528,0.9775108406321917,1.0,False
Nmt,-0.028208543,-0.27362052,0.9774958245322233,1.0,False
Syx4,-0.028463567,-0.28918025,0.9772924254204717,1.0,False
CG1847,-0.028525185,-0.179635,0.977243282231878,1.0,False
Nup75,-0.028593646,-0.23898269,0.9771886787903089,1.0,False
Bdp1,-0.029516188,-0.31933272,0.9764529079435722,1.0,False
CG33332,-0.029786618,-0.48377156,0.9762372312048977,1.0,False
CG31075,-0.030057048,-0.27261043,0.9760215562035315,1.0,False
Rad9,-0.030563675,-0.45040601,0.9756175115647099,1.0,False
Psat,-0.031291097,-0.28992203,0.9750373908709067,1.0,False
Bulli,-0.03165395,-0.30140063,0.9747480179359297,1.0,False
mRpS18B,-0.032199945,-0.2665374,0.9743125998421068,1.0,False
CCT2,-0.032528568,-0.25151435,0.9740505336995707,1.0,False
RnpS1,-0.032641534,-0.21697672,0.9739604491086438,1.0,False
Syx13,-0.032684322,-0.23297095,0.973926326244214,1.0,False
csul,-0.03348021,-0.28876883,0.9732916497313885,1.0,False
CG3386,-0.033868734,-0.26944834,0.97298182451959,1.0,False
Grd,-0.03449175,-0.11414941,0.9724850208155725,1.0,False
Rpe,-0.034553368,-0.2764673,0.972435886960291,1.0,False
CG3408,-0.036232427,-0.23337992,0.9710970302961337,1.0,False
not,-0.036751036,-0.20659968,0.970683515932548,1.0,False
CG32409,-0.036870845,-0.2988017,0.9705879856780691,1.0,False
beta-PheRS,-0.037163526,-0.3708729,0.9703546206909458,1.0,False
ERp60,-0.03725424,-0.20217386,0.9702822917063628,1.0,False
hay,-0.037700962,-0.18987042,0.9699261091518118,1.0,False
her,-0.039037704,-0.29498583,0.9688603269695893,1.0,False
Vps52,-0.039090764,-0.26407984,0.968818024330391,1.0,False
Hacl,-0.039830167,-0.3067639,0.9682285257683505,1.0,False
Dbp73D,-0.040608935,0.021299075,0.9676076606442146,1.0,False
CG32808,-0.04066884,-0.27810943,0.9675599025969853,1.0,False
CG9377,-0.040708207,-0.027913157,0.9675285188007192,1.0,False
Ino80,-0.040898193,-0.27875152,0.9673770585788405,1.0,False
lncRNA:CR45902,-0.040923867,0.19262911,0.967356591071431,1.0,False
lncRNA:CR45279,-0.04101629,0.010689659,0.9672829082229111,1.0,False
lncRNA:CR44353,-0.04102314,-0.017080415,0.9672774502452358,1.0,False
PolA2,-0.04103683,-0.102320276,0.9672665342944844,1.0,False
AdamTS-A,-0.041040253,-0.2270645,0.9672638053077549,1.0,False
lncRNA:CR44496,-0.041043676,-0.15196924,0.9672610763214087,1.0,False
CG42733,-0.0410471,-0.16090895,0.967258347335446,1.0,False
CG14642,-0.0410471,-0.32748294,0.967258347335446,1.0,False
lncRNA:CR43437,-0.0410471,-0.34738216,0.967258347335446,1.0,False
CG9372,-0.041050524,-0.24689655,0.9672556183498667,1.0,False
Hmgcl,-0.041053947,-0.36478424,0.9672528893646709,1.0,False
CG14196,-0.04105737,-0.20712383,0.9672501603798587,1.0,False
snoRNA:lola-b,-0.041060794,-0.44000503,0.9672474313954299,1.0,False
asRNA:CR45952,-0.041060794,-0.5102893,0.9672474313954299,1.0,False
CG12998,-0.041060794,-0.7062667,0.9672474313954299,1.0,False
CG33307,-0.041064214,-0.65612626,0.9672447024113847,1.0,False
FucTC,-0.041064214,-0.55792487,0.9672447024113847,1.0,False
asRNA:CR43471,-0.041064214,-0.54768693,0.9672447024113847,1.0,False
Vdup1,-0.041064214,-0.4370646,0.9672447024113847,1.0,False
CG9928,-0.041067638,-0.84972334,0.9672419734277232,1.0,False
eyg,-0.041067638,-1.1083293,0.9672419734277232,1.0,False
CG13154,-0.041067638,-0.40099934,0.9672419734277232,1.0,False
rib,-0.04107106,-1.4413495,0.9672392444444453,1.0,False
asRNA:CR43454,-0.04107106,-1.0008314,0.9672392444444453,1.0,False
CG45076,-0.04107106,-1.134916,0.9672392444444453,1.0,False
fzr2,-0.04107106,-0.5657631,0.9672392444444453,1.0,False
Mp20,-0.04107106,-1.4203954,0.9672392444444453,1.0,False
CG13086,-0.04107106,-1.4557477,0.9672392444444453,1.0,False
Hsp60C,-0.04107106,-1.0691887,0.9672392444444453,1.0,False
CG30334,-0.04107106,-0.7845544,0.9672392444444453,1.0,False
mdu,-0.041074485,-0.27914223,0.9672365154615511,1.0,False
Ptth,-0.041074485,-1.3474001,0.9672365154615511,1.0,False
CG43068,-0.041074485,-0.7852063,0.9672365154615511,1.0,False
CG44038,-0.041074485,-1.4314332,0.9672365154615511,1.0,False
CG42762,-0.041074485,-1.4930826,0.9672365154615511,1.0,False
CG17834,-0.041074485,-0.9709102,0.9672365154615511,1.0,False
CG11617,-0.041077908,-19.560081,0.9672337864790406,1.0,False
asRNA:CR44958,-0.041077908,-19.406527,0.9672337864790406,1.0,False
CG44014,-0.041077908,-19.85093,0.9672337864790406,1.0,False
CG5653,-0.041077908,-19.736252,0.9672337864790406,1.0,False
CG9649,-0.041077908,-1.5623583,0.9672337864790406,1.0,False
CG31321,-0.041077908,-19.131584,0.9672337864790406,1.0,False
CG15247,-0.041077908,-19.42159,0.9672337864790406,1.0,False
CG17290,-0.041077908,-18.541508,0.9672337864790406,1.0,False
CG13031,-0.041077908,-18.776716,0.9672337864790406,1.0,False
Gbp2,-0.041077908,-0.8129644,0.9672337864790406,1.0,False
CG8665,-0.041077908,-19.669954,0.9672337864790406,1.0,False
CAH9,-0.041077908,-19.512896,0.9672337864790406,1.0,False
Ktch,-0.041077908,-19.028467,0.9672337864790406,1.0,False
lncRNA:CR43279,-0.041077908,-19.117552,0.9672337864790406,1.0,False
CG13049,-0.041077908,-19.322994,0.9672337864790406,1.0,False
CG13250,-0.041077908,-19.217005,0.9672337864790406,1.0,False
CG32006,-0.041077908,-1.8176763,0.9672337864790406,1.0,False
CG32246,-0.041077908,-18.669855,0.9672337864790406,1.0,False
CG4213,-0.041077908,-18.91,0.9672337864790406,1.0,False
Crys,-0.041077908,-19.471964,0.9672337864790406,1.0,False
lncRNA:CR45593,-0.041077908,-18.271837,0.9672337864790406,1.0,False
CG14664,-0.041077908,-19.24196,0.9672337864790406,1.0,False
Takl1,-0.041077908,-18.812557,0.9672337864790406,1.0,False
CG32462,-0.041077908,-18.618027,0.9672337864790406,1.0,False
lncRNA:CR43424,-0.041077908,-19.28811,0.9672337864790406,1.0,False
asRNA:CR44975,-0.041077908,-19.554165,0.9672337864790406,1.0,False
CG17764,-0.041077908,-19.05515,0.9672337864790406,1.0,False
Obp57b,-0.041077908,-18.983322,0.9672337864790406,1.0,False
CG33939,-0.041077908,-19.219303,0.9672337864790406,1.0,False
CG13407,-0.041077908,-19.158756,0.9672337864790406,1.0,False
lncRNA:CR44260,-0.041077908,-18.838224,0.9672337864790406,1.0,False
CG43091,-0.041077908,-19.420206,0.9672337864790406,1.0,False
CG12974,-0.041077908,-18.421434,0.9672337864790406,1.0,False
CG13840,-0.041077908,-18.827705,0.9672337864790406,1.0,False
CG33766,-0.041077908,-19.36491,0.9672337864790406,1.0,False
qua,-0.041077908,-19.499426,0.9672337864790406,1.0,False
CG32686,-0.041077908,-18.909359,0.9672337864790406,1.0,False
lncRNA:CR44126,-0.041077908,-18.704317,0.9672337864790406,1.0,False
Send2,-0.041077908,-18.899899,0.9672337864790406,1.0,False
CG31810,-0.041077908,-18.68567,0.9672337864790406,1.0,False
lncRNA:CR43607,-0.041077908,-18.997757,0.9672337864790406,1.0,False
CG33290,-0.041077908,-18.77306,0.9672337864790406,1.0,False
CG32591,-0.041077908,-19.295095,0.9672337864790406,1.0,False
CG42367,-0.04108133,-1.5203458,0.9672310574969137,1.0,False
swa,-0.04108133,-1.9831588,0.9672310574969137,1.0,False
CG13334,-0.04108133,-1.8512774,0.9672310574969137,1.0,False
Traf4,-0.04108133,-1.0978628,0.9672310574969137,1.0,False
Obp57a,-0.04108133,-2.2323236,0.9672310574969137,1.0,False
asRNA:CR45797,-0.04108133,-0.7791048,0.9672310574969137,1.0,False
CG16741,-0.04108133,-2.2286468,0.9672310574969137,1.0,False
CG11068,-0.04108133,-2.3284655,0.9672310574969137,1.0,False
lncRNA:CR43884,-0.04108133,-1.887901,0.9672310574969137,1.0,False
Phlpp,-0.041084755,-3.4608102,0.9672283285151707,1.0,False
CG13678,-0.041084755,-3.3819728,0.9672283285151707,1.0,False
CG13738,-0.041084755,-3.3114307,0.9672283285151707,1.0,False
Ndc80,-0.041084755,-1.2271061,0.9672283285151707,1.0,False
asRNA:CR44321,-0.041084755,-3.1647387,0.9672283285151707,1.0,False
CG17109,-0.041084755,-4.754753,0.9672283285151707,1.0,False
Srg3,-0.041084755,-4.6120453,0.9672283285151707,1.0,False
CG18231,-0.041084755,-1.7960154,0.9672283285151707,1.0,False
CG13947,-0.041084755,-2.7931364,0.9672283285151707,1.0,False
CG33509,-0.041084755,-1.7536207,0.9672283285151707,1.0,False
CG4945,-0.041084755,-1.5996472,0.9672283285151707,1.0,False
lncRNA:CR45740,-0.041084755,-2.6233861,0.9672283285151707,1.0,False
CG15553,-0.041084755,-2.729487,0.9672283285151707,1.0,False
Klp3A,-0.041084755,-4.156299,0.9672283285151707,1.0,False
snoRNA:CD51a,-0.041084755,-2.535333,0.9672283285151707,1.0,False
hkb,-0.041084755,-1.2972544,0.9672283285151707,1.0,False
CG14154,-0.041084755,-1.6730123,0.9672283285151707,1.0,False
ACXD,-0.04108818,-1.0062561,0.9672255995338116,1.0,False
lncRNA:CR45179,-0.04108818,-2.5313208,0.9672255995338116,1.0,False
CG34263,-0.04108818,-0.27220446,0.9672255995338116,1.0,False
CG7906,-0.04108818,-1.6090714,0.9672255995338116,1.0,False
Gbp3,-0.04108818,-0.96288323,0.9672255995338116,1.0,False
CG43679,-0.041091602,-1.5727599,0.9672228705528362,1.0,False
Cyp4e2,-0.041091602,-2.4246655,0.9672228705528362,1.0,False
CG8908,-0.041091602,-0.33558273,0.9672228705528362,1.0,False
asRNA:CR45713,-0.041091602,-1.4876637,0.9672228705528362,1.0,False
CG10165,-0.041091602,-0.41366258,0.9672228705528362,1.0,False
CG43338,-0.041091602,-2.6779482,0.9672228705528362,1.0,False
Cht5,-0.041091602,-1.0703907,0.9672228705528362,1.0,False
asRNA:CR44065,-0.041091602,-1.421303,0.9672228705528362,1.0,False
Tsf3,-0.041095022,-3.346523,0.9672201415722447,1.0,False
CG14692,-0.041095022,-2.43795,0.9672201415722447,1.0,False
lncRNA:CR45542,-0.041095022,-3.5250826,0.9672201415722447,1.0,False
CG43742,-0.041095022,-2.5172458,0.9672201415722447,1.0,False
gl,-0.041095022,-0.2641551,0.9672201415722447,1.0,False
Acp36DE,-0.041095022,-1.4798183,0.9672201415722447,1.0,False
dachs,-0.041095022,-2.8572326,0.9672201415722447,1.0,False
CG4757,-0.041095022,-1.3601559,0.9672201415722447,1.0,False
Tpc2,-0.041095022,-2.6436179,0.9672201415722447,1.0,False
lncRNA:CR31781,-0.041096736,-0.24596797,0.9672187770820929,1.0,False
nxf2,-0.041098446,-1.055905,0.9672174125920371,1.0,False
Mst36Fa,-0.041098446,-2.1742873,0.9672174125920371,1.0,False
asRNA:CR43464,-0.041098446,-1.6878531,0.9672174125920371,1.0,False
Cyp311a1,-0.04110187,-0.25927815,0.9672146836122134,1.0,False
CG12811,-0.04110187,-0.19938946,0.9672146836122134,1.0,False
Cpr47Eg,-0.04110187,-2.723632,0.9672146836122134,1.0,False
vret,-0.04110187,-0.4814043,0.9672146836122134,1.0,False
Atx-1,-0.04110187,-2.3069916,0.9672146836122134,1.0,False
CG14855,-0.04110187,-1.7454311,0.9672146836122134,1.0,False
asRNA:CR45163,-0.041105293,-2.294691,0.9672119546327737,1.0,False
bowl,-0.041105293,-1.5432715,0.9672119546327737,1.0,False
IKKbeta,-0.041105293,-1.7534257,0.9672119546327737,1.0,False
TotM,-0.041105293,-1.1684654,0.9672119546327737,1.0,False
mir-4978,-0.041105293,-1.1457328,0.9672119546327737,1.0,False
asRNA:CR43842,-0.041108716,-1.6361741,0.9672092256537179,1.0,False
lncRNA:CR45416,-0.041108716,-0.21669753,0.9672092256537179,1.0,False
Oseg2,-0.041108716,-0.80999535,0.9672092256537179,1.0,False
Samuel,-0.041108716,-0.27222037,0.9672092256537179,1.0,False
lncRNA:CR32194,-0.04111214,-1.0894212,0.9672064966750463,1.0,False
lncRNA:CR44905,-0.041115563,-0.8200709,0.9672037676967586,1.0,False
CG10993,-0.041115563,-0.6796367,0.9672037676967586,1.0,False
CG9451,-0.041118987,-2.3109984,0.9672010387188551,1.0,False
lncRNA:CR44661,-0.041118987,-2.4722824,0.9672010387188551,1.0,False
asRNA:CR45137,-0.041118987,-0.92290443,0.9672010387188551,1.0,False
CG6071,-0.04112241,-1.163588,0.9671983097413357,1.0,False
lncRNA:CR44608,-0.041129254,-1.7977725,0.9671928517874494,1.0,False
lncRNA:CR46036,-0.0411361,-0.61969525,0.9671873938350999,1.0,False
Hn,-0.041139524,-0.94274515,0.9671846648595015,1.0,False
lncRNA:CR45883,-0.04114637,-0.16887191,0.9671792069094579,1.0,False
AOX1,-0.04114637,-0.3803275,0.9671792069094579,1.0,False
Oat,-0.041149795,-0.14125077,0.9671764779350126,1.0,False
CG13679,-0.041149795,-0.4828543,0.9671764779350126,1.0,False
CG4741,-0.04115322,-0.48021322,0.9671737489609517,1.0,False
RpS10a,-0.041160066,-0.9201765,0.9671682910139833,1.0,False
CG15701,-0.041163485,-0.36762878,0.9671655620410758,1.0,False
Fatp3,-0.04116691,-0.5514309,0.9671628330685529,1.0,False
CG33514,-0.041180603,-0.76145893,0.9671519171823072,1.0,False
lncRNA:CR43654,-0.041207988,-0.49216154,0.9671300854282834,1.0,False
CG17777,-0.04121141,-0.577227,0.9671273564607623,1.0,False
Nepl11,-0.041249067,-1.0394113,0.9670973378434469,1.0,False
CG3630,-0.04128672,-0.5136123,0.9670673192727571,1.0,False
Pif1A,-0.041320954,-0.36744767,0.967040029703535,1.0,False
CG15892,-0.041324377,-0.8975073,0.9670373007487353,1.0,False
cv-d,-0.0413723,-0.20782934,0.966999095422088,1.0,False
pk,-0.04139626,-0.48385805,0.9669799927871655,1.0,False
CG16734,-0.041403107,-0.13231704,0.9669745348949532,1.0,False
CG5435,-0.041498955,-0.5369038,0.966898124566542,1.0,False
Ids,-0.04167525,-0.19706121,0.9667575849351836,1.0,False
lbm,-0.04171804,-0.23295557,0.9667234735297322,1.0,False
CG32829,-0.041868657,-0.4460809,0.9666034018673677,1.0,False
Trmt61,-0.041926853,-0.40273246,0.9665570107459157,1.0,False
CG32373,-0.04207747,-0.54393786,0.9664369401340276,1.0,False
CG8142,-0.042111702,-0.34883863,0.9664096514646272,1.0,False
Adck1,-0.04217332,-0.24659887,0.9663605319588595,1.0,False
Ldh,-0.042187013,-0.35821494,0.9663496165304608,1.0,False
p53,-0.04304451,-0.20224433,0.9656660504723961,1.0,False
CG8064,-0.04345529,-0.32547298,0.9653386025854299,1.0,False
CG9691,-0.043652125,-0.24141745,0.9651817025409277,1.0,False
Gos28,-0.043693203,-0.2809411,0.9651489583536409,1.0,False
Ada2a,-0.043924265,-0.28425592,0.964964773396788,1.0,False
Coq9,-0.044054344,-0.27667105,0.964861084909521,1.0,False
CG17186,-0.044290543,-0.2703673,0.9646728099660399,1.0,False
Cnep1r2,-0.044316217,-0.24931479,0.9646523454167609,1.0,False
CG15394,-0.044976886,-0.40906134,0.9641257323957133,1.0,False
VhaM9.7-c,-0.0455999,-0.27974913,0.9636291479199431,1.0,False
CG6094,-0.04584637,-0.2579549,0.9634327008022621,1.0,False
DNAlig4,-0.04595762,-0.3066732,0.9633440274825038,1.0,False
Polr2I,-0.04604149,-0.2600397,0.9632771817411078,1.0,False
mRRF2,-0.04641119,-0.2340402,0.9629825178825521,1.0,False
opm,-0.046450555,-0.23844306,0.9629511419354901,1.0,False
CG42489,-0.04651731,-0.30165002,0.9628979393737961,1.0,False
crb,-0.04712492,-0.11043,0.9624136672707286,1.0,False
Sec23,-0.047345713,-0.20312494,0.9622376957629731,1.0,False
Coprox,-0.048257984,-0.34539452,0.961510639285206,1.0,False
sni,-0.048263118,-0.21277475,0.9615065471248803,1.0,False
CG12320,-0.04852499,-0.32175794,0.9612978482953609,1.0,False
Swt1,-0.048699573,-0.20832133,0.9611587172147921,1.0,False
CG5126,-0.04889298,-0.3318439,0.9610045831833022,1.0,False
Taf10b,-0.0489546,-0.19559844,0.9609554788419677,1.0,False
TrpRS-m,-0.050111625,-0.1715089,0.9600334361416261,1.0,False
CG8366,-0.050157838,-0.25193292,0.9599966100944078,1.0,False
Dph2,-0.05075518,-0.39497507,0.9595206070466196,1.0,False
Spx,-0.051359367,-0.3774288,0.9590391630575342,1.0,False
CG7006,-0.05154764,-0.44545063,0.9588891410632085,1.0,False
CG6184,-0.051670875,-0.20035046,0.9587909456367979,1.0,False
ppl,-0.0522511,-0.2280845,0.958328617264716,1.0,False
CAH1,-0.05369567,-0.030539915,0.9571776308594092,1.0,False
CG12935,-0.054002047,-0.3246091,0.9569335349470464,1.0,False
Egfr,-0.054609656,-0.14714052,0.9564494460841918,1.0,False
daw,-0.054717485,-0.1378037,0.9563635390295101,1.0,False
adp,-0.05472604,-0.3075094,0.9563567210309941,1.0,False
asRNA:CR45104,-0.054734603,-0.19674155,0.9563499030356714,1.0,False
Acp53C14b,-0.054738022,-0.038157396,0.9563471758384364,1.0,False
Fbxl7,-0.05474316,-0.5870438,0.9563430850435422,1.0,False
timeout,-0.054746583,-0.74637,0.9563403578475848,1.0,False
CG31103,-0.054750007,-0.73774123,0.9563376306521385,1.0,False
CG13116,-0.054760274,-0.7485204,0.9563294490688666,1.0,False
CG32669,-0.054760274,-0.95767313,0.9563294490688666,1.0,False
Or13a,-0.054761987,-0.45677328,0.956328085472102,1.0,False
CG9270,-0.054761987,-1.7828156,0.956328085472102,1.0,False
lncRNA:CR45457,-0.054763697,-0.9767692,0.9563267218754651,1.0,False
CG13643,-0.054763697,-1.4224771,0.9563267218754651,1.0,False
GNBP2,-0.054763697,-0.8940984,0.9563267218754651,1.0,False
upd2,-0.05476541,-2.0040126,0.956325358278956,1.0,False
asRNA:CR45376,-0.05476541,-1.8039169,0.956325358278956,1.0,False
lncRNA:CR43285,-0.05476541,-2.0794725,0.956325358278956,1.0,False
toe,-0.05476541,-2.189511,0.956325358278956,1.0,False
Hpd,-0.05476712,-1.102838,0.9563239946825748,1.0,False
lncRNA:CR45938,-0.05476712,-0.7099807,0.9563239946825748,1.0,False
CG13026,-0.054768834,-2.2435505,0.9563226310863214,1.0,False
Vajk1,-0.054768834,-2.2585342,0.9563226310863214,1.0,False
CG32679,-0.054768834,-1.9979573,0.9563226310863214,1.0,False
CG31391,-0.054770544,-18.772346,0.9563212674901957,1.0,False
ect,-0.054770544,-18.39907,0.9563212674901957,1.0,False
asRNA:CR44512,-0.054770544,-19.702429,0.9563212674901957,1.0,False
Vajk3,-0.054770544,-19.582312,0.9563212674901957,1.0,False
Ance-3,-0.054770544,-20.074835,0.9563212674901957,1.0,False
pwn,-0.054770544,-19.771936,0.9563212674901957,1.0,False
lncRNA:CR45963,-0.054770544,-19.869726,0.9563212674901957,1.0,False
CG4962,-0.054770544,-20.024845,0.9563212674901957,1.0,False
CG1924,-0.054770544,-19.717707,0.9563212674901957,1.0,False
CG17597,-0.054770544,-0.5404283,0.9563212674901957,1.0,False
Or83a,-0.054770544,-20.24528,0.9563212674901957,1.0,False
Cyp313a1,-0.054770544,-20.472704,0.9563212674901957,1.0,False
Sans,-0.054770544,-19.931297,0.9563212674901957,1.0,False
CG13566,-0.054770544,-19.792648,0.9563212674901957,1.0,False
mir-4980,-0.054770544,-19.485819,0.9563212674901957,1.0,False
CG44303,-0.054770544,-19.43456,0.9563212674901957,1.0,False
CG14132,-0.054770544,-1.7768788,0.9563212674901957,1.0,False
CG4194,-0.054770544,-19.132225,0.9563212674901957,1.0,False
CG1791,-0.054770544,-19.333519,0.9563212674901957,1.0,False
pyx,-0.054770544,-19.578173,0.9563212674901957,1.0,False
lncRNA:CR43695,-0.054770544,-1.3059587,0.9563212674901957,1.0,False
Cyp4e1,-0.054770544,-19.631855,0.9563212674901957,1.0,False
CG32236,-0.054770544,-20.14368,0.9563212674901957,1.0,False
CG42857,-0.054772254,-2.5822084,0.9563199038941981,1.0,False
CG42697,-0.054772254,-0.6383,0.9563199038941981,1.0,False
CG11828,-0.054772254,-2.6633756,0.9563199038941981,1.0,False
CG8854,-0.054772254,-2.478118,0.9563199038941981,1.0,False
Drsl2,-0.054772254,-1.1185616,0.9563199038941981,1.0,False
CG34214,-0.054772254,-1.4486438,0.9563199038941981,1.0,False
Gyc76C,-0.054775678,-2.5228665,0.956317176702586,1.0,False
CG17329,-0.054775678,-2.8233638,0.956317176702586,1.0,False
CG13272,-0.054775678,-2.8890836,0.956317176702586,1.0,False
Idgf2,-0.05477739,-0.3579304,0.9563158131069718,1.0,False
CG8419,-0.05477739,-2.1001997,0.9563158131069718,1.0,False
ATPsynepsilonL,-0.05477739,-1.6636828,0.9563158131069718,1.0,False
snoRNA:Psi28S-3571,-0.05477739,-2.2211518,0.9563158131069718,1.0,False
CG5327,-0.0547791,-3.3805335,0.9563144495114854,1.0,False
CG15631,-0.0547791,-4.5255857,0.9563144495114854,1.0,False
Antdh,-0.0547791,-4.4895916,0.9563144495114854,1.0,False
Lasp,-0.0547791,-6.700129,0.9563144495114854,1.0,False
CG42808,-0.0547791,-5.4450383,0.9563144495114854,1.0,False
lncRNA:CR44913,-0.0547791,-4.335799,0.9563144495114854,1.0,False
loopin-1,-0.0547791,-3.86009,0.9563144495114854,1.0,False
lncRNA:CR46351,-0.054780815,-2.388908,0.9563130859161267,1.0,False
CG34208,-0.054782525,-0.29578155,0.956311722320896,1.0,False
CG9631,-0.05478424,-2.5336196,0.9563103587257932,1.0,False
bap,-0.05478424,-1.4266685,0.9563103587257932,1.0,False
CG1806,-0.05478424,-1.8776847,0.9563103587257932,1.0,False
lncRNA:CR46061,-0.05478424,-2.815475,0.9563103587257932,1.0,False
CG13305,-0.05478595,-1.7685994,0.9563089951308182,1.0,False
CG8850,-0.05478595,-0.80972254,0.9563089951308182,1.0,False
CG14947,-0.05478595,-1.1451944,0.9563089951308182,1.0,False
CG33752,-0.05478766,-2.200925,0.9563076315359711,1.0,False
Ser7,-0.05478766,-2.6673584,0.9563076315359711,1.0,False
CG14820,-0.05478766,-1.0367352,0.9563076315359711,1.0,False
lncRNA:CR44766,-0.05478766,-0.40230903,0.9563076315359711,1.0,False
BomBc1,-0.054792795,-1.837491,0.9563035407521969,1.0,False
CG32668,-0.054792795,-0.86174697,0.9563035407521969,1.0,False
CG43675,-0.054794505,-1.5320225,0.9563021771578613,1.0,False
sncRNA:CR43603,-0.054794505,-1.6070104,0.9563021771578613,1.0,False
CG31199,-0.054799642,-1.9167942,0.9562980863756217,1.0,False
CG14185,-0.054801352,-0.8141497,0.9562967227817977,1.0,False
CG3982,-0.0548082,-1.4589041,0.9562912684077804,1.0,False
CG32816,-0.0548082,-0.38449436,0.9562912684077804,1.0,False
hdly,-0.0548082,-0.4127473,0.9562912684077804,1.0,False
CG30099,-0.054813333,-0.77393967,0.9562871776286107,1.0,False
Ccdc85,-0.054815046,-1.4807911,0.9562858140358099,1.0,False
CG7236,-0.054815046,-1.9578191,0.9562858140358099,1.0,False
Ude,-0.054815046,-1.3361923,0.9562858140358099,1.0,False
CG32855,-0.054816756,-1.7690977,0.9562844504431371,1.0,False
odd,-0.054816756,-1.0580689,0.9562844504431371,1.0,False
Kebab,-0.05482189,-1.2894216,0.9562803596658863,1.0,False
CG45067,-0.054823603,-1.1179967,0.9562789960737252,1.0,False
AttC,-0.054827027,-1.062709,0.9562762688897871,1.0,False
CG6763,-0.054828737,-0.29336303,0.95627490529801,1.0,False
Cyp12c1,-0.054833874,-1.4739015,0.9562708145234462,1.0,False
CG10462,-0.054840717,-0.33400065,0.956265360159153,1.0,False
lncRNA:CR43146,-0.05484243,-1.509444,0.9562639965683996,1.0,False
FASN3,-0.054845855,-0.56188256,0.9562612693872768,1.0,False
Mal-B2,-0.054845855,-0.5603516,0.9562612693872768,1.0,False
aurB,-0.05484928,-0.8637523,0.9562585422066662,1.0,False
lncRNA:CR44450,-0.05486126,-0.97391385,0.9562489970785615,1.0,False
asRNA:CR45815,-0.054868106,-0.300256,0.9562435427224613,1.0,False
CG18343,-0.054868106,-0.8286244,0.9562435427224613,1.0,False
CG42766,-0.05488351,-0.6699807,0.9562312704287275,1.0,False
CG42369,-0.054904047,-0.5151416,0.9562149073865558,1.0,False
kst,-0.054905757,-0.27678832,0.9562135438005409,1.0,False
Gart,-0.0549263,-0.41007927,0.9561971807783594,1.0,False
CG5597,-0.05504953,-0.98461294,0.9560990030331623,1.0,False
jv,-0.0551043,-0.3364154,0.9560553686934409,1.0,False
CG11342,-0.05521042,-0.27521792,0.9559708275351039,1.0,False
CG2921,-0.05525321,-0.26095763,0.955936738498429,1.0,False
CG12825,-0.05525663,-0.9255706,0.9559340113789758,1.0,False
lncRNA:CR43493,-0.055369597,-0.52371675,0.9558440167266005,1.0,False
zormin,-0.05543635,-0.44123685,0.9557908383328894,1.0,False
nrv1,-0.055583544,-0.24945204,0.9556735738527574,1.0,False
asRNA:CR44841,-0.05559724,-0.7547821,0.9556626655777604,1.0,False
pll,-0.05561093,-0.4213221,0.9556517573110674,1.0,False
Cyt-c-d,-0.055640027,-0.39199957,0.9556285772719266,1.0,False
CG43155,-0.05577353,-0.2795458,0.9555222222796244,1.0,False
Vm32E,-0.055896763,-0.36890313,0.9554240491434121,1.0,False
Zaf1,-0.056394834,-0.2942036,0.9550272729564595,1.0,False
CG40485,-0.056411948,-0.32316205,0.9550136382334546,1.0,False
Smyd4-1,-0.056678955,-0.457801,0.9548009382616671,1.0,False
Ptx1,-0.056882635,-0.11775052,0.9546386885235613,1.0,False
raw,-0.05734647,-0.21662506,0.9542692024479545,1.0,False
Rsph3,-0.05872429,-0.3211582,0.9531717098229047,1.0,False
Saf6,-0.05882014,-0.26356325,0.9530953657893252,1.0,False
CG7903,-0.059568103,-0.22997667,0.9524996245091114,1.0,False
CG3434,-0.060209945,-0.30903488,0.9519884260234676,1.0,False
Had1,-0.06102637,-0.5284567,0.9513382101230795,1.0,False
CG5439,-0.0610606,-0.2653344,0.9513109481064961,1.0,False
Pih1D1,-0.06136868,-0.23659,0.9510655925253009,1.0,False
CG3368,-0.06387444,-0.26405376,0.9490702081433191,1.0,False
CG6179,-0.065707535,-0.26872772,0.9476106715325763,1.0,False
ash2,-0.067121305,-0.2519725,0.9464851356600075,1.0,False
Ets98B,-0.06830229,0.017931074,0.9455449998200796,1.0,False
Ncc69,-0.06834679,-0.13868932,0.9455095758859954,1.0,False
EloA,-0.06835364,-0.18886782,0.9455041260595436,1.0,False
CG6225,-0.068363905,-0.16195141,0.9454959513246479,1.0,False
CysRS-m,-0.06839472,-0.42006803,0.9454714271543992,1.0,False
CG18367,-0.06841868,-0.4097914,0.9454523528354866,1.0,False
CG15528,-0.0684221,-0.48618466,0.9454496279353373,1.0,False
CG8586,-0.06843237,-0.41916376,0.9454414532387189,1.0,False
lncRNA:CR45996,-0.068435796,-0.7322136,0.9454387283411227,1.0,False
CG14439,-0.068439215,-0.52938944,0.9454360034441649,1.0,False
CG7054,-0.06844606,-0.59878695,0.9454305536521643,1.0,False
CG2694,-0.06844606,-0.14861357,0.9454305536521643,1.0,False
frm,-0.06844949,-0.40610862,0.9454278287571218,1.0,False
CG32284,-0.06845291,-0.7929438,0.9454251038627177,1.0,False
Oatp26F,-0.06845634,-0.7464088,0.9454223789689521,1.0,False
Loxl2,-0.06845634,-2.2196221,0.9454223789689521,1.0,False
CG43331,-0.06845634,-1.330156,0.9454223789689521,1.0,False
CG4733,-0.06845976,-1.0690292,0.945419654075825,1.0,False
lncRNA:CR46118,-0.06845976,-1.2268634,0.945419654075825,1.0,False
CG43317,-0.06845976,-1.259102,0.945419654075825,1.0,False
CG10185,-0.06845976,-1.4661771,0.945419654075825,1.0,False
CG17047,-0.068463184,-20.084488,0.9454169291833365,1.0,False
CG7365,-0.068463184,-19.835989,0.9454169291833365,1.0,False
lncRNA:CR44946,-0.068463184,-20.150091,0.9454169291833365,1.0,False
TotX,-0.068463184,-20.419706,0.9454169291833365,1.0,False
CG1299,-0.068463184,-20.11739,0.9454169291833365,1.0,False
CG15580,-0.068463184,-19.587526,0.9454169291833365,1.0,False
Cyp9h1,-0.068463184,-2.384159,0.9454169291833365,1.0,False
vilya,-0.068463184,-19.075895,0.9454169291833365,1.0,False
inaF-B,-0.068463184,-1.3479781,0.9454169291833365,1.0,False
CG17005,-0.068463184,-2.685108,0.9454169291833365,1.0,False
CG1889,-0.068463184,-20.064835,0.9454169291833365,1.0,False
Cpr65Ea,-0.068463184,-20.270565,0.9454169291833365,1.0,False
asRNA:CR43864,-0.068463184,-19.491642,0.9454169291833365,1.0,False
CG4318,-0.068463184,-19.700624,0.9454169291833365,1.0,False
CtsK2,-0.068466604,-2.6108785,0.9454142042914866,1.0,False
CG18547,-0.068466604,-1.5631323,0.9454142042914866,1.0,False
Klp67A,-0.068466604,-1.4371372,0.9454142042914866,1.0,False
Cpr49Af,-0.06847002,-3.3186471,0.9454114794002754,1.0,False
Prx6b,-0.06847002,-1.2565637,0.9454114794002754,1.0,False
CG15143,-0.06847002,-1.4037237,0.9454114794002754,1.0,False
CG10345,-0.06847002,-3.7907567,0.9454114794002754,1.0,False
CG3679,-0.06847002,-3.2020552,0.9454114794002754,1.0,False
CG42818,-0.06847345,-2.4852486,0.9454087545097029,1.0,False
Gcst,-0.06847345,-4.0747313,0.9454087545097029,1.0,False
CG13692,-0.06847345,-2.811348,0.9454087545097029,1.0,False
CG9676,-0.06847687,-0.8188006,0.9454060296197689,1.0,False
PGRP-SD,-0.06847687,-1.4909512,0.9454060296197689,1.0,False
Incenp,-0.06847687,-2.2582088,0.9454060296197689,1.0,False
lncRNA:CR43883,-0.06847687,-0.7478779,0.9454060296197689,1.0,False
tx,-0.06847687,-0.86209583,0.9454060296197689,1.0,False
Cyp4d14,-0.0684803,-1.5960866,0.9454033047304738,1.0,False
Spn43Ad,-0.06848372,-3.4633412,0.9454005798418175,1.0,False
CG15083,-0.06848372,-1.9635233,0.9454005798418175,1.0,False
CalpC,-0.06848372,-1.7411447,0.9454005798418175,1.0,False
BomS5,-0.06848372,-0.62088233,0.9454005798418175,1.0,False
CG11842,-0.068487145,-1.9113735,0.9453978549537999,1.0,False
CG43272,-0.068490565,-1.9104661,0.9453951300664212,1.0,False
Coop,-0.068490565,-1.9790695,0.9453951300664212,1.0,False
Osi17,-0.068490565,-2.0648952,0.9453951300664212,1.0,False
CG8568,-0.06849399,-1.9648937,0.9453924051796813,1.0,False
CG34375,-0.06849399,-2.6043813,0.9453924051796813,1.0,False
Ttc26,-0.06849399,-2.794431,0.9453924051796813,1.0,False
CG14780,-0.06849741,-2.8519547,0.9453896802935803,1.0,False
lncRNA:CR45456,-0.06850426,-1.3778979,0.9453842305232951,1.0,False
lncRNA:CR45010,-0.06850426,-1.463606,0.9453842305232951,1.0,False
CG14246,-0.06850768,-0.5137009,0.9453815056391109,1.0,False
fzy,-0.068511106,-0.64153314,0.9453787807555658,1.0,False
sxe2,-0.06851795,-1.7226143,0.9453733309903929,1.0,False
asRNA:CR45828,-0.06852137,-1.9643661,0.945370606108765,1.0,False
CG42831,-0.0685248,-1.2062823,0.9453678812277763,1.0,False
CG9812,-0.0685248,-1.325966,0.9453678812277763,1.0,False
CG18420,-0.068541914,-0.39781538,0.9453542568324211,1.0,False
yellow-b,-0.068545334,-2.0744574,0.9453515319552679,1.0,False
PGRP-SA,-0.068545334,-1.3541834,0.9453515319552679,1.0,False
bt,-0.06854876,-0.58421266,0.9453488070787541,1.0,False
CG31636,-0.06854876,-1.8166625,0.9453488070787541,1.0,False
CG3663,-0.06855218,-0.48434794,0.9453460822028797,1.0,False
aos,-0.06855218,-0.47459036,0.9453460822028797,1.0,False
lncRNA:CR45809,-0.068565875,-0.8535946,0.9453351827057769,1.0,False
CG17027,-0.06858299,-0.18765923,0.9453215583487886,1.0,False
lncRNA:CR45226,-0.06859326,-1.1477454,0.945313383742272,1.0,False
nis,-0.068675414,-0.7686834,0.9452479870975112,1.0,False
CG15914,-0.06868911,-0.56466824,0.9452370876925782,1.0,False
asRNA:CR45889,-0.06872676,-0.5342463,0.9452071143818767,1.0,False
lncRNA:CR44749,-0.06873018,-0.33979708,0.9452043895392949,1.0,False
CG42445,-0.06876784,-0.51982737,0.9451744163132145,1.0,False
kon,-0.068786666,-0.40386227,0.9451594297292768,1.0,False
DNAlig1,-0.06881234,-0.27532485,0.9451389935097322,1.0,False
CG6845,-0.06895954,-0.4519483,0.9450218265483045,1.0,False
CG13168,-0.06909989,-0.7660838,0.9449101103205688,1.0,False
aub,-0.06960994,-0.5545912,0.9445041263395987,1.0,False
CG2812,-0.07009774,-0.30992204,0.9441158665523344,1.0,False
Nup133,-0.070270605,-0.42700803,0.9439782759142704,1.0,False
aft,-0.07046231,-0.38284224,0.9438257021117373,1.0,False
Scot,-0.07052906,-0.3406168,0.943772574217539,1.0,False
CG10053,-0.07057185,-0.2765928,0.9437385180066458,1.0,False
CG14367,-0.07089362,-0.43786636,0.9434824185995647,1.0,False
CG17026,-0.07197021,-0.23773094,0.9426256179915413,1.0,False
CG15432,-0.07198904,-0.23836476,0.9426106347848613,1.0,False
cyp33,-0.07215163,-0.23374885,0.9424812352091283,1.0,False
GCS1,-0.072237216,-0.24845684,0.9424131307788116,1.0,False
c(3)G,-0.072379276,-0.29841593,0.9423000783542536,1.0,False
CG9886,-0.07246314,-0.34372705,0.9422333371069928,1.0,False
CG2100,-0.073519185,-0.33943036,0.9413929770812878,1.0,False
hng3,-0.07384439,-0.39295134,0.9411342083212975,1.0,False
CG12659,-0.07467279,-0.4316104,0.9404750570936599,1.0,False
CG1750,-0.07552344,-0.3174185,0.9397982438258794,1.0,False
Nop60B,-0.07575964,-0.22804739,0.9396103234875834,1.0,False
CG8441,-0.076440856,-0.20187736,0.9390683692087177,1.0,False
Csl4,-0.0764768,-0.2396009,0.9390397744127771,1.0,False
CG13319,-0.07788543,-0.27743518,0.9379191930136718,1.0,False
CG5861,-0.07924271,-0.19850701,0.9368395753218253,1.0,False
agt,-0.07935909,-0.28585044,0.9367470031415548,1.0,False
S2P,-0.079420716,-0.37388033,0.93669799468631,1.0,False
lncRNA:CR43461,-0.08169369,0.00035369865,0.9348902963742989,1.0,False
Rbp1,-0.08171423,-0.12868734,0.934873963267161,1.0,False
Obp8a,-0.08208222,-0.6358113,0.9345813330828078,1.0,False
sncRNA:CR43701,-0.08210105,-0.4699831,0.9345663615432784,1.0,False
CG13870,-0.08210105,-0.424282,0.9345663615432784,1.0,False
CG34256,-0.082107894,-0.29831228,0.9345609173528234,1.0,False
lncRNA:CR46021,-0.08212843,-0.70187426,0.9345445847998217,1.0,False
CG13606,-0.08212843,-0.9661221,0.9345445847998217,1.0,False
Ir76b,-0.08213014,-0.9158343,0.9345432237549817,1.0,False
CG43897,-0.08213014,-0.4514311,0.9345432237549817,1.0,False
snsl,-0.082131855,-1.099854,0.934541862710333,1.0,False
CG13898,-0.082135275,-0.665317,0.9345391406216097,1.0,False
nerfin-1,-0.08214041,-0.9626968,0.9345350574899597,1.0,False
Crg-1,-0.08214212,-1.7870344,0.9345336964464591,1.0,False
Faa,-0.082143836,-0.5384419,0.9345323354031498,1.0,False
CG5493,-0.08214555,-1.7307453,0.9345309743600319,1.0,False
Drip,-0.08214555,-0.9517845,0.9345309743600319,1.0,False
st,-0.08214897,-1.2901372,0.9345282522743702,1.0,False
ninaG,-0.08214897,-1.2611028,0.9345282522743702,1.0,False
lncRNA:CR43818,-0.0821541,-0.8857673,0.9345241691473128,1.0,False
Tsp42Ei,-0.082155816,-20.58533,0.9345228081053432,1.0,False
Dmel_CR43051,-0.082155816,-19.930367,0.9345228081053432,1.0,False
CG31207,-0.082155816,-20.361721,0.9345228081053432,1.0,False
Agpat4,-0.082155816,-20.45403,0.9345228081053432,1.0,False
CG9717,-0.082155816,-1.9307467,0.9345228081053432,1.0,False
Nepl14,-0.082159236,-2.4345737,0.9345200860219779,1.0,False
Mst36Fb,-0.08216095,-1.4052011,0.9345187249805823,1.0,False
BBS8,-0.08216095,-4.166635,0.9345187249805823,1.0,False
lncRNA:CR44702,-0.08216095,-2.989083,0.9345187249805823,1.0,False
Myo10A,-0.08216266,-2.4872723,0.9345173639393782,1.0,False
Fmo-1,-0.08216438,-3.0803397,0.9345160028983654,1.0,False
CG8560,-0.08216438,-0.66834766,0.9345160028983654,1.0,False
CG13843,-0.08216438,-3.538571,0.9345160028983654,1.0,False
Spc25,-0.08216438,-4.6088443,0.9345160028983654,1.0,False
Cpr51A,-0.08216608,-0.4142899,0.9345146418575442,1.0,False
CG14118,-0.08216951,-1.5280532,0.9345119197764757,1.0,False
CG13794,-0.082171224,-1.9789732,0.9345105587362286,1.0,False
Or67d,-0.08217293,-0.8407747,0.934509197696173,1.0,False
CG7724,-0.08217636,-1.7042754,0.9345064756166359,1.0,False
CG17118,-0.08217978,-1.0825652,0.9345037535378645,1.0,False
Nha2,-0.082183205,-1.2934654,0.934501031459859,1.0,False
CG7900,-0.08218491,-1.0438935,0.9344996704211433,1.0,False
CG30203,-0.082190044,-1.6288714,0.9344955873061452,1.0,False
lncRNA:CR44222,-0.082190044,-1.2005802,0.9344955873061452,1.0,False
CG16959,-0.082195185,-1.6875407,0.9344915041928703,1.0,False
Cyp18a1,-0.082198605,-1.5107487,0.934488782118311,1.0,False
Cpr49Ae,-0.08220374,-0.5528433,0.9344846990079082,1.0,False
fd96Cb,-0.08221401,-1.3537043,0.9344765327922733,1.0,False
sqa,-0.08221572,-1.1407907,0.9344751717570043,1.0,False
Prip,-0.08221572,-0.87690705,0.9344751717570043,1.0,False
knk,-0.08222086,-1.2478737,0.9344710886523468,1.0,False
boss,-0.082237974,-0.9642489,0.934457478315939,1.0,False
lncRNA:CR46084,-0.082265355,-0.6729147,0.9344357018175354,1.0,False
CG14273,-0.08228761,-0.58099544,0.9344180084487057,1.0,False
CG17572,-0.0823458,-1.3485533,0.9343717336372559,1.0,False
CG43117,-0.08238175,-0.6461709,0.934343152246835,1.0,False
Cyp6a20,-0.0823903,-0.42630598,0.9343363471663502,1.0,False
wgn,-0.08240571,-0.37643453,0.9343240980335693,1.0,False
grass,-0.082407415,-0.34467775,0.9343227370197756,1.0,False
CG7102,-0.08249642,-0.5202655,0.9342519645671277,1.0,False
nec,-0.08262993,-0.14198719,0.9341458068626449,1.0,False
Dpm1,-0.08269325,-0.32779995,0.9340954504122154,1.0,False
CG15728,-0.082727484,-0.8289462,0.9340682308190658,1.0,False
Tmem126,-0.08293972,-0.35650438,0.9338994710632528,1.0,False
CG1213,-0.08300305,-0.7482634,0.9338491159047623,1.0,False
Alg7,-0.08305782,-0.33479032,0.9338055657108643,1.0,False
PolZ1,-0.08310061,-0.21230094,0.9337715422597233,1.0,False
Exd2,-0.08311772,-0.3136675,0.9337579329131382,1.0,False
ncd,-0.08337275,-0.18770158,0.9335551559446006,1.0,False
CG9164,-0.083694525,-0.2037405,0.9332993092787316,1.0,False
CG5290,-0.08388965,-0.61757207,0.9331441715694732,1.0,False
Vps37B,-0.084302135,-0.26518375,0.9328162133743689,1.0,False
Clp,-0.084389426,-0.32052195,0.9327468128928174,1.0,False
CG12177,-0.08477111,-0.16332757,0.9324433618970187,1.0,False
AlaRS-m,-0.08478309,-0.38992527,0.9324338366881425,1.0,False
GABA-B-R1,-0.08523495,0.013306783,0.9320746073148178,1.0,False
IPIP,-0.08535476,-0.25174072,0.9319793594197413,1.0,False
Las,-0.08570563,-0.22193071,0.9317004247638124,1.0,False
Rabex-5,-0.0860411,-0.33646795,0.9314337438628046,1.0,False
Meics,-0.0872084,-0.31699595,0.9305058633588891,1.0,False
Crz,-0.08775439,-0.21626867,0.9300718870813758,1.0,False
CG14074,-0.09001197,-0.25081763,0.9282777057544795,1.0,False
CG10418,-0.09051346,-0.25732744,0.9278791990990337,1.0,False
mRpL30,-0.09103891,-0.19415934,0.9274616705772868,1.0,False
CG31676,-0.091639675,-0.15494283,0.9269843253125959,1.0,False
Nup35,-0.093606286,-0.31567428,0.9254219182667878,1.0,False
CG3008,-0.09424642,-0.25219023,0.9249134158438389,1.0,False
Mpi,-0.09543938,-0.24617964,0.92396583425431,1.0,False
asRNA:CR44370,-0.09574576,-0.480334,0.923722498520235,1.0,False
lncRNA:let7C,-0.095761165,-0.16819851,0.9237102639509329,1.0,False
mir-4962,-0.09576972,-0.43696648,0.9237034669757853,1.0,False
CG13067,-0.0958108,-0.6852708,0.9236708415726302,1.0,False
CG31036,-0.0958108,-0.6324371,0.9236708415726302,1.0,False
fz3,-0.09582449,-0.40766352,0.9236599664667767,1.0,False
asRNA:CR43480,-0.09583476,-0.67786413,0.9236518101467506,1.0,False
lncRNA:CR43399,-0.09584161,-2.514505,0.923646372604526,1.0,False
scpr-C,-0.09584161,-1.490196,0.923646372604526,1.0,False
a10,-0.095848456,-20.699387,0.9236409350658693,1.0,False
CG16978,-0.095851876,-3.1331432,0.923638216297879,1.0,False
Jhbp13,-0.095851876,-1.2942547,0.923638216297879,1.0,False
Ilp5,-0.09585872,-0.48813757,0.9236327787645746,1.0,False
asRNA:CR45800,-0.09585872,-4.925305,0.9236327787645746,1.0,False
png,-0.09586214,-5.137734,0.9236300599992606,1.0,False
CG12256,-0.09586557,-2.9418883,0.9236273412348388,1.0,False
Lsp1beta,-0.09586899,-1.2800887,0.9236246224713092,1.0,False
CG14153,-0.09586899,-1.577155,0.9236246224713092,1.0,False
CG15739,-0.09586899,-0.82083505,0.9236246224713092,1.0,False
lncRNA:CR46079,-0.09587242,-2.9553604,0.9236219037086718,1.0,False
ldd,-0.09587584,-1.7538007,0.9236191849469266,1.0,False
lncRNA:CR46060,-0.09587584,-2.6643834,0.9236191849469266,1.0,False
Best2,-0.095879264,-0.6525452,0.9236164661860738,1.0,False
CG12493,-0.095879264,-2.7981324,0.9236164661860738,1.0,False
CG42395,-0.095886104,-2.2711983,0.9236110286670451,1.0,False
Mipp1,-0.09588953,-0.6193921,0.9236083099088693,1.0,False
Phf7,-0.0958998,-2.883832,0.9236001536396967,1.0,False
Ugt36E1,-0.095903225,-0.7989222,0.9235974348850908,1.0,False
lncRNA:CR45181,-0.09591007,-1.1154314,0.9235919973785567,1.0,False
azot,-0.09591349,-2.5482333,0.9235892786266284,1.0,False
Phk-3,-0.09592034,-2.231222,0.92358384112545,1.0,False
CG30001,-0.09592719,-0.7113663,0.9235784036278425,1.0,False
CG31200,-0.095930606,-0.4218044,0.9235756848803778,1.0,False
asRNA:CR44381,-0.09593403,-2.357846,0.9235729661338059,1.0,False
lncRNA:CR45191,-0.09593745,-0.5522068,0.9235702473881269,1.0,False
Dera,-0.095949434,-0.6360765,0.9235607317852818,1.0,False
CG44836,-0.095957994,-1.8527142,0.9235539349328039,1.0,False
CG14778,-0.09596826,-1.2448581,0.9235457787171981,1.0,False
Cht8,-0.0959888,-0.7041624,0.9235294663101024,1.0,False
Arl6,-0.09599907,-1.0207286,0.923521310118614,1.0,False
nesd,-0.09601276,-1.2097467,0.9235104352091378,1.0,False
CG32694,-0.09601961,-1.7847086,0.9235049977597609,1.0,False
CG32237,-0.096036725,-0.85153514,0.9234914041519574,1.0,False
Rh4,-0.09605042,-0.98667324,0.9234805292818025,1.0,False
CG8837,-0.09605384,-0.42113602,0.9234778105664985,1.0,False
CG9752,-0.096057266,-0.48287815,0.9234750918520883,1.0,False
CG13502,-0.096060686,-1.0388427,0.9234723731385721,1.0,False
Nepl15,-0.096091494,-0.5088019,0.9234479047571603,1.0,False
Tsp42El,-0.096112035,-0.87370956,0.9234315925431271,1.0,False
Set,-0.09613258,-0.2082246,0.9234152803612947,1.0,False
CG31473,-0.0962695,-0.7336206,0.9233065333058288,1.0,False
Spn27A,-0.09632769,-0.33594283,0.923260316241213,1.0,False
CG4455,-0.09633112,-0.3786834,0.9232575975984197,1.0,False
CG9084,-0.09639958,-0.8859282,0.923203224930862,1.0,False
CG10126,-0.0966392,-0.33789486,0.9230129234220006,1.0,False
Top3alpha,-0.097209156,-0.18415898,0.9225602954167856,1.0,False
CG6836,-0.097856134,-0.481215,0.9220465318621778,1.0,False
FLASH,-0.09811458,-0.27828613,0.9218413073526942,1.0,False
Zfrp8,-0.09961221,-0.23822941,0.9206521953548101,1.0,False
MED30,-0.09995796,-0.21928707,0.9203777054619164,1.0,False
morgue,-0.10012398,-0.2308529,0.9202458993281732,1.0,False
CG44325,-0.100524485,-0.23555915,0.9199279430407942,1.0,False
pall,-0.10375595,-0.280725,0.9173630247968904,1.0,False
CCDC53,-0.10427627,-0.25294185,0.9169501091637177,1.0,False
Syb,-0.104669936,-0.27214774,0.9166377207693301,1.0,False
CG18661,-0.10499171,-0.25179222,0.9163823867705284,1.0,False
Ski6,-0.10563184,-0.3372668,0.9158744607668772,1.0,False
ebd1,-0.10686931,-0.2944916,0.9148926585830846,1.0,False
JTBR,-0.10768574,-0.2689641,0.9142449845663623,1.0,False
CG5199,-0.10813588,-0.4519169,0.9138879056070566,1.0,False
CG8916,-0.108142726,-0.21131146,0.9138824748823643,1.0,False
CG3348,-0.10944182,-0.22796734,0.9128520679244059,1.0,False
lncRNA:CR42651,-0.10947947,-0.16870366,0.9128222032323077,1.0,False
CG31371,-0.10948803,-0.8049863,0.9128154158194537,1.0,False
Prat2,-0.10948803,-0.8976021,0.9128154158194537,1.0,False
CG3301,-0.10949145,-0.9719217,0.9128127008560928,1.0,False
CG34195,-0.10949487,-1.3375342,0.9128099858937495,1.0,False
CG33178,-0.10950686,-1.2527273,0.9128004835335619,1.0,False
CG31121,-0.10952911,-1.7771876,0.9127828363262906,1.0,False
CG13562,-0.10953767,-2.0659282,0.9127760489503299,1.0,False
RabX5,-0.10954109,-20.75495,0.9127733340017272,1.0,False
CG13280,-0.10954109,-21.041338,0.9127733340017272,1.0,False
CG6398,-0.10954622,-1.4544204,0.9127692615807318,1.0,False
flap,-0.10955478,-1.6863425,0.9127624742174967,1.0,False
CG30187,-0.1095582,-1.8561698,0.9127597592739845,1.0,False
CG32259,-0.1095582,-1.6971629,0.9127597592739845,1.0,False
Cyt-b5-r,-0.10956163,-0.87504333,0.9127570443314903,1.0,False
Spn47C,-0.10956676,-1.8302774,0.9127529719196584,1.0,False
GNBP-like3,-0.1095719,-1.9922193,0.9127488995101176,1.0,False
lncRNA:CR45759,-0.10958559,-2.2795765,0.912738039762544,1.0,False
CG5707,-0.10959586,-2.3694265,0.9127298949625573,1.0,False
lncRNA:CR44784,-0.10960099,-2.056923,0.9127258225660015,1.0,False
Jheh1,-0.109611265,-0.4064463,0.9127176777797656,1.0,False
nahoda,-0.10964892,-0.64810413,0.9126878136420126,1.0,False
CG34251,-0.10969856,-1.8702445,0.9126484474670111,1.0,False
BomS2,-0.10971567,-1.3662976,0.9126348729736024,1.0,False
Tmem208,-0.10976702,-0.25839397,0.9125941496463383,1.0,False
dpy,-0.109811515,-0.71179694,0.9125588562817004,1.0,False
BBS4,-0.10983548,-0.57553464,0.9125398522337123,1.0,False
Eglp4,-0.10990908,-0.3325439,0.9124814829705259,1.0,False
CG8012,-0.10994502,-0.6400691,0.9124529772228748,1.0,False
CG13436,-0.11018464,-0.7164557,0.9122629417857387,1.0,False
CG16749,-0.11031301,-0.3763311,0.912161139150487,1.0,False
CG5112,-0.110514976,-0.21270034,0.9120009725899512,1.0,False
yuri,-0.11055263,-0.87126875,0.9119711114230121,1.0,False
ninaB,-0.110968545,-0.15189181,0.9116412895395819,1.0,False
CG10311,-0.11102674,-0.23165305,0.9115951428343639,1.0,False
CG4250,-0.111216724,-0.2907483,0.9114444894908099,1.0,False
CG8187,-0.11188082,-0.22483768,0.9109179064525346,1.0,False
CG6028,-0.11253293,-0.24745138,0.9104008616932597,1.0,False
Tailor,-0.112539776,-0.24567996,0.9103954336027027,1.0,False
Vps29,-0.11291632,-0.23684737,0.9100968950696927,1.0,False
EMC2B,-0.11338701,-0.3005502,0.9097237397579967,1.0,False
CNPYb,-0.114275314,-0.2330617,0.9090195482389224,1.0,False
Sgt,-0.11500616,-0.21993953,0.9084402380762083,1.0,False
CG10600,-0.11509516,-0.17777877,0.9083696930856585,1.0,False
mRRF1,-0.11609815,-0.34298155,0.9075747553957892,1.0,False
CG30392,-0.11642849,-0.21856932,0.9073129616708318,1.0,False
CG16903,-0.11644217,-0.29367015,0.9073021103345944,1.0,False
CG3402,-0.117130235,-0.27175906,0.9067568530092951,1.0,False
CG2685,-0.11727058,-0.27108258,0.9066456367532989,1.0,False
bdl,-0.117287695,-0.17736514,0.9066320739204333,1.0,False
Nsun6,-0.11765569,-0.44547495,0.9063404796058283,1.0,False
CG9667,-0.11782,-0.27579167,0.9062102834284252,1.0,False
Cdk8,-0.11800827,-0.38532504,0.9060611034073148,1.0,False
Chi,-0.11825988,-0.22735576,0.9058617498269428,1.0,False
CG5292,-0.118396804,-0.29390755,0.9057532605741445,1.0,False
Boh1,-0.120046765,-0.29675925,0.9044461039445165,1.0,False
CG3021,-0.12011523,-0.2893185,0.9043918706499577,1.0,False
nAChRalpha2,-0.12058249,-0.16744684,0.9040217403366116,1.0,False
CG5968,-0.123168685,-0.3250674,0.9019735229264285,1.0,False
CG34030,-0.12318238,-0.8011024,0.9019626803492446,1.0,False
CG17111,-0.12320291,-0.554374,0.9019464165177595,1.0,False
CG6908,-0.123223454,-2.5979643,0.9019301527274295,1.0,False
CG34227,-0.12323373,-21.400864,0.9019220208476996,1.0,False
obst-B,-0.12323373,-20.888586,0.9019220208476996,1.0,False
TotC,-0.12323715,-2.600673,0.9019193102234099,1.0,False
chp,-0.12325084,-1.3952781,0.9019084677376864,1.0,False
Myo28B1,-0.12325769,-0.7577896,0.9019030465016863,1.0,False
CG10560,-0.123264536,-2.3231745,0.9018976252702608,1.0,False
Jhbp3,-0.123267956,-2.156478,0.9018949146562639,1.0,False
Tep4,-0.1232748,-0.92309767,0.9018894934317012,1.0,False
CG30008,-0.12331246,-1.58742,0.9018596767783982,1.0,False
Obp69a,-0.12333642,-1.1783215,0.9018407026165596,1.0,False
SPE,-0.12335011,-2.2282495,0.9018298602635425,1.0,False
Gbp1,-0.123401456,-1.7218995,0.9017892016028413,1.0,False
CG40486,-0.12343911,-1.1173303,0.9017593854153902,1.0,False
CG14275,-0.1234665,-0.765531,0.9017377010024702,1.0,False
Tsp42Eg,-0.1234665,-0.83915937,0.9017377010024702,1.0,False
QC,-0.12357604,-0.99934,0.901650964084134,1.0,False
aru,-0.12391151,-0.8074767,0.9013853395799627,1.0,False
Rh5,-0.1240279,-1.3771749,0.9012931867180939,1.0,False
Usp12-46,-0.12429148,-0.28872967,0.9010844925093016,1.0,False
ida,-0.12532528,-0.6404068,0.9002660436876179,1.0,False
CG16890,-0.12594487,-0.25563857,0.8997755671766268,1.0,False
Elp2,-0.12606639,-0.3676138,0.8996793732284701,1.0,False
CG7386,-0.12617935,-0.3292394,0.8995899548236368,1.0,False
por,-0.12686056,-0.4346336,0.8990507618028638,1.0,False
hng1,-0.12914895,-0.2583688,0.897239795169059,1.0,False
noc,-0.12945874,-0.18071215,0.8969946715710463,1.0,False
CG34174,-0.12960593,-0.54763716,0.8968782074488546,1.0,False
eIF2Bgamma,-0.13029228,-0.21192484,0.8963351889961655,1.0,False
Nup93-2,-0.13061406,-0.37684515,0.8960806234825927,1.0,False
CG14561,-0.13153489,-0.33690095,0.8953521920160689,1.0,False
CstF64,-0.13267137,-0.41010883,0.89445328305941,1.0,False
Aos1,-0.13335772,-0.24079363,0.8939104834259296,1.0,False
park,-0.13343646,-0.2373551,0.8938482203054033,1.0,False
CG32099,-0.13479887,-0.2956914,0.8927709015320078,1.0,False
fws,-0.13561529,-0.31333387,0.8921254169879304,1.0,False
Nnp-1,-0.13591653,-0.26778328,0.8918872688092151,1.0,False
slp2,-0.13652757,-0.1876753,0.8914042368483508,1.0,False
CG5577,-0.13656351,-0.21126308,0.8913758244567042,1.0,False
CG31365,-0.13672611,-0.36643764,0.8912472939517991,1.0,False
Sas-6,-0.13680997,-0.24582224,0.8911810003871158,1.0,False
Act79B,-0.13685961,-0.55181235,0.8911417657785359,1.0,False
alpha-Est7,-0.1369178,-1.3069706,0.8910957669216923,1.0,False
CG4000,-0.13691951,-1.5633495,0.8910944140196857,1.0,False
meso18E,-0.13692637,-20.787256,0.8910890024148296,1.0,False
CG13931,-0.13692807,-2.1168404,0.8910876495144082,1.0,False
lncRNA:CR45954,-0.13692807,-3.809602,0.8910876495144082,1.0,False
CG10062,-0.13695033,-1.1144581,0.8910700618377854,1.0,False
Cyp4p1,-0.13695717,-3.4672225,0.89106465025576,1.0,False
Npc2h,-0.13699311,-3.6857889,0.8910362395333811,1.0,False
Vha36-3,-0.13701536,-1.4965265,0.8910186520134398,1.0,False
Tps1,-0.13704103,-0.7148499,0.8909983587878267,1.0,False
asRNA:CR45865,-0.13704446,-1.3486404,0.890995653029806,1.0,False
CG14823,-0.13705815,-0.95432997,0.8909848300104165,1.0,False
GstD2,-0.13706328,-1.663731,0.8909807713833819,1.0,False
CG9338,-0.137065,-0.8508528,0.8909794185083384,1.0,False
CG30480,-0.1370667,-1.0993466,0.8909780656336124,1.0,False
P5CS,-0.1370667,-0.9162794,0.8909780656336124,1.0,False
RhoGEF64C,-0.13708554,-1.4942479,0.8909631840325738,1.0,False
Ect3,-0.13709752,-0.42656195,0.8909537139428195,1.0,False
Ns2,-0.13712661,-0.24646519,0.89093071521818,1.0,False
Akh,-0.13718481,-1.4771379,0.8908847180442109,1.0,False
CG14401,-0.1372002,-0.82733804,0.8908725423831494,1.0,False
Nepl3,-0.13720192,-0.6338814,0.8908711895335086,1.0,False
CG10469,-0.13725327,-0.9052206,0.890830604192033,1.0,False
CG11594,-0.13728066,-0.5018004,0.8908089587935263,1.0,False
f-cup,-0.13751172,-0.26792496,0.8906263289851006,1.0,False
CG9512,-0.13779242,-0.47429773,0.8904044753955564,1.0,False
Arlr,-0.13781467,-0.14395323,0.8903868898071109,1.0,False
vls,-0.13801321,-0.3050574,0.8902299746370609,1.0,False
fh,-0.13801835,-0.30912217,0.8902259165431221,1.0,False
lncRNA:CR44828,-0.13825625,-0.89886427,0.8900378946793112,1.0,False
M7BP,-0.13842057,-0.5542834,0.8899080414624614,1.0,False
Coq5,-0.13844453,-0.47888246,0.8898891047816768,1.0,False
Yif1,-0.13864821,-0.24720383,0.8897281455324773,1.0,False
spz,-0.13937734,-0.27038842,0.8891519757791184,1.0,False
SmydA-7,-0.13951427,-0.5774313,0.8890437814074805,1.0,False
Aduk,-0.13957246,-0.27412942,0.888997799425283,1.0,False
mRpS14,-0.13983262,-0.1849653,0.8887922374857884,1.0,False
mal,-0.14002432,-0.31258616,0.8886407755778387,1.0,False
CG7137,-0.14053951,-0.42387667,0.8882337418604039,1.0,False
CG9515,-0.14081335,-0.27080175,0.8880173904117821,1.0,False
KLHL18,-0.14127035,-0.28318802,0.8876563725170421,1.0,False
Aprt,-0.14148429,-0.39152575,0.8874873646539418,1.0,False
l(2)37Bb,-0.14180778,-0.28274655,0.887231834482711,1.0,False
glu,-0.14231955,-0.27103192,0.8868276069984269,1.0,False
CG1103,-0.1429323,-0.31464806,0.8863436542988139,1.0,False
mRpL32,-0.14296481,-0.38785988,0.8863179708411477,1.0,False
beg,-0.14297338,-0.32291716,0.8863112120563438,1.0,False
dUTPase,-0.14439398,-0.2988325,0.8851893687750167,1.0,False
CG10257,-0.14440596,-0.1964777,0.8851799084214963,1.0,False
betaggt-I,-0.14581288,-0.26981732,0.8840691067930083,1.0,False
Uxs,-0.14603367,-0.41654414,0.8838948045397046,1.0,False
CG32344,-0.14647013,-0.34049734,0.8835502701165928,1.0,False
nbs,-0.14684497,-0.20567955,0.8832543934248502,1.0,False
CG42359,-0.1469391,-0.36026222,0.88318008905009,1.0,False
Bap55,-0.1475142,-0.25884056,0.8827261792122748,1.0,False
CG6073,-0.14756383,-0.51241666,0.8826870042733337,1.0,False
lqfR,-0.14959718,-0.20461713,0.8810824303571694,1.0,False
rept,-0.15018597,-0.24241719,0.8806178970874704,1.0,False
Lfg,-0.150619,-2.303124,0.8802762752772273,1.0,False
asRNA:CR45209,-0.1506327,-3.048939,0.8802654733696208,1.0,False
dgt4,-0.1506498,-1.7473102,0.8802519710164436,1.0,False
CG6409,-0.15065323,-2.3989089,0.8802492705499859,1.0,False
GV1,-0.15069431,-1.4298898,0.8802168650611297,1.0,False
CG7203,-0.15071827,-1.4209096,0.8801979619519298,1.0,False
grh,-0.15073197,-2.1508422,0.8801871602058949,1.0,False
lncRNA:CR45237,-0.15076277,-0.80613077,0.8801628563588314,1.0,False
CG14787,-0.15077646,-1.3721143,0.8801520546852589,1.0,False
Sodh1,-0.15077989,-1.3514497,0.8801493542703501,1.0,False
Tsp,-0.15114616,-0.9623328,0.8798604179348073,1.0,False
CG30414,-0.15118381,-0.86402625,0.8798307151054598,1.0,False
AANATL2,-0.15119067,-0.14751422,0.8798253146091987,1.0,False
CG8401,-0.15144569,-0.3488971,0.8796241501079841,1.0,False
GstO1,-0.1516699,-0.5494787,0.879447293776321,1.0,False
CG7011,-0.15191808,-0.3134496,0.8792515437810566,1.0,False
Poxn,-0.15197799,-0.4346885,0.8792042948874672,1.0,False
Pa1,-0.15227409,-0.23152119,0.8789707566774824,1.0,False
CG7407,-0.15244867,-0.1481211,0.8788330685618666,1.0,False
CG6870,-0.15261298,-0.3982603,0.8787034830945736,1.0,False
Echs1,-0.1536947,-0.37415248,0.8778504600392409,1.0,False
Acadvl,-0.15377344,-0.3433648,0.877788378442685,1.0,False
GstE13,-0.15382479,-0.3566272,0.877747890849843,1.0,False
Gle1,-0.15409693,-0.2157958,0.8775333119491682,1.0,False
Ssk,-0.15488425,-0.42060706,0.8769125683750547,1.0,False
CG32333,-0.1556733,-0.17497839,0.8762905512972995,1.0,False
Ets65A,-0.15569897,-0.12437102,0.8762703134112402,1.0,False
Trs31,-0.15606695,-0.27513453,0.8759802459405485,1.0,False
Tk,-0.15618676,-0.13094322,0.8758858089615892,1.0,False
colt,-0.15652908,-0.2721905,0.8756159987636623,1.0,False
CG14710,-0.15861891,-0.41764167,0.8739691221800867,1.0,False
Phax,-0.15863603,-0.25567213,0.8739556364912888,1.0,False
IntS11,-0.15922995,-0.3948239,0.8734877057965963,1.0,False
CG5793,-0.16078235,-0.28395903,0.8722648225737901,1.0,False
ERR,-0.16088162,-0.23297629,0.8721866331162212,1.0,False
CG5808,-0.16115205,-0.2369351,0.8719736405855751,1.0,False
Hpf1,-0.1614242,-0.23927653,0.8717593093713487,1.0,False
CG11334,-0.16420722,-0.3360491,0.8695680126073577,1.0,False
CG11275,-0.16421579,-0.6267649,0.8695612758380247,1.0,False
Buffy,-0.16434245,-1.0762843,0.8694615727590888,1.0,False
Cpr73D,-0.1643647,-2.2832448,0.8694440575676002,1.0,False
Cyp6d5,-0.16439037,-1.3396155,0.8694238478108646,1.0,False
Prosbeta6,-0.16446738,-0.25145626,0.8693632190524812,1.0,False
lncRNA:CR44517,-0.16452044,-1.2588603,0.8693214530212341,1.0,False
Est-6,-0.16452044,-0.89988244,0.8693214530212341,1.0,False
lncRNA:CR44074,-0.16452387,-0.5269056,0.8693187584510914,1.0,False
Dso1,-0.164618,-1.0554663,0.8692446583669661,1.0,False
Mcm6,-0.16462143,-1.1693641,0.8692419638400858,1.0,False
CG15211,-0.16474637,-1.4471716,0.8691436146483826,1.0,False
Alg2,-0.16476862,-0.3528509,0.8691261006210791,1.0,False
CG6659,-0.16477205,-0.22650322,0.869123406161039,1.0,False
l(2)10685,-0.16487132,-0.31299096,0.8690452674811066,1.0,False
GM130,-0.16497743,-0.26537192,0.8689617413409437,1.0,False
dnd,-0.16593935,-0.489468,0.8682046841105171,1.0,False
CCT3,-0.16629194,-0.2046685,0.867927216490816,1.0,False
PMP34,-0.16688757,-0.21701325,0.8674585217550956,1.0,False
Trs23,-0.1673805,-0.31452447,0.8670706716809423,1.0,False
CG11679,-0.16847591,-0.579943,0.866208897326221,1.0,False
Glo1,-0.16959186,-0.28343412,0.8653311282354264,1.0,False
mh,-0.1705897,-0.56009793,0.8645463925233632,1.0,False
Snx17,-0.17101246,-0.2098351,0.8642139632575008,1.0,False
PCID2,-0.17124353,-0.23269816,0.8640322813022514,1.0,False
CG14230,-0.17248271,-0.42296293,0.8630580505930021,1.0,False
Pym,-0.17293628,-0.3466948,0.8627015125980881,1.0,False
Plap,-0.17446986,-0.33984256,0.8614962180923742,1.0,False
Cbp20,-0.17654087,-0.22154087,0.8598690446915036,1.0,False
obst-E,-0.17781599,-0.4620951,0.8588674854222719,1.0,False
CG2121,-0.17798373,-3.3772998,0.8587357535512778,1.0,False
CG30050,-0.17798716,-2.7922823,0.8587330651866834,1.0,False
Lsp2,-0.17799057,-3.6231241,0.858730376823727,1.0,False
CG18507,-0.177994,-1.3180717,0.8587276884624084,1.0,False
CG31381,-0.177994,-0.4939965,0.8587276884624084,1.0,False
CG42299,-0.17800426,-21.513027,0.8587196233882813,1.0,False
lncRNA:CR42721,-0.17802139,-0.77031595,0.8587061816308322,1.0,False
CG4872,-0.17810696,-1.7434664,0.8586389734580127,1.0,False
tsl,-0.17819597,-1.7068971,0.8585690780449636,1.0,False
CG6656,-0.1781994,-1.6546745,0.8585663897819805,1.0,False
feo,-0.17821307,-1.4911028,0.858555636746447,1.0,False
Tre1,-0.1783055,-1.1511413,0.8584830544430229,1.0,False
CG9547,-0.17833802,-0.7380783,0.8584575165095939,1.0,False
lncRNA:CR43870,-0.17842531,-0.5692852,0.8583889680522719,1.0,False
Nha1,-0.1784527,-1.1913544,0.8583674628738825,1.0,False
bero,-0.17856567,-0.41466454,0.8582787551240858,1.0,False
CG33331,-0.17863584,-0.3200586,0.8582236496956407,1.0,False
Npc2g,-0.17864098,-1.2323116,0.8582196176182388,1.0,False
CG3520,-0.17870943,-0.41372827,0.8581658569396692,1.0,False
Ccz1,-0.17888401,-0.34384963,0.8580287701870675,1.0,False
CG6345,-0.17998628,-0.36616084,0.8571633410725237,1.0,False
msl-2,-0.18016942,-0.35823599,0.8570195674355994,1.0,False
CG12182,-0.18034913,-0.40352637,0.8568784857680525,1.0,False
cN-IIIB,-0.18228835,-0.29634628,0.8553564391830903,1.0,False
CG18870,-0.1824287,-0.29092532,0.8552463030460922,1.0,False
CG12316,-0.18333755,-0.2530873,0.8545331727491051,1.0,False
IntS2,-0.18485402,-0.58586186,0.8533435440626036,1.0,False
Pyroxd1,-0.18557288,-0.2634593,0.8527797280607734,1.0,False
Prp16,-0.18617022,-0.31241596,0.8523112810122786,1.0,False
gdl,-0.1870414,-0.62467563,0.8516281665719293,1.0,False
Srp54,-0.18746416,-0.2766069,0.8512967149687977,1.0,False
eIF2D,-0.18880604,-0.3022464,0.8502448323395108,1.0,False
CG13367,-0.18932636,-0.3276219,0.8498370310767835,1.0,False
HBS1,-0.19015135,-0.31249887,0.8491905338238913,1.0,False
Strn-Mlck,-0.19153772,-0.4475541,0.8481043251501222,1.0,False
Dro,-0.19171916,-1.1844269,0.8479622006205155,1.0,False
CG9114,-0.19172429,-1.483472,0.8479581783000812,1.0,False
prom,-0.1917414,-2.652721,0.8479447705938993,1.0,False
Elp4,-0.19180302,-0.47328773,0.8478965032160031,1.0,False
CG33172,-0.19180474,-0.76698184,0.8478951624636479,1.0,False
CG31262,-0.19201697,-0.73473126,0.8477289125840068,1.0,False
Kmn1,-0.1923182,-0.53527653,0.8474929566470906,1.0,False
ppk8,-0.1923319,-0.71654534,0.8474822317018635,1.0,False
lncRNA:CR44233,-0.19239694,-1.2778202,0.8474312885977815,1.0,False
PGRP-LA,-0.19341362,-0.46975994,0.8466350504404183,1.0,False
dbe,-0.19354199,-0.30860275,0.846534526434677,1.0,False
SLIRP2,-0.19368576,-0.39678672,0.8464219425133028,1.0,False
CG12065,-0.19440976,-0.3311946,0.8458550497414354,1.0,False
Fitm,-0.19587316,-0.3767988,0.8447094465659974,1.0,False
CG8939,-0.19671354,-0.42197558,0.8440517104318623,1.0,False
thoc5,-0.1971363,-0.38686088,0.843720874064102,1.0,False
tex,-0.19930659,-0.3934071,0.8420229267213941,1.0,False
AsnRS,-0.2008299,-0.29634413,0.8408315879175925,1.0,False
Spn55B,-0.20089835,-0.32184,0.8407780531376523,1.0,False
mEFTu2,-0.20092745,-0.36441654,0.8407553010791307,1.0,False
Atu,-0.20118932,-0.26682436,0.8405505385403849,1.0,False
Targ1,-0.20477337,-0.19118981,0.837749192123607,1.0,False
CG11180,-0.20499587,-0.28694448,0.8375753459457188,1.0,False
Cog7,-0.20525604,-0.3250514,0.8373720897018125,1.0,False
CG32687,-0.20536216,-0.9893602,0.8372891856653748,1.0,False
CG7675,-0.20536558,-1.7983701,0.8372865113716939,1.0,False
CG14259,-0.20537585,-1.9627167,0.8372784885019313,1.0,False
Reg-2,-0.20537928,-2.4083219,0.8372758142157707,1.0,False
Gnmt,-0.20538954,-22.133986,0.8372677913685697,1.0,False
CG32625,-0.2054135,-5.5319686,0.8372490714575771,1.0,False
BomBc2,-0.20543061,-1.5065098,0.8372357001489952,1.0,False
CG17549,-0.20548196,-1.3763586,0.8371955865053535,1.0,False
PGRP-LB,-0.2055607,-1.0131174,0.8371340797404884,1.0,False
mRpL46,-0.20561205,-0.41366428,0.8370939671692396,1.0,False
CG15210,-0.20575069,-0.8467404,0.8369856653424964,1.0,False
Wnt4,-0.20586023,-0.21674386,0.8369000957134206,1.0,False
Nep2,-0.20587905,-0.30794194,0.8368853886277208,1.0,False
CG6788,-0.20598517,-0.9971711,0.8368024952110001,1.0,False
insv,-0.20637028,-0.560393,0.8365016875534921,1.0,False
Afg3l2,-0.20698987,-0.23296958,0.8360177716445077,1.0,False
CG11406,-0.20726544,-0.69584244,0.835802569302821,1.0,False
Slbp,-0.20892909,-0.24785085,0.8345035969425085,1.0,False
WDR79,-0.20932618,-0.22581089,0.8341936207606396,1.0,False
CG17249,-0.20938951,-0.34824356,0.8341441872849759,1.0,False
CG7352,-0.21099839,-0.53805673,0.8328885301797055,1.0,False
AsnRS-m,-0.21144682,-0.4756435,0.8325386249726009,1.0,False
Lcch3,-0.2119757,-0.16237424,0.8321259931534136,1.0,False
Tim23,-0.21294445,-0.17908987,0.8313702892189905,1.0,False
lncRNA:CR43199,-0.21350756,-0.4181024,0.8309310912119982,1.0,False
qtc,-0.21368727,-0.11799996,0.8307909327436483,1.0,False
asRNA:CR45951,-0.21424183,-0.45751756,0.8303584777034266,1.0,False
CG1888,-0.21472792,-0.29997617,0.82997945442362,1.0,False
Nup50,-0.21507366,-0.43888098,0.8297098915130097,1.0,False
GCC88,-0.21554263,-0.29896188,0.8293442788122128,1.0,False
red,-0.21820755,-0.26371256,0.8272673952416161,1.0,False
CG1827,-0.21854988,-0.48940834,0.8270007022882933,1.0,False
Rpi,-0.21907191,-0.29698816,0.8265940339571415,1.0,False
sofe,-0.2191301,-1.2927692,0.8265487033173551,1.0,False
firl,-0.21947926,-0.38896894,0.8262767316228492,1.0,False
TotA,-0.21958537,-0.94333005,0.8261940776870085,1.0,False
arx,-0.21986437,-0.67924,0.8259767870134349,1.0,False
Snrnp65,-0.21991572,-0.741631,0.825936796316695,1.0,False
alpha-Est8,-0.2204463,-0.62413424,0.8255235855776265,1.0,False
CG12643,-0.2205062,-0.7454364,0.82547693578647,1.0,False
D,-0.22056611,-0.19861405,0.8254302866115292,1.0,False
lncRNA:CR45994,-0.22064142,-0.6559321,0.8253716428089779,1.0,False
ImpL2,-0.22084339,-0.29125223,0.825214375604717,1.0,False
tun,-0.22128668,-0.1303387,0.8248692120221761,1.0,False
Arc1,-0.22387117,-0.10355155,0.8228575445329244,1.0,False
CG9581,-0.22408855,-0.29390836,0.8226884041776619,1.0,False
Fpps,-0.22412449,-0.55733806,0.8226604368809991,1.0,False
Tbc1d15-17,-0.22412792,-0.28549722,0.8226577733406857,1.0,False
SerRS-m,-0.22425115,-0.39759123,0.8225618872506245,1.0,False
CG9662,-0.22462085,-0.26218528,0.8222742448848002,1.0,False
Nmd3,-0.22661826,-0.36114463,0.8207205911843125,1.0,False
CG11788,-0.22804572,-0.3546538,0.819610698416172,1.0,False
Txl,-0.22808166,-0.34045053,0.8195827561294744,1.0,False
l(3)04053,-0.22907266,-0.33626458,0.8188124377122945,1.0,False
Mys45A,-0.22946462,-0.3271474,0.8185078176746721,1.0,False
CG7747,-0.22982576,-0.27423283,0.8182271658196485,1.0,False
CG14502,-0.23064218,-0.5465976,0.8175927923164301,1.0,False
Mtk,-0.2326687,-1.2656403,0.8160186799563842,1.0,False
PIP82,-0.23272005,-1.432859,0.8159788049657462,1.0,False
CG6429,-0.23274742,-2.9544332,0.815957538498896,1.0,False
asRNA:CR45714,-0.23281246,-2.936051,0.8159070311834089,1.0,False
CG4607,-0.23296309,-0.4593653,0.8157900698104563,1.0,False
Osi2,-0.2331137,-2.6564357,0.8156731125414504,1.0,False
Clk,-0.23323694,-0.65000755,0.8155774232847209,1.0,False
CG31548,-0.23375726,-0.37920535,0.8151734323162725,1.0,False
CG12929,-0.23404309,-0.31775853,0.8149515239699316,1.0,False
CG16989,-0.234103,-0.3772155,0.8149050181136922,1.0,False
mus101,-0.23457198,-0.4433994,0.8145409662469038,1.0,False
CG30491,-0.23510085,-0.26029548,0.8141304594544945,1.0,False
CG4866,-0.23519157,-0.42076904,0.8140600540292428,1.0,False
Psf3,-0.23642048,-0.51796854,0.8131064080139778,1.0,False
baz,-0.23725744,-0.45740983,0.8124570777976678,1.0,False
Moca-cyp,-0.23835456,-0.15648516,0.8116061061241104,1.0,False
Hpr1,-0.23941916,-0.29858166,0.8107805709591346,1.0,False
Noc3,-0.24173835,-0.30821043,0.8089829080224826,1.0,False
RfC4,-0.2429724,-0.42268154,0.8080267757230348,1.0,False
twit,-0.24609774,-0.21543577,0.8056065665362082,1.0,False
lncRNA:CR44598,-0.2465051,-1.7711097,0.8052912541813021,1.0,False
CG11378,-0.24651195,-1.2821791,0.8052859550843822,1.0,False
CG14830,-0.246666,-3.1354222,0.8051667277685026,1.0,False
pch2,-0.24670878,-0.41033754,0.8051336098735027,1.0,False
atilla,-0.24683544,-1.7157513,0.8050355829535065,1.0,False
CG1503,-0.24684913,-1.7110934,0.8050249856321788,1.0,False
Mob3,-0.24790175,-0.22302279,0.8042104239142208,1.0,False
mTTF,-0.24797706,-0.4282013,0.8041521544644583,1.0,False
CG9915,-0.24831253,-0.23940288,0.8038926037761767,1.0,False
asRNA:CR44960,-0.24888933,-0.55015016,0.8034463860604246,1.0,False
Opbp,-0.24901257,-0.4859498,0.8033510600114535,1.0,False
JMJD5,-0.24908617,-0.41123125,0.803294130571734,1.0,False
Agbe,-0.24929841,-0.33494425,0.8031299678000086,1.0,False
Dtymk,-0.24945758,-0.46054688,0.8030068514207813,1.0,False
CG11562,-0.25181442,-0.34481797,0.8011845083406564,1.0,False
CG31278,-0.25245968,-0.4469106,0.8006857688467891,1.0,False
Dtwd2,-0.2527575,-0.4928635,0.8004556087767186,1.0,False
BHD,-0.25277805,-0.3762494,0.8004397363068205,1.0,False
CG8520,-0.25366807,-0.3068785,0.7997520085187907,1.0,False
Ppat-Dpck,-0.255953,-0.4278682,0.7979871118195503,1.0,False
FeCH,-0.25654182,-0.3098196,0.7975325037988912,1.0,False
Dbp21E2,-0.2568379,-0.52156407,0.7973039041926286,1.0,False
CG16986,-0.25814727,-0.18191595,0.796293253320656,1.0,False
Sps1,-0.25815582,-0.36959866,0.7962866488811104,1.0,False
sas,-0.26012242,-2.0203001,0.7947693365232891,1.0,False
E(z),-0.26015836,-0.2915571,0.7947416121701203,1.0,False
rtv,-0.26016694,-2.7221918,0.7947350111718612,1.0,False
CG17121,-0.2602183,-2.4790716,0.7946954054909596,1.0,False
obst-A,-0.26061878,-1.423869,0.7943864993492625,1.0,False
senju,-0.2606633,-0.37143335,0.7943521784340344,1.0,False
CG7889,-0.26094398,-1.3863127,0.7941357018390898,1.0,False
Obp83a,-0.2611545,-0.70491564,0.7939733547972635,1.0,False
Gp150,-0.26165602,-0.50420505,0.7935866616320196,1.0,False
CG3817,-0.2624382,-0.268765,0.7929836271948397,1.0,False
Vps25,-0.2634617,-0.2276522,0.7921947231856672,1.0,False
CG6567,-0.26445273,-0.41721046,0.791431087357525,1.0,False
CG4565,-0.26605305,-0.49007952,0.7901983503795166,1.0,False
ru,-0.2666093,-0.39293882,0.7897699816682286,1.0,False
kek2,-0.26791012,-0.04587719,0.7887685060905393,1.0,False
Arpc5,-0.2683192,-0.26531565,0.7884536404241819,1.0,False
CG10959,-0.26840305,-0.5579397,0.7883890906426808,1.0,False
Strump,-0.2687043,-0.34270778,0.7881572503516624,1.0,False
Fdh,-0.26887545,-0.28949493,0.7880255312723929,1.0,False
lncRNA:CR43459,-0.2695464,-0.154162,0.7875092509684235,1.0,False
mtSSB,-0.26979116,-0.29451022,0.7873209372502195,1.0,False
CG1688,-0.27004445,-0.16125035,0.7871260522306653,1.0,False
Polr3G,-0.2703782,-0.37800145,0.7868692984045819,1.0,False
Arl2,-0.27043128,-0.31499124,0.7868284832633609,1.0,False
Tcs3,-0.27193746,-0.38970596,0.7856701045814845,1.0,False
CG4660,-0.2721343,-0.25913742,0.7855187605429024,1.0,False
mxt,-0.2726341,-0.23122275,0.7851345147245794,1.0,False
CG10799,-0.27379453,-0.84536004,0.7842425295714099,1.0,False
CG4716,-0.27395028,-0.39483666,0.7841228303942851,1.0,False
Pph13,-0.27399135,-2.3978274,0.7840912622315435,1.0,False
AstA-R2,-0.27401873,-1.3974184,0.7840702169871001,1.0,False
ninaA,-0.2740684,-1.4672354,0.7840320728840791,1.0,False
Achl,-0.27415055,-2.0951977,0.7839689389572604,1.0,False
Tmem131,-0.27447572,-0.41106713,0.7837190477882343,1.0,False
CG11368,-0.27692157,-0.9744668,0.7818403195619046,1.0,False
Rpn3,-0.27826688,-0.27246866,0.7808074948948979,1.0,False
Nthl1,-0.27828228,-0.54828775,0.7807956708934827,1.0,False
Sec22,-0.27879062,-0.27395377,0.7804055072971572,1.0,False
Pgls,-0.27926475,-0.99733406,0.7800416671724368,1.0,False
CG8929,-0.280278,-0.14335386,0.7792642354160575,1.0,False
CG10444,-0.28035673,-0.54623324,0.7792038361009648,1.0,False
CG13284,-0.28065625,-0.33515894,0.7789740682845016,1.0,False
CG2909,-0.28155825,-0.37020805,0.7782822556542153,1.0,False
Tdrd3,-0.28300968,-0.31113333,0.7771694232976828,1.0,False
mbm,-0.28575847,-0.43030247,0.7750631199228423,1.0,False
lncRNA:CR44832,-0.2863969,-0.30384907,0.7745741585644819,1.0,False
Cpr62Bb,-0.2876823,-2.0921242,0.7735899527795782,1.0,False
CG3815,-0.28790307,-0.37765816,0.7734209313737774,1.0,False
Dso2,-0.28820604,-1.0943946,0.7731890357678429,1.0,False
l(1)G0020,-0.2892364,-0.7084379,0.7724004803276109,1.0,False
Nufip,-0.2909942,-0.3705611,0.7710557632353714,1.0,False
lncRNA:cherub,-0.29145974,-0.5217833,0.7706997311817909,1.0,False
Golgin97,-0.2920759,-0.19904651,0.7702285865763264,1.0,False
Rrp45,-0.2927554,-0.8090847,0.7697091170836802,1.0,False
Snx16,-0.29325348,-0.41536605,0.7693284128682424,1.0,False
HSPBAP1,-0.29373613,-0.33319473,0.7689595360581035,1.0,False
Charon,-0.29527143,-0.47151217,0.7677865419655348,1.0,False
CG34116,-0.2993621,-0.33970097,0.7646637752380798,1.0,False
CG3358,-0.29962227,-0.2732895,0.7644653012569511,1.0,False
Gale,-0.300425,-0.29922998,0.7638530021286332,1.0,False
CG9150,-0.301238,-2.7441165,0.7632330202405972,1.0,False
CG34398,-0.30134583,-1.5905899,0.7631508024591117,1.0,False
CG11089,-0.3015649,-0.56979537,0.76298376503675,1.0,False
lncRNA:CR45679,-0.3023779,-1.0871278,0.7623639961199827,1.0,False
Npc2b,-0.30247205,-1.1542958,0.7622922432372018,1.0,False
Mer,-0.3029119,-0.6450494,0.7619569886719286,1.0,False
e,-0.3033843,-0.3429231,0.7615969984943519,1.0,False
asRNA:CR43959,-0.30386525,-0.75820655,0.7612305397555869,1.0,False
e(y)2b,-0.3046697,-0.5259855,0.760617721384307,1.0,False
asRNA:CR45874,-0.3051866,-0.4323007,0.7602240322117897,1.0,False
CG34229,-0.30518833,-0.34067392,0.7602227287083598,1.0,False
BCAS2,-0.30576512,-0.31767416,0.7597834868533307,1.0,False
CG30291,-0.3085584,-0.33062258,0.7576574554198754,1.0,False
CG17593,-0.30880147,-0.2825329,0.7574725562438955,1.0,False
CG13887,-0.30952716,-0.18905723,0.7569205455456061,1.0,False
CG43324,-0.30990028,-0.058937397,0.7566367769680719,1.0,False
Brd8,-0.31044286,-0.3828303,0.7562241995629673,1.0,False
slv,-0.3105216,-0.32682273,0.7561643360572012,1.0,False
ranshi,-0.31095976,-0.42080855,0.7558312093796437,1.0,False
Mau2,-0.3142289,-0.46574518,0.7533472085098976,1.0,False
CG31344,-0.31464478,-0.22894049,0.7530313635520326,1.0,False
CG12698,-0.3149683,-4.191859,0.7527857349341535,1.0,False
CG4586,-0.31498197,-3.961046,0.7527753385075144,1.0,False
CG14742,-0.31503332,-4.0547566,0.7527363523069797,1.0,False
CG7135,-0.31504703,-0.6469651,0.7527259560933416,1.0,False
sls,-0.315059,-2.1232226,0.752716859443197,1.0,False
CG31313,-0.31510177,-2.0553644,0.7526843716872799,1.0,False
mst,-0.315338,-0.96500367,0.7525050471585238,1.0,False
GstE3,-0.31535167,-0.6072037,0.752494651943154,1.0,False
CG42675,-0.31586516,-0.72774684,0.7521048637845686,1.0,False
inaC,-0.31595245,-1.0674018,0.7520386060816988,1.0,False
Trm1,-0.3161955,-0.5467473,0.7518541334786848,1.0,False
Lnpk,-0.31621775,-0.30052593,0.7518372458499528,1.0,False
CG18622,-0.31690067,-0.42251888,0.7513189833782037,1.0,False
mtm,-0.31815526,-0.29109392,0.7503671795769533,1.0,False
sax,-0.31921643,-0.305604,0.7495624032495426,1.0,False
Tbcc,-0.3202605,-0.29751348,0.7487708731907191,1.0,False
Rrp4,-0.32131654,-0.42626926,0.7479705291969145,1.0,False
Taf6,-0.3220371,-0.32173342,0.7474245831774227,1.0,False
Ocrl,-0.3221843,-0.22347316,0.7473130753352726,1.0,False
Pop2,-0.32275254,-0.23771426,0.7468826528313413,1.0,False
Gmer,-0.32368365,-0.4667017,0.7461775529103191,1.0,False
spn-A,-0.32385138,-0.37501135,0.7460505538032633,1.0,False
CG8892,-0.32430324,-0.35325798,0.7457084680919784,1.0,False
Hsp67Ba,-0.32452744,-0.21481653,0.7455387396190603,1.0,False
CG4313,-0.32553557,-0.47814596,0.7447757620121808,1.0,False
mRpL19,-0.32650948,-0.23234455,0.7440389297017542,1.0,False
Nop53,-0.32767162,-0.38392398,0.7431599584037826,1.0,False
Obp19d,-0.32869002,-2.8621585,0.742390000902321,1.0,False
CG33998,-0.3288321,-1.3456779,0.7422826155301494,1.0,False
indra,-0.32974607,-0.26286596,0.7415918465496,1.0,False
CG2260,-0.33013973,-0.6271675,0.7412943884342869,1.0,False
CG14803,-0.33044782,-0.93048275,0.741061622088989,1.0,False
CG11999,-0.33463264,-0.29761046,0.737902234347845,1.0,False
Ipk2,-0.33488935,-0.47697285,0.7377085503195674,1.0,False
mRpL28,-0.3349253,-0.21583577,0.737681435884174,1.0,False
Hmt-1,-0.33593854,-0.27890962,0.7369172014547005,1.0,False
CG1418,-0.3363442,-0.38312668,0.7366113223621911,1.0,False
bsh,-0.33856413,-0.6031931,0.734938116694683,1.0,False
CG12883,-0.33898002,-0.5506597,0.7346247721218728,1.0,False
CG32100,-0.34007886,-0.33413807,0.733797136146126,1.0,False
Mul1,-0.34052387,-0.37463367,0.7334620443906951,1.0,False
CG13919,-0.34082684,-0.31186604,0.7332339532792516,1.0,False
bou,-0.3431169,-0.7259879,0.731510502295064,1.0,False
MRG15,-0.34350717,-0.29117206,0.731216954836719,1.0,False
CG11779,-0.34522218,-0.2766693,0.7299273579690932,1.0,False
PolD2,-0.3453026,-0.39525196,0.7298668866115765,1.0,False
CG32104,-0.34538135,-0.51047486,0.7298077035051834,1.0,False
CG14881,-0.3461122,-0.4396156,0.7292584067346173,1.0,False
Ranbp16,-0.34633127,-0.22518368,0.7290937733978305,1.0,False
MED16,-0.3463672,-0.6054978,0.7290667644335962,1.0,False
Uch-L5,-0.34859225,-0.33762908,0.7273954368367667,1.0,False
TrpRS,-0.34878224,-0.40665215,0.727252791116137,1.0,False
CHMP2B,-0.3490133,-0.3040511,0.7270793158162796,1.0,False
Sras,-0.3492324,-0.4152172,0.7269148484518002,1.0,False
Rtca,-0.34939158,-0.38462335,0.7267953605243154,1.0,False
MBD-like,-0.34987253,-0.23643565,0.7264343674924646,1.0,False
TTLL12,-0.35024053,-0.40743926,0.7261582038716524,1.0,False
CG2258,-0.35192984,-0.102205805,0.7248908774088205,1.0,False
Rae1,-0.35320497,-0.3886551,0.7239347821508836,1.0,False
CG6550,-0.35344973,-0.43607423,0.7237513124015724,1.0,False
Surf1,-0.35376978,-0.39213935,0.723511414370678,1.0,False
CG10947,-0.35392213,-0.2920716,0.7233972478411579,1.0,False
VhaM9.7-b,-0.3552486,-0.17779529,0.7224033614989812,1.0,False
Pop1,-0.35661957,-2.5708644,0.7213766239541335,1.0,False
CG15186,-0.3567599,-1.1098751,0.721271543032193,1.0,False
CG2681,-0.35680956,-1.496181,0.7212343815264222,1.0,False
Mfe2,-0.3569208,-0.4348171,0.7211510908871275,1.0,False
Ubc10,-0.35700297,-0.23197185,0.7210895860763604,1.0,False
SMC2,-0.35729223,-0.6842046,0.7208730522473151,1.0,False
Obp99c,-0.3573949,-0.6176909,0.7207961817134838,1.0,False
Lpin,-0.3596234,-0.13784681,0.7191287872013317,1.0,False
CG7275,-0.36009923,-0.4691344,0.7187729418229102,1.0,False
Nsun2,-0.3615626,-0.4728627,0.7176789076742884,1.0,False
Alg3,-0.36283603,-0.4645824,0.7167273768500251,1.0,False
Datp,-0.36741793,-0.36096996,0.7133073020196286,1.0,False
CG14270,-0.36808202,-0.33308804,0.712812077823313,1.0,False
CG11456,-0.36937428,-0.25425276,0.7118487798867306,1.0,False
CG9427,-0.36971828,-3.3515348,0.7115924031582602,1.0,False
wuho,-0.36995277,-0.28848368,0.7114176775059479,1.0,False
CG10184,-0.37011537,-1.0822176,0.711296526280605,1.0,False
Cks85A,-0.3703841,-0.2819763,0.7110963239217838,1.0,False
Fcp3C,-0.37045085,-1.3093185,0.7110465952146575,1.0,False
galla-1,-0.37045598,-0.2506614,0.7110427699804253,1.0,False
mad2,-0.37081027,-1.5553156,0.7107788463955055,1.0,False
Nnk,-0.37108755,-0.24182604,0.710572321686151,1.0,False
CG17739,-0.37232673,-0.5585388,0.7096495945940134,1.0,False
gammaCOP,-0.3726143,-0.29379842,0.7094355419219733,1.0,False
CG8861,-0.3727067,-0.065041855,0.7093667441470209,1.0,False
CG5543,-0.3731654,-0.4594878,0.7090253384148472,1.0,False
CG1637,-0.37525868,-0.2730313,0.7074680989915862,1.0,False
SppL,-0.3757944,-0.20246163,0.7070697540287456,1.0,False
CCT5,-0.37599978,-0.30028135,0.706917055174474,1.0,False
Wdr37,-0.37878454,-0.278369,0.7048478792769879,1.0,False
CG14321,-0.38028044,-0.24052277,0.7037372488101201,1.0,False
CG13148,-0.3814529,-0.29350728,0.7028672304095996,1.0,False
CG31051,-0.38147855,-0.28261837,0.7028481832605431,1.0,False
CG16953,-0.38347083,-0.22002508,0.7013706942346645,1.0,False
CG14770,-0.38356668,-3.6655624,0.7012996406964551,1.0,False
mxc,-0.38399458,-0.29665044,0.7009824692696951,1.0,False
CG7860,-0.38400313,-1.7376478,0.7009761263725163,1.0,False
CG15449,-0.384277,-0.85990304,0.7007731646707833,1.0,False
CG14785,-0.3843831,-1.170045,0.7006945227521766,1.0,False
CG42391,-0.38452858,-1.0278496,0.7005867124321559,1.0,False
CG13117,-0.38564968,-0.9119819,0.6997561412363653,1.0,False
CCT8,-0.3859492,-0.3240223,0.6995342936388791,1.0,False
Cdc2rk,-0.38627097,-0.49612978,0.6992959945074493,1.0,False
CG30349,-0.3867913,-0.6424171,0.6989107224173696,1.0,False
Icmt,-0.38711822,-0.7118434,0.6986686996712106,1.0,False
CG13630,-0.38754267,-0.5011196,0.698354495945539,1.0,False
CG17721,-0.38771385,-0.49880776,0.6982278155135857,1.0,False
Su(fu),-0.3902812,-0.45140874,0.6963286195513584,1.0,False
Cpsf73,-0.3906235,-0.6511981,0.6960755369007118,1.0,False
Irp-1A,-0.39117295,-0.32229403,0.6956694099980769,1.0,False
CG1983,-0.39196712,-0.3147358,0.6950825147991029,1.0,False
Vps15,-0.39212456,-0.35328457,0.6949661693373663,1.0,False
Art7,-0.39271507,-0.76742303,0.6945299378551393,1.0,False
beag,-0.39466628,-0.30600676,0.6930891973296329,1.0,False
CG9902,-0.3948289,-0.3868488,0.6929691856165296,1.0,False
Gpo1,-0.39553234,-0.2505464,0.6924500658490018,1.0,False
CG4338,-0.39555115,-0.38982144,0.6924361741159859,1.0,False
TfIIS,-0.39630598,-0.23447496,0.6918793271686938,1.0,False
GstE14,-0.39700428,-2.0190742,0.691364297354002,1.0,False
BomT3,-0.39705563,-1.1778215,0.691326433146793,1.0,False
CG1542,-0.39751092,-0.31040758,0.6909907376197115,1.0,False
GstE9,-0.39761704,-2.085773,0.6909125015252978,1.0,False
DCX-EMAP,-0.39876038,-0.62264544,0.6900697802360414,1.0,False
CG4025,-0.39949122,-0.3843126,0.6895312958102089,1.0,False
CG7049,-0.40029564,-0.4041869,0.6889387663631794,1.0,False
CG12056,-0.40088788,-0.25919488,0.6885026857307774,1.0,False
Ntmt,-0.40114802,-0.40709266,0.6883111454553017,1.0,False
Ccdc58,-0.40156564,-0.33931702,0.6880037147099443,1.0,False
Dnz1,-0.40162897,-0.28753564,0.6879571006136551,1.0,False
rho-7,-0.4018241,-0.4308778,0.6878134862580567,1.0,False
GatA,-0.40335596,-0.52157617,0.6866863791476159,1.0,False
CG10333,-0.4040851,-0.21602267,0.6861501457686199,1.0,False
Caf1-105,-0.40443596,-0.79567343,0.6858921554741787,1.0,False
Snr1,-0.40610474,-0.29114446,0.6846656300164602,1.0,False
CG4951,-0.40649328,-0.38893363,0.6843801888762664,1.0,False
CG8388,-0.4084,-0.49212167,0.6829800437206055,1.0,False
spict,-0.4119515,-0.3146011,0.6803749623186159,1.0,False
Mrm2,-0.41200972,-0.48120683,0.6803323082872205,1.0,False
Nup54,-0.41316503,-0.5293681,0.6794857121570025,1.0,False
Pgam1,-0.4149228,-0.006400524,0.6781984071128937,1.0,False
CG10979,-0.41882178,-0.2878979,0.6753463761418615,1.0,False
CG7694,-0.4191949,-0.28323597,0.675073685946227,1.0,False
CG3294,-0.41951668,-0.4524822,0.6748385561720043,1.0,False
CG18598,-0.41989666,-0.19417141,0.6745609437966136,1.0,False
sinu,-0.42135152,-0.36561376,0.6734984232431424,1.0,False
Rab1,-0.42310247,-0.055254128,0.6722205120691629,1.0,False
Cpn,-0.42440325,-1.5362625,0.6712717477567927,1.0,False
CG7789,-0.425562,-0.2852271,0.6704270394311029,1.0,False
Dredd,-0.4256972,-1.2599022,0.6703284964457459,1.0,False
CG2701,-0.4263168,-0.43077043,0.6698770176109577,1.0,False
CG11403,-0.42647085,-1.1995254,0.6697647899939769,1.0,False
CG12106,-0.42695522,-0.3328022,0.6694119445364717,1.0,False
asRNA:CR45822,-0.42829537,-0.3916652,0.6684360776264701,1.0,False
CG13014,-0.4312513,-0.7229123,0.6662856682709168,1.0,False
CG32365,-0.43199924,-0.8232112,0.6657419624820915,1.0,False
JMJD6,-0.43268046,-0.5029755,0.6652469324673309,1.0,False
Arp5,-0.43293035,-0.32206947,0.665065375106281,1.0,False
Prp31,-0.43386316,-0.3098629,0.6643878174344464,1.0,False
CG17002,-0.4355679,-0.3747815,0.6631502739327748,1.0,False
Rab32,-0.43603685,-0.9721321,0.6628099862029949,1.0,False
CG13077,-0.4381113,-1.9488397,0.6613056072648138,1.0,False
Culd,-0.43863845,-2.0782561,0.660923523911878,1.0,False
Ice1,-0.4400933,-0.53779465,0.6598695316700611,1.0,False
RhoGDI,-0.44028157,-0.06849165,0.659733181936863,1.0,False
Idgf4,-0.44029012,-0.74109405,0.6597269844902283,1.0,False
Cyp9c1,-0.44038084,-0.6018856,0.6596612929916325,1.0,False
CG8372,-0.4405674,-0.30630314,0.659526199856457,1.0,False
Kyat,-0.4409371,-0.36296278,0.6592585251652816,1.0,False
CG11170,-0.44160634,-0.4420991,0.6587740954006633,1.0,False
sgll,-0.446599,-0.36384505,0.6551646052066977,1.0,False
CG5339,-0.44713816,-0.36396503,0.6547753044728704,1.0,False
Pex11ab,-0.44899523,-0.33082345,0.6534350985591594,1.0,False
CG14340,-0.44901407,-0.36481827,0.6534215169315589,1.0,False
CG33695,-0.44948304,-0.3903093,0.6530832479941273,1.0,False
CG10628,-0.44978428,-0.36192834,0.6528660033604419,1.0,False
Dtd,-0.45027035,-0.3453707,0.6525155115926065,1.0,False
Imzf,-0.45058185,-0.45508528,0.6522909409950894,1.0,False
Atg3,-0.452569,-0.23696882,0.6508591205625066,1.0,False
BORCS6,-0.45455614,-0.30404904,0.649428587214983,1.0,False
CG1575,-0.45484883,-0.915045,0.6492179975223651,1.0,False
Orcokinin,-0.4562626,-0.40960976,0.6482011581071716,1.0,False
CG8003,-0.45649707,-0.5192971,0.6480325689175717,1.0,False
eIF2Bdelta,-0.457269,-0.4058221,0.6474777057481362,1.0,False
Hmg-2,-0.45772427,-0.34546843,0.647150538994254,1.0,False
Ctu1,-0.45898914,-0.44070506,0.6462419637476002,1.0,False
pnut,-0.45939478,-0.17551401,0.6459506919669704,1.0,False
lsn,-0.4601513,-0.3339041,0.6454076212657712,1.0,False
PSMG1,-0.46018553,-0.34569827,0.6453830523989358,1.0,False
CG10904,-0.46344608,-0.43966675,0.6430446451939881,1.0,False
lncRNA:CR45474,-0.46553937,-2.3502517,0.6415452598597751,1.0,False
stops,-0.46666044,-0.8214882,0.6407428368468807,1.0,False
RNASEK,-0.46731597,0.022306869,0.6402738281736932,1.0,False
TFAM,-0.46889746,-0.35379106,0.6391429210925051,1.0,False
E2f2,-0.46958724,-0.46971968,0.6386499415731175,1.0,False
CG5646,-0.472194,-0.3441386,0.6367883381908761,1.0,False
CG11791,-0.47359234,-0.3131009,0.6357906404737981,1.0,False
Patj,-0.473796,-0.43045434,0.6356453760513769,1.0,False
Not10,-0.47494107,-0.40696612,0.634828982492115,1.0,False
TyrRS-m,-0.47581738,-0.33048496,0.6342044788416302,1.0,False
l(3)07882,-0.47656193,-0.43714455,0.6336740992310231,1.0,False
Vps24,-0.47875446,-0.15224476,0.6321133164593997,1.0,False
Ns3,-0.4798276,-0.560396,0.6313499701311234,1.0,False
CG8435,-0.48154947,-0.5915501,0.630126028474594,1.0,False
Idit,-0.4819243,-0.12236003,0.6298597182759571,1.0,False
Grip128,-0.4823796,-0.7016409,0.629536319445233,1.0,False
Pfk,-0.48416305,-0.12289123,0.6282701558509112,1.0,False
egg,-0.484377,-0.3731919,0.6281183381771838,1.0,False
mldr,-0.48484254,-0.95991147,0.6277880372889054,1.0,False
CG15561,-0.4851746,-0.43240905,0.6275525005801983,1.0,False
CG12107,-0.48528072,-0.27713895,0.6274772339615307,1.0,False
Nup58,-0.48728156,-0.34978744,0.6260588202188424,1.0,False
mRpL35,-0.48752287,-0.30161634,0.6258878302817594,1.0,False
CG17230,-0.48901024,-0.30333894,0.624834443019099,1.0,False
CG9577,-0.4900098,-0.48890084,0.624126958182321,1.0,False
mRpL27,-0.4909238,-0.19366044,0.6234803488805403,1.0,False
Drs,-0.4931112,-2.9631052,0.6219340242974121,1.0,False
APP-BP1,-0.49311805,-0.42202693,0.6219291870848913,1.0,False
Vamp7,-0.4948433,-0.34521392,0.6207107305741044,1.0,False
ninaC,-0.49751508,-0.98603916,0.6188258682152696,1.0,False
Gip,-0.49843934,-0.5031898,0.6181744162002276,1.0,False
ppan,-0.49876797,-0.49215585,0.6179428611024531,1.0,False
CG32554,-0.4988159,-1.0064769,0.6179090958210111,1.0,False
CG8778,-0.50086975,-0.38807112,0.6164627716610704,1.0,False
TBC1d7,-0.50169134,-0.4370398,0.6158846581342554,1.0,False
Smu1,-0.505159,-0.46935633,0.6134471656001395,1.0,False
Srp72,-0.5082022,-0.322701,0.6113115573130621,1.0,False
Upf3,-0.5094842,-0.38061795,0.6104128984277775,1.0,False
CG5800,-0.50960225,-0.8219554,0.6103301409279638,1.0,False
Mecr,-0.5101979,-0.36387166,0.6099128311972732,1.0,False
ort,-0.51029885,-0.28229558,0.6098420929774664,1.0,False
CG3594,-0.5142749,-0.455136,0.6070598280225247,1.0,False
Sec10,-0.51746184,-0.33093148,0.6048338061704417,1.0,False
Atg9,-0.5185384,-0.55080473,0.6040826643796733,1.0,False
MED8,-0.5191666,-0.38877308,0.6036445924315652,1.0,False
asRNA:CR44843,-0.51952255,-0.68340063,0.6033963752824711,1.0,False
Dlc90F,-0.51983577,-0.19401735,0.6031780298846996,1.0,False
REG,-0.5205872,-0.23675835,0.6026543845144202,1.0,False
Josd,-0.52087474,-0.44740027,0.602454045922312,1.0,False
Mcm3,-0.5212016,-1.4229721,0.6022263164697135,1.0,False
Non1,-0.5220112,-0.17815991,0.6016625252425885,1.0,False
Nkap,-0.522891,-0.37448412,0.6010501342516847,1.0,False
angel,-0.52294743,-0.41871437,0.6010108269382477,1.0,False
CG8173,-0.52330005,-0.6053311,0.6007654802603416,1.0,False
mr,-0.5237382,-0.43661904,0.6004606464976305,1.0,False
Nup107,-0.52462476,-0.5349339,0.5998440484316048,1.0,False
Galm1,-0.5256021,-0.5951816,0.5991646943998312,1.0,False
CG2246,-0.5275533,-0.23996341,0.5978094099103228,1.0,False
CkIalpha,-0.5287651,0.0069359615,0.5969684085676094,1.0,False
Alms1a,-0.53004366,-0.62683064,0.5960816649308743,1.0,False
Galt,-0.5312811,-0.39544314,0.5952239831292669,1.0,False
CG13625,-0.5315139,-0.29278293,0.595062711754214,1.0,False
NC2beta,-0.53193665,-0.3172576,0.5947698655051721,1.0,False
Coq3,-0.53661615,-0.35947692,0.5915328080130964,1.0,False
CG17726,-0.5371142,-0.52045184,0.5911887410003751,1.0,False
Axs,-0.5376995,-1.4726475,0.5907844912280185,1.0,False
Dim1,-0.5386152,-0.303346,0.5901523673969684,1.0,False
Enoph,-0.5386546,-0.32727784,0.5901251989651799,1.0,False
CG31109,-0.5394197,-0.32902142,0.5895973008330933,1.0,False
Prosalpha6,-0.5399315,-0.35543865,0.5892443093299053,1.0,False
Adk2,-0.5399982,-0.320446,0.589198274148379,1.0,False
Try29F,-0.54031485,-0.7002814,0.5889799247405016,1.0,False
dgt1,-0.5410988,-0.43569863,0.5884395231619559,1.0,False
CG3760,-0.5430157,-0.30303833,0.5871189830396728,1.0,False
Dok,-0.54776704,-2.0494075,0.5838518600468487,1.0,False
boi,-0.5479964,-2.721002,0.5836943675402185,1.0,False
SmydA-8,-0.54832846,-1.6964602,0.5834663910733031,1.0,False
Thor,-0.54844314,-1.3166293,0.5833876665738831,1.0,False
Rh3,-0.5486177,-1.4925237,0.5832678268424032,1.0,False
Sfxn2,-0.5496635,-0.20174931,0.582550203738248,1.0,False
CG10038,-0.5533776,-0.5212999,0.5800048628459158,1.0,False
Vps60,-0.55371994,-0.30689093,0.5797705318754588,1.0,False
Bx42,-0.5560357,-0.24429029,0.5781864503207801,1.0,False
CG9471,-0.5565543,-0.40095478,0.5778319795071345,1.0,False
mRpL18,-0.55889064,-0.30306855,0.5762363754567226,1.0,False
MED7,-0.559808,-0.27347556,0.5756103922233966,1.0,False
CG1910,-0.5604533,-0.21390994,0.5751702942889385,1.0,False
Lrpprc2,-0.561523,-0.5228081,0.5744410395978085,1.0,False
Past1,-0.56283754,-0.2387545,0.5735455311676645,1.0,False
CG11414,-0.5663754,-0.50686085,0.5711386471017785,1.0,False
Prp40,-0.56775486,-0.27314422,0.5702014182003945,1.0,False
Uba3,-0.5691327,-0.48944017,0.5692660845329902,1.0,False
RalGPS,-0.57121056,-0.22027835,0.5678569185835576,1.0,False
Art1,-0.5734733,-0.46558714,0.5663242916055973,1.0,False
Spn43Ab,-0.5738002,-0.374436,0.566103024818041,1.0,False
Obp99b,-0.5750445,-5.11644,0.5652612006212696,1.0,False
MED18,-0.57539195,-0.46974403,0.5650262457988027,1.0,False
hui,-0.5762888,-1.126301,0.5644199785665032,1.0,False
CG3918,-0.5768177,-0.26662832,0.5640626128339258,1.0,False
CG11695,-0.5793012,-0.3483845,0.5623859561877167,1.0,False
HPS1,-0.57971543,-0.31386435,0.5621065551766765,1.0,False
CG11127,-0.5808502,-0.38077202,0.5613414325054809,1.0,False
CG6729,-0.5808536,-0.4627645,0.5613391252055023,1.0,False
Hsp70Bc,-0.5809529,-0.43720114,0.5612722155018575,1.0,False
brn,-0.5838831,-0.7601865,0.5592989654310323,1.0,False
CG42336,-0.58480734,-0.2950754,0.5586772610396251,1.0,False
Seipin,-0.58943033,-1.8541873,0.5555726373749211,1.0,False
Rh6,-0.5897059,-1.4443308,0.5553878447288352,1.0,False
Pex11c,-0.59006363,-1.0695807,0.5551480034136826,1.0,False
mre11,-0.592465,-0.40855762,0.5535392796085158,1.0,False
Bin1,-0.5932831,-0.33425257,0.5529917118636689,1.0,False
Tecr,-0.5942826,-0.3631038,0.5523230776233847,1.0,False
CG9215,-0.59461814,-0.52854604,0.5520987619530104,1.0,False
Gk2,-0.59466946,-0.67218626,0.552064431869588,1.0,False
Prx6a,-0.59558517,-0.5361201,0.5514523881357716,1.0,False
RpS17,-0.599289,0.0090573905,0.5489801651729229,1.0,False
mge,-0.60149693,-0.16271757,0.5475090341706628,1.0,False
Swim,-0.6026711,-1.3298713,0.5467275067173972,1.0,False
Gcna,-0.6033301,-1.3947825,0.5462891365216374,1.0,False
AIMP1,-0.60509986,-0.40920645,0.5451126621809166,1.0,False
CG9643,-0.61143094,-0.46117032,0.5409143048410217,1.0,False
CG3337,-0.6145597,-0.3630934,0.5388455108057033,1.0,False
Cox11,-0.61729485,-0.39141092,0.5370402686875583,1.0,False
slp1,-0.6174797,-0.9918902,0.5369183721067454,1.0,False
NaPi-III,-0.6177159,-0.04879944,0.5367626356113024,1.0,False
CG17029,-0.6181986,-0.33432612,0.5364444621277826,1.0,False
Ythdf,-0.618914,-0.22794937,0.5359730179201048,1.0,False
CG3257,-0.6203021,-0.14653425,0.5350589213507473,1.0,False
CG12379,-0.62180316,-0.38255975,0.534071320084945,1.0,False
nero,-0.6223474,-0.43166,0.5337134436311715,1.0,False
Grx3,-0.6235147,-0.25288296,0.5329463312265053,1.0,False
CG8159,-0.62554294,-0.70802087,0.5316147730494409,1.0,False
U2A,-0.6266572,-0.52151877,0.5308839771261258,1.0,False
ClpP,-0.6269054,-0.2968357,0.5307212732822626,1.0,False
La,-0.63059384,-0.3201114,0.5283061444356213,1.0,False
CG4842,-0.63096523,-1.3551342,0.5280632611000362,1.0,False
lncRNA:CR45979,-0.63129896,-0.51308346,0.5278450504310869,1.0,False
CG15525,-0.6353126,-0.5522207,0.525224532050294,1.0,False
CG3500,-0.6377294,-0.3514091,0.5236498509544443,1.0,False
Non3,-0.637981,-0.3756438,0.5234860538911521,1.0,False
CDK2AP1,-0.638948,-0.318986,0.5228567385172127,1.0,False
Uba2,-0.6407555,-0.31087765,0.5216815738799057,1.0,False
p47,-0.6412364,-0.3172802,0.5213690933864568,1.0,False
NdufAF4,-0.64194846,-0.27397418,0.5209066657385351,1.0,False
CG4390,-0.64490944,-0.46039692,0.5189858574759164,1.0,False
rtp,-0.64511484,-1.5276768,0.5188527580146511,1.0,False
CG11454,-0.6451234,-0.30414438,0.5188472125864354,1.0,False
CG14683,-0.6457635,-0.44089425,0.5184325013653936,1.0,False
Ppt1,-0.6475556,-1.105395,0.5172724435518499,1.0,False
Bet5,-0.65016913,-0.39012998,0.515582966640881,1.0,False
dod,-0.6501982,-0.22744076,0.5155641739276029,1.0,False
Gclm,-0.6527553,-0.3075435,0.5139140156626232,1.0,False
Amacr,-0.6550831,-0.4713985,0.5124142562901959,1.0,False
CG1572,-0.6571045,-0.8343975,0.5111137453807872,1.0,False
Alg10,-0.65900433,-0.48823592,0.5098929929496947,1.0,False
CG14721,-0.66146046,-0.31626427,0.5083170771105707,1.0,False
CG11964,-0.662116,-0.5583765,0.5078968991054182,1.0,False
Rtn4ip1,-0.66312754,-0.5074203,0.507248888227037,1.0,False
Ssl1,-0.6632268,-0.46682668,0.5071853166593588,1.0,False
Daao1,-0.66541076,-0.49248752,0.5057878016941015,1.0,False
CG12093,-0.66663796,-0.4100564,0.5050034112929396,1.0,False
CG1523,-0.66762215,-0.53863144,0.5043748308269449,1.0,False
CG5382,-0.66802603,-0.4185973,0.5041169590244503,1.0,False
Cyp12b2,-0.6714817,-0.43979493,0.5019136899450387,1.0,False
Gbeta76C,-0.6718018,-2.1653867,0.5017098810918552,1.0,False
U2af50,-0.6770136,-0.28002337,0.4983973495857603,1.0,False
CG8818,-0.6776263,-0.21145515,0.49800866152940304,1.0,False
CG13054,-0.67780775,-0.7150194,0.4978936060786894,1.0,False
TfIIEalpha,-0.6810426,-0.38234186,0.49584452264490964,1.0,False
Cox10,-0.68125826,-0.31141943,0.4957080772881539,1.0,False
HP1c,-0.68136954,-0.37090388,0.49563769664782664,1.0,False
nvy,-0.68147737,-0.25932524,0.49556948665690015,1.0,False
Bdbt,-0.68228525,-0.4083623,0.49505861254642736,1.0,False
Srrm1,-0.6837401,-0.27424723,0.4941393162860568,1.0,False
beta4GalT7,-0.68530273,-0.62771386,0.49315290210480545,1.0,False
MED28,-0.6863964,-0.33399335,0.4924631481985301,1.0,False
crol,-0.68655217,-0.020479763,0.49236496242908756,1.0,False
Mgat1,-0.6902869,-0.38109633,0.49001380874326994,1.0,False
CG9147,-0.6906583,-0.35997882,0.48978031706283864,1.0,False
Ing3,-0.69093215,-0.3869575,0.48960819565478353,1.0,False
nSMase,-0.6933352,-0.3604468,0.4880992276734222,1.0,False
Sec5,-0.6955106,-0.5899069,0.4867353694772316,1.0,False
CG7550,-0.6964794,-0.5679937,0.48612868137014353,1.0,False
Mkrn1,-0.6974755,-0.2071036,0.4855052697918141,1.0,False
DCTN6-p27,-0.6989218,-0.3114932,0.4846009155053759,1.0,False
Hs2st,-0.70156103,-0.39543957,0.4829529584176626,1.0,False
CG6180,-0.7036115,-0.26473042,0.48167474292877155,1.0,False
Dpit47,-0.7065674,-0.5257811,0.4798353504829457,1.0,False
Prp19,-0.7099752,-0.52483225,0.47771953997437966,1.0,False
Cypl,-0.71217626,-0.4436964,0.4763556410208927,1.0,False
Nubp1,-0.71504825,-0.37601176,0.47457920968362943,1.0,False
Fundc1,-0.71539915,-0.10172109,0.4743624340717212,1.0,False
CG13398,-0.71629775,-0.35382187,0.47380752513226676,1.0,False
CG9646,-0.71675646,-0.13849409,0.4735243949718503,1.0,False
CG7706,-0.7175044,-0.46376747,0.47306292340365275,1.0,False
CG2926,-0.7186648,-0.1493852,0.4723474461722401,1.0,False
Cys,-0.7190842,-0.33757928,0.4720890501959524,1.0,False
Tmem70,-0.72112954,-0.38971823,0.47082982773067505,1.0,False
PDCD-5,-0.724248,-0.3282017,0.46891348152819046,1.0,False
Nlp,-0.72688216,-0.24794778,0.46729815737095826,1.0,False
CG6329,-0.72978157,-0.012436201,0.46552371881045584,1.0,False
Sfxn1-3,-0.73134595,-0.2618144,0.4645678753964214,1.0,False
Fkbp39,-0.7346442,-0.31747246,0.46255623885946207,1.0,False
CG10866,-0.7346442,-0.45705506,0.46255623885946207,1.0,False
CG3436,-0.73638654,-0.3680711,0.4614954914905809,1.0,False
Rph,-0.73868865,-0.44380677,0.46009609879985613,1.0,False
GstD9,-0.73965734,-0.22664677,0.4595079200008949,1.0,False
CG10470,-0.74144083,-0.3086365,0.45842619101443816,1.0,False
Atg17,-0.74177116,-0.12845457,0.45822598923949753,1.0,False
HP4,-0.7420091,-0.30023357,0.4580818328525429,1.0,False
CG10802,-0.7436522,-0.40982386,0.45708691533853707,1.0,False
Sirt2,-0.7451173,-0.44420817,0.4562008051721508,1.0,False
orion,-0.74537235,-0.36251202,0.4560466628013963,1.0,False
CG4291,-0.74691963,-0.45438927,0.4551120917164919,1.0,False
Dgkepsilon,-0.747837,-0.27942494,0.45455847518927495,1.0,False
CG14543,-0.75137657,-0.4144041,0.4524260672220307,1.0,False
PTPMT1,-0.7551814,-0.46359944,0.450140148421467,1.0,False
Prx3,-0.75636065,-0.2590603,0.449432978063978,1.0,False
bdg,-0.7567304,-0.5153351,0.44921141148704313,1.0,False
Tango14,-0.7573859,-0.36106306,0.44881869350811643,1.0,False
mRpS33,-0.75962806,-0.17368086,0.44747692852980725,1.0,False
Mettl14,-0.7611582,-0.71814936,0.446562561425911,1.0,False
sosie,-0.76591986,-0.17454983,0.4437239952829356,1.0,False
Vsx2,-0.76593184,-0.37737408,0.44371686597451954,1.0,False
Nprl2,-0.7671111,-0.5322792,0.4430154585338929,1.0,False
Adc,-0.76879704,-1.1046174,0.4420138223230864,1.0,False
oya,-0.76949704,-0.3991149,0.4415982956325757,1.0,False
CG13601,-0.7695381,-0.33978763,0.44157391959823444,1.0,False
CG13807,-0.77001226,-0.46345195,0.4412926353079092,1.0,False
Stt3B,-0.7716194,-0.37574324,0.44033987610422787,1.0,False
spag,-0.7745308,-0.53920096,0.43861695892116315,1.0,False
CCT1,-0.7747122,-0.47045526,0.4385097215151227,1.0,False
CG16787,-0.77595824,-0.34366903,0.437773630384924,1.0,False
CG32576,-0.7771838,-0.53471017,0.43705036648899476,1.0,False
Orp8,-0.7783716,-0.07179362,0.4363499829036245,1.0,False
Srp19,-0.7786985,-0.46115077,0.4361573396025924,1.0,False
CSN5,-0.7794122,-0.38559967,0.4357369222720706,1.0,False
CG13071,-0.78166467,-1.8436984,0.4344116712463799,1.0,False
Sf3b2,-0.7825804,-0.23971523,0.4338735767448296,1.0,False
CG14777,-0.78297573,-0.24734642,0.43364135975179485,1.0,False
Cwc25,-0.78378534,-0.34023252,0.4331660920952428,1.0,False
hig,-0.7838076,-0.031112717,0.4331530340268933,1.0,False
Lint-O,-0.7886496,-0.646589,0.43031681879891637,1.0,False
Aldh,-0.7914994,-0.40137815,0.4286526239920184,1.0,False
RhoGAP19D,-0.79307234,-0.026916439,0.42773567402433577,1.0,False
uno,-0.7936132,-0.6665889,0.42742064300462235,1.0,False
CCT4,-0.7945426,-0.4345143,0.42687962382424194,1.0,False
TyrRS,-0.7945837,-0.41055167,0.4268557205887714,1.0,False
CG14687,-0.80167645,-0.43488708,0.42274013872439264,1.0,False
Rab18,-0.8078929,-0.21982543,0.41915223188576967,1.0,False
CG31388,-0.8085638,-0.36422086,0.4187660646402819,1.0,False
CG12170,-0.80868024,-0.4416074,0.4186990977596359,1.0,False
Nuak,-0.8161992,-0.12630518,0.4143862100081551,1.0,False
CG11151,-0.81900793,-0.20015366,0.41278190091388534,1.0,False
Sbp2,-0.8206938,-0.49625933,0.41182069451270975,1.0,False
Cyp4ae1,-0.82089406,-0.76503116,0.4117066090471493,1.0,False
Uch,-0.82730395,-0.37741876,0.40806481378528503,1.0,False
CG2004,-0.830496,-0.68395543,0.40625839085458726,1.0,False
Septin2,-0.8336419,-0.26911795,0.4044827990316149,1.0,False
CG17385,-0.8399491,-0.27714404,0.40093693467608016,1.0,False
Dpck,-0.8399799,-0.34881797,0.4009196602548484,1.0,False
CG12795,-0.8415186,-0.419116,0.40005746769263617,1.0,False
shop,-0.8469118,-0.5614464,0.3970442902679876,1.0,False
CG13551,-0.84855664,-0.15690582,0.39612805514504257,1.0,False
Tsp42Ea,-0.852115,-0.89741194,0.39415027188576546,1.0,False
Usp39,-0.8535442,-0.5599771,0.3933576091433568,1.0,False
CG1764,-0.8544034,-0.2640094,0.39288152729339043,1.0,False
Prosap,-0.8562553,0.0065254252,0.3918565788798919,1.0,False
CG4743,-0.85635626,-0.41078764,0.39180073650898617,1.0,False
Su(var)205,-0.8571744,-0.16938515,0.3913484967094806,1.0,False
CG43078,-0.85851115,-0.24862732,0.390610268295293,1.0,False
unc-104,-0.8603648,0.044569753,0.3895879801597194,1.0,False
Naa20A,-0.86314785,-0.4935456,0.3880561913172379,1.0,False
CG10343,-0.86625093,-0.34631163,0.3863525709731155,1.0,False
Rh7,-0.86670965,-0.33788937,0.38610112749604875,1.0,False
Prosbeta7,-0.86834246,-0.4649493,0.38520687497586703,1.0,False
Nup44A,-0.8696707,-0.5374187,0.3844804090557994,1.0,False
Hacd1,-0.8705162,-0.46438554,0.3840183792023203,1.0,False
aph-1,-0.8710006,-0.45028663,0.383753847234921,1.0,False
Gnf1,-0.87333685,-0.3575103,0.3824794917848324,1.0,False
CG5188,-0.87620544,-0.7182082,0.38091834151633697,1.0,False
CG1265,-0.87852126,-0.36827245,0.37966091605366403,1.0,False
Ero1L,-0.8807788,-0.5098318,0.37843754889900016,1.0,False
mRpL9,-0.88431835,-0.45390037,0.376524379732896,1.0,False
GatB,-0.8902558,-0.50925255,0.37332853277755595,1.0,False
Atat,-0.89158916,-0.211435,0.37261318783141373,1.0,False
CG7943,-0.89244497,-0.3046926,0.3721544925258493,1.0,False
inaD,-0.8948326,-1.4912748,0.3708765843234173,1.0,False
CG4297,-0.8964774,-0.25483832,0.36999783408001996,1.0,False
CG7182,-0.899091,-0.81591547,0.36860418993348565,1.0,False
CG15602,-0.8992827,-0.41794893,0.36850209984402926,1.0,False
CG2147,-0.8996045,-0.50117064,0.36833077389839164,1.0,False
O-fut2,-0.90047395,-0.8300681,0.3678680773556666,1.0,False
CG6770,-0.9028,0.02206741,0.36663205338482574,1.0,False
Arp6,-0.9044585,-0.4529349,0.3657523217029649,1.0,False
eIF2Balpha,-0.9074127,-0.46628815,0.36418859459643926,1.0,False
mRpL49,-0.90991676,-0.29991212,0.36286641899009753,1.0,False
Trs33,-0.9116283,-0.5324754,0.3619644075220877,1.0,False
Archease,-0.91260904,-0.49412587,0.3614481887065961,1.0,False
Ttd14,-0.9139715,-0.18028438,0.36073183439236656,1.0,False
CG17078,-0.9140451,-0.42135653,0.3606931622373536,1.0,False
Hsp23,-0.91532874,-0.319017,0.36001906632903347,1.0,False
Nf-YC,-0.91701466,-0.4541764,0.3591349562313585,1.0,False
CG12608,-0.92027867,-0.40306562,0.3574271652722001,1.0,False
ab,-0.9217763,-0.1690646,0.3566452836437016,1.0,False
CG4820,-0.9225037,-0.535821,0.3562659017374843,1.0,False
trp,-0.93288445,-1.6991842,0.35087964286181617,1.0,False
Crtc,-0.9359995,-0.09052911,0.3492734433527366,1.0,False
TfIIEbeta,-0.9413739,-0.51195776,0.3465133028326529,1.0,False
ALiX,-0.9418908,-0.3371204,0.34624857120412356,1.0,False
CG7332,-0.9456117,-0.19846329,0.34434665711041923,1.0,False
Nasp,-0.9475236,-0.2807709,0.3433720524585683,1.0,False
Tfb1,-0.9495758,-0.47370002,0.3423278640837212,1.0,False
GstE12,-0.9567952,-0.3568696,0.33867063825551,1.0,False
CG3061,-0.9606291,-0.20114142,0.3367386752459075,1.0,False
Nle,-0.9629261,-0.74423337,0.3355846244052386,1.0,False
p38b,-0.9705426,-0.3830545,0.3317761009154734,1.0,False
JIL-1,-0.9710629,-0.18417507,0.331516946526748,1.0,False
Fbl6,-0.9727403,-0.27646896,0.3306824058471869,1.0,False
ScsbetaA,-0.97760284,-0.11721186,0.3282707790471602,1.0,False
Tcs5,-0.9777227,-0.51211536,0.32821150282360967,1.0,False
cathD,-0.97813517,-0.19569252,0.3280074763569686,1.0,False
Dph5,-0.978765,-0.35640925,0.3276960926552519,1.0,False
Rlb1,-0.97921175,-0.4770315,0.3274753634681654,1.0,False
Rai1,-0.9850773,-0.6872814,0.32458608582600623,1.0,False
CG1529,-0.9856113,-1.3407075,0.3243238676914528,1.0,False
lolal,-0.9881085,-0.047106314,0.323099492988288,1.0,False
CG3860,-0.98818386,-0.27562082,0.32306261560439065,1.0,False
HIPP1,-0.9932621,-0.2995468,0.3205822385417315,1.0,False
Torsin,-0.99359244,-0.4710904,0.32042132509974874,1.0,False
Nup62,-0.9941675,-0.4447403,0.32014131162552795,1.0,False
sturkopf,-0.9967623,-0.46446514,0.318879907645804,1.0,False
Rbsn-5,-0.998479,-0.594194,0.31804714172818815,1.0,False
Ahcy,-1.0016934,-0.5415393,0.31649172036573037,1.0,False
CG5174,-1.0071875,-0.21162955,0.3138446700391042,1.0,False
shrb,-1.0072047,-0.2026663,0.3138364466008198,1.0,False
Pdk,-1.0101708,-0.29228988,0.31241346578071816,1.0,False
CG3776,-1.0112542,-0.3206555,0.31189476571541774,1.0,False
Polr2E,-1.0128237,-0.50549567,0.3111443545363677,1.0,False
Bug22,-1.0137686,-0.43729037,0.31069320954009916,1.0,False
Larp4B,-1.0137737,-0.07734863,0.3106907588451491,1.0,False
CG9154,-1.0149992,-0.61323315,0.3101062244983692,1.0,False
Ncoa6,-1.0171027,-0.103526436,0.3091045767754593,1.0,False
Tbp,-1.0181211,-0.6328241,0.30862041470656465,1.0,False
alpha-PheRS,-1.028281,-0.45047763,0.30381765454440335,1.0,False
Dhod,-1.0290307,-0.4545776,0.3034652507180867,1.0,False
CG8237,-1.031302,-0.5277116,0.30239923857685724,0.999629181106894,False
Rpt6,-1.0351102,-0.3067168,0.3006174372762287,0.9952414023203943,False
TfIIA-L,-1.038085,-0.30544984,0.299230506747063,0.992400014804747,False
Trx2,-1.0407653,-0.14298534,0.2979844952933496,0.9892663638591748,False
CG2931,-1.0413233,-0.44908306,0.29772554501361437,0.9886564724485452,False
CG1703,-1.0422133,-0.31256434,0.2973128067990771,0.9876909437541058,False
Oda,-1.0549303,0.06432592,0.29145719549068816,0.9725108046591271,False
CG34159,-1.0561523,-0.21606597,0.2908986006166464,0.970893475261045,False
Slu7,-1.056344,-0.58758914,0.2908110432685336,0.970893475261045,False
mRpL11,-1.057472,-0.4398347,0.29029622111402387,0.9703618278906826,False
Rho1,-1.0605546,-0.13675821,0.28889237903563614,0.9671454421728048,False
Tango9,-1.0622919,-0.33132514,0.28810322653274467,0.9657337746531289,False
Hsp68,-1.0631835,-0.5028513,0.28769871929486257,0.9647202036688388,False
Sys1,-1.0675617,-0.3835221,0.28571823455242307,0.9614180799023916,False
MED4,-1.0687034,-0.5450025,0.2852033402082137,0.9601772714158155,False
Noa36,-1.0707693,-0.36839837,0.2842731857910741,0.9575364422698573,False
CG12118,-1.0738347,-0.4258213,0.2828967688835581,0.9533889569453586,False
sbb,-1.0778381,0.032257985,0.28110601465651586,0.9488140335439553,False
Ar2,-1.0789369,-0.3512868,0.2806158439182428,0.947402926281015,False
CG11593,-1.0806332,-0.40171212,0.2798603498047768,0.9454861097392712,False
Ho,-1.0813314,-0.34027806,0.2795497109109264,0.9452607311810532,False
CG3706,-1.0818484,-6.0226173,0.2793199282372961,0.944726861528461,False
Srp9,-1.0829848,-0.28854322,0.27881516240665727,0.9435053396918559,False
qkr58E-2,-1.0846364,-0.26782128,0.2780826863641759,0.9419956908300167,False
bigmax,-1.085167,-0.46422985,0.27784766142409645,0.9418765280955748,False
Rpn9,-1.0908393,-0.35362262,0.2753436199955146,0.936097067720844,False
raptor,-1.091505,-0.2470447,0.2750507068046941,0.935585370803438,False
CG11191,-1.0940382,-0.28903487,0.2739382259750027,0.9327671130633677,False
128up,-1.0943582,-0.50687206,0.27379788162943375,0.93253088766479,False
CG9328,-1.0956608,-0.06609643,0.2732272546453268,0.9310700534335049,False
MED31,-1.0990001,-0.3588447,0.2717680370330142,0.9270591917481326,False
MrgBP,-1.1001914,-0.33030042,0.271248769304407,0.9257685269246514,False
CG6144,-1.1014801,-0.3773812,0.27068774127707307,0.9250551158337426,False
CG42340,-1.1023599,-0.15032597,0.27030523896970526,0.9242286859385708,False
CG13928,-1.1026286,0.0077246344,0.27018847853215855,0.9240699135639155,False
CG3556,-1.1046312,-0.09700849,0.26931944224835247,0.9213375347938952,False
bys,-1.1057591,-0.64221674,0.2688308048538385,0.9202946839797681,False
Tsf1,-1.1073645,-0.3727652,0.26813634405404474,0.918725309222985,False
pr,-1.1095777,-0.5198403,0.2671810763452027,0.9161689308914309,False
Arpc4,-1.110341,-0.26958695,0.2668521152795267,0.9152797689305613,False
Polr2H,-1.1149246,-0.50319827,0.2648827331287573,0.9104261347925376,False
CG7772,-1.1149606,-0.46390566,0.26486732955960035,0.9104261347925376,False
CG12279,-1.1180242,-0.31313604,0.2635566269373909,0.9068169882056342,False
Hakai,-1.1187551,-0.6119254,0.26324462433035567,0.9059807133841995,False
CG14480,-1.1199396,-0.35243174,0.2627395316011466,0.9047163116454577,False
PIG-H,-1.1223665,-0.5553796,0.2617066209402582,0.9025787399356936,False
Rpn1,-1.1272206,-0.38147867,0.25964922749961383,0.8975964688405751,False
MED22,-1.132915,-0.32786676,0.2572499442838957,0.892741520332782,False
fabp,-1.1366686,-0.2417464,0.255676889034143,0.8887815666424971,False
asRNA:CR44961,-1.1367866,-3.8563325,0.2556275035264707,0.8887815666424971,False
SF2,-1.1384554,-0.11688367,0.25493037345295355,0.8866556662709926,False
Xpac,-1.1468251,-0.44260934,0.2514539460731676,0.8775842898808559,False
mRNA-cap,-1.1478245,-0.4758605,0.25104098671788355,0.8763758144189665,False
BicD,-1.1486821,-0.06020766,0.25068709586837634,0.8754345929792274,False
Vta1,-1.1535721,-0.32638606,0.24867565572621897,0.8695045546148263,False
Nrx-1,-1.1547668,0.01953249,0.24818595673915467,0.8682543853973622,False
CG13220,-1.1555815,-0.33057857,0.24785239447876894,0.8674703397650506,False
OstDelta,-1.1578528,-0.72816676,0.24692414162445986,0.8656838903269484,False
Pdcd4,-1.1615309,-0.009797963,0.2454260597594855,0.861811444478792,False
Fife,-1.1633178,-0.06448866,0.24470058600029287,0.8603615881546267,False
Cpr49Ag,-1.164028,-1.7869723,0.24441262172291778,0.8596359950117674,False
CG11110,-1.1669207,-0.48998958,0.24324240536252195,0.8571212674882108,False
CG12877,-1.1693048,-0.42802265,0.24228080725724288,0.854879110461915,False
Nanp,-1.171073,-0.23329648,0.24156944861457674,0.8528271238032076,False
janA,-1.1720605,-0.40241838,0.24117274746457473,0.851655442538165,False
CG5644,-1.1734915,-0.49821758,0.24059879179419774,0.8506642000587044,False
fidipidine,-1.1737002,-0.5672823,0.24051511323920827,0.8506642000587044,False
CG3894,-1.1788332,-0.398615,0.23846457388108178,0.8464139656394961,False
mRpL17,-1.1804388,-0.3287039,0.23782576537989242,0.8449605185032883,False
trpl,-1.1822222,-1.2826788,0.23711754754555137,0.8429990732544765,False
CG8531,-1.1829427,-0.5488945,0.23683182893253318,0.8424391532684044,False
fl(2)d,-1.1855683,-0.19179498,0.2357928135776366,0.839857171554725,False
CG13698,-1.1858593,-0.38396874,0.23567786727474838,0.8396982581318312,False
GIIIspla2,-1.187018,-0.45878088,0.2352205038965962,0.8382960187689922,False
CG44314,-1.1931044,-1.4862077,0.23282848108386744,0.8302215037834514,False
Bbd,-1.1949906,-1.8925844,0.23209071071943999,0.8280401680297154,False
CG17141,-1.1957386,-0.7879447,0.23179860661257046,0.8276721986111891,False
CG1927,-1.1988297,-0.32921648,0.23059419000878245,0.8244918793783405,False
Hap40,-1.2028929,-0.39325044,0.2290177518821357,0.8213136625904102,False
LysRS,-1.2054791,-0.561968,0.22801838660263563,0.8188471166872457,False
lin-52,-1.2062613,-0.42928058,0.22771674270633868,0.8183011851157797,False
unc79,-1.2067919,-0.096502826,0.22751228843607885,0.8181476382184115,False
CG3548,-1.2074971,-0.38789418,0.22724076465978638,0.8176187425053649,False
CG8248,-1.2076528,-0.2851041,0.2271808233367253,0.8176187425053649,False
Ak2,-1.2191136,-0.12953858,0.22280108585664438,0.8045084551130276,False
Agpat3,-1.2221928,-0.28270695,0.2216347589957467,0.8009572973608668,False
Ddrgk1,-1.2223177,-0.42439878,0.22158752419845407,0.8009572973608668,False
Scox,-1.2232265,-0.40786028,0.22124415661853503,0.8004262714668364,False
eIF3b,-1.2277725,-0.28613484,0.21953239598675078,0.7962063713126981,False
CG1622,-1.2303004,-0.3975369,0.21858461032292087,0.7936451449691021,False
qless,-1.237537,-0.3731698,0.2158877783134886,0.7855899770255442,False
Urod,-1.2439383,-0.49850053,0.2135222607979722,0.7797894682838674,False
ArfGAP1,-1.248955,-0.3766163,0.2116815443019383,0.7743584332203421,False
VhaAC39-1,-1.2515874,-0.11390737,0.21072025578743703,0.7719164095475112,False
ghi,-1.2521402,-0.2600849,0.2105187745779502,0.7713933903943853,False
CG3184,-1.2522806,-0.6299582,0.21046764674160023,0.7713933903943853,False
CG8677,-1.2550157,-0.116947584,0.2094730704803438,0.7689712392303151,False
Apt1,-1.2554042,-0.07238707,0.20933206492245382,0.7689712392303151,False
Ubi-p63E,-1.2577765,-0.19290447,0.2084726146462793,0.7668897414479591,False
Roe1,-1.2583207,-0.41896498,0.20827578599895924,0.7665949098112953,False
scu,-1.2593358,-0.54189074,0.20790910382405092,0.7654596873768644,False
CG3652,-1.2653416,-0.37326378,0.2057488886932094,0.7592081992217836,False
SmD3,-1.2677413,-0.5043727,0.2048903627745643,0.7568904601793014,False
CG31140,-1.2684823,0.018858602,0.20462573896712755,0.7563381744101423,False
san,-1.2692662,-0.38531518,0.20434610724937408,0.755517121344056,False
mRpS16,-1.2700776,-0.35255924,0.20405699956899415,0.7547169263136714,False
Polr2C,-1.2729684,-0.5356484,0.20302924462186633,0.752237773244492,False
CG9018,-1.2745773,-0.43448013,0.20245889100089964,0.7508636262353433,False
CG7488,-1.2774031,-0.5957499,0.20145995930239302,0.7482147725363043,False
CG9849,-1.2851943,-0.5131132,0.198724414984097,0.7401760083119648,False
CG2790,-1.2873149,-0.35641187,0.19798455579802332,0.7382284515283843,False
CG8042,-1.291676,-0.35967135,0.19646937420559363,0.734036843065539,False
kraken,-1.2954534,-0.41690585,0.1951638495936111,0.7304052929820706,False
Idi,-1.2970589,-0.47968975,0.19461091746667258,0.7292274724881473,False
sPLA2,-1.2971206,-0.4185027,0.1945897191167112,0.7292274724881473,False
Hsc70-5,-1.301011,-0.2549401,0.1932547070094931,0.726363515476184,False
mRpS29,-1.3027807,-0.44405618,0.1926496340519348,0.7251263796741402,False
CG1789,-1.3094867,-0.396106,0.19036954319394517,0.7175719442250257,False
Hou,-1.3150835,-0.27252513,0.1884818225656414,0.7122954122843049,False
Pfdn5,-1.324172,-0.2644604,0.18544591351526962,0.7025978525742672,False
Egm,-1.3256885,-0.55614454,0.1849428974096281,0.7009373152473358,False
CG6443,-1.3355677,-0.46130788,0.1816906006045027,0.6912028060055487,False
Oli,-1.3411013,-0.29997268,0.1798875731693288,0.6861314111596459,False
CG12355,-1.3439374,-0.27242196,0.178968642659744,0.6832213726173841,False
mRpL15,-1.3493049,-0.5580146,0.1772390600068543,0.6772088538790537,False
Arl6IP1,-1.3497876,-0.1319444,0.17708414217285895,0.6768914012561125,False
Rpt4,-1.3518859,-0.3811618,0.17641180658798172,0.675029452115923,False
RtcB,-1.3522437,-0.52994734,0.1762973815490967,0.6749847300568561,False
Dlip3,-1.3579774,-0.37024537,0.17447083972764033,0.6703353315851445,False
Cdk12,-1.3595504,-0.24999902,0.17397224589923033,0.6690065294456794,False
vig,-1.3617018,-0.01549732,0.17329199824155517,0.6665857309408768,False
CG5532,-1.3619877,-0.25113806,0.1732017730643427,0.666433762244645,False
CG9775,-1.3724266,-0.14193057,0.16993067291753328,0.6563459853428534,False
NdufAF1,-1.373368,-0.5338177,0.1696379811380333,0.6554081364756712,False
CG6195,-1.375196,-0.42686602,0.1690707068299584,0.6536007907459999,False
CSN6,-1.3778626,-0.4945791,0.1682457200440115,0.6513696998757545,False
CG14483,-1.3784736,-0.2720885,0.16805710890634595,0.6508312440404909,False
twr,-1.3817308,-0.28291944,0.16705438896302915,0.647329599225657,False
mRpS35,-1.3851693,-0.426942,0.16600070156442448,0.6438161802114928,False
CG5989,-1.3944906,-0.50123864,0.16316951357085885,0.6343335527577175,False
ABCB7,-1.398713,-0.43319303,0.16189905169375707,0.6300855409081144,False
SP1029,-1.4005153,-0.5833228,0.16135905447834642,0.6285970874134218,False
CG9951,-1.4045255,-0.6472927,0.16016240412695593,0.6250472201449958,False
speck,-1.4095833,-0.24277472,0.1586627658991221,0.6206694682686705,False
CG17108,-1.4112298,-2.5245245,0.15817685925302105,0.619321790996632,False
CG1907,-1.4113667,-0.5016039,0.15813650202593055,0.619321790996632,False
CG17272,-1.4142063,-0.32980385,0.15730135060519246,0.6167509160357718,False
bai,-1.4168917,-0.31366473,0.15651458540430274,0.6144612047243914,False
CG2604,-1.4181703,-0.5122117,0.1561410572201588,0.6133612830711171,False
CG3862,-1.4221257,-0.6257151,0.15498975220889993,0.6101154415892587,False
VhaAC45,-1.4223465,-0.17611559,0.15492567684995834,0.6100459675781998,False
eIF3c,-1.4232571,-0.2910045,0.15466164062588877,0.6093715015964553,False
Scp2,-1.424284,-0.20853868,0.1543642657154205,0.608515001554434,False
mRpS25,-1.4264389,-0.33898768,0.15374168652110712,0.6066739194172006,False
KdelR,-1.4343567,-0.27957678,0.1514705017068914,0.5998560555842535,False
CG9410,-1.4370798,-0.3826911,0.15069531788269624,0.5971461028282958,False
CG3803,-1.438307,-0.5347612,0.15034696359945202,0.5959454303761084,False
Pgm1,-1.4397242,-0.4619425,0.14994544431298473,0.59453323424038,False
Arp3,-1.4412681,-0.4297472,0.14950897181430894,0.5929815543736853,False
CG11158,-1.4449531,-1.1182165,0.14847106701171564,0.5892646118356454,False
CG13631,-1.4458003,-0.3197429,0.14823322035017344,0.5886323709281592,False
Tmem43,-1.4459269,-0.56379753,0.14819768849762802,0.5886323709281592,False
ECSIT,-1.4488093,-0.6130635,0.1473908563698412,0.5865281201392227,False
Rbm13,-1.454158,-0.96146494,0.14590252061389097,0.5814859329288831,False
sina,-1.457326,-0.17376353,0.14502639046433294,0.5786962559068736,False
mthl1,-1.4580518,-0.8120309,0.14482626785191569,0.5784246685635781,False
Tango10,-1.4592875,-0.3740915,0.1444859799995749,0.5777680393166202,False
CG5961,-1.459873,-0.5773924,0.14432500504274257,0.5773000201709703,False
CG31345,-1.4599551,-0.30303583,0.144302423071371,0.5773000201709703,False
Rim,-1.4670752,0.017002562,0.14235558907160825,0.5715100642838168,False
NdufAF3,-1.4767851,-0.41698325,0.13973327075466466,0.5630460102342429,False
CG8010,-1.4784693,-0.8867782,0.13928222880336427,0.5619184791145859,False
CG3625,-1.485562,-0.19092014,0.13739501012150113,0.5556695700204755,False
Son,-1.4871179,-0.41903508,0.13698369184365525,0.5546388515658078,False
Vps28,-1.4947942,-0.3193047,0.13496814246441383,0.5483863302357445,False
CSN7,-1.4955456,-0.33104584,0.13477209474114143,0.5480982125962856,False
Hsp67Bc,-1.4968259,-0.4242248,0.1344385615470344,0.5472499066691549,False
CG7368,-1.4983424,-0.44295195,0.1340443202245801,0.5459833750003046,False
CG14647,-1.498861,-0.3689599,0.1339097004116955,0.5456041747006757,False
l(2)k14505,-1.5002371,-0.40731516,0.13355299830802309,0.5444884882927159,False
NUCB1,-1.5063525,-0.21187676,0.13197669070704804,0.5394654616087874,False
AMPdeam,-1.5114393,-0.21795946,0.13067654251137797,0.5349189310278837,False
Yod1,-1.5124321,-0.46749368,0.13042397499665354,0.5343844812772146,False
ssx,-1.5348366,-0.19944125,0.12482395242087164,0.5146491166646543,False
alien,-1.5357592,-0.4288086,0.12459744651647447,0.5141992610635913,False
PIG-T,-1.5365278,-0.39611593,0.12440900648295007,0.5135828919842802,False
Mtch,-1.5439337,-0.33571446,0.12260439098248084,0.5077282374755115,False
CG11586,-1.5445961,-0.4015295,0.12244399062154122,0.5072238451346317,False
Grx5,-1.545926,-0.2546559,0.12212244164139226,0.5062110041539098,False
GstD1,-1.5473996,-0.29214382,0.12176690192793783,0.5048965261385621,False
CG10561,-1.5493577,-0.42744783,0.12129575339881905,0.5031017044382835,False
baf,-1.557041,-0.38280597,0.11946075318285797,0.4965878825760056,False
XRCC1,-1.5589733,-0.89548963,0.11900268415877126,0.4948705984060527,False
CG2915,-1.5591189,-0.5460748,0.11896825292352503,0.4948705984060527,False
mRpS2,-1.5599387,-0.44494784,0.11877436875343143,0.49443430174109226,False
sqd,-1.5613918,0.0010258278,0.11843132892383058,0.4935577742020723,False
MED19,-1.5641594,-0.3355957,0.11778012701286153,0.49115546459822296,False
CG4199,-1.5689502,-0.5901547,0.11665955206672136,0.48772081264929007,False
beat-IIIb,-1.5801251,-0.16072723,0.1140782281355346,0.47875692037717177,False
asRNA:CR45600,-1.5876902,-0.3317081,0.11235639957649365,0.4733450113610537,False
CG14757,-1.5887617,-0.33110133,0.11211420417233683,0.4724761522849602,False
VAChT,-1.5901515,-0.07162119,0.11180066020223288,0.4714572127911874,False
Sms,-1.5915208,-0.34181225,0.11149242678919989,0.47031483691952963,False
Nop56,-1.598415,-0.44584394,0.10995064764475047,0.46455032477556957,False
EMC4,-1.6018227,-0.25168636,0.10919480884834004,0.461802313571673,False
CG1909,-1.6083678,-0.14897133,0.10775464105626453,0.4561520565332848,False
akirin,-1.6177901,-0.19358675,0.1057078441064649,0.4498060464892969,False
EloC,-1.6345413,-0.17863919,0.10214523902958615,0.4369102997554564,False
Ost48,-1.6353989,-0.5693885,0.10196547089527523,0.43656770529941885,False
Ubi-p5E,-1.6370813,-0.12054844,0.10161348403782686,0.4356284438032773,False
Rpn11,-1.6433251,-0.4595305,0.10031567978559346,0.431049062257259,False
Hexo1,-1.6619574,-0.6350022,0.09652131769730866,0.41651563695981475,False
mRpS7,-1.6652641,-0.37605622,0.09586006458651795,0.4139340284807249,False
Cpr72Ec,-1.6709586,-2.0163555,0.09472985747393564,0.40999681396821946,False
mRpS17,-1.6738511,-0.3826992,0.09415985501103417,0.4076640839686949,False
Tina-1,-1.6740686,-0.2254041,0.09411713183278972,0.4076134186825501,False
osi,-1.6918929,-0.10317589,0.09066639241579365,0.3952741859135795,False
CG6843,-1.6957885,-0.5045855,0.08992594612177678,0.3925670870565272,False
CG17202,-1.7000024,-0.3361382,0.08913047739295304,0.38934192917483884,False
CG14194,-1.7046989,-0.66199136,0.0882505845667417,0.3859349049115807,False
bonsai,-1.7127895,-0.39681706,0.08675125542522366,0.3803508496120917,False
Dhrs4,-1.7156668,-0.52177536,0.08622305227567564,0.37854022950296623,False
CG6867,-1.7171096,-0.63184714,0.08595914489816314,0.37763395652352516,False
blp,-1.7185833,-0.45890552,0.08569027657907341,0.3769568912785486,False
Grp170,-1.7221828,-0.32288504,0.08503642024595291,0.37433117656007414,False
Wdfy2,-1.723564,-0.458572,0.08478658472362001,0.3736068823837582,False
Sptr,-1.7308005,-0.6134947,0.08348734484281359,0.3694263521984924,False
Rpn2,-1.7327073,-0.54828167,0.08314771639202884,0.36823761152384865,False
CG2124,-1.7346704,-1.5199144,0.08279919757216476,0.36694146917310116,False
CCT6,-1.7385557,-0.52262276,0.08211294263740854,0.36426875970815265,False
Nmnat,-1.7423211,-0.52327526,0.08145225833387132,0.36182646196993545,False
Dscam2,-1.7434919,-0.014784214,0.08124772689489103,0.36103994974598175,False
CG15642,-1.7461756,-0.514001,0.08078043241997508,0.3592063898471988,False
SmD2,-1.7912809,-0.35118106,0.07324822677405378,0.329842940305369,False
HINT1,-1.798497,-0.31756267,0.07209829365835925,0.3257811480986384,False
CG5805,-1.8060621,-0.5042502,0.07090863718301907,0.32140030789405677,False
Gabat,-1.8275664,-0.15601027,0.06761465190290523,0.30806398266441565,False
mRpS6,-1.84301,-0.3616789,0.06532755265707046,0.29909548498742367,False
mRpL4,-1.8478247,-0.40939552,0.06462771256701942,0.296511223160138,False
Sirup,-1.8514669,-0.28721234,0.06410241246880471,0.29462666294396317,False
mRpS22,-1.8546675,-0.5317582,0.06364371496672819,0.29291713298171923,False
Tango4,-1.8554771,-0.7388828,0.06352812212419567,0.29248756997614966,False
CG45263,-1.8557698,-0.11540353,0.06348637545729989,0.2923978175635894,False
mgr,-1.8567505,-0.42514318,0.06334665269771497,0.2919589675369957,False
jdp,-1.8599427,-0.07385887,0.0628936416001429,0.29007457024425326,False
rswl,-1.8611784,-0.60725784,0.0627189874299354,0.2895739616406715,False
pico,-1.86626,-0.15786783,0.06200498689564779,0.28678124878874056,False
dpr6,-1.8726614,-0.18756735,0.06111515842870417,0.2833638608867935,False
HIP,-1.8736849,-0.78065115,0.06097386662002103,0.2828085447889433,False
Gdi,-1.8770858,-0.18573618,0.060506332374960906,0.2811362119543799,False
Task7,-1.878503,-0.35237733,0.06031238580427607,0.2806496475771168,False
Den1,-1.8791106,-0.3245929,0.060229390371066116,0.2805438459680286,False
Tapdelta,-1.8791671,-0.34066623,0.060221680114902226,0.2805438459680286,False
CG43795,-1.8853236,-0.2789039,0.059386154581632655,0.2772495445045242,False
CG11417,-1.8859382,-0.8243027,0.05930329513182848,0.27701574761188275,False
CG4612,-1.8935016,-0.043535046,0.05829119826272764,0.27296733612695695,False
Prosbeta4,-1.8976573,-0.36492243,0.05774124153679844,0.27087465683453466,False
Lamtor5,-1.904062,-0.3989522,0.056902106596612684,0.2676069007442701,False
CtsK1,-1.9064223,-0.5393328,0.05659543853698905,0.266355323200586,False
Pxn,-1.9079217,-0.3932908,0.05640134519964262,0.26553696736771915,False
TfIIFalpha,-1.9095356,-0.40781122,0.05619302645680883,0.2647459188391782,False
Cam,-1.9130906,-0.007435146,0.05573645393368476,0.2627832811943372,False
Chchd2,-1.9205514,-0.028405756,0.05478828937733211,0.25887023459839764,False
asRNA:CR45479,-1.9216297,-2.1114879,0.0546523715059876,0.2584138760664545,False
Prosalpha3,-1.927271,-0.43350565,0.053945860232027666,0.25562517253834965,False
mRpL38,-1.9278735,-0.5277807,0.05387086016217302,0.2553618695999111,False
CG3527,-1.9409876,-0.82008874,0.05225977633383179,0.2487118656380115,False
AP-1sigma,-1.9418536,-0.17795764,0.05215481364706826,0.24841694079296442,False
CG17982,-1.9480718,-0.977561,0.05140636418965454,0.24518316713323435,False
Jhbp2,-1.9487445,-0.3103114,0.05132594219560426,0.24493336933437315,False
Tim8,-1.9564946,-0.21035638,0.050406923549855064,0.24102873924494014,False
CG7378,-1.9596473,-0.24110232,0.05003703090609226,0.23969616700913318,False
Aplip1,-1.9642823,-0.11455847,0.049497370209184426,0.23719746336567593,False
Nna1,-1.9668051,-0.5785787,0.049205683548680504,0.23605793422039495,False
mRpL24,-1.9759313,-0.36891752,0.04816256435360725,0.2317305366555838,False
P5cr,-1.9791764,-0.45292526,0.04779614858420961,0.23005179208663526,False
mRpL54,-1.9834348,-0.4061991,0.0473188816305372,0.22792159260456699,False
CG3566,-1.9940517,-0.39813924,0.046146400307668825,0.22342067061266335,False
CG1598,-1.9959533,-0.36149395,0.045939005557549956,0.2226626827835509,False
brv3,-1.999267,-7.939049,0.04557948087642232,0.22108319627766307,False
Sec61gamma,-2.0002544,-0.23314762,0.045472788873202746,0.2207286463959675,False
Vha55,-2.015681,-0.063394874,0.04383334660757071,0.2137180610105674,False
EMC3,-2.0213943,-0.48638123,0.043238972133879595,0.21105501257027412,False
ND-13A,-2.025627,-0.15491876,0.04280302660640479,0.20939380849149625,False
Uck,-2.0305016,-0.4652495,0.042305584921266265,0.20765610230311493,False
Prosbeta2,-2.0395489,-0.37042198,0.04139527126452341,0.20372054847035118,False
pkm,-2.044141,-1.526956,0.040939608334681674,0.20178036516043404,False
ND-B15,-2.0476944,-0.11991412,0.04058995733624511,0.20058369289141056,False
CG4768,-2.0549548,-0.31783578,0.039883363421748357,0.19746322357263504,False
Mmp2,-2.061055,-0.2078008,0.03929779854662755,0.19503257962419646,False
mRpL40,-2.0745678,-0.45034766,0.038026602981152104,0.18962791771246248,False
CG31126,-2.0750883,-0.43585718,0.03797836255666586,0.18945925740113492,False
CG9953,-2.0851831,-0.50229114,0.03705268508630235,0.18533394824286747,False
Pect,-2.0872233,-0.23281786,0.03686795572359219,0.1846207843780493,False
Prosbeta1,-2.1029117,-0.4028791,0.035473495773890376,0.17852230351165055,False
Uqcc1,-2.1119916,-0.45945072,0.03468717402489906,0.17503435740674872,False
mRpL52,-2.1161747,-0.4100766,0.034329956306734646,0.1734983176424974,False
mRpS11,-2.122064,-0.46180037,0.03383234753730684,0.17131292741433982,False
mRpL44,-2.1248267,-0.55776846,0.03360107727941452,0.17040453703261552,False
Rab2,-2.1347573,-0.10146527,0.03278084231609492,0.16663066461643605,False
Obp44a,-2.1398458,-0.19991754,0.032367230855844226,0.16491097845901248,False
Arr1,-2.1519399,-1.4231851,0.03140209477362268,0.16074153694016438,False
Pcmt,-2.159315,-0.43970445,0.03082573624810374,0.15811350188224385,False
norpA,-2.1771412,-0.07390842,0.029470040360782056,0.15185738444732402,False
ReepB,-2.1789262,-0.35259554,0.029337144365922566,0.15123188582511674,False
CG32428,-2.1904488,-0.4102572,0.028491715492422194,0.14745476939418242,False
xit,-2.1908765,-1.4345458,0.02846072796035006,0.14740794852148198,False
Lamtor4,-2.1920266,-0.41731778,0.028377577336527595,0.14703523903863272,False
retinin,-2.1921432,-3.2984722,0.028369174957759025,0.14703523903863272,False
CG13344,-2.1993523,-0.35318664,0.027852882976610427,0.14448751769153612,False
RpS30,-2.2046292,0.051014822,0.027480133445701813,0.1427793410346073,False
CG34125,-2.206286,-0.32603243,0.027363988789418068,0.14228841024651895,False
CG1307,-2.2098358,-0.4265791,0.02711656676932369,0.1413374404398704,False
car,-2.2172213,-0.495886,0.026607981609492497,0.13901744665953536,False
CG8635,-2.2183354,-0.50666136,0.026531971613798094,0.1387306434561508,False
Cyp4d2,-2.2225492,-2.7340066,0.026246205026086804,0.13729105654569293,False
mRpS24,-2.2404268,-0.4348763,0.02506323029045239,0.13215523515912697,False
Rpn13,-2.2470624,-0.4099745,0.02463602931762575,0.130111505318972,False
PheRS-m,-2.2635365,-0.4862231,0.02360263651708314,0.1254098842840568,False
Spn,-2.2672148,-0.03719216,0.023377113507456894,0.12431212929501562,False
CG2182,-2.2680209,-0.33640945,0.023327935904108463,0.12410084120647175,False
Pgi,-2.2806728,-0.29635972,0.022567813156248933,0.12030063483696185,False
SmB,-2.2966352,-0.4165739,0.0216395982218253,0.11591696723798796,False
mRpS10,-2.299964,-0.3761379,0.0214502563723965,0.11504341580950614,False
Rpn5,-2.301157,-0.39724833,0.021382756781507216,0.11476351497183107,False
ChAT,-2.330028,-0.18567823,0.019804673803980006,0.10691594650135468,False
inaE,-2.3304782,-0.12746854,0.019780896303664385,0.10683147448834772,False
Rab4,-2.3314743,-0.24561724,0.019728367011289022,0.10661448341906235,False
asrij,-2.333802,-0.53633857,0.01960609282126426,0.1061054611496756,False
SelT,-2.3364139,-0.3793467,0.019469682521069225,0.10549757869148438,False
lncRNA:CR45312,-2.3376188,-0.31226602,0.01940703142108849,0.10533184340070333,False
Prosalpha7,-2.338336,-0.46481717,0.019369827015929517,0.10517335826004705,False
Taf10,-2.3415263,-0.4635146,0.01920507057362864,0.10440820328402164,False
cGlr2,-2.3498447,-0.7281854,0.018781249323232944,0.10235819830248066,False
POLDIP2,-2.374091,-0.43193898,0.017592221088529526,0.09639774191129188,False
CG4293,-2.3770485,-0.9406297,0.01745179499624464,0.09586813806465491,False
Ssb-c31a,-2.3864126,-0.35979286,0.017013654782879653,0.09361784918217698,False
mRpL23,-2.3876193,-0.29949722,0.01695790346559627,0.09338929234615884,False
PPP4R2r,-2.3932588,-0.35898185,0.016699455688378315,0.09215911287076484,False
CG8314,-2.4117148,-0.52564883,0.015877696285947797,0.088105122127261,False
CG4789,-2.4212227,-0.4804418,0.015468401067565727,0.08597918359890594,False
Mpv17,-2.4218473,-0.44721377,0.015441835740425958,0.0858678466479886,False
CG42361,-2.4318705,-0.28069502,0.015021082783775492,0.08369351191123069,False
mRpL2,-2.4375134,-0.49699712,0.014788664719964128,0.08247670002000779,False
Prp39,-2.4460595,-0.2655902,0.014442722350731275,0.08082511571065117,False
CG3702,-2.4893367,-0.5674485,0.012798171963628018,0.07236143700605514,False
HemK1,-2.4949026,-0.54891783,0.012599167498802561,0.07132833301777926,False
Rpn10,-2.5065587,-0.43657154,0.012191286446226877,0.06922796192887691,False
zetaCOP,-2.510913,-0.41448298,0.012041943542461202,0.06843907359339974,False
spidey,-2.5152447,-0.2292628,0.011894975283827219,0.06769163067539613,False
CG5641,-2.5380106,-0.54941636,0.011148462808476409,0.06385823945221447,False
CG2082,-2.5428936,-0.1850711,0.010993867838104179,0.06313785987442697,False
Rpt2,-2.548369,-0.54342586,0.010822792130041633,0.06234156409051442,False
CG5500,-2.5495193,-0.47845384,0.010787157215762531,0.06216809026978933,False
eca,-2.55044,-0.50255555,0.010758703293265661,0.062031312537740586,False
CG4230,-2.5636141,-0.20017704,0.010358866035434363,0.05993637151281706,False
CG42342,-2.6048632,-0.16732876,0.009191097051842725,0.05372376123719457,False
klg,-2.6176794,-0.15833558,0.008852993137022104,0.05204846971833129,False
Nplp3,-2.6198292,-2.3103971,0.008797382376640963,0.05174467521444147,False
Prosalpha4,-2.6381156,-0.57098824,0.008336813598032573,0.04945296022272972,False
CG3226,-2.6741889,-0.7416476,0.0074910234937844355,0.044823337298874076,False
Naa80,-2.6830635,-0.32943502,0.0072951142544116455,0.04373074876960266,False
Coq6,-2.7087543,-0.60819685,0.0067536336652857035,0.04068901713060713,False
und,-2.7172198,-0.51866806,0.006583288045199625,0.03977214019030946,False
se,-2.7300618,-2.2872884,0.00633224657602505,0.03846773925518685,True
HmgZ,-2.738712,-0.101126686,0.006168036771831139,0.037574410376384405,False
CG13623,-2.7616796,-0.42433307,0.00575048536107684,0.03524317987152503,False
CG3198,-2.7655153,-0.20495817,0.005683292228025103,0.03486389349964979,False
CRIF,-2.7783728,-0.43649283,0.005463190173565654,0.033576388625188344,False
B52,-2.791208,-0.095504075,0.005251172855086438,0.032318693824747446,False
CG8617,-2.8014636,-0.53337693,0.00508713639573773,0.0314428289566688,False
SrpRalpha,-2.8042433,-0.6009014,0.005043482997594526,0.031201208374949187,False
Cnx99A,-2.80913,-0.31019968,0.004967560393705048,0.030774985183066636,False
Stoml2,-2.8193462,-0.5391576,0.004812157339055987,0.02985446054541816,False
Pfdn2,-2.823781,-0.44080433,0.004746080420618316,0.029472351950342472,False
asRNA:CR45009,-2.8513477,-0.5626614,0.00435343380168687,0.02726602485899212,False
CG10340,-2.860496,-0.43224463,0.004229787861128846,0.026554903246647412,False
Act5C,-2.887236,-0.06060062,0.003886424972075248,0.02451638220502581,False
Ufc1,-2.891503,-0.5395408,0.003834038693979395,0.024267470346285763,False
mRpL41,-2.8970485,-0.4119663,0.003766914327978065,0.023854098443196036,False
Tctp,-2.9031913,-0.111917436,0.003693807788691485,0.02343632754389479,False
CG4882,-2.9034207,-0.6013729,0.003691103410722777,0.023430482520240235,False
CG32052,-2.925454,-0.3367399,0.003439540861634275,0.02199297660431843,False
Pfdn6,-2.927073,-0.30820844,0.0034216845045948983,0.021900114169691655,False
CG12237,-2.9279597,-0.4945868,0.0034119427168674806,0.02184840511678299,False
eIF3e,-2.9700782,-0.48151538,0.0029772390821131253,0.019269951961736864,False
deltaCOP,-2.9727142,-0.5051602,0.002951792850227187,0.019134957105074114,False
14-3-3epsilon,-2.978258,-0.01830916,0.002898919636683148,0.018820061277676166,False
wmd,-2.9841218,-0.48667458,0.002843935820287604,0.01850882450647802,False
CG6878,-2.9874783,-0.3326453,0.002812893913315326,0.018343139464497955,False
Nlg2,-2.9950964,-0.114130095,0.002743581170407506,0.017935650039380413,False
mRpL1,-3.006576,-0.58791834,0.002642080300311706,0.017349792676709552,False
Gdh,-3.0069575,-0.2146713,0.0026387652467292806,0.017341666520511355,False
tzn,-3.0468357,-0.44828886,0.002312640511844259,0.015339776035150715,False
Fkbp59,-3.0500073,-0.4187168,0.0022883580802137054,0.015194050113192567,False
CG1161,-3.0599139,-0.40270138,0.002214006175583913,0.014730147416289932,False
EMC7,-3.0906556,-0.45939445,0.0019971513507007236,0.013409590571388609,False
Gpdh1,-3.0995302,-0.22227067,0.0019382785834122242,0.013047633496944993,False
CG9205,-3.1213682,-0.5115135,0.0018001281968777556,0.012192620879883357,False
Ubr3,-3.1246235,-0.1479071,0.0017803270725687285,0.012070948262927294,False
slmo,-3.1413765,-1.2536883,0.0016815568604257294,0.011442598211286424,True
Ric,-3.1484675,-0.07195157,0.0016412890700905148,0.01120256424589623,False
Prosbeta3,-3.1575184,-0.5482616,0.001591181672961733,0.010883980834313989,False
Nlg3,-3.1646745,-0.09372596,0.0015525649802855773,0.010675407556751693,False
eIF3d1,-3.165135,-0.5295566,0.0015501102285423408,0.010664109111542596,False
Pyk,-3.1675842,-0.098807074,0.0015371116538412223,0.010585768936831061,False
Ars2,-3.1713583,-0.35990673,0.0015172788091799472,0.01045466363535632,False
CG30116,-3.1837142,-0.1797737,0.0014539850570176756,0.010060749683629414,False
Rop,-3.1982079,-0.23938917,0.001382845807173389,0.009614070849872133,False
side-II,-3.2179065,-0.1919908,0.0012912995036214688,0.009015768053977738,False
Ufd1,-3.2188323,-0.48964253,0.001287137093932606,0.008991484005462225,False
ND-75,-3.231806,-0.30865684,0.0012301048054640022,0.008615979287738267,False
mRpL47,-3.2591486,-0.5165869,0.0011174711246559783,0.007898156298059393,False
Vha68-1,-3.26663,-0.13096191,0.0010883585074640022,0.007697002577005915,False
CG2889,-3.2743697,-0.8447833,0.0010589796694405447,0.007505389890209686,False
Muc14A,-3.283335,-2.5656538,0.0010258669762789707,0.007306174562767304,True
CG8206,-3.2947237,-0.64363664,0.000985184612079422,0.007024050896757246,False
CG5946,-3.340392,-0.29004934,0.0008366016372477312,0.006018532804576243,False
kra,-3.357727,-0.14784496,0.0007858617552735476,0.005679990904452374,False
SC35,-3.366687,-0.35936564,0.0007607693910741244,0.005513794704199666,False
sky,-3.369602,-0.11436653,0.000752768309684425,0.0054648483918526775,False
hpRNA:CR18854,-3.4076607,-0.32843387,0.0006552232340493225,0.00479378245846776,False
eIF3g1,-3.408946,-0.37068057,0.0006521437385895615,0.0047739101532405775,False
Pomp,-3.432624,-0.35001466,0.0005977703594137921,0.004395468675264257,False
Pis,-3.4387498,-0.23228765,0.0005844071070195637,0.004306847664743167,False
Mob2,-3.4403348,-0.16382888,0.0005809951869672672,0.004288919526263984,False
Dlst,-3.4506161,-0.36350325,0.0005593083955136325,0.004140457643407961,False
CG11099,-3.462491,-0.36041117,0.0005351995960531951,0.003970933197142283,False
Abl,-3.517166,-0.11443637,0.00043618122669339334,0.003267629030074794,False
CG6999,-3.5457628,-1.1588631,0.0003914783058356237,0.002944490520137433,True
Lsm12a,-3.5525749,-0.39162713,0.00038148030863697206,0.0028725795160400073,False
Nurf-38,-3.5609941,-0.45103922,0.00036945321497429927,0.0027868055366029234,False
Taf12,-3.5787416,-0.34142628,0.0003452526294159531,0.0026162742505914786,False
mEFTu1,-3.5805833,-0.5966645,0.0003428280909771355,0.0025998603408144134,False
Trxr1,-3.5931,-0.488332,0.00032676707246189163,0.0024876705284758143,False
Rim2,-3.6101644,-0.49165383,0.0003060029016326121,0.0023472726955356235,False
CG1354,-3.6539605,-0.6479775,0.0002582261379696458,0.0020018238660301745,False
Ciz1,-3.6641889,-0.22750717,0.00024812374177433087,0.0019269184201623569,False
CG3703,-3.6809297,-0.54810035,0.0002323850460983348,0.0018100412007896378,False
Eb1,-3.7034695,-0.23914252,0.00021267074174650784,0.0016703488024800437,False
Nt5c,-3.7148497,-0.37780833,0.00020332441742919915,0.0016040636807682894,False
AIMP3,-3.725927,-0.40819392,0.0001945986000367587,0.001537598078462423,False
barc,-3.7263174,-0.32241842,0.00019429771367575433,0.0015361443788805126,False
fend,-3.7473373,-0.19244209,0.00017872168312668295,0.0014189745717731806,False
BI-1,-3.7631488,-0.32029477,0.00016778724676668616,0.0013378182175450585,False
mRpS28,-3.7724187,-0.5063717,0.00016167259493532596,0.0012937746025884185,False
mRpL48,-3.805276,-0.5253987,0.00014164616350857015,0.001141159159106445,False
lncRNA:CR42862,-3.8054712,-0.039669942,0.00014153453849893977,0.0011409594085129255,False
Hsc70-3,-3.8168857,-0.3581183,0.00013514677862692262,0.0010914742908160807,False
MED26,-3.8177655,-0.13106157,0.00013466589886533466,0.0010882594779154351,False
CG4364,-3.8356104,-0.43998876,0.0001252528741434831,0.0010153132425943046,False
CG8360,-3.8375118,-0.5781005,0.0001242872275534099,0.0010087301853315663,False
eIF2A,-3.8479319,-0.4902373,0.00011911911997701011,0.0009721895878869024,False
Rab27,-3.8805804,-0.52492404,0.0001042075117473717,0.0008558041902252902,False
Mnn1,-3.8834386,-0.071211725,0.00010298951191228478,0.0008468599415065219,False
CG45049,-3.8970115,-0.1542107,9.738699230694125e-05,0.0008043149458913942,False
CG11699,-3.899738,-0.43167183,9.629681427890911e-05,0.0007963122338734208,False
Argk1,-3.9043474,-0.061533455,9.44800076579275e-05,0.0007832601265773927,False
Drat,-3.92649,-0.19176763,8.61944583545098e-05,0.0007181960575638927,False
mRpL12,-3.9414303,-0.41987434,8.099713138858862e-05,0.0006770370906145385,False
dths,-3.9584641,-0.14842111,7.543328864018423e-05,0.0006333504234709398,False
mRpL14,-4.0240793,-0.6485528,5.719867383675205e-05,0.0004886804773829141,False
Rdl,-4.0253134,-0.08351134,5.689952808453806e-05,0.00048644098830893305,False
CG5021,-4.0585947,-0.47524613,4.9368873520749704e-05,0.00042566075988362934,False
Nfs1,-4.07881,-0.74727386,4.5266744148884355e-05,0.0003920929585473569,False
CG8289,-4.0907845,-0.6266414,4.299163575906904e-05,0.00037460881556642387,False
AP-2sigma,-4.0982556,-0.26036006,4.162754505422079e-05,0.0003639294358033674,False
TfIIA-S,-4.1039686,-0.40994465,4.061221561529919e-05,0.00035552599146237935,False
CG30423,-4.150587,-0.32060394,3.3162346828554014e-05,0.00029363425695902944,False
Prps,-4.209585,-0.29797828,2.5583984692615135e-05,0.00022994087473390075,False
CG32706,-4.2413487,-1.3616598,2.2218055477589082e-05,0.0002009258423781972,True
CG7382,-4.2533846,-0.44494605,2.10563459810991e-05,0.00019081405944251185,False
TM4SF,-4.2896733,-0.06494051,1.7893596207163696e-05,0.00016271408592535017,False
cl,-4.3080354,-0.47298154,1.6471106679046736e-05,0.0001506126247478595,False
CG15012,-4.3179264,-0.36581725,1.5750181122741178e-05,0.0001443217433422727,False
Ak1,-4.3250484,-0.34024215,1.5249834308612826e-05,0.00014002992509795425,False
Teh2,-4.349228,-0.2792249,1.3661765956038974e-05,0.0001262416347836513,False
mRpL22,-4.3495293,-0.5918937,1.3643013631256407e-05,0.00012615707186116058,False
Mdh1,-4.3528237,-0.42798427,1.3439506475592605e-05,0.0001244503982306461,False
CG13369,-4.375138,-0.85261726,1.213557784424977e-05,0.00011301310621788942,False
RpL27A,-4.378864,-0.070787095,1.1929958670269041e-05,0.00011141411295475139,False
Fum1,-4.399081,-0.4696002,1.0871019483308189e-05,0.00010195945468284769,False
mEFTs,-4.400702,-0.51291233,1.0790123928471594e-05,0.0001012730203000834,False
l(2)k09913,-4.4036803,-0.3630808,1.0642983896454655e-05,9.996340843417738e-05,False
CG7220,-4.406853,-0.41837525,1.0488312718538944e-05,9.858113671073084e-05,False
CG14817,-4.4106855,-0.46640715,1.0304383281649308e-05,9.713026995758386e-05,False
Nipped-B,-4.4238477,-0.13623607,9.695840048622988e-06,9.192160046097119e-05,False
Roc1a,-4.472087,-0.41517675,7.745996484960763e-06,7.413138660770898e-05,False
CG42674,-4.499049,-0.43207195,6.8258018038385955e-06,6.585244912073358e-05,False
ND-B18,-4.507674,-0.28618044,6.554218169499421e-06,6.346531079382637e-05,False
Pde9,-4.516663,-0.1472033,6.282170505179593e-06,6.105600624116853e-05,False
CG3662,-4.547078,-0.092450805,5.439585191929973e-06,5.330063342428028e-05,False
CG14818,-4.554094,-0.31612417,5.261189597976144e-06,5.159106814731831e-05,False
Sod2,-4.563451,-0.41695628,5.031957403161338e-06,4.9528030170441934e-05,False
nwk,-4.5646386,-0.1766,5.003551386466962e-06,4.928535623551415e-05,False
Pdhb,-4.576712,-0.394554,4.723404471064187e-06,4.663075488338348e-05,False
CG5504,-4.5785913,-0.6085553,4.681172370208673e-06,4.6248575146272156e-05,False
mRpS9,-4.583021,-0.6483739,4.583056989336539e-06,4.5313294838135526e-05,False
maf-S,-4.6514845,-0.34590748,3.2955434517963196e-06,3.2930373351029385e-05,False
Cyp1,-4.6620173,-0.123638764,3.131247477906236e-06,3.1360207210128e-05,False
Pp1alpha-96A,-4.682373,-0.21488461,2.8357261420378547e-06,2.864061606946765e-05,False
Rpt1,-4.723499,-0.62583375,2.318210743746116e-06,2.3686850056628278e-05,False
COX7C,-4.7270555,-0.10827121,2.2779881070554355e-06,2.3293979553858697e-05,False
Hsp26,-4.7282486,-0.7523304,2.2646474043498973e-06,2.317559726881437e-05,False
Hsp60A,-4.744844,-0.2179115,2.0866695089087107e-06,2.148811704315083e-05,False
CG42813,-4.7594166,-0.5771114,1.9415340721822564e-06,2.005641329282614e-05,False
Ssadh,-4.8004107,-0.46292055,1.5834068140827986e-06,1.6434411956593975e-05,False
Hsp27,-4.84346,-0.95027786,1.2759728531679578e-06,1.3402304788670635e-05,False
Idh3g,-4.851169,-0.32768142,1.2273580726194437e-06,1.2912317913706556e-05,False
RpL11,-4.852138,-0.28170392,1.221376374506855e-06,1.2859683943125059e-05,False
SRPK,-4.8575826,-0.3543296,1.1882766276900641e-06,1.255141068154939e-05,False
Kdm4B,-4.8624654,-0.43040973,1.15932539859303e-06,1.226532668076684e-05,False
eIF5B,-4.872018,-0.35752228,1.104641519186452e-06,1.1696204320797728e-05,False
ND-20,-4.9148383,-0.2397441,8.885580925575234e-07,9.523371399841645e-06,False
CG32425,-4.918222,-0.3657782,8.733383519509421e-07,9.383210093732935e-06,False
stx,-5.0015674,-0.32559094,5.686608998811772e-07,6.2279981005434206e-06,False
eIF4A,-5.041836,-0.06061078,4.6108711594867507e-07,5.108503122736585e-06,False
Ctr9,-5.0840397,-0.4350959,3.6949041866152446e-07,4.132003490393559e-06,False
DopEcR,-5.1050787,-0.12017272,3.306571238168164e-07,3.719892642939184e-06,False
Dlat,-5.1418486,-0.51834995,2.720485712509387e-07,3.089644102193029e-06,False
Task6,-5.1475153,-0.3274115,2.6395925633420086e-07,3.0055672688313683e-06,False
lark,-5.153376,-0.4891747,2.558383931236636e-07,2.918156671566788e-06,False
aln,-5.1941814,-0.50727034,2.0562227180851202e-07,2.3659165074989913e-06,False
Tet,-5.2416883,-0.13219152,1.5911401088004824e-07,1.84859248714751e-06,False
eIF4E1,-5.256074,-0.23559535,1.4716301426975173e-07,1.7127741430509633e-06,False
CG3719,-5.275095,-0.5491681,1.326874174267261e-07,1.5511678514120826e-06,False
EMRE,-5.3063707,-0.37783608,1.1182949609220835e-07,1.3190660490589027e-06,False
CG16779,-5.313152,-0.13785082,1.0774517791302022e-07,1.273175933252775e-06,False
Chchd3,-5.322783,-0.47496492,1.021916734375336e-07,1.2086395940316754e-06,False
CG13585,-5.356443,-0.37059924,8.487633679749513e-08,1.009226677467463e-06,False
vib,-5.396172,-0.3239358,6.807768158557798e-08,8.191764982000867e-07,False
HIP-R,-5.3965197,-0.8347118,6.794604193579169e-08,8.190926523268833e-07,False
Mapmodulin,-5.4046273,-0.29598844,6.494331523105364e-08,7.843337887279824e-07,False
CG15628,-5.4318295,-0.19340917,5.577925060071011e-08,6.786475489753064e-07,False
Ype,-5.4341145,-0.5873165,5.506927036088828e-08,6.706304101409379e-07,False
RpS14a,-5.526694,-0.14082111,3.263220403515485e-08,4.0681893835098165e-07,False
CG8993,-5.5829787,-0.38141903,2.3643338392539933e-08,2.984375278366712e-07,False
Dld,-5.585084,-0.41340095,2.3358703689008494e-08,2.9512823699381886e-07,False
RpL27,-5.594448,-0.11249008,2.213244892562543e-08,2.807146514311951e-07,False
Gs1l,-5.6060853,-0.503136,2.069540400890804e-08,2.6325034721883024e-07,False
Cmpk,-5.654061,-0.3514098,1.567007045059697e-08,2.0127539171148014e-07,False
CG17734,-5.6867266,-0.43639496,1.2949772453504708e-08,1.669872522463708e-07,False
Vha26,-5.690389,-0.16102056,1.2675020145372098e-08,1.6360487692552983e-07,False
ctp,-5.692951,-0.05737148,1.2486197572361452e-08,1.6148487805199753e-07,False
miple1,-5.7113576,-0.08681847,1.1207840890103245e-08,1.4639267325641814e-07,False
Pal2,-5.721699,-0.32560512,1.054640098112225e-08,1.3830310268657321e-07,False
Pex19,-5.845631,-0.5433244,5.046513479732311e-09,6.801147397300776e-08,False
hfp,-5.868977,-0.20608231,4.384921754014378e-09,5.9461168057532436e-08,False
CG42260,-5.922996,-0.1650163,3.161281699599808e-09,4.345108946939485e-08,False
CG15772,-5.971439,-0.48032176,2.351699548634473e-09,3.273446193756036e-08,False
CycG,-6.003591,-0.11229054,1.9300045828088095e-09,2.7152312867353063e-08,False
ATPsyndelta,-6.007139,-0.28218892,1.8882545031673926e-09,2.66219572656862e-08,False
stv,-6.0724993,-0.42741635,1.2593469698260987e-09,1.7870215100988052e-08,False
DnaJ-H,-6.1516733,-0.46307543,7.666959879897464e-10,1.113191743887875e-08,False
mRpL16,-6.1541176,-0.8629124,7.549664141585113e-10,1.0985890013336477e-08,False
Prosbeta5,-6.1863003,-0.5712315,6.159256659470196e-10,8.992514722826486e-09,False
Sumo,-6.1922655,-0.2554075,5.930561871673472e-10,8.6682517234471e-09,False
RpL34a,-6.224674,-0.41158924,4.825581482839125e-10,7.100575664558353e-09,False
Pep,-6.3241663,-0.31721693,2.546031432905147e-10,3.849810475071765e-09,False
Coq7,-6.406396,-0.56420094,1.4899978044524987e-10,2.311519616352519e-09,False
gish,-6.447349,-0.18061016,1.1382359912477467e-10,1.7784091468484412e-09,False
CG32278,-6.4514327,-0.39641824,1.1079767334923598e-10,1.7373286728030557e-09,False
CNBP,-6.4698253,-0.29869762,9.811628519028738e-11,1.547716671549071e-09,False
CG7990,-6.4884353,-0.44656998,8.673238290268734e-11,1.3730885678810984e-09,False
Scsalpha1,-6.506958,-0.3179439,7.668783065195188e-11,1.2214279936565427e-09,False
RpL5,-6.5806947,-0.21182947,4.682555892140836e-11,7.568116165157513e-10,False
Arr2,-6.581398,-1.2361459,4.660450648285251e-11,7.541665211634014e-10,True
CG31688,-6.7236185,-0.39199507,1.772664180925771e-11,2.929912872624482e-10,False
Hr38,-6.7524567,-0.44868395,1.453624369136741e-11,2.411694976067775e-10,False
nAChRbeta1,-6.752676,-0.1276903,1.4514302934749778e-11,2.4110991221569164e-10,False
Stacl,-6.790692,-0.21262193,1.115971872594054e-11,1.8632618050680902e-10,False
eEF1beta,-6.8258166,-0.45373946,8.74264860572468e-12,1.48039178710338e-10,False
Prx2,-6.84544,-0.4420607,7.62411777770984e-12,1.296001391967753e-10,False
ND-B17,-6.8573575,-0.3727355,7.014583255665271e-12,1.1970340776550866e-10,False
MagR,-6.8577566,-0.35010818,6.995035018616969e-12,1.1952504570172557e-10,False
Phb2,-6.903601,-0.66939515,5.070051884747192e-12,8.777402077151264e-11,False
CG8229,-6.929143,-0.82715213,4.233974495038959e-12,7.349329572630372e-11,False
CG2269,-7.029214,-0.21199775,2.0770023443635843e-12,3.6781416179161044e-11,False
CG12822,-7.05961,-0.59113675,1.6697064396649763e-12,2.980970464293178e-11,False
Syx1A,-7.0633583,-0.13349715,1.6252594318248218e-12,2.9095243779534275e-11,False
RpS16,-7.113559,-0.17571072,1.1308817885250914e-12,2.0552955326721578e-11,False
eIF3h,-7.116246,-0.6184342,1.1090619817752052e-12,2.0184313629537667e-11,False
Sdc,-7.1420584,-0.18700665,9.194350007126986e-13,1.680302629953388e-11,False
ND-15,-7.1558385,-0.3263229,8.316309540629826e-13,1.526205410109999e-11,False
cPges,-7.1655602,-0.41798806,7.746914810792962e-13,1.4256927256837468e-11,False
ND-42,-7.2454667,-0.5614417,4.3095194444407154e-13,8.020833640219688e-12,False
cass,-7.249063,-0.29342192,4.1966481556644e-13,7.821837839068116e-12,False
Ipp,-7.2625675,-0.49268344,3.798113917444188e-13,7.1092901531647615e-12,False
Cisd,-7.2648797,-0.42219692,3.733705222624074e-13,6.998699946544983e-12,False
RpL35,-7.2738037,-0.18506803,3.4950342016096447e-13,6.560678487021533e-12,False
Ggamma1,-7.3789616,-0.11261996,1.5952886956557442e-13,3.04681591001693e-12,False
CG11267,-7.3915057,-0.3921952,1.4517530287147084e-13,2.7767153998997476e-12,False
CG7920,-7.416409,-0.51239645,1.2033830120211855e-13,2.3117621020406984e-12,False
Trp1,-7.479962,-0.42157498,7.434417639215888e-14,1.4525931766261688e-12,False
awd,-7.486192,-0.35264277,7.09006408686483e-14,1.3884268569508772e-12,False
Pdh,-7.559083,-1.9724128,4.0592064623274326e-14,8.069284858545002e-13,True
14-3-3zeta,-7.6084433,-0.091643915,2.7741690673638565e-14,5.565279625215431e-13,False
CG13917,-7.64071,-0.18053323,2.1602714180598472e-14,4.353675833329201e-13,False
Opa1,-7.682584,-0.42045045,1.559114988672968e-14,3.1664251856511276e-13,False
COX5B,-7.734968,-0.25618166,1.034287970567637e-14,2.1301792998838167e-13,False
betaTub56D,-7.7824287,-0.36697048,7.114525683464422e-15,1.4745247236707018e-13,False
scrt,-7.854394,-0.17570068,4.0171011198384274e-15,8.45908793504438e-14,False
RpL21,-7.8622637,-0.11395773,3.77252800202595e-15,7.956824710533064e-14,False
Rsf1,-7.87883,-0.35631076,3.3046053764226814e-15,6.992353405184225e-14,False
eIF3i,-7.9298387,-0.5594482,2.194309426236054e-15,4.703625752160155e-14,False
ND-ASHI,-7.9854803,-0.52264106,1.3997621263741153e-15,3.040144519100145e-14,False
Gycalpha99B,-8.036053,-0.48192123,9.27791228664439e-16,2.0352548822455306e-14,False
RpS6,-8.133113,-0.14562243,4.184056705589642e-16,9.350085903307465e-15,False
ND-18,-8.13539,-0.36610317,4.1061192665256176e-16,9.191551475663818e-15,False
LTV1,-8.140326,-0.55294645,3.942176339132015e-16,8.839624077848921e-15,False
QIL1,-8.170047,-0.5205594,3.0826992787407867e-16,6.9599086808683735e-15,False
Alas,-8.202966,-0.70666707,2.345283702166258e-16,5.313280663183558e-15,False
RpL36,-8.216935,-0.07568336,2.087692966939535e-16,4.762549580830814e-15,False
Scgbeta,-8.217374,-0.5795881,2.08008196487027e-16,4.75343948146006e-15,False
alphaTub84D,-8.265821,-0.5972153,1.3873586877153444e-16,3.187044258143291e-15,False
CG12091,-8.279734,-0.5386579,1.2345140773555612e-16,2.8408957927236555e-15,False
RpL32,-8.321361,-0.1271308,8.695919987903398e-17,2.0152449495776126e-15,False
CtsB,-8.376359,-0.6936557,5.459029458497737e-17,1.2809222693689333e-15,False
Rab14,-8.523514,-0.42648438,1.5478458444244358e-17,3.731870531327906e-16,False
CG42392,-8.525718,-0.27450392,1.5186467073334738e-17,3.668201789404751e-16,False
RpLP2,-8.605767,-0.20244569,7.580812641149196e-18,1.8724037237725644e-16,False
ND-B14.7,-8.639072,-0.5775468,5.667115033289238e-18,1.4130150196854e-16,False
qvr,-8.67805,-0.18395002,4.026105879779308e-18,1.0115302344225642e-16,False
bic,-8.732467,-0.35910913,2.491777172127138e-18,6.308661279720731e-17,False
RpL35A,-8.900573,-0.23897952,5.555917824143829e-19,1.4399360988017732e-17,False
Hsp83,-9.02102,-0.24060258,1.8634582752325608e-19,4.9168356900714555e-18,False
D1,-9.072295,-0.45335224,1.1653540877375109e-19,3.112348112372133e-18,False
cg,-9.208031,-0.328042,3.3216258951888704e-20,8.999209126346754e-19,False
ND-30,-9.278665,-0.53068185,1.7161654210244085e-20,4.727550027727616e-19,False
ND-24,-9.2813635,-0.6371202,1.6732363430711387e-20,4.618975955452681e-19,False
nmo,-9.450012,-0.2368701,3.3879141847712483e-21,9.532589376422742e-20,False
Vha44,-9.47807,-0.3014631,2.590293536217122e-21,7.319668186213546e-20,False
alphaSnap,-9.666385,-0.254359,4.189150902481152e-22,1.2205197973082558e-20,False
CG6044,-9.785475,-0.44500947,1.299836677589822e-22,3.9173976934702435e-21,False
ND-B14,-9.802937,-0.40670413,1.0935937528722875e-22,3.33406540898883e-21,False
His3.3A,-9.843101,-0.5106384,7.341295456671172e-23,2.264427753536601e-21,False
Fie,-9.942571,-0.44094127,2.7172336232969634e-23,8.603481881957132e-22,False
ATPsynbeta,-10.08686,-0.23638251,6.315749048361961e-24,2.0241205486701505e-22,False
Cchl,-10.145061,-0.6648747,3.485619787937176e-24,1.1336892082548141e-22,False
ND-13B,-10.30753,-0.46070004,6.515392689250188e-25,2.2008293042865675e-23,False
ninaE,-10.344515,-1.5889269,4.43157231366946e-25,1.5085715078139044e-23,True
VhaAC45RP,-10.356046,-0.36540294,3.9287138591277725e-25,1.340864937894518e-23,False
Idh3a,-10.447658,-0.51617444,1.5018880821344795e-25,5.207073720117958e-24,False
SdhC,-10.452633,-0.45238537,1.4251255533462949e-25,4.967148480363479e-24,False
ATPsynE,-10.476771,-0.29115275,1.1044995733643794e-25,3.901377525270953e-24,False
sesB,-10.533581,-0.2221965,6.048889110302482e-26,2.1598479051460493e-24,False
Cyt-c1,-10.573265,-0.42626074,3.9644602387776127e-26,1.4311265807015889e-24,False
eIF3l,-10.673601,-0.6523686,1.3527914187887407e-26,4.979181860751835e-25,False
RpL10Ab,-10.7444935,-0.27333313,6.2906304628377005e-27,2.361682408048211e-25,False
eIF3m,-10.988554,-0.47835845,4.338187092054839e-28,1.6765817173411937e-26,False
RpL23A,-11.058555,-0.2874712,1.992830795026146e-28,7.816655715415988e-27,False
Gapdh1,-11.099251,-0.5189082,1.2649983936734742e-28,5.0066502689365814e-27,False
His4r,-11.399268,-0.20309064,4.216473358234808e-30,1.781493888334578e-28,False
ND-B16.6,-11.443528,-0.46832362,2.5336808303512405e-30,1.0879923565625915e-28,False
ND-ACP,-11.5266285,-0.51366264,9.68628934431662e-31,4.173043999485914e-29,False
PhKgamma,-11.654813,-0.63594675,2.168575603850159e-31,9.594304186731007e-30,False
NP15.6,-11.678467,-0.6774063,1.6423182061072864e-31,7.290561225760049e-30,False
Eno,-11.713417,-0.31191918,1.0880468807353592e-31,4.862903405735585e-30,False
RpL18,-11.8979435,-0.296894,1.2129887697866515e-32,5.592516643858456e-31,False
CG2852,-11.9853735,-0.4918057,4.2393110291543496e-33,1.982368217903493e-31,False
ND-19,-12.152127,-0.60873777,5.589216482548978e-34,2.690194306985112e-32,False
Ip259,-12.165045,-0.49009293,4.771852701037219e-34,2.305225900427539e-32,False
ND-B14.5A,-12.280537,-0.6365885,1.1523121730026492e-34,5.71372903896408e-33,False
Vha14-1,-12.301942,-0.46739367,8.84225826093491e-35,4.417767055083069e-33,False
Mdh2,-12.378966,-0.5579943,3.3968983012197725e-35,1.7233684817771356e-33,False
Fkbp12,-12.557152,-0.46411964,3.631713854208844e-36,1.8714007860511457e-34,False
Ggamma30A,-12.925994,-0.30290928,3.2111991298737264e-38,1.708305933868047e-36,False
RpS20,-12.96038,-0.37102526,2.0522954893780012e-38,1.0962261272531275e-36,False
Pgk,-13.057875,-0.62031,5.7305467661529595e-39,3.0987401031790078e-37,False
lncRNA:mimi,-13.140833,-0.26611185,1.921000787322498e-39,1.056148550017474e-37,False
COX6B,-13.158245,-0.30779272,1.525891154168179e-39,8.424457884777258e-38,False
RpS9,-13.306701,-0.3060982,2.1162275154718205e-40,1.2090099805782488e-38,False
ND-SGDH,-13.441291,-0.5639273,3.4634291869966576e-41,2.0048220051601798e-39,False
RpS11,-13.457039,-0.3065352,2.799106153744991e-41,1.6419756634021957e-39,False
RpL28,-13.61602,-0.28065312,3.2162103945758817e-42,1.929726236745529e-40,False
eEF1alpha2,-13.64416,-0.3876577,2.1871712480842707e-42,1.3183224862306107e-40,False
cpx,-13.725546,-0.29487425,7.138900548225356e-43,4.3228181199853074e-41,False
RpS15Aa,-13.735939,-0.37452507,6.184895273681752e-43,3.7624779581563995e-41,False
RpS3A,-13.746027,-0.37859526,5.3804056732767795e-43,3.2883037463654364e-41,False
CG42541,-14.054698,-0.58567387,7.208832678158911e-45,4.666209920739315e-43,False
ps,-14.214959,-0.26198056,7.399501148554979e-46,4.88590176341771e-44,False
ND-51,-14.3742695,-0.68443406,7.50581956038083e-47,5.11017974214529e-45,False
SdhD,-14.43133,-0.6822259,3.286822419415362e-47,2.261196156603029e-45,False
Nacalpha,-14.435639,-0.4549004,3.0876820365009813e-47,2.1353758926117315e-45,False
RpL24-like,-14.446815,-0.5296075,2.6255090046961567e-47,1.8350632086014627e-45,False
RpL12,-14.497734,-0.38613552,1.2521578710356824e-47,8.79858525422934e-46,False
RpL9,-14.653114,-0.33523732,1.2867924636689064e-48,9.090566114306145e-47,False
Tpi,-14.673061,-0.53632677,9.591802916346288e-49,6.849798386999469e-47,False
eIF3f1,-14.738025,-0.6963599,3.673757720114464e-49,2.652372331994728e-47,False
ND-PDSW,-14.7739105,-0.5997466,2.1581730847780052e-49,1.5754663518879438e-47,False
Sod1,-14.832094,-0.53411424,9.085340647118193e-50,6.744710514301302e-48,False
RpS29,-15.292299,-0.32884794,8.60580192626891e-53,6.853347715828695e-51,False
Vha36-1,-15.503171,-0.54604423,3.3018824382266406e-54,2.7116709523936287e-52,False
RpS27A,-15.692678,-0.39753345,1.6974001664754624e-55,1.4297332171466395e-53,False
Hasp,-15.910188,-0.44554836,5.385192771837102e-57,4.7490894645596994e-55,False
SdhB,-16.100481,-0.74654484,2.5312927206457328e-58,2.2626657380465937e-56,False
Fer2LCH,-16.130943,-0.4125795,1.5463946403024929e-58,1.3917551762722435e-56,False
ND-B17.2,-16.709435,-0.714374,1.1189011903027561e-62,1.0501686886127298e-60,False
RpL13A,-16.760952,-0.44919863,4.7102044154149265e-63,4.5508886778347154e-61,False
Mic26-27,-16.872742,-0.68168664,7.140322762501806e-64,6.949914155501758e-62,False
ATPsynCF6,-17.340954,-0.4785781,2.3087567665802408e-67,2.3517103808421988e-65,False
RpS3,-17.433237,-0.42238238,4.61579407909173e-68,4.738401109317603e-66,False
blw,-17.447681,-0.4942216,3.5849723547070523e-68,3.7091761213268245e-66,False
RpL10,-17.453814,-0.4614052,3.220006396263351e-68,3.384870723752035e-66,False
7B2,-17.522446,-0.4507769,9.65825413062821e-69,1.0234633812617312e-66,False
ND-39,-17.60783,-0.7342899,2.1451376867334292e-69,2.2916348946079075e-67,False
RpL13,-17.635115,-0.45507395,1.3242892135534134e-69,1.426324611974742e-67,False
alphaTub84B,-17.955421,-0.51936996,4.3525804861923914e-72,4.9732963120493933e-70,False
RpL26,-17.958542,-0.43803504,4.114702929315982e-72,4.7427365343168424e-70,False
porin,-17.982697,-0.49646226,2.6622505497984977e-72,3.123390377174309e-70,False
RpL15,-18.13256,-0.3989898,1.7635272802886128e-73,2.0876349966659794e-71,False
RpL34b,-18.697447,-0.52117723,5.193247198343761e-78,6.498977922498764e-76,False
Jupiter,-19.029892,-0.6746841,9.645112734620396e-81,1.230454187698175e-78,False
nSyb,-19.065104,-0.3064159,4.922940559460733e-81,6.341905779540591e-79,False
UQCR-C1,-19.16364,-0.7134617,7.448033466174536e-82,9.689817796587467e-80,False
Vha13,-19.211393,-0.5088233,2.9718330118667915e-82,3.94443290665956e-80,False
RpL24,-19.216545,-0.431979,2.691031753462847e-82,3.608179310255287e-80,False
Rack1,-19.253891,-0.5432499,1.3094696388174886e-82,1.7923365681314376e-80,False
RpS26,-19.339235,-0.38269922,2.5117651526259024e-83,3.5111270325004635e-81,False
RpL18A,-19.696775,-0.4919965,2.2980059945239106e-86,3.2468600825853963e-84,False
RpL8,-19.788313,-0.51276726,3.753943974170713e-87,5.361611284848171e-85,False
Tsp42Ej,-19.79636,-0.71790344,3.1999997074082733e-87,4.6206589181697484e-85,False
RpL40,-19.893944,-0.4921428,4.591808862015199e-88,6.77936724122244e-86,False
RpL7A,-19.902102,-0.48781303,3.90223799118741e-88,5.826750818659383e-86,False
RpL17,-20.232933,-0.5186435,5.02238413074365e-91,7.764014997408419e-89,False
RpL4,-20.235044,-0.56086284,4.811936472614132e-91,7.527243482160678e-89,False
Srrm234,-20.612497,-0.4292467,2.1200698197884076e-94,3.482214679002459e-92,False
RpLP0,-20.948687,-0.5951289,1.9287446205914703e-97,3.208063837287585e-95,False
COX7A,-21.413572,-0.5900873,9.985575876385128e-102,1.7494728935426745e-99,False
ND-B22,-21.627764,-0.77643913,9.844167922393585e-104,1.7965606458368292e-101,False
ATPsyngamma,-21.875835,-0.771342,4.413464397689265e-106,8.40477133125173e-104,False
ATPsynO,-21.90072,-0.7281753,2.5570276550452643e-106,4.94107990989629e-104,False
RpS12,-22.02474,-0.55008435,1.6686311344795665e-107,3.3732020164710008e-105,False
Ald1,-22.1645,-0.6755496,7.560606698715518e-109,1.5522870628300296e-106,False
RpS25,-22.514776,-0.45865119,2.9743928096396456e-112,6.513920253110824e-110,False
ATPsynD,-22.71815,-0.7538085,2.9643802810161475e-114,6.715854636646927e-112,False
ATPsynC,-23.144247,-0.4666137,1.6612414289708764e-118,3.968856795759512e-116,False
RpS8,-23.808714,-0.49558386,2.713107036128873e-125,6.855812779756421e-123,False
RpL14,-23.85637,-0.50897175,8.696625249160551e-126,2.2406599171366596e-123,False
RpLP1,-23.89956,-0.5959275,3.0951714933719255e-126,8.134110684581421e-124,False
levy,-24.252401,-0.6226152,6.237366939495736e-130,1.7074791996869577e-127,False
RpL3,-24.586346,-0.7321991,1.768281310070278e-133,4.943663066877331e-131,False
RpL7,-24.663908,-0.5445197,2.610231731986002e-134,7.4561836865861e-132,False
RpL23,-24.790234,-0.54850554,1.1425797873849851e-135,3.336332979164157e-133,False
RpS7,-24.89644,-0.6004801,8.130829517904637e-137,2.543788092030165e-134,False
IscU,-25.399147,-0.72848,2.577206451464879e-142,8.911708624275923e-140,False
ATPsynF,-25.773571,-0.6526664,1.7547474923721482e-146,6.587823442791437e-144,False
RpS15,-26.128635,-0.55139565,1.7240620829629033e-150,6.864901748525015e-148,False
UQCR-C2,-26.147305,-0.88353014,1.0575738222832104e-150,4.342662507750432e-148,False
RpS10b,-26.625261,-0.6675893,3.462411887961297e-156,1.4676158776713368e-153,False
RpS2,-26.72675,-0.6127372,2.301266092469611e-157,1.0079545485016897e-154,False
RpL19,-26.960335,-0.64211136,4.3156960478029667e-160,1.9554567609700337e-157,False
sta,-27.104269,-0.69970375,8.76935423049812e-162,4.115332663883761e-159,False
RpL6,-27.301481,-0.63628024,4.073219062704765e-164,1.9822999438496527e-161,False
ATPsynB,-27.463005,-0.7983173,4.859062913176901e-166,2.4556956415055568e-163,False
RFeSP,-28.770094,-0.9255034,5.07842583230573e-182,3.177643592214157e-179,False
COX5A,-29.815104,-0.8631928,2.489178404539359e-195,1.7214633808235359e-192,False
RpS18,-30.323282,-0.61001176,5.655766675994703e-202,4.1287096734761336e-199,False
RpL37-1,-30.514853,-0.6171946,1.6556164447334444e-204,1.279694122576321e-201,False
COX4,-31.999907,-0.79258746,1.0937004992148306e-224,8.982015349801796e-222,False
RpS4,-38.119026,-0.88021535,0.0,0.0,False
lncRNA:roX2,-86.12027,-9.554955,0.0,0.0,True
lncRNA:roX1,-107.090324,-9.082223,0.0,0.0,True
