names,scores,logfoldchanges,pvals,pvals_adj,significant
lncRNA:CR34335,64.13498,1.5463809,0.0,0.0,True
lncRNA:noe,49.968655,0.5849792,0.0,0.0,False
RpL41,46.448925,1.1890061,0.0,0.0,True
Dsp1,38.512737,1.3237174,0.0,0.0,True
RpL39,38.266087,1.2992349,0.0,0.0,True
Hex-A,37.59451,1.3007382,2.642811750690976e-309,4.340818300509928e-306,True
UQCR-6.4,34.379204,1.3627172,5.1584285284178413e-259,7.531305651490049e-256,True
stai,31.62936,0.9653903,1.457931286066705e-219,1.741565190810591e-216,False
bel,30.33823,1.164129,3.592410183521003e-202,3.9336891509554983e-199,True
nrv3,30.102108,0.43802923,4.54705357928365e-199,4.596021848599012e-196,False
cype,29.444735,0.8766969,1.470339599825549e-190,1.380018738693408e-187,False
RpL29,29.309378,0.8355797,7.876557226878264e-189,6.899864130745359e-186,False
TP53INP,28.940798,1.0739002,3.663865295877314e-184,3.008949374239244e-181,True
Neb-cGP,28.857855,1.0208949,4.0381950394453685e-183,3.1212872246065963e-180,True
Dhit,27.537197,0.9205952,6.2994157584562945e-167,4.356543319269248e-164,False
unc-119,27.50244,1.1940308,1.6415469173015903e-166,1.078496324667145e-163,True
Rdh,26.875574,1.081044,4.239317086939332e-159,2.6526012629706104e-156,True
egh,26.854692,1.0781751,7.434679099540754e-159,4.3752485049039516e-156,True
Sxl,26.59773,1.056266,7.211173211443992e-156,3.9481173332655854e-153,True
capu,26.049671,1.299488,1.3569134411489724e-149,7.131937046679e-147,True
Cp110,25.202978,1.2318856,3.7156585340821603e-140,1.8082871532533182e-137,True
Lk6,24.723806,0.77604544,5.932720478345543e-135,2.6881361063951873e-132,False
Pitslre,24.346703,0.9070707,6.282694012501685e-131,2.663051591105553e-128,False
Cbp53E,24.184914,1.0208676,3.206592506430836e-129,1.3167070479531619e-126,True
NdufA3,23.854336,1.0154288,9.130014882352944e-126,3.635405925882354e-123,True
pcs,23.738173,1.2606264,1.4556748612824329e-124,5.465019336357477e-122,True
fs(1)h,23.705427,0.7975013,3.169702712096274e-124,1.1569414899151402e-121,False
sif,23.674034,0.7960024,6.677000010344537e-124,2.3712373009710056e-121,False
Tom6,23.632696,1.2561582,1.7782141354192446e-123,6.148877299844441e-121,True
mei-P26,23.288519,0.5204094,5.795369562025686e-120,1.903778901125438e-117,False
fru,23.16906,1.2761434,9.341828845185536e-119,2.922657881565189e-116,True
Vap33,22.90324,0.8052396,4.313366640124521e-116,1.2881281284371865e-113,False
Liprin-gamma,22.74344,0.8446886,1.6663774587563753e-114,4.865822179568616e-112,False
numb,22.38,1.0846745,6.1645694384164004e-111,1.723456221718968e-108,True
sun,22.251478,0.9379636,1.0913559105752563e-109,2.9875868051997644e-107,False
CG17124,22.180424,0.98526615,5.307654168910313e-109,1.4233178730506431e-106,False
ox,21.543304,1.0230175,6.118370819111386e-103,1.546065241598531e-100,True
heca,21.499578,0.900852,1.5710973854765262e-102,3.895135782105953e-100,False
Frq2,21.492657,1.18806,1.8237285862502587e-102,4.43773955987563e-100,True
RpS21,21.457468,0.74933714,3.889135536387559e-102,9.291498354205915e-100,False
Mnn1,21.310606,0.7208804,9.051623283212208e-101,2.1238987489537215e-98,False
Top1,21.241753,0.9783624,3.9295258429519664e-100,9.058591153752428e-98,False
RhoGAP93B,20.590057,0.9071286,3.369743307768231e-94,7.379737844012426e-92,False
COX7B,20.095797,0.684144,8.031456144347718e-90,1.6489583396363907e-87,False
tow,19.665125,0.90007967,4.291147671480629e-86,8.292011824008156e-84,False
Smr,19.600069,0.77834713,1.5441486451498796e-85,2.857762422150622e-83,False
CG42613,19.501585,0.73237264,1.0643328270025063e-84,1.942407409279574e-82,False
COX8,19.097696,0.69261515,2.638757606663771e-81,4.749763691994788e-79,False
cindr,18.98034,0.7671727,2.4799346602553437e-80,4.403559653480434e-78,False
glec,18.904207,0.8521539,1.0531012526183591e-79,1.8450333945873652e-77,False
Ubr1,18.898954,1.1566615,1.1633487370458781e-79,2.011368737471426e-77,True
flw,18.866917,0.7551747,2.133895253496223e-79,3.6414783936286195e-77,False
fax,18.792974,0.728699,8.621069788979346e-79,1.4339348990783368e-76,False
Ih,18.738628,0.5143056,2.3972428869578715e-78,3.937471441828304e-76,False
msi,18.701612,0.7448323,4.802975804041922e-78,7.791494082112451e-76,False
Polr2A,18.555538,1.1454797,7.356704462607585e-77,1.1646638149236585e-74,True
Yp3,18.535906,5.0720725,1.0598905990503875e-76,1.6579717228002488e-74,True
Tom7,18.487516,0.86576265,2.6026814222323996e-76,4.0234392809569095e-74,False
CG16711,18.390352,0.7911547,1.5695812249783115e-75,2.3706088846224153e-73,False
Imp,18.25393,1.4560453,1.9255084931527906e-74,2.8428293932615356e-72,True
rin,18.219349,0.7436416,3.624369962529924e-74,5.291580145293689e-72,False
Fim,18.168636,0.76461786,9.144129339352368e-74,1.306020212164023e-71,False
Tmtc1,18.030539,1.0118855,1.1219376136479356e-72,1.5851892734767606e-70,True
mrva,17.974566,0.98979115,3.082738930041225e-72,4.263914688499126e-70,False
Eip63E,17.908674,0.7430829,1.0091100868065969e-71,1.3812194313165296e-69,False
PAN3,17.879047,0.7343709,1.7174368676933947e-71,2.3265072620094025e-69,False
MtnA,17.878418,0.906232,1.7369472532844502e-71,2.3289272355262934e-69,False
lqf,17.867735,0.7759662,2.1036488940911632e-71,2.7921158048846346e-69,False
Caper,17.83731,0.7406384,3.6273419949314415e-71,4.766327381339915e-69,False
14-3-3zeta,17.740786,0.3164568,2.0307747469899358e-70,2.6420178391532433e-68,False
Ctdnep1,17.578226,0.8473961,3.6171649520329174e-69,4.65975955585417e-67,False
CG13364,17.507614,1.0278385,1.2533646742904064e-68,1.598952603900577e-66,True
Con,17.44036,0.7683654,4.075100062782844e-68,5.099696649996816e-66,False
UQCR-Q,17.413553,0.665243,6.511395783348509e-68,8.071673640867868e-66,False
CG15431,17.375536,0.8842746,1.2641994132749032e-67,1.5524841392927316e-65,False
Cdc14,17.374407,0.8657515,1.289340882380303e-67,1.5686980735627022e-65,False
GluRIA,17.36834,0.9673801,1.4331571531436374e-67,1.7276775222300363e-65,False
MESK2,17.327297,0.5911549,2.9277045797187936e-67,3.4657692051806257e-65,False
Gprk2,17.210266,0.7544381,2.2240903255717443e-66,2.6093345426797073e-64,False
Fas2,17.150133,0.9542462,6.270903176546027e-66,7.292005994673877e-64,False
ND-MWFE,16.70829,0.7353934,1.1405921969963296e-62,1.3032505624810236e-60,False
hrg,16.677492,0.83320266,1.9107387260928407e-62,2.1644057638672349e-60,False
ari-1,16.571611,0.77039087,1.1178826248537552e-61,1.2554681786819096e-59,False
gro,16.492126,0.80145794,4.179777113723396e-61,4.615316913808859e-59,False
CG42594,16.397734,0.97952217,1.9850403265100938e-60,2.155655362838234e-58,False
Cip4,16.394848,0.7915642,2.0815839094242752e-60,2.2419682434290965e-58,False
nAChRalpha6,16.339024,0.6148963,5.208006414707312e-60,5.563675145467812e-58,False
CG17931,16.322367,1.2400216,6.843036069849544e-60,7.251410803050242e-58,True
CG10804,16.280376,0.7949959,1.3602938959897884e-59,1.4299409434644658e-57,False
CG34250,16.27925,1.1430715,1.385598326058601e-59,1.4449811114611125e-57,True
HDAC4,16.26588,0.71044177,1.7236944090809815e-59,1.7834129555373304e-57,False
cdi,16.078194,0.7203089,3.627992446061545e-58,3.6954899799417594e-56,False
Dmtn,16.010199,0.92646253,1.084631159459036e-57,1.0879430103276131e-55,False
Pacs,15.982562,0.65465814,1.6905338716302318e-57,1.682849626759185e-55,False
Pat1,15.977034,1.0355014,1.8473098110333032e-57,1.825086535111098e-55,True
Mic10b,15.969249,0.6969599,2.0929052092332822e-57,2.05229660069592e-55,False
sty,15.808698,0.7478194,2.710110525600486e-56,2.618445022528705e-54,False
Pits,15.781574,0.5690734,4.166644018644975e-56,3.967369739492389e-54,False
Ten-a,15.755233,0.5190254,6.322578172254644e-56,5.976883250606189e-54,False
Wdr62,15.627956,0.6606092,4.696227098116885e-55,4.376483976542969e-53,False
shi,15.579604,0.45473847,1.0017255230150566e-54,9.269488290435102e-53,False
Drep2,15.540936,0.6680242,1.8328526434062547e-54,1.6841736877173555e-52,False
CG32982,15.228652,1.0447253,2.282491275510453e-52,2.0542421479594077e-50,True
Pde4,15.215504,0.5463312,2.7906352121299383e-52,2.4944861692100264e-50,False
Dp,15.167995,0.9029832,5.7609612231496656e-52,5.114799356228825e-50,False
swm,15.124715,0.8768158,1.1128200459784904e-51,9.748303602771576e-50,False
CG44774,15.116253,0.70898396,1.2654179961180422e-51,1.1011650641715942e-49,False
ND-B12,15.114168,0.621562,1.3061057176792644e-51,1.1290940217306274e-49,False
sdt,15.112034,0.5960411,1.3491118395664803e-51,1.158648991627683e-49,False
CG42524,14.99871,1.0872673,7.486031010092184e-51,6.346222417587826e-49,True
Tsp66E,14.976386,0.6943832,1.0476129366855443e-50,8.824124351312854e-49,False
tipE,14.964767,0.8114696,1.24759120249986e-50,1.0441623185253605e-48,False
Snap25,14.955111,0.3953518,1.4424147706990466e-50,1.1995778536066753e-48,False
CG7646,14.794407,0.55320275,1.5918065349241782e-49,1.3072711168064815e-47,False
Marf,14.777615,0.71454126,2.0427282983895374e-49,1.66717079756761e-47,False
Pkc53E,14.754585,0.6271406,2.8745177422967796e-49,2.3315532798629437e-47,False
Ac3,14.63288,0.6556026,1.7329282387516442e-48,1.3969740525887487e-46,False
Socs36E,14.600118,0.7783575,2.8036292981330463e-48,2.2463224986261114e-46,False
CG32486,14.501794,0.58603483,1.180247143073398e-47,9.399059066657243e-46,False
tou,14.442883,0.6522346,2.7796758050306085e-47,2.187122160365401e-45,False
Gbeta13F,14.412783,0.47229242,4.300263867512004e-47,3.363420667804031e-45,False
nkd,14.299547,0.75676215,2.2023930105725488e-46,1.7123931454984195e-44,False
beat-Ic,14.278258,0.72753024,2.989814130878438e-46,2.3109504517495694e-44,False
Tmep,14.244456,0.6900275,4.853115206101088e-46,3.72923589521452e-44,False
mbl,14.227511,0.6420574,6.18435793547201e-46,4.724561818145478e-44,False
RASSF8,14.156411,0.7175927,1.7048177191600725e-45,1.2948731115470146e-43,False
SPR,14.104418,0.8945594,3.567194457660712e-45,2.6784534384949575e-43,False
Eip78C,14.093052,1.0737227,4.190551683167171e-45,3.1286277907282177e-43,True
luna,13.993477,0.7217958,1.708506512314342e-44,1.2612233467309243e-42,False
elff,13.919879,0.6730658,4.797152807873278e-44,3.501921549747493e-42,False
dpr10,13.883214,0.8534486,8.007190969313017e-44,5.812955211976412e-42,False
Psi,13.751126,0.66489345,5.014308681388685e-43,3.6202206633762265e-41,False
CG33303,13.724204,0.89457244,7.272300295581684e-43,5.221750048302913e-41,False
CG5758,13.704107,0.68767583,9.59403286102848e-43,6.814356313184553e-41,False
RhoGAP71E,13.701474,0.6107333,9.94831107718919e-43,7.02800040614333e-41,False
emb,13.687306,0.7351312,1.2090923161154874e-42,8.495974884362302e-41,False
Toll-6,13.683197,0.6559464,1.2794197595636245e-42,8.942327468439374e-41,False
CG8671,13.635793,0.60825896,2.45310416626945e-42,1.7054914679778082e-40,False
Frq1,13.634653,0.5427011,2.4917366250652602e-42,1.7232325922819749e-40,False
CG31221,13.606162,0.5967105,3.680718969612178e-42,2.5189920448283346e-40,False
CASK,13.456542,0.5101191,2.817967866954856e-41,1.9086648335972582e-39,False
futsch,13.380843,0.4047418,7.825502264043149e-41,5.273184602539846e-39,False
hrm,13.375942,0.7187396,8.358740152905409e-41,5.603767633121279e-39,False
CG6770,13.337695,0.51826125,1.3971193794412351e-40,9.318857180638492e-39,False
Bsg,13.310894,0.50692093,2.000735174406652e-40,1.3277606157425962e-38,False
GluRIB,13.29884,0.610027,2.350895558398404e-40,1.552299881274122e-38,False
CG13739,13.191128,0.6865847,9.869747842620355e-40,6.452163515026441e-38,False
SKIP,13.101065,0.6623126,3.246716224036679e-39,2.1119728308832657e-37,False
Rbfox1,13.094929,0.40230793,3.5200553876636974e-39,2.2784989061034968e-37,False
CG13751,13.055038,1.0947397,5.947999461081262e-39,3.831211417578813e-37,True
Calx,13.036508,0.7335675,7.585313565941595e-39,4.8620009881206124e-37,False
UQCR-11,12.949756,0.53571105,2.357027245158316e-38,1.5034630097757416e-36,False
CG44242,12.941848,0.5665304,2.6126729411045696e-38,1.6584793452229005e-36,False
CG1677,12.825652,0.5756207,1.1779063080344947e-37,7.441196580564067e-36,False
ssp3,12.694393,0.77977633,6.352031532478143e-37,3.9935738917111386e-35,False
Rbp6,12.650495,0.39335278,1.1117265703322376e-36,6.956231968650287e-35,False
Met,12.590151,0.7016393,2.3921469885091104e-36,1.4897067027966688e-34,False
wdb,12.558448,0.47805783,3.572737309784465e-36,2.2144230306871637e-34,False
CG42337,12.531245,0.64103556,5.03654490475119e-36,3.107051645466227e-34,False
da,12.528839,0.6077344,5.19171093570233e-36,3.1878075558471314e-34,False
MtnF,12.482262,0.83729005,9.329816429600466e-36,5.702036645811634e-34,False
CG14478,12.463859,0.5770127,1.1754226577490587e-35,7.150487834640108e-34,False
mtgo,12.374525,0.5426047,3.590132081055414e-35,2.163960346104043e-33,False
wry,12.26514,0.5372892,1.3937227246329997e-34,8.324325728035281e-33,False
apolpp,12.248811,1.1365191,1.7047713984289542e-34,1.0136061617808354e-32,True
dpr9,12.206785,0.5306614,2.8596818919421867e-34,1.6926225252306455e-32,False
ND-MLRQ,12.14665,0.50927955,5.976450764839458e-34,3.5215499125556267e-32,False
mahe,12.112196,0.5364381,9.102402155333432e-34,5.339534121476843e-32,False
lbk,12.018532,0.8743376,2.8397306484740005e-33,1.6510646336702818e-31,False
Yp1,11.953584,8.944039,6.218448980355482e-33,3.5837903334153957e-31,True
RpL38,11.84641,0.43317583,2.246085084925233e-32,1.2776432041522754e-30,False
Rok,11.790161,1.1442462,4.387033621658748e-32,2.4847250770946528e-30,True
betaTub56D,11.779742,0.5209652,4.96446326303159e-32,2.7997015998384158e-30,False
alpha-Cat,11.741329,0.55028343,7.824681670598606e-32,4.393859707336141e-30,False
CG42238,11.723979,0.60204375,9.605212932034349e-32,5.370744592635377e-30,False
CG4080,11.686401,0.70941514,1.4959185538613197e-31,8.328970253278705e-30,False
CG3744,11.652786,0.7647651,2.2207800579711107e-31,1.231267930875122e-29,False
CG43737,11.650943,0.5060609,2.2693493864793173e-31,1.2529097032915222e-29,False
pros,11.634297,0.5960865,2.7585224413766214e-31,1.5166102460120838e-29,False
Mnt,11.619952,0.5199498,3.2631712072835963e-31,1.786586235987769e-29,False
CtBP,11.618227,0.47634146,3.329732403200253e-31,1.815464057180553e-29,False
CG13954,11.583505,0.57853276,4.996096247645074e-31,2.712756392316375e-29,False
Lar,11.539173,0.46311772,8.372636910643289e-31,4.527425885014519e-29,False
AP-1gamma,11.53447,0.58137333,8.843061842908104e-31,4.762206254746414e-29,False
CG6700,11.5201845,0.48310393,1.0438704250120168e-30,5.598554034554246e-29,False
mir-9381,11.505171,0.96174264,1.2424330298958962e-30,6.636410574321983e-29,False
fne,11.493164,0.34059903,1.4278472501753798e-30,7.595916140609105e-29,False
ct,11.43794,0.53961724,2.7022606960500598e-30,1.4317623204071687e-28,False
Tm1,11.42668,0.5031932,3.076499648172177e-30,1.623502223975197e-28,False
CG33181,11.3866625,0.5044121,4.872983412614133e-30,2.5612400816699886e-28,False
Tlk,11.339725,0.4818813,8.340682846744642e-30,4.3663973149890275e-28,False
Galphao,11.314064,0.45309392,1.1178861055917735e-29,5.828977550585676e-28,False
fok,11.293823,0.55154943,1.407771323396033e-29,7.311507980009436e-28,False
Ptp99A,11.288323,0.47754893,1.498673794811234e-29,7.752981757409297e-28,False
beat-IIIc,11.26368,0.6286855,1.983000493796092e-29,1.0218284897443393e-27,False
dally,11.2411375,0.5603033,2.560620229005852e-29,1.3143183519194098e-27,False
CG31650,11.20618,0.68707186,3.8025250122313656e-29,1.9441703759035076e-27,False
Ptp36E,11.141121,0.65494114,7.911702248153088e-29,4.0294483542919214e-27,False
side-VIII,11.076644,0.6913353,1.628628013272667e-28,8.262614708263646e-27,False
yrt,11.073213,0.7309386,1.6922330279880832e-28,8.552285379909006e-27,False
CG44422,11.024492,0.53367704,2.9115639154760584e-28,1.4546748992150344e-26,False
Nup153,11.014805,0.5634788,3.2423839635904523e-28,1.6138229273325206e-26,False
mRpL33,11.010174,1.0091951,3.4134635333844187e-28,1.6925626727800477e-26,True
Obp44a,11.004754,0.6414215,3.625020228361115e-28,1.7907054812280093e-26,False
RhoGAP19D,10.997605,0.46416804,3.92415008960638e-28,1.931210942974825e-26,False
CG18467,10.976116,1.1730255,4.978705223700584e-28,2.4410517402770775e-26,True
Pdk1,10.97337,0.64405155,5.132355576509137e-28,2.5070316830977716e-26,False
CG6966,10.855082,0.56923914,1.886374444297604e-27,9.180355628915006e-26,False
mamo,10.771169,0.48281747,4.709859325582879e-27,2.283673488492953e-25,False
dlg1,10.7558,0.45529705,5.564896388321302e-27,2.6883359758287466e-25,False
Prp4k,10.750619,0.7712459,5.886514346473393e-27,2.8332893228080724e-25,False
mbt,10.74254,0.5301588,6.425157848002533e-27,3.081261829297565e-25,False
Eph,10.700771,0.47956717,1.0093472968552602e-26,4.822844902064771e-25,False
Cipc,10.651771,0.5225074,1.7108020208320814e-26,8.086308832278255e-25,False
jeb,10.516102,0.47015265,7.282444900547242e-26,3.405385266661593e-24,False
hang,10.494653,0.5786659,9.141351313480146e-26,4.259480718408834e-24,False
CG43736,10.47143,0.4422807,1.1686443806772593e-25,5.426143873533282e-24,False
ReepA,10.467433,0.59466475,1.2190367246132984e-25,5.6401910427530775e-24,False
Sin3A,10.448445,0.4461975,1.4894739063901621e-25,6.86725864209359e-24,False
CG2924,10.443072,0.47847778,1.5762516809025593e-25,7.24193954092994e-24,False
BtbVII,10.4216,0.5582615,1.9759955538511992e-25,9.046892535750786e-24,False
Unc-115a,10.3200865,0.796827,5.7171489950381515e-25,2.6084492289861567e-23,False
CG14442,10.310612,0.49040902,6.309859319753449e-25,2.868911815278904e-23,False
pyd,10.304448,0.6047429,6.727677438333656e-25,3.039751641429211e-23,False
CG43759,10.304388,0.77940804,6.7318700734847835e-25,3.039751641429211e-23,False
Stat92E,10.277999,0.6159361,8.85468423537633e-25,3.984607905919348e-23,False
CG11768,10.2723,1.1511166,9.393848776575246e-25,4.212804536662073e-23,True
AstC-R2,10.249314,0.9150111,1.191856294111097e-24,5.326867926741433e-23,False
AMPdeam,10.194666,0.6957222,2.0946411434095523e-24,9.330028686237803e-23,False
lncRNA:CR40469,10.191537,0.7946921,2.163171421633482e-24,9.602727189278362e-23,False
milt,10.177469,0.45926252,2.4997767718564846e-24,1.1059618445183233e-22,False
lncRNA:CR43651,10.145293,0.6896885,3.477319757502586e-24,1.5332879736102008e-22,False
Usp7,10.100492,0.4368041,5.496624196950286e-24,2.4075213982642253e-22,False
Mkp3,10.081027,0.42732802,6.702189311482856e-24,2.925806230992848e-22,False
Syn,10.076127,0.43762228,7.044864242987616e-24,3.065215766650903e-22,False
CG45049,10.057052,0.42016754,8.552160090660724e-24,3.70875853436574e-22,False
CG17776,10.045364,0.9317006,9.629099855986393e-24,4.14919792490458e-22,False
CG3961,10.045345,0.95646185,9.630938866787647e-24,4.14919792490458e-22,False
B4,10.008838,0.5238629,1.393803674998307e-23,5.985156957345671e-22,False
tth,9.953607,0.6912899,2.4320549360234132e-23,1.0409512006302165e-21,False
heph,9.914215,0.45109332,3.610845755706628e-23,1.54047120876575e-21,False
psq,9.9006195,0.4108487,4.137036437476168e-23,1.7592446209850113e-21,False
Rip11,9.8960705,0.7821531,4.329541663811748e-23,1.8351670149189152e-21,False
Trf2,9.894434,0.42657045,4.4009266962600376e-23,1.859426906394112e-21,False
Ucp4A,9.784837,0.6867997,1.3080658577917761e-22,5.508969670315365e-21,False
5-HT1A,9.731815,0.54077196,2.2062047324055456e-22,9.232334453442316e-21,False
CG4612,9.713712,0.42404807,2.63560582688025e-22,1.0994241449271901e-20,False
sno,9.707889,0.41829705,2.7905663977173547e-22,1.1603810906963936e-20,False
eIF2beta,9.677947,0.5854631,3.7415506003846918e-22,1.5460369461966933e-20,False
Polr2K,9.6497345,1.0220507,4.92830925615287e-22,2.030030834666104e-20,True
cic,9.610436,0.41536954,7.224188657426303e-22,2.957191244815627e-20,False
CG46301,9.578697,0.65682125,9.82766930240017e-22,4.010421572470131e-20,False
hth,9.569777,0.41357878,1.0713703746684228e-21,4.358454093852345e-20,False
AnxB10,9.478198,0.7200706,2.587109560108662e-21,1.0459882959947021e-19,False
fend,9.456846,0.4205109,3.173702603068231e-21,1.2753043487558579e-19,False
app,9.452364,0.5416143,3.312636664161598e-21,1.327074566069616e-19,False
RSG7,9.435492,0.41762134,3.891669021230277e-21,1.5543018522482017e-19,False
Rgk1,9.413714,0.59609556,4.789057189710941e-21,1.8954280564096917e-19,False
ed,9.4047575,0.5285,5.21500867470239e-21,2.0578142338014835e-19,False
sbb,9.397012,0.34833667,5.613486943588921e-21,2.2084197137352824e-19,False
Gdap2,9.34728,0.39765128,8.993087743452124e-21,3.5169396711000265e-19,False
Klp98A,9.344516,0.5595881,9.23111224296427e-21,3.5993120140222703e-19,False
mspo,9.326176,0.4706464,1.0975962417093476e-20,4.2543995917583565e-19,False
Atg13,9.268702,0.9575054,1.884264879405892e-20,7.282129563351006e-19,False
Cngl,9.245565,0.38183153,2.3399965184222696e-20,9.01687807978552e-19,False
brp,9.243338,0.34868068,2.3892660058183388e-20,9.17981149603888e-19,False
tei,9.241779,0.41667056,2.4243092142038588e-20,9.287295357037523e-19,False
jigr1,9.227834,0.548266,2.761603318773448e-20,1.0548682444384624e-18,False
CG34117,9.219166,0.71014786,2.9941918467898306e-20,1.1403965468643007e-18,False
CG9932,9.218064,0.45918524,3.0251254243571485e-20,1.1488482102905472e-18,False
Aps,9.20558,0.39964694,3.398317232260909e-20,1.2831577135605845e-18,False
Asap,9.188399,0.6761596,3.9873173551217516e-20,1.4969528584657091e-18,False
clu,9.176826,0.6586196,4.439881097550061e-20,1.662109333954638e-18,False
bi,9.136862,0.6596982,6.429100463817695e-20,2.3999539799592187e-18,False
trn,9.127778,0.6014728,6.991945287056853e-20,2.602667452462523e-18,False
Reph,9.125418,0.39295053,7.146000141923846e-20,2.6524983577649532e-18,False
Rga,9.107749,0.5249705,8.410865570973277e-20,3.113204890213771e-18,False
Ehbp1,9.064399,0.5575854,1.2529373088029033e-19,4.611651607190518e-18,False
CG12084,9.056181,0.60303295,1.3509766784373778e-19,4.958612724767358e-18,False
CHES-1-like,9.051092,0.42961237,1.4154486656339886e-19,5.180778681456995e-18,False
Pde6,9.035897,0.39295584,1.626625434992933e-19,5.937182837724206e-18,False
rdgB,9.023026,0.38394967,1.8296394838475796e-19,6.659684991068475e-18,False
InR,9.01948,0.566206,1.8898469547491443e-19,6.8598312114375015e-18,False
side-VI,9.011074,0.3914879,2.0404800225198035e-19,7.38620041209648e-18,False
cyri,9.004492,0.5342892,2.1666771349550439e-19,7.821466360799251e-18,False
dpr13,8.97522,0.4252158,2.827861374608747e-19,1.0152485918677306e-17,False
MYPT-75D,8.973207,0.46198538,2.880037222488807e-19,1.0311631908311422e-17,False
CG2865,8.934134,0.43756193,4.1038154226029585e-19,1.4613586626830047e-17,False
CG45002,8.91679,0.4366038,4.799983427741868e-19,1.7046427632575175e-17,False
Msp300,8.905044,0.37520275,5.336511224970942e-19,1.890074326040921e-17,False
roh,8.883933,0.39570403,6.453723229681386e-19,2.2735100063810566e-17,False
Rgl,8.866749,0.6236118,7.5312666115640485e-19,2.646011852298171e-17,False
FBXO11,8.865362,0.5000492,7.625573826591726e-19,2.672001068837741e-17,False
Rac1,8.835045,0.45472378,1.0005793528753568e-18,3.496705504463348e-17,False
inaE,8.821009,0.37266603,1.1343352871226528e-18,3.9536248468943387e-17,False
Pgant9,8.816566,0.46185294,1.180227670605413e-18,4.102696188295007e-17,False
Rala,8.786903,0.6369759,1.5373880772055908e-18,5.319284587708029e-17,False
Rab8,8.779477,0.69305897,1.6423671498951058e-18,5.664226863417766e-17,False
E2f1,8.722572,0.4782195,2.7195259903262184e-18,9.31038185358983e-17,False
UBL3,8.722517,0.40069324,2.7208421855239684e-18,9.31038185358983e-17,False
Dbp80,8.719275,0.4190991,2.799875064750858e-18,9.555937233980851e-17,False
alpha-Spec,8.7183,0.37772277,2.8241007002660033e-18,9.613648497796705e-17,False
Rad23,8.715229,0.46015492,2.9017064387527273e-18,9.852305582741818e-17,False
CG2269,8.709511,0.38582048,3.0518861074802867e-18,1.0335511199044063e-16,False
alt,8.69302,0.40501484,3.52930569148156e-18,1.1921613569683214e-16,False
qm,8.674873,0.58856267,4.140096347148267e-18,1.3948940000391853e-16,False
Drak,8.647816,0.48596975,5.249467582110343e-18,1.7641433255480794e-16,False
Ptp10D,8.635885,0.49723628,5.827378063964305e-18,1.9533609122574228e-16,False
CG18508,8.6318445,0.8695282,6.0370362872506336e-18,2.0184899952792194e-16,False
bin3,8.611732,0.41265258,7.196502400470666e-18,2.400051815791486e-16,False
CG4629,8.581791,0.6153787,9.340709299124392e-18,3.091610080365101e-16,False
jvl,8.580249,0.4054049,9.46679489753086e-18,3.1254694711948617e-16,False
CG1695,8.573351,0.3730562,1.005162197385224e-17,3.310233401915249e-16,False
CG31635,8.495801,0.3761596,1.96571814060548e-17,6.425257802874629e-16,False
CG8369,8.475696,0.5331764,2.3367923153426808e-17,7.619218616278617e-16,False
Octbeta2R,8.463915,0.38946542,2.5854895580232258e-17,8.409240790204255e-16,False
Rgk3,8.455143,0.6363946,2.787458722421122e-17,9.043754966077419e-16,False
CG12991,8.435893,0.4224089,3.286841826964795e-17,1.0637709755250593e-15,False
beta-Spec,8.421473,0.36066237,3.71781082287347e-17,1.2002956808982161e-15,False
Actbeta,8.394629,0.41106188,4.6737061527613787e-17,1.5052083050805028e-15,False
Dyb,8.3859625,0.41929087,5.0312363566277226e-17,1.6163923160412783e-15,False
CG9705,8.382279,0.804518,5.1912513220509626e-17,1.6637327407743818e-15,False
AGO2,8.380744,0.6068993,5.2594217745821224e-17,1.681479370267861e-15,False
C3G,8.365001,0.48758322,6.011451351367276e-17,1.9172444358486897e-15,False
schlank,8.359267,0.44373232,6.310912542219224e-17,2.0078787119796757e-15,False
ben,8.31892,0.3594334,8.876847185357811e-17,2.8174341066570443e-15,False
beat-IIa,8.293132,0.39024848,1.1030520045271413e-16,3.4836182134805682e-15,False
robo2,8.292865,1.0998542,1.1055318074744267e-16,3.4836182134805682e-15,True
ab,8.280281,0.40272158,1.2288491517428695e-16,3.844542346166977e-15,False
kirre,8.263343,0.36043307,1.4164816177528683e-16,4.421037638307052e-15,False
Cad87A,8.208458,0.8979563,2.2404708518721956e-16,6.976252842085463e-15,False
ND-B18,8.202858,0.3702297,2.347389061961181e-16,7.291889426517711e-15,False
Paf-AHalpha,8.20065,0.7296369,2.3909107731821397e-16,7.409567820663518e-15,False
ckn,8.164407,0.49378437,3.2301777269907815e-16,9.986949490037381e-15,False
kuz,8.162586,0.3602986,3.279269587037081e-16,1.0114930134663673e-14,False
kairos,8.143528,0.5096564,3.839250864249568e-16,1.1814462846894455e-14,False
Lim1,8.142527,0.75076705,3.871144368644685e-16,1.1884775000932515e-14,False
DIP-kappa,8.123075,0.6929151,4.545213201318353e-16,1.3921701973268802e-14,False
lncRNA:alphagamma-element:CR32865,8.099156,0.924975,5.5341522535298725e-16,1.6911339677065705e-14,False
dths,8.086727,0.3547165,6.128939334908238e-16,1.86854438191866e-14,False
RabX1,8.085077,1.0076042,6.212487536206345e-16,1.889631625596097e-14,True
Dscam4,8.066116,0.36811125,7.256972112102739e-16,2.2022312598852192e-14,False
CG42258,8.065076,0.37760454,7.319056248763074e-16,2.215953896514903e-14,False
SiaT,8.049843,1.0361127,8.290062281476758e-16,2.5041705374391864e-14,True
Eip93F,8.045771,0.37370744,8.570433747061646e-16,2.5829242989997713e-14,False
CG42346,8.034363,0.60624635,9.406630788296872e-16,2.8284468777624923e-14,False
NK7.1,8.013978,0.52905685,1.1105648964270602e-15,3.3316946892811806e-14,False
CG8860,8.013648,0.56408685,1.113553296017651e-15,3.33305018443552e-14,False
CG8668,7.995784,0.48601168,1.2875191676654553e-15,3.827602231476037e-14,False
CG46339,7.9946,0.52027935,1.2999563432743561e-15,3.855852449351025e-14,False
dsd,7.9734635,0.41789773,1.5428843910161364e-15,4.566103805845052e-14,False
CG32683,7.968255,0.63164645,1.6093057410997073e-15,4.7519724579887986e-14,False
mGluR,7.949534,0.40005463,1.8721483342204297e-15,5.515701594541804e-14,False
CG6340,7.9305744,0.40925276,2.181343238901436e-15,6.397957624813588e-14,False
CG14989,7.9263844,0.42043185,2.25618111555376e-15,6.602721572021471e-14,False
SLO2,7.8835354,0.3389049,3.18246446900744e-15,9.251677682026054e-14,False
CG32369,7.881014,0.36844552,3.247347904029332e-15,9.419459483210911e-14,False
CG1607,7.873863,0.6173286,3.4385527400484508e-15,9.952110793884723e-14,False
Kap-alpha3,7.8704295,0.40910855,3.5342538781542685e-15,1.0206614496471888e-13,False
EndoA,7.856855,0.34611425,3.938980637207147e-15,1.1350483678267961e-13,False
LPCAT,7.854899,0.73404574,4.000951636419295e-15,1.1494084308026883e-13,False
Nadsyn,7.854731,0.501537,4.006309446785626e-15,1.1494084308026883e-13,False
upSET,7.853985,0.33069417,4.0302319831954795e-15,1.1537526853853724e-13,False
eff,7.8478556,0.34824863,4.23211020766803e-15,1.2089114810599546e-13,False
CG6329,7.844819,0.27302694,4.335774337187966e-15,1.235836763354661e-13,False
NdufV3,7.836311,0.345616,4.639758071912569e-15,1.3196195035699386e-13,False
Khc-73,7.822834,0.33015075,5.164717617783585e-15,1.465753552865579e-13,False
eIF4G1,7.8222504,0.3321291,5.188727040878095e-15,1.4693938214900467e-13,False
hwt,7.819301,0.3272931,5.311731779098438e-15,1.5009925930613652e-13,False
Pvf3,7.8182163,0.34508517,5.357711661793067e-15,1.510736721801736e-13,False
CG10011,7.809886,0.34433356,5.723976255635228e-15,1.6105577729988631e-13,False
Sec63,7.8021545,0.5806757,6.085895910586447e-15,1.708732313356964e-13,False
Dscam1,7.796058,0.46226758,6.387099406055405e-15,1.7894773176027296e-13,False
svr,7.7954197,0.34076554,6.419476574475323e-15,1.7926843415821164e-13,False
Chc,7.795295,0.36090046,6.425832000648225e-15,1.7926843415821164e-13,False
cmpy,7.782182,0.37390995,7.12840389411385e-15,1.984475151878305e-13,False
SP2353,7.775615,0.3568174,7.508174476655876e-15,2.0857803937263895e-13,False
unk,7.7633224,0.39659223,8.273293463470628e-15,2.288654233894822e-13,False
DIP-delta,7.75795,0.5156798,8.631332094036168e-15,2.3826828511688077e-13,False
retm,7.750607,0.5288757,9.145425116846048e-15,2.5193057869047604e-13,False
CG3726,7.6798744,0.42526537,1.5924469271383042e-14,4.368424347097561e-13,False
Mi-2,7.677432,0.47069514,1.6230943397834868e-14,4.4432207551572955e-13,False
tral,7.669624,0.32084283,1.725016574387266e-14,4.71241534042592e-13,False
Pgant2,7.667481,0.57965463,1.7540725167839756e-14,4.781849143265859e-13,False
CG42342,7.6518593,0.32787043,1.980940335608982e-14,5.389142031035616e-13,False
Myc,7.6381426,0.63163096,2.203776608266231e-14,5.982980295995511e-13,False
CG43902,7.635474,0.37161618,2.2499062858532378e-14,6.095622390950835e-13,False
CG17075,7.620972,0.55509317,2.5177243702906628e-14,6.80718070485994e-13,False
NaCP60E,7.619904,0.35162798,2.5386437574755865e-14,6.849646606412568e-13,False
mRpL34,7.610749,0.90091085,2.7251243215231277e-14,7.337732291970061e-13,False
CG43867,7.58438,0.32594427,3.340801748431784e-14,8.961878166588988e-13,False
SCAP,7.5650735,0.44243982,3.876450947838892e-14,1.0374045917434426e-12,False
amon,7.563581,0.32518816,3.921211709385562e-14,1.0451262040836974e-12,False
smog,7.551232,0.3229822,4.3115986062123e-14,1.1468503175228667e-12,False
sau,7.5300994,0.42185226,5.070179953517223e-14,1.345902314933663e-12,False
CG5445,7.510748,0.65788335,5.879044241023952e-14,1.557472607400297e-12,False
lawc,7.4977417,0.5352423,6.492665113422221e-14,1.7165718227438223e-12,False
trv,7.497295,0.331792,6.514822946812314e-14,1.7189713558456588e-12,False
jdp,7.465292,0.34104827,8.311513505880041e-14,2.1886430354161067e-12,False
Cpsf6,7.4603915,0.44937083,8.626565430574828e-14,2.267061395155065e-12,False
kmr,7.4563694,0.33391055,8.893912683627343e-14,2.332654943370525e-12,False
mgl,7.454988,0.52683294,8.987586230422192e-14,2.3525275511503502e-12,False
ens,7.4506526,0.32096556,9.28795079559156e-14,2.426315575627696e-12,False
GEFmeso,7.4374084,0.9700166,1.0267959128574641e-13,2.677003629949817e-12,False
CG43901,7.419704,0.3185776,1.1738236664597885e-13,3.0542659360953707e-12,False
Dop2R,7.4091883,0.3690155,1.2707499936308728e-13,3.299931801642227e-12,False
Pi3K68D,7.4049025,0.7546121,1.3124709326584798e-13,3.3948559163646504e-12,False
Ciz1,7.396762,0.31311962,1.3954533561013156e-13,3.6024080744933764e-12,False
drongo,7.381909,0.38497204,1.5603594275914993e-13,4.020220172265157e-12,False
CG9171,7.3660235,0.5270258,1.7579253378399914e-13,4.520379440159978e-12,False
wge,7.360776,0.40979937,1.828441179715821e-13,4.692522871380056e-12,False
Adcy1,7.335361,0.32748675,2.211249785067179e-13,5.663902958242248e-12,False
Pkn,7.324609,0.5892634,2.3959688081581154e-13,6.125103139921719e-12,False
Pfk,7.313004,0.34764847,2.6123496473665425e-13,6.652378753177591e-12,False
sr,7.312528,0.41999415,2.621620013295541e-13,6.663072915803367e-12,False
Pdcd4,7.2974973,0.3251722,2.9316976573567066e-13,7.436777455148094e-12,False
Sf3b5,7.2746067,0.73577046,3.4743152310680995e-13,8.796243186172413e-12,False
vvl,7.272099,0.5837852,3.5394376986697444e-13,8.943886800100086e-12,False
Mef2,7.2681503,0.34036353,3.644426731679029e-13,9.191510029608914e-12,False
5-HT2A,7.2504663,0.54350686,4.1533876252516153e-13,1.0435088603404632e-11,False
Gad1,7.246162,0.39568865,4.287478156189081e-13,1.0751424231359641e-11,False
CG9917,7.207651,0.58176666,5.692518064214628e-13,1.422047288284795e-11,False
5-HT1B,7.2051573,0.65718585,5.79767901315552e-13,1.4455693023313762e-11,False
aop,7.199321,0.34978867,6.051312617414355e-13,1.5059516627428905e-11,False
Ptpmeg2,7.1677732,0.3047476,7.622744839132099e-13,1.8898654186074675e-11,False
Cph,7.162498,0.39594656,7.921996274698975e-13,1.9603584001797463e-11,False
sd,7.1581283,0.3027107,8.178590902877658e-13,2.020050459846098e-11,False
CG12071,7.1465635,0.34890625,8.897736798815384e-13,2.19355087310383e-11,False
CG42724,7.138577,0.35059935,9.430199121724828e-13,2.3204647277053227e-11,False
Mob2,7.128604,0.30683163,1.0139219762959389e-12,2.4902681810333902e-11,False
zfh2,7.1191506,0.5556426,1.0859416868139465e-12,2.6621779411819507e-11,False
CG3558,7.118651,0.58180726,1.089885986680757e-12,2.666871855676936e-11,False
RapGAP1,7.1124396,0.3151883,1.140094848604437e-12,2.7845439239149263e-11,False
Yp2,7.096003,5.9365516,1.2841646525374081e-12,3.130598058319396e-11,True
dati,7.0856586,0.40110284,1.3838472482006374e-12,3.361137308938332e-11,False
eys,7.0838714,0.30020452,1.4018183460356277e-12,3.398504255887112e-11,False
nAChRbeta1,7.0821977,0.29119357,1.4188609601131673e-12,3.4320054491946324e-11,False
Polr2L,7.0820026,0.6632268,1.4208607034717504e-12,3.4320054491946324e-11,False
CG9686,7.0635395,0.6834725,1.6231378236301338e-12,3.9134001839449466e-11,False
Kdm2,7.043916,0.58981705,1.869102389555983e-12,4.4981694869534093e-11,False
SoxN,7.029972,0.34000045,2.0657466692825557e-12,4.962323808843287e-11,False
lncRNA:CR45758,7.008889,0.47901005,2.4021796305214067e-12,5.7494791156741866e-11,False
dtn,7.0085807,0.30048513,2.407474114057921e-12,5.75167451976747e-11,False
Corin,7.0045466,0.30206248,2.477867582965635e-12,5.909107085330026e-11,False
Golgin97,6.998164,0.5259539,2.5933800928001138e-12,6.162208755767359e-11,False
rsh,6.9261956,0.3122144,4.323082409899831e-12,1.025366477727144e-10,False
Sirt1,6.920972,0.28437847,4.4855518870737704e-12,1.061984717047736e-10,False
CG32448,6.9161386,0.66782546,4.641207047024009e-12,1.0968608021204222e-10,False
haf,6.909198,0.56630564,4.874011709899585e-12,1.14981173910378e-10,False
Ca-alpha1T,6.897347,0.31184107,5.298263501181384e-12,1.2476555986652936e-10,False
CG42674,6.8541794,0.31529722,7.172307323932675e-12,1.6859412922446395e-10,False
Sirup,6.8310475,0.48396775,8.429692369231492e-12,1.9779671023518183e-10,False
Unc-76,6.825755,0.29265368,8.746402273254006e-12,2.0486225645375694e-10,False
CG10132,6.823205,0.41170615,8.903155278922535e-12,2.0816274086306424e-10,False
Akap200,6.819268,0.5711983,9.150541548315172e-12,2.135668134011747e-10,False
hzg,6.815371,0.5463825,9.402083749463171e-12,2.1904854692898239e-10,False
CG7945,6.8150253,0.33313525,9.424723258408607e-12,2.1918736923095417e-10,False
Baldspot,6.767712,0.32106435,1.3083483903571604e-11,3.0267073678332904e-10,False
arm,6.7237434,0.2902863,1.7711440083896778e-11,4.090128694242595e-10,False
Nrg,6.7219973,0.34276637,1.7925009463908977e-11,4.1321863922063853e-10,False
bsd,6.7125583,0.5445783,1.9124163417925418e-11,4.400902054492819e-10,False
tna,6.692959,0.30885264,2.1870274618789658e-11,5.015277635094173e-10,False
Pcd,6.692048,0.4147919,2.2006830580683723e-11,5.03780058937603e-10,False
CG15201,6.668928,0.42389116,2.5767824580019614e-11,5.888508086634047e-10,False
CG7065,6.6676717,0.62896025,2.5989295243361098e-11,5.92880797739175e-10,False
Mnr,6.661921,0.49261105,2.7027129395220117e-11,6.154878340609919e-10,False
side-III,6.6616044,0.28957233,2.7085435458162557e-11,6.157484808308927e-10,False
lncRNA:let7C,6.659116,0.91372883,2.7547996250776722e-11,6.241046047158726e-10,False
AP-2alpha,6.64366,0.28809646,3.0598763197034544e-11,6.908380556856253e-10,False
Sema2b,6.6388474,0.3606716,3.161459059158628e-11,7.125484054432998e-10,False
CG13365,6.6347585,0.41601938,3.25034828816934e-11,7.313283648381016e-10,False
Nmdar2,6.6308336,0.3503192,3.337963889625287e-11,7.497580429004492e-10,False
CG11122,6.62753,0.28031904,3.4134972492615934e-11,7.654155948002958e-10,False
CG1578,6.6253204,0.33200485,3.4649534128705265e-11,7.756301166119031e-10,False
wcy,6.622135,0.32826892,3.540466601318783e-11,7.911859037640955e-10,False
crc,6.6192617,0.37782347,3.6099751886753606e-11,8.053493035516848e-10,False
Arp2,6.615101,0.7548622,3.712987809891096e-11,8.269264376604916e-10,False
CARPB,6.6038284,0.6845254,4.0067359883265537e-11,8.908377476583911e-10,False
Sag1,6.598192,0.57278824,4.162018950935144e-11,9.237994766095911e-10,False
CG1552,6.577023,0.76563233,4.7995978316877545e-11,1.0617292173127456e-09,False
EcR,6.5753665,0.26476285,4.853349445204502e-11,1.0718153228569271e-09,False
CG43102,6.574319,0.35200214,4.887636300481792e-11,1.0775761910793749e-09,False
RhoGAPp190,6.5647326,0.30248,5.212639214374502e-11,1.1473045105005185e-09,False
Ppcs,6.5574737,0.35326394,5.4727002943653e-11,1.2025297971230777e-09,False
tws,6.5297666,0.3090726,6.587229170890304e-11,1.4450115409932987e-09,False
Rap1,6.5270844,0.28083944,6.706222441069104e-11,1.4686627145941339e-09,False
BNIP3,6.500637,0.43476233,7.998052920988885e-11,1.7486591577669542e-09,False
mRpS21,6.496993,0.50309515,8.194116133151399e-11,1.788549601156302e-09,False
Dora,6.4920244,0.30740798,8.469048673426413e-11,1.845494188537696e-09,False
wts,6.488709,0.35772446,8.657490577282012e-11,1.8834342083689677e-09,False
RpS14b,6.476521,0.2895536,9.386155676302406e-11,2.0385799270514648e-09,False
5-HT7,6.3868737,0.69403803,1.693114673686657e-10,3.665160924586931e-09,False
Hr38,6.373364,0.2790595,1.8492614003393107e-10,3.996594539549102e-09,False
unc-13-4A,6.359603,0.3305531,2.0227584776689984e-10,4.36437543457646e-09,False
Hsp23,6.358747,0.65438133,2.0340581777039095e-10,4.381561386070389e-09,False
NFAT,6.3415527,0.26175222,2.2746093680297954e-10,4.891713108987154e-09,False
Diap1,6.339338,0.26372498,2.3075464499324115e-10,4.954437966031354e-09,False
UQCR-14,6.318393,0.29554558,2.6429666770302574e-10,5.656120869084297e-09,False
Ssdp,6.296105,0.29332015,3.052174312611468e-10,6.521230970360112e-09,False
Patronin,6.2881103,0.36784187,3.2135350320485965e-10,6.854845831350415e-09,False
Msr-110,6.280783,0.5740991,3.3687193901128534e-10,7.13951173969079e-09,False
CG32767,6.2685485,0.2950729,3.6442867746085337e-10,7.711099552070231e-09,False
UbcE2H,6.2583013,0.30510464,3.8919295000359683e-10,8.22185749686055e-09,False
pdm3,6.222206,0.36712435,4.902129180134602e-10,1.032275279278344e-08,False
Pdha1,6.2079964,0.27783644,5.366437010063027e-10,1.1282397169956508e-08,False
Pal2,6.2027745,0.26356956,5.547633887431583e-10,1.1644713942627955e-08,False
sina,6.1886883,0.2589815,6.066698538057273e-10,1.2713942390761174e-08,False
nAChRalpha3,6.1586876,0.26808226,7.335028811018902e-10,1.5298774377267996e-08,False
drn,6.1555176,0.27058813,7.483264204819451e-10,1.558321579260342e-08,False
Myo81F,6.147622,0.9895213,7.865311341539738e-10,1.6352878327188633e-08,False
endos,6.1440005,0.29132837,8.046860309790233e-10,1.6677562219344424e-08,False
Cmtr1,6.1317472,0.7636569,8.691910476409245e-10,1.7986095064569682e-08,False
nolo,6.117762,0.2834608,9.489868106171304e-10,1.95756462975025e-08,False
CG34370,6.116162,0.34097975,9.585610439128699e-10,1.97421506536287e-08,False
gol,6.114308,0.3413787,9.697685406152896e-10,1.9941719285891868e-08,False
Sh3beta,6.1102448,0.35024616,9.947849345220523e-10,2.0424178186905885e-08,False
olf413,6.086642,0.27680033,1.1530338175023277e-09,2.363629385644397e-08,False
su(sable),6.076936,0.7913187,1.2250089111129231e-09,2.5072612292871976e-08,False
mRpS5,6.07234,0.27494258,1.2605962845401478e-09,2.5760863419685136e-08,False
CG42271,6.06472,0.5716217,1.3218364046468262e-09,2.6970388753197665e-08,False
d4,6.052566,0.2960571,1.4255639926695e-09,2.9041722269267026e-08,False
Ran,6.050343,0.27196836,1.4453790543231504e-09,2.9399815439328477e-08,False
lncRNA:CR43334,6.045095,1.0106106,1.4932186295091538e-09,3.032595485587369e-08,True
Ccn,6.0276303,0.38979283,1.663812240223665e-09,3.37384148712021e-08,False
Rab35,6.0181413,0.25698635,1.764312845071526e-09,3.572121846570085e-08,False
FoxK,6.0158544,0.36533308,1.7894022917268619e-09,3.6173455558909176e-08,False
kek3,6.0100317,0.3451024,1.8548703138027004e-09,3.743931785463515e-08,False
br,6.0058365,0.46462843,1.9034777439656623e-09,3.836149931857178e-08,False
Gprk1,6.0036016,0.26427203,1.929882455131551e-09,3.8834081868956474e-08,False
X11Lbeta,5.999023,0.25064707,1.985084375931654e-09,3.988380535128736e-08,False
RpS27,5.996572,0.28968334,2.0152645558335644e-09,4.042836070786723e-08,False
Nrt,5.9923306,0.3717603,2.0685491056551005e-09,4.143404763461588e-08,False
Hsp27,5.9914885,0.6849876,2.0792907239760587e-09,4.158581447952117e-08,False
stau,5.989349,0.289573,2.1068264155173875e-09,4.207249103328036e-08,False
Smox,5.987302,0.2650779,2.133504939545529e-09,4.254059924981525e-08,False
Ca-Ma2d,5.986833,0.31464136,2.1396630863601364e-09,4.2598746901169994e-08,False
smal,5.968149,0.28592724,2.3995964908435023e-09,4.770150966669231e-08,False
mlt,5.946866,0.24551119,2.73325183773945e-09,5.4207711478043335e-08,False
Rlip,5.946753,0.31453237,2.735137953572506e-09,5.4207711478043335e-08,False
Spt5,5.944966,0.34990385,2.765142015184331e-09,5.4637542976724976e-08,False
CG30419,5.9425354,0.45339367,2.8064670972102896e-09,5.537083732333814e-08,False
Ae2,5.933423,0.2581706,2.9668293155620073e-09,5.8446982318567875e-08,False
CanB,5.9329405,0.28696662,2.9755676543598767e-09,5.8531375716001166e-08,False
CG32813,5.9300976,0.64385027,3.027547893512114e-09,5.946484203400475e-08,False
htk,5.9198194,0.6459731,3.2229514561090253e-09,6.32083315421979e-08,False
Frl,5.9183407,0.23970596,3.252057827888478e-09,6.368411305283845e-08,False
aPKC,5.9161944,0.23796608,3.2947582391980003e-09,6.442429057003233e-08,False
bnb,5.912381,0.67520463,3.3719750106764853e-09,6.58361837151397e-08,False
Paip2,5.8820243,0.28676283,4.05278574859507e-09,7.901128299189794e-08,False
Shab,5.8757787,0.25056288,4.208598764159654e-09,8.192738927564126e-08,False
Pp2B-14D,5.8727407,0.24030307,4.28648429603457e-09,8.33201237424471e-08,False
Cs1,5.8673954,0.24753696,4.4269375769713675e-09,8.592313110990216e-08,False
CLIP-190,5.866524,0.23128793,4.450249745548761e-09,8.624820303320165e-08,False
tyf,5.8648367,0.23546268,4.4957488266246555e-09,8.7001678323782e-08,False
Chchd2,5.855185,0.27960333,4.7647896873975815e-09,9.207255366530033e-08,False
CG30428,5.8537645,0.34404644,4.8056895476639465e-09,9.272652078752461e-08,False
CG10508,5.853475,0.32077628,4.814059111749183e-09,9.275181338472766e-08,False
Mp,5.838831,0.23527905,5.2568365352335244e-09,1.0113445398677673e-07,False
gcl,5.8255816,0.8121868,5.691402709079904e-09,1.09334841516535e-07,False
CG1998,5.8243904,0.49357173,5.732144583408327e-09,1.0995675887005171e-07,False
Su(var)3-3,5.8216157,0.7506272,5.8281363170480085e-09,1.1163514753062804e-07,False
Snap24,5.8210835,0.45929182,5.84673094292967e-09,1.1182830362459368e-07,False
TyrR,5.8026805,0.5834554,6.526299592790246e-09,1.2464473350183698e-07,False
Nulp1,5.7932944,0.49292147,6.901896211825121e-09,1.3162687405425557e-07,False
ND-18,5.792896,0.25360164,6.918311278610572e-09,1.3174871043614915e-07,False
CG34355,5.772742,0.26708907,7.799192458388824e-09,1.4830881172681497e-07,False
dpr8,5.758548,0.24748051,8.48407282218707e-09,1.6109930185482384e-07,False
shot,5.7576013,0.22329503,8.531765827912043e-09,1.6177114426950107e-07,False
tay,5.7494764,0.28925917,8.95203210469266e-09,1.6949524763063624e-07,False
fkh,5.7468576,0.5879718,9.091726429404805e-09,1.7189249680917864e-07,False
Fs(2)Ket,5.723501,0.24137057,1.0435075049622348e-08,1.9700702033338743e-07,False
qkr58E-1,5.7218137,0.34452757,1.0539283310799116e-08,1.9860629429783161e-07,False
Nep3,5.721641,0.4296406,1.0550014719930477e-08,1.9860629429783161e-07,False
osa,5.719789,0.24002282,1.0665647267646473e-08,2.0049585850768906e-07,False
Xrp1,5.7169647,0.29683945,1.0844356480951004e-08,2.0356406308528028e-07,False
ubl,5.7069745,0.99746287,1.1500212618410874e-08,2.1556746619959898e-07,False
GABA-B-R1,5.691286,0.25366583,1.2608612473921614e-08,2.3600736169135326e-07,False
NetB,5.671021,0.28095582,1.4194909557322382e-08,2.6456895260030655e-07,False
Snx27,5.670237,0.33293176,1.4260013792542761e-08,2.6540592242777887e-07,False
oaf,5.667211,0.37510052,1.4514065142129795e-08,2.697522149470799e-07,False
chb,5.658802,0.3245462,1.52433370282782e-08,2.8250697962140413e-07,False
gce,5.6560583,0.23180002,1.548889183063459e-08,2.866535755697726e-07,False
Pli,5.643651,0.32476333,1.6648136924274178e-08,3.076744292334215e-07,False
CG43689,5.638917,0.8850843,1.7112320510684638e-08,3.158088363910058e-07,False
dpr14,5.635454,0.22872497,1.7459748618339625e-08,3.2176871927767557e-07,False
CG4502,5.6101913,0.22642176,2.021030312586025e-08,3.7193751130784825e-07,False
S,5.609524,0.28027394,2.028840640784531e-08,3.728526716071152e-07,False
LIMK1,5.605813,0.36438158,2.072795171698316e-08,3.8039844352117144e-07,False
mnb,5.5917234,0.2263363,2.248267787797571e-08,4.1145179292005686e-07,False
klar,5.590484,0.21970163,2.2643726813575125e-08,4.1382276819245776e-07,False
Atg1,5.588225,0.22721416,2.294023861075262e-08,4.186593546462353e-07,False
Pde11,5.5721154,0.41147617,2.5166441117365124e-08,4.5865053575891503e-07,False
CG33774,5.5606546,1.0648111,2.687643243690133e-08,4.888526441777962e-07,True
Gyf,5.5605145,0.23516102,2.6898056449052252e-08,4.888526441777962e-07,False
ref(2)P,5.5583715,0.34973013,2.723032243665512e-08,4.942077856597352e-07,False
tara,5.55398,0.24638668,2.7923800570908013e-08,5.060948131058363e-07,False
CG33170,5.5532384,0.23757386,2.8042499143255838e-08,5.069075036405372e-07,False
Pp2C1,5.553218,0.2752136,2.8045795673262602e-08,5.069075036405372e-07,False
dpr17,5.5314007,0.31817096,3.1768406358680324e-08,5.734022796058509e-07,False
IA-2,5.5304832,0.19473618,3.193500915258676e-08,5.7561868349107e-07,False
Phm,5.5270753,0.3898977,3.256131741462294e-08,5.86103713463213e-07,False
LpR1,5.521186,0.25520116,3.367195184400189e-08,6.052660016828794e-07,False
OtopLc,5.507084,0.23089038,3.648260364307051e-08,6.548926391665935e-07,False
loaf,5.4923797,0.22390744,3.965532106877371e-08,7.108743776857934e-07,False
Tl,5.4800444,0.31645486,4.2521875600218483e-08,7.612226776387886e-07,False
l(1)G0196,5.473178,0.2597144,4.420364757967431e-08,7.902529648937693e-07,False
CG42795,5.466879,0.22442521,4.5802827783050194e-08,8.177298329745646e-07,False
Ip6k,5.4612703,0.22988161,4.7273980279539776e-08,8.428495262865028e-07,False
Saft,5.444447,0.2950886,5.1966538876691035e-08,9.25257887316694e-07,False
Ubi-p5E,5.438951,0.22492784,5.359512021452483e-08,9.529633012433779e-07,False
fz2,5.432064,0.22713782,5.570598472860639e-08,9.878227251469474e-07,False
cPges,5.4271107,0.22460064,5.727366356843361e-08,1.0128882090029847e-06,False
TM4SF,5.409459,0.27872524,6.321541691305964e-08,1.116465830964521e-06,False
akirin,5.405586,0.22831184,6.459695278477337e-08,1.1393341739488887e-06,False
E(Pc),5.404403,0.20714372,6.502459859878284e-08,1.1453394444879443e-06,False
DIP1,5.4028063,0.28610766,6.560636730327785e-08,1.1540397140094657e-06,False
Pka-R1,5.3913383,0.19845566,6.993478794556075e-08,1.2252574848062245e-06,False
hts,5.388742,0.20437424,7.095255521899902e-08,1.2414335227398762e-06,False
sqz,5.3810825,0.81279176,7.403915436440087e-08,1.2937160749311536e-06,False
LRP1,5.374796,0.45741406,7.666939251262878e-08,1.3378961721327252e-06,False
cact,5.370122,0.34967998,7.868349063474736e-08,1.3701854309948331e-06,False
plum,5.370019,0.32894087,7.872831053280814e-08,1.3701854309948331e-06,False
CG13995,5.365119,0.2662896,8.089594275632993e-08,1.4060485288600203e-06,False
Fili,5.3620877,0.51873624,8.226561439767034e-08,1.4279658826755459e-06,False
Nanp,5.3600645,0.28575763,8.319222683347902e-08,1.442144934817829e-06,False
GCS2alpha,5.357032,0.3096559,8.460032018994562e-08,1.464622143999849e-06,False
CG17321,5.356681,0.2573559,8.476470200844595e-08,1.4655370847249734e-06,False
Rcd1,5.353497,0.4942383,8.627036758440278e-08,1.4896092379225396e-06,False
acj6,5.344549,0.55556554,9.06424196777147e-08,1.563046449560592e-06,False
CG32700,5.341492,0.22846383,9.218458938637105e-08,1.5875563624337035e-06,False
MED6,5.3262815,0.67477524,1.002438020769823e-07,1.7218347180281667e-06,False
Rab5,5.3207664,0.20402677,1.0333086070024421e-07,1.7725424407326487e-06,False
DIP-theta,5.3200974,0.37095243,1.0371168772332962e-07,1.7767556410489585e-06,False
Atet,5.3067026,0.24143922,1.1162606470627781e-07,1.9073686479070097e-06,False
CG3198,5.3042583,0.21263301,1.131319116558288e-07,1.930588726178689e-06,False
l(3)psg2,5.2825384,0.32842585,1.2740601937876546e-07,2.168542868700749e-06,False
CG13784,5.2729006,0.21810368,1.3428427292035127e-07,2.2768531554399648e-06,False
CG12384,5.272894,0.2408695,1.3428928428203748e-07,2.2768531554399648e-06,False
CG2852,5.271836,0.2360341,1.3506571673159927e-07,2.287066388986101e-06,False
PRAS40,5.2713776,0.86773944,1.3540377035441714e-07,2.287131226148174e-06,False
FASN1,5.2713585,0.3610237,1.35417663161589e-07,2.287131226148174e-06,False
tau,5.269645,0.20139012,1.3668769717290632e-07,2.3056178958305376e-06,False
kud,5.2617207,0.8386351,1.427135221346695e-07,2.404173949807125e-06,False
Eip75B,5.2612514,0.25742388,1.4307806571830867e-07,2.4072289161825554e-06,False
CG14995,5.258094,0.3918766,1.4555630354261685e-07,2.445792619629137e-06,False
REPTOR,5.253796,0.2084135,1.4899591712079255e-07,2.497201978274508e-06,False
bma,5.251588,0.31423405,1.5079341697112565e-07,2.52410891592432e-06,False
pico,5.2465835,0.20781505,1.5494573039481526e-07,2.590314118814087e-06,False
CG32795,5.24073,0.52853113,1.599427766491769e-07,2.6704550002162445e-06,False
CG12594,5.1833234,0.35842186,2.1796659359011718e-07,3.6346206088504314e-06,False
cora,5.1758385,0.33921313,2.2688944439216144e-07,3.774974005630315e-06,False
sgg,5.175782,0.26089713,2.2695810231719548e-07,3.774974005630315e-06,False
Dek,5.1717105,0.20473263,2.319609567189212e-07,3.853308433990676e-06,False
Su(dx),5.168739,0.51922214,2.3567870138986508e-07,3.910123909422761e-06,False
Cdc37,5.1659217,0.4469798,2.3925683249949706e-07,3.964482697406546e-06,False
COX7C,5.1509523,0.27663916,2.591670889346088e-07,4.288986837028664e-06,False
Lnk,5.14865,0.50231075,2.623675948788749e-07,4.336490813469706e-06,False
mge,5.1419683,0.2669606,2.7187509850852923e-07,4.487988435178485e-06,False
CkIIbeta,5.134665,0.20254956,2.8264714704312243e-07,4.659954218502671e-06,False
Vha26,5.1324296,0.25568384,2.8602573012599556e-07,4.709746984781431e-06,False
CG5151,5.1298656,0.20460032,2.8994904013181816e-07,4.768373450978837e-06,False
Pka-C3,5.119333,0.5064705,3.066188086338225e-07,5.036213931810535e-06,False
CG43658,5.11734,0.2894397,3.0987421898353263e-07,5.083329884448963e-06,False
CG11537,5.1161747,0.24489494,3.1179424844515183e-07,5.1084494071936345e-06,False
Mapmodulin,5.1040826,0.19911943,3.324033920356529e-07,5.439328233310684e-06,False
Tao,5.098888,0.22921984,3.4165502715629327e-07,5.5837649960618074e-06,False
Atx2,5.097671,0.19638509,3.438580459102581e-07,5.612788476100362e-06,False
Psc,5.0882025,0.53318423,3.6147350257648725e-07,5.893004744237026e-06,False
CG1812,5.0765142,0.6439257,3.8442247166230757e-07,6.259369612940175e-06,False
Pp1alpha-96A,5.0758758,0.21713445,3.8571562358404504e-07,6.269074060520633e-06,False
Ald1,5.075749,0.2721968,3.8597267237147584e-07,6.269074060520633e-06,False
Df31,5.0751176,0.21156108,3.8725691199695027e-07,6.282167683506082e-06,False
CG9003,5.072512,0.22228879,3.9259768044807896e-07,6.360953786791316e-06,False
Pp2A-29B,5.0688787,0.3243378,4.001662434936297e-07,6.47559660037721e-06,False
CG17841,5.065998,0.21255685,4.062660468636355e-07,6.566218764807098e-06,False
Cirl,5.064432,0.2021246,4.09619885563356e-07,6.612291518799138e-06,False
Moe,5.0529404,0.21342239,4.350596384900236e-07,7.01433576657535e-06,False
CG31522,5.044992,0.3938255,4.5354070655748203e-07,7.303339318830041e-06,False
Gdi,5.0398536,0.2054406,4.6588788736943994e-07,7.492982668340808e-06,False
dpr1,5.0368757,0.18921016,4.7319224411136514e-07,7.601156586336599e-06,False
Ypel,5.0136356,0.5002023,5.341106489674951e-07,8.569247774643327e-06,False
CG12994,5.009899,0.7554325,5.445851423360373e-07,8.726644841823817e-06,False
CG42450,4.9980674,0.25232437,5.790781124550187e-07,9.268071129913454e-06,False
bru3,4.9794283,0.26802465,6.37724446088258e-07,1.0194281291483832e-05,False
CG13551,4.9781084,0.21338978,6.420867656322166e-07,1.0251543256874028e-05,False
mAChR-A,4.9682703,0.20402703,6.755275830796815e-07,1.0772369468042494e-05,False
CG1688,4.9652443,0.25773993,6.861466908149997e-07,1.0928445475526177e-05,False
CG15312,4.9390607,0.23381302,7.849986484439928e-07,1.2472650835010961e-05,False
orb,4.938114,0.54318994,7.888173769972909e-07,1.251818880887005e-05,False
Spar,4.9349766,0.19260213,8.016034888788307e-07,1.2690445595021488e-05,False
CG8910,4.9325566,0.3362769,8.116030164095414e-07,1.2833289573551594e-05,False
eEF1alpha1,4.9319863,0.17506742,8.139753456874312e-07,1.2855331781650054e-05,False
S6kII,4.9295096,0.3374485,8.24361726040752e-07,1.3003737191087011e-05,False
Hsp70Ab,4.9140816,0.5423133,8.919955521357725e-07,1.4053742871779437e-05,False
Gug,4.879607,0.2034316,1.0629741246340058e-06,1.6727520955318368e-05,False
PIP5K59B,4.8702054,0.19198705,1.1148232983115147e-06,1.7522461889728833e-05,False
Arglu1,4.8677096,0.21007521,1.1289891360901968e-06,1.772391546980309e-05,False
hig,4.861317,0.21660042,1.1660727982007366e-06,1.8284244114985296e-05,False
CG31140,4.849418,0.26272342,1.2382410925807237e-06,1.939271508523327e-05,False
SK,4.8461013,0.23721193,1.259113240593921e-06,1.9696128549290623e-05,False
Mtmr6,4.845536,0.19872172,1.2627008775955272e-06,1.9728762819982434e-05,False
CG6051,4.8413124,0.3217564,1.289845564776756e-06,2.0128943849366476e-05,False
Kdm5,4.836359,0.21076606,1.3223908916525363e-06,2.0612356247110708e-05,False
CG31760,4.8344264,0.2517311,1.335300352430725e-06,2.0788917809170297e-05,False
qkr54B,4.825533,0.34385556,1.3962925564976602e-06,2.1712762357845273e-05,False
nrv2,4.8181853,0.2580586,1.448697898030462e-06,2.2501052458771007e-05,False
CG4678,4.803772,0.19611098,1.5570404565055352e-06,2.415526753067619e-05,False
CG1648,4.801532,0.24802332,1.5745662101577656e-06,2.4398349058340848e-05,False
CG17378,4.792323,0.34145123,1.6486091564176941e-06,2.5515576343143114e-05,False
Orp8,4.7887993,0.18715957,1.67782259886131e-06,2.5915081623624128e-05,False
Fis1,4.7884774,0.21730159,1.6805146251030196e-06,2.59177959787015e-05,False
salr,4.7862935,0.8870412,1.6988960512919163e-06,2.6170567542761758e-05,False
NUCB1,4.777383,0.21240726,1.7759134726694321e-06,2.732494500102616e-05,False
g,4.76667,0.28181314,1.872955245412062e-06,2.8751470635011777e-05,False
CG30172,4.762588,0.2067873,1.9112573421444774e-06,2.930445913159677e-05,False
tok,4.7591615,0.43041825,1.943988542556176e-06,2.9771572784601572e-05,False
beat-VII,4.75662,0.18366656,1.9686143441628925e-06,3.0081909892654672e-05,False
Atf6,4.752024,0.17903985,2.0139025538993992e-06,3.073481946369118e-05,False
CG40228,4.7490206,0.19771382,2.044043415036705e-06,3.1158620038958594e-05,False
Mgat2,4.7380047,0.24838041,2.1583285207936502e-06,3.28245795870701e-05,False
CG34126,4.7374277,0.31492132,2.1644787301226164e-06,3.2842090662599513e-05,False
Set8,4.731992,0.38464624,2.2232730931775395e-06,3.369528078933433e-05,False
Hers,4.727937,0.17488693,2.2681236611712884e-06,3.433542040068056e-05,False
Naa30A,4.7192955,0.46812686,2.366629620435961e-06,3.578540070486597e-05,False
myd,4.718027,0.60913956,2.3814277478584896e-06,3.59677708124834e-05,False
alphaTub84D,4.7166734,0.20565881,2.3973224176995334e-06,3.616626471707448e-05,False
CG17778,4.711311,0.23302574,2.461284582518135e-06,3.708862318152327e-05,False
Rab3,4.709399,0.208687,2.4844825280283255e-06,3.739530403011706e-05,False
Hmt4-20,4.6944366,0.22910891,2.6734276516820184e-06,4.0147244963544824e-05,False
nocte,4.686161,0.24103779,2.7837742307518216e-06,4.1756613461277326e-05,False
nAChRalpha7,4.6801276,0.22401932,2.86696429809499e-06,4.29554285940344e-05,False
Hsp26,4.6769304,0.42202812,2.9120108461071725e-06,4.3580663459963834e-05,False
Lcch3,4.6733856,0.22288208,2.962746406503131e-06,4.4289519660353976e-05,False
G9a,4.670221,0.175295,3.008759053838356e-06,4.492624314481363e-05,False
Tomosyn,4.6690845,0.24108933,3.0254494840489507e-06,4.512418413212624e-05,False
Alk,4.6644444,0.24254118,3.0945199256670727e-06,4.610203154565231e-05,False
bab2,4.6574645,0.5332131,3.201274897722229e-06,4.763845091287666e-05,False
CG7378,4.6482854,0.20345406,3.347056422279571e-06,4.9751494783657884e-05,False
Pdfr,4.64084,0.5073028,3.4699572708559717e-06,5.1461894513597594e-05,False
CG12099,4.6340604,0.3896868,3.5856224190352367e-06,5.3117337752111625e-05,False
Cnx99A,4.629008,0.21804594,3.674218376996871e-06,5.436850165961586e-05,False
bves,4.6206126,0.26486635,3.8260870411590105e-06,5.655206267809832e-05,False
Hsp67Ba,4.618499,0.5139225,3.865263004219073e-06,5.706691671397598e-05,False
CG34384,4.6122513,0.18217728,3.983306393455094e-06,5.8743710448933715e-05,False
ogre,4.6043644,0.8331174,4.137272247836385e-06,6.094591629660325e-05,False
CG3719,4.595033,0.26381946,4.326807895441381e-06,6.366657978286646e-05,False
l(1)G0320,4.592642,0.22700013,4.376696688925003e-06,6.432862918621314e-05,False
Ref1,4.591906,0.22338174,4.39216318719087e-06,6.448382601082463e-05,False
Calr,4.590167,0.2123299,4.428915597972816e-06,6.495083812205671e-05,False
Tina-1,4.5871167,0.1886405,4.494089715240016e-06,6.583315368813133e-05,False
puc,4.5739307,0.22639526,4.786576791334629e-06,7.003966485315927e-05,False
CG1737,4.5650682,0.27650622,4.993315604922985e-06,7.298350061033151e-05,False
nuf,4.564543,0.35073766,5.005837806890173e-06,7.308523198059653e-05,False
Pis,4.549414,0.17879245,5.379544449623799e-06,7.844946184844967e-05,False
Mhcl,4.5491934,0.20777586,5.385191368896621e-06,7.844946184844967e-05,False
sol,4.5474663,0.25464135,5.429556117295119e-06,7.900815878323129e-05,False
dpr6,4.5408306,0.16432258,5.603301396602741e-06,8.144621720283188e-05,False
oys,4.5320487,0.46855658,5.841440986542765e-06,8.481385034604633e-05,False
Ca-alpha1D,4.529979,0.18023463,5.898946984424198e-06,8.555426421118539e-05,False
Plc21C,4.5259023,0.18753195,6.013835921537091e-06,8.712437046195961e-05,False
Ten-m,4.5197597,0.17166941,6.1909936548494095e-06,8.959213284660929e-05,False
AhcyL1,4.5139523,0.29805046,6.363060778894858e-06,9.198087858600489e-05,False
Sfxn2,4.5095377,0.26201537,6.496899021724397e-06,9.381236609391053e-05,False
l(3)neo43,4.50053,0.33540794,6.778428510167996e-06,9.777008850011797e-05,False
Ttd14,4.495039,0.1898826,6.955716432843677e-06,0.00010021723018373455,False
Dscam3,4.4937916,0.23204122,6.9966181237068615e-06,0.00010069612502246238,False
pix,4.4910784,0.22063185,7.086342305052291e-06,0.00010187586202230537,False
CG15765,4.4886327,0.20396793,7.16817803419629e-06,0.00010288023594396332,False
Hipk,4.488523,0.20230925,7.171864240842496e-06,0.00010288023594396332,False
syd,4.4865255,0.2225846,7.239398681544817e-06,0.00010373576736695627,False
Edc3,4.4855194,0.19794007,7.2736563136877464e-06,0.00010411311978415793,False
corto,4.4840183,0.18643372,7.325039648370046e-06,0.00010473451684394169,False
CG42322,4.473417,0.18230845,7.697954845819926e-06,0.00010994687681964546,False
CG2246,4.471161,0.2968979,7.779615460047245e-06,0.00011099255933227014,False
CG2021,4.454502,0.62848675,8.408812485546095e-06,0.00011983925819964826,False
Su(z)2,4.4487495,0.28801098,8.637170458497674e-06,0.00012296036817406223,False
Helz,4.4460588,0.18195587,8.746000611668708e-06,0.0001243749437633407,False
regucalcin,4.440852,0.8702806,8.960332079708764e-06,0.00012728514975932233,False
Sytbeta,4.4320836,0.4120319,9.33267369611281e-06,0.0001324312444567196,False
ZAP3,4.431137,0.2115827,9.373738578016974e-06,0.0001328704691641241,False
m-cup,4.4296994,0.85626686,9.436446035502494e-06,0.00013361519494235212,False
Dcp-1,4.419858,0.7663332,9.876579108502432e-06,0.00013969671634631,False
Rcd-1,4.401621,0.33970898,1.0744507502017013e-05,0.0001518094930930146,False
kek5,4.3926163,0.32555428,1.1199459589359881e-05,0.00015806756069193216,False
ND-15,4.3889384,0.17680946,1.1390538360857461e-05,0.0001605919249588702,False
grp,4.3879232,0.215682,1.144381048945311e-05,0.00016117006412798914,False
CG15922,4.3765464,0.68597007,1.205745042647534e-05,0.0001696305124238608,False
PIG-T,4.3745317,0.3203034,1.2169331464151702e-05,0.00017102140688658114,False
Atg18b,4.3691163,0.42052352,1.2475021484778007e-05,0.00017475669755861726,False
usp,4.357683,0.41077748,1.3144650015507918e-05,0.00018355016068413818,False
L2HGDH,4.3500786,0.578059,1.3608875157255545e-05,0.000189830806333692,False
lolal,4.3471465,0.17376387,1.3792000823490889e-05,0.00019218122038247112,False
Klp10A,4.3389397,0.24913222,1.4317184373495299e-05,0.00019928792655479687,False
Gtpx,4.3380136,0.35858485,1.4377621927984598e-05,0.00019991740966530965,False
Bili,4.334048,0.2541002,1.4639227837205145e-05,0.00020312508318994256,False
CG9123,4.3230715,0.5874086,1.5387178699687416e-05,0.00021327798324250277,False
CG31145,4.31533,0.26105762,1.5936458234000754e-05,0.00022065865247077968,False
Vsp37A,4.3114705,0.38512516,1.6217242234326514e-05,0.00022428246726304091,False
sni,4.311265,0.72204465,1.62323155530557e-05,0.00022428246726304091,False
CG14535,4.3100224,0.41583958,1.632379430642612e-05,0.00022530951385130169,False
Mbs,4.3065805,0.16129607,1.6579760586517245e-05,0.00022860236527474982,False
NfI,4.3012867,0.17561872,1.698092678612242e-05,0.0002338882368654598,False
Sap-r,4.300393,0.24889019,1.7049536693447932e-05,0.00023458734256744066,False
SNF4Agamma,4.2954245,0.19190708,1.743594265193191e-05,0.00023965301929538212,False
Ubc6,4.2868767,0.18658352,1.8120271953865998e-05,0.0002487987183634266,False
CG42240,4.286163,0.35658932,1.817855670858562e-05,0.00024933845005304284,False
l(1)G0469,4.284361,0.34374538,1.832653218073978e-05,0.000251105977950908,False
CG13907,4.2818565,0.37159693,1.8534029655197283e-05,0.0002536845309055128,False
cnc,4.2757483,0.33298486,1.904965121987562e-05,0.0002604707773456458,False
tko,4.273165,0.24727826,1.927174454354122e-05,0.0002632336001061659,False
Dg,4.269862,0.21526594,1.9559395903239446e-05,0.0002668852151283139,False
DIP-beta,4.264784,0.43888703,2.0009592094542992e-05,0.0002727448548986462,False
crq,4.2623158,0.38262954,2.0231939996128502e-05,0.00027548983580220573,False
raskol,4.2473736,0.18034445,2.1629117013680543e-05,0.00029390547834515235,False
prtp,4.242504,0.3265121,2.2103949891651056e-05,0.0003000474189837757,False
Mid1,4.2255836,0.2142845,2.3832250798162787e-05,0.00032317417491007126,False
eEF1gamma,4.2193823,0.23703435,2.4497248965938238e-05,0.000331849331353019,False
Cul1,4.216394,0.23750989,2.4823993704435465e-05,0.00033592922479534705,False
tud,4.214152,0.18241279,2.50718635494221e-05,0.00033893445168663204,False
Cbl,4.211057,0.19819777,2.5417831228433883e-05,0.00034325827578789435,False
VGlut1,4.2062254,0.18790025,2.5967118299278787e-05,0.0003499568558487418,False
lncRNA:CR44024,4.2062254,0.27534285,2.5967118299278787e-05,0.0003499568558487418,False
Ras85D,4.205969,0.1600384,2.5996618277070684e-05,0.00034999545508269345,False
Octbeta1R,4.2048373,0.14990956,2.6126994967895688e-05,0.0003513906999776349,False
ND-B14.5B,4.199162,0.16401395,2.6790487249563416e-05,0.0003599458102855453,False
dco,4.1973047,0.14505625,2.7011040029418107e-05,0.00036253837179423286,False
CG43795,4.195547,0.21439527,2.7221392613539064e-05,0.00036498887647132993,False
didum,4.191499,0.2905305,2.7711736868416866e-05,0.0003711847323659507,False
stv,4.1882625,0.14782016,2.8109835011238303e-05,0.00037613363752308685,False
LpR2,4.1851406,0.29818615,2.8498975259876912e-05,0.0003809527313476934,False
lilli,4.1803308,0.13837111,2.9108510677068775e-05,0.0003883104876108464,False
ND-AGGG,4.17522,0.4334582,2.9769795078386395e-05,0.00039600362856920815,False
Spf30,4.1751823,0.14584784,2.977471980989574e-05,0.00039600362856920815,False
Bckdhb,4.1751757,0.5980676,2.9775615298811087e-05,0.00039600362856920815,False
crp,4.1692624,0.13253246,3.055872808770298e-05,0.0004060077725706948,False
CG15760,4.1663456,0.15843503,3.095212744830501e-05,0.0004108191461320484,False
mRpS14,4.160441,0.28445226,3.176340674909982e-05,0.00042116161925648,False
Sem1,4.1582704,0.3849162,3.2066627324093186e-05,0.0004247535111276053,False
scyl,4.153163,0.18129812,3.279108789601943e-05,0.0004339122809201362,False
na,4.1520815,0.22540706,3.294650851409599e-05,0.0004355303036974057,False
Evi5,4.1497397,0.17487085,3.328532540086344e-05,0.00043956701082145287,False
CG40472,4.1299577,1.1475099,3.6283033123826725e-05,0.00047867375024807546,True
CG42324,4.128811,0.23833863,3.646444184613836e-05,0.00048058451941650757,False
PDZ-GEF,4.126524,0.30589887,3.682875010529401e-05,0.0004848995755346325,False
CG11367,4.122307,0.79658383,3.750972988095667e-05,0.0004933712218576282,False
l(2)k09913,4.114444,0.16082607,3.8811422644020596e-05,0.0005099264101282592,False
Not1,4.1142383,0.16396806,3.8845992126209094e-05,0.0005099264101282592,False
CG10433,4.113266,0.61803055,3.90100179425818e-05,0.0005115684987679889,False
qvr,4.1126294,0.22834513,3.911779931680956e-05,0.0005124704716080534,False
Uhg1,4.1098804,0.39543402,3.958636599257828e-05,0.0005180924792255763,False
Hou,4.1068425,0.26847833,4.0110435718024995e-05,0.0005244289804326851,False
MAPk-Ak2,4.0978074,0.5563867,4.1708249572630934e-05,0.0005447777329864518,False
Tom5,4.087115,0.1806073,4.367707707061608e-05,0.0005687976141802727,False
CG5973,4.0858464,0.8608553,4.391637745356465e-05,0.0005713477225146927,False
exd,4.0804467,0.16115837,4.494925109958729e-05,0.0005842068837275736,False
tun,4.079175,0.16355476,4.5195822030050884e-05,0.0005868311279395935,False
CG12239,4.0760736,1.389272,4.580253975111182e-05,0.0005941217890716774,True
SCaMC,4.074475,0.21337135,4.61182827677935e-05,0.0005976274512512885,False
lark,4.0728097,0.16592686,4.644940444341568e-05,0.0006013252949620513,False
CNMaR,4.066648,0.5350006,4.769422717708255e-05,0.0006168328199870716,False
AP-1-2beta,4.066066,0.2575769,4.7813414593681046e-05,0.0006177662416528702,False
Nop17l,4.064611,0.32703447,4.811261981098363e-05,0.0006210214384246806,False
Proc,4.064142,0.52197754,4.8209447232177106e-05,0.0006216605855061895,False
Nedd4,4.063781,0.20034195,4.828413729579729e-05,0.0006220132981046828,False
ND-B15,4.0619087,0.15933944,4.8673155106406675e-05,0.0006257977085109429,False
Eaat1,4.0549955,0.7584235,5.013528223471042e-05,0.000643966381783084,False
CG6356,4.050725,0.7925195,5.105917705416632e-05,0.0006551929555583451,False
GluClalpha,4.050347,0.22086899,5.1141786395103215e-05,0.0006554626006899488,False
CG42748,4.0501723,0.14494838,5.1179956492228885e-05,0.0006554626006899488,False
CG5065,4.0497136,0.15989266,5.1280375260723866e-05,0.0006561091829853082,False
CG42232,4.0469217,0.32793716,5.1895543649799485e-05,0.0006633340890645576,False
sxc,4.046044,0.15025799,5.209047452252566e-05,0.00066517865425266,False
Nt5b,4.0394354,0.42953178,5.358000757368747e-05,0.0006835352422507315,False
hbn,4.0351734,0.7044748,5.456193374308496e-05,0.0006953868180253506,False
wit,4.0281405,0.34170088,5.621968468981586e-05,0.0007158204038993996,False
Ac78C,4.0164933,0.78966653,5.9070504365479254e-05,0.0007513905395570158,False
larp,4.0142703,0.14938565,5.96300293961482e-05,0.0007577742613785177,False
CG46385,4.0140047,0.15523644,5.969712750991719e-05,0.0007578939666476444,False
Trp1,4.005832,0.13473037,6.179955711980679e-05,0.0007838283596083602,False
CG12848,4.0034666,0.28743863,6.242101178950412e-05,0.0007909470539190783,False
Cals,4.0004663,0.21371031,6.321781079401354e-05,0.0008002717088953159,False
ITP,3.997293,1.556481,6.40709891479027e-05,0.0008102914315721285,True
Parp1,3.9923003,0.1397918,6.543543965471937e-05,0.000826751612560589,False
CG18265,3.9906588,0.3670628,6.588999456264141e-05,0.000831695032231612,False
CG7518,3.9847813,0.2684917,6.754230077292254e-05,0.0008517330442957795,False
Sidpn,3.983982,0.7964784,6.777000820940826e-05,0.000853785146569151,False
CG32069,3.980672,0.68516207,6.872077541161712e-05,0.0008649338974220775,False
CG15891,3.978457,0.30169168,6.936394639721066e-05,0.0008721935460855006,False
Dscam2,3.9750988,0.20163397,7.035001475625179e-05,0.0008837468392898169,False
crol,3.9715235,0.16665982,7.141448062482324e-05,0.0008962619631424808,False
CG17065,3.9700754,0.14392783,7.18498858779029e-05,0.0009008659355301948,False
mnd,3.9660618,1.2407874,7.306993569727539e-05,0.0009152897569706372,True
RhoGAP100F,3.9595885,0.17882526,7.507899691018705e-05,0.0009395600184760552,False
Gbs-76A,3.9573858,0.21924815,7.577450483495881e-05,0.0009464610204670711,False
CG7139,3.9539523,0.6222579,7.687072891473466e-05,0.0009592415744915607,False
CG2063,3.953172,0.4574591,7.712200370226604e-05,0.0009614640689257835,False
Pgi,3.9515612,0.16190606,7.764299043195872e-05,0.0009670416059487561,False
hppy,3.9512994,0.13767296,7.772801308399054e-05,0.0009671837991701096,False
ND-B16.6,3.9382417,0.16714703,8.20808741967128e-05,0.0010194165283032193,False
CG3662,3.9319808,0.26113707,8.424879903248986e-05,0.0010453533704314604,False
Mpped,3.928703,0.59882486,8.540519785334888e-05,0.0010577043353374217,False
zld,3.9254477,0.29660678,8.656858101089608e-05,0.001070095159438546,False
rdx,3.920751,0.1317546,8.827339502698921e-05,0.0010901432430964644,False
Atxn7,3.9200716,0.44861543,8.852265700468617e-05,0.00109219503571979,False
Dop1R1,3.9173589,0.14553373,8.95244636162187e-05,0.0011035191856633337,False
CG13743,3.9156625,0.18861762,9.015626107064277e-05,0.0011102654831005117,False
msl-1,3.912652,0.3885143,9.128807083468047e-05,0.001123150983864889,False
CG15097,3.9082754,0.64711356,9.295730277695518e-05,0.0011426182960609832,False
CG12851,3.9069164,0.20056774,9.348147074826479e-05,0.0011479874071328967,False
lncRNA:CR44997,3.9058776,0.69570327,9.38840698975107e-05,0.0011518549752131564,False
witty,3.902456,0.62282246,9.522153416463863e-05,0.0011671744019807384,False
Mdh1,3.8894053,0.16658296,0.00010049019222282973,0.0012306068274072531,False
Invadolysin,3.8889997,0.25653893,0.00010065828112693115,0.0012315175176982078,False
Fas3,3.8886778,0.14957874,0.00010079180620280564,0.0012320040311673173,False
Zdhhc8,3.8884313,0.1196754,0.00010089419378842483,0.0012321093925463777,False
Brd7-9,3.8872418,0.30970845,0.00010138973799581932,0.0012370112880826982,False
Dad,3.8823433,0.3383495,0.00010345469369507747,0.0012599540215169325,False
Septin4,3.8731658,0.13667586,0.00010743069558798406,0.0013070734629871395,False
SkpA,3.8685,0.15083617,0.00010950692797514676,0.0013311017887080744,False
hbt,3.861914,0.14042266,0.00011250223560817766,0.0013662471126538397,False
Nmdar1,3.857248,0.30949128,0.00011467075761679602,0.0013912961727467219,False
Cyt-b5,3.8519301,0.18596716,0.00011719042206082392,0.0014205554851284374,False
Ubc2,3.8495836,0.32802993,0.00011831877575791038,0.0014329112566441866,False
CG4829,3.848656,0.8385664,0.00011876766914852435,0.0014370231792003776,False
mtt,3.848353,0.2630308,0.00011891461099910227,0.0014374774503479336,False
CG42340,3.8464205,0.13714243,0.000119855925742128,0.0014475246914076856,False
RpL30,3.8405757,0.14547354,0.00012274616345677982,0.0014810694103049465,False
CG10375,3.8367262,0.38079795,0.00012468532219274818,0.0015012335001462764,False
CG34220,3.836579,5.041826,0.00012476004430439375,0.0015012335001462764,True
rgn,3.8325603,0.14496854,0.00012681651532698367,0.0015245828100609014,False
CG7766,3.829197,0.25801235,0.00012856205478164323,0.001544154844452278,False
slim,3.8215258,0.3352234,0.00013262857870425832,0.0015915429444510998,False
Tmem214,3.8157303,0.15332852,0.00013578074172379973,0.001627882250228767,False
alpha-Man-Ia,3.8147,0.1405842,0.00013634850546063288,0.0016331990535576263,False
Usp2,3.8129902,0.12207677,0.0001372956295523855,0.001643046058577728,False
Trf4-1,3.8061934,0.1737209,0.00014112205070280625,0.0016873009519880564,False
nord,3.8059075,0.80774397,0.00014128515083408925,0.0016877153472363027,False
fmt,3.8037288,0.12588564,0.00014253427048008038,0.0017010902035497332,False
Crtc,3.7982635,0.13047555,0.00014571328812071975,0.0017374524554503244,False
Aef1,3.793805,0.3170663,0.00014835621270282683,0.0017673623163328598,False
bol,3.7839205,0.2514724,0.00015437708744565508,0.0018357601167745773,False
CG15916,3.7821388,0.6436274,0.00015548658487257977,0.001847281849209492,False
TBC1D16,3.781278,0.1465177,0.0001560253673744586,0.0018520084257456063,False
Su(Tpl),3.7767594,0.12285629,0.0001588821036899915,0.00188421556181091,False
mirr,3.7762134,0.6140325,0.00015923060681978065,0.0018866457832388797,False
lncRNA:CR45333,3.768234,1.0162417,0.0001644065650220546,0.001946218256207025,True
msk,3.763267,0.481353,0.0001677079957595196,0.001981729374352597,False
Mekk1,3.758247,0.8193682,0.00017110799004471194,0.0020200889390723405,False
lncRNA:CR43264,3.751108,2.0454683,0.0001760548990795699,0.0020766260088918745,True
zip,3.744823,0.13028051,0.00018052100101445689,0.0021273954738385325,False
CG13293,3.7381787,0.16443194,0.00018535822385591836,0.0021824436034648454,False
Vha36-1,3.7372868,0.1792091,0.0001860166207112232,0.0021882349114999756,False
lovit,3.734937,0.97846127,0.00018776225077711566,0.0022048221404926717,False
Atg17,3.7327154,0.12008524,0.00018942667487581257,0.0022223808105965867,False
pnut,3.725198,0.15887722,0.0001951619561070214,0.0022876254266246754,False
Drep3,3.7238066,0.402359,0.0001962413491185486,0.00229822756454343,False
bif,3.7187574,0.14679451,0.00020020525460146414,0.002342561928284273,False
Arf6,3.717513,0.18763378,0.00020119361085266192,0.002352032069932364,False
side,3.7164981,0.13625409,0.00020200318663138282,0.0023593972198545513,False
z,3.7109919,0.46246198,0.00020644869859123992,0.0024091793068285014,False
Shal,3.7098982,0.11913981,0.00020734259005130681,0.0024174637384863987,False
CG15209,3.7037656,0.5038083,0.000212422530389205,0.0024744964976189305,False
Sema1a,3.7026598,0.19499402,0.00021335076845928726,0.0024831081466386486,False
sbm,3.70197,0.1619551,0.0002139317674161177,0.002487666746767953,False
cnn,3.6969569,0.17087105,0.00021819931597400936,0.002535047755878411,False
CG17059,3.6956973,0.21345627,0.00021928416324666113,0.002545400976202409,False
CG31345,3.6895647,0.2835411,0.00022463813755526293,0.0026029498478625703,False
lncRNA:CR45102,3.6880243,0.32474464,0.00022600213417110527,0.002616447614985307,False
NAT1,3.684322,0.14168288,0.00022931213230460235,0.002652430826128939,False
Ank2,3.678525,0.21742325,0.00023458673380590054,0.002711055129471885,False
Src64B,3.6722178,0.27135086,0.00024045461981391176,0.0027764268052326894,False
Axn,3.6717625,0.23194617,0.00024088347578667574,0.002778936674132501,False
Smg5,3.6691694,0.1342451,0.00024333973413644055,0.002804810619783183,False
Dlic,3.6668983,0.11398518,0.00024551047360358587,0.0028273511158204367,False
CG7220,3.6647656,0.11474878,0.00024756523475842694,0.002848517674891182,False
plx,3.6611044,0.18016796,0.00025113028934359825,0.00288700962552483,False
CG42813,3.6561632,0.23100568,0.00025601842153318087,0.002939749565268919,False
robo3,3.6560159,0.27611893,0.00025616539210296136,0.002939749565268919,False
brat,3.6551106,0.13476378,0.00025707117351372264,0.0029475699999740976,False
Mgat4a,3.648562,0.23724745,0.00026371221150827616,0.0030210797377669997,False
Akt,3.6465971,0.33686364,0.0002657360285359077,0.0030389655482696495,False
Tim8,3.6455257,0.13112618,0.00026684573357120203,0.003049002555761387,False
CG3655,3.6451063,0.22908244,0.0002672812246612097,0.003051325188573671,False
Chro,3.6271107,0.21199712,0.00028661029665668714,0.0032691486962403375,False
CG31191,3.6210485,0.42849347,0.00029341159914812666,0.0033438234282796046,False
CG9240,3.6139026,0.4088662,0.0003016224468682998,0.0034344185024692015,False
simj,3.611876,0.12372756,0.00030398985695248993,0.0034583781128620936,False
dome,3.6065788,0.39466026,0.00031026076618779894,0.003526666494556815,False
MSBP,3.6055381,0.1929015,0.00031150680817408323,0.0035377696278370385,False
CG17168,3.6044564,0.35294798,0.0003128070012631919,0.0035494680454217107,False
fz,3.603965,0.11549654,0.0003133991129845113,0.003553118502688937,False
CG43347,3.6024282,0.11896444,0.00031525856815009295,0.0035711186081829496,False
CG8188,3.5987551,0.13068576,0.00031974412633933483,0.0036188094919025493,False
Shaw,3.5965934,0.1585447,0.00032241189604825023,0.0036458625766557728,False
Mgstl,3.5940483,0.6348088,0.00032557950998023284,0.0036785165615995353,False
PI31,3.591558,0.17895226,0.00032870713076553606,0.00371066297101301,False
Adk3,3.5894303,0.21269335,0.000331401290832753,0.003737865203040665,False
tbc,3.5854578,0.12156649,0.0003364873782254181,0.0037887267779622914,False
Vha100-1,3.5797958,0.11148054,0.00034386264800135544,0.0038684547900152484,False
CG8861,3.5710018,0.12010655,0.00035561841431542955,0.003997284828147771,False
nAChRalpha5,3.5675035,0.25067505,0.00036039876152708754,0.0040475553217657525,False
Spt6,3.5651464,0.21447478,0.0003636529851078895,0.004080615050655566,False
CG3907,3.5587418,0.16269143,0.00037263565995122015,0.0041778434912619735,False
Spred,3.556746,0.17362742,0.0003754767580663273,0.00420610792923405,False
metro,3.545388,0.16836262,0.0003920354921572319,0.004387858915626939,False
shep,3.5324125,0.1384628,0.00041178638814155555,0.004601082602193911,False
Ndfip,3.5321405,0.25656575,0.0004122104147518307,0.004601907264094355,False
stas,3.5311854,0.1944771,0.0004137017372607469,0.004614635677085072,False
Hrb87F,3.5302098,0.25658524,0.00041523033299081585,0.004627757909668634,False
snama,3.5299547,0.25043896,0.00041563078205790623,0.00462829531884821,False
l(1)G0289,3.5278666,0.15817045,0.0004189232198531511,0.004661008559585441,False
HUWE1,3.5269012,0.13749889,0.00042045351597958327,0.004674077157336484,False
Gs1l,3.5254104,0.14015697,0.0004228270516375436,0.004696489821231887,False
ome,3.5215664,0.46740943,0.00042900541409537625,0.004761090490889564,False
alphaTub84B,3.5198615,0.23203391,0.0004317721291085219,0.00478775171011475,False
HSPC300,3.5168388,0.9446841,0.00043671876567133504,0.004838519882733004,False
Flo1,3.5125582,0.13675348,0.00044381473471792935,0.004912995462673624,False
Piezo,3.5105455,0.3967154,0.00044718841160148044,0.004946174855592132,False
oc,3.5086303,0.57883704,0.0004504207780011206,0.004977736772863519,False
Lrp4,3.5064976,0.13502601,0.0004540456503020491,0.00501357970165456,False
Prps,3.5006883,0.11115164,0.00046405804399718203,0.005119834339313998,False
CG6765,3.4983795,0.23756514,0.00046809454260173937,0.005160035478009107,False
MFS17,3.4919217,0.12480291,0.00047955877064138284,0.005281980089042557,False
tty,3.488165,0.11858073,0.0004863482088489231,0.005352274258186641,False
CG34353,3.4855547,0.10640514,0.0004911179058125365,0.005395726824729707,False
Pka-R2,3.4846013,0.117361926,0.0004928708674444184,0.0054104621539011345,False
CG4101,3.4795606,0.16922487,0.0005022365960436367,0.0055086718464218585,False
tsr,3.4778988,0.10912212,0.0005053607789934889,0.005538315793139653,False
Sema2a,3.4769642,0.29365677,0.0005071254773723726,0.00555302397722748,False
Pcl,3.4699638,0.32470474,0.0005205283878524275,0.005690302010300247,False
Tnpo,3.468254,0.11440243,0.0005238519030348185,0.005721873654096022,False
Optix,3.460985,0.66523623,0.0005382029606268745,0.005873743274615557,False
AdipoR,3.4526222,0.14837722,0.0005551660727731151,0.006048824374990657,False
faf,3.4463544,0.11734444,0.0005682047913926088,0.006185758872327158,False
CG2258,3.4445229,0.10634725,0.0005720680730995315,0.00622266099381444,False
Not3,3.4421644,0.10487622,0.000577079438606525,0.00627198000272104,False
elB,3.4317632,0.15932083,0.0005996710919945141,0.006506753219494563,False
CG13594,3.4252763,0.262126,0.0006141746186564313,0.006653136429633559,False
Cmpk,3.4216511,0.123071484,0.0006224212674709513,0.006736915530945881,False
Polr2F,3.4207149,0.17315248,0.0006245677445581474,0.006750006646463813,False
mts,3.4206755,0.16715237,0.0006246581493226786,0.006750006646463813,False
CG32206,3.4185154,0.10613279,0.0006296373217422874,0.006798220548638994,False
CG33639,3.4122972,0.28609464,0.0006441780856718626,0.006943301088371607,False
ND-MNLL,3.4120936,1.392714,0.0006446596139888401,0.006943301088371607,True
pasha,3.4042358,0.607494,0.000663494529491788,0.007140309678560274,False
Cul3,3.3986852,0.25749573,0.0006771061831626873,0.0072808308074940355,False
Tmtc3,3.3935041,0.71387565,0.0006900450393885852,0.007413893554837293,False
ChT,3.3918798,0.18113054,0.0006941486022609542,0.00745188940662495,False
eIF3j,3.390194,0.15677258,0.0006984318107949358,0.007491750199057515,False
GlyRS,3.386973,0.63829005,0.0007066839413809821,0.0075740840046868724,False
Dyrk2,3.375327,0.08185228,0.0007372797340213114,0.007882714161952832,False
AcCoAS,3.3745809,0.11765724,0.0007392816610251764,0.007897691890951885,False
ewg,3.3662763,0.10738382,0.0007619032927843002,0.008132745139874659,False
CG12576,3.3608198,0.17377561,0.0007771149055137598,0.008288384625365911,False
nAChRalpha2,3.3591065,0.21361037,0.0007819490535405976,0.008333179694666222,False
CG3168,3.3562584,0.81258696,0.0007900468530475955,0.008412654496795303,False
Jupiter,3.3509116,0.17242275,0.000805460307031511,0.008569836788983041,False
disco-r,3.349123,0.82345384,0.0008106781865001713,0.008618374895317355,False
Drl-2,3.3459394,0.27350584,0.0008200431826177395,0.008710887162164185,False
tutl,3.3444502,0.2118734,0.0008244579499175965,0.008750708773761889,False
CG43066,3.3400207,0.108839236,0.0008377213062496024,0.008884308284196752,False
CG12391,3.3396168,0.21288376,0.00083894058854311,0.008890063978593925,False
ChAT,3.3377237,0.12532681,0.000844676646723967,0.008936434088528926,False
disco,3.3358326,0.7542342,0.0008504438262978925,0.008983149733683079,False
Zip102B,3.3358274,0.1950999,0.000850459533386739,0.008983149733683079,False
CG31211,3.334905,0.12669095,0.000853285944273614,0.009005764905827541,False
Nlg2,3.3301826,0.15332203,0.0008678905134839647,0.009152553248137477,False
fabp,3.327422,0.024666676,0.000876535828092478,0.009236311773163721,False
Acsl,3.3271496,0.15125407,0.0008773923411705162,0.00923792897674726,False
beat-IV,3.325972,0.12403999,0.0008811074613500865,0.009269617327574168,False
CG7546,3.3248904,0.26972255,0.0008845330340826204,0.009294315372871712,False
Hecw,3.3247843,0.24859299,0.0008848697512528548,0.009294315372871712,False
flfl,3.3204677,0.13182898,0.000898667686105383,0.009431703989955856,False
dpr2,3.3180544,0.23751603,0.0009064684830069382,0.009505982335763103,False
Btk,3.317676,0.22730339,0.0009076968348055186,0.009511273053703759,False
CG42458,3.3142478,0.37372142,0.0009189003741633058,0.009620996746219792,False
CG33144,3.3120759,0.16327539,0.0009260645368394766,0.009680579167916247,False
spi,3.3114305,0.14426184,0.0009282028475926979,0.009695218932725,False
sca,3.3097122,0.2599509,0.000933919781306846,0.00974718500903253,False
AstA-R1,3.3070319,0.32321736,0.0009429019891122143,0.009833120743598807,False
CG6154,3.306604,0.17066526,0.000944343316131433,0.00984034193018797,False
Jhbp2,3.3059568,0.36572248,0.000946526478959549,0.009855054497552893,False
CG4467,3.3057413,0.16527292,0.0009472552382351068,0.009855054497552893,False
Ssadh,3.3046014,0.15937139,0.000951115893377605,0.009887391486536178,False
atos,3.2967622,0.10068253,0.0009780624278497483,0.010159478499561813,False
CG2082,3.292569,0.10525054,0.0009927656267434608,0.010304060296531655,False
Acly,3.2918108,0.11947142,0.0009954459527495624,0.010323725192682912,False
Spf45,3.290907,0.22494192,0.0009986493132513345,0.010348779160979918,False
wech,3.2864792,0.08374021,0.0010144829486485052,0.010504575212956151,False
wnd,3.2824175,0.28444213,0.0010292108220233975,0.010648685197942868,False
Sams,3.2806888,0.10752446,0.0010355391523169434,0.010705731283591374,False
CG1440,3.2797713,0.3814781,0.0010389121601848306,0.010732158635871599,False
Trpm,3.277483,0.25857687,0.0010473701595753256,0.010811032126331326,False
Pex19,3.274142,0.13861011,0.0010598331766101612,0.010931089435366968,False
BI-1,3.2735703,0.13312729,0.0010619793772369455,0.010944634523053698,False
pds5,3.2678332,0.28846097,0.0010837422618010027,0.011160167178734463,False
Pkc98E,3.2652385,0.1781935,0.0010937197413543108,0.011254093501484451,False
CG32052,3.2621782,0.09160386,0.0011055965325980858,0.011367400968966233,False
CARPA,3.2584348,0.497228,0.0011202858082610817,0.011509425739288986,False
dac,3.2565265,0.41359043,0.001127844107677528,0.011568986397254268,False
CG12531,3.256292,0.12135244,0.001128776040705828,0.011569514176969251,False
Pak3,3.253557,0.24610896,0.0011396990318022907,0.011672365766081138,False
Pcb,3.2521791,0.36741635,0.0011452384710539318,0.011719963792561263,False
CG43078,3.2511213,0.19876742,0.0011495079838042428,0.011754501873297862,False
CG2059,3.248078,0.50492793,0.0011618736555790163,0.011871710602105968,False
e(r),3.2457092,0.12536226,0.0011715840924140268,0.011960966175292489,False
Pdk,3.245504,0.3015949,0.0011724295611702227,0.011960966175292489,False
Tsp86D,3.243166,0.45311493,0.0011820936325441967,0.012050201964026954,False
Lim3,3.2415621,0.35975742,0.001188765150299708,0.012108817112355166,False
S6KL,3.232145,0.303549,0.0012286468147340883,0.012505359524094439,False
TM9SF2,3.231077,0.13913289,0.0012332471133603643,0.012542466772101538,False
eIF3g1,3.229249,0.10763031,0.0012411576296350708,0.01261315642181348,False
wkd,3.2272515,0.26530486,0.0012498549796684415,0.012691726764175673,False
Ufd4,3.226697,0.11001996,0.001252279629707647,0.012706528443520063,False
CG32278,3.2248023,0.11673215,0.0012605966580424058,0.012781049449596614,False
dpr19,3.2192073,0.09111989,0.0012854556500293227,0.013023043362671781,False
Nf1,3.2135813,0.11996041,0.001310907089353393,0.013270661906089047,False
Fie,3.2075222,0.13118045,0.0013388370587002916,0.01354297070925468,False
sano,3.2043557,0.34425768,0.001353650686114127,0.013682284627338176,False
Gycbeta100B,3.2038765,0.114635915,0.001355905877077004,0.013684027054371608,False
Dld,3.201441,0.120383665,0.0013674207384763366,0.013789645820091375,False
eIF4G2,3.1997929,0.097289145,0.0013752643982943799,0.013858109044162691,False
Rnp4F,3.1970644,0.43365967,0.0013883388120571293,0.013979135624851095,False
CG14762,3.1922157,0.119607605,0.0014118590984330698,0.01419420700337455,False
msn,3.1884673,0.12099938,0.0014302922050232186,0.014368531784407562,False
Ctl2,3.1878579,0.87861896,0.0014333095155114105,0.014387843417738681,False
east,3.182884,0.10769072,0.0014581599043940734,0.01462612301048712,False
Bx,3.182184,0.12789291,0.001461689132441392,0.01465033958831418,False
trol,3.1795893,0.42024463,0.0014748393523266196,0.014770875830466297,False
Su(var)205,3.1781669,0.111295596,0.0014820938586265488,0.014832226429819384,False
beat-IIb,3.16698,0.19811116,0.0015403087896477734,0.015391374521651516,False
Dap160,3.164661,0.106729425,0.0015526380388388456,0.01550278406560975,False
osi,3.1641986,0.11875463,0.0015551056222953353,0.015515632404677833,False
HmgD,3.1626754,0.18290266,0.0015632651027416946,0.015585207473464239,False
MEP-1,3.1593344,0.93626297,0.0015812991795047275,0.015745090550096676,False
Zyx,3.1592607,0.09468289,0.0015816985940736385,0.015745090550096676,False
Dgk,3.1582596,0.3778454,0.0015871417253558611,0.01578731436122333,False
jus,3.1574242,0.13523619,0.0015916955073361097,0.015811367956097944,False
CG32425,3.1573746,0.089201435,0.0015919664996893136,0.015811367956097944,False
nebu,3.1570187,0.08973914,0.0015939114141378017,0.015818728082908393,False
EMRE,3.1561286,0.09230643,0.00159878327395943,0.015855103562133516,False
Hk,3.1550264,0.20962067,0.0016048358847871593,0.0159027977274481,False
Flad1,3.1548123,0.5372063,0.0016060131342712047,0.0159027977274481,False
CG42671,3.15352,0.11814012,0.0016131406379631503,0.015961346372617313,False
DIP-zeta,3.1521132,0.46831965,0.001620933745631491,0.016026387823625126,False
Gycalpha99B,3.1511085,0.09940373,0.0016265200878978923,0.016069529289457374,False
CtsL1,3.1467578,0.119958475,0.0016509168084115249,0.016298307184468397,False
CG33947,3.140509,0.34704226,0.0016865465623348834,0.016612610066776886,False
CG14312,3.1402316,0.21058318,0.0016881437739227634,0.016615887033217314,False
dpr3,3.138722,0.16743363,0.0016968641401184298,0.016689217665536056,False
CG7379,3.1366081,0.36502874,0.0017091442687949487,0.016784869724936938,False
CG8745,3.1327999,0.21136144,0.0017314748786830935,0.016991471176919976,False
Sf3b2,3.1308196,0.16641705,0.0017431925320761405,0.01709369393394066,False
Synj,3.1242728,0.16743553,0.001782451595195984,0.01746073716542838,False
Gapdh1,3.1239424,0.12755479,0.0017844538851014486,0.01746073716542838,False
wde,3.1239166,0.09468382,0.001784609590043403,0.01746073716542838,False
RabX4,3.1233227,0.19559956,0.0017882150522654217,0.017482995377059257,False
unc79,3.1209078,0.10001184,0.0018029449521706474,0.017611149458621453,False
Sdb,3.120735,0.5168409,0.001804003589901406,0.017611149458621453,False
lncRNA:CR45668,3.119944,1.7872716,0.0018088533587252067,0.017645384657497563,True
Ndf,3.119684,0.19774573,0.0018104515713975478,0.017647873626234257,False
Eip74EF,3.1194391,0.19080769,0.0018119563377245855,0.01764944868621279,False
Flo2,3.1190388,0.12948205,0.0018144211621156793,0.017660365977925946,False
Nak,3.1159372,0.23516701,0.001833612316365941,0.0178339495462979,False
Nin,3.1104844,0.18974507,0.0018678085949303293,0.018153110160787373,False
Tpst,3.110253,0.27610552,0.001869270445739569,0.018153890359954128,False
Manf,3.109678,0.2710662,0.0018729133944134706,0.018175836043274003,False
Egfrap,3.106623,1.1693999,0.00189237614780914,0.018351160577278303,True
NKAIN,3.1057792,0.16950513,0.0018977842180665787,0.01839003290958322,False
anchor,3.1054351,0.36294985,0.0018999932016720634,0.018397870795851815,False
CG31808,3.0978408,0.108392656,0.0019493611191841354,0.01884812737754197,False
spidey,3.0972846,0.0970822,0.0019530230967062245,0.01886964962552926,False
salm,3.0966873,0.79423994,0.001956962528821638,0.01889204946802856,False
Sesn,3.0964973,0.5390932,0.001958216999654102,0.01889204946802856,False
WASp,3.094825,0.47825786,0.001969290490891825,0.018984942810211722,False
CG3618,3.0928018,0.2539227,0.0019827643180485867,0.0191008234158053,False
RIC-3,3.091342,0.11977823,0.0019925403256672108,0.0191668959584679,False
Nt5c,3.0858648,0.112703785,0.002029610270226767,0.01950920186596907,False
CG44247,3.084737,0.10073733,0.0020373225079515123,0.019569018826376367,False
SRPK,3.0837767,0.08388709,0.002043909035838388,0.01961794355801053,False
ERp60,3.0822878,0.26062635,0.0020541620880495885,0.019701963384650797,False
shrb,3.078582,0.10065414,0.002079882018414374,0.01993409899486862,False
Srp14,3.0780687,0.18777609,0.0020834691908928685,0.019940422711653277,False
cib,3.0780532,0.25636116,0.002083576893691016,0.019940422711653277,False
CG5273,3.0775433,0.2966598,0.0020871459382995824,0.01996004194269033,False
slpr,3.072761,0.115581125,0.0021208825156350313,0.020267924549414045,False
CG44838,3.0721757,0.08885096,0.002125046220406659,0.020283032666000234,False
Xpc,3.0718882,0.2110329,0.0021270942932837384,0.020283032666000234,False
ND-42,3.070743,0.10930433,0.002135267979783834,0.020346208306279607,False
beat-Ib,3.0700738,0.068013534,0.0021400584516656765,0.020377078300642747,False
Cyp28d1,3.0689545,1.0302922,0.0021480931902314216,0.02042398300987039,True
Fak,3.067996,0.11787936,0.002154995059223244,0.020474790367457286,False
tinc,3.0674791,0.13653642,0.0021587255714939167,0.020495414746698023,False
l(3)L1231,3.064732,0.119335674,0.002178651171090325,0.02066965804196886,False
kug,3.063551,0.15376069,0.0021872690220276106,0.020736446572469557,False
VhaAC39-1,3.0609324,0.1055345,0.0022064897384918643,0.020903586996238715,False
shakB,3.0561535,0.13373603,0.002241963887333301,0.0212243555328239,False
CG2076,3.0510924,0.32614645,0.002280103671884813,0.021569879228629546,False
PVRAP,3.0488844,0.1167238,0.002296927725708352,0.021713403104897663,False
CG32204,3.0480647,0.10300071,0.0023032036921698455,0.021757078731209037,False
CG4452,3.0435066,0.36481997,0.0023383822172544024,0.022073521792185954,False
prage,3.0426629,1.1160651,0.0023449485277981692,0.022119614971477346,True
vsg,3.0402274,0.13249885,0.0023639964059637315,0.022283294673144497,False
Rbp9,3.0383942,0.15301609,0.0023784258305910564,0.022403236855889953,False
Mitofilin,3.0327117,0.16227081,0.0024236696180852876,0.022813050703181004,False
Polr1G,3.02922,0.14862381,0.00245185933212182,0.023061869451739953,False
drl,3.017554,0.3065241,0.0025482360578272857,0.02395123161648822,False
Mdh2,3.016712,0.11629791,0.002555325158614293,0.024000695199565266,False
2mit,3.0116713,0.080034986,0.0025981373248634967,0.024372777755498613,False
Bap60,3.0116115,0.4087462,0.0025986500483602404,0.024372777755498613,False
CG7879,3.0084193,0.31352574,0.0026261050600952054,0.024612710762946504,False
RyR,3.0052118,0.24639034,0.002653959411687628,0.02485604181723124,False
hid,3.0035653,0.68174046,0.0026683628263593877,0.02497313927233786,False
hiw,3.0031493,0.07705608,0.0026720123955334013,0.024989496709828394,False
gprs,2.997686,0.12694907,0.002720377810819033,0.025423730038522115,False
woc,2.9970117,0.16176605,0.002726402864003633,0.025461928665961434,False
cno,2.9932804,0.17172302,0.0027599603567093223,0.025757016397131034,False
Hsc70-3,2.9925358,0.09033684,0.0027667014485581332,0.025801601869449162,False
rb,2.9919746,0.45891342,0.0027717943284463996,0.025830764167223897,False
CG4168,2.9910007,0.23250958,0.0027806495491021033,0.02587658291444875,False
Wdr20,2.9854379,0.36653727,0.0028317257453352794,0.026333245784646547,False
GC1,2.9834492,0.17621069,0.0028501943625995085,0.026486247471398543,False
CG15537,2.982821,0.55804753,0.0028560502055673454,0.026521907916010546,False
Axud1,2.9787576,0.15905458,0.002894195783172384,0.026857155784523395,False
ClpX,2.9719267,0.24497347,0.0029593728081898345,0.027442596118288233,False
sbr,2.971105,0.18799879,0.0029673012618902073,0.02749671268070333,False
Pcyt2,2.9663641,0.81220686,0.003013434905262262,0.02790453464069494,False
CG31715,2.9659877,0.18769751,0.003017126849853103,0.027919047047232238,False
CG18766,2.9649622,0.25237697,0.003027199928437266,0.02799254543255853,False
GlcAT-P,2.9642367,0.08613476,0.0030343486524059436,0.028038917927295428,False
Dys,2.9607706,0.109174125,0.003068703399888841,0.028336446011622888,False
kra,2.9559011,0.12325613,0.003117569088288716,0.028767456334349528,False
CG1090,2.9550147,0.083805405,0.003126542222121726,0.028830010385038234,False
Agps,2.9469771,0.23275693,0.0032089701372901543,0.029548610794668976,False
HtrA2,2.9463866,0.7194362,0.003215103253478283,0.029584353466879997,False
CG9609,2.9460614,0.27826422,0.0032184854710298086,0.029594750937251002,False
Slmap,2.9427803,0.14790252,0.0032527920968190584,0.029889292414127574,False
CD98hc,2.9394615,0.13624255,0.0032878310508131048,0.030190146755893918,False
Tango1,2.9288805,0.1740492,0.003401851535227809,0.03119353047654809,False
Men,2.9254744,0.12712106,0.0034393138237759093,0.031493089647676276,False
PH4alphaEFB,2.9234924,0.31153587,0.0034612859436302956,0.03167221260397081,False
Pink1,2.9215567,0.23119408,0.0034828690088507083,0.03184752872393758,False
CG1902,2.9195268,0.18524082,0.0035056331425446776,0.03203339324967807,False
Rh2,2.9128172,0.6183193,0.0035818403911173804,0.03269432659248055,False
CycT,2.9127214,0.05876858,0.0035829399005458135,0.03269432659248055,False
side-V,2.9122646,0.12042037,0.0035881864270840198,0.03271947928652604,False
ncm,2.911496,0.1959282,0.003597024996416155,0.03277732902420824,False
Hsp67Bc,2.9085588,0.3748411,0.003630987235322445,0.03306387544846634,False
Sec61gamma,2.906262,0.10718409,0.003657750371125164,0.03328451514998937,False
CG15522,2.9036672,0.48786122,0.0036881992202653147,0.03353836522787975,False
CG6912,2.9028099,0.19302683,0.0036983123517345404,0.03360707074812715,False
ClC-c,2.901136,0.20849039,0.003718126828067599,0.03376377783055166,False
CG7888,2.8979847,0.679155,0.0037556878748592638,0.03408131124009028,False
CG14229,2.895426,0.3374933,0.0037864430323075065,0.03433668836750906,False
ATPsyndelta,2.8832362,0.100662954,0.00393612272959116,0.035669415632295066,False
CG15099,2.8794484,0.36210933,0.00398371485789649,0.036075818906106054,False
mam,2.8729615,0.07943111,0.004066436549508279,0.03676687432176296,False
ras,2.8728075,0.20832579,0.004068419730886099,0.03676687432176296,False
tmod,2.8677754,0.12505606,0.00413368834521669,0.03733104113824558,False
Tom40,2.854877,0.12083132,0.00430535046504253,0.038854605158419535,False
CG44245,2.852337,0.57563615,0.0043399066743959784,0.039139583872040605,False
CG32815,2.8514795,0.24850637,0.004351629540843164,0.03921838968908036,False
CG15160,2.8511765,0.35423738,0.004355778009854569,0.03922887117853943,False
Syx16,2.848135,0.2545684,0.004397625875529487,0.03957863287976539,False
Nplp1,2.8457782,0.15362476,0.004430304082539082,0.03984544534193261,False
CG1927,2.8397894,0.2383313,0.004514332790110967,0.040573415090327025,False
Clic,2.8390484,0.2946303,0.004524831092001347,0.040617442010790004,False
Treh,2.8390071,0.38310474,0.004525413630425919,0.040617442010790004,False
Gclc,2.8383396,0.32469738,0.004534889406968914,0.04067470771847886,False
kibra,2.8353512,0.50257385,0.004577532466240202,0.04102917913123892,False
CG30197,2.8349507,0.39890268,0.004583275030371661,0.04105264751130445,False
lgs,2.8339546,0.08013055,0.004597586123946207,0.04115278042823785,False
PAPLA1,2.8266153,0.27371138,0.0047042796158068625,0.04207912467780951,False
eIF3d1,2.8249278,0.19178994,0.004729127932974928,0.04227261295189834,False
VGAT,2.819716,0.16985586,0.004806617165538342,0.04293606359971027,False
CG4393,2.8186634,0.29030862,0.004822406468161539,0.0430478403475833,False
kek1,2.8154645,0.13051823,0.0048706789932598145,0.043449234196492846,False
bbc,2.8132856,0.120515704,0.004903807857267785,0.04371508496913073,False
Oamb,2.8073258,0.17063542,0.004995468078161247,0.044502000370873755,False
alpha-Catr,2.8070998,0.18022262,0.004998973129249948,0.04450305346771295,False
Cep97,2.8051026,0.23280297,0.005030057837840705,0.04474946512473044,False
CG30423,2.8024306,0.09637264,0.00507191050735002,0.04509127474058137,False
CG1703,2.7942734,0.20414986,0.005201648864198165,0.046213432099772744,False
ThrRS,2.7939568,0.16484725,0.0052067447918607,0.046227450381790276,False
Lis-1,2.791752,0.13520446,0.00524234866968615,0.046512127967370705,False
Rab6,2.7893424,0.16076383,0.00528152119016916,0.046828062374374334,False
dao,2.788418,0.11274519,0.005296614753238858,0.046930221077247876,False
CG14657,2.787064,0.31945097,0.005318794365774694,0.04709498515247944,False
side-VII,2.7866688,0.10046525,0.005325287404294414,0.04712072491072633,False
NP15.6,2.7844574,0.09499963,0.005361735615270418,0.047411309545527115,False
twin,2.784175,0.10745223,0.005366406564498181,0.047420700912916,False
Pka-C1,2.7831328,0.165695,0.005383678439363257,0.04750942558309818,False
Scamp,2.78227,0.107625365,0.005398010346387232,0.0476039301688109,False
Ocrl,2.7749684,0.22392583,0.005520706333252757,0.04865330732323356,False
CG33169,2.7664397,0.73711675,0.0056672073620316074,0.049910928107972735,False
chn,2.761832,0.14837633,0.00574780322425317,0.05057152112041285,False
C1GalTA,2.7617123,0.1343687,0.005749912675334611,0.05057152112041285,False
poe,2.7573376,0.15893066,0.005827417533735034,0.05121890728647382,False
CG13887,2.754777,0.119947016,0.005873216044524684,0.051586937717282316,False
sNPF,2.7458014,0.08793472,0.006036328823808519,0.05295160121425799,False
Cox17,2.7457843,0.07556337,0.006036643730514343,0.05295160121425799,False
alpha-Man-IIb,2.7451203,0.17282698,0.00604887354378666,0.05302348123105852,False
Start1,2.7445195,0.57721436,0.006059956335908975,0.05308521750256263,False
Chmp1,2.743034,0.09790164,0.006087441943643032,0.05325553995233241,False
CG17528,2.7430303,0.17469941,0.006087505403988073,0.05325553995233241,False
Idit,2.7399118,0.057254307,0.006145565930576744,0.053727702147557156,False
PsGEF,2.7351725,0.06039424,0.006234759080606682,0.05447123292498125,False
Act42A,2.7345717,0.38340142,0.006246148090107176,0.05453447568372644,False
yps,2.732624,0.06669658,0.0062832020521820355,0.054791448670880455,False
Mgtor,2.7325864,0.250603,0.0062839203308232,0.054791448670880455,False
Coa8,2.73171,0.1401042,0.006300657523443146,0.05490095481302582,False
btsz,2.7297554,0.19009438,0.0063381339541662635,0.055190907990553144,False
Dh44,2.7272496,0.73479193,0.006386470685002623,0.055558373683419614,False
CG4230,2.7271297,0.06750844,0.006388790154919865,0.055558373683419614,False
Kcmf1,2.722719,0.2517316,0.006474709165829139,0.05622542253316175,False
Acbp1,2.7225342,0.08861272,0.006478332550624573,0.05622542253316175,False
CG7668,2.7195168,0.39784324,0.0065377394357984675,0.056703561839202554,False
CG8360,2.7181902,0.17832285,0.006564008886950314,0.056893850115123434,False
Phb2,2.7139318,0.12724276,0.006648985053764039,0.0575534245665043,False
CG1909,2.7137454,0.06363364,0.00665273039744671,0.0575534245665043,False
Fur1,2.7137196,0.09843985,0.006653245960161342,0.0575534245665043,False
alph,2.7129152,0.058370046,0.006669418465680574,0.057655367525686015,False
Sfxn1-3,2.7114792,0.22033378,0.006698375985009116,0.05786762685274148,False
phol,2.7106473,0.3528529,0.0067152015967720125,0.05797486792482539,False
Cen,2.7066286,0.28951493,0.006797027110284009,0.05864276837106493,False
CG7115,2.7063718,0.13967809,0.0068022847862770595,0.058649620795065985,False
CG43373,2.7023017,0.3820158,0.00688612612828878,0.05933357201686201,False
18w,2.6976016,0.48277417,0.006984096220447248,0.06013828593491274,False
CG11883,2.6972046,0.27562127,0.006992430449191459,0.060149170403070835,False
SPARC,2.6948922,0.6453052,0.007041140656153335,0.06051052205484292,False
FucTA,2.6935623,0.29718494,0.00706929314726011,0.0606730972926178,False
CG10395,2.6909266,0.05509873,0.007125389727922456,0.06111463513374744,False
CG31224,2.6885405,0.0905223,0.007176512303687603,0.0615129626030366,False
CG13924,2.687154,0.17894822,0.007206368678005721,0.061728607841587464,False
nej,2.680787,0.09792449,0.007344923431487469,0.06279264404017264,False
HDAC6,2.673792,0.20609352,0.007499898600685047,0.06403422197076122,False
Tango5,2.671839,0.123629995,0.0075436846624051075,0.06436624445714488,False
CG31637,2.6711235,0.087768085,0.007559782756650163,0.0644617426491779,False
Desat1,2.6672776,0.06664156,0.007646848592874075,0.06512029425536459,False
Tapdelta,2.6672742,0.1456053,0.007646926486760088,0.06512029425536459,False
Fmr1,2.6668787,0.09505707,0.007655928016982994,0.06515472418598221,False
Dhpr,2.6658964,0.35217932,0.007678336590225863,0.06530313449551317,False
drk,2.6649995,0.13961715,0.007698844505349895,0.06543519844779924,False
CG5823,2.663086,0.17744242,0.007742764124618094,0.06572346291826986,False
Myb,2.6617389,0.25634083,0.007773815219150646,0.06594443639744318,False
CG14234,2.6603148,0.12548931,0.007806763074794916,0.06618120438890658,False
elav,2.6574547,0.16895624,0.00787331420709347,0.06670235247015358,False
sima,2.655365,0.062226027,0.00792226399647439,0.06707380728973807,False
nmd,2.6520925,0.1587915,0.007999463654186816,0.06764025251995802,False
sdk,2.6514077,0.32919037,0.008015699160167993,0.06773394660103371,False
Crk,2.6504476,0.120606996,0.00803851916466332,0.067856026535561,False
CG7029,2.6503654,0.05175215,0.00804047437715894,0.067856026535561,False
mRpS10,2.6478083,0.14663266,0.008101543632459789,0.06832752460238872,False
hoe1,2.6450682,0.5219533,0.00816744724025681,0.06879503636985544,False
CG7607,2.6448183,0.7755932,0.008173480996310415,0.0687966684246327,False
cta,2.6446266,0.11525024,0.008178112334800324,0.0687966684246327,False
ova,2.6429133,0.20615406,0.008219609336522975,0.06909154901384619,False
Nhe2,2.6427455,0.13322458,0.008223682089623702,0.06909154901384619,False
Clc,2.641982,0.06570396,0.008242240091791362,0.06915972504575207,False
Rilpl,2.6414979,0.061646085,0.00825403510977336,0.06921379792113717,False
Su(H),2.6410527,0.36690772,0.008264884831734372,0.06926057824552911,False
bur,2.6405272,0.27212676,0.0082777122778812,0.06932386190653854,False
ZnT49B,2.6391306,0.2830226,0.008311894018579267,0.06953307769729487,False
Sec23,2.6390638,0.16941752,0.00831353086210322,0.06953307769729487,False
GABA-B-R2,2.6388586,0.09782037,0.008318569112644409,0.06953307769729487,False
REPTOR-BP,2.6288407,0.08948921,0.008567650062667014,0.07156956250695776,False
Coq7,2.6284623,0.10312837,0.008577184246530657,0.0716036855142394,False
Oct-TyrR,2.626097,0.20941399,0.008637020660799603,0.0720574295129567,False
Ak1,2.6248698,0.07318035,0.008668211362129563,0.07227176224516653,False
CG17883,2.6163118,0.065466486,0.008888532950039302,0.07387433457527921,False
px,2.6123393,0.07854451,0.008992495775135483,0.07469114695656147,False
Rbp,2.6117625,0.16275619,0.00900768070292918,0.07477000911970273,False
CG14321,2.602758,0.1488101,0.009247723787716114,0.07671407232991775,False
CG17233,2.5992355,0.20967628,0.009343166515527898,0.07745691357352466,False
vir-1,2.5964575,0.47653654,0.009419054280884064,0.07798763279824612,False
eIF4H1,2.5953023,0.05718003,0.009450777284220538,0.07820101606716491,False
mEFTs,2.5944772,0.10000071,0.00947348814273254,0.07833960616457242,False
CG16854,2.5940049,0.51657593,0.009486514605241605,0.07839357870862293,False
Nol9,2.593808,0.76112866,0.009491947011066901,0.07839357870862293,False
QIL1,2.5926218,0.06421839,0.009524741933030545,0.07861501821609382,False
Xe7,2.5889044,0.08013263,0.00962818335250378,0.07941891352912722,False
MED26,2.5878005,0.12504001,0.009659093727703686,0.07962389685196138,False
Srp9,2.585464,0.11908994,0.009724800574457097,0.08011528498330173,False
Nagk,2.5841377,0.16351554,0.009762283706966968,0.08037368916638218,False
svp,2.5826914,0.45161626,0.00980329909284722,0.08066083286162333,False
CG6766,2.5800674,0.32525098,0.00987810142004248,0.08117464206338848,False
EMC7,2.5784535,0.17827523,0.009924367076317539,0.08150386461425779,False
CG34159,2.577899,0.08863081,0.009940307729974727,0.08158378736531413,False
CG4887,2.575299,0.10217969,0.010015346378238938,0.08214834669791489,False
Rac2,2.575061,1.1220219,0.010022238114667043,0.082153592530708,False
Nplp2,2.570469,0.65888464,0.010156093654749718,0.08319892183504445,False
Col4a1,2.5681462,0.89841497,0.010224398955081978,0.08370629424908237,False
CG17646,2.5677526,0.31580848,0.010236016568520273,0.08374922646971132,False
par-1,2.566,0.06771581,0.010287882947063145,0.08412120841593636,False
zfh1,2.5630064,0.543129,0.01037701227657488,0.08479722718544398,False
Rim2,2.56066,0.09679841,0.010447358399957314,0.08531901142040964,False
EloC,2.5584571,0.07870606,0.010513780234665643,0.08580811943074941,False
Sod1,2.551705,0.15776843,0.010719727598834324,0.08738040983168922,False
CG8128,2.5513453,0.5351223,0.010730790447181258,0.08741635863357826,False
CG11699,2.55018,0.10813421,0.010766735549021453,0.08765483588236796,False
Kdm4B,2.5484648,0.05353054,0.01081981856220484,0.08797798014070025,False
CG9921,2.5457554,0.16767026,0.010904155417675063,0.08860890673361184,False
Nav,2.544838,0.14201072,0.01093284379044705,0.08878712447866145,False
msps,2.5437648,0.057118695,0.010966487871975787,0.08900534319812343,False
sra,2.5392156,0.06796701,0.011110136906762146,0.09011555491040407,False
prim,2.537141,0.17650287,0.01117619132721969,0.09059540656364388,False
Ubqn,2.5365558,0.17332795,0.011194893435484129,0.09069106026033381,False
CG10543,2.5330248,0.066753104,0.011308298259917422,0.09155332047770483,False
Nuak,2.5270512,0.05331423,0.01150247022554575,0.09306801648009307,False
Lamtor5,2.5234637,0.11374857,0.011620501702567457,0.09396516453645316,False
unc80,2.521593,0.054581035,0.011682476801563313,0.09440820736318692,False
scny,2.5210574,0.1790401,0.011700278398055593,0.09443590795482217,False
l(2)SH0834,2.5181031,0.110389,0.011798875984501177,0.0951732537976338,False
CG3356,2.5117395,0.491545,0.012013773402397877,0.09684722853221357,False
RhoGAP68F,2.5095077,0.20981982,0.012089961314161186,0.09740165031764439,False
Bruce,2.5079587,0.070046805,0.01214308855658915,0.09774677142469335,False
Ndae1,2.5078251,0.10477339,0.012147677148898344,0.09774677142469335,False
Rheb,2.5074008,0.12467442,0.012162276730593608,0.09780435510403916,False
CG9346,2.505624,0.273415,0.012223551917928047,0.09823698605600889,False
hep,2.505013,0.07203528,0.012244689460342817,0.09832697087229504,False
CG31706,2.504741,0.4236076,0.012254114079222361,0.09832697087229504,False
inc,2.5046518,0.20200863,0.012257197738875136,0.09832697087229504,False
lncRNA:CR44417,2.5037003,0.3771161,0.012290212176582478,0.09853165832842815,False
Pdhb,2.5030994,0.08634073,0.012311094566686874,0.09863889183308874,False
CG3107,2.5003865,0.12189892,0.012405784482039196,0.09933699457281843,False
skd,2.4995718,0.12439958,0.01243434699664834,0.09950506670886673,False
eEF5,2.4893143,0.06084898,0.012798973042301813,0.10236043729099029,False
CG3860,2.4890988,0.15281528,0.012806739642799698,0.10236043729099029,False
Rpt5,2.488118,0.36433733,0.012842111815077818,0.10258075942256688,False
Sulf1,2.4878066,0.6267268,0.012853365030852389,0.10260827248201723,False
rn,2.4870944,0.36080003,0.012879119436625718,0.1027514446856478,False
TppII,2.4832673,0.289623,0.013018333136621223,0.10377702405890595,False
Cdc27,2.483127,0.16951041,0.013023463673754634,0.10377702405890595,False
lncRNA:CR44831,2.4822867,1.4580834,0.013054221760564384,0.10395401650948262,False
scrib,2.482088,0.065940455,0.013061497812568934,0.10395401650948262,False
uzip,2.4807136,0.1314387,0.013111964082294824,0.10429249881437892,False
CG13868,2.4795823,0.0801675,0.013153635367394303,0.10456065863736307,False
ALiX,2.477595,0.22673327,0.013227111597263926,0.10508116468443046,False
Pi3K92E,2.4733744,0.25055867,0.013384382405077564,0.1062663352282291,False
promL,2.4717999,0.06460374,0.013443477973804208,0.10667107522692469,False
ghi,2.4709918,0.10405862,0.013473885971363656,0.10684783443797129,False
unc-104,2.4691553,0.19298497,0.013543238858691846,0.10733302690181597,False
mRpL49,2.4658487,0.20171125,0.013668908366557252,0.10826368651992906,False
dlp,2.4646335,0.49762163,0.013715349423423442,0.10856607917095425,False
Nedd8,2.4615576,0.21078128,0.013833514346558004,0.10943550783490198,False
CG13124,2.458862,0.6374489,0.013937819539309403,0.11019431332522597,False
mRpL30,2.4565566,0.18574491,0.014027575485375837,0.11083724707025766,False
CG42673,2.4559746,0.23772348,0.01405031151485017,0.11095017626510291,False
mRpS7,2.4539583,0.17343004,0.014129336925779033,0.11150719952236425,False
Acf,2.4535527,0.12958698,0.014145283236630888,0.11156603945337927,False
CG10353,2.4410803,0.28813064,0.014643395657759154,0.11528712938463469,False
SERCA,2.4399815,0.14079264,0.014688012801651914,0.11556915461898572,False
Kaz,2.4393876,0.3698133,0.014712178150127844,0.11569001848754032,False
CG6495,2.436324,0.09946426,0.014837392589628216,0.11660486760030787,False
CG7059,2.435694,0.6834322,0.014863251066791146,0.11673826599978222,False
CG12541,2.433159,0.46182314,0.01496771929375577,0.11748854929507217,False
p24-1,2.430426,0.23545861,0.015081094375137093,0.11823721962368818,False
Ube4B,2.4301298,0.22006635,0.015093421374982452,0.11826330165013083,False
detr,2.4281888,0.12608936,0.015174443744957678,0.11881416235531854,False
Pak,2.4278018,0.05018061,0.015190636754241591,0.11881416235531854,False
sws,2.4261503,0.07443046,0.015259950792292178,0.11924924675739942,False
wds,2.426039,0.39945456,0.015264629607758434,0.11924924675739942,False
Ddc,2.4251523,0.04605292,0.01530196132964777,0.11946985850954943,False
CG2993,2.4246955,0.052785993,0.015321235116797581,0.11954930488997637,False
CadN2,2.4240537,0.10555005,0.015348341128744876,0.11961874402829635,False
Scgbeta,2.423749,0.060437623,0.015361222217312887,0.11964816830793795,False
CG13408,2.4198928,0.36530712,0.015525086444080129,0.12078131194506389,False
ksh,2.418431,0.2168305,0.0155876000863051,0.1211958965290231,False
sordd1,2.4166236,0.11421631,0.015665206512223608,0.1217272700003656,False
sNPF-R,2.4142,0.23534964,0.015769803069380292,0.12246761958135759,False
CG11317,2.4120965,0.09467391,0.01586108383154436,0.12310374574512278,False
Vha55,2.4114547,0.13448764,0.015889028340467702,0.12324783494317922,False
Ack-like,2.408271,0.12395614,0.0160282739790875,0.1242545841210677,False
CG12343,2.4077508,0.13457957,0.016051134117123972,0.12435843295932134,False
Rpn10,2.4058406,0.11532798,0.01613530081584188,0.12493686076615336,False
pygo,2.4047573,0.26604,0.01618321274134423,0.12523404912913028,False
wap,2.404509,0.19182037,0.016194205412317822,0.1252453555726052,False
CG34354,2.4033177,0.049031813,0.016247061630649765,0.12558022930984583,False
snf,2.4028883,0.10710747,0.016266160445444103,0.12565393783253118,False
TrissinR,2.400439,0.20336021,0.016375423832079423,0.12634942404787058,False
Dpm3,2.3998022,0.13195042,0.016403933118450755,0.1264951180612928,False
dsh,2.3976302,0.68735224,0.016501514914957615,0.12717296538565576,False
CG14645,2.3962114,25.390364,0.01656553720288699,0.12759153507968057,False
CG11638,2.395287,0.07016565,0.016607357739091614,0.12783871159441346,False
Syn2,2.3933187,0.12238185,0.016696729082048122,0.12845141694268872,False
Neto,2.3918006,0.37488115,0.016765949776239995,0.12890847282609336,False
Mrgn1,2.39153,0.20176275,0.016778306356617215,0.12892803831926913,False
c12.1,2.3911176,0.2461856,0.016797169449676744,0.12899754913427963,False
CG34228,2.3901267,0.4492082,0.016842563944029918,0.12919514899273388,False
CrebB,2.3894165,0.09926834,0.01687516680386736,0.12936971517083845,False
Cdc7,2.3886306,0.44535136,0.016911290855575602,0.12957105646779207,False
thoc7,2.388148,0.16896611,0.016933518359911713,0.12966575247624704,False
Lam,2.386505,0.13678372,0.017009378788426868,0.13017078467089635,False
Ripalpha,2.3856099,0.32137814,0.017050832276517464,0.1304120699146912,False
CG8405,2.384884,0.18990682,0.017084503964941385,0.130593590517353,False
CG32944,2.3840847,0.23146406,0.017121657974089197,0.13080150336019306,False
CG17839,2.3794737,0.028972667,0.017337376735725173,0.13235526846368337,False
Usp10,2.3793077,0.17827909,0.01734518815026353,0.13235526846368337,False
TMEM216,2.3789587,0.31533828,0.017361626351676335,0.13240381326815268,False
CG13204,2.3774335,0.29136303,0.017433582858453683,0.13287545171698456,False
PPP4R2r,2.3766804,0.10551989,0.017469213289318514,0.13306983340385234,False
dpr16,2.3723383,0.2913815,0.017675903103848013,0.13455440189634174,False
Hmbs,2.3721569,0.07888376,0.017684585393834263,0.13455440189634174,False
vap,2.370327,0.22229426,0.017772354597840864,0.13514394642108157,False
Pp1-87B,2.369045,0.042645536,0.017834077710626343,0.1355348647296878,False
wrd,2.3675287,0.034266062,0.01790733306022145,0.13601292278110397,False
euc,2.3651307,0.07788148,0.018023707137676623,0.1367387481461148,False
cactin,2.364576,0.48461762,0.018050714321796675,0.13686461984328235,False
CG14777,2.3624556,0.09742223,0.018154318991942406,0.137570790977003,False
CG3760,2.3562887,0.34735858,0.01845856487765241,0.13979570172469893,False
CG14669,2.3554175,0.05277135,0.018501903815095363,0.140043212056655,False
Syn1,2.3544915,0.07431254,0.018548064999328,0.1403092162549174,False
Vha44,2.3542845,0.1446198,0.018558403185011143,0.1403092162549174,False
CG5021,2.3534286,0.10145581,0.018601176445766907,0.14055173001574306,False
l(3)neo38,2.3510325,0.07100454,0.018721400794711286,0.14137885427730248,False
AnxB9,2.3483248,0.54919165,0.01885807185993785,0.14232915809281066,False
Rab7,2.347438,0.06800712,0.018903011805060974,0.14258643807032215,False
S6k,2.347166,0.10229269,0.018916824885417623,0.14260876591760618,False
e(y)3,2.3421116,0.050164886,0.01917497500585199,0.14438921007271927,False
Gpat4,2.3412113,0.25060844,0.019221279416406264,0.1446549894224389,False
Graf,2.3394365,0.0641001,0.019312854109673684,0.1452609633664065,False
CG4686,2.3373723,0.107012406,0.019419832069307027,0.145982032832205,False
scf,2.336681,0.27441326,0.019455784387990196,0.14616867173138434,False
Acbp2,2.3358936,0.507312,0.019496790984609234,0.14639304773586592,False
SppL,2.3327339,0.06899672,0.019662112674145218,0.14755006312865115,False
Rab4,2.3311405,0.057770588,0.019745953446175888,0.148039537119284,False
CG17508,2.3310308,0.12365972,0.019751728387377883,0.148039537119284,False
Lsm12a,2.330639,0.07655389,0.01977240393031533,0.148039537119284,False
CG5191,2.3237567,0.2994722,0.020138536313845427,0.15069496991112125,False
CG8929,2.323257,0.053004608,0.020165353343556194,0.1507741187876631,False
rst,2.323132,0.49114537,0.020172062467938484,0.1507741187876631,False
Gabat,2.3227828,0.0662854,0.020190821581934106,0.15082853643354985,False
CG3556,2.317554,0.07557475,0.02047357478564958,0.15285384811558836,False
Sod3,2.3173296,0.45266157,0.020485776228876942,0.152858091792983,False
l(2)41Ab,2.3155155,0.65913606,0.020584738949371587,0.1534222744156226,False
Inx2,2.3131056,0.48361668,0.02071683578858251,0.1542318539727899,False
X11L,2.311591,0.07441001,0.02080024312397889,0.15476511588283273,False
Eb1,2.3083627,0.05382147,0.020978967392803475,0.15591834363203488,False
vig2,2.3058724,0.08454311,0.0211177615226162,0.15686115681581508,False
CG13018,2.2970424,0.31863603,0.021616351550725246,0.16047393185114675,False
CG14982,2.2920873,0.073713325,0.021900602091925195,0.16240062725050625,False
meng,2.2908123,0.17086251,0.021974275261147775,0.16285503493033376,False
CG12316,2.289229,0.2782945,0.022066048634127953,0.16344299833846748,False
nAChRbeta2,2.2810802,0.06321894,0.02254370145807665,0.16679292632833737,False
Scp2,2.279788,0.02496896,0.022620267489432633,0.16726523061966503,False
beat-VI,2.2788997,0.035421368,0.022673031282157592,0.16756109732708144,False
RhoBTB,2.272257,0.23479562,0.023070991771052495,0.1703227831300608,False
CG3061,2.2722297,0.06002177,0.023072644898897123,0.1703227831300608,False
mod,2.2685804,0.12294405,0.023293846333612204,0.17185914700935676,False
babo,2.2674577,0.037259698,0.023362277671772916,0.17207417522819288,False
Usp47,2.2636683,0.10607228,0.023594523394890304,0.17368741591532694,False
side-II,2.2613971,0.056989692,0.023734682067559725,0.17462134511071375,False
Rpt2,2.2593653,0.15898164,0.02386066529247787,0.17544999549141532,False
Prestin,2.2583454,0.52661043,0.02392414069042556,0.17576205812995993,False
Mad,2.2580543,0.123721965,0.02394227291189456,0.17576205812995993,False
CG2519,2.258039,0.08747053,0.023943233185131526,0.17576205812995993,False
Kul,2.2525585,0.1010723,0.024287004007078717,0.17818605954942174,False
Surf6,2.25185,0.615612,0.024331762427185932,0.178414820476129,False
beat-Vc,2.251576,0.17420635,0.02434907951188952,0.17844222241284344,False
Nurf-38,2.2503505,0.05377323,0.024426704386702323,0.1789113130664819,False
Slip1,2.2496471,0.06649748,0.02447135961238932,0.179138532204343,False
mod(mdg4),2.2451541,0.043855093,0.024758238502877488,0.18113766922483862,False
SmB,2.2438483,0.122983776,0.02484216914960915,0.1816505857684275,False
CG14024,2.2411509,0.054364447,0.02501631092952161,0.18282220556947384,False
Klc,2.2388659,0.12242632,0.025164649035494074,0.18380405132095173,False
CG6184,2.2383113,0.10783604,0.025200764803107734,0.18396558306268646,False
Grx5,2.2340014,0.0834121,0.02548297464793139,0.18581924909756853,False
Rox8,2.2322197,0.033614274,0.02560044328248393,0.18657228215853514,False
bon,2.2307239,0.07149946,0.0256994287326145,0.18718985229853355,False
cdm,2.229803,0.20053631,0.025760524741910516,0.18753091141756464,False
Cys,2.2274477,0.3859123,0.025917356962197494,0.18856814533957644,False
Haspin,2.2257054,0.017026365,0.026033916145736285,0.18931137695350014,False
Bicra,2.2251065,0.061085172,0.026074095074032123,0.18949867769512285,False
Iswi,2.2244406,0.24156426,0.026118813968166597,0.18971874822648374,False
Rbcn-3B,2.223008,0.03132667,0.02621525914866498,0.19023077643345784,False
SmD2,2.2229636,0.08799667,0.026218259978766527,0.19023077643345784,False
CG34404,2.2194839,0.07689977,0.026453822819462562,0.19183401316100335,False
lncRNA:CR45223,2.2169833,0.32775015,0.02662423543187856,0.19296329485652747,False
EMC3,2.2111075,0.19984928,0.02702840006982211,0.19567668149722453,False
CG9776,2.2085485,0.112773985,0.027206054085067176,0.1968543781265323,False
N,2.2069397,0.81458855,0.02731827152830996,0.1975575607495833,False
SNRPG,2.2057126,0.09629234,0.027404135464748673,0.198069493953134,False
Vamp7,2.2047079,0.26125142,0.027474604566062176,0.19846965585379714,False
Sar1,2.202166,0.04781185,0.027653576525017064,0.19965274480149683,False
GAPcenA,2.2009115,0.16563845,0.02774228759100115,0.20018322841612035,False
cass,2.2002149,0.085266985,0.02779165049910224,0.20042935650834437,False
Naa60,2.1982706,0.2743181,0.027929830911879085,0.20131540218436159,False
CG12155,2.1974251,0.36501136,0.02799010446569902,0.2016392394075028,False
Vmat,2.1968207,0.21629874,0.028033243090829017,0.2018393502539689,False
lncRNA:CR44832,2.1963997,0.80935585,0.028063339575393358,0.2019453899346488,False
CG7920,2.194962,0.03992193,0.02816631806220173,0.20257548951140159,False
CG5937,2.1934986,0.13559823,0.02827146971407609,0.20310941063037719,False
CG8613,2.1913557,0.16397986,0.028426056395074947,0.20410840493512833,False
wtrw,2.1902382,0.7208396,0.028506972021954003,0.20457761461959345,False
caup,2.1881585,0.739295,0.02865805521676304,0.2054374498353881,False
Uch,2.1869588,0.19727755,0.02874553668577975,0.2059522094062955,False
twr,2.1859045,0.11269811,0.028822600275422335,0.20627939412802257,False
GlyT,2.1816478,0.10745353,0.02913554345788814,0.20827017180154425,False
GlcAT-I,2.1815913,0.4415201,0.029139715481120165,0.20827017180154425,False
CG8726,2.181475,0.04289249,0.029148313998709274,0.20827017180154425,False
nrm,2.1792104,0.038055018,0.029316040765961532,0.2093547693830079,False
Hsp68,2.176513,0.29279503,0.02951692542722523,0.2106748506864419,False
jing,2.1756299,0.07860041,0.029582954084578398,0.21103149656425632,False
kcc,2.1726637,0.062258508,0.029805643710241924,0.21247490309587516,False
rho-5,2.1725044,0.1436649,0.029817634802800138,0.21247490309587516,False
CG9119,2.172092,0.724463,0.029848727796385664,0.21258118333035642,False
jp,2.1704643,0.02608583,0.029971694727193778,0.21334131566377368,False
Synd,2.1652012,0.0983227,0.030372285523574932,0.21607570751476696,False
CG6282,2.159844,0.11961248,0.030784756627056205,0.21879489526957593,False
Past1,2.1598046,0.13586889,0.03078780527804002,0.21879489526957593,False
Got2,2.158444,0.16025957,0.0308933420121661,0.2194262238053311,False
CG5071,2.1570473,0.23055872,0.03100198934119255,0.220078951887234,False
stj,2.1548479,0.020746851,0.031173747123927717,0.22117874579287808,False
DIP-gamma,2.154254,0.09604841,0.03122026820059543,0.22138927369445438,False
Sumo,2.1532953,0.08845096,0.03129547108788577,0.22180285334132635,False
CG9919,2.150141,0.038403243,0.03154406761457412,0.22332384076266376,False
nvy,2.1495745,0.12694487,0.031588894123497975,0.22340046759029247,False
Syx5,2.1484945,0.24077164,0.031674500251547506,0.22388538639340197,False
Cpr,2.1450593,0.26122344,0.03194810868496386,0.22569792909700276,False
CG43367,2.1433973,0.0842693,0.0320812078792023,0.22646067875650566,False
MagR,2.143281,0.0719685,0.03209054671572401,0.22646067875650566,False
x16,2.140253,0.07020799,0.03233431382747789,0.2280584453532257,False
CG15012,2.1376927,0.05356611,0.032541698191525366,0.2293980226591434,False
Vrp1,2.1370645,0.07730844,0.0325927475840713,0.2296346934341538,False
Pfrx,2.136681,0.18080786,0.032623939492317504,0.2297312780970268,False
c11.1,2.1303413,0.33363923,0.03314343840536723,0.23326447811811749,False
SdhB,2.1260726,0.06473167,0.03349720538649956,0.2356280935645633,False
Hydr2,2.1243355,0.3068049,0.033642102423995505,0.23646281864274302,False
temp,2.124077,0.37172085,0.03366370427608112,0.23646281864274302,False
Shawl,2.1240034,0.04435323,0.033669857966558005,0.23646281864274302,False
Chd1,2.1237125,0.0119125005,0.03369419593145491,0.2365073368265585,False
sei,2.1215131,0.15890801,0.03387864945459952,0.23767509547967844,False
Sara,2.1190894,0.14278734,0.03408290638686922,0.23898046420675642,False
CG9257,2.1180985,0.29254293,0.03416672940908871,0.23944043969889364,False
CG4896,2.1129038,0.11177911,0.0346090006426298,0.24228144296438758,False
ergic53,2.1116288,0.26103595,0.03471830927356074,0.24291724379903523,False
Cf2,2.1106393,0.055743426,0.03480331816039555,0.24338243780074378,False
CG4409,2.109972,0.268315,0.034860777475008035,0.24365458299021575,False
Gpo1,2.1096468,0.09244813,0.03488879980672335,0.24372080247758898,False
Rpn1,2.1090066,0.17717211,0.03494401574994137,0.24397681559735898,False
CG31705,2.108688,0.39187124,0.034971503854060094,0.24403906566242678,False
snz,2.1059275,0.22246423,0.03521065705154526,0.24544723270944546,False
CG1161,2.1048028,0.07524657,0.03530846718913881,0.24599854658816753,False
Ythdf,2.1037076,0.080759026,0.03540396932670316,0.24653320453252753,False
Eaat2,2.1033943,0.035063796,0.035431317459603,0.24659296155677088,False
AP-1sigma,2.1028225,0.038907137,0.03548127801172592,0.24680994868929518,False
CG3224,2.1025112,0.20548081,0.03550852731646846,0.24686880896211408,False
lncRNA:CR42549,2.087492,0.37761417,0.03684368331804639,0.2559825402954519,False
mask,2.0873294,0.05623537,0.036858368815753044,0.2559825402954519,False
mRpL24,2.0866516,0.1449913,0.03691963786829965,0.25627260517139855,False
lncRNA:CR45358,2.0858488,0.65159243,0.03699231364136817,0.2566415001307169,False
CG14431,2.0772345,0.12887208,0.03777992059550008,0.26174476943804814,False
Fer1,2.0771506,0.43445304,0.037787658114457945,0.26174476943804814,False
CG11360,2.0764096,0.03178687,0.03785609112581194,0.26208063087100575,False
TORIP,2.0746157,0.5274025,0.038022157606436284,0.2630917066606492,False
vkg,2.0740972,0.88704354,0.03807028640444877,0.2632860859760299,False
hb,2.0721083,1.1034946,0.038255340140639485,0.2642182292162432,False
fry,2.0720005,0.08184863,0.03826539499227632,0.2642182292162432,False
TSG101,2.069808,0.22314858,0.038470331472309,0.265493779173393,False
Tango9,2.069546,0.15071978,0.03849487091462793,0.26552367654499265,False
noc,2.0687997,0.080417365,0.03856487329291865,0.26586696488402467,False
Rpp25,2.0684438,0.27959982,0.0385983070213297,0.2659579204301375,False
DCTN2-p50,2.0680485,0.24843809,0.03863546661396559,0.26607443988863094,False
phyl,2.067256,0.056318782,0.03871003820010416,0.26644835094257135,False
chm,2.065849,0.27658692,0.03884273226946866,0.26722172880671113,False
CG3955,2.0641751,0.046340585,0.03900111236472896,0.2681709139050437,False
CG8677,2.0630472,0.04508418,0.039108141749199035,0.26876620428058334,False
CG42855,2.0606852,0.71822876,0.039333078359729504,0.27017075255977296,False
dock,2.0579724,0.10024405,0.03959278387930776,0.2715287996733319,False
LRR,2.0575514,0.07570062,0.03963322167528404,0.2716643363657967,False
galla-1,2.055951,0.14038894,0.03978723813063111,0.27257784621297854,False
CG4615,2.0555625,0.42084554,0.03982470688651567,0.2726923650280437,False
dpr11,2.0515454,0.0079335915,0.0402138622792497,0.27507035416415465,False
Eno,2.0487008,0.18255916,0.04049138449880944,0.2768245537535672,False
sns,2.0483515,0.078489065,0.04052556022150296,0.27691412444646324,False
eIF3a,2.0445724,0.06459812,0.0408970295089939,0.27930715579427223,False
Epac,2.0416524,0.021294618,0.04118601569280616,0.28113467335245346,False
CG10418,2.0406153,0.32817382,0.041289083971491225,0.28154569973295,False
anne,2.0393195,0.14425685,0.04141814110450146,0.2821413369007755,False
sov,2.03927,0.05057269,0.041423091955659845,0.2821413369007755,False
CG6144,2.039092,0.1873163,0.04144085085376687,0.2821413369007755,False
Mkk4,2.038137,0.01700695,0.041536244309086576,0.28257138944092575,False
nudE,2.038029,0.08258735,0.041547026210035656,0.28257138944092575,False
Nelf-E,2.0360985,0.1897872,0.04174047500873921,0.28374021811424377,False
CG1910,2.033377,0.039531164,0.04201444999021706,0.28545494977841374,False
CG2991,2.0327916,0.1384267,0.042073578910576157,0.28570895446251715,False
Sox21b,2.031513,0.123428054,0.04220297382451029,0.28643960539982705,False
tapas,2.0285795,0.05677741,0.04250114495698978,0.2883144268120008,False
Gucy2d,2.0255876,0.06901911,0.04280706391013197,0.2902398450872725,False
Sln,2.0245366,0.1464521,0.042914961444042846,0.29082134779511243,False
aux,2.0223973,0.23354875,0.043135333097982946,0.29216406026159586,False
HPS1,2.014418,0.23542215,0.04396568434440955,0.2976347719142408,False
slmb,2.012275,0.05325977,0.04419096378678219,0.2988749595277597,False
CG4133,2.0121398,0.068967246,0.04420521132282455,0.2988749595277597,False
CG41099,2.0120268,0.038040023,0.044217117299997326,0.2988749595277597,False
sip3,2.0115168,0.2915477,0.04427090829444829,0.2990846966524681,False
Ptp4E,2.0095382,0.13355358,0.044480096970282275,0.3001892522801793,False
CG4593,2.0085626,0.67236567,0.04458355025764222,0.30073298274405486,False
RpL22,2.008114,0.1121326,0.04463117052490966,0.3008997335542909,False
CrebA,2.007082,0.62374604,0.044740932885476786,0.3014850554436744,False
CG17202,2.0058787,0.063075975,0.04486918533760531,0.30219430821944326,False
PolrMT,2.0052335,0.28026763,0.044938091308706345,0.30250334005963186,False
CG10365,2.0045147,0.5989307,0.04501496164512914,0.30286564056169835,False
CG1344,2.003984,0.25315857,0.0450717703699138,0.3029376279594206,False
CG31998,2.0037513,0.031807773,0.045096711977404294,0.30295030438808407,False
Sms,2.002389,0.080118485,0.0452429272312875,0.30377724262601824,False
His3.3B,1.9998009,0.1848866,0.045521763369939724,0.30549334559806335,False
sm,1.9992242,0.15411802,0.04558410834400785,0.3057555812354585,False
Socs16D,1.9979079,0.08293753,0.04572664274368917,0.30655514574085496,False
Galphai,1.996958,0.9208039,0.04582974530945822,0.3070896753525146,False
Gpdh1,1.9955579,0.04487856,0.04598206246905592,0.30795326240743875,False
GILT1,1.9939028,0.791752,0.04616267417660264,0.3088668094850979,False
CG17385,1.9934047,0.114711545,0.04621714258338365,0.30905509086293187,False
CG31663,1.9929614,0.8117594,0.04626566684442427,0.3092222087160401,False
Rab1,1.9861888,0.049018435,0.04701237007537666,0.31405314834288217,False
Toll-7,1.9855897,0.059016522,0.04707890190559151,0.3143377901623336,False
CG2182,1.9816154,0.0543395,0.047522301701739954,0.31690130954259027,False
CG32647,1.9812919,0.024743065,0.04755854639590073,0.31690130954259027,False
CG1598,1.9812851,0.12053645,0.047559313730440485,0.31690130954259027,False
lap,1.9797412,0.07467268,0.047732613683456174,0.3175985387939233,False
Hmgs,1.9797156,0.39318505,0.04773550009264535,0.3175985387939233,False
lncRNA:CR45919,1.979707,0.11385055,0.04773646226164372,0.3175985387939233,False
HINT1,1.978947,0.04552979,0.04782196788806471,0.3180064058953291,False
Pdzd8,1.9757515,0.18218501,0.048182925144399806,0.32024463146050247,False
Galphas,1.9745123,0.050225534,0.04832351456948778,0.32101667413704216,False
bchs,1.9729412,0.017857578,0.04850227103573929,0.32204135493158886,False
CG10470,1.9714212,0.10402095,0.04867571385963305,0.3230297374321102,False
CG18598,1.9701564,0.42155084,0.04882045097917113,0.32369973674153346,False
Ca-beta,1.9701085,0.030583099,0.048825942026006035,0.32369973674153346,False
Ubc4,1.9646075,0.075048834,0.0494596902788489,0.32773592045591254,False
CG3009,1.9637243,0.052178934,0.049562077139562136,0.3282488375069791,False
gb,1.9627984,0.8616017,0.04966961545743754,0.3287953385948258,False
Cnot4,1.9622968,0.015942411,0.04972793874566515,0.3290156672296274,False
eas,1.961898,0.047021482,0.04977435968483379,0.32915706404565476,False
VhaSFD,1.9597654,0.035975628,0.050023219326614125,0.33063636919100076,False
Gdh,1.9580247,0.039782844,0.050227113915554816,0.33181713265479656,False
kay,1.9572408,0.10778563,0.050319163881573384,0.3322581976903891,False
PICK1,1.956741,0.31370026,0.05037792453074887,0.3324791202079559,False
CG13229,1.9556404,0.4773376,0.05050752145185484,0.33299991564343834,False
rg,1.9541069,0.54391813,0.05068857637054415,0.33402602482896193,False
drpr,1.9530166,0.117677696,0.050817625515111896,0.33470857106194,False
ScsbetaA,1.9526898,0.026516339,0.05085637358611088,0.33479596639353554,False
CG33298,1.9457526,0.07221078,0.05168445533907489,0.3399067783560781,False
Tudor-SN,1.9438169,0.24249795,0.051917537092980776,0.3412688531274474,False
CG10089,1.9416928,0.054753732,0.05217429929855585,0.3427851463915119,False
shv,1.9412632,0.3635026,0.052226359970614325,0.34295570715335943,False
CG10803,1.9398084,0.07588091,0.05240298381637983,0.3439436600136019,False
Paip1,1.9381824,0.066988714,0.05260097768387339,0.3450708171573122,False
CG15747,1.9378606,0.17136358,0.052640233657839,0.34515602308583054,False
CG32225,1.9352076,0.24141574,0.05296482082234541,0.3471110950651465,False
l(3)mbt,1.9341345,0.22603379,0.05309659581939517,0.34770921206108224,False
TfIIFalpha,1.9340335,0.11165118,0.053109009787411884,0.34770921206108224,False
CG9143,1.9334943,0.3495403,0.05317532879194236,0.34797003004288973,False
CG8924,1.9294327,0.23191412,0.05367715892133163,0.35107907826097445,False
mRpS22,1.9286985,0.21379735,0.0537683024176527,0.3513254568711867,False
CG4049,1.9282724,0.19430552,0.05382126312187687,0.3514967184003291,False
RhoGEF3,1.9262681,0.027372217,0.05407091161679396,0.3529517032512035,False
EloA,1.925058,0.09803103,0.05422210611669591,0.3537628969083338,False
CG5196,1.9230092,0.3895925,0.054478893085801186,0.3552618635967382,False
Dif,1.9208766,0.30249047,0.05474726861809796,0.3568348758143885,False
mle,1.9204025,0.040689483,0.054807081120550535,0.35704761820725534,False
Hsp110,1.9201013,0.016897926,0.05484511303604003,0.35711832769750546,False
mRpL40,1.9178677,0.14792986,0.05512779812890313,0.35861771899959466,False
fred,1.9178505,0.0014248798,0.0551299689786287,0.35861771899959466,False
Pect,1.9174688,0.016109195,0.055178397443766646,0.3587551422123175,False
Tsp42Ej,1.9160602,0.120244294,0.055357433747894993,0.35974118667029686,False
dve,1.9123513,0.6178171,0.05583116210614753,0.3626403707734941,False
path,1.9102528,0.17191362,0.05610067067933334,0.36421087585298423,False
Lmpt,1.9093525,0.16966036,0.05621663162680418,0.36477089027745613,False
Acn,1.9091523,0.045405734,0.05624245233653928,0.36477089027745613,False
CG14853,1.904863,0.014478964,0.05679787608846401,0.3681914611753414,False
Dip-B,1.90354,0.5651182,0.05697012021414423,0.3691259268312895,False
CG32176,1.9024155,0.35716185,0.05711685801052645,0.36989428992524276,False
CG7991,1.9008921,0.2634283,0.05731613651052256,0.37100198706811155,False
Mrp5,1.9001065,0.109791,0.05741913626690063,0.3714856969704945,False
CG10555,1.8993158,0.044373736,0.057522964604382214,0.37197428882951883,False
Eps-15,1.8983865,0.040092044,0.0576451961182599,0.3725813462832932,False
Efa6,1.8969128,0.008480175,0.057839453313516115,0.373653105476697,False
Usp14,1.890111,0.3649117,0.058743124103456175,0.37930449666801674,False
CG4789,1.886888,0.09612287,0.05917538648060516,0.38190794614693113,False
Oatp74D,1.8864858,0.9728301,0.059229518021741694,0.3820696449708816,False
Nmda1,1.8854246,-0.009482682,0.059372530418857296,0.3824199887634424,False
gukh,1.8852432,0.56351626,0.05939700958456605,0.3824199887634424,False
GstO2,1.8852192,0.2459306,0.05940024330792892,0.3824199887634424,False
smg,1.8835162,0.1432193,0.05963044306523448,0.38371401659019644,False
CG3078,1.8824242,0.13277486,0.05977843758472557,0.3844780567123319,False
Tsr1,1.8818406,0.6846186,0.05985766295520506,0.38479926185488966,False
CG14903,1.8810345,0.12202277,0.0599672347381036,0.3853151415445874,False
Adk2,1.8802146,0.17453256,0.060078838155402735,0.38584356469305564,False
comm,1.8786656,0.117271625,0.06029016647339279,0.38701162064503236,False
CG2186,1.8783969,0.06166656,0.060326890501711285,0.38705827206664367,False
Mical,1.8766682,0.083974764,0.06056358422003799,0.3883872604447532,False
Nrx-1,1.8742994,0.1600378,0.060889174341526214,0.390284756511051,False
CG10527,1.8706657,0.19067734,0.061391433737189124,0.3933122570973501,False
Cdep,1.8699024,0.095652305,0.061497383300562,0.3937990334158795,False
Hpf1,1.8666862,0.53585047,0.06194541302042937,0.3962755183451948,False
CG1513,1.8664775,0.011220111,0.06197459590558412,0.3962755183451948,False
SMSr,1.8655549,0.2955355,0.06210366304696171,0.39690765196355876,False
Dh31,1.8628746,0.11331979,0.062479914467715024,0.39903805131851694,False
Cep164,1.8627479,0.013210557,0.062497740457649005,0.39903805131851694,False
CG8321,1.8607436,0.14063005,0.06278038508153172,0.40064801358490865,False
Hmg-2,1.8598725,0.56737894,0.06290357168767248,0.40123928736699827,False
Agpat3,1.8593847,0.07105157,0.06297263373119627,0.4014664253938061,False
CG5554,1.8589962,0.080633014,0.06302768587676542,0.4014664253938061,False
Jwa,1.8589739,0.037497986,0.06303083984683577,0.4014664253938061,False
CG4911,1.8578545,0.003471507,0.06318967725497962,0.40208830950626256,False
PRL-1,1.8564785,0.09799923,0.06338539843853783,0.4031384973293258,False
Rap2l,1.8560112,0.043328345,0.06345196981933178,0.40336665864829196,False
CG9281,1.8544416,0.033173967,0.06367600442623761,0.4045951151647786,False
Tpi,1.8540839,0.0958614,0.06372715707855198,0.4047244291987303,False
lva,1.8522406,0.101580955,0.06399129072106824,0.40601256217453296,False
Pde1c,1.8522371,0.03781394,0.06399178205962387,0.40601256217453296,False
CG5532,1.8490381,0.05868225,0.06445230159891144,0.40873708639464107,False
Vti1b,1.8475884,0.14186308,0.06466190037900828,0.40986848575984985,False
Coa7,1.8460447,0.056242753,0.06488572759048784,0.4107841349767307,False
Als2,1.8459454,0.24685945,0.064900141873036,0.4107841349767307,False
Pef,1.8451375,0.0070550614,0.06501754256254888,0.41132908486850855,False
foxo,1.8431144,1.099402,0.06531231057697574,0.41279642182850473,False
CG30022,1.8427413,0.4820838,0.06536679576386228,0.4129421617005531,False
Ssb-c31a,1.8418033,0.02934216,0.06550392407308984,0.41360959265756875,False
Sarm,1.8408619,0.5385798,0.06564179124591431,0.4142810456154246,False
hfp,1.8402869,0.08741701,0.0657261331983748,0.41461420558168255,False
Snx17,1.839592,0.073243864,0.06582816555332975,0.4150585870301118,False
CG15236,1.837218,0.013518391,0.06617771947176442,0.4170624622824865,False
Nipped-A,1.8357854,0.0088862125,0.06638940044514262,0.4181959356899204,False
Ntf-2,1.8348098,0.023336073,0.06653387495358572,0.41890518298520185,False
Amun,1.833877,-0.004584699,0.06667225492277754,0.41957539735885857,False
CG10226,1.8320884,0.8810499,0.06693825190821187,0.4210476927112992,False
MTA1-like,1.8299438,0.12128355,0.06725834495394975,0.42285868549995204,False
Grp170,1.8289528,0.04106659,0.06740668204703784,0.4235886188895635,False
Smg6,1.8281552,0.17661677,0.06752626450267092,0.42413724453398466,False
CG32333,1.8263803,0.050998244,0.0677930004243861,0.4256091856552477,False
Aldh,1.8258839,0.28871366,0.06786774876434615,0.4257978743750779,False
CG42709,1.8257505,0.39503065,0.06788786505447399,0.4257978743750779,False
speck,1.8250932,0.060481198,0.06798697061114792,0.42621602759087956,False
zetaCOP,1.8228544,0.07465032,0.06832544217758484,0.4281336720140509,False
Ctl1,1.8197188,0.6813692,0.06880183715839576,0.4309133175697427,False
Capr,1.8182161,0.113310464,0.06903111873467621,0.4321433540608125,False
CAH7,1.8157377,0.21674998,0.06941062153862329,0.4343121747702429,False
eIF3h,1.8154981,0.018755961,0.0694474044579595,0.4343355043206034,False
CG14441,1.8135229,0.096121445,0.06975121095261416,0.43602802660197437,False
Hgsnat,1.8116555,0.19730535,0.0700394343155197,0.43762157247072225,False
ND-B17.2,1.8097249,0.078582644,0.07033845941436395,0.4392810630725962,False
YL-1,1.8081399,0.1386016,0.07058471783407136,0.440400376229676,False
CG8635,1.8070737,0.096728414,0.07075079469523782,0.4412244322477659,False
pdgy,1.8068272,0.81227595,0.07078922720309798,0.4412244322477659,False
Pisd,1.8066458,0.32675073,0.07081752873748388,0.4412244322477659,False
lncRNA:CR30055,1.8057814,-0.01689341,0.07095248894927594,0.44185578426231564,False
zyd,1.7992928,0.67590046,0.07197237308332805,0.44799478082185246,False
RanBPM,1.7988957,0.04084319,0.0720351754372317,0.4481733926350495,False
CG17698,1.7982146,0.013941837,0.07214301850016902,0.44863192763474724,False
Zif,1.7977182,0.22361015,0.07222168085731048,0.44874023697890064,False
Trabd,1.7976737,0.0590019,0.07222873677400113,0.44874023697890064,False
Nap1,1.7974083,0.003907928,0.07227081260727675,0.4487894506897998,False
prd1,1.7964482,0.010801213,0.07242326778853672,0.44952373110126237,False
scu,1.7957464,0.33190498,0.07253485424952218,0.4500037699899534,False
hyd,1.7943549,0.11385982,0.07275653828664476,0.451166075076221,False
Sgt,1.7936103,0.09119605,0.07287537905251477,0.451575128426971,False
Nos,1.7935112,0.060150478,0.07289123648353162,0.451575128426971,False
Pgk,1.7924088,0.051979043,0.07306749845772806,0.45245378404078546,False
Gmppb,1.7910173,0.24514659,0.07329051337581567,0.45362098245794535,False
Nlp,1.7906613,0.0837072,0.07334765944560939,0.45366128155479823,False
Dh44-R2,1.7905467,0.48993674,0.07336607483287262,0.45366128155479823,False
klg,1.7887169,0.052833278,0.07366040833601716,0.4552670581068981,False
Spase12,1.7856635,0.08370347,0.07415375641304144,0.4581007800974915,False
mir-990,1.7846074,1.0616492,0.07432500907885548,0.4587273928117243,False
TfAP-2,1.7839844,0.2961077,0.074426191308314,0.4591362224372047,False
aay,1.7837243,0.23676531,0.07446847652732236,0.45918150237870287,False
Aldh-III,1.7828634,0.15799381,0.07460854719602479,0.45961383504724135,False
CG2200,1.7822335,0.308465,0.07471116062236012,0.4598330213014171,False
mRpS26,1.7820008,0.08915558,0.07474911213849521,0.4598330213014171,False
CG5986,1.7815061,0.06776425,0.07482981139663035,0.4601140485501744,False
Dref,1.7791698,0.296594,0.07521193109306691,0.46203121765446437,False
Gs1,1.7780572,-0.0002643835,0.07539445200117446,0.462936027708146,False
CG13384,1.7769327,0.11898968,0.07557930578844523,0.46377080804420684,False
CG31323,1.776801,0.14244524,0.07560099473597344,0.46377080804420684,False
Ufm1,1.7759845,0.21478106,0.07573546676855039,0.46437892362984234,False
SelG,1.775495,0.15234216,0.07581618716088268,0.4646570425811559,False
CG3040,1.7747025,0.21721752,0.07594701268183834,0.4652418399251076,False
Iqsec,1.7744355,0.019192422,0.07599113358334392,0.46529519817574044,False
Pde8,1.772813,0.0679113,0.07625970275500688,0.46672216776934805,False
Snrnp48,1.7698503,0.38714018,0.07675209359595034,0.46925456803304383,False
CG11030,1.7697184,0.02365951,0.0767740566659646,0.46925456803304383,False
RhoGAP1A,1.7696791,0.10013529,0.0767806180571571,0.46925456803304383,False
nsl1,1.765561,-0.014624833,0.07746952580550315,0.4731021036962218,False
Pax,1.7654856,0.3781803,0.07748217101630664,0.4731021036962218,False
spab,1.7637947,0.06553471,0.07776655652487335,0.4743976567951884,False
Rab26,1.7624613,0.026175559,0.07799138242057248,0.47540530337343545,False
CG42404,1.7623861,0.024770766,0.07800409696142518,0.47540530337343545,False
Sou,1.7618315,0.43749395,0.07809777419492804,0.4757555646366965,False
not,1.7609739,0.10820652,0.07824280724624443,0.4764182053826004,False
Amph,1.759372,0.010889093,0.07851435460442392,0.4778502174627746,False
ths,1.7583569,0.020407168,0.0786867891430899,0.4786779672871302,False
asRNA:CR45621,1.7572855,0.51044273,0.07886915374265652,0.47956533094794385,False
CG9121,1.7556612,0.070506796,0.07914626939551575,0.48102774276460547,False
Rab10,1.7549115,0.08124722,0.07927443575001823,0.481380965426627,False
Ubr3,1.7548927,0.055066522,0.07927765671105182,0.481380965426627,False
Pi4KIIIalpha,1.7544528,0.0025376717,0.07935294036746127,0.48139318394664865,False
RalGPS,1.7541413,0.02132605,0.07940628923786185,0.48149452726603814,False
Bgb,1.7532855,0.07284637,0.07955300219322206,0.48200182427751664,False
CG34155,1.7532103,0.044337206,0.07956592347623857,0.48200182427751664,False
SelR,1.7530117,0.01017113,0.07959999685557162,0.48200182427751664,False
Ykt6,1.7524006,0.15462123,0.07970493505410994,0.48241494546798924,False
HnRNP-K,1.7514901,0.017382855,0.07986152216945913,0.4831401479312583,False
lncRNA:CR45312,1.7502167,0.0013518326,0.08008092789040565,0.48424454324893246,False
CG44837,1.747995,0.0126089305,0.08046488079409467,0.48634247177295487,False
EMC1,1.7458179,0.1969453,0.0808425921352022,0.4881763146399618,False
trbd,1.7448715,0.23888919,0.08100724992389664,0.48894591823610556,False
Alg-2,1.7433258,0.05374003,0.08127670669309406,0.49034707343767486,False
Eip63F-1,1.7427114,-0.024461482,0.0813840348131964,0.4907692599565859,False
CdGAPr,1.7421894,0.14202188,0.08147530921406812,0.49109429498754825,False
CG15803,1.7381809,0.056741063,0.08217894792542431,0.49498678680502173,False
CG32547,1.7380816,0.24295756,0.0821964359823864,0.49498678680502173,False
CG3164,1.7367158,0.52898365,0.08243735405831913,0.4962101842997313,False
Usf,1.7348827,0.06989938,0.0827615908798645,0.4978829479691669,False
Su(var)2-HP2,1.7346071,0.042147003,0.08281042160621642,0.4978829479691669,False
Pop2,1.7345027,0.07699552,0.08282892878695577,0.4978829479691669,False
PXo,1.7337188,0.15420105,0.08296799142814505,0.4984908126958509,False
CG15019,1.7307013,0.1976083,0.08350505819892438,0.5009793766636657,False
MBD-like,1.7305353,0.11234656,0.08353468906165079,0.5009793766636657,False
Jarid2,1.7281716,-0.0017115034,0.08395747132343954,0.5032852067472607,False
CG14767,1.7257223,0.017754534,0.08439738640743526,0.5056915902388049,False
Lsd-2,1.725445,0.7381622,0.08444730543055078,0.50571419078651,False
Usp30,1.7252738,0.12766379,0.08447813156593528,0.50571419078651,False
Glyp,1.7237437,0.047356736,0.08475412193896989,0.5068771787954878,False
puml,1.7235554,0.20325264,0.08478813082134568,0.5068771787954878,False
Cul2,1.7232388,0.07426516,0.0848453524710817,0.5069886000318389,False
Dhc64C,1.7228657,0.013791328,0.08491282131170641,0.5071611236526465,False
CG6878,1.7216128,0.029913697,0.08513968559113545,0.5082850834473057,False
Hs6st,1.7197351,0.07636658,0.08548058946688038,0.509856988467911,False
Usp15-31,1.7177755,0.16472638,0.08583758583622199,0.511682017301411,False
CG5455,1.7173389,0.13848723,0.08591725538792647,0.5117646127821186,False
Fip1,1.7167073,0.079398304,0.0860326476902108,0.5119877675042436,False
CG9368,1.7161665,0.02740335,0.08613156552784805,0.5121218764161303,False
mRpL36,1.716158,0.049953774,0.0861331314215866,0.5121218764161303,False
CG10283,1.7142513,0.19147891,0.08648258632789789,0.5139670666434094,False
Pfdn6,1.7133013,0.012664453,0.08665711321857097,0.5147714591736088,False
CG5282,1.7130104,0.022396363,0.0867106287652717,0.5148566027906327,False
Map205,1.7122214,0.04716693,0.08685588463666248,0.515486144591574,False
Sec61alpha,1.7091199,0.1956099,0.08742872981701923,0.518417648824744,False
Rme-8,1.7079989,0.33237046,0.08763654995047312,0.5194155463911668,False
Rpt1,1.7043686,0.06486374,0.08831224224438022,0.5227130013924127,False
CG4297,1.6986656,0.045465324,0.08938220121189934,0.5280944801818154,False
twz,1.6976302,0.15742283,0.08957759182521981,0.5290110366666914,False
CG13532,1.6958843,0.21577714,0.08990778929852829,0.5307225298215011,False
mats,1.6946229,0.18819588,0.09014698233335895,0.5318955311451893,False
rno,1.6931612,-0.011941014,0.09042478791208607,0.533295203395337,False
cbt,1.6923157,0.054120526,0.09058579995142911,0.5340051194983305,False
dom,1.6908779,0.010418366,0.09086011504947158,0.5352826419310238,False
CG9344,1.690753,0.23933136,0.09088398585602087,0.5352826419310238,False
Sgip1,1.6894128,0.05105519,0.09114034207825035,0.5365520138477642,False
CG34132,1.6863834,0.08943648,0.09172198738727728,0.5397343995829931,False
Wnt5,1.6855122,0.18979841,0.09188980260018668,0.5404798595194508,False
beat-IIIb,1.6847214,0.0037661563,0.09204233559696223,0.5408927950554936,False
trus,1.6821917,0.123596296,0.09253167577258266,0.5435253552309951,False
Usp1,1.6813616,0.0758973,0.09269270532596183,0.5442279481604729,False
mtd,1.6811031,0.18915409,0.09274288620312221,0.5442793768240402,False
CG34125,1.6800591,0.034474313,0.09294582570610922,0.5452268525795871,False
Tret1,1.6784536,0.7782737,0.09325858207634015,0.5468173888813519,False
CG18135,1.6779915,0.015827553,0.09334876425386021,0.5471020349222673,False
Lpt,1.6777655,0.3638399,0.09339287877764933,0.5471165524468623,False
phtf,1.6760796,0.124333926,0.09372259503260917,0.5486001779672435,False
Sap30,1.6751109,0.22120547,0.09391247833639231,0.549119359259232,False
CG14104,1.6750065,0.7263907,0.09393296119469913,0.549119359259232,False
CG13375,1.6749517,0.068664044,0.09394370773323849,0.549119359259232,False
cin,1.6725966,0.24066532,0.09440674233337135,0.5513353752268887,False
CG5149,1.6700994,0.07903838,0.09489970343452522,0.5537220706614838,False
Got1,1.668891,0.053889945,0.0951389832234196,0.5548718329142182,False
Vps26,1.6660515,0.093857326,0.09570315907061804,0.5579146007932214,False
CG11444,1.6650296,0.12960853,0.09590683491869564,0.5588540181071666,False
CG32772,1.6637956,0.020150641,0.09615327768660951,0.5600416971640289,False
Syp,1.6626283,0.11676574,0.09638685613562015,0.561153429163513,False
CG7781,1.6593934,0.124599196,0.0970365358969122,0.564483745241751,False
gzl,1.6593524,0.0016392212,0.09704480825731474,0.564483745241751,False
CG17078,1.6582347,0.19083287,0.09727010187033336,0.5655438666266285,False
lncRNA:CR46348,1.6574508,0.11106344,0.09742836724433931,0.5662135097702868,False
AnxB11,1.6551983,0.5073865,0.09788426665493562,0.5686115224782732,False
Rcd5,1.6522733,0.3006571,0.09847885451784427,0.571812703651999,False
Dred,1.6519395,0.021001939,0.09854688099994133,0.5719549542134403,False
Plp,1.6516571,0.16022916,0.09860447117179615,0.5720365347449895,False
Ide,1.6488861,0.147724,0.09917097941634882,0.5750691392457297,False
Sodh2,1.64789,0.698795,0.09937526201320969,0.5759995336804479,False
Naprt,1.6469828,0.14375097,0.09956158451944547,0.5768250531682158,False
Pcmt,1.64535,0.08205213,0.09989766723178631,0.5785171209456467,False
CG11790,1.6429007,0.21720606,0.10040348703220309,0.5811902289000654,False
rhea,1.6412114,0.004018645,0.10075355298137784,0.5829597913585667,False
und,1.6383992,0.05961512,0.10133844326678587,0.5860858910763936,False
CG7272,1.638163,0.26077163,0.10138769263130974,0.5861127501871579,False
shn,1.6372781,0.11262935,0.1015723688040201,0.5869221310839156,False
DENR,1.6341357,0.11433651,0.10223036688275325,0.589836255263456,False
wun,1.6340125,0.13534953,0.10225623968722623,0.589836255263456,False
CG42402,1.631683,0.008210425,0.10274628842224713,0.5920338499660558,False
Srrm1,1.6314622,0.037949782,0.10279283358803895,0.5920338499660558,False
ReepB,1.6314194,0.0620954,0.10280185590873808,0.5920338499660558,False
CG13920,1.6311661,0.020622801,0.10285528094951243,0.5920338499660558,False
Surf4,1.6311319,0.06913978,0.10286250224296083,0.5920338499660558,False
Spp,1.6307861,0.17967102,0.10293545991173794,0.5921943709458128,False
CngA,1.630377,0.5346254,0.1030218342576208,0.5923584538789325,False
myo,1.63011,0.11514068,0.10307824357222554,0.5923584538789325,False
CG5098,1.6300107,0.13681567,0.10309922252824343,0.5923584538789325,False
mPges2,1.62928,0.1708114,0.10325377557208865,0.5929871551648797,False
Pdi,1.6287715,0.046745796,0.10336138357190665,0.5933458191939072,False
Ppa,1.6284275,0.072341755,0.10343425975834987,0.5935048791374311,False
Ant2,1.6274759,1.5729876,0.10363606038552467,0.5944032446380595,False
mAChR-B,1.6256856,0.07583081,0.10401655486376883,0.5960652119101275,False
MRP,1.6202222,0.09144068,0.10518454598059632,0.6024956121120469,False
CG14200,1.6192226,0.08109926,0.10539936070518775,0.6034630063904868,False
CG9399,1.6176925,0.13935335,0.10572887795730193,0.6045593804869223,False
Dip-C,1.6145107,0.21011704,0.10641669834452953,0.6075120899858074,False
Nfs1,1.6144011,0.10599661,0.10644044102739755,0.6075120899858074,False
rdgA,1.6142352,0.023007277,0.1064764340363253,0.6075120899858074,False
CG13409,1.6136925,0.23509829,0.10659412796402565,0.6079196360448338,False
CG12502,1.6125526,0.053752903,0.10684173247627023,0.6090674033571326,False
eIF5B,1.6121025,-0.0022523492,0.10693963567433729,0.6093611503732835,False
CG14408,1.6114384,-0.00045130064,0.10708420058888789,0.6099204142774108,False
tamo,1.608883,0.1721,0.10764192209276327,0.6128313935437215,False
Tsp42Ee,1.6069815,0.089041725,0.1080584353373108,0.6149362669260563,False
CG13685,1.6066717,-0.017872,0.10812641282028816,0.61505673786086,False
Nubpl,1.6063328,0.032759584,0.10820081368995077,0.6152136269519486,False
Svil,1.6053777,0.11060449,0.10841070687856773,0.6161404361524135,False
P32,1.6033238,0.14905782,0.10886318151455686,0.618444533117716,False
CG15894,1.602913,-0.020067185,0.10895385544343379,0.6186921609882109,False
CtsF,1.6009413,0.042652126,0.10938992207359687,0.6209000328497032,False
CDK2AP1,1.6000359,0.22088802,0.10959062621956586,0.6217706513493503,False
Hexim,1.5983278,0.21946329,0.10997006282820852,0.6236541327417608,False
Snx6,1.596457,0.08570008,0.1103868083839552,0.6257474815207814,False
tnc,1.5961916,0.7242005,0.11044600857388166,0.6258130886851251,False
Scgalpha,1.5958939,0.076449335,0.11051249543471964,0.6259199094880242,False
CG12024,1.5951647,0.12549871,0.11067540705008591,0.6264542800684376,False
Gfrl,1.593934,0.06233435,0.11095079830654027,0.6275908264089277,False
Trxr1,1.5925546,0.048557222,0.11126015513911697,0.6289665289290688,False
Zcchc7,1.5921403,0.06851109,0.111353171723911,0.6289665289290688,False
CG14764,1.5920308,0.12649333,0.1113777814100704,0.6289665289290688,False
CG10254,1.5919966,0.103477724,0.11138547281719507,0.6289665289290688,False
pns,1.5908395,0.06276833,0.11164568898728144,0.6301651002117173,False
CG8209,1.5899118,0.18042453,0.11185467010000903,0.6310735788381789,False
robo1,1.5861686,0.0038289144,0.11270105671525474,0.6348417105830341,False
Dis3l2,1.5861036,0.24286903,0.11271580751828147,0.6348417105830341,False
CG5079,1.584902,0.0834924,0.11298858302403864,0.6361053902895748,False
Hsf,1.5833377,0.06472358,0.11334451445004455,0.6378359399886875,False
Camta,1.5805906,0.0006206814,0.11397167306905502,0.6410906610134345,False
CG10631,1.580351,0.05542523,0.11402650779748615,0.641124652314492,False
Gp93,1.5789715,0.13815749,0.11434260328508546,0.642626949172807,False
Crag,1.5762877,0.080017306,0.11495951404464264,0.645541886558378,False
mld,1.5757811,0.22568634,0.11507626493815996,0.6459113601448686,False
Etfb,1.5755757,0.26133946,0.11512362294210672,0.6459113601448686,False
tio,1.5737494,0.6000709,0.11554538893807932,0.6478210902118182,False
MICAL-like,1.573467,0.1224607,0.11561071880638855,0.6478210902118182,False
Sys1,1.5729638,0.08947267,0.11572719672149402,0.6481275623923183,False
AP-2mu,1.5727996,0.118322775,0.11576525029944985,0.6481275623923183,False
CG4768,1.5713618,0.006351553,0.11609863881589275,0.6497172547022276,False
Ankrd11,1.5708535,0.078427844,0.116216695853219,0.6501010572632174,False
AMPKalpha,1.5703006,0.03235627,0.1163451949062383,0.6505429196033921,False
cos,1.5691025,0.29829946,0.11662405891241552,0.6518248124666695,False
mys,1.5683203,0.11965434,0.11680640035420603,0.6524874854607252,False
RabGGTb,1.5681679,0.15257895,0.11684193708440536,0.6524874854607252,False
Nep1,1.5665711,0.34853575,0.11721498505925858,0.6542926523698631,False
lncRNA:CR45706,1.5630041,0.43479323,0.11805162209834628,0.6581240196742767,False
Kat60,1.5611762,0.24427941,0.11848219027507874,0.6602442664183776,False
Picot,1.5607791,0.6701504,0.11857588454996536,0.6602941344328149,False
CG13921,1.5607123,0.074730806,0.11859164058306265,0.6602941344328149,False
Atg3,1.5602143,0.06703709,0.11870925665739324,0.6605693124113375,False
Ets65A,1.5600773,0.022703461,0.11874160699509735,0.6605693124113375,False
rogdi,1.5582237,0.12081551,0.11918023012400808,0.6627288293819155,False
CG4238,1.5568699,0.04511104,0.11950139267826913,0.664233629353831,False
Ubc10,1.5564351,0.019108154,0.11960466569307752,0.6645265569585788,False
axed,1.5537684,0.05454266,0.12023965817787391,0.6669628431103741,False
Setd3,1.5537411,0.28316033,0.12024619294737263,0.6669628431103741,False
Dic1,1.5533183,0.056487415,0.12034710873487993,0.6672409319731318,False
eEF2,1.5505456,0.064301886,0.12101062993460004,0.6703539955061739,False
Syx8,1.5497788,0.11423425,0.12119462651883076,0.6710903465897329,False
Utx,1.5478446,0.06864987,0.12165969726658034,0.6730493247544053,False
Teh1,1.5475554,-0.014976063,0.12172937189781916,0.6730493247544053,False
cv-2,1.5474561,0.440955,0.12175329109141715,0.6730493247544053,False
CG16985,1.546917,0.45559067,0.12188326123877309,0.6734844628584854,False
PTP-ER,1.5458575,0.02899088,0.122138978869052,0.6743303287140099,False
lncRNA:CR44922,1.5448631,-0.0094449865,0.12237937950230708,0.6753738121210899,False
kuk,1.5434066,0.07415988,0.12273216539896113,0.6770363783972919,False
Gapvd1,1.5431515,0.12711322,0.12279401567087549,0.6770933134348737,False
CG42663,1.5428777,0.10674615,0.1228604591782392,0.6771755174505298,False
jagn,1.5421519,0.09507588,0.12303667029162302,0.6774753011384917,False
spri,1.5420954,0.141585,0.12305039311044894,0.6774753011384917,False
Cka,1.541048,-0.003178333,0.12330510572673227,0.6784878933204614,False
CG12091,1.5401425,0.017087303,0.12352560554008021,0.6794076431476828,False
Prosbeta1,1.5399371,0.09137853,0.12357566720874899,0.6794076431476828,False
Ask1,1.5381725,0.43764216,0.1240064332051811,0.681490812344659,False
Taf3,1.5364643,0.06932351,0.12442452653920659,0.6835026248851065,False
Afti,1.5357113,0.052588463,0.12460920515788255,0.6842310721999904,False
Timp,1.5342427,0.470993,0.12496994328049951,0.6859252525922154,False
Pgm2a,1.533541,0.28576478,0.1251426112186619,0.686586184306145,False
Med,1.5331541,0.031111775,0.12523786863375566,0.686822034160079,False
Plod,1.53255,0.48059806,0.12538676872968538,0.6873517484806282,False
NTPase,1.5314255,0.18768586,0.1256642673994401,0.6882986551182338,False
ADD1,1.5306073,0.056033842,0.12586646195914764,0.6887558229430186,False
Cap-G,1.5304517,0.458488,0.12590498376781817,0.6887558229430186,False
CG6357,1.529844,0.4406408,0.12605534895931197,0.6890046943949082,False
CAHbeta,1.5295291,0.9332128,0.12613333973849933,0.6891443177396596,False
CG11999,1.5288187,0.18429002,0.1263093808230831,0.6898193117270623,False
CG6180,1.5278894,0.07539828,0.1265400077971756,0.6907917334669246,False
GramD1B,1.525755,-0.005893048,0.12707088379148349,0.69311391158991,False
pst,1.5227768,0.8071393,0.1278145355118188,0.6968809114627796,False
CG7407,1.5219742,0.012183814,0.1280155575361295,0.6976874433947498,False
CG4645,1.52156,0.12268546,0.1281193792913762,0.697963782706751,False
KaiR1D,1.5212262,0.20644955,0.12820308493538998,0.6981303506220573,False
fog,1.5180118,1.0962815,0.1290114126166722,0.7022410777891768,False
Ube3a,1.5169506,0.23576593,0.129279140241442,0.7034069990776595,False
strat,1.5126461,0.17836945,0.1303695919860198,0.7084600656312242,False
Fkbp39,1.511905,0.14408742,0.1305580498527952,0.709190895025105,False
CG6923,1.5114993,0.33612978,0.13066129061924558,0.7093952121046867,False
SREBP,1.5106777,0.08439108,0.13087057985175768,0.7093952121046867,False
otk2,1.5104809,0.7788621,0.13092076065169933,0.7093952121046867,False
TER94,1.5104399,0.04916176,0.13093123504835671,0.7093952121046867,False
Crz,1.5102738,0.7587793,0.13097357568995205,0.7093952121046867,False
kek2,1.5099914,0.021192266,0.13104562282365423,0.7094929888351118,False
CngB,1.5094864,0.20220618,0.1311745109560797,0.7098983006436933,False
kn,1.508872,0.31628096,0.13133149382749976,0.7104552609688543,False
ena,1.5083089,0.010673288,0.1314754862195897,0.7109415180762999,False
CG7231,1.505851,0.33203512,0.1321054090406809,0.7134669440174876,False
Prp8,1.5035799,0.18150425,0.13268959380391226,0.7163275524171763,False
lncRNA:CR44320,1.5016133,0.17668381,0.13319703185293913,0.7187716626478933,False
Cyp4g15,1.5007163,0.39404592,0.13342894644711437,0.7197275682738434,False
Grx3,1.4986248,0.14686482,0.1339709994315033,0.7217625799630806,False
CG43707,1.498024,-0.005170778,0.1341270099630685,0.7223069307027542,False
Scr,1.4975173,1.3599288,0.1342586835723194,0.7225843224819452,False
mab-21,1.4974027,0.40047207,0.13428850194070852,0.7225843224819452,False
Uba1,1.4971597,0.010161253,0.13435171600754423,0.722628550282084,False
Rab40,1.4963312,0.265761,0.13456735091211428,0.7234922221706962,False
MED1,1.4959427,0.16312939,0.13466857759008694,0.7237403310976451,False
CG13893,1.4932452,0.08285569,0.13537299091284608,0.7272285775121821,False
egl,1.4917973,0.2984699,0.1357522937176749,0.7286704001022255,False
CAH1,1.4909518,0.03305209,0.13597415710805721,0.7295632602694454,False
Nbr,1.4893566,0.2149123,0.1363934956156521,0.7315145030161913,False
sli,1.4890177,0.027824797,0.13648271096966064,0.731694337878964,False
CG8507,1.4878812,0.21289366,0.1367822266049371,0.7326429572245423,False
CG31688,1.4877118,0.011716876,0.1368269267145378,0.7326429572245423,False
Ugp,1.4869998,0.17890958,0.13701488066900774,0.7333505221958296,False
mri,1.4859557,0.15486658,0.13729084629344648,0.7345283877426249,False
Ugt316A1,1.4857126,0.3198618,0.13735514893928413,0.7345733239976368,False
cwo,1.4831436,0.019331181,0.13803627613600494,0.7379156502958115,False
Ankle2,1.4819437,0.26071554,0.1383552679426053,0.7393201385790296,False
Spase25,1.480826,0.11172882,0.13865292793222073,0.740609541881862,False
CG42784,1.4797084,0.0084530795,0.13895108097547598,0.7416528463998908,False
Pdf,1.4796708,0.71568054,0.1389611345385488,0.7416528463998908,False
CG31183,1.4781269,0.7903891,0.1393738131222674,0.743251584588715,False
firl,1.4774508,0.6949536,0.13955482833813926,0.7438332208545962,False
Lamtor1,1.4772968,0.13075937,0.13959609761243794,0.7438332208545962,False
CG14621,1.4761672,0.4050766,0.13989902602660592,0.7451451974015411,False
Trx2,1.4756399,5.6569137e-05,0.14004056560837688,0.7455591425736844,False
grn,1.4754552,0.45898855,0.14009022245163064,0.7455591425736844,False
KdelR,1.4718984,-0.0011598265,0.14104829682743533,0.7500504331495348,False
CG42239,1.4715887,0.4551738,0.14113198584393744,0.7501918665005413,False
Pfdn5,1.4702673,0.020643288,0.1414893642984302,0.7517874027017278,False
Rab39,1.4691907,0.13349846,0.14178105816850026,0.7530327826734411,False
CRIF,1.4680799,0.076626204,0.14208251088283397,0.754328966868864,False
Psa,1.4676007,0.18849592,0.14221271942014527,0.7547153203476207,False
Hcs,1.4662708,0.30430165,0.14257452806773854,0.7563299551110555,False
CG9410,1.4647048,0.07990472,0.14300150171302956,0.7576773114956485,False
CG3632,1.4636229,0.18150833,0.14329698930641396,0.758936896205675,False
pxb,1.4630599,0.092039496,0.14345099644831608,0.7594464517852028,False
CG16953,1.4623188,0.09454801,0.1436538801699582,0.7602142510806487,False
CG13698,1.4614681,0.12802032,0.14388702250252244,0.7611414958466767,False
Gat,1.4600235,0.54418033,0.1442836068308226,0.762625339403463,False
Tsp97E,1.4594399,0.013442821,0.14444407561688855,0.7630139554456024,False
bbx,1.4593338,0.7677768,0.14447326644966962,0.7630139554456024,False
CCT3,1.458591,0.14537154,0.14467772888472472,0.7635198633348609,False
CG10338,1.4585636,0.5313787,0.14468527090592112,0.7635198633348609,False
Aatf,1.4577438,0.2710087,0.14491119970533434,0.7640983804687372,False
Srpk79D,1.4568691,0.0982713,0.14515251972502413,0.7650638223773836,False
mRpL55,1.4561657,-0.008442673,0.14534683794139383,0.7654739280761182,False
comt,1.4558986,0.019009616,0.14542064589594433,0.7655558041156685,False
side-IV,1.4553595,0.014391821,0.14556976867164317,0.7657272859669301,False
CG13148,1.4537625,0.27117002,0.14601214312829655,0.7674398242823267,False
CG30392,1.4529581,0.13707355,0.14623537920403232,0.7680736340981308,False
Vps2,1.4529067,0.15084225,0.1462496371775893,0.7680736340981308,False
tey,1.4497164,0.53823084,0.14713762060114072,0.7722652815599533,False
nkt,1.4496171,0.21552041,0.14716531697306873,0.7722652815599533,False
eIF2Bbeta,1.4480476,0.2718919,0.14760373604928861,0.7742567232286037,False
Hacd2,1.4475445,0.2147391,0.14774450901476116,0.7746858932378139,False
CG34393,1.447084,0.16577734,0.1478734013538319,0.7750524506539095,False
ics,1.446615,0.21897623,0.14800477777571322,0.7754317304517032,False
wapl,1.4415454,0.080942504,0.14943068376159815,0.7824151556241447,False
kri,1.4414529,0.11651037,0.1494567763026334,0.7824151556241447,False
CG12822,1.4394846,0.022522751,0.15001327653328214,0.7847032060697959,False
HisRS,1.4391029,0.24106787,0.15012137189622696,0.7849561586615289,False
Mtl,1.4385741,0.14966154,0.150271252427321,0.7852443151413334,False
HP1c,1.4375129,0.14338014,0.15057232771479248,0.7863753522147747,False
EMC6,1.4371055,0.1014788,0.150688023840734,0.7866669182627114,False
ced-6,1.435892,0.6150524,0.15103308324033224,0.788154866176507,False
CG2926,1.4356815,-0.0173183,0.15109300668939277,0.788154866176507,False
IntS6,1.434266,-0.0020510699,0.15149637710662342,0.7899453949131079,False
Uggt,1.4340143,0.31065208,0.15156816234453788,0.7900062091262308,False
CG8641,1.4327751,0.14717473,0.15192209492530803,0.7915370052809467,False
Syx1A,1.4320683,0.1433856,0.15212427461747235,0.7922762459269072,False
Rs1,1.4303772,0.2528423,0.15260877042332224,0.794169997371269,False
CG42376,1.4291483,0.061697762,0.15296159961859981,0.7956909813889159,False
Rpn7,1.4285647,0.1786622,0.15312938611019167,0.7962485688515704,False
Syx17,1.4277534,0.066339105,0.1533628467473228,0.7968318727796844,False
puf,1.4267625,0.0127509935,0.15364839048946408,0.7979999411191929,False
CG7943,1.4233752,0.025686197,0.15462742038303867,0.8027674057025398,False
CG2818,1.4227676,0.2579368,0.15480354239422778,0.8031424654698188,False
raptor,1.4227042,0.0005282205,0.15482190753691408,0.8031424654698188,False
Tango11,1.4217937,0.042075243,0.15508615148843505,0.8040021813948048,False
CG9098,1.4201916,0.4156476,0.15555189299691088,0.8056776666895142,False
Vha68-2,1.4201779,0.88982946,0.1555558782641779,0.8056776666895142,False
Rpn6,1.4198408,0.029592477,0.15565403992379873,0.8057212891949086,False
mRpL1,1.4197278,0.07874687,0.15568693708263873,0.8057212891949086,False
XNP,1.4181823,-0.015627243,0.1561375601571899,0.807735252151762,False
CG3257,1.4176756,-0.016115785,0.15628548783603685,0.8081823337920205,False
CG10019,1.4159931,0.286597,0.15677751044767796,0.8104077448003495,False
CG3191,1.4151356,0.12182424,0.15702872820669478,0.8112703527969858,False
Upf1,1.4150021,0.10371492,0.15706786739083195,0.8112703527969858,False
CG10947,1.4125597,0.07039897,0.157785219554755,0.8143353436565124,False
put,1.4090921,0.011973126,0.15880794834059442,0.8192918889656108,False
CG32085,1.4069577,0.07225486,0.15943992620305192,0.822229446745723,False
bigmax,1.4063569,0.14632012,0.15961815517519196,0.8228256410364937,False
CG7453,1.406001,0.2938611,0.15972384342720491,0.8230475696601853,False
Dsor1,1.4055576,0.07764941,0.15985551959470035,0.8234031859954382,False
Hel25E,1.4047618,0.08088991,0.1600921325747533,0.8242988330847407,False
corn,1.4036766,-0.019174425,0.16041516687496893,0.8256385792154688,False
RpL36A,1.4026599,0.16769667,0.16071826725100702,0.8268747187463713,False
fws,1.4015303,0.3611311,0.1610555527665266,0.8282856999421369,False
AstC,1.3998342,0.39648196,0.16156299587163991,0.8305703308894165,False
gek,1.399348,0.092102274,0.16170864083876868,0.8309939540951976,False
CG1371,1.3980027,0.29321238,0.16211224545439373,0.8327423398243681,False
trr,1.3977511,0.21233903,0.16218781307597452,0.832804948737126,False
Qsox1,1.3962963,0.15935645,0.16262529005519633,0.8346529801575567,False
Vav,1.396132,0.090787664,0.16267475511289975,0.8346529801575567,False
Lamp1,1.3946754,-0.0027232273,0.16311373857672873,0.836578659210857,False
PIP4K,1.3940798,-0.008361812,0.16329350948563925,0.8371705550454944,False
dbo,1.393871,-0.026840182,0.16335656797082554,0.8371705550454944,False
CG6693,1.3925154,0.1570191,0.1637663777503724,0.8389435491773463,False
alc,1.3899035,-0.0015509181,0.1645581698462406,0.8426712204908814,False
ltl,1.3894192,0.4420923,0.16470532578716324,0.8430962138072945,False
CG34242,1.388572,0.28933176,0.16496295689618112,0.8440861579500856,False
BicD,1.387432,0.039527725,0.1653100663834538,0.8455329981621577,False
Ugt35B1,1.3865198,0.3152821,0.1655882539767437,0.846626325779927,False
CG8520,1.3862493,0.212224,0.16567078623912823,0.8467188374881933,False
lncRNA:CR46349,1.3842365,2.6528437,0.16628604972071392,0.8486260628338748,False
CG13999,1.3822203,0.121601894,0.16690408059815065,0.8513663117467778,False
Ddr,1.3814175,0.084959306,0.16715061864774527,0.8521804332189818,False
CG17996,1.38094,0.10597874,0.1672974096289599,0.8521804332189818,False
ATP8B,1.3809143,0.15638392,0.167305304359882,0.8521804332189818,False
CG31817,1.3806456,0.89278597,0.16738795267413942,0.8521804332189818,False
san,1.3803272,0.048148204,0.1674859069270599,0.8523136982462075,False
atl,1.380139,0.012554768,0.16754385712100106,0.8523136982462075,False
CG15743,1.3797812,0.16106239,0.167654003981223,0.8525439676134946,False
Alg14,1.3774741,0.26514226,0.16836573187240633,0.8558319987634116,False
BuGZ,1.3772447,-0.012595948,0.1684366060143908,0.8558611767320554,False
mfas,1.3763992,0.46291354,0.1686980817515662,0.8566374297852744,False
mRpS16,1.3761972,0.03816546,0.16876058456322074,0.8566374297852744,False
MetRS,1.3761184,0.39070818,0.16878495477276068,0.8566374297852744,False
TH1,1.3756701,0.41522583,0.1689238093637816,0.8570111409421198,False
RtGEF,1.3750162,0.29006657,0.16912641502492065,0.8574845680246695,False
Dad1,1.3749478,0.055559322,0.16914764081582523,0.8574845680246695,False
CG45263,1.373409,0.027416086,0.16962521774559136,0.8593476855508618,False
RhoGAP5A,1.3733423,0.57458204,0.1696459586239677,0.8593476855508618,False
Adss,1.371766,0.04116823,0.17013631528486406,0.8611676359179945,False
TM9SF4,1.3709888,0.11685282,0.17037842342955245,0.8620610257467536,False
step,1.3689315,0.028909361,0.17102066984189557,0.8646447101664132,False
l(2)05714,1.3680792,0.26290354,0.17128728916951053,0.8654972969344239,False
Vha13,1.3679714,0.17635581,0.17132104028359485,0.8654972969344239,False
ND-SGDH,1.3673038,0.05602909,0.17153008657682345,0.8658875672760123,False
mtm,1.3656487,0.23574539,0.17204923775993497,0.868174725101976,False
Urod,1.364947,0.199579,0.17226970813066078,0.868953537365406,False
U4-U6-60K,1.3636326,0.13041689,0.17268325539326446,0.870705286211625,False
Sec31,1.3632594,0.22017492,0.1728007776721351,0.8709636435028212,False
CG14322,1.3630283,0.12629205,0.17287358520902196,0.8709965144350262,False
maf-S,1.3612243,-0.009390873,0.17344281207850987,0.8731948470159463,False
Ssrp,1.3594494,0.48607096,0.17400422372554836,0.8756857524908869,False
mRpL37,1.357553,0.17155297,0.17460557216198502,0.8780558984790998,False
Yod1,1.3575428,0.06586305,0.17460883277974792,0.8780558984790998,False
Glut4EF,1.3560982,0.119553275,0.1750679460787502,0.8791424959338013,False
Hexo1,1.3558106,0.21210425,0.1751594409706767,0.8791424959338013,False
Magi,1.3553553,0.38385156,0.175304380849593,0.8795340070117037,False
vib,1.3538679,-0.00862283,0.17577851113584808,0.8814452186413462,False
Tbh,1.3537396,0.16529018,0.17581947626019545,0.8814452186413462,False
Ing3,1.3529694,0.19699362,0.17606541653406205,0.8817977499983543,False
pic,1.3529471,0.25108764,0.17607252528558193,0.8817977499983543,False
Shmt,1.352889,0.7125657,0.17609111841671854,0.8817977499983543,False
Aduk,1.3501983,0.11888303,0.1769523766829174,0.8857730398527751,False
CG7523,1.3492535,0.25356907,0.17725554656642994,0.8868735301513649,False
SA1,1.3490926,0.29216915,0.17730721184989617,0.8868735301513649,False
qless,1.3474633,0.066195406,0.17783109240927641,0.8891554620463821,False
mRpS30,1.3463199,0.2024275,0.17819937666519559,0.8906579723775846,False
CG6686,1.3441479,0.014879675,0.1789005694086654,0.8934828894070176,False
dl,1.3405176,1.4501408,0.18007711747030197,0.8986757780325743,False
CG31550,1.3390337,0.014522537,0.18055970625952844,0.9004113189270921,False
Acyp2,1.3390268,0.108885676,0.18056193495988493,0.9004113189270921,False
CG3918,1.3379896,0.09859117,0.18089981913388375,0.9016377101076032,False
Snoo,1.3375138,-0.025784366,0.18105497909243928,0.9016377101076032,False
AsnRS,1.3374454,0.14720134,0.181077312394464,0.9016377101076032,False
abs,1.3374299,0.48061872,0.18108233766925153,0.9016377101076032,False
EMC5,1.3366854,0.0468612,0.1813253494015652,0.9025057163396086,False
Stam,1.3346179,0.043324064,0.18200146508475756,0.9055279254879646,False
GlcAT-S,1.333656,0.045356784,0.18231665223192428,0.906752766967254,False
Hexo2,1.3321925,0.626404,0.18279693899563676,0.9087974946661623,False
PLCXD,1.3304604,0.6770604,0.18336663003287312,0.9112849919182877,False
Septin1,1.3287882,0.16117437,0.18391786527719023,0.9136789223978373,False
Aptx,1.3282901,0.0782647,0.18408228795794235,0.914150137478217,False
Drgx,1.3264261,0.13680416,0.18469856751434088,0.9168640638981637,False
PlexB,1.326101,-0.0111862635,0.1848062472914319,0.9170521485685103,False
jet,1.3250467,0.23721573,0.18515567590690885,0.9184392530829679,False
DAAM,1.3245366,-0.024669161,0.1853248929782354,0.9187455932147656,False
ND-20,1.324439,0.047655433,0.18535727302985872,0.9187455932147656,False
CYLD,1.3232734,0.09062942,0.1857444531201039,0.9200918272176373,False
mRpL42,1.3231999,0.03617086,0.18576892067034945,0.9200918272176373,False
chic,1.3227274,0.028302051,0.1859260249394008,0.9205229720059256,False
Nlg4,1.3224057,-0.03503044,0.18603309421542746,0.9207061612017766,False
Galphaq,1.3208841,-0.030673923,0.18654001257884556,0.9228673815082946,False
CG17163,1.3180001,0.17223911,0.1875036187362099,0.9272854912283771,False
CG13850,1.3171306,0.3349306,0.18779484995841378,0.9283763462955443,False
Agpat1,1.3160284,0.05458025,0.18816452830132624,0.9298540435800777,False
mRpL52,1.3154824,0.044952698,0.18834784409605498,0.930410026850437,False
lt,1.3141541,0.013030364,0.18879432843456256,0.9318804011492463,False
DCTN4-p62,1.3139641,0.3066992,0.1888582578584812,0.9318804011492463,False
CG32276,1.3122201,-0.013364542,0.1894458875243934,0.9344290398162647,False
SsRbeta,1.3115166,0.070182964,0.18968328105248078,0.9352488979473161,False
CG14483,1.3103082,-0.011856721,0.19009157805322563,0.9369104784768885,False
Pep,1.3086737,0.04245806,0.19064490740641493,0.9392853705737878,False
CG12056,1.3048072,0.23271735,0.19195849582205726,0.9450485706638562,False
FeCH,1.3042544,0.29043442,0.19214686001614878,0.9456216256974513,False
CG42361,1.3035663,-0.0028206517,0.19238148449231351,0.9460819868969031,False
sw,1.3035578,0.13145365,0.19238440403261226,0.9460819868969031,False
CG7611,1.2998471,0.10332043,0.19365338749543792,0.951966147283971,False
Ggt-1,1.2992703,0.5455263,0.1938511925249211,0.9524712341973248,False
Nt5a,1.2991248,0.0665645,0.19390110741840516,0.9524712341973248,False
AspRS-m,1.2989109,0.100478016,0.19397452881329025,0.9524758253388018,False
CG42806,1.298002,0.5814811,0.19428665039327786,0.9534431474813876,False
SIDL,1.2979147,0.3759312,0.1943166475612752,0.9534431474813876,False
dpr4,1.2976717,0.0044428012,0.19440018699413997,0.9534969977988051,False
Hip14,1.2960149,0.07303358,0.1949703693506396,0.9553467203795654,False
GckIII,1.2959036,0.0923282,0.19500870029041018,0.9553467203795654,False
bai,1.2956263,0.013427382,0.19510425683897814,0.9553467203795654,False
CG10550,1.2955202,0.8773088,0.19514083694815476,0.9553467203795654,False
Cyt-c1,1.2951266,0.069542915,0.1952765812898124,0.9556552246361769,False
Hem,1.2936939,0.17564532,0.19577115711160342,0.9577189145370324,False
DCP2,1.2930658,-0.031140015,0.195988303427288,0.957965729102462,False
spdi,1.2930213,0.06718854,0.19600369378223437,0.957965729102462,False
CDase,1.2929101,0.82812744,0.19604217354414144,0.957965729102462,False
CG40470,1.2927047,0.81791776,0.19611322764730765,0.957965729102462,False
icln,1.2897881,0.37755513,0.19712423309369542,0.9618315717976821,False
FER,1.2889974,0.47719356,0.19739900006443833,0.9628147219178618,False
CG31176,1.2870274,1.0545422,0.19808475743430665,0.9651603720496584,False
Tim17b,1.2869829,0.004602239,0.19810026814443904,0.9651603720496584,False
Dp1,1.2864386,0.03023897,0.19829004794481042,0.9657269199387727,False
CG5026,1.2846739,0.5586053,0.19890625462226386,0.9680104391616842,False
CG2790,1.2818327,-0.0038236328,0.19990134030562012,0.9724930068922061,False
CG2233,1.2810231,0.90103024,0.2001855442056728,0.9731457446328348,False
Gadd45,1.280905,0.17659155,0.20022702776985024,0.9731457446328348,False
VepD,1.2808177,0.102040015,0.20025769356827894,0.9731457446328348,False
CG2225,1.2804018,-0.02885604,0.20040385416968476,0.9734959866135519,False
CG9394,1.2793611,0.23469503,0.20076989755413677,0.9749136932229701,False
CG9067,1.2787741,0.2017952,0.20097661414250023,0.9755569670603815,False
Dark,1.2769085,0.08611243,0.20163455770472127,0.9783892497193639,False
Clbn,1.2761109,0.062513195,0.20191632243641333,0.9793947865686493,False
Nasp,1.2747827,0.014452764,0.20238616401874565,0.9813115111462428,False
Ace,1.2744267,0.09260828,0.20251223622285042,0.981360232277254,False
whd,1.2743325,0.4287191,0.20254558218690355,0.981360232277254,False
Ac76E,1.2739782,0.13876876,0.20267112013278998,0.98160653097857,False
CG18659,1.2735623,0.094224624,0.20281856308433732,0.9819587026264526,False
Tbcc,1.2722564,0.050755747,0.2032820296318676,0.9838400992127956,False
pyd3,1.2717036,1.4350349,0.2034784605993223,0.9844281930320673,False
CG4004,1.2680665,0.058210935,0.2047742154706621,0.9899680615469094,False
Raf,1.2669026,0.1544868,0.20519012160465522,0.991249337457783,False
SrpRbeta,1.2664952,0.18912451,0.20533583372359088,0.9915887008923132,False
eRF1,1.2658637,0.066048235,0.20556189740445696,0.9923156987121838,False
RhoGEF2,1.2652851,0.0097770225,0.2057691279445003,0.9926045141864974,False
Vps60,1.2652749,0.002672753,0.20577280796377617,0.9926045141864974,False
Madm,1.2649378,0.1107053,0.2058936618239603,0.9928230151804911,False
Nop56,1.264046,0.10012923,0.20621352890677225,0.9933990231567061,False
CG14411,1.2638748,0.030391589,0.206274965002186,0.9933990231567061,False
sog,1.2638491,0.57666314,0.20628418156285755,0.9933990231567061,False
CG7289,1.2601624,0.2195306,0.2076107863942558,0.9992694993481762,False
Galm1,1.2588736,0.48468181,0.20807600051450037,1.0,False
TfIIA-L,1.2580434,0.034999926,0.2083760403557373,1.0,False
bc10,1.2579887,0.004278922,0.20839584782226162,1.0,False
CG42700,1.2577354,0.09791161,0.2084874751084883,1.0,False
Motor,1.2576926,-0.021919122,0.20850295557306375,1.0,False
caly,1.2516918,0.30493787,0.210682194475871,1.0,False
CG2698,1.251204,0.09901508,0.21086006458506223,1.0,False
CG9331,1.2510448,0.27791765,0.21091812990861025,1.0,False
Wdr37,1.2508155,0.07862391,0.21100181425856657,1.0,False
Ttc19,1.2502198,0.19157788,0.21121925591777735,1.0,False
CG15141,1.2495112,0.16533498,0.21147814749238403,1.0,False
Creld,1.247115,0.20310228,0.21235532563262471,1.0,False
CG2701,1.2461908,0.20898291,0.21269436720010038,1.0,False
lncRNA:CR42491,1.2453829,1.1587815,0.21299103466339508,1.0,False
ND-19,1.2444175,0.01649165,0.21334591876111975,1.0,False
KCNQ,1.2440872,0.1841966,0.21346745754817453,1.0,False
CG4069,1.2423586,0.48377296,0.21410430451094709,1.0,False
Tango10,1.2418485,0.04222519,0.2142924674337392,1.0,False
CG34133,1.2407326,0.073856644,0.21470456857006315,1.0,False
gammaTub23C,1.2402276,0.19955906,0.214891212973768,1.0,False
hyx,1.2392863,0.31855723,0.2152395062735527,1.0,False
Elk,1.2386581,0.044531662,0.2154721390403005,1.0,False
Pten,1.2374635,0.049835443,0.2159150847376814,1.0,False
DppIII,1.236962,0.19265081,0.21610121565595453,1.0,False
CG5521,1.2367172,-0.005620114,0.2161920996469805,1.0,False
BRWD3,1.2358596,0.111119874,0.2165107284699065,1.0,False
osp,1.2357793,0.08106137,0.21654063712842564,1.0,False
CG12253,1.233953,0.22909795,0.2172204274889037,1.0,False
CG1146,1.2338588,1.5909714,0.21725550978333452,1.0,False
CG6712,1.2337835,0.3382222,0.21728357855294478,1.0,False
Hs3st-B,1.2335285,0.11615148,0.21737864898464643,1.0,False
EDTP,1.2332598,0.16982353,0.2174788562333183,1.0,False
Ilp2,1.2323817,0.49955007,0.21780651660544637,1.0,False
mRpL11,1.2314438,0.08167542,0.21815692385403818,1.0,False
qtc,1.2312213,-0.0036600414,0.21824010908419234,1.0,False
CG8248,1.2301995,0.02754361,0.21862241395652715,1.0,False
Sur-8,1.2267557,-0.03829298,0.21991439422893067,1.0,False
Tis11,1.2266496,0.71708214,0.2199542935727139,1.0,False
CG10383,1.2241234,0.26628432,0.2209056895503061,1.0,False
CG8301,1.2234832,0.043503698,0.22114722924230024,1.0,False
CG13579,1.2229954,0.25623873,0.221331417287165,1.0,False
ebd1,1.2217597,0.2544236,0.22179851898206582,1.0,False
Nep4,1.2198427,0.574463,0.22252450556620218,1.0,False
CG12177,1.2192299,0.08926937,0.22275692039484085,1.0,False
Ac13E,1.2183143,0.13802135,0.22310456798741263,1.0,False
CG11151,1.2164915,-0.009095857,0.2237977693791614,1.0,False
Cdc50,1.2164538,0.13535787,0.2238121052510872,1.0,False
CG9795,1.2162707,0.10513942,0.22388183908296933,1.0,False
CG8032,1.2153944,0.1173563,0.22421573376033244,1.0,False
CG15445,1.2153224,0.36931562,0.22424313934758666,1.0,False
sigmar,1.2151462,0.02358182,0.22431035842403635,1.0,False
CG10628,1.2139857,0.26290333,0.2247531890725556,1.0,False
Pcif1,1.212613,0.07153863,0.2252778154111984,1.0,False
Ire1,1.2124025,0.09364362,0.2253583528476748,1.0,False
Vps20,1.2112112,0.08717188,0.22581446423431428,1.0,False
Acat2,1.2111924,0.24100682,0.225821678177061,1.0,False
GABA-B-R3,1.2110195,-0.018204832,0.2258879229775027,1.0,False
Chchd3,1.209835,-0.0061833872,0.22634217134775036,1.0,False
Droj2,1.2089845,-0.003800712,0.22666881809717987,1.0,False
eIF2alpha,1.2055134,0.024073537,0.22800517960328404,1.0,False
CG34417,1.2046576,0.4614515,0.22833551810446662,1.0,False
CG16974,1.2036682,-0.0037715528,0.2287178140290287,1.0,False
spin,1.2029973,0.19686419,0.22897734659555602,1.0,False
CG14562,1.2028656,0.13096482,0.22902835083020123,1.0,False
Wnt4,1.2028484,0.04246111,0.22903497535004147,1.0,False
eIF2Bdelta,1.2023436,0.10077314,0.22923046004526915,1.0,False
CG1907,1.2008271,0.097149424,0.2298182905572116,1.0,False
tant,1.200086,0.15044695,0.23010596087735602,1.0,False
Rb97D,1.1997402,-0.009623497,0.2302402502912939,1.0,False
CG34150,1.1983402,0.013986729,0.230784625635006,1.0,False
CG33199,1.1982409,0.0029355825,0.23082325907501855,1.0,False
CG9953,1.1980389,0.14586629,0.23090187232904036,1.0,False
Meltrin,1.1971574,-0.007893115,0.23124519526362708,1.0,False
Chrac-16,1.1957779,0.44653413,0.23178323994636485,1.0,False
cm,1.1945131,0.2144527,0.23227733942594497,1.0,False
Bet1,1.1931472,0.09139806,0.23281172558490726,1.0,False
otp,1.1918105,0.51191396,0.23333557149304163,1.0,False
CG14721,1.1904806,0.077341,0.23385756327278007,1.0,False
Polr1D,1.1900715,0.3355788,0.23401829076174807,1.0,False
zf30C,1.1899705,0.048481803,0.23405798030358038,1.0,False
Cks85A,1.1898113,0.14567614,0.23412055146940114,1.0,False
DAT,1.1890976,0.22117008,0.23440125822079372,1.0,False
Prp6,1.1879303,0.15542646,0.23486086543417828,1.0,False
Lztr1,1.1867938,0.03868622,0.2353089549876276,1.0,False
Edem2,1.1859158,0.17265068,0.23565555876503108,1.0,False
UbcE2M,1.1854143,0.0058920593,0.23585368355819158,1.0,False
JIL-1,1.1841033,-0.03293098,0.23637220471020615,1.0,False
Sik2,1.1837215,0.046420265,0.23652330938239807,1.0,False
alpha-Man-IIa,1.1836274,0.24100989,0.2365605878482614,1.0,False
Rpn9,1.1832612,0.056393456,0.2367056744958168,1.0,False
CG6621,1.1819808,0.11948316,0.23721329395775537,1.0,False
Best1,1.1814588,0.3051401,0.23742049844380675,1.0,False
Nadk1a,1.1812072,0.13319822,0.23752040986467926,1.0,False
CG14683,1.1783198,0.20482123,0.2386691390168756,1.0,False
per,1.1750473,0.3111956,0.23997581070271345,1.0,False
beat-Ia,1.1744585,-0.05786092,0.24021143646586063,1.0,False
Golgin104,1.1735206,0.26173836,0.24058713043803226,1.0,False
Bre1,1.1728702,0.047152072,0.2408478910789693,1.0,False
Ptp69D,1.1727486,0.106161274,0.24089663420842644,1.0,False
cerv,1.1717696,0.14855637,0.2412895787931184,1.0,False
Sec16,1.1712527,-0.017663846,0.2414972244667032,1.0,False
stmA,1.1710353,-0.015880184,0.2415845832194159,1.0,False
Karybeta3,1.1709292,-0.0095839845,0.2416272388782169,1.0,False
CG33203,1.1704363,-0.010001263,0.24182545079379225,1.0,False
CG32428,1.1702514,-0.0007318203,0.24189980975264103,1.0,False
cv-c,1.1702377,0.20267701,0.24190531846361218,1.0,False
AspRS,1.1676122,0.1560043,0.24296324546613202,1.0,False
lute,1.1673229,-0.0112522775,0.24307999533625846,1.0,False
CG8300,1.1663798,0.03069992,0.24346091521367985,1.0,False
Ufc1,1.1658115,0.053734474,0.24369063739439178,1.0,False
CG9922,1.1648531,0.06883575,0.24407846555527024,1.0,False
Tmx3,1.1640743,0.03180274,0.24439389494389996,1.0,False
Cht2,1.1638775,3.957925,0.24447366414323446,1.0,False
pre-rRNA:CR45845,1.1634017,2.6902661,0.24466657300583372,1.0,False
RunxA,1.1621779,0.39025873,0.24516321419373643,1.0,False
CG43324,1.1612656,-0.0035459686,0.24553389747177123,1.0,False
CG10576,1.1602832,-0.0044733947,0.2459335342551734,1.0,False
ste24a,1.1600932,0.19381785,0.24601086852380571,1.0,False
CG14480,1.1596996,0.01962821,0.24617116495805935,1.0,False
CG16952,1.1593093,0.019389795,0.2463301397552925,1.0,False
VhaM9.7-b,1.1590885,-0.02206062,0.24642011788676632,1.0,False
Irk3,1.158724,0.9793161,0.24656873683730574,1.0,False
Vps28,1.1575704,0.020808712,0.2470394284052434,1.0,False
Idh3g,1.1569867,-0.0064918585,0.24727780720564985,1.0,False
CG3939,1.1567795,0.47531053,0.2473624319365687,1.0,False
Ptpmeg,1.1566085,0.03260396,0.24743238503356935,1.0,False
SpdS,1.1558518,0.15095678,0.24774174362355195,1.0,False
Lmx1a,1.1531134,0.40016833,0.24886385710496073,1.0,False
CG1545,1.1523962,0.5150586,0.24915829685721214,1.0,False
dbr,1.1502756,0.20152304,0.2500303915911841,1.0,False
CG14805,1.14949,0.24650395,0.25035400846234457,1.0,False
CG5087,1.1472118,0.037252467,0.2512940802845469,1.0,False
coro,1.1471708,0.2734531,0.2513110538162443,1.0,False
SelT,1.1468079,-0.022012867,0.25146102141934956,1.0,False
Miox,1.145377,0.7194274,0.25205301154218973,1.0,False
GstD1,1.1442593,-0.0047108354,0.25251609073229553,1.0,False
CG3625,1.1442593,0.0011945874,0.25251609073229553,1.0,False
Uev1A,1.1433026,-0.03318646,0.25291297999362705,1.0,False
Rpn5,1.1426882,0.032745715,0.2531680985781357,1.0,False
CG4766,1.1414729,0.3823658,0.25367317831336444,1.0,False
CG9674,1.1411699,0.02759664,0.2537992017257148,1.0,False
CCT6,1.141158,0.07586392,0.25380418659820037,1.0,False
Nup358,1.1404015,0.056143794,0.2541190837179922,1.0,False
Sp1,1.1399547,1.0217355,0.2543051573818105,1.0,False
mre11,1.1391554,0.18748006,0.25463833030600236,1.0,False
Diap2,1.1372111,0.0053503835,0.2554500567268647,1.0,False
Dh44-R1,1.1368619,0.21409306,0.2555960147804641,1.0,False
Cep162,1.1362492,0.14045657,0.255852296938758,1.0,False
CG1265,1.135912,0.100392036,0.25599339984658276,1.0,False
AP-1mu,1.135734,0.03271918,0.2560679125218862,1.0,False
CG4617,1.1336373,0.13983348,0.2569467198688322,1.0,False
Cnep1r2,1.1334952,0.011086893,0.257006339186473,1.0,False
Vta1,1.1334131,0.02300176,0.2570408222096837,1.0,False
mRpS23,1.1333874,0.1068128,0.2570515988129576,1.0,False
Taf12,1.1333361,-0.012904614,0.257073152960262,1.0,False
mRpS6,1.1324255,0.022480417,0.2574555882052577,1.0,False
MFS14,1.1322988,1.0324754,0.2575088153404489,1.0,False
CG1504,1.131871,0.24335223,0.25768869320515764,1.0,False
SCAR,1.1316998,-0.029402152,0.2577606687496854,1.0,False
CG2811,1.131681,0.0420955,0.2577685869107911,1.0,False
Rdl,1.1313353,0.13611685,0.25791402313847,1.0,False
Prosalpha3,1.1310939,0.036400333,0.258015574224266,1.0,False
Xbp1,1.1308081,-0.032734137,0.2581358869062381,1.0,False
Atg2,1.1305342,0.25581196,0.25825119302448074,1.0,False
Polr2B,1.1296014,0.11984712,0.25864422244324525,1.0,False
Arfrp1,1.1292145,0.15309009,0.2588073249826335,1.0,False
CG15628,1.1291358,0.0772602,0.25884053157246845,1.0,False
Hs3st-A,1.1288569,0.09777309,0.25895822216678455,1.0,False
mgr,1.1287439,0.051717706,0.2590058865709791,1.0,False
Sdhaf3,1.128535,0.114259325,0.2590940095014731,1.0,False
lama,1.1281568,0.67155176,0.2592536949108145,1.0,False
ND-30,1.1269655,-0.011733532,0.2597570409243657,1.0,False
CG8066,1.1269604,0.32551855,0.2597592119827219,1.0,False
ERR,1.1261252,0.13271101,0.260112538055282,1.0,False
Nsf2,1.1260087,0.10076098,0.2601617984082417,1.0,False
Lerp,1.1254542,-0.02077096,0.2603965981708104,1.0,False
CG3270,1.1246481,0.50173455,0.2607381888999245,1.0,False
dcma,1.1224436,-0.0045739016,0.26167388769586164,1.0,False
Nmt,1.1216015,0.42073062,0.2620319248392252,1.0,False
Inos,1.1215467,-0.012821886,0.26205522352523225,1.0,False
Ibf1,1.121545,0.30230102,0.2620559516322317,1.0,False
rho,1.1213739,0.027806615,0.2621287693905764,1.0,False
Kap3,1.120785,-0.034576643,0.26237936922531946,1.0,False
CG31248,1.119818,0.21491157,0.2627913238720704,1.0,False
pb,1.1191608,0.8019183,0.2630715619711158,1.0,False
Herp,1.1189331,0.05632839,0.2631686716820464,1.0,False
Rpn13,1.1187226,0.017863968,0.26325850192916456,1.0,False
CG5687,1.1183392,1.1508659,0.2634221495799465,1.0,False
Ar1,1.1180465,0.050955657,0.2635471242650166,1.0,False
CG10151,1.1173447,0.107192196,0.26384693777924495,1.0,False
CG12237,1.1168141,-0.0027581635,0.26407378217402167,1.0,False
Ythdc1,1.1165575,-0.024845267,0.2641835938615217,1.0,False
Sirt4,1.1162579,0.07723658,0.2643117472884545,1.0,False
CG5504,1.1133431,0.038720053,0.2655611013609709,1.0,False
DIP-alpha,1.1130042,0.26755294,0.26570662150397373,1.0,False
CG8475,1.1124291,0.1798806,0.2659536904064326,1.0,False
chif,1.1117445,-0.023841674,0.26624802620933774,1.0,False
CG11590,1.1116897,0.40544918,0.2662715827548955,1.0,False
CG11191,1.1105926,-9.704199e-05,0.2667437519636312,1.0,False
Ype,1.110543,-0.028111396,0.26676512736338376,1.0,False
CG6443,1.1098994,0.11726869,0.2670423771595196,1.0,False
Duba,1.109783,-0.00043211042,0.2670925392327642,1.0,False
baf,1.1089478,-0.004261118,0.2674527159909096,1.0,False
CG15547,1.1080321,0.25990793,0.2678479654407885,1.0,False
smash,1.1064231,-0.03653289,0.2685433942645724,1.0,False
PheRS-m,1.1063564,0.043848097,0.2685722739297077,1.0,False
Apoltp,1.1058002,0.4648012,0.26881302075362323,1.0,False
Naa80,1.1053346,-0.00069630856,0.2690146211925253,1.0,False
CG7369,1.1051635,0.17757644,0.2690887650882706,1.0,False
mthl8,1.105143,0.05349112,0.2690976632983114,1.0,False
PhLP2,1.1047424,-0.026991246,0.2692712187655072,1.0,False
CG31098,1.1045747,0.21161692,0.2693439272079129,1.0,False
cer,1.1039654,0.15248495,0.2696081651189879,1.0,False
Mob3,1.102834,0.14128579,0.27009925820897285,1.0,False
Taf1,1.1021237,-0.0019061993,0.2704078977293246,1.0,False
Oatp30B,1.1019063,0.073986605,0.27050239716107627,1.0,False
Trc8,1.1013501,0.032056693,0.2707443295065145,1.0,False
CG7565,1.099356,0.03865055,0.27161278230960584,1.0,False
NLaz,1.0991336,0.066857494,0.27170980939213274,1.0,False
Hap40,1.0989659,0.0844083,0.27178296857355244,1.0,False
teq,1.0985688,0.5634911,0.2719562154956249,1.0,False
Oatp58Dc,1.0978019,0.5413205,0.27229097520218004,1.0,False
stck,1.0974032,0.055794284,0.2724651915739764,1.0,False
CkIalpha,1.0971601,0.12187707,0.2725714037589506,1.0,False
Dlip3,1.0970933,0.017471522,0.2726005796693094,1.0,False
SPoCk,1.096407,0.014962336,0.27290069181255305,1.0,False
Uck,1.0962291,0.019549614,0.272978563277106,1.0,False
PMP34,1.0961195,0.061087694,0.2730264917317815,1.0,False
CG7083,1.0946766,0.09993025,0.2736583365441181,1.0,False
CG12926,1.0943137,0.38427764,0.27381739180520304,1.0,False
Fhos,1.0934391,0.5573926,0.2742010346502233,1.0,False
CG42327,1.0923762,0.37063107,0.274667756164796,1.0,False
CG42788,1.0911952,-0.034757454,0.27518697156004046,1.0,False
CG12159,1.0888401,0.4551367,0.2762243914675251,1.0,False
Otud6,1.0879912,0.2990036,0.2765989982473851,1.0,False
Letm1,1.0867229,0.026030743,0.27715928753954944,1.0,False
pita,1.0857216,0.20189838,0.27760216703992324,1.0,False
meigo,1.0851431,0.3545688,0.2778582725367331,1.0,False
CG3420,1.0849907,0.035111353,0.27792573534806275,1.0,False
CG11586,1.0848213,-0.00061706227,0.27800079135132527,1.0,False
CG5355,1.0836643,0.2394202,0.2785136637663118,1.0,False
CG3335,1.0826219,0.13900891,0.2789762551049392,1.0,False
Hel89B,1.081446,0.03256186,0.27949872154681477,1.0,False
Awh,1.0813074,0.8150468,0.27956036620359204,1.0,False
pasi2,1.081061,0.22172853,0.27966997952406025,1.0,False
Gk1,1.0806553,0.2384354,0.2798504483800459,1.0,False
hry,1.079702,0.9529597,0.2802748997891128,1.0,False
PhKgamma,1.0791526,-0.013825606,0.2805197103664877,1.0,False
Topors,1.0789917,0.3005316,0.2805914269286678,1.0,False
CG32147,1.0788634,0.18894157,0.2806486565201932,1.0,False
CAP,1.0776447,0.04994763,0.28119235093130013,1.0,False
CG12012,1.0774307,0.03967767,0.281287876624819,1.0,False
cue,1.0773365,0.1880489,0.28132991490665515,1.0,False
Vps13,1.0770645,0.082648374,0.28145146773713803,1.0,False
CG1636,1.076741,-0.036240052,0.28159600141743846,1.0,False
dnr1,1.0766075,0.24656539,0.2816556649157489,1.0,False
Rcc1,1.0761505,0.08466093,0.28185996258423307,1.0,False
CG7632,1.0752792,0.38550776,0.28224970733761523,1.0,False
fzr,1.0749677,-0.033240747,0.28238915462511427,1.0,False
VGlut2,1.0743036,0.70176494,0.28268659376840066,1.0,False
su(Hw),1.0735387,0.094005495,0.2830295252147169,1.0,False
Polr2J,1.0734342,-0.013696477,0.28307634531534775,1.0,False
Lkb1,1.0730593,0.15613265,0.28324448039117933,1.0,False
ctrip,1.07124,-0.040154908,0.284061549131444,1.0,False
hob,1.07124,0.19090778,0.284061549131444,1.0,False
Prosbeta6,1.0711801,0.09810832,0.2840884787812503,1.0,False
CG42747,1.0702609,0.33108187,0.28450187321852094,1.0,False
CG3065,1.0702575,0.29450184,0.28450341362304155,1.0,False
a,1.0700059,0.4324007,0.28461664880675597,1.0,False
Cyfip,1.0698451,0.084516376,0.28468907368129315,1.0,False
Sema1b,1.0692648,0.06418943,0.28495036907342897,1.0,False
CG4676,1.0683268,0.59328157,0.2853731010344387,1.0,False
Snrnp20,1.0643834,0.26757967,0.28715506391825796,1.0,False
CG1532,1.0636799,0.15688306,0.28747372778245084,1.0,False
CG16743,1.0635036,0.30773395,0.2875536249615145,1.0,False
SCCRO,1.0623808,-0.0047392976,0.2880628362282701,1.0,False
Nmnat,1.0609978,0.090301,0.2886908708002497,1.0,False
SmE,1.0604879,0.035904277,0.2889227301831665,1.0,False
CG2247,1.0601695,0.09799105,0.2890675113694383,1.0,False
Trim9,1.0598426,-0.011982398,0.2892162353846467,1.0,False
Rae1,1.0594574,0.6378702,0.2893914999481343,1.0,False
CCAP-R,1.059211,0.40551186,0.2895037068038451,1.0,False
Dpck,1.057602,0.15585078,0.2902368880744344,1.0,False
E(bx),1.0565478,-0.007850772,0.2907180330112,1.0,False
ACC,1.0554935,-0.015230928,0.2911997142194661,1.0,False
CG11504,1.0553976,0.1399655,0.2912435300143331,1.0,False
Oser1,1.0540489,0.070369504,0.2918605508833022,1.0,False
mop,1.0530065,0.047309026,0.29233801225909506,1.0,False
CG7985,1.0525804,0.034858402,0.2925333814772114,1.0,False
snRNA:U12,1.0490853,0.28118277,0.29413887350646206,1.0,False
ATPsynG,1.0483202,0.16679232,0.29449110730770434,1.0,False
Esyt2,1.048262,0.15589899,0.29451791070619027,1.0,False
fng,1.0474199,0.66170526,0.2949059546791335,1.0,False
Prosbeta2,1.0471922,0.0067850105,0.29501091153705117,1.0,False
CG14135,1.0471015,0.2490574,0.29505274342290366,1.0,False
E(z),1.0468962,0.10798336,0.2951474718104695,1.0,False
Adi1,1.0464066,0.2742167,0.29537332326611365,1.0,False
Phgdh,1.0452359,0.052751467,0.2959139408262855,1.0,False
Spt-I,1.0439574,0.020512955,0.29650510831970867,1.0,False
CG7381,1.0437948,0.31943867,0.2965803468548436,1.0,False
CG13707,1.0435928,0.2523122,0.296673818818034,1.0,False
Noc2,1.042328,0.49022815,0.29725965489775363,1.0,False
vlc,1.0422869,0.0535462,0.2972786936545456,1.0,False
Ddx56,1.0419258,0.042811655,0.29744611114492103,1.0,False
Trs33,1.0412838,0.34412614,0.2977438095801088,1.0,False
Tsf1,1.0400139,0.006349191,0.2983334420816015,1.0,False
PGS1,1.038999,0.58150333,0.29880523156905237,1.0,False
Atg5,1.0386412,0.22992021,0.2989716301428931,1.0,False
rl,1.0383914,0.058151364,0.2990879069806406,1.0,False
Ogdh1,1.0377991,-0.0019769382,0.29936358765297144,1.0,False
Agl,1.0373473,0.56379724,0.2995740475919979,1.0,False
Rpt6,1.0371282,0.0315809,0.29967612429285073,1.0,False
rump,1.0369878,-0.03407398,0.29974152936916987,1.0,False
Gel,1.0362262,0.2676724,0.30009663756653626,1.0,False
Rfx,1.0360345,0.1601454,0.3001860572760925,1.0,False
CG12288,1.034696,0.43286082,0.3008108934058946,1.0,False
kumpel,1.034174,0.771243,0.3010548302030299,1.0,False
Bub1,1.0326421,0.1525377,0.3017714051866701,1.0,False
CG17593,1.0326165,0.09091552,0.3017834244886183,1.0,False
rho-7,1.0322655,0.19505697,0.30194772021783145,1.0,False
Sol1,1.0307919,0.4571772,0.30263841223083665,1.0,False
PIG-B,1.0278052,0.19648924,0.30404146736291016,1.0,False
Lap1,1.0270727,0.13293709,0.30438625652360607,1.0,False
Cndp2,1.026614,0.06616347,0.30460228466462236,1.0,False
CAH3,1.0243222,0.06335949,0.3056831435653462,1.0,False
tweek,1.0225729,-0.044163257,0.3065098251856214,1.0,False
Cand1,1.0213081,0.1393147,0.3071085140470219,1.0,False
Grip84,1.0200226,0.3394468,0.3077177173571045,1.0,False
Septin2,1.018234,-0.00408169,0.30856674024893216,1.0,False
Stim,1.0174056,0.060544897,0.30896049630218814,1.0,False
l(2)k01209,1.0167056,0.186857,0.30929349525953787,1.0,False
Hrd3,1.0159508,0.16310658,0.3096528135654788,1.0,False
CG4278,1.0148195,0.24737234,0.31019189985039075,1.0,False
nemy,1.0130377,0.3410711,0.3110421552503555,1.0,False
scaf6,1.013024,-0.012690453,0.31104869534128365,1.0,False
CG17029,1.0127518,0.1302784,0.311178698467552,1.0,False
koi,1.0113158,-0.005101452,0.31186528325565743,1.0,False
CG12730,1.0105456,0.066182256,0.31223394604618093,1.0,False
kek6,1.0102478,-0.059634615,0.3123765726142925,1.0,False
mmd,1.0102067,0.10757737,0.31239624861249404,1.0,False
Liprin-alpha,1.0101827,-0.068889536,0.312407726655183,1.0,False
HP5,1.0092466,-0.03970683,0.31285640768306644,1.0,False
CG9467,1.0086544,0.13175078,0.3131404358902343,1.0,False
pyr,1.0078756,0.21941459,0.3135141995180253,1.0,False
CG10654,1.0065953,0.003892479,0.314129288313318,1.0,False
Kr,1.0050943,0.6614377,0.314851465419254,1.0,False
ph-p,1.0049043,-0.0016605118,0.31494294755545593,1.0,False
CG5174,1.0047365,-0.0309255,0.31502373008600204,1.0,False
CG3402,1.0039133,0.017585779,0.3154204213460897,1.0,False
dre4,1.003838,0.11451016,0.3154567254863355,1.0,False
CG13315,1.0033929,0.56406915,0.31567130597849646,1.0,False
128up,1.00207,0.14213316,0.31630983630890896,1.0,False
Cdc42,1.0016625,0.06544826,0.31650660482528303,1.0,False
GCS2beta,1.0014144,0.3118261,0.3166265241698534,1.0,False
Dhx15,0.9993262,0.25012878,0.3176366811781607,1.0,False
FoxP,0.99834377,-0.0045172484,0.31811268171719886,1.0,False
Phb1,0.99779266,0.036109753,0.3183799109223141,1.0,False
HP1b,0.9976797,0.038371067,0.3184347027625827,1.0,False
nonC,0.9968804,0.053093087,0.3188225729819304,1.0,False
CG3735,0.9953177,0.4286409,0.3195817648226107,1.0,False
Su(z)12,0.9941025,0.03788771,0.32017297178929294,1.0,False
cyc,0.99369514,0.21272759,0.32037131095546023,1.0,False
Uvrag,0.99364036,0.13561793,0.32039798453063983,1.0,False
Prp3,0.99336654,0.094740786,0.320531374181638,1.0,False
mRpS11,0.9920195,0.012749541,0.32118801280285236,1.0,False
Gs2,0.9911534,-0.035080887,0.32161066097274027,1.0,False
TfIIB,0.9905133,0.14493008,0.3219232863784146,1.0,False
alphaCOP,0.9888839,0.14595555,0.3227199548752473,1.0,False
Arpc3A,0.98842347,0.062144984,0.32294529673135897,1.0,False
CG11562,0.9881462,0.016865594,0.3230810539533022,1.0,False
RnpS1,0.987744,0.067322284,0.3232780518490407,1.0,False
Non2,0.987429,-0.030678842,0.32343235165158624,1.0,False
SP1029,0.9871535,0.06663059,0.3235674033458905,1.0,False
Mctp,0.98666567,0.03551697,0.3238065600970913,1.0,False
mib2,0.98644316,0.005260281,0.32391568737744825,1.0,False
dpr18,0.98526216,-0.0005585457,0.3244953023961047,1.0,False
CG10333,0.9850414,-0.022400254,0.3246037400794576,1.0,False
CG34348,0.9847864,0.15944578,0.32472901916229124,1.0,False
CG10413,0.98405725,0.20899406,0.3250873732199242,1.0,False
mRpL47,0.9838022,-0.0026894768,0.32521277373530433,1.0,False
rdgC,0.9835968,0.015766794,0.3253137903147598,1.0,False
CG31673,0.98341537,0.6663418,0.3254030386033365,1.0,False
ZnT63C,0.9823234,-0.009566389,0.3259405486415342,1.0,False
Ravus,0.9823063,0.12943225,0.3259489781557531,1.0,False
axo,0.9820016,0.090219066,0.32609904722239835,1.0,False
CG5498,0.9815053,0.5471505,0.3263436379433101,1.0,False
CG17816,0.98082405,0.097863965,0.32667951165641995,1.0,False
TfIIA-S,0.98015994,-0.03590917,0.3270071624294293,1.0,False
SMC1,0.97947705,-0.04848143,0.3273443247719511,1.0,False
CG5895,0.97851855,0.55755377,0.32781791559744244,1.0,False
CG13625,0.9782516,0.03862451,0.3279499236104373,1.0,False
CG6013,0.97751385,0.07068071,0.328314817307928,1.0,False
GstZ2,0.97619766,0.12880944,0.32896652273156557,1.0,False
PpV,0.97437996,0.17012265,0.32986791482785527,1.0,False
CG13894,0.9743081,0.5623373,0.3299035959502258,1.0,False
Cfp1,0.97378945,0.23393899,0.330161083811798,1.0,False
FucT6,0.97334105,0.15378794,0.33038383494066437,1.0,False
CG6254,0.97294396,0.077937976,0.33058116139728677,1.0,False
Afg3l2,0.9722833,0.03674724,0.3309096407650187,1.0,False
mRpL2,0.97076166,-0.010756156,0.33166696732280154,1.0,False
CG3776,0.9680899,0.017930776,0.33299946977390726,1.0,False
Sox102F,0.96788794,-0.03300802,0.3331003373596845,1.0,False
Prp5,0.9678263,0.06628724,0.3331311144472525,1.0,False
BOD1,0.96649814,0.06815448,0.33379497784612144,1.0,False
sowah,0.966125,0.12730703,0.33398162898560857,1.0,False
gry,0.9657279,0.19369893,0.3341803408140127,1.0,False
eIF2A,0.9642457,-0.03889348,0.3349227573137007,1.0,False
hbs,0.96416867,0.044038452,0.33496136456116277,1.0,False
dpr20,0.95990515,-0.024188278,0.3371029618649888,1.0,False
Asx,0.95967233,-0.035222787,0.337220138552512,1.0,False
CtIP,0.9594071,0.16463974,0.3373537174327257,1.0,False
Ing5,0.95874125,0.10618355,0.3376891070849306,1.0,False
cag,0.9586163,0.1501505,0.3377520703971745,1.0,False
CG9896,0.9579214,-0.081878304,0.3381023875268536,1.0,False
CG34015,0.95653844,0.1291231,0.33880026444789213,1.0,False
Girdin,0.9549775,0.02479541,0.3395890769124229,1.0,False
mRNA-cap,0.9545205,0.04803361,0.3398202348315076,1.0,False
CG8132,0.95426893,0.054209143,0.3399475446001977,1.0,False
mRpL43,0.953752,0.05138985,0.34020918847481807,1.0,False
BaraC,0.9530263,0.25039548,0.34057674727108966,1.0,False
CG2116,0.95295614,0.31123507,0.340612302997502,1.0,False
rad50,0.95261896,0.18135913,0.34078317708724126,1.0,False
CG14715,0.9521585,0.24571078,0.34101659127579376,1.0,False
Rexo5,0.9517683,0.110010125,0.34121450946212795,1.0,False
BCL7-like,0.9512805,0.33915177,0.34146201058792747,1.0,False
Ptp61F,0.9512736,0.04717301,0.34146548510541186,1.0,False
iPLA2-VIA,0.94775635,0.15478182,0.343253510210356,1.0,False
CG32532,0.9471453,0.6382927,0.34356473938150467,1.0,False
mim,0.94705117,-0.022501081,0.34361270387055654,1.0,False
Atg4a,0.94663185,0.11453643,0.3438264158188775,1.0,False
PIG-F,0.9458513,0.09758108,0.34422440766101114,1.0,False
CG3568,0.94583255,0.71875864,0.34423401197203896,1.0,False
Blimp-1,0.94446325,-0.061998885,0.34493296582827193,1.0,False
Rrp6,0.94311625,0.4971432,0.34562144424279995,1.0,False
aph-1,0.9429177,0.13208517,0.34572299664656536,1.0,False
Arms,0.9417881,0.074407265,0.3463011566349983,1.0,False
March5,0.9414201,0.061503228,0.34648962952821394,1.0,False
Zir,0.94089293,-0.06664872,0.34675974169068136,1.0,False
ema,0.940667,0.025265276,0.34687554507024465,1.0,False
pippin,0.94032127,0.6798615,0.3470528069861173,1.0,False
CG6006,0.9401963,0.14458987,0.34711688116415307,1.0,False
krz,0.93910605,-0.024670038,0.347676313609542,1.0,False
Tailor,0.93755877,0.09455294,0.3484712171656189,1.0,False
Octbeta3R,0.9373534,-0.047988366,0.3485768220994342,1.0,False
Ssu72,0.93733627,0.18195376,0.34858562342841504,1.0,False
unmet,0.93682104,0.3150449,0.34885060952013247,1.0,False
hpRNA:CR18854,0.9360971,-0.0690528,0.3492232148146669,1.0,False
Ms,0.93585575,0.26133764,0.3493474727167749,1.0,False
Hykk,0.9357171,0.0042610588,0.3494188676090225,1.0,False
CG31342,0.9351266,0.07636281,0.3497230607038574,1.0,False
AANATL7,0.934519,0.7232898,0.35003624638343267,1.0,False
D,0.9339285,-0.057612162,0.35034078037040184,1.0,False
CG12279,0.93320966,0.03045928,0.3507117441365334,1.0,False
CG7058,0.9329888,0.0404833,0.3508257329817994,1.0,False
Nelf-A,0.932715,-0.0240363,0.35096714712234633,1.0,False
Lrch,0.9320868,0.0041260864,0.3512916522698969,1.0,False
or,0.93170685,0.23157562,0.3514880391895838,1.0,False
CG1275,0.9316504,0.048709296,0.3515172377764867,1.0,False
Glo1,0.93160075,0.18590823,0.35154289840917263,1.0,False
CG2218,0.93150145,0.0945524,0.3515942232343193,1.0,False
CG7368,0.931255,-0.035785656,0.35172167090658113,1.0,False
CG10809,0.9300894,-0.0076199863,0.3523247885017511,1.0,False
CG31729,0.9298583,-0.047977734,0.35244442695932676,1.0,False
smid,0.9291446,0.09854316,0.35281413920421933,1.0,False
CG4991,0.9289906,1.0965334,0.35289396539379936,1.0,False
CG2915,0.9268734,0.120597124,0.35399228949438544,1.0,False
vari,0.9266046,0.05564916,0.3541318430578202,1.0,False
CG14340,0.924282,0.23454283,0.35533949622261574,1.0,False
CG5953,0.92393285,0.33493754,0.3555212691004417,1.0,False
trio,0.9231832,-0.027837595,0.3559117443035893,1.0,False
CG13398,0.9226218,0.06619017,0.35620433198176804,1.0,False
nec,0.92200565,0.500521,0.3565256392911149,1.0,False
CG5727,0.9218618,0.16552596,0.3566006372699819,1.0,False
HERC2,0.9215024,-0.010628143,0.3567881757075605,1.0,False
Gnpda,0.92036253,0.14706282,0.3573833513952315,1.0,False
Gtpbp2,0.91988325,-0.044158813,0.3576337619557365,1.0,False
Pldn,0.9195495,0.21444868,0.35780822025083037,1.0,False
Psn,0.91910106,0.14502217,0.3580427049370871,1.0,False
CSN8,0.91883576,0.09313805,0.35818147230329755,1.0,False
CG13631,0.91859615,-0.08903853,0.3583068396475326,1.0,False
Swt1,0.91850716,0.15688415,0.3583534116902778,1.0,False
Rbpn-5,0.91788584,0.10196322,0.35867862642822723,1.0,False
CG15432,0.917078,-0.0063411146,0.3591017726170792,1.0,False
Sps2,0.9169993,0.5486966,0.3591430282127115,1.0,False
CG11658,0.916633,-0.03264557,0.35933499557974036,1.0,False
Bhmt,0.91621536,0.633962,0.35955395291069714,1.0,False
blp,0.9138277,0.025692157,0.36080738750207164,1.0,False
pbl,0.91346145,0.6849399,0.36099991290324995,1.0,False
CG1418,0.9133776,0.17199507,0.3610440048871204,1.0,False
CG31678,0.91302496,0.016333966,0.3612294081352537,1.0,False
CG5885,0.912568,0.057990845,0.36146980117106897,1.0,False
MED10,0.91238827,0.06654213,0.3615643652290995,1.0,False
Mtpbeta,0.9120819,0.2809049,0.3617256101837062,1.0,False
Las,0.91136473,0.110981986,0.36210322568802444,1.0,False
CG6178,0.9095128,0.38032684,0.36307949875856593,1.0,False
CG32473,0.9089257,0.2718715,0.36338932631689436,1.0,False
Schip1,0.90833354,-0.050818864,0.36370203128262635,1.0,False
CG33090,0.9081008,0.026547402,0.36382499028349224,1.0,False
CG11357,0.9065141,-0.05906398,0.3646637929102955,1.0,False
CG7556,0.9056395,0.07586632,0.3651266911599279,1.0,False
CCT7,0.9054358,0.19488417,0.3652345420406282,1.0,False
Csas,0.90258604,0.2994689,0.3667456338659282,1.0,False
fliI,0.9013246,0.2095783,0.36741575027979667,1.0,False
E23,0.90095836,0.8821628,0.36761047236036526,1.0,False
Naus,0.90091896,-0.04569003,0.36763140425944074,1.0,False
Pdp,0.90073586,0.17821626,0.3677287928545908,1.0,False
Ork1,0.9005287,1.0625006,0.3678389432400231,1.0,False
Idh,0.8999074,0.04344714,0.36816951766285333,1.0,False
tra,0.8988377,0.119094834,0.3687391216848015,1.0,False
RabGGTa,0.89881885,0.1641953,0.36874915162277333,1.0,False
RasGAP1,0.89623094,-0.04510906,0.37012942699288265,1.0,False
Obp99c,0.89514065,0.45085835,0.37071189157770956,1.0,False
dop,0.8938108,-0.08187645,0.3714231403079701,1.0,False
CG12118,0.8935267,0.053245965,0.3715752027405619,1.0,False
Polr2E,0.8933743,0.16837718,0.37165674608866317,1.0,False
Ddrgk1,0.89275646,0.05136994,0.37198761436563865,1.0,False
CG12567,0.8919743,0.012098138,0.37240673161195226,1.0,False
Lpin,0.8917055,-0.058438268,0.37255078469784164,1.0,False
CG4968,0.8911356,0.038082726,0.37285643830550175,1.0,False
CG42542,0.89055705,-0.02103577,0.3731668401047975,1.0,False
IntS3,0.88956094,-0.03648092,0.3737016937818066,1.0,False
CG1647,0.88945824,7.941733e-05,0.3737568602988639,1.0,False
CG31111,0.88816255,0.6303764,0.3744533106824428,1.0,False
Abp1,0.88753784,0.12308538,0.37478940224706125,1.0,False
Exn,0.8873479,0.030483559,0.37489164787909446,1.0,False
CG4660,0.8869456,0.08201838,0.37510817073634806,1.0,False
CG10737,0.88658106,0.053628255,0.37530449011637645,1.0,False
CG11858,0.88566196,0.1708906,0.37579971783859956,1.0,False
Sap130,0.88539326,0.11766888,0.3759445812816561,1.0,False
CAH8,0.8853042,0.37896177,0.37599256912955015,1.0,False
GAA1,0.8849003,0.1460319,0.3762104076538917,1.0,False
PIG-G,0.88447756,0.37202403,0.3764384830762808,1.0,False
Pyroxd1,0.881905,0.0958845,0.37782816502397354,1.0,False
kat80,0.8817168,0.07110661,0.37792999560035345,1.0,False
CG6503,0.88152504,0.45593756,0.37803369501131023,1.0,False
Gle1,0.87994355,0.109271765,0.37888988376864663,1.0,False
fz4,0.8795448,0.29089326,0.3791059724389948,1.0,False
CHMP2B,0.87846136,0.08430901,0.3796934114968349,1.0,False
Tmem43,0.8776329,0.085432164,0.38014295237700535,1.0,False
her,0.8763749,0.0018158762,0.3808262481535972,1.0,False
CG12290,0.87623626,-0.030067552,0.38090159625146625,1.0,False
CtsK1,0.87617296,-0.0016820001,0.3809360175641041,1.0,False
Mocs1,0.8758751,0.9114939,0.3810979163745375,1.0,False
CG42676,0.875627,0.2059342,0.38123286431410053,1.0,False
Gmap,0.87403864,0.108188875,0.38209722555572423,1.0,False
Srp19,0.87295175,0.072339065,0.38268937162641137,1.0,False
Spn43Ab,0.8725752,0.07036965,0.382894655705626,1.0,False
Snr1,0.87246394,0.0897276,0.3829553207304258,1.0,False
Srp68,0.870559,0.43386614,0.3839950061612557,1.0,False
Rgk2,0.8704443,-0.027181495,0.38405764787128194,1.0,False
Naa35,0.8697511,0.30084035,0.38443643611911826,1.0,False
CG8180,0.8696655,0.56836975,0.3844832159434445,1.0,False
SdhC,0.8693369,0.033973094,0.3846628828230678,1.0,False
Ubi-p63E,0.8692821,-0.05430652,0.38469283229406925,1.0,False
CG2224,0.86856496,0.22047658,0.38508511474516305,1.0,False
Trs20,0.8684931,0.026013957,0.38512445009303187,1.0,False
FAM21,0.86749524,0.04116441,0.3856707158082324,1.0,False
Wnk,0.86666685,-0.041168734,0.38612457881773865,1.0,False
Snx16,0.8664101,0.30269313,0.38626530501100087,1.0,False
spir,0.86611915,-0.05542779,0.3864248325427032,1.0,False
CG4119,0.86552006,-0.005063567,0.38675339818175714,1.0,False
TFAM,0.865491,0.16954806,0.3867693614238267,1.0,False
kat-60L1,0.8653318,0.41876325,0.3868566968631306,1.0,False
DUBAI,0.865325,0.019548276,0.3868604534959633,1.0,False
GIIIspla2,0.8649022,0.12239139,0.38709246868948566,1.0,False
asRNA:CR43957,0.86408234,0.3041166,0.3875426509028479,1.0,False
CG17746,0.863574,0.025918983,0.38782194290794525,1.0,False
Snrnp59,0.863497,0.12701263,0.38786427057686856,1.0,False
kraken,0.86341655,-0.03263471,0.38790848248118104,1.0,False
MESR6,0.8634148,0.25332645,0.38790942319336097,1.0,False
Dpy-30L1,0.86177343,0.026190108,0.38881220600205846,1.0,False
MED28,0.861491,0.04611148,0.38896766246366443,1.0,False
Srlp,0.86066777,-0.035901885,0.38942105745204947,1.0,False
Pino,0.8596117,0.04452059,0.39000311778751495,1.0,False
Iru,0.8586977,0.039429616,0.3905073050210176,1.0,False
Inx3,0.85797375,0.21963058,0.3909069702791226,1.0,False
Myo95E,0.85748595,-0.034652766,0.3911763883197511,1.0,False
CG42336,0.85692453,0.03903748,0.39148659490564963,1.0,False
CG4036,0.85690916,0.16661206,0.39149510877593185,1.0,False
vito,0.85672426,0.17245626,0.3915972839851123,1.0,False
nAChRalpha1,0.85667294,0.008992239,0.3916256688595713,1.0,False
CG9801,0.8558753,0.14032319,0.39206674089752713,1.0,False
STUB1,0.8539721,0.014947127,0.39312047292394314,1.0,False
ASPP,0.8527825,0.08831984,0.3937799259324285,1.0,False
Sec24AB,0.85230154,0.034756634,0.3940467437218381,1.0,False
CG11779,0.8513927,0.031230072,0.39455124255401086,1.0,False
CG5377,0.8512575,0.25266322,0.3946263331942539,1.0,False
Rab14,0.8497787,-0.0012596275,0.39544814178812415,1.0,False
glob1,0.84949285,-0.057301696,0.3956071059247339,1.0,False
Prosalpha1,0.84922755,1.3704649,0.3957546820309146,1.0,False
Pvr,0.84920704,0.40367457,0.3957661086647084,1.0,False
Tango14,0.8489212,0.1103453,0.3959251500044281,1.0,False
Rpn2,0.8479165,-0.035376467,0.3964844817875418,1.0,False
CG34232,0.8475913,0.61448246,0.39666562827439145,1.0,False
FMRFaR,0.8471377,0.062099442,0.39691836334857444,1.0,False
noi,0.8462922,0.31901297,0.39738975895849205,1.0,False
NdufAF4,0.84437007,0.019547185,0.3984626281397544,1.0,False
Sqor,0.8441801,0.34881192,0.3985687677448019,1.0,False
RhoGAP18B,0.84392166,0.5317642,0.39871318318785587,1.0,False
CG8545,0.84220326,0.29899478,0.3996742033590108,1.0,False
pod1,0.84199613,-0.03204495,0.399790117515304,1.0,False
Nepl5,0.839184,0.17774859,0.4013660595137817,1.0,False
CG5787,0.8389033,0.12929718,0.4015235704000729,1.0,False
CG3104,0.8375135,-0.040867712,0.4023039878179181,1.0,False
Rpi,0.8373543,0.2924832,0.40239342862097793,1.0,False
CkIIalpha-i3,0.83655334,0.026728878,0.40284369876303916,1.0,False
Fit1,0.83648485,-0.05818671,0.4028821973927328,1.0,False
asRNA:CR45629,0.8353672,5.5684958,0.40351099927836975,1.0,False
CG12877,0.83422387,0.06192706,0.4041548530626117,1.0,False
MsrA,0.8339979,0.022485407,0.4042821543623224,1.0,False
CG5674,0.8339175,-0.032328054,0.4043274871317416,1.0,False
Prx3,0.83379084,-0.028902981,0.4043988682939921,1.0,False
CG9395,0.8333304,-0.057118375,0.40465841197277364,1.0,False
CG3793,0.83261496,-0.0130285425,0.40506191539013203,1.0,False
Thor,0.832288,0.84523463,0.40524637138912145,1.0,False
Tsp3A,0.8318379,0.10124021,0.405500442681369,1.0,False
Ufl1,0.8315384,0.16208889,0.4056695542498784,1.0,False
CG8768,0.8299603,0.37410623,0.40656122614445755,1.0,False
CG17193,0.82910794,-0.017523173,0.4070433311364037,1.0,False
ATP8A,0.82903945,-0.054061934,0.40708206921759316,1.0,False
eIF2gamma,0.8285209,0.042558055,0.40737558159027754,1.0,False
Pdss2,0.82835656,0.008688527,0.4074686019248175,1.0,False
lncRNA:CR45308,0.82788414,0.40902367,0.4077361059136716,1.0,False
CG1824,0.8276103,0.14216892,0.40789122860356797,1.0,False
CG4716,0.8261931,0.31791648,0.4086945502460775,1.0,False
mib1,0.8261811,0.11572829,0.4087013456252092,1.0,False
Rhp,0.82613665,0.33045262,0.4087265861937468,1.0,False
Pask,0.8260322,0.024636144,0.4087858080931914,1.0,False
CG10600,0.8257207,-0.075607575,0.408962533293701,1.0,False
PAN2,0.8252449,0.014479461,0.40923256393836116,1.0,False
asRNA:CR45131,0.8251542,0.32807577,0.40928405663812617,1.0,False
rudhira,0.82463044,0.10681861,0.40958142947900267,1.0,False
Stip1,0.82426417,0.06575837,0.40978947244169717,1.0,False
CG12054,0.82322013,0.026956856,0.41038283681429866,1.0,False
Den1,0.8228932,0.0018633069,0.41056873285206974,1.0,False
HisT,0.82099503,-0.08417909,0.4116490858821388,1.0,False
Capa,0.8203686,1.1804801,0.41200600145773125,1.0,False
Ugt49B1,0.82013756,0.9957007,0.4121376969652242,1.0,False
CG6425,0.82013583,0.6376342,0.41213867258063075,1.0,False
CG11309,0.81994927,0.20933244,0.41224502286989484,1.0,False
Nf-YC,0.8198312,0.15628831,0.4123123539396166,1.0,False
clt,0.8195248,0.39268172,0.4124870547887951,1.0,False
NKCC,0.81949055,0.8183583,0.41250657716148476,1.0,False
mEFTu2,0.8194632,0.29863727,0.41252219545395097,1.0,False
CG9743,0.8188419,0.83286804,0.41287662963725547,1.0,False
CG17803,0.8186639,0.35911304,0.4129782087606272,1.0,False
CG10492,0.81810075,0.060851835,0.4132996478952997,1.0,False
CG42394,0.81601435,0.16501449,0.41449192443434846,1.0,False
alpha-Est9,0.81499594,-0.010784927,0.41507461852674454,1.0,False
JMJD5,0.8142035,0.34372154,0.41552837740840765,1.0,False
CG10479,0.81269217,0.36067745,0.4163945652140917,1.0,False
Prosbeta3,0.8125535,0.024555823,0.4164740763014617,1.0,False
CG1074,0.8125056,0.12686668,0.41650156369903135,1.0,False
e,0.81246966,0.39716172,0.4165221799496234,1.0,False
CG33695,0.8114667,0.12926976,0.41709771428578024,1.0,False
Pde9,0.8101385,0.09376712,0.41786057643721153,1.0,False
CG14687,0.8087658,0.13683732,0.4186498614271331,1.0,False
geminin,0.8087196,0.08664448,0.418676448623457,1.0,False
KLHL18,0.8087076,0.0064163804,0.41868334176248556,1.0,False
PKD,0.80839443,-0.0051157987,0.41886357180686673,1.0,False
brm,0.8081839,-0.05441609,0.418984735681469,1.0,False
Muc68D,0.8078655,24.022926,0.4191679982619865,1.0,False
CG4020,0.80766016,2.8568928,0.4192862572017475,1.0,False
CG32022,0.80761904,0.06563505,0.41930991134403583,1.0,False
Sfmbt,0.8071655,0.09993471,0.41957114466534073,1.0,False
Alg11,0.8062498,-0.008075356,0.42009883171716433,1.0,False
Naa20A,0.80603755,0.09609705,0.42022119239140465,1.0,False
repo,0.80600846,0.23348251,0.4202379692769024,1.0,False
CG7747,0.80580306,0.09381482,0.4203564055419007,1.0,False
Dpp10,0.80566275,-0.01222561,0.4204373482643424,1.0,False
boil,0.80488056,0.58075047,0.4208886235143232,1.0,False
CG10428,0.80479664,0.09462268,0.4209370265722724,1.0,False
Tmem131,0.8044749,0.17280644,0.4211227665774725,1.0,False
Indy,0.80361396,0.6202797,0.4216199563152101,1.0,False
TwdlG,0.8016319,0.3460604,0.4227658877577076,1.0,False
Su(var)2-10,0.8011373,0.00825427,0.42305216001321033,1.0,False
disp,0.80106544,0.07226117,0.42309377303738116,1.0,False
CG18428,0.8002969,-0.04952967,0.4235387858119799,1.0,False
CG1764,0.8000145,0.014410416,0.4237023893690335,1.0,False
CG9004,0.799323,0.21425755,0.4241031262589765,1.0,False
toy,0.79815745,-0.061897002,0.4247791272749043,1.0,False
Tecr,0.79738724,0.048794556,0.42522616925162227,1.0,False
CG2162,0.7965297,-0.036393598,0.4257241990715728,1.0,False
CG32809,0.79518443,-0.018667242,0.42650622491994783,1.0,False
CG13255,0.79504406,0.2364517,0.4265878585396615,1.0,False
CG11583,0.79494995,0.021518297,0.42664261790094404,1.0,False
Men-b,0.7941489,-0.066580184,0.42710873605917477,1.0,False
Der-1,0.7927797,0.0012308266,0.42790620603239815,1.0,False
Cerk,0.7924082,0.110152975,0.4281226691204715,1.0,False
CG5886,0.79205227,0.08378196,0.4283302142845232,1.0,False
Wwox,0.7916483,0.21397556,0.4285657691005642,1.0,False
chico,0.7915918,0.02246126,0.4285987128542379,1.0,False
bwa,0.7914498,0.027391074,0.4286815778975014,1.0,False
cl,0.7911759,-0.04399664,0.42884134403204277,1.0,False
Ns4,0.7904143,0.3159419,0.42928587561993437,1.0,False
Vps8,0.79000175,0.14815538,0.42952673369386507,1.0,False
Cyp9f2,0.7894267,0.5746797,0.42986266683470253,1.0,False
Adf1,0.78869927,-0.013634881,0.43028780076715,1.0,False
rux,0.7884305,0.08189333,0.43044491195889145,1.0,False
Mdr49,0.7882628,0.6173189,0.4305429982407256,1.0,False
cN-IIIB,0.7881447,0.20876186,0.43061206677086883,1.0,False
CG34408,0.7880814,0.0071566775,0.43064910616702523,1.0,False
CG5877,0.7870664,0.29422638,0.43124298976737996,1.0,False
CG5543,0.7868559,0.32402286,0.43136623248288086,1.0,False
PolI,0.7868011,0.2885659,0.4313982989753099,1.0,False
mfrn,0.7857879,-0.025166053,0.4319917783046845,1.0,False
CG34039,0.784167,0.46141845,0.4329421275538612,1.0,False
Pyk,0.78405744,0.078484006,0.4330063975160219,1.0,False
lncRNA:CR44506,0.78374255,0.28307515,0.43319120440521286,1.0,False
Brr2,0.7837083,0.07383606,0.4332112948595588,1.0,False
MESR4,0.7836484,-0.09293996,0.4332464544515926,1.0,False
salsa,0.7832308,0.23022512,0.43349161289698246,1.0,False
DIP-lambda,0.7828713,0.08843168,0.4337026741387493,1.0,False
gammaCOP,0.78219354,-0.029805385,0.43410083694175583,1.0,False
CG17574,0.77822953,0.117319815,0.4364337122899752,1.0,False
GlnRS,0.7773138,0.14743012,0.4369736358743628,1.0,False
CG8617,0.77715296,0.02302792,0.43706854066555667,1.0,False
Mo25,0.77713925,-0.08925241,0.43707661821703914,1.0,False
CG31109,0.77700233,0.0074073477,0.4371573984592553,1.0,False
CG8060,0.7754191,0.29324993,0.4380920440729318,1.0,False
ari-2,0.7748235,0.05933562,0.43844397018295334,1.0,False
CG15536,0.77391636,0.109937586,0.4389802617002557,1.0,False
Sgf29,0.7729219,0.07716255,0.4395685913629128,1.0,False
fl(2)d,0.7728363,-0.050386198,0.4396192432865854,1.0,False
CG6126,0.7717033,0.35714144,0.4402901905135813,1.0,False
Spt20,0.7712754,0.07052352,0.44054372207116066,1.0,False
lncRNA:CR43242,0.77029634,0.21240222,0.4411241170251742,1.0,False
CG31122,0.76894933,-0.057068806,0.4419233830448802,1.0,False
Polr3I,0.7684479,0.101569764,0.44222116130541056,1.0,False
HDAC1,0.7681791,-0.018843438,0.44238076890056277,1.0,False
Mkrn1,0.7673661,-0.068657205,0.4428638587520459,1.0,False
CG8031,0.76697934,0.20345397,0.44309381367020795,1.0,False
CG6689,0.7669656,0.09060135,0.44310195491781257,1.0,False
Reg-5,0.76639736,1.510272,0.44343989208451207,1.0,False
Rh7,0.7651907,-0.049441203,0.444157987747816,1.0,False
CG40439,0.7646259,0.63286674,0.4444943455803909,1.0,False
par-6,0.7645951,-0.023744022,0.4445126965504399,1.0,False
CG6171,0.7637787,0.0017522582,0.4449991547463624,1.0,False
tef,0.7629229,0.33940515,0.4455093947284795,1.0,False
Gapdh2,0.7627996,0.06564049,0.44558289673832097,1.0,False
CenG1A,0.76274484,-0.061972782,0.44561556651620915,1.0,False
vg,0.76228446,0.22714412,0.4458902507923912,1.0,False
Fkbp12,0.7608587,0.06565964,0.4467414645236013,1.0,False
HPS4,0.76012784,0.00536584,0.44717815919779036,1.0,False
CG4596,0.7596948,-0.05985292,0.4474370178416993,1.0,False
pkaap,0.75945693,0.019311104,0.4475792728747171,1.0,False
CG15111,0.7591215,0.07351285,0.44777990638269904,1.0,False
Phax,0.75894856,0.13239744,0.44788331400906756,1.0,False
rdog,0.7583461,0.111751825,0.4482438109785484,1.0,False
asRNA:CR45600,0.7576854,-0.05320594,0.44863931805695934,1.0,False
Idgf3,0.7575519,0.3313402,0.44871926323042255,1.0,False
MTF-1,0.75751257,0.28757033,0.44874283835088835,1.0,False
CG9135,0.75716513,0.08670138,0.4489509448979129,1.0,False
sds22,0.756234,0.058464188,0.4495088993833801,1.0,False
CG13937,0.7561998,-0.02878774,0.44952941990725903,1.0,False
Dlg5,0.7559995,0.021705166,0.4496494756148641,1.0,False
CG32112,0.7557017,0.018837899,0.44982805361704636,1.0,False
TkR99D,0.7556452,0.033310108,0.44986192639354594,1.0,False
CG5515,0.7552687,0.036075275,0.450087781847895,1.0,False
park,0.75524473,0.1847863,0.4501021566419756,1.0,False
Ero1L,0.7551232,0.10188864,0.45017506138837493,1.0,False
DnaJ-1,0.75476205,-0.028007228,0.45039176145610416,1.0,False
lncRNA:CR45347,0.75463027,0.038143594,0.4504708562890757,1.0,False
spt4,0.7541322,-6.510578e-05,0.4507698441633875,1.0,False
Iml1,0.7537916,-0.012719282,0.45097437133401763,1.0,False
Golgin84,0.75230765,0.086527936,0.45186606472990687,1.0,False
lncRNA:CR45674,0.7519174,0.8342222,0.4521007239353714,1.0,False
Cpsf5,0.7514433,-0.05868636,0.45238590694064684,1.0,False
goe,0.7513937,0.82762414,0.45241576952195195,1.0,False
Ge-1,0.7511455,0.04694806,0.4525650991344842,1.0,False
Gbs-70E,0.7498721,0.7141565,0.45333175234813716,1.0,False
lncRNA:CR45660,0.7493774,0.51730174,0.4536297493203656,1.0,False
Hacd1,0.7489444,0.04248154,0.4538907162582976,1.0,False
mon2,0.74851996,0.014318811,0.4541466079034112,1.0,False
Syb,0.74827176,0.12208967,0.45429625964217446,1.0,False
CG13339,0.7478678,-0.013238576,0.45453989017781893,1.0,False
CG9667,0.74724996,0.14133748,0.45491270472073964,1.0,False
CG7182,0.7472208,0.28492486,0.45493026532957215,1.0,False
CG13630,0.7470377,0.28804675,0.45504080263154423,1.0,False
Mcad,0.74568725,0.24833749,0.45585635292104654,1.0,False
P58IPK,0.745576,0.19249436,0.4559235768505221,1.0,False
CG5404,0.74537575,0.38205197,0.4560445939755454,1.0,False
Wee1,0.7452833,-0.052530322,0.45610045412630074,1.0,False
CG9215,0.74406296,0.24465469,0.45683837574975217,1.0,False
Fam114A,0.74392605,0.07699907,0.4569212138410049,1.0,False
Rab21,0.7437874,0.015275113,0.4570050960058514,1.0,False
CG31997,0.74377716,-0.026575712,0.45701130984365956,1.0,False
cg,0.74336296,0.052919205,0.45726197419487513,1.0,False
sba,0.74247295,-0.06779082,0.45780085292228323,1.0,False
Set2,0.7417814,0.0065389513,0.4582197661362082,1.0,False
porin,0.7411054,0.16626863,0.4586295549235362,1.0,False
CG9915,0.7404875,-0.019110292,0.45900425037122583,1.0,False
dind,0.73990726,0.16644019,0.45935626731253465,1.0,False
mRpS33,0.7396026,-0.03260858,0.45954116269189715,1.0,False
Sf3b3,0.73803824,0.8578854,0.46049122541397336,1.0,False
santa-maria,0.73795265,0.20523858,0.4605432298830433,1.0,False
pes,0.7378465,0.6029242,0.4606077199859814,1.0,False
CG17294,0.7373844,0.030425245,0.4608886228563712,1.0,False
tj,0.7371482,0.3953757,0.46103223240776026,1.0,False
mRpL19,0.7366844,-0.04185139,0.4613143210331977,1.0,False
Polr2I,0.736556,0.05476164,0.4613924068745785,1.0,False
Ephrin,0.73573613,-0.07551169,0.46189128925042044,1.0,False
Nph,0.7357156,0.052156772,0.4619037912131255,1.0,False
RagC-D,0.73555815,0.04727594,0.4619996458699094,1.0,False
CG7600,0.7353202,0.11454019,0.4621444908133233,1.0,False
Coq9,0.7349146,0.22560823,0.4623915150895279,1.0,False
Taf6,0.7346835,0.06702544,0.4625322580473026,1.0,False
lncRNA:CR45018,0.73458254,0.5127393,0.4625937754360314,1.0,False
Nrx-IV,0.7341341,-0.061260186,0.46286700947316584,1.0,False
mTor,0.7337593,0.11610709,0.4630954687869856,1.0,False
mav,0.73354363,0.044923168,0.4632269396125335,1.0,False
Cox10,0.732058,-0.018768946,0.46413319255819185,1.0,False
CG33941,0.73158383,0.1070835,0.4644226076213672,1.0,False
Arl5,0.7298552,0.043013867,0.465478725762963,1.0,False
CCKLR-17D1,0.72953683,0.24313179,0.46567336423339545,1.0,False
Alg12,0.7293605,0.08086035,0.46578116735291364,1.0,False
Fbxl4,0.72896683,0.18275808,0.46602194280150333,1.0,False
CG4328,0.728503,0.22563958,0.46630572777017976,1.0,False
colt,0.7282634,0.07760703,0.4664523701246338,1.0,False
snRNP-U1-70K,0.7280426,-0.071977474,0.4665875132350453,1.0,False
Cth,0.7269164,0.27102077,0.4672771858308218,1.0,False
CG5644,0.72679144,0.092032865,0.4673537344759765,1.0,False
CG6833,0.72600067,0.07073822,0.4678383542171002,1.0,False
LBR,0.7257337,0.84657574,0.46800205490828783,1.0,False
PK2-R2,0.7255711,0.7985478,0.46810175997421954,1.0,False
Pym,0.7250439,0.1530511,0.4684250951818886,1.0,False
CG8858,0.724717,0.12527478,0.4686256670990747,1.0,False
CG7084,0.72451675,0.20117863,0.46874855399798687,1.0,False
sosie,0.7237568,-0.1691022,0.4692150562278198,1.0,False
Idi,0.7231766,-0.060853343,0.46957140977831713,1.0,False
YME1L,0.72305673,-0.002156135,0.4696450117388894,1.0,False
koko,0.722545,0.49905685,0.4699594690372265,1.0,False
Sply,0.72252786,0.15943429,0.469969988013784,1.0,False
CG1582,0.72191685,0.09642227,0.47034560068388376,1.0,False
sip1,0.7215163,0.34943995,0.4705918905030818,1.0,False
RYBP,0.72132635,0.08936674,0.4707087451816354,1.0,False
pcx,0.72118944,0.03285457,0.47079297470049053,1.0,False
DPCoAC,0.7211792,0.35441354,0.47079929224973593,1.0,False
Lnpk,0.7209567,0.04474118,0.4709361839720916,1.0,False
lncRNA:CR45911,0.71965754,-0.005059812,0.4717358593411418,1.0,False
lncRNA:CR46064,0.71915436,-0.085414335,0.4720458160291423,1.0,False
CG13654,0.71856046,0.08803338,0.4724117936074054,1.0,False
CG13185,0.7180829,0.083085224,0.4727061655387077,1.0,False
Ifrd1,0.7180076,-0.05945675,0.47275259900321864,1.0,False
rnh1,0.71771836,0.39383683,0.47293096906083765,1.0,False
CG5742,0.71745133,0.029945,0.47309565121569364,1.0,False
WDR79,0.7173264,0.24836357,0.4731727248555846,1.0,False
Ostgamma,0.71708506,0.033136733,0.4733216126761878,1.0,False
CG5274,0.7168472,0.24058156,0.473468413835336,1.0,False
yata,0.71591437,0.01007667,0.4740442426209883,1.0,False
Itpr,0.7151972,0.0029887683,0.4744872055842908,1.0,False
Ipp,0.71495414,-0.042525988,0.4746373782491097,1.0,False
CG44325,0.71466833,0.256798,0.4748140231564314,1.0,False
CG17270,0.7145639,-0.0050713387,0.47487855514530375,1.0,False
Syx7,0.7145485,-0.052415065,0.47488807666600164,1.0,False
JMJD6,0.71454334,0.1695446,0.4748912505295242,1.0,False
Rpt3,0.712712,-0.03347234,0.4760240042997287,1.0,False
vih,0.7124347,-0.046863243,0.4761956343400813,1.0,False
CG11791,0.7123577,-0.0046809833,0.4762433153690694,1.0,False
Dhrs4,0.7123029,0.073771715,0.47627722347024226,1.0,False
CG10465,0.71074194,-0.04339337,0.4772441602701659,1.0,False
Gyc89Db,0.71025413,0.64305085,0.4775465481963239,1.0,False
ohgt,0.70977145,0.05546621,0.4778458562272231,1.0,False
Sbp2,0.7093179,0.08132167,0.4781272143347204,1.0,False
CG10702,0.7091878,0.6675374,0.47820792242325216,1.0,False
CG7382,0.7079914,-0.04191459,0.47895057352598835,1.0,False
CG4022,0.70704836,-0.051208794,0.479536425917346,1.0,False
Noc3,0.7068635,0.017467441,0.4796513030516061,1.0,False
e(y)2,0.70663244,0.051302735,0.4797949205788443,1.0,False
Scsalpha1,0.70519984,-0.0042385296,0.4806858725324914,1.0,False
Amacr,0.70509714,0.18823819,0.4807497746586208,1.0,False
CG12236,0.7042448,-0.08624278,0.4812803408645636,1.0,False
asRNA:CR42254,0.7035653,0.2445202,0.4817035305024949,1.0,False
ClpP,0.70317334,-0.025066162,0.4819477294081064,1.0,False
barc,0.70278823,-0.06615729,0.4821877283903021,1.0,False
papi,0.70269066,0.15804423,0.48224853844655413,1.0,False
ClC-a,0.6993702,0.20172118,0.484320697688967,1.0,False
Mettl1,0.69918877,0.17422052,0.48443405767399295,1.0,False
Gyc89Da,0.6983484,0.9953992,0.48495933723526685,1.0,False
olf186-M,0.69804543,1.0042266,0.48514877026109415,1.0,False
DIP2,0.6977202,-0.070155315,0.48535216103279677,1.0,False
Snx21,0.6974173,0.11105648,0.4855416771195096,1.0,False
Brms1,0.69728553,0.023025198,0.48562413447111286,1.0,False
Set1,0.6972239,-0.06426462,0.48566268855988326,1.0,False
jub,0.6971965,0.13859756,0.48567982424211964,1.0,False
Scox,0.69702536,-0.02338536,0.48578692966835446,1.0,False
CG3386,0.6969004,0.20513526,0.48586512469864007,1.0,False
dbe,0.69655293,0.22737423,0.4860826069454117,1.0,False
CG1307,0.6964845,-0.015505205,0.4861254667987527,1.0,False
IKKepsilon,0.69599843,0.34448332,0.48642983051969535,1.0,False
hop,0.69598985,0.122156985,0.4864351899585705,1.0,False
CG5946,0.6957947,-0.03787586,0.48655739382561414,1.0,False
SLC5A11,0.6955431,0.49896684,0.4867149969874478,1.0,False
CG7706,0.69548666,0.06540983,0.48675038108034896,1.0,False
CG30122,0.69534284,-0.074198835,0.48684045595257985,1.0,False
Rdh1,0.69473696,0.40841225,0.4872201561325282,1.0,False
stan,0.6943074,-0.0054499316,0.4874894754409793,1.0,False
Alp4,0.6938127,0.5385266,0.4877996676994588,1.0,False
CG17328,0.6934259,0.34397992,0.488042314382067,1.0,False
CG15478,0.69334203,0.25841165,0.48809493220578803,1.0,False
Cont,0.6931093,0.116524346,0.48824098954336526,1.0,False
CG14647,0.69266427,-0.057797886,0.4885202823957986,1.0,False
CG12299,0.69090986,0.023153003,0.4896221793038291,1.0,False
CNPYb,0.6907627,0.13672008,0.48971469193547346,1.0,False
CG2604,0.6903502,0.009501445,0.4899739925634161,1.0,False
CG4751,0.6902047,0.0944932,0.4900654647594975,1.0,False
mRpS18A,0.6898641,-0.030412653,0.4902796532368644,1.0,False
Rab27,0.68983155,-0.010150484,0.49030010602549656,1.0,False
RPA1,0.6894157,0.17169735,0.49056172688314015,1.0,False
mRpL44,0.6892154,0.054055195,0.49068771924142496,1.0,False
Wnt10,0.6892137,0.2572359,0.4906887961741454,1.0,False
CG10898,0.6876014,0.1617366,0.49170383081687496,1.0,False
Dtd,0.6860541,0.13048062,0.4926789779855152,1.0,False
CG11563,0.6858196,0.13605674,0.4928268506459642,1.0,False
CSN5,0.6856861,0.06837709,0.49291105154466563,1.0,False
polybromo,0.68524283,0.15525867,0.4931906969961205,1.0,False
Teh4,0.6851316,0.06431086,0.4932608916247314,1.0,False
MESR3,0.6850751,0.14693981,0.4932965309455505,1.0,False
CG8728,0.68465066,0.074318506,0.4935644099624549,1.0,False
peg,0.68461466,1.1537381,0.4935870968423379,1.0,False
CG11123,0.6844812,0.50235695,0.4936713672837588,1.0,False
Atu,0.6844367,0.056477383,0.49369945914227653,1.0,False
Tspo,0.6843682,-0.037773147,0.4937426790569148,1.0,False
CG34279,0.68423986,1.2983214,0.49382372185498513,1.0,False
Lgr3,0.6838907,1.0335675,0.4940441942785624,1.0,False
CG31229,0.6837452,0.0044772527,0.49413607332904597,1.0,False
Hsdl2,0.6836271,0.45425418,0.4942106642207411,1.0,False
Tsp42Ek,0.68322486,0.11733357,0.49446475084386166,1.0,False
Sec5,0.68267035,0.13392866,0.49481518052801143,1.0,False
ric8a,0.68261725,0.07213388,0.4948487162501426,1.0,False
Kank,0.6823263,-0.069162965,0.49503264341628095,1.0,False
Npc1a,0.68107,-0.050912336,0.4958271951394321,1.0,False
GluProRS,0.6810118,0.25583583,0.4958640164748608,1.0,False
CG4972,0.6801646,0.067520805,0.49640025704200463,1.0,False
CG5126,0.67988557,0.28759813,0.4965769049302837,1.0,False
CkIIalpha-i1,0.67884153,0.30161893,0.49723827714391977,1.0,False
mio,0.67848897,0.267613,0.4974617317288218,1.0,False
TTLL4A,0.67831093,-0.06277208,0.49757456406175615,1.0,False
INPP5E,0.6778266,0.08298413,0.4978816671723353,1.0,False
MrgBP,0.67780775,0.0075332983,0.4978936060786894,1.0,False
CG8034,0.6776605,0.30035922,0.4979869518710204,1.0,False
Hr39,0.67710257,-0.09101342,0.49834088208937966,1.0,False
CCT4,0.676637,-0.008086098,0.4986362881790406,1.0,False
Acox3,0.67602086,0.19858736,0.49902740992851713,1.0,False
Patj,0.67583257,0.04805666,0.4991469518582564,1.0,False
mbf1,0.67528313,-0.03961435,0.49949588390055455,1.0,False
CG9839,0.67518044,0.20030764,0.4995611192077778,1.0,False
PrBP,0.67470634,-0.052750368,0.4998623475169114,1.0,False
deltaCOP,0.6738266,-0.061972152,0.5004215607674882,1.0,False
Trl,0.6737701,0.17658992,0.5004574748944146,1.0,False
ush,0.6737684,0.5978342,0.5004585632226277,1.0,False
PGAP3,0.67279965,0.034408756,0.5010747583283313,1.0,False
Prp16,0.6727945,0.001766059,0.5010780254507675,1.0,False
CG34183,0.6715502,0.16433297,0.5018700907849896,1.0,False
grau,0.6713277,0.12105873,0.5020117953834814,1.0,False
CG10139,0.6713191,-0.048046775,0.502017245983116,1.0,False
Chpf,0.67032987,1.1093723,0.5026475462859695,1.0,False
CG30010,0.67012274,0.10966005,0.50277954790418,1.0,False
ATPsyngamma,0.6696041,0.07119232,0.5031101777851736,1.0,False
AsnS,0.6685686,0.6142945,0.5037706898696093,1.0,False
CG18048,0.6681185,0.3003875,0.5040579642396814,1.0,False
CG30183,0.66809624,0.452764,0.5040721663549461,1.0,False
mtTFB2,0.6680723,0.47222403,0.5040874611767237,1.0,False
l(2)37Bb,0.6676495,0.10743977,0.5043573457948014,1.0,False
Rchy1,0.666982,0.5198113,0.5047836345097547,1.0,False
AIMP1,0.6666739,0.05579747,0.5049804471810027,1.0,False
CG5989,0.6662905,0.062978126,0.505225426074398,1.0,False
Ctu1,0.6661947,0.118412815,0.5052866805779443,1.0,False
CG17486,0.6638772,-0.030224811,0.5067689168408105,1.0,False
Fdx2,0.66370773,-0.017747764,0.5068773826401397,1.0,False
Cdk2,0.66336715,0.24261582,0.5070954467570192,1.0,False
Dgkepsilon,0.6625986,-0.04364157,0.5075876417660082,1.0,False
wdn,0.6625815,0.075644284,0.5075986066473934,1.0,False
CG16896,0.6623676,0.2459595,0.5077356781560851,1.0,False
CG8067,0.6620766,0.19588824,0.5079221265821251,1.0,False
cGlr2,0.66173774,0.09451675,0.5081393294435733,1.0,False
Prosbeta7,0.66150326,0.00477899,0.508289644787399,1.0,False
Nup44A,0.6611284,0.14613764,0.5085299783265913,1.0,False
CG32243,0.6606748,0.05521053,0.5088208725281441,1.0,False
Tpc1,0.6604866,0.06386194,0.5089416466720568,1.0,False
CG6195,0.6604831,0.066857114,0.5089438427046129,1.0,False
CstF64,0.66044545,0.20027131,0.5089679993904248,1.0,False
Tif-IA,0.65970606,-0.025842356,0.5094424705534546,1.0,False
ABCB7,0.6596701,-0.007417546,0.5094655410252682,1.0,False
Gls,0.65938085,0.025290407,0.5096512233070608,1.0,False
Acbp7,0.6593706,0.023395596,0.5096578162285275,1.0,False
tea,0.65847033,0.1356747,0.5102359691420157,1.0,False
Bx42,0.65801334,-0.051281735,0.5105295733972888,1.0,False
CG34376,0.6569247,0.13230449,0.5112293009495377,1.0,False
CG4820,0.65679294,0.15330169,0.5113140503711314,1.0,False
CG17272,0.65663207,-0.06777903,0.5114175206484348,1.0,False
CG16700,0.65660125,1.1650387,0.5114373353529064,1.0,False
bsf,0.65626067,-0.01624097,0.5116564246282915,1.0,False
CG11593,0.6558944,-0.04824103,0.511892082824499,1.0,False
sens-2,0.6553792,0.751981,0.5122236418129033,1.0,False
Cep104,0.6550728,-0.04825323,0.5124208678604454,1.0,False
Nubp2,0.6549308,0.118786186,0.5125123324786948,1.0,False
CG30460,0.6533578,0.35406592,0.513525623718313,1.0,False
CG5033,0.6525568,0.31937423,0.5140420419347651,1.0,False
cry,0.65239763,0.33678108,0.5141446956683154,1.0,False
Nse4,0.651814,0.25368482,0.5145211838890124,1.0,False
Ist1,0.6513313,-0.035637584,0.5148326401422445,1.0,False
CG9205,0.65111053,-0.050112687,0.5149751474588034,1.0,False
jumu,0.6509205,0.08700886,0.5150977864333197,1.0,False
ssp,0.65086746,0.091858506,0.515132039667271,1.0,False
sel,0.65084696,0.2675393,0.5151452993012247,1.0,False
asRNA:CR44107,0.65072715,0.09729271,0.5152226506985867,1.0,False
CG8388,0.65031976,0.25959527,0.515485690556605,1.0,False
CG14646,0.6499723,0.21105152,0.5157101031555305,1.0,False
CG3702,0.6497652,-0.057195585,0.5158438904410033,1.0,False
Ric,0.64899844,0.1128035,0.5163393918126038,1.0,False
CG14341,0.6484935,-0.011231921,0.5166658053059877,1.0,False
CG9391,0.648437,-0.002511858,0.5167023260064739,1.0,False
Blos1,0.64838225,-0.010379548,0.5167377412964803,1.0,False
Arpc1,0.64758295,-0.009153037,0.5172547262613274,1.0,False
Atg16,0.6473228,0.17300905,0.5174230532060176,1.0,False
NdufAF1,0.6466364,0.028035216,0.5178672622984348,1.0,False
GstE13,0.6455718,0.058068708,0.5185566749873785,1.0,False
Pld3,0.64524835,0.4671561,0.5187662528211188,1.0,False
Atf3,0.6447657,-0.06128829,0.5190790375895675,1.0,False
CG10738,0.6444131,0.8020923,0.5193075872908742,1.0,False
Pop5,0.64433265,0.14000456,0.519359739402571,1.0,False
gish,0.6428984,0.09866204,0.5202900540565256,1.0,False
tank,0.6427015,0.2951179,0.5204177895314068,1.0,False
CG5160,0.64264333,0.86791635,0.5204555578975293,1.0,False
Miga,0.64249444,-0.00060895423,0.5205522069125585,1.0,False
Sirt2,0.6421932,0.032063466,0.5207477550328206,1.0,False
CG2006,0.64216065,0.6593655,0.5207688676040234,1.0,False
Alr,0.64206827,0.0571374,0.5208288741609546,1.0,False
CG14043,0.6420015,0.05436182,0.5208722144445603,1.0,False
apt,0.6418765,0.4038776,0.5209533435571343,1.0,False
CG9646,0.64154106,-0.055473056,0.5211712018538512,1.0,False
sll,0.641488,0.26290882,0.5212056633286137,1.0,False
Mdr65,0.6409968,0.71389097,0.5215247655764125,1.0,False
emei,0.64061683,-0.013992093,0.5217716662129126,1.0,False
CG14314,0.6404525,0.10749654,0.5218784526729334,1.0,False
CG5181,0.6400246,-0.032972224,0.522156595148036,1.0,False
CG2909,0.6398569,0.06364542,0.5222656477852179,1.0,False
Art1,0.639797,0.17300718,0.522304597992366,1.0,False
CG7530,0.6397644,0.5376158,0.5223257430157198,1.0,False
NPFR,0.6394478,0.26049948,0.5225316517631975,1.0,False
ara,0.6393691,0.47857264,0.5225828571682304,1.0,False
Slh,0.6386656,0.08916288,0.5230404807137159,1.0,False
Epg5,0.63858,0.20812157,0.5230961667111466,1.0,False
Taf7,0.63823086,0.07967529,0.5233233971160949,1.0,False
CG17600,0.6372313,-0.038946595,0.5239741797944046,1.0,False
PNUTS,0.63722104,-0.010179428,0.5239808680704072,1.0,False
CG1309,0.6365775,0.021623433,0.524400087327799,1.0,False
Tpr2,0.6364029,-0.062106002,0.5245138413253945,1.0,False
CG42390,0.63563615,0.29752547,0.5250136163675159,1.0,False
spen,0.63463145,0.080785364,0.5256688242843301,1.0,False
Gbeta5,0.6343798,-0.049989305,0.5258329707590544,1.0,False
CG14440,0.6342891,-0.06912636,0.5258921592481456,1.0,False
Idh3a,0.6331235,-0.007676921,0.5266529784124524,1.0,False
MBD-R2,0.6328805,0.065136895,0.526811692844926,1.0,False
nAChRalpha4,0.63256896,-0.03430653,0.5270151512673378,1.0,False
CG4951,0.63184154,0.13887359,0.5274904163350169,1.0,False
Tsp42Ef,0.6307325,0.5089822,0.5282154762582465,1.0,False
CG17002,0.62996227,0.13003299,0.5287192886490897,1.0,False
CG2962,0.62986124,22.68236,0.5287853621859545,1.0,False
Tbcb,0.62958056,0.021170106,0.5289690462968706,1.0,False
Ncoa6,0.62924683,-0.03644173,0.5291874934328544,1.0,False
GMF,0.62835336,0.11103081,0.5297724853775978,1.0,False
Pex16,0.62833965,0.12514329,0.5297814533279751,1.0,False
CG4462,0.62803155,0.8387289,0.52998325260798,1.0,False
asRNA:CR43906,0.6278981,0.50743824,0.5300707110902907,1.0,False
CG8097,0.6276619,0.4975286,0.5302254632879742,1.0,False
mor,0.62730587,-0.02022798,0.5304587563288674,1.0,False
SIFaR,0.6271587,0.07422447,0.5305552292552584,1.0,False
CG12499,0.62623787,0.36498094,0.5311589480174159,1.0,False
CG5516,0.6261146,0.053604033,0.5312397695210322,1.0,False
CG7840,0.62501746,0.3610951,0.5319595802237898,1.0,False
mxc,0.6246615,0.01971179,0.5321932598749934,1.0,False
sicily,0.62442183,0.05363952,0.5323505735201299,1.0,False
Dab,0.6243962,-0.06325646,0.5323674299498069,1.0,False
CG7394,0.62387073,-0.056691393,0.5327124842282795,1.0,False
CG44098,0.6238485,0.007876859,0.5327270981443988,1.0,False
vn,0.62342745,0.21996838,0.5330036766373636,1.0,False
Vps16A,0.62295675,0.06924835,0.5333129458641507,1.0,False
bmm,0.6224193,-0.028230445,0.5336661859894938,1.0,False
Ldaf1,0.62146765,0.1545211,0.5342919583710077,1.0,False
Noc1,0.6212897,-0.054318026,0.5344090504296919,1.0,False
CG10948,0.621163,-0.003199509,0.5344923738186527,1.0,False
Cda5,0.6210466,-0.05689121,0.534568947037102,1.0,False
Ppat-Dpck,0.62072825,0.17080164,0.5347784255854506,1.0,False
Sbds,0.62069064,0.14256345,0.5348032053562459,1.0,False
mAcon1,0.62057596,-0.04477598,0.5348786745894465,1.0,False
pcm,0.6199392,0.1650038,0.5352977954745659,1.0,False
CG10904,0.61981773,0.064727545,0.535377807784478,1.0,False
Tip60,0.61884725,0.14665556,0.5360169955157561,1.0,False
fidipidine,0.6188233,0.02259123,0.5360327827880997,1.0,False
TfIIEbeta,0.61824137,0.020494213,0.5364162598386171,1.0,False
pck,0.61776555,0.012910705,0.536729911265589,1.0,False
Six4,0.6167283,1.213366,0.5374139457685068,1.0,False
CG15014,0.61633295,0.38525537,0.5376748068425752,1.0,False
HLH3B,0.6162679,0.6617766,0.5377177251438849,1.0,False
CG12948,0.61584,0.054802507,0.5380001252722162,1.0,False
CG14073,0.61518615,-0.07592734,0.5384317764039676,1.0,False
Mecr,0.61497736,0.010681466,0.5385696701636837,1.0,False
l(3)87Df,0.6149654,-0.03895234,0.5385775826379409,1.0,False
Echs1,0.6141233,0.019222068,0.539133862551201,1.0,False
Mmp1,0.6140634,0.71963173,0.5391734462754715,1.0,False
Ptpa,0.61388195,0.04375721,0.5392933372945133,1.0,False
AstA,0.61354476,0.36223945,0.5395161890908599,1.0,False
bonsai,0.6131699,-0.053122606,0.539763982007637,1.0,False
POSH,0.6127472,0.361212,0.5400435245574143,1.0,False
HDAC11,0.6124391,0.01268408,0.5402472853977281,1.0,False
CaBP1,0.6116997,0.005925001,0.540736468266674,1.0,False
CG11964,0.61153364,0.08283754,0.5408463383687352,1.0,False
CG10444,0.611075,0.30848446,0.5411499549843513,1.0,False
Lint-1,0.61098427,0.20632063,0.5412100086508294,1.0,False
kel,0.61061114,0.007138948,0.5414570568441022,1.0,False
bdg,0.61020035,0.016170042,0.5417291016059085,1.0,False
CG11396,0.6101028,0.039842036,0.5417937222599134,1.0,False
Ibf2,0.6095482,0.16213001,0.5421611127219168,1.0,False
cathD,0.60906214,-0.0675672,0.5424832484926834,1.0,False
Dyrk3,0.6089115,0.03096125,0.5425830845696726,1.0,False
ZIPIC,0.60861886,0.18696365,0.5427771104023513,1.0,False
Not10,0.6083501,0.0040973797,0.5429552815154264,1.0,False
bru1,0.6082132,-0.07887924,0.5430460805471982,1.0,False
Irk2,0.60792905,-0.035855405,0.5432345126623488,1.0,False
CadN,0.6076022,0.046843734,0.5434513633797513,1.0,False
CG12107,0.6075508,0.043283295,0.5434854276166778,1.0,False
CG10513,0.6071914,0.23888727,0.5437239070272957,1.0,False
CG3847,0.6066625,-0.049315505,0.5440749070851791,1.0,False
Nprl3,0.6062586,0.13854496,0.5443430606675227,1.0,False
vtd,0.60556024,-0.09474838,0.5448068031166168,1.0,False
Blos3,0.6053532,0.12985863,0.5449443722962095,1.0,False
arr,0.6050913,0.025130557,0.5451183481005231,1.0,False
zda,0.6048842,-0.03079858,0.5452559563322958,1.0,False
Sbf,0.6047815,0.017232373,0.5453241982131045,1.0,False
Ilp6,0.6033352,0.123414904,0.5462857213340028,1.0,False
Tmem208,0.6028765,0.05905911,0.54659085316704,1.0,False
Membrin,0.60276693,0.11263257,0.5466637329551957,1.0,False
otk,0.60225177,0.076899216,0.5470065602379177,1.0,False
Vps4,0.60222095,-0.0930828,0.5470270649089934,1.0,False
CG31676,0.60196596,0.13297081,0.5471968126270561,1.0,False
CG7011,0.6017486,0.11530547,0.5473415174971792,1.0,False
Gmd,0.6015911,0.49215344,0.5474463548954794,1.0,False
Rpn3,0.6010417,-0.049350467,0.5478122240226354,1.0,False
CG4537,0.6010348,0.39238662,0.5478167839018987,1.0,False
mRpL54,0.6010263,-0.032335635,0.547822483777364,1.0,False
Spn27A,0.601004,0.8807444,0.5478373035907789,1.0,False
CG5846,0.60100234,0.28677684,0.5478384435846348,1.0,False
S1P,0.60070795,0.09620242,0.5480345399730584,1.0,False
CG8837,0.6000541,0.66700876,0.5484701804008847,1.0,False
CG31051,0.59978193,-0.03919895,0.5486515575677262,1.0,False
mRpL45,0.5994944,0.3124062,0.5488432335355421,1.0,False
Jheh2,0.5992274,0.4973656,0.5490212479511549,1.0,False
cv-d,0.5992171,0.5793698,0.5490280952283401,1.0,False
Hug,0.59793687,0.4489046,0.5498820523606903,1.0,False
Tmem186,0.5976647,0.082059436,0.550063659645021,1.0,False
CG9154,0.5976219,0.1564268,0.5500922169372308,1.0,False
CG12170,0.59744394,0.057862874,0.5502110231103345,1.0,False
Art4,0.5970229,0.24656294,0.5504920956917019,1.0,False
Urm1,0.5954363,0.17772661,0.5515518940311599,1.0,False
bdl,0.5953096,-0.06957337,0.551636538173577,1.0,False
del,0.595236,0.22454242,0.5516857262152939,1.0,False
mRRF1,0.59475166,0.17052892,0.5520095059164827,1.0,False
CG7849,0.59410125,0.14017875,0.5524444098358485,1.0,False
Txl,0.59379655,-0.031055951,0.5526481858011325,1.0,False
CG7737,0.5929425,0.13397591,0.553219641896846,1.0,False
Arpc2,0.5927166,-0.0014314991,0.5533708570651605,1.0,False
dikar,0.5907431,-0.05524558,0.5546925590874177,1.0,False
CG14459,0.5907294,-0.104460195,0.554701735002773,1.0,False
mRpL20,0.5906661,-0.049567964,0.5547441745767265,1.0,False
GatB,0.58972645,0.22385296,0.5553740725662089,1.0,False
Hph,0.58964086,-0.055187166,0.5554314576776078,1.0,False
CycK,0.5893738,-0.001488627,0.555610517835653,1.0,False
CG18809,0.58923006,-0.03235444,0.5557069465166773,1.0,False
CG9016,0.58912224,0.43048912,0.5557792733886329,1.0,False
CG6610,0.5888792,0.07904713,0.5559423127106111,1.0,False
G6p,0.5887799,-0.031055557,0.5560089129493787,1.0,False
Act79B,0.58867383,1.6259891,0.5560801106128554,1.0,False
CG10561,0.5885985,-0.058698837,0.5561306406852524,1.0,False
hoe2,0.5874432,0.3646564,0.556906098573826,1.0,False
Nthl1,0.587308,0.32770893,0.556996890294341,1.0,False
CG7974,0.587005,0.095975205,0.5572003358919074,1.0,False
HP4,0.5869605,0.02036989,0.5572302236040882,1.0,False
trh,0.58683383,0.5039722,0.5573152929039318,1.0,False
pea,0.5865891,0.044426195,0.557479701492928,1.0,False
CG5013,0.5860294,0.38218874,0.5578557454961413,1.0,False
CG10343,0.58582234,0.027736275,0.5579949245501221,1.0,False
CG14352,0.5851514,0.29930228,0.5584459346268056,1.0,False
LManII,0.5848296,0.38797763,0.5586622982218052,1.0,False
CG8839,0.58480734,0.22798608,0.5586772610396251,1.0,False
Hnf4,0.58461225,0.30341867,0.5588084817814143,1.0,False
Pdxk,0.5845112,0.07169777,0.5588764001491444,1.0,False
Srp72,0.5843538,-0.031323053,0.5589823147559656,1.0,False
bib,0.5843538,0.30473375,0.5589823147559656,1.0,False
Glys,0.58434695,0.08476258,0.5589869199599699,1.0,False
fd102C,0.58430755,0.4127307,0.5590134002405256,1.0,False
Idgf6,0.5840337,0.36596343,0.5591976277433496,1.0,False
CG10602,0.5838489,0.18696482,0.5593219979666935,1.0,False
lov,0.58371365,-0.0076829153,0.5594129809827295,1.0,False
nst,0.58282363,0.021825364,0.5600120356842766,1.0,False
blo,0.58171284,0.27203354,0.5607601380494711,1.0,False
Zw10,0.58111036,0.05378383,0.5611660907833864,1.0,False
CG7872,0.5807441,0.19341318,0.5614129610802301,1.0,False
RN-tre,0.58026826,-0.062128317,0.5617337401694862,1.0,False
CG6805,0.5795716,0.11183154,0.5622035297462767,1.0,False
Wdfy2,0.5790034,-0.02310176,0.5625868892616905,1.0,False
Slik,0.57865936,-0.107615955,0.5628190447385437,1.0,False
Prosbeta4,0.5778874,-0.079941474,0.5633401189864502,1.0,False
Appl,0.57762897,0.08682815,0.5635146326150202,1.0,False
CG12402,0.5773277,-0.0038669817,0.5637180721101445,1.0,False
dpr15,0.5772918,0.013827089,0.5637423485038999,1.0,False
Stoml2,0.5770265,-0.027422348,0.5639215469891288,1.0,False
twf,0.57671845,0.054405257,0.5641296828836146,1.0,False
E2f2,0.57658833,0.11746101,0.5642175735887334,1.0,False
dan,0.57657295,0.2848406,0.5642279821351254,1.0,False
CG6659,0.57605433,0.04559243,0.5645784571336065,1.0,False
Ltn1,0.5756966,-0.035831556,0.564820264946101,1.0,False
AdamTS-B,0.5753937,1.2853992,0.565025088502122,1.0,False
Asm,0.5749555,1.7421273,0.5653213936472142,1.0,False
CG7564,0.5749264,-0.049342893,0.5653410728045991,1.0,False
wmd,0.5744831,-0.06417607,0.5656409312633239,1.0,False
Cap-H2,0.5743719,0.09518742,0.5657161973069872,1.0,False
CG1537,0.573807,0.7425396,0.566098391402235,1.0,False
csw,0.57311213,0.067324676,0.5665687759190894,1.0,False
Ufd1,0.5728982,-0.039241824,0.5667136364700074,1.0,False
REG,0.57283145,-0.0421541,0.566758836596394,1.0,False
Etf-QO,0.5720253,0.29443696,0.5673048514861525,1.0,False
Usp20-33,0.5720236,0.0772315,0.5673060110214406,1.0,False
Pih1D1,0.57157344,-0.03903658,0.5676110082069592,1.0,False
CG12341,0.57146215,0.081100285,0.5676863998365675,1.0,False
pnt,0.571457,0.48950619,0.5676898795659666,1.0,False
Rint1,0.57027775,0.26940855,0.5684893277517415,1.0,False
cert,0.57004666,-0.022873674,0.5686460315796353,1.0,False
CG17544,0.56991833,0.1587123,0.5687330981814956,1.0,False
CSN3,0.56972665,0.042100333,0.5688631294989082,1.0,False
Ars2,0.56961536,-0.08513701,0.5689386006158628,1.0,False
sax,0.5691635,0.0200629,0.5692451786155157,1.0,False
Ziz,0.5691515,-0.046428557,0.5692533086509742,1.0,False
Cdk7,0.56884,0.2015156,0.5694647090297495,1.0,False
lncRNA:CR44978,0.5685405,0.08400252,0.5696680139543,1.0,False
DCTN1-p150,0.5682016,-0.0012235148,0.5698980807033097,1.0,False
CG3294,0.5679414,0.18711276,0.5700747276640488,1.0,False
mRpS34,0.5676505,0.028354244,0.570272324265624,1.0,False
Nup98-96,0.5673937,-0.010196838,0.5704467013139548,1.0,False
ZC3H3,0.5670822,-0.025751928,0.5706583129092306,1.0,False
Sec8,0.5670309,0.021367753,0.5706931975308177,1.0,False
CG6094,0.5666372,0.054879412,0.5709606800355176,1.0,False
Nop60B,0.5659269,0.034442686,0.5714434624641371,1.0,False
Cog7,0.5650249,-0.012582157,0.5720568177165568,1.0,False
CG8460,0.5647134,0.41349095,0.5722687132484238,1.0,False
CG16865,0.5645628,0.033740137,0.5723711816016934,1.0,False
GstE2,0.5639689,-0.050351262,0.572775317856762,1.0,False
TkR86C,0.56385934,0.13784206,0.5728498707467586,1.0,False
Rnb,0.56337154,0.115340985,0.5731819199886277,1.0,False
CG15715,0.5631593,-0.0334377,0.5733264190312263,1.0,False
Brca2,0.5631302,0.101537436,0.573346230730221,1.0,False
CG4558,0.5630104,0.11004578,0.573427811734533,1.0,False
PGAP2,0.5626732,-0.022809628,0.5736574335239464,1.0,False
Gnpat,0.5621803,0.009836759,0.5739932026621569,1.0,False
CG10731,0.5620656,0.10085971,0.5740713289664652,1.0,False
CG34324,0.5613981,23.316341,0.5745261939693486,1.0,False
Ilp3,0.56116873,2.1196923,0.5746825202786636,1.0,False
Nup205,0.56098217,0.297685,0.5748096960725217,1.0,False
CG1231,0.5608932,0.16696544,0.5748703717833417,1.0,False
CG9426,0.5608555,-0.08201569,0.5748960431882513,1.0,False
fuss,0.5606912,0.59033984,0.5750080702084726,1.0,False
scramb2,0.56059366,0.013511128,0.5750745911353333,1.0,False
Dbx,0.55992097,0.55104697,0.5755333344156391,1.0,False
skl,0.55991244,0.11279549,0.5755391719577276,1.0,False
Nipsnap,0.55957353,-0.056695465,0.5757703611072522,1.0,False
Zip48C,0.55951023,0.4008906,0.5758135679828402,1.0,False
CG3408,0.559464,0.23934394,0.5758450982907161,1.0,False
sPLA2,0.55942804,-0.03300053,0.575869622427109,1.0,False
CG17598,0.5593185,-0.02266489,0.5759443656937238,1.0,False
pn,0.55925006,0.019710038,0.5759910825609436,1.0,False
CG8611,0.55919015,0.3110364,0.5760319612870846,1.0,False
mRpL27,0.5591456,-0.03118862,0.5760623292272697,1.0,False
Ect3,0.55840623,0.39316323,0.5765670147849907,1.0,False
qkr58E-2,0.5581101,-0.061792087,0.5767691811142068,1.0,False
Agbe,0.5576326,0.060083754,0.5770952885297947,1.0,False
CG7149,0.5562411,0.19889425,0.5780460536099514,1.0,False
elgi,0.5560203,0.10701326,0.5781969807205448,1.0,False
wake,0.55601,-0.09001955,0.5782040010371625,1.0,False
CG17271,0.55589193,0.025202788,0.5782847375592919,1.0,False
senju,0.5558474,0.23070551,0.5783151613919062,1.0,False
Cog1,0.55576867,0.046505783,0.5783689900162265,1.0,False
asrij,0.55570024,-0.007341797,0.5784157994302723,1.0,False
Fkbp59,0.55473834,-0.056574553,0.5790736599155275,1.0,False
Hacl,0.55451584,0.18253794,0.5792258840700384,1.0,False
CG9213,0.55411357,0.16542393,0.5795011061656313,1.0,False
CG11178,0.5538774,0.05753313,0.579662754541634,1.0,False
CG14186,0.55272895,-0.07385037,0.5804490417912878,1.0,False
SmF,0.55270666,0.12836169,0.580464280307013,1.0,False
Sps1,0.55222917,0.12171129,0.5807913674598122,1.0,False
Noa36,0.5522206,0.0014970831,0.5807972300237476,1.0,False
MED31,0.5519091,-0.07811946,0.5810106462072825,1.0,False
Galt,0.55119705,0.035956614,0.5814985923951034,1.0,False
beat-Vb,0.5511303,-0.09713274,0.5815443471729316,1.0,False
mbc,0.5510191,0.041185424,0.5816206088765654,1.0,False
Atg4b,0.55069387,0.10984881,0.5818435545062746,1.0,False
CG9471,0.55057746,-0.027109915,0.5819233552772499,1.0,False
Uch-L5,0.55046964,-0.027711535,0.5819972929081133,1.0,False
Mpi,0.55016327,0.043016884,0.5822073936168795,1.0,False
CG4953,0.54930234,0.09251267,0.5827979778944633,1.0,False
CG12112,0.54816246,0.44950494,0.5835803741198581,1.0,False
meep,0.54801184,1.396841,0.5836837903945656,1.0,False
Dsk,0.5475976,0.78094107,0.5839682291610602,1.0,False
mip120,0.54715776,0.08162644,0.584270369074412,1.0,False
P5CS,0.5466939,1.1549206,0.5845890467494941,1.0,False
NPF,0.5464132,0.64294046,0.5847819389167599,1.0,False
Tps1,0.54631394,0.89624465,0.5848501639611867,1.0,False
Atf-2,0.5462061,0.3143662,0.5849242746673471,1.0,False
sgll,0.5446434,-0.0021146326,0.5859987814224634,1.0,False
Ptx1,0.5434933,0.32005015,0.5867902406809647,1.0,False
CG7656,0.543079,-0.06155527,0.5870753814781562,1.0,False
p47,0.54297805,0.018368265,0.5871449090032982,1.0,False
mIF3,0.5422489,0.17292053,0.5876470344130091,1.0,False
CG4622,0.5422489,-0.009538664,0.5876470344130091,1.0,False
TfIIFbeta,0.5422284,0.054978594,0.5876611816671067,1.0,False
Tbc1d8-9,0.5418433,-0.053853236,0.5879264718493089,1.0,False
NO66,0.54150784,0.19176994,0.5881576141950251,1.0,False
MFS15,0.54136574,0.17569378,0.5882555085603132,1.0,False
Vps45,0.53983045,0.14411555,0.5893139554504574,1.0,False
Atg101,0.5395429,-0.014082178,0.5895122906236752,1.0,False
Gmppa,0.5392776,0.14294209,0.5896953057255754,1.0,False
Gp210,0.538427,0.094934046,0.5902823113404031,1.0,False
ptch,0.5381668,0.10643225,0.5904618919216185,1.0,False
CG9853,0.53747874,0.0063063265,0.5909369564678406,1.0,False
CG4866,0.53675306,0.024416562,0.5914382099743813,1.0,False
Atpalpha,0.536688,0.05211235,0.591483143175985,1.0,False
esn,0.5362567,-0.034635946,0.5917811609331431,1.0,False
Rtf1,0.5346478,-0.04227749,0.5928934223393747,1.0,False
CG10376,0.53451943,0.09071945,0.5929822078590739,1.0,False
CG6236,0.5344801,0.03891606,0.5930094366391161,1.0,False
betaCOP,0.5344578,0.021514487,0.5930248270725668,1.0,False
mRpS35,0.53424215,-0.023964614,0.5931740053719312,1.0,False
Tollo,0.5339991,0.98522466,0.5933421475481632,1.0,False
Gyc32E,0.5339118,1.0782404,0.5934025419666158,1.0,False
ktub,0.5331587,0.102617785,0.5939237087146726,1.0,False
CG34367,0.5331365,0.7241524,0.59393911000747,1.0,False
Cyp28a5,0.53268635,0.62977624,0.594250729236576,1.0,False
MICU1,0.5325477,0.042482834,0.5943467182740791,1.0,False
hpRNA:LINR-2,0.53218997,0.5885308,0.5945944264243849,1.0,False
glu,0.53206676,-0.032383982,0.5946797722128568,1.0,False
Spase22-23,0.5319127,-0.035024963,0.5947864623179722,1.0,False
Pfdn1,0.5316525,-0.024096277,0.5949666699003517,1.0,False
lncRNA:CR45910,0.53161657,0.4199562,0.5949915689605831,1.0,False
CG33331,0.53145397,0.18493505,0.5951042135105492,1.0,False
how,0.53134614,0.41583857,0.5951789200015777,1.0,False
CG13919,0.5306718,0.061365247,0.5956462290929196,1.0,False
Obp18a,0.53046983,0.2549359,0.5957862171630086,1.0,False
brun,0.5299683,0.06292889,0.5961338795091906,1.0,False
Ccdc6,0.52986395,-0.057692986,0.5962062713491493,1.0,False
Nup93-2,0.52974755,0.31969076,0.5962869751700559,1.0,False
mip130,0.5294942,0.03127962,0.5964626418624084,1.0,False
Arlr,0.5284844,0.2703953,0.5971631688808654,1.0,False
CG7741,0.5283817,0.19636883,0.5972344298737634,1.0,False
CG31388,0.52831155,-0.020791078,0.5972831271095982,1.0,False
Roc1a,0.52796406,-0.07835573,0.59752426440988,1.0,False
CG11414,0.526564,0.03214412,0.5984963888964557,1.0,False
Nhe1,0.5259958,0.041853555,0.5988911477090514,1.0,False
Arp5,0.52535564,0.025439141,0.5993359872310925,1.0,False
Egm,0.52530944,0.10711526,0.5993681071065453,1.0,False
red,0.52491575,-0.022743348,0.5996417524678382,1.0,False
CycY,0.5247942,-0.04826374,0.5997262370257077,1.0,False
capt,0.52454436,-0.05498943,0.5998999827655861,1.0,False
La,0.52364236,-0.06465359,0.6005273229078443,1.0,False
ScpX,0.52268386,0.081953935,0.6011942709992347,1.0,False
Rad60,0.522677,-0.066645995,0.6011990361168518,1.0,False
Cbp80,0.5224511,0.073326215,0.6013562945631838,1.0,False
MCTS1,0.5222183,-0.02121026,0.6015183378325764,1.0,False
CG12081,0.52120334,0.09384584,0.6022251242709985,1.0,False
drosha,0.52093977,0.07056794,0.6024087354011046,1.0,False
FMRFa,0.5209021,1.0995576,0.6024349676210147,1.0,False
Prosalpha2,0.5208473,-0.046306703,0.6024731244957496,1.0,False
Cat,0.5207909,-0.007112508,0.6025124749128951,1.0,False
CG31075,0.52077544,0.66124725,0.6025232070457405,1.0,False
SerRS,0.5205632,-0.017358435,0.6026710807510416,1.0,False
raw,0.5204879,-0.094083175,0.6027235559933923,1.0,False
Rel,0.5204246,0.04954921,0.6027676844938576,1.0,False
Cyp40,0.5202517,0.048747793,0.6028881507768471,1.0,False
orion,0.5202226,-0.08643516,0.602908428345304,1.0,False
CG32091,0.5200378,0.9296704,0.6030372577134199,1.0,False
tex,0.5194353,0.43970618,0.6034572319710941,1.0,False
ken,0.519259,0.698681,0.6035801470304314,1.0,False
Rsph3,0.51899713,0.3775453,0.6037627503650823,1.0,False
CG13248,0.51880544,-0.057906795,0.6038964365146373,1.0,False
asl,0.51880544,0.5474432,0.6038964365146373,1.0,False
Glg1,0.51870275,-0.0023810412,0.6039680595644046,1.0,False
mew,0.5181191,-0.043535065,0.604375189674068,1.0,False
Fgop2,0.5180968,0.027808866,0.6043907132005564,1.0,False
tkv,0.5180934,0.069078214,0.6043931014512844,1.0,False
Nup62,0.5176364,-0.05228724,0.6047119709420969,1.0,False
CG3652,0.51742417,-0.051333845,0.604860085800093,1.0,False
CG8441,0.51705104,0.047208123,0.6051205207096466,1.0,False
HBS1,0.5164811,-0.042510092,0.6055184380003016,1.0,False
CG3149,0.516375,0.006853083,0.6055925376425846,1.0,False
mRpL4,0.5161217,-0.057288554,0.6057694370738325,1.0,False
Zpr1,0.51608056,0.21777372,0.6057981256477836,1.0,False
CG14543,0.5160583,0.02836105,0.6058136655459496,1.0,False
hay,0.51594365,0.2141493,0.6058937586199052,1.0,False
CG16972,0.5154678,0.058532882,0.6062261357223431,1.0,False
CG42495,0.5153275,0.06303899,0.6063241905853209,1.0,False
Rrp4,0.51523846,0.24231151,0.6063863753927954,1.0,False
CG31974,0.51456416,0.230041,0.6068576375308812,1.0,False
LeuRS-m,0.51442206,0.13371857,0.6069569344269927,1.0,False
Alg9,0.5143639,0.250969,0.606997612359235,1.0,False
ttv,0.5137323,-0.05573535,0.6074391658605172,1.0,False
Arl1,0.5133849,0.07683337,0.6076821412231108,1.0,False
CG9641,0.5125462,0.04432565,0.6082688120204367,1.0,False
Archease,0.5123151,0.037285537,0.6084304901450452,1.0,False
Drep1,0.5120635,-0.067026,0.6086065614260611,1.0,False
Src42A,0.5119523,-0.053734414,0.6086844233079638,1.0,False
P5CDh1,0.5116699,-0.045237288,0.6088820926162288,1.0,False
Mur2B,0.5106874,0.10244551,0.60956996467069,1.0,False
Unc50,0.5106275,0.039211653,0.6096119192599916,1.0,False
CG30394,0.51052994,0.09292977,0.6096802480523336,1.0,False
eEF1delta,0.5103006,-0.046054848,0.6098408940560016,1.0,False
CG6959,0.5100455,-0.09957339,0.6100195448988307,1.0,False
CG8778,0.50918806,-0.005664282,0.6106204137617267,1.0,False
RluA-2,0.5088954,0.012038293,0.610825560823927,1.0,False
Gyc88E,0.50881153,0.028736165,0.6108843512878772,1.0,False
Sos,0.5086985,0.024044417,0.6109635424087356,1.0,False
Fic,0.50846237,0.007909549,0.6111291385479474,1.0,False
Ski8,0.50820047,0.39817253,0.6113127575163906,1.0,False
D1,0.5080721,-0.028180838,0.6114027757411524,1.0,False
CG15642,0.50801736,-0.029159466,0.6114411853040531,1.0,False
Hydr1,0.5075261,0.07372096,0.611785718837587,1.0,False
CG1983,0.50727624,-0.047312893,0.611961019737699,1.0,False
asRNA:CR45528,0.5070862,1.5795645,0.6120943113203947,1.0,False
mid,0.50683975,0.9532991,0.612267249265898,1.0,False
APP-BP1,0.5067867,0.065866575,0.6123044817888985,1.0,False
CG11241,0.50671995,0.7717871,0.6123513241269938,1.0,False
lncRNA:CR43837,0.506518,1.8926294,0.6124930618755837,1.0,False
CG12947,0.5062185,0.6397904,0.612703292861372,1.0,False
Ance,0.50620306,1.5554736,0.6127141056026614,1.0,False
Arv1,0.5054876,0.0647651,0.6132163902276176,1.0,False
Roe1,0.50544995,-0.038597092,0.6132428312949316,1.0,False
Opa1,0.5050084,-0.033902176,0.6135529504514261,1.0,False
GILT3,0.5049861,0.5435201,0.6135685784412079,1.0,False
CG31793,0.5048971,0.26713145,0.6136310921562812,1.0,False
Sdr,0.50472426,0.5931438,0.6137525210528194,1.0,False
Hyccin,0.504536,0.006662257,0.6138847823995666,1.0,False
mbo,0.5041988,0.24142514,0.6141216818451718,1.0,False
ATP7,0.5041132,0.06130627,0.6141818150175202,1.0,False
CG10053,0.5028176,0.21399151,0.6150925480275247,1.0,False
CG14450,0.5027662,0.06422491,0.6151286527192488,1.0,False
CG17724,0.50234175,-0.06882346,0.6154271538650082,1.0,False
Polr3E,0.50225616,0.20630917,0.6154873432596074,1.0,False
Tk,0.50187963,-0.13295625,0.6157522073267502,1.0,False
CG7903,0.50113165,-0.040347043,0.6162784721264061,1.0,False
Alg13,0.50104606,0.16474493,0.6163386980726671,1.0,False
CG8314,0.5001612,-0.010932104,0.6169615857020535,1.0,False
CG5254,0.5000636,0.20336644,0.6170302768498133,1.0,False
SecS,0.4998223,0.063277945,0.6172002114547593,1.0,False
CG8915,0.4997333,0.16372442,0.6172628875473594,1.0,False
Irbp18,0.49972814,0.13345604,0.6172665035608366,1.0,False
RIOK2,0.49971616,0.17375176,0.6172749409617004,1.0,False
Fdh,0.49889633,0.12704752,0.6178524201989041,1.0,False
CG7806,0.49821684,-0.06962941,0.6183312198349399,1.0,False
Gale,0.49817747,0.05082176,0.6183589638264785,1.0,False
Golgin245,0.4981056,-0.08993623,0.6184096281715004,1.0,False
sgl,0.49702215,0.033592112,0.6191734318303053,1.0,False
tzn,0.49675,-0.04994083,0.6193653524008718,1.0,False
pit,0.49657202,0.105720215,0.6194908993895005,1.0,False
atms,0.49655145,-0.0051141065,0.6195053862946887,1.0,False
CG8777,0.4962485,0.57884777,0.6197190853055687,1.0,False
CG8001,0.4955502,0.023013294,0.6202118020007428,1.0,False
ey,0.4945455,-0.07349377,0.6209209851999674,1.0,False
CG6607,0.49417236,-0.029772123,0.6211844513668932,1.0,False
Catsup,0.49413985,0.17541052,0.6212074163166068,1.0,False
CG5793,0.49345523,0.06740537,0.6216909745792489,1.0,False
Gorab,0.49326524,0.46545735,0.6218251909659414,1.0,False
PHDP,0.49322072,0.7711816,0.6218566308568468,1.0,False
CG5646,0.4931608,0.038167275,0.6218989548766327,1.0,False
daw,0.49250185,0.9238659,0.6223646015950122,1.0,False
beta-Man,0.49242485,0.8958434,0.6224190377033366,1.0,False
Hml,0.49234098,1.160089,0.622478314924922,1.0,False
L,0.49222973,0.7390754,0.6225569517509545,1.0,False
CG7824,0.49205172,0.82315016,0.622682779629648,1.0,False
rush,0.49202946,0.038645085,0.6226985088894894,1.0,False
CG8675,0.49199182,-0.023889715,0.6227251280292083,1.0,False
CG13252,0.49187887,0.6418294,0.6228049884071278,1.0,False
CG3036,0.49182752,0.7413899,0.6228412900459122,1.0,False
ana,0.49157932,0.67791384,0.6230167608893802,1.0,False
CROT,0.4910008,0.34530386,0.62342587257874,1.0,False
Spg7,0.49032474,0.008678417,0.6239041237464411,1.0,False
CG2841,0.49016044,0.315487,0.6240203808995588,1.0,False
neur,0.49009195,0.25781417,0.6240688241437297,1.0,False
CG11601,0.48950148,0.05201363,0.624486714575609,1.0,False
Rab19,0.48929265,0.062426988,0.6246345192419631,1.0,False
CG12769,0.48916942,-0.10046887,0.6247217553120155,1.0,False
CG2100,0.48903763,0.19692318,0.6248150552618872,1.0,False
mRpL13,0.48902908,-0.015024023,0.6248211139081246,1.0,False
5PtaseI,0.48742875,-0.0697901,0.6259545260915507,1.0,False
CG6040,0.48718056,0.23158143,0.6261303751677316,1.0,False
mv,0.48687762,0.1738493,0.6263450611344459,1.0,False
CG5746,0.48653874,-0.07153926,0.6265852558440113,1.0,False
CG11134,0.48600814,0.13733704,0.6269613978107915,1.0,False
RIOK1,0.48552546,0.12624572,0.6273036499277358,1.0,False
CCKLR-17D3,0.4853115,0.0035978702,0.6274553830885097,1.0,False
CG3163,0.48515064,-0.0043126624,0.6275694968046335,1.0,False
CG8366,0.48511982,0.12332937,0.6275913493835226,1.0,False
Pxn,0.48392686,-0.08152225,0.6284377808278578,1.0,False
CG3511,0.48336887,0.018012436,0.628833840553011,1.0,False
Dcr-2,0.4827801,0.08010233,0.6292518844505558,1.0,False
JhI-21,0.4827647,0.069942996,0.6292628232413945,1.0,False
TBC1d7,0.48151353,0.08547806,0.6301515675953693,1.0,False
Lkr,0.48130643,0.48979053,0.6302987301869214,1.0,False
CG32104,0.48048657,0.50939834,0.6308814433896752,1.0,False
Cdk9,0.4802401,0.055259176,0.6310566672055722,1.0,False
RNaseMRP:RNA,0.47981906,0.042317875,0.6313560558689446,1.0,False
CG10055,0.47952637,-0.03927675,0.6315642031418661,1.0,False
Ogg1,0.47919434,0.5855803,0.6318003822044687,1.0,False
Nsun6,0.47909164,0.1608668,0.6318734348854933,1.0,False
Ppt2,0.47907624,-0.013239441,0.6318843930976694,1.0,False
Tsf2,0.47898725,0.04946275,0.6319477087958503,1.0,False
CG8407,0.47894788,0.31335744,0.631975714677211,1.0,False
stl,0.4785508,0.7849851,0.6322582383054826,1.0,False
PPO2,0.47831115,0.501105,0.6324287526801616,1.0,False
CG46387,0.47817767,0.7594655,0.6325237620244036,1.0,False
Idua,0.47812632,0.28464606,0.6325603056950062,1.0,False
Lhr,0.47801676,0.3195539,0.6326382685240988,1.0,False
wun2,0.47778228,0.7434751,0.6328051714271001,1.0,False
crok,0.47749645,0.2496891,0.6330086477007009,1.0,False
CG4338,0.47727394,0.047359236,0.6331670616302523,1.0,False
SIFa,0.47709593,0.5481643,0.6332938048873338,1.0,False
sinu,0.47648662,-0.02214912,0.633727738274259,1.0,False
Kr-h2,0.47594234,-0.07022216,0.6341154594795422,1.0,False
CG5567,0.47512248,0.0017592484,0.6346996693684744,1.0,False
Polr2C,0.47501466,0.012748353,0.6347765239381007,1.0,False
sotv,0.4744293,-0.07034216,0.6351938031314133,1.0,False
bor,0.4741212,-0.006727129,0.6354134703189476,1.0,False
Taf2,0.47400653,0.15158789,0.6354952435235741,1.0,False
CG17359,0.47397232,0.16942261,0.6355196542969277,1.0,False
CG15027,0.4732209,0.04066293,0.6360555704920678,1.0,False
Ice1,0.47316274,0.16227578,0.6360970844850518,1.0,False
CG6073,0.47270575,0.14027098,0.6364231311566287,1.0,False
pzg,0.472449,-0.090228006,0.6366063343504238,1.0,False
CG3277,0.472271,0.14488801,0.6367333682774117,1.0,False
Ubc7,0.4716531,0.0014167092,0.637174405436597,1.0,False
D12,0.47097877,0.09690977,0.6376559057189607,1.0,False
CG6843,0.47050807,-0.060000133,0.6379920688963514,1.0,False
CG34219,0.4694024,0.10902254,0.6387820395391248,1.0,False
CG30291,0.46926033,-0.007111504,0.6388835670620427,1.0,False
Ada3,0.4687828,0.086973116,0.6392248959317055,1.0,False
Shc,0.4684114,0.030955058,0.6394904267766188,1.0,False
CG34136,0.4681615,0.044680007,0.6396691048660024,1.0,False
asf1,0.4673211,0.011520322,0.6402701550433332,1.0,False
Blm,0.46719104,0.07085402,0.6403632103955665,1.0,False
CG5608,0.46685213,0.0675676,0.6406056706326937,1.0,False
bbg,0.46611446,2.005745,0.6411335828531355,1.0,False
Nup160,0.46574134,0.447161,0.6414006702518136,1.0,False
Sobp,0.4651902,0.65703154,0.6417952604008782,1.0,False
su(f),0.46508408,-0.053376228,0.6418712490052713,1.0,False
asRNA:CR45134,0.46500707,0.8292655,0.6419264043735153,1.0,False
HemK1,0.46497113,-0.02573744,0.6419521442214191,1.0,False
CG31689,0.46487185,0.739957,0.6420232374646342,1.0,False
asRNA:CR44690,0.46471438,0.57196325,0.642136012786708,1.0,False
CG5199,0.46469212,0.3562374,0.6421519490955644,1.0,False
Tusp,0.46451753,-0.12370211,0.6422769935445343,1.0,False
Ns2,0.46432072,-0.08352294,0.6424179871930674,1.0,False
Usp8,0.46398523,0.002063234,0.6426583191068409,1.0,False
CG10265,0.4639493,-0.017793603,0.6426840711740287,1.0,False
Sbat,0.46391678,0.14606842,0.642707371033429,1.0,False
Es2,0.46386543,0.1546089,0.6427441610008,1.0,False
Ppn,0.4635214,0.50304294,0.642990676382202,1.0,False
T48,0.46286586,0.39850792,0.6434605135024756,1.0,False
CG4554,0.46283507,0.27795705,0.643482598129591,1.0,False
CG12375,0.46268785,-0.046735603,0.6435881179165281,1.0,False
Polr3H,0.46256635,0.23406914,0.6436752385053536,1.0,False
Fur2,0.46246365,-0.096126616,0.6437488653562256,1.0,False
Dim1,0.4623832,-0.06735458,0.6438065421652,1.0,False
Ulp1,0.46224457,-0.06680221,0.643905947657776,1.0,False
Scgdelta,0.4620272,0.30064377,0.6440618184763779,1.0,False
Kap-alpha1,0.46198955,-0.06857002,0.6440888213115472,1.0,False
l(2)37Cb,0.46188855,0.21342266,0.6441612403249205,1.0,False
ProRS-m,0.46144012,0.16702923,0.6444828706396298,1.0,False
CG2906,0.4613049,0.2019654,0.6445798638356588,1.0,False
CG7694,0.46106356,0.08606007,0.6447529933089686,1.0,False
CG7191,0.46083763,0.19710344,0.6449150894248372,1.0,False
tsh,0.46082738,0.19372958,0.6449224578311739,1.0,False
slv,0.46028137,0.04006654,0.6453142616308551,1.0,False
CG1738,0.4601975,0.14668845,0.6453744533869775,1.0,False
ash2,0.45961386,0.04622259,0.6457934031948904,1.0,False
Hr51,0.45947865,0.20688356,0.6458904779883935,1.0,False
CG17660,0.45913464,0.035265326,0.6461374929452852,1.0,False
Datp,0.45890698,0.019555535,0.6463009621064573,1.0,False
MRG15,0.4582292,-0.040307987,0.6467877834124462,1.0,False
Bdbt,0.45814532,-0.0028252546,0.6468480319194277,1.0,False
lncRNA:CR43496,0.45812652,0.1435345,0.6468615574126564,1.0,False
htt,0.45767978,-0.03835525,0.647182514694324,1.0,False
foi,0.45761645,-0.0346843,0.6472280196980316,1.0,False
Ptip,0.4567401,0.018683849,0.6478578458830473,1.0,False
Hat1,0.4566186,0.022128088,0.647945204976496,1.0,False
RNaseX25,0.45641834,-0.060404856,0.6480891734948564,1.0,False
srl,0.4563978,0.12075336,0.6481039402408677,1.0,False
Mic26-27,0.4551963,0.021937925,0.6489680356261243,1.0,False
Agpat2,0.454741,0.476327,0.6492955799379032,1.0,False
Rbsn-5,0.45291817,0.067548096,0.6506076673619323,1.0,False
Rrp5,0.45259467,0.052604515,0.6508406300027599,1.0,False
CG5180,0.45237046,0.06969119,0.6510021214788977,1.0,False
CG2812,0.4522729,0.8899874,0.6510723938771837,1.0,False
Rlb1,0.45220444,-0.115027666,0.6511217096924042,1.0,False
Etl1,0.452023,-0.013435923,0.6512524039862815,1.0,False
CG42518,0.45162252,0.8895659,0.6515409557481433,1.0,False
Sox14,0.45161736,0.67576593,0.6515446554686748,1.0,False
CG16798,0.45152494,0.7403523,0.6516112519052502,1.0,False
CG15343,0.45150784,1.2218963,0.6516235848837002,1.0,False
RhoL,0.4514736,0.95820534,0.6516482511265231,1.0,False
CG16799,0.45142397,1.614849,0.6516840178557368,1.0,False
eIF2Bgamma,0.45138973,0.05379437,0.6517086850324866,1.0,False
Argp,0.45137602,0.42142585,0.6517185520099111,1.0,False
caz,0.4513692,-0.005130097,0.6517234855214923,1.0,False
Hyls1,0.45128876,0.45668226,0.6517814554245153,1.0,False
CG18476,0.45105767,0.036753748,0.6519479764235305,1.0,False
mute,0.45101318,0.1976585,0.6519800491278955,1.0,False
Marc,0.4506623,0.4966135,0.6522329526090904,1.0,False
Fen1,0.45056647,0.5111572,0.6523020453939049,1.0,False
CG10907,0.45029262,0.21787642,0.652499469790757,1.0,False
wgn,0.45027035,0.5163446,0.6525155115926065,1.0,False
Dso2,0.45019847,0.5909376,0.6525673400508047,1.0,False
CG17162,0.45000848,0.48810974,0.6527043233356183,1.0,False
CG12929,0.4498784,0.077002324,0.6527981204477282,1.0,False
CG7099,0.4498339,0.22251637,0.6528302101936698,1.0,False
CG14710,0.44979966,0.21315251,0.6528548950507512,1.0,False
CG13506,0.44960797,-0.04217992,0.6529931372737151,1.0,False
Ent2,0.44948816,0.22564505,0.6530795447141127,1.0,False
Tgt,0.44947788,0.17002724,0.6530869512826891,1.0,False
CG12321,0.44939917,0.21477668,0.6531437361108674,1.0,False
miple2,0.4486392,0.03338905,0.6536919363969464,1.0,False
CG4957,0.44863752,0.041852977,0.6536931712933569,1.0,False
CG1105,0.44843382,-0.013833847,0.6538401307358989,1.0,False
CG8353,0.44753867,0.15054384,0.6544861703832355,1.0,False
BHD,0.44700807,0.15897082,0.6548692224135552,1.0,False
slgA,0.44639876,0.08464774,0.6553092265040449,1.0,False
CG8531,0.44540605,-0.0019810388,0.6560263434076743,1.0,False
beg,0.44513905,0.1065936,0.6562192772733579,1.0,False
rswl,0.44512022,0.045820326,0.6562328824500576,1.0,False
Snap29,0.44506374,-0.09915296,0.6562736986642488,1.0,False
Hakai,0.44475737,0.011352684,0.656495113579498,1.0,False
CG7627,0.44465125,0.122831866,0.6565718118153365,1.0,False
tho2,0.44438937,-0.103382654,0.6567610987521701,1.0,False
mEFG1,0.4430783,-0.041809984,0.6577091016264334,1.0,False
CG3308,0.4426778,0.089095265,0.6579988103186765,1.0,False
Chrac-14,0.44264528,-0.009790479,0.6580223359293582,1.0,False
robl,0.44258365,-0.04846403,0.6580669116993403,1.0,False
mRpS29,0.44231835,-0.02620859,0.658258849036202,1.0,False
CG10674,0.4415276,-0.050116923,0.6588310797113899,1.0,False
tim,0.44042194,0.03709591,0.6596315467611238,1.0,False
CG12746,0.44015834,0.06308262,0.6598224277574157,1.0,False
CG5281,0.43949425,-0.06790762,0.6603034468766622,1.0,False
spartin,0.43927175,0.34573624,0.6604646444890702,1.0,False
dia,0.4391776,0.05555351,0.660532848222506,1.0,False
CG43783,0.4391451,0.023251964,0.6605564101675734,1.0,False
Opbp,0.43913996,0.2431508,0.6605601305054494,1.0,False
Bap111,0.43862307,0.10393508,0.6609346874326139,1.0,False
Ugt35C1,0.43804455,0.96006954,0.6613539942460036,1.0,False
Ets21C,0.4380206,1.196171,0.6613713642766796,1.0,False
Rtca,0.43785286,0.07167347,0.6614929595957812,1.0,False
CG31301,0.43779635,-0.01607257,0.6615339069684326,1.0,False
Dfd,0.43771762,0.70598835,0.6615909868136621,1.0,False
CG9386,0.43767998,0.031582255,0.6616182865654785,1.0,False
Nop10,0.43765944,0.39074376,0.6616331775288358,1.0,False
kon,0.43763548,0.8660567,0.6616505504885984,1.0,False
Sf3a1,0.43754646,-0.059654012,0.6617150802198487,1.0,False
Slc45-1,0.4374455,1.0222772,0.6617882996888731,1.0,False
Sry-delta,0.43731198,-0.015020591,0.6618851032735091,1.0,False
Mip,0.43702787,0.44759014,0.6620911399703527,1.0,False
Dbp45A,0.43694228,0.14702637,0.6621532042307627,1.0,False
Delta,0.436576,0.5692689,0.6624188654841472,1.0,False
Mes2,0.4361036,0.37116915,0.6627615567432994,1.0,False
CG32808,0.4358383,0.21484764,0.6629540411320389,1.0,False
Not11,0.43570822,0.059072286,0.6630484287071208,1.0,False
CG7120,0.43552852,-0.0036796352,0.6631788413947246,1.0,False
CG11808,0.43486443,0.18153824,0.6636608358537956,1.0,False
List,0.43445024,0.25219482,0.6639615317684195,1.0,False
TTLL15,0.43429103,0.17912339,0.6640771028593199,1.0,False
Fkbp14,0.43276945,0.13711245,0.6651822659504059,1.0,False
Isha,0.43261713,-0.10930571,0.6652929466977102,1.0,False
Bap55,0.43207455,-0.006326421,0.6656872283789993,1.0,False
CG9727,0.4319958,-0.0033685958,0.6657444504381811,1.0,False
Liprin-beta,0.4309415,0.08625177,0.6665109158751397,1.0,False
Gp150,0.43080798,0.09435139,0.6666079931768699,1.0,False
Aven,0.43036127,0.103551134,0.666932869355468,1.0,False
CG8237,0.43035954,0.088339046,0.6669341142119396,1.0,False
Elys,0.4301747,-0.03187363,0.6670685641074532,1.0,False
mura,0.4300121,0.008414199,0.6671868390580143,1.0,False
CG10311,0.42961672,0.06908522,0.6674744684361082,1.0,False
GC,0.42892867,0.03663025,0.6679751347440899,1.0,False
Tom70,0.42862743,0.028963292,0.6681943784585682,1.0,False
f-cup,0.42854014,-0.001597965,0.668257914598733,1.0,False
CLS,0.42704937,-0.032593403,0.6693433787968619,1.0,False
rumpel,0.42663515,0.011392566,0.6696450886620438,1.0,False
Elmod,0.4253703,0.0547064,0.6705667556599844,1.0,False
Heatr5,0.42527103,-0.116129145,0.6706391131850771,1.0,False
mael,0.42445803,0.69618946,0.6712318112645632,1.0,False
CG3552,0.42433137,0.6865768,0.6713241658116362,1.0,False
H15,0.42412597,1.1968346,0.6714739404924852,1.0,False
CG3348,0.42409176,0.67485607,0.6714989042079496,1.0,False
CG4572,0.4235372,0.025244968,0.6719033668723906,1.0,False
dlt,0.42310074,0.38059753,0.672221760787629,1.0,False
Nup214,0.42287993,0.14134896,0.672382853051098,1.0,False
Lon,0.4227242,-0.06911643,0.6724965008279914,1.0,False
Tbce,0.4220618,-0.027688632,0.672979899650474,1.0,False
ranshi,0.4219557,0.2587873,0.673057355955367,1.0,False
CG2126,0.42176914,0.15444182,0.6731935375448589,1.0,False
tefu,0.42173147,0.20764834,0.6732210250370643,1.0,False
muskelin,0.4216647,0.206446,0.6732697539369221,1.0,False
Rx,0.42162877,0.2828289,0.6732959931434292,1.0,False
psidin,0.42152268,0.03207755,0.6733734635968947,1.0,False
CG11095,0.42151925,0.19491181,0.6733759627014813,1.0,False
CG31815,0.4210554,-0.029629257,0.6737146247110968,1.0,False
Uba3,0.420138,0.1404046,0.6743846454187781,1.0,False
az2,0.41987443,0.15810299,0.6745771991566591,1.0,False
Wdr59,0.41937634,0.1389323,0.6749411088742133,1.0,False
Phyhd1,0.41918123,0.19542637,0.6750836921722478,1.0,False
Sph35,0.4191795,0.1780677,0.6750849429545387,1.0,False
Mpc1,0.4189536,-0.05146965,0.6752500540930275,1.0,False
pch2,0.4187756,0.11762798,0.6753801526648517,1.0,False
Abca3,0.41858903,0.03353721,0.675516516384669,1.0,False
GCC185,0.41841614,-0.076251306,0.6756428812638802,1.0,False
Vps52,0.41819364,0.10837282,0.675805542581777,1.0,False
CG3764,0.4177726,-0.04471916,0.6761133892612297,1.0,False
CG13807,0.41754666,0.03643931,0.676278597613189,1.0,False
CG5339,0.41602677,0.014962121,0.6773904040093938,1.0,False
mora,0.41513333,0.05084441,0.6780442942082854,1.0,False
Alh,0.41452914,-0.091525786,0.6784866218341046,1.0,False
CG6179,0.4141338,0.0030782772,0.678776137006077,1.0,False
asRNA:CR45874,0.4139438,0.080847465,0.6789152715520808,1.0,False
U2A,0.41365623,0.07778926,0.6791258743800817,1.0,False
Vps15,0.41358778,0.012284759,0.6791760216035154,1.0,False
dare,0.41323176,0.0601118,0.6794368100508177,1.0,False
AIMP3,0.4121244,-0.06887655,0.6802482577481536,1.0,False
lin-28,0.41171873,0.79237616,0.6805455886685654,1.0,False
CG13796,0.41140038,0.90949243,0.6807789717694491,1.0,False
CG6163,0.41132164,1.0583707,0.6808366948862948,1.0,False
MED15,0.41129428,0.33197728,0.6808567729303561,1.0,False
CG34325,0.41074485,1.1204171,0.6812596364539016,1.0,False
Zasp52,0.41055486,0.59238553,0.6813989655631221,1.0,False
Ugt302C1,0.41053605,0.9703719,0.681412773544263,1.0,False
GstT2,0.41034606,0.40611923,0.6815521145982764,1.0,False
CHKov1,0.41027588,0.8730177,0.6816035856631212,1.0,False
CG4565,0.41022453,0.39818212,0.6816412483567735,1.0,False
CG11426,0.41014752,0.79504514,0.6816977438847271,1.0,False
cnk,0.41007903,-0.0059137135,0.6817479636300908,1.0,False
cana,0.41006878,0.7684636,0.6817554967135088,1.0,False
CG6928,0.40995067,0.6557401,0.6818421294527631,1.0,False
mRpL15,0.40990105,-0.047633477,0.681878541566137,1.0,False
CG7997,0.40974528,0.7108583,0.6819928050761126,1.0,False
dpr7,0.40963063,-0.013432833,0.6820769378161642,1.0,False
ck,0.40944064,0.39644948,0.6822163306051172,1.0,False
CG14650,0.4091411,0.0028130477,0.6824361160334955,1.0,False
CG1227,0.40837944,0.24559757,0.6829951202750123,1.0,False
CG8281,0.40783688,0.026746884,0.6833934383650204,1.0,False
Tim9a,0.4074843,-0.01143256,0.6836523295577418,1.0,False
Secp43,0.4071608,0.11846933,0.6838898886643087,1.0,False
rgr,0.4068476,0.18297145,0.6841199360292562,1.0,False
hoip,0.4066867,0.110815525,0.6842381138337376,1.0,False
Mad1,0.4062126,0.008924746,0.6845864061520552,1.0,False
stwl,0.4060945,0.12511341,0.6846731753273539,1.0,False
CG8149,0.40498197,-0.060624488,0.6854907702204155,1.0,False
CG6791,0.4049015,-0.050890055,0.6855499029147225,1.0,False
Rbcn-3A,0.40422374,-0.08668368,0.6860482037671436,1.0,False
CG34293,0.4041621,0.03944809,0.6860935106181755,1.0,False
CG13012,0.4035203,0.06503525,0.6865655240469595,1.0,False
CG42365,0.4033149,-0.009435552,0.6867165941744598,1.0,False
fand,0.40265936,0.080775276,0.6871988433517476,1.0,False
Polr1A,0.40247962,0.05013065,0.6873310748989172,1.0,False
Rpn12,0.40237865,-0.027128547,0.6874053806324588,1.0,False
CG13054,0.40179157,0.652252,0.6878374212022045,1.0,False
p115,0.4016307,0.056968387,0.6879558407896686,1.0,False
Sf3b6,0.4009204,-0.066749096,0.6884787421035874,1.0,False
CG8155,0.40084165,0.0141911,0.6885367114221715,1.0,False
Hsepi,0.40035555,-0.12730539,0.6888946494581125,1.0,False
CG4287,0.4001245,-0.08161569,0.6890648204923182,1.0,False
angel,0.39998245,0.0015707753,0.6891694519760054,1.0,False
Pgam5,0.3997856,0.031380445,0.6893144331342425,1.0,False
CG12065,0.39968976,-0.031270728,0.6893850367856298,1.0,False
CG5641,0.39924476,-0.034972955,0.689712874876304,1.0,False
nSyb,0.39904964,0.029435426,0.6898566376430542,1.0,False
vex,0.39853445,-0.056888938,0.6902362755763711,1.0,False
Slc25A46a,0.39843345,-0.014618492,0.6903106987966496,1.0,False
CG17026,0.39812025,0.037250064,0.6905415559659438,1.0,False
CG17343,0.3980877,0.04721444,0.6905655263931124,1.0,False
MFS16,0.3977745,-0.0018964126,0.6907964153397961,1.0,False
alrm,0.39772144,-0.035596937,0.6908355305249836,1.0,False
CG8401,0.3973158,0.94144845,0.6911345996961684,1.0,False
Trpgamma,0.39694953,1.8929263,0.691404686692467,1.0,False
CG18528,0.39694268,0.56590533,0.6914097354215201,1.0,False
lncRNA:CR32658,0.39693582,1.2856203,0.6914147841642935,1.0,False
asRNA:CR45822,0.39685708,0.034947515,0.6914728456922792,1.0,False
pont,0.39670476,0.038142737,0.6915851872772463,1.0,False
CG12129,0.3965918,-0.052656382,0.6916685011513768,1.0,False
CG6701,0.39644974,0.68721163,0.6917732799582094,1.0,False
Brat1,0.3964001,0.23570873,0.6918098908120943,1.0,False
lncRNA:CR44813,0.39639497,0.65086675,0.6918136781829217,1.0,False
CG4707,0.39613822,-0.04817744,0.6920030565512119,1.0,False
Idgf4,0.3960732,0.34766263,0.69205103546278,1.0,False
CG12116,0.39593112,0.6960886,0.6921558358043518,1.0,False
loco,0.3958233,0.40131092,0.6922353869869566,1.0,False
pinta,0.39525506,0.15914157,0.6926546651680979,1.0,False
Ets96B,0.39509588,0.47885713,0.6927721304652756,1.0,False
Asph,0.3950394,0.27519932,0.6928138134756892,1.0,False
CG11257,0.39486483,0.29480425,0.692942657751209,1.0,False
Akr2E3,0.39485455,-0.18299872,0.6929502371028835,1.0,False
Rab11,0.39450708,-0.08812548,0.6932066899405971,1.0,False
Jra,0.39404497,-0.012908952,0.6935478393172892,1.0,False
CG3587,0.39398336,0.1950462,0.6935933305963438,1.0,False
cyst,0.3939611,-0.0713809,0.69360975827408,1.0,False
PIG-U,0.39377454,0.12734435,0.6937475036984376,1.0,False
mTTF,0.39358112,-0.04441072,0.6938903146841817,1.0,False
Eato,0.39297524,0.10836464,0.6943377752065814,1.0,False
CG6836,0.39284343,0.18452775,0.6944351183042985,1.0,False
RhoGAP92B,0.3928041,0.020607198,0.6944641957916236,1.0,False
OXA1L,0.39251652,0.0058149607,0.6946766015075021,1.0,False
Use1,0.39228716,-0.006324112,0.6948460375407459,1.0,False
Acbp8,0.3918473,-0.045841858,0.6951710433307812,1.0,False
CG13337,0.39172578,0.08887606,0.6952608408015375,1.0,False
Coq8,0.39158714,-0.032100506,0.6953632910236034,1.0,False
SP1173,0.39146903,0.11116032,0.6954505678221377,1.0,False
NiPp1,0.3910771,-0.013852913,0.6957402545155856,1.0,False
Pss,0.39098638,0.07745098,0.6958073062371039,1.0,False
CG5721,0.39073136,-0.052898295,0.6959958228730703,1.0,False
alpha-Est8,0.39033598,0.061240837,0.6962881240543033,1.0,False
Dop1R2,0.39016995,-0.1399168,0.6964108786946059,1.0,False
Rhau,0.39008266,0.06679366,0.696475422983905,1.0,False
CG4239,0.3896137,-0.053546257,0.6968222279546313,1.0,False
Max,0.38922688,-0.06952015,0.6971083264656923,1.0,False
Taf4,0.38891536,-0.09891984,0.6973387556975914,1.0,False
botv,0.3887733,0.05395964,0.6974438508263603,1.0,False
CG12121,0.38869798,-0.07087159,0.6974995662609481,1.0,False
ple,0.38834882,-0.06993623,0.6977579045819492,1.0,False
CG9231,0.38747934,-0.03548196,0.6984013698353003,1.0,False
Ublcp1,0.38745025,-0.0587602,0.6984229068730121,1.0,False
GM130,0.3870138,-0.077172734,0.6987459915661222,1.0,False
wwk,0.38682723,-0.10046196,0.6988841110887577,1.0,False
CG30344,0.3864387,0.02708885,0.6991717864893863,1.0,False
Cp190,0.385879,-0.12121463,0.6995862670620809,1.0,False
loj,0.38543573,0.034881048,0.6999146194973525,1.0,False
CG10584,0.38502666,0.29643235,0.7002176663099151,1.0,False
eIF3c,0.38477504,-0.103842854,0.7004040828308122,1.0,False
CG7685,0.38464838,-0.014418899,0.7004979319911446,1.0,False
CG16890,0.38462442,-0.028588342,0.700515687752074,1.0,False
ssp6,0.3844293,-0.033593487,0.7006602764676222,1.0,False
Coq6,0.38440022,-0.03815424,0.7006818388721484,1.0,False
ebi,0.38438994,-0.0725794,0.7006894491901513,1.0,False
CG10581,0.38427868,0.34707558,0.7007718962272937,1.0,False
PIG-A,0.38405105,0.48753408,0.7009406065335302,1.0,False
mthl10,0.3834794,1.1502821,0.701364350062564,1.0,False
CG45071,0.3834794,-0.0099146,0.701364350062564,1.0,False
Nup54,0.3833647,0.37101564,0.7014493636982871,1.0,False
Syt14,0.38312337,-0.073900916,0.7016282851993669,1.0,False
CG16749,0.3830532,0.6988044,0.701680315123959,1.0,False
CG15210,0.38303095,0.65830714,0.7016968127091701,1.0,False
Acaa,0.38303095,0.36087573,0.7016968127091701,1.0,False
CG1468,0.38298815,0.9840253,0.7017285392297576,1.0,False
Mfe2,0.38291115,0.014459682,0.7017856482770166,1.0,False
Poxn,0.38287178,0.5726949,0.7018148379960638,1.0,False
Adck1,0.3828427,0.3835807,0.7018364132885675,1.0,False
Pngl,0.38256884,0.0034791497,0.7020394866387427,1.0,False
CCHa2,0.3823891,0.39785603,0.7021727650885252,1.0,False
Dis3,0.38227272,0.30338493,0.7022590836381435,1.0,False
CG10435,0.382093,0.13806798,0.7023923771771572,1.0,False
CG13288,0.3820776,0.29686642,0.7024038027636067,1.0,False
Ugt36D1,0.3819578,0.35984945,0.7024926707313326,1.0,False
stumps,0.3818842,0.40269879,0.7025472630708791,1.0,False
Cenp-C,0.3818106,0.33873332,0.7026018569448131,1.0,False
CG9436,0.38153502,0.3774193,0.7028062801892763,1.0,False
wda,0.3814409,0.19303727,0.7028761191429966,1.0,False
Dronc,0.38124236,0.24718657,0.7030234240670086,1.0,False
CG10341,0.38115335,0.22379419,0.7030894609286699,1.0,False
Try29F,0.381102,0.19397517,0.7031275601371612,1.0,False
CG7275,0.38037115,0.1439568,0.7036699196563317,1.0,False
ssp7,0.38035405,0.23134767,0.7036826230924558,1.0,False
CG8944,0.37960267,0.0043380437,0.7042403853992423,1.0,False
RecQ5,0.37844905,-0.0136239575,0.7050970316371064,1.0,False
Mondo,0.37841654,-0.09623655,0.7051211858441074,1.0,False
CG9775,0.37834808,-0.07405967,0.7051720377777966,1.0,False
CG8003,0.3771842,0.1095712,0.7060367220200208,1.0,False
CG3548,0.37710717,-0.13349174,0.7060939571765248,1.0,False
dor,0.3769651,0.093772925,0.7061995286036551,1.0,False
CG3803,0.37661594,0.008333738,0.7064590293853636,1.0,False
Gnpnat,0.37659028,0.05776507,0.706478111672435,1.0,False
Rabex-5,0.3760734,-0.005159491,0.706862340954518,1.0,False
CG42233,0.37482393,0.05928913,0.7077914154369827,1.0,False
MED7,0.37403318,-0.06815259,0.7083796299952128,1.0,False
PEK,0.37386888,-0.03051834,0.7085018782417765,1.0,False
mt:srRNA,0.37270328,-0.17455566,0.7093692921705019,1.0,False
CG10616,0.3725287,-0.036065105,0.7094992456780627,1.0,False
Arp1,0.3721761,-0.08435576,0.7097617265695564,1.0,False
Dpm1,0.37167633,0.028562235,0.7101338458739554,1.0,False
Dbp73D,0.37098143,0.44509512,0.710651359497783,1.0,False
Grasp65,0.3708582,-0.0054102987,0.710743149248383,1.0,False
CG9588,0.37042004,0.005944725,0.7110695467728493,1.0,False
CG1236,0.37036526,0.48036304,0.7111103501896867,1.0,False
MFS3,0.36974567,1.296322,0.7115719964612376,1.0,False
lncRNA:CR44347,0.36957452,0.50495964,0.7116995417071076,1.0,False
lncRNA:CR45242,0.36955568,1.3094769,0.7117135721767759,1.0,False
CG15459,0.3695437,1.9420215,0.7117225007083016,1.0,False
CG43114,0.36953685,2.107262,0.7117276027440651,1.0,False
asRNA:CR45813,0.36947867,1.5426629,0.711770970569195,1.0,False
lncRNA:CR44708,0.36941022,1.2767845,0.7118219927337537,1.0,False
lncRNA:CR44828,0.36938626,0.66548365,0.7118398507962211,1.0,False
CG43107,0.3692493,0.7386595,0.711941899899508,1.0,False
CG17032,0.3692014,0.9477322,0.711977618304729,1.0,False
opm,0.36913636,-0.0089491075,0.7120260942941011,1.0,False
CG13609,0.36866397,0.40011406,0.7123782179732784,1.0,False
Cubn,0.36824805,0.28311792,0.7126882906790661,1.0,False
dmt,0.36824632,0.29693088,0.7126895667965902,1.0,False
ine,0.36809912,0.38765222,0.7127993159122581,1.0,False
CCT5,0.36805636,-0.0059379404,0.7128312208406453,1.0,False
CG12773,0.3679759,-0.036384538,0.7128912034662677,1.0,False
l(2)gl,0.36795023,0.3492773,0.7129103472312088,1.0,False
Proc-R,0.36773458,0.33631155,0.7130711619954183,1.0,False
vir,0.36744532,0.18441121,0.7132868780130043,1.0,False
hng3,0.36730668,0.2217429,0.7133902766596417,1.0,False
CG4424,0.36706364,0.21857731,0.7135715561284599,1.0,False
CG15706,0.36696607,0.18450421,0.7136443277887037,1.0,False
GlcT,0.3665724,0.098417684,0.7139379942816912,1.0,False
CG7655,0.366468,0.16325767,0.7140158868551154,1.0,False
D19A,0.3663653,-0.078683876,0.714092505408574,1.0,False
Kdm3,0.36596823,0.104684584,0.7143887909323274,1.0,False
ttk,0.36591172,0.08094204,0.7144309384928715,1.0,False
lncRNA:CR46003,0.36589462,-0.15878941,0.7144437106528994,1.0,False
CG1492,0.36576453,-0.012212799,0.7145407816828493,1.0,False
Pi3K59F,0.36569265,0.11704329,0.7145944281809564,1.0,False
CG9008,0.36564302,0.14376442,0.7146314706336876,1.0,False
lic,0.36541024,-0.046345834,0.7148051959316228,1.0,False
Vps13D,0.36519802,-0.060963914,0.7149636054061066,1.0,False
scaf,0.36473417,0.13383412,0.715309849489451,1.0,False
velo,0.36449456,-0.1438609,0.7154887439246682,1.0,False
CG6153,0.36437133,0.090302855,0.715580752861978,1.0,False
Tbc1d22,0.3642806,0.068913534,0.7156484843031243,1.0,False
CG33107,0.36395025,-0.027901636,0.7158951478969081,1.0,False
Coq3,0.36353436,-0.008063361,0.7162057561502646,1.0,False
Rbbp5,0.3621976,0.060143195,0.7172043663425778,1.0,False
crm,0.36192718,0.07566726,0.7174064487801947,1.0,False
Megf8,0.3615917,-0.1101128,0.7176571608094533,1.0,False
CG5913,0.36117923,0.076978505,0.7179654759611944,1.0,False
CG15456,0.3609824,-0.06336176,0.7181126134920013,1.0,False
asRNA:CR43259,0.36083177,0.0038001942,0.7182252127508586,1.0,False
CG32095,0.3607171,0.008418902,0.7183109458355444,1.0,False
Gyg,0.3602738,0.00916652,0.7186423951338814,1.0,False
CG11180,0.35996398,0.043022443,0.7188740571535487,1.0,False
CG11927,0.35829177,0.032867804,0.7201249657068193,1.0,False
Mst85C,0.35806245,-0.00834602,0.7202965920442597,1.0,False
CG2685,0.3579974,-0.0572266,0.7203452647652757,1.0,False
Uaf1,0.35764652,0.025099238,0.7206078608305428,1.0,False
Mul1,0.35728195,0.020107837,0.7208807394558423,1.0,False
CG11755,0.3570851,0.16142939,0.7210280830694948,1.0,False
dgt1,0.3567582,-0.07680602,0.7212728244751642,1.0,False
a6,0.35670173,-0.0017660216,0.7213151125321597,1.0,False
CG17612,0.35620537,0.2502443,0.7216867714802168,1.0,False
lncRNA:CR43995,0.35593665,0.8316618,0.7218880073698102,1.0,False
C15,0.35589385,0.9117214,0.7219200530781537,1.0,False
Pabp2,0.35572442,-0.013081068,0.7220469588753684,1.0,False
CG13008,0.3556765,0.7572821,0.7220828528119336,1.0,False
Rcd2,0.35557038,0.83420897,0.7221623344201205,1.0,False
Doa,0.35556695,-0.12980443,0.7221648983929023,1.0,False
sea,0.3555584,0.7765783,0.72217130833851,1.0,False
CG13126,0.35552415,0.18838324,0.7221969483159805,1.0,False
Ugt49C1,0.35546082,0.6301787,0.7222443830969087,1.0,False
CG8112,0.3552777,0.609438,0.7223815653637198,1.0,False
mdlc,0.35525885,0.43058115,0.7223956687196325,1.0,False
CG11597,0.35475737,0.17181985,0.7227713655428527,1.0,False
CG10038,0.3546752,-0.0041113324,0.7228329195198808,1.0,False
Mal-A5,0.35459307,0.44944075,0.7228944752905339,1.0,False
CG30054,0.35440135,0.29301667,0.7230381123952248,1.0,False
CG31999,0.35413608,0.30913085,0.7232369119852334,1.0,False
Mtpalpha,0.35410354,0.19175981,0.7232612822526026,1.0,False
Uhg4,0.35397175,-0.040751755,0.7233600488407126,1.0,False
CG8319,0.35317758,0.1737487,0.7239553112215384,1.0,False
Myd88,0.3531211,0.16922867,0.7239976530568275,1.0,False
CG7970,0.35303038,0.17790033,0.7240656583777838,1.0,False
CG6231,0.3527959,0.12346611,0.7242414558065003,1.0,False
wrapper,0.35264185,0.20432036,0.7243569510842853,1.0,False
TTLL5,0.35261276,-0.005491494,0.7243787675635285,1.0,False
CG1722,0.35232863,0.13000502,0.7245918108284386,1.0,False
Mys45A,0.35194352,-0.034502313,0.7248806083322539,1.0,False
ATbp,0.35186994,0.09841613,0.7249358052006147,1.0,False
CG9628,0.35154304,0.1217429,0.725180999260626,1.0,False
Wdr92,0.35142493,0.08462166,0.7252695841496644,1.0,False
CG4806,0.35076424,-0.10718883,0.7257652137758686,1.0,False
Acadvl,0.3506667,0.0805701,0.7258384123450232,1.0,False
ebd2,0.35064617,0.1145768,0.7258538228892291,1.0,False
CG15107,0.3498845,-0.035273686,0.7264253755585778,1.0,False
D2hgdh,0.34935907,-0.04856565,0.7268197714963445,1.0,False
AIMP2,0.34934366,-0.045857243,0.7268313346851591,1.0,False
CG34134,0.34934366,-0.09489363,0.7268313346851591,1.0,False
CG16758,0.3477416,0.009214789,0.728034245623542,1.0,False
Smyd4-4,0.34758243,0.1536748,0.7281538022752099,1.0,False
CG11906,0.34727433,0.03266959,0.7283852210353813,1.0,False
Hmu,0.34710148,0.00082218746,0.7285150835189514,1.0,False
Alg7,0.34561583,0.006107037,0.7296314503104584,1.0,False
Ced-12,0.34542754,0.006619676,0.7297729663444142,1.0,False
Ciao1,0.3449312,-0.06651116,0.7301460981760662,1.0,False
CG17230,0.3447977,-0.030413108,0.7302464686784698,1.0,False
nes,0.34383065,-0.0005315029,0.7309736492692929,1.0,False
CG11279,0.34376732,0.012625511,0.7310212783884336,1.0,False
Lgr4,0.3426548,1.3551723,0.7318581751184865,1.0,False
IFT43,0.3425829,1.4829632,0.7319122625077931,1.0,False
Cyp12e1,0.34233987,1.0987066,0.7320951392588604,1.0,False
CG10970,0.34229535,2.0294738,0.7321286253828342,1.0,False
GstE11,0.34224573,0.80712867,0.7321659758921011,1.0,False
CG13601,0.34221834,-0.087831035,0.7321865833412392,1.0,False
Prim1,0.34208313,0.9638267,0.7322883354520144,1.0,False
Cyp4p3,0.34204888,0.6990973,0.7323140962267276,1.0,False
IM33,0.34170315,0.8236237,0.7325742969547535,1.0,False
unc-45,0.34137282,-0.030601237,0.7328229332993554,1.0,False
Grik,0.34127867,0.3523885,0.7328937933510953,1.0,False
IP3K2,0.34090897,0.34639505,0.7331721021209846,1.0,False
mino,0.3408799,0.22984748,0.7331940075414418,1.0,False
P5cr,0.34069163,-0.03731268,0.7333357537479538,1.0,False
Cdc23,0.3406283,0.25663167,0.7333834340611642,1.0,False
opa,0.34022778,0.3126095,0.7336850036406666,1.0,False
Strip,0.34015074,-0.07945277,0.7337430025033438,1.0,False
CG11737,0.34004635,0.15859696,0.7338216256097823,1.0,False
CG32221,0.3397605,0.150638,0.7340368867545575,1.0,False
CG8206,0.33960134,-0.07003719,0.734156771785291,1.0,False
CG3407,0.33951405,0.17079566,0.7342225179408716,1.0,False
CG31908,0.33941308,0.0061337803,0.7342985796498177,1.0,False
bumpel,0.33795822,0.122926325,0.7353946729250467,1.0,False
Bet3,0.33779734,-0.065376334,0.7355159210863335,1.0,False
dup,0.3376296,0.07680366,0.7356423357601285,1.0,False
CG8202,0.33740708,0.08106691,0.7358100397418647,1.0,False
CG14881,0.3371452,0.07336375,0.7360074305568045,1.0,False
Zip99C,0.33697236,-0.06841208,0.7361377438479213,1.0,False
Pus1,0.3352488,0.052188,0.7374374206577756,1.0,False
rictor,0.33504853,-0.0382145,0.7375884745839183,1.0,False
Enoph,0.3348825,-0.070337325,0.7377137150109333,1.0,False
Pgant1,0.3339463,0.049032383,0.7384200979914514,1.0,False
Alkbh8,0.33380422,0.042456772,0.7385273015610052,1.0,False
Mcr,0.3332548,0.03406787,0.738941955970463,1.0,False
GXIVsPLA2,0.33323425,-0.027277673,0.7389574585428529,1.0,False
CG17786,0.33314526,0.028192135,0.7390246375825624,1.0,False
LysRS,0.33304426,0.026748259,0.7391008623667108,1.0,False
bdwf,0.33183077,-0.029081881,0.7400170520297138,1.0,False
lncRNA:CR46004,0.3305317,-0.097540826,0.7409982620196283,1.0,False
CG10384,0.33045465,-0.117442444,0.741056449772602,1.0,False
CG7148,0.33021504,0.041843068,0.7412374878071882,1.0,False
Sf3a2,0.33005413,0.046599295,0.7413590499550382,1.0,False
CG41520,0.32948247,0.427111,0.7417910357434202,1.0,False
CG15117,0.3287037,0.6957978,0.742379650286608,1.0,False
Polr3F,0.32870027,0.011714707,0.7423822379361689,1.0,False
Nup37,0.3286609,0.54413897,0.7424119961153839,1.0,False
rtet,0.32865065,0.6150444,0.7424197591819797,1.0,False
Set,0.32860616,-0.07155969,0.7424533994399856,1.0,False
CG12817,0.32857877,-0.02944569,0.7424741013817362,1.0,False
CG18335,0.32848635,0.8806414,0.7425439718103446,1.0,False
Cftr,0.3284042,0.58158463,0.7426060806388823,1.0,False
CG17167,0.3283015,0.6461909,0.7426837190310176,1.0,False
Prx4,0.32807213,0.20198563,0.7428571208900638,1.0,False
lbm,0.32806015,0.5940622,0.7428661795548112,1.0,False
CG14795,0.32799682,0.42850694,0.7429140616599307,1.0,False
Acox1,0.3279797,0.1617217,0.7429270029401599,1.0,False
Cnx14D,0.32768533,0.28711155,0.7431496043280779,1.0,False
Mvl,0.32762885,-0.05199449,0.743192315189773,1.0,False
Vang,0.3275946,-0.018283391,0.743218200945171,1.0,False
fat-spondin,0.32751244,0.39059508,0.7432803279424438,1.0,False
Cyp6a20,0.32750046,0.41096988,0.7432893882692242,1.0,False
tst,0.327444,0.21084316,0.7433321017171626,1.0,False
CG11200,0.32705718,0.26563016,0.7436246453426523,1.0,False
fusl,0.32695106,0.39856172,0.7437049071448986,1.0,False
CG7420,0.32690483,0.15094587,0.7437398607356982,1.0,False
Sugb,0.32662073,0.14164077,0.7439547721911257,1.0,False
CG10472,0.32657963,0.20808935,0.7439858453774566,1.0,False
CG12768,0.3261911,0.14602223,0.7442797665423375,1.0,False
CG4553,0.3260405,0.16704361,0.7443937195711003,1.0,False
Dus4,0.3260268,0.12534298,0.7444040792148804,1.0,False
Clp,0.32601824,0.15089643,0.744410554015728,1.0,False
CG31278,0.325984,0.1545107,0.7444364533997629,1.0,False
Pex23,0.3255253,-0.010066506,0.7447835330188509,1.0,False
Naxe,0.32541233,0.14245586,0.7448690158066307,1.0,False
bocks,0.32532677,0.085847676,0.744933777586444,1.0,False
igl,0.3253216,0.0841898,0.7449376633505744,1.0,False
Eogt,0.32518128,0.117017835,0.7450438767499366,1.0,False
CG8064,0.32497075,0.108060576,0.7452032059376219,1.0,False
CG4598,0.3247397,0.10605714,0.7453780919839321,1.0,False
Rab3-GAP,0.32456854,0.13168749,0.7455076456646197,1.0,False
CG13096,0.3237059,0.054613877,0.7461607056932493,1.0,False
beta4GalT7,0.32284155,0.07713848,0.7468152444049756,1.0,False
Gos28,0.32190362,-0.04245347,0.7475257227682891,1.0,False
CG10324,0.3216366,0.010382034,0.747728014988157,1.0,False
CG16903,0.32079622,-0.006388467,0.7483648301166994,1.0,False
ph-d,0.32019544,-0.030346805,0.7488201738997678,1.0,False
Cse1,0.32002944,-0.035117134,0.7489460251015628,1.0,False
IPIP,0.31973845,-0.0018055438,0.7491666051908437,1.0,False
TyrRS-m,0.31948,0.026677506,0.7493625494218723,1.0,False
Naa15-16,0.31934822,-0.054170195,0.7494624742328744,1.0,False
CG15237,0.31871152,-0.09417918,0.749945287076874,1.0,False
Exo70,0.31856602,0.02609352,0.7500556209747518,1.0,False
trc,0.31831443,-0.12409949,0.7502464457836018,1.0,False
CG16721,0.3174997,-0.046375815,0.7508644595033511,1.0,False
Acer,0.3164779,0.020208148,0.751639799317286,1.0,False
Npl4,0.31631872,-0.0652932,0.7517606034899385,1.0,False
l(2)10685,0.31626907,0.7231199,0.7517982748525344,1.0,False
CG18549,0.31602776,-0.088113025,0.7519814440416593,1.0,False
kto,0.31589082,-0.038876105,0.7520853760352385,1.0,False
bark,0.31541672,1.0117799,0.7524452752831572,1.0,False
dunk,0.3152216,0.6501112,0.7525934083012076,1.0,False
CG5535,0.3151052,1.5129347,0.7526817726857287,1.0,False
Upf3,0.31500593,0.005019491,0.752757144868791,1.0,False
lncRNA:CR44500,0.31493405,2.140199,0.7528117261969103,1.0,False
Oseg4,0.3149238,1.0765215,0.7528195236303785,1.0,False
lncRNA:CR44127,0.3148108,1.1807086,0.7529052970627378,1.0,False
CG33296,0.31478342,2.1780891,0.7529260910815099,1.0,False
htl,0.3146893,0.50939405,0.7529975718881149,1.0,False
CG5773,0.31466362,0.7949823,0.7530170670210886,1.0,False
CG34174,0.31455067,0.31292656,0.7531028474770409,1.0,False
sktl,0.31431276,0.43666294,0.7532835162845194,1.0,False
Trmt6,0.31428364,0.35238943,0.7533056133970212,1.0,False
cyp33,0.31421006,-0.017469328,0.7533615069952915,1.0,False
eEF1beta,0.3142032,-0.072839595,0.7533667064654977,1.0,False
Atg7,0.3141005,0.19447875,0.7534446998606421,1.0,False
Tep2,0.3140817,0.43501675,0.7534589989226718,1.0,False
Lsm10,0.3140389,0.30262914,0.753491497105376,1.0,False
CG2310,0.3138318,0.2809035,0.7536487944804783,1.0,False
CG9760,0.31379244,0.30210996,0.753678695138107,1.0,False
lncRNA:CR43641,0.3137736,0.4786581,0.7536929955831958,1.0,False
lncRNA:CR31044,0.3135682,0.30475393,0.7538490059254768,1.0,False
EMC2A,0.3134655,-0.073440716,0.7539270148649715,1.0,False
Gfat1,0.31321222,0.16094644,0.7541194476511517,1.0,False
CrzR,0.31259945,0.15581775,0.7545849900720152,1.0,False
Kpc1,0.31227255,0.14982226,0.7548334025483803,1.0,False
Daao1,0.31225884,0.0996824,0.7548438078129571,1.0,False
Arts,0.3121339,0.13982302,0.7549387579071992,1.0,False
sim,0.31206888,0.15870352,0.7549881854492717,1.0,False
lncRNA:CR45736,0.31196275,0.10980542,0.7550688325400207,1.0,False
CG11307,0.31189087,0.13425592,0.7551234659571544,1.0,False
EMC4,0.31186518,-0.064717956,0.7551429781887171,1.0,False
CG5276,0.31144586,0.08375047,0.7554617000777031,1.0,False
CG32708,0.3113483,-0.0048294994,0.7555358576717666,1.0,False
Yif1,0.30947068,0.061676413,0.7569635041965193,1.0,False
CG10979,0.308466,-0.04912148,0.7577277728308532,1.0,False
CG32195,0.30838385,-0.0060506593,0.7577902788792108,1.0,False
Nca,0.30761364,-0.038919296,0.7583763500477662,1.0,False
CG7484,0.3075794,-0.0572854,0.7584024008808037,1.0,False
CG12219,0.30748183,0.024075938,0.7584766472596841,1.0,False
CG31549,0.3062512,0.020991266,0.7594133847176154,1.0,False
mRpS28,0.30532354,-0.07670104,0.7601197540893009,1.0,False
Fatp1,0.30485284,-0.14001206,0.7604782283880707,1.0,False
CG31125,0.30447802,-0.020593371,0.7607637410823478,1.0,False
ApepP,0.303754,0.27023724,0.7613153030330069,1.0,False
pasi1,0.3032782,0.013300797,0.761677861362886,1.0,False
CG7168,0.3031344,-0.011533888,0.7617874216586937,1.0,False
ctp,0.30308822,0.087225705,0.7618226384822399,1.0,False
Prosalpha6,0.30278185,-0.017092763,0.7620561254509925,1.0,False
Dtwd2,0.30247375,0.3682384,0.7622909386582422,1.0,False
Polr3C,0.30195686,0.28452432,0.7626849521852961,1.0,False
lncRNA:CR45418,0.30183706,0.57833093,0.7627762886074445,1.0,False
dUTPase,0.3017258,-0.0050428035,0.7628611039570725,1.0,False
CG3184,0.30157346,0.021970129,0.7629772403613457,1.0,False
GstT3,0.3014451,0.95438486,0.7630751122602711,1.0,False
Cyp28d2,0.3014023,0.38417098,0.7631077370682806,1.0,False
CG30271,0.3011935,0.94749194,0.7632669521670863,1.0,False
PolQ,0.30085972,0.43928522,0.7635214561085167,1.0,False
QC,0.30084604,0.533304,0.76353189784179,1.0,False
tld,0.30074507,0.43115896,0.763608906952941,1.0,False
CG2540,0.30066976,0.19231974,0.7636663389990328,1.0,False
lncRNA:CR44178,0.3006475,0.52805007,0.7636833078069938,1.0,False
Oatp33Ea,0.30056876,0.593577,0.7637433521927388,1.0,False
Tsp42En,0.30050543,0.527241,0.7637916497950206,1.0,False
E(spl)mbeta-HLH,0.30043867,0.40624726,0.7638425590735091,1.0,False
mip40,0.3001922,0.016292887,0.764030540636976,1.0,False
CG30466,0.30015114,0.34768096,0.7640618722500808,1.0,False
Csp,0.30011177,-0.056360237,0.7640918987418062,1.0,False
Ptr,0.30006555,0.40907472,0.76412714768474,1.0,False
mRpL38,0.2999697,-0.06949633,0.7642002581615805,1.0,False
rt,0.29983792,0.1829133,0.7643007884994071,1.0,False
Elal,0.29958633,0.27079868,0.7644927210835879,1.0,False
Pex11c,0.29957777,0.20157471,0.7644992496572598,1.0,False
IntS4,0.29948363,0.21523751,0.764571065072243,1.0,False
CG32280,0.29862955,0.14729078,0.7652227191899923,1.0,False
Ntan1,0.29859018,-0.020507667,0.7652527593625204,1.0,False
Tmtc2,0.29811093,-0.08919875,0.7656184941132729,1.0,False
Gem3,0.29759234,0.07623814,0.7660143302292306,1.0,False
obe,0.29749477,0.07661387,0.7660888012796682,1.0,False
Dus3,0.29736468,0.07458918,0.7661880993757277,1.0,False
CG15011,0.29729623,0.06072918,0.7662403630744477,1.0,False
grim,0.29629323,0.06518929,0.7670061480917105,1.0,False
Khc,0.2960639,-0.1005873,0.7671812913409919,1.0,False
BEAF-32,0.2960211,-0.09000578,0.7672139686370032,1.0,False
Rho1,0.2959287,-0.07563723,0.7672845530089165,1.0,False
CG10669,0.29590642,0.0553724,0.7673015458312487,1.0,False
Josd,0.29585165,0.06460186,0.7673433747936318,1.0,False
CG34347,0.29582256,-0.13154775,0.7673655967055925,1.0,False
CG12171,0.29570788,0.052525695,0.7674531790444388,1.0,False
pall,0.29568735,-0.03416353,0.7674688657471245,1.0,False
dos,0.29524577,-0.067446806,0.7678061528876721,1.0,False
Snrk,0.294188,-0.089012966,0.7686142519686618,1.0,False
btz,0.29383713,-0.10554105,0.7688823663166289,1.0,False
Daxx,0.29377037,-0.12226692,0.7689333765672088,1.0,False
Rrp1,0.2937567,0.053263452,0.7689438403320006,1.0,False
CG32264,0.29331166,0.118313454,0.7692839355894225,1.0,False
CG43850,0.29310113,-0.0313655,0.7694448422798977,1.0,False
ago,0.29286495,-0.08608223,0.7696253835563476,1.0,False
PIG-H,0.29260138,0.009247144,0.7698268718994785,1.0,False
Pgm1,0.29207933,-0.08984082,0.7702259693429623,1.0,False
RtcB,0.29109004,-0.045175966,0.7709824585729914,1.0,False
Pnn,0.28949657,-0.083361216,0.7722014137522294,1.0,False
CG17754,0.28938702,-0.07384018,0.7722852294310588,1.0,False
ham,0.2887195,-0.08809106,0.7727960386174499,1.0,False
CG10650,0.28867158,0.63081306,0.7728327158880126,1.0,False
Sf3b1,0.28858772,0.0098449215,0.7728969023324066,1.0,False
Hmx,0.28853294,0.017272547,0.7729388208489606,1.0,False
I-3,0.28844908,0.41762027,0.7730030098612108,1.0,False
ast,0.2881427,0.30324432,0.7732375094473591,1.0,False
lncRNA:CR44334,0.2881136,1.0053346,0.7732597814345272,1.0,False
Gld2,0.28796983,0.26629147,0.773369833993728,1.0,False
CG33310,0.2878637,-0.010955295,0.7734510661864595,1.0,False
ry,0.2876412,1.0957136,0.7736213998072813,1.0,False
SmydA-4,0.28751114,0.79852766,0.7737209845127775,1.0,False
CG2794,0.28746662,0.38925937,0.7737550538197677,1.0,False
Frmd5,0.28743753,-0.015048481,0.7737773301407597,1.0,False
CG14937,0.28742555,0.74177545,0.7737865027976744,1.0,False
Hen1,0.287405,0.46206883,0.773802227425874,1.0,False
Dh31-R,0.28739816,-0.066810325,0.7738074689892347,1.0,False
casp,0.28736052,-0.052469365,0.7738362977720652,1.0,False
unc-4,0.28732285,0.5039046,0.7738651268668388,1.0,False
CG34310,0.2872099,0.46874756,0.7739516160224439,1.0,False
CG12811,0.2871414,0.511876,0.774004035058278,1.0,False
lncRNA:CR45643,0.2871243,0.80016196,0.7740171399782602,1.0,False
lectin-28C,0.28712088,0.7657145,0.774019760969985,1.0,False
dyw,0.28703532,0.69256437,0.7740852866002561,1.0,False
Fib,0.28697026,0.11908269,0.7741350871557886,1.0,False
CG6465,0.28673407,0.47050253,0.7743159496205864,1.0,False
DMAP1,0.286681,-0.07166935,0.7743565798305349,1.0,False
asRNA:CR45875,0.28663138,0.49516794,0.7743945892961251,1.0,False
slp2,0.28661597,0.33429733,0.7744063854471293,1.0,False
Taf10,0.28639346,-0.09153631,0.7745767801029882,1.0,False
CG10431,0.28586802,0.1299437,0.7749792167224063,1.0,False
CG6479,0.28569,0.15362985,0.775115560756894,1.0,False
Pus7,0.28506356,0.1229359,0.7755954419902614,1.0,False
CG30060,0.28423515,0.048098583,0.776230170605166,1.0,False
CG11398,0.28368744,0.08610318,0.7766499079939837,1.0,False
CG10466,0.28291896,-0.021659808,0.7772389619530966,1.0,False
Dus1,0.2826451,-0.10437798,0.7774489007937068,1.0,False
rngo,0.28247052,-0.08066604,0.7775827452875361,1.0,False
run,0.28240034,0.031296015,0.7776365473852838,1.0,False
Pgant7,0.281892,0.02253213,0.7780263163537137,1.0,False
CG5611,0.28057924,-0.07544818,0.779033149593346,1.0,False
Usp32,0.28012565,-0.036437035,0.7793810987442378,1.0,False
CG32344,0.27971488,0.03449891,0.77969626065757,1.0,False
fid,0.27936572,-0.11708885,0.779964176759485,1.0,False
l(2)k05819,0.27934518,-0.096756905,0.7799799373443689,1.0,False
BicDR,0.27907988,0.0107402885,0.7801835196909424,1.0,False
CSN1b,0.27901486,-0.06972966,0.7802334325029281,1.0,False
Rab3GAP1,0.27897376,-0.04378254,0.7802649568508859,1.0,False
dwg,0.27886423,0.017047798,0.7803490235448016,1.0,False
mxt,0.27848083,-0.11601354,0.7806432771906545,1.0,False
Charon,0.2783747,-0.020883882,0.7807247279494894,1.0,False
CG4853,0.27803582,-0.035917126,0.7809848609966958,1.0,False
S2P,0.2763311,-0.044080332,0.7822937802672193,1.0,False
Nrk,0.27576625,0.20750472,0.7827275945338222,1.0,False
CG13001,0.27558655,-0.090022944,0.7828656405233442,1.0,False
mus201,0.2754616,-0.048021782,0.7829616193835492,1.0,False
SLIRP2,0.27534693,-0.004414473,0.7830497124776552,1.0,False
Nup58,0.27525964,-0.0040184497,0.7831167702795643,1.0,False
Fibp,0.2749413,-0.032119516,0.7833613476780262,1.0,False
RPA2,0.27454764,0.5731399,0.7836638116969933,1.0,False
Arl4,0.27442098,-0.07263007,0.7837611331607214,1.0,False
SCCRO4,0.27426693,-0.06571797,0.7838795016618019,1.0,False
CG12547,0.27413684,-0.112075076,0.7839794611796608,1.0,False
Fpps,0.2740735,0.15888298,0.7840281269720015,1.0,False
PolD3,0.27401704,0.18651809,0.7840715323102512,1.0,False
CG13578,0.27385613,1.1059015,0.7841951754403781,1.0,False
CG5359,0.27382874,0.14081812,0.784216221622198,1.0,False
CG14879,0.27382535,2.0140586,0.7842188524060227,1.0,False
scb,0.27376714,0.89642644,0.7842635761083115,1.0,False
CG10660,0.27375004,1.054232,0.784276730274004,1.0,False
CG2493,0.27372265,0.49839818,0.7842977770673076,1.0,False
klu,0.27368328,0.3193536,0.7843280321090778,1.0,False
CG9663,0.27367643,0.9555419,0.7843332938887484,1.0,False
su(r),0.27366787,1.1079541,0.7843398711272005,1.0,False
CG34231,0.27365246,0.3985978,0.7843517101952323,1.0,False
wal,0.27361482,-0.09181215,0.7843806503494052,1.0,False
Gsc,0.2735395,0.4649251,0.7844385315522198,1.0,False
CG4631,0.27350014,0.113410726,0.7844687881100754,1.0,False
CG42354,0.27346933,0.67766327,0.7844924673825907,1.0,False
Acsx3,0.2734231,0.334709,0.7845279866654244,1.0,False
Galm2,0.27336663,0.44231343,0.78457139973171,1.0,False
Heatr1,0.27332726,0.43942413,0.7846016577197754,1.0,False
Debcl,0.2733187,0.5997045,0.7846082355863511,1.0,False
SLC22A,0.27331185,0.6732934,0.7846134978906893,1.0,False
SMC2,0.27319717,0.3022116,0.7847016429519567,1.0,False
Snmp2,0.27316466,0.48902568,0.7847266398152645,1.0,False
GILT2,0.27302602,0.46250415,0.784833207881331,1.0,False
CBP,0.2730055,0.3367497,0.7848489960860886,1.0,False
Scot,0.27299693,0.24074256,0.7848555745308662,1.0,False
JhI-26,0.2729319,0.41086885,0.7849055712134059,1.0,False
DIP-eta,0.27288055,-0.07898301,0.7849450429054999,1.0,False
lncRNA:CR44785,0.27263066,0.34380734,0.785137146367292,1.0,False
IleRS-m,0.2725314,0.16729683,0.7852134650742022,1.0,False
Cyp6w1,0.27245092,0.28503615,0.7852753110581634,1.0,False
spas,0.2721651,-0.076902546,0.7854950726443584,1.0,False
Git,0.27179196,0.15359877,0.785781972773546,1.0,False
CG4250,0.27174234,0.04970909,0.785820140580647,1.0,False
Dtymk,0.27168587,0.08239642,0.7858635735390878,1.0,False
RagA-B,0.271234,-0.036823343,0.7862110611898695,1.0,False
CG8312,0.269964,0.028726071,0.7871879399483125,1.0,False
Sec15,0.26996058,0.06332813,0.7871905734980283,1.0,False
bnl,0.2695926,-0.016093707,0.7874736942796599,1.0,False
Nup188,0.26947963,-0.025748113,0.7875606114118853,1.0,False
Had1,0.2684287,-0.22970437,0.7883693307959493,1.0,False
Sptz,0.2682045,0.040172275,0.7885419047212463,1.0,False
CG31365,0.26767907,-0.06648591,0.7889463743366391,1.0,False
CG1407,0.26690027,-0.037014578,0.7895459371775436,1.0,False
CG13151,0.26642275,-0.015149387,0.7899136428699525,1.0,False
CG15535,0.2659692,0.00035476594,0.7902629407037144,1.0,False
ksr,0.26516303,0.004541695,0.7908838721411491,1.0,False
Usp5,0.26475567,-0.0023887532,0.7911976841839881,1.0,False
Ets97D,0.2634617,-0.04374231,0.7921947231856672,1.0,False
CG16986,0.26273772,-0.06273302,0.7927527386668332,1.0,False
CG10209,0.26272574,-0.083242975,0.7927619738592275,1.0,False
CG4849,0.26247585,-0.1387691,0.7929546002106175,1.0,False
Panx,0.26214552,0.107476786,0.7932092558035754,1.0,False
CG30491,0.26140782,-0.0821983,0.7937780222208553,1.0,False
mof,0.26139414,0.25366294,0.7937885804079281,1.0,False
CG31957,0.26127946,-0.026255172,0.7938770067080251,1.0,False
CG30105,0.260742,0.31667438,0.7942914577900838,1.0,False
lncRNA:CR45918,0.26067013,0.8408144,0.7943468983285639,1.0,False
Top3alpha,0.26042366,0.19647259,0.7945369880602158,1.0,False
CG14671,0.26034835,-0.05705631,0.7945950734679793,1.0,False
CG13605,0.2602628,-0.09583278,0.7946610809955632,1.0,False
Inx7,0.26017377,2.4807134,0.7947297303838359,1.0,False
CG13376,0.2601601,1.655189,0.7947402919692927,1.0,False
CG6834,0.2601327,0.81318957,0.7947614152530746,1.0,False
Usp16-45,0.2600574,-0.075898044,0.7948195050593364,1.0,False
ida,0.26000947,0.47966963,0.7948564718920541,1.0,False
Acsf2,0.2599273,0.9451661,0.7949198446769277,1.0,False
mia,0.25984856,0.5221368,0.7949805781990071,1.0,False
lncRNA:CR45825,0.25976643,0.17836232,0.7950439536337407,1.0,False
CG7966,0.25953537,0.49228847,0.7952222042939939,1.0,False
babos,0.25950283,0.4506886,0.7952472922822802,1.0,False
CG4630,0.25938988,0.39846608,0.7953344416759821,1.0,False
csul,0.2591879,0.23346949,0.7954902605919218,1.0,False
sv,0.25908178,0.21192755,0.7955721348169846,1.0,False
CG44002,0.25881478,0.21572143,0.7957781508871495,1.0,False
Caf1-55,0.25853065,-0.06016249,0.7959973887508315,1.0,False
Rab3-GEF,0.25846905,-0.084740244,0.7960449364371865,1.0,False
CG1792,0.2583475,-0.013380709,0.7961387132601353,1.0,False
IntS1,0.25821745,-0.049826507,0.7962390973471347,1.0,False
SMC6,0.25811133,-0.0969701,0.7963209921260713,1.0,False
CG30373,0.25810277,-0.07100894,0.7963275966414829,1.0,False
TRAM,0.2577108,-0.02580629,0.7966300990745506,1.0,False
PQBP1,0.2575773,0.07502458,0.7967331418166239,1.0,False
CG7137,0.25742328,0.01409987,0.7968520416912193,1.0,False
Ssk,0.2573805,0.0020739068,0.7968850702710337,1.0,False
CG32354,0.25673863,0.03250539,0.797380542586823,1.0,False
l(3)73Ah,0.25645623,-0.116223186,0.7975985762848717,1.0,False
Ssl1,0.25643396,-0.05845161,0.7976157553687757,1.0,False
Rep,0.25642714,0.008644575,0.7976210412604665,1.0,False
Tbcd,0.25636724,0.08452096,0.7976672932085789,1.0,False
CG9356,0.2556826,0.008636307,0.7981959373110243,1.0,False
Br140,0.25555593,0.04802081,0.798293746621118,1.0,False
ZnT33D,0.2552855,0.040080223,0.79850259331007,1.0,False
CG6567,0.25518796,0.05763875,0.7985779402756716,1.0,False
unc-5,0.25448447,-0.08481097,0.7991212870407636,1.0,False
CG14220,0.2543681,0.04497734,0.7992111932146866,1.0,False
nom,0.25425,0.03518874,0.7993024242589564,1.0,False
CG43693,0.2541593,0.007836954,0.7993725021387484,1.0,False
CG13404,0.25396758,0.0015325518,0.799520596557334,1.0,False
pps,0.2537057,-0.1259017,0.7997229157626514,1.0,False
ana1,0.25329837,0.012887866,0.8000376612401435,1.0,False
Reps,0.2529184,-0.17133105,0.8003312766350257,1.0,False
CG9662,0.25282082,-0.08382007,0.80040666892588,1.0,False
Uhg5,0.25269932,-0.099661686,0.8005005812222212,1.0,False
CG5500,0.2520472,-0.08018731,0.8010045823512637,1.0,False
Bub3,0.25122735,-0.10050841,0.8016383390922438,1.0,False
Gpdh3,0.25024492,-0.04225505,0.8023979606318149,1.0,False
ECSIT,0.24925219,-0.049169037,0.8031657121801846,1.0,False
mRpS2,0.24874556,-0.065849364,0.8035576034795422,1.0,False
PpD3,0.24814993,-0.07175537,0.8040184037074263,1.0,False
CG10171,0.24763817,-0.10430042,0.8044143755532775,1.0,False
BTBD9,0.24757655,-0.03182115,0.8044620544801242,1.0,False
rept,0.24756286,-0.12837946,0.8044726498959822,1.0,False
lncRNA:CR43431,0.24719144,1.0757692,0.8047600642450282,1.0,False
rdgBbeta,0.24700317,-0.09458213,0.804905768235838,1.0,False
Ugt50B3,0.24676184,1.6033924,0.8050925441692452,1.0,False
CG11127,0.24674472,-0.0228151,0.8051057911118777,1.0,False
wisp,0.24668653,0.8556562,0.8051508311352751,1.0,False
CG14130,0.24661294,0.14488274,0.8052077944437539,1.0,False
CG42323,0.24653591,5.2116857,0.8052674083155921,1.0,False
DEF8,0.24652565,0.10772178,0.8052753569173723,1.0,False
cutlet,0.24652222,1.5898949,0.8052780064557709,1.0,False
lncRNA:CR44603,0.24648285,0.35401022,0.8053084763080538,1.0,False
chas,0.24642637,0.6318321,0.8053521944386043,1.0,False
Grip71,0.24641268,0.19704488,0.8053627928649268,1.0,False
Pp1-13C,0.24641097,0.6669788,0.8053641176707316,1.0,False
CG10214,0.24639899,-0.07752723,0.805373391327009,1.0,False
Damm,0.24637674,1.1193424,0.8053906139041561,1.0,False
CG15279,0.24637331,1.2416942,0.8053932635397897,1.0,False
Dyro,0.24635962,0.5575432,0.8054038621046702,1.0,False
Arg,0.24623296,0.4707028,0.8055019005244555,1.0,False
CG2614,0.2461782,0.20826487,0.8055442964638608,1.0,False
Chsy,0.24614054,0.7316149,0.805573444003806,1.0,False
Ptcd3,0.24611144,0.040963247,0.8055959672878878,1.0,False
Sras,0.2460447,-0.011380365,0.8056476389607873,1.0,False
Sk1,0.24569382,0.34032378,0.8059192604216986,1.0,False
Hus1-like,0.24568526,0.22645557,0.8059258856280431,1.0,False
NT5E-2,0.24562363,0.2263399,0.805973587524905,1.0,False
Timmdc1,0.24553293,-0.022733174,0.8060438166312897,1.0,False
CG33493,0.24553122,0.14287752,0.8060451417238058,1.0,False
Mct1,0.24545076,0.18516766,0.8061074217001443,1.0,False
RNaseZ,0.24530357,0.21054833,0.8062213839892455,1.0,False
Cap-D3,0.24431257,0.12202523,0.80698874872377,1.0,False
CG7218,0.24413115,0.0828206,0.8071292536028284,1.0,False
Orct,0.24401133,0.052100815,0.8072220432558845,1.0,False
sstn,0.24399251,0.056851182,0.8072366247337506,1.0,False
wcd,0.24349444,0.09903934,0.8076223954128015,1.0,False
CG31548,0.24313843,-0.0049105557,0.8078981639584825,1.0,False
Paics,0.24144739,-0.084939755,0.8092083899824409,1.0,False
Cog4,0.24135154,-0.050924145,0.8092826698623398,1.0,False
CG10713,0.24073365,-0.03473628,0.8097615510172383,1.0,False
Arl6IP1,0.2405625,-0.045958817,0.8098942176837352,1.0,False
CG5039,0.2393353,0.0009835295,0.8108455974571034,1.0,False
Bug22,0.2389502,-0.049078345,0.8111442052699349,1.0,False
CG7988,0.23830836,-0.072818406,0.8116419460028202,1.0,False
Setx,0.23829295,-0.099512815,0.8116538927167719,1.0,False
MED11,0.23826385,-0.08237174,0.8116764588516602,1.0,False
APC10,0.23822106,-0.056460172,0.8117096446283382,1.0,False
CG9147,0.23794892,-0.011760651,0.8119207140828996,1.0,False
CG2931,0.23762372,-0.009747321,0.8121729533679758,1.0,False
Gip,0.23702466,-0.059021786,0.8126376556904512,1.0,False
Lint-O,0.23683296,-0.036138672,0.812786374377824,1.0,False
Tmf,0.23638283,-0.12133452,0.8131356242581728,1.0,False
CG31457,0.23567764,0.0037879008,0.8136828128253306,1.0,False
asRNA:CR45951,0.2351385,-0.016766781,0.8141012343786818,1.0,False
CG11141,0.23483898,-0.02963089,0.8143337137267493,1.0,False
mrt,0.23422453,-0.15861814,0.8148106796660626,1.0,False
cav,0.23388392,0.21015166,0.8150750998413274,1.0,False
Boh1,0.23388049,0.25356868,0.815077757437493,1.0,False
CenB1A,0.23369735,-0.06657014,0.8152199419335195,1.0,False
Fdx1,0.23329,-0.09821722,0.8155362245905574,1.0,False
CG17266,0.23303156,0.34957707,0.8157369069065491,1.0,False
Vha68-1,0.23301443,0.040019393,0.8157501975530203,1.0,False
lncRNA:CR42651,0.23300074,0.4466171,0.8157608301083619,1.0,False
PIG-Wa,0.23297335,0.75157034,0.8157820953208094,1.0,False
mir-4942,0.23296309,1.5547159,0.8157900698104563,1.0,False
lncRNA:CR45177,0.23283643,1.9095702,0.8158884234178453,1.0,False
CG3906,0.23277481,22.379843,0.8159362721675946,1.0,False
CG42741,0.23276797,1.6440004,0.8159415887377114,1.0,False
BomS6,0.2326995,2.0663965,0.8159947549048286,1.0,False
RluA-1,0.23267554,0.27481383,0.8160133632634391,1.0,False
Gr28b,0.23266527,1.3145194,0.8160213383060327,1.0,False
CG7352,0.23265843,0.28864154,0.8160266550116815,1.0,False
Pex6,0.23259851,0.19562675,0.8160731765473264,1.0,False
Bcat,0.23259339,0.67223805,0.8160771641376893,1.0,False
CG5321,0.23258653,0.68118787,0.816082480932248,1.0,False
NimB4,0.23258312,1.0611025,0.8160851393327022,1.0,False
CG12655,0.23250781,0.7536846,0.8161436246781267,1.0,False
Ppox,0.23245989,0.541288,0.8161808431584388,1.0,False
magu,0.23238115,0.3773724,0.8162419887047632,1.0,False
CG13458,0.23235719,0.4400946,0.8162605984409322,1.0,False
Ivd,0.23233151,0.3982772,0.8162805375589512,1.0,False
CG9630,0.23227333,0.20344318,0.8163257333334257,1.0,False
blow,0.23223396,0.37355533,0.8163563072919895,1.0,False
Mocs3,0.23213981,0.22530752,0.8164294200653301,1.0,False
asRNA:CR44892,0.23209703,0.3249882,0.8164626536723383,1.0,False
Tdc2,0.23193271,0.2958127,0.816590273789878,1.0,False
synr,0.23187453,0.22248538,0.8166354737479675,1.0,False
CG33096,0.23184714,0.23295557,0.8166567445275328,1.0,False
TAF1B,0.23175813,0.12456182,0.8167258754937499,1.0,False
CG7006,0.23173417,0.113969214,0.8167444879206233,1.0,False
lin-52,0.23169652,-0.15249497,0.8167737362288053,1.0,False
retn,0.23158698,0.17950383,0.8168588236670271,1.0,False
rk,0.23152536,0.19452536,0.8169066862996704,1.0,False
CG31717,0.23147573,-0.07221597,0.8169452428058707,1.0,False
CG11679,0.23145176,0.15196931,0.8169638564501799,1.0,False
Gmer,0.23142609,0.13056982,0.8169837997550677,1.0,False
CG3091,0.23141582,0.11158117,0.8169917771102022,1.0,False
lncRNA:CR44628,0.2313525,0.09220388,0.8170409712190945,1.0,False
CG7544,0.23129088,0.12932755,0.8170888364492789,1.0,False
Pbp95,0.23125151,0.13334864,0.8171194173701484,1.0,False
CG5910,0.23095027,0.11320854,0.8173534371077629,1.0,False
Kr-h1,0.230584,-0.16585042,0.8176380057662824,1.0,False
Chi,0.23054291,-0.05238971,0.8176699215079384,1.0,False
AdoR,0.2305241,0.07159476,0.8176845496572129,1.0,False
LSm1,0.23011672,-0.11609518,0.8180010651533582,1.0,False
lncRNA:CR44816,0.23010474,0.013654621,0.8180103748820775,1.0,False
BORCS6,0.22941498,-0.051852066,0.8185463924972292,1.0,False
ko,0.22921301,0.037994303,0.8187033566490814,1.0,False
PGRP-LE,0.22917193,0.01788856,0.8187352824507914,1.0,False
Sac1,0.22917193,-0.07312339,0.8187352824507914,1.0,False
mei-9,0.22878683,0.04659275,0.819034601451379,1.0,False
EbpIII,0.2287817,0.0045159776,0.8190385925496464,1.0,False
Epp,0.22867557,0.06559014,0.8191210762967258,1.0,False
nbs,0.22866702,0.052485105,0.8191277282990441,1.0,False
c12.2,0.22838633,-0.0057289717,0.8193459211881632,1.0,False
Rab30,0.2281005,-0.008421982,0.8195681197850031,1.0,False
mIF2,0.22776331,0.03682777,0.8198302529212733,1.0,False
Coprox,0.22776331,0.004622446,0.8198302529212733,1.0,False
CG10866,0.2277171,0.038618427,0.8198661813671337,1.0,False
CG4390,0.227599,-0.05555933,0.8199580002241332,1.0,False
PIG-S,0.22756648,0.046417397,0.8199832841109349,1.0,False
CG42260,0.22742613,0.07539566,0.8200924061894853,1.0,False
pira,0.22707696,-0.09334792,0.8203638957359813,1.0,False
CG2278,0.22686815,-0.09493728,0.8205262674197108,1.0,False
CG13895,0.22572482,-0.015172988,0.8214154551218911,1.0,False
mRF1,0.22571284,0.028244715,0.8214247741741458,1.0,False
CG15073,0.22549717,0.011853435,0.8215925214229319,1.0,False
CG3894,0.22514972,-0.05666826,0.8218627980352775,1.0,False
Nsun2,0.22466706,-0.019651324,0.8222382912677612,1.0,False
CG18622,0.2241536,-0.07985224,0.8226377968534742,1.0,False
PTPMT1,0.22369318,-0.044569258,0.822996059300705,1.0,False
Pc,0.22356823,-0.13860667,0.8230932893074357,1.0,False
E(var)3-9,0.22167693,-0.07966693,0.8245653894745926,1.0,False
CG31344,0.2207715,-0.090793625,0.8252703512635577,1.0,False
CG5446,0.22039495,-0.08712088,0.8255635716032402,1.0,False
Top2,0.21992598,-0.05559308,0.825928798231533,1.0,False
asRNA:CR44018,0.21985582,-0.03524218,0.8259834521734544,1.0,False
CG1943,0.219469,-0.108930886,0.8262847304930119,1.0,False
Naa40,0.21943818,0.24596602,0.8263087272116654,1.0,False
CG15082,0.2193526,0.76052195,0.8263753856146281,1.0,False
asRNA:CR43730,0.21928927,1.0783554,0.8264247136384472,1.0,False
twit,0.21921568,0.22013003,0.8264820416619235,1.0,False
Kmn2,0.2191592,1.2662649,0.8265260382142223,1.0,False
SerT,0.21912667,0.4104676,0.8265513698095778,1.0,False
CG2003,0.21912326,1.9554476,0.8265540363038006,1.0,False
asRNA:CR45190,0.21909587,1.0611829,0.8265753683295854,1.0,False
Mcm5,0.21907704,0.9988811,0.8265900341715591,1.0,False
FucTB,0.2190702,0.2617987,0.8265953672200022,1.0,False
CG4880,0.21903254,0.83279544,0.8266246991294086,1.0,False
lncRNA:CR43724,0.21903083,0.7833493,0.8266260324037663,1.0,False
Lk,0.21898119,1.0053716,0.8266646975775522,1.0,False
CG14696,0.21898119,0.9304008,0.8266646975775522,1.0,False
slp1,0.21891958,0.33694085,0.8267126963089853,1.0,False
CG5541,0.21890588,0.891369,0.8267233627816817,1.0,False
CG14933,0.21880661,0.85557324,0.8268006956647667,1.0,False
Ubx,0.2187176,0.5562894,0.8268700300225695,1.0,False
Zip71B,0.2186115,0.5422656,0.8269526996746679,1.0,False
CG15890,0.21858239,0.48677483,0.8269753674949819,1.0,False
pdm2,0.21854474,0.21208712,0.8270047025352767,1.0,False
His2B:CG33868,0.21854302,0.31115946,0.8270060359519354,1.0,False
peo,0.21850537,-0.10284934,0.8270353712446086,1.0,False
CG34001,0.21839926,0.31212777,0.8271180447315052,1.0,False
Icmt,0.21811514,0.20662926,0.8273394057558165,1.0,False
CG33635,0.21802099,-0.08274529,0.8274127512903282,1.0,False
Fancm,0.21790804,0.15820752,0.8275007679187438,1.0,False
CG15673,0.21789947,0.077035695,0.8275074359334389,1.0,False
PolZ1,0.2178892,0.121615216,0.8275154375674864,1.0,False
dgt2,0.21787722,0.16666389,0.8275247728298376,1.0,False
sprt,0.21781047,0.088559344,0.8275767840232856,1.0,False
CG30159,0.21769066,0.066966794,0.8276701393440073,1.0,False
CG11594,0.21767868,0.08934137,0.8276794750100197,1.0,False
Cyp12a4,0.21765643,0.16716683,0.8276968127400659,1.0,False
RhoGAP16F,0.21731411,0.059234012,0.827963557626267,1.0,False
be,0.21710187,0.07267959,0.8281289494232182,1.0,False
dpr5,0.21688451,-0.11776455,0.8282983505342487,1.0,False
CG3815,0.2162324,-0.055727717,0.8288066017557509,1.0,False
Mtr4,0.21586955,0.053443786,0.8290894392586681,1.0,False
Ice2,0.21520032,-0.026664289,0.8296111457585005,1.0,False
Zfrp8,0.2149162,-0.024657452,0.829832660255895,1.0,False
Slu7,0.21489394,-0.075948,0.829850008348133,1.0,False
Ate1,0.2139269,-0.06269315,0.8306040631592189,1.0,False
CG4935,0.21371809,0.02091609,0.8307669061179627,1.0,False
CG1637,0.2136599,-0.07885066,0.8308122898770487,1.0,False
bug,0.21188156,0.012359509,0.8321994355656464,1.0,False
rig,0.21129963,-0.04161942,0.8326534756991417,1.0,False
CG1542,0.21034285,-0.03375389,0.8334000923875738,1.0,False
Trmt112,0.20970786,-0.100707665,0.8338956938007908,1.0,False
imd,0.20879729,-0.03271103,0.8346064826549432,1.0,False
Dcps,0.20857137,-0.012218338,0.8347828647479487,1.0,False
Hs2st,0.20733218,0.009261235,0.8357504413916963,1.0,False
Socs44A,0.20684439,-0.051206402,0.8361313927397499,1.0,False
CG18004,0.20657054,-0.05459028,0.8363452770163526,1.0,False
Grip128,0.20651233,0.3635271,0.8363907289844388,1.0,False
Lrr47,0.20641649,-0.09566241,0.8364655922402009,1.0,False
p130CAS,0.20636685,-0.08560293,0.8365043612940976,1.0,False
Sgt1,0.206182,-0.13133122,0.8366487460908734,1.0,False
aub,0.20585167,0.6750775,0.836906780771219,1.0,False
Srp54,0.2057404,-0.070679754,0.8369936875941161,1.0,False
Smyd4-1,0.20565826,0.41000202,0.8370578662171982,1.0,False
eco,0.20561889,1.1013155,0.8370886188584014,1.0,False
CG4822,0.20549908,0.9934631,0.8371822153848536,1.0,False
Cyp4ac3,0.20549223,1.8394372,0.8371875638274102,1.0,False
CG4301,0.20548196,0.8867231,0.8371955865053535,1.0,False
Ama,0.20543061,2.1870832,0.8372357001489952,1.0,False
CG9338,0.20542891,0.77912706,0.8372370372777377,1.0,False
dhd,0.20538954,21.355745,0.8372677913685697,1.0,False
lncRNA:CR44965,0.20536558,2.1003666,0.8372865113716939,1.0,False
Cp7Fc,0.20536216,2.2246575,0.8372891856653748,1.0,False
lncRNA:CR44766,0.20535532,1.2745644,0.8372945342583766,1.0,False
CHKov2,0.2053382,1.2315654,0.8373079057737796,1.0,False
CG4496,0.20530054,0.95089525,0.8373373232730817,1.0,False
Naglu,0.20530054,0.5785255,0.8373373232730817,1.0,False
Jhbp16,0.20529369,0.63774425,0.8373426719337526,1.0,False
lncRNA:CR30009,0.20528685,0.68331236,0.837348020601941,1.0,False
Sr-CI,0.20528,0.95646656,0.8373533692776467,1.0,False
Kua,0.20528,0.71659946,0.8373533692776467,1.0,False
lncRNA:CR44589,0.20527315,1.1195743,0.8373587179608697,1.0,False
CG9117,0.20524576,0.5840602,0.8373801127689273,1.0,False
slow,0.20523892,0.687596,0.837385461489732,1.0,False
wb,0.20521496,0.57120395,0.837404182071733,1.0,False
CG4607,0.20518929,0.27220783,0.8374242399403168,1.0,False
CG14301,0.20518415,0.68098664,0.8374282515267136,1.0,False
Nup154,0.20512767,0.1397783,0.8374723792560048,1.0,False
Jabba,0.20509173,0.58312446,0.8375004608044874,1.0,False
ci,0.20507118,0.29680955,0.8375165074965648,1.0,False
CG15435,0.20497362,0.28730202,0.8375927302068203,1.0,False
Nup133,0.20481788,0.24102803,0.8377144222540724,1.0,False
Pura,0.2047032,0.14021324,0.8378040221770021,1.0,False
zormin,0.20467752,0.25984204,0.8378240821494408,1.0,False
Rpp21,0.20465356,0.18164891,0.8378428048854889,1.0,False
Alg3,0.20453547,0.09928994,0.8379350825686356,1.0,False
CG31200,0.20452519,0.2569336,0.8379431068203558,1.0,False
ArfGAP3,0.20447727,-0.07745929,0.8379805535512163,1.0,False
crim,0.20436259,-0.030572686,0.8380701597180729,1.0,False
IntS2,0.20420855,0.10581595,0.8381905295157182,1.0,False
CG6813,0.20404766,0.09594583,0.8383162531247766,1.0,False
Rpp30,0.20386966,0.13372102,0.8384553563951609,1.0,False
stum,0.20377724,-0.01778665,0.8385275850845632,1.0,False
nero,0.20342293,-0.07575142,0.8388044743245089,1.0,False
stc,0.2033733,-0.07742234,0.8388432671652275,1.0,False
CG3328,0.20330656,0.106205866,0.8388954374649905,1.0,False
for,0.2030926,0.080737114,0.8390626547343967,1.0,False
cher,0.20308918,-0.064809576,0.8390653302697842,1.0,False
nSMase,0.20304468,-0.06212452,0.8391001123990769,1.0,False
spn-A,0.20291631,0.08359983,0.8392004472249769,1.0,False
CG5850,0.20259453,0.05670102,0.8394519646717258,1.0,False
AsnRS-m,0.20186198,0.007292453,0.8400246293377174,1.0,False
Der-2,0.20179693,-0.03536283,0.8400754774945346,1.0,False
CG2260,0.20122698,0.0054699685,0.840521096447757,1.0,False
holn1,0.20086241,-0.027290998,0.8408061588053263,1.0,False
thoc6,0.2007272,0.019995902,0.8409118914675756,1.0,False
AstC-R1,0.2005201,-0.089496344,0.8410738419945022,1.0,False
wdp,0.20024796,-0.12606189,0.8412866632419649,1.0,False
Elp4,0.20020345,-0.046916414,0.8413214653044122,1.0,False
CCT1,0.20001519,-0.04170765,0.84146870822946,1.0,False
Cbs,0.19979268,-0.09195953,0.8416427297438573,1.0,False
CG33523,0.19977899,-0.13191849,0.8416534390129007,1.0,False
bab1,0.19971052,-0.10938099,0.8417069857975075,1.0,False
LeuRS,0.19953251,-0.009102746,0.841846210863301,1.0,False
CG2611,0.19931857,-0.037398513,0.842013555226007,1.0,False
Wdr81,0.19897453,-0.12301106,0.8422826599218065,1.0,False
Lamtor3,0.19761384,-0.096766256,0.8433472094680762,1.0,False
CG1233,0.1975642,-0.036605466,0.8433860475166473,1.0,False
idc,0.19736223,-0.0059518055,0.8435440821237508,1.0,False
sturkopf,0.1966331,-0.08266131,0.84411466621865,1.0,False
CG6276,0.19635753,-0.034378957,0.8443303308215045,1.0,False
Snp,0.19553085,-0.12270176,0.844977394585512,1.0,False
Sec3,0.19548121,-0.026554968,0.845016248537906,1.0,False
EndoGI,0.19462714,-0.11756436,0.8456848634529865,1.0,False
Arpc5,0.19365495,-0.08299875,0.8464460673754679,1.0,False
CG7488,0.1930268,-0.09966489,0.846937977863115,1.0,False
CG7069,0.1930268,0.353859,0.846937977863115,1.0,False
Tsen15,0.19289672,0.33736333,0.8470398523462654,1.0,False
CG9393,0.19284023,0.082697876,0.8470840881152668,1.0,False
CG8765,0.1928334,-0.06339416,0.8470894500594044,1.0,False
Dhod,0.19280943,-0.10819248,0.84710821691963,1.0,False
CG11555,0.192717,-0.096600264,0.8471806041926073,1.0,False
CG3436,0.19243973,-0.07182905,0.8473977737453667,1.0,False
CG32262,0.19219668,-0.019846112,0.8475881417733524,1.0,False
PolE1,0.19215903,0.8645794,0.847617636207365,1.0,False
CG13760,0.19204094,-0.08348994,0.8477101428618137,1.0,False
Bet5,0.19199473,-0.07791607,0.8477463416890874,1.0,False
Miro,0.19180816,-0.107040785,0.847892480960258,1.0,False
CG13502,0.19179788,1.3008149,0.8479005254757094,1.0,False
Corp,0.19174825,2.1375449,0.8479394075237466,1.0,False
CG13003,0.19170204,0.9713548,0.8479756083838936,1.0,False
lncRNA:CR43716,0.19170032,3.0717773,0.8479769491626512,1.0,False
Him,0.19168834,1.2939978,0.8479863346262713,1.0,False
Cp7Fb,0.19168663,0.9272496,0.847987675408548,1.0,False
lncRNA:CR45464,0.19166096,1.7104548,0.8480077871954844,1.0,False
CG42259,0.19164898,0.6883097,0.848017172729923,1.0,False
CG1368,0.19164556,1.8194542,0.8480198543151496,1.0,False
AGO3,0.191637,1.0839391,0.8480265582859122,1.0,False
CG6845,0.19161817,0.6238415,0.8480413070602906,1.0,False
lncRNA:CR45440,0.19159934,0.50794286,0.8480560558878776,1.0,False
asRNA:CR45865,0.19159421,0.70884293,0.8480600783046353,1.0,False
mus304,0.19157366,0.43736875,0.8480761680112369,1.0,False
rost,0.19155827,0.8970747,0.8480882353327348,1.0,False
Dtg,0.19154458,0.60754454,0.8480989618706264,1.0,False
lncRNA:CR44914,0.19150692,0.4814985,0.8481284599948837,1.0,False
Ak3,0.19145386,0.2286104,0.8481700258946465,1.0,False
Mipp2,0.19137,0.352769,0.8482357276941187,1.0,False
MME1,0.19132891,0.10946131,0.8482679085520904,1.0,False
Bckdha,0.19126901,0.31146657,0.8483148394233249,1.0,False
CG5888,0.19124505,0.317276,0.8483336119223943,1.0,False
CG5080,0.19122452,0.3786429,0.8483497027043538,1.0,False
Tfb1,0.19096605,-0.07709032,0.8485521837761594,1.0,False
CG9044,0.19095236,-0.079239585,0.8485629115290358,1.0,False
Mettl3,0.19080345,0.17392631,0.8486795776523054,1.0,False
Sym,0.19068022,0.14721861,0.8487761314336144,1.0,False
Rev1,0.19032079,0.13770436,0.8490577595832872,1.0,False
Mat89Ba,0.19026774,0.11353448,0.8490993348953066,1.0,False
Pgant6,0.1902335,0.064350314,0.849126157900007,1.0,False
Tango2,0.18997334,0.01827434,0.8493300184418276,1.0,False
CG1360,0.18991686,0.08077094,0.8493742789700731,1.0,False
Nct,0.18936916,0.07076954,0.8498034965748703,1.0,False
TyrRS,0.18923052,-0.04999651,0.8499121493468169,1.0,False
CG13014,0.18916719,0.028961815,0.8499617818084756,1.0,False
Pgam1,0.18904224,0.016791454,0.8500597070575218,1.0,False
KFase,0.18898919,-0.10358401,0.8501012924520852,1.0,False
moody,0.18869822,0.02497479,0.8503293488006343,1.0,False
Prp18,0.1885767,0.054462336,0.8504245995718608,1.0,False
veli,0.18826519,-0.08869682,0.8506687734866517,1.0,False
CG9107,0.18826519,0.07074237,0.8506687734866517,1.0,False
mRpS24,0.1881916,-0.087753825,0.8507264650202676,1.0,False
CG8204,0.18810087,0.022404956,0.8507975742889893,1.0,False
CG14183,0.18745218,-0.08850243,0.8513061079726782,1.0,False
lig,0.18717663,-0.11924187,0.8515221528816673,1.0,False
jar,0.1869815,-0.07349631,0.8516751355197363,1.0,False
St3,0.18637903,-0.084597304,0.85214753816298,1.0,False
5-HT2B,0.18572862,-0.07988229,0.852657577830314,1.0,False
CG10340,0.18469825,-0.07901807,0.8534657140818852,1.0,False
GABPI,0.18454935,-0.06229566,0.8535825172767034,1.0,False
Cypl,0.18437819,-0.049655627,0.8537167777874952,1.0,False
Vhl,0.18394174,-0.046876248,0.8540591612589957,1.0,False
DNAlig3,0.18291822,-0.10932771,0.8548621917729259,1.0,False
Asciz,0.18232258,-0.0863627,0.8553295764507536,1.0,False
ebo,0.18232088,-0.008946396,0.8553309195833889,1.0,False
CG7483,0.18073937,-0.001047813,0.8565721527548659,1.0,False
Rtn4ip1,0.18070856,-0.008620386,0.856596336155191,1.0,False
CG5805,0.17958577,-0.0867315,0.8574777784319636,1.0,False
hook,0.17950019,-0.103893146,0.8575449688362452,1.0,False
CG8607,0.17903292,0.33705115,0.8579118466339168,1.0,False
lncRNA:CR44043,0.1783637,0.47723395,0.8584373550878208,1.0,False
Edg78E,0.17833632,1.1374967,0.8584588606076611,1.0,False
alphaTub67C,0.17828497,0.5936531,0.8584991837404345,1.0,False
Boh2,0.17826957,0.15009464,0.8585112807522532,1.0,False
lncRNA:CR44597,0.1781994,1.4994864,0.8585663897819805,1.0,False
CG9084,0.17812066,1.5161546,0.858628220245413,1.0,False
asRNA:CR44116,0.17807958,1.2467879,0.8586604799618838,1.0,False
net,0.17803508,0.7730924,0.8586954282543615,1.0,False
CG6414,0.17800769,2.8543537,0.8587169350335152,1.0,False
CG6484,0.17800426,20.963863,0.8587196233882813,1.0,False
CG15473,0.17800426,21.229492,0.8587196233882813,1.0,False
CG14253,0.17800085,0.870352,0.8587223117446856,1.0,False
CG4459,0.17799057,0.83750796,0.858730376823727,1.0,False
rempA,0.17797688,1.1266563,0.8587411302853805,1.0,False
IP3K1,0.1779495,0.6390056,0.8587626372873032,1.0,False
CG15638,0.17793581,0.63039505,0.8587733908275685,1.0,False
Mer,0.17789815,0.19043614,0.8588029631983864,1.0,False
GstO1,0.1778468,0.26124313,0.8588432894778328,1.0,False
CG11788,0.17782797,0.017316438,0.8588580758725715,1.0,False
bero,0.1778177,0.35040438,0.8588661411996588,1.0,False
CG6424,0.17777492,0.3017893,0.8588997468877113,1.0,False
aru,0.17774753,0.2935052,0.8589212546622265,1.0,False
Sas-6,0.17773041,0.31559402,0.8589346970744638,1.0,False
CG17760,0.17772186,0.17665896,0.858941418295917,1.0,False
ath,0.17770988,0.25939614,0.8589508280231254,1.0,False
CG15293,0.17770304,0.464434,0.8589562050190969,1.0,False
Ugt37D1,0.17761403,0.42373705,0.8590261065619336,1.0,False
ball,0.17746513,0.17539012,0.8591430596908295,1.0,False
nub,0.17743945,0.13130389,0.8591632243358381,1.0,False
Zaf1,0.17730936,0.16647506,0.8592653932820785,1.0,False
Shrm,0.17726144,0.18879057,0.8593030350669068,1.0,False
CG13659,0.17708343,0.0941111,0.8594428502095339,1.0,False
PK2-R1,0.17689858,0.10330152,0.8595880475223814,1.0,False
aos,0.17686264,-0.011089832,0.8596162808847316,1.0,False
if,0.17683525,0.1282359,0.8596377921384203,1.0,False
CG8547,0.17681643,0.043842904,0.8596525811857603,1.0,False
CG1662,0.176546,-0.05716541,0.8598650111136954,1.0,False
CstF50,0.17624134,0.046864517,0.8601043430545204,1.0,False
Tab2,0.17584082,-0.0067723137,0.8604189899854766,1.0,False
wek,0.17582372,-0.06520227,0.8604324369296066,1.0,False
CG6961,0.17575525,0.03442906,0.8604862251107565,1.0,False
PolE4,0.17541294,-0.06375242,0.8607551757199845,1.0,False
CG8620,0.17450237,-0.008178244,0.8614706628735266,1.0,False
ca,0.17448013,-0.10265702,0.861488148007599,1.0,False
mTerf5,0.17409502,-0.024024526,0.8617907860755708,1.0,False
MKP-4,0.17395297,-0.13078052,0.8619024310216712,1.0,False
omd,0.17364316,-0.002906117,0.8621459072769632,1.0,False
lncRNA:CR43870,0.17338814,-0.17700575,0.8623463478365813,1.0,False
Irp-1A,0.17294997,-0.13751313,0.8626907496214226,1.0,False
SMC5,0.17252892,-0.11909478,0.8630217228028828,1.0,False
CG10512,0.17232183,0.0008820004,0.8631845273800103,1.0,False
Tbc1d15-17,0.17221057,-0.1133492,0.8632719867836418,1.0,False
CG8490,0.1718289,-0.052154295,0.8635720525437565,1.0,False
isoQC,0.17108265,-0.028214395,0.8641587850152729,1.0,False
Son,0.17090292,-0.14529006,0.8643000964712908,1.0,False
Hr3,0.17062907,-0.12752096,0.8645154365582834,1.0,False
sqh,0.17056917,-0.06314802,0.864562543544194,1.0,False
CG14722,0.16969626,-0.14059621,0.8652490141480473,1.0,False
Mms19,0.16923071,-0.06442685,0.8656151734171338,1.0,False
Klp31E,0.16919649,-0.07773797,0.8656420980323577,1.0,False
CG17712,0.16861112,-0.09685385,0.8661025330603724,1.0,False
Orai,0.16647507,-0.10030196,0.8677831013775377,1.0,False
CG33108,0.16643742,-0.10697008,0.8678127321636577,1.0,False
MED24,0.16599582,-0.11513872,0.8681602343212553,1.0,False
CG15385,0.16534029,-0.16740103,0.8686761468835364,1.0,False
sals,0.16489528,0.2879902,0.8690264066120099,1.0,False
squ,0.16464882,0.52441514,0.8692204076797098,1.0,False
CG3430,0.16461287,0.8925363,0.8692487001601334,1.0,False
CG14174,0.16453928,0.9405701,0.8693066329042294,1.0,False
CG42319,0.16446225,0.65442693,0.869367260945817,1.0,False
Fer3,0.16442631,0.6218528,0.8693955542947337,1.0,False
CG15784,0.16442631,1.5270443,0.8693955542947337,1.0,False
PCNA,0.16441946,2.0247111,0.8694009435230108,1.0,False
CG10307,0.16440406,0.7288243,0.8694130693088145,1.0,False
CG14331,0.16434929,0.94219697,0.8694561834625779,1.0,False
CG13970,0.16433045,2.5014486,0.8694710040425735,1.0,False
asRNA:CR45135,0.16432704,1.1490098,0.8694736986984083,1.0,False
P5cr-2,0.16430992,1.7449324,0.8694871720003189,1.0,False
Cp18,0.1643048,0.91162974,0.8694912139982809,1.0,False
CG42675,0.16429965,0.28275803,0.8694952559996532,1.0,False
lncRNA:marge,0.16428082,1.7120742,0.8695100767005244,1.0,False
snRNA:U6atac,0.164262,1.0026094,0.869524897447236,1.0,False
CG3663,0.16425002,0.67466366,0.8695343288553719,1.0,False
lncRNA:CR43963,0.1642329,0.36882704,0.8695478023277614,1.0,False
v,0.16421579,0.9258812,0.8695612758380247,1.0,False
asRNA:CR45789,0.16421065,0.6274482,0.8695653178984883,1.0,False
CG32645,0.16420722,1.0126354,0.8695680126073577,1.0,False
Cyp4s3,0.16420552,0.69094884,0.8695693599623604,1.0,False
asRNA:CR43889,0.16420381,0.90191185,0.8695707073177417,1.0,False
asRNA:CR43152,0.16418669,0.32796887,0.8695841808923814,1.0,False
CG15611,0.16417642,0.5214026,0.8695922650553398,1.0,False
CG17721,0.16416787,-0.061112013,0.8695990018682169,1.0,False
Ndc1,0.16416615,0.38721862,0.8696003492319282,1.0,False
esc,0.16412164,0.3779342,0.8696353808212927,1.0,False
btd,0.16409427,0.49227366,0.869656938849616,1.0,False
CG3919,0.1640412,0.4179837,0.8696987078051617,1.0,False
THADA,0.16401039,0.13782044,0.8697229609139319,1.0,False
CG1674,0.16391969,0.28556663,0.86979437355688,1.0,False
Glt,0.1638923,0.26676413,0.8698159322993011,1.0,False
CG6023,0.16388716,0.27758056,0.8698199745742777,1.0,False
lncRNA:CR44498,0.16385293,0.34266067,0.869846923161048,1.0,False
CG12863,0.16384779,0.18537141,0.8698509654621013,1.0,False
CG7322,0.1637605,0.23689112,0.8699196851002527,1.0,False
pirk,0.1637588,0.19571605,0.8699210325539594,1.0,False
Nab2,0.16375366,-0.13935344,0.869925074917345,1.0,False
ru,0.16369033,0.1310101,0.8699749310118732,1.0,False
Tsp96F,0.16369033,-0.14111972,0.8699749310118732,1.0,False
DNAlig1,0.16366294,0.22027718,0.869996490564181,1.0,False
CG9578,0.16365439,-0.013612948,0.8700032279440945,1.0,False
Ldh,0.16359448,0.0925603,0.8700503898676687,1.0,False
CG11474,0.16354313,-0.07291252,0.870090814741467,1.0,False
Egfr,0.16353287,0.10080401,0.8700988997569664,1.0,False
Lrrk,0.16338053,0.073454395,0.8702188290808919,1.0,False
CG1575,0.16334972,0.08557654,0.8702430848127444,1.0,False
Polr2M,0.16295435,0.043826427,0.8705543775322774,1.0,False
MCPH1,0.1628123,-0.07112414,0.8706662321976957,1.0,False
Snm1,0.16264969,0.043884628,0.8707942617970968,1.0,False
asRNA:CR45139,0.16263086,0.055001155,0.8708090864958218,1.0,False
CG11168,0.16212766,-0.065374754,0.8712053270649073,1.0,False
Myo31DF,0.16209514,0.06682682,0.8712309355617911,1.0,False
Mtp,0.16200271,-0.015284958,0.871303718342508,1.0,False
Atac1,0.16186407,0.0046829376,0.8714128945567607,1.0,False
ZnT86D,0.16177166,0.012424453,0.8714856800608312,1.0,False
CG10336,0.16122395,0.03349835,0.8719170238789473,1.0,False
lncRNA:CR46006,0.16110756,-0.10688285,0.872008689351717,1.0,False
betaTub97EF,0.16075839,-0.13495246,0.8722836960781404,1.0,False
CG5854,0.16053589,-0.031754687,0.8724589535176527,1.0,False
CG14864,0.16011827,0.0011765669,0.8727879151457368,1.0,False
CG31937,0.15935318,0.02020076,0.8733906190867018,1.0,False
DhpD,0.15915635,-0.029910903,0.8735456890459552,1.0,False
Bap170,0.15839641,-0.037835617,0.8741444394647662,1.0,False
wuho,0.15822013,-0.022910424,0.8742833490857007,1.0,False
yem,0.15746018,-0.06831276,0.8748821882540277,1.0,False
Ctr1A,0.15742253,-0.0012110537,0.8749118623312218,1.0,False
Zmynd8,0.15733695,-0.08816848,0.8749793040698612,1.0,False
CG14194,0.15658215,-0.17014557,0.8755741794762603,1.0,False
fray,0.1565308,-0.09355435,0.8756146497489693,1.0,False
CG9330,0.15576914,-0.11600158,0.8762149969354763,1.0,False
agt,0.15514955,-0.08781749,0.8767034218101333,1.0,False
CG5808,0.15468399,-0.11855656,0.8770704459909286,1.0,False
CG3740,0.15296558,0.24340837,0.8784254252513646,1.0,False
ssh,0.15295017,-0.11199442,0.8784375730965334,1.0,False
GstS1,0.15289539,-0.08339458,0.8784807656666891,1.0,False
CG10147,0.15222275,-0.06098246,0.8790112538788698,1.0,False
Rpn8,0.15177603,-0.060092013,0.8793635928759265,1.0,False
CG2608,0.15176405,-0.06321381,0.8793730429100913,1.0,False
CG3223,0.1515672,-0.018138014,0.8795282959303636,1.0,False
asRNA:CR45907,0.15116328,0.4958604,0.8798469166277811,1.0,False
CG8043,0.15115814,0.05052192,0.8798509670162213,1.0,False
ea,0.15107942,0.45508987,0.8799130733659082,1.0,False
tej,0.15104689,0.7150378,0.8799387262042122,1.0,False
RYa-R,0.15100923,0.5463516,0.8799684296480907,1.0,False
Orct2,0.15093735,0.19464955,0.8800251366917468,1.0,False
CG15561,0.15079015,-0.10390343,0.8801412530339867,1.0,False
uncNacbeta,0.1507525,0.7520284,0.8801709576286443,1.0,False
CG32650,0.15074223,0.31176022,0.880179058910999,1.0,False
pain,0.15072854,1.1039544,0.8801898606403137,1.0,False
CG44004,0.15065323,1.1985689,0.8802492705499859,1.0,False
lncRNA:CR45759,0.15064639,1.6863712,0.8802546714842939,1.0,False
MFS12,0.15064125,0.78349566,0.8802587221886805,1.0,False
AdamTS-A,0.1506361,0.84320486,0.8802627728962003,1.0,False
Obp99a,0.150619,21.2218,0.8802762752772273,1.0,False
CG14273,0.15060873,0.8234793,0.8802843767225519,1.0,False
Mal-B2,0.15059845,0.87077135,0.8802924781804068,1.0,False
CG15861,0.15059845,1.0483555,0.8802924781804068,1.0,False
mkg-p,0.15058818,1.7430317,0.8803005796507911,1.0,False
CG17490,0.15057792,1.237532,0.8803086811337042,1.0,False
CG31683,0.15055396,1.1038797,0.8803275846425521,1.0,False
CG45218,0.15054369,0.6264585,0.8803356861672212,1.0,False
Obp49a,0.15053171,0.1692426,0.8803451379618319,1.0,False
CG9706,0.15053171,0.14473122,0.8803451379618319,1.0,False
CG31473,0.15052314,0.62297314,0.8803518892541334,1.0,False
tobi,0.1504855,0.49741545,0.8803815950435714,1.0,False
lncRNA:CR44330,0.15046495,0.5081904,0.8803977982723974,1.0,False
Cyp6v1,0.15045469,0.4740004,0.8804058999055888,1.0,False
CG7054,0.15044099,0.48048156,0.8804167021026492,1.0,False
lncRNA:CR43492,0.15043415,0.245406,0.880422103209524,1.0,False
lncRNA:CR43910,0.15042387,0.34631106,0.8804302048802661,1.0,False
CG15728,0.15040334,0.42010385,0.8804464082592953,1.0,False
COX5BL,0.15039991,0.44919628,0.8804491088273335,1.0,False
superdeath,0.15039821,0.3858804,0.880450459111874,1.0,False
Cyp9f3,0.15038623,0.33859196,0.8804599111133894,1.0,False
asRNA:CR45124,0.15037253,0.4379851,0.8804707134216891,1.0,False
CG34057,0.15035541,0.3250374,0.8804842163383414,1.0,False
edl,0.15033488,0.006058567,0.8805004198841926,1.0,False
ptc,0.15028353,0.2712332,0.8805409289676965,1.0,False
barr,0.15025786,0.13089232,0.8805611836266786,1.0,False
Marcal1,0.15013291,0.18099377,0.8806597574155863,1.0,False
CG31174,0.15011238,0.12295284,0.8806759615030962,1.0,False
Spn77Ba,0.15010552,0.17872189,0.880681362876702,1.0,False
CG3032,0.15009525,0.15940991,0.8806894649475183,1.0,False
CG14196,0.15006787,0.23693459,0.8807110705307483,1.0,False
CG45676,0.1499977,0.19380164,0.880766435243022,1.0,False
yki,0.14987959,-0.03605355,0.8808596113182291,1.0,False
Polr1B,0.14951675,0.06474309,0.8811459017462334,1.0,False
Dr,0.14950305,0.10644134,0.8811567054629676,1.0,False
lncRNA:CR44900,0.14920865,0.06742383,0.8813889907188364,1.0,False
CG1271,0.14918812,0.044012856,0.8814051970479181,1.0,False
CG16863,0.14904605,0.060401864,0.8815172921832934,1.0,False
Irc,0.14896904,-0.048322987,0.8815780676466762,1.0,False
CG9377,0.14892453,-0.016962426,0.881613182676719,1.0,False
Eaf6,0.14891769,-0.12670738,0.8816185850096904,1.0,False
lncRNA:CR45961,0.14865753,0.02012342,0.8818238777416859,1.0,False
CG44257,0.14849493,-0.07968424,0.8819521897319752,1.0,False
MED30,0.14847097,0.020657172,0.8819710991293941,1.0,False
CG15877,0.14846754,0.06423714,0.8819738004773745,1.0,False
AANATL2,0.14833575,0.04141915,0.8820778034182447,1.0,False
Spn88Ea,0.14822963,-0.12042568,0.8821615475237155,1.0,False
Nmdmc,0.14802766,-0.1349971,0.8823209351049582,1.0,False
msl-3,0.14802766,0.04192058,0.8823209351049582,1.0,False
Grip,0.14768192,-0.1110924,0.882593796089563,1.0,False
bsh,0.147634,0.0062871547,0.8826316195044487,1.0,False
CalpA,0.14759806,-0.07110536,0.8826599872412373,1.0,False
mRpL23,0.1475005,-0.09091394,0.882736986142465,1.0,False
CG6574,0.14737555,0.026977805,0.8828356003884826,1.0,False
CG8079,0.14704008,-0.071082994,0.8831003818634606,1.0,False
Lgr1,0.14703837,-0.066252165,0.8831017328228679,1.0,False
Mau2,0.14701784,-0.008193717,0.8831179443622731,1.0,False
CG3651,0.14694765,-0.18697196,0.8831733341578856,1.0,False
Fs,0.14664643,-0.026824966,0.8834111114730938,1.0,False
Ent1,0.14664471,-0.118538424,0.8834124625105975,1.0,False
amn,0.14650778,-0.093746044,0.8835205466092532,1.0,False
TrpRS-m,0.14621168,-0.063277766,0.8837542858842756,1.0,False
cliff,0.1461278,-0.05961672,0.8838204913338834,1.0,False
CG32099,0.14605935,-0.011907831,0.8838745372004103,1.0,False
CG3703,0.1454312,-0.1197289,0.8843704332210238,1.0,False
Vps25,0.14498277,-0.0836638,0.8847244793601248,1.0,False
mRpL41,0.14485097,-0.10879735,0.8848285354678457,1.0,False
Parg,0.14468837,-0.022839667,0.8849569191170735,1.0,False
CG15643,0.14440596,-0.02392413,0.8851799084214963,1.0,False
Vps51,0.1442194,-0.031703383,0.8853272214966641,1.0,False
CG6724,0.14339443,-0.06454091,0.8859786900660482,1.0,False
CG42382,0.14332424,-0.05972777,0.8860341090051743,1.0,False
ash1,0.14252494,-0.15300116,0.8866653835051072,1.0,False
CG11099,0.14248729,-0.10875638,0.886695124123586,1.0,False
CG9945,0.1422836,-0.10881294,0.8868559965974858,1.0,False
Atg9,0.14213812,-0.088203244,0.8869709083621777,1.0,False
CG1635,0.14151339,-0.08816084,0.8874643799795788,1.0,False
CG3156,0.14143637,-0.06592931,0.8875252219709187,1.0,False
ort,0.14094001,-0.1623575,0.8879173306873953,1.0,False
Grip91,0.14057545,-0.06750596,0.8882053452576992,1.0,False
CG3337,0.14028277,-0.029055309,0.8884365789063096,1.0,False
CG12672,0.13987884,-0.048024133,0.8887557239756518,1.0,False
CG11902,0.13972993,-0.1214827,0.8888733794640815,1.0,False
CG5323,0.1391942,-0.08198426,0.8892966889786109,1.0,False
CG16790,0.13872181,0.22682954,0.8896699849045889,1.0,False
TBC1D23,0.1384993,-0.09209798,0.8898458211757994,1.0,False
CG18596,0.13838291,0.27968168,0.8899377992305926,1.0,False
Alp12,0.13821004,0.3519025,0.8900744164282033,1.0,False
CG31161,0.1377445,0.38579732,0.8904423522307072,1.0,False
Fbxo42,0.13766576,-0.09004256,0.890504579002654,1.0,False
CG33914,0.13726182,1.0789351,0.8908238399962591,1.0,False
mars,0.13725156,0.40587652,0.8908319570321411,1.0,False
ems,0.13713689,1.0861361,0.8909225980431563,1.0,False
Tmc,0.13710436,0.9713554,0.8909483024699439,1.0,False
CR42875,0.13709067,0.27371368,0.8909591254207745,1.0,False
CG43155,0.13707697,0.21697588,0.8909699483919211,1.0,False
Alp6,0.1370513,1.5324404,0.8909902415175724,1.0,False
lncRNA:CR43857,0.13701364,0.55796856,0.8910200048976856,1.0,False
CG4752,0.13700166,1.1730208,0.8910294750962896,1.0,False
asRNA:CR43609,0.13697429,0.5043057,0.8910511213228968,1.0,False
CG31077,0.13694862,2.8612125,0.8910714147340845,1.0,False
lncRNA:CR44157,0.1369469,0.8455512,0.8910727676307008,1.0,False
lncRNA:CR44753,0.13692637,2.7824123,0.8910890024148296,1.0,False
CG33777,0.13692294,0.58902097,0.8910917082166235,1.0,False
lncRNA:CR44268,0.13691609,1.1039518,0.8910971198240161,1.0,False
Ntl,0.13691267,1.0133902,0.8910998256296145,1.0,False
Septin5,0.13690925,0.92217004,0.8911025314364812,1.0,False
hdm,0.13690925,1.2842256,0.8911025314364812,1.0,False
CG34002,0.13690753,1.4088485,0.8911038843403901,1.0,False
Hil,0.13690239,1.2099651,0.8911079430540189,1.0,False
pll,0.1369007,0.22061196,0.8911092959591957,1.0,False
CG9664,0.13687502,0.47620934,0.8911295895748887,1.0,False
CG44815,0.13687159,1.0529042,0.8911322953957029,1.0,False
CG32228,0.13686645,0.7475505,0.8911363541293011,1.0,False
AhcyL2,0.13686474,1.0405495,0.8911377070411345,1.0,False
Dmel_CG43885,0.13685618,0.28853434,0.8911444716050548,1.0,False
Prat,0.13684592,0.87279135,0.8911525890922171,1.0,False
asRNA:CR45145,0.13682196,0.42405805,0.8911715299399579,1.0,False
scaRNA:MeU5-C46,0.13680826,0.7182014,0.8911823533094057,1.0,False
ex,0.13679971,0.5246922,0.8911891179256066,1.0,False
CG32816,0.13675007,0.46112975,0.8912283528557284,1.0,False
ppk5,0.13674836,0.27444547,0.8912297057891039,1.0,False
CG9360,0.1367244,0.30104917,0.8912486468896075,1.0,False
CG43117,0.13672268,0.39119074,0.8912499998277325,1.0,False
CG13877,0.13671754,0.32143563,0.8912540586440069,1.0,False
CG1137,0.13669017,0.16945396,0.8912757057122564,1.0,False
HisCl1,0.13668674,0.22878683,0.8912784116014856,1.0,False
CG13088,0.13667476,0.18269317,0.8912878822237575,1.0,False
asRNA:CR44137,0.13661315,0.33085513,0.8913365885260939,1.0,False
CG3225,0.13661143,0.18571267,0.89133794148479,1.0,False
Wsck,0.13660288,0.22759597,0.8913447062830154,1.0,False
CCHa1,0.13655666,0.22222526,0.8913812363300762,1.0,False
cort,0.13651559,0.2206366,0.8914137076765518,1.0,False
Strn-Mlck,0.1365019,0.2371523,0.8914245314991781,1.0,False
Rpe,0.13619894,0.051989853,0.8916640137465703,1.0,False
CG18787,0.13609967,0.105471626,0.8917424903059127,1.0,False
CG33978,0.13609283,0.08394398,0.8917479025215109,1.0,False
Or43b,0.1358532,0.06120904,0.8919373332426074,1.0,False
asRNA:CR44998,0.13582924,0.15686195,0.8919562766540614,1.0,False
Balat,0.13581383,0.035444424,0.8919684545939838,1.0,False
Clk,0.1357642,0.03062889,0.8920076947959181,1.0,False
CG10874,0.13575222,-0.12251207,0.89201716660842,1.0,False
CG11695,0.13572483,-0.04059116,0.8920388165234142,1.0,False
lncRNA:CR43411,0.13567178,-0.06067682,0.8920807634626946,1.0,False
mldr,0.13565466,0.023105448,0.8920942947978499,1.0,False
ppan,0.1353945,0.043596994,0.8922999749580764,1.0,False
CG15382,0.13516514,-0.015502063,0.8924813042665766,1.0,False
Adck5,0.13513434,0.041988898,0.8925056623633586,1.0,False
eya,0.134715,-0.00012044072,0.892837213199476,1.0,False
Nop53,0.13452159,0.027771128,0.8929901388797895,1.0,False
Alg1,0.13416044,0.03253259,0.8932757010180944,1.0,False
CG8159,0.13416044,-0.03073969,0.8932757010180944,1.0,False
lncRNA:CR44471,0.13414162,-0.11934524,0.8932905885235648,1.0,False
CG5815,0.13318142,-0.10988113,0.8940499010442374,1.0,False
CG4041,0.13301027,-0.032291006,0.8941852610870431,1.0,False
CG31038,0.13279119,-0.15439233,0.8943585264379892,1.0,False
wac,0.1326611,-0.027866608,0.8944614051256355,1.0,False
CG9586,0.13244887,-0.10348907,0.8946292636371015,1.0,False
CG13197,0.13238382,-0.099922545,0.8946807050936101,1.0,False
Adc,0.13230167,-0.20176244,0.8947456844085901,1.0,False
NELF-B,0.13203466,-0.08338251,0.894956872057837,1.0,False
spict,0.13148697,-0.1510485,0.8953901007763746,1.0,False
CG32032,0.13143562,-0.126078,0.8954307175703544,1.0,False
CG7745,0.13104025,-0.0019954126,0.8957434760577289,1.0,False
CG13876,0.13086908,-0.07153334,0.8958788743709577,1.0,False
Naxd,0.13083827,-0.0050388793,0.8959032463895417,1.0,False
O-fut1,0.13059181,-0.082589045,0.896098226073012,1.0,False
NdufAF3,0.13050623,-0.1044692,0.8961659288204608,1.0,False
Hr78,0.13037615,-0.12865484,0.8962688384445964,1.0,False
Rab9,0.13036416,-0.09740681,0.8962783170504133,1.0,False
CG31687,0.13030769,-0.095952466,0.8963230021057945,1.0,False
Mettl14,0.13001843,-0.0902125,0.8965518489049904,1.0,False
daed,0.12987465,-0.05826911,0.8966655984463501,1.0,False
l(1)10Bb,0.12941253,-0.08872847,0.8970312363463563,1.0,False
CG14414,0.12928244,-0.111873955,0.8971341605914217,1.0,False
galectin,0.12907192,-0.10043319,0.8973007390232345,1.0,False
CG30389,0.1283445,-0.1140483,0.8978763497005597,1.0,False
CG6325,0.12775572,-0.035439886,0.8983422951226522,1.0,False
CG1116,0.1276513,-0.053370323,0.8984249228287583,1.0,False
Kdsr,0.12762906,-0.13138379,0.8984425321544097,1.0,False
trsn,0.12755203,-0.07305522,0.8985034878985305,1.0,False
CG3368,0.12721315,-0.11424561,0.8987717002821403,1.0,False
CG42489,0.1264241,-0.21428084,0.8993962193203728,1.0,False
CG3253,0.12620674,-0.08793705,0.8995682778264852,1.0,False
sced,0.12520888,-0.13364962,0.9003581816516865,1.0,False
ecd,0.124988094,-0.13816279,0.9005329764780953,1.0,False
CG6511,0.124827206,0.15495792,0.9006603493902589,1.0,False
Rab18,0.12452083,-0.09034907,0.9009029070067394,1.0,False
CG31886,0.1239834,0.12798095,0.9013284214788596,1.0,False
mei-S332,0.12367189,0.21001695,0.9015750702437,1.0,False
lncRNA:CR43461,0.123524696,0.5440753,0.901691621868475,1.0,False
lncRNA:CR44938,0.12342713,0.18865395,0.901768872369094,1.0,False
Pms2,0.12339119,0.20104332,0.9017973333143748,1.0,False
asRNA:CR44027,0.12338434,0.25719097,0.9018027544611218,1.0,False
Jhbp6,0.12336381,0.90164524,0.901819017928838,1.0,False
CG15701,0.12334669,0.8367311,0.9018325708500801,1.0,False
CG7702,0.12333984,0.37758276,0.9018379920265887,1.0,False
RhoGAP54D,0.12331588,1.0529354,0.901856966180417,1.0,False
fz3,0.123295344,0.8869603,0.9018732297854665,1.0,False
CG31102,0.12327822,0.6906915,0.9018867828211355,1.0,False
Gr59d,0.123271376,1.2882664,0.9018922040434106,1.0,False
MtnE,0.123267956,1.1742703,0.9018949146562639,1.0,False
CG11700,0.123264536,0.60659486,0.9018976252702608,1.0,False
lncRNA:CR46254,0.12326111,0.8117382,0.9019003358854017,1.0,False
CG14961,0.123247415,4.8231854,0.9019111783574019,1.0,False
ZnT41F,0.123247415,1.5949665,0.9019111783574019,1.0,False
CG14565,0.123247415,4.0493374,0.9019111783574019,1.0,False
CG43925,0.123247415,1.333767,0.9019111783574019,1.0,False
CG31381,0.12322688,0.441464,0.9019274420997094,1.0,False
asRNA:CR45549,0.123223454,2.1144922,0.9019301527274295,1.0,False
lncRNA:CR44727,0.12321832,1.0188104,0.9019342186711533,1.0,False
CG5381,0.12321319,0.6693804,0.9019382846174497,1.0,False
asRNA:CR43936,0.12320291,1.669796,0.9019464165177595,1.0,False
trk,0.12320291,0.86577886,0.9019464165177595,1.0,False
CG11619,0.123192646,0.7875842,0.9019545484283582,1.0,False
CG9451,0.123189226,1.2310864,0.9019572590675106,1.0,False
natalisin,0.12317553,0.9598512,0.9019681016355506,1.0,False
E(spl)m3-HLH,0.123165265,0.6331489,0.9019762335735817,1.0,False
Gal,0.12313788,0.36647528,0.9019979187919476,1.0,False
CG32237,0.12313445,0.885771,0.9020006294493853,1.0,False
CG14439,0.123117335,0.35323206,0.9020141827537118,1.0,False
Trs23,0.12307797,-0.058757436,0.9020453554620428,1.0,False
lncRNA:CR31781,0.12306599,0.41623214,0.9020548428380375,1.0,False
EndoU,0.1230523,0.44887963,0.9020656855705891,1.0,False
Paris,0.12304887,0.27024975,0.9020683962565816,1.0,False
rumi,0.123038605,0.28176525,0.9020765283214097,1.0,False
Smug,0.122983836,0.037410807,0.9021198995073427,1.0,False
Cyp6a13,0.12297699,0.24973942,0.9021253209261284,1.0,False
ana2,0.122932486,0.21845494,0.902160560259484,1.0,False
CG9300,0.12290681,0.0911926,0.9021808907318095,1.0,False
CG9515,0.122887984,0.032410543,0.9021957997856214,1.0,False
lncRNA:CR43838,0.12287087,0.05002247,0.9022093535008382,1.0,False
CG6951,0.12286402,0.08856046,0.9022147749949062,1.0,False
Pex1,0.1228606,0.15900393,0.9022174857436505,1.0,False
nompB,0.12281267,0.16132063,0.9022554363457616,1.0,False
aurA,0.12278529,0.08360324,0.9022771225044033,1.0,False
Ror,0.12266719,-0.06237349,0.9023706448986477,1.0,False
Trhn,0.12266548,0.12383995,0.9023720003056289,1.0,False
CG3713,0.12264665,0.0886956,0.9023869098012032,1.0,False
CG12814,0.12255594,-0.006181299,0.9024587469441623,1.0,False
CG12716,0.12250117,0.020181147,0.9025021207002083,1.0,False
Cep135,0.122497745,0.104014225,0.9025048315696251,1.0,False
CG31643,0.12232316,0.014488497,0.9026430874165179,1.0,False
dpr21,0.12217597,-0.114784054,0.9027596583660507,1.0,False
ValRS-m,0.12216912,-0.0026561876,0.9027650803217205,1.0,False
Cdc2rk,0.12211949,-0.071794316,0.902804389635936,1.0,False
Nup75,0.122107506,0.010094206,0.9028138781267937,1.0,False
lncRNA:CR43256,0.12204589,0.034994975,0.9028626762990171,1.0,False
mRpS9,0.121838786,-0.13186568,0.9030266950663658,1.0,False
Fer2,0.12150845,0.044747815,0.9032883203405877,1.0,False
CG17806,0.12124829,0.046887647,0.9034943745821735,1.0,False
asRNA:CR44291,0.12110281,0.025450453,0.9036096051176465,1.0,False
CG5292,0.120808415,-0.076769955,0.9038427837034271,1.0,False
CG7386,0.120705724,-0.079884216,0.9039241270226404,1.0,False
Tsp5D,0.120650955,-0.03517108,0.9039675105385677,1.0,False
CG10184,0.1205705,-0.21392311,0.904031230597305,1.0,False
CG11696,0.12049349,-0.09171881,0.9040922397433336,1.0,False
GLaz,0.12045583,-0.11096557,0.9041220666430387,1.0,False
CG4282,0.12035998,-0.011435064,0.9041979902708425,1.0,False
PolD2,0.12028638,-0.066495195,0.904256289365289,1.0,False
Vps33B,0.12006901,-0.028922962,0.9044284780748814,1.0,False
CG7101,0.11961716,-0.015657216,0.9047864280318243,1.0,False
snoRNA:Tudor-SN-a,0.11942375,-0.088394575,0.9049396473775972,1.0,False
JTBR,0.11919782,-0.055654485,0.9051186337494841,1.0,False
Eglp4,0.11913278,-0.18727967,0.9051701610232179,1.0,False
ClC-b,0.11882812,-0.06174527,0.905411530933016,1.0,False
Fum1,0.11860733,-0.10056568,0.9055864617795157,1.0,False
Cds,0.11853373,-0.09708967,0.9056447730801211,1.0,False
CG3609,0.11841392,-0.12983598,0.9057396995411675,1.0,False
CG5262,0.118318066,-0.12442205,0.9058156416797319,1.0,False
mtSSB,0.11791756,-0.08182354,0.9061329806404163,1.0,False
CG17726,0.117532454,-0.04948067,0.9064381283908531,1.0,False
ifc,0.11735274,-0.06708252,0.9065805354038879,1.0,False
Aos1,0.11727914,-0.10322029,0.906638855333463,1.0,False
coil,0.11718329,-0.026190087,0.9067148076242842,1.0,False
Hpr1,0.11696592,-0.023942193,0.9068870597295957,1.0,False
CG1671,0.11694196,-0.09672708,0.9069060484188025,1.0,False
CG30094,0.116882056,-0.07758123,0.9069535203745887,1.0,False
Art3,0.116822146,-0.086195186,0.9070009926627675,1.0,False
lncRNA:CR44023,0.11677764,-0.08550944,0.9070362580062029,1.0,False
EloB,0.11654316,-0.1522775,0.9072220822642905,1.0,False
CG43861,0.11617175,-0.09201005,0.9075164274261666,1.0,False
spn-F,0.116170034,-0.050999314,0.9075177838849136,1.0,False
IleRS,0.11586024,-0.024142021,0.9077633073566543,1.0,False
Taldo,0.1146724,-0.30607113,0.9087047882173612,1.0,False
CG4199,0.11420001,-0.10454676,0.9090792457178966,1.0,False
CG17249,0.11405624,-0.09207616,0.909193215057719,1.0,False
CG5961,0.11394327,-0.09662651,0.9092827637073607,1.0,False
CG4098,0.11359239,-0.031487618,0.90956091458545,1.0,False
Sec10,0.113588974,-0.080487795,0.9095636283072157,1.0,False
CG9992,0.113328815,-0.09664208,0.9097698742465858,1.0,False
H,0.11330999,-0.13206834,0.9097848001756906,1.0,False
Rpt4,0.11329116,-0.09864922,0.9097997261366374,1.0,False
Mppe,0.113080636,-0.099063516,0.9099666276852436,1.0,False
CG11007,0.112930015,-0.07372635,0.9100860393619606,1.0,False
crb,0.11159156,-0.19302821,0.9111472638564885,1.0,False
Sh,0.11155733,0.06800145,0.9111744072348168,1.0,False
CG31223,0.11123384,-0.20942627,0.9114309172737421,1.0,False
CG33506,0.110747755,-0.09700809,0.911816378277134,1.0,False
twe,0.11039688,0.3286106,0.9120946288739379,1.0,False
Mtr3,0.1101487,0.10900953,0.912291446781716,1.0,False
pie,0.110068254,0.77683985,0.9123552440863567,1.0,False
Ids,0.109941594,0.32888693,0.9124556920511316,1.0,False
Rpn13R,0.109804675,0.8402026,0.9125642860188822,1.0,False
CG3520,0.1096763,0.24680561,0.9126660943465452,1.0,False
Nepl15,0.10967288,0.5789747,0.9126688092549116,1.0,False
Sur,0.109654054,1.2817488,0.9126837412691442,1.0,False
Mthfs,0.10964549,0.3753473,0.9126905285585319,1.0,False
Tsp29Fb,0.10961811,0.77901495,0.9127122479273684,1.0,False
LKRSDH,0.1096164,0.78323585,0.9127136053900857,1.0,False
CG6749,0.109614685,2.3051374,0.9127149628530576,1.0,False
Cyp12c1,0.109611265,0.9039421,0.9127176777797656,1.0,False
dx,0.109594144,1.2304226,0.9127312524285852,1.0,False
CapaR,0.10959244,0.47650543,0.9127326098948677,1.0,False
asRNA:CR44894,0.10958216,1.2304065,0.9127407546979097,1.0,False
Pzl,0.10957874,0.3175652,0.912743469634294,1.0,False
CG33172,0.10957874,0.35648707,0.912743469634294,1.0,False
Cyp6a9,0.10956848,0.9471516,0.9127516144495569,1.0,False
TTLL3B,0.10956163,1.7009388,0.9127570443314903,1.0,False
lncRNA:CR45290,0.109559916,1.6030191,0.91275840180261,1.0,False
CG12885,0.109556496,4.060227,0.9127611167456133,1.0,False
lncRNA:CR44855,0.109556496,0.99925023,0.9127611167456133,1.0,False
Polr2D,0.10955307,0.9284211,0.9127638316896346,1.0,False
Ugt302K1,0.109551355,1.2109488,0.9127651891620272,1.0,False
CG34450,0.109547935,2.5015364,0.9127679041075757,1.0,False
RYa,0.10954622,1.9977278,0.9127692615807318,1.0,False
lncRNA:CR45321,0.10954109,20.395979,0.9127733340017272,1.0,False
lncRNA:CR42746,0.10954109,1.2804134,0.9127733340017272,1.0,False
ACXB,0.10954109,20.765503,0.9127733340017272,1.0,False
CG5853,0.109539375,1.3153654,0.9127746914759013,1.0,False
asRNA:CR33945,0.10953082,0.8120295,0.9127814788505896,1.0,False
mei-218,0.10952911,0.74524844,0.9127828363262906,1.0,False
CG3288,0.10952911,2.3724246,0.9127828363262906,1.0,False
Sgp,0.10952568,2.2983525,0.9127855512784564,1.0,False
spd-2,0.10952055,0.73638916,0.9127896237086135,1.0,False
stw,0.10951884,0.41046888,0.9127909811858415,1.0,False
lncRNA:CR45200,0.10950857,0.78333217,0.9127991260545528,1.0,False
CG8736,0.10950515,1.3010215,0.9128018410128255,1.0,False
nAChRbeta3,0.10950343,1.1390083,0.9128031984923434,1.0,False
asRNA:CR44340,0.109496586,0.27634192,0.9128086284129595,1.0,False
lncRNA:CR45444,0.10949487,0.39712575,0.9128099858937495,1.0,False
CG12640,0.10948632,0.7349117,0.9128167733015158,1.0,False
CG12857,0.109484605,0.81114805,0.9128181307838321,1.0,False
LanA,0.109481186,0.7034841,0.9128208457492281,1.0,False
RpS5b,0.10945893,0.31677663,0.9128384930491018,1.0,False
fit,0.10944353,0.7890841,0.9128507104357312,1.0,False
CG42494,0.10943668,0.38613647,0.9128561403919558,1.0,False
Cchl,0.10943668,-0.070578925,0.9128561403919558,1.0,False
CG9967,0.10943155,0.23570833,0.9128602128617942,1.0,False
Cyp317a1,0.10942299,0.5437986,0.9128670003166099,1.0,False
trbl,0.109421276,0.45021856,0.9128683578083359,1.0,False
lncRNA:CR44844,0.10941957,0.16171916,0.912869715300316,1.0,False
CG14075,0.10941614,0.32793042,0.912872430285039,1.0,False
Nha1,0.10941443,0.29748654,0.9128737877777817,1.0,False
CG5245,0.10941101,0.24903528,0.91287650276403,1.0,False
Cyp28c1,0.10936479,0.47723958,0.9129131551778926,1.0,False
CG14892,0.10935795,0.23686245,0.912918585180888,1.0,False
TrpA1,0.109354526,0.24795231,0.9129213001839102,1.0,False
lncRNA:CR45237,0.10930147,0.26034966,0.9129633828606982,1.0,False
CG33155,0.10929291,0.1482592,0.912970170412072,1.0,False
Dic61B,0.10925697,0.2059401,0.9129986781971616,1.0,False
CG12836,0.109212466,0.19242983,0.9130339737052331,1.0,False
PH4alphaNE1,0.109149136,0.13774738,0.9130842022239939,1.0,False
Sp7,0.109073825,0.0460774,0.9131439338874111,1.0,False
uri,0.109058425,0.08297614,0.9131561517881114,1.0,False
naz,0.10903104,0.11294391,0.913177872551146,1.0,False
Cln3,0.10890267,0.023523582,0.9132796894921286,1.0,False
Cyt-b5-r,0.10887528,-0.054290567,0.913301410623811,1.0,False
CG7376,0.10885132,0.034387752,0.9133204166671599,1.0,False
RunxB,0.108635664,-0.085986584,0.9134914732868215,1.0,False
CG14286,0.10859972,0.053691484,0.9135199831132724,1.0,False
CG33080,0.108596295,0.023582203,0.9135226983406437,1.0,False
ctg,0.10859116,-0.1934896,0.9135267711835934,1.0,False
asRNA:CR45126,0.10854837,-0.048615742,0.9135607116298119,1.0,False
Ir76a,0.108532965,-0.041778073,0.9135729302290451,1.0,False
CG3700,0.10848333,0.07973856,0.9136123014099644,1.0,False
CG9512,0.10845595,-0.095338136,0.9136340235315721,1.0,False
Kyat,0.10835839,-0.086939275,0.9137114091140132,1.0,False
lncRNA:CR44663,0.10822317,-0.020372478,0.9138186641684809,1.0,False
NitFhit,0.10815642,0.014132936,0.9138716134450425,1.0,False
CG33958,0.10798355,-0.045888603,0.9140087402709366,1.0,False
Galk,0.10786032,0.016884593,0.9141064956108661,1.0,False
dmrt99B,0.10782438,-0.052913036,0.9141350078298384,1.0,False
CG10959,0.10718082,-0.028414654,0.9146455309886256,1.0,False
Adgf-D,0.10692751,-0.06272542,0.9148464912639913,1.0,False
IntS8,0.106891565,-0.09882721,0.9148750063389315,1.0,False
CG12093,0.10641232,-0.0716524,0.9152552177924864,1.0,False
Oxt,0.10632503,-0.08277241,0.9153244726830322,1.0,False
ICA69,0.10627026,-0.073926315,0.9153679270602159,1.0,False
CG11334,0.105924524,-0.023837404,0.9156422386484732,1.0,False
CG5114,0.105758496,-0.03468158,0.9157739661022806,1.0,False
CG17027,0.10573967,-0.14359042,0.9157889044132306,1.0,False
ocm,0.105676346,-0.10086755,0.9158391516773745,1.0,False
CG15439,0.104846224,-0.108687855,0.9164978292670138,1.0,False
udd,0.10420439,-0.11362879,0.9170071553870338,1.0,False
Mtch,0.10372856,-0.10967731,0.9173847578171215,1.0,False
Zn72D,0.10359677,-0.10484656,0.9174893488401527,1.0,False
MED25,0.10342733,-0.10279135,0.917623825110671,1.0,False
CG14868,0.103364,-0.07686828,0.9176740845240519,1.0,False
Gpb5,0.10246542,-0.10205166,0.9183872602072538,1.0,False
CG15387,0.102126524,-0.11765795,0.9186562464059537,1.0,False
l(2)k10201,0.10173457,-0.082598075,0.9189673582137137,1.0,False
Hmgcr,0.101424776,-0.061613016,0.9192132675930403,1.0,False
CG9886,0.10141109,-0.049480494,0.9192241366943614,1.0,False
CG7550,0.10112183,-0.16228819,0.9194537499836956,1.0,False
Fntb,0.10109615,-0.056330357,0.9194741301862434,1.0,False
nudC,0.10090274,-0.0442238,0.9196276627447374,1.0,False
B52,0.1008514,0.02005324,0.9196684241045395,1.0,False
Rassf,0.100690514,-0.016194513,0.9197961443982993,1.0,False
ppl,0.100500524,-0.08937133,0.9199469657070116,1.0,False
kek4,0.10024379,-0.12588277,0.92015078286056,1.0,False
CG15812,0.1000675,-0.061115373,0.9202907403444482,1.0,False
CG15602,0.09972176,-0.07797327,0.9205652272353814,1.0,False
spz,0.09911757,0.054446757,0.9210449225717744,1.0,False
Mgat3,0.09897893,0.022238437,0.9211549983647198,1.0,False
Pgant5,0.0987239,-0.10674154,0.9213574874086715,1.0,False
Hsl,0.09830457,-0.09209316,0.9216904502696469,1.0,False
RpLP0-like,0.09769696,-0.09155715,0.9221729309980109,1.0,False
CG6654,0.0974967,-0.15787673,0.9223319520572998,1.0,False
CG17739,0.09685315,-0.24824041,0.9228430150839829,1.0,False
CG9581,0.096562184,-0.06664473,0.9230740912840746,1.0,False
Fbl6,0.09627977,-0.12925483,0.9232983773344308,1.0,False
Ipo9,0.09620104,0.18003605,0.9233609066545035,1.0,False
Pex5,0.09611888,-0.123949826,0.9234261551456048,1.0,False
bgm,0.09605042,0.8405603,0.9234805292818025,1.0,False
Ski6,0.09602817,0.08521998,0.9234982009530663,1.0,False
l(3)72Dr,0.09600592,0.35045624,0.9235158726620889,1.0,False
frm,0.09594773,0.8822135,0.923562091156447,1.0,False
Dnaaf3,0.09592376,0.62496287,0.9235811223761998,1.0,False
Pez,0.09591691,0.79636806,0.9235865598755929,1.0,False
mtsh,0.095906645,1.6400827,0.9235947161313774,1.0,False
Fpgs1,0.0958998,0.29333586,0.9236001536396967,1.0,False
CG10562,0.09589295,0.6389907,0.923605591151586,1.0,False
CG8191,0.095886104,1.4341849,0.9236110286670451,1.0,False
CCHa2-R,0.09587755,0.09682602,0.9236178255663887,1.0,False
CG42578,0.09586899,0.83277714,0.9236246224713092,1.0,False
CG15021,0.09586214,1.3181424,0.9236300599992606,1.0,False
lncRNA:CR44217,0.09586214,2.6450536,0.9236300599992606,1.0,False
Mst36Fa,0.09586214,4.451318,0.9236300599992606,1.0,False
CG11125,0.09585872,1.1151086,0.9236327787645746,1.0,False
lms,0.095855296,1.9686041,0.9236354975307808,1.0,False
CG33514,0.095851876,2.808171,0.923638216297879,1.0,False
CG13056,0.095851876,1.8906444,0.923638216297879,1.0,False
CG15614,0.095851876,1.8544652,0.923638216297879,1.0,False
snoRNA:Or-ACA9,0.095851876,1.7159457,0.923638216297879,1.0,False
asRNA:CR45601,0.095848456,20.38798,0.9236409350658693,1.0,False
CG34180,0.095848456,0.9203554,0.9236409350658693,1.0,False
5.8SrRNA-Psi:CR45849,0.095848456,20.577099,0.9236409350658693,1.0,False
CG43673,0.095848456,20.890364,0.9236409350658693,1.0,False
CG43448,0.095848456,20.397522,0.9236409350658693,1.0,False
lncRNA:CR43611,0.095848456,3.1085567,0.9236409350658693,1.0,False
tomb,0.09584503,1.0901006,0.9236436538347517,1.0,False
CG33234,0.09584503,1.3819466,0.9236436538347517,1.0,False
Ndg,0.09584503,1.6541382,0.9236436538347517,1.0,False
CG30039,0.09584161,1.0591518,0.923646372604526,1.0,False
CG4702,0.09584161,2.7315238,0.923646372604526,1.0,False
Gas8,0.09583476,2.3390749,0.9236518101467506,1.0,False
mir-4962,0.095831335,0.82219696,0.9236545289192007,1.0,False
CG7131,0.095827915,0.3367077,0.9236572476925429,1.0,False
CG13690,0.095827915,0.72428066,0.9236572476925429,1.0,False
CG14185,0.09582449,1.2107202,0.9236599664667767,1.0,False
dy,0.09582107,1.0266609,0.9236626852419025,1.0,False
CG15365,0.09581764,0.58999604,0.92366540401792,1.0,False
lncRNA:CR45938,0.09581764,0.655112,0.92366540401792,1.0,False
CG14105,0.09581422,0.90450054,0.9236681227948292,1.0,False
lncRNA:CR44450,0.09581422,0.9431842,0.9236681227948292,1.0,False
lncRNA:CR45251,0.09581422,0.48519424,0.9236681227948292,1.0,False
lncRNA:CR43423,0.09580737,0.8260068,0.923673560351323,1.0,False
CG31904,0.09580737,0.5268107,0.923673560351323,1.0,False
Oadh,0.09579026,0.6711166,0.9236871542581607,1.0,False
srp,0.09578341,0.57316333,0.9236925918271366,1.0,False
CG10031,0.09578341,0.5059065,0.9236925918271366,1.0,False
CG10208,0.09577999,0.22190668,0.9236953106129617,1.0,False
elg1,0.095776565,0.54292655,0.9236980293996783,1.0,False
Oseg6,0.095773146,0.3171798,0.9237007481872861,1.0,False
lncRNA:CR44718,0.095773146,0.6581023,0.9237007481872861,1.0,False
CG14285,0.09576972,0.35485634,0.9237034669757853,1.0,False
lncRNA:CR44218,0.0957663,0.29113546,0.9237061857651759,1.0,False
lectin-24Db,0.09573891,0.2434275,0.9237279361123838,1.0,False
ste24b,0.09573549,0.21684909,0.9237306549097948,1.0,False
CG7409,0.09572864,0.3080766,0.9237360925072897,1.0,False
Hf,0.095721796,0.21814528,0.9237415301083483,1.0,False
ldbr,0.095673874,0.16785416,0.9237795934155222,1.0,False
lncRNA:CR45187,0.095673874,0.17864576,0.9237795934155222,1.0,False
CG43789,0.09567045,0.21075366,0.9237823122298566,1.0,False
lncRNA:CR46204,0.095649906,0.21626331,0.9237986251345611,1.0,False
Pfas,0.095646486,0.14380239,0.9238013439551278,1.0,False
CG30414,0.09562937,0.28614986,0.9238149380713131,1.0,False
CG43103,0.09561568,0.053919025,0.9238258133802819,1.0,False
GluRS-m,0.09558829,0.09342684,0.9238475640409324,1.0,False
CG9518,0.09556091,0.040696546,0.9238693147585199,1.0,False
lncRNA:CR45597,0.09554893,0.12982333,0.9238788307153643,1.0,False
AOX3,0.09554037,0.086310074,0.9238856278340657,1.0,False
nopo,0.09552325,0.09049779,0.9238992220881405,1.0,False
Sema5c,0.09550614,0.08681141,0.9239128163644413,1.0,False
PGRP-LB,0.095495865,0.061947227,0.9239209729408886,1.0,False
CG9263,0.09543425,0.0655013,0.9239699125675239,1.0,False
CG3345,0.09540002,0.076548316,0.9239971013733507,1.0,False
ana3,0.09539659,-0.09745369,0.9239998202588173,1.0,False
CG31710,0.09537092,0.08781627,0.9240202119281161,1.0,False
Gart,0.09531786,-0.0075520957,0.9240623548695397,1.0,False
lncRNA:CR44050,0.09530417,0.0020196086,0.9240732305019299,1.0,False
Rtel1,0.095211744,0.01748781,0.9241466413916807,1.0,False
Dbct,0.095081665,-0.05679458,0.9242499615159753,1.0,False
Ilp5,0.094746195,-0.07780122,0.9245164245718522,1.0,False
Syx4,0.094746195,0.0004667864,0.9245164245718522,1.0,False
Polr3A,0.09444838,-0.02873505,0.9247529856070273,1.0,False
CG43845,0.09433713,0.012729427,0.9248413578169422,1.0,False
Fbw5,0.09429605,-0.05196213,0.9248739877904981,1.0,False
Naam,0.09424984,-0.104618065,0.9249106966618238,1.0,False
MAN1,0.094225876,-0.09514462,0.9249297309543509,1.0,False
shg,0.09348476,-0.07791909,0.9255184555968374,1.0,False
CG8389,0.093404315,0.012989231,0.9255823611933478,1.0,False
e(y)2b,0.09279157,-0.12643544,0.9260691472104816,1.0,False
TBC1D5,0.09233972,-0.14387627,0.9264281356460079,1.0,False
Vinc,0.091971725,-0.23713136,0.9267205047221593,1.0,False
gdl,0.09170814,-0.11947969,0.9269299286566496,1.0,False
Vps16B,0.09161914,-0.011285177,0.9270006443759413,1.0,False
tgo,0.09160373,-0.14017801,0.9270128836936034,1.0,False
Pmm2,0.09157977,-0.027652724,0.9270319226665159,1.0,False
caps,0.091521576,-0.121493965,0.9270781603460804,1.0,False
Ostm1,0.09133159,-0.06306087,0.9272291144840764,1.0,False
CG5188,0.09132475,-0.0704823,0.9272345543217613,1.0,False
VhaM9.7-c,0.09110053,-0.11168659,0.927412710884153,1.0,False
mRpL21,0.09094649,-0.08700879,0.927535110631883,1.0,False
l(2)k09848,0.09052373,-0.044021484,0.9278710387418488,1.0,False
CG3500,0.08929653,-0.11775553,0.928846254895249,1.0,False
Tbp,0.08870945,-0.054050367,0.9293128187755382,1.0,False
Sin1,0.088166885,-0.19182512,0.929744037906846,1.0,False
Prp19,0.08748225,-0.045126848,0.9302881924154764,1.0,False
CG10747,0.087420635,-0.065364175,0.9303371679236613,1.0,False
Ttc7,0.087293975,-0.09717215,0.9304378406298749,1.0,False
hng1,0.08726831,-0.052582823,0.9304582473952444,1.0,False
Tsp26A,0.08721353,-0.10359565,0.930501781980827,1.0,False
Ube4A,0.08703895,-0.10106214,0.9306405498595873,1.0,False
eIF3b,0.08691058,-0.13120542,0.9307425864100579,1.0,False
subdued,0.08652719,-0.055486508,0.9310473423448381,1.0,False
Spps,0.08619001,-0.1433054,0.9313153726624461,1.0,False
Hibch,0.085380435,-0.06013626,0.9319589492831887,1.0,False
LSm3,0.085021004,0.10134989,0.932244695260152,1.0,False
Ccdc58,0.08389307,-0.14662194,0.9331414498779244,1.0,False
CG13531,0.083833165,0.14403412,0.9331890795928455,1.0,False
AlaRS-m,0.083430946,0.041063003,0.9335088852937187,1.0,False
CG4611,0.08332483,0.102892235,0.9335932613550758,1.0,False
prt,0.08272577,-0.19269912,0.9340695917968928,1.0,False
MED17,0.08265902,0.08043507,0.9341226700824163,1.0,False
HGTX,0.08263335,0.4001477,0.9341430848856128,1.0,False
CG8042,0.08257858,-0.084997855,0.9341866366105005,1.0,False
Uhg8,0.08248615,0.34833273,0.9342601305928471,1.0,False
lncRNA:CR45641,0.082443364,0.561873,0.934294155774459,1.0,False
mmy,0.08241426,-0.09996098,0.9343172929665207,1.0,False
dimm,0.082328685,0.89290506,0.9343853438529057,1.0,False
nclb,0.08232184,0.064006746,0.9343907879445358,1.0,False
CG16734,0.082282476,0.13338536,0.9344220915309452,1.0,False
CG7208,0.082249954,1.2219296,0.9344479510918519,1.0,False
gcm2,0.082249954,0.9105124,0.9344479510918519,1.0,False
CG3603,0.08224482,0.6871142,0.9344520341867396,1.0,False
asRNA:CR45195,0.08223455,0.75397366,0.9344602003816881,1.0,False
CG14257,0.08223455,0.9933793,0.9344602003816881,1.0,False
CG7800,0.08223113,0.7448578,0.9344629224482034,1.0,False
Pkcdelta,0.08222599,2.2336445,0.9344670055494132,1.0,False
CG34234,0.08222599,0.3606653,0.9344670055494132,1.0,False
CG14695,0.08221743,0.54979444,0.9344738107219269,1.0,False
CG6362,0.082210585,2.0051327,0.9344792548633856,1.0,False
CG17834,0.08220374,0.81796676,0.9344846990079082,1.0,False
Tig,0.08220374,2.0294404,0.9344846990079082,1.0,False
CG12206,0.08220032,1.8777049,0.9344874210813185,1.0,False
exp,0.082195185,1.3588055,0.9344915041928703,1.0,False
CG11626,0.082195185,1.4693907,0.9344915041928703,1.0,False
vnd,0.08219347,1.7034906,0.9344928652304371,1.0,False
CG31370,0.082190044,0.30440256,0.9344955873061452,1.0,False
Elba2,0.08218834,1.1061876,0.9344969483442864,1.0,False
RhoU,0.082186624,1.1489067,0.9344983093826192,1.0,False
CG31659,0.08218149,0.74138135,0.9345023924987661,1.0,False
CG42703,0.08217636,2.9267364,0.9345064756166359,1.0,False
Theg,0.08217636,1.2500287,0.9345064756166359,1.0,False
CG15412,0.08217293,2.7051961,0.934509197696173,1.0,False
CG12011,0.0821678,0.5018651,0.9345132808169142,1.0,False
Strica,0.0821678,4.7543387,0.9345132808169142,1.0,False
Idgf5,0.08216438,1.1944145,0.9345160028983654,1.0,False
halo,0.08216438,1.2426503,0.9345160028983654,1.0,False
lncRNA:CR44138,0.08216438,3.578693,0.9345160028983654,1.0,False
Fmo-2,0.08216438,1.840094,0.9345160028983654,1.0,False
Osi4,0.08216438,3.2591355,0.9345160028983654,1.0,False
Dera,0.08216266,0.36711195,0.9345173639393782,1.0,False
lncRNA:CR44657,0.08216266,0.74406505,0.9345173639393782,1.0,False
CG13053,0.08216266,2.4116354,0.9345173639393782,1.0,False
CG8160,0.082159236,1.4322916,0.9345200860219779,1.0,False
CG34025,0.082159236,2.3685231,0.9345200860219779,1.0,False
neb,0.082159236,1.0519292,0.9345200860219779,1.0,False
CycA,0.08215753,0.9835298,0.9345214470635648,1.0,False
betaNACtes6,0.082155816,20.2509,0.9345228081053432,1.0,False
CG17190,0.082155816,20.369047,0.9345228081053432,1.0,False
CG17329,0.082155816,20.124819,0.9345228081053432,1.0,False
Traf4,0.082155816,1.3962827,0.9345228081053432,1.0,False
CG16713,0.082155816,20.056278,0.9345228081053432,1.0,False
CG15322,0.0821541,1.5998735,0.9345241691473128,1.0,False
CG32694,0.0821524,1.3555759,0.9345255301894739,1.0,False
CG2533,0.08215068,2.4616294,0.9345268912318263,1.0,False
mesh,0.08214897,1.5901338,0.9345282522743702,1.0,False
lncRNA:CR44017,0.082147256,1.334134,0.9345296133171054,1.0,False
CG10993,0.082147256,1.40056,0.9345296133171054,1.0,False
lncRNA:CR44499,0.08214555,1.3352226,0.9345309743600319,1.0,False
Cyp18a1,0.082143836,1.1893908,0.9345323354031498,1.0,False
asRNA:CR45152,0.08214212,0.95057565,0.9345336964464591,1.0,False
CtsK2,0.08213699,1.359304,0.934537779577535,1.0,False
Cyp6d4,0.082135275,1.4530362,0.9345391406216097,1.0,False
CG8089,0.08213014,0.46248445,0.9345432237549817,1.0,False
aurB,0.08212843,0.91436315,0.9345445847998217,1.0,False
Nep6,0.08212672,1.1582249,0.934545945844853,1.0,False
asRNA:CR44969,0.08212672,0.51594514,0.934545945844853,1.0,False
CG7408,0.08212501,0.49881166,0.9345473068900756,1.0,False
Jhbp1,0.08212501,0.616375,0.9345473068900756,1.0,False
CG34195,0.08211645,0.36286986,0.9345541121190584,1.0,False
lncRNA:CR44568,0.08211645,0.86527187,0.9345541121190584,1.0,False
ms(3)76Ba,0.08211645,0.59949577,0.9345541121190584,1.0,False
CG5397,0.08211303,0.76972497,0.9345568342119905,1.0,False
CG46335,0.08210105,0.5872328,0.9345663615432784,1.0,False
CG3097,0.08210105,0.16921087,0.9345663615432784,1.0,False
lncRNA:CR44384,0.08209077,0.26571304,0.9345745278346986,1.0,False
Gba1b,0.08208907,0.5329023,0.934575888883938,1.0,False
CG43351,0.08208735,0.46519527,0.9345772499333687,1.0,False
CG33293,0.08208393,0.3268087,0.9345799720328035,1.0,False
BomS2,0.08206681,0.36882448,0.9345935825414504,1.0,False
CycB3,0.08206339,0.31376606,0.934596304645474,1.0,False
sav,0.08206168,0.1340117,0.9345976656977726,1.0,False
CG34334,0.08204285,0.31641427,0.9346126372856731,1.0,False
Vkor,0.08203772,0.19182473,0.9346167204500234,1.0,False
CG8560,0.082017176,0.14000551,0.9346330531246236,1.0,False
Boot,0.08201547,0.20089476,0.9346344141820823,1.0,False
CG12535,0.08201204,0.19401434,0.9346371362975728,1.0,False
lncRNA:CR46083,0.08200862,0.104344666,0.9346398584138277,1.0,False
snoRNA:CG32479-a,0.08200691,0.15989628,0.9346412194722415,1.0,False
NimB2,0.081993215,0.2119469,0.9346521079464303,1.0,False
mdy,0.08197439,0.30489254,0.9346670796183998,1.0,False
CG42369,0.08195899,0.17506427,0.93467932918538,1.0,False
Cks30A,0.08194358,0.08780926,0.9346915787678255,1.0,False
asRNA:CR45185,0.08191106,-0.16220804,0.9347174390482068,1.0,False
Tkt,0.08188196,-0.17053027,0.9347405772522023,1.0,False
Ugt317A1,0.0818734,-0.058685258,0.9347473826168108,1.0,False
Aldh7A1,0.08184089,0.10052558,0.9347732430458056,1.0,False
CG31759,0.08182891,0.08097492,0.9347827705896284,1.0,False
GluRIIA,0.081784405,0.032227773,0.9348181586913107,1.0,False
asRNA:CR46104,0.08177413,0.101229385,0.9348263251946073,1.0,False
CG13203,0.08177071,0.04325661,0.9348290473638968,1.0,False
CG10366,0.081741616,-0.09495466,0.9348521858336196,1.0,False
arx,0.081712514,0.02116301,0.9348753243583756,1.0,False
CG15539,0.08169883,-0.025047967,0.9348862130949449,1.0,False
lncRNA:CR32111,0.08169027,0.06347195,0.9348930185614865,1.0,False
sev,0.08167144,0.06478192,0.9349079906046243,1.0,False
NHP2,0.08166117,-0.07255519,0.9349161571833123,1.0,False
CG42514,0.08147803,0.04747239,0.9350617956525384,1.0,False
Gcn5,0.08141641,-0.099148884,0.9351107960001717,1.0,False
lncRNA:CR45267,0.08135822,0.008605824,0.9351570743319843,1.0,False
Vha100-2,0.0813257,-0.097995356,0.9351829358481459,1.0,False
CG15098,0.08128805,-0.12591569,0.9352128808470426,1.0,False
vri,0.081267506,-0.04709551,0.9352292145214398,1.0,False
CG34208,0.08122985,-0.09794464,0.9352591596619723,1.0,False
Ntmt,0.08122814,-0.0111947525,0.9352605208069004,1.0,False
CG9536,0.08110662,-0.104873426,0.9353571625802493,1.0,False
Rad9,0.08097996,-0.07326744,0.9354578888225411,1.0,False
CG6204,0.08097996,-0.009378665,0.9354578888225411,1.0,False
Smyd5,0.080956,0.025588203,0.9354769452549159,1.0,False
mal,0.08094915,-0.025179803,0.9354823899566704,1.0,False
Polr3G,0.08094402,0.013770847,0.9354864734849666,1.0,False
CG11035,0.080896094,-0.044325825,0.9355245864975603,1.0,False
asRNA:CR45620,0.08086529,-0.11163795,0.9355490877979737,1.0,False
Dcr-1,0.08043226,-0.021292225,0.935893473635047,1.0,False
Gfr,0.07989653,-0.12985116,0.9363195485949571,1.0,False
Tgi,0.07985546,-0.10107323,0.9363522196337797,1.0,False
Cpsf160,0.079499446,-0.061763015,0.9366353731203115,1.0,False
Cog6,0.07938135,-0.12503299,0.9367293056161736,1.0,False
Ranbp21,0.0790938,-0.024108313,0.9369580145031255,1.0,False
gig,0.07879941,-0.0151818255,0.937192174228456,1.0,False
scro,0.07866933,-0.13305697,0.9372956418851877,1.0,False
GstD11,0.07811649,-0.059108347,0.9377353912177508,1.0,False
CG34163,0.07779129,-0.09827626,0.9379940761757071,1.0,False
Tsc1,0.07763382,-0.09462203,0.9381193365085997,1.0,False
CG15772,0.07750374,-0.08189382,0.9382228135908732,1.0,False
CG8152,0.07741816,-0.0510817,0.9382908911877286,1.0,False
Cog3,0.07702279,-0.058846418,0.9386054155329351,1.0,False
TfIIEalpha,0.07648535,-0.103601575,0.9390329661396133,1.0,False
Tnks,0.07578703,-0.117538124,0.9395885358396138,1.0,False
Rrp47,0.07571857,-0.11858054,0.9396430050442883,1.0,False
Pmvk,0.07527356,0.062845625,0.939997061745987,1.0,False
Mrtf,0.07526671,-0.1400101,0.9400025088649818,1.0,False
CG5466,0.07516744,-0.14122576,0.9400814924057033,1.0,False
CG18324,0.075069875,-0.14416519,0.940159114735466,1.0,False
PDCD-5,0.07490899,-0.07513284,0.9402871247312625,1.0,False
mRpL39,0.07482512,-0.053936895,0.9403538539580198,1.0,False
Trs31,0.07407031,-0.09156302,0.9409544357867157,1.0,False
Prp31,0.07300571,-0.15318179,0.9418015719196698,1.0,False
Mulk,0.072509356,0.06527301,0.9421965614909799,1.0,False
SF2,0.07110928,-0.07495259,0.9433107807757544,1.0,False
CG8679,0.07067454,0.19851658,0.9436567835202094,1.0,False
Ak6,0.07064716,-0.11404755,0.9436785793252909,1.0,False
CG31126,0.06968354,-0.107229345,0.9444455459459745,1.0,False
CG18870,0.069442205,-0.14651783,0.9446376362645896,1.0,False
RanGAP,0.06896125,0.058334652,0.9450204641487663,1.0,False
Art7,0.06880721,0.06550142,0.9451430807507532,1.0,False
mad2,0.068671994,0.37244958,0.9452507119503459,1.0,False
CG42266,0.06863091,0.42965728,0.9452834102343167,1.0,False
nol,0.06862749,0.51217717,0.9452861350954761,1.0,False
lab,0.06862407,0.5380103,0.9452888599572756,1.0,False
dpa,0.06861038,0.2549972,0.9452997594108744,1.0,False
asRNA:CR43481,0.06860353,0.43819088,0.9453052091415137,1.0,False
CG13287,0.06858984,1.1946365,0.9453161086104711,1.0,False
Pdha2,0.06857957,0.40992907,0.9453242832189069,1.0,False
lectin-46Cb,0.068565875,0.45015383,0.9453351827057769,1.0,False
Oseg1,0.06855903,0.48384532,0.9453406324530493,1.0,False
lncRNA:CR44951,0.06854876,0.72923195,0.9453488070787541,1.0,False
CG44006,0.06853164,1.0736845,0.9453624314677165,1.0,False
CG12278,0.06852822,0.6017588,0.9453651563474268,1.0,False
CG6000,0.0685248,1.2762958,0.9453678812277763,1.0,False
Cep290,0.0685248,0.49528426,0.9453678812277763,1.0,False
GstO3,0.06852137,0.06647446,0.945370606108765,1.0,False
asRNA:CR46005,0.068511106,0.7787478,0.9453787807555658,1.0,False
CG45081,0.06850426,0.8130579,0.9453842305232951,1.0,False
CG31769,0.06850426,1.2428854,0.9453842305232951,1.0,False
CG15544,0.06850426,1.7210399,0.9453842305232951,1.0,False
lncRNA:CR44974,0.06849399,2.1083913,0.9453924051796813,1.0,False
NimC4,0.06848372,0.7262553,0.9454005798418175,1.0,False
Irk1,0.06848372,0.35726523,0.9454005798418175,1.0,False
fzr2,0.0684803,1.8191279,0.9454033047304738,1.0,False
CG14505,0.0684803,0.6734161,0.9454033047304738,1.0,False
His2B:CG17949,0.0684803,0.82489985,0.9454033047304738,1.0,False
gny,0.068478584,0.10103435,0.9454046671750416,1.0,False
CG13437,0.06847687,1.5499237,0.9454060296197689,1.0,False
CG7458,0.06847687,2.5099485,0.9454060296197689,1.0,False
ver,0.06847687,0.10896814,0.9454060296197689,1.0,False
Zasp66,0.06847687,0.85967654,0.9454060296197689,1.0,False
CG42750,0.06847687,-0.043136824,0.9454060296197689,1.0,False
PolA1,0.06847345,4.649417,0.9454087545097029,1.0,False
asRNA:CR45943,0.06847345,0.6673571,0.9454087545097029,1.0,False
Gr32a,0.06847345,1.185443,0.9454087545097029,1.0,False
CG32284,0.06847345,4.362304,0.9454087545097029,1.0,False
CG18327,0.068466604,0.2679643,0.9454142042914866,1.0,False
ACXD,0.068466604,1.9622636,0.9454142042914866,1.0,False
Obp56h,0.068466604,2.7999358,0.9454142042914866,1.0,False
CG15221,0.068466604,1.3954437,0.9454142042914866,1.0,False
nenya,0.068463184,2.0376763,0.9454169291833365,1.0,False
lncRNA:CR45436,0.068463184,19.295584,0.9454169291833365,1.0,False
CG3397,0.068463184,19.775867,0.9454169291833365,1.0,False
ms(3)76Cc,0.068463184,19.650581,0.9454169291833365,1.0,False
CG14079,0.068463184,19.844748,0.9454169291833365,1.0,False
lncRNA:CR44170,0.068463184,20.12214,0.9454169291833365,1.0,False
sisRNA:CR46357,0.068463184,2.7000906,0.9454169291833365,1.0,False
lncRNA:CR45670,0.068463184,1.9451512,0.9454169291833365,1.0,False
Ir25a,0.068463184,1.9701877,0.9454169291833365,1.0,False
dgt5,0.068463184,20.1844,0.9454169291833365,1.0,False
lncRNA:CR44281,0.068463184,19.828173,0.9454169291833365,1.0,False
CG5506,0.068463184,20.880068,0.9454169291833365,1.0,False
lncRNA:CR45517,0.068463184,2.464641,0.9454169291833365,1.0,False
CG13258,0.068463184,19.91198,0.9454169291833365,1.0,False
asRNA:CR46136,0.068463184,2.455726,0.9454169291833365,1.0,False
exex,0.06845976,0.29571834,0.945419654075825,1.0,False
l(2)03659,0.06845976,2.4556549,0.945419654075825,1.0,False
CG8249,0.06845976,0.36450335,0.945419654075825,1.0,False
bez,0.06845976,1.5548776,0.945419654075825,1.0,False
CG34437,0.06845976,1.6630791,0.945419654075825,1.0,False
CG13482,0.06845634,0.43017298,0.9454223789689521,1.0,False
lncRNA:CR44472,0.06845634,1.3645778,0.9454223789689521,1.0,False
alpha-Est10,0.06845634,1.131947,0.9454223789689521,1.0,False
asRNA:CR43460,0.06845634,2.057599,0.9454223789689521,1.0,False
CG18547,0.06845634,0.6237927,0.9454223789689521,1.0,False
Ilp1,0.06845291,0.9025954,0.9454251038627177,1.0,False
Muc91C,0.06844949,1.0445502,0.9454278287571218,1.0,False
ro,0.06844949,0.99114233,0.9454278287571218,1.0,False
CG32641,0.06844606,0.65636,0.9454305536521643,1.0,False
lncRNA:CR43859,0.06844606,0.5646338,0.9454305536521643,1.0,False
asRNA:CR46044,0.06844606,1.1346605,0.9454305536521643,1.0,False
CG7794,0.06844606,0.79654056,0.9454305536521643,1.0,False
lncRNA:CR32730,0.06844264,0.9523737,0.9454332785478454,1.0,False
Incenp,0.06844264,0.47823516,0.9454332785478454,1.0,False
CG14877,0.06844264,0.573218,0.9454332785478454,1.0,False
CG34201,0.06844264,0.6601712,0.9454332785478454,1.0,False
emp,0.068439215,0.565846,0.9454360034441649,1.0,False
tfc,0.068435796,0.19009924,0.9454387283411227,1.0,False
Ada,0.06842895,0.5218285,0.9454441781369535,1.0,False
CG43813,0.06842895,0.6010417,0.9454441781369535,1.0,False
CG2736,0.06842895,0.69427013,0.9454441781369535,1.0,False
CG10337,0.06842895,0.5404594,0.9454441781369535,1.0,False
CG9018,0.068423815,-0.13672708,0.945448265485502,1.0,False
TwdlE,0.0684221,0.29447055,0.9454496279353373,1.0,False
CG4914,0.0684221,0.6880711,0.9454496279353373,1.0,False
frma,0.06841868,0.7735339,0.9454523528354866,1.0,False
CG31777,0.068415254,0.36286327,0.945455077736274,1.0,False
ss,0.068415254,0.38099253,0.945455077736274,1.0,False
Tim10,0.068415254,0.3989012,0.945455077736274,1.0,False
Cpr47Eg,0.068415254,0.5869394,0.945455077736274,1.0,False
Dysb,0.06840841,0.202558,0.9454605275397635,1.0,False
CG2961,0.06840499,0.22962022,0.9454632524424653,1.0,False
CG12910,0.06840156,0.17204194,0.9454659773458053,1.0,False
Mlh1,0.06839814,0.1627814,0.9454687022497833,1.0,False
GstE4,0.06839129,0.29092264,0.9454741520596532,1.0,False
tous,0.06836562,0.22280547,0.94549458886939,1.0,False
asRNA:CR45891,0.068360485,0.17528555,0.9454986762356422,1.0,False
NimB5,0.068357065,0.24914365,0.9455014011472741,1.0,False
Cyp6t1,0.06835364,0.27688083,0.9455041260595436,1.0,False
GNBP3,0.06834337,0.1073772,0.9455123008001776,1.0,False
CG43394,0.068336524,0.10206134,0.9455177506304545,1.0,False
CG34409,0.068336524,0.1412623,0.9455177506304545,1.0,False
Ets98B,0.068336524,0.112733476,0.9455177506304545,1.0,False
CG42534,0.068336524,0.11816002,0.9455177506304545,1.0,False
Mesh1,0.06832796,0.04496074,0.945524562921886,1.0,False
MFS10,0.06832283,0.005453338,0.9455286502986571,1.0,False
Samuel,0.06831941,0.04883585,0.9455313752173011,1.0,False
Kaz1-ORFB,0.068309136,0.047730178,0.9455395499770566,1.0,False
SmydA-1,0.06827833,0.08348917,0.9455640742907272,1.0,False
lncRNA:CR44408,0.068257794,-0.14036252,0.9455804238618357,1.0,False
CG43219,0.06824581,0.1438696,0.9455899611222347,1.0,False
Faa,0.0682441,0.023379209,0.9455913235886425,1.0,False
CG30053,0.06822014,0.060327213,0.9456103981350613,1.0,False
yuri,0.068209864,0.05502448,0.9456185729502152,1.0,False
lncRNA:CR44993,0.06819618,-0.06009205,0.9456294727126612,1.0,False
Ir68a,0.06818762,0.10086891,0.9456362850693586,1.0,False
lncRNA:CR44943,0.06816194,-0.11480145,0.9456567221633005,1.0,False
CG31262,0.068134554,0.06437045,0.9456785217695919,1.0,False
C901,0.06801475,-0.18031178,0.945773895525157,1.0,False
alka,0.06794115,-0.08927749,0.9458324826461503,1.0,False
asRNA:CR44843,0.06791548,-0.0019817771,0.9458529200828761,1.0,False
Mnat9,0.067898355,-0.10047763,0.9458665450604917,1.0,False
HIPP1,0.067879535,-0.10594507,0.9458815325541571,1.0,False
Achl,0.06786755,0.0021025133,0.945891070060099,1.0,False
Tsp42Ed,0.06786071,-0.09968989,0.9458965200669764,1.0,False
S-Lap1,0.06785215,-0.21365759,0.9459033325791338,1.0,False
PolD1,0.06769126,-0.021228796,0.9460314085434043,1.0,False
CG15186,0.067686126,0.023008483,0.9460354960971651,1.0,False
CG17292,0.06764504,-0.08162272,0.9460681965783847,1.0,False
CG16789,0.06741227,-0.004738026,0.9462535010200308,1.0,False
CG14367,0.06737804,-0.04241131,0.9462807519187048,1.0,False
MED16,0.067078516,-0.069389865,0.9465191999596775,1.0,False
CG17652,0.06706653,-0.010573416,0.9465287379811087,1.0,False
CG3857,0.06703572,-0.013657302,0.946553264357121,1.0,False
GstE1,0.067018606,-0.21485049,0.946566890143461,1.0,False
CG34149,0.066840604,0.010118169,0.9467085992471953,1.0,False
Cdk5alpha,0.06683718,-0.10284961,0.9467113244388053,1.0,False
PNPase,0.066785835,-0.12955625,0.9467522023877578,1.0,False
CG32281,0.066441804,-0.056542702,0.9470260882564775,1.0,False
CG12106,0.06633397,-0.01937801,0.9471119343711616,1.0,False
Grd,0.06591122,-0.20311101,0.9474485115598832,1.0,False
CG14434,0.0658787,-0.15525107,0.9474744025020934,1.0,False
nito,0.06587356,-0.10735206,0.9474784905506713,1.0,False
CG13005,0.065728076,-0.19738077,0.9475943191679218,1.0,False
conu,0.06550557,-0.13939857,0.9477714709593925,1.0,False
Mitf,0.065384045,-0.15797982,0.9478682241824123,1.0,False
CG3566,0.06532414,-0.11381603,0.947915919716178,1.0,False
CG33116,0.06519235,-0.061033793,0.9480208505472141,1.0,False
RfC4,0.064867154,-0.0014022894,0.9482797746327828,1.0,False
fal,0.06428521,-0.062326815,0.9487431260845373,1.0,False
CG15653,0.06419108,-0.06406272,0.9488180816287907,1.0,False
Ho,0.06417054,-0.093243696,0.9488344356259337,1.0,False
Sec71,0.06407469,-0.12793322,0.9489107545641557,1.0,False
achi,0.06364851,-0.24669205,0.9492501069373194,1.0,False
Phf5a,0.06353383,-0.18539761,0.9493414201943298,1.0,False
Mrm2,0.06350645,-0.01692427,0.9493632264437106,1.0,False
Dpit47,0.06324629,-0.10271695,0.9495703877019956,1.0,False
mahj,0.062558234,-0.26174262,0.9501182911059589,1.0,False
CG1827,0.062094394,-0.06407665,0.9504876621974631,1.0,False
Cyp9c1,0.061794866,-0.09784006,0.9507261916231792,1.0,False
CG11970,0.060947634,-0.094529316,0.951400912977299,1.0,False
form3,0.06054884,-0.13886452,0.9517185211787523,1.0,False
Su(fu),0.060473528,-0.05518758,0.9517784995556047,1.0,False
Lst8,0.059799165,-0.07786202,0.9523155907917144,1.0,False
NSD,0.059792317,-0.12650833,0.9523210436060929,1.0,False
DCAF12,0.056536894,-0.13317944,0.9549141051546005,1.0,False
Spn42Da,0.056341775,0.04617708,0.9550695406813936,1.0,False
brn,0.055823166,0.1043655,0.9554826802407432,1.0,False
Vsx1,0.055768397,-0.18324646,0.9555263128416202,1.0,False
ais,0.05539527,-0.25787935,0.955823563474977,1.0,False
asRNA:CR45141,0.055369597,0.1434794,0.9558440167266005,1.0,False
Sting,0.05518988,0.6127605,0.955987190301317,1.0,False
lncRNA:CR44493,0.055181324,0.36617282,0.9559940081260471,1.0,False
Brf,0.0551334,-0.10692884,0.9560321880040199,1.0,False
Amnionless,0.054951973,0.35195222,0.9561767270265921,1.0,False
Fpgs2,0.054910894,0.8288038,0.9562094530432653,1.0,False
gt,0.05490747,0.0098183565,0.9562121802146543,1.0,False
tmn,0.054905757,0.35177553,0.9562135438005409,1.0,False
p38a,0.054866392,0.26889396,0.9562449063112942,1.0,False
CG3770,0.054845855,1.4668362,0.9562612693872768,1.0,False
Odc1,0.054823603,1.2340144,0.9562789960737252,1.0,False
DIP-iota,0.054811623,1.4104247,0.9562885412215394,1.0,False
CG13377,0.054806486,1.339559,0.9562926320010929,1.0,False
asRNA:CR44095,0.054804776,1.0033336,0.9562939955945333,1.0,False
Pos,0.054804776,1.2647613,0.9562939955945333,1.0,False
lncRNA:CR45745,0.054803066,0.5523889,0.9562953591881015,1.0,False
CG7460,0.05479622,1.9980046,0.9563008135636536,1.0,False
lncRNA:CR44197,0.05479622,0.9522423,0.9563008135636536,1.0,False
lncRNA:CR45593,0.05479108,1.3902204,0.9563049043466604,1.0,False
CG14006,0.05479108,1.6317308,0.9563049043466604,1.0,False
CG32548,0.05478595,1.890177,0.9563089951308182,1.0,False
Spn43Ad,0.05478595,0.95022804,0.9563089951308182,1.0,False
Karl,0.05478424,0.3605189,0.9563103587257932,1.0,False
lncRNA:CR44834,0.05478424,2.3445342,0.9563103587257932,1.0,False
mthl2,0.054782525,1.6337093,0.956311722320896,1.0,False
CG34112,0.054782525,1.798867,0.956311722320896,1.0,False
Mst36Fb,0.054782525,1.5672798,0.956311722320896,1.0,False
lncRNA:CR44496,0.054782525,0.44791892,0.956311722320896,1.0,False
Sodq,0.054780815,2.3404026,0.9563130859161267,1.0,False
CG13724,0.054780815,2.1776576,0.9563130859161267,1.0,False
CG44259,0.0547791,3.595741,0.9563144495114854,1.0,False
CG32115,0.0547791,0.9944706,0.9563144495114854,1.0,False
CG13599,0.0547791,1.4637111,0.9563144495114854,1.0,False
Ssl2,0.0547791,4.585274,0.9563144495114854,1.0,False
Acp53C14b,0.05477739,0.4117003,0.9563158131069718,1.0,False
lncRNA:CR43890,0.05477739,0.7625846,0.9563158131069718,1.0,False
CG31955,0.05477739,0.69554996,0.9563158131069718,1.0,False
CG10177,0.05477739,1.6724329,0.9563158131069718,1.0,False
fln,0.05477739,2.0255756,0.9563158131069718,1.0,False
drm,0.054775678,0.48961446,0.956317176702586,1.0,False
lncRNA:CR44219,0.054775678,3.129926,0.956317176702586,1.0,False
CG34124,0.054775678,2.8823063,0.956317176702586,1.0,False
CG3038,0.054775678,1.3183222,0.956317176702586,1.0,False
Psf2,0.054775678,1.3930169,0.956317176702586,1.0,False
CG34244,0.054773968,1.0023576,0.9563185402983281,1.0,False
Takl2,0.054773968,1.8716695,0.9563185402983281,1.0,False
lncRNA:CR44814,0.054773968,1.7052115,0.9563185402983281,1.0,False
hmw,0.054772254,0.9596563,0.9563199038941981,1.0,False
Cht9,0.054772254,3.2951357,0.9563199038941981,1.0,False
snoRNA:Psi28S-1175c,0.054772254,2.6454158,0.9563199038941981,1.0,False
CG18095,0.054772254,2.5921292,0.9563199038941981,1.0,False
asRNA:CR46058,0.054770544,1.1027397,0.9563212674901957,1.0,False
lncRNA:CR44060,0.054770544,18.503592,0.9563212674901957,1.0,False
CG45095,0.054770544,19.219126,0.9563212674901957,1.0,False
CG14515,0.054770544,19.231407,0.9563212674901957,1.0,False
lncRNA:CR43941,0.054770544,19.888834,0.9563212674901957,1.0,False
Sfp53D,0.054770544,19.222267,0.9563212674901957,1.0,False
CG14957,0.054770544,19.680666,0.9563212674901957,1.0,False
CG10750,0.054770544,19.46613,0.9563212674901957,1.0,False
lncRNA:CR46063,0.054770544,19.119137,0.9563212674901957,1.0,False
asRNA:CR45611,0.054770544,19.23408,0.9563212674901957,1.0,False
CG14455,0.054770544,19.201904,0.9563212674901957,1.0,False
CG8197,0.054770544,18.625322,0.9563212674901957,1.0,False
Fign,0.054770544,19.482319,0.9563212674901957,1.0,False
CG14300,0.054770544,19.0561,0.9563212674901957,1.0,False
CG34305,0.054770544,19.519653,0.9563212674901957,1.0,False
lncRNA:CR45329,0.054770544,19.707596,0.9563212674901957,1.0,False
cyr,0.054770544,19.32033,0.9563212674901957,1.0,False
CG13516,0.054770544,18.818985,0.9563212674901957,1.0,False
CG17687,0.054770544,19.212738,0.9563212674901957,1.0,False
CG11159,0.054770544,19.539236,0.9563212674901957,1.0,False
lncRNA:CR45364,0.054770544,1.0274869,0.9563212674901957,1.0,False
CG5731,0.054770544,18.545446,0.9563212674901957,1.0,False
CG15625,0.054770544,18.835659,0.9563212674901957,1.0,False
Tim17b1,0.054770544,19.28648,0.9563212674901957,1.0,False
b6,0.054770544,19.373297,0.9563212674901957,1.0,False
Amy-d,0.054770544,18.982716,0.9563212674901957,1.0,False
Lcp65Ad,0.054770544,19.0274,0.9563212674901957,1.0,False
CG43175,0.054770544,19.331642,0.9563212674901957,1.0,False
asRNA:CR44431,0.054770544,18.86305,0.9563212674901957,1.0,False
asRNA:CR46091,0.054768834,2.4361634,0.9563226310863214,1.0,False
Gld,0.054768834,0.5966407,0.9563226310863214,1.0,False
scpr-C,0.054768834,1.126285,0.9563226310863214,1.0,False
alpha-Man-Ic,0.054768834,2.1042452,0.9563226310863214,1.0,False
lncRNA:CR45243,0.054768834,1.1181008,0.9563226310863214,1.0,False
Agxt,0.05476712,0.57810014,0.9563239946825748,1.0,False
CG34266,0.05476712,1.1553297,0.9563239946825748,1.0,False
CG14857,0.05476712,1.1377451,0.9563239946825748,1.0,False
asRNA:CR43629,0.05476712,0.14745244,0.9563239946825748,1.0,False
lncRNA:CR44595,0.05476541,1.1459243,0.956325358278956,1.0,False
CG12105,0.05476541,1.82712,0.956325358278956,1.0,False
lncRNA:CR33942,0.054763697,1.3276047,0.9563267218754651,1.0,False
lncRNA:CR45740,0.054763697,1.3160772,0.9563267218754651,1.0,False
CG14400,0.054761987,1.7099742,0.956328085472102,1.0,False
CG10694,0.054761987,1.4726726,0.956328085472102,1.0,False
Srg3,0.054761987,1.7623022,0.956328085472102,1.0,False
CG18367,0.054761987,0.7912968,0.956328085472102,1.0,False
CG17177,0.054761987,1.5924273,0.956328085472102,1.0,False
CG11425,0.054761987,1.5959822,0.956328085472102,1.0,False
AttB,0.054761987,1.3062472,0.956328085472102,1.0,False
CG15130,0.054760274,1.3456185,0.9563294490688666,1.0,False
bap,0.054760274,1.1990724,0.9563294490688666,1.0,False
lncRNA:CR46094,0.054760274,0.50839996,0.9563294490688666,1.0,False
asRNA:CR45501,0.05475685,0.5256048,0.9563321762627794,1.0,False
CG43366,0.05475685,0.6692684,0.9563321762627794,1.0,False
CG43647,0.05475685,1.0129713,0.9563321762627794,1.0,False
CG13912,0.05475685,1.0513986,0.9563321762627794,1.0,False
CG31752,0.05475685,1.0403363,0.9563321762627794,1.0,False
CG8563,0.05475514,0.70701253,0.9563335398599275,1.0,False
lncRNA:CR33963,0.05475514,0.13677058,0.9563335398599275,1.0,False
Dhc98D,0.05475514,0.6250286,0.9563335398599275,1.0,False
CG14866,0.05475343,0.820618,0.9563349034572034,1.0,False
CtsL4,0.05475343,0.9512776,0.9563349034572034,1.0,False
Idgf1,0.054751717,0.6852172,0.9563362670546071,1.0,False
Pvf1,0.054750007,0.81424475,0.9563376306521385,1.0,False
His1:CG33801,0.054750007,0.31944895,0.9563376306521385,1.0,False
snoRNA:lola-a,0.054750007,0.518963,0.9563376306521385,1.0,False
Iris,0.054750007,0.6962295,0.9563376306521385,1.0,False
CG42493,0.054748293,0.6880394,0.9563389942497977,1.0,False
CG4945,0.054746583,0.28716937,0.9563403578475848,1.0,False
CG30274,0.054746583,0.63678026,0.9563403578475848,1.0,False
asRNA:CR45960,0.05474487,0.44806287,0.9563417214454996,1.0,False
CG31776,0.05474316,0.27941704,0.9563430850435422,1.0,False
CG9449,0.054741446,0.34334746,0.9563444486417124,1.0,False
Gr2a,0.054739736,0.14810213,0.9563458122400106,1.0,False
fd96Ca,0.054738022,0.4930392,0.9563471758384364,1.0,False
ZnT77C,0.054734603,0.28977013,0.9563499030356714,1.0,False
BomS4,0.054734603,0.5325669,0.9563499030356714,1.0,False
Rab23,0.05473289,0.36052787,0.9563512666344804,1.0,False
lncRNA:CR44905,0.05473289,0.40039837,0.9563512666344804,1.0,False
mthl3,0.054724332,0.40122274,0.9563580846304419,1.0,False
Gpa2,0.054724332,0.29630715,0.9563580846304419,1.0,False
Cp7Fa,0.05472262,0.35551482,0.9563594482300174,1.0,False
asRNA:CR43159,0.0547192,0.26753563,0.9563621754295515,1.0,False
CG6067,0.05471235,0.31284788,0.9563676298301521,1.0,False
CG31436,0.054710638,0.1770581,0.9563689934306215,1.0,False
pim,0.054710638,0.18001631,0.9563689934306215,1.0,False
Ugt35E2,0.054703794,0.29289988,0.9563744478337761,1.0,False
CG6908,0.05470208,-0.05495195,0.9563758114348839,1.0,False
Hex-C,0.05470037,0.27277023,0.9563771750361194,1.0,False
fon,0.054698657,0.029433355,0.9563785386374826,1.0,False
CG33494,0.054696947,0.26441,0.9563799022389734,1.0,False
CG9547,0.054681543,0.13747966,0.956392174658135,1.0,False
CG5290,0.054676406,0.09848748,0.9563962654668194,1.0,False
CG10621,0.05466785,0.231235,0.9564030834838458,1.0,False
ImpE3,0.054662716,-0.10012248,0.9564071742955927,1.0,False
asRNA:CR43468,0.05464902,0.14999962,0.9564180831325311,1.0,False
Mics1,0.054633617,0.09873572,0.9564303555838438,1.0,False
Cyp6a2,0.054633617,-0.016864242,0.9564303555838438,1.0,False
Fatp3,0.054633617,-0.1070216,0.9564303555838438,1.0,False
CG18011,0.05462677,0.03133085,0.9564358100099649,1.0,False
Pkg21D,0.054623347,-0.05481999,0.9564385372237905,1.0,False
BomBc2,0.054611366,-0.1443811,0.9564480824761955,1.0,False
Ugt35A1,0.0546011,-0.06434658,0.9564562641260851,1.0,False
CG3246,0.054595962,-0.010552959,0.9564603549527503,1.0,False
bt,0.054568578,-0.061559588,0.9564821727143302,1.0,False
Cib2,0.05456173,0.012611112,0.9564876271598203,1.0,False
CG31674,0.05456002,0.07175507,0.9564889907715112,1.0,False
Ugt301D1,0.054554883,0.010291432,0.9564930816073478,1.0,False
Idgf2,0.054551464,0.05268155,0.9564958088318755,1.0,False
drd,0.054524075,-0.112163894,0.9565176266464286,1.0,False
lncRNA:CR46117,0.05449669,-0.0015471962,0.9565394444935592,1.0,False
Elp3,0.05449498,0.013782344,0.9565408081100861,1.0,False
CG8586,0.054469306,-0.08098187,0.9565612623732509,1.0,False
Gcat,0.054457325,-0.032338273,0.9565708077058508,1.0,False
CG31467,0.054440208,-0.05186451,0.9565844439060824,1.0,False
by,0.054424804,0.009925785,0.9565967164971547,1.0,False
Tsp42Ep,0.054388862,-0.21466197,0.9566253525829976,1.0,False
CG6962,0.05434436,-0.054206163,0.9566608068620744,1.0,False
CG14142,0.054209147,-0.123004764,0.9567685338511893,1.0,False
CG11668,0.05418005,-0.23057392,0.9567917157116503,1.0,False
ATPsynCF6L,0.05415951,-0.24016134,0.9568080793998626,1.0,False
rec,0.054140683,-0.1031671,0.956823079463381,1.0,False
CG4619,0.054099604,-0.009495334,0.9568558069277594,1.0,False
Tektin-C,0.05408249,-0.20335372,0.9568694433927192,1.0,False
bip1,0.054053392,0.017643588,0.9568926254121178,1.0,False
Tsen34,0.053928446,-0.102222346,0.9569921721449046,1.0,False
PGAP1,0.05383602,-0.01183279,0.9570658098857825,1.0,False
Ercc1,0.05359469,-0.0070741773,0.9572580879350321,1.0,False
Glos,0.053447492,-0.084066086,0.9573753651300766,1.0,False
AOX1,0.053435512,-0.22758125,0.9573849109889182,1.0,False
CG2712,0.053372182,-0.025710946,0.9574353677728584,1.0,False
CG32365,0.05326949,-0.06772569,0.9575171899470776,1.0,False
Cbp20,0.05305554,-0.08122987,0.9576876542466698,1.0,False
SWIP,0.052856997,-0.12001268,0.9578458468478652,1.0,False
CG13775,0.052829612,-0.33041504,0.9578676666474207,1.0,False
CG16787,0.0526653,-0.09493369,0.9579985861071083,1.0,False
slou,0.051925898,-0.09252385,0.9585877376446873,1.0,False
GstE6,0.051835187,-0.30978382,0.9586600193744779,1.0,False
Ttc1,0.051508274,-0.062898695,0.9589205091781745,1.0,False
CG3902,0.051138572,-0.22824396,0.9592150997895561,1.0,False
CG4743,0.051078666,-0.07615629,0.9592628349047759,1.0,False
APC4,0.051035877,-0.08827738,0.9592969315050842,1.0,False
kar,0.05071581,-0.10534532,0.9595519764326446,1.0,False
CG5112,0.049719673,-0.034712885,0.9603457790003194,1.0,False
lncRNA:CR44206,0.049358528,-0.21849246,0.9606335762811038,1.0,False
Hsc20,0.049125753,-0.10683693,0.9608190786715649,1.0,False
CG3437,0.04877488,-0.08427447,0.9610987002508626,1.0,False
Tcs5,0.048687592,-0.04662114,0.961168265388448,1.0,False
CG30089,0.04829735,-0.12734208,0.9614792660819635,1.0,False
lncRNA:CR45527,0.04818781,-0.21524484,0.9615665655779045,1.0,False
Arp6,0.04811421,-0.119703904,0.9616252201856191,1.0,False
bisc,0.048052594,-0.16512044,0.9616743265285719,1.0,False
NC2alpha,0.047925938,-0.07494919,0.9617752678010444,1.0,False
PolH,0.047362827,-0.23165844,0.9622240546375384,1.0,False
beta4GalNAcTB,0.04652929,-0.1430105,0.9628883902135358,1.0,False
CG15514,0.045324337,-0.10717832,0.9638487893249054,1.0,False
CG43740,0.04479717,-0.14250627,0.9642689805119767,1.0,False
Vti1a,0.043708608,-0.094407625,0.9651366792985571,1.0,False
fra,0.043580238,-0.15538973,0.9652390050099291,1.0,False
Tmem63,0.043468986,-0.12710065,0.9653276877562232,1.0,False
CG4291,0.043075323,-0.11567741,0.9656414916793505,1.0,False
OstDelta,0.04255329,-0.000598845,0.9660576311675585,1.0,False
indra,0.042419787,-0.16636136,0.966164055214062,1.0,False
CG10195,0.04170777,0.14401999,0.9667316602614895,1.0,False
asRNA:CR45164,0.04168723,0.32983306,0.9667480337355229,1.0,False
Arc42,0.041659847,0.013643272,0.9667698650560405,1.0,False
Prp38,0.0416239,-0.10348528,0.9667985187020149,1.0,False
ETHR,0.04125249,0.088715926,0.9670946088805478,1.0,False
CG15399,0.041173756,0.6444815,0.9671573751246608,1.0,False
lncRNA:CR45679,0.04116691,0.20470895,0.9671628330685529,1.0,False
CG4741,0.04114637,0.6785227,0.9671792069094579,1.0,False
Gr61a,0.041139524,0.79921997,0.9671846648595015,1.0,False
CG6985,0.041132677,0.36123595,0.9671901228110825,1.0,False
fzy,0.041129254,1.1180699,0.9671928517874494,1.0,False
Cyp12a5,0.041129254,1.2340335,0.9671928517874494,1.0,False
SmydA-3,0.041115563,0.23603553,0.9672037676967586,1.0,False
lncRNA:CR45279,0.04111214,0.60908973,0.9672064966750463,1.0,False
CG42867,0.041108716,0.42426494,0.9672092256537179,1.0,False
link,0.041108716,0.55936617,0.9672092256537179,1.0,False
asRNA:ASTR,0.041108716,1.3845795,0.9672092256537179,1.0,False
iav,0.041105293,0.8473116,0.9672119546327737,1.0,False
PGRP-LA,0.041103583,0.06947375,0.9672133191224456,1.0,False
lncRNA:CR43907,0.04110187,0.9505827,0.9672146836122134,1.0,False
lncRNA:CR42721,0.04110187,0.19403662,0.9672146836122134,1.0,False
CG32640,0.041098446,1.3017459,0.9672174125920371,1.0,False
CG30008,0.041098446,0.6477678,0.9672174125920371,1.0,False
Art2,0.041095022,2.5808275,0.9672201415722447,1.0,False
CG32536,0.041095022,0.31076452,0.9672201415722447,1.0,False
asRNA:CR45175,0.041095022,0.540212,0.9672201415722447,1.0,False
Elovl7,0.041095022,0.9682577,0.9672201415722447,1.0,False
CG8568,0.041095022,0.5926386,0.9672201415722447,1.0,False
lncRNA:CR45967,0.041095022,0.23206414,0.9672201415722447,1.0,False
CG14022,0.041091602,1.2241069,0.9672228705528362,1.0,False
CG30154,0.04108818,2.324152,0.9672255995338116,1.0,False
CG12420,0.04108818,0.28226808,0.9672255995338116,1.0,False
CG5023,0.04108818,1.7575413,0.9672255995338116,1.0,False
CG15145,0.04108818,2.2190096,0.9672255995338116,1.0,False
CG16984,0.04108818,0.6234981,0.9672255995338116,1.0,False
CG1774,0.04108818,1.352042,0.9672255995338116,1.0,False
Taf12L,0.04108818,1.1307087,0.9672255995338116,1.0,False
asRNA:CR45831,0.041084755,3.6687632,0.9672283285151707,1.0,False
CG2574,0.041084755,3.4972534,0.9672283285151707,1.0,False
Gr39a,0.041084755,1.3344592,0.9672283285151707,1.0,False
Ppm1,0.041084755,1.1294997,0.9672283285151707,1.0,False
lncRNA:CR44606,0.041084755,0.6736767,0.9672283285151707,1.0,False
CG15545,0.041084755,2.0761704,0.9672283285151707,1.0,False
lncRNA:CR44410,0.041084755,0.77921635,0.9672283285151707,1.0,False
CG17104,0.041084755,2.4406433,0.9672283285151707,1.0,False
qua,0.041084755,3.381597,0.9672283285151707,1.0,False
Hgd,0.041084755,3.3461456,0.9672283285151707,1.0,False
lncRNA:CR46124,0.041084755,2.6016846,0.9672283285151707,1.0,False
tn,0.041084755,0.6435092,0.9672283285151707,1.0,False
CG43085,0.041084755,1.3263841,0.9672283285151707,1.0,False
lncRNA:CR45339,0.041084755,2.5079772,0.9672283285151707,1.0,False
CG14811,0.041084755,4.4714856,0.9672283285151707,1.0,False
CG4259,0.041084755,2.7782385,0.9672283285151707,1.0,False
CG13154,0.04108133,1.2697831,0.9672310574969137,1.0,False
CG4476,0.04108133,1.4334923,0.9672310574969137,1.0,False
asRNA:TS15,0.04108133,3.0445905,0.9672310574969137,1.0,False
CG5697,0.04108133,3.209767,0.9672310574969137,1.0,False
CG34256,0.04108133,0.18446222,0.9672310574969137,1.0,False
lncRNA:CR43978,0.04108133,2.1812918,0.9672310574969137,1.0,False
lncRNA:CR45574,0.04108133,2.5885806,0.9672310574969137,1.0,False
IFT57,0.04108133,0.9773234,0.9672310574969137,1.0,False
Grl58a,0.04108133,1.3278908,0.9672310574969137,1.0,False
ect,0.04108133,2.7116964,0.9672310574969137,1.0,False
snoRNA:CD71,0.04108133,2.0951178,0.9672310574969137,1.0,False
Oatp26F,0.04108133,0.7235089,0.9672310574969137,1.0,False
CG4210,0.04108133,1.1832681,0.9672310574969137,1.0,False
hpRNA:LINR-1,0.041077908,19.064444,0.9672337864790406,1.0,False
CG30325,0.041077908,19.109665,0.9672337864790406,1.0,False
CG43338,0.041077908,0.9458886,0.9672337864790406,1.0,False
asRNA:CR43866,0.041077908,19.43835,0.9672337864790406,1.0,False
Ir60a,0.041077908,18.824009,0.9672337864790406,1.0,False
lky,0.041077908,18.983803,0.9672337864790406,1.0,False
CG11034,0.041077908,18.571705,0.9672337864790406,1.0,False
CG7900,0.041077908,0.3485387,0.9672337864790406,1.0,False
CG14642,0.041077908,0.85191834,0.9672337864790406,1.0,False
CG7691,0.041077908,19.524382,0.9672337864790406,1.0,False
Gr43a,0.041077908,1.3447835,0.9672337864790406,1.0,False
niki,0.041077908,0.8625713,0.9672337864790406,1.0,False
tHMG2,0.041077908,19.11807,0.9672337864790406,1.0,False
CG32572,0.041077908,1.3525321,0.9672337864790406,1.0,False
CG31528,0.041077908,18.930883,0.9672337864790406,1.0,False
mthl11,0.041077908,19.323452,0.9672337864790406,1.0,False
CG42568,0.041077908,18.799559,0.9672337864790406,1.0,False
CG31244,0.041077908,19.52506,0.9672337864790406,1.0,False
CG6576,0.041077908,19.081203,0.9672337864790406,1.0,False
CG32639,0.041077908,18.430393,0.9672337864790406,1.0,False
CG7715,0.041077908,18.791664,0.9672337864790406,1.0,False
CG11898,0.041077908,1.2158763,0.9672337864790406,1.0,False
lncRNA:CR44564,0.041077908,19.355001,0.9672337864790406,1.0,False
CG31807,0.041077908,18.404835,0.9672337864790406,1.0,False
CG7560,0.041077908,1.1270515,0.9672337864790406,1.0,False
CG13738,0.041077908,19.208147,0.9672337864790406,1.0,False
Obp28a,0.041077908,19.31815,0.9672337864790406,1.0,False
Jhbp5,0.041077908,19.547365,0.9672337864790406,1.0,False
COX7AL2,0.041077908,0.8459988,0.9672337864790406,1.0,False
CG12310,0.041077908,19.059513,0.9672337864790406,1.0,False
lncRNA:CR43144,0.041077908,18.650854,0.9672337864790406,1.0,False
CG14052,0.041077908,19.077564,0.9672337864790406,1.0,False
CG7910,0.041077908,19.202818,0.9672337864790406,1.0,False
CG15927,0.041077908,19.34838,0.9672337864790406,1.0,False
CG14325,0.041077908,18.702763,0.9672337864790406,1.0,False
CG14418,0.041077908,2.182934,0.9672337864790406,1.0,False
asRNA:CR45167,0.041077908,18.825293,0.9672337864790406,1.0,False
CG34199,0.041077908,19.00851,0.9672337864790406,1.0,False
lncRNA:CR46111,0.041077908,18.941725,0.9672337864790406,1.0,False
CG8343,0.041077908,18.383505,0.9672337864790406,1.0,False
Cpr47Ee,0.041077908,19.105448,0.9672337864790406,1.0,False
CG8476,0.041077908,0.53809327,0.9672337864790406,1.0,False
CG5662,0.041077908,18.855425,0.9672337864790406,1.0,False
lncRNA:CR44636,0.041077908,18.907835,0.9672337864790406,1.0,False
lncRNA:CR43945,0.041077908,18.429018,0.9672337864790406,1.0,False
Klp67A,0.041077908,0.57678336,0.9672337864790406,1.0,False
lncRNA:CR43363,0.041077908,19.389416,0.9672337864790406,1.0,False
pre-mod(mdg4)-O,0.041077908,18.754501,0.9672337864790406,1.0,False
Alms1b,0.041077908,17.849203,0.9672337864790406,1.0,False
CG45061,0.041077908,19.28404,0.9672337864790406,1.0,False
CG14983,0.041077908,18.888512,0.9672337864790406,1.0,False
lncRNA:CR45482,0.041077908,18.863506,0.9672337864790406,1.0,False
ppk13,0.041077908,0.68732446,0.9672337864790406,1.0,False
Ir11a,0.041077908,18.950294,0.9672337864790406,1.0,False
CG34291,0.041077908,18.951365,0.9672337864790406,1.0,False
CG34212,0.041077908,19.030092,0.9672337864790406,1.0,False
PGRP-LD,0.041077908,19.230968,0.9672337864790406,1.0,False
asRNA:CR45518,0.041077908,19.594252,0.9672337864790406,1.0,False
ppk23,0.041077908,18.915037,0.9672337864790406,1.0,False
CG9411,0.041077908,19.025051,0.9672337864790406,1.0,False
CG31832,0.041077908,18.982012,0.9672337864790406,1.0,False
Cyp303a1,0.041077908,19.065578,0.9672337864790406,1.0,False
pot,0.041077908,19.246511,0.9672337864790406,1.0,False
lncRNA:CR45742,0.041077908,19.08478,0.9672337864790406,1.0,False
CG13711,0.041077908,1.9158697,0.9672337864790406,1.0,False
asRNA:CR45160,0.041077908,2.2465587,0.9672337864790406,1.0,False
Rsph9,0.041077908,18.858196,0.9672337864790406,1.0,False
CG8526,0.041077908,19.213217,0.9672337864790406,1.0,False
CG3777,0.041074485,0.86062545,0.9672365154615511,1.0,False
CG16926,0.041074485,1.2611825,0.9672365154615511,1.0,False
Or24a,0.041074485,1.6561201,0.9672365154615511,1.0,False
CG43996,0.041074485,1.8020283,0.9672365154615511,1.0,False
lncRNA:CR44442,0.041074485,0.8888198,0.9672365154615511,1.0,False
Spc105R,0.041074485,0.9665405,0.9672365154615511,1.0,False
Kal1,0.041074485,0.91121703,0.9672365154615511,1.0,False
asRNA:CR43806,0.041074485,1.5965776,0.9672365154615511,1.0,False
sqa,0.041074485,0.21930583,0.9672365154615511,1.0,False
asRNA:CR44897,0.041074485,1.8012592,0.9672365154615511,1.0,False
CG14837,0.04107106,0.82469845,0.9672392444444453,1.0,False
CG31626,0.04107106,0.96353155,0.9672392444444453,1.0,False
tw,0.04107106,0.8996227,0.9672392444444453,1.0,False
CG17264,0.04107106,0.53241014,0.9672392444444453,1.0,False
Sgs8,0.04107106,0.5974366,0.9672392444444453,1.0,False
asRNA:CR45882,0.04107106,0.25143933,0.9672392444444453,1.0,False
CG43317,0.04107106,1.1757325,0.9672392444444453,1.0,False
TwdlC,0.04107106,1.3390609,0.9672392444444453,1.0,False
lncRNA:CR45564,0.04107106,1.4807864,0.9672392444444453,1.0,False
CG15080,0.04107106,0.22388957,0.9672392444444453,1.0,False
CG31337,0.04107106,0.5910184,0.9672392444444453,1.0,False
CG31802,0.04107106,-0.05615563,0.9672392444444453,1.0,False
CG43091,0.041067638,0.9636903,0.9672419734277232,1.0,False
mdu,0.041067638,0.20662901,0.9672419734277232,1.0,False
CG33137,0.041067638,0.74559385,0.9672419734277232,1.0,False
CG4927,0.041067638,0.86612356,0.9672419734277232,1.0,False
CG34214,0.041067638,0.38279077,0.9672419734277232,1.0,False
CG14342,0.041067638,0.96468097,0.9672419734277232,1.0,False
lncRNA:CR45169,0.041067638,0.8399017,0.9672419734277232,1.0,False
wat,0.041067638,0.885404,0.9672419734277232,1.0,False
lncRNA:CR46095,0.041064214,0.29116872,0.9672447024113847,1.0,False
CG5921,0.041064214,0.61770475,0.9672447024113847,1.0,False
lncRNA:CR45181,0.041064214,0.46222755,0.9672447024113847,1.0,False
nompC,0.041064214,0.42256004,0.9672447024113847,1.0,False
CG16800,0.041064214,0.55347365,0.9672447024113847,1.0,False
CG13950,0.041064214,0.6518339,0.9672447024113847,1.0,False
asRNA:CR45151,0.041060794,0.3919446,0.9672474313954299,1.0,False
lncRNA:CR44748,0.041060794,0.34676263,0.9672474313954299,1.0,False
CG16965,0.041060794,0.68902713,0.9672474313954299,1.0,False
Dnaaf6,0.041060794,0.42674482,0.9672474313954299,1.0,False
CG13526,0.041060794,0.36777177,0.9672474313954299,1.0,False
lncRNA:CR45985,0.041060794,0.54095864,0.9672474313954299,1.0,False
MESK4,0.041060794,0.14058463,0.9672474313954299,1.0,False
CecC,0.041060794,0.2613296,0.9672474313954299,1.0,False
BomS5,0.041060794,0.38444352,0.9672474313954299,1.0,False
lncRNA:CR45680,0.041060794,0.6989323,0.9672474313954299,1.0,False
NimB1,0.04105737,0.29688016,0.9672501603798587,1.0,False
dgt6,0.04105737,0.32520273,0.9672501603798587,1.0,False
CG6220,0.04105737,0.08828003,0.9672501603798587,1.0,False
Porin2,0.041053947,0.4271527,0.9672528893646709,1.0,False
SmydA-5,0.041053947,0.07727659,0.9672528893646709,1.0,False
CG9254,0.041053947,0.21135797,0.9672528893646709,1.0,False
lncRNA:CR43828,0.041053947,0.24431415,0.9672528893646709,1.0,False
lncRNA:CR45380,0.041053947,0.24976553,0.9672528893646709,1.0,False
CG3494,0.041050524,0.19793287,0.9672556183498667,1.0,False
wus,0.041050524,0.193702,0.9672556183498667,1.0,False
Rcd6,0.041050524,0.06430798,0.9672556183498667,1.0,False
cid,0.041050524,0.30958563,0.9672556183498667,1.0,False
Coop,0.0410471,-0.46650702,0.967258347335446,1.0,False
CPT2,0.0410471,-0.049160134,0.967258347335446,1.0,False
CG15864,0.0410471,0.110504396,0.967258347335446,1.0,False
CG17129,0.041043676,0.23883285,0.9672610763214087,1.0,False
CG14615,0.041043676,0.22969252,0.9672610763214087,1.0,False
lncRNA:CR46075,0.041043676,0.33266783,0.9672610763214087,1.0,False
CG17118,0.041043676,0.16676873,0.9672610763214087,1.0,False
Dmel_CR43051,0.041043676,-0.124736294,0.9672610763214087,1.0,False
eater,0.041040253,0.32902244,0.9672638053077549,1.0,False
CG15579,0.04103683,0.14861168,0.9672665342944844,1.0,False
CG2641,0.041033406,0.003961874,0.9672692632815973,1.0,False
GstZ1,0.041033406,0.14143635,0.9672692632815973,1.0,False
snoRNA:Psi28S-3305c,0.041033406,-0.05703407,0.9672692632815973,1.0,False
CG31778,0.041033406,0.31725776,0.9672692632815973,1.0,False
snoRNA:2R:9445205,0.041029982,0.18261364,0.9672719922690936,1.0,False
r-cup,0.041029982,0.07250688,0.9672719922690936,1.0,False
asRNA:CR44806,0.041026562,0.06067091,0.967274721256973,1.0,False
CG17122,0.04102314,0.124281935,0.9672774502452358,1.0,False
CG31915,0.04102314,0.06342768,0.9672774502452358,1.0,False
CG33288,0.04101629,0.006693104,0.9672829082229111,1.0,False
BomT2,0.04101458,0.01264507,0.9672842727175693,1.0,False
asRNA:CR45384,0.040999174,-0.32726657,0.9672965531738038,1.0,False
lncRNA:CR45805,0.04099233,-0.06316862,0.9673020111568422,1.0,False
Gldc,0.040988907,-0.19654563,0.9673047401489359,1.0,False
CG9372,0.040985484,-0.18653053,0.9673074691414124,1.0,False
CG10469,0.04098206,0.07234431,0.9673101981342718,1.0,False
fzo,0.040968366,-0.22507092,0.9673211141095376,1.0,False
Ance-5,0.040964942,0.035385877,0.9673238431043109,1.0,False
CG5435,0.04096152,0.03638858,0.9673265720994668,1.0,False
lncRNA:CR43635,0.0409581,0.04963228,0.9673293010950055,1.0,False
CycH,0.040956385,0.075754136,0.9673306655929184,1.0,False
CG2065,0.04094783,-0.12744458,0.9673374880839171,1.0,False
Roc1b,0.04094783,-0.060556028,0.9673374880839171,1.0,False
asRNA:CR44429,0.04094783,0.020427706,0.9673374880839171,1.0,False
Cyp6a23,0.04094783,-0.016389295,0.9673374880839171,1.0,False
CG18336,0.04094783,0.08273464,0.9673374880839171,1.0,False
lncRNA:CR46009,0.040934134,-0.055180848,0.9673484040744877,1.0,False
CG12825,0.040923867,-0.06965019,0.967356591071431,1.0,False
CG6321,0.04091702,-0.20832174,0.9673620490713047,1.0,False
lncRNA:CR45556,0.040910173,-0.19657208,0.9673675070727075,1.0,False
Obp83a,0.04089648,-0.0060842163,0.9673784230800987,1.0,False
mthl15,0.04089648,-0.20315808,0.9673784230800987,1.0,False
dpp,0.04089306,-0.086279005,0.9673811520829017,1.0,False
sisRNA:CR46364,0.040886212,-0.0110795,0.9673866100896538,1.0,False
CG42445,0.04087423,-0.03875466,0.9673961616051459,1.0,False
CG7203,0.040872518,-0.05413581,0.967397526107741,1.0,False
hdly,0.040872518,-0.14318968,0.967397526107741,1.0,False
lncRNA:CR46084,0.040838286,-0.40840247,0.9674248161796822,1.0,False
CG18420,0.040821172,-0.07981996,0.9674384612299612,1.0,False
lncRNA:CR45471,0.040814325,-0.2948937,0.9674439192527424,1.0,False
Sox21a,0.040807478,-0.097067766,0.9674493772770488,1.0,False
CG15202,0.040756132,-0.020100005,0.9674903125079342,1.0,False
ImpE1,0.040728744,-0.15005732,0.9675121446661078,1.0,False
Acat1,0.040684246,0.019566013,0.9675476219750686,1.0,False
Tdh,0.04067055,-0.025874324,0.967558538083059,1.0,False
CG17977,0.040552452,-0.09011367,0.9676526897665885,1.0,False
CG5001,0.040502816,-0.2963365,0.967692260898672,1.0,False
blot,0.040355623,-0.06948199,0.9678096102405184,1.0,False
TAF1C-like,0.04034193,-0.004563121,0.9678205264938418,1.0,False
Gtf3c3,0.040283736,-0.058851063,0.967866920637714,1.0,False
CG5835,0.040206715,-0.23179343,0.9679283248188691,1.0,False
CG43273,0.04019987,-0.06458548,0.9679337829775131,1.0,False
Cpsf73,0.040009882,0.012024181,0.96808524747821,1.0,False
CG8012,0.03992944,-0.38622594,0.968149381442898,1.0,False
lin,0.039924305,-0.075693965,0.968153475107217,1.0,False
Oat,0.03984386,-0.15963808,0.9682176092910447,1.0,False
Spt7,0.039814763,-0.06969035,0.9682408068124359,1.0,False
GAPsec,0.039534062,-0.20307444,0.9684645960431042,1.0,False
JMJD4,0.039260212,-0.035446413,0.9686829293933146,1.0,False
CG3434,0.03891618,-0.14322579,0.9689572139893272,1.0,False
CG5645,0.038871683,-0.12082315,0.968992693857727,1.0,False
Su(var)3-7,0.038628638,-0.10581756,0.9691864696047082,1.0,False
Sirt6,0.038577292,-0.20421459,0.969227408375964,1.0,False
eEFSec,0.038493425,-0.12121795,0.9692942752100284,1.0,False
CG3589,0.037875544,-0.13493101,0.9697869129982074,1.0,False
Sec24CD,0.037389454,-0.08553977,0.9701744810322913,1.0,False
CG31251,0.03665005,-0.10643097,0.9707640346166299,1.0,False
Pex12,0.036100633,-0.1339535,0.9712021160469724,1.0,False
CG33267,0.03608523,-0.12745936,0.9712143988297399,1.0,False
CG5131,0.035999652,-0.025579337,0.9712826366360306,1.0,False
Rh50,0.035831917,-0.15071197,0.9714163833457272,1.0,False
CG4074,0.035116475,-0.12768394,0.9719868629860628,1.0,False
sl,0.034952164,-0.12547778,0.9721178842680444,1.0,False
ScsbetaG,0.034219608,-0.14688537,0.9727020299229484,1.0,False
janA,0.034077547,-0.12068608,0.9728153122105094,1.0,False
nop5,0.032807555,-0.16083321,0.9738280526615093,1.0,False
CG5382,0.03252172,-0.055359345,0.9740559933823986,1.0,False
kz,0.031647105,-0.14382069,0.9747534777719834,1.0,False
aln,0.03153243,-0.10908231,0.9748449302015376,1.0,False
HipHop,0.030960761,0.13294248,0.9753008322971537,1.0,False
Lac,0.029601768,-0.13776691,0.9763846556241368,1.0,False
mRpL32,0.029204682,-0.08089913,0.9767013478385158,1.0,False
Dci,0.028562838,0.06388952,0.9772132503258024,1.0,False
cold,0.028400239,-0.08264448,0.9773429337874492,1.0,False
CG10565,0.028345468,-0.1437213,0.9773866167726943,1.0,False
lncRNA:CR43301,0.028254755,0.4260335,0.9774589668661227,1.0,False
CRAT,0.028039096,0.01793269,0.9776309697183994,1.0,False
Rat1,0.027814878,-0.1188986,0.9778097991833878,1.0,False
B-H1,0.027684798,0.28558874,0.9779135480870735,1.0,False
c(3)G,0.027623182,0.011109658,0.9779626924351229,1.0,False
CG10344,0.027595796,0.21701111,0.9779845343944498,1.0,False
CG18599,0.027539315,0.09094806,0.9780295834876738,1.0,False
Cdk4,0.027446888,0.8394246,0.9781033003367601,1.0,False
CG7720,0.027441755,0.33985808,0.9781073957227537,1.0,False
E5,0.027441755,0.192653,0.9781073957227537,1.0,False
Dhc36C,0.027440043,0.4110854,0.9781087608515466,1.0,False
Dmel_CG30456,0.02742635,1.2415736,0.978119681884197,1.0,False
CG34454,0.02742635,0.8149201,0.978119681884197,1.0,False
lncRNA:CR45128,0.027421216,0.19864266,0.9781237772724983,1.0,False
Cda9,0.027417792,0.030683566,0.9781265075316863,1.0,False
lncRNA:CR31386,0.027417792,0.54866934,0.9781265075316863,1.0,False
lncRNA:CR45414,0.027410945,0.3498947,0.9781319680508309,1.0,False
CG3842,0.027410945,0.47582358,0.9781319680508309,1.0,False
asRNA:CR44067,0.027407523,1.9176108,0.9781346983107875,1.0,False
CG6761,0.027405811,1.0786247,0.9781360634408618,1.0,False
CG18343,0.027405811,0.6257296,0.9781360634408618,1.0,False
CG33632,0.0274041,0.7657903,0.9781374285710002,1.0,False
Cht5,0.0274041,1.614154,0.9781374285710002,1.0,False
CG13455,0.027402388,0.5252883,0.9781387937012026,1.0,False
mt:tRNA:Ala-TGC,0.027402388,0.46116066,0.9781387937012026,1.0,False
Hsp60D,0.027402388,0.60406125,0.9781387937012026,1.0,False
lncRNA:CR43899,0.027400676,1.9186072,0.9781401588314691,1.0,False
Mcm7,0.027400676,0.7243877,0.9781401588314691,1.0,False
lncRNA:CR44596,0.027400676,1.015777,0.9781401588314691,1.0,False
Ccdc39,0.027398964,2.0167494,0.9781415239617995,1.0,False
wupA,0.027398964,0.85550666,0.9781415239617995,1.0,False
mus301,0.027398964,0.8686955,0.9781415239617995,1.0,False
CG43675,0.027398964,0.9048035,0.9781415239617995,1.0,False
lncRNA:CR45454,0.027398964,2.2586954,0.9781415239617995,1.0,False
CG31288,0.027397253,0.5544855,0.978142889092194,1.0,False
spz5,0.027397253,1.1918926,0.978142889092194,1.0,False
l(3)mbn,0.02739554,0.80504537,0.9781442542226525,1.0,False
lncRNA:CR44565,0.02739383,0.1880502,0.978145619353175,1.0,False
lncRNA:CR45231,0.02739383,0.5173939,0.978145619353175,1.0,False
IFT54,0.02739383,1.3164928,0.978145619353175,1.0,False
lncRNA:CR45402,0.02739383,0.44970334,0.978145619353175,1.0,False
CG1246,0.02739212,1.9275136,0.9781469844837616,1.0,False
CG9380,0.02739212,0.6242406,0.9781469844837616,1.0,False
Prim2,0.02739212,0.73369044,0.9781469844837616,1.0,False
asRNA:CR43981,0.02739212,0.975164,0.9781469844837616,1.0,False
apn,0.02739212,1.1778517,0.9781469844837616,1.0,False
NaPi-T,0.02739212,1.4391484,0.9781469844837616,1.0,False
Acox57D-d,0.02739212,1.451153,0.9781469844837616,1.0,False
Cad96Cb,0.02739212,1.4277177,0.9781469844837616,1.0,False
lncRNA:CR44232,0.027390407,2.4067163,0.9781483496144121,1.0,False
CG8738,0.027390407,0.9836439,0.9781483496144121,1.0,False
CG15153,0.027390407,3.4426115,0.9781483496144121,1.0,False
Pburs,0.027390407,5.4493136,0.9781483496144121,1.0,False
Obp57b,0.027390407,3.5577297,0.9781483496144121,1.0,False
lncRNA:CR43253,0.027390407,2.0432312,0.9781483496144121,1.0,False
CG33500,0.027390407,2.101519,0.9781483496144121,1.0,False
CG17470,0.027390407,4.46284,0.9781483496144121,1.0,False
CG43680,0.027390407,2.8442585,0.9781483496144121,1.0,False
dmrt11E,0.027390407,2.4345233,0.9781483496144121,1.0,False
inaF-C,0.027390407,2.4538112,0.9781483496144121,1.0,False
CG14856,0.027390407,2.3095326,0.9781483496144121,1.0,False
CG12708,0.027390407,1.9024742,0.9781483496144121,1.0,False
CG10205,0.027390407,2.145519,0.9781483496144121,1.0,False
asRNA:CR46262,0.027390407,3.2174575,0.9781483496144121,1.0,False
Ilp7,0.027390407,0.26072866,0.9781483496144121,1.0,False
CG9624,0.027390407,2.9801862,0.9781483496144121,1.0,False
btv,0.027390407,3.1690695,0.9781483496144121,1.0,False
CG32461,0.027390407,3.2875862,0.9781483496144121,1.0,False
ND-B8,0.027390407,0.92272043,0.9781483496144121,1.0,False
CG5418,0.027390407,3.5452793,0.9781483496144121,1.0,False
Tret1l,0.027390407,3.0384436,0.9781483496144121,1.0,False
Vha14-2,0.027390407,2.3403943,0.9781483496144121,1.0,False
asRNA:CR45366,0.027390407,2.6705594,0.9781483496144121,1.0,False
CG6481,0.027390407,0.8808374,0.9781483496144121,1.0,False
lncRNA:CR43436,0.027390407,1.970988,0.9781483496144121,1.0,False
CG30485,0.027390407,5.0658174,0.9781483496144121,1.0,False
lncRNA:CR45165,0.027390407,3.195875,0.9781483496144121,1.0,False
CG17764,0.027390407,2.6520696,0.9781483496144121,1.0,False
lncRNA:CR46118,0.027388696,1.4414736,0.9781497147451266,1.0,False
lncRNA:CR44757,0.027388696,0.81744003,0.9781497147451266,1.0,False
lncRNA:CR44754,0.027388696,1.1648023,0.9781497147451266,1.0,False
CG4783,0.027388696,0.7634271,0.9781497147451266,1.0,False
P5CDh2,0.027388696,1.2113088,0.9781497147451266,1.0,False
cGlr1,0.027388696,0.62885165,0.9781497147451266,1.0,False
CG44405,0.027388696,0.209802,0.9781497147451266,1.0,False
Dmel_CR44404,0.027388696,1.3222713,0.9781497147451266,1.0,False
lncRNA:CR44946,0.027388696,1.4886104,0.9781497147451266,1.0,False
asRNA:CR45604,0.027388696,0.48246107,0.9781497147451266,1.0,False
CG17994,0.027388696,1.2606777,0.9781497147451266,1.0,False
Dnali1,0.027388696,1.4254942,0.9781497147451266,1.0,False
CG43068,0.027388696,0.5326574,0.9781497147451266,1.0,False
CG10853,0.027386984,1.8793366,0.9781510798759051,1.0,False
lncRNA:CR44991,0.027386984,2.624681,0.9781510798759051,1.0,False
CG44102,0.027386984,0.7901471,0.9781510798759051,1.0,False
lncRNA:CR45622,0.027386984,1.9115529,0.9781510798759051,1.0,False
lncRNA:CR45340,0.027386984,0.71825373,0.9781510798759051,1.0,False
GNBP1,0.027386984,1.6346729,0.9781510798759051,1.0,False
CG6071,0.027386984,0.35130563,0.9781510798759051,1.0,False
lncRNA:CR45639,0.027386984,0.75600976,0.9781510798759051,1.0,False
Klp3A,0.027386984,3.0283945,0.9781510798759051,1.0,False
CG12702,0.027386984,2.1419206,0.9781510798759051,1.0,False
CG1077,0.027386984,1.7285178,0.9781510798759051,1.0,False
FANCI,0.027386984,2.0109994,0.9781510798759051,1.0,False
lncRNA:CR44444,0.027386984,1.6519421,0.9781510798759051,1.0,False
snoRNA:Psi28S-1135a,0.027386984,0.6532906,0.9781510798759051,1.0,False
lncRNA:CR46225,0.027386984,1.9901146,0.9781510798759051,1.0,False
CG11828,0.027386984,1.749167,0.9781510798759051,1.0,False
CG30195,0.027386984,2.4362762,0.9781510798759051,1.0,False
asRNA:CR46097,0.027386984,1.6286527,0.9781510798759051,1.0,False
asRNA:CR46133,0.027386984,1.1869953,0.9781510798759051,1.0,False
CG14424,0.027386984,2.0229259,0.9781510798759051,1.0,False
lncRNA:CR44908,0.027386984,1.6207553,0.9781510798759051,1.0,False
bgcn,0.027385272,17.975609,0.9781524450067476,1.0,False
CG43093,0.027385272,1.2688164,0.9781524450067476,1.0,False
CG11458,0.027385272,18.710398,0.9781524450067476,1.0,False
CG6602,0.027385272,18.403095,0.9781524450067476,1.0,False
CG30037,0.027385272,18.287378,0.9781524450067476,1.0,False
CG30036,0.027385272,18.552868,0.9781524450067476,1.0,False
lncRNA:CR43992,0.027385272,17.827608,0.9781524450067476,1.0,False
Spn53F,0.027385272,18.511574,0.9781524450067476,1.0,False
Sid,0.027385272,18.658314,0.9781524450067476,1.0,False
to,0.027385272,18.890938,0.9781524450067476,1.0,False
Cyp4p2,0.027385272,18.860334,0.9781524450067476,1.0,False
Itgbn,0.027385272,18.686502,0.9781524450067476,1.0,False
CG17109,0.027385272,19.303312,0.9781524450067476,1.0,False
lncRNA:CR44759,0.027385272,18.488487,0.9781524450067476,1.0,False
CG5235,0.027385272,18.04438,0.9781524450067476,1.0,False
asRNA:CR43833,0.027385272,18.845062,0.9781524450067476,1.0,False
CG42692,0.027385272,17.948832,0.9781524450067476,1.0,False
CG33191,0.027385272,17.191692,0.9781524450067476,1.0,False
Daao2,0.027385272,18.432087,0.9781524450067476,1.0,False
GluRIIC,0.027385272,18.844454,0.9781524450067476,1.0,False
CG32971,0.027385272,18.03636,0.9781524450067476,1.0,False
CG42826,0.027385272,17.216362,0.9781524450067476,1.0,False
lncRNA:CR44538,0.027385272,18.40735,0.9781524450067476,1.0,False
CheB38c,0.027385272,18.010202,0.9781524450067476,1.0,False
CG15128,0.027385272,18.879496,0.9781524450067476,1.0,False
lncRNA:CR43285,0.027385272,18.559357,0.9781524450067476,1.0,False
CG15597,0.027385272,17.86114,0.9781524450067476,1.0,False
Cpr65Az,0.027385272,18.829306,0.9781524450067476,1.0,False
CG8661,0.027385272,0.9107734,0.9781524450067476,1.0,False
lncRNA:CR45876,0.027385272,0.552648,0.9781524450067476,1.0,False
dmrt93B,0.027385272,1.2504054,0.9781524450067476,1.0,False
Dic4,0.027385272,18.118977,0.9781524450067476,1.0,False
CG7384,0.027385272,19.044939,0.9781524450067476,1.0,False
lncRNA:CR43410,0.027385272,18.599346,0.9781524450067476,1.0,False
pHCl-2,0.027385272,17.961895,0.9781524450067476,1.0,False
mt:tRNA:Tyr-GTA,0.027385272,18.30969,0.9781524450067476,1.0,False
CG15650,0.027385272,18.099894,0.9781524450067476,1.0,False
CG13170,0.027385272,17.890673,0.9781524450067476,1.0,False
Cht4,0.027385272,19.071777,0.9781524450067476,1.0,False
CG7255,0.027385272,18.598713,0.9781524450067476,1.0,False
CG14212,0.027385272,1.1553947,0.9781524450067476,1.0,False
Cyp4e1,0.027385272,18.762205,0.9781524450067476,1.0,False
Jon74E,0.027385272,18.46714,0.9781524450067476,1.0,False
lncRNA:CR44655,0.027385272,18.954296,0.9781524450067476,1.0,False
Fancl,0.027385272,17.933613,0.9781524450067476,1.0,False
CG13457,0.027385272,0.6669685,0.9781524450067476,1.0,False
lncRNA:CR44034,0.027385272,1.1776464,0.9781524450067476,1.0,False
Pif1,0.027385272,18.799707,0.9781524450067476,1.0,False
lncRNA:CR44712,0.027385272,16.621595,0.9781524450067476,1.0,False
snoRNA:Psi18S-996,0.027385272,17.756203,0.9781524450067476,1.0,False
mir-954,0.027385272,18.11533,0.9781524450067476,1.0,False
antr,0.027385272,17.889374,0.9781524450067476,1.0,False
lncRNA:CR46030,0.027385272,18.090675,0.9781524450067476,1.0,False
dtr,0.027385272,18.347145,0.9781524450067476,1.0,False
CG43333,0.027385272,18.723515,0.9781524450067476,1.0,False
CG33285,0.027385272,18.161072,0.9781524450067476,1.0,False
SkpB,0.027385272,18.00676,0.9781524450067476,1.0,False
CG13575,0.027385272,18.139868,0.9781524450067476,1.0,False
CG31787,0.027385272,18.540798,0.9781524450067476,1.0,False
CG34138,0.027385272,17.728533,0.9781524450067476,1.0,False
CG10934,0.027385272,18.709604,0.9781524450067476,1.0,False
CG8664,0.027385272,18.978426,0.9781524450067476,1.0,False
CG34247,0.027385272,18.391388,0.9781524450067476,1.0,False
CG2901,0.027385272,16.955763,0.9781524450067476,1.0,False
Or22b,0.027385272,17.47005,0.9781524450067476,1.0,False
polyph,0.027385272,17.952602,0.9781524450067476,1.0,False
CG42564,0.027385272,17.801115,0.9781524450067476,1.0,False
CG4744,0.027385272,18.468441,0.9781524450067476,1.0,False
CG14111,0.027385272,18.645498,0.9781524450067476,1.0,False
CG17298,0.027385272,18.864882,0.9781524450067476,1.0,False
CG13324,0.027385272,18.587996,0.9781524450067476,1.0,False
CG45105,0.027385272,17.304007,0.9781524450067476,1.0,False
lncRNA:CR46247,0.027385272,18.28029,0.9781524450067476,1.0,False
CG10510,0.027385272,18.32975,0.9781524450067476,1.0,False
CG13581,0.027385272,18.56184,0.9781524450067476,1.0,False
Prx6c,0.027385272,0.9000977,0.9781524450067476,1.0,False
polo,0.027385272,17.620647,0.9781524450067476,1.0,False
lbe,0.027385272,0.45056984,0.9781524450067476,1.0,False
CG10486,0.027385272,18.171421,0.9781524450067476,1.0,False
CG44261,0.027385272,18.648607,0.9781524450067476,1.0,False
CG14564,0.027385272,18.332155,0.9781524450067476,1.0,False
ppk15,0.027385272,18.63398,0.9781524450067476,1.0,False
Or22c,0.027385272,17.459875,0.9781524450067476,1.0,False
CG10348,0.027385272,18.112555,0.9781524450067476,1.0,False
CG9570,0.027385272,18.339462,0.9781524450067476,1.0,False
lncRNA:CR45247,0.027385272,18.729652,0.9781524450067476,1.0,False
snoRNA:Or-aca4,0.027385272,18.572184,0.9781524450067476,1.0,False
CG30411,0.027385272,18.488966,0.9781524450067476,1.0,False
CG15169,0.027385272,18.395906,0.9781524450067476,1.0,False
CG4995,0.027385272,18.271488,0.9781524450067476,1.0,False
asRNA:CR43964,0.027385272,17.696404,0.9781524450067476,1.0,False
elfless,0.027385272,18.798143,0.9781524450067476,1.0,False
snoRNA:CD68,0.027385272,18.770744,0.9781524450067476,1.0,False
CG14421,0.027385272,18.049217,0.9781524450067476,1.0,False
ppk9,0.027385272,0.7806082,0.9781524450067476,1.0,False
spo,0.027385272,18.254515,0.9781524450067476,1.0,False
snoRNA:Psi28S-2179,0.027385272,18.622242,0.9781524450067476,1.0,False
CG7953,0.027385272,18.27024,0.9781524450067476,1.0,False
Sgs3,0.027385272,17.748268,0.9781524450067476,1.0,False
Cyp6a17,0.027385272,18.015366,0.9781524450067476,1.0,False
CG32240,0.027385272,18.052292,0.9781524450067476,1.0,False
CG10232,0.027385272,18.205067,0.9781524450067476,1.0,False
CG30431,0.027385272,18.633749,0.9781524450067476,1.0,False
CG13423,0.027385272,18.303165,0.9781524450067476,1.0,False
CG14736,0.027385272,17.918537,0.9781524450067476,1.0,False
Cdk1,0.027385272,17.822483,0.9781524450067476,1.0,False
Cubn2,0.027385272,18.032635,0.9781524450067476,1.0,False
Drsl2,0.027385272,18.668093,0.9781524450067476,1.0,False
CG42656,0.027385272,18.252768,0.9781524450067476,1.0,False
lncRNA:CR44714,0.027385272,18.752495,0.9781524450067476,1.0,False
Or2a,0.027385272,18.246548,0.9781524450067476,1.0,False
Galphaf,0.027385272,18.77261,0.9781524450067476,1.0,False
CG30391,0.027385272,18.022474,0.9781524450067476,1.0,False
CG34203,0.027385272,0.692346,0.9781524450067476,1.0,False
asRNA:CR44021,0.027385272,18.024967,0.9781524450067476,1.0,False
c(2)M,0.027385272,18.36733,0.9781524450067476,1.0,False
asRNA:CR43413,0.027385272,18.13741,0.9781524450067476,1.0,False
lncRNA:CR45150,0.027385272,17.970858,0.9781524450067476,1.0,False
CG10116,0.027385272,18.939661,0.9781524450067476,1.0,False
asRNA:CR44224,0.027385272,18.844528,0.9781524450067476,1.0,False
CG17217,0.027385272,18.577808,0.9781524450067476,1.0,False
Or67b,0.027385272,18.461866,0.9781524450067476,1.0,False
CG17570,0.027385272,17.789103,0.9781524450067476,1.0,False
CG31698,0.027385272,17.855843,0.9781524450067476,1.0,False
lncRNA:CR45461,0.027385272,19.15804,0.9781524450067476,1.0,False
CG13407,0.027385272,18.469337,0.9781524450067476,1.0,False
sisRNA:2,0.027385272,18.452497,0.9781524450067476,1.0,False
CG11672,0.027385272,18.55105,0.9781524450067476,1.0,False
dysf,0.027385272,17.897694,0.9781524450067476,1.0,False
CG44088,0.027385272,18.750704,0.9781524450067476,1.0,False
Gr36a,0.02738356,1.521959,0.9781538101376541,1.0,False
CG5561,0.02738356,0.9558983,0.9781538101376541,1.0,False
CG31495,0.02738356,1.943895,0.9781538101376541,1.0,False
lncRNA:CR45337,0.02738356,0.99491936,0.9781538101376541,1.0,False
lncRNA:CR40341,0.02738356,1.4012392,0.9781538101376541,1.0,False
lncRNA:CR44605,0.02738356,2.2092316,0.9781538101376541,1.0,False
Agpat4,0.02738356,1.2168853,0.9781538101376541,1.0,False
Gr66a,0.02738356,1.6425705,0.9781538101376541,1.0,False
CG32507,0.02738356,0.62574726,0.9781538101376541,1.0,False
CG2839,0.02738356,1.5667529,0.9781538101376541,1.0,False
asRNA:CR45144,0.02738356,1.298367,0.9781538101376541,1.0,False
CG15631,0.02738356,0.26538295,0.9781538101376541,1.0,False
Spn31A,0.02738356,1.2729534,0.9781538101376541,1.0,False
Cyp4d20,0.02738356,0.9681286,0.9781538101376541,1.0,False
Amy-p,0.02738356,1.3956501,0.9781538101376541,1.0,False
Ser8,0.02738356,1.5626258,0.9781538101376541,1.0,False
CG14759,0.02738356,1.5142694,0.9781538101376541,1.0,False
CG13331,0.02738356,1.3658121,0.9781538101376541,1.0,False
js,0.02738356,1.3647877,0.9781538101376541,1.0,False
CtsL2,0.02738356,1.4712969,0.9781538101376541,1.0,False
CG30484,0.02738356,0.41243917,0.9781538101376541,1.0,False
asRNA:CR44049,0.02738356,0.38931918,0.9781538101376541,1.0,False
snoRNA:CD20,0.02738356,0.75920326,0.9781538101376541,1.0,False
lncRNA:CR44733,0.02738356,0.5064526,0.9781538101376541,1.0,False
CG10345,0.027381849,0.8247243,0.9781551752686245,1.0,False
Or1a,0.027381849,0.8698017,0.9781551752686245,1.0,False
Cyp6a22,0.027381849,0.7644282,0.9781551752686245,1.0,False
CG1208,0.027381849,0.2777916,0.9781551752686245,1.0,False
CG5882,0.027381849,0.54662365,0.9781551752686245,1.0,False
CG9593,0.027381849,0.7571669,0.9781551752686245,1.0,False
lncRNA:CR44322,0.027381849,0.9301587,0.9781551752686245,1.0,False
CG32846,0.027380137,0.068259895,0.978156540399659,1.0,False
lncRNA:CR45976,0.027380137,1.080753,0.978156540399659,1.0,False
CG15147,0.027380137,0.048858713,0.978156540399659,1.0,False
CG10793,0.027380137,0.68861586,0.978156540399659,1.0,False
CG44329,0.027380137,0.35899457,0.978156540399659,1.0,False
lncRNA:CR46043,0.027380137,0.9914621,0.978156540399659,1.0,False
asRNA:CR45892,0.027380137,0.43297595,0.978156540399659,1.0,False
CG15425,0.027380137,0.9424469,0.978156540399659,1.0,False
CG15347,0.027380137,0.8471042,0.978156540399659,1.0,False
CG5116,0.027380137,0.057363886,0.978156540399659,1.0,False
Lip1,0.027380137,0.88635015,0.978156540399659,1.0,False
snoRNA:Psi28S-1060,0.027380137,0.5441387,0.978156540399659,1.0,False
CG13786,0.027380137,0.53576016,0.978156540399659,1.0,False
CG11617,0.027380137,0.62972504,0.978156540399659,1.0,False
lncRNA:CR45732,0.027380137,1.4081386,0.978156540399659,1.0,False
lncRNA:CR44048,0.027380137,0.590901,0.978156540399659,1.0,False
CG34430,0.027380137,0.5748428,0.978156540399659,1.0,False
lncRNA:CR45996,0.027380137,0.9358992,0.978156540399659,1.0,False
CG42633,0.027380137,0.11121948,0.978156540399659,1.0,False
tilB,0.027380137,0.10752071,0.978156540399659,1.0,False
CG13527,0.027380137,1.3054727,0.978156540399659,1.0,False
CG11842,0.027380137,0.49892065,0.978156540399659,1.0,False
CG9312,0.027380137,0.6783143,0.978156540399659,1.0,False
snoRNA:Psi28S-3305a,0.027380137,0.8531918,0.978156540399659,1.0,False
Tpc2,0.027380137,1.1257727,0.978156540399659,1.0,False
CG13949,0.027380137,0.75237,0.978156540399659,1.0,False
RpL7-like,0.027380137,0.7724425,0.978156540399659,1.0,False
asRNA:CR43916,0.027378425,0.47077215,0.9781579055307574,1.0,False
lncRNA:CR45566,0.027378425,0.36195365,0.9781579055307574,1.0,False
CG33468,0.027378425,0.40807912,0.9781579055307574,1.0,False
CG43330,0.027378425,0.4659598,0.9781579055307574,1.0,False
asRNA:CR45804,0.027378425,0.4824405,0.9781579055307574,1.0,False
asRNA:CR45162,0.027378425,0.50239575,0.9781579055307574,1.0,False
trabl,0.027378425,0.83022183,0.9781579055307574,1.0,False
CG34396,0.027378425,0.7388256,0.9781579055307574,1.0,False
Mst89B,0.027378425,0.38466787,0.9781579055307574,1.0,False
CG7924,0.027376715,0.13858147,0.9781592706619198,1.0,False
lncRNA:CR46021,0.027376715,0.3556013,0.9781592706619198,1.0,False
asRNA:CR31144,0.027376715,0.2043758,0.9781592706619198,1.0,False
CG31861,0.027376715,0.2464162,0.9781592706619198,1.0,False
CG7309,0.027376715,0.43491957,0.9781592706619198,1.0,False
CG11263,0.027376715,0.40946993,0.9781592706619198,1.0,False
CG6429,0.027376715,0.2684051,0.9781592706619198,1.0,False
Nplp4,0.027376715,0.39225355,0.9781592706619198,1.0,False
asRNA:CR44911,0.027375003,0.13546331,0.9781606357931462,1.0,False
lncRNA:CR44999,0.027375003,0.0016896398,0.9781606357931462,1.0,False
Adgf-A,0.027375003,-0.25302505,0.9781606357931462,1.0,False
Dmel_CR43428,0.027373292,0.3992057,0.9781620009244365,1.0,False
asRNA:CR44106,0.027373292,0.111320995,0.9781620009244365,1.0,False
CG13168,0.027373292,0.03802491,0.9781620009244365,1.0,False
unpg,0.027373292,0.25401172,0.9781620009244365,1.0,False
shf,0.027373292,0.18392436,0.9781620009244365,1.0,False
bond,0.027373292,0.21220212,0.9781620009244365,1.0,False
lncRNA:CR45480,0.027373292,0.14434165,0.9781620009244365,1.0,False
CG1631,0.02737158,0.13607705,0.9781633660557908,1.0,False
CG8854,0.02737158,0.43491423,0.9781633660557908,1.0,False
lncRNA:CR43684,0.02737158,0.08295488,0.9781633660557908,1.0,False
CG31875,0.02737158,0.11509649,0.9781633660557908,1.0,False
lncRNA:CR44779,0.02737158,0.16643193,0.9781633660557908,1.0,False
Rtnl2,0.02737158,-0.58030564,0.9781633660557908,1.0,False
asRNA:CR45828,0.02737158,0.062006935,0.9781633660557908,1.0,False
CG8219,0.02737158,-0.10158904,0.9781633660557908,1.0,False
CG34330,0.02737158,0.25480145,0.9781633660557908,1.0,False
Mec2,0.02737158,0.3408704,0.9781633660557908,1.0,False
swi2,0.027369868,0.27017462,0.978164731187209,1.0,False
asRNA:CR43767,0.027369868,0.09017018,0.978164731187209,1.0,False
CG11961,0.027369868,0.1555784,0.978164731187209,1.0,False
Nek2,0.027369868,0.3648896,0.978164731187209,1.0,False
CG12964,0.027368156,0.25902766,0.9781660963186912,1.0,False
asRNA:CR45538,0.027366444,-0.002954777,0.9781674614502374,1.0,False
lncRNA:CR45972,0.02736302,0.18880674,0.9781701917135215,1.0,False
Cnb,0.02736131,0.018835513,0.9781715568452594,1.0,False
asRNA:CR31845,0.02736131,0.10677225,0.9781715568452594,1.0,False
Ir93a,0.0273596,-0.29010984,0.9781729219770613,1.0,False
Cyp6a14,0.0273596,0.040190935,0.9781729219770613,1.0,False
CG12493,0.027356176,0.17848644,0.9781756522408568,1.0,False
lncRNA:CR45199,0.027354464,0.13951671,0.9781770173728505,1.0,False
CG14410,0.027354464,-0.67507386,0.9781770173728505,1.0,False
Caf1-180,0.027352752,0.051280186,0.9781783825049081,1.0,False
CG7768,0.027352752,-0.037520073,0.9781783825049081,1.0,False
FASN3,0.027352752,0.12524971,0.9781783825049081,1.0,False
CG15040,0.027352752,0.03121984,0.9781783825049081,1.0,False
CG14563,0.027352752,0.09231359,0.9781783825049081,1.0,False
CG42711,0.027349329,-0.02375105,0.9781811127692149,1.0,False
lncRNA:CR46126,0.027347617,-0.6908366,0.9781824779014642,1.0,False
Mccc2,0.027345905,0.06317927,0.9781838430337774,1.0,False
asRNA:CR45925,0.027344193,-0.23540257,0.9781852081661544,1.0,False
Skel,0.027344193,-0.31922495,0.9781852081661544,1.0,False
CG6125,0.02733906,-0.11926024,0.978189303563669,1.0,False
Phk-3,0.027337348,0.09760766,0.9781906686963016,1.0,False
CG4928,0.027337348,-0.5241585,0.9781906686963016,1.0,False
T3dh,0.027337348,-0.035153933,0.9781906686963016,1.0,False
Rbf2,0.027335636,0.12426788,0.9781920338289981,1.0,False
CG6569,0.027335636,-0.46663088,0.9781920338289981,1.0,False
feo,0.027333925,0.010648388,0.9781933989617584,1.0,False
PGRP-SC2,0.027332213,-0.11426246,0.9781947640945826,1.0,False
CG33642,0.027332213,-0.24385174,0.9781947640945826,1.0,False
Mccc1,0.027330501,-0.24050948,0.9781961292274708,1.0,False
Cyp6g2,0.027330501,-0.14157398,0.9781961292274708,1.0,False
CG7236,0.02732879,-0.10967392,0.9781974943604227,1.0,False
CG15196,0.027320232,-0.22545332,0.9782043200261402,1.0,False
lncRNA:CR45693,0.027315097,-0.07181602,0.9782084154263367,1.0,False
CG8292,0.027308252,-0.30634472,0.9782138759608257,1.0,False
CG33278,0.027308252,-0.09654863,0.9782138759608257,1.0,False
CG31988,0.02730654,-0.28766128,0.9782152410946073,1.0,False
Gbp2,0.027301405,-0.10937981,0.9782193364963354,1.0,False
CG17928,0.027299693,0.045668945,0.9782207016303723,1.0,False
ato,0.027299693,-0.19697492,0.9782207016303723,1.0,False
asRNA:CR46096,0.02729627,-0.40444487,0.9782234318986376,1.0,False
t-cup,0.02729627,-0.03601438,0.9782234318986376,1.0,False
MAGE,0.027291136,0.012750639,0.9782275273015137,1.0,False
CG6142,0.027289424,0.029220518,0.9782288924359333,1.0,False
lncRNA:CR45530,0.027287712,-0.2491485,0.9782302575704167,1.0,False
ssp2,0.027275732,-0.38628367,0.9782398135135851,1.0,False
sisRNA:1,0.027275732,-0.044197544,0.9782398135135851,1.0,False
CG14855,0.02727402,-0.22764036,0.9782411786485785,1.0,False
Prip,0.027272308,-0.11929115,0.9782425437836355,1.0,False
CG14495,0.027270596,-0.08259649,0.9782439089187563,1.0,False
Cpr67B,0.027251769,-0.15949571,0.9782589254092893,1.0,False
CG5096,0.02723123,-0.36163357,0.9782753070441121,1.0,False
rod,0.027226096,0.019339526,0.9782794024542497,1.0,False
Nepl19,0.027222672,-0.15142564,0.9782821327279929,1.0,False
lncRNA:Irar,0.027217537,-0.17121547,0.9782862281390846,1.0,False
CG8306,0.027193576,-0.17620431,0.978305340065079,1.0,False
asRNA:CR45896,0.027185017,-0.25878185,0.9783121657559527,1.0,False
Orc5,0.027181594,-0.044912223,0.9783148960327468,1.0,False
hebe,0.027167901,-0.14414391,0.9783258171424636,1.0,False
egr,0.027147362,-0.0770774,0.9783421988146557,1.0,False
stet,0.027123401,0.014220696,0.9783613107770903,1.0,False
lncRNA:CR45180,0.027097726,-0.11884245,0.9783817878934826,1.0,False
Tti1,0.027092593,-0.04965936,0.9783858833184711,1.0,False
Mtkl,0.026962511,-0.2473033,0.9784896342745882,1.0,False
PolG1,0.026935127,-0.24199107,0.9785114766275657,1.0,False
CG30156,0.026762256,-0.03148044,0.978649356851921,1.0,False
CG34166,0.026748564,-0.40362987,0.9786602780851283,1.0,False
CG4854,0.026604792,-0.055202376,0.9787749512749149,1.0,False
Dso1,0.026577407,-0.2522183,0.9787967938370591,1.0,False
Ir56a,0.026519213,-0.22047497,0.9788432093343802,1.0,False
Gcn2,0.026503809,-0.022973873,0.97885549580155,1.0,False
Exd2,0.026486693,-0.13166599,0.9788691474376217,1.0,False
Lapsyn,0.026473,-0.2891911,0.9788800687509351,1.0,False
sage,0.026240226,-0.14797613,0.9790657316812943,1.0,False
CG10927,0.026175186,-0.30081204,0.9791176082914387,1.0,False
CG6345,0.025853409,-0.079310894,0.979374262289319,1.0,False
GstE3,0.02584485,-0.14472641,0.9793810882227834,1.0,False
CG30096,0.025836293,-0.14877719,0.9793879141577573,1.0,False
Muc12Ea,0.025760984,-0.24664392,0.9794479824505512,1.0,False
Grip75,0.025516227,-0.16050602,0.9796432052051908,1.0,False
vls,0.025360474,-0.037531544,0.979767438502771,1.0,False
BomS3,0.025280029,-0.30215585,0.9798316031455356,1.0,False
CG13603,0.025280029,-0.06805242,0.9798316031455356,1.0,False
CG32755,0.0251277,-0.38974744,0.9799531067623969,1.0,False
Polr1C,0.024882942,-0.049353443,0.9801483326476544,1.0,False
Dbp21E2,0.024502972,-0.14015949,0.9804514129468183,1.0,False
UQCR-C1,0.02415381,0.04598568,0.9807299216566104,1.0,False
cu,0.024148675,-0.07751892,0.9807340173905389,1.0,False
AlaRS,0.02404427,-0.070044085,0.9808172974237499,1.0,False
CG33111,0.023992922,-0.07712381,0.9808582548938812,1.0,False
CG13300,0.02343837,-0.13934648,0.981300598764054,1.0,False
Plap,0.023250096,-0.13857435,0.9814507785526603,1.0,False
Hr96,0.023181632,-0.11958308,0.9815053895481514,1.0,False
Hrb27C,0.022815354,0.1183082,0.9817975598399684,1.0,False
Cht6,0.022628793,-0.19756591,0.9819463764903433,1.0,False
IntS11,0.022597983,-0.13283041,0.9819709517775902,1.0,False
Dph5,0.02257231,-0.09224889,0.9819914311967001,1.0,False
CAH2,0.021762734,-0.24682519,0.9826372215631887,1.0,False
AIF,0.02095658,-0.13141303,0.9832802926215778,1.0,False
lncRNA:CR43685,0.020867577,-0.15096946,0.9833512905244857,1.0,False
Csl4,0.020828212,-0.14665937,0.983382693485173,1.0,False
MED27,0.019178249,-0.15289807,0.984698909700804,1.0,False
Gar1,0.018945474,-0.1640875,0.9848846033903064,1.0,False
Nemp,0.018490193,-0.16386843,0.985247800758617,1.0,False
CG6028,0.018010952,-0.1358846,0.9856301170795677,1.0,False
mRpL17,0.016458549,-0.10718202,0.9868685710848317,1.0,False
CG8516,0.016121367,-0.096489094,0.9871375670343658,1.0,False
Nnf1a,0.016066596,0.075855866,0.9871812619467497,1.0,False
CRMP,0.016028943,-0.11838268,0.9872113022213258,1.0,False
CG32407,0.015253597,-0.35202536,0.9878298627527464,1.0,False
CG11975,0.014479962,-0.14435416,0.9884470651000862,1.0,False
CG13896,0.014337902,0.06683253,0.9885604016916534,1.0,False
r-l,0.014185571,0.031177517,0.9886819315462647,1.0,False
CG14883,0.013993874,-0.09756591,0.9888348683653546,1.0,False
CG11368,0.0139836045,0.12390448,0.9888430614208624,1.0,False
asRNA:CR44119,0.013809023,0.08478374,0.9889823435438039,1.0,False
CG1638,0.013802177,0.17833719,0.9889878055947107,1.0,False
TTLL6B,0.013774792,0.43068147,0.9890096538034964,1.0,False
CG44437,0.013766234,0.22273658,0.989016481370433,1.0,False
CG15923,0.01375083,0.3325034,0.9890287709929453,1.0,False
CG5107,0.01375083,0.47659612,0.9890287709929453,1.0,False
Mrp4,0.01375083,0.019567903,0.9890287709929453,1.0,False
Hdc,0.01375083,0.22192529,0.9890287709929453,1.0,False
CG30356,0.013743984,0.6275796,0.989034233048231,1.0,False
nerfin-1,0.01374056,0.63210297,0.9890369640760666,1.0,False
CG33912,0.01374056,0.12416919,0.9890369640760666,1.0,False
ec,0.013737137,0.5365775,0.9890396951040307,1.0,False
lncRNA:CR43437,0.013737137,0.68699116,0.9890396951040307,1.0,False
hfw,0.013733714,0.08395502,0.9890424261321231,1.0,False
CG8870,0.01373029,1.1471369,0.989045157160344,1.0,False
asRNA:CR45104,0.01373029,0.5040558,0.989045157160344,1.0,False
CG34107,0.013726868,0.6496386,0.9890478881886933,1.0,False
OdsH,0.013723444,0.5600667,0.9890506192171709,1.0,False
lncRNA:CR42767,0.013723444,0.8001831,0.9890506192171709,1.0,False
Uros2,0.013720022,0.78691,0.9890533502457767,1.0,False
plh,0.013716598,0.27050442,0.9890560812745108,1.0,False
asRNA:CR46107,0.013713175,0.8042402,0.9890588123033732,1.0,False
Cyt-c1L,0.013713175,0.6999578,0.9890588123033732,1.0,False
Tep1,0.013713175,0.88548994,0.9890588123033732,1.0,False
resilin,0.013713175,1.4688213,0.9890588123033732,1.0,False
Osi17,0.013709752,0.6106332,0.9890615433323637,1.0,False
CG12985,0.013706328,0.59101397,0.9890642743614825,1.0,False
scaRNA:MeU4-A65,0.013706328,1.0501782,0.9890642743614825,1.0,False
CG30385,0.013706328,0.5223195,0.9890642743614825,1.0,False
snoRNA:lola-d,0.013706328,0.7617479,0.9890642743614825,1.0,False
Est17,0.013706328,0.7190409,0.9890642743614825,1.0,False
CG43315,0.013702906,2.0279353,0.9890670053907294,1.0,False
CG7094,0.013702906,1.5937116,0.9890670053907294,1.0,False
CG13694,0.013702906,0.9517735,0.9890670053907294,1.0,False
lncRNA:CR34044,0.013702906,1.3935484,0.9890670053907294,1.0,False
Npc2e,0.013702906,0.34881577,0.9890670053907294,1.0,False
Tsp2A,0.013702906,1.5741955,0.9890670053907294,1.0,False
CG11362,0.013702906,0.5937431,0.9890670053907294,1.0,False
CG12896,0.013699482,0.69031817,0.9890697364201044,1.0,False
asRNA:CR46055,0.013699482,0.14771216,0.9890697364201044,1.0,False
CG33752,0.013699482,0.87889606,0.9890697364201044,1.0,False
Sardh,0.013699482,0.7412913,0.9890697364201044,1.0,False
modSP,0.013699482,0.49434954,0.9890697364201044,1.0,False
CG43915,0.013699482,0.58385926,0.9890697364201044,1.0,False
NimB3,0.013699482,0.45974797,0.9890697364201044,1.0,False
CG30062,0.013699482,0.3682363,0.9890697364201044,1.0,False
lncRNA:CR46127,0.013699482,0.17152898,0.9890697364201044,1.0,False
robl62A,0.013699482,0.8345291,0.9890697364201044,1.0,False
lncRNA:CR45475,0.013699482,0.5908712,0.9890697364201044,1.0,False
CG17258,0.013699482,0.9469689,0.9890697364201044,1.0,False
CG7227,0.01369606,3.1481543,0.9890724674496074,1.0,False
spn-E,0.01369606,2.155719,0.9890724674496074,1.0,False
shd,0.01369606,1.9657543,0.9890724674496074,1.0,False
lncRNA:CR45401,0.01369606,1.5855914,0.9890724674496074,1.0,False
Smyd4-2,0.01369606,2.1799324,0.9890724674496074,1.0,False
5.8SrRNA-Psi:CR45857,0.01369606,1.137572,0.9890724674496074,1.0,False
lncRNA:CR44760,0.01369606,1.5768499,0.9890724674496074,1.0,False
CG17047,0.01369606,0.4864398,0.9890724674496074,1.0,False
CG32668,0.01369606,0.15910761,0.9890724674496074,1.0,False
lncRNA:CR46148,0.01369606,0.48905796,0.9890724674496074,1.0,False
CG34189,0.01369606,2.3351767,0.9890724674496074,1.0,False
Eh,0.01369606,1.6055219,0.9890724674496074,1.0,False
CG34446,0.01369606,0.66812235,0.9890724674496074,1.0,False
lncRNA:CR44313,0.01369606,2.3005342,0.9890724674496074,1.0,False
CG11226,0.01369606,1.8364685,0.9890724674496074,1.0,False
asRNA:CR43971,0.01369606,1.7199403,0.9890724674496074,1.0,False
comm2,0.01369606,1.217203,0.9890724674496074,1.0,False
CG1494,0.01369606,2.5228176,0.9890724674496074,1.0,False
CG42486,0.01369606,2.208773,0.9890724674496074,1.0,False
Mcm10,0.01369606,2.5149014,0.9890724674496074,1.0,False
hh,0.01369606,0.7381651,0.9890724674496074,1.0,False
CG30479,0.01369606,1.8118498,0.9890724674496074,1.0,False
CG32811,0.01369606,1.5277767,0.9890724674496074,1.0,False
CG3927,0.01369606,2.1583054,0.9890724674496074,1.0,False
lncRNA:CR46087,0.01369606,2.0096693,0.9890724674496074,1.0,False
CG4563,0.01369606,0.9015502,0.9890724674496074,1.0,False
lncRNA:CR44186,0.01369606,0.57480574,0.9890724674496074,1.0,False
CG10841,0.01369606,1.4778773,0.9890724674496074,1.0,False
CG1441,0.01369606,1.2664393,0.9890724674496074,1.0,False
CG32371,0.01369606,2.8201885,0.9890724674496074,1.0,False
BomBc1,0.01369606,0.80032307,0.9890724674496074,1.0,False
Gyc76C,0.01369606,0.85779667,0.9890724674496074,1.0,False
LysX,0.01369606,0.59284115,0.9890724674496074,1.0,False
CG14292,0.01369606,3.279578,0.9890724674496074,1.0,False
Gpo2,0.01369606,2.7554984,0.9890724674496074,1.0,False
lncRNA:CR45880,0.01369606,1.7660036,0.9890724674496074,1.0,False
Cpr62Bc,0.01369606,2.2358263,0.9890724674496074,1.0,False
asRNA:CR45927,0.01369606,2.1776679,0.9890724674496074,1.0,False
CG12963,0.01369606,5.0120664,0.9890724674496074,1.0,False
CG31551,0.01369606,3.2187138,0.9890724674496074,1.0,False
lncRNA:CR46039,0.01369606,3.8207278,0.9890724674496074,1.0,False
CG12362,0.01369606,0.6909159,0.9890724674496074,1.0,False
CG31029,0.01369606,1.0600567,0.9890724674496074,1.0,False
CG13563,0.01369606,2.452796,0.9890724674496074,1.0,False
lncRNA:CR45531,0.01369606,1.2517536,0.9890724674496074,1.0,False
CG18754,0.01369606,1.0702761,0.9890724674496074,1.0,False
CG32718,0.01369606,1.5698057,0.9890724674496074,1.0,False
dec2,0.01369606,0.38633227,0.9890724674496074,1.0,False
Pig1,0.01369606,0.77798355,0.9890724674496074,1.0,False
CG15876,0.01369606,2.0671303,0.9890724674496074,1.0,False
lncRNA:CR45378,0.01369606,1.187302,0.9890724674496074,1.0,False
Npc2f,0.01369606,3.8270347,0.9890724674496074,1.0,False
CG13405,0.013692636,17.012085,0.9890751984792385,1.0,False
CG15306,0.013692636,16.922579,0.9890751984792385,1.0,False
CG34041,0.013692636,0.5649797,0.9890751984792385,1.0,False
CG13607,0.013692636,18.086826,0.9890751984792385,1.0,False
lncRNA:CR45111,0.013692636,17.551903,0.9890751984792385,1.0,False
CG12689,0.013692636,15.112327,0.9890751984792385,1.0,False
Nepl6,0.013692636,1.3001595,0.9890751984792385,1.0,False
Vml,0.013692636,15.473919,0.9890751984792385,1.0,False
CG1801,0.013692636,16.264463,0.9890751984792385,1.0,False
lncRNA:CR45553,0.013692636,16.9637,0.9890751984792385,1.0,False
lncRNA:CR44899,0.013692636,14.88103,0.9890751984792385,1.0,False
asRNA:CR45924,0.013692636,18.522903,0.9890751984792385,1.0,False
asRNA:CR44600,0.013692636,2.5227396,0.9890751984792385,1.0,False
Nnf1b,0.013692636,17.852158,0.9890751984792385,1.0,False
lncRNA:CR45575,0.013692636,16.62548,0.9890751984792385,1.0,False
CG11630,0.013692636,17.730453,0.9890751984792385,1.0,False
CG33772,0.013692636,17.577778,0.9890751984792385,1.0,False
CG4377,0.013692636,16.655514,0.9890751984792385,1.0,False
CG32500,0.013692636,0.40672937,0.9890751984792385,1.0,False
lcs,0.013692636,17.074297,0.9890751984792385,1.0,False
CG33299,0.013692636,15.709329,0.9890751984792385,1.0,False
CG45066,0.013692636,14.977882,0.9890751984792385,1.0,False
Cht7,0.013692636,17.608854,0.9890751984792385,1.0,False
CG18266,0.013692636,16.099407,0.9890751984792385,1.0,False
CG9021,0.013692636,0.7208788,0.9890751984792385,1.0,False
bora,0.013692636,16.765049,0.9890751984792385,1.0,False
lncRNA:CR44068,0.013692636,16.500786,0.9890751984792385,1.0,False
whip,0.013692636,17.702917,0.9890751984792385,1.0,False
CG43108,0.013692636,17.815657,0.9890751984792385,1.0,False
CG15308,0.013692636,17.37732,0.9890751984792385,1.0,False
snoRNA:Psi28S-1232,0.013692636,18.284119,0.9890751984792385,1.0,False
lncRNA:CR43753,0.013692636,17.10272,0.9890751984792385,1.0,False
CG4267,0.013692636,18.43197,0.9890751984792385,1.0,False
Ccp84Ag,0.013692636,17.79965,0.9890751984792385,1.0,False
CG31805,0.013692636,17.989477,0.9890751984792385,1.0,False
slam,0.013692636,17.560276,0.9890751984792385,1.0,False
asRNA:CR45834,0.013692636,15.87605,0.9890751984792385,1.0,False
lncRNA:CR32027,0.013692636,16.451527,0.9890751984792385,1.0,False
CG12477,0.013692636,18.449003,0.9890751984792385,1.0,False
CG15719,0.013692636,17.272333,0.9890751984792385,1.0,False
lncRNA:CR46259,0.013692636,15.29638,0.9890751984792385,1.0,False
CG8907,0.013692636,18.460876,0.9890751984792385,1.0,False
CG7542,0.013692636,18.202915,0.9890751984792385,1.0,False
lncRNA:CR45578,0.013692636,17.050838,0.9890751984792385,1.0,False
CG18577,0.013692636,17.340635,0.9890751984792385,1.0,False
Kaz-m1,0.013692636,18.215477,0.9890751984792385,1.0,False
CG16956,0.013692636,18.160364,0.9890751984792385,1.0,False
snoRNA:Psi28S-3405b,0.013692636,16.528177,0.9890751984792385,1.0,False
lncRNA:CR43440,0.013692636,16.831696,0.9890751984792385,1.0,False
alpha4GT2,0.013692636,17.20355,0.9890751984792385,1.0,False
CG42763,0.013692636,0.25606114,0.9890751984792385,1.0,False
CG3769,0.013692636,17.498404,0.9890751984792385,1.0,False
S-Lap3,0.013692636,17.608002,0.9890751984792385,1.0,False
lncRNA:CR45245,0.013692636,0.7339984,0.9890751984792385,1.0,False
yellow-d2,0.013692636,18.268238,0.9890751984792385,1.0,False
asp,0.013692636,16.963057,0.9890751984792385,1.0,False
CG11498,0.013692636,17.42549,0.9890751984792385,1.0,False
CG33927,0.013692636,17.789356,0.9890751984792385,1.0,False
lncRNA:CR43424,0.013692636,18.37627,0.9890751984792385,1.0,False
CG43920,0.013692636,17.19826,0.9890751984792385,1.0,False
snoRNA:CD3a,0.013692636,17.407942,0.9890751984792385,1.0,False
lncRNA:CR45215,0.013692636,18.13357,0.9890751984792385,1.0,False
lncRNA:CR45655,0.013692636,18.252693,0.9890751984792385,1.0,False
asRNA:CR46134,0.013692636,17.067886,0.9890751984792385,1.0,False
CG16723,0.013692636,17.737543,0.9890751984792385,1.0,False
CNMa,0.013692636,0.72300607,0.9890751984792385,1.0,False
CG6432,0.013692636,14.8132715,0.9890751984792385,1.0,False
CG34332,0.013692636,17.149244,0.9890751984792385,1.0,False
CG16824,0.013692636,1.1853418,0.9890751984792385,1.0,False
asRNA:CR44083,0.013692636,0.6316666,0.9890751984792385,1.0,False
tap,0.013692636,17.755823,0.9890751984792385,1.0,False
brv2,0.013692636,14.8132715,0.9890751984792385,1.0,False
gNacalpha,0.013692636,16.47912,0.9890751984792385,1.0,False
CG6333,0.013692636,16.96145,0.9890751984792385,1.0,False
Cyp313b1,0.013692636,17.322407,0.9890751984792385,1.0,False
eIF4E7,0.013692636,17.81882,0.9890751984792385,1.0,False
CG32642,0.013692636,16.832563,0.9890751984792385,1.0,False
lncRNA:CR45625,0.013692636,17.383286,0.9890751984792385,1.0,False
CG18223,0.013692636,17.573376,0.9890751984792385,1.0,False
asRNA:CR45210,0.013692636,17.241888,0.9890751984792385,1.0,False
CG18635,0.013692636,17.295284,0.9890751984792385,1.0,False
CG43124,0.013692636,17.111773,0.9890751984792385,1.0,False
lncRNA:CR44338,0.013692636,15.855471,0.9890751984792385,1.0,False
CG12229,0.013692636,1.206009,0.9890751984792385,1.0,False
CG32181,0.013692636,17.881077,0.9890751984792385,1.0,False
CG32182,0.013692636,17.254955,0.9890751984792385,1.0,False
CG43449,0.013692636,16.88172,0.9890751984792385,1.0,False
CG9184,0.013692636,17.09356,0.9890751984792385,1.0,False
Bro,0.013692636,17.658062,0.9890751984792385,1.0,False
thw,0.013692636,17.604599,0.9890751984792385,1.0,False
CG30379,0.013692636,18.36234,0.9890751984792385,1.0,False
asRNA:CR45046,0.013692636,17.823765,0.9890751984792385,1.0,False
CG31178,0.013692636,18.205133,0.9890751984792385,1.0,False
Odc2,0.013692636,18.284737,0.9890751984792385,1.0,False
mir-4980,0.013692636,16.91761,0.9890751984792385,1.0,False
CG33062,0.013692636,17.192215,0.9890751984792385,1.0,False
TotB,0.013692636,17.601772,0.9890751984792385,1.0,False
mir-3645,0.013692636,18.53716,0.9890751984792385,1.0,False
CG43318,0.013692636,17.814606,0.9890751984792385,1.0,False
CG4576,0.013692636,17.6117,0.9890751984792385,1.0,False
CG43125,0.013692636,17.479393,0.9890751984792385,1.0,False
CG30339,0.013692636,17.332253,0.9890751984792385,1.0,False
CG31446,0.013692636,16.999435,0.9890751984792385,1.0,False
CG30088,0.013692636,17.012085,0.9890751984792385,1.0,False
lncRNA:CR44713,0.013692636,0.8746264,0.9890751984792385,1.0,False
CG8072,0.013692636,2.058877,0.9890751984792385,1.0,False
Srg2,0.013692636,18.049896,0.9890751984792385,1.0,False
lncRNA:CR45372,0.013692636,16.239716,0.9890751984792385,1.0,False
CG43179,0.013692636,16.732656,0.9890751984792385,1.0,False
CG43198,0.013692636,17.800686,0.9890751984792385,1.0,False
CG6893,0.013692636,16.67137,0.9890751984792385,1.0,False
Mal-A2,0.013692636,17.60857,0.9890751984792385,1.0,False
mthl4,0.013692636,17.11687,0.9890751984792385,1.0,False
CG10953,0.013692636,16.596004,0.9890751984792385,1.0,False
CG17290,0.013692636,16.57842,0.9890751984792385,1.0,False
CG42815,0.013692636,17.347298,0.9890751984792385,1.0,False
lncRNA:CR44676,0.013692636,17.745335,0.9890751984792385,1.0,False
CG14499,0.013692636,16.940756,0.9890751984792385,1.0,False
CG5386,0.013692636,0.5646065,0.9890751984792385,1.0,False
CG2898,0.013692636,17.415022,0.9890751984792385,1.0,False
CG32679,0.013692636,16.995138,0.9890751984792385,1.0,False
snoRNA:CD11c,0.013692636,17.925867,0.9890751984792385,1.0,False
CG7557,0.013692636,17.76111,0.9890751984792385,1.0,False
lncRNA:CR45020,0.013692636,0.58660233,0.9890751984792385,1.0,False
E(spl)malpha-BFM,0.013692636,15.709329,0.9890751984792385,1.0,False
Spn88Eb,0.013692636,0.66065115,0.9890751984792385,1.0,False
CG7366,0.013692636,18.252693,0.9890751984792385,1.0,False
CG8541,0.013692636,16.952494,0.9890751984792385,1.0,False
CG42866,0.013692636,15.416473,0.9890751984792385,1.0,False
CG34051,0.013692636,18.443535,0.9890751984792385,1.0,False
lncRNA:CR44226,0.013692636,16.61603,0.9890751984792385,1.0,False
RpL22-like,0.013692636,17.043434,0.9890751984792385,1.0,False
snoRNA:Psi18S-640c,0.013692636,16.967888,0.9890751984792385,1.0,False
CG9897,0.013692636,18.533566,0.9890751984792385,1.0,False
CG1324,0.013692636,17.209656,0.9890751984792385,1.0,False
CG34309,0.013692636,0.10611009,0.9890751984792385,1.0,False
CheA87a,0.013692636,17.34908,0.9890751984792385,1.0,False
lncRNA:CR45338,0.013692636,17.841272,0.9890751984792385,1.0,False
CG32086,0.013692636,17.409119,0.9890751984792385,1.0,False
Nuf2,0.013692636,0.55570734,0.9890751984792385,1.0,False
CG30340,0.013692636,15.983638,0.9890751984792385,1.0,False
lncRNA:CR46113,0.013692636,16.98954,0.9890751984792385,1.0,False
CG14598,0.013692636,17.570633,0.9890751984792385,1.0,False
CG12645,0.013692636,17.410769,0.9890751984792385,1.0,False
PpY-55A,0.013692636,16.960487,0.9890751984792385,1.0,False
lncRNA:CR43974,0.013692636,18.040802,0.9890751984792385,1.0,False
lncRNA:CR45314,0.013692636,17.664349,0.9890751984792385,1.0,False
CG10912,0.013692636,0.4995442,0.9890751984792385,1.0,False
CatB,0.013692636,16.375277,0.9890751984792385,1.0,False
GstE10,0.013692636,15.144416,0.9890751984792385,1.0,False
CG17732,0.013692636,17.296774,0.9890751984792385,1.0,False
CG31230,0.013692636,17.024359,0.9890751984792385,1.0,False
CG8564,0.013692636,18.119509,0.9890751984792385,1.0,False
CG33136,0.013692636,17.354223,0.9890751984792385,1.0,False
lncRNA:CR44833,0.013692636,17.523504,0.9890751984792385,1.0,False
CG2861,0.013692636,0.57839185,0.9890751984792385,1.0,False
asRNA:bsAS,0.013692636,16.258188,0.9890751984792385,1.0,False
CG13031,0.013692636,17.896654,0.9890751984792385,1.0,False
CG15764,0.013692636,15.29638,0.9890751984792385,1.0,False
CG13965,0.013692636,18.291567,0.9890751984792385,1.0,False
CG13010,0.013692636,1.8216982,0.9890751984792385,1.0,False
Mcm2,0.013692636,16.374767,0.9890751984792385,1.0,False
CG8543,0.013692636,17.165293,0.9890751984792385,1.0,False
Vago,0.013692636,0.60468155,0.9890751984792385,1.0,False
CG6938,0.013692636,17.394615,0.9890751984792385,1.0,False
lncRNA:CR43263,0.013692636,0.8989507,0.9890751984792385,1.0,False
lncRNA:CR45346,0.013692636,16.97015,0.9890751984792385,1.0,False
CG5011,0.013692636,17.36232,0.9890751984792385,1.0,False
CG11333,0.013692636,1.0933609,0.9890751984792385,1.0,False
lncRNA:CR44295,0.013692636,17.888264,0.9890751984792385,1.0,False
asRNA:CR46105,0.013692636,15.863722,0.9890751984792385,1.0,False
CG14369,0.013692636,17.853619,0.9890751984792385,1.0,False
lncRNA:CR45004,0.013692636,15.62071,0.9890751984792385,1.0,False
asRNA:CR45969,0.013692636,17.348412,0.9890751984792385,1.0,False
snoRNA:Psi28S-1135c,0.013692636,17.144005,0.9890751984792385,1.0,False
lncRNA:CR44720,0.013692636,15.923921,0.9890751984792385,1.0,False
sunn,0.013692636,17.647377,0.9890751984792385,1.0,False
UQCR-14L,0.013692636,16.195452,0.9890751984792385,1.0,False
CG12917,0.013692636,17.012419,0.9890751984792385,1.0,False
Ntf-2r,0.013692636,17.796207,0.9890751984792385,1.0,False
Ir75a,0.013692636,16.983152,0.9890751984792385,1.0,False
CG34284,0.013692636,17.396475,0.9890751984792385,1.0,False
Or83a,0.013692636,16.583658,0.9890751984792385,1.0,False
FASN2,0.013692636,18.270658,0.9890751984792385,1.0,False
dsx-c73A,0.013692636,16.699886,0.9890751984792385,1.0,False
l(2)34Fc,0.013692636,18.315672,0.9890751984792385,1.0,False
CG42682,0.013692636,16.82003,0.9890751984792385,1.0,False
Ir41a,0.013692636,15.07994,0.9890751984792385,1.0,False
lncRNA:CR44528,0.013692636,16.485859,0.9890751984792385,1.0,False
CG42249,0.013692636,18.291567,0.9890751984792385,1.0,False
lncRNA:CR45410,0.013692636,17.803108,0.9890751984792385,1.0,False
mElo,0.013692636,1.4236882,0.9890751984792385,1.0,False
CG32633,0.013692636,17.798271,0.9890751984792385,1.0,False
CG43050,0.013692636,17.396475,0.9890751984792385,1.0,False
lncRNA:CR46350,0.013692636,17.307043,0.9890751984792385,1.0,False
CG42329,0.013692636,17.77951,0.9890751984792385,1.0,False
CG15483,0.013692636,16.048056,0.9890751984792385,1.0,False
Or98a,0.013692636,17.028252,0.9890751984792385,1.0,False
CG15754,0.013692636,17.508682,0.9890751984792385,1.0,False
CG13066,0.013692636,17.54841,0.9890751984792385,1.0,False
lncRNA:CR45006,0.013692636,17.52089,0.9890751984792385,1.0,False
lncRNA:CR43631,0.013692636,17.785269,0.9890751984792385,1.0,False
CG7294,0.013692636,18.515896,0.9890751984792385,1.0,False
CG7296,0.013692636,17.927849,0.9890751984792385,1.0,False
mir-2a-2,0.013692636,14.644692,0.9890751984792385,1.0,False
CG31697,0.013692636,17.325024,0.9890751984792385,1.0,False
CG12589,0.013692636,0.37326413,0.9890751984792385,1.0,False
CG43131,0.013692636,1.2058976,0.9890751984792385,1.0,False
Gpo3,0.013692636,16.94566,0.9890751984792385,1.0,False
lncRNA:CR44673,0.013692636,17.045153,0.9890751984792385,1.0,False
lncRNA:CR44581,0.013692636,16.985277,0.9890751984792385,1.0,False
CG8046,0.013692636,0.18544348,0.9890751984792385,1.0,False
Cs2,0.013692636,0.99100095,0.9890751984792385,1.0,False
TwdlY,0.013692636,17.79004,0.9890751984792385,1.0,False
CG33722,0.013692636,16.830538,0.9890751984792385,1.0,False
CG7968,0.013692636,16.885187,0.9890751984792385,1.0,False
CG7916,0.013692636,16.411129,0.9890751984792385,1.0,False
CG8997,0.013692636,15.9763155,0.9890751984792385,1.0,False
CG12990,0.013692636,17.155071,0.9890751984792385,1.0,False
Esp,0.013692636,17.544397,0.9890751984792385,1.0,False
CG5715,0.013692636,15.940795,0.9890751984792385,1.0,False
Prosalpha4T2,0.013692636,15.9763155,0.9890751984792385,1.0,False
CG8927,0.013692636,17.350197,0.9890751984792385,1.0,False
asRNA:CR45908,0.013692636,17.144566,0.9890751984792385,1.0,False
Mst84B,0.013692636,17.085,0.9890751984792385,1.0,False
lncRNA:CR44151,0.013692636,16.690008,0.9890751984792385,1.0,False
CG11409,0.013692636,16.750174,0.9890751984792385,1.0,False
fs(1)N,0.013692636,17.056553,0.9890751984792385,1.0,False
CG18810,0.013692636,17.7631,0.9890751984792385,1.0,False
lncRNA:CR45412,0.013692636,17.778498,0.9890751984792385,1.0,False
lncRNA:CR45415,0.013692636,17.600927,0.9890751984792385,1.0,False
Acbp6,0.013692636,14.338204,0.9890751984792385,1.0,False
CG14826,0.013692636,17.576952,0.9890751984792385,1.0,False
lncRNA:CR43682,0.013692636,16.940283,0.9890751984792385,1.0,False
lncRNA:CR44761,0.013692636,16.665766,0.9890751984792385,1.0,False
alpha-Est4,0.013692636,17.671278,0.9890751984792385,1.0,False
CG12607,0.013692636,17.006908,0.9890751984792385,1.0,False
CR43309,0.013692636,0.4298486,0.9890751984792385,1.0,False
CG14566,0.013692636,16.317999,0.9890751984792385,1.0,False
CG7140,0.013692636,18.15358,0.9890751984792385,1.0,False
Chs2,0.013692636,17.240063,0.9890751984792385,1.0,False
lncRNA:CR45746,0.013692636,16.334314,0.9890751984792385,1.0,False
lncRNA:CR44971,0.013692636,17.299334,0.9890751984792385,1.0,False
sphinx1,0.013692636,0.41629562,0.9890751984792385,1.0,False
lncRNA:CR45552,0.013692636,17.33776,0.9890751984792385,1.0,False
Bfc,0.013692636,16.476038,0.9890751984792385,1.0,False
asRNA:CR43637,0.013692636,16.940756,0.9890751984792385,1.0,False
Obp50e,0.013692636,17.380756,0.9890751984792385,1.0,False
Cpr11A,0.013692636,17.858383,0.9890751984792385,1.0,False
CG31106,0.013692636,16.896257,0.9890751984792385,1.0,False
lncRNA:CR45239,0.013692636,17.607718,0.9890751984792385,1.0,False
lncRNA:CR45658,0.013692636,0.68160933,0.9890751984792385,1.0,False
CG43402,0.013692636,17.182335,0.9890751984792385,1.0,False
CG34185,0.013692636,18.490295,0.9890751984792385,1.0,False
CG13062,0.013692636,17.037783,0.9890751984792385,1.0,False
CG12115,0.013692636,17.334892,0.9890751984792385,1.0,False
ppk19,0.013692636,15.663196,0.9890751984792385,1.0,False
snoRNA:CD51a,0.013692636,0.365356,0.9890751984792385,1.0,False
CG33655,0.013692636,17.231983,0.9890751984792385,1.0,False
snoRNA:Psi18S-1389b,0.013692636,15.112327,0.9890751984792385,1.0,False
CG15418,0.013692636,17.529545,0.9890751984792385,1.0,False
asRNA:CR45926,0.013692636,0.11249257,0.9890751984792385,1.0,False
CG4962,0.013692636,17.15809,0.9890751984792385,1.0,False
wbl,0.013692636,16.108587,0.9890751984792385,1.0,False
Jhbp7,0.013692636,17.728851,0.9890751984792385,1.0,False
Ir21a,0.013692636,14.977882,0.9890751984792385,1.0,False
lncRNA:CR44523,0.013692636,1.038504,0.9890751984792385,1.0,False
CG12766,0.013692636,0.791001,0.9890751984792385,1.0,False
CG13840,0.013692636,17.054472,0.9890751984792385,1.0,False
cysu,0.013692636,16.392618,0.9890751984792385,1.0,False
lncRNA:CR45306,0.013692636,0.8070252,0.9890751984792385,1.0,False
lncRNA:CR44080,0.013692636,16.068317,0.9890751984792385,1.0,False
lncRNA:CR44058,0.013692636,17.641785,0.9890751984792385,1.0,False
Tsp42Er,0.013692636,17.791748,0.9890751984792385,1.0,False
Tsp42Eo,0.013692636,18.485296,0.9890751984792385,1.0,False
Cyp313a3,0.013692636,17.648264,0.9890751984792385,1.0,False
CG42716,0.013692636,17.111773,0.9890751984792385,1.0,False
CG13231,0.013692636,0.53566,0.9890751984792385,1.0,False
CG43295,0.013692636,17.763432,0.9890751984792385,1.0,False
mms4,0.013692636,17.190271,0.9890751984792385,1.0,False
CG18480,0.013692636,16.885187,0.9890751984792385,1.0,False
lncRNA:CR43848,0.013692636,15.77732,0.9890751984792385,1.0,False
CG10164,0.013692636,16.500786,0.9890751984792385,1.0,False
CG4374,0.013692636,16.414484,0.9890751984792385,1.0,False
Obp19a,0.013692636,16.671497,0.9890751984792385,1.0,False
CG15458,0.013692636,17.296349,0.9890751984792385,1.0,False
Or35a,0.013692636,16.945026,0.9890751984792385,1.0,False
Or67a,0.013692636,0.5583371,0.9890751984792385,1.0,False
Cyp312a1,0.013692636,16.71762,0.9890751984792385,1.0,False
otu,0.013692636,0.067206,0.9890751984792385,1.0,False
CG15919,0.013692636,17.155449,0.9890751984792385,1.0,False
Ugt303A1,0.013692636,18.520267,0.9890751984792385,1.0,False
Acsx4,0.013692636,16.76313,0.9890751984792385,1.0,False
CG4770,0.013692636,17.859856,0.9890751984792385,1.0,False
CG13445,0.013692636,17.521673,0.9890751984792385,1.0,False
CG30033,0.013692636,17.813204,0.9890751984792385,1.0,False
asRNA:CR46081,0.013692636,17.852524,0.9890751984792385,1.0,False
CG14931,0.013692636,16.860523,0.9890751984792385,1.0,False
lncRNA:CR44494,0.013692636,16.390863,0.9890751984792385,1.0,False
asRNA:CR43868,0.013692636,17.525602,0.9890751984792385,1.0,False
dah,0.013692636,0.9756157,0.9890751984792385,1.0,False
CG40198,0.013692636,17.669466,0.9890751984792385,1.0,False
lncRNA:CR44256,0.013692636,17.102,0.9890751984792385,1.0,False
snoRNA:CD38b,0.013692636,16.865715,0.9890751984792385,1.0,False
Muc11A,0.013692636,17.09535,0.9890751984792385,1.0,False
Cyp318a1,0.013692636,17.549484,0.9890751984792385,1.0,False
lncRNA:CR45352,0.013692636,17.806578,0.9890751984792385,1.0,False
He,0.013692636,16.96692,0.9890751984792385,1.0,False
CG15905,0.013692636,0.93061197,0.9890751984792385,1.0,False
CG11044,0.013692636,16.630047,0.9890751984792385,1.0,False
CG43168,0.013692636,17.420958,0.9890751984792385,1.0,False
CG45063,0.013692636,17.1125,0.9890751984792385,1.0,False
Alp8,0.013692636,17.33776,0.9890751984792385,1.0,False
CG40298,0.013692636,16.068317,0.9890751984792385,1.0,False
asRNA:CR44976,0.013692636,16.828228,0.9890751984792385,1.0,False
lncRNA:CR44430,0.013692636,17.731739,0.9890751984792385,1.0,False
CG32107,0.013692636,17.0907,0.9890751984792385,1.0,False
CG17666,0.013692636,17.848152,0.9890751984792385,1.0,False
CG32106,0.013692636,17.543863,0.9890751984792385,1.0,False
asRNA:CR45445,0.013692636,18.360275,0.9890751984792385,1.0,False
CG43153,0.013692636,0.76637316,0.9890751984792385,1.0,False
Sfp33A3,0.013692636,16.34016,0.9890751984792385,1.0,False
snoRNA:Psi28S-1180,0.013692636,15.961637,0.9890751984792385,1.0,False
CG11068,0.013692636,16.596004,0.9890751984792385,1.0,False
lncRNA:CR45562,0.013692636,16.533335,0.9890751984792385,1.0,False
lncRNA:CR33218,0.013692636,17.656273,0.9890751984792385,1.0,False
c-cup,0.013692636,17.193966,0.9890751984792385,1.0,False
Ir48c,0.013692636,16.38469,0.9890751984792385,1.0,False
CG13193,0.013692636,17.59222,0.9890751984792385,1.0,False
tRNA:SeC-TCA-1-1,0.013692636,17.485441,0.9890751984792385,1.0,False
Gr98a,0.013692636,0.8061199,0.9890751984792385,1.0,False
Cyp6a18,0.013692636,16.044374,0.9890751984792385,1.0,False
lncRNA:CR45991,0.013692636,1.1329492,0.9890751984792385,1.0,False
lncRNA:CR45537,0.013692636,17.477135,0.9890751984792385,1.0,False
Alp13,0.013692636,17.285753,0.9890751984792385,1.0,False
asRNA:CR46092,0.013692636,17.71264,0.9890751984792385,1.0,False
lncRNA:CR44537,0.013692636,16.93713,0.9890751984792385,1.0,False
Cpr60D,0.013692636,16.965229,0.9890751984792385,1.0,False
CG4781,0.013692636,1.2090936,0.9890751984792385,1.0,False
CG34198,0.013692636,17.637098,0.9890751984792385,1.0,False
CG14383,0.013692636,17.72597,0.9890751984792385,1.0,False
Cfap299,0.013692636,17.497126,0.9890751984792385,1.0,False
CG1571,0.013692636,16.321913,0.9890751984792385,1.0,False
vas,0.013692636,1.1255823,0.9890751984792385,1.0,False
CG11786,0.013692636,17.326773,0.9890751984792385,1.0,False
ng3,0.013692636,18.196573,0.9890751984792385,1.0,False
lncRNA:CR45174,0.013692636,17.525602,0.9890751984792385,1.0,False
CG15286,0.013692636,16.912045,0.9890751984792385,1.0,False
kni,0.013692636,17.47864,0.9890751984792385,1.0,False
asRNA:CR45535,0.013692636,0.77514166,0.9890751984792385,1.0,False
spdt,0.013692636,17.393686,0.9890751984792385,1.0,False
CG15120,0.013692636,18.064192,0.9890751984792385,1.0,False
CG13872,0.013692636,17.814606,0.9890751984792385,1.0,False
CG33110,0.013692636,0.8872502,0.9890751984792385,1.0,False
CG31041,0.013692636,0.9994671,0.9890751984792385,1.0,False
lncRNA:CR44613,0.013692636,17.22656,0.9890751984792385,1.0,False
Obp57c,0.013692636,0.3453913,0.9890751984792385,1.0,False
CG31910,0.013692636,16.534483,0.9890751984792385,1.0,False
Cpr35B,0.013692636,18.184315,0.9890751984792385,1.0,False
CG7742,0.013692636,17.52744,0.9890751984792385,1.0,False
Cyp313a4,0.013692636,0.34524342,0.9890751984792385,1.0,False
Cpr100A,0.013692636,17.067886,0.9890751984792385,1.0,False
CG15554,0.013692636,18.449787,0.9890751984792385,1.0,False
CG15256,0.013692636,18.220844,0.9890751984792385,1.0,False
esg,0.013692636,16.779963,0.9890751984792385,1.0,False
CG11211,0.013692636,17.448195,0.9890751984792385,1.0,False
CG9400,0.013692636,15.796301,0.9890751984792385,1.0,False
mud,0.013692636,17.927849,0.9890751984792385,1.0,False
CG43137,0.013692636,0.7505794,0.9890751984792385,1.0,False
CG3108,0.013692636,17.617704,0.9890751984792385,1.0,False
lncRNA:CR44075,0.013692636,16.70132,0.9890751984792385,1.0,False
knrl,0.013692636,16.258188,0.9890751984792385,1.0,False
mir-2491,0.013692636,16.80337,0.9890751984792385,1.0,False
Cyp309a2,0.013692636,16.974848,0.9890751984792385,1.0,False
lncRNA:CR44113,0.013692636,17.578606,0.9890751984792385,1.0,False
CG3515,0.013692636,17.704477,0.9890751984792385,1.0,False
lncRNA:CR44112,0.013692636,17.530334,0.9890751984792385,1.0,False
Tsp33B,0.013692636,17.791407,0.9890751984792385,1.0,False
CG14932,0.013692636,18.007982,0.9890751984792385,1.0,False
Spn28B,0.013692636,18.202915,0.9890751984792385,1.0,False
CG8750,0.013692636,1.2039312,0.9890751984792385,1.0,False
CG30065,0.013692636,16.825777,0.9890751984792385,1.0,False
CG31559,0.013692636,18.430445,0.9890751984792385,1.0,False
CG43400,0.013692636,17.799307,0.9890751984792385,1.0,False
Dmel_CG43337,0.013692636,18.525553,0.9890751984792385,1.0,False
EAChm,0.013692636,17.51412,0.9890751984792385,1.0,False
CG9864,0.013692636,16.803795,0.9890751984792385,1.0,False
CG44625,0.013692636,16.946453,0.9890751984792385,1.0,False
asRNA:CR44982,0.013692636,17.85912,0.9890751984792385,1.0,False
RnrS,0.013692636,16.62844,0.9890751984792385,1.0,False
snoRNA:Psi28S-1837b,0.013692636,18.290943,0.9890751984792385,1.0,False
exu,0.013692636,0.4850293,0.9890751984792385,1.0,False
NijC,0.013692636,1.0246288,0.9890751984792385,1.0,False
CG6980,0.013692636,16.734129,0.9890751984792385,1.0,False
CG34206,0.013692636,16.375786,0.9890751984792385,1.0,False
dib,0.013692636,17.6117,0.9890751984792385,1.0,False
asRNA:CR44124,0.013692636,1.1120727,0.9890751984792385,1.0,False
p-cup,0.013692636,17.457018,0.9890751984792385,1.0,False
CG11131,0.013692636,16.151804,0.9890751984792385,1.0,False
lncRNA:CR44688,0.013692636,17.567078,0.9890751984792385,1.0,False
asRNA:CR45970,0.013692636,0.82237387,0.9890751984792385,1.0,False
CG9389,0.013692636,0.088528864,0.9890751984792385,1.0,False
obst-B,0.013692636,0.5009146,0.9890751984792385,1.0,False
lncRNA:CR44845,0.013692636,18.399893,0.9890751984792385,1.0,False
snoRNA:Psi28S-3385a,0.013692636,17.218178,0.9890751984792385,1.0,False
CG42792,0.013692636,16.37548,0.9890751984792385,1.0,False
asRNA:CR44019,0.013692636,17.52115,0.9890751984792385,1.0,False
lncRNA:CR44805,0.013692636,18.177319,0.9890751984792385,1.0,False
CG14384,0.013692636,17.130453,0.9890751984792385,1.0,False
Gr10b,0.013692636,16.960487,0.9890751984792385,1.0,False
snoRNA:Psi28S-1192c,0.013692636,16.478128,0.9890751984792385,1.0,False
snoRNA:Psi28S-1192d,0.013692636,17.702917,0.9890751984792385,1.0,False
CG7856,0.013692636,16.826353,0.9890751984792385,1.0,False
asRNA:CR45952,0.013692636,0.49475807,0.9890751984792385,1.0,False
Cpr78Cb,0.013692636,16.719076,0.9890751984792385,1.0,False
CG12974,0.013692636,17.70573,0.9890751984792385,1.0,False
CG12398,0.013692636,0.41046375,0.9890751984792385,1.0,False
Rpn12R,0.013692636,0.7069481,0.9890751984792385,1.0,False
lncRNA:CR43973,0.013692636,1.2767813,0.9890751984792385,1.0,False
asRNA:CR43469,0.013692636,16.999931,0.9890751984792385,1.0,False
lncRNA:CR41257,0.013692636,1.5321633,0.9890751984792385,1.0,False
asRNA:CR45806,0.013692636,16.825489,0.9890751984792385,1.0,False
asRNA:CR44035,0.013692636,1.0306525,0.9890751984792385,1.0,False
ase,0.013692636,0.76648927,0.9890751984792385,1.0,False
lncRNA:CR45949,0.013692636,17.012085,0.9890751984792385,1.0,False
snoRNA:Psi18S-841b,0.013692636,17.852158,0.9890751984792385,1.0,False
CG32436,0.013692636,2.1073785,0.9890751984792385,1.0,False
asRNA:CR43463,0.013692636,17.47363,0.9890751984792385,1.0,False
CG18747,0.013692636,17.654636,0.9890751984792385,1.0,False
CG40813,0.013692636,17.109594,0.9890751984792385,1.0,False
asRNA:CR46070,0.013692636,17.39183,0.9890751984792385,1.0,False
Gr28a,0.013692636,16.824627,0.9890751984792385,1.0,False
lncRNA:CR45266,0.013692636,0.20529087,0.9890751984792385,1.0,False
CG14258,0.013692636,17.630688,0.9890751984792385,1.0,False
Cpr97Eb,0.013692636,0.8598559,0.9890751984792385,1.0,False
Cpr97Ea,0.013692636,17.404419,0.9890751984792385,1.0,False
asRNA:CR43257,0.013692636,17.326117,0.9890751984792385,1.0,False
Sclp,0.013692636,17.012085,0.9890751984792385,1.0,False
lncRNA:CR44665,0.013692636,17.51075,0.9890751984792385,1.0,False
CG34202,0.013692636,16.07893,0.9890751984792385,1.0,False
lncRNA:CR44660,0.013692636,17.769764,0.9890751984792385,1.0,False
dgt3,0.013692636,17.22977,0.9890751984792385,1.0,False
CG18530,0.013692636,16.956964,0.9890751984792385,1.0,False
CG14313,0.013692636,16.472961,0.9890751984792385,1.0,False
lncRNA:CR45984,0.013692636,17.387203,0.9890751984792385,1.0,False
asRNA:CR45830,0.013692636,18.23227,0.9890751984792385,1.0,False
lncRNA:CR45685,0.013692636,17.600927,0.9890751984792385,1.0,False
CG7173,0.013692636,17.256804,0.9890751984792385,1.0,False
SPH93,0.013692636,17.338865,0.9890751984792385,1.0,False
lncRNA:CR45903,0.013692636,17.363224,0.9890751984792385,1.0,False
asRNA:CR44115,0.013692636,16.026274,0.9890751984792385,1.0,False
CG17991,0.013692636,17.46195,0.9890751984792385,1.0,False
CG8642,0.0136892125,0.097439,0.9890779295089976,1.0,False
Ptp52F,0.0136892125,-0.13806348,0.9890779295089976,1.0,False
asRNA:CR44896,0.0136892125,0.45798886,0.9890779295089976,1.0,False
snoRNA:CD58a,0.0136892125,0.41924456,0.9890779295089976,1.0,False
CG15767,0.0136892125,0.2355561,0.9890779295089976,1.0,False
lncRNA:CR44817,0.0136892125,0.8996612,0.9890779295089976,1.0,False
CG32201,0.0136892125,-1.8831387,0.9890779295089976,1.0,False
Cyp310a1,0.0136892125,0.051210802,0.9890779295089976,1.0,False
lncRNA:CR45118,0.0136892125,0.5652414,0.9890779295089976,1.0,False
fs(1)M3,0.0136892125,0.5823233,0.9890779295089976,1.0,False
Rbp4,0.0136892125,0.62054527,0.9890779295089976,1.0,False
Osi24,0.0136892125,0.14337547,0.9890779295089976,1.0,False
CG14693,0.0136892125,0.28414693,0.9890779295089976,1.0,False
lncRNA:CR45595,0.0136892125,0.7570961,0.9890779295089976,1.0,False
CG7071,0.0136892125,0.33955118,0.9890779295089976,1.0,False
lncRNA:CR45541,0.0136892125,0.6563331,0.9890779295089976,1.0,False
asRNA:CR45142,0.0136892125,0.34820837,0.9890779295089976,1.0,False
Poc1,0.0136892125,-0.6339693,0.9890779295089976,1.0,False
CG14626,0.0136892125,0.09504076,0.9890779295089976,1.0,False
Vajk3,0.0136892125,-0.082103945,0.9890779295089976,1.0,False
CG10560,0.0136892125,0.10475637,0.9890779295089976,1.0,False
asRNA:CR45623,0.0136892125,-0.022290617,0.9890779295089976,1.0,False
CG30383,0.0136892125,-0.60383946,0.9890779295089976,1.0,False
CG1946,0.0136892125,-0.56381357,0.9890779295089976,1.0,False
Or45b,0.0136892125,0.9335345,0.9890779295089976,1.0,False
lncRNA:CR44055,0.0136892125,-0.35435024,0.9890779295089976,1.0,False
ckd,0.0136892125,0.10342229,0.9890779295089976,1.0,False
CG14644,0.0136892125,0.1823605,0.9890779295089976,1.0,False
spz3,0.0136892125,0.03894973,0.9890779295089976,1.0,False
CG42808,0.0136892125,0.033591006,0.9890779295089976,1.0,False
mir-317,0.0136892125,0.21536566,0.9890779295089976,1.0,False
CG45428,0.0136892125,0.4319862,0.9890779295089976,1.0,False
CG15020,0.0136892125,0.6056827,0.9890779295089976,1.0,False
CG3457,0.0136892125,0.09075864,0.9890779295089976,1.0,False
CG2336,0.0136892125,-0.13749748,0.9890779295089976,1.0,False
lncRNA:CR44097,0.0136892125,0.32473788,0.9890779295089976,1.0,False
lncRNA:CR44514,0.0136892125,0.370956,0.9890779295089976,1.0,False
CG32260,0.0136892125,0.82548934,0.9890779295089976,1.0,False
CG8630,0.0136892125,0.12603974,0.9890779295089976,1.0,False
snoRNA:Psi28S-2996,0.0136892125,-0.029627148,0.9890779295089976,1.0,False
Gr5a,0.0136892125,0.19054885,0.9890779295089976,1.0,False
CG11825,0.0136892125,0.25845045,0.9890779295089976,1.0,False
CG7367,0.0136892125,-0.21236499,0.9890779295089976,1.0,False
CG14851,0.0136892125,0.025109224,0.9890779295089976,1.0,False
AttA,0.0136892125,0.29156706,0.9890779295089976,1.0,False
lncRNA:CR42715,0.0136892125,-0.14241336,0.9890779295089976,1.0,False
Dmel_CR45484,0.0136892125,0.68753046,0.9890779295089976,1.0,False
lncRNA:CR44552,0.0136892125,0.038930416,0.9890779295089976,1.0,False
CG10505,0.0136892125,-0.10809648,0.9890779295089976,1.0,False
CG32235,0.0136892125,-0.6666121,0.9890779295089976,1.0,False
lncRNA:CR46019,0.0136892125,-0.18834381,0.9890779295089976,1.0,False
CG32236,0.0136892125,0.14005382,0.9890779295089976,1.0,False
CG34109,0.0136892125,-0.54418135,0.9890779295089976,1.0,False
snoRNA:CD54b,0.0136892125,0.45757413,0.9890779295089976,1.0,False
CG12057,0.0136892125,0.2448935,0.9890779295089976,1.0,False
asRNA:CR46138,0.0136892125,0.08278275,0.9890779295089976,1.0,False
CG17855,0.0136892125,-0.056607448,0.9890779295089976,1.0,False
asRNA:CR44321,0.0136892125,0.16492489,0.9890779295089976,1.0,False
CG7142,0.0136892125,0.5715813,0.9890779295089976,1.0,False
asRNA:CR44201,0.0136892125,-0.5007924,0.9890779295089976,1.0,False
CG9445,0.0136892125,-0.14264297,0.9890779295089976,1.0,False
Spn42Dc,0.0136892125,0.36181852,0.9890779295089976,1.0,False
CG4860,0.0136892125,-0.029064935,0.9890779295089976,1.0,False
CG42753,0.0136892125,0.44435832,0.9890779295089976,1.0,False
asRNA:CR45895,0.0136892125,0.5665923,0.9890779295089976,1.0,False
CG12496,0.0136892125,-0.8466934,0.9890779295089976,1.0,False
Act87E,0.0136892125,-0.109431066,0.9890779295089976,1.0,False
Gr68a,0.0136892125,-0.104490675,0.9890779295089976,1.0,False
CG13086,0.0136892125,-0.4849133,0.9890779295089976,1.0,False
CG32984,0.0136892125,-0.4884617,0.9890779295089976,1.0,False
CG10064,0.0136892125,0.06644219,0.9890779295089976,1.0,False
snoRNA:gcl-a,0.01368579,0.3435943,0.9890806605388847,1.0,False
CG9733,0.01368579,0.06668719,0.9890806605388847,1.0,False
lncRNA:CR46010,0.01368579,-0.271564,0.9890806605388847,1.0,False
CG17597,0.01368579,0.091328755,0.9890806605388847,1.0,False
lncRNA:CR45029,0.01368579,-0.41308206,0.9890806605388847,1.0,False
blanks,0.01368579,0.17905113,0.9890806605388847,1.0,False
CG12898,0.01368579,-0.17673476,0.9890806605388847,1.0,False
Nha2,0.01368579,-0.12669927,0.9890806605388847,1.0,False
Root,0.01368579,0.34332982,0.9890806605388847,1.0,False
lncRNA:CR46110,0.01368579,0.022218984,0.9890806605388847,1.0,False
lncRNA:CR44333,0.01368579,-0.2558196,0.9890806605388847,1.0,False
Cpr50Ca,0.01368579,0.0058129905,0.9890806605388847,1.0,False
hkb,0.01368579,0.13609484,0.9890806605388847,1.0,False
St1,0.01368579,0.1327423,0.9890806605388847,1.0,False
CG6800,0.01368579,0.031288587,0.9890806605388847,1.0,False
CG34283,0.01368579,0.14613882,0.9890806605388847,1.0,False
CG7194,0.01368579,0.3421418,0.9890806605388847,1.0,False
Pex7,0.01368579,0.17985499,0.9890806605388847,1.0,False
CG7881,0.01368579,-0.60784245,0.9890806605388847,1.0,False
asRNA:CR45163,0.01368579,0.11750165,0.9890806605388847,1.0,False
CG14990,0.01368579,-0.008122572,0.9890806605388847,1.0,False
rau,0.01368579,0.1260246,0.9890806605388847,1.0,False
CG42762,0.01368579,-0.36781383,0.9890806605388847,1.0,False
Orc1,0.01368579,-0.51347774,0.9890806605388847,1.0,False
CG7264,0.01368579,0.0074594743,0.9890806605388847,1.0,False
lncRNA:CR44701,0.01368579,-0.197347,0.9890806605388847,1.0,False
Osi12,0.01368579,0.5026282,0.9890806605388847,1.0,False
asRNA:CR31514,0.01368579,-0.04630049,0.9890806605388847,1.0,False
asRNA:CR43875,0.013682366,-0.07039434,0.9890833915688997,1.0,False
CheB53a,0.013682366,-0.07399662,0.9890833915688997,1.0,False
Dnaaf4,0.013682366,-0.7436314,0.9890833915688997,1.0,False
CG8157,0.013682366,-0.008151444,0.9890833915688997,1.0,False
insc,0.013682366,-0.1368676,0.9890833915688997,1.0,False
CG42846,0.013682366,-0.07482324,0.9890833915688997,1.0,False
phr6-4,0.013682366,-0.7020319,0.9890833915688997,1.0,False
CG43072,0.013682366,-0.4268835,0.9890833915688997,1.0,False
ATPsynepsilonL,0.013682366,0.16278338,0.9890833915688997,1.0,False
CG43244,0.013682366,-0.43891618,0.9890833915688997,1.0,False
CecB,0.013682366,-0.71625847,0.9890833915688997,1.0,False
CG12507,0.013682366,-0.32512844,0.9890833915688997,1.0,False
snoRNA:Psi28S-2442a,0.013682366,-0.20919436,0.9890833915688997,1.0,False
CG30324,0.013682366,-0.28317386,0.9890833915688997,1.0,False
Crtp,0.013682366,-0.22776136,0.9890833915688997,1.0,False
CG1387,0.013682366,0.09193259,0.9890833915688997,1.0,False
CG42393,0.013682366,-0.09197844,0.9890833915688997,1.0,False
lncRNA:CR45563,0.013682366,-0.04378419,0.9890833915688997,1.0,False
CG13069,0.013678944,-0.10956159,0.9890861225990426,1.0,False
bcd,0.013678944,-0.28203282,0.9890861225990426,1.0,False
Tpl94D,0.013678944,-0.6817934,0.9890861225990426,1.0,False
SecCl,0.013678944,-0.0980519,0.9890861225990426,1.0,False
lncRNA:CR43883,0.013678944,-0.08729845,0.9890861225990426,1.0,False
CG34375,0.013678944,-0.656058,0.9890861225990426,1.0,False
lncRNA:CR45640,0.01367552,-0.19815007,0.9890888536293134,1.0,False
lncRNA:CR32835,0.01367552,-0.50695515,0.9890888536293134,1.0,False
CG34423,0.01367552,-0.0045247865,0.9890888536293134,1.0,False
GNBP2,0.01367552,0.13504533,0.9890888536293134,1.0,False
lncRNA:CR45921,0.01367552,-0.10179135,0.9890888536293134,1.0,False
E(spl)m6-BFM,0.01367552,0.0733036,0.9890888536293134,1.0,False
snoRNA:Psi28S-1175b,0.01367552,-0.26373383,0.9890888536293134,1.0,False
rha,0.01367552,-0.022274232,0.9890888536293134,1.0,False
CG42521,0.01367552,0.02999706,0.9890888536293134,1.0,False
CG5966,0.01367552,-0.17169215,0.9890888536293134,1.0,False
CG43191,0.01367552,-0.39025232,0.9890888536293134,1.0,False
y,0.01367552,-0.26566762,0.9890888536293134,1.0,False
Ance-4,0.01367552,-0.19622655,0.9890888536293134,1.0,False
Tsp74F,0.013672097,-0.051940575,0.9890915846597121,1.0,False
lncRNA:CR45809,0.013672097,-0.04967727,0.9890915846597121,1.0,False
lncRNA:CR44221,0.013672097,-1.1805034,0.9890915846597121,1.0,False
byn,0.013672097,-0.25413397,0.9890915846597121,1.0,False
asRNA:CR46089,0.013672097,-0.3221265,0.9890915846597121,1.0,False
CG5707,0.013668674,-0.35309494,0.9890943156902386,1.0,False
asRNA:CR45132,0.013668674,-0.610439,0.9890943156902386,1.0,False
lncRNA:CR45939,0.013668674,0.007862131,0.9890943156902386,1.0,False
asRNA:CR45807,0.013668674,-0.4865072,0.9890943156902386,1.0,False
Cpr11B,0.013668674,-0.061651144,0.9890943156902386,1.0,False
CG43229,0.013668674,-0.18651175,0.9890943156902386,1.0,False
GrlHz,0.013668674,-0.0650918,0.9890943156902386,1.0,False
thr,0.013668674,-0.24958603,0.9890943156902386,1.0,False
CG3339,0.0136652505,-0.19621697,0.9890970467208929,1.0,False
beat-IIIa,0.0136652505,-0.46639186,0.9890970467208929,1.0,False
CG9498,0.0136652505,-0.2607832,0.9890970467208929,1.0,False
fd96Cb,0.0136652505,-0.07398431,0.9890970467208929,1.0,False
lncRNA:CR32194,0.013661828,-0.22638156,0.9890997777516749,1.0,False
CG13360,0.013661828,-0.38420612,0.9890997777516749,1.0,False
asRNA:CR44984,0.013658404,-0.7470596,0.9891025087825847,1.0,False
lncRNA:CR45673,0.013658404,-0.011187403,0.9891025087825847,1.0,False
CycD,0.013658404,-0.011985518,0.9891025087825847,1.0,False
CG30082,0.013658404,-0.13679777,0.9891025087825847,1.0,False
CG1092,0.013658404,-0.13446791,0.9891025087825847,1.0,False
SPE,0.013654982,-0.10273182,0.9891052398136221,1.0,False
Tpp,0.013654982,-0.20926438,0.9891052398136221,1.0,False
Obp83cd,0.013654982,-0.51122504,0.9891052398136221,1.0,False
CG42807,0.013651558,-0.49225062,0.9891079708447872,1.0,False
lncRNA:CR32652,0.013651558,-0.42702022,0.9891079708447872,1.0,False
CG34425,0.013651558,-0.03744264,0.9891079708447872,1.0,False
CG34115,0.013648135,-0.1539268,0.9891107018760799,1.0,False
CG14247,0.013648135,-0.09776136,0.9891107018760799,1.0,False
lncRNA:CR44440,0.013644712,-0.16690567,0.9891134329075002,1.0,False
CG6847,0.0136412885,0.09241211,0.9891161639390481,1.0,False
Ctns,0.0136412885,-0.27781546,0.9891161639390481,1.0,False
lncRNA:CR44187,0.013637866,0.010366017,0.9891188949707235,1.0,False
Hsp70Ba,0.013634442,-0.00459232,0.9891216260025264,1.0,False
CG34221,0.013634442,-0.44307908,0.9891216260025264,1.0,False
CG34171,0.013634442,-0.2108697,0.9891216260025264,1.0,False
CG18249,0.013634442,-0.30363497,0.9891216260025264,1.0,False
en,0.013631019,-0.03410938,0.9891243570344567,1.0,False
RpS10a,0.013631019,-0.62419295,0.9891243570344567,1.0,False
CG14397,0.013627596,0.008908815,0.9891270880665145,1.0,False
asRNA:CR44114,0.013627596,-0.49367282,0.9891270880665145,1.0,False
LanB2,0.013624173,-0.171708,0.9891298190986997,1.0,False
toe,0.01362075,-0.21915142,0.9891325501310122,1.0,False
Cyp9h1,0.0136173265,-0.55420464,0.9891352811634522,1.0,False
CG34338,0.0136173265,-0.27423373,0.9891352811634522,1.0,False
CG13795,0.013613903,-0.28065532,0.9891380121960194,1.0,False
mt:tRNA:Arg-TCG,0.01361048,-0.4027627,0.9891407432287138,1.0,False
CG11275,0.013605345,-0.15146425,0.9891448397779942,1.0,False
CG5167,0.013603634,-0.10425308,0.9891462052944845,1.0,False
Spn47C,0.013596788,-0.81945676,0.9891516673607639,1.0,False
Obsc,0.013589941,-0.60977936,0.9891571294275516,1.0,False
mt:tRNA:Trp-TCA,0.013586518,-0.24426311,0.9891598604611361,1.0,False
CG30099,0.013586518,-0.42232552,0.9891598604611361,1.0,False
Fbxl7,0.0135694025,-0.20208979,0.9891735156309632,1.0,False
CG5509,0.013565979,-0.24850525,0.9891762466653093,1.0,False
CG6628,0.013565979,-0.46917084,0.9891762466653093,1.0,False
yellow-c,0.013553998,-0.1865132,0.9891858052865192,1.0,False
CG13067,0.013542017,-0.18369962,0.9891953639092814,1.0,False
Cyp305a1,0.013528325,-0.273086,0.98920628805148,1.0,False
lds,0.013514631,-0.083942495,0.9892172121957021,1.0,False
bowl,0.013507785,-0.63902307,0.9892226742685715,1.0,False
MED23,0.013504363,-0.12631005,0.9892254053051955,1.0,False
GstE8,0.013473554,-0.50294983,0.9892499846404895,1.0,False
CG3823,0.013459861,-0.11967853,0.9892609087927855,1.0,False
CG15529,0.013453015,-0.40176588,0.9892663708696886,1.0,False
Klp54D,0.01341536,-0.12652361,0.9892964123016413,1.0,False
CG18628,0.013408514,-0.30581245,0.9893018743818098,1.0,False
Cln7,0.013401668,-0.4712258,0.9893073364624798,1.0,False
CG7744,0.013384552,-0.17751998,0.9893209916663466,1.0,False
RAF2,0.013346897,-0.1506384,0.9893510331258595,1.0,False
CG6310,0.013319512,-0.012057471,0.9893728814695362,1.0,False
Cyp6d5,0.013312666,-0.4077025,0.9893783435567012,1.0,False
Regnase-1,0.013293838,-0.18322344,0.9893933642989711,1.0,False
CG14629,0.013288704,-0.4314903,0.9893974608656975,1.0,False
BBS4,0.013276722,-0.107783265,0.9894070195224791,1.0,False
Task7,0.013268164,-0.08822443,0.9894138471353969,1.0,False
okr,0.013146643,-0.05114332,0.9895107993222592,1.0,False
CG1628,0.013110699,-0.1413639,0.9895394753509363,1.0,False
nahoda,0.013097007,-0.5638295,0.9895503995558936,1.0,False
snoRNA:CD78,0.0130679095,-0.13845572,0.9895736134979303,1.0,False
lncRNA:CR43856,0.013045659,-0.086939156,0.9895913653419149,1.0,False
aft,0.0129326945,-0.17742056,0.9896814901676034,1.0,False
Swip-1,0.012782075,-0.14047006,0.9898016568064701,1.0,False
lncRNA:CR44738,0.012754691,-0.43358472,0.9898235053111996,1.0,False
Ada2a,0.0121761765,-0.1604913,0.9902850567313655,1.0,False
GstD3,0.011691799,-0.18861967,0.9906715061376384,1.0,False
Fadd,0.011660991,-0.19243851,0.9906960860335171,1.0,False
Ncc69,0.011571989,-0.25150576,0.9907670946711319,1.0,False
Grip163,0.011227962,-0.17774221,0.9910415710491772,1.0,False
mRpL50,0.010562157,-0.1364458,0.9915727745844237,1.0,False
spag,0.010346498,-0.20266537,0.9917448361819557,1.0,False
Stard7,0.009699521,-0.019459218,0.9922610232460903,1.0,False
Sirt7,0.0095968265,-0.14550973,0.9923429580041788,1.0,False
vers,0.009519805,-0.13267267,0.9924044091257848,1.0,False
CG4281,0.009295588,-0.14619766,0.9925833004238657,1.0,False
Tace,0.009162085,-0.091125585,0.9926898160309271,1.0,False
lncRNA:CR45473,0.009136411,-0.24470903,0.9927102998165112,1.0,False
Fitm,0.009081641,-0.111106515,0.992753998575132,1.0,False
Nup50,0.008782115,-0.08486719,0.9929929765423534,1.0,False
CG32163,0.008693112,-0.1094084,0.9930639872604435,1.0,False
Saf-B,0.00795371,-0.09006103,0.9936539245280975,1.0,False
Tak1,0.0073204255,-0.14031665,0.9941591976436119,1.0,False
CG10274,0.0072793476,-0.29598454,0.9941919721990486,1.0,False
VhaAC45,0.007085939,-0.092729636,0.9943462858616778,1.0,False
Nubp1,0.007049996,-0.1383853,0.9943749636454652,1.0,False
Ns3,0.0069370316,-0.1048378,0.9944650938702195,1.0,False
PPP1R15,0.006627236,-0.09181605,0.9947122695425789,1.0,False
Trm7-34,0.0065930043,-0.098019384,0.9947395818031357,1.0,False
Gfat2,0.0062780734,-0.047404718,0.9949908548853725,1.0,False
Klp68D,0.005694425,-0.12760937,0.9954565307510344,1.0,False
Acph-1,0.0053264354,-0.14099671,0.9957501395071042,1.0,False
CG6230,0.004321738,-0.11152906,0.9965517625060514,1.0,False
CG31249,0.0037603402,-0.07038915,0.9969996897017513,1.0,False
Cul4,0.00327254,-0.1282505,0.9973888955073837,1.0,False
CG6428,0.0031116516,-0.14215416,0.9975172652823145,1.0,False
Sik3,0.0021120892,-0.12807098,0.9983147979605173,1.0,False
mRpS18C,0.0019152574,-0.07772571,0.998471846571052,1.0,False
Brd8,0.0018690448,-0.15796566,0.9985087188623323,1.0,False
Syx13,0.0016071731,-0.108930215,0.9987176619040969,1.0,False
beat-Va,0.0006623813,-0.18790019,0.9994714962508331,1.0,False
Pus10,0.000333758,0.008433928,0.9997336996467434,1.0,False
ppk28,0.00031150747,0.10670006,0.9997514530030325,1.0,False
ND-51L1,0.0001335032,0.21684413,0.9998934798570361,1.0,False
Targ3,7.017476e-05,0.011941764,0.9999440086426807,1.0,False
lncRNA:CR45922,7.017476e-05,0.20234585,0.9999440086426807,1.0,False
CG8136,6.504002e-05,0.29606926,0.999948105571259,1.0,False
CG34045,6.161686e-05,1.037879,0.9999508368569787,1.0,False
spdo,5.1347386e-05,0.0663715,0.9999590307141409,1.0,False
CG14968,4.9635804e-05,0.11869249,0.9999603963570018,1.0,False
CG8399,4.7924226e-05,0.2957621,0.9999617619998628,1.0,False
TTLL3A,4.6212648e-05,0.07828904,0.9999631276427238,1.0,False
CG12923,4.278949e-05,0.50656545,0.9999658589284462,1.0,False
lok,4.1077907e-05,0.7137672,0.9999672245713076,1.0,False
Lcp3,4.1077907e-05,0.6526457,0.9999672245713076,1.0,False
CG14984,3.936633e-05,0.06651993,0.9999685902141691,1.0,False
CG13794,3.080843e-05,0.26181954,0.9999754184284777,1.0,False
CG14118,2.9096851e-05,0.70311856,0.9999767840713396,1.0,False
lncRNA:CR45036,2.9096851e-05,0.008474533,0.9999767840713396,1.0,False
CG17048,2.7385273e-05,0.09878418,0.9999781497142016,1.0,False
CG6753,2.7385273e-05,0.33414564,0.9999781497142016,1.0,False
kappaB-Ras,2.7385273e-05,0.44057488,0.9999781497142016,1.0,False
CG31883,2.5673693e-05,0.12613699,0.9999795153570638,1.0,False
CG43341,2.5673693e-05,0.37496915,0.9999795153570638,1.0,False
CG14354,2.0538953e-05,0.5490082,0.9999836122856504,1.0,False
Osi3,1.8827375e-05,0.28733283,0.9999849779285126,1.0,False
eve,1.8827375e-05,0.26545668,0.9999849779285126,1.0,False
CG33307,1.8827375e-05,0.40858957,0.9999849779285126,1.0,False
asRNA:CR45198,1.8827375e-05,0.44899878,0.9999849779285126,1.0,False
CG32454,1.8827375e-05,0.49118802,0.9999849779285126,1.0,False
CG32036,1.7115795e-05,0.4573946,0.999986343571375,1.0,False
CG14137,1.5404215e-05,0.40458167,0.9999877092142374,1.0,False
CG8236,1.36926365e-05,0.46046203,0.9999890748570998,1.0,False
CG42831,1.36926365e-05,0.1323207,0.9999890748570998,1.0,False
vret,1.36926365e-05,0.08876822,0.9999890748570998,1.0,False
lncRNA:CR43989,1.36926365e-05,0.48321366,0.9999890748570998,1.0,False
CG31321,1.1981057e-05,1.5519106,0.9999904404999622,1.0,False
CG17028,1.1981057e-05,0.09300048,0.9999904404999622,1.0,False
CG14780,1.0269477e-05,0.12385774,0.9999918061428248,1.0,False
Fum2,1.0269477e-05,0.27558812,0.9999918061428248,1.0,False
lncRNA:CR44041,1.0269477e-05,0.22646095,0.9999918061428248,1.0,False
CG42818,1.0269477e-05,0.06193218,0.9999918061428248,1.0,False
FarO,8.557898e-06,0.6437493,0.9999931717856873,1.0,False
Tat,8.557898e-06,-0.08200696,0.9999931717856873,1.0,False
snoRNA:Psi28S-2444,8.557898e-06,1.0277457,0.9999931717856873,1.0,False
Cpr78Ca,6.8463182e-06,1.6624509,0.9999945374285498,1.0,False
Vha16-5,6.8463182e-06,0.6349652,0.9999945374285498,1.0,False
ppk21,6.8463182e-06,0.24896763,0.9999945374285498,1.0,False
lncRNA:CR46250,6.8463182e-06,0.3903569,0.9999945374285498,1.0,False
lncRNA:CR43937,6.8463182e-06,0.69500524,0.9999945374285498,1.0,False
lncRNA:CR44634,6.8463182e-06,0.735112,0.9999945374285498,1.0,False
asRNA:CR46139,6.8463182e-06,0.41960946,0.9999945374285498,1.0,False
Nepl14,6.8463182e-06,1.2032998,0.9999945374285498,1.0,False
CG15580,6.8463182e-06,1.4232845,0.9999945374285498,1.0,False
CG43092,6.8463182e-06,1.7158837,0.9999945374285498,1.0,False
CG15422,6.8463182e-06,2.121325,0.9999945374285498,1.0,False
lncRNA:CR44661,6.8463182e-06,0.3022364,0.9999945374285498,1.0,False
DZIP1,6.8463182e-06,0.5068297,0.9999945374285498,1.0,False
asRNA:CR46050,6.8463182e-06,1.097498,0.9999945374285498,1.0,False
CG10445,6.8463182e-06,0.31449503,0.9999945374285498,1.0,False
CG12723,6.8463182e-06,1.0117325,0.9999945374285498,1.0,False
Dmel_CG43189,6.8463182e-06,0.9860977,0.9999945374285498,1.0,False
Phlpp,5.1347383e-06,0.12479036,0.9999959030714123,1.0,False
asRNA:CR45827,5.1347383e-06,0.70223004,0.9999959030714123,1.0,False
lncRNA:CR46061,5.1347383e-06,0.78633726,0.9999959030714123,1.0,False
asRNA:CR45275,5.1347383e-06,0.46768823,0.9999959030714123,1.0,False
CG15873,5.1347383e-06,0.7448655,0.9999959030714123,1.0,False
CG7457,5.1347383e-06,0.036413033,0.9999959030714123,1.0,False
snoRNA:Psi28S-1175a,5.1347383e-06,0.20000924,0.9999959030714123,1.0,False
CG13870,5.1347383e-06,0.05854368,0.9999959030714123,1.0,False
snoRNA:Psi28S-1135e,5.1347383e-06,0.6288106,0.9999959030714123,1.0,False
GstT4,5.1347383e-06,0.041274995,0.9999959030714123,1.0,False
CG5104,5.1347383e-06,0.12947972,0.9999959030714123,1.0,False
CG45603,5.1347383e-06,0.3160668,0.9999959030714123,1.0,False
CG30380,5.1347383e-06,0.28560638,0.9999959030714123,1.0,False
Ir76b,5.1347383e-06,0.23017499,0.9999959030714123,1.0,False
lncRNA:CR44448,3.4231591e-06,0.16280659,0.9999972687142749,1.0,False
Gr63a,3.4231591e-06,0.5022505,0.9999972687142749,1.0,False
CG13075,3.4231591e-06,0.37602094,0.9999972687142749,1.0,False
CG31268,3.4231591e-06,0.2662535,0.9999972687142749,1.0,False
lncRNA:CR46208,3.4231591e-06,0.43224505,0.9999972687142749,1.0,False
snoRNA:Psi18S-1377c,3.4231591e-06,0.45103154,0.9999972687142749,1.0,False
pip,3.4231591e-06,0.6333196,0.9999972687142749,1.0,False
CG4653,3.4231591e-06,0.15960343,0.9999972687142749,1.0,False
lncRNA:CR46085,3.4231591e-06,0.15787372,0.9999972687142749,1.0,False
CG13314,3.4231591e-06,0.7631223,0.9999972687142749,1.0,False
tbrd-1,3.4231591e-06,0.097430855,0.9999972687142749,1.0,False
CG15824,3.4231591e-06,0.69003874,0.9999972687142749,1.0,False
dpn,3.4231591e-06,0.53644854,0.9999972687142749,1.0,False
CG18744,3.4231591e-06,0.5260275,0.9999972687142749,1.0,False
CG6106,3.4231591e-06,0.122765094,0.9999972687142749,1.0,False
Ass,3.4231591e-06,0.6352677,0.9999972687142749,1.0,False
lncRNA:CR32773,3.4231591e-06,0.20502786,0.9999972687142749,1.0,False
Nox,3.4231591e-06,0.13426468,0.9999972687142749,1.0,False
fiz,3.4231591e-06,0.0026113158,0.9999972687142749,1.0,False
CG17440,3.4231591e-06,0.12178887,0.9999972687142749,1.0,False
CG31867,1.7115796e-06,1.2746377,0.9999986343571374,1.0,False
mir-4968,1.7115796e-06,0.69135106,0.9999986343571374,1.0,False
CG33269,1.7115796e-06,2.563439,0.9999986343571374,1.0,False
CG5399,1.7115796e-06,1.2089995,0.9999986343571374,1.0,False
Mst27D,1.7115796e-06,2.8039868,0.9999986343571374,1.0,False
Or43a,1.7115796e-06,0.19929919,0.9999986343571374,1.0,False
Adk1,1.7115796e-06,2.2894807,0.9999986343571374,1.0,False
Tsp42Eh,1.7115796e-06,1.1245761,0.9999986343571374,1.0,False
Ir100a,1.7115796e-06,0.49935782,0.9999986343571374,1.0,False
GstD5,1.7115796e-06,0.6212211,0.9999986343571374,1.0,False
asRNA:CR44959,1.7115796e-06,0.39123255,0.9999986343571374,1.0,False
lncRNA:CR44473,1.7115796e-06,1.2491426,0.9999986343571374,1.0,False
CG43109,1.7115796e-06,0.87015057,0.9999986343571374,1.0,False
CG43277,1.7115796e-06,0.2252386,0.9999986343571374,1.0,False
CG15599,1.7115796e-06,0.41284972,0.9999986343571374,1.0,False
CG44037,1.7115796e-06,1.2035536,0.9999986343571374,1.0,False
Muc68Ca,1.7115796e-06,1.1965345,0.9999986343571374,1.0,False
PGRP-SB1,1.7115796e-06,0.12196872,0.9999986343571374,1.0,False
ppk30,1.7115796e-06,0.3856021,0.9999986343571374,1.0,False
CG30393,1.7115796e-06,0.19464949,0.9999986343571374,1.0,False
Gdap1,1.7115796e-06,0.62846595,0.9999986343571374,1.0,False
CG44569,1.7115796e-06,1.3454349,0.9999986343571374,1.0,False
CG34303,1.7115796e-06,0.8663772,0.9999986343571374,1.0,False
CG8654,1.7115796e-06,0.04484574,0.9999986343571374,1.0,False
lncRNA:CR44109,1.7115796e-06,1.0736433,0.9999986343571374,1.0,False
CG30148,1.7115796e-06,2.0431094,0.9999986343571374,1.0,False
Sfp77F,1.7115796e-06,0.32201946,0.9999986343571374,1.0,False
Hsp60C,1.7115796e-06,0.23354423,0.9999986343571374,1.0,False
CG43111,1.7115796e-06,0.50385255,0.9999986343571374,1.0,False
lncRNA:CR44923,1.7115796e-06,1.087021,0.9999986343571374,1.0,False
CG2854,1.7115796e-06,1.2405205,0.9999986343571374,1.0,False
Cpr72Ea,1.7115796e-06,0.651547,0.9999986343571374,1.0,False
CG30440,1.7115796e-06,0.61097175,0.9999986343571374,1.0,False
CG34054,1.7115796e-06,1.2504861,0.9999986343571374,1.0,False
alpha-Est5,1.7115796e-06,0.04769344,0.9999986343571374,1.0,False
mir-4984,1.7115796e-06,0.96418804,0.9999986343571374,1.0,False
lmd,1.7115796e-06,0.24769132,0.9999986343571374,1.0,False
asRNA:CR44382,1.7115796e-06,-0.21755822,0.9999986343571374,1.0,False
CG34382,1.7115796e-06,1.0552233,0.9999986343571374,1.0,False
lncRNA:CR43151,1.7115796e-06,1.3698012,0.9999986343571374,1.0,False
CG13946,1.7115796e-06,1.1348252,0.9999986343571374,1.0,False
CG13875,1.7115796e-06,0.06553717,0.9999986343571374,1.0,False
spz6,1.7115796e-06,2.2810228,0.9999986343571374,1.0,False
lncRNA:CR43279,1.7115796e-06,1.0125543,0.9999986343571374,1.0,False
asRNA:CR45305,1.7115796e-06,0.48259813,0.9999986343571374,1.0,False
CG32845,1.7115796e-06,0.4332979,0.9999986343571374,1.0,False
Nepl4,1.7115796e-06,0.34696546,0.9999986343571374,1.0,False
CG15142,1.7115796e-06,0.5521915,0.9999986343571374,1.0,False
lncRNA:CR44560,1.7115796e-06,0.3864323,0.9999986343571374,1.0,False
dmGlut,1.7115796e-06,0.31465665,0.9999986343571374,1.0,False
saturn,1.7115796e-06,2.4894795,0.9999986343571374,1.0,False
CG8051,1.7115796e-06,0.013286556,0.9999986343571374,1.0,False
CG14238,1.7115796e-06,2.1889145,0.9999986343571374,1.0,False
asRNA:CR45149,1.7115796e-06,0.05092678,0.9999986343571374,1.0,False
lncRNA:CR42646,1.7115796e-06,1.2655624,0.9999986343571374,1.0,False
Mur89F,1.7115796e-06,0.046330307,0.9999986343571374,1.0,False
CG4704,1.7115796e-06,0.7995362,0.9999986343571374,1.0,False
cad,1.7115796e-06,0.618116,0.9999986343571374,1.0,False
CG4835,1.7115796e-06,0.11651216,0.9999986343571374,1.0,False
lncRNA:CR44646,1.7115796e-06,0.09588986,0.9999986343571374,1.0,False
lncRNA:CR45605,1.7115796e-06,1.4063059,0.9999986343571374,1.0,False
snoRNA:Psi28S-3091a,1.7115796e-06,0.040277634,0.9999986343571374,1.0,False
CG6055,1.7115796e-06,0.67049414,0.9999986343571374,1.0,False
CG33127,1.7115796e-06,1.0850809,0.9999986343571374,1.0,False
Obp22a,1.7115796e-06,2.2906325,0.9999986343571374,1.0,False
Rab9E,1.7115796e-06,0.46749428,0.9999986343571374,1.0,False
CG10182,1.7115796e-06,0.37499765,0.9999986343571374,1.0,False
CG12609,1.7115796e-06,0.548623,0.9999986343571374,1.0,False
asRNA:CR45818,1.7115796e-06,0.08971713,0.9999986343571374,1.0,False
CG13460,1.7115796e-06,0.6053296,0.9999986343571374,1.0,False
CG1941,1.7115796e-06,0.020734664,0.9999986343571374,1.0,False
CAH4,1.7115796e-06,0.09649643,0.9999986343571374,1.0,False
snoRNA:CD9b,1.7115796e-06,0.99966407,0.9999986343571374,1.0,False
CG34205,1.7115796e-06,0.026910618,0.9999986343571374,1.0,False
CG15484,1.7115796e-06,0.07886938,0.9999986343571374,1.0,False
sna,1.7115796e-06,1.1961915,0.9999986343571374,1.0,False
m,1.7115796e-06,2.1630852,0.9999986343571374,1.0,False
Sgs1,1.7115796e-06,0.16079567,0.9999986343571374,1.0,False
CG42264,1.7115796e-06,0.18529087,0.9999986343571374,1.0,False
mir-4967,1.7115796e-06,0.69600266,0.9999986343571374,1.0,False
hll,1.7115796e-06,0.18590327,0.9999986343571374,1.0,False
lncRNA:CR45588,1.7115796e-06,0.109826386,0.9999986343571374,1.0,False
tomboy20,1.7115796e-06,3.8369925,0.9999986343571374,1.0,False
CG15822,1.7115796e-06,0.13486362,0.9999986343571374,1.0,False
LManVI,1.7115796e-06,1.3464208,0.9999986343571374,1.0,False
lectin-37Db,1.7115796e-06,3.274993,0.9999986343571374,1.0,False
CG17300,1.7115796e-06,1.435456,0.9999986343571374,1.0,False
CG8539,1.7115796e-06,0.21959554,0.9999986343571374,1.0,False
ft,1.7115796e-06,0.15464567,0.9999986343571374,1.0,False
CG11951,1.7115796e-06,0.34644613,0.9999986343571374,1.0,False
asRNA:CR43723,1.7115796e-06,0.5042952,0.9999986343571374,1.0,False
SmydA-2,1.7115796e-06,0.34283838,0.9999986343571374,1.0,False
CG32712,1.7115796e-06,1.406997,0.9999986343571374,1.0,False
lncRNA:CR44078,1.7115796e-06,1.4670829,0.9999986343571374,1.0,False
snoRNA:Psi28S-3305b,1.7115796e-06,0.9542562,0.9999986343571374,1.0,False
CG7963,1.7115796e-06,1.1840637,0.9999986343571374,1.0,False
CG11656,1.7115796e-06,0.9834876,0.9999986343571374,1.0,False
Cyp4ac2,1.7115796e-06,-0.06977066,0.9999986343571374,1.0,False
asRNA:CR46109,1.7115796e-06,0.6525929,0.9999986343571374,1.0,False
CG13044,1.7115796e-06,0.35338718,0.9999986343571374,1.0,False
Gr39b,1.7115796e-06,2.0302374,0.9999986343571374,1.0,False
snoRNA:Irbp-a,1.7115796e-06,0.45981506,0.9999986343571374,1.0,False
lncRNA:CR45168,1.7115796e-06,0.31588984,0.9999986343571374,1.0,False
CG10734,1.7115796e-06,0.430739,0.9999986343571374,1.0,False
sut2,1.7115796e-06,0.06045611,0.9999986343571374,1.0,False
lncRNA:CR45940,1.7115796e-06,0.81957436,0.9999986343571374,1.0,False
Gba1a,1.7115796e-06,0.24962968,0.9999986343571374,1.0,False
CG32199,1.7115796e-06,0.5092026,0.9999986343571374,1.0,False
CG6034,1.7115796e-06,0.40268588,0.9999986343571374,1.0,False
CG32686,1.7115796e-06,1.0980723,0.9999986343571374,1.0,False
lncRNA:CR43970,1.7115796e-06,1.1296248,0.9999986343571374,1.0,False
tono,1.7115796e-06,1.809695,0.9999986343571374,1.0,False
asRNA:CR45140,1.7115796e-06,1.4809512,0.9999986343571374,1.0,False
lncRNA:CR44066,1.7115796e-06,1.7703723,0.9999986343571374,1.0,False
Twdlbeta,1.7115796e-06,0.6929726,0.9999986343571374,1.0,False
CG15531,1.7115796e-06,0.21523055,0.9999986343571374,1.0,False
CG34299,1.7115796e-06,0.60779876,0.9999986343571374,1.0,False
Zip89B,1.7115796e-06,-0.034231037,0.9999986343571374,1.0,False
lncRNA:CR46249,1.7115796e-06,2.044759,0.9999986343571374,1.0,False
lncRNA:CR43642,1.7115796e-06,0.5972752,0.9999986343571374,1.0,False
CG4367,1.7115796e-06,0.32744426,0.9999986343571374,1.0,False
CG11550,1.7115796e-06,0.8666713,0.9999986343571374,1.0,False
lncRNA:CR45117,1.7115796e-06,0.042695217,0.9999986343571374,1.0,False
ds,1.7115796e-06,0.14134994,0.9999986343571374,1.0,False
lncRNA:CR45877,1.7115796e-06,0.030446835,0.9999986343571374,1.0,False
lncRNA:CR44274,1.7115796e-06,1.0511496,0.9999986343571374,1.0,False
CG32832,1.7115796e-06,0.48565906,0.9999986343571374,1.0,False
mt:tRNA:His-GTG,0.0,0.0,1.0,1.0,False
CG45764,0.0,0.0,1.0,1.0,False
PH4alphaSG1,0.0,0.0,1.0,1.0,False
Nepl9,0.0,-0.2828142,1.0,1.0,False
Gr36c,0.0,0.0,1.0,1.0,False
lncRNA:CR44752,0.0,0.0,1.0,1.0,False
CG9698,0.0,0.0,1.0,1.0,False
topi,0.0,0.0,1.0,1.0,False
MtnB,0.0,0.0,1.0,1.0,False
CG3868,0.0,0.0,1.0,1.0,False
wuc,0.0,0.0,1.0,1.0,False
CG17575,0.0,0.0,1.0,1.0,False
asRNA:CR45468,0.0,0.0,1.0,1.0,False
Nepl10,0.0,0.0,1.0,1.0,False
lncRNA:CR43754,0.0,0.0,1.0,1.0,False
lncRNA:CR44395,0.0,0.0,1.0,1.0,False
CG15140,0.0,0.0,1.0,1.0,False
Hr83,0.0,0.0,1.0,1.0,False
CG8028,0.0,-0.007971027,1.0,1.0,False
asRNA:CR44891,0.0,0.0,1.0,1.0,False
Vha16-4,0.0,0.0,1.0,1.0,False
CG3088,0.0,0.0,1.0,1.0,False
CG8329,0.0,0.0,1.0,1.0,False
lncRNA:CR45259,0.0,0.0,1.0,1.0,False
CG7214,0.0,0.0,1.0,1.0,False
ATPsynGL,0.0,0.0,1.0,1.0,False
asRNA:CR46195,0.0,0.0,1.0,1.0,False
CG18233,0.0,0.0,1.0,1.0,False
lncRNA:CR45392,0.0,0.0,1.0,1.0,False
lncRNA:CR46228,0.0,0.0,1.0,1.0,False
CG15880,0.0,0.0,1.0,1.0,False
CG8303,0.0,0.0,1.0,1.0,False
CG33459,0.0,0.0,1.0,1.0,False
Sfp24Bc,0.0,0.0,1.0,1.0,False
CG42615,0.0,0.0,1.0,1.0,False
asRNA:CR45202,0.0,0.0,1.0,1.0,False
lncRNA:CR45567,0.0,0.0,1.0,1.0,False
CG14518,0.0,0.0,1.0,1.0,False
CNT2,0.0,0.0,1.0,1.0,False
CG8252,0.0,0.0,1.0,1.0,False
CG7402,0.0,0.0,1.0,1.0,False
snoRNA:Psi28S-2949,0.0,0.0,1.0,1.0,False
NAAT1,0.0,-0.17057301,1.0,1.0,False
flz,0.0,0.0,1.0,1.0,False
BaraB,0.0,-0.16129765,1.0,1.0,False
CG7179,0.0,0.0,1.0,1.0,False
CheB74a,0.0,0.0,1.0,1.0,False
lncRNA:CR45652,0.0,0.0,1.0,1.0,False
CG17134,0.0,0.0,1.0,1.0,False
CG6431,0.0,-0.7148175,1.0,1.0,False
CG33458,0.0,0.0,1.0,1.0,False
CG15705,0.0,-0.6510676,1.0,1.0,False
lncRNA:CR45936,0.0,0.0,1.0,1.0,False
Fer3HCH,0.0,0.0,1.0,1.0,False
CG33703,0.0,0.0,1.0,1.0,False
CG5892,0.0,0.0,1.0,1.0,False
lncRNA:CR43648,0.0,0.0,1.0,1.0,False
CG31533,0.0,0.0,1.0,1.0,False
lncRNA:CR34046,0.0,0.0,1.0,1.0,False
CAH6,0.0,0.0,1.0,1.0,False
CG13471,0.0,0.0,1.0,1.0,False
CG17362,0.0,0.0,1.0,1.0,False
CG9040,0.0,0.0,1.0,1.0,False
CG9521,0.0,0.0,1.0,1.0,False
lncRNA:CR44588,0.0,0.0,1.0,1.0,False
CG10962,0.0,-0.10124993,1.0,1.0,False
CG13991,0.0,0.0,1.0,1.0,False
CG7329,0.0,0.0,1.0,1.0,False
lncRNA:CR45351,0.0,0.0,1.0,1.0,False
CG31872,0.0,0.0,1.0,1.0,False
CG31871,0.0,0.0,1.0,1.0,False
scpr-B,0.0,0.0,1.0,1.0,False
Sfp24C1,0.0,0.0,1.0,1.0,False
CG17375,0.0,0.0,1.0,1.0,False
CG18469,0.0,0.0,1.0,1.0,False
mir-4969,0.0,0.0,1.0,1.0,False
CG14054,0.0,0.0,1.0,1.0,False
Mal-A7,0.0,0.0,1.0,1.0,False
CG15605,0.0,0.0,1.0,1.0,False
CG30457,0.0,0.0,1.0,1.0,False
Mal-A3,0.0,0.0,1.0,1.0,False
Mal-A4,0.0,0.0,1.0,1.0,False
lncRNA:CR44670,0.0,0.0,1.0,1.0,False
CG32198,0.0,0.0,1.0,1.0,False
lncRNA:CR45435,0.0,0.0,1.0,1.0,False
lncRNA:CR44032,0.0,0.0,1.0,1.0,False
PGRP-LF,0.0,0.11871672,1.0,1.0,False
CG32040,0.0,0.0,1.0,1.0,False
CG34161,0.0,0.0,1.0,1.0,False
snRNA:U1:95Cc,0.0,0.0,1.0,1.0,False
CG34269,0.0,0.0,1.0,1.0,False
CG15594,0.0,0.0,1.0,1.0,False
Osi13,0.0,0.0,1.0,1.0,False
Osi15,0.0,0.0,1.0,1.0,False
Osi18,0.0,0.0,1.0,1.0,False
Osi20,0.0,0.0,1.0,1.0,False
CtsL3,0.0,0.0,1.0,1.0,False
lncRNA:CR44695,0.0,0.0,1.0,1.0,False
CG5681,0.0,0.0,1.0,1.0,False
CG14227,0.0,0.0,1.0,1.0,False
lncRNA:TS18,0.0,0.0,1.0,1.0,False
Ilp4,0.0,0.0,1.0,1.0,False
CG4960,0.0,0.0,1.0,1.0,False
CG42816,0.0,0.0,1.0,1.0,False
lncRNA:CR44284,0.0,0.0,1.0,1.0,False
lncRNA:CR44582,0.0,-0.12218697,1.0,1.0,False
asRNA:CR43898,0.0,0.0,1.0,1.0,False
lncRNA:CR45403,0.0,0.0,1.0,1.0,False
lncRNA:CR44539,0.0,0.0,1.0,1.0,False
Lcp1,0.0,0.0,1.0,1.0,False
lncRNA:CR44344,0.0,0.0,1.0,1.0,False
CG31008,0.0,-0.5048683,1.0,1.0,False
lncRNA:CR44526,0.0,-0.033099145,1.0,1.0,False
CG15930,0.0,0.0,1.0,1.0,False
CG16852,0.0,0.0,1.0,1.0,False
CG34217,0.0,0.0,1.0,1.0,False
lncRNA:CR44076,0.0,0.0,1.0,1.0,False
lncRNA:CR45450,0.0,0.0,1.0,1.0,False
insb,0.0,0.0,1.0,1.0,False
Doc3,0.0,0.0,1.0,1.0,False
Prm,0.0,0.0,1.0,1.0,False
lncRNA:CR43717,0.0,0.0,1.0,1.0,False
CG44476,0.0,0.0,1.0,1.0,False
lncRNA:CR45355,0.0,0.0,1.0,1.0,False
CG32148,0.0,0.0,1.0,1.0,False
CG43678,0.0,0.0,1.0,1.0,False
Act88F,0.0,0.0,1.0,1.0,False
eloF,0.0,0.0,1.0,1.0,False
lncRNA:CR42858,0.0,0.0,1.0,1.0,False
lncRNA:CR46336,0.0,0.0,1.0,1.0,False
CG14406,0.0,0.0,1.0,1.0,False
Eo,0.0,0.0,1.0,1.0,False
CG9030,0.0,0.0,1.0,1.0,False
CG12374,0.0,0.0,1.0,1.0,False
CG42814,0.0,0.0,1.0,1.0,False
sand,0.0,0.0,1.0,1.0,False
lncRNA:CR45626,0.0,0.0,1.0,1.0,False
CG14630,0.0,0.0,1.0,1.0,False
sip2,0.0,0.0,1.0,1.0,False
E(spl)m7-HLH,0.0,0.0,1.0,1.0,False
lncRNA:CR44491,0.0,0.0,1.0,1.0,False
CG14072,0.0,0.0,1.0,1.0,False
lncRNA:CR44492,0.0,-0.09515149,1.0,1.0,False
snoRNA:Psi28S-291,0.0,0.0,1.0,1.0,False
ich,0.0,0.0,1.0,1.0,False
CG13955,0.0,0.0,1.0,1.0,False
CG34175,0.0,0.0,1.0,1.0,False
CG14545,0.0,0.040118333,1.0,1.0,False
krimp,0.0,0.0,1.0,1.0,False
Jhe,0.0,0.0,1.0,1.0,False
lncRNA:CR46257,0.0,0.0,1.0,1.0,False
CG5217,0.0,0.0,1.0,1.0,False
ODA-Dnal1,0.0,0.0,1.0,1.0,False
CG33647,0.0,0.0,1.0,1.0,False
lncRNA:CR46216,0.0,0.0,1.0,1.0,False
CG43049,0.0,0.0,1.0,1.0,False
asRNA:CR44087,0.0,0.0,1.0,1.0,False
Gr93d,0.0,0.0,1.0,1.0,False
lncRNA:CR43719,0.0,0.0,1.0,1.0,False
CG11911,0.0,0.0,1.0,1.0,False
CG4213,0.0,0.0,1.0,1.0,False
asRNA:CR45270,0.0,0.04471925,1.0,1.0,False
Traf-like,0.0,-0.26087493,1.0,1.0,False
Tpt,0.0,0.0,1.0,1.0,False
CG31493,0.0,0.0,1.0,1.0,False
CG14610,0.0,0.0,1.0,1.0,False
Ubc87F,0.0,0.0,1.0,1.0,False
Gem4c,0.0,0.0,1.0,1.0,False
asRNA:CR45481,0.0,0.0,1.0,1.0,False
HP1D3csd,0.0,0.0,1.0,1.0,False
lncRNA:CR44842,0.0,0.0,1.0,1.0,False
asRNA:CR44992,0.0,0.0,1.0,1.0,False
Sb,0.0,0.0,1.0,1.0,False
asRNA:CR43472,0.0,0.0,1.0,1.0,False
CG8925,0.0,0.0,1.0,1.0,False
Osi1,0.0,0.0,1.0,1.0,False
CG9173,0.0,0.0,1.0,1.0,False
Ir60e,0.0,0.0,1.0,1.0,False
asRNA:CR45869,0.0,0.0,1.0,1.0,False
CG14731,0.0,0.0,1.0,1.0,False
CG43062,0.0,0.0,1.0,1.0,False
CG13733,0.0,0.0,1.0,1.0,False
edin,0.0,0.4449036,1.0,1.0,False
snoRNA:Edc3-a,0.0,0.0,1.0,1.0,False
lncRNA:CR43807,0.0,0.0,1.0,1.0,False
lncRNA:CR45246,0.0,0.0,1.0,1.0,False
Cpr67Fb,0.0,0.0,1.0,1.0,False
CG43672,0.0,0.0,1.0,1.0,False
lncRNA:CR44373,0.0,0.0,1.0,1.0,False
Cyp4aa1,0.0,0.0,1.0,1.0,False
CG10910,0.0,0.0,1.0,1.0,False
CG14500,0.0,0.0,1.0,1.0,False
CG18540,0.0,0.0,1.0,1.0,False
Tango8,0.0,0.0,1.0,1.0,False
CG11693,0.0,0.0,1.0,1.0,False
Cpr76Bc,0.0,0.0,1.0,1.0,False
CG14860,0.0,0.0,1.0,1.0,False
CG9903,0.0,0.0,1.0,1.0,False
asRNA:CR45867,0.0,0.0,1.0,1.0,False
asRNA:CR45868,0.0,0.0,1.0,1.0,False
eIF4E5,0.0,0.0,1.0,1.0,False
CG13675,0.0,0.0,1.0,1.0,False
lncRNA:CR44889,0.0,0.0,1.0,1.0,False
SkpC,0.0,0.0,1.0,1.0,False
CG13577,0.0,0.0,1.0,1.0,False
CG44812,0.0,0.0,1.0,1.0,False
CG32681,0.0,0.0,1.0,1.0,False
RabX2,0.0,0.0,1.0,1.0,False
CG14676,0.0,0.0,1.0,1.0,False
lncRNA:CR46114,0.0,0.0,1.0,1.0,False
Rsod,0.0,0.0,1.0,1.0,False
snoRNA:Psi28S-2149,0.0,0.0,1.0,1.0,False
lncRNA:CR45762,0.0,0.0,1.0,1.0,False
lncRNA:CR44994,0.0,0.0,1.0,1.0,False
Elo68alpha,0.0,0.0,1.0,1.0,False
CG2955,0.0,0.0,1.0,1.0,False
GstE5,0.0,0.0,1.0,1.0,False
sphe,0.0,0.0,1.0,1.0,False
CG16888,0.0,0.0,1.0,1.0,False
CG9626,0.0,0.0,1.0,1.0,False
CG8492,0.0,0.0,1.0,1.0,False
CG31437,0.0,0.0,1.0,1.0,False
CG13658,0.0,-0.38997546,1.0,1.0,False
CG31097,0.0,0.0,1.0,1.0,False
lncRNA:CR44220,0.0,0.0,1.0,1.0,False
frac,0.0,0.0,1.0,1.0,False
lncRNA:CR44209,0.0,0.0,1.0,1.0,False
CG31231,0.0,-0.074729994,1.0,1.0,False
lncRNA:CR45211,0.0,0.0,1.0,1.0,False
CG30083,0.0,0.0,1.0,1.0,False
CG15696,0.0,0.0,1.0,1.0,False
CG18823,0.0,0.0,1.0,1.0,False
CG14631,0.0,0.0,1.0,1.0,False
asRNA:CR45778,0.0,0.0,1.0,1.0,False
mAcon2,0.0,0.0,1.0,1.0,False
CG14540,0.0,0.0,1.0,1.0,False
lncRNA:CR45039,0.0,0.0,1.0,1.0,False
lncRNA:CR44715,0.0,0.0,1.0,1.0,False
CG12224,0.0,0.0,1.0,1.0,False
ssp5,0.0,0.0,1.0,1.0,False
sad,0.0,0.0,1.0,1.0,False
mir-4982,0.0,0.0,1.0,1.0,False
lncRNA:CR30121,0.0,0.26670188,1.0,1.0,False
CG17821,0.0,0.0,1.0,1.0,False
lncRNA:CR45647,0.0,0.0,1.0,1.0,False
CG13855,0.0,0.0,1.0,1.0,False
CG14507,0.0,0.0,1.0,1.0,False
asRNA:CR43876,0.0,0.0,1.0,1.0,False
CG14187,0.0,0.0,1.0,1.0,False
CG7335,0.0,0.0,1.0,1.0,False
Cyp316a1,0.0,0.0,1.0,1.0,False
shps,0.0,0.0,1.0,1.0,False
CG45011,0.0,0.0,1.0,1.0,False
CG34230,0.0,0.0,1.0,1.0,False
lncRNA:CR45395,0.0,0.0,1.0,1.0,False
CG31668,0.0,0.0,1.0,1.0,False
CG33177,0.0,0.0,1.0,1.0,False
lncRNA:CR45276,0.0,0.0,1.0,1.0,False
CG32847,0.0,0.0,1.0,1.0,False
scaRNA:MeU2-48,0.0,0.0,1.0,1.0,False
CG12003,0.0,0.0,1.0,1.0,False
Muc4B,0.0,0.0,1.0,1.0,False
lncRNA:CR45166,0.0,0.0,1.0,1.0,False
tgy,0.0,0.0,1.0,1.0,False
lncRNA:CR45483,0.0,0.0,1.0,1.0,False
CG32391,0.0,0.0,1.0,1.0,False
Cpr65Eb,0.0,0.0,1.0,1.0,False
CG14820,0.0,-0.12686807,1.0,1.0,False
Cyp9b1,0.0,0.0,1.0,1.0,False
CG31296,0.0,0.0,1.0,1.0,False
asRNA:CR43433,0.0,0.0,1.0,1.0,False
CG13023,0.0,0.0,1.0,1.0,False
lncRNA:CR44241,0.0,0.0,1.0,1.0,False
CG7573,0.0,0.0,1.0,1.0,False
lncRNA:CR42755,0.0,0.0,1.0,1.0,False
lncRNA:CR45550,0.0,0.0,1.0,1.0,False
lncRNA:CR44848,0.0,0.0,1.0,1.0,False
CG14420,0.0,0.0,1.0,1.0,False
Spn77Bc,0.0,0.0,1.0,1.0,False
CG12164,0.0,0.0,1.0,1.0,False
CG15482,0.0,0.0,1.0,1.0,False
asRNA:CR45330,0.0,0.0,1.0,1.0,False
Pvf2,0.0,-0.06445539,1.0,1.0,False
lncRNA:CR44610,0.0,0.0,1.0,1.0,False
CG33268,0.0,0.0,1.0,1.0,False
asRNA:CR45016,0.0,-0.25694793,1.0,1.0,False
CG45078,0.0,0.0,1.0,1.0,False
CG11977,0.0,0.0,1.0,1.0,False
asRNA:CR45129,0.0,0.0,1.0,1.0,False
lncRNA:CR45942,0.0,0.0,1.0,1.0,False
CG7126,0.0,0.0,1.0,1.0,False
CG14829,0.0,0.0,1.0,1.0,False
mei-P22,0.0,0.0,1.0,1.0,False
lncRNA:CR45176,0.0,0.0,1.0,1.0,False
CG2577,0.0,0.0,1.0,1.0,False
CG32651,0.0,0.0,1.0,1.0,False
CG9447,0.0,0.0,1.0,1.0,False
asRNA:CR44169,0.0,0.0,1.0,1.0,False
CG3942,0.0,0.0,1.0,1.0,False
CG15336,0.0,0.0,1.0,1.0,False
CG12831,0.0,0.0,1.0,1.0,False
lncRNA:CR45720,0.0,0.0,1.0,1.0,False
lncRNA:CR45294,0.0,0.0,1.0,1.0,False
lncRNA:CR45295,0.0,0.0,1.0,1.0,False
Spn43Aa,0.0,0.0,1.0,1.0,False
CG10063,0.0,0.0,1.0,1.0,False
CG8519,0.0,-0.2501566,1.0,1.0,False
CG3526,0.0,0.09316853,1.0,1.0,False
Ir51b,0.0,0.0,1.0,1.0,False
Def,0.0,0.0,1.0,1.0,False
CG12920,0.0,0.0,1.0,1.0,False
CG15249,0.0,0.0,1.0,1.0,False
CG43055,0.0,0.0,1.0,1.0,False
lncRNA:CR43960,0.0,0.0,1.0,1.0,False
CG15115,0.0,0.0,1.0,1.0,False
lncRNA:CR45417,0.0,0.0,1.0,1.0,False
lncRNA:CR45115,0.0,0.0,1.0,1.0,False
5.8SrRNA-Psi:CR45863,0.0,0.0,1.0,1.0,False
SteXh:CG42398,0.0,0.0,1.0,1.0,False
Tsp42Ec,0.0,0.0,1.0,1.0,False
lncRNA:CR44504,0.0,0.0,1.0,1.0,False
CG43997,0.0,0.0,1.0,1.0,False
CG43077,0.0,0.0,1.0,1.0,False
lncRNA:CR44503,0.0,0.0,1.0,1.0,False
CG42714,0.0,0.0,1.0,1.0,False
lncRNA:CR44522,0.0,0.0,1.0,1.0,False
asRNA:CR31429,0.0,0.0,1.0,1.0,False
CG13024,0.0,0.018176507,1.0,1.0,False
PpD6,0.0,0.0,1.0,1.0,False
CG15404,0.0,0.0,1.0,1.0,False
CG11905,0.0,0.0,1.0,1.0,False
CG43348,0.0,0.0,1.0,1.0,False
Ir56c,0.0,0.0,1.0,1.0,False
CG44038,0.0,0.0,1.0,1.0,False
asRNA:CR44968,0.0,0.0,1.0,1.0,False
lncRNA:CR45241,0.0,0.0,1.0,1.0,False
Lasp,0.0,0.0,1.0,1.0,False
asRNA:CR43467,0.0,0.0,1.0,1.0,False
mir-956,0.0,0.0,1.0,1.0,False
Myst5,0.0,0.0,1.0,1.0,False
CG14861,0.0,0.0,1.0,1.0,False
Btnd,0.0,0.0,1.0,1.0,False
Or65a,0.0,0.0,1.0,1.0,False
CG15577,0.0,0.0,1.0,1.0,False
CG13930,0.0,0.0,1.0,1.0,False
CG13613,0.0,0.0,1.0,1.0,False
CG42812,0.0,0.0,1.0,1.0,False
Acp95EF,0.0,0.0,1.0,1.0,False
mir-4946,0.0,0.0,1.0,1.0,False
CG31279,0.0,0.0,1.0,1.0,False
CG13992,0.0,0.0,1.0,1.0,False
lncRNA:CR45590,0.0,0.0,1.0,1.0,False
karr,0.0,0.0,1.0,1.0,False
CG43134,0.0,0.0,1.0,1.0,False
asRNA:CR45712,0.0,0.0,1.0,1.0,False
CG33919,0.0,0.0,1.0,1.0,False
lncRNA:CR43929,0.0,0.0,1.0,1.0,False
CG10589,0.0,0.0,1.0,1.0,False
CG10588,0.0,0.0,1.0,1.0,False
CG13250,0.0,0.0,1.0,1.0,False
CG13251,0.0,0.0,1.0,1.0,False
lncRNA:CR45127,0.0,0.0,1.0,1.0,False
FipoQ,0.0,0.0,1.0,1.0,False
CG7567,0.0,0.0,1.0,1.0,False
CG11470,0.0,0.0,1.0,1.0,False
lncRNA:CR44633,0.0,0.0,1.0,1.0,False
asRNA:CR44062,0.0,0.0,1.0,1.0,False
Obp56i,0.0,0.0,1.0,1.0,False
lncRNA:CR44573,0.0,0.0,1.0,1.0,False
Ir56b,0.0,0.0,1.0,1.0,False
CG31404,0.0,0.0,1.0,1.0,False
CG13428,0.0,0.0,1.0,1.0,False
asRNA:CR44653,0.0,0.0,1.0,1.0,False
yip7,0.0,0.0,1.0,1.0,False
Jon65Aiv,0.0,0.0,1.0,1.0,False
Jon65Aiii,0.0,0.0,1.0,1.0,False
CG42272,0.0,-0.20211567,1.0,1.0,False
CG11854,0.0,0.0,1.0,1.0,False
lncRNA:CR43656,0.0,0.0,1.0,1.0,False
lncRNA:CR44642,0.0,0.0,1.0,1.0,False
CG11192,0.0,0.0,1.0,1.0,False
lncRNA:CR44216,0.0,0.0,1.0,1.0,False
lncRNA:CR44732,0.0,0.0,1.0,1.0,False
CG15563,0.0,0.0,1.0,1.0,False
CG14125,0.0,0.0,1.0,1.0,False
CG14131,0.0,0.0,1.0,1.0,False
a5,0.0,0.0,1.0,1.0,False
lncRNA:CR43830,0.0,0.0,1.0,1.0,False
CG12951,0.0,0.0,1.0,1.0,False
lncRNA:CR44558,0.0,0.0,1.0,1.0,False
AQP,0.0,0.0,1.0,1.0,False
lncRNA:CR45178,0.0,0.0,1.0,1.0,False
CG43184,0.0,0.0,1.0,1.0,False
dokb,0.0,0.0,1.0,1.0,False
CG6441,0.0,0.0,1.0,1.0,False
CG6739,0.0,0.0,1.0,1.0,False
CG12637,0.0,0.0,1.0,1.0,False
Sfp26Ad,0.0,0.0,1.0,1.0,False
CG42841,0.0,0.0,1.0,1.0,False
asRNA:CR45686,0.0,0.0,1.0,1.0,False
CG42780,0.0,0.0,1.0,1.0,False
CG42704,0.0,0.0,1.0,1.0,False
Ir64a,0.0,0.0,1.0,1.0,False
lncRNA:CR44125,0.0,0.0,1.0,1.0,False
CG31373,0.0,0.0,1.0,1.0,False
CG33469,0.0,0.0,1.0,1.0,False
Sprn,0.0,0.0,1.0,1.0,False
prc,0.0,-0.015921932,1.0,1.0,False
snoRNA:CD40,0.0,0.0,1.0,1.0,False
eIF3f2,0.0,0.0,1.0,1.0,False
HP6,0.0,0.0,1.0,1.0,False
snoRNA:Psi28S-1837c,0.0,0.0,1.0,1.0,False
asRNA:CR44995,0.0,-0.035298068,1.0,1.0,False
Alp1,0.0,0.0,1.0,1.0,False
asRNA:CR43877,0.0,0.0,1.0,1.0,False
lncRNA:CR44886,0.0,0.0,1.0,1.0,False
CG13443,0.0,0.0,1.0,1.0,False
CG14810,0.0,0.0,1.0,1.0,False
lncRNA:CR32661,0.0,0.0,1.0,1.0,False
CG18130,0.0,0.0,1.0,1.0,False
lncRNA:CR44126,0.0,0.35232148,1.0,1.0,False
asRNA:CR44130,0.0,0.0,1.0,1.0,False
CG10591,0.0,0.0,1.0,1.0,False
lncRNA:CR44515,0.0,0.0,1.0,1.0,False
lncRNA:CR44645,0.0,0.0,1.0,1.0,False
lncRNA:CR45743,0.0,0.0,1.0,1.0,False
CG14841,0.0,0.0,1.0,1.0,False
Vm26Ac,0.0,0.0,1.0,1.0,False
CG33483,0.0,0.0,1.0,1.0,False
lncRNA:CR46220,0.0,0.0,1.0,1.0,False
CG43192,0.0,0.0,1.0,1.0,False
CG12729,0.0,0.0,1.0,1.0,False
reb,0.0,0.0,1.0,1.0,False
betaNACtes2,0.0,0.0,1.0,1.0,False
betaNACtes3,0.0,0.0,1.0,1.0,False
CG12540,0.0,0.0,1.0,1.0,False
cuff,0.0,0.0,1.0,1.0,False
CG15550,0.0,0.0,1.0,1.0,False
CG13653,0.0,0.0,1.0,1.0,False
CG13712,0.0,0.0,1.0,1.0,False
lncRNA:CR43681,0.0,0.0,1.0,1.0,False
CG4970,0.0,0.0,1.0,1.0,False
lncRNA:CR44955,0.0,0.0,1.0,1.0,False
CG13033,0.0,0.0,1.0,1.0,False
asRNA:CR45894,0.0,0.6067341,1.0,1.0,False
CG18814,0.0,0.0,1.0,1.0,False
CG7333,0.0,0.0,1.0,1.0,False
Gr47a,0.0,0.0,1.0,1.0,False
sa,0.0,0.0,1.0,1.0,False
lncRNA:CR43939,0.0,0.0,1.0,1.0,False
CG15212,0.0,0.0,1.0,1.0,False
CG15213,0.0,0.0,1.0,1.0,False
snoRNA:Psi28S-3316d,0.0,0.0,1.0,1.0,False
snoRNA:Psi18S-841c,0.0,0.0,1.0,1.0,False
snoRNA:Psi28S-3316e,0.0,0.0,1.0,1.0,False
lncRNA:dntRL,0.0,0.0,1.0,1.0,False
CG15252,0.0,0.0,1.0,1.0,False
Dna2,0.0,0.0,1.0,1.0,False
snoRNA:Psi28S-1135d,0.0,-0.037685487,1.0,1.0,False
Cda4,0.0,0.0,1.0,1.0,False
Act57B,0.0,0.0,1.0,1.0,False
CG33704,0.0,0.0,1.0,1.0,False
CG15649,0.0,0.0,1.0,1.0,False
CG15282,0.0,0.0,1.0,1.0,False
lncRNA:CR45959,0.0,0.0,1.0,1.0,False
CG18808,0.0,0.0,1.0,1.0,False
CG13722,0.0,0.0,1.0,1.0,False
CG32246,0.0,0.0,1.0,1.0,False
CG32445,0.0,0.0,1.0,1.0,False
lncRNA:CR45956,0.0,0.0,1.0,1.0,False
CG11249,0.0,0.0,1.0,1.0,False
Sfp78E,0.0,0.0,1.0,1.0,False
CG33290,0.0,0.0,1.0,1.0,False
lncRNA:CR45571,0.0,0.0,1.0,1.0,False
CG15879,0.0,0.0,1.0,1.0,False
CG13810,0.0,0.0,1.0,1.0,False
Sdic2,0.0,0.0,1.0,1.0,False
snoRNA:Psi28S-2626,0.0,0.0,1.0,1.0,False
Cad89D,0.0,0.0,1.0,1.0,False
Lectin-galC1,0.0,0.0,1.0,1.0,False
Decay,0.0,0.0,1.0,1.0,False
CG8349,0.0,0.0,1.0,1.0,False
Inx6,0.0,0.0,1.0,1.0,False
CG4763,0.0,0.0,1.0,1.0,False
lncRNA:CR45982,0.0,0.0,1.0,1.0,False
Spn28Db,0.0,0.0,1.0,1.0,False
CG43630,0.0,0.0,1.0,1.0,False
BigH1,0.0,0.0,1.0,1.0,False
CG12209,0.0,0.0,1.0,1.0,False
kmg,0.0,0.0,1.0,1.0,False
asRNA:CR46256,0.0,0.0,1.0,1.0,False
lncRNA:CR44970,0.0,0.0,1.0,1.0,False
CG10104,0.0,0.0,1.0,1.0,False
CG43919,0.0,0.0,1.0,1.0,False
lncRNA:CR44947,0.0,-0.23584485,1.0,1.0,False
CG15641,0.0,0.0,1.0,1.0,False
lncRNA:CR44888,0.0,0.0,1.0,1.0,False
CG43638,0.0,0.0,1.0,1.0,False
lncRNA:CR45971,0.0,0.0,1.0,1.0,False
Jig,0.0,0.0,1.0,1.0,False
CG13639,0.0,0.0,1.0,1.0,False
asRNA:CR44267,0.0,0.0,1.0,1.0,False
CG30222,0.0,0.0,1.0,1.0,False
CG33225,0.0,0.0,1.0,1.0,False
CG15676,0.0,0.0,1.0,1.0,False
CG32450,0.0,0.0,1.0,1.0,False
lncRNA:CR45618,0.0,0.0,1.0,1.0,False
CG10919,0.0,-0.45245862,1.0,1.0,False
snoRNA:Psi18S-841a,0.0,0.0,1.0,1.0,False
snoRNA:Psi28S-3378,0.0,0.0,1.0,1.0,False
snoRNA:Psi28S-3316c,0.0,-0.03002319,1.0,1.0,False
CG11598,0.0,0.0,1.0,1.0,False
CG33769,0.0,0.0,1.0,1.0,False
whe,0.0,0.0,1.0,1.0,False
lncRNA:CR45082,0.0,0.0,1.0,1.0,False
mir-4953,0.0,0.0,1.0,1.0,False
CG17625,0.0,0.0,1.0,1.0,False
CG13842,0.0,0.0,1.0,1.0,False
CG4907,0.0,0.0,1.0,1.0,False
CG33771,0.0,0.0,1.0,1.0,False
lncRNA:CR45964,0.0,0.0,1.0,1.0,False
lncRNA:CR45362,0.0,0.0,1.0,1.0,False
lncRNA:CR46253,0.0,0.0,1.0,1.0,False
lncRNA:CR44042,0.0,-0.31194127,1.0,1.0,False
Trxr2,0.0,0.0,1.0,1.0,False
CG13059,0.0,0.0,1.0,1.0,False
CG13073,0.0,0.0,1.0,1.0,False
CG4815,0.0,0.0,1.0,1.0,False
conv,0.0,0.0,1.0,1.0,False
CG31928,0.0,0.0,1.0,1.0,False
CG18131,0.0,0.0,1.0,1.0,False
Or22a,0.0,0.0,1.0,1.0,False
CG6299,0.0,0.0,1.0,1.0,False
CG11529,0.0,0.0,1.0,1.0,False
snoRNA:CD61,0.0,0.0,1.0,1.0,False
ND-B14.5AL,0.0,0.0,1.0,1.0,False
CG33768,0.0,0.0,1.0,1.0,False
CG42570,0.0,0.0,1.0,1.0,False
cocoon,0.0,0.0,1.0,1.0,False
Nepl12,0.0,0.0,1.0,1.0,False
scaRNA:PsiU1-6,0.0,0.0,1.0,1.0,False
snoRNA:Psi28S-3327a,0.0,0.0,1.0,1.0,False
CG14115,0.0,0.0,1.0,1.0,False
CG34428,0.0,0.0,1.0,1.0,False
lncRNA:CR44554,0.0,0.0,1.0,1.0,False
CG33262,0.0,0.0,1.0,1.0,False
lncRNA:CR45097,0.0,0.0,1.0,1.0,False
CG44475,0.0,0.0,1.0,1.0,False
CG30395,0.0,0.0,1.0,1.0,False
lncRNA:CR44196,0.0,0.0,1.0,1.0,False
CG43230,0.0,0.0,1.0,1.0,False
ProtB,0.0,0.30380195,1.0,1.0,False
CG5172,0.0,0.0,1.0,1.0,False
CG8087,0.0,0.0,1.0,1.0,False
lncRNA:CR43766,0.0,0.0,1.0,1.0,False
Ugt37A3,0.0,0.0,1.0,1.0,False
lncRNA:CR46217,0.0,0.0,1.0,1.0,False
CG34345,0.0,0.0,1.0,1.0,False
CG15219,0.0,0.0,1.0,1.0,False
Cpr64Ac,0.0,0.0,1.0,1.0,False
lncRNA:CR44692,0.0,0.0,1.0,1.0,False
mir-4974,0.0,0.0,1.0,1.0,False
CG14053,0.0,0.0,1.0,1.0,False
CG17752,0.0,0.0,1.0,1.0,False
CG10663,0.0,0.0,1.0,1.0,False
lncRNA:CR45695,0.0,0.0,1.0,1.0,False
CG17267,0.0,0.0,1.0,1.0,False
snoRNA:Psi18S-1295,0.0,0.0,1.0,1.0,False
His1:CG33807,0.0,0.0,1.0,1.0,False
asRNA:CR44266,0.0,0.0,1.0,1.0,False
CG11370,0.0,0.0,1.0,1.0,False
Gr58b,0.0,0.0,1.0,1.0,False
CG4520,0.0,0.0,1.0,1.0,False
CG33679,0.0,0.0,1.0,1.0,False
CG15269,0.0,0.0,1.0,1.0,False
CG33773,0.0,0.0,1.0,1.0,False
CG15333,0.0,0.0,1.0,1.0,False
CG7091,0.0,0.0,1.0,1.0,False
Mayo,0.0,-0.13401493,1.0,1.0,False
CG31624,0.0,0.0,1.0,1.0,False
lncRNA:CR44056,0.0,0.0,1.0,1.0,False
asRNA:CR45968,0.0,0.0,1.0,1.0,False
CG32462,0.0,0.0,1.0,1.0,False
asRNA:CR44160,0.0,0.0,1.0,1.0,False
Sgs5bis,0.0,0.0,1.0,1.0,False
CG18675,0.0,0.0,1.0,1.0,False
Cpr64Aa,0.0,0.0,1.0,1.0,False
CG31735,0.0,0.0,1.0,1.0,False
CG31821,0.0,0.0,1.0,1.0,False
CG12448,0.0,0.0,1.0,1.0,False
CG34167,0.0,0.0,1.0,1.0,False
upd1,0.0,0.0,1.0,1.0,False
CG42828,0.0,0.0,1.0,1.0,False
CG43694,0.0,0.0,1.0,1.0,False
CG9568,0.0,0.0,1.0,1.0,False
CG7631,0.0,0.0,1.0,1.0,False
CG17350,0.0,0.0,1.0,1.0,False
CG12590,0.0,0.023997128,1.0,1.0,False
CG31798,0.0,0.0,1.0,1.0,False
Jon99Ciii,0.0,0.0,1.0,1.0,False
Skadu,0.0,0.0,1.0,1.0,False
lncRNA:CR44354,0.0,0.0,1.0,1.0,False
dgo,0.0,-0.38463303,1.0,1.0,False
lncRNA:CR44302,0.0,0.0,1.0,1.0,False
CG10996,0.0,0.0,1.0,1.0,False
CG33796,0.0,0.0,1.0,1.0,False
CG33795,0.0,0.0,1.0,1.0,False
CG13230,0.0,0.0,1.0,1.0,False
lncRNA:CR45754,0.0,0.0,1.0,1.0,False
dls,0.0,0.0,1.0,1.0,False
CG31294,0.0,0.0,1.0,1.0,False
AttD,0.0,0.0,1.0,1.0,False
lncRNA:CR46252,0.0,0.0,1.0,1.0,False
Gr64a,0.0,0.0,1.0,1.0,False
Ugt305A1,0.0,0.0,1.0,1.0,False
snoRNA:Or-aca1,0.0,0.0,1.0,1.0,False
lncRNA:CR44146,0.0,0.0,1.0,1.0,False
Oseg5,0.0,0.0,1.0,1.0,False
CG14402,0.0,0.0,1.0,1.0,False
sisA,0.0,0.0,1.0,1.0,False
lncRNA:CR44744,0.0,0.0,1.0,1.0,False
asRNA:CR44374,0.0,0.0,1.0,1.0,False
snoRNA:CD60,0.0,0.0,1.0,1.0,False
nompA,0.0,0.0,1.0,1.0,False
CG6244,0.0,0.0,1.0,1.0,False
alphaTry,0.0,0.0,1.0,1.0,False
betaTry,0.0,0.0,1.0,1.0,False
CG14020,0.0,0.0,1.0,1.0,False
asRNA:CR44793,0.0,0.0,1.0,1.0,False
CG7031,0.0,0.0,1.0,1.0,False
lncRNA:CR44350,0.0,0.0,1.0,1.0,False
CG15450,0.0,0.0,1.0,1.0,False
lncRNA:CR43193,0.0,0.0,1.0,1.0,False
Ir10a,0.0,0.0,1.0,1.0,False
Edg91,0.0,0.0,1.0,1.0,False
CG14327,0.0,0.0,1.0,1.0,False
CG14323,0.0,0.0,1.0,1.0,False
lncRNA:CR45269,0.0,0.0,1.0,1.0,False
lncRNA:CR42868,0.0,-0.15870139,1.0,1.0,False
CG7886,0.0,-0.066940814,1.0,1.0,False
Dmel_CR34687,0.0,0.0,1.0,1.0,False
asRNA:CR44176,0.0,0.0,1.0,1.0,False
Gr9a,0.0,0.0,1.0,1.0,False
mAChR-C,0.0,0.0,1.0,1.0,False
CG5421,0.0,0.0,1.0,1.0,False
lncRNA:CR44553,0.0,0.0,1.0,1.0,False
CG4983,0.0,0.0,1.0,1.0,False
Vha100-5,0.0,0.0,1.0,1.0,False
CG42471,0.0,0.025290819,1.0,1.0,False
lncRNA:CR43297,0.0,0.0,1.0,1.0,False
CG9961,0.0,0.0,1.0,1.0,False
CG10481,0.0,0.0,1.0,1.0,False
ItgaPS5,0.0,0.0,1.0,1.0,False
lncRNA:CR44530,0.0,0.0,1.0,1.0,False
mir-210,0.0,0.0,1.0,1.0,False
Hesr,0.0,-0.30507177,1.0,1.0,False
asRNA:CR45326,0.0,0.0,1.0,1.0,False
CG9029,0.0,0.0,1.0,1.0,False
lncRNA:CR45722,0.0,0.0,1.0,1.0,False
CG14017,0.0,0.0,1.0,1.0,False
Cyp6a16,0.0,0.0,1.0,1.0,False
snRNA:U5:63BC,0.0,0.0,1.0,1.0,False
pal,0.0,0.0,1.0,1.0,False
CG14664,0.0,0.0,1.0,1.0,False
Gr22c,0.0,0.0,1.0,1.0,False
tum,0.0,0.0,1.0,1.0,False
CG42288,0.0,0.0,1.0,1.0,False
lncRNA:CR42790,0.0,0.0,1.0,1.0,False
Dmel_CR34689,0.0,0.0,1.0,1.0,False
TwdlM,0.0,0.0,1.0,1.0,False
lncRNA:CR46233,0.0,0.0,1.0,1.0,False
CG43403,0.0,0.0,1.0,1.0,False
Gr23a,0.0,0.0,1.0,1.0,False
lncRNA:CR43282,0.0,0.0,1.0,1.0,False
Dmel_CR46042,0.0,0.0,1.0,1.0,False
lncRNA:CR44775,0.0,0.0,1.0,1.0,False
alpha-Est6,0.0,0.0,1.0,1.0,False
CG13362,0.0,0.0,1.0,1.0,False
mthl12,0.0,0.0,1.0,1.0,False
snoRNA:Psi18S-525j,0.0,0.0,1.0,1.0,False
swa,0.0,0.0,1.0,1.0,False
CG33669,0.0,0.0,1.0,1.0,False
CG34007,0.0,0.0,1.0,1.0,False
CG31677,0.0,-0.1484352,1.0,1.0,False
CG14974,0.0,0.0,1.0,1.0,False
Fatp2,0.0,0.0,1.0,1.0,False
lncRNA:CR44764,0.0,0.0,1.0,1.0,False
CG13202,0.0,0.0,1.0,1.0,False
CG14655,0.0,0.35590434,1.0,1.0,False
lncRNA:CR31526,0.0,0.0,1.0,1.0,False
Mur82C,0.0,0.0,1.0,1.0,False
CG32945,0.0,0.0,1.0,1.0,False
asRNA:CR45466,0.0,0.0,1.0,1.0,False
mir-2282,0.0,0.0,1.0,1.0,False
CG43074,0.0,0.0,1.0,1.0,False
lncRNA:CR43626,0.0,0.0,1.0,1.0,False
CG12617,0.0,-0.17322311,1.0,1.0,False
snoRNA:Psi18S-525a,0.0,0.0,1.0,1.0,False
CG31525,0.0,0.0,1.0,1.0,False
snoRNA:Psi18S-525f,0.0,0.0,1.0,1.0,False
CycB,0.0,0.0,1.0,1.0,False
CG42284,0.0,0.0,1.0,1.0,False
lncRNA:CR43166,0.0,0.0,1.0,1.0,False
CG14963,0.0,0.0,1.0,1.0,False
lncRNA:CR43097,0.0,0.0,1.0,1.0,False
CG13449,0.0,0.0,1.0,1.0,False
Dmel_CR34530,0.0,0.0,1.0,1.0,False
CG17672,0.0,0.0,1.0,1.0,False
CG10943,0.0,0.0,1.0,1.0,False
CG9101,0.0,0.0,1.0,1.0,False
GluRIID,0.0,0.0,1.0,1.0,False
asRNA:CR45024,0.0,0.0,1.0,1.0,False
Sfp33A4,0.0,0.0,1.0,1.0,False
Npc2d,0.0,0.0,1.0,1.0,False
asRNA:CR45205,0.0,0.0,1.0,1.0,False
asRNA:CR46082,0.0,0.0,1.0,1.0,False
lncRNA:CR43836,0.0,0.0,1.0,1.0,False
Tsp47F,0.0,0.0,1.0,1.0,False
CG43190,0.0,0.0,1.0,1.0,False
Pgant8,0.0,0.0,1.0,1.0,False
CG6403,0.0,0.0,1.0,1.0,False
CG10752,0.0,0.0,1.0,1.0,False
Or69a,0.0,0.0,1.0,1.0,False
CG31274,0.0,0.0,1.0,1.0,False
snoRNA:CD29,0.0,0.0,1.0,1.0,False
snoRNA:CD13,0.0,0.0,1.0,1.0,False
CG3085,0.0,0.0,1.0,1.0,False
Gr59c,0.0,0.0,1.0,1.0,False
SkpF,0.0,0.0,1.0,1.0,False
lncRNA:CR43793,0.0,0.0,1.0,1.0,False
CG34210,0.0,0.0,1.0,1.0,False
RacGAP84C,0.0,0.0,1.0,1.0,False
CG31496,0.0,0.0,1.0,1.0,False
Mst84Dc,0.0,0.0,1.0,1.0,False
Mst84Db,0.0,0.0,1.0,1.0,False
lncRNA:CR44602,0.0,0.0,1.0,1.0,False
CG13545,0.0,0.0,1.0,1.0,False
CG13539,0.0,0.0,1.0,1.0,False
CG17110,0.0,0.0,1.0,1.0,False
CG42579,0.0,0.0,1.0,1.0,False
Neurochondrin,0.0,0.0,1.0,1.0,False
lncRNA:CR46132,0.0,0.0,1.0,1.0,False
glob2,0.0,0.0,1.0,1.0,False
sowi,0.0,0.0,1.0,1.0,False
CG44406,0.0,0.0,1.0,1.0,False
asRNA:CR45189,0.0,0.0,1.0,1.0,False
PH4alphaMP,0.0,0.0,1.0,1.0,False
lncRNA:CR33938,0.0,0.0,1.0,1.0,False
lncRNA:CR45667,0.0,0.0,1.0,1.0,False
mthl9,0.0,0.0,1.0,1.0,False
lncRNA:CR45025,0.0,0.0,1.0,1.0,False
CG43120,0.0,0.0,1.0,1.0,False
lncRNA:CR45653,0.0,0.0,1.0,1.0,False
lncRNA:CR44470,0.0,0.0,1.0,1.0,False
fs(1)Ya,0.0,0.0,1.0,1.0,False
lncRNA:CR44614,0.0,0.0,1.0,1.0,False
CG30430,0.0,0.0,1.0,1.0,False
CG43922,0.0,0.0,1.0,1.0,False
lncRNA:CR43863,0.0,0.0,1.0,1.0,False
kl-3,0.0,0.0,1.0,1.0,False
Su(Ste):CR42407,0.0,0.0,1.0,1.0,False
FDY,0.0,0.1774769,1.0,1.0,False
CG14221,0.0,-0.54259866,1.0,1.0,False
Mur29B,0.0,0.0,1.0,1.0,False
CG31949,0.0,0.0,1.0,1.0,False
ppk7,-1.7115796e-06,-0.083753295,0.9999986343571374,1.0,False
Lsp1gamma,-1.7115796e-06,-1.4087882,0.9999986343571374,1.0,False
Vm34Ca,-1.7115796e-06,-0.78639793,0.9999986343571374,1.0,False
pnr,-1.7115796e-06,-0.72853273,0.9999986343571374,1.0,False
Bace,-1.7115796e-06,-1.3386548,0.9999986343571374,1.0,False
mt:tRNA:Ser-GCT,-1.7115796e-06,-0.4654908,0.9999986343571374,1.0,False
CG16995,-1.7115796e-06,-0.36125687,0.9999986343571374,1.0,False
CG15461,-1.7115796e-06,-0.18927331,0.9999986343571374,1.0,False
CG42544,-1.7115796e-06,-0.33808815,0.9999986343571374,1.0,False
CG7912,-1.7115796e-06,-0.3502806,0.9999986343571374,1.0,False
asRNA:CR44304,-1.7115796e-06,-2.245994,0.9999986343571374,1.0,False
Sfp33A2,-1.7115796e-06,-1.7859343,0.9999986343571374,1.0,False
lncRNA:CR44111,-1.7115796e-06,-0.053893983,0.9999986343571374,1.0,False
CG42694,-1.7115796e-06,-0.50285155,0.9999986343571374,1.0,False
lncRNA:CR43763,-1.7115796e-06,-0.2222369,0.9999986343571374,1.0,False
CG13243,-1.7115796e-06,-1.0111617,0.9999986343571374,1.0,False
CG8665,-1.7115796e-06,-0.70470774,0.9999986343571374,1.0,False
CG15200,-1.7115796e-06,-1.625583,0.9999986343571374,1.0,False
CG44163,-1.7115796e-06,-1.4012786,0.9999986343571374,1.0,False
CG15199,-1.7115796e-06,-0.14900957,0.9999986343571374,1.0,False
asRNA:CR45999,-1.7115796e-06,-3.1994708,0.9999986343571374,1.0,False
CG32266,-1.7115796e-06,-0.41444325,0.9999986343571374,1.0,False
lncRNA:CR43234,-1.7115796e-06,-0.64536834,0.9999986343571374,1.0,False
lncRNA:CR44149,-1.7115796e-06,-0.39891198,0.9999986343571374,1.0,False
lncRNA:CR45047,-1.7115796e-06,-0.38816875,0.9999986343571374,1.0,False
CG30026,-1.7115796e-06,-0.5818269,0.9999986343571374,1.0,False
Prosbeta2R2,-1.7115796e-06,-0.6928982,0.9999986343571374,1.0,False
CG43185,-1.7115796e-06,-1.8874805,0.9999986343571374,1.0,False
lncRNA:CR44772,-1.7115796e-06,-1.3699903,0.9999986343571374,1.0,False
Andorra,-1.7115796e-06,-0.10010631,0.9999986343571374,1.0,False
CG42470,-1.7115796e-06,-1.14317,0.9999986343571374,1.0,False
asRNA:CR43614,-1.7115796e-06,-0.9978656,0.9999986343571374,1.0,False
Listericin,-1.7115796e-06,-0.3715409,0.9999986343571374,1.0,False
CG13841,-1.7115796e-06,0.046139333,0.9999986343571374,1.0,False
snRNA:U4:38AB,-1.7115796e-06,-0.92806524,0.9999986343571374,1.0,False
wor,-1.7115796e-06,-0.8443444,0.9999986343571374,1.0,False
lncRNA:CR44985,-1.7115796e-06,-0.1606907,0.9999986343571374,1.0,False
Tim17a2,-1.7115796e-06,-0.9738943,0.9999986343571374,1.0,False
CG12934,-1.7115796e-06,-0.07716693,0.9999986343571374,1.0,False
Ts,-1.7115796e-06,-1.0829941,0.9999986343571374,1.0,False
mex1,-1.7115796e-06,-1.3827419,0.9999986343571374,1.0,False
CG42571,-1.7115796e-06,-1.1516831,0.9999986343571374,1.0,False
CG31909,-1.7115796e-06,0.025360413,0.9999986343571374,1.0,False
pav,-1.7115796e-06,-0.2594328,0.9999986343571374,1.0,False
CG11269,-1.7115796e-06,-2.3556705,0.9999986343571374,1.0,False
CG13021,-1.7115796e-06,-0.26145592,0.9999986343571374,1.0,False
lncRNA:CR43853,-1.7115796e-06,-0.37727833,0.9999986343571374,1.0,False
Takl1,-1.7115796e-06,-0.17227405,0.9999986343571374,1.0,False
GstD7,-1.7115796e-06,-1.9595177,0.9999986343571374,1.0,False
Tim13,-1.7115796e-06,-1.8628416,0.9999986343571374,1.0,False
ppk,-1.7115796e-06,-1.7111168,0.9999986343571374,1.0,False
lncRNA:CR44298,-1.7115796e-06,-0.68870485,0.9999986343571374,1.0,False
CG17224,-1.7115796e-06,-0.3740265,0.9999986343571374,1.0,False
CCDC151,-1.7115796e-06,-0.9024169,0.9999986343571374,1.0,False
lncRNA:CR44161,-1.7115796e-06,-0.5272036,0.9999986343571374,1.0,False
CG14265,-1.7115796e-06,-0.25501353,0.9999986343571374,1.0,False
lncRNA:CR45432,-1.7115796e-06,-1.1658634,0.9999986343571374,1.0,False
CG16964,-1.7115796e-06,-0.22032402,0.9999986343571374,1.0,False
CG15034,-1.7115796e-06,-3.0933616,0.9999986343571374,1.0,False
CG14891,-1.7115796e-06,-3.1055152,0.9999986343571374,1.0,False
CG12995,-1.7115796e-06,-1.3878682,0.9999986343571374,1.0,False
Srg1,-1.7115796e-06,-0.9022172,0.9999986343571374,1.0,False
CG43095,-1.7115796e-06,-0.3479293,0.9999986343571374,1.0,False
CG13716,-1.7115796e-06,0.0128345955,0.9999986343571374,1.0,False
CG30286,-1.7115796e-06,-0.16751829,0.9999986343571374,1.0,False
CG15506,-1.7115796e-06,-1.493199,0.9999986343571374,1.0,False
CG30178,-1.7115796e-06,-0.4686003,0.9999986343571374,1.0,False
lncRNA:CR44853,-1.7115796e-06,-0.12105437,0.9999986343571374,1.0,False
lncRNA:TS9,-1.7115796e-06,-0.11274158,0.9999986343571374,1.0,False
CG6793,-1.7115796e-06,-2.6357908,0.9999986343571374,1.0,False
CG17564,-1.7115796e-06,-0.34570622,0.9999986343571374,1.0,False
CG18088,-1.7115796e-06,-0.3047959,0.9999986343571374,1.0,False
CG12347,-1.7115796e-06,-0.78118175,0.9999986343571374,1.0,False
CG9702,-1.7115796e-06,-0.92023903,0.9999986343571374,1.0,False
CG13358,-1.7115796e-06,-0.9894767,0.9999986343571374,1.0,False
nxf2,-1.7115796e-06,-0.16762592,0.9999986343571374,1.0,False
CG15756,-1.7115796e-06,-0.94219166,0.9999986343571374,1.0,False
CG13065,-1.7115796e-06,-0.41261214,0.9999986343571374,1.0,False
asRNA:CR44704,-1.7115796e-06,-0.37582108,0.9999986343571374,1.0,False
CG3473,-1.7115796e-06,-0.50232077,0.9999986343571374,1.0,False
CG31391,-1.7115796e-06,-2.0951407,0.9999986343571374,1.0,False
CG17207,-1.7115796e-06,-1.6012071,0.9999986343571374,1.0,False
lncRNA:CR44230,-1.7115796e-06,-0.513873,0.9999986343571374,1.0,False
CG14095,-1.7115796e-06,-0.12447962,0.9999986343571374,1.0,False
Pepck2,-1.7115796e-06,-2.469278,0.9999986343571374,1.0,False
Chd3,-1.7115796e-06,-1.581728,0.9999986343571374,1.0,False
CG9672,-1.7115796e-06,-0.58475125,0.9999986343571374,1.0,False
asRNA:CR43429,-1.7115796e-06,-0.7852705,0.9999986343571374,1.0,False
CG13676,-1.7115796e-06,-1.6920434,0.9999986343571374,1.0,False
jhamt,-1.7115796e-06,-0.24420893,0.9999986343571374,1.0,False
CG34300,-1.7115796e-06,-1.952185,0.9999986343571374,1.0,False
Or9a,-1.7115796e-06,-1.3578429,0.9999986343571374,1.0,False
asRNA:CR45467,-1.7115796e-06,-0.25584474,0.9999986343571374,1.0,False
CG12826,-1.7115796e-06,-0.84122705,0.9999986343571374,1.0,False
CG7730,-1.7115796e-06,-1.407966,0.9999986343571374,1.0,False
CG15468,-1.7115796e-06,-0.35900515,0.9999986343571374,1.0,False
lncRNA:CR44423,-1.7115796e-06,-0.09373417,0.9999986343571374,1.0,False
CG15403,-1.7115796e-06,-1.3498816,0.9999986343571374,1.0,False
ndl,-1.7115796e-06,-0.47380677,0.9999986343571374,1.0,False
Spn42Db,-1.7115796e-06,-1.1375934,0.9999986343571374,1.0,False
Sgs7,-1.7115796e-06,-0.37452292,0.9999986343571374,1.0,False
CG13029,-1.7115796e-06,-1.1839207,0.9999986343571374,1.0,False
CG43450,-1.7115796e-06,-1.6953712,0.9999986343571374,1.0,False
GstD4,-1.7115796e-06,-0.4493431,0.9999986343571374,1.0,False
scaRNA:MeU2-G25,-1.7115796e-06,-0.84346557,0.9999986343571374,1.0,False
Nep7,-1.7115796e-06,-0.80519867,0.9999986343571374,1.0,False
lncRNA:CR46106,-1.7115796e-06,-0.23162945,0.9999986343571374,1.0,False
Pgm2b,-1.7115796e-06,-0.37544602,0.9999986343571374,1.0,False
lncRNA:CR45884,-1.7115796e-06,-1.1375117,0.9999986343571374,1.0,False
mir-4976,-1.7115796e-06,-0.5022742,0.9999986343571374,1.0,False
lncRNA:CR43488,-1.7115796e-06,-1.1454339,0.9999986343571374,1.0,False
Dmel_CR34702,-1.7115796e-06,-1.0176815,0.9999986343571374,1.0,False
CG8785,-1.7115796e-06,-2.322684,0.9999986343571374,1.0,False
alphaTub85E,-1.7115796e-06,-0.46585137,0.9999986343571374,1.0,False
lncRNA:CR42836,-1.7115796e-06,-0.67151004,0.9999986343571374,1.0,False
Osi5,-1.7115796e-06,-1.7186593,0.9999986343571374,1.0,False
spirit,-1.7115796e-06,-2.2740264,0.9999986343571374,1.0,False
CG6661,-1.7115796e-06,-0.81532747,0.9999986343571374,1.0,False
CG43935,-1.7115796e-06,-0.5945439,0.9999986343571374,1.0,False
CG17107,-1.7115796e-06,-0.070178024,0.9999986343571374,1.0,False
asRNA:CR44599,-1.7115796e-06,-0.035291035,0.9999986343571374,1.0,False
lncRNA:CR45393,-1.7115796e-06,-1.2769815,0.9999986343571374,1.0,False
Spindly,-1.7115796e-06,-1.761479,0.9999986343571374,1.0,False
Obp83ef,-1.7115796e-06,-1.9559736,0.9999986343571374,1.0,False
CG4546,-1.7115796e-06,-0.36906156,0.9999986343571374,1.0,False
scpr-A,-1.7115796e-06,-1.1978041,0.9999986343571374,1.0,False
CG9632,-1.7115796e-06,-0.48410735,0.9999986343571374,1.0,False
asRNA:CR44386,-1.7115796e-06,-1.3466727,0.9999986343571374,1.0,False
lncRNA:CR34052,-1.7115796e-06,-0.32665253,0.9999986343571374,1.0,False
asRNA:CR45271,-1.7115796e-06,-1.2304655,0.9999986343571374,1.0,False
CG13476,-1.7115796e-06,-1.422675,0.9999986343571374,1.0,False
CG16837,-1.7115796e-06,-0.5000105,0.9999986343571374,1.0,False
Mov10,-1.7115796e-06,-0.78525203,0.9999986343571374,1.0,False
lncRNA:CR44339,-1.7115796e-06,-0.95612943,0.9999986343571374,1.0,False
CG43165,-1.7115796e-06,-1.8511878,0.9999986343571374,1.0,False
tRNA:Gln-CTG-1-1,-1.7115796e-06,-0.0421293,0.9999986343571374,1.0,False
CG14627,-1.7115796e-06,-0.117525145,0.9999986343571374,1.0,False
NijB,-1.7115796e-06,-0.79487133,0.9999986343571374,1.0,False
B9d1,-1.7115796e-06,-1.7285247,0.9999986343571374,1.0,False
CG30345,-1.7115796e-06,-0.26975298,0.9999986343571374,1.0,False
lncRNA:CR45577,-1.7115796e-06,-0.38907894,0.9999986343571374,1.0,False
CG14834,-1.7115796e-06,0.009233321,0.9999986343571374,1.0,False
CG34434,-1.7115796e-06,-2.1638799,0.9999986343571374,1.0,False
RhoGEF4,-1.7115796e-06,-0.4942135,0.9999986343571374,1.0,False
CG16826,-1.7115796e-06,-1.1351286,0.9999986343571374,1.0,False
lncRNA:CR44567,-1.7115796e-06,-1.0180938,0.9999986343571374,1.0,False
lncRNA:CR45375,-1.7115796e-06,-0.02790596,0.9999986343571374,1.0,False
asRNA:CR45870,-1.7115796e-06,-0.045003194,0.9999986343571374,1.0,False
sisRNA:CR46363,-1.7115796e-06,-1.7179747,0.9999986343571374,1.0,False
CG13144,-1.7115796e-06,-0.507707,0.9999986343571374,1.0,False
asRNA:CR45367,-1.7115796e-06,-0.9283543,0.9999986343571374,1.0,False
CG34431,-1.7115796e-06,-0.8230547,0.9999986343571374,1.0,False
asRNA:CR43864,-1.7115796e-06,-0.4036246,0.9999986343571374,1.0,False
mthl6,-1.7115796e-06,-1.0351754,0.9999986343571374,1.0,False
CG8260,-1.7115796e-06,-0.8241484,0.9999986343571374,1.0,False
CG5084,-1.7115796e-06,-0.15361005,0.9999986343571374,1.0,False
lncRNA:CR44677,-1.7115796e-06,-0.37145352,0.9999986343571374,1.0,False
lncRNA:CR46221,-1.7115796e-06,-0.73685336,0.9999986343571374,1.0,False
asRNA:CR45974,-1.7115796e-06,-2.1581125,0.9999986343571374,1.0,False
CG2291,-1.7115796e-06,-0.7964962,0.9999986343571374,1.0,False
salt,-1.7115796e-06,-1.6001208,0.9999986343571374,1.0,False
CG43296,-1.7115796e-06,-1.8239441,0.9999986343571374,1.0,False
CG6048,-1.7115796e-06,-2.8928106,0.9999986343571374,1.0,False
CG6527,-1.7115796e-06,-1.4536991,0.9999986343571374,1.0,False
CG42464,-1.7115796e-06,-0.094703935,0.9999986343571374,1.0,False
lncRNA:CR43420,-1.7115796e-06,-1.5667921,0.9999986343571374,1.0,False
asRNA:CR45485,-1.7115796e-06,-0.29946175,0.9999986343571374,1.0,False
robls54B,-1.7115796e-06,-0.8499448,0.9999986343571374,1.0,False
CG5111,-1.7115796e-06,-2.0057485,0.9999986343571374,1.0,False
snoRNA:Psi28S-3405c,-1.7115796e-06,-1.1442953,0.9999986343571374,1.0,False
Wnt2,-1.7115796e-06,-0.6449486,0.9999986343571374,1.0,False
CG15564,-3.4231591e-06,-0.5452806,0.9999972687142749,1.0,False
lncRNA:CR43803,-3.4231591e-06,-0.26667675,0.9999972687142749,1.0,False
COX4L,-3.4231591e-06,-0.06741607,0.9999972687142749,1.0,False
OS9,-3.4231591e-06,-0.009850884,0.9999972687142749,1.0,False
lncRNA:CR44868,-3.4231591e-06,-0.7740009,0.9999972687142749,1.0,False
asRNA:CR45137,-3.4231591e-06,-0.35328034,0.9999972687142749,1.0,False
Sp212,-3.4231591e-06,-0.34924835,0.9999972687142749,1.0,False
pre-mod(mdg4)-AB,-3.4231591e-06,-0.2562845,0.9999972687142749,1.0,False
Ugt36A1,-3.4231591e-06,-0.15764032,0.9999972687142749,1.0,False
CG31087,-3.4231591e-06,-0.39889887,0.9999972687142749,1.0,False
CG14062,-3.4231591e-06,-0.53047055,0.9999972687142749,1.0,False
PK1-R,-3.4231591e-06,-0.14353326,0.9999972687142749,1.0,False
CG34282,-3.4231591e-06,-0.15246299,0.9999972687142749,1.0,False
CG12744,-3.4231591e-06,-0.4101998,0.9999972687142749,1.0,False
CG3347,-3.4231591e-06,-0.52228343,0.9999972687142749,1.0,False
CG16898,-3.4231591e-06,-0.63501316,0.9999972687142749,1.0,False
CG44250,-3.4231591e-06,-0.68626064,0.9999972687142749,1.0,False
Psf1,-3.4231591e-06,-0.38874146,0.9999972687142749,1.0,False
CG5103,-3.4231591e-06,-0.8234914,0.9999972687142749,1.0,False
Hmgcl,-5.1347383e-06,-0.03284788,0.9999959030714123,1.0,False
lncRNA:CR44741,-5.1347383e-06,-0.19541447,0.9999959030714123,1.0,False
Sse,-5.1347383e-06,-0.5157044,0.9999959030714123,1.0,False
asRNA:CR44030,-5.1347383e-06,-0.15424268,0.9999959030714123,1.0,False
TTLL1B,-5.1347383e-06,-0.6329612,0.9999959030714123,1.0,False
CG30281,-6.8463182e-06,-0.4637692,0.9999945374285498,1.0,False
CG15629,-6.8463182e-06,-1.035362,0.9999945374285498,1.0,False
CG10814,-6.8463182e-06,-0.76912403,0.9999945374285498,1.0,False
lncRNA:CR46352,-6.8463182e-06,-0.65877765,0.9999945374285498,1.0,False
yellow-f,-6.8463182e-06,-0.34435493,0.9999945374285498,1.0,False
CG13869,-6.8463182e-06,-0.6030951,0.9999945374285498,1.0,False
lncRNA:CR45256,-6.8463182e-06,-1.9471354,0.9999945374285498,1.0,False
Hayan,-6.8463182e-06,-0.7545464,0.9999945374285498,1.0,False
CG40006,-6.8463182e-06,-0.36142927,0.9999945374285498,1.0,False
CG14107,-6.8463182e-06,-0.7072176,0.9999945374285498,1.0,False
BBS9,-6.8463182e-06,-0.042096037,0.9999945374285498,1.0,False
CG12998,-6.8463182e-06,-1.1147345,0.9999945374285498,1.0,False
LUBEL,-6.8463182e-06,-1.0629568,0.9999945374285498,1.0,False
CG7848,-6.8463182e-06,-0.79224557,0.9999945374285498,1.0,False
dachs,-6.8463182e-06,-1.7097957,0.9999945374285498,1.0,False
can,-6.8463182e-06,-0.6710379,0.9999945374285498,1.0,False
lncRNA:CR45699,-6.8463182e-06,-0.5539109,0.9999945374285498,1.0,False
mt:tRNA:Val-TAC,-6.8463182e-06,-0.72698444,0.9999945374285498,1.0,False
CG8006,-6.8463182e-06,-2.5266733,0.9999945374285498,1.0,False
lncRNA:CR43704,-6.8463182e-06,-1.1011299,0.9999945374285498,1.0,False
Nepl18,-6.8463182e-06,-2.1724927,0.9999945374285498,1.0,False
lncRNA:CR43874,-6.8463182e-06,-0.50310016,0.9999945374285498,1.0,False
CG43110,-6.8463182e-06,-1.0470604,0.9999945374285498,1.0,False
lncRNA:CR45014,-6.8463182e-06,-0.6689675,0.9999945374285498,1.0,False
CG17782,-6.8463182e-06,-1.303562,0.9999945374285498,1.0,False
slbo,-6.8463182e-06,-0.64088273,0.9999945374285498,1.0,False
CG18268,-8.557898e-06,-0.41425395,0.9999931717856873,1.0,False
CG33509,-8.557898e-06,-0.6992483,0.9999931717856873,1.0,False
CG6733,-8.557898e-06,-0.6397036,0.9999931717856873,1.0,False
BomT1,-8.557898e-06,-0.5293312,0.9999931717856873,1.0,False
CG32812,-8.557898e-06,-0.15548693,0.9999931717856873,1.0,False
CG31431,-8.557898e-06,-0.122314885,0.9999931717856873,1.0,False
snoRNA:Psi18S-920,-8.557898e-06,-0.46422637,0.9999931717856873,1.0,False
CG15674,-8.557898e-06,-0.45221728,0.9999931717856873,1.0,False
sti,-8.557898e-06,-0.7287954,0.9999931717856873,1.0,False
CAH13,-8.557898e-06,-0.18896747,0.9999931717856873,1.0,False
vrs,-8.557898e-06,-0.13944991,0.9999931717856873,1.0,False
lncRNA:CR45478,-8.557898e-06,-0.5886722,0.9999931717856873,1.0,False
CG16820,-8.557898e-06,-0.5642855,0.9999931717856873,1.0,False
CG13330,-1.0269477e-05,-0.6234758,0.9999918061428248,1.0,False
Cpr5C,-1.0269477e-05,-0.40346178,0.9999918061428248,1.0,False
CG9396,-1.0269477e-05,-0.17315492,0.9999918061428248,1.0,False
CG13323,-1.0269477e-05,-0.4887507,0.9999918061428248,1.0,False
CG3597,-1.0269477e-05,-0.11044042,0.9999918061428248,1.0,False
HHEX,-1.0269477e-05,-0.462274,0.9999918061428248,1.0,False
CG33120,-1.1981057e-05,-0.40190598,0.9999904404999622,1.0,False
CG34457,-1.1981057e-05,-1.0036608,0.9999904404999622,1.0,False
lncRNA:CR44103,-1.1981057e-05,0.008195091,0.9999904404999622,1.0,False
Obp56a,-1.1981057e-05,-0.11124261,0.9999904404999622,1.0,False
CG11741,-1.1981057e-05,-0.9371741,0.9999904404999622,1.0,False
kipf,-1.1981057e-05,-0.37184092,0.9999904404999622,1.0,False
CG9550,-1.1981057e-05,-0.8133447,0.9999904404999622,1.0,False
lncRNA:CR44749,-1.36926365e-05,0.028099276,0.9999890748570998,1.0,False
Wnt6,-1.36926365e-05,-0.51940304,0.9999890748570998,1.0,False
CG43071,-1.5404215e-05,-0.28225973,0.9999877092142374,1.0,False
Loxl1,-1.5404215e-05,-0.32544598,0.9999877092142374,1.0,False
Abd-B,-1.5404215e-05,-2.1615896,0.9999877092142374,1.0,False
CG7079,-1.5404215e-05,-0.11299412,0.9999877092142374,1.0,False
EB-SUN,-1.5404215e-05,-1.6438609,0.9999877092142374,1.0,False
CG42326,-1.7115795e-05,-0.65343684,0.999986343571375,1.0,False
lncRNA:CR45112,-1.7115795e-05,-0.3755929,0.999986343571375,1.0,False
lncRNA:CR45734,-2.3962113e-05,-0.5499854,0.9999808809999259,1.0,False
AstCC,-2.5673693e-05,-0.39121735,0.9999795153570638,1.0,False
lncRNA:CR44129,-2.7385273e-05,-0.20177291,0.9999781497142016,1.0,False
asRNA:CR45376,-2.7385273e-05,-0.5585409,0.9999781497142016,1.0,False
pyx,-2.9096851e-05,-0.95310205,0.9999767840713396,1.0,False
lncRNA:CR45504,-2.9096851e-05,-0.5622178,0.9999767840713396,1.0,False
CG13085,-2.9096851e-05,-0.7442041,0.9999767840713396,1.0,False
CG7497,-3.080843e-05,-0.3205679,0.9999754184284777,1.0,False
CG1143,-3.080843e-05,-0.27845797,0.9999754184284777,1.0,False
vnc,-3.252001e-05,-0.7413121,0.9999740527856158,1.0,False
CG32055,-3.252001e-05,-0.15548566,0.9999740527856158,1.0,False
CG10700,-3.423159e-05,-0.13784674,0.999972687142754,1.0,False
lncRNA:CR45954,-3.594317e-05,-1.0692642,0.9999713214998922,1.0,False
CG13461,-3.765475e-05,-0.8713287,0.9999699558570306,1.0,False
CG5704,-3.936633e-05,-0.3423412,0.9999685902141691,1.0,False
CG3984,-3.936633e-05,-0.30445033,0.9999685902141691,1.0,False
CG32695,-4.1077907e-05,-0.54380596,0.9999672245713076,1.0,False
lncRNA:CR44854,-4.278949e-05,-0.41708663,0.9999658589284462,1.0,False
CG14511,-4.278949e-05,-0.119554274,0.9999658589284462,1.0,False
Gcst,-4.278949e-05,-0.8531184,0.9999658589284462,1.0,False
CG15083,-4.278949e-05,-0.4783015,0.9999658589284462,1.0,False
CG9812,-4.4501066e-05,-0.118139766,0.999964493285585,1.0,False
CG18094,-4.6212648e-05,-0.4285214,0.9999631276427238,1.0,False
CG34028,-4.7924226e-05,-0.3993786,0.9999617619998628,1.0,False
asRNA:CR43933,-5.4770546e-05,-0.6549044,0.9999562994284197,1.0,False
Tmlh,-5.4770546e-05,-0.56923515,0.9999562994284197,1.0,False
lncRNA:CR45217,-5.6482124e-05,-0.27835986,0.9999549337855592,1.0,False
Phs,-5.9905284e-05,-0.2762738,0.9999522024998387,1.0,False
CG9444,-6.161686e-05,-0.62569284,0.9999508368569787,1.0,False
CG10939,-6.504002e-05,-0.16157757,0.999948105571259,1.0,False
CG43779,-6.67516e-05,-0.3981388,0.9999467399283994,1.0,False
sut1,-7.188634e-05,-0.3661357,0.9999426429998216,1.0,False
CG31326,-7.188634e-05,-0.3506403,0.9999426429998216,1.0,False
CG9777,-8.557898e-05,-0.6008774,0.999931717856955,1.0,False
CG8908,-0.00010098319,-0.4265729,0.9999194270712455,1.0,False
CG11920,-0.00010269477,-0.025844032,0.99991806142839,1.0,False
CG7342,-0.00010611793,-0.68415374,0.9999153301426797,1.0,False
CG15617,-0.00010782951,-0.570664,0.999913964499825,1.0,False
CG30357,-0.00012152214,-0.2648837,0.9999030393569963,1.0,False
CG31788,-0.00012836847,-0.18824352,0.9998975767855888,1.0,False
lncRNA:CR44517,-0.0001420611,-0.49382353,0.9998866516427881,1.0,False
LanB1,-0.00016602321,-0.17261183,0.9998675326429395,1.0,False
Had2,-0.00018313901,-0.54604936,0.9998538762145222,1.0,False
Tsp42El,-0.00020710113,-0.49166557,0.9998347572148105,1.0,False
Sld5,-0.00022935166,-0.2634533,0.9998170038580203,1.0,False
CG31612,-0.0002584485,-0.16004525,0.999793787930048,1.0,False
CG32856,-0.000268718,-0.14698428,0.9997855940731573,1.0,False
hpRNA:LINR-3,-0.00029610324,-0.4436698,0.9997637437882282,1.0,False
mol,-0.00032177696,-0.27710608,0.9997432591462678,1.0,False
CG6763,-0.00034916223,-0.32292727,0.9997214088616969,1.0,False
CG13436,-0.00035429696,-0.22637025,0.9997173119333627,1.0,False
Cyp301a1,-0.0003936633,-0.23495021,0.9996859021497222,1.0,False
atilla,-0.00040393276,-0.15991408,0.9996777082931984,1.0,False
Spt,-0.00040564433,-0.12002751,0.9996763426504477,1.0,False
mei-41,-0.0004176254,-0.21106207,0.9996667831512197,1.0,False
CG14223,-0.00043131804,-0.30551365,0.9996558580093035,1.0,False
CG31460,-0.0004347412,-0.017393066,0.9996531267238343,1.0,False
Gli,-0.00045014542,-0.44075912,0.9996408359392743,1.0,False
Krn,-0.00046897278,-0.03380675,0.9996258138693727,1.0,False
Snrnp65,-0.0006110339,-0.13289978,0.9995124655284012,1.0,False
erm,-0.00061274547,-0.21617094,0.9995110998857943,1.0,False
RNF220,-0.0006247265,-0.018539222,0.9995015403875863,1.0,False
RfC3,-0.0006931897,-0.109304205,0.9994469146849542,1.0,False
CG8673,-0.00074796024,-0.055723507,0.9994032141247028,1.0,False
Mipp1,-0.0007873266,-0.351027,0.9993718043481203,1.0,False
CG1317,-0.0008352508,-0.15563968,0.999333566360556,1.0,False
DNaseII,-0.0008489434,-0.4287157,0.9993226412215291,1.0,False
CG7341,-0.00089857925,-0.30588916,0.9992830375936367,1.0,False
ORMDL,-0.00096533087,-0.09097488,0.9992297775451356,1.0,False
IntS10,-0.001163874,-0.3287088,0.9990713630631098,1.0,False
UK114,-0.0012426067,-0.3004108,0.9990085435369227,1.0,False
asRNA:CR46194,-0.0014770931,-0.18143934,0.998821450638165,1.0,False
CG31869,-0.00153871,-0.2924646,0.998772287551013,1.0,False
ArgRS-m,-0.0015934805,-0.09190021,0.9987285870330075,1.0,False
Tango6,-0.001624289,-0.051128227,0.9987040054932971,1.0,False
CG5618,-0.0016893289,-0.079391964,0.9986521111357541,1.0,False
CG10516,-0.0019512007,-0.090289615,0.9984431681245307,1.0,False
CG32202,-0.0028668956,-0.16749583,0.997712551338658,1.0,False
Pex10,-0.0030380536,-0.21621068,0.9975759876477894,1.0,False
Nep2,-0.0031715569,-0.35380334,0.9974694680180043,1.0,False
Taz,-0.0032656938,-0.12895715,0.9973943580496445,1.0,False
CG12868,-0.0033084832,-0.15754932,0.9973602171625287,1.0,False
l(2)37Cd,-0.003606298,-0.25968215,0.9971225967255282,1.0,False
Reck,-0.0038339382,-0.38669696,0.9969409674820121,1.0,False
MTPAP,-0.003919517,-0.18085994,0.9968726858520093,1.0,False
Tmem126,-0.003943479,-0.065388076,0.9968535669996914,1.0,False
CG13901,-0.0041009444,-0.12473683,0.9967279288727677,1.0,False
Targ2,-0.0047393637,-0.14838971,0.9962185490697755,1.0,False
Trm1,-0.0055095744,-0.188072,0.9956040178657136,1.0,False
cpb,-0.0058758524,-0.16516487,0.995311775030151,1.0,False
CG3021,-0.0060898,-0.058162548,0.9951410727277599,1.0,False
CG17568,-0.006151417,-0.1386266,0.9950919105055777,1.0,False
CTCF,-0.0076473374,-0.10644504,0.9938983671624847,1.0,False
danr,-0.007981095,-0.1470808,0.9936320749358089,1.0,False
CG16989,-0.00800848,-0.116156146,0.9936102253482956,1.0,False
TM9SF3,-0.008867693,-0.18714198,0.9929246970580642,1.0,False
Sec22,-0.012119695,-0.1154416,0.9903301196206836,1.0,False
CG5664,-0.012506511,0.056537353,0.9900215077312647,1.0,False
CG5439,-0.012669112,-0.09383106,0.9898917819375913,1.0,False
Mlp84B,-0.01286252,-0.16692092,0.989737476868118,1.0,False
CG42561,-0.013399956,0.12796667,0.9893087019827256,1.0,False
lncRNA:CR45997,-0.0135214785,0.18350856,0.9892117501233383,1.0,False
TyrRII,-0.013562556,0.07939802,0.9891789776997822,1.0,False
Art8,-0.013562556,0.014765619,0.9891789776997822,1.0,False
RpL37-2,-0.013589941,-0.005186284,0.9891571294275516,1.0,False
sas,-0.013589941,0.06702839,0.9891571294275516,1.0,False
asRNA:CR43820,-0.013600211,-0.0024401578,0.9891489363275606,1.0,False
Gen,-0.013627596,0.008839095,0.9891270880665145,1.0,False
Efhc1.2,-0.013634442,0.18140763,0.9891216260025264,1.0,False
lncRNA:CR46035,-0.013637866,-0.062793024,0.9891188949707235,1.0,False
CG5768,-0.013637866,0.09810485,0.9891188949707235,1.0,False
CG42566,-0.013648135,0.4402592,0.9891107018760799,1.0,False
CG14556,-0.013648135,0.24360244,0.9891107018760799,1.0,False
lncRNA:CR44598,-0.013648135,-0.10527355,0.9891107018760799,1.0,False
CG12158,-0.013648135,0.1061829,0.9891107018760799,1.0,False
CG16736,-0.013658404,0.088222995,0.9891025087825847,1.0,False
CG34386,-0.0136652505,0.17739375,0.9890970467208929,1.0,False
GluRIIE,-0.0136652505,-0.0039092074,0.9890970467208929,1.0,False
U2af50,-0.013668674,-0.1208443,0.9890943156902386,1.0,False
CG42766,-0.013672097,-0.0235271,0.9890915846597121,1.0,False
sug,-0.013672097,0.09428032,0.9890915846597121,1.0,False
sro,-0.013672097,0.4864454,0.9890915846597121,1.0,False
Jhbp12,-0.013672097,0.34329402,0.9890915846597121,1.0,False
CG13843,-0.01367552,0.89706326,0.9890888536293134,1.0,False
Atx-1,-0.01367552,0.22033632,0.9890888536293134,1.0,False
ddbt,-0.01367552,-0.04250072,0.9890888536293134,1.0,False
CG13390,-0.013677232,-0.016429361,0.989087488114162,1.0,False
lncRNA:CR45048,-0.013678944,-0.070682354,0.9890861225990426,1.0,False
CG13931,-0.013678944,-0.06326589,0.9890861225990426,1.0,False
asRNA:CR43683,-0.013678944,0.1498801,0.9890861225990426,1.0,False
CG1698,-0.013680655,-0.046340153,0.9890847570839552,1.0,False
CG1889,-0.013682366,0.16715485,0.9890833915688997,1.0,False
CG13891,-0.013682366,0.42588574,0.9890833915688997,1.0,False
His1:CG33834,-0.013682366,-0.05280782,0.9890833915688997,1.0,False
CG31445,-0.013682366,-0.044034027,0.9890833915688997,1.0,False
lncRNA:CR45937,-0.013682366,0.72366554,0.9890833915688997,1.0,False
CG43094,-0.013682366,-0.15076704,0.9890833915688997,1.0,False
asRNA:CR46140,-0.013682366,-0.19501293,0.9890833915688997,1.0,False
Obp57a,-0.013682366,-0.001726243,0.9890833915688997,1.0,False
timeout,-0.013682366,0.18798678,0.9890833915688997,1.0,False
asRNA:CR44069,-0.013682366,-0.13211156,0.9890833915688997,1.0,False
CG12147,-0.013682366,0.02957027,0.9890833915688997,1.0,False
dany,-0.013682366,-0.18101354,0.9890833915688997,1.0,False
IKKbeta,-0.013682366,-0.00011909446,0.9890833915688997,1.0,False
lncRNA:flam,-0.01368579,0.14691451,0.9890806605388847,1.0,False
snoRNA:Psi18S-1389a,-0.01368579,-0.2469234,0.9890806605388847,1.0,False
CG9270,-0.01368579,-0.11255275,0.9890806605388847,1.0,False
CG42789,-0.01368579,-0.2185314,0.9890806605388847,1.0,False
TfIIA-S-2,-0.01368579,-0.25024703,0.9890806605388847,1.0,False
CG43331,-0.01368579,-0.06507801,0.9890806605388847,1.0,False
CG43679,-0.01368579,0.62578875,0.9890806605388847,1.0,False
CG43291,-0.01368579,-0.22551002,0.9890806605388847,1.0,False
asRNA:CR45371,-0.01368579,0.6218698,0.9890806605388847,1.0,False
lncRNA:CR46351,-0.0136892125,-0.21063952,0.9890779295089976,1.0,False
CG14567,-0.0136892125,-0.7284375,0.9890779295089976,1.0,False
PeriA,-0.0136892125,-0.2982256,0.9890779295089976,1.0,False
CG43396,-0.0136892125,0.034963753,0.9890779295089976,1.0,False
lncRNA:CR45284,-0.0136892125,-0.28397045,0.9890779295089976,1.0,False
asRNA:CR43842,-0.0136892125,0.2336221,0.9890779295089976,1.0,False
CG12824,-0.0136892125,0.019358395,0.9890779295089976,1.0,False
asRNA:CR45044,-0.0136892125,-0.37603256,0.9890779295089976,1.0,False
CG34328,-0.0136892125,-0.14089867,0.9890779295089976,1.0,False
CG3216,-0.0136892125,-0.34466273,0.9890779295089976,1.0,False
CG42523,-0.0136892125,-0.5696285,0.9890779295089976,1.0,False
CG15878,-0.0136892125,-0.090404786,0.9890779295089976,1.0,False
lncRNA:CR45791,-0.0136892125,-0.55715793,0.9890779295089976,1.0,False
CG43646,-0.0136892125,-0.6684851,0.9890779295089976,1.0,False
CG42710,-0.0136892125,0.9492154,0.9890779295089976,1.0,False
lncRNA:CR43196,-0.0136892125,-0.61242825,0.9890779295089976,1.0,False
snoRNA:lola-b,-0.0136892125,-0.15083481,0.9890779295089976,1.0,False
lncRNA:CR43961,-0.0136892125,-0.30254996,0.9890779295089976,1.0,False
CheB42a,-0.0136892125,1.2557113,0.9890779295089976,1.0,False
CG11997,-0.0136892125,0.32778564,0.9890779295089976,1.0,False
Ag5r2,-0.0136892125,-0.26662958,0.9890779295089976,1.0,False
CG7882,-0.0136892125,-0.6283455,0.9890779295089976,1.0,False
CG4306,-0.0136892125,-0.15462548,0.9890779295089976,1.0,False
lncRNA:CR45052,-0.0136892125,0.11009327,0.9890779295089976,1.0,False
lncRNA:CR44511,-0.0136892125,1.0914589,0.9890779295089976,1.0,False
Xrcc2,-0.0136892125,-0.09075658,0.9890779295089976,1.0,False
ChLD3,-0.0136892125,0.47051507,0.9890779295089976,1.0,False
ppk25,-0.0136892125,0.65106505,0.9890779295089976,1.0,False
CG32161,-0.0136892125,-0.6219399,0.9890779295089976,1.0,False
lncRNA:CR46123,-0.0136892125,0.05071558,0.9890779295089976,1.0,False
CG9701,-0.0136892125,-0.5089843,0.9890779295089976,1.0,False
CG17211,-0.0136892125,-0.35765925,0.9890779295089976,1.0,False
gwl,-0.0136892125,0.9029908,0.9890779295089976,1.0,False
lncRNA:CR43498,-0.0136892125,-0.812509,0.9890779295089976,1.0,False
CG31220,-0.0136892125,-0.08325436,0.9890779295089976,1.0,False
lncRNA:CR46214,-0.0136892125,-0.5761417,0.9890779295089976,1.0,False
COX7AL,-0.0136892125,-0.009826604,0.9890779295089976,1.0,False
Sr-CII,-0.0136892125,-0.07983222,0.9890779295089976,1.0,False
lncRNA:CR44183,-0.0136892125,0.3974795,0.9890779295089976,1.0,False
snoRNA:Psi28S-3436b,-0.0136892125,-0.8399917,0.9890779295089976,1.0,False
CG7634,-0.0136892125,0.018257583,0.9890779295089976,1.0,False
asRNA:CR46144,-0.0136892125,-0.993318,0.9890779295089976,1.0,False
gskt,-0.0136892125,0.1937672,0.9890779295089976,1.0,False
CG8100,-0.0136892125,0.35435963,0.9890779295089976,1.0,False
lncRNA:CR45610,-0.0136892125,0.22315593,0.9890779295089976,1.0,False
CG42857,-0.0136892125,-0.67049766,0.9890779295089976,1.0,False
Tppl,-0.0136892125,-0.2636592,0.9890779295089976,1.0,False
Spag1,-0.0136892125,-0.29017958,0.9890779295089976,1.0,False
lncRNA:CR43751,-0.0136892125,-0.43350852,0.9890779295089976,1.0,False
CG6209,-0.0136892125,-0.2896126,0.9890779295089976,1.0,False
snoRNA:Psi28S-3385b,-0.0136892125,-0.20736581,0.9890779295089976,1.0,False
lncRNA:CR44867,-0.0136892125,-0.24681583,0.9890779295089976,1.0,False
CG15773,-0.0136892125,1.0375803,0.9890779295089976,1.0,False
CG31207,-0.0136892125,-0.55077946,0.9890779295089976,1.0,False
Dmel_CG6279,-0.0136892125,-0.7268747,0.9890779295089976,1.0,False
CG33463,-0.0136892125,0.80525637,0.9890779295089976,1.0,False
lncRNA:CR46008,-0.0136892125,-0.0013313114,0.9890779295089976,1.0,False
pre-mod(mdg4)-I,-0.0136892125,0.13377301,0.9890779295089976,1.0,False
asRNA:CR45798,-0.0136892125,-0.38865244,0.9890779295089976,1.0,False
CG10950,-0.0136892125,0.024694009,0.9890779295089976,1.0,False
CG12395,-0.0136892125,0.015438679,0.9890779295089976,1.0,False
eIF4E3,-0.0136892125,0.52505416,0.9890779295089976,1.0,False
lncRNA:CR44222,-0.0136892125,0.0051311506,0.9890779295089976,1.0,False
CG34288,-0.0136892125,-0.31382594,0.9890779295089976,1.0,False
CG3987,-0.0136892125,-0.83593374,0.9890779295089976,1.0,False
Ir56d,-0.0136892125,0.42409503,0.9890779295089976,1.0,False
Arpc3B,-0.0136892125,-0.15655643,0.9890779295089976,1.0,False
CG14417,-0.0136892125,-0.4175552,0.9890779295089976,1.0,False
snoRNA:Psi28S-1192a,-0.0136892125,-0.34458098,0.9890779295089976,1.0,False
CG43149,-0.013692636,-18.908026,0.9890751984792385,1.0,False
CG13282,-0.013692636,-0.7211433,0.9890751984792385,1.0,False
hiro,-0.013692636,-18.350718,0.9890751984792385,1.0,False
RpS19b,-0.013692636,-17.72789,0.9890751984792385,1.0,False
CG13884,-0.013692636,-17.97596,0.9890751984792385,1.0,False
CG3650,-0.013692636,-18.232845,0.9890751984792385,1.0,False
ETH,-0.013692636,-0.5357222,0.9890751984792385,1.0,False
CG14355,-0.013692636,-17.881077,0.9890751984792385,1.0,False
scaRNA:PsiU6-40,-0.013692636,-17.377548,0.9890751984792385,1.0,False
lncRNA:CR43904,-0.013692636,-17.847788,0.9890751984792385,1.0,False
CG17377,-0.013692636,-17.240671,0.9890751984792385,1.0,False
CG43938,-0.013692636,-15.933328,0.9890751984792385,1.0,False
CG30432,-0.013692636,-18.030464,0.9890751984792385,1.0,False
asRNA:CR46068,-0.013692636,-18.395536,0.9890751984792385,1.0,False
CG43702,-0.013692636,-17.621151,0.9890751984792385,1.0,False
lncRNA:CR44022,-0.013692636,-17.503275,0.9890751984792385,1.0,False
lncRNA:CR45973,-0.013692636,-17.851793,0.9890751984792385,1.0,False
CG1924,-0.013692636,-18.255657,0.9890751984792385,1.0,False
CG11356,-0.013692636,-16.711681,0.9890751984792385,1.0,False
CG11052,-0.013692636,-1.232345,0.9890751984792385,1.0,False
vanin-like,-0.013692636,-18.213509,0.9890751984792385,1.0,False
CG7568,-0.013692636,-0.6367929,0.9890751984792385,1.0,False
CG10339,-0.013692636,-18.092585,0.9890751984792385,1.0,False
CG33342,-0.013692636,-17.04894,0.9890751984792385,1.0,False
CG12035,-0.013692636,-17.12291,0.9890751984792385,1.0,False
Diedel,-0.013692636,-18.140696,0.9890751984792385,1.0,False
sisRNA:CR46361,-0.013692636,-17.812155,0.9890751984792385,1.0,False
lncRNA:CR43905,-0.013692636,-18.271872,0.9890751984792385,1.0,False
Tdc1,-0.013692636,-15.823219,0.9890751984792385,1.0,False
Fa2h,-0.013692636,-17.939833,0.9890751984792385,1.0,False
lncRNA:CR42657,-0.013692636,-15.682403,0.9890751984792385,1.0,False
CG33306,-0.013692636,-15.831624,0.9890751984792385,1.0,False
Tssk,-0.013692636,-18.22141,0.9890751984792385,1.0,False
asRNA:CR44071,-0.013692636,-18.149952,0.9890751984792385,1.0,False
pwn,-0.013692636,-16.832058,0.9890751984792385,1.0,False
CG15731,-0.013692636,-16.713263,0.9890751984792385,1.0,False
lncRNA:CR45615,-0.013692636,-1.4855915,0.9890751984792385,1.0,False
lncRNA:CR43607,-0.013692636,-17.873575,0.9890751984792385,1.0,False
lncRNA:CR44131,-0.013692636,-16.10775,0.9890751984792385,1.0,False
CG32219,-0.013692636,-17.400675,0.9890751984792385,1.0,False
lncRNA:CR44679,-0.013692636,-18.331326,0.9890751984792385,1.0,False
CG30371,-0.013692636,-0.7304783,0.9890751984792385,1.0,False
snoRNA:Psi18S-525i,-0.013692636,-16.632399,0.9890751984792385,1.0,False
snoRNA:Psi18S-525g,-0.013692636,-18.093548,0.9890751984792385,1.0,False
lncRNA:CR43942,-0.013692636,-17.252289,0.9890751984792385,1.0,False
Prosalpha3T,-0.013692636,-1.7049136,0.9890751984792385,1.0,False
solo,-0.013692636,-17.418104,0.9890751984792385,1.0,False
lncRNA:CR43761,-0.013692636,-17.021488,0.9890751984792385,1.0,False
Tim17b2,-0.013692636,-18.480337,0.9890751984792385,1.0,False
janB,-0.013692636,-0.40407544,0.9890751984792385,1.0,False
TotM,-0.013692636,-0.5747653,0.9890751984792385,1.0,False
CG11756,-0.013692636,-16.135908,0.9890751984792385,1.0,False
lncRNA:CR45280,-0.013692636,-15.571369,0.9890751984792385,1.0,False
CG33140,-0.013692636,-18.33862,0.9890751984792385,1.0,False
TTLL4B,-0.013692636,-1.963686,0.9890751984792385,1.0,False
CG7714,-0.013692636,-18.096445,0.9890751984792385,1.0,False
cn,-0.013692636,-16.683422,0.9890751984792385,1.0,False
CG31050,-0.013692636,-17.482664,0.9890751984792385,1.0,False
CG43376,-0.013692636,-15.88806,0.9890751984792385,1.0,False
CG16853,-0.013692636,-17.776812,0.9890751984792385,1.0,False
CG34216,-0.013692636,-15.747711,0.9890751984792385,1.0,False
CG43797,-0.013692636,-17.437025,0.9890751984792385,1.0,False
asRNA:CR46048,-0.013692636,-18.507246,0.9890751984792385,1.0,False
Grl43a,-0.013692636,-18.367184,0.9890751984792385,1.0,False
lush,-0.013692636,-16.975658,0.9890751984792385,1.0,False
CG33710,-0.013692636,-17.344627,0.9890751984792385,1.0,False
lectin-24A,-0.013692636,-1.0580121,0.9890751984792385,1.0,False
CG8708,-0.013692636,-17.268795,0.9890751984792385,1.0,False
boly,-0.013692636,-0.59024787,0.9890751984792385,1.0,False
CG32189,-0.013692636,-16.200996,0.9890751984792385,1.0,False
CG14297,-0.013692636,-16.22395,0.9890751984792385,1.0,False
CG4318,-0.013692636,-16.016058,0.9890751984792385,1.0,False
CG13742,-0.013692636,-15.4448,0.9890751984792385,1.0,False
CG33645,-0.013692636,-16.629553,0.9890751984792385,1.0,False
CG33644,-0.013692636,-18.035393,0.9890751984792385,1.0,False
CG30375,-0.013692636,-16.686129,0.9890751984792385,1.0,False
CG18231,-0.013692636,-16.438316,0.9890751984792385,1.0,False
asRNA:CR45912,-0.013692636,-0.87018025,0.9890751984792385,1.0,False
lncRNA:CR44446,-0.013692636,-16.501907,0.9890751984792385,1.0,False
CG14628,-0.013692636,-17.665249,0.9890751984792385,1.0,False
COX6AL2,-0.013692636,-17.036928,0.9890751984792385,1.0,False
CG33641,-0.013692636,-0.71987385,0.9890751984792385,1.0,False
geko,-0.013692636,-16.871077,0.9890751984792385,1.0,False
CG31954,-0.013692636,-17.112864,0.9890751984792385,1.0,False
Sfp24Ba,-0.013692636,-17.241076,0.9890751984792385,1.0,False
mir-971,-0.013692636,-17.961824,0.9890751984792385,1.0,False
CG33758,-0.013692636,-16.582466,0.9890751984792385,1.0,False
Erk7,-0.013692636,-15.802932,0.9890751984792385,1.0,False
CG15369,-0.013692636,-18.431208,0.9890751984792385,1.0,False
CheB98a,-0.013692636,-18.128521,0.9890751984792385,1.0,False
CG8008,-0.013692636,-16.294178,0.9890751984792385,1.0,False
lncRNA:CR44671,-0.013692636,-17.854351,0.9890751984792385,1.0,False
CG30369,-0.013692636,-17.698868,0.9890751984792385,1.0,False
Mal-A6,-0.013692636,-17.90416,0.9890751984792385,1.0,False
Cyp4ad1,-0.013692636,-16.135908,0.9890751984792385,1.0,False
Lcp4,-0.013692636,-17.275465,0.9890751984792385,1.0,False
CG1773,-0.013692636,-17.39764,0.9890751984792385,1.0,False
AOX2,-0.013692636,-16.712868,0.9890751984792385,1.0,False
Mst98Cb,-0.013692636,-16.338177,0.9890751984792385,1.0,False
Mst98Ca,-0.013692636,-17.041035,0.9890751984792385,1.0,False
CG14280,-0.013692636,-16.574623,0.9890751984792385,1.0,False
lncRNA:CR43839,-0.013692636,-17.688046,0.9890751984792385,1.0,False
CG42355,-0.013692636,-18.16668,0.9890751984792385,1.0,False
lncRNA:CR43455,-0.013692636,-1.6826036,0.9890751984792385,1.0,False
CG42383,-0.013692636,-18.510693,0.9890751984792385,1.0,False
Tex9,-0.013692636,-18.393368,0.9890751984792385,1.0,False
CG15375,-0.013692636,-18.345987,0.9890751984792385,1.0,False
Or88a,-0.013692636,-17.493048,0.9890751984792385,1.0,False
CG5762,-0.013692636,-17.722143,0.9890751984792385,1.0,False
CG14329,-0.013692636,-17.83983,0.9890751984792385,1.0,False
lncRNA:CR45159,-0.013692636,-0.25432593,0.9890751984792385,1.0,False
TwdlF,-0.013692636,-16.184341,0.9890751984792385,1.0,False
lncRNA:CR44909,-0.013692636,-18.524668,0.9890751984792385,1.0,False
CG14282,-0.013692636,-17.990328,0.9890751984792385,1.0,False
CG8840,-0.013692636,-0.94334054,0.9890751984792385,1.0,False
CG42460,-0.013692636,-17.798271,0.9890751984792385,1.0,False
CG8838,-0.013692636,-17.776812,0.9890751984792385,1.0,False
CG15414,-0.013692636,-15.327831,0.9890751984792385,1.0,False
lncRNA:CR43928,-0.013692636,-15.1019125,0.9890751984792385,1.0,False
Adgf-A2,-0.013692636,-18.136616,0.9890751984792385,1.0,False
CG8170,-0.013692636,-17.926857,0.9890751984792385,1.0,False
CG13028,-0.013692636,-16.41092,0.9890751984792385,1.0,False
lncRNA:CR45898,-0.013692636,-0.68190336,0.9890751984792385,1.0,False
CG6497,-0.013692636,-16.129515,0.9890751984792385,1.0,False
lncRNA:CR43752,-0.013692636,-17.923494,0.9890751984792385,1.0,False
CG13032,-0.013692636,-18.183233,0.9890751984792385,1.0,False
CG17751,-0.013692636,-17.862804,0.9890751984792385,1.0,False
Obp73a,-0.013692636,-16.80961,0.9890751984792385,1.0,False
CG12133,-0.013692636,-13.718413,0.9890751984792385,1.0,False
lut,-0.013692636,-15.831624,0.9890751984792385,1.0,False
Lime,-0.013692636,-18.194105,0.9890751984792385,1.0,False
asRNA:CR44108,-0.013692636,-17.748274,0.9890751984792385,1.0,False
snoRNA:Psi28S-3405d,-0.013692636,-16.66082,0.9890751984792385,1.0,False
UQCR-6.4L,-0.013692636,-17.538803,0.9890751984792385,1.0,False
CG31245,-0.013692636,-17.450882,0.9890751984792385,1.0,False
CG31913,-0.013692636,-17.969694,0.9890751984792385,1.0,False
CG13082,-0.013692636,-17.789698,0.9890751984792385,1.0,False
CG14326,-0.013692636,-16.959366,0.9890751984792385,1.0,False
Ttc30,-0.013692636,-0.38712922,0.9890751984792385,1.0,False
CG18493,-0.013692636,-15.747711,0.9890751984792385,1.0,False
CG13026,-0.013692636,-18.660183,0.9890751984792385,1.0,False
CG5639,-0.013692636,-16.316925,0.9890751984792385,1.0,False
lncRNA:CR46077,-0.013692636,-17.195915,0.9890751984792385,1.0,False
asRNA:CR44807,-0.013692636,-16.129515,0.9890751984792385,1.0,False
CG32985,-0.013692636,-0.6426949,0.9890751984792385,1.0,False
Rcd-1r,-0.013692636,-18.10618,0.9890751984792385,1.0,False
lncRNA:CR44957,-0.013692636,-18.025564,0.9890751984792385,1.0,False
bb8,-0.013692636,-17.719917,0.9890751984792385,1.0,False
asRNA:CR43903,-0.013692636,-17.536678,0.9890751984792385,1.0,False
CheA7a,-0.013692636,-17.259687,0.9890751984792385,1.0,False
lncRNA:CR46022,-0.013692636,-18.161413,0.9890751984792385,1.0,False
CG8813,-0.013692636,-18.436573,0.9890751984792385,1.0,False
CG11162,-0.013692636,-15.1019125,0.9890751984792385,1.0,False
CG13058,-0.013692636,-17.838392,0.9890751984792385,1.0,False
mil,-0.013692636,-16.375328,0.9890751984792385,1.0,False
Cpr12A,-0.013692636,-18.211826,0.9890751984792385,1.0,False
Prosbeta4R2,-0.013692636,-18.062798,0.9890751984792385,1.0,False
lncRNA:CR45240,-0.013692636,-17.906673,0.9890751984792385,1.0,False
CG11674,-0.013692636,-1.6058736,0.9890751984792385,1.0,False
yl,-0.013692636,-17.13341,0.9890751984792385,1.0,False
CG31219,-0.013692636,-17.218178,0.9890751984792385,1.0,False
lncRNA:CR45196,-0.013692636,-2.2932827,0.9890751984792385,1.0,False
Dmel_CR44198,-0.013692636,-17.750237,0.9890751984792385,1.0,False
lncRNA:CR44781,-0.013692636,-0.7875148,0.9890751984792385,1.0,False
CG13634,-0.013692636,-17.402311,0.9890751984792385,1.0,False
CG14949,-0.013692636,-17.452106,0.9890751984792385,1.0,False
Mzt1,-0.013692636,-1.0082506,0.9890751984792385,1.0,False
CG13806,-0.013692636,-1.0021571,0.9890751984792385,1.0,False
CG5781,-0.013692636,-16.988064,0.9890751984792385,1.0,False
CG13074,-0.013692636,-17.126583,0.9890751984792385,1.0,False
lncRNA:CR45755,-0.013692636,-15.1019125,0.9890751984792385,1.0,False
Cpr47Ef,-0.013692636,-0.5599005,0.9890751984792385,1.0,False
Cpr47Ea,-0.013692636,-17.468147,0.9890751984792385,1.0,False
Obp47a,-0.013692636,-17.587198,0.9890751984792385,1.0,False
CG17199,-0.013692636,-17.308334,0.9890751984792385,1.0,False
CG14260,-0.013692636,-17.637098,0.9890751984792385,1.0,False
Fst,-0.013692636,-17.332253,0.9890751984792385,1.0,False
lncRNA:CR43605,-0.013692636,-17.426447,0.9890751984792385,1.0,False
PH4alphaSG2,-0.013692636,-16.68239,0.9890751984792385,1.0,False
asRNA:CR44907,-0.013692636,-17.397408,0.9890751984792385,1.0,False
Ppi1,-0.013692636,-17.53509,0.9890751984792385,1.0,False
lncRNA:CR43620,-0.013692636,-17.587198,0.9890751984792385,1.0,False
CG14658,-0.013692636,-17.967617,0.9890751984792385,1.0,False
CG7251,-0.013692636,-17.831585,0.9890751984792385,1.0,False
CG13198,-0.013692636,-15.60442,0.9890751984792385,1.0,False
asRNA:CR45396,-0.013692636,-15.685486,0.9890751984792385,1.0,False
Eglp2,-0.013692636,-18.413134,0.9890751984792385,1.0,False
yellow-e,-0.013692636,-18.150986,0.9890751984792385,1.0,False
Mco1,-0.013692636,-16.376705,0.9890751984792385,1.0,False
Drsl6,-0.013692636,-17.892448,0.9890751984792385,1.0,False
CG3502,-0.013692636,-17.348858,0.9890751984792385,1.0,False
lncRNA:CR43792,-0.013692636,-15.732053,0.9890751984792385,1.0,False
CG9815,-0.013692636,-0.83057266,0.9890751984792385,1.0,False
CG2663,-0.013692636,-14.376024,0.9890751984792385,1.0,False
snoRNA:Psi18S-640b,-0.013692636,-16.607132,0.9890751984792385,1.0,False
lncRNA:CR43606,-0.013692636,-17.385357,0.9890751984792385,1.0,False
asRNA:CR45701,-0.013692636,-17.086779,0.9890751984792385,1.0,False
lncRNA:CR45963,-0.013692636,-17.697935,0.9890751984792385,1.0,False
CG15515,-0.013692636,-16.184341,0.9890751984792385,1.0,False
CG32806,-0.013692636,-18.287832,0.9890751984792385,1.0,False
CG12971,-0.013692636,-17.30511,0.9890751984792385,1.0,False
asRNA:CR46269,-0.013692636,-16.82996,0.9890751984792385,1.0,False
lncRNA:CR44964,-0.013692636,-18.308609,0.9890751984792385,1.0,False
CG31639,-0.013692636,-16.871077,0.9890751984792385,1.0,False
lncRNA:CR9162,-0.013692636,-18.53716,0.9890751984792385,1.0,False
Osi9,-0.013692636,-16.125185,0.9890751984792385,1.0,False
CG15177,-0.013692636,-17.990328,0.9890751984792385,1.0,False
lncRNA:CR45698,-0.013692636,-17.836954,0.9890751984792385,1.0,False
Mal-B1,-0.013692636,-17.669163,0.9890751984792385,1.0,False
CG13481,-0.013692636,-15.945474,0.9890751984792385,1.0,False
lncRNA:CR45888,-0.013692636,-15.327831,0.9890751984792385,1.0,False
Vha36-2,-0.013692636,-18.407953,0.9890751984792385,1.0,False
CAH5,-0.013692636,-15.863232,0.9890751984792385,1.0,False
CG6118,-0.013692636,-17.03915,0.9890751984792385,1.0,False
CG18581,-0.013692636,-18.313738,0.9890751984792385,1.0,False
asRNA:CR45264,-0.013692636,-0.8604879,0.9890751984792385,1.0,False
lncRNA:CR45319,-0.013692636,-17.76443,0.9890751984792385,1.0,False
lncRNA:CR46032,-0.013692636,-17.39764,0.9890751984792385,1.0,False
CG8646,-0.013692636,-0.054645043,0.9890751984792385,1.0,False
CG13196,-0.013692636,-17.623743,0.9890751984792385,1.0,False
lncRNA:CR45253,-0.013692636,-16.632399,0.9890751984792385,1.0,False
lncRNA:CR44343,-0.013692636,-18.416859,0.9890751984792385,1.0,False
asRNA:CR44990,-0.013692636,-17.452597,0.9890751984792385,1.0,False
Cyp4d21,-0.013692636,-17.720552,0.9890751984792385,1.0,False
CG42751,-0.013692636,-18.213509,0.9890751984792385,1.0,False
lncRNA:CR46205,-0.013692636,-17.162634,0.9890751984792385,1.0,False
lncRNA:CR46245,-0.013692636,-16.94566,0.9890751984792385,1.0,False
Gr33a,-0.013692636,-16.252033,0.9890751984792385,1.0,False
lncRNA:CR45356,-0.013692636,-17.276928,0.9890751984792385,1.0,False
Or92a,-0.013692636,-17.945887,0.9890751984792385,1.0,False
lncRNA:CR44400,-0.013692636,-16.808899,0.9890751984792385,1.0,False
lncRNA:CR43909,-0.013692636,-0.9402534,0.9890751984792385,1.0,False
CG33775,-0.013692636,-17.421196,0.9890751984792385,1.0,False
CG11664,-0.013692636,-15.061515,0.9890751984792385,1.0,False
btl,-0.013692636,-0.79986686,0.9890751984792385,1.0,False
CG30047,-0.013692636,-17.967201,0.9890751984792385,1.0,False
CG13871,-0.013692636,-17.849972,0.9890751984792385,1.0,False
CG45080,-0.013692636,-15.583887,0.9890751984792385,1.0,False
lncRNA:CR45125,-0.013692636,-17.237026,0.9890751984792385,1.0,False
CG31709,-0.013692636,-18.436573,0.9890751984792385,1.0,False
Cpr30B,-0.013692636,-16.618969,0.9890751984792385,1.0,False
Obp58d,-0.013692636,-16.962574,0.9890751984792385,1.0,False
CG30187,-0.013692636,-0.26529124,0.9890751984792385,1.0,False
lncRNA:CR44710,-0.013692636,-17.60375,0.9890751984792385,1.0,False
CG43089,-0.013692636,-17.698868,0.9890751984792385,1.0,False
Spn85F,-0.013692636,-17.688662,0.9890751984792385,1.0,False
Cralbp,-0.013692636,-16.125185,0.9890751984792385,1.0,False
CG9458,-0.013692636,-16.706295,0.9890751984792385,1.0,False
CG9459,-0.013692636,-15.986854,0.9890751984792385,1.0,False
CG42269,-0.013692636,-1.137049,0.9890751984792385,1.0,False
CG12539,-0.013692636,-0.99629134,0.9890751984792385,1.0,False
CG34292,-0.013692636,-17.270458,0.9890751984792385,1.0,False
Acp33A,-0.013692636,-17.805882,0.9890751984792385,1.0,False
CG9106,-0.013692636,-15.784987,0.9890751984792385,1.0,False
CG14106,-0.013692636,-17.573101,0.9890751984792385,1.0,False
pon,-0.013692636,-15.747969,0.9890751984792385,1.0,False
CAH9,-0.013692636,-18.073076,0.9890751984792385,1.0,False
CG33263,-0.013692636,-15.542975,0.9890751984792385,1.0,False
lncRNA:CR46237,-0.013692636,-16.706295,0.9890751984792385,1.0,False
CG13442,-0.013692636,-18.350718,0.9890751984792385,1.0,False
CG13321,-0.013692636,-17.3211,0.9890751984792385,1.0,False
CG14391,-0.013692636,-16.370087,0.9890751984792385,1.0,False
CG34236,-0.013692636,-16.658417,0.9890751984792385,1.0,False
CG33784,-0.013692636,-16.832058,0.9890751984792385,1.0,False
Cpr92F,-0.013692636,-17.189493,0.9890751984792385,1.0,False
CG43207,-0.013692636,-17.532974,0.9890751984792385,1.0,False
Mco4,-0.013692636,-16.57735,0.9890751984792385,1.0,False
lncRNA:CR43932,-0.013692636,-17.805882,0.9890751984792385,1.0,False
lncRNA:CR45005,-0.013692636,-17.629238,0.9890751984792385,1.0,False
Cdlc2,-0.013692636,-17.31719,0.9890751984792385,1.0,False
spz4,-0.013692636,-1.5441662,0.9890751984792385,1.0,False
Osi21,-0.013692636,-17.106695,0.9890751984792385,1.0,False
CG11588,-0.013692636,-17.524029,0.9890751984792385,1.0,False
CG12521,-0.013692636,-18.49197,0.9890751984792385,1.0,False
CG4734,-0.013692636,-17.951166,0.9890751984792385,1.0,False
CG7295,-0.013692636,-15.802932,0.9890751984792385,1.0,False
lncRNA:CR44073,-0.013692636,-17.103262,0.9890751984792385,1.0,False
CG32119,-0.013692636,-17.12401,0.9890751984792385,1.0,False
snoRNA:Psi28S-3327c,-0.013692636,-16.195808,0.9890751984792385,1.0,False
lncRNA:CR43918,-0.013692636,-16.950901,0.9890751984792385,1.0,False
CG42300,-0.013692636,-0.58269227,0.9890751984792385,1.0,False
Prosalpha4T1,-0.013692636,-1.3408824,0.9890751984792385,1.0,False
lncRNA:CR45824,-0.013692636,-16.80961,0.9890751984792385,1.0,False
CG6614,-0.013692636,-14.743707,0.9890751984792385,1.0,False
lncRNA:CR45905,-0.013692636,-15.460231,0.9890751984792385,1.0,False
CG17930,-0.013692636,-18.445093,0.9890751984792385,1.0,False
djl,-0.013692636,-18.23979,0.9890751984792385,1.0,False
dj,-0.013692636,-18.030018,0.9890751984792385,1.0,False
CG1979,-0.013692636,-18.332647,0.9890751984792385,1.0,False
lncRNA:CR44931,-0.013692636,-16.018879,0.9890751984792385,1.0,False
asRNA:CR42738,-0.013692636,-1.005278,0.9890751984792385,1.0,False
snoRNA:CD74,-0.013692636,-16.967728,0.9890751984792385,1.0,False
CG31816,-0.013692636,-17.512304,0.9890751984792385,1.0,False
CG45062,-0.013692636,-17.323715,0.9890751984792385,1.0,False
ppk12,-0.013692636,-17.084644,0.9890751984792385,1.0,False
CG5819,-0.013692636,-0.44288442,0.9890751984792385,1.0,False
CG18568,-0.013692636,-18.04944,0.9890751984792385,1.0,False
Gr22a,-0.013692636,-16.161083,0.9890751984792385,1.0,False
CG6931,-0.013692636,-18.307972,0.9890751984792385,1.0,False
Tb,-0.013692636,-13.718413,0.9890751984792385,1.0,False
Dnai2,-0.013692636,-17.162634,0.9890751984792385,1.0,False
CG8565,-0.013692636,-17.623743,0.9890751984792385,1.0,False
CG34241,-0.013692636,-18.441206,0.9890751984792385,1.0,False
snoRNA:Pi4KIIalpha-a,-0.013692636,-17.927055,0.9890751984792385,1.0,False
CG15296,-0.013692636,-1.79037,0.9890751984792385,1.0,False
CG45413,-0.013692636,-18.011469,0.9890751984792385,1.0,False
snRNA:U4atac,-0.013692636,-16.282614,0.9890751984792385,1.0,False
lncRNA:CR44524,-0.013692636,-16.951857,0.9890751984792385,1.0,False
lncRNA:CR45617,-0.013692636,-17.876568,0.9890751984792385,1.0,False
CG18063,-0.013692636,-0.6359654,0.9890751984792385,1.0,False
CG13244,-0.013692636,-17.67643,0.9890751984792385,1.0,False
Cpr65Ea,-0.013692636,-0.7622018,0.9890751984792385,1.0,False
CG46059,-0.013692636,-15.935393,0.9890751984792385,1.0,False
lncRNA:CR44977,-0.013692636,-0.67400014,0.9890751984792385,1.0,False
CG17154,-0.013692636,-17.951166,0.9890751984792385,1.0,False
lobo,-0.013692636,-0.426606,0.9890751984792385,1.0,False
CG14339,-0.013692636,-15.026176,0.9890751984792385,1.0,False
E(spl)mdelta-HLH,-0.013692636,-17.66555,0.9890751984792385,1.0,False
Or67c,-0.013692636,-17.082159,0.9890751984792385,1.0,False
Dmel_CR44541,-0.013692636,-17.765427,0.9890751984792385,1.0,False
CG14069,-0.013692636,-15.009807,0.9890751984792385,1.0,False
lncRNA:CR45654,-0.013692636,-17.617704,0.9890751984792385,1.0,False
lncRNA:CR46241,-0.013692636,-16.030302,0.9890751984792385,1.0,False
lncRNA:CR46062,-0.013692636,-18.458485,0.9890751984792385,1.0,False
CG14143,-0.013692636,-17.437992,0.9890751984792385,1.0,False
CG45076,-0.013692636,-18.281038,0.9890751984792385,1.0,False
lectin-33A,-0.013692636,-17.453577,0.9890751984792385,1.0,False
lncRNA:CR44507,-0.013692636,-18.011906,0.9890751984792385,1.0,False
CG43829,-0.013692636,-15.447091,0.9890751984792385,1.0,False
lncRNA:CR45881,-0.013692636,-18.336622,0.9890751984792385,1.0,False
Alp11,-0.013692636,-18.328035,0.9890751984792385,1.0,False
CG32087,-0.013692636,-16.432344,0.9890751984792385,1.0,False
Ir67c,-0.013692636,-18.154621,0.9890751984792385,1.0,False
lncRNA:CR44543,-0.013692636,-18.48946,0.9890751984792385,1.0,False
CG12523,-0.013692636,-18.482813,0.9890751984792385,1.0,False
CG43106,-0.013692636,-18.08922,0.9890751984792385,1.0,False
CG31189,-0.013692636,-18.399529,0.9890751984792385,1.0,False
asRNA:CR46246,-0.013692636,-17.788673,0.9890751984792385,1.0,False
CG13793,-0.013692636,-17.896654,0.9890751984792385,1.0,False
lncRNA:CR43632,-0.013692636,-16.088882,0.9890751984792385,1.0,False
CG31091,-0.013692636,-16.04998,0.9890751984792385,1.0,False
Pgcl,-0.013692636,-17.266718,0.9890751984792385,1.0,False
GstD6,-0.013692636,-16.109592,0.9890751984792385,1.0,False
lncRNA:CR43415,-0.013692636,-15.287973,0.9890751984792385,1.0,False
CG14689,-0.013692636,-18.117521,0.9890751984792385,1.0,False
lncRNA:CR46007,-0.013692636,-18.301617,0.9890751984792385,1.0,False
asRNA:CR44047,-0.013692636,-0.37400594,0.9890751984792385,1.0,False
Erasp,-0.013692636,-18.367184,0.9890751984792385,1.0,False
CG3306,-0.013692636,-18.030018,0.9890751984792385,1.0,False
lncRNA:CR43417,-0.013692636,-18.431208,0.9890751984792385,1.0,False
Acp1,-0.013692636,-18.49702,0.9890751984792385,1.0,False
snRNA:U7,-0.013692636,-15.899959,0.9890751984792385,1.0,False
lncRNA:CR45043,-0.013692636,-18.102272,0.9890751984792385,1.0,False
corolla,-0.013692636,-17.307688,0.9890751984792385,1.0,False
lncRNA:CR44177,-0.013692636,-17.252289,0.9890751984792385,1.0,False
CG4017,-0.013692636,-15.583887,0.9890751984792385,1.0,False
Cyp4e3,-0.013692636,-17.508167,0.9890751984792385,1.0,False
lncRNA:CR44150,-0.013692636,-15.933438,0.9890751984792385,1.0,False
CG3746,-0.013692636,-0.5012632,0.9890751984792385,1.0,False
CG44426,-0.013692636,-16.919004,0.9890751984792385,1.0,False
CG13983,-0.013692636,-17.45456,0.9890751984792385,1.0,False
Ugt37B1,-0.013692636,-17.888264,0.9890751984792385,1.0,False
CG31482,-0.013692636,-17.91524,0.9890751984792385,1.0,False
E(spl)m2-BFM,-0.013692636,-16.832058,0.9890751984792385,1.0,False
asRNA:CR46101,-0.013692636,-17.321753,0.9890751984792385,1.0,False
lncRNA:CR45803,-0.013692636,-17.836237,0.9890751984792385,1.0,False
CG18302,-0.013692636,-18.02512,0.9890751984792385,1.0,False
CG5849,-0.013692636,-18.035841,0.9890751984792385,1.0,False
CG34034,-0.013692636,-17.918375,0.9890751984792385,1.0,False
CG2616,-0.013692636,-18.383343,0.9890751984792385,1.0,False
lncRNA:CR46211,-0.013692636,-17.926262,0.9890751984792385,1.0,False
Mco3,-0.013692636,-14.743707,0.9890751984792385,1.0,False
lncRNA:CR45232,-0.013692636,-17.30329,0.9890751984792385,1.0,False
CG33017,-0.013692636,-17.115776,0.9890751984792385,1.0,False
CG15708,-0.013692636,-1.1518605,0.9890751984792385,1.0,False
CG30098,-0.013692636,-15.327831,0.9890751984792385,1.0,False
lncRNA:CR44377,-0.013692636,-16.944393,0.9890751984792385,1.0,False
asRNA:CR45272,-0.013692636,-15.997086,0.9890751984792385,1.0,False
CG18180,-0.013692636,-17.213612,0.9890751984792385,1.0,False
CG18179,-0.013692636,-17.9573,0.9890751984792385,1.0,False
Os-C,-0.013692636,-18.351397,0.9890751984792385,1.0,False
CG15498,-0.013692636,-16.88685,0.9890751984792385,1.0,False
mtrm,-0.013692636,-0.15383437,0.9890751984792385,1.0,False
CG44403,-0.013692636,-18.136616,0.9890751984792385,1.0,False
CG10936,-0.013692636,-1.3760483,0.9890751984792385,1.0,False
asRNA:CR45146,-0.013692636,-15.442306,0.9890751984792385,1.0,False
asRNA:CR45056,-0.013692636,-17.538803,0.9890751984792385,1.0,False
CG3323,-0.013692636,-17.788673,0.9890751984792385,1.0,False
CG13309,-0.013692636,-18.128017,0.9890751984792385,1.0,False
Cp19,-0.013692636,-16.125185,0.9890751984792385,1.0,False
glob3,-0.013692636,-15.997086,0.9890751984792385,1.0,False
CG32762,-0.013692636,-17.23905,0.9890751984792385,1.0,False
asRNA:CR44375,-0.013692636,-17.615986,0.9890751984792385,1.0,False
Lst,-0.013692636,-0.21454254,0.9890751984792385,1.0,False
Muc96D,-0.013692636,-0.11924799,0.9890751984792385,1.0,False
lncRNA:CR45225,-0.013692636,-1.3568094,0.9890751984792385,1.0,False
lncRNA:CR44803,-0.013692636,-17.089985,0.9890751984792385,1.0,False
lncRNA:CR44419,-0.013692636,-18.11257,0.9890751984792385,1.0,False
PpN58A,-0.013692636,-16.978422,0.9890751984792385,1.0,False
Loxl2,-0.013692636,-16.832058,0.9890751984792385,1.0,False
CG11291,-0.013692636,-17.990328,0.9890751984792385,1.0,False
CG32523,-0.013692636,-1.0622038,0.9890751984792385,1.0,False
CG15446,-0.013692636,-17.157146,0.9890751984792385,1.0,False
snoRNA:Psi28S-2648,-0.013692636,-17.578882,0.9890751984792385,1.0,False
Muc30E,-0.013692636,-17.413366,0.9890751984792385,1.0,False
snoRNA:CD7,-0.013692636,-18.23227,0.9890751984792385,1.0,False
CG15330,-0.013692636,-1.2056559,0.9890751984792385,1.0,False
CG10801,-0.013692636,-18.178928,0.9890751984792385,1.0,False
CG16782,-0.013692636,-17.794832,0.9890751984792385,1.0,False
Nepl13,-0.013692636,-1.5463552,0.9890751984792385,1.0,False
CG6688,-0.013692636,-15.8766165,0.9890751984792385,1.0,False
Reepl1,-0.013692636,-18.049896,0.9890751984792385,1.0,False
CG14718,-0.013692636,-17.772108,0.9890751984792385,1.0,False
lncRNA:CR45651,-0.013692636,-16.501347,0.9890751984792385,1.0,False
Cby,-0.013692636,-1.434931,0.9890751984792385,1.0,False
CG7213,-0.013692636,-1.4496571,0.9890751984792385,1.0,False
gsb-n,-0.013692636,-17.032667,0.9890751984792385,1.0,False
CG13138,-0.013692636,-16.013008,0.9890751984792385,1.0,False
CG32568,-0.013692636,-18.328035,0.9890751984792385,1.0,False
CG15155,-0.013692636,-16.125185,0.9890751984792385,1.0,False
CG10211,-0.013692636,-18.497868,0.9890751984792385,1.0,False
CG14668,-0.013692636,-18.436573,0.9890751984792385,1.0,False
CG4440,-0.013692636,-17.789698,0.9890751984792385,1.0,False
Rpt6R,-0.013692636,-0.78677714,0.9890751984792385,1.0,False
CG17717,-0.013692636,-17.402311,0.9890751984792385,1.0,False
kkv,-0.013692636,-16.125185,0.9890751984792385,1.0,False
mfr,-0.013692636,-15.91873,0.9890751984792385,1.0,False
CG10764,-0.013692636,-1.3613719,0.9890751984792385,1.0,False
CG34327,-0.013692636,-17.97596,0.9890751984792385,1.0,False
CG14835,-0.013692636,-18.062798,0.9890751984792385,1.0,False
lncRNA:CR45400,-0.013692636,-17.737219,0.9890751984792385,1.0,False
CG6927,-0.013692636,-17.231983,0.9890751984792385,1.0,False
CG16998,-0.013692636,-16.98577,0.9890751984792385,1.0,False
fj,-0.013692636,-16.125185,0.9890751984792385,1.0,False
snoRNA:Psi18S-1347b,-0.013692636,-17.180408,0.9890751984792385,1.0,False
asRNA:CR46263,-0.013692636,-1.1205349,0.9890751984792385,1.0,False
Pebp1,-0.013692636,-16.294178,0.9890751984792385,1.0,False
Mst77Y-4,-0.013692636,-17.944267,0.9890751984792385,1.0,False
CG4830,-0.013692636,-15.287973,0.9890751984792385,1.0,False
CG18605,-0.013692636,-17.109957,0.9890751984792385,1.0,False
CG14491,-0.013692636,-17.560547,0.9890751984792385,1.0,False
snoRNA:Psi18S-1347a,-0.013692636,-15.447091,0.9890751984792385,1.0,False
lncRNA:CR40629,-0.013692636,-15.460231,0.9890751984792385,1.0,False
Ir31a,-0.013692636,-17.817766,0.9890751984792385,1.0,False
asRNA:CR44975,-0.013692636,-17.76776,0.9890751984792385,1.0,False
CG31546,-0.013692636,-17.787651,0.9890751984792385,1.0,False
lncRNA:CR44925,-0.013692636,-17.659555,0.9890751984792385,1.0,False
CG17929,-0.013692636,-18.48364,0.9890751984792385,1.0,False
eIF4E4,-0.013692636,-14.976048,0.9890751984792385,1.0,False
CG11353,-0.013692636,-15.587854,0.9890751984792385,1.0,False
CG32241,-0.013692636,-17.22977,0.9890751984792385,1.0,False
lncRNA:CR43881,-0.013692636,-16.646969,0.9890751984792385,1.0,False
CG13705,-0.013692636,-17.416918,0.9890751984792385,1.0,False
CG4286,-0.013692636,-17.590544,0.9890751984792385,1.0,False
ng4,-0.013692636,-17.322624,0.9890751984792385,1.0,False
CG1273,-0.013692636,-1.0706162,0.9890751984792385,1.0,False
CG9308,-0.013692636,-17.66585,0.9890751984792385,1.0,False
lncRNA:CR44236,-0.013692636,-18.02379,0.9890751984792385,1.0,False
d-cup,-0.013692636,-16.79042,0.9890751984792385,1.0,False
CG42854,-0.013692636,-17.410534,0.9890751984792385,1.0,False
CG12446,-0.013692636,-18.102272,0.9890751984792385,1.0,False
BG642312,-0.013692636,-17.622301,0.9890751984792385,1.0,False
kl-2,-0.013692636,-17.599798,0.9890751984792385,1.0,False
CG17636,-0.013692636,-17.053087,0.9890751984792385,1.0,False
Sfp65A,-0.013692636,-16.501347,0.9890751984792385,1.0,False
CG9416,-0.013692636,-1.0568506,0.9890751984792385,1.0,False
CG30151,-0.013692636,-15.793631,0.9890751984792385,1.0,False
Vha100-3,-0.013692636,-0.8216922,0.9890751984792385,1.0,False
narya,-0.013692636,-16.387875,0.9890751984792385,1.0,False
Obp83b,-0.013692636,-17.196112,0.9890751984792385,1.0,False
lncRNA:CR44412,-0.013692636,-1.2490025,0.9890751984792385,1.0,False
lncRNA:CR45638,-0.013692636,-18.189194,0.9890751984792385,1.0,False
CG10405,-0.013692636,-17.916807,0.9890751984792385,1.0,False
CG10317,-0.013692636,-1.3591989,0.9890751984792385,1.0,False
CG43814,-0.013692636,-17.798271,0.9890751984792385,1.0,False
lncRNA:CR45354,-0.013692636,-18.237469,0.9890751984792385,1.0,False
CG12268,-0.013692636,-18.363722,0.9890751984792385,1.0,False
CG4115,-0.013692636,-18.128521,0.9890751984792385,1.0,False
CG10041,-0.013692636,-1.1721606,0.9890751984792385,1.0,False
CG15125,-0.013692636,-16.951696,0.9890751984792385,1.0,False
Spn100A,-0.013692636,-16.080324,0.9890751984792385,1.0,False
Dmel_CR34659,-0.013692636,-17.502504,0.9890751984792385,1.0,False
Jon99Ci,-0.013692636,-16.836624,0.9890751984792385,1.0,False
CG33770,-0.013692636,-17.610846,0.9890751984792385,1.0,False
CG33766,-0.013692636,-17.197283,0.9890751984792385,1.0,False
CG11404,-0.013692636,-17.964302,0.9890751984792385,1.0,False
CG15546,-0.013692636,-15.327831,0.9890751984792385,1.0,False
Atg8b,-0.013692636,-18.436573,0.9890751984792385,1.0,False
CG33235,-0.013692636,-17.50765,0.9890751984792385,1.0,False
mt:tRNA:Cys-GCA,-0.013692636,-17.23541,0.9890751984792385,1.0,False
GstD8,-0.013692636,-18.265825,0.9890751984792385,1.0,False
bam,-0.013692636,-15.542975,0.9890751984792385,1.0,False
lncRNA:CR45357,-0.013692636,-16.756432,0.9890751984792385,1.0,False
Dmel_CR34568,-0.013692636,-17.385357,0.9890751984792385,1.0,False
lncRNA:CR43878,-0.013692636,-17.93622,0.9890751984792385,1.0,False
Mst77Y-7,-0.013692636,-16.252033,0.9890751984792385,1.0,False
ttm2,-0.013692636,-0.38608304,0.9890751984792385,1.0,False
CG14634,-0.013692636,-18.08922,0.9890751984792385,1.0,False
CG13359,-0.013692636,-18.214634,0.9890751984792385,1.0,False
snoRNA:Psi18S-1854b,-0.013692636,-17.523243,0.9890751984792385,1.0,False
snoRNA:Psi28S-1135f,-0.013692636,-1.1509039,0.9890751984792385,1.0,False
snoRNA:Psi28S-2876,-0.013692636,-16.871077,0.9890751984792385,1.0,False
Spn38F,-0.013692636,-16.620808,0.9890751984792385,1.0,False
snoRNA:Psi28S-1192b,-0.013692636,-0.8680669,0.9890751984792385,1.0,False
CG13285,-0.013692636,-17.448439,0.9890751984792385,1.0,False
mah,-0.013692636,-17.954432,0.9890751984792385,1.0,False
klhl10,-0.013692636,-18.40648,0.9890751984792385,1.0,False
CG31810,-0.013692636,-0.446957,0.9890751984792385,1.0,False
Cpr31A,-0.01369606,-1.5883032,0.9890724674496074,1.0,False
asRNA:CR43243,-0.01369606,-0.09633237,0.9890724674496074,1.0,False
CG14854,-0.01369606,-1.6645964,0.9890724674496074,1.0,False
CG33700,-0.01369606,-1.0745938,0.9890724674496074,1.0,False
CG9294,-0.01369606,-1.260543,0.9890724674496074,1.0,False
lncRNA:CR43826,-0.01369606,-1.8553294,0.9890724674496074,1.0,False
CG31347,-0.01369606,-1.8966421,0.9890724674496074,1.0,False
CG15109,-0.01369606,-1.5796576,0.9890724674496074,1.0,False
sncRNA:CR43603,-0.01369606,-0.96732974,0.9890724674496074,1.0,False
lncRNA:CR44185,-0.01369606,-1.6955208,0.9890724674496074,1.0,False
CG42366,-0.01369606,-0.8536856,0.9890724674496074,1.0,False
sphinx2,-0.01369606,-1.0573512,0.9890724674496074,1.0,False
asRNA:CR44996,-0.01369606,-0.34736496,0.9890724674496074,1.0,False
lncRNA:CR45833,-0.01369606,-2.9801526,0.9890724674496074,1.0,False
Pgam2,-0.01369606,-1.6467503,0.9890724674496074,1.0,False
CG32006,-0.01369606,-1.3317146,0.9890724674496074,1.0,False
CG3610,-0.01369606,-2.5002158,0.9890724674496074,1.0,False
snoRNA:Psi18S-1377e,-0.01369606,-1.6735739,0.9890724674496074,1.0,False
CG6553,-0.01369606,-1.7009987,0.9890724674496074,1.0,False
CG31205,-0.01369606,-2.3292356,0.9890724674496074,1.0,False
asRNA:CR44958,-0.01369606,-1.0042086,0.9890724674496074,1.0,False
ItgaPS4,-0.01369606,-1.9837157,0.9890724674496074,1.0,False
CG12307,-0.01369606,-2.065587,0.9890724674496074,1.0,False
lncRNA:CR45463,-0.01369606,-1.731386,0.9890724674496074,1.0,False
lncRNA:CR45327,-0.01369606,-1.2241093,0.9890724674496074,1.0,False
CG4269,-0.01369606,-0.58619326,0.9890724674496074,1.0,False
CG30398,-0.01369606,-2.5192842,0.9890724674496074,1.0,False
asRNA:CR46074,-0.01369606,-2.0651062,0.9890724674496074,1.0,False
Obp93a,-0.01369606,-1.4389107,0.9890724674496074,1.0,False
asRNA:CR45000,-0.01369606,-1.8159013,0.9890724674496074,1.0,False
snoRNA:CG31191-a,-0.01369606,-3.2462523,0.9890724674496074,1.0,False
loopin-1,-0.01369606,-0.6814261,0.9890724674496074,1.0,False
CG32037,-0.01369606,-2.6383739,0.9890724674496074,1.0,False
mei-38,-0.01369606,-0.83298004,0.9890724674496074,1.0,False
CG10553,-0.01369606,-1.6643456,0.9890724674496074,1.0,False
Vm26Ab,-0.01369606,-2.4087489,0.9890724674496074,1.0,False
CG5162,-0.01369606,-2.401424,0.9890724674496074,1.0,False
CG31019,-0.01369606,-0.83759445,0.9890724674496074,1.0,False
grnd,-0.01369606,-1.569754,0.9890724674496074,1.0,False
CG17127,-0.01369606,-1.5698185,0.9890724674496074,1.0,False
CG31272,-0.01369606,-0.34251726,0.9890724674496074,1.0,False
CG9452,-0.01369606,-1.8417846,0.9890724674496074,1.0,False
CG7695,-0.01369606,-1.7713643,0.9890724674496074,1.0,False
CG14760,-0.01369606,-1.5918095,0.9890724674496074,1.0,False
ouib,-0.01369606,-1.7959015,0.9890724674496074,1.0,False
CG13318,-0.01369606,-0.36395717,0.9890724674496074,1.0,False
CG33253,-0.01369606,-1.4461905,0.9890724674496074,1.0,False
lncRNA:CR43855,-0.01369606,-1.5250007,0.9890724674496074,1.0,False
lncRNA:CR45811,-0.01369606,-1.4539816,0.9890724674496074,1.0,False
lectin-46Ca,-0.01369606,-3.0774915,0.9890724674496074,1.0,False
CG15368,-0.01369606,-1.8014964,0.9890724674496074,1.0,False
mthl13,-0.01369606,-0.93320596,0.9890724674496074,1.0,False
lncRNA:CR45425,-0.01369606,-2.0141385,0.9890724674496074,1.0,False
lncRNA:CR46079,-0.01369606,-3.4083145,0.9890724674496074,1.0,False
CG11816,-0.01369606,-1.4686687,0.9890724674496074,1.0,False
Grl62c,-0.01369606,-1.6692225,0.9890724674496074,1.0,False
Cad74A,-0.01369606,-1.8116779,0.9890724674496074,1.0,False
CG13838,-0.01369606,-2.503921,0.9890724674496074,1.0,False
CG33792,-0.01369606,-2.6147275,0.9890724674496074,1.0,False
lncRNA:CR46112,-0.01369606,-0.794883,0.9890724674496074,1.0,False
lncRNA:CR32690,-0.01369606,-1.8491695,0.9890724674496074,1.0,False
CG10920,-0.01369606,-2.2633893,0.9890724674496074,1.0,False
lncRNA:CR43404,-0.01369606,-1.7880976,0.9890724674496074,1.0,False
CG13558,-0.01369606,-1.4576619,0.9890724674496074,1.0,False
CG43139,-0.01369606,-2.6710494,0.9890724674496074,1.0,False
CG34286,-0.01369606,-2.508931,0.9890724674496074,1.0,False
CG33477,-0.01369606,-0.8555633,0.9890724674496074,1.0,False
CG33476,-0.01369606,-2.5285773,0.9890724674496074,1.0,False
Z600,-0.01369606,-1.6757162,0.9890724674496074,1.0,False
CG14262,-0.01369606,-3.3435698,0.9890724674496074,1.0,False
Or71a,-0.01369606,-0.36140057,0.9890724674496074,1.0,False
Cyp309a1,-0.01369606,-2.5772982,0.9890724674496074,1.0,False
Ser,-0.01369606,-1.7972548,0.9890724674496074,1.0,False
upd3,-0.01369606,-1.5544754,0.9890724674496074,1.0,False
asRNA:CR46251,-0.01369606,-2.3744924,0.9890724674496074,1.0,False
Mst33A,-0.01369606,-2.5769725,0.9890724674496074,1.0,False
upd2,-0.01369606,-2.869966,0.9890724674496074,1.0,False
Nep5,-0.01369606,-1.4660602,0.9890724674496074,1.0,False
lncRNA:CR43314,-0.01369606,-0.18681012,0.9890724674496074,1.0,False
CG6059,-0.01369606,-1.3354517,0.9890724674496074,1.0,False
CG4362,-0.01369606,-1.2795727,0.9890724674496074,1.0,False
CG14456,-0.01369606,-0.8622923,0.9890724674496074,1.0,False
CG3491,-0.01369606,-2.7746978,0.9890724674496074,1.0,False
lncRNA:CR44804,-0.01369606,-1.5616627,0.9890724674496074,1.0,False
asRNA:CR44847,-0.01369606,-4.1685796,0.9890724674496074,1.0,False
CanA1,-0.01369606,-0.8977904,0.9890724674496074,1.0,False
Jon99Cii,-0.01369606,-1.9594722,0.9890724674496074,1.0,False
NimA,-0.01369606,-1.89945,0.9890724674496074,1.0,False
asRNA:CR45130,-0.01369606,-1.760148,0.9890724674496074,1.0,False
Jon44E,-0.01369606,-0.7796788,0.9890724674496074,1.0,False
CG33667,-0.01369606,-2.9668384,0.9890724674496074,1.0,False
asRNA:CR43466,-0.01369606,-0.7094373,0.9890724674496074,1.0,False
CG6012,-0.01369606,-1.5210518,0.9890724674496074,1.0,False
Edg84A,-0.01369606,-0.574459,0.9890724674496074,1.0,False
CG7896,-0.01369606,-1.9538823,0.9890724674496074,1.0,False
lncRNA:CR45431,-0.01369606,-0.86820793,0.9890724674496074,1.0,False
Mhc,-0.01369606,-0.8988462,0.9890724674496074,1.0,False
CG1806,-0.01369606,-1.873702,0.9890724674496074,1.0,False
CG4691,-0.01369606,-1.8247527,0.9890724674496074,1.0,False
Dmel_CR43610,-0.01369606,-1.1662513,0.9890724674496074,1.0,False
NimC2,-0.01369606,-0.9519946,0.9890724674496074,1.0,False
CG33308,-0.01369606,-1.311528,0.9890724674496074,1.0,False
Or42b,-0.01369606,-1.7442577,0.9890724674496074,1.0,False
CG7370,-0.013699482,-1.0170861,0.9890697364201044,1.0,False
lncRNA:CR45966,-0.013699482,-1.4725422,0.9890697364201044,1.0,False
ppk27,-0.013699482,-0.9279345,0.9890697364201044,1.0,False
Notum,-0.013699482,-0.44956037,0.9890697364201044,1.0,False
CG42246,-0.013699482,-0.8921011,0.9890697364201044,1.0,False
asRNA:CR45812,-0.013699482,-0.70083284,0.9890697364201044,1.0,False
CG34026,-0.013699482,-1.1758677,0.9890697364201044,1.0,False
CG33767,-0.013699482,-0.2824944,0.9890697364201044,1.0,False
CG46025,-0.013699482,-0.52956384,0.9890697364201044,1.0,False
CG8509,-0.013699482,-0.33331537,0.9890697364201044,1.0,False
CG10877,-0.013699482,-0.446219,0.9890697364201044,1.0,False
Acp36DE,-0.013699482,-0.6467,0.9890697364201044,1.0,False
piwi,-0.013699482,-1.0261033,0.9890697364201044,1.0,False
lncRNA:CR44717,-0.013699482,-0.42550132,0.9890697364201044,1.0,False
TwdlD,-0.013699482,-1.2481592,0.9890697364201044,1.0,False
CG4975,-0.013699482,-0.299213,0.9890697364201044,1.0,False
Ptth,-0.013699482,-0.70491916,0.9890697364201044,1.0,False
CG14419,-0.013699482,-1.4886123,0.9890697364201044,1.0,False
asRNA:CR45797,-0.013699482,-0.8681388,0.9890697364201044,1.0,False
CG17261,-0.013699482,-0.39031133,0.9890697364201044,1.0,False
CG34222,-0.013699482,-0.72322345,0.9890697364201044,1.0,False
CG1394,-0.013699482,-0.61697114,0.9890697364201044,1.0,False
Nlg1,-0.013699482,-0.4252503,0.9890697364201044,1.0,False
lncRNA:CR43990,-0.013699482,-1.0075455,0.9890697364201044,1.0,False
borr,-0.013702906,-0.6162417,0.9890670053907294,1.0,False
dob,-0.013702906,-2.0901663,0.9890670053907294,1.0,False
CG30270,-0.013702906,-1.3396581,0.9890670053907294,1.0,False
asRNA:CR43979,-0.013702906,-0.8312159,0.9890670053907294,1.0,False
CG15144,-0.013702906,-0.59337664,0.9890670053907294,1.0,False
COX6CL,-0.013702906,-1.2116083,0.9890670053907294,1.0,False
lncRNA:CR32385,-0.013702906,-2.4619603,0.9890670053907294,1.0,False
CG5783,-0.013702906,-0.82442975,0.9890670053907294,1.0,False
lncRNA:CR43887,-0.013702906,-1.1222043,0.9890670053907294,1.0,False
Cpr50Cb,-0.013702906,-1.6868935,0.9890670053907294,1.0,False
Or94a,-0.013702906,-1.3568957,0.9890670053907294,1.0,False
Zasp67,-0.013702906,-0.51295835,0.9890670053907294,1.0,False
CG4669,-0.013702906,-2.3505554,0.9890670053907294,1.0,False
CG13678,-0.013702906,-1.3994108,0.9890670053907294,1.0,False
CG3222,-0.013702906,-1.7658442,0.9890670053907294,1.0,False
CG4408,-0.013702906,-0.8383144,0.9890670053907294,1.0,False
CG9514,-0.013702906,-1.7871614,0.9890670053907294,1.0,False
CG32591,-0.013702906,-1.3384398,0.9890670053907294,1.0,False
CG2930,-0.013702906,-0.18257222,0.9890670053907294,1.0,False
Pcp,-0.013702906,-1.6884894,0.9890670053907294,1.0,False
Nepl17,-0.013702906,-1.8138235,0.9890670053907294,1.0,False
Antdh,-0.013702906,-0.87668,0.9890670053907294,1.0,False
CG9313,-0.013706328,-0.21839796,0.9890642743614825,1.0,False
CG43293,-0.013706328,-0.34699678,0.9890642743614825,1.0,False
Pen,-0.013706328,-0.7355512,0.9890642743614825,1.0,False
CG31797,-0.013706328,-0.8121378,0.9890642743614825,1.0,False
CG43232,-0.013706328,-1.0690849,0.9890642743614825,1.0,False
CG15870,-0.013706328,-0.5591236,0.9890642743614825,1.0,False
lncRNA:CR44365,-0.013706328,-1.4260373,0.9890642743614825,1.0,False
lncRNA:CR42719,-0.013706328,-1.5555996,0.9890642743614825,1.0,False
asRNA:CR43471,-0.013706328,-1.3603201,0.9890642743614825,1.0,False
lncRNA:CR45226,-0.013706328,-0.6121259,0.9890642743614825,1.0,False
lncRNA:CR44544,-0.013706328,-0.35306105,0.9890642743614825,1.0,False
snoRNA:Psi28S-1153,-0.01370804,-0.04059749,0.9890629088469072,1.0,False
lncRNA:CR45030,-0.013709752,-0.38980186,0.9890615433323637,1.0,False
ymp,-0.013709752,-0.95219827,0.9890615433323637,1.0,False
Acox57D-p,-0.013709752,-1.0981808,0.9890615433323637,1.0,False
CG33258,-0.013709752,-0.72994393,0.9890615433323637,1.0,False
asRNA:CR45944,-0.013709752,-0.4815274,0.9890615433323637,1.0,False
CG34342,-0.013713175,-0.7778334,0.9890588123033732,1.0,False
CG32191,-0.013713175,-1.0075295,0.9890588123033732,1.0,False
rib,-0.013713175,-2.2871919,0.9890588123033732,1.0,False
CG16756,-0.013713175,-0.68158257,0.9890588123033732,1.0,False
CG42830,-0.013713175,-0.22831437,0.9890588123033732,1.0,False
CG8478,-0.013713175,-0.7467036,0.9890588123033732,1.0,False
CG10252,-0.013713175,-0.97109413,0.9890588123033732,1.0,False
jtb,-0.013713175,-1.145616,0.9890588123033732,1.0,False
Vajk2,-0.013713175,-0.7205121,0.9890588123033732,1.0,False
ImpL1,-0.013713175,-0.60247135,0.9890588123033732,1.0,False
CG34301,-0.013716598,-1.2874238,0.9890560812745108,1.0,False
lncRNA:CR45821,-0.013716598,-0.5614438,0.9890560812745108,1.0,False
lncRNA:CR44620,-0.013716598,-0.9576764,0.9890560812745108,1.0,False
asRNA:CR43865,-0.013716598,-1.3356769,0.9890560812745108,1.0,False
Tep3,-0.01371831,-0.27710825,0.9890547157601277,1.0,False
CG15909,-0.013720022,-0.6319963,0.9890533502457767,1.0,False
CG42364,-0.013720022,-0.538974,0.9890533502457767,1.0,False
odd,-0.013723444,-0.24183977,0.9890506192171709,1.0,False
lncRNA:acal,-0.013723444,-0.8698464,0.9890506192171709,1.0,False
CG4757,-0.013726868,-1.6170803,0.9890478881886933,1.0,False
Cad99C,-0.013726868,-0.9781076,0.9890478881886933,1.0,False
CG12231,-0.013726868,-0.73643965,0.9890478881886933,1.0,False
CG9631,-0.01373029,-0.44141126,0.989045157160344,1.0,False
Hpd,-0.01373029,-0.5243432,0.989045157160344,1.0,False
st,-0.01373029,-0.43511748,0.989045157160344,1.0,False
snsl,-0.01373029,-0.56775284,0.989045157160344,1.0,False
Dlish,-0.01373029,-0.61820793,0.989045157160344,1.0,False
azot,-0.013733714,-0.8580106,0.9890424261321231,1.0,False
Rcd7,-0.013737137,-0.2629831,0.9890396951040307,1.0,False
lncRNA:CR45819,-0.013737137,-0.42778116,0.9890396951040307,1.0,False
lncRNA:CR43287,-0.01374056,-0.35820466,0.9890369640760666,1.0,False
inaF-B,-0.01374056,-0.31793565,0.9890369640760666,1.0,False
Duox,-0.01374056,-0.7004092,0.9890369640760666,1.0,False
grk,-0.01374056,-0.28016704,0.9890369640760666,1.0,False
gas,-0.013743984,-1.4267457,0.989034233048231,1.0,False
Shark,-0.013743984,-0.17686075,0.989034233048231,1.0,False
CG17036,-0.013747406,-0.11750771,0.9890315020205239,1.0,False
asRNA:CR46135,-0.01375083,-0.517425,0.9890287709929453,1.0,False
hog,-0.013764522,-0.23620756,0.9890178468839168,1.0,False
Arc2,-0.013769657,-0.040573914,0.9890137503435618,1.0,False
Jhbp13,-0.013774792,-0.37005126,0.9890096538034964,1.0,False
lncRNA:CR44619,-0.013778215,-0.26470214,0.9890069227769471,1.0,False
CG4950,-0.013781638,-0.49246454,0.9890041917505267,1.0,False
CG31371,-0.013785061,-0.41529673,0.989001460724235,1.0,False
Rsph1,-0.013798754,-0.24714567,0.9889905366203575,1.0,False
CG13135,-0.013802177,-0.21719928,0.9889878055947107,1.0,False
CG14153,-0.0138056,-0.6783226,0.9889850745691927,1.0,False
asRNA:CR44165,-0.0138056,-0.5035859,0.9889850745691927,1.0,False
CG11406,-0.013809023,-0.044216417,0.9889823435438039,1.0,False
Tre1,-0.013812447,-0.12430091,0.9889796125185442,1.0,False
lncRNA:CR43654,-0.01381587,-0.44989696,0.9889768814934135,1.0,False
yin,-0.013832985,-0.107391156,0.9889632263696985,1.0,False
Dhfr,-0.013836409,-0.2841524,0.9889604953453432,1.0,False
CG42331,-0.013839832,-0.5493914,0.9889577643211175,1.0,False
lz,-0.013853525,-0.59711665,0.9889468402255084,1.0,False
CG9928,-0.013853525,-0.70518434,0.9889468402255084,1.0,False
Ser7,-0.013863794,-0.7472106,0.9889386471551613,1.0,False
Hey,-0.013863794,-0.23977672,0.9889386471551613,1.0,False
B-H2,-0.013863794,-0.49403614,0.9889386471551613,1.0,False
CG42764,-0.013870641,-0.50836027,0.9889331851089113,1.0,False
CG6426,-0.013884333,-0.42376357,0.9889222610179674,1.0,False
CG44085,-0.013898025,-0.2948505,0.9889113369291005,1.0,False
Mcm6,-0.013901449,-0.3839054,0.9889086059072085,1.0,False
Ldsdh1,-0.013915141,-0.21018887,0.9888976818209404,1.0,False
CG32797,-0.013932257,-0.69381225,0.9888840267160326,1.0,False
Nepl3,-0.0140075665,-0.32247242,0.9888239442931759,1.0,False
BomBc3,-0.014195841,-0.5936914,0.9886737385140714,1.0,False
CG1971,-0.014219803,-0.61174214,0.9886546214436002,1.0,False
ao,-0.014284843,-0.4866504,0.9886027322851879,1.0,False
Cdk8,-0.014331055,-0.04260662,0.9885658637019153,1.0,False
CG1213,-0.0143738445,-0.34951666,0.9885317261465805,1.0,False
Cyp49a1,-0.01440123,-0.31411952,0.988509878122181,1.0,False
croc,-0.014538156,-0.2025716,0.9884006381297585,1.0,False
CG13295,-0.014618601,-0.07053965,0.9883364597354863,1.0,False
gbb,-0.014642563,-0.20366082,0.9883173427815498,1.0,False
kin17,-0.014671659,-0.0916415,0.9882941293465025,1.0,False
Nup107,-0.014695622,-0.050123997,0.988275012407433,1.0,False
CG5577,-0.014808586,-0.29974142,0.9881848897855333,1.0,False
CysRS,-0.014853087,-0.0991741,0.9881493869758115,1.0,False
lncRNA:CR44716,-0.014883895,-0.11770306,0.988124808121285,1.0,False
CG2129,-0.014895877,-0.18983947,0.9881152496809006,1.0,False
CG1602,-0.015037937,-0.07823851,0.9880019140181785,1.0,False
CG18273,-0.015782475,-0.21637289,0.9874079299188909,1.0,False
CG14102,-0.015799591,-0.10119568,0.9873942751928203,1.0,False
Cortactin,-0.015826976,-0.14030376,0.9873724276387895,1.0,False
lqfR,-0.016605744,-0.107319035,0.9867511418472555,1.0,False
lncRNA:CR44317,-0.016716996,-0.17527449,0.9866623873812658,1.0,False
CCHa1-R,-0.016929233,-0.13495901,0.9864930716279555,1.0,False
PIG-Q,-0.017346859,-0.22838657,0.9861599037033125,1.0,False
Uhg2,-0.017562518,-0.19361909,0.9859878589130686,1.0,False
IRSp53,-0.01808626,-0.25774854,0.9855700385797769,1.0,False
CCT8,-0.018817104,-0.17431666,0.9849870083494596,1.0,False
CG10194,-0.020294199,-0.11747449,0.9838086839971736,1.0,False
CG33228,-0.021072967,-0.11959095,0.9831874494099808,1.0,False
lili,-0.022728065,-0.11987208,0.981867189570322,1.0,False
CG3358,-0.023624932,-0.18700443,0.9811517848999439,1.0,False
CG6695,-0.023737896,-0.085106134,0.9810616777410747,1.0,False
Tdp1,-0.024858981,-0.024331383,0.9801674457354745,1.0,False
fipi,-0.025232105,-0.16411322,0.9798698289522123,1.0,False
Spn55B,-0.025829446,0.007355334,0.9793933749068232,1.0,False
CG14966,-0.026298419,-0.016131481,0.9790193158419952,1.0,False
smo,-0.026392557,-0.3189765,0.9789442315465345,1.0,False
stac,-0.02668866,0.2941788,0.978708058527415,1.0,False
Hip1,-0.026998455,-0.1721099,0.9784609662107833,1.0,False
CG44158,-0.027007014,0.13659707,0.9784541404854049,1.0,False
CG31627,-0.027090881,0.017869752,0.9783872484602605,1.0,False
lncRNA:CR44233,-0.027250057,-0.09094325,0.9782602905451744,1.0,False
lncRNA:CR44566,-0.027289424,0.023061736,0.9782288924359333,1.0,False
CG6660,-0.027294558,0.015023893,0.9782247970328658,1.0,False
lncRNA:CR43700,-0.027309963,0.11562405,0.9782125108271077,1.0,False
CG43750,-0.027332213,-0.0454973,0.9781947640945826,1.0,False
mth,-0.027335636,-0.0008418699,0.9781920338289981,1.0,False
Ttc26,-0.027349329,-0.115824886,0.9781811127692149,1.0,False
lncRNA:CR45810,-0.027357887,0.2002109,0.9781742871089271,1.0,False
CG9083,-0.027357887,-0.039895527,0.9781742871089271,1.0,False
Tmhs,-0.02736131,0.06111786,0.9781715568452594,1.0,False
Srr,-0.027364733,-0.19593295,0.9781688265818475,1.0,False
CG5050,-0.027366444,-0.15564944,0.9781674614502374,1.0,False
lncRNA:CR45602,-0.027369868,-0.20011455,0.978164731187209,1.0,False
CG4666,-0.027369868,-0.37470487,0.978164731187209,1.0,False
CG13947,-0.02737158,0.016739288,0.9781633660557908,1.0,False
Spn42De,-0.02737158,-0.079620376,0.9781633660557908,1.0,False
CG30427,-0.02737158,-0.061610762,0.9781633660557908,1.0,False
snRNA:U2:34ABa,-0.02737158,-0.10185934,0.9781633660557908,1.0,False
CG31952,-0.027373292,-6.8493384e-05,0.9781620009244365,1.0,False
CG44008,-0.027373292,-0.12055596,0.9781620009244365,1.0,False
CG14416,-0.027375003,-0.19911984,0.9781606357931462,1.0,False
lncRNA:CR46023,-0.027375003,-0.47591484,0.9781606357931462,1.0,False
CG32669,-0.027375003,-0.5424518,0.9781606357931462,1.0,False
CG14154,-0.027375003,-0.14865331,0.9781606357931462,1.0,False
asRNA:CR44205,-0.027375003,-0.23447043,0.9781606357931462,1.0,False
Orc2,-0.027375003,-0.49252003,0.9781606357931462,1.0,False
CG34316,-0.027375003,-0.50431204,0.9781606357931462,1.0,False
pre-rRNA:CR45856,-0.027376715,-0.08441389,0.9781592706619198,1.0,False
lncRNA:CR44776,-0.027376715,-0.37709227,0.9781592706619198,1.0,False
Pstk,-0.027376715,0.36005127,0.9781592706619198,1.0,False
lncRNA:CR46073,-0.027378425,-0.47651,0.9781579055307574,1.0,False
CG13501,-0.027378425,-0.56654865,0.9781579055307574,1.0,False
CG32459,-0.027378425,-0.3929299,0.9781579055307574,1.0,False
CG3640,-0.027378425,-0.29602578,0.9781579055307574,1.0,False
CG16978,-0.027378425,-0.504901,0.9781579055307574,1.0,False
lncRNA:CR45878,-0.027378425,-0.7701544,0.9781579055307574,1.0,False
CG2887,-0.027378425,-0.54151636,0.9781579055307574,1.0,False
Cad88C,-0.027378425,-0.5223993,0.9781579055307574,1.0,False
Lrt,-0.027380137,0.3389621,0.978156540399659,1.0,False
CG18636,-0.027380137,-0.47808832,0.978156540399659,1.0,False
CG15247,-0.027380137,-1.3542854,0.978156540399659,1.0,False
Jhbp15,-0.027380137,-0.651966,0.978156540399659,1.0,False
Acp53C14a,-0.027380137,-0.72825634,0.978156540399659,1.0,False
CG5267,-0.027380137,-0.31619328,0.978156540399659,1.0,False
yellow-g,-0.027380137,-1.0731498,0.978156540399659,1.0,False
lncRNA:CR46248,-0.027380137,-0.519808,0.978156540399659,1.0,False
CG43231,-0.027380137,-1.1498133,0.978156540399659,1.0,False
snoRNA:Psi18S-1397,-0.027380137,-0.3653679,0.978156540399659,1.0,False
CG4000,-0.027380137,-0.066518374,0.978156540399659,1.0,False
CG32719,-0.027380137,-0.94057894,0.978156540399659,1.0,False
lncRNA:CR45387,-0.027380137,-0.29827493,0.978156540399659,1.0,False
et,-0.027380137,-0.5510653,0.978156540399659,1.0,False
CG43968,-0.027380137,-0.8933805,0.978156540399659,1.0,False
CG34008,-0.027380137,-0.7095833,0.978156540399659,1.0,False
lncRNA:CR44904,-0.027380137,-0.31289425,0.978156540399659,1.0,False
CG6678,-0.027381849,-0.14104119,0.9781551752686245,1.0,False
CG12869,-0.027381849,-0.4408182,0.9781551752686245,1.0,False
Ude,-0.027381849,-0.31716415,0.9781551752686245,1.0,False
CG7362,-0.027381849,-0.93618286,0.9781551752686245,1.0,False
CG12853,-0.027381849,-0.71167415,0.9781551752686245,1.0,False
CG13332,-0.027381849,-0.90139586,0.9781551752686245,1.0,False
lncRNA:CR45542,-0.027381849,-1.0463151,0.9781551752686245,1.0,False
CG5280,-0.027381849,-0.5064138,0.9781551752686245,1.0,False
Dhc1,-0.027381849,-0.8786719,0.9781551752686245,1.0,False
Osi19,-0.02738356,-0.6922005,0.9781538101376541,1.0,False
CG12693,-0.02738356,-1.7746507,0.9781538101376541,1.0,False
asRNA:CR43454,-0.02738356,-1.3231713,0.9781538101376541,1.0,False
snoRNA:Psi18S-1086,-0.02738356,-1.1021467,0.9781538101376541,1.0,False
CG13313,-0.02738356,-1.3206933,0.9781538101376541,1.0,False
lncRNA:CR43940,-0.02738356,-1.646011,0.9781538101376541,1.0,False
asRNA:CR43476,-0.02738356,-1.5564178,0.9781538101376541,1.0,False
lncRNA:CR44363,-0.02738356,-1.3078171,0.9781538101376541,1.0,False
DptA,-0.02738356,-1.7534306,0.9781538101376541,1.0,False
psh,-0.02738356,-1.3020028,0.9781538101376541,1.0,False
lncRNA:CR44830,-0.02738356,-0.7533303,0.9781538101376541,1.0,False
lncRNA:CR45628,-0.02738356,-1.5913398,0.9781538101376541,1.0,False
Cyp4g1,-0.02738356,-1.4184902,0.9781538101376541,1.0,False
CG13562,-0.02738356,-1.3688354,0.9781538101376541,1.0,False
CG14356,-0.02738356,-1.266773,0.9781538101376541,1.0,False
CG30355,-0.02738356,-1.2270582,0.9781538101376541,1.0,False
Sans,-0.02738356,-1.5459208,0.9781538101376541,1.0,False
CG7778,-0.02738356,-0.52823454,0.9781538101376541,1.0,False
CG30046,-0.02738356,-1.0347958,0.9781538101376541,1.0,False
CG8958,-0.02738356,-1.504229,0.9781538101376541,1.0,False
asRNA:CR45682,-0.02738356,-1.8938416,0.9781538101376541,1.0,False
CG9826,-0.027385272,-19.058428,0.9781524450067476,1.0,False
snoRNA:CD56a,-0.027385272,-18.176874,0.9781524450067476,1.0,False
PPO3,-0.027385272,-19.111486,0.9781524450067476,1.0,False
wg,-0.027385272,-18.447197,0.9781524450067476,1.0,False
CG43799,-0.027385272,-17.896574,0.9781524450067476,1.0,False
CG1724,-0.027385272,-18.820637,0.9781524450067476,1.0,False
lncRNA:CR9284,-0.027385272,-18.870584,0.9781524450067476,1.0,False
mir-4975,-0.027385272,-18.3764,0.9781524450067476,1.0,False
lncRNA:CR44164,-0.027385272,-18.470707,0.9781524450067476,1.0,False
mt:tRNA:Ile-GAT,-0.027385272,-18.345715,0.9781524450067476,1.0,False
gudu,-0.027385272,-17.9999,0.9781524450067476,1.0,False
CG13049,-0.027385272,-18.871674,0.9781524450067476,1.0,False
CG1835,-0.027385272,-18.539291,0.9781524450067476,1.0,False
lncRNA:CR45013,-0.027385272,-1.1468883,0.9781524450067476,1.0,False
snoRNA:Psi18S-640g,-0.027385272,-17.638178,0.9781524450067476,1.0,False
lncRNA:CR44826,-0.027385272,-18.224073,0.9781524450067476,1.0,False
gdrd,-0.027385272,-16.772131,0.9781524450067476,1.0,False
Mgat4b,-0.027385272,-17.877817,0.9781524450067476,1.0,False
CG17658,-0.027385272,-18.970325,0.9781524450067476,1.0,False
CG9095,-0.027385272,-19.112104,0.9781524450067476,1.0,False
gsb,-0.027385272,-19.02693,0.9781524450067476,1.0,False
Mia40,-0.027385272,-18.727903,0.9781524450067476,1.0,False
Prtl99C,-0.027385272,-19.2144,0.9781524450067476,1.0,False
Hsp70Bbb,-0.027385272,-18.715693,0.9781524450067476,1.0,False
lncRNA:CR45183,-0.027385272,-17.407051,0.9781524450067476,1.0,False
CG11251,-0.027385272,-18.806934,0.9781524450067476,1.0,False
shu,-0.027385272,-17.901794,0.9781524450067476,1.0,False
CG12783,-0.027385272,-18.426672,0.9781524450067476,1.0,False
Tsp42Ei,-0.027385272,-18.807716,0.9781524450067476,1.0,False
lncRNA:CR44895,-0.027385272,-17.533615,0.9781524450067476,1.0,False
Scsalpha2,-0.027385272,-18.4873,0.9781524450067476,1.0,False
CG8851,-0.027385272,-18.67166,0.9781524450067476,1.0,False
lncRNA:CR44478,-0.027385272,-17.230452,0.9781524450067476,1.0,False
seq,-0.027385272,-18.046293,0.9781524450067476,1.0,False
CG31327,-0.027385272,-18.979631,0.9781524450067476,1.0,False
mir-998,-0.027385272,-17.898981,0.9781524450067476,1.0,False
pre-mod(mdg4)-E,-0.027385272,-17.904076,0.9781524450067476,1.0,False
CG9920,-0.027385272,-18.83613,0.9781524450067476,1.0,False
lncRNA:CR43278,-0.027385272,-19.036154,0.9781524450067476,1.0,False
CG14302,-0.027385272,-18.289757,0.9781524450067476,1.0,False
IFT20,-0.027385272,-18.699085,0.9781524450067476,1.0,False
CG14304,-0.027385272,-18.87261,0.9781524450067476,1.0,False
fig,-0.027385272,-18.53718,0.9781524450067476,1.0,False
Lip2,-0.027385272,-18.987755,0.9781524450067476,1.0,False
ATPsynbetaL,-0.027385272,-17.184517,0.9781524450067476,1.0,False
CG13566,-0.027385272,-19.199125,0.9781524450067476,1.0,False
CG15025,-0.027385272,-17.638067,0.9781524450067476,1.0,False
Crys,-0.027385272,-0.74984497,0.9781524450067476,1.0,False
Alp5,-0.027385272,-18.539507,0.9781524450067476,1.0,False
clumsy,-0.027385272,-17.528868,0.9781524450067476,1.0,False
APC7,-0.027385272,-17.672163,0.9781524450067476,1.0,False
snRNA:U4:39B,-0.027385272,-0.4230123,0.9781524450067476,1.0,False
CG3513,-0.027385272,-18.928165,0.9781524450067476,1.0,False
lncRNA:CR45123,-0.027385272,-18.15697,0.9781524450067476,1.0,False
CG34456,-0.027385272,-18.776527,0.9781524450067476,1.0,False
Toll-4,-0.027385272,-17.492895,0.9781524450067476,1.0,False
CG18662,-0.027385272,-19.05921,0.9781524450067476,1.0,False
CG12020,-0.027385272,-17.795673,0.9781524450067476,1.0,False
CG6696,-0.027385272,-18.316786,0.9781524450067476,1.0,False
robl22E,-0.027385272,-18.907898,0.9781524450067476,1.0,False
CG5614,-0.027385272,-19.109999,0.9781524450067476,1.0,False
MtnD,-0.027385272,-19.00333,0.9781524450067476,1.0,False
CG33003,-0.027385272,-18.239378,0.9781524450067476,1.0,False
CG14720,-0.027385272,-17.768333,0.9781524450067476,1.0,False
CG14000,-0.027385272,-18.853504,0.9781524450067476,1.0,False
lncRNA:CR44301,-0.027385272,-18.62301,0.9781524450067476,1.0,False
CG1632,-0.027385272,-18.800802,0.9781524450067476,1.0,False
lncRNA:CR44039,-0.027385272,-19.107037,0.9781524450067476,1.0,False
CG33640,-0.027385272,-17.966,0.9781524450067476,1.0,False
fan,-0.027385272,-18.1182,0.9781524450067476,1.0,False
CG13674,-0.027385272,-18.26703,0.9781524450067476,1.0,False
CG34461,-0.027385272,-17.916706,0.9781524450067476,1.0,False
CG43163,-0.027385272,-18.897839,0.9781524450067476,1.0,False
lncRNA:CR43686,-0.027385272,-18.895004,0.9781524450067476,1.0,False
Jhbp11,-0.027385272,-17.776794,0.9781524450067476,1.0,False
atk,-0.027385272,-18.08321,0.9781524450067476,1.0,False
CG2750,-0.027385272,-18.887358,0.9781524450067476,1.0,False
asRNA:CR45801,-0.027385272,-18.175913,0.9781524450067476,1.0,False
lncRNA:CR42765,-0.027385272,-0.7563935,0.9781524450067476,1.0,False
asRNA:CR45885,-0.027385272,-19.21551,0.9781524450067476,1.0,False
lncRNA:CR45119,-0.027385272,-18.843952,0.9781524450067476,1.0,False
CG11382,-0.027385272,-18.31862,0.9781524450067476,1.0,False
Fum3,-0.027385272,-19.396887,0.9781524450067476,1.0,False
CG2150,-0.027385272,-18.127747,0.9781524450067476,1.0,False
snoRNA:Psi28S-2622,-0.027385272,-18.324898,0.9781524450067476,1.0,False
Inx5,-0.027385272,-18.425627,0.9781524450067476,1.0,False
CG33939,-0.027385272,-19.260702,0.9781524450067476,1.0,False
CG15646,-0.027385272,-19.26191,0.9781524450067476,1.0,False
lncRNA:CR45687,-0.027385272,-17.84707,0.9781524450067476,1.0,False
CG10730,-0.027385272,-18.129742,0.9781524450067476,1.0,False
asRNA:CR42871,-0.027385272,-1.2449558,0.9781524450067476,1.0,False
Mlc1,-0.027385272,-19.056934,0.9781524450067476,1.0,False
Obp56g,-0.027385272,-18.314505,0.9781524450067476,1.0,False
snoRNA:Psi28S-2566,-0.027385272,-18.51606,0.9781524450067476,1.0,False
CG7330,-0.027385272,-17.727732,0.9781524450067476,1.0,False
CG15452,-0.027385272,-17.663742,0.9781524450067476,1.0,False
asRNA:CR45133,-0.027385272,-17.810406,0.9781524450067476,1.0,False
snoRNA:Psi18S-525h,-0.027385272,-17.830133,0.9781524450067476,1.0,False
Qsox3,-0.027385272,-17.53689,0.9781524450067476,1.0,False
lncRNA:CR44763,-0.027385272,-18.81316,0.9781524450067476,1.0,False
CG5883,-0.027385272,-19.331259,0.9781524450067476,1.0,False
CG43064,-0.027385272,-17.825535,0.9781524450067476,1.0,False
snoRNA:CG32479-b,-0.027385272,-18.813223,0.9781524450067476,1.0,False
CG14423,-0.027385272,-18.727333,0.9781524450067476,1.0,False
CG31089,-0.027385272,-18.128628,0.9781524450067476,1.0,False
CG6262,-0.027385272,-19.078941,0.9781524450067476,1.0,False
lncRNA:CR45188,-0.027385272,-18.280407,0.9781524450067476,1.0,False
CG43312,-0.027385272,-17.818098,0.9781524450067476,1.0,False
Est-P,-0.027385272,-18.27604,0.9781524450067476,1.0,False
CG13239,-0.027385272,-18.753887,0.9781524450067476,1.0,False
rhi,-0.027385272,-18.177591,0.9781524450067476,1.0,False
sens,-0.027385272,-17.956156,0.9781524450067476,1.0,False
lncRNA:CR45823,-0.027385272,-18.993933,0.9781524450067476,1.0,False
CG5327,-0.027385272,-18.246586,0.9781524450067476,1.0,False
CG44303,-0.027385272,-18.885592,0.9781524450067476,1.0,False
NimC3,-0.027385272,-17.694296,0.9781524450067476,1.0,False
CG4218,-0.027385272,-18.327831,0.9781524450067476,1.0,False
CG4650,-0.027385272,-18.94,0.9781524450067476,1.0,False
lncRNA:CR46100,-0.027385272,-17.667517,0.9781524450067476,1.0,False
lncRNA:CR46235,-0.027385272,-18.327581,0.9781524450067476,1.0,False
CG18539,-0.027385272,-18.614052,0.9781524450067476,1.0,False
inaF-A,-0.027385272,-19.222843,0.9781524450067476,1.0,False
CG18537,-0.027385272,-17.450165,0.9781524450067476,1.0,False
mir-4964,-0.027385272,-17.841265,0.9781524450067476,1.0,False
Gr47b,-0.027385272,-17.8757,0.9781524450067476,1.0,False
CG31380,-0.027385272,-18.586302,0.9781524450067476,1.0,False
CG5024,-0.027385272,-16.934698,0.9781524450067476,1.0,False
lncRNA:CR45793,-0.027385272,-18.749016,0.9781524450067476,1.0,False
snoRNA:Psi28S-3091b,-0.027385272,-18.822575,0.9781524450067476,1.0,False
CG34188,-0.027385272,-18.292414,0.9781524450067476,1.0,False
CG33460,-0.027385272,-18.275537,0.9781524450067476,1.0,False
asRNA:CR46145,-0.027385272,-17.652332,0.9781524450067476,1.0,False
CG6738,-0.027385272,-18.379894,0.9781524450067476,1.0,False
CG13177,-0.027385272,-19.015226,0.9781524450067476,1.0,False
CG32939,-0.027385272,-1.1244167,0.9781524450067476,1.0,False
CG31948,-0.027385272,-19.12234,0.9781524450067476,1.0,False
cd,-0.027385272,-17.36404,0.9781524450067476,1.0,False
CG42688,-0.027385272,-18.796373,0.9781524450067476,1.0,False
CCAP,-0.027385272,-18.856682,0.9781524450067476,1.0,False
Skp2,-0.027385272,-1.3424428,0.9781524450067476,1.0,False
CG11106,-0.027385272,-19.005993,0.9781524450067476,1.0,False
lncRNA:CR46122,-0.027385272,-18.429327,0.9781524450067476,1.0,False
CG18641,-0.027385272,-18.861374,0.9781524450067476,1.0,False
CG13131,-0.027385272,-18.749292,0.9781524450067476,1.0,False
CG9747,-0.027385272,-17.444622,0.9781524450067476,1.0,False
CG30110,-0.027385272,-1.0074428,0.9781524450067476,1.0,False
CecA1,-0.027385272,-18.905025,0.9781524450067476,1.0,False
Cyp6a21,-0.027385272,-19.243929,0.9781524450067476,1.0,False
CG31128,-0.027385272,-17.844307,0.9781524450067476,1.0,False
CG7016,-0.027385272,-17.897444,0.9781524450067476,1.0,False
CG11069,-0.027385272,-18.782711,0.9781524450067476,1.0,False
Gem4b,-0.027385272,-17.429167,0.9781524450067476,1.0,False
CG13643,-0.027385272,-17.588177,0.9781524450067476,1.0,False
lncRNA:TS20,-0.027385272,-18.350624,0.9781524450067476,1.0,False
Gasp,-0.027385272,-0.58770144,0.9781524450067476,1.0,False
Obp83g,-0.027385272,-18.468458,0.9781524450067476,1.0,False
alphaKap4,-0.027385272,-17.955137,0.9781524450067476,1.0,False
asRNA:Eig63F-2,-0.027385272,-17.708193,0.9781524450067476,1.0,False
CG17744,-0.027385272,-18.598866,0.9781524450067476,1.0,False
lncRNA:CR44447,-0.027385272,-18.570715,0.9781524450067476,1.0,False
moat,-0.027385272,-19.14405,0.9781524450067476,1.0,False
CG14763,-0.027385272,-18.803316,0.9781524450067476,1.0,False
Amt,-0.027385272,-18.663006,0.9781524450067476,1.0,False
CG31468,-0.027385272,-19.247786,0.9781524450067476,1.0,False
Mdr50,-0.027385272,-19.01602,0.9781524450067476,1.0,False
CG31741,-0.027385272,-17.130726,0.9781524450067476,1.0,False
Grl36b,-0.027385272,-18.786028,0.9781524450067476,1.0,False
lncRNA:CR44260,-0.027385272,-18.421436,0.9781524450067476,1.0,False
asRNA:CR46128,-0.027385272,-1.1046,0.9781524450067476,1.0,False
Sox100B,-0.027385272,-18.013836,0.9781524450067476,1.0,False
CG31454,-0.027385272,-18.828777,0.9781524450067476,1.0,False
Nazo,-0.027385272,-1.1188846,0.9781524450067476,1.0,False
CG14756,-0.027385272,-18.725386,0.9781524450067476,1.0,False
CG14205,-0.027385272,-18.366152,0.9781524450067476,1.0,False
lncRNA:CR45681,-0.027385272,-17.823063,0.9781524450067476,1.0,False
salto,-0.027385272,-18.548393,0.9781524450067476,1.0,False
CG13996,-0.027385272,-18.02209,0.9781524450067476,1.0,False
CG6280,-0.027385272,-18.116648,0.9781524450067476,1.0,False
lncRNA:CR45551,-0.027385272,-18.110474,0.9781524450067476,1.0,False
CG32483,-0.027385272,-18.995882,0.9781524450067476,1.0,False
lncRNA:CR43406,-0.027385272,-19.139158,0.9781524450067476,1.0,False
Or49b,-0.027385272,-18.688747,0.9781524450067476,1.0,False
scaRNA:PsiU2-38.40.42,-0.027385272,-18.427193,0.9781524450067476,1.0,False
lncRNA:CR43452,-0.027385272,-19.032164,0.9781524450067476,1.0,False
eIF3g2,-0.027385272,-18.322723,0.9781524450067476,1.0,False
CG31740,-0.027385272,-18.351007,0.9781524450067476,1.0,False
CG44094,-0.027385272,-18.540874,0.9781524450067476,1.0,False
lncRNA:CR45335,-0.027385272,-17.508093,0.9781524450067476,1.0,False
Su(Ste):CR42439,-0.027385272,-16.745794,0.9781524450067476,1.0,False
CG9289,-0.027385272,-17.947945,0.9781524450067476,1.0,False
CheA29a,-0.027385272,-18.669323,0.9781524450067476,1.0,False
Mp20,-0.027386984,-1.9217882,0.9781510798759051,1.0,False
CG43703,-0.027386984,-1.6981214,0.9781510798759051,1.0,False
CG42537,-0.027386984,-1.898036,0.9781510798759051,1.0,False
Sox15,-0.027386984,-2.443247,0.9781510798759051,1.0,False
Fam161,-0.027386984,-2.290456,0.9781510798759051,1.0,False
Cpr65Ec,-0.027386984,-1.6298795,0.9781510798759051,1.0,False
Cpr49Ac,-0.027386984,-1.2932951,0.9781510798759051,1.0,False
CG11841,-0.027386984,-1.544179,0.9781510798759051,1.0,False
Spc25,-0.027386984,-1.574248,0.9781510798759051,1.0,False
mir-4955,-0.027386984,-1.9067054,0.9781510798759051,1.0,False
CG33643,-0.027386984,-1.7517798,0.9781510798759051,1.0,False
GC2,-0.027386984,-1.8257722,0.9781510798759051,1.0,False
w-cup,-0.027386984,-2.8832288,0.9781510798759051,1.0,False
CG31287,-0.027386984,-2.0479257,0.9781510798759051,1.0,False
lncRNA:CR43912,-0.027386984,-1.8012204,0.9781510798759051,1.0,False
asRNA:CR46020,-0.027386984,-1.599334,0.9781510798759051,1.0,False
lncRNA:CR44279,-0.027386984,-2.3195581,0.9781510798759051,1.0,False
CG15695,-0.027386984,-1.6382474,0.9781510798759051,1.0,False
CG32259,-0.027386984,-0.70336807,0.9781510798759051,1.0,False
snoRNA:Psi18S-1854a,-0.027386984,-1.6370052,0.9781510798759051,1.0,False
lncRNA:CR44632,-0.027386984,-0.8219573,0.9781510798759051,1.0,False
fw,-0.027386984,-1.7471776,0.9781510798759051,1.0,False
CG6865,-0.027386984,-1.7176104,0.9781510798759051,1.0,False
Mink,-0.027388696,-0.5017211,0.9781497147451266,1.0,False
ftz,-0.027388696,-1.2811966,0.9781497147451266,1.0,False
lncRNA:CR46131,-0.027388696,-0.77853847,0.9781497147451266,1.0,False
CG11475,-0.027388696,-1.0192785,0.9781497147451266,1.0,False
CG11041,-0.027388696,-1.5296301,0.9781497147451266,1.0,False
Cad86C,-0.027388696,-1.2516586,0.9781497147451266,1.0,False
CG44836,-0.027388696,-1.2492229,0.9781497147451266,1.0,False
Gagr,-0.027388696,-0.51818055,0.9781497147451266,1.0,False
BomS1,-0.027388696,-0.35313326,0.9781497147451266,1.0,False
CG17707,-0.027388696,-0.65083194,0.9781497147451266,1.0,False
betaTub60D,-0.027388696,-0.3269535,0.9781497147451266,1.0,False
asRNA:CR46067,-0.027388696,-0.6412537,0.9781497147451266,1.0,False
lncRNA:CR33987,-0.027390407,-2.1881354,0.9781483496144121,1.0,False
CG2816,-0.027390407,-2.2335546,0.9781483496144121,1.0,False
CG30284,-0.027390407,-2.393641,0.9781483496144121,1.0,False
Cluap1,-0.027390407,-2.3989437,0.9781483496144121,1.0,False
alpha-Est1,-0.027390407,-4.2635565,0.9781483496144121,1.0,False
ProtA,-0.027390407,-2.385251,0.9781483496144121,1.0,False
CG12860,-0.027390407,-2.033442,0.9781483496144121,1.0,False
CG9497,-0.027390407,-2.4566774,0.9781483496144121,1.0,False
lncRNA:CR44913,-0.027390407,-2.5681877,0.9781483496144121,1.0,False
CG32726,-0.027390407,-3.1068342,0.9781483496144121,1.0,False
CG1791,-0.027390407,-1.8082684,0.9781483496144121,1.0,False
CG30384,-0.027390407,-3.0892417,0.9781483496144121,1.0,False
CG30280,-0.027390407,-1.9222566,0.9781483496144121,1.0,False
CG33281,-0.027390407,-2.2323008,0.9781483496144121,1.0,False
CG34043,-0.027390407,-3.3444371,0.9781483496144121,1.0,False
Lip3,-0.027390407,-2.1125689,0.9781483496144121,1.0,False
Nepl20,-0.027390407,-3.1674998,0.9781483496144121,1.0,False
CG42733,-0.027390407,-0.41916376,0.9781483496144121,1.0,False
lncRNA:CR43495,-0.027390407,-2.7884297,0.9781483496144121,1.0,False
Ance-3,-0.027390407,-2.539217,0.9781483496144121,1.0,False
CG12911,-0.027390407,-2.3680274,0.9781483496144121,1.0,False
CG12699,-0.027390407,-5.043315,0.9781483496144121,1.0,False
Xkr,-0.02739212,-1.3435665,0.9781469844837616,1.0,False
lncRNA:CR44331,-0.02739212,-0.39650863,0.9781469844837616,1.0,False
CG34215,-0.02739212,-1.5248332,0.9781469844837616,1.0,False
pre-mod(mdg4)-L,-0.02739212,-1.9628655,0.9781469844837616,1.0,False
Cpr66D,-0.02739212,-1.8755285,0.9781469844837616,1.0,False
lncRNA:CR43821,-0.02739212,-1.0661085,0.9781469844837616,1.0,False
CG32817,-0.02739212,-0.22696842,0.9781469844837616,1.0,False
asRNA:CR42860,-0.02739212,-0.6405779,0.9781469844837616,1.0,False
CG32074,-0.02739212,-1.5171244,0.9781469844837616,1.0,False
CG5493,-0.02739212,-1.4253408,0.9781469844837616,1.0,False
CG16704,-0.02739383,-0.98717725,0.978145619353175,1.0,False
melt,-0.02739383,-1.085846,0.978145619353175,1.0,False
Fam92,-0.02739383,-0.26565325,0.978145619353175,1.0,False
lncRNA:CR43624,-0.02739554,-1.7312117,0.9781442542226525,1.0,False
asRNA:CR43786,-0.02739554,-0.59082025,0.9781442542226525,1.0,False
CG14692,-0.02739554,-1.9671236,0.9781442542226525,1.0,False
lncRNA:CR44133,-0.02739554,-1.7120378,0.9781442542226525,1.0,False
asRNA:CR44381,-0.02739554,-0.57543063,0.9781442542226525,1.0,False
Dmel_CG12688,-0.02739554,-1.8031796,0.9781442542226525,1.0,False
CG13473,-0.027397253,-1.3931819,0.978142889092194,1.0,False
lncRNA:CR43650,-0.027397253,-0.32559,0.978142889092194,1.0,False
amd,-0.027397253,-0.16137859,0.978142889092194,1.0,False
qsm,-0.027397253,-1.0255607,0.978142889092194,1.0,False
AttC,-0.027397253,-0.7981413,0.978142889092194,1.0,False
CG14445,-0.027398964,-0.34184802,0.9781415239617995,1.0,False
CG3505,-0.027398964,-0.8951702,0.9781415239617995,1.0,False
CG43445,-0.027398964,-2.0650787,0.9781415239617995,1.0,False
AkhR,-0.027398964,-2.1306398,0.9781415239617995,1.0,False
lncRNA:CR44299,-0.027398964,-1.5400885,0.9781415239617995,1.0,False
CG10165,-0.027398964,-0.301323,0.9781415239617995,1.0,False
Sgsh,-0.027398964,-0.9283367,0.9781415239617995,1.0,False
lncRNA:CR45262,-0.027398964,-2.5571535,0.9781415239617995,1.0,False
asRNA:CR44351,-0.027398964,-2.4530954,0.9781415239617995,1.0,False
lncRNA:CR45457,-0.027398964,-0.9151654,0.9781415239617995,1.0,False
TbCMF46,-0.027398964,-2.3783214,0.9781415239617995,1.0,False
CG11760,-0.027400676,-1.2471938,0.9781401588314691,1.0,False
lncRNA:CR44272,-0.027400676,-0.61745787,0.9781401588314691,1.0,False
CG10035,-0.027400676,-1.3270302,0.9781401588314691,1.0,False
CG6409,-0.027400676,-0.6189883,0.9781401588314691,1.0,False
Cyp9b2,-0.027402388,-0.6033236,0.9781387937012026,1.0,False
FucTC,-0.027402388,-1.261335,0.9781387937012026,1.0,False
asRNA:CR45873,-0.027402388,-0.76636314,0.9781387937012026,1.0,False
CG10359,-0.027402388,-0.2835681,0.9781387937012026,1.0,False
CG13833,-0.0274041,-1.5715172,0.9781374285710002,1.0,False
CG12075,-0.0274041,-0.42269716,0.9781374285710002,1.0,False
mwh,-0.0274041,-1.2109398,0.9781374285710002,1.0,False
up,-0.0274041,-1.295212,0.9781374285710002,1.0,False
CG4793,-0.0274041,-1.5859916,0.9781374285710002,1.0,False
asRNA:CR45928,-0.0274041,-0.6429153,0.9781374285710002,1.0,False
CG15143,-0.0274041,-0.97506243,0.9781374285710002,1.0,False
CG2157,-0.027405811,-0.7527231,0.9781360634408618,1.0,False
LManI,-0.027407523,-0.8073558,0.9781346983107875,1.0,False
CG12880,-0.027407523,-0.37301457,0.9781346983107875,1.0,False
hlk,-0.027409235,-1.535334,0.9781333331807771,1.0,False
snoRNA:CD67,-0.027409235,-0.49522474,0.9781333331807771,1.0,False
ind,-0.027410945,-1.1213769,0.9781319680508309,1.0,False
lncRNA:CR45897,-0.027410945,-1.9429076,0.9781319680508309,1.0,False
CG2652,-0.027410945,-1.9971353,0.9781319680508309,1.0,False
CG13373,-0.027410945,-0.9989284,0.9781319680508309,1.0,False
CG6435,-0.027410945,-0.9215975,0.9781319680508309,1.0,False
snoRNA:2R:9445410,-0.027410945,-1.0465106,0.9781319680508309,1.0,False
CG1314,-0.027412657,-0.16448714,0.9781306029209487,1.0,False
CG13116,-0.027414368,-0.7814315,0.9781292377911305,1.0,False
Mos,-0.027414368,-0.7648974,0.9781292377911305,1.0,False
Mkp,-0.02741608,-0.98304534,0.9781278726613764,1.0,False
CG43843,-0.027419504,-0.18866332,0.9781251424020603,1.0,False
Glug,-0.027419504,-0.36546406,0.9781251424020603,1.0,False
asRNA:CR44054,-0.027421216,-0.6729572,0.9781237772724983,1.0,False
Jhbp14,-0.027421216,-0.73216516,0.9781237772724983,1.0,False
Cpr73D,-0.027422927,-0.9153729,0.9781224121430004,1.0,False
Oseg2,-0.02742464,-0.43347332,0.9781210470135667,1.0,False
asRNA:CR45214,-0.02742635,-0.4119191,0.978119681884197,1.0,False
serp,-0.02742635,-1.7298923,0.978119681884197,1.0,False
CG14636,-0.027441755,-0.8670935,0.9781073957227537,1.0,False
CG12470,-0.027443467,-0.2578497,0.9781060305940251,1.0,False
asRNA:CR46137,-0.027443467,-0.50158584,0.9781060305940251,1.0,False
CG14237,-0.027445177,-1.3633254,0.9781046654653605,1.0,False
lncRNA:CR44360,-0.027446888,-0.5706536,0.9781033003367601,1.0,False
SCCRO3,-0.0274486,-0.1234713,0.9781019352082237,1.0,False
PPO1,-0.027464004,-0.2772102,0.9780896490542833,1.0,False
asRNA:CR44046,-0.027465716,-0.80055267,0.9780882839263885,1.0,False
CG31415,-0.027467428,-0.62976784,0.9780869187985578,1.0,False
l(2)dtl,-0.02746914,-0.065537915,0.9780855536707914,1.0,False
PGRP-SA,-0.027479408,-0.9993509,0.9780773629055407,1.0,False
BubR1,-0.02749139,-0.23965327,0.9780678070156695,1.0,False
CG30001,-0.027494812,-0.4648464,0.9780650767619987,1.0,False
Ote,-0.027496524,-0.23919429,0.9780637116352597,1.0,False
betaTub85D,-0.02750166,-0.24347012,0.978059616255428,1.0,False
CG17169,-0.027506795,-1.1072017,0.9780555208761746,1.0,False
Gr77a,-0.027510218,-0.36083284,0.9780527906236605,1.0,False
CG14050,-0.027518775,-1.046651,0.9780459649934998,1.0,False
shtd,-0.02753418,-0.10497111,0.9780336788632619,1.0,False
dnd,-0.027547872,-0.091891006,0.9780227578629805,1.0,False
rols,-0.027549583,-0.1600511,0.978021392738235,1.0,False
betaTub65B,-0.027549583,-0.2490794,0.978021392738235,1.0,False
HLH4C,-0.02755643,-0.16676918,0.9780159322398965,1.0,False
CG18213,-0.02755643,-0.41984707,0.9780159322398965,1.0,False
tx,-0.027570123,-0.6031331,0.9780050112463102,1.0,False
CG31898,-0.027571835,-0.13165583,0.9780036461224018,1.0,False
ncd,-0.027580392,-0.103168115,0.977996820503826,1.0,False
CG15096,-0.027582103,-0.674877,0.9779954553803042,1.0,False
Ar2,-0.027590662,-0.110558875,0.9779886297636617,1.0,False
Tep4,-0.0276112,-0.39542827,0.9779722482902963,1.0,False
tos,-0.027638586,-0.29215243,0.9779504063402614,1.0,False
CG9541,-0.027695067,-0.19629692,0.977905357370544,1.0,False
alpha-Est7,-0.027705338,-0.4763922,0.9778971666563441,1.0,False
pug,-0.027710471,-0.32077414,0.9778930713001179,1.0,False
Pld,-0.02771903,-0.2767997,0.9778862457077027,1.0,False
Jheh3,-0.027741281,-0.34829688,0.9778684991750018,1.0,False
betaGlu,-0.027792629,-0.15640773,0.9778275456798221,1.0,False
nerfin-2,-0.027840553,-0.30556974,0.9777893224703814,1.0,False
IntS9,-0.027857669,-0.21348713,0.9777756713365074,1.0,False
CG6225,-0.028004864,-0.42995915,0.9776582718542983,1.0,False
CG4942,-0.028025404,-0.06738376,0.977641890569616,1.0,False
Adat1,-0.028121252,-0.054080155,0.9775654446992197,1.0,False
CG4332,-0.02813152,-0.09757848,0.9775572540824574,1.0,False
Nkap,-0.028223947,-0.15292095,0.9774835386381806,1.0,False
BomT3,-0.029216662,-0.36398602,0.9766917924159935,1.0,False
l(3)76BDm,-0.029298818,-0.08610675,0.9766262696088757,1.0,False
Dnaaf5,-0.029338185,-0.1501317,0.9765948733196637,1.0,False
Taf8,-0.029606903,-0.09902373,0.9763805604904641,1.0,False
CG6583,-0.02962744,-0.15459001,0.9763641799619995,1.0,False
CG40045,-0.029754099,-0.0816318,0.9762631669236589,1.0,False
asRNA:CR44987,-0.03013578,-0.18806346,0.9759587650762278,1.0,False
Sgf11,-0.030447287,-0.13515502,0.9757103320806007,1.0,False
MCU,-0.03051404,-0.1487852,0.9756570967444149,1.0,False
CG4661,-0.030592771,-0.40624255,0.9755943064872792,1.0,False
CG9948,-0.030729698,-0.06959341,0.9754851064005454,1.0,False
CG7728,-0.030827258,-0.13050428,0.9754073016189472,1.0,False
Oli,-0.03111138,-0.099156275,0.9751807135907288,1.0,False
fd59A,-0.031238038,-0.16710632,0.9750797051140685,1.0,False
morgue,-0.031537563,-0.15060736,0.9748408353095511,1.0,False
CG10257,-0.031671066,-0.21000224,0.9747343683509727,1.0,False
CG14591,-0.032165714,-0.11345547,0.9743398985585843,1.0,False
CG16753,-0.032187965,-0.05623387,0.9743221543894528,1.0,False
wfs1,-0.032543972,-0.18616974,0.9740382494176539,1.0,False
Uxs,-0.032977004,-0.22875063,0.973692927134342,1.0,False
betaggt-I,-0.033035196,-0.06473736,0.973646520561627,1.0,False
Cwc25,-0.03347507,-0.16092253,0.9732957443647983,1.0,False
CG17361,-0.033726674,-0.1396929,0.9730951081575163,1.0,False
mRpL9,-0.03501207,-0.121793665,0.9720701160049771,1.0,False
CycJ,-0.035676163,-0.085874096,0.9715405774388751,1.0,False
CG9890,-0.035898667,-0.2263913,0.9713631575178107,1.0,False
ninaB,-0.03663636,-0.3786918,0.9707749524272633,1.0,False
Saysd1,-0.036828056,0.057691757,0.9706221035777238,1.0,False
CG1951,-0.03761367,-0.16013496,0.9699957075724444,1.0,False
CG13623,-0.03842667,-0.09997822,0.969347495905732,1.0,False
pigeon,-0.038745027,-0.08482436,0.9690936753573218,1.0,False
Vps35,-0.0390223,-0.14116523,0.9688726083973868,1.0,False
gfzf,-0.03984728,-0.34214264,0.9682148801726488,1.0,False
brwl,-0.04014852,-0.18413353,0.9679747192152073,1.0,False
l(3)07882,-0.040206715,-0.20966062,0.9679283248188691,1.0,False
Prp39,-0.04022383,-0.12415495,0.9679146794288331,1.0,False
Ku80,-0.040477145,0.006571784,0.9677127287568338,1.0,False
Orc4,-0.040732168,-0.04773323,0.9675094156450041,1.0,False
CG33217,-0.0408845,-0.17219135,0.9673879745915804,1.0,False
CG42562,-0.040913597,0.033811912,0.967364778071815,1.0,False
Ufsp1,-0.040975213,-0.01685729,0.9673156561211391,1.0,False
FLASH,-0.040976927,-0.17343365,0.9673142916242787,1.0,False
CG11655,-0.040980347,-0.072429314,0.9673115626308451,1.0,False
Gclm,-0.04101458,-0.100382246,0.9672842727175693,1.0,False
Or67d,-0.04101629,-0.054587394,0.9672829082229111,1.0,False
pre-mod(mdg4)-B,-0.041029982,-0.13802041,0.9672719922690936,1.0,False
Rpt3R,-0.041029982,0.01831372,0.9672719922690936,1.0,False
Tg,-0.041033406,-0.102631874,0.9672692632815973,1.0,False
lncRNA:CR45902,-0.041033406,-0.26280752,0.9672692632815973,1.0,False
CG17919,-0.041040253,-0.14616503,0.9672638053077549,1.0,False
asRNA:CR45121,-0.041043676,-0.12924445,0.9672610763214087,1.0,False
lncRNA:CR44051,-0.041043676,0.060376108,0.9672610763214087,1.0,False
lncRNA:CR43827,-0.041043676,-0.16937925,0.9672610763214087,1.0,False
Khk,-0.0410471,-0.24830416,0.967258347335446,1.0,False
CG30108,-0.0410471,-0.22231495,0.967258347335446,1.0,False
CG14947,-0.0410471,-0.14376548,0.967258347335446,1.0,False
CG31664,-0.041050524,-0.3101526,0.9672556183498667,1.0,False
lncRNA:CR32553,-0.041053947,-0.09260943,0.9672528893646709,1.0,False
CG4984,-0.041053947,-0.24280731,0.9672528893646709,1.0,False
Acp53Ea,-0.041053947,-0.40777913,0.9672528893646709,1.0,False
CG30203,-0.04105737,-0.28437957,0.9672501603798587,1.0,False
lncRNA:CR44822,-0.041060794,-0.5626232,0.9672474313954299,1.0,False
lncRNA:CR46024,-0.041060794,-0.46310765,0.9672474313954299,1.0,False
Hsc70-1,-0.041064214,-0.621899,0.9672447024113847,1.0,False
lncRNA:CR43966,-0.041064214,-0.5089994,0.9672447024113847,1.0,False
asRNA:CR44065,-0.041064214,-0.66963,0.9672447024113847,1.0,False
betaNACtes4,-0.041064214,-0.42016515,0.9672447024113847,1.0,False
Desat2,-0.041067638,-0.9677406,0.9672419734277232,1.0,False
Myo61F,-0.041067638,-0.5338376,0.9672419734277232,1.0,False
lncRNA:CR46265,-0.041067638,-0.5583048,0.9672419734277232,1.0,False
lncRNA:CR44411,-0.041067638,-0.6617487,0.9672419734277232,1.0,False
lncRNA:CR45659,-0.041067638,-0.41428357,0.9672419734277232,1.0,False
Dmel_CR45045,-0.041067638,-0.70149547,0.9672419734277232,1.0,False
sisRNA:3,-0.041067638,-0.4361208,0.9672419734277232,1.0,False
twy,-0.041067638,-0.5792852,0.9672419734277232,1.0,False
CG15198,-0.04107106,-1.280695,0.9672392444444453,1.0,False
asRNA:CR44390,-0.04107106,-0.7353479,0.9672392444444453,1.0,False
CG31104,-0.04107106,-1.1264757,0.9672392444444453,1.0,False
ihog,-0.04107106,-0.5224795,0.9672392444444453,1.0,False
ZnT35C,-0.04107106,-0.8154346,0.9672392444444453,1.0,False
CG32313,-0.04107106,-0.9109934,0.9672392444444453,1.0,False
lncRNA:CR42874,-0.04107106,-0.8666899,0.9672392444444453,1.0,False
Prosbeta2R1,-0.04107106,-1.2205396,0.9672392444444453,1.0,False
lncRNA:CR44525,-0.04107106,-0.95736873,0.9672392444444453,1.0,False
CG18449,-0.04107106,-0.9382176,0.9672392444444453,1.0,False
mir-2493,-0.04107106,-1.413309,0.9672392444444453,1.0,False
CG13693,-0.04107106,-1.2396222,0.9672392444444453,1.0,False
CG13898,-0.04107106,-0.35209942,0.9672392444444453,1.0,False
GstD10,-0.04107106,-0.6936924,0.9672392444444453,1.0,False
CG34445,-0.04107106,-0.83978766,0.9672392444444453,1.0,False
CG11449,-0.04107106,-1.3535696,0.9672392444444453,1.0,False
Send2,-0.04107106,-1.0241805,0.9672392444444453,1.0,False
asRNA:CR43809,-0.04107106,-0.4966977,0.9672392444444453,1.0,False
Drsl4,-0.04107106,-0.220739,0.9672392444444453,1.0,False
lncRNA:CR43399,-0.04107106,-0.8692188,0.9672392444444453,1.0,False
CG46304,-0.04107106,-1.2743942,0.9672392444444453,1.0,False
nis,-0.041074485,-0.14694454,0.9672365154615511,1.0,False
lncRNA:CR45761,-0.041074485,-1.4126936,0.9672365154615511,1.0,False
CG43255,-0.041074485,-1.6485554,0.9672365154615511,1.0,False
CG5002,-0.041074485,-1.3625227,0.9672365154615511,1.0,False
lncRNA:CR45650,-0.041074485,-1.3478293,0.9672365154615511,1.0,False
yellow-b,-0.041074485,-0.69951594,0.9672365154615511,1.0,False
CG7992,-0.041074485,-1.0639822,0.9672365154615511,1.0,False
asRNA:CR46069,-0.041074485,-0.75445396,0.9672365154615511,1.0,False
lncRNA:CR43419,-0.041074485,-1.7163424,0.9672365154615511,1.0,False
CG8888,-0.041074485,-0.815209,0.9672365154615511,1.0,False
asRNA:CR45026,-0.041074485,-1.0586604,0.9672365154615511,1.0,False
COX7CL,-0.041074485,-0.99156004,0.9672365154615511,1.0,False
CG10918,-0.041074485,-0.58532447,0.9672365154615511,1.0,False
aspr,-0.041074485,-0.7799301,0.9672365154615511,1.0,False
lncRNA:CR45582,-0.041074485,-0.80518824,0.9672365154615511,1.0,False
CG13616,-0.041074485,-0.4304679,0.9672365154615511,1.0,False
CG31226,-0.041077908,-2.1879923,0.9672337864790406,1.0,False
CG16741,-0.041077908,-19.416348,0.9672337864790406,1.0,False
f,-0.041077908,-19.637665,0.9672337864790406,1.0,False
CG42237,-0.041077908,-19.149355,0.9672337864790406,1.0,False
CG3330,-0.041077908,-19.46471,0.9672337864790406,1.0,False
snoRNA:SC35-b,-0.041077908,-19.358402,0.9672337864790406,1.0,False
GNBP-like3,-0.041077908,-19.4663,0.9672337864790406,1.0,False
spok,-0.041077908,-2.1291769,0.9672337864790406,1.0,False
lncRNA:CR44188,-0.041077908,-18.798546,0.9672337864790406,1.0,False
asRNA:CR44207,-0.041077908,-19.193104,0.9672337864790406,1.0,False
yellow-d,-0.041077908,-18.678564,0.9672337864790406,1.0,False
CG7724,-0.041077908,-0.5735225,0.9672337864790406,1.0,False
lncRNA:CR45406,-0.041077908,-18.931683,0.9672337864790406,1.0,False
CG15124,-0.041077908,-18.949448,0.9672337864790406,1.0,False
CG5089,-0.041077908,-19.267385,0.9672337864790406,1.0,False
lncRNA:CR43884,-0.041077908,-1.6505811,0.9672337864790406,1.0,False
CG13708,-0.041077908,-18.934622,0.9672337864790406,1.0,False
asRNA:CR32252,-0.041077908,-18.992933,0.9672337864790406,1.0,False
snoRNA:Psi28S-1135b,-0.041077908,-19.594591,0.9672337864790406,1.0,False
CG13847,-0.041077908,-18.396605,0.9672337864790406,1.0,False
rho-6,-0.041077908,-19.08553,0.9672337864790406,1.0,False
CG5326,-0.041077908,-18.970879,0.9672337864790406,1.0,False
CG33552,-0.041077908,-18.894571,0.9672337864790406,1.0,False
snoRNA:Psi28S-2442b,-0.041077908,-19.24531,0.9672337864790406,1.0,False
CG30076,-0.041077908,-18.270315,0.9672337864790406,1.0,False
Tsf3,-0.041077908,-19.886137,0.9672337864790406,1.0,False
CG8192,-0.041077908,-19.682922,0.9672337864790406,1.0,False
CG4194,-0.041077908,-18.155169,0.9672337864790406,1.0,False
lncRNA:CR46013,-0.041077908,-18.694096,0.9672337864790406,1.0,False
tin,-0.041077908,-19.022358,0.9672337864790406,1.0,False
lncRNA:CR44283,-0.041077908,-19.793516,0.9672337864790406,1.0,False
lncRNA:CR45224,-0.041077908,-18.152601,0.9672337864790406,1.0,False
Acsf3,-0.041077908,-19.047768,0.9672337864790406,1.0,False
CG5391,-0.041077908,-18.92123,0.9672337864790406,1.0,False
CG9861,-0.041077908,-19.420048,0.9672337864790406,1.0,False
CG13559,-0.041077908,-2.254723,0.9672337864790406,1.0,False
CG13068,-0.041077908,-19.370096,0.9672337864790406,1.0,False
snoRNA:Psi18S-640f,-0.041077908,-19.16034,0.9672337864790406,1.0,False
CG42749,-0.041077908,-19.201885,0.9672337864790406,1.0,False
CG6052,-0.041077908,-19.416447,0.9672337864790406,1.0,False
Cdc6,-0.041077908,-18.57595,0.9672337864790406,1.0,False
snoRNA:Psi28S-2562,-0.041077908,-2.0887742,0.9672337864790406,1.0,False
CG34207,-0.041077908,-2.1801348,0.9672337864790406,1.0,False
CG31704,-0.041077908,-19.59011,0.9672337864790406,1.0,False
CG45546,-0.041077908,-19.445572,0.9672337864790406,1.0,False
lncRNA:CR44915,-0.041077908,-18.596626,0.9672337864790406,1.0,False
CG13670,-0.041077908,-19.638496,0.9672337864790406,1.0,False
CG33272,-0.041077908,-18.207779,0.9672337864790406,1.0,False
lncRNA:CR43991,-0.041077908,-19.66304,0.9672337864790406,1.0,False
CG31862,-0.041077908,-19.315554,0.9672337864790406,1.0,False
lncRNA:CR44948,-0.041077908,-19.277313,0.9672337864790406,1.0,False
CG3679,-0.041077908,-18.683088,0.9672337864790406,1.0,False
Dhc93AB,-0.041077908,-1.1217754,0.9672337864790406,1.0,False
lncRNA:CR43608,-0.041077908,-18.822073,0.9672337864790406,1.0,False
Ktch,-0.041077908,-1.9789882,0.9672337864790406,1.0,False
Cyp4c3,-0.041077908,-19.299036,0.9672337864790406,1.0,False
CG6830,-0.041077908,-19.37955,0.9672337864790406,1.0,False
lncRNA:CR43695,-0.041077908,-19.704737,0.9672337864790406,1.0,False
lncRNA:CR43458,-0.041077908,-18.856865,0.9672337864790406,1.0,False
CG31924,-0.041077908,-18.98863,0.9672337864790406,1.0,False
CG42367,-0.041077908,-19.247585,0.9672337864790406,1.0,False
AgmNAT,-0.041077908,-18.974987,0.9672337864790406,1.0,False
asRNA:CR44873,-0.041077908,-2.0776443,0.9672337864790406,1.0,False
CG43980,-0.041077908,-18.566916,0.9672337864790406,1.0,False
sing,-0.041077908,-18.966507,0.9672337864790406,1.0,False
Cyp4d8,-0.041077908,-18.914492,0.9672337864790406,1.0,False
CG8960,-0.041077908,-19.522774,0.9672337864790406,1.0,False
nullo,-0.041077908,-19.026419,0.9672337864790406,1.0,False
CG31809,-0.041077908,-17.92987,0.9672337864790406,1.0,False
Cyp4e2,-0.041077908,-1.320369,0.9672337864790406,1.0,False
lncRNA:CR45539,-0.041077908,-18.206692,0.9672337864790406,1.0,False
CG3581,-0.041077908,-19.00422,0.9672337864790406,1.0,False
CG3517,-0.041077908,-19.498568,0.9672337864790406,1.0,False
CG15865,-0.041077908,-19.371138,0.9672337864790406,1.0,False
DptB,-0.041077908,-19.421743,0.9672337864790406,1.0,False
Unc-115b,-0.041077908,-19.109118,0.9672337864790406,1.0,False
Cpr30F,-0.041077908,-19.185072,0.9672337864790406,1.0,False
CG18649,-0.041077908,-19.0852,0.9672337864790406,1.0,False
alpha-Est2,-0.041077908,-2.3214858,0.9672337864790406,1.0,False
CG15239,-0.041077908,-18.946175,0.9672337864790406,1.0,False
CG15172,-0.041077908,-1.5468518,0.9672337864790406,1.0,False
ocn,-0.041077908,-19.349468,0.9672337864790406,1.0,False
CG6337,-0.041077908,-19.911644,0.9672337864790406,1.0,False
CG3557,-0.041077908,-18.84085,0.9672337864790406,1.0,False
lncRNA:CR43817,-0.041077908,-18.803915,0.9672337864790406,1.0,False
CG33346,-0.041077908,-19.477303,0.9672337864790406,1.0,False
Marf1,-0.041077908,-0.8300551,0.9672337864790406,1.0,False
asRNA:CR45832,-0.041077908,-2.042063,0.9672337864790406,1.0,False
Xport-B,-0.041077908,-18.30653,0.9672337864790406,1.0,False
28SrRNA-Psi:CR45853,-0.041077908,-2.4294653,0.9672337864790406,1.0,False
CG42878,-0.041077908,-18.434202,0.9672337864790406,1.0,False
Fbp1,-0.041077908,-18.952593,0.9672337864790406,1.0,False
AOX4,-0.041077908,-19.127623,0.9672337864790406,1.0,False
CG18536,-0.041077908,-18.896147,0.9672337864790406,1.0,False
moon,-0.041077908,-19.742779,0.9672337864790406,1.0,False
CG43999,-0.041077908,-19.574305,0.9672337864790406,1.0,False
CG31141,-0.041077908,-19.802391,0.9672337864790406,1.0,False
CG3492,-0.041077908,-19.557276,0.9672337864790406,1.0,False
asRNA:CR43464,-0.041077908,-19.690466,0.9672337864790406,1.0,False
Ir85a,-0.041077908,-19.358551,0.9672337864790406,1.0,False
CG33189,-0.041077908,-18.558947,0.9672337864790406,1.0,False
CG44438,-0.041077908,-18.900314,0.9672337864790406,1.0,False
CG33666,-0.041077908,-18.934595,0.9672337864790406,1.0,False
uif,-0.04108133,-1.7034303,0.9672310574969137,1.0,False
CG32655,-0.04108133,-1.8307168,0.9672310574969137,1.0,False
CG31068,-0.04108133,-2.424306,0.9672310574969137,1.0,False
CG43060,-0.04108133,-1.9722509,0.9672310574969137,1.0,False
CG10062,-0.04108133,-0.3233288,0.9672310574969137,1.0,False
lncRNA:CR43174,-0.04108133,-1.743754,0.9672310574969137,1.0,False
lncRNA:CR43765,-0.04108133,-2.8574567,0.9672310574969137,1.0,False
CG41562,-0.04108133,-1.0438095,0.9672310574969137,1.0,False
snoRNA:CD66,-0.04108133,-2.7107625,0.9672310574969137,1.0,False
CG9676,-0.04108133,-0.603517,0.9672310574969137,1.0,False
CG30334,-0.04108133,-1.583069,0.9672310574969137,1.0,False
asRNA:CR45612,-0.04108133,-1.0722128,0.9672310574969137,1.0,False
snoRNA:Psi28S-3436a,-0.04108133,-2.5219977,0.9672310574969137,1.0,False
CG13700,-0.04108133,-2.3536415,0.9672310574969137,1.0,False
CG9806,-0.04108133,-2.2202928,0.9672310574969137,1.0,False
CG32170,-0.04108133,-2.5608232,0.9672310574969137,1.0,False
CG3588,-0.04108133,-2.8323112,0.9672310574969137,1.0,False
CG5157,-0.04108133,-0.93721545,0.9672310574969137,1.0,False
lncRNA:CR45120,-0.04108133,-1.0427153,0.9672310574969137,1.0,False
CG15406,-0.04108133,-1.439442,0.9672310574969137,1.0,False
TrxT,-0.04108133,-1.3801453,0.9672310574969137,1.0,False
CG15046,-0.04108133,-1.3747197,0.9672310574969137,1.0,False
CG17780,-0.04108133,-2.6710773,0.9672310574969137,1.0,False
TpnC25D,-0.04108133,-1.5651202,0.9672310574969137,1.0,False
Cap-D2,-0.04108133,-0.82272935,0.9672310574969137,1.0,False
CG13137,-0.04108133,-2.430221,0.9672310574969137,1.0,False
snoRNA:Psi18S-1377a,-0.04108133,-1.0931352,0.9672310574969137,1.0,False
S-Lap2,-0.04108133,-3.8440895,0.9672310574969137,1.0,False
CG30323,-0.04108133,-1.5593272,0.9672310574969137,1.0,False
a10,-0.04108133,-1.5422473,0.9672310574969137,1.0,False
Vajk1,-0.04108133,-3.8872204,0.9672310574969137,1.0,False
snoRNA:SC35-a,-0.04108133,-2.382138,0.9672310574969137,1.0,False
CG14244,-0.041084755,-3.3566012,0.9672283285151707,1.0,False
Est-Q,-0.041084755,-1.7802197,0.9672283285151707,1.0,False
asRNA:CR43872,-0.041084755,-1.7722771,0.9672283285151707,1.0,False
CG13101,-0.041084755,-1.4024421,0.9672283285151707,1.0,False
CG2104,-0.041084755,-1.4304246,0.9672283285151707,1.0,False
Cpr65Au,-0.041084755,-2.6181738,0.9672283285151707,1.0,False
CG4325,-0.041084755,-4.5951204,0.9672283285151707,1.0,False
Dhc62B,-0.041084755,-3.0080786,0.9672283285151707,1.0,False
Cpr62Ba,-0.041084755,-3.2786214,0.9672283285151707,1.0,False
CG34169,-0.041084755,-2.6028938,0.9672283285151707,1.0,False
lncRNA:CR45906,-0.041084755,-3.5878854,0.9672283285151707,1.0,False
CG3604,-0.041084755,-2.3765616,0.9672283285151707,1.0,False
lncRNA:CR45179,-0.041084755,-4.699884,0.9672283285151707,1.0,False
CG13334,-0.041084755,-0.8106041,0.9672283285151707,1.0,False
S-Lap5,-0.041084755,-2.5121078,0.9672283285151707,1.0,False
CG43329,-0.041084755,-0.5046532,0.9672283285151707,1.0,False
lncRNA:CR43956,-0.04108818,-1.9061041,0.9672255995338116,1.0,False
lncRNA:CR46016,-0.04108818,-1.0420846,0.9672255995338116,1.0,False
lncRNA:CR45522,-0.04108818,-1.0489551,0.9672255995338116,1.0,False
stg,-0.04108818,-2.3752644,0.9672255995338116,1.0,False
snoRNA:Psi28S-3186,-0.04108818,-2.1538665,0.9672255995338116,1.0,False
CG11893,-0.04108818,-1.2946895,0.9672255995338116,1.0,False
lncRNA:CR44265,-0.04108818,-1.7708883,0.9672255995338116,1.0,False
CG1299,-0.04108818,-0.9200522,0.9672255995338116,1.0,False
CG7906,-0.04108818,-1.2869698,0.9672255995338116,1.0,False
lectin-30A,-0.04108818,-0.9195638,0.9672255995338116,1.0,False
lncRNA:CR45953,-0.04108818,-1.8793055,0.9672255995338116,1.0,False
CG6294,-0.041091602,-1.5964197,0.9672228705528362,1.0,False
CG30480,-0.041091602,-1.1525176,0.9672228705528362,1.0,False
lncRNA:CR44949,-0.041091602,-2.1061287,0.9672228705528362,1.0,False
eyg,-0.041091602,-0.7160955,0.9672228705528362,1.0,False
CG9717,-0.041095022,-0.9162896,0.9672201415722447,1.0,False
CG10237,-0.041095022,-0.4781138,0.9672201415722447,1.0,False
asRNA:CR45182,-0.041095022,-0.43559626,0.9672201415722447,1.0,False
CG46298,-0.041095022,-2.75877,0.9672201415722447,1.0,False
asRNA:CR30267,-0.041095022,-2.0694242,0.9672201415722447,1.0,False
CG13488,-0.041098446,-1.2968421,0.9672174125920371,1.0,False
snoRNA:Psi18S-1377d,-0.041098446,-1.456161,0.9672174125920371,1.0,False
NimC1,-0.041098446,-1.6659476,0.9672174125920371,1.0,False
asRNA:CR45713,-0.041098446,-1.7222843,0.9672174125920371,1.0,False
Acp53C14c,-0.041098446,-1.3764092,0.9672174125920371,1.0,False
lncRNA:CR46125,-0.04110187,-1.7587708,0.9672146836122134,1.0,False
Cad96Ca,-0.041105293,-1.6059614,0.9672119546327737,1.0,False
lncRNA:CR46060,-0.041108716,-1.4822011,0.9672092256537179,1.0,False
CG31636,-0.041108716,-0.47803622,0.9672092256537179,1.0,False
lncRNA:CR44771,-0.041108716,-0.92423475,0.9672092256537179,1.0,False
CG5909,-0.041108716,-1.7649035,0.9672092256537179,1.0,False
GstE7,-0.04111214,-0.66931695,0.9672064966750463,1.0,False
CG17005,-0.04111214,-0.90574336,0.9672064966750463,1.0,False
lncRNA:CR32582,-0.041115563,-0.33205175,0.9672037676967586,1.0,False
lncRNA:CR45540,-0.041115563,-1.1495342,0.9672037676967586,1.0,False
Cyp4ac1,-0.041118987,-1.317484,0.9672010387188551,1.0,False
lncRNA:CR32657,-0.04112241,-1.2828331,0.9671983097413357,1.0,False
asRNA:CR45136,-0.04112241,-0.68131363,0.9671983097413357,1.0,False
CG9837,-0.041125834,-0.02151904,0.9671955807642004,1.0,False
inaF-D,-0.041129254,-0.7766973,0.9671928517874494,1.0,False
Cpr51A,-0.041129254,-0.5063561,0.9671928517874494,1.0,False
h-cup,-0.041132677,-0.9736802,0.9671901228110825,1.0,False
CG42307,-0.041132677,-0.45765123,0.9671901228110825,1.0,False
snoRNA:Psi28S-3308,-0.041132677,-0.99911636,0.9671901228110825,1.0,False
CG42697,-0.0411361,-1.1192896,0.9671873938350999,1.0,False
inv,-0.0411361,-0.35863483,0.9671873938350999,1.0,False
ENGase,-0.041142948,-0.77206814,0.9671819358842876,1.0,False
Spn75F,-0.04115322,-1.1009527,0.9671737489609517,1.0,False
GstD2,-0.041170333,-0.71589524,0.9671601040964145,1.0,False
CG15475,-0.041173756,-0.38877094,0.9671573751246608,1.0,False
Cpr49Ae,-0.041184027,-0.21506351,0.9671491882117075,1.0,False
Dmel_CG14117,-0.04120114,-0.88140696,0.9671355433644803,1.0,False
CG5597,-0.04121141,-1.0949777,0.9671273564607623,1.0,False
CG3982,-0.04123195,-0.97333604,0.9671109826637219,1.0,False
CG42556,-0.041235372,-0.61381924,0.9671082536988964,1.0,False
CG18368,-0.0412542,-0.06386491,0.9670932443992427,1.0,False
Ctr1B,-0.0412833,-0.7286965,0.9670700482318011,1.0,False
pio,-0.04135176,-0.46619043,0.9670154691242377,1.0,False
asRNA:CR45815,-0.04136203,-0.5873899,0.9670072822714241,1.0,False
CG11836,-0.041389417,-0.3420925,0.9669854506809246,1.0,False
lncRNA:CR45382,-0.04142365,-0.68102425,0.9669581612276,1.0,False
pk,-0.04148869,-0.3106409,0.9669063113729182,1.0,False
RhoGAP15B,-0.04160165,-0.54783577,0.9668162566948177,1.0,False
Psat,-0.041603364,-0.13727911,0.9668148922332499,1.0,False
escl,-0.041714616,-0.113321684,0.9667262024399282,1.0,False
baz,-0.041724887,-0.10413907,0.9667180157105091,1.0,False
Tm2,-0.041755695,-0.2816391,0.9666934555433027,1.0,False
CG11403,-0.04181731,-0.23750125,0.9666443353036978,1.0,False
Hibadh,-0.041868657,-0.6478486,0.9666034018673677,1.0,False
flip,-0.041887484,-0.049187474,0.9665883929627568,1.0,False
Blos4,-0.041897755,-0.16141264,0.966580206292503,1.0,False
lncRNA:CR44074,-0.041899465,-0.36102888,0.9665788418478031,1.0,False
Jheh1,-0.041940544,-0.42930597,0.9665460952043707,1.0,False
CG30496,-0.042103145,-0.29797474,0.9664164736282906,1.0,False
Pop4,-0.042156205,-0.16987562,0.9663741762532216,1.0,False
lncRNA:CR43958,-0.042430054,-0.12663268,0.9661558687275246,1.0,False
lncRNA:CR44901,-0.042484827,-0.26201645,0.9661122075262577,1.0,False
Atg10,-0.04257725,-0.34866735,0.9660385294795641,1.0,False
CG10352,-0.04263031,-0.294591,0.965996232954088,1.0,False
Npc2b,-0.042775795,-0.53198797,0.965880259101195,1.0,False
asRNA:CR43959,-0.042786065,-0.49078354,0.965872072738821,1.0,False
Nost,-0.04291272,-0.29663444,0.9657711078988983,1.0,False
Polr3B,-0.04291272,-0.13910015,0.9657711078988983,1.0,False
Rad17,-0.043131802,-0.16149788,0.9655964673100977,1.0,False
CG31441,-0.043294404,-0.26967221,0.9654668523145389,1.0,False
Cdc16,-0.043361153,-0.29328212,0.9654136422119254,1.0,False
CG13016,-0.043600775,-0.0786411,0.9652226328575975,1.0,False
CG9689,-0.043956786,-0.48787883,0.9649388512193613,1.0,False
CG2617,-0.044001285,-0.2696796,0.9649033788260937,1.0,False
sfl,-0.044045787,-0.13169064,0.9648679065022846,1.0,False
CG6984,-0.04411425,-0.20421197,0.9648133338322151,1.0,False
CG32075,-0.044131365,-0.17369515,0.9647996906904409,1.0,False
CG33158,-0.04445143,-0.15497912,0.9645445658417751,1.0,False
LSm7,-0.044913556,-0.11974266,0.9641762101714676,1.0,False
Ipk2,-0.044987157,-0.24352014,0.9641175468239985,1.0,False
CG4882,-0.045331184,-0.0743183,0.9638433323622893,1.0,False
CG34213,-0.04616301,-0.20367205,0.963180324084114,1.0,False
Bulli,-0.04638894,-0.2107067,0.9630002521388606,1.0,False
CG11980,-0.0469743,-0.15394078,0.9625337109007289,1.0,False
Nxf3,-0.047412463,-0.11299565,0.9621844954363262,1.0,False
RanBP3,-0.047621276,-0.15282898,0.962018074989933,1.0,False
CG13367,-0.0479054,-0.23636657,0.9617916367138196,1.0,False
CG6665,-0.048030343,-0.058205385,0.9616920594103799,1.0,False
asRNA:CR43425,-0.04816727,-0.17420492,0.9615829342847267,1.0,False
CG12379,-0.048335005,-0.051646695,0.961449256986851,1.0,False
PSMG1,-0.04915314,-0.09101374,0.9607972547506277,1.0,False
beta3GalTII,-0.04938934,-0.17180915,0.9606090246536232,1.0,False
Uros1,-0.0494133,-0.17964871,0.9605899289691869,1.0,False
Dph3,-0.049526263,-0.15991625,0.9604999067615724,1.0,False
Orcokinin,-0.050710678,-0.34598213,0.9595560680963096,1.0,False
Cog2,-0.051369637,-0.16143177,0.9590309800022083,1.0,False
kune,-0.051609255,-0.118384436,0.9588400432719378,1.0,False
CG1463,-0.051703393,-0.10696694,0.958765033059039,1.0,False
eIF6,-0.052343525,-0.17888342,0.9582549733274636,1.0,False
DCTN6-p27,-0.05261053,-0.099088855,0.9580422261789381,1.0,False
CG13737,-0.05419203,-0.06402475,0.9567821702352688,1.0,False
CG31538,-0.054433364,-0.049010705,0.956589898389733,1.0,False
ima,-0.0545275,-0.20323251,0.9565148994178276,1.0,False
CG2256,-0.054628484,-0.05495295,0.9564344464032434,1.0,False
Su(var)3-9,-0.054640464,-0.14642747,0.9564249011597629,1.0,False
CG34251,-0.054703794,-0.22041997,0.9563744478337761,1.0,False
lbl,-0.054708928,-0.23597157,0.9563703570312186,1.0,False
mir-2279,-0.0547192,-0.2203392,0.9563621754295515,1.0,False
lncRNA:CR45010,-0.05472262,-0.15162109,0.9563594482300174,1.0,False
Ctf4,-0.05472604,-0.31541502,0.9563567210309941,1.0,False
TwdlV,-0.05472604,-0.3492134,0.9563567210309941,1.0,False
asRNA:CR45007,-0.054736312,-0.31625062,0.9563485394369899,1.0,False
Trf4-2,-0.05474316,-0.3652896,0.9563430850435422,1.0,False
CG3014,-0.05475343,-0.30696642,0.9563349034572034,1.0,False
phu,-0.05475685,-1.3594508,0.9563321762627794,1.0,False
lncRNA:CR43146,-0.054760274,-0.90029526,0.9563294490688666,1.0,False
asRNA:CR45171,-0.054760274,-0.73691744,0.9563294490688666,1.0,False
Whamy,-0.054760274,-1.2917935,0.9563294490688666,1.0,False
lncRNA:CR44953,-0.054761987,-1.6385272,0.956328085472102,1.0,False
lncRNA:CR45439,-0.054761987,-0.75069034,0.956328085472102,1.0,False
Adgf-C,-0.054761987,-0.7467702,0.956328085472102,1.0,False
CG13305,-0.054761987,-1.4635938,0.956328085472102,1.0,False
lncRNA:CR45916,-0.054763697,-1.0175562,0.9563267218754651,1.0,False
meru,-0.054763697,-1.0173868,0.9563267218754651,1.0,False
CG9616,-0.05476541,-1.0413901,0.956325358278956,1.0,False
lncRNA:CR32636,-0.05476541,-1.1368377,0.956325358278956,1.0,False
CG42449,-0.05476541,-2.365122,0.956325358278956,1.0,False
CG5612,-0.05476712,-1.4973584,0.9563239946825748,1.0,False
Hao,-0.054768834,-2.1469843,0.9563226310863214,1.0,False
CG33340,-0.054770544,-19.929972,0.9563212674901957,1.0,False
Ccdc114,-0.054770544,-19.185568,0.9563212674901957,1.0,False
S-Lap7,-0.054770544,-20.053368,0.9563212674901957,1.0,False
CG4836,-0.054770544,-19.59775,0.9563212674901957,1.0,False
CG9673,-0.054770544,-18.98539,0.9563212674901957,1.0,False
asRNA:CR44962,-0.054770544,-19.772871,0.9563212674901957,1.0,False
CG2444,-0.054770544,-19.623024,0.9563212674901957,1.0,False
Acsx2,-0.054770544,-20.09712,0.9563212674901957,1.0,False
CG17237,-0.054770544,-19.8766,0.9563212674901957,1.0,False
meso18E,-0.054770544,-19.162579,0.9563212674901957,1.0,False
CheB42b,-0.054770544,-20.019506,0.9563212674901957,1.0,False
asRNA:CR45053,-0.054770544,-19.346668,0.9563212674901957,1.0,False
Adgf-B,-0.054770544,-19.236668,0.9563212674901957,1.0,False
CG11438,-0.054770544,-1.048928,0.9563212674901957,1.0,False
CG30350,-0.054770544,-19.87639,0.9563212674901957,1.0,False
Npc1b,-0.054770544,-19.370981,0.9563212674901957,1.0,False
S-Lap8,-0.054770544,-19.890617,0.9563212674901957,1.0,False
CG31675,-0.054770544,-19.795017,0.9563212674901957,1.0,False
Mst87F,-0.054770544,-19.670849,0.9563212674901957,1.0,False
CG34168,-0.054770544,-19.497252,0.9563212674901957,1.0,False
asRNA:CR45028,-0.054770544,-1.6836867,0.9563212674901957,1.0,False
CG43742,-0.054770544,-19.378551,0.9563212674901957,1.0,False
lncRNA:CR44166,-0.054770544,-19.07226,0.9563212674901957,1.0,False
ND-51L2,-0.054770544,-19.797955,0.9563212674901957,1.0,False
CG8483,-0.054770544,-0.8809987,0.9563212674901957,1.0,False
CG12861,-0.054770544,-20.03213,0.9563212674901957,1.0,False
CG33673,-0.054770544,-19.164236,0.9563212674901957,1.0,False
Trf5,-0.054770544,-19.565624,0.9563212674901957,1.0,False
msd1,-0.054772254,-1.0858529,0.9563199038941981,1.0,False
CG4570,-0.054772254,-2.5283754,0.9563199038941981,1.0,False
CecA2,-0.054772254,-2.4036732,0.9563199038941981,1.0,False
CG12715,-0.054772254,-2.4439917,0.9563199038941981,1.0,False
BBS5,-0.054772254,-2.317537,0.9563199038941981,1.0,False
eIF4E6,-0.054772254,-0.5197155,0.9563199038941981,1.0,False
jb,-0.054772254,-2.304687,0.9563199038941981,1.0,False
lncRNA:CR44300,-0.054773968,-0.6360315,0.9563185402983281,1.0,False
mir-4978,-0.054773968,-1.7533649,0.9563185402983281,1.0,False
Nse1,-0.054773968,-2.4469395,0.9563185402983281,1.0,False
Prx6b,-0.054775678,-2.4914253,0.956317176702586,1.0,False
lncRNA:CR44208,-0.054775678,-1.0538299,0.956317176702586,1.0,False
CG31820,-0.054775678,-2.7834136,0.956317176702586,1.0,False
CG16710,-0.054775678,-3.2489057,0.956317176702586,1.0,False
lncRNA:CR43408,-0.054775678,-3.364501,0.956317176702586,1.0,False
lncRNA:CR45559,-0.05477739,-1.0054543,0.9563158131069718,1.0,False
CG34056,-0.05477739,-0.8369242,0.9563158131069718,1.0,False
CG17781,-0.0547791,-3.286165,0.9563144495114854,1.0,False
lncRNA:CR45035,-0.0547791,-0.8837151,0.9563144495114854,1.0,False
asRNA:CR44724,-0.0547791,-4.9397006,0.9563144495114854,1.0,False
CG16772,-0.0547791,-0.89688325,0.9563144495114854,1.0,False
CG12592,-0.054780815,-1.2077949,0.9563130859161267,1.0,False
CG14245,-0.054780815,-1.1592498,0.9563130859161267,1.0,False
Glyat,-0.054780815,-2.1192884,0.9563130859161267,1.0,False
CG18304,-0.054780815,-2.2825124,0.9563130859161267,1.0,False
CG34302,-0.054782525,-1.5357192,0.956311722320896,1.0,False
CG15373,-0.054782525,-1.6831436,0.956311722320896,1.0,False
Myo10A,-0.054782525,-1.3285146,0.956311722320896,1.0,False
CG44014,-0.054782525,-1.7764337,0.956311722320896,1.0,False
CG33284,-0.05478424,-1.2053527,0.9563103587257932,1.0,False
CG43755,-0.05478424,-1.9344646,0.9563103587257932,1.0,False
Obp57e,-0.05478595,-1.771325,0.9563089951308182,1.0,False
lncRNA:CR45156,-0.05478595,-1.8342043,0.9563089951308182,1.0,False
Cht10,-0.05478766,-2.8218112,0.9563076315359711,1.0,False
nvd,-0.05478937,-2.1348352,0.9563062679412518,1.0,False
mt:tRNA:Leu-TAG,-0.05478937,-1.8690666,0.9563062679412518,1.0,False
asRNA:CR43465,-0.05479108,-1.5099462,0.9563049043466604,1.0,False
PGRP-SD,-0.05479108,-3.1754112,0.9563049043466604,1.0,False
CG8468,-0.054794505,-0.6975747,0.9563021771578613,1.0,False
Adh,-0.05479622,-1.2053279,0.9563008135636536,1.0,False
CG15717,-0.05479622,-0.8435979,0.9563008135636536,1.0,False
CG13692,-0.05479793,-1.2621526,0.9562994499695737,1.0,False
scra,-0.05479793,-0.6948205,0.9562994499695737,1.0,False
CG30056,-0.05479793,-1.3876196,0.9562994499695737,1.0,False
snRNA:U11,-0.054799642,-0.56655556,0.9562980863756217,1.0,False
CG15657,-0.054801352,-1.42505,0.9562967227817977,1.0,False
CG14132,-0.054804776,-1.7888737,0.9562939955945333,1.0,False
Cyp4p1,-0.054804776,-0.973364,0.9562939955945333,1.0,False
CG12674,-0.054806486,-3.1404843,0.9562926320010929,1.0,False
CG30376,-0.054806486,-1.0749067,0.9562926320010929,1.0,False
asRNA:CR44989,-0.0548082,-0.20888563,0.9562912684077804,1.0,False
CG8850,-0.05480991,-0.81390715,0.956289904814596,1.0,False
CG31103,-0.054811623,-1.0569172,0.9562885412215394,1.0,False
CG7365,-0.054811623,-1.5542103,0.9562885412215394,1.0,False
Antp,-0.054815046,-0.28315818,0.9562858140358099,1.0,False
Ada1-2,-0.054816756,-0.5415355,0.9562844504431371,1.0,False
lncRNA:CR46080,-0.05482018,-1.4058492,0.9562817232581753,1.0,False
CG5062,-0.05482018,-0.95553887,0.9562817232581753,1.0,False
CG13022,-0.05482189,-1.3954298,0.9562803596658863,1.0,False
lncRNA:CR45430,-0.054823603,-0.4083469,0.9562789960737252,1.0,False
Tie,-0.054825313,-1.0232043,0.9562776324816922,1.0,False
CG10680,-0.054825313,-0.97318184,0.9562776324816922,1.0,False
CG43218,-0.054825313,-0.73319477,0.9562776324816922,1.0,False
lncRNA:CR44392,-0.054827027,-0.6016015,0.9562762688897871,1.0,False
CG14298,-0.05483045,-0.47103614,0.9562735417063607,1.0,False
CG3819,-0.054833874,-1.3112029,0.9562708145234462,1.0,False
CG2111,-0.054835584,-0.65095013,0.9562694509321809,1.0,False
Spn42Dd,-0.054839008,-1.0959718,0.9562667237500343,1.0,False
CG3788,-0.05484414,-0.6024478,0.9562626329777743,1.0,False
CG13978,-0.05485441,-0.4416483,0.9562544514367103,1.0,False
Vajk4,-0.054859545,-0.8547628,0.9562503606679066,1.0,False
Obp19c,-0.05487495,-1.4643029,0.9562380883684098,1.0,False
CG6293,-0.054876663,-0.4028111,0.9562367247802173,1.0,False
Veneno,-0.054890353,-0.16442864,0.956225816079287,1.0,False
CG6398,-0.054910894,-1.5238223,0.9562094530432653,1.0,False
CG4730,-0.05492801,-0.21622008,0.9561958171940108,1.0,False
Drsl5,-0.05493999,-0.29790026,0.9561862721071599,1.0,False
Buffy,-0.054946836,-0.5025248,0.9561808177746375,1.0,False
Dmel_CR42735,-0.05497251,-0.9025894,0.9561603640459543,1.0,False
Ret,-0.054975934,-0.33613622,0.9561576368843107,1.0,False
loh,-0.054975934,-0.48080966,0.9561576368843107,1.0,False
PIG-N,-0.05505638,-0.23709315,0.9560935487334997,1.0,False
CG11413,-0.05506665,-0.50937504,0.9560853672878606,1.0,False
Hsp70Bb,-0.055073492,-0.09747429,0.9560799129933383,1.0,False
UQCR-11L,-0.05511457,-0.88492405,0.9560471872694003,1.0,False
Mt2,-0.05522069,-0.41468138,0.955962646158955,1.0,False
spel1,-0.055335365,-0.0698103,0.9558712877739908,1.0,False
asRNA:CR44031,-0.05534906,-0.31989518,0.955860379348834,1.0,False
lncRNA:CR43943,-0.055371307,-0.4908523,0.9558426531755876,1.0,False
CG30338,-0.05547914,-0.21861713,0.9557567497224598,1.0,False
CG17186,-0.05549283,-0.11338979,0.9557458413842105,1.0,False
dmpd,-0.055535622,-0.11522168,0.9557117528806133,1.0,False
CG3045,-0.055547602,-0.21854621,0.9557022081141197,1.0,False
jbug,-0.055583544,-0.3289493,0.9556735738527574,1.0,False
CG32512,-0.055703357,-0.354041,0.9555781267282515,1.0,False
Sas-4,-0.05574101,-0.345703,0.9555481291920447,1.0,False
CG11158,-0.055742722,-0.23679678,0.9555467656691673,1.0,False
armi,-0.055799205,-0.21056202,0.9555017694872194,1.0,False
Trissin,-0.05580434,-0.19019273,0.9554976789322541,1.0,False
pad,-0.055888206,-0.09173326,0.9554308667004826,1.0,False
asRNA:CR42547,-0.055954956,-0.1936782,0.9553776898418466,1.0,False
CG6550,-0.05606792,-0.07273952,0.9552876986875249,1.0,False
CSN6,-0.056245927,-0.13207765,0.9551458956014908,1.0,False
DCX-EMAP,-0.056329794,-0.30579066,0.9550790850238705,1.0,False
CREG,-0.056377716,-0.19590586,0.9550409076926251,1.0,False
CG9799,-0.056528337,-0.20595339,0.9549209224663566,1.0,False
CG10799,-0.056560855,-0.5791824,0.9548950166992328,1.0,False
CG11837,-0.056983616,-0.06958899,0.9545582460727118,1.0,False
Vps39,-0.057046946,-0.10716657,0.9545077993481264,1.0,False
Tsen2,-0.057223238,-0.22579816,0.9543673675347437,1.0,False
CG11294,-0.057254046,-0.14454709,0.9543428261980903,1.0,False
CG32533,-0.057408087,-0.14005879,0.9542201201646167,1.0,False
Tcs3,-0.057408087,-0.12452094,0.9542201201646167,1.0,False
CG7492,-0.057717886,-0.11576306,0.9539733479858199,1.0,False
CG17260,-0.05791814,-0.18197207,0.953813834614528,1.0,False
ND-ASHI,-0.058387112,-0.092428006,0.9534402806368434,1.0,False
lncRNA:CR43126,-0.058616463,-0.15465641,0.9532575973742891,1.0,False
CG11085,-0.058898874,-0.24542886,0.9530326549408397,1.0,False
Uba5,-0.059422616,-0.09810905,0.9526154988905939,1.0,False
Spec2,-0.059557833,-0.18120342,0.9525078038443046,1.0,False
Syt12,-0.060884304,-0.1889856,0.9514513481001388,1.0,False
Vps13B,-0.060894575,-0.25646785,0.9514431694183545,1.0,False
CG14712,-0.06132247,-0.22153066,0.9511023955673218,1.0,False
CG7049,-0.06197287,-0.06636393,0.9505844364594193,1.0,False
CG17108,-0.06231861,-0.5515424,0.9503091087867638,1.0,False
MED4,-0.0628646,-0.07206327,0.949874321239299,1.0,False
CG6983,-0.06305459,-0.14065468,0.9497230350216487,1.0,False
Mtap,-0.06319152,-0.118901335,0.9496140010332936,1.0,False
pHCl-1,-0.06340033,-0.08987303,0.9494477260181198,1.0,False
Drat,-0.06356635,-0.025610011,0.9493155253224695,1.0,False
Ilk,-0.063754626,-0.17532612,0.9491656086961844,1.0,False
Grx1,-0.06384534,-0.11444926,0.949093376781944,1.0,False
Tdrd3,-0.06502291,-0.17666836,0.9481557629401606,1.0,False
CG11777,-0.06586329,-0.1647172,0.9474866666519757,1.0,False
Ada2b,-0.067677565,-0.2551215,0.9460423086899232,1.0,False
Orc6,-0.06775116,0.018004248,0.9459837205212007,1.0,False
Uba2,-0.0677717,-0.15478261,0.9459673703867065,1.0,False
CG31806,-0.06829202,-0.08249314,0.9455531745893923,1.0,False
asRNA:CR43480,-0.068309136,-0.20910852,0.9455395499770566,1.0,False
RnrL,-0.068339944,-0.17401387,0.9455150257149973,1.0,False
lncRNA:CR45416,-0.068339944,-0.10065949,0.9455150257149973,1.0,False
slif,-0.06834679,-0.116435446,0.9455095758859954,1.0,False
Irbp,-0.06839301,-0.112448156,0.9454727896069465,1.0,False
asRNA:CR45208,-0.06844264,-0.9331929,0.9454332785478454,1.0,False
CG9649,-0.06844606,-1.2570829,0.9454305536521643,1.0,False
CG42302,-0.06844606,-0.46194413,0.9454305536521643,1.0,False
CG16739,-0.06844606,-0.15548818,0.9454305536521643,1.0,False
lncRNA:CR44348,-0.06844949,-1.3276749,0.9454278287571218,1.0,False
CG14907,-0.06844949,-0.6163484,0.9454278287571218,1.0,False
TwdlW,-0.06844949,-0.8331986,0.9454278287571218,1.0,False
cDIP,-0.06844949,-0.9173349,0.9454278287571218,1.0,False
OSCP1,-0.06844949,-0.5432739,0.9454278287571218,1.0,False
asRNA:CR17025,-0.06844949,-0.846765,0.9454278287571218,1.0,False
knk,-0.06845291,-1.0418681,0.9454251038627177,1.0,False
CG31199,-0.06845291,-0.84776855,0.9454251038627177,1.0,False
TpnC73F,-0.06845291,-0.9569622,0.9454251038627177,1.0,False
CG14113,-0.06845634,-1.8384471,0.9454223789689521,1.0,False
dsb,-0.06845634,-1.112071,0.9454223789689521,1.0,False
IFT46,-0.06845634,-0.86391205,0.9454223789689521,1.0,False
CG12581,-0.06845634,-1.3260525,0.9454223789689521,1.0,False
CG2127,-0.06845634,-2.4523156,0.9454223789689521,1.0,False
knon,-0.06845976,-2.525853,0.945419654075825,1.0,False
snoRNA:Psi18S-176,-0.06845976,-2.5949996,0.945419654075825,1.0,False
Fit2,-0.06845976,-0.94252956,0.945419654075825,1.0,False
lncRNA:CR45950,-0.06845976,-1.5731207,0.945419654075825,1.0,False
Cyp313a1,-0.06845976,-2.4734378,0.945419654075825,1.0,False
CG43844,-0.06845976,-1.9172049,0.945419654075825,1.0,False
CG1136,-0.06845976,-0.70540726,0.945419654075825,1.0,False
ppk26,-0.068463184,-20.177639,0.9454169291833365,1.0,False
verm,-0.068463184,-1.8856254,0.9454169291833365,1.0,False
Ipk1,-0.068463184,-1.5799885,0.9454169291833365,1.0,False
asRNA:CR45041,-0.068463184,-1.4042025,0.9454169291833365,1.0,False
lncRNA:CR46238,-0.068463184,-1.9286886,0.9454169291833365,1.0,False
CG32447,-0.068463184,-20.045643,0.9454169291833365,1.0,False
CG30002,-0.068463184,-20.662569,0.9454169291833365,1.0,False
snoRNA:Or-aca5,-0.068463184,-20.013119,0.9454169291833365,1.0,False
asRNA:CR43430,-0.068463184,-2.3704114,0.9454169291833365,1.0,False
CG10657,-0.068463184,-3.1115122,0.9454169291833365,1.0,False
CG34453,-0.068463184,-2.573723,0.9454169291833365,1.0,False
CG17376,-0.068463184,-20.518341,0.9454169291833365,1.0,False
Mst84Dd,-0.068463184,-20.36336,0.9454169291833365,1.0,False
CG13042,-0.068463184,-18.415754,0.9454169291833365,1.0,False
CG42395,-0.068463184,-1.3343279,0.9454169291833365,1.0,False
Cyp6a8,-0.068463184,-20.178333,0.9454169291833365,1.0,False
CG33178,-0.068463184,-1.2083715,0.9454169291833365,1.0,False
scaRNA:PsiU5-44,-0.068463184,-2.9724543,0.9454169291833365,1.0,False
CG13051,-0.068463184,-3.0045683,0.9454169291833365,1.0,False
CG3124,-0.068463184,-20.5367,0.9454169291833365,1.0,False
CG6138,-0.068466604,-1.5873578,0.9454142042914866,1.0,False
snoRNA:Psi28S-3571,-0.068466604,-2.7233582,0.9454142042914866,1.0,False
asRNA:CR44053,-0.068466604,-3.155213,0.9454142042914866,1.0,False
asRNA:CR44512,-0.068466604,-2.7410293,0.9454142042914866,1.0,False
lncRNA:CR44728,-0.06847002,-2.127761,0.9454114794002754,1.0,False
gcm,-0.06847002,-0.58109426,0.9454114794002754,1.0,False
asRNA:CR44368,-0.06847002,-3.3986018,0.9454114794002754,1.0,False
CG13856,-0.06847002,-2.0023453,0.9454114794002754,1.0,False
Apc2,-0.06847002,-3.609365,0.9454114794002754,1.0,False
CG6974,-0.06847345,-1.8859984,0.9454087545097029,1.0,False
asRNA:CR45800,-0.06847345,-5.506286,0.9454087545097029,1.0,False
qin,-0.06847345,-1.3281854,0.9454087545097029,1.0,False
BBS8,-0.06847345,-1.850251,0.9454087545097029,1.0,False
CG34263,-0.06847345,-1.9067793,0.9454087545097029,1.0,False
Cc2d2a,-0.06847687,-2.318938,0.9454060296197689,1.0,False
Lip4,-0.06847687,-2.6299345,0.9454060296197689,1.0,False
snoRNA:Psi18S-531,-0.06847687,-2.238406,0.9454060296197689,1.0,False
lncRNA:sphinx,-0.0684803,-3.0255046,0.9454033047304738,1.0,False
lncRNA:CR45981,-0.0684803,-2.2486699,0.9454033047304738,1.0,False
Spn28Dc,-0.0684803,-1.6894972,0.9454033047304738,1.0,False
CG43788,-0.0684803,-0.9820107,0.9454033047304738,1.0,False
CG14752,-0.06848372,-1.2130868,0.9454005798418175,1.0,False
Hsp70Aa,-0.06848372,-1.3366091,0.9454005798418175,1.0,False
CG6652,-0.068487145,-0.7958043,0.9453978549537999,1.0,False
CG43245,-0.068487145,-1.3414332,0.9453978549537999,1.0,False
Snmp1,-0.068487145,-0.84045064,0.9453978549537999,1.0,False
Cul6,-0.06849399,-0.96912843,0.9453924051796813,1.0,False
Fmo-1,-0.06849741,-2.4969683,0.9453896802935803,1.0,False
eggpl,-0.06850083,-2.0454264,0.9453869554081182,1.0,False
lncRNA:CR44784,-0.06850083,-1.1194292,0.9453869554081182,1.0,False
CG15739,-0.06850768,-0.33657667,0.9453815056391109,1.0,False
lncRNA:CR43951,-0.068511106,-1.195877,0.9453787807555658,1.0,False
fus,-0.068511106,-0.63527006,0.9453787807555658,1.0,False
CG11147,-0.068511106,-1.6998776,0.9453787807555658,1.0,False
CG31036,-0.068514526,-0.95867884,0.9453760558726598,1.0,False
Cpr49Af,-0.06851795,-1.5238887,0.9453733309903929,1.0,False
lncRNA:CR46258,-0.06852137,-1.430791,0.945370606108765,1.0,False
NtR,-0.06852137,-0.98444384,0.945370606108765,1.0,False
ovo,-0.06852137,-1.5202081,0.945370606108765,1.0,False
CG5958,-0.0685248,-1.736621,0.9453678812277763,1.0,False
Dnah3,-0.0685248,-2.0964985,0.9453678812277763,1.0,False
Nans,-0.0685248,-1.4090699,0.9453678812277763,1.0,False
CG16825,-0.06853164,-1.5569931,0.9453624314677165,1.0,False
Obp8a,-0.06853507,-0.6826921,0.9453597065886454,1.0,False
CG30377,-0.06853849,-0.4803394,0.9453569817102135,1.0,False
CG11029,-0.068545334,-0.63313216,0.9453515319552679,1.0,False
CG14259,-0.068545334,-0.83298993,0.9453515319552679,1.0,False
Kebab,-0.06854876,-1.3586693,0.9453488070787541,1.0,False
soti,-0.06855218,-1.119706,0.9453460822028797,1.0,False
lncRNA:CR46036,-0.06857272,-0.83195466,0.9453297329610627,1.0,False
CG32110,-0.06857272,-1.117365,0.9453297329610627,1.0,False
lft,-0.06857272,-0.6862256,0.9453297329610627,1.0,False
Rad51D,-0.068574436,-0.5961012,0.9453283705252838,1.0,False
RhoGEF64C,-0.06857614,-0.9359746,0.945327008089665,1.0,False
CG31121,-0.06858642,-0.82638586,0.94531883347931,1.0,False
lncRNA:CR45684,-0.0685984,-1.0473228,0.945309296441173,1.0,False
CG14830,-0.06861038,-0.6429372,0.9452997594108744,1.0,False
CG32026,-0.068641186,-0.3876129,0.9452752356546797,1.0,False
mtDNA-helicase,-0.06865145,-0.92033505,0.945267061080805,1.0,False
CG8379,-0.068695955,-0.05588064,0.9452316379939558,1.0,False
out,-0.06873018,-0.45368057,0.9452043895392949,1.0,False
Mf,-0.06874388,-0.5810161,0.9451934901753791,1.0,False
CG18473,-0.06876784,-0.65359443,0.9451744163132145,1.0,False
CheB42c,-0.068849996,-0.3814029,0.9451090204530451,1.0,False
asRNA:CR44981,-0.06886711,-0.43857828,0.9450953963620546,1.0,False
Gbp1,-0.06900404,-0.81733507,0.944986404212585,1.0,False
CG15203,-0.06905881,-0.3153505,0.9449428076410284,1.0,False
asRNA:CR46354,-0.069117,-0.43163905,0.9448964864644328,1.0,False
mRRF2,-0.06917862,-0.119065806,0.9448474407158197,1.0,False
CG18281,-0.06931041,-0.31252977,0.9447425380110883,1.0,False
Polr3D,-0.069592826,-0.07782925,0.9445177497299777,1.0,False
CG9302,-0.069717765,-0.17057285,0.9444182993536112,1.0,False
Rrp42,-0.069856405,-0.18083733,0.9443079513198349,1.0,False
Adsl,-0.06992487,-0.20952594,0.9442534588576992,1.0,False
mh,-0.07007891,-0.2227259,0.9441308517720869,1.0,False
Asator,-0.07035105,-0.06367859,0.9439142491572542,1.0,False
CG32452,-0.07048627,-0.23396221,0.9438066305312107,1.0,False
brk,-0.07057698,-0.16785794,0.9437344312682483,1.0,False
Mterf4,-0.07062148,-0.10585433,0.9436990129308523,1.0,False
CG1750,-0.07080462,-0.14527866,0.9435532540224317,1.0,False
CG30495,-0.07094839,-0.28296688,0.9434388277922241,1.0,False
CG12945,-0.0721756,-0.18214841,0.9424621659262296,1.0,False
Cpsf100,-0.07271988,-0.18504484,0.9420290296896987,1.0,False
Gem2,-0.072784916,-0.25539967,0.9419772724156722,1.0,False
Atg12,-0.07282257,-0.1636401,0.9419473077900514,1.0,False
Gk2,-0.07286194,-0.18435705,0.9419159812238475,1.0,False
CG7239,-0.07300058,-0.13977203,0.9418056579455836,1.0,False
SH3PX1,-0.073183715,-0.08801921,0.9416599239690085,1.0,False
CG17141,-0.07339937,-0.20430155,0.9414883145012378,1.0,False
Fcp1,-0.074280836,-0.13652395,0.9407869231779252,1.0,False
PolZ2,-0.074522175,-0.08943743,0.9405948997518635,1.0,False
CG31156,-0.07491926,-0.11588244,0.9402789538343371,1.0,False
Deaf1,-0.07520338,-0.12418652,0.9400528948487151,1.0,False
Pgant35A,-0.07568776,-0.17867419,0.9396675162785287,1.0,False
Tap42,-0.076447695,-0.13678902,0.9390629225748612,1.0,False
sp3,-0.07663426,-0.12827101,0.9389145029003735,1.0,False
CG1486,-0.076779746,-0.17752072,0.9387987642595379,1.0,False
ap,-0.07682938,-0.2344327,0.9387592772542079,1.0,False
CG18259,-0.07730691,-0.1463731,0.938379392737872,1.0,False
Polr2H,-0.07734457,-0.15346913,0.9383494382817849,1.0,False
CG30109,-0.07917596,-0.07774551,0.9368926685752564,1.0,False
CG14207,-0.079557635,-0.14838451,0.936589087866908,1.0,False
ND-75,-0.07978699,-0.10285641,0.9364066716032811,1.0,False
CG12259,-0.080647916,-0.19480789,0.9357219598175738,1.0,False
Polr1H,-0.08182206,-0.10407846,0.9347882149045783,1.0,False
CG6470,-0.082053125,-0.038850754,0.934604470962133,1.0,False
Fancd2,-0.08207879,-0.3849956,0.9345840551833899,1.0,False
mtg,-0.08210276,-0.4038177,0.9345650004953778,1.0,False
Kif19A,-0.08210618,-0.34780043,0.9345622784001503,1.0,False
qjt,-0.0821096,-0.8963949,0.9345595563056879,1.0,False
mthl5,-0.08211303,-0.37710568,0.9345568342119905,1.0,False
asRNA:CR44840,-0.08211645,-0.38458908,0.9345541121190584,1.0,False
RecQ4,-0.08211645,-0.80332744,0.9345541121190584,1.0,False
lncRNA:CR43849,-0.082119875,-0.7088495,0.9345513900268914,1.0,False
CG32295,-0.08212159,-0.59812534,0.9345500289810948,1.0,False
mst,-0.08212159,-0.17520006,0.9345500289810948,1.0,False
CG8419,-0.08212501,-0.64572704,0.9345473068900756,1.0,False
CG18371,-0.08214041,-1.4108242,0.9345350574899597,1.0,False
CG17010,-0.08214212,-0.9562276,0.9345336964464591,1.0,False
Phf7,-0.082143836,-1.7713665,0.9345323354031498,1.0,False
CG33475,-0.082143836,-1.8507367,0.9345323354031498,1.0,False
lncRNA:CR42736,-0.08214555,-1.695594,0.9345309743600319,1.0,False
lncRNA:CR44851,-0.082147256,-1.2874827,0.9345296133171054,1.0,False
CG9876,-0.082147256,-2.6145,0.9345296133171054,1.0,False
Gbp3,-0.082147256,-1.2141997,0.9345296133171054,1.0,False
lncRNA:CR44353,-0.082147256,-0.92822844,0.9345296133171054,1.0,False
CG12662,-0.08215068,-2.4713283,0.9345268912318263,1.0,False
CG43272,-0.08215068,-2.636563,0.9345268912318263,1.0,False
CG14662,-0.08215068,-2.1815267,0.9345268912318263,1.0,False
nmdyn-D7,-0.0821524,-1.8920915,0.9345255301894739,1.0,False
CG33270,-0.0821524,-1.9535757,0.9345255301894739,1.0,False
Lsd-1,-0.0821541,-1.6650999,0.9345241691473128,1.0,False
CG11060,-0.082155816,-20.194618,0.9345228081053432,1.0,False
Targ,-0.082155816,-20.287245,0.9345228081053432,1.0,False
CG7387,-0.082155816,-19.61561,0.9345228081053432,1.0,False
CG13622,-0.082155816,-20.051723,0.9345228081053432,1.0,False
CG31076,-0.082155816,-20.400036,0.9345228081053432,1.0,False
Mst84Da,-0.082155816,-20.565884,0.9345228081053432,1.0,False
CG15553,-0.082155816,-1.9635314,0.9345228081053432,1.0,False
CG17450,-0.08215753,-3.411912,0.9345214470635648,1.0,False
asRNA:CR45350,-0.082159236,-0.70554596,0.9345200860219779,1.0,False
Or13a,-0.082159236,-0.7922592,0.9345200860219779,1.0,False
dila,-0.08216266,-1.9897234,0.9345173639393782,1.0,False
CG14490,-0.08216266,-2.1758456,0.9345173639393782,1.0,False
CG4594,-0.08216266,-2.28983,0.9345173639393782,1.0,False
t-Grip128,-0.08216608,-0.48122913,0.9345146418575442,1.0,False
CG10185,-0.08216608,-2.7167375,0.9345146418575442,1.0,False
CG15071,-0.08216608,-1.5780901,0.9345146418575442,1.0,False
CG15892,-0.08216608,-0.7828713,0.9345146418575442,1.0,False
CG4839,-0.08216951,-1.5989885,0.9345119197764757,1.0,False
Reg-2,-0.08216951,-0.71971333,0.9345119197764757,1.0,False
CG31407,-0.08216951,-2.6261494,0.9345119197764757,1.0,False
CG8501,-0.08217293,-2.7692745,0.934509197696173,1.0,False
lncRNA:CR44357,-0.08217293,-2.5687075,0.934509197696173,1.0,False
CG14443,-0.08217293,-1.0153791,0.934509197696173,1.0,False
lncRNA:CR45820,-0.08217293,-1.2056495,0.934509197696173,1.0,False
Scp1,-0.082174644,-0.98674995,0.9345078366563088,1.0,False
CG32192,-0.08217636,-2.7420592,0.9345064756166359,1.0,False
lncRNA:CR46041,-0.08217806,-2.1159284,0.9345051145771546,1.0,False
lncRNA:CR43785,-0.08217978,-0.4660757,0.9345037535378645,1.0,False
Sph242,-0.08217978,-0.5284671,0.9345037535378645,1.0,False
CG34141,-0.08217978,-0.5889333,0.9345037535378645,1.0,False
CG14778,-0.082186624,-1.6065079,0.9344983093826192,1.0,False
TwdlT,-0.082186624,-1.1007594,0.9344983093826192,1.0,False
CG13133,-0.08218834,-1.7699559,0.9344969483442864,1.0,False
lncRNA:CR44809,-0.08219176,-1.6372666,0.9344942262681954,1.0,False
CG34030,-0.08219689,-2.146469,0.934490143155495,1.0,False
lncRNA:CR45472,-0.08220203,-0.7546256,0.9344860600445177,1.0,False
CG34027,-0.08220374,-0.60733235,0.9344846990079082,1.0,False
lncRNA:CR45381,-0.08220887,-1.0543693,0.9344806158992289,1.0,False
CG7102,-0.082210585,-0.46181116,0.9344792548633856,1.0,False
CG34253,-0.0822123,-0.8508052,0.9344778938277336,1.0,False
asRNA:CR44179,-0.08221572,-1.267125,0.9344751717570043,1.0,False
CG15047,-0.08222599,-1.4276276,0.9344670055494132,1.0,False
tsl,-0.08223284,-0.68190944,0.9344615614148499,1.0,False
CG44385,-0.08223455,-0.6359832,0.9344602003816881,1.0,False
NijA,-0.082237974,-1.699494,0.934457478315939,1.0,False
HP1e,-0.08224139,-1.2929511,0.9344547562509562,1.0,False
CG13606,-0.08224139,-1.1727034,0.9344547562509562,1.0,False
Pgant4,-0.08224139,-1.0056882,0.9344547562509562,1.0,False
smp-30,-0.08224482,-1.2972242,0.9344520341867396,1.0,False
SoYb,-0.08224824,-1.469814,0.9344493121232895,1.0,False
Obp69a,-0.08226878,-1.0941299,0.9344329797586842,1.0,False
CG18563,-0.0822722,-1.6636384,0.9344302577005995,1.0,False
CG7110,-0.08228418,-0.31844696,0.9344207305033403,1.0,False
G6pd,-0.08231157,-1.0169477,0.9343989540877339,1.0,False
CG11686,-0.0823304,-0.71503973,0.9343839828304776,1.0,False
sncRNA:CR43701,-0.082352646,-1.3602546,0.9343662895563669,1.0,False
CG2121,-0.0823903,-1.0071906,0.9343363471663502,1.0,False
CG10710,-0.082400575,-0.5391471,0.934328181076102,1.0,False
AstA-R2,-0.08240228,-0.5278105,0.9343268200617325,1.0,False
Dmel_CG32368,-0.08248957,-0.9397795,0.9342574085835054,1.0,False
grass,-0.08252038,-0.34904587,0.9342329105340215,1.0,False
dap,-0.082742885,-0.33446977,0.9340559820272948,1.0,False
CSN4,-0.082802795,-0.13194464,0.9340083479855127,1.0,False
CG40486,-0.08284216,-0.80164576,0.9339770457438401,1.0,False
CG31897,-0.08288837,-0.122647986,0.9339402997643105,1.0,False
CG15211,-0.08303899,-0.88678384,0.9338205360676773,1.0,False
CG15725,-0.08305439,-0.25987723,0.93380828759218,1.0,False
CG43342,-0.08305782,-0.3110889,0.9338055657108643,1.0,False
Wdr24,-0.08314682,-0.11919928,0.9337347970683793,1.0,False
CG13192,-0.083434366,-0.11954,0.9335061634977201,1.0,False
Ufsp2,-0.08344121,-0.07073006,0.9335007199080552,1.0,False
CG10126,-0.083845146,-0.4197193,0.9331795536307199,1.0,False
CG9522,-0.08440141,-0.51111525,0.932737287376414,1.0,False
CG9577,-0.084851556,-0.15174496,0.9323794071087901,1.0,False
bru2,-0.085127115,-0.30124882,0.9321603312520677,1.0,False
Dmel_CR45557,-0.08532737,-0.12412524,0.932001130281362,1.0,False
Pdrg1,-0.085628614,-0.18105462,0.9317616536050779,1.0,False
CG11089,-0.0858631,-0.5068289,0.9315752470576827,1.0,False
CG6685,-0.085991465,-0.10125105,0.9314732012667417,1.0,False
NetA,-0.08626532,-0.39584208,0.9312555073463068,1.0,False
CG6683,-0.08672402,-0.20869127,0.930890881559088,1.0,False
lncRNA:CR43199,-0.087009855,-0.32843092,0.9306636780445011,1.0,False
asRNA:CR43944,-0.08749081,-0.1519374,0.9302813902824371,1.0,False
fdl,-0.08794267,-0.1346162,0.9299222449037813,1.0,False
CG4186,-0.08868036,-0.09424883,0.9293359435661843,1.0,False
udt,-0.08884467,-0.20124383,0.9292053572966169,1.0,False
Aasdh,-0.08902267,-0.18141364,0.9290638909892488,1.0,False
GstE12,-0.089185275,-0.30390975,0.928934668917486,1.0,False
CG34116,-0.08922464,-0.2060134,0.9289033838554277,1.0,False
CG5916,-0.09034059,-0.1240928,0.9280165662494968,1.0,False
JMJD7,-0.0927077,-0.22584775,0.9261357765044046,1.0,False
gammaSnap2,-0.09278644,-0.14364785,0.926073226540111,1.0,False
CysRS-m,-0.094540805,-0.051818904,0.9246795694002874,1.0,False
Srx,-0.09462296,-0.18884844,0.9246143110883802,1.0,False
CG3448,-0.09517067,-0.06752983,0.9241792686611925,1.0,False
Vm32E,-0.09546164,-0.07903904,0.9239481615868129,1.0,False
dsf,-0.09553695,-0.12140785,0.9238883466831024,1.0,False
CG7889,-0.09564477,-0.17912975,0.9238027033657449,1.0,False
CG34398,-0.095756024,-0.27460146,0.9237143421386951,1.0,False
CG4375,-0.09576287,-0.4671003,0.9237089045554577,1.0,False
CG17219,-0.09580395,-0.5266093,0.9236762791309073,1.0,False
lncRNA:CR45191,-0.09580737,-0.64318067,0.923673560351323,1.0,False
CG17777,-0.0958108,-0.33488432,0.9236708415726302,1.0,False
CG5565,-0.095827915,-1.4451243,0.9236572476925429,1.0,False
lncRNA:CR45233,-0.095831335,-0.7015129,0.9236545289192007,1.0,False
ninaG,-0.095831335,-0.98750997,0.9236545289192007,1.0,False
lncRNA:CR44702,-0.09583476,-1.593327,0.9236518101467506,1.0,False
28SrRNA-Psi:CR45851,-0.09583476,-2.4577992,0.9236518101467506,1.0,False
lncRNA:CR44171,-0.09583476,-0.9147917,0.9236518101467506,1.0,False
lncRNA:CR44082,-0.09583818,-1.0986059,0.9236490913751922,1.0,False
rasp,-0.09584161,-0.9121125,0.923646372604526,1.0,False
CG5906,-0.09584503,-1.5608829,0.9236436538347517,1.0,False
comm3,-0.09584503,-1.9788312,0.9236436538347517,1.0,False
Ndc80,-0.095848456,-19.903223,0.9236409350658693,1.0,False
CG13046,-0.095848456,-20.659746,0.9236409350658693,1.0,False
CG45067,-0.095848456,-1.1403323,0.9236409350658693,1.0,False
mcw,-0.095848456,-1.4914852,0.9236409350658693,1.0,False
TotX,-0.095848456,-21.066757,0.9236409350658693,1.0,False
png,-0.095848456,-20.119078,0.9236409350658693,1.0,False
vilya,-0.095848456,-19.780455,0.9236409350658693,1.0,False
Mlp60A,-0.095851876,-3.1146462,0.923638216297879,1.0,False
lncRNA:CR44608,-0.095855296,-1.6367178,0.9236354975307808,1.0,False
CG12780,-0.095855296,-0.6424646,0.9236354975307808,1.0,False
lncRNA:CR44979,-0.095855296,-1.641109,0.9236354975307808,1.0,False
CG14451,-0.095855296,-1.0175128,0.9236354975307808,1.0,False
Argk2,-0.095855296,-1.4533435,0.9236354975307808,1.0,False
CG15043,-0.09585872,-1.1654149,0.9236327787645746,1.0,False
asRNA:CR46029,-0.09585872,-0.44683865,0.9236327787645746,1.0,False
lncRNA:CR44973,-0.09586214,-1.3907981,0.9236300599992606,1.0,False
CG15362,-0.09586214,-0.6603934,0.9236300599992606,1.0,False
yellow-f2,-0.09586557,-2.377885,0.9236273412348388,1.0,False
CG43897,-0.09586899,-0.9273094,0.9236246224713092,1.0,False
CG34160,-0.09587242,-1.8264291,0.9236219037086718,1.0,False
slf,-0.09587584,-1.3024483,0.9236191849469266,1.0,False
CG4582,-0.095882684,-1.7440321,0.9236137474261134,1.0,False
CG9782,-0.09589295,-0.7484872,0.923605591151586,1.0,False
lncRNA:CR43661,-0.09589295,-1.4758631,0.923605591151586,1.0,False
Ccdc85,-0.0958998,-2.4939852,0.9236001536396967,1.0,False
asRNA:CR31912,-0.0958998,-1.9566684,0.9236001536396967,1.0,False
CG42809,-0.09590493,-0.18785308,0.9235960755081225,1.0,False
CG17121,-0.09591007,-0.65100473,0.9235919973785567,1.0,False
Vdup1,-0.09591349,-1.7971829,0.9235892786266284,1.0,False
Akh,-0.09591691,-1.450205,0.9235865598755929,1.0,False
lncRNA:CR44986,-0.09592034,-1.8126734,0.92358384112545,1.0,False
CG13984,-0.09592034,-1.2421817,0.92358384112545,1.0,False
asRNA:CR45209,-0.09593403,-1.0659635,0.9235729661338059,1.0,False
Fbp,-0.09593745,-0.4192654,0.9235702473881269,1.0,False
asRNA:CR43787,-0.09594088,-0.70205545,0.9235675286433407,1.0,False
CG31007,-0.09594773,-0.3564385,0.923562091156447,1.0,False
flap,-0.09595115,-1.1297159,0.9235593724143397,1.0,False
CG4733,-0.09597511,-1.0422704,0.9235403412445933,1.0,False
Cyp6g1,-0.0959888,-0.9592172,0.9235294663101024,1.0,False
lncRNA:CR45388,-0.09599565,-0.2683634,0.9235240288482167,1.0,False
CG31300,-0.09599907,-0.7949918,0.923521310118614,1.0,False
Dro,-0.09600592,-2.104722,0.9235158726620889,1.0,False
CG34331,-0.09601276,-1.2023513,0.9235104352091378,1.0,False
lncRNA:CR13130,-0.09603159,-0.44650632,0.9234954822319525,1.0,False
Sgs4,-0.096036725,-1.545428,0.9234914041519574,1.0,False
CG15332,-0.09606411,-1.0716182,0.92346965442595,1.0,False
CG6472,-0.09606753,-1.7189953,0.9234669357142219,1.0,False
CG11983,-0.096136,-0.23297437,0.9234125616674538,1.0,False
Pph13,-0.09615996,-0.56042266,0.9233935308356205,1.0,False
snu,-0.09629004,-0.42340717,0.9232902213710968,1.0,False
Prat2,-0.09630031,-0.872839,0.9232820654158279,1.0,False
Polr1F,-0.09635165,-0.3187823,0.9232412857604884,1.0,False
Est-6,-0.09636193,-0.7756554,0.9232331298536274,1.0,False
gl,-0.096574165,-0.7463071,0.9230645762534193,1.0,False
hd,-0.096885666,-0.52784145,0.9228171893246594,1.0,False
PIG-C,-0.09725024,-0.38048163,0.9225276745456421,1.0,False
sff,-0.09729303,-0.13996473,0.9224936946101077,1.0,False
CG32687,-0.097607955,-0.8051697,0.9222436066406502,1.0,False
Cyp12b2,-0.09787496,-0.19079272,0.9220315815569033,1.0,False
Taf9,-0.09815395,-0.13411656,0.9218100484466791,1.0,False
CG32537,-0.09828403,-0.20814623,0.9217067590077559,1.0,False
CG8461,-0.09832168,-0.20921732,0.9216768596797096,1.0,False
mu2,-0.09868625,-0.29911837,0.9213873855521184,1.0,False
Pgant3,-0.09915351,-0.27875942,0.9210163846500599,1.0,False
CG8272,-0.09994084,-0.20879157,0.920391293847564,1.0,False
Apc,-0.10049368,-0.13578214,0.919952400762917,1.0,False
Rca1,-0.10056899,-0.052324004,0.9198926153536797,1.0,False
CG12325,-0.10104823,-0.17495485,0.9195121733725182,1.0,False
CG5068,-0.101917714,-0.12805212,0.9188219900142233,1.0,False
CG8435,-0.10234732,-0.18272513,0.9184809967631835,1.0,False
CG11170,-0.10323392,-0.18366797,0.9177773211075603,1.0,False
CG13994,-0.10356254,-0.13189949,0.9175165155733401,1.0,False
bs,-0.10374226,-0.10036761,0.9173738912992879,1.0,False
CG12096,-0.10464255,-0.16329709,0.9166594517198855,1.0,False
Ccz1,-0.10466309,-0.264743,0.9166431535011299,1.0,False
POLDIP2,-0.104736686,-0.07979547,0.9165847518383441,1.0,False
CG12104,-0.10516971,-0.15130696,0.9162411418795716,1.0,False
CG1965,-0.10558563,-0.16553904,0.9159111280739602,1.0,False
CG30015,-0.10636097,-0.15395088,0.9152959558855219,1.0,False
CG7789,-0.10641574,-0.17503,0.9152525019275305,1.0,False
p38b,-0.10793905,-0.14307693,0.9140440406603737,1.0,False
ValRS,-0.10826767,-0.17074893,0.9137833648632632,1.0,False
CycC,-0.10835496,-0.1123912,0.9137141244124678,1.0,False
Mon1,-0.10876232,-0.24975829,0.9133910109763931,1.0,False
Edem1,-0.108995095,-0.27796367,0.9132063811510489,1.0,False
CG9752,-0.10932543,-0.28692502,0.9129443777506302,1.0,False
Yip1d1,-0.10936309,-0.17280956,0.9129145126782603,1.0,False
lncRNA:CR45170,-0.109421276,-0.2520245,0.9128683578083359,1.0,False
CG12010,-0.10950515,-0.2918095,0.9128018410128255,1.0,False
CG5346,-0.10951541,-0.59311485,0.9127936961410608,1.0,False
CG5555,-0.10951713,-0.21890458,0.9127923386633239,1.0,False
CG32625,-0.10952226,-1.4833798,0.91278826623164,1.0,False
CG13679,-0.10952226,-1.015162,0.91278826623164,1.0,False
Myo28B1,-0.10952911,-0.51787275,0.9127828363262906,1.0,False
CG31213,-0.10953082,-1.4197775,0.9127814788505896,1.0,False
CG12426,-0.109539375,-3.0056992,0.9127746914759013,1.0,False
Ag5r,-0.10954109,-0.5344475,0.9127733340017272,1.0,False
nesd,-0.1095428,-0.9564261,0.9127719765278075,1.0,False
CG16959,-0.1095428,-1.3160286,0.9127719765278075,1.0,False
CG32855,-0.10954622,-1.4109344,0.9127692615807318,1.0,False
TTLL6A,-0.10956163,-3.233857,0.9127570443314903,1.0,False
Mlc2,-0.10956163,-1.3559959,0.9127570443314903,1.0,False
ninaD,-0.10956848,-3.0388393,0.9127516144495569,1.0,False
SdhAL,-0.1095719,-0.6700157,0.9127488995101176,1.0,False
CG14589,-0.1095719,-1.4359535,0.9127488995101176,1.0,False
Nepl21,-0.10958046,-1.0456257,0.9127421121659746,1.0,False
Mpcp1,-0.109590724,-3.0741842,0.9127339673614049,1.0,False
CG33098,-0.10959244,-2.0180871,0.9127326098948677,1.0,False
CG17650,-0.109614685,-0.7738919,0.9127149628530576,1.0,False
Cht8,-0.1096164,-0.854559,0.9127136053900857,1.0,False
Pbp45,-0.109623246,-1.0479401,0.9127081755407447,1.0,False
CG42810,-0.10962838,-1.3408016,0.9127041031564133,1.0,False
Cyp311a1,-0.10964549,-1.0466633,0.9126905285585319,1.0,False
Obp85a,-0.10965919,-0.49808383,0.9126796688985688,1.0,False
CG6785,-0.10966432,-0.77398014,0.9126755965302863,1.0,False
CG15353,-0.10973621,-0.9548269,0.9126185836151604,1.0,False
CG4592,-0.10973792,-1.1549642,0.9126172261702807,1.0,False
CG6788,-0.10987656,-0.28926975,0.9125072739821035,1.0,False
CG31313,-0.10990908,-0.63919526,0.9124814829705259,1.0,False
CG31633,-0.11000322,-0.25838402,0.9124068252988611,1.0,False
fy,-0.1101487,-0.19622447,0.912291446781716,1.0,False
snRNP-U1-C,-0.11025653,-0.15247871,0.9122059321324921,1.0,False
CG32457,-0.11059371,-0.35647237,0.9119385357463061,1.0,False
CG5348,-0.110621095,-0.6807092,0.9119168187107151,1.0,False
CG4949,-0.11094972,-0.19999427,0.9116562194197856,1.0,False
Pex3,-0.11103701,-0.26049376,0.9115869993290949,1.0,False
CG14667,-0.11136392,-0.1658089,0.9113277692687445,1.0,False
Atat,-0.11159498,-0.13703626,0.9111445495243579,1.0,False
l(2)05287,-0.111778125,-0.14865851,0.9109993342678347,1.0,False
CG2972,-0.111778125,-0.21293974,0.9109993342678347,1.0,False
mus101,-0.11202117,-0.3249319,0.9108066232848093,1.0,False
CG14270,-0.112113595,-0.20966363,0.9107333402028513,1.0,False
asRNA:CR45161,-0.112536356,-0.36895996,0.9103981476474585,1.0,False
CG7246,-0.11315423,-0.2963994,0.9099082795372908,1.0,False
Dhps,-0.11376184,-0.26587284,0.9094265866775698,1.0,False
mRpL48,-0.11391588,-0.12619366,0.9093044726445363,1.0,False
Elp1,-0.11401345,-0.17547429,0.9092271348650816,1.0,False
Flacc,-0.114023715,-0.14025025,0.9092189940962204,1.0,False
D19B,-0.114141814,-0.17019524,0.9091253759396813,1.0,False
Cox11,-0.115054086,-0.1386233,0.9084022522223041,1.0,False
Nprl2,-0.11513796,-0.104889296,0.9083357774820098,1.0,False
Suv3,-0.11519786,-0.16039154,0.9082882959176286,1.0,False
CG3165,-0.11521326,-0.27034098,0.9082760864254571,1.0,False
CG2202,-0.115247495,-0.16285259,0.908248954298216,1.0,False
fs(2)ltoPP43,-0.11532794,-0.16209525,0.9081851942205867,1.0,False
Pex2,-0.1183523,-0.19719449,0.9057885193884856,1.0,False
SamDC,-0.1191807,-0.12354155,0.9051321935196404,1.0,False
l(2)09851,-0.119446,-0.19537021,0.9049220201929564,1.0,False
CG9109,-0.11944942,-0.24228498,0.9049193083225543,1.0,False
Smyd3,-0.119451135,-0.107608736,0.9049179523877691,1.0,False
crn,-0.12009982,-0.16831608,0.9044040731023582,1.0,False
gogo,-0.12059447,-0.17251053,0.904012250089629,1.0,False
CG15601,-0.12060987,-0.032001127,0.9040000483636568,1.0,False
CG31800,-0.12103263,-0.11830162,0.9036651876313123,1.0,False
CG7914,-0.12252513,-0.12993656,0.9024831446461221,1.0,False
asRNA:CR43426,-0.12292564,-0.17261463,0.9021659817124974,1.0,False
CG17637,-0.12300951,-0.28364098,0.9020995692275534,1.0,False
CG44521,-0.12313445,-0.6272765,0.9020006294493853,1.0,False
CG17030,-0.12318238,-0.31049618,0.9019626803492446,1.0,False
Arl6,-0.12320976,-1.0006373,0.9019409952497431,1.0,False
Lfg,-0.1232303,-1.5877148,0.9019247314731328,1.0,False
Jhbp3,-0.12323373,-1.5309354,0.9019220208476996,1.0,False
Obp56e,-0.12323373,-21.151531,0.9019220208476996,1.0,False
Efhc1.1,-0.123243995,-2.8150089,0.901913888978261,1.0,False
alpha-Est3,-0.12325084,-2.2371933,0.9019084677376864,1.0,False
CG5653,-0.12325084,-4.633723,0.9019084677376864,1.0,False
Mtk,-0.12325769,-1.702843,0.9019030465016863,1.0,False
lncRNA:CR43818,-0.123267956,-2.206534,0.9018949146562639,1.0,False
RabX5,-0.12327822,-1.7685382,0.9018867828211355,1.0,False
lncRNA:CR44441,-0.12328165,-0.49642378,0.9018840722117138,1.0,False
CG14246,-0.12328165,-1.3247845,0.9018840722117138,1.0,False
ldd,-0.12328507,-1.9980869,0.901881361603436,1.0,False
CG3699,-0.12328507,-1.3922976,0.901881361603436,1.0,False
asRNA:CR46066,-0.12330561,-1.6475892,0.9018650979777931,1.0,False
spn-B,-0.123322725,-0.65076065,0.9018515449878873,1.0,False
sud1,-0.12332615,-0.28667888,0.9018488343933388,1.0,False
CG14561,-0.12332957,-0.13809289,0.9018461237999348,1.0,False
clos,-0.12333984,-1.0535499,0.9018379920265887,1.0,False
CG3301,-0.12334669,-0.9448894,0.9018325708500801,1.0,False
grh,-0.12335353,-1.5476367,0.9018271496781496,1.0,False
PolA2,-0.123401456,-0.83628416,0.9017892016028413,1.0,False
CG11882,-0.12340317,-0.08027301,0.9017878463185875,1.0,False
Vha36-3,-0.12341858,-1.4132209,0.901775648773186,1.0,False
Zip88E,-0.12341858,-0.17926648,0.901775648773186,1.0,False
CG14785,-0.123452805,-0.41315243,0.9017485431997664,1.0,False
asRNA:CR46033,-0.12345623,-0.55178255,0.9017458326487241,1.0,False
Argl,-0.123476766,-0.51807284,0.9017295693665267,1.0,False
Trax,-0.12353496,-0.113633305,0.9016834902909729,1.0,False
CG4455,-0.12356235,-0.4016147,0.9016618061347373,1.0,False
Ugt36E1,-0.12362054,-1.1287049,0.901615727546383,1.0,False
CG14823,-0.12366162,-0.91323066,0.9015832016835853,1.0,False
SAK,-0.123682156,-0.32190707,0.9015669388141418,1.0,False
Lsm11,-0.123712964,-0.42132285,0.9015425445874399,1.0,False
CG14401,-0.1238362,-0.81959,0.90144496861062,1.0,False
Pof,-0.124056995,-0.18192203,0.9012701487104291,1.0,False
IntS12,-0.12412888,-0.29679215,0.9012132316362892,1.0,False
SmydA-7,-0.124175094,-0.5681062,0.9011766423568006,1.0,False
Cyt-c-d,-0.12418879,-0.6852871,0.901165801129123,1.0,False
Atac2,-0.12443525,-0.2145473,0.900970662185284,1.0,False
l(3)72Dp,-0.12451228,-0.4035741,0.900909682492111,1.0,False
Rrp46,-0.1246201,-0.32330504,0.900824311904207,1.0,False
CG12182,-0.124621816,-0.31827626,0.9008229568247567,1.0,False
p53,-0.124688566,-0.32373026,0.9007701089516812,1.0,False
CG2875,-0.124957286,-0.31943193,0.9005573668375689,1.0,False
PhLP1,-0.12505142,-0.24474113,0.90048284103415,1.0,False
CG14985,-0.12513529,-0.3861615,0.9004164460573263,1.0,False
CG15814,-0.12540059,-0.12085667,0.9002064257210565,1.0,False
Vlet,-0.12599793,-0.15301882,0.8997335668209208,1.0,False
Nsun5,-0.12619989,-0.115876526,0.89957369706875,1.0,False
trem,-0.1267322,-0.17900896,0.8991523649724715,1.0,False
Pal1,-0.12713441,-0.11243019,0.898834013906433,1.0,False
Stt3B,-0.12746304,-0.18744884,0.898573926393089,1.0,False
scat,-0.12746476,-0.2183676,0.8985725717991176,1.0,False
CG13123,-0.12813568,-0.3314327,0.8980415937653248,1.0,False
CG3862,-0.12877753,-0.15436293,0.8975336855573908,1.0,False
CG2211,-0.12893157,-0.17492318,0.8974117938262576,1.0,False
flr,-0.12901886,-0.16067107,0.8973427229196904,1.0,False
boca,-0.12939712,-0.10227632,0.8970434246533915,1.0,False
MED8,-0.12953062,-0.18455826,0.8969377934665086,1.0,False
CG13766,-0.12971547,-0.21535148,0.8967915379160216,1.0,False
Bka,-0.13042921,-0.19387887,0.8962268619396854,1.0,False
CG12795,-0.13053189,-0.14682241,0.8961456179168084,1.0,False
CG14882,-0.13076809,-0.15331875,0.8959587607985752,1.0,False
Prp40,-0.13191314,-0.17557052,0.8950529919798934,1.0,False
Dlc90F,-0.13247626,-0.107349,0.8946076042090275,1.0,False
CG12818,-0.13292298,-0.3013563,0.8942542958956929,1.0,False
Remo,-0.13304621,-0.004707008,0.894156835222304,1.0,False
Papss,-0.13309413,-0.17195176,0.8941189342807795,1.0,False
Uqcc1,-0.13311297,-0.14981699,0.8941040446913173,1.0,False
Usp39,-0.13377877,-0.24581139,0.8935775186952603,1.0,False
Wbp2,-0.13383867,-0.1418286,0.893530147187108,1.0,False
CG10646,-0.13480914,-0.17761788,0.8927627817875,1.0,False
Map60,-0.13491867,-0.17225248,0.8926761718790336,1.0,False
CG9304,-0.13553143,-0.19323367,0.8921917213381777,1.0,False
lncRNA:CR44332,-0.13561872,-0.027977282,0.8921227107039356,1.0,False
insv,-0.13655494,-0.22964786,0.8913825892992098,1.0,False
CG2209,-0.1366217,-0.18841133,0.8913298237373589,1.0,False
Leash,-0.13668846,-0.19143583,0.8912770586567128,1.0,False
l(2)efl,-0.1366953,-0.16987994,0.8912716468807869,1.0,False
CG15528,-0.13687673,-1.2381725,0.8911282366649571,1.0,False
CG5810,-0.13689555,-1.0756081,0.8911133546766287,1.0,False
CG5078,-0.13691267,-1.3641498,0.8910998256296145,1.0,False
CG42526,-0.13691609,-0.4443705,0.8910971198240161,1.0,False
Obp56d,-0.13692637,-21.148499,0.8910890024148296,1.0,False
CG33233,-0.13693835,-1.8267285,0.8910795321185386,1.0,False
yellow-h,-0.13694519,-1.4440352,0.8910741205276341,1.0,False
CG14448,-0.13694862,-1.8002658,0.8910714147340845,1.0,False
Pif1A,-0.13695033,-1.1239275,0.8910700618377854,1.0,False
CG31115,-0.13695545,-1.3409514,0.8910660031507907,1.0,False
lncRNA:CR44445,-0.13698627,-2.346328,0.8910416510887642,1.0,False
asRNA:CR45889,-0.13698968,-0.87502056,0.8910389453104381,1.0,False
CG13272,-0.1369914,-1.4574015,0.891037592421751,1.0,False
CG10864,-0.1370068,-0.98874366,0.8910254164378415,1.0,False
Obp19d,-0.13701536,-1.4755268,0.8910186520134398,1.0,False
Hn,-0.13704789,-1.3918244,0.8909929472730546,1.0,False
snoRNA:lola-c,-0.13707869,-0.5999338,0.8909685955194168,1.0,False
CG2321,-0.13709067,-0.26654327,0.8909591254207745,1.0,False
lncRNA:CR45965,-0.13713175,-0.47333822,0.8909266566292393,1.0,False
lncRNA:CR46322,-0.13715057,-1.2805402,0.8909117751609075,1.0,False
Trmt61,-0.137243,-0.6340255,0.8908387212374492,1.0,False
CG2772,-0.13725498,-1.1216686,0.8908292513522426,1.0,False
CG1572,-0.13726012,-0.20518102,0.8908251928347782,1.0,False
obst-E,-0.13740903,-0.9510535,0.8907074970730228,1.0,False
Syx18,-0.13742957,-0.14484991,0.8906912633637806,1.0,False
Plzf,-0.13750316,-0.1661693,0.8906330929486597,1.0,False
tomboy40,-0.13774107,-0.53018963,0.890445057728501,1.0,False
CG10462,-0.1377445,-0.8306664,0.8904423522307072,1.0,False
so,-0.13779071,-0.65695584,0.8904058281353625,1.0,False
Pgd,-0.13799952,-0.58209896,0.8902407962349566,1.0,False
Rnmt,-0.13835211,-0.08784957,0.8899621466107639,1.0,False
Ctu2,-0.13835382,-0.28144524,0.8899607939758094,1.0,False
CG32590,-0.13862254,-0.09167852,0.889748434263242,1.0,False
CG12659,-0.13899052,-0.32795164,0.8894576360284433,1.0,False
CG8243,-0.1408647,-0.19828987,0.8879768254434753,1.0,False
CG10514,-0.14089894,-0.42721298,0.8879497822942682,1.0,False
Rubicon,-0.14109918,-0.1682857,0.8877915824858215,1.0,False
Irp-1B,-0.14162807,-0.235709,0.8873737942435024,1.0,False
Slob,-0.14186256,-0.13586736,0.8871885712747026,1.0,False
Vps36,-0.14198922,-0.21064469,0.887088526393873,1.0,False
CoRest,-0.1431411,-0.14572471,0.8861787415442839,1.0,False
Mpv17,-0.14315823,-0.113901414,0.8861652243238639,1.0,False
asRNA:CR45835,-0.14475341,-0.21261461,0.8849055652947444,1.0,False
CalpB,-0.14518303,-0.22449182,0.884566371937877,1.0,False
CG8841,-0.14556642,-0.18672287,0.8842636833781992,1.0,False
CG11723,-0.14608845,-0.1991869,0.8838515676410864,1.0,False
Targ1,-0.14651805,-0.20562866,0.8835124402266173,1.0,False
toc,-0.14715648,-0.108468145,0.8830085174216042,1.0,False
mr,-0.14740123,-0.21874115,0.882815337038968,1.0,False
Myt1,-0.14774697,-0.317776,0.882542464740411,1.0,False
lncRNA:CR45808,-0.15038964,-0.5171434,0.88045721053979,1.0,False
ppk29,-0.15043586,-0.47647205,0.8804207529322837,1.0,False
mi,-0.1504735,-0.17596933,0.8803910469209674,1.0,False
CG32829,-0.15050603,-0.46189272,0.8803653918648264,1.0,False
lncRNA:CR45456,-0.15059845,-1.2784693,0.8802924781804068,1.0,False
CG31642,-0.15060359,-0.7364439,0.8802884274499131,1.0,False
S-Lap4,-0.15061215,-1.1262695,0.8802816762393847,1.0,False
spag4,-0.15062241,-1.9739494,0.8802735747982371,1.0,False
CG34227,-0.15062241,-3.740578,0.8802735747982371,1.0,False
CG9072,-0.1506498,-1.9992675,0.8802519710164436,1.0,False
Drip,-0.1506498,-1.2819918,0.8802519710164436,1.0,False
CG14787,-0.1506498,-1.8679284,0.8802519710164436,1.0,False
sofe,-0.15068746,-1.644394,0.8802222659620103,1.0,False
Drs,-0.15073197,-1.6203798,0.8801871602058949,1.0,False
lncRNA:CR44294,-0.15074566,-0.28226462,0.8801763584821539,1.0,False
CG8757,-0.15074907,-0.54067415,0.8801736580547024,1.0,False
PGRP-LC,-0.15075593,-1.340621,0.8801682572039797,1.0,False
slx1,-0.1507662,-1.1003393,0.8801601559383477,1.0,False
mira,-0.15076962,-0.8153536,0.8801574555192577,1.0,False
Mst77F,-0.15077303,-0.9847334,0.8801547551015615,1.0,False
snoRNA:Dek-a,-0.15077646,-0.77541965,0.8801520546852589,1.0,False
asRNA:CR44093,-0.15084493,-0.67581964,0.8800980466519407,1.0,False
gom,-0.15086547,-0.8034678,0.8800818443506964,1.0,False
CG12560,-0.15101266,-0.6609067,0.8799657293280309,1.0,False
CG14742,-0.15110509,-0.92014325,0.8798928212141679,1.0,False
r,-0.15124886,-0.36257723,0.879779410616702,1.0,False
Npc2g,-0.15130705,-1.1909544,0.8797335070282379,1.0,False
egg,-0.15138407,-0.16779038,0.879672752900312,1.0,False
CG14086,-0.1514337,-0.5599043,0.8796336006154221,1.0,False
l(1)G0004,-0.15144569,-0.23935196,0.8796241501079841,1.0,False
CG8833,-0.1516973,-0.16123748,0.8794256934149549,1.0,False
Trmt2a,-0.1517281,-0.3483155,0.8794013931156784,1.0,False
Caf1-105,-0.15176234,-0.22118427,0.8793743929163748,1.0,False
l(2)k14505,-0.15208752,-0.12503004,0.8791178980231966,1.0,False
dsx,-0.15235968,-0.5118143,0.8789032620455356,1.0,False
Bbd,-0.15247777,-0.4008886,0.8788101208987549,1.0,False
CG5800,-0.15248463,-0.46427166,0.8788047214634062,1.0,False
CG10347,-0.15340373,-0.23901382,0.8780798985419134,1.0,False
Mvb12,-0.1536485,-0.09362343,0.8778868995871245,1.0,False
Nnk,-0.154138,-0.20831423,0.8775009234623956,1.0,False
PIG-V,-0.15442212,-0.30391398,0.877276908713004,1.0,False
Usp12-46,-0.15461211,-0.24525408,0.8771271212000953,1.0,False
Teh3,-0.15461896,-0.37541854,0.8771217235339831,1.0,False
CG3176,-0.1552009,-0.30808288,0.8766629428236873,1.0,False
Cul5,-0.1552471,-0.28948092,0.8766265120116907,1.0,False
SmD3,-0.15528819,-0.1561616,0.8765941292871111,1.0,False
uno,-0.15588039,-0.23536539,0.8761273013229465,1.0,False
CG15443,-0.15699634,-0.18868288,0.8752477311842701,1.0,False
PNKP,-0.15723082,-0.12164786,0.8750629330868779,1.0,False
EndoB,-0.15770322,-0.13663962,0.8746906598085086,1.0,False
CG16868,-0.1577751,-0.14799853,0.8746340119562106,1.0,False
CG2921,-0.15825264,-0.17187697,0.8742577246892939,1.0,False
Wdr82,-0.15866342,-0.12079441,0.8739340594653754,1.0,False
nonA-l,-0.15868738,-0.10052291,0.8739151796446072,1.0,False
CG30349,-0.15878151,-0.31267717,0.8738410096152691,1.0,False
Abcd1,-0.1588979,-0.1144503,0.8737493100208096,1.0,False
eRF3,-0.1590006,-0.21664366,0.8736684000222127,1.0,False
CG1523,-0.1590314,-0.16733958,0.8736441272802162,1.0,False
Trmt10A,-0.15919401,-0.39727235,0.8735160231125733,1.0,False
Pex13,-0.16041094,-0.190262,0.8725573700558771,1.0,False
Osbp,-0.1610836,-0.20049931,0.8720275618683404,1.0,False
CG42399,-0.16126502,-0.2803397,0.8718846717697497,1.0,False
CG12355,-0.1615577,-0.13096197,0.8716541691982318,1.0,False
Rtc1,-0.16256411,-0.016609455,0.8708616471570281,1.0,False
Rbp1,-0.16351232,-0.111140065,0.8701150698286981,1.0,False
Strump,-0.16364753,-0.3367304,0.8700086178548192,1.0,False
lncRNA:CR43825,-0.16412164,-0.44705328,0.8696353808212927,1.0,False
Su(Ste):CR42418,-0.16423461,-0.974929,0.8695464549788181,1.0,False
CG14089,-0.16424318,-0.64679116,0.8695397182397826,1.0,False
CG4872,-0.16429281,-2.0879426,0.8695006453401204,1.0,False
CG6891,-0.16431677,-0.97064984,0.8694817826750075,1.0,False
CG30050,-0.16432704,-1.908989,0.8694736986984083,1.0,False
Mps1,-0.16434073,-0.7663165,0.8694629200841639,1.0,False
asRNA:CR44228,-0.16435272,-1.6174729,0.8694534888165965,1.0,False
asRNA:CR45469,-0.16435272,-0.49903858,0.8694534888165965,1.0,False
CG8701,-0.16437325,-1.7688731,0.8694373209725452,1.0,False
CG12134,-0.16437839,-0.30401573,0.8694332790200608,1.0,False
Hira,-0.16437839,-0.20521265,0.8694332790200608,1.0,False
CG18507,-0.16441262,-1.4727134,0.8694063327573542,1.0,False
Tsp42Eg,-0.16441946,-0.96916854,0.8694009435230108,1.0,False
CG5897,-0.16442117,-1.5799443,0.8693995962153727,1.0,False
Nepl11,-0.16442631,-1.4073048,0.8693955542947337,1.0,False
CG33998,-0.16445883,-0.9748615,0.8693699555432706,1.0,False
osy,-0.16448793,-0.5694214,0.8693470515132723,1.0,False
Cpr64Ad,-0.16449648,-0.7712944,0.8693403150547222,1.0,False
GV1,-0.16450334,-1.5939412,0.8693349258947101,1.0,False
Osi2,-0.16450846,-0.87724507,0.869330884028684,1.0,False
CG4438,-0.16464026,-0.75102735,0.869227143969387,1.0,False
CG2694,-0.16472925,-0.653652,0.8691570870207652,1.0,False
ntc,-0.16481483,-0.39861017,0.8690897255387793,1.0,False
lncRNA:CR44662,-0.16482852,-0.5577258,0.8690789477898188,1.0,False
jv,-0.16489357,-0.8759661,0.8690277538144742,1.0,False
CG11892,-0.16495176,-0.9971356,0.8689819491440212,1.0,False
CG11839,-0.16504247,-0.20053208,0.8689105486229138,1.0,False
CG33332,-0.16536939,-0.39274123,0.868653246182758,1.0,False
CG32554,-0.1656381,-0.31691143,0.8684417566860021,1.0,False
CG3534,-0.16604204,-0.22900105,0.8681238666218326,1.0,False
l(2)34Fd,-0.16635184,-0.27991614,0.8678800755499461,1.0,False
CG13319,-0.16669929,-0.113753274,0.8676066673620298,1.0,False
shams,-0.166701,-0.18008162,0.8676053205628347,1.0,False
Hmt-1,-0.16692351,-0.13192087,0.8674302399409376,1.0,False
Drice,-0.1674558,-0.600506,0.8670114196240633,1.0,False
ArgRS,-0.16827737,-0.27271834,0.8663650821577565,1.0,False
s-cup,-0.16832186,-0.45763448,0.8663300747588156,1.0,False
CG4404,-0.1695251,-0.16296154,0.8653836281680537,1.0,False
CG10914,-0.17035009,-0.2631834,0.8647348246190645,1.0,False
beta-PheRS,-0.17061366,-0.2230795,0.8645275497372498,1.0,False
fs(1)K10,-0.17086698,-0.32440758,0.8643283592834723,1.0,False
CG7639,-0.17096797,-0.18824002,0.8642489546810617,1.0,False
Atac3,-0.1715362,-0.282634,0.8638021611465307,1.0,False
Neos,-0.17154135,-0.1966673,0.8637981240538801,1.0,False
CG6674,-0.172837,-0.14046954,0.8627795449409903,1.0,False
GATAd,-0.17312284,-0.13228624,0.8625548692338574,1.0,False
CG8578,-0.17415151,-0.1467008,0.8617463978881265,1.0,False
CG5726,-0.17535816,-0.14995046,0.8607982093169807,1.0,False
CG15908,-0.1759983,-0.14128456,0.8602952799988508,1.0,False
PCID2,-0.17628756,-0.10500534,0.8600680390676113,1.0,False
Dll,-0.17633034,-0.42262092,0.8600344245286226,1.0,False
CG12713,-0.17731108,-0.18945196,0.8592640489385356,1.0,False
Polr2G,-0.17788275,-0.12031206,0.858815061043547,1.0,False
enok,-0.17788446,-0.15730678,0.858813716836892,1.0,False
snoRNA:Psi18S-1377b,-0.17797688,-1.5467116,0.8587411302853805,1.0,False
cv,-0.17798544,-0.8035212,0.8587344093687759,1.0,False
CG9150,-0.17800769,-1.2837712,0.8587169350335152,1.0,False
Or45a,-0.17802823,-2.3916624,0.8587008049393202,1.0,False
CG13280,-0.17803165,-3.5360048,0.8586981165960217,1.0,False
mthl14,-0.17804535,-2.0734353,0.8586873632392115,1.0,False
lncRNA:CR45941,-0.17806931,-1.1741062,0.8586685449278761,1.0,False
CG14797,-0.17812066,-1.9016423,0.858628220245413,1.0,False
asun,-0.17816344,-0.2626605,0.858594616625085,1.0,False
GstE9,-0.17826785,-1.0799782,0.8585126248667282,1.0,False
asRNA:CR44370,-0.17832947,-1.1417868,0.8584642370040325,1.0,False
CG15118,-0.1783791,-0.2001733,0.8584252582790716,1.0,False
lncRNA:CR43493,-0.17842874,-0.6518329,0.8583862798992263,1.0,False
Tsen54,-0.17847838,-0.63026714,0.85834730186459,1.0,False
Tfb4,-0.17857593,-0.25585455,0.8582706908719069,1.0,False
CG32109,-0.17862386,-0.0809208,0.8582330578906274,1.0,False
CG11400,-0.1786444,-1.0216962,0.8582169295686923,1.0,False
Xpd,-0.17871971,-0.39584273,0.8581577928946095,1.0,False
CG18178,-0.1788087,-0.1511647,0.8580879051241521,1.0,False
CG11267,-0.17898159,-0.048867013,0.8579521647485419,1.0,False
ERp44,-0.17935984,-0.1933047,0.8576551633334442,1.0,False
Alg10,-0.17966792,-0.108651094,0.8574132766153415,1.0,False
roq,-0.17969017,-0.13430287,0.857395807537169,1.0,False
hec,-0.18038678,-0.4476457,0.8568489263788713,1.0,False
Apl,-0.18098241,-0.2157054,0.856381377319944,1.0,False
CG14210,-0.1814514,-0.19618227,0.8560132850670928,1.0,False
epsilonCOP,-0.18255022,-0.1380541,0.855150943546685,1.0,False
Mettl4,-0.18262382,-0.28281516,0.8550931916388829,1.0,False
wash,-0.18278985,-0.17945628,0.8549629169303753,1.0,False
dnt,-0.18329476,-0.33574873,0.8545667449609945,1.0,False
Hrs,-0.18382534,-0.22259523,0.8541504681631312,1.0,False
CG31142,-0.18398795,-0.2749823,0.8540229075891496,1.0,False
CG5003,-0.18629687,-0.20232508,0.8522119608190986,1.0,False
Task6,-0.18649371,-0.10326915,0.8520576165216587,1.0,False
mRpL18,-0.18666144,-0.096189626,0.8519260928087042,1.0,False
CG10903,-0.18699862,-0.18674585,0.851661715766671,1.0,False
CG1789,-0.18797936,-0.1623589,0.850892835776771,1.0,False
Bem46,-0.18804269,-0.21769917,0.8508431921946185,1.0,False
Dph1,-0.18809575,-0.3796419,0.8508015993782256,1.0,False
CG6650,-0.18925448,-0.19123256,0.8498933696515513,1.0,False
CG7810,-0.1893743,-0.22689846,0.8497994724528998,1.0,False
Rfk,-0.18989974,-0.13867472,0.8493876913451014,1.0,False
Cyp6u1,-0.19107218,-0.17999886,0.8484690446426255,1.0,False
CG11374,-0.19118172,-0.26477745,0.8483832253697401,1.0,False
LamC,-0.19123991,-0.2940062,0.8483376346119591,1.0,False
mrn,-0.19153088,-0.15040699,0.8481096884366511,1.0,False
CG18858,-0.19157538,-0.8568158,0.8480748271999353,1.0,False
lncRNA:CR45883,-0.1916524,-1.0231105,0.8480144911464558,1.0,False
Cyp4d14,-0.19169691,-21.32174,0.847979630721486,1.0,False
CG42299,-0.19169691,-21.487059,0.847979630721486,1.0,False
asRNA:CR46093,-0.19171916,-1.1117257,0.8479622006205155,1.0,False
CG12698,-0.19173627,-3.1413052,0.8479487929011338,1.0,False
Lsp2,-0.19173627,-2.8672266,0.8479487929011338,1.0,False
CG12256,-0.19175167,-2.0163407,0.8479367259913105,1.0,False
CG31921,-0.19183725,-1.6598032,0.8478696882525336,1.0,False
CG8916,-0.1918578,-0.24864626,0.8478535993589735,1.0,False
ArfGAP1,-0.19190401,-0.16244726,0.8478173995802761,1.0,False
CG32373,-0.19193824,-1.065156,0.8477905851363606,1.0,False
lncRNA:CR45558,-0.192005,-0.74140596,0.84773829747749,1.0,False
CG6421,-0.19208714,-1.8157666,0.8476739443557929,1.0,False
CG17111,-0.19209057,-1.0908539,0.8476712629977582,1.0,False
Alg2,-0.1921385,-0.0873786,0.8476337241704165,1.0,False
MP1,-0.19225317,-0.445248,0.8475439005225722,1.0,False
CG10222,-0.19226173,-0.61803234,0.8475371973446626,1.0,False
lncRNA:CR43900,-0.19233361,-0.79100317,0.847480891085696,1.0,False
CG8086,-0.19238324,-0.7665458,0.8474420134088302,1.0,False
lncRNA:CR44458,-0.19242775,-0.2392928,0.8474071578762272,1.0,False
Sec20,-0.19285735,-0.17927481,0.8470706832858945,1.0,False
Ddx1,-0.1929361,-0.23544143,0.8470090216407544,1.0,False
CG42360,-0.1929823,-0.15904656,0.8469728293722104,1.0,False
CG7135,-0.1931021,-0.49718827,0.8468789990682153,1.0,False
CG43800,-0.19333659,-0.6141603,0.8466953660419789,1.0,False
CG32638,-0.19363783,-0.26601246,0.846459470138866,1.0,False
CG13671,-0.19443715,-0.2356327,0.8458336085530638,1.0,False
r2d2,-0.19482054,-0.11484708,0.8455334439105292,1.0,False
msd5,-0.1948599,-0.49403146,0.8455026247022979,1.0,False
HSPBAP1,-0.19534257,-0.31912714,0.845124773643076,1.0,False
nonA,-0.1955103,-0.07502738,0.8449934720373247,1.0,False
CG13097,-0.19661257,-0.14794555,0.844130740196156,1.0,False
CG8323,-0.19668788,-0.3700229,0.8440718025960228,1.0,False
CG10949,-0.19739476,-0.1740411,0.8435186354477933,1.0,False
CG11560,-0.19780383,-0.28530508,0.8431985570094587,1.0,False
Dph4,-0.19875374,-0.29695302,0.8424553786128878,1.0,False
CG3631,-0.19952224,-0.17735875,0.8418542432295506,1.0,False
garz,-0.20020688,-0.095947064,0.8413187882116766,1.0,False
CG10286,-0.20099762,-0.29624736,0.8407004290146914,1.0,False
CG11454,-0.20122184,-0.1687947,0.8405251112654345,1.0,False
CG3071,-0.20141526,-0.18476845,0.8403738893317144,1.0,False
Klp64D,-0.20177469,-0.13040578,0.8400928730698249,1.0,False
Vsx2,-0.20264246,-0.28749448,0.8394145035866637,1.0,False
CG6729,-0.20287351,-0.262339,0.8392338927478132,1.0,False
tadr,-0.20416063,-0.15262538,0.838227978669595,1.0,False
GalT1,-0.20485725,-0.16372909,0.8376836645567309,1.0,False
Prx6a,-0.20488633,-0.3697564,0.8376609307659426,1.0,False
CG8142,-0.20495138,-0.2859815,0.8376101145472077,1.0,False
CG11986,-0.20503011,-0.24906304,0.8375486010834772,1.0,False
CG15525,-0.20508146,-0.18332963,0.8375084841420771,1.0,False
lncRNA:CR45203,-0.20533477,-1.3628757,0.8373105800824996,1.0,False
CG7130,-0.20538269,-1.120433,0.8372731399314901,1.0,False
CG32801,-0.20538954,-1.9912534,0.8372677913685697,1.0,False
lncRNA:CR46088,-0.20543404,-1.2471075,0.8372330258929204,1.0,False
Cpr62Bb,-0.20552304,-1.7545382,0.8371634958951647,1.0,False
lncRNA:CR44474,-0.2055607,-0.49563396,0.8371340797404884,1.0,False
Tasp1,-0.20573871,-0.21640848,0.8369950246377006,1.0,False
bw,-0.2057524,-1.8281953,0.8369843283022078,1.0,False
defl,-0.20583798,-0.9840628,0.8369174768881921,1.0,False
CG3529,-0.20591499,-0.16399539,0.8368573116224163,1.0,False
CG14965,-0.20594409,-0.24057946,0.8368345827703215,1.0,False
lncRNA:CR45994,-0.20607418,-0.86592424,0.8367329730972888,1.0,False
CG7183,-0.2061358,-0.16576472,0.8366848431500992,1.0,False
Rif1,-0.2062556,-0.9668054,0.8365912588918183,1.0,False
lncRNA:CR45669,-0.20629668,-0.37553155,0.83655917339271,1.0,False
DNAlig4,-0.20661674,-0.27881536,0.8363091831956192,1.0,False
CG12992,-0.20674512,-0.5269832,0.836208924390961,1.0,False
CG7509,-0.206817,-0.7410045,0.8361527806224835,1.0,False
Impbeta11,-0.20737155,-0.16068032,0.8357196996284358,1.0,False
CG33969,-0.20756325,-0.19134255,0.8355700041946517,1.0,False
Mettl2,-0.20885207,-0.12133175,0.8345637246123561,1.0,False
Ack,-0.20894107,-0.15601054,0.8344942438363736,1.0,False
IntS14,-0.20912592,-0.28545824,0.8343499417384334,1.0,False
sky,-0.20929365,-0.009999817,0.8342190057730813,1.0,False
Nadk2,-0.20997486,-0.25338194,0.833687292701289,1.0,False
Oga,-0.21050203,-0.354734,0.8332758684394661,1.0,False
Larp7,-0.21128593,-0.35028768,0.8326641596692977,1.0,False
CG30467,-0.21189526,-0.20968881,0.8321887529419023,1.0,False
CG1024,-0.21223415,-0.24346267,0.8319243678856751,1.0,False
CG1103,-0.21250287,-0.19506139,0.8317147427451256,1.0,False
Kpc2,-0.21256106,-0.38969177,0.8316693477941715,1.0,False
DJ-1alpha,-0.21322002,-0.4393409,0.8311553559459681,1.0,False
CG8230,-0.21379682,-0.10938844,0.8307055054599906,1.0,False
CG9643,-0.21383448,-0.18055238,0.8306761402932465,1.0,False
Vps11,-0.21415626,-0.14737207,0.8304252112430873,1.0,False
Hsc70-4,-0.2145482,-0.010339625,0.830119581665401,1.0,False
alpha4GT1,-0.21731582,-0.13772587,0.8279622238524496,1.0,False
CG7222,-0.21773003,-0.13051336,0.8276394651842672,1.0,False
CG14609,-0.21850537,-0.39714715,0.8270353712446086,1.0,False
Mfap1,-0.21873815,-0.22385982,0.8268540296663387,1.0,False
peb,-0.21902399,-1.0347664,0.8266313655061956,1.0,False
CG14770,-0.21910614,-2.6031134,0.8265673688049162,1.0,False
dgt4,-0.21914722,-1.939838,0.8265353708862448,1.0,False
CalpC,-0.21914722,-2.9083135,0.8265353708862448,1.0,False
sls,-0.21919343,-2.7265494,0.826499373572049,1.0,False
SmD1,-0.2193218,-0.15705293,0.8263993829460424,1.0,False
CG3630,-0.21948269,-1.0281191,0.8262740653368014,1.0,False
CG6656,-0.21948953,-0.83947605,0.8262687327707154,1.0,False
fest,-0.21949296,-1.4964495,0.8262660664906774,1.0,False
CG2680,-0.21967097,-0.18502218,0.8261274226899908,1.0,False
Camp,-0.21987978,-0.21653365,0.8259647897570034,1.0,False
mRpS17,-0.22042063,-0.108035214,0.8255435785338631,1.0,False
CG1663,-0.22070989,-0.52701706,0.8253183311067844,1.0,False
Polr1E,-0.2210351,-0.2203491,0.8250651115263581,1.0,False
CG8372,-0.22104365,-0.1233078,0.8250584480988655,1.0,False
Syx6,-0.22133803,-0.11543907,0.8248292338711918,1.0,False
rpr,-0.22147667,-0.13342674,0.8247212951333172,1.0,False
CG18764,-0.22181557,-0.5800587,0.8244574588416167,1.0,False
dnk,-0.22188403,-0.19934276,0.8244041609876956,1.0,False
Ctps,-0.22244886,-0.1811584,0.8239644846074009,1.0,False
CG30403,-0.22290584,-0.4061151,0.8236087868662548,1.0,False
Ugalt,-0.22337995,-0.26198483,0.8232398054058695,1.0,False
Atg6,-0.2235049,-0.21767554,0.8231425713070242,1.0,False
Vha14-1,-0.2235648,0.007026186,0.8230959531814686,1.0,False
Wdr33,-0.22522675,-0.2107528,0.8218028826753796,1.0,False
TfIIS,-0.22536196,-0.18772006,0.8216977004466096,1.0,False
l(2)gd1,-0.22546294,-0.20401667,0.8216191487207655,1.0,False
Traf6,-0.22595759,-0.20630176,0.8212344042524926,1.0,False
CG5880,-0.22625883,-0.24476606,0.8210001172642561,1.0,False
pelo,-0.22647962,-0.1319556,0.8208284056911958,1.0,False
Herc4,-0.22816724,-0.1633824,0.8195162277974872,1.0,False
p120ctn,-0.22879711,-0.0068636015,0.81902661926891,1.0,False
Amus,-0.23047787,-0.27480972,0.8177204553836843,1.0,False
GPHR,-0.23118989,-0.109549165,0.8171672837182145,1.0,False
parvin,-0.231842,-0.16027842,0.8166607328137369,1.0,False
GCS1,-0.2321364,-0.1292033,0.8164320787417434,1.0,False
boss,-0.23277481,-1.2514027,0.8159362721675946,1.0,False
Npc2h,-0.23282959,-3.8363132,0.8158937399116989,1.0,False
rtv,-0.23286039,-2.2320073,0.8158698157560988,1.0,False
lncRNA:CR44612,-0.23287751,-3.7560952,0.8158565246327043,1.0,False
Thg,-0.2329049,-0.28482172,0.8158352589454662,1.0,False
frtz,-0.23364258,-0.75528413,0.8152624655819506,1.0,False
Nrd1,-0.23423992,-0.23787768,0.8147987214630246,1.0,False
CG31195,-0.2351385,-0.17819765,0.8141012343786818,1.0,False
Sk2,-0.23596862,-0.17989682,0.8134570200992164,1.0,False
Sce,-0.23638967,-0.091965444,0.8131303121944298,1.0,False
Rbf,-0.2365129,-0.15373121,0.8130346965173751,1.0,False
Tnpo-SR,-0.23675081,-0.26482582,0.8128501130253674,1.0,False
Rift,-0.2370743,-0.13507849,0.812599149274302,1.0,False
laza,-0.2379027,-0.49004725,0.8119565574237488,1.0,False
CG10916,-0.23793009,-0.21467713,0.8119353168778939,1.0,False
DCP1,-0.23800711,-0.14748187,0.8118755785847243,1.0,False
Ankrd49,-0.2393661,-0.1994143,0.81082171002044,1.0,False
Drp1,-0.23953897,-0.11740888,0.8106876782271052,1.0,False
CG6136,-0.23962285,-0.23200874,0.8106226549008311,1.0,False
CG31855,-0.24054709,-0.16214544,0.8099061579517125,1.0,False
Nup43,-0.24103147,-0.4970735,0.8095307240500513,1.0,False
Mlc-c,-0.24160142,-0.13811357,0.8090890152056361,1.0,False
Pfdn2,-0.24200022,-0.13948038,0.8087799878178364,1.0,False
Sytalpha,-0.24334553,-0.15028934,0.8077377380039712,1.0,False
gpp,-0.24365532,-0.04743922,0.8074977770836292,1.0,False
mRpS18B,-0.24483117,-0.16775803,0.8065871512116609,1.0,False
kermit,-0.24629629,-0.90165836,0.8054528809322727,1.0,False
CG30158,-0.24659069,-0.16689995,0.805225016112659,1.0,False
ACXC,-0.24661122,-2.5647213,0.8052091191841608,1.0,False
lncRNA:CR43893,-0.24669166,-2.2296772,0.8051468569895528,1.0,False
CG5968,-0.2466968,-1.2611682,0.8051428828488645,1.0,False
Rrp40,-0.24679436,-0.19643891,0.8050673751323852,1.0,False
CG7601,-0.24682346,-0.20189032,0.8050448556390496,1.0,False
CG13667,-0.24689877,-0.4915713,0.804986570642644,1.0,False
Elp2,-0.24720171,-0.4649038,0.8047521169495961,1.0,False
CG5776,-0.24741223,-1.0021269,0.8045892018404831,1.0,False
CG8004,-0.24741909,-0.13038322,0.8045839039305789,1.0,False
CG33230,-0.24786752,-0.34077185,0.8042369103873921,1.0,False
cal1,-0.24871646,-0.19307885,0.8035801122507571,1.0,False
CG6041,-0.24981359,-0.2993756,0.8027315120555955,1.0,False
pre-lola-G,-0.24997962,-0.29606056,0.8026031169718636,1.0,False
CG32409,-0.25048283,-0.22553578,0.8022139933033464,1.0,False
Octalpha2R,-0.2507892,-0.07875965,0.8019771018865696,1.0,False
por,-0.25170317,-0.32853985,0.801270506105253,1.0,False
Ccs,-0.25285676,-0.25363043,0.8003788926023364,1.0,False
Prx2,-0.25293037,-0.08174295,0.800322018060881,1.0,False
Gga,-0.25351572,-0.26525706,0.7998697047769794,1.0,False
SC35,-0.25389743,-0.118028305,0.7995748114957962,1.0,False
Pi4KIIalpha,-0.25409937,-0.15321657,0.799418780869724,1.0,False
PIG-O,-0.25485247,-0.2206027,0.7988370423983446,1.0,False
CG1847,-0.25545666,-0.17415898,0.7983704101854946,1.0,False
EMC2B,-0.25595817,-0.19753017,0.7979831469183531,1.0,False
Spt3,-0.2561584,-0.20698595,0.7978285198371932,1.0,False
Actn,-0.25663766,-0.22626145,0.7974585043367407,1.0,False
hpo,-0.25709465,-0.27168167,0.797105710512118,1.0,False
CG7987,-0.25758246,-0.1938361,0.7967291785687034,1.0,False
RabX6,-0.25881135,-0.20184934,0.7957807922112823,1.0,False
CG11110,-0.25923413,-0.15769352,0.7954546063912665,1.0,False
Fcp3C,-0.26018748,-0.9731065,0.7947191688360041,1.0,False
ppk8,-0.26024225,-0.71883667,0.7946769230209665,1.0,False
CG9114,-0.26024908,-2.3981364,0.7946716423364232,1.0,False
Tes,-0.26025423,-0.47095817,0.7946676818291902,1.0,False
prom,-0.260297,-1.7890482,0.79463467780808,1.0,False
28SrRNA-Psi:CR45855,-0.26030898,-0.59258324,0.7946254367480399,1.0,False
Lsp1beta,-0.26031756,-3.0651605,0.7946188360085137,1.0,False
Ir62a,-0.2603655,-1.6630129,0.7945818721389266,1.0,False
t,-0.26036888,-1.5132118,0.7945792318801755,1.0,False
CG42391,-0.26050752,-0.75424784,0.7944723033786629,1.0,False
CG33521,-0.26059482,-0.50670344,0.7944049800069546,1.0,False
bun,-0.26069924,0.13526686,0.794324457985443,1.0,False
Cdk12,-0.26126748,-0.17083286,0.7938862454295781,1.0,False
CG43322,-0.2613325,-0.39941096,0.7938360927173765,1.0,False
lncRNA:CR44070,-0.26133424,-0.49650297,0.7938347729206714,1.0,False
CG15394,-0.26171762,-0.5849232,0.7935391533419597,1.0,False
cmb,-0.26268294,-0.16157253,0.7927949569265044,1.0,False
CG13284,-0.2627069,-0.33978978,0.7927764863631513,1.0,False
CG8891,-0.26296365,-0.114945814,0.792578594768754,1.0,False
Trf,-0.26356956,-0.4072365,0.7921116235963397,1.0,False
CG17068,-0.2645246,-0.3193495,0.7913757018607014,1.0,False
Dph2,-0.26479334,-0.23300532,0.7911686749276287,1.0,False
CG12942,-0.26510656,-0.30746126,0.7909273818720548,1.0,False
CG31523,-0.2653513,-0.18580195,0.7907388444118039,1.0,False
Mybbp1A,-0.26546428,-0.29491875,0.7906518312515933,1.0,False
CG14711,-0.26702523,-0.25503397,0.7894497351760593,1.0,False
CG9951,-0.26856053,-0.17672797,0.7882678990600305,1.0,False
Or63a,-0.26890796,-0.30189094,0.7880005053324858,1.0,False
sle,-0.27166018,-0.25794536,0.7858833160132631,1.0,False
Dus2,-0.2734043,-0.48143104,0.784542457613032,1.0,False
Tbca,-0.27341628,-0.20297343,0.784533248819572,1.0,False
CycE,-0.27366617,-0.51529664,0.7843411865767395,1.0,False
cnir,-0.27378598,-0.25067922,0.7842491065972407,1.0,False
CG34229,-0.27379966,-0.11164889,0.7842385833633087,1.0,False
CG42554,-0.27388182,-0.18566029,0.7841754447882706,1.0,False
Exo84,-0.2741745,-0.26198283,0.7839505251631047,1.0,False
CG11378,-0.27437305,-1.3212286,0.783797958380545,1.0,False
Orco,-0.2743936,-0.8694386,0.7837821760841807,1.0,False
CG44195,-0.27449286,-0.8686017,0.7837058962390739,1.0,False
nmdyn-D6,-0.27468798,-0.60329354,0.7835559729466925,1.0,False
CG34377,-0.27478725,-1.009618,0.7834796992675803,1.0,False
Cpn,-0.27494812,-1.1178238,0.783356087723697,1.0,False
Aladin,-0.2750765,-0.1897834,0.7832574654135499,1.0,False
Rh5,-0.2755352,-1.1044524,0.7829050834906305,1.0,False
Elp5,-0.27722797,-0.2223108,0.7816050749516085,1.0,False
CG34148,-0.27735633,-0.18171842,0.7815065147124011,1.0,False
me31B,-0.27922538,-0.1600332,0.780071875891567,1.0,False
Tehao,-0.27933833,-0.4047636,0.7799851908927584,1.0,False
mRpL12,-0.27950948,-0.15970728,0.7798538551977399,1.0,False
Mgat1,-0.2797628,-0.21838477,0.779659489900688,1.0,False
CG5938,-0.28039095,-0.1457571,0.7791775759450004,1.0,False
Pcyt1,-0.28050563,-0.14029442,0.7790896062591791,1.0,False
Keap1,-0.28095236,-0.26417276,0.7787469453704079,1.0,False
Meics,-0.2810054,-0.29944408,0.7787062490403589,1.0,False
Dlat,-0.2815668,-0.13733731,0.7782756928074799,1.0,False
Cdc45,-0.28157708,-0.26521745,0.7782678174122719,1.0,False
CG3008,-0.2822001,-0.30114973,0.7777900860626419,1.0,False
lncRNA:CR45409,-0.282628,-0.24572931,0.7774620225109644,1.0,False
Nufip,-0.2835043,-0.45283443,0.7767902722396803,1.0,False
beta'COP,-0.286782,-0.17383453,0.7742792518977373,1.0,False
Plekhm1,-0.2868162,-0.2976454,0.7742530395473485,1.0,False
obst-A,-0.28742898,-1.3089525,0.7737838820353325,1.0,False
MsR2,-0.28761724,-0.24701422,0.7736397440783712,1.0,False
CG1620,-0.2876823,-0.18145156,0.7735899527795782,1.0,False
CG17572,-0.2877747,-2.0042388,0.7735191983260543,1.0,False
mei-W68,-0.28790823,-1.4501839,0.7734170007712148,1.0,False
CG7675,-0.28792533,-2.2940452,0.7734038988046398,1.0,False
asRNA:CR45683,-0.28797668,-0.4808873,0.7733645932923321,1.0,False
ImpL2,-0.28800064,-0.5378543,0.7733462509188157,1.0,False
CG17982,-0.28847304,-0.32708257,0.7729846699849533,1.0,False
CG42553,-0.28887868,-0.35687938,0.7726742213255731,1.0,False
SerRS-m,-0.28892148,-0.21706574,0.7726414756968754,1.0,False
Neurl4,-0.28938532,-0.23407456,0.7722865390721249,1.0,False
FIG4,-0.2900169,-0.47249088,0.7718033255904805,1.0,False
GstT1,-0.29094455,-0.2456392,0.7710937253819878,1.0,False
CG12883,-0.29213238,-0.37694117,0.7701854025604572,1.0,False
GatA,-0.29302582,-0.19639206,0.7695024048083707,1.0,False
Odj,-0.29325005,-0.23614648,0.7693310292024003,1.0,False
Faf2,-0.29435232,-0.15927805,0.7684887054937117,1.0,False
dgrn,-0.29451662,-0.33285606,0.7683631650907339,1.0,False
thoc5,-0.29729965,-0.4163602,0.766237749864245,1.0,False
CG32100,-0.29733047,-0.2354338,0.7662142310921014,1.0,False
CG31064,-0.2975136,-0.17978534,0.7660744295051111,1.0,False
Sil1,-0.29755124,-0.22349212,0.7660456861975069,1.0,False
tacc,-0.29773954,-0.05004458,0.7659019744908965,1.0,False
hng2,-0.2990797,-0.3156627,0.7648792414650227,1.0,False
SMC3,-0.2993433,-0.18718232,0.7646781390866813,1.0,False
Cpes,-0.2994357,-0.23284745,0.7646076264249253,1.0,False
CG3594,-0.29981053,-0.25610334,0.7643216784188143,1.0,False
Fem-1,-0.30077758,-0.17373993,0.7635841071533229,1.0,False
Ir47a,-0.3008426,-0.43339446,0.7635345082818291,1.0,False
CG18171,-0.30104628,-0.62737775,0.7633791917791499,1.0,False
DCTN3-p24,-0.30109423,-0.14283094,0.7633426481034693,1.0,False
Mvd,-0.30142626,-0.62692404,0.7630894671239541,1.0,False
mRpL3,-0.30173263,-0.20051911,0.7628558844687193,1.0,False
CG9427,-0.30174634,-1.6546612,0.7628454455243597,1.0,False
l(1)G0020,-0.30195513,-0.56405455,0.7626862569680648,1.0,False
CG3281,-0.30379337,-0.31004336,0.7612853095457879,1.0,False
lncRNA:cherub,-0.30553234,-0.39648998,0.7599607383464018,1.0,False
CG3342,-0.30678865,-0.23468053,0.7590042514169659,1.0,False
M7BP,-0.30822125,-0.5934785,0.7579139934350108,1.0,False
CG9175,-0.30955628,-0.08100178,0.7568984156245928,1.0,False
Ccm3,-0.31113607,-0.16188826,0.7556971907436393,1.0,False
CG14074,-0.31127298,-0.2851571,0.755593103670922,1.0,False
Saf6,-0.31138936,-0.34650403,0.7555046331470449,1.0,False
Abi,-0.3126953,-0.18646456,0.754512161905942,1.0,False
CG4658,-0.31358534,-0.16496582,0.7538360046797621,1.0,False
Ip259,-0.31381297,0.00013559691,0.7536630947489109,1.0,False
CG32485,-0.3140834,-0.16576377,0.7534576990044477,1.0,False
CG2938,-0.31454894,-0.28304458,0.7531041472043629,1.0,False
CG1503,-0.31491008,-1.7656778,0.7528299202475637,1.0,False
CG11342,-0.31504872,-0.79852515,0.75272465656979,1.0,False
asRNA:CR44841,-0.31562552,-1.0678866,0.7522867570642358,1.0,False
Tmtc4,-0.31570768,-0.60213715,0.7522243921037983,1.0,False
snoRNA:Psi28S-3342,-0.3159165,-1.0900402,0.7520658884439552,1.0,False
CG13325,-0.31613216,-0.5598826,0.7519021989184386,1.0,False
Srp54k,-0.3171711,-0.16767068,0.7511137876208132,1.0,False
Culd,-0.31726182,-1.0089933,0.75104496007386,1.0,False
cbc,-0.31756818,-0.16830115,0.7508125194189467,1.0,False
CG13220,-0.3177958,-0.15636256,0.7506398267592167,1.0,False
CG11050,-0.31808677,-0.14334653,0.7504191099708895,1.0,False
CG15356,-0.31814668,-0.22100332,0.7503736708143411,1.0,False
Lrpprc2,-0.31972134,-0.2574632,0.7491795811294817,1.0,False
lsn,-0.31985143,-0.16663377,0.7490809657769645,1.0,False
Drep4,-0.3206045,-0.13063814,0.7485101154736788,1.0,False
Dmac2,-0.32173243,-0.12420737,0.7476553952686179,1.0,False
CG9849,-0.3224941,-0.21421346,0.7470784075048231,1.0,False
alpha-PheRS,-0.32263446,-0.21114616,0.7469721016172141,1.0,False
CG17896,-0.32311368,-0.22934346,0.7466091421957064,1.0,False
l(3)72Dn,-0.3232626,-0.4115484,0.7464963769587197,1.0,False
VAChT,-0.32389247,0.0029782276,0.7460194530325952,1.0,False
DIP-epsilon,-0.32436657,-0.2691062,0.7456605282646447,1.0,False
slo,-0.3248441,0.101842254,0.7452990677743623,1.0,False
CG3634,-0.32540035,-0.49069494,0.7448780823472441,1.0,False
28SrRNA-Psi:CR40596,-0.32630578,-0.15011431,0.7441930106037223,1.0,False
CG44153,-0.3265317,-0.18221495,0.7440220979550323,1.0,False
Sas10,-0.3280071,-0.22030118,0.7429062969266655,1.0,False
lncRNA:CR46271,-0.32857534,-1.1662415,0.7424766891375532,1.0,False
Gnmt,-0.32862327,-22.611055,0.7424404608209936,1.0,False
Crg-1,-0.32879272,-3.2430055,0.7423123724200883,1.0,False
chp,-0.32889712,-1.7490461,0.7422334528168183,1.0,False
CG44314,-0.32904774,-0.7667921,0.7421196063607445,1.0,False
asRNA:CR44960,-0.32914016,-0.77152663,0.7420497488286862,1.0,False
ninaA,-0.32970327,-1.5322742,0.7416241812809419,1.0,False
rho-4,-0.33002675,-0.23649286,0.7413797420274421,1.0,False
CG18789,-0.3309048,-0.59681344,0.740716395658941,1.0,False
CG14971,-0.33141142,-0.21715963,0.7403337337420681,1.0,False
CG4610,-0.33193517,-0.25786397,0.7399382115954225,1.0,False
CG14100,-0.33204815,-0.15750122,0.7398529119078447,1.0,False
CG8569,-0.33388296,-0.36938423,0.7384678869063821,1.0,False
CG14818,-0.33459327,-0.09208391,0.7379319340371961,1.0,False
CG7692,-0.3351016,-0.40001413,0.7375484507616145,1.0,False
CG8892,-0.3356014,-0.24971128,0.7371714871117272,1.0,False
Scm,-0.33580333,-0.20985153,0.7370191704178456,1.0,False
Bcs1,-0.3367738,-0.18038523,0.7362874199640098,1.0,False
Aralar,-0.33742762,-0.22429116,0.7357945588467338,1.0,False
CG9933,-0.33760563,-0.20520355,0.735660395583752,1.0,False
Clamp,-0.33830738,-0.1769845,0.7351315612996832,1.0,False
Surf1,-0.3391204,-0.20942043,0.7345190444130664,1.0,False
Eaf,-0.3400104,-0.17353328,0.7338486932267914,1.0,False
CG17187,-0.34006003,-0.3516462,0.7338113142236549,1.0,False
Fsn,-0.34014732,-0.16693261,0.7337455802658439,1.0,False
row,-0.34109727,-0.21573623,0.7330303664175377,1.0,False
eIF2Balpha,-0.34172884,-0.272819,0.7325549740615245,1.0,False
CG4586,-0.34230563,-3.6127822,0.7321208977704876,1.0,False
sxe2,-0.34236383,-4.405903,0.7320771084803253,1.0,False
TotC,-0.3424323,-3.9345846,0.7320255927853232,1.0,False
Mcm3,-0.34254524,-1.1078011,0.7319405945290487,1.0,False
Cog8,-0.34300908,-0.32406813,0.7315916210257521,1.0,False
CG42359,-0.34314087,-0.24936204,0.7314924763180057,1.0,False
CG8326,-0.34390083,-0.4451337,0.7309208722675105,1.0,False
Rrp45,-0.34392136,-0.68736374,0.7309054255810916,1.0,False
Nnp-1,-0.34399498,-0.21324734,0.730850075850802,1.0,False
tup,-0.34400353,-0.28339487,0.7308436399265905,1.0,False
CG12320,-0.34419864,-0.38774207,0.7306969059960864,1.0,False
Jasper,-0.34661025,-0.14107059,0.7288841412152779,1.0,False
uex,-0.34820375,-0.051758576,0.7276871831716185,1.0,False
CG7519,-0.34849298,-0.1563452,0.727469976196762,1.0,False
Dlip2,-0.349217,-0.3192925,0.7269264121521786,1.0,False
CG7156,-0.3495764,-0.27983907,0.726656608689917,1.0,False
Rer1,-0.34999233,-0.19796756,0.7263444498499616,1.0,False
Atg14,-0.35060164,-0.13451956,0.7258872127824102,1.0,False
CG8298,-0.350742,-0.2716492,0.7257819079659046,1.0,False
Mpp6,-0.35134962,-0.29006305,0.7253260749842567,1.0,False
Uxt,-0.3528387,-0.32918072,0.7242093748986709,1.0,False
O-fut2,-0.35525885,-0.28030047,0.7223956687196325,1.0,False
M6,-0.35567307,-0.24261802,0.7220854166879584,1.0,False
CG7860,-0.3557963,-0.9296963,0.7219931191178706,1.0,False
Slimp,-0.3559127,-0.56359124,0.7219059529063565,1.0,False
Lipt1,-0.356077,-0.30157155,0.7217829008725327,1.0,False
CG12935,-0.35624474,-0.14064828,0.7216572926804987,1.0,False
Best2,-0.35718954,-1.4757259,0.7209499256017351,1.0,False
Nmd3,-0.3573915,-0.2360237,0.7207987440191612,1.0,False
Ppt1,-0.3576876,-0.7045994,0.720577116172791,1.0,False
CG46281,-0.35769615,-0.53043914,0.7205707110926161,1.0,False
EndoG,-0.3579409,-0.2579194,0.7203875341003474,1.0,False
Dhdds,-0.35812575,-0.17171143,0.7202492012734666,1.0,False
Rcd4,-0.3587231,-0.19265927,0.7198022439342963,1.0,False
frj,-0.359875,-0.14268565,0.7189406167661156,1.0,False
oya,-0.36147532,-0.21281472,0.7177441496414423,1.0,False
Gnptab,-0.3626101,-0.28726172,0.7168961647993961,1.0,False
CG1840,-0.36271623,-0.23679768,0.7168168838884048,1.0,False
grsm,-0.3632468,-0.31803405,0.716420525121731,1.0,False
beag,-0.36335292,-0.2511386,0.7163412625314782,1.0,False
RfC38,-0.36403072,-0.3241996,0.7158350768280022,1.0,False
PGAP5,-0.36413,-0.1267591,0.7157609489976353,1.0,False
CG7878,-0.36502343,-0.15231766,0.7150939191781814,1.0,False
prg,-0.36565328,-0.27979478,0.7146238066227895,1.0,False
wls,-0.36667168,-0.25193954,0.7138639352553298,1.0,False
Pdpr,-0.36769179,-0.21076812,0.713103071203256,1.0,False
lncRNA:CR32218,-0.3685561,-0.17758945,0.7124586026302284,1.0,False
CG14803,-0.36969775,-0.8570967,0.7116077083166195,1.0,False
asRNA:CR45714,-0.3697662,-3.4531393,0.71155669157407,1.0,False
Spx,-0.37000242,-0.1890375,0.7113806937273796,1.0,False
Gcna,-0.3701633,-0.7722895,0.7112608199420067,1.0,False
CG7990,-0.37037554,-0.12859957,0.7111026994859784,1.0,False
adp,-0.37061858,-0.22700638,0.7109216413270113,1.0,False
Tsp,-0.37087533,-1.3714236,0.7107304004210195,1.0,False
CG12909,-0.37101397,-0.6708096,0.7106271379022238,1.0,False
Prosalpha5,-0.37406057,-0.25298557,0.7083592560177965,1.0,False
CG3309,-0.37528947,-0.4000876,0.7074451888031594,1.0,False
jef,-0.3757533,-0.08273996,0.7071002952141449,1.0,False
CG17019,-0.37614697,-0.18229797,0.7068076282489334,1.0,False
M1BP,-0.37615725,-0.1415318,0.706799994038332,1.0,False
CG10958,-0.3766827,-0.44033897,0.7064094163025029,1.0,False
prod,-0.37762237,-0.22662692,0.7057111492180269,1.0,False
CG13484,-0.37862536,-0.17409305,0.704966095584022,1.0,False
eIF2D,-0.3790755,-0.31917414,0.7046318033764942,1.0,False
Csk,-0.3790926,-0.12389735,0.7046190937714154,1.0,False
Imzf,-0.379832,-0.46736372,0.7040701176064141,1.0,False
Vps53,-0.38131425,-0.25735384,0.7029700882375653,1.0,False
CG13926,-0.38208446,-0.3179179,0.7023987247168826,1.0,False
CG12643,-0.3833031,-0.73391867,0.7014950442104229,1.0,False
CG10098,-0.3836728,-0.14283888,0.7012209773261675,1.0,False
Gnf1,-0.38370875,-0.1905094,0.7011943340074567,1.0,False
Dnz1,-0.3847665,-0.20800301,0.7004104238462359,1.0,False
CG15449,-0.38526285,-0.87702197,0.700042679478629,1.0,False
CG1416,-0.385891,-0.19754641,0.6995773934511647,1.0,False
AP-2sigma,-0.38673824,-0.080739126,0.698950006483392,1.0,False
MED19,-0.3882393,-0.17354941,0.6978389591188507,1.0,False
Bdp1,-0.3884036,-0.41195592,0.6977173786064466,1.0,False
Sec6,-0.38960513,-0.36111793,0.6968285571014639,1.0,False
Cdc5,-0.39099836,-0.26201674,0.6957984502130364,1.0,False
enc,-0.39228716,-0.027484214,0.6948460375407459,1.0,False
CG1888,-0.3931019,-0.23180784,0.6942442294476221,1.0,False
Pex14,-0.393119,-0.21001184,0.6942315884860335,1.0,False
Alas,-0.39340827,-0.121590585,0.6940179691026882,1.0,False
Vps37B,-0.3946714,-0.22714354,0.6930854073682811,1.0,False
CG17683,-0.3966055,-0.19873606,0.6916584023011513,1.0,False
CG14252,-0.39735004,-0.32534596,0.6911093599285427,1.0,False
Hr4,-0.39772657,-0.907893,0.6908317451484044,1.0,False
CG4497,-0.39866966,-0.3051321,0.6901366288360928,1.0,False
bou,-0.39883226,-1.050024,0.6900168075910704,1.0,False
CG7326,-0.39956996,-0.30919325,0.6894732951534991,1.0,False
CCDC53,-0.3995905,-0.30134192,0.6894581648474689,1.0,False
lncRNA:CR44396,-0.40031105,-0.82628214,0.688927421915114,1.0,False
Rab2,-0.40135685,-0.027158555,0.6881574236413028,1.0,False
stops,-0.40168375,-0.79415864,0.6879167866756567,1.0,False
CG5828,-0.40204147,-0.36398047,0.68765350808569,1.0,False
CG2765,-0.40253782,-0.18784466,0.6872882560172706,1.0,False
mus302,-0.403777,-0.39915764,0.6863767039944573,1.0,False
cni,-0.40684074,-0.13374516,0.6841249647144404,1.0,False
CG12301,-0.40706494,-0.29846805,0.6839602825579945,1.0,False
CG1316,-0.40760067,-0.13920422,0.6835668662148697,1.0,False
CG13689,-0.41048983,-0.3051603,0.6814466663140859,1.0,False
CarT,-0.41080818,-2.1650074,0.681213195833331,1.0,False
CG11248,-0.41093314,-0.21934688,0.6811215732875803,1.0,False
dpy,-0.41103923,-2.8017821,0.6810437605731126,1.0,False
Kmn1,-0.4111231,-1.0039748,0.6809822658289189,1.0,False
Kif3C,-0.41194808,-0.2541153,0.6803774714111318,1.0,False
CG14502,-0.41368878,-0.7424536,0.6791020549464387,1.0,False
mbm,-0.41409612,-0.46059197,0.6788037123527422,1.0,False
tra2,-0.41411495,-0.21177685,0.6787899246256603,1.0,False
Patsas,-0.41507515,-0.20919509,0.678086893176711,1.0,False
Samtor,-0.4157341,-0.31553957,0.67760458267677,1.0,False
Arp8,-0.41677132,-0.39172104,0.6768456811198668,1.0,False
CG10494,-0.41862154,-0.3311538,0.6754927457954651,1.0,False
CG30020,-0.4186609,-0.29477954,0.6754639713046553,1.0,False
Det,-0.41908708,-0.40865773,0.6751524865307849,1.0,False
CG9286,-0.41921204,-0.38375792,0.6750611782444681,1.0,False
Arf4,-0.419503,-0.13699858,0.6748485610479078,1.0,False
CG1172,-0.4200798,-0.25236514,0.6744271554492569,1.0,False
CG6083,-0.42028177,-0.23708472,0.6742796250936629,1.0,False
CG3226,-0.42039132,-0.17044625,0.6741996138669878,1.0,False
sqd,-0.42048886,0.0817014,0.6741283569702073,1.0,False
Csgalnact,-0.42255476,-0.28679624,0.672620148116752,1.0,False
CG12728,-0.42297408,-0.2533992,0.6723141684632999,1.0,False
beta4GalNAcTA,-0.42397022,-0.28444397,0.6715875283245911,1.0,False
fu,-0.42408147,-0.25775814,0.6715063933932597,1.0,False
Dok,-0.42455387,-1.463669,0.6711619246372427,1.0,False
boi,-0.42463946,-2.4108026,0.6710995282659395,1.0,False
Ada1-1,-0.42469764,-2.6287498,0.6710571000286015,1.0,False
asRNA:CR45281,-0.4248072,-0.6289512,0.6709772379559696,1.0,False
Vps24,-0.42530867,-0.12305868,0.6706116668676491,1.0,False
Pgls,-0.4256048,-0.8185828,0.6703958543286932,1.0,False
Arf1,-0.4263613,-0.059214115,0.6698445955422396,1.0,False
Alms1a,-0.4292761,-0.51337874,0.6677222922299342,1.0,False
Cyp4ae1,-0.4294319,-0.48741022,0.6676089612733713,1.0,False
CG3792,-0.4298615,-0.17399205,0.6672964063907366,1.0,False
tsu,-0.43263254,-0.18554345,0.6652817539310424,1.0,False
mRpL28,-0.43331888,-0.15866365,0.6647831297278639,1.0,False
RpS15Ab,-0.4342962,-0.24314228,0.664073374634893,1.0,False
lncRNA:CR44092,-0.43516052,-0.41306856,0.6634459087449436,1.0,False
hpRNA:CR46342,-0.4372281,-0.39128536,0.66194591867236,1.0,False
GCC88,-0.43779635,-0.21384165,0.6615339069684326,1.0,False
Non3,-0.43807364,-0.235096,0.6613329023110108,1.0,False
xmas,-0.43922383,-0.78876823,0.6604993660373406,1.0,False
CG17549,-0.43937445,-2.0168977,0.6603902436327656,1.0,False
Nle,-0.43937615,-0.37424523,0.6603890036469333,1.0,False
MetRS-m,-0.43962947,-0.28764307,0.6602054960271179,1.0,False
HIP,-0.43988448,-0.29559204,0.6600207691335929,1.0,False
Axs,-0.44036543,-0.97766405,0.6596724479668075,1.0,False
U3-55K,-0.44043562,-0.9849729,0.6596216314705416,1.0,False
I-2,-0.4428267,-0.18739796,0.6578910921116362,1.0,False
wol,-0.44333676,-0.2817043,0.6575221801418976,1.0,False
Rtnl1,-0.44342747,0.11729147,0.6574565770158689,1.0,False
Mlf,-0.44979966,-0.04835911,0.6528548950507512,1.0,False
Sodh1,-0.4520213,-3.1619618,0.6512536370023598,1.0,False
Pop1,-0.45212057,-3.0625455,0.6511821236467856,1.0,False
kst,-0.45278808,-0.9616403,0.6507013413592615,1.0,False
PIP82,-0.45302942,-1.7487612,0.6505275558214807,1.0,False
MED22,-0.45308933,-0.17104974,0.6504844205104803,1.0,False
CG13344,-0.4538253,-0.13885678,0.6499545679917975,1.0,False
CG10973,-0.45412827,-0.32197765,0.6497365173036677,1.0,False
mEFTu1,-0.4545014,-0.18639137,0.6494679989250846,1.0,False
CG32196,-0.45638755,-0.4459684,0.6481113236657824,1.0,False
cpa,-0.45669904,-0.26040062,0.6478873751750243,1.0,False
Blos2,-0.45680517,-0.32275867,0.6478110923038165,1.0,False
Sec13,-0.45768833,-0.14478411,0.6471763654706533,1.0,False
SrpRalpha,-0.45880944,-0.1810348,0.6463710255466759,1.0,False
Bin1,-0.45904735,-0.17747563,0.6462001745894153,1.0,False
Dolk,-0.45967036,-0.31942734,0.6457528547509277,1.0,False
lncRNA:CR45979,-0.4628864,-0.39647233,0.6434457905926911,1.0,False
mRpS31,-0.46410847,-0.19602123,0.6425700295656522,1.0,False
scramb1,-0.4698782,-0.14931442,0.6384420328199567,1.0,False
CG9691,-0.4702017,-0.621304,0.638210920572645,1.0,False
Ekar,-0.47127658,-0.75920725,0.6374432445935793,1.0,False
Pbgs,-0.47205192,-0.4583639,0.6368897323865927,1.0,False
CG31510,-0.4727143,-0.19203821,0.6364170247663412,1.0,False
Bmcp,-0.47312164,-0.20925073,0.6361263891683431,1.0,False
Hmr,-0.4737635,-0.5757549,0.6356685685903282,1.0,False
lncRNA:CR45474,-0.47922516,-2.9523554,0.6317784671011375,1.0,False
CG11164,-0.47984987,-1.7803638,0.6313341473297418,1.0,False
SmydA-8,-0.48091617,-1.1014647,0.6305760681536006,1.0,False
heix,-0.48184898,-0.29817063,0.6299132196609013,1.0,False
MFS18,-0.48236075,-0.18047068,0.6295496916737833,1.0,False
CG9166,-0.48302826,-0.20355976,0.6290756595905345,1.0,False
CG12213,-0.48530468,-0.15942596,0.6274602388098367,1.0,False
FRG1,-0.48689303,-0.27410796,0.6263341441345336,1.0,False
CG30116,-0.4877642,-0.05314282,0.625716860461351,1.0,False
Rpn11,-0.4885909,-0.19167751,0.6251313504714662,1.0,False
CG1622,-0.4900372,-0.21217023,0.6241075799094027,1.0,False
spg,-0.49056777,-0.1983054,0.6237321772145243,1.0,False
MED18,-0.49228108,-0.25948372,0.6225206572960855,1.0,False
CG2201,-0.49235466,-0.24460629,0.6224686368439964,1.0,False
Ent3,-0.4927261,-0.17067954,0.6222061437911808,1.0,False
Smurf,-0.49325326,-0.17820089,0.6218336554840669,1.0,False
CG11771,-0.49493232,-0.29570094,0.620647901870963,1.0,False
CG1142,-0.49610645,-0.17606795,0.6198193055128842,1.0,False
Tmem70,-0.49653947,-0.19832003,0.6195138370576128,1.0,False
Smu1,-0.49779922,-0.38493538,0.6186255751244569,1.0,False
fbl,-0.49828017,-0.24263868,0.6182865893381528,1.0,False
lost,-0.49875426,-0.13567081,0.6179525084739683,1.0,False
elm,-0.4997778,-0.110464714,0.61723154915257,1.0,False
CG5890,-0.50203705,-0.15864958,0.6156414398981265,1.0,False
CG12608,-0.5022613,-0.29853985,0.6154837318229704,1.0,False
peng,-0.5049776,-0.23733081,0.6135745892532665,1.0,False
CG7332,-0.5066412,-0.15580866,0.6124065761007634,1.0,False
Papst2,-0.5071633,-0.29727668,0.6120402726443045,1.0,False
Msh6,-0.5072711,-0.41612113,0.6119646220440287,1.0,False
28SrRNA-Psi:CR41609,-0.5073344,-1.5159806,0.6119201942550829,1.0,False
mus81,-0.5075176,-1.1346685,0.6117917219254805,1.0,False
CG14275,-0.50846237,-1.6450055,0.6111291385479474,1.0,False
BCAS2,-0.50858384,-0.26449496,0.6110439380498365,1.0,False
loqs,-0.5091299,-0.1751885,0.610661200801594,1.0,False
CG5004,-0.5101277,-0.35807544,0.6099619904116682,1.0,False
Yeti,-0.5106446,0.080568634,0.6095999321035148,1.0,False
lncRNA:CR45962,-0.51079863,-0.36985865,0.6094920524101108,1.0,False
CG10321,-0.51120085,-0.22552687,0.6092104065661244,1.0,False
CG13055,-0.51161164,-0.66145295,0.6089228280236407,1.0,False
CG2656,-0.51362103,-0.30567238,0.6075169611346972,1.0,False
CG6418,-0.51443917,-0.21834259,0.6069449705610162,1.0,False
CanB2,-0.5147284,-0.1516252,0.6067427971615527,1.0,False
Hinfp,-0.5148893,-0.34914485,0.6066303587108144,1.0,False
Tmem18,-0.51525044,-0.286379,0.6063780041949093,1.0,False
CG11710,-0.51627743,-0.23613031,0.6056606650898132,1.0,False
l(3)05822,-0.51653075,-0.19522604,0.6054837798841983,1.0,False
CG11885,-0.5171828,-0.3105874,0.6050285264912743,1.0,False
Gas41,-0.5174704,-0.25371042,0.6048278335987503,1.0,False
CG7841,-0.51801467,-0.17465292,0.6044480323870163,1.0,False
pins,-0.5180489,-0.28300965,0.6044241490961824,1.0,False
Pp4-19C,-0.5202688,-0.2759251,0.6028762229387874,1.0,False
Seipin,-0.5205632,-1.4551003,0.6026710807510416,1.0,False
PIG-X,-0.5216638,-0.39646125,0.6019044614472506,1.0,False
TTLL12,-0.5234849,-0.34875962,0.6006368699895985,1.0,False
CG3817,-0.5236081,-0.25501284,0.6005511367225518,1.0,False
rdo,-0.52396584,-0.2650567,0.6003023034384906,1.0,False
eIF3f1,-0.52438176,-0.071285546,0.6000130487324302,1.0,False
Nopp140,-0.52573216,-0.39256895,0.5990742987951116,1.0,False
lncRNA:CR46268,-0.52777237,-0.41903704,0.5976573246172155,1.0,False
Lamtor4,-0.5294754,-0.20852374,0.5964756991114752,1.0,False
CG10802,-0.529549,-0.28516468,0.5964246578779846,1.0,False
CG14230,-0.53113735,-0.5263296,0.5953236018842536,1.0,False
Ns1,-0.5318785,-0.30173212,0.5948101724174993,1.0,False
TrpRS,-0.53207874,-0.35891724,0.5946714744600408,1.0,False
Prosalpha7,-0.5320907,-0.1779899,0.5946631767601214,1.0,False
CG13982,-0.5335678,-0.2895773,0.5936405944319683,1.0,False
CG18661,-0.53411895,-0.35347036,0.5932592578320017,1.0,False
CG2681,-0.5346033,-1.9525161,0.5929242006295565,1.0,False
Rh4,-0.5353547,-1.5198488,0.5924046192674797,1.0,False
Gtpbp1,-0.53599656,-0.19845568,0.5919609510097146,1.0,False
CG5969,-0.53741544,-0.1388833,0.590980690147397,1.0,False
CG13369,-0.5378279,-0.20969062,0.5906958569669665,1.0,False
Rh3,-0.53862035,-1.136339,0.5901488236558046,1.0,False
CG17364,-0.5389901,-0.1835377,0.5898937000526826,1.0,False
Trap1,-0.5403508,-0.16273423,0.5889551414924659,1.0,False
CG6937,-0.5406897,-0.42019624,0.5887214945351897,1.0,False
Tom20,-0.54472387,-0.12068778,0.585943444921605,1.0,False
His2Av,-0.5452459,-0.12457856,0.5855844052871393,1.0,False
Psf3,-0.54776365,-0.43375835,0.5838542108311605,1.0,False
GstE14,-0.548539,-2.1270568,0.5833218707907577,1.0,False
Vps29,-0.5488008,-0.16225182,0.583142124949545,1.0,False
nod,-0.548818,-1.0216866,0.5831303777545568,1.0,False
Coq5,-0.5499151,-0.513303,0.5823776128937563,1.0,False
Coq2,-0.55743575,-0.493442,0.5772297308447036,1.0,False
CG15912,-0.5589266,-0.32218322,0.5762118439491796,1.0,False
CG18081,-0.56011784,-0.23075885,0.5753990786684584,1.0,False
Vps50,-0.56044304,-0.34173027,0.5751772972543068,1.0,False
Tim23,-0.5605303,-0.14856346,0.5751177733334623,1.0,False
Arpc4,-0.561814,-0.16646698,0.5742427580542657,1.0,False
Tango4,-0.5619492,-0.29227978,0.574150626484136,1.0,False
Taf10b,-0.5649051,-0.19329026,0.5721383115855139,1.0,False
Nup93-1,-0.56621957,-0.6963804,0.5712445093147014,1.0,False
vimar,-0.5664541,-0.2867486,0.5710851378879838,1.0,False
CG7133,-0.56797737,-0.25371143,0.5700503209376411,1.0,False
Arl2,-0.57282627,-0.29947516,0.566762313600784,1.0,False
l(3)04053,-0.5734014,-0.3286169,0.566372952694397,1.0,False
CG32187,-0.57592255,-0.27460352,0.5646675384269022,1.0,False
DCTN5-p25,-0.57750744,-0.1654281,0.5635966976980948,1.0,False
CG16812,-0.57809454,-0.18907255,0.5632002957491613,1.0,False
bys,-0.5783667,-0.36534122,0.5630165865326917,1.0,False
CG4364,-0.581261,-0.16107287,0.5610645892694417,1.0,False
Atg18a,-0.58208936,-0.17414956,0.5605064898201602,1.0,False
qkr58E-3,-0.5826439,-0.0965583,0.5601330363810335,1.0,False
CG4025,-0.58779234,-0.29803348,0.5566716824246086,1.0,False
CG15914,-0.58860534,-1.6898799,0.5561260469497467,1.0,False
CG8187,-0.5890692,-0.20040163,0.5558148644885402,1.0,False
CG6769,-0.5897025,-0.22365698,0.5553901401054906,1.0,False
Swim,-0.5903614,-1.5236372,0.5549483655253113,1.0,False
Rh6,-0.5929391,-1.1753209,0.5532219328846444,1.0,False
Trm7-32,-0.59738404,-0.34129795,0.550251008798857,1.0,False
Slbp,-0.60089105,-0.28905925,0.5479125457005594,1.0,False
Hcf,-0.60279775,-0.16711119,0.5466432350283588,1.0,False
Ranbp16,-0.6044597,-0.18860617,0.5455380502174549,1.0,False
CG6454,-0.6055585,-0.18844104,0.5448079399812913,1.0,False
asRNA:CR44029,-0.6064229,-0.5342699,0.5442339733185477,1.0,False
CG40485,-0.6068508,-0.97990745,0.5439499426934982,1.0,False
Mat1,-0.60698086,-0.2885575,0.5438636119986601,1.0,False
28SrRNA-Psi:CR45848,-0.60736597,-0.33249205,0.5436080676682757,1.0,False
alpha-Man-Ib,-0.60949004,-0.19989304,0.5421996732442409,1.0,False
lace,-0.6104554,-0.27966234,0.5415601991208348,1.0,False
asRNA:CR45520,-0.6170689,-0.36124945,0.5371892722874196,1.0,False
CG13077,-0.6172367,-2.1351082,0.5370786464160484,1.0,False
Dredd,-0.6172966,-1.5270708,0.5370391399517074,1.0,False
Aprt,-0.6183612,-0.4484216,0.536337297398095,1.0,False
CG14082,-0.61837316,-0.27644286,0.5363294014757708,1.0,False
Upf2,-0.6201018,-0.33835116,0.5351907461783904,1.0,False
CG11456,-0.62022847,-0.28258306,0.5351073678887778,1.0,False
CG9986,-0.6208669,-0.39674893,0.5346871959667978,1.0,False
Tsp42Ea,-0.6250055,-0.7953024,0.531967443597521,1.0,False
CG10681,-0.6260513,-0.42964414,0.5312813052196008,1.0,False
Larp4B,-0.627056,-0.06559762,0.5306225412225967,1.0,False
Stt3A,-0.62953776,-0.26502725,0.5289970497753363,1.0,False
Chd64,-0.62956685,-0.21276292,0.5289780073279037,1.0,False
Torsin,-0.6306691,-0.23617895,0.5282568916026484,1.0,False
AlkB,-0.63077354,-0.77312994,0.5281886131355733,1.0,False
CG32017,-0.633127,-0.002155065,0.5266507431722958,1.0,False
CG8010,-0.6363892,-0.5200445,0.5245227637421161,1.0,False
amx,-0.63788855,-0.29271734,0.5235462211862991,1.0,False
MsR1,-0.6437833,-0.45626506,0.5197159994985449,1.0,False
CG40191,-0.64397323,-0.1932828,0.5195927924962008,1.0,False
phr,-0.64422995,-0.7839559,0.5194263204946483,1.0,False
Rab32,-0.64718074,-0.81400007,0.5175149805444235,1.0,False
CG9784,-0.65106773,-0.274135,0.5150027675260056,1.0,False
Arp3,-0.65351015,-0.19671054,0.513427446552512,1.0,False
Nadk1b,-0.6543505,-0.26536372,0.5128859931867802,1.0,False
CG8993,-0.6564318,-0.13189954,0.5115463233921,1.0,False
CG15084,-0.6566355,-0.5610247,0.5114153190393479,1.0,False
Nf-YA,-0.6584515,-0.39544225,0.5102480634530109,1.0,False
mago,-0.6603154,-0.20831409,0.5090514543818319,1.0,False
SdhA,-0.66208005,-0.13059855,0.507919932862396,1.0,False
PIG-L,-0.6621639,-0.23067068,0.5078661882821495,1.0,False
CG11635,-0.6680928,-0.5033695,0.5040743513144949,1.0,False
key,-0.6681938,-0.27484143,0.5040098971084725,1.0,False
Prosbeta5,-0.6694792,-0.17967245,0.5031898516570975,1.0,False
Dmel_CG14798,-0.6698677,-0.35875115,0.5029421205217787,1.0,False
pths,-0.6712387,-0.3422563,0.5020684831502916,1.0,False
p,-0.6719422,-0.19882464,0.5016205241841492,1.0,False
Taf13,-0.6727415,-0.25072524,0.5011117863768324,1.0,False
Ahcy,-0.6734141,-0.40542176,0.5006838741793043,1.0,False
fsd,-0.6736999,-0.73582846,0.5005020973802898,1.0,False
pho,-0.67553306,-0.13102533,0.49933716355057733,1.0,False
Taf11,-0.67823565,-0.3331038,0.49762230491955295,1.0,False
CG4709,-0.6794046,-0.7412867,0.4968815115589018,1.0,False
pr,-0.6800927,-0.39818534,0.49644577047059346,1.0,False
Prosap,-0.68063015,0.028760906,0.49610555728634975,1.0,False
pen-2,-0.6831804,-0.22938995,0.49449286684635707,1.0,False
Smn,-0.6850015,-0.24682714,0.4933429721297894,1.0,False
TotA,-0.6864221,-2.025913,0.49244696300844026,1.0,False
CG5510,-0.69105196,-0.41855127,0.48953290277841377,1.0,False
Ino80,-0.69433475,-0.41895035,0.48747230527848817,1.0,False
CG13933,-0.69487387,-0.24758755,0.4871343341980764,1.0,False
lncRNA:CR43241,-0.6956852,-0.43655032,0.48662600677757706,1.0,False
hui,-0.700392,-1.6174308,0.48368251436773124,1.0,False
ND-13A,-0.7005854,-0.10499913,0.4835617705772913,1.0,False
Nup35,-0.7048644,-0.4937957,0.4808946366086372,1.0,False
CG14613,-0.7063278,-0.31675252,0.4799843187929259,1.0,False
Cdk5,-0.7098502,-0.26242095,0.4777970259304697,1.0,False
ix,-0.71280783,-0.50143903,0.47596468328445507,1.0,False
ftz-f1,-0.7140641,-0.071630634,0.475187529049545,1.0,False
sona,-0.715507,-1.0446794,0.47429582615384436,1.0,False
CG13117,-0.71571064,-1.4386517,0.47417002521880114,1.0,False
mRpL46,-0.71761394,-0.3186897,0.4729953602492015,1.0,False
Arp10,-0.7183824,-0.30147603,0.4725215118415973,1.0,False
Kdm4A,-0.7216584,-0.47395495,0.4705045231464061,1.0,False
CG9636,-0.7308735,-0.21080066,0.46485639568616843,1.0,False
MED21,-0.7315753,-0.21057372,0.4644278326425728,1.0,False
CG14182,-0.73606306,-0.2727613,0.4616923251128434,1.0,False
CG14005,-0.7377233,-0.33374977,0.4606826180554774,1.0,False
CG32432,-0.7381512,-0.14367607,0.4604225845440979,1.0,False
CG11523,-0.73985076,-0.2638833,0.45939054252271105,1.0,False
pum,-0.7412303,0.11797996,0.4585538063331088,1.0,False
CG6044,-0.7428461,-0.05072301,0.45757489500254356,1.0,False
PhLP3,-0.7483454,-0.22810157,0.4542518772618349,1.0,False
CG42268,-0.75292385,-0.10390562,0.4514956904441141,1.0,False
slmo,-0.75435644,-0.35919654,0.4506352343444844,1.0,False
xit,-0.75655407,-0.5487909,0.44931705818974943,1.0,False
Uhg3,-0.7569358,-0.2963761,0.4490883457239633,1.0,False
CG5902,-0.7570419,-0.34147754,0.4490247692419188,1.0,False
Mis12,-0.7599841,-0.49995777,0.44726409491428054,1.0,False
spoon,-0.76018775,-0.23544443,0.44714235542086633,1.0,False
CG8195,-0.76441705,-0.17334561,0.4446187328413145,1.0,False
eIF2Bepsilon,-0.7651941,-0.3335504,0.4441559496585491,1.0,False
Obp99b,-0.76685435,-6.3672347,0.4431681057239847,1.0,False
CG1529,-0.76714194,-1.1745437,0.4429971428910494,1.0,False
PCNA2,-0.77082694,-0.42812705,0.4408095129504471,1.0,False
CG18731,-0.7731307,-0.21803646,0.43944501473001063,1.0,False
Rnf146,-0.7736014,-0.31824094,0.4391665340095431,1.0,False
rdhB,-0.7736048,-0.9593576,0.43916450906652726,1.0,False
CG13585,-0.7739506,-0.11435984,0.4389600174452444,1.0,False
CHOp24,-0.77899975,-0.15594244,0.435979868765491,1.0,False
Ras64B,-0.78047,-0.35429856,0.43511428778210137,1.0,False
CG32576,-0.78543186,-0.292538,0.43220041030418976,1.0,False
CaMKII,-0.792398,0.12202158,0.4281286551802642,1.0,False
lncRNA:CR44366,-0.7934797,-0.76614755,0.427498391260582,1.0,False
MED20,-0.7991998,-0.6898644,0.4241745679775173,1.0,False
Rsf1,-0.8001686,-0.055539228,0.4236131464821319,1.0,False
CIAPIN1,-0.800451,-0.41905516,0.4234495630911762,1.0,False
CG12241,-0.80303717,-0.4690838,0.42195325606189416,1.0,False
mRpL22,-0.80340856,-0.19494002,0.4217386210120153,1.0,False
Dlip1,-0.8079631,-1.1813545,0.4191118321388838,1.0,False
eIF4E1,-0.8130636,-0.0652591,0.41618159817643374,1.0,False
CG11436,-0.8138869,-0.43169624,0.4157097668483253,1.0,False
Hrb98DE,-0.81487274,-0.14530437,0.4151451622284791,1.0,False
Cyp1,-0.81732714,0.07120868,0.4137415018439269,1.0,False
CG13108,-0.82324576,-0.15882501,0.41036823976740355,1.0,False
CG8173,-0.8315418,-0.73208004,0.4056676213082633,1.0,False
CG2147,-0.83383703,-0.36772382,0.40437282294235977,1.0,False
U2af38,-0.834128,-0.18168844,0.4042088567447134,1.0,False
fh,-0.8378764,-0.46369433,0.4021001458246949,1.0,False
CG15317,-0.83806634,-0.93825275,0.40199344194860676,1.0,False
CG2691,-0.83901286,-0.547482,0.40146209832349133,1.0,False
CG42588,-0.8392918,-0.32327342,0.40130556214580904,1.0,False
CG7536,-0.8441647,-0.31885833,0.39857737440487095,1.0,False
Sec61beta,-0.8447535,-0.14461367,0.39824848835113813,1.0,False
CG6867,-0.84842825,-0.3653663,0.39619951556200894,1.0,False
Rbm13,-0.8582356,-0.601965,0.39076238183469314,1.0,False
Fnta,-0.8611316,-0.32913467,0.38916557084905024,1.0,False
CG9902,-0.8628483,-0.4895828,0.38822087530597693,1.0,False
shop,-0.8678136,-0.5261231,0.3854963840999527,1.0,False
Roc2,-0.8679625,-0.21283397,0.3854148583792696,1.0,False
Rm62,-0.86972374,0.06467737,0.38445140528408617,1.0,False
CG7791,-0.87368774,-0.51741815,0.3822883293739554,1.0,False
dod,-0.874143,-0.16020547,0.38204037182936423,1.0,False
Tsp39D,-0.87565607,-0.22179405,0.38121704131377765,1.0,False
CG11807,-0.87676513,-0.34979567,0.38061420636114773,1.0,False
eag,-0.8804194,-0.12357579,0.37863216043005077,1.0,False
inaC,-0.88096195,-1.4764811,0.37833841337955576,1.0,False
Qtzl,-0.8912537,-0.251016,0.37279309192002674,1.0,False
SF1,-0.8937321,-0.3298129,0.3714652742232778,1.0,False
mTerf3,-0.8939546,-0.39488783,0.3713462077654107,1.0,False
CG2061,-0.89909273,-0.3802548,0.36860327833697193,1.0,False
CG5861,-0.9004928,-0.1981512,0.36785806234133955,1.0,False
car,-0.90110725,-0.23606177,0.36753130189212424,1.0,False
CG2767,-0.9122171,-1.1534133,0.36165444065369345,1.0,False
Rai1,-0.91355383,-0.5718305,0.36095132564968135,1.0,False
Sod2,-0.9140279,-0.17456426,0.3607021555296289,1.0,False
CG12895,-0.9159552,-0.25253278,0.3596903949199013,1.0,False
Nepl16,-0.92326367,-0.2606601,0.3558698310479328,1.0,False
Cht11,-0.92373776,-1.0024052,0.35562287360693634,1.0,False
Moca-cyp,-0.9249992,-0.18769477,0.35496633294295077,1.0,False
Taf5,-0.92711985,-0.46535096,0.3538643218780231,1.0,False
CG8818,-0.9277959,-0.20023169,0.3535134496989254,1.0,False
Xpac,-0.931166,-0.35517058,0.35176770086693354,1.0,False
CG8289,-0.93305904,-0.23132852,0.35078950142311005,1.0,False
CG13071,-0.9341698,-2.0504258,0.3502162983546041,1.0,False
dpr12,-0.9360166,-0.057799734,0.3492646309967431,1.0,False
bsk,-0.93961096,-0.15921916,0.34741716453873195,1.0,False
Rich,-0.9409391,-0.4116108,0.34673605766802873,1.0,False
Patr-1,-0.9424864,-0.42299628,0.34594367600685105,1.0,False
CG5412,-0.9458805,-0.23948224,0.34420956497128563,1.0,False
Rbp1-like,-0.94590443,0.1301301,0.34419734188647333,1.0,False
nrv1,-0.94921803,-1.4405766,0.34250973229327764,1.0,False
CG11417,-0.9494987,-0.5123536,0.34236701709290884,1.0,False
Dlst,-0.95038193,-0.18046966,0.34191823442386615,1.0,False
Hsp70Bc,-0.9567986,-0.5909607,0.3386689101213606,1.0,False
Atg8a,-0.960167,0.08002017,0.33697116938392013,1.0,False
BORCS5,-0.96848184,-0.21558297,0.3328037745426641,1.0,False
alien,-0.9743406,-0.26806337,0.3298874541805421,1.0,False
Nxt1,-0.9752375,-0.32941657,0.3294424827248197,1.0,False
Xxylt,-0.9778202,-0.19175397,0.328163240170405,1.0,False
Sptr,-0.98200846,-0.41091985,0.32609567439061826,1.0,False
tut,-0.98269653,-0.8730202,0.3257568204535326,1.0,False
CG10417,-0.9863456,-0.2120399,0.3239635430469735,1.0,False
lncRNA:CR42861,-0.9925775,-0.33955255,0.3209159060356661,1.0,False
NaPi-III,-0.9933357,-0.06435086,0.3205463827884467,1.0,False
mRpL51,-0.99716794,-0.31292754,0.31868300376293357,1.0,False
CG9164,-0.9975684,-0.30520183,0.31848867045931484,1.0,False
4E-T,-0.99842423,-0.18109205,0.31807368850572393,1.0,False
asRNA:CR44961,-0.99941695,-2.729421,0.31759275346479054,1.0,False
Elp6,-1.0040776,-0.34852535,0.3153412218396796,1.0,False
Ak2,-1.0059825,-0.13669382,0.31442395638776965,1.0,False
pigs,-1.006929,-0.17179002,0.3139688611892876,1.0,False
CG4313,-1.010342,-0.6846432,0.31233148486472906,1.0,False
CG7582,-1.0158002,-0.24252982,0.3097245472605412,1.0,False
CkIIalpha,-1.0212173,-0.14589378,0.3071514808781751,1.0,False
gammaSnap1,-1.0264051,-0.12339007,0.3047006595367602,1.0,False
mrj,-1.0304976,-0.26839337,0.3027765160191438,1.0,False
CG31360,-1.0420917,-0.253179,0.2973691388813998,1.0,False
COX6B,-1.052339,0.11589885,0.29264405111312275,1.0,False
DopEcR,-1.0541122,0.05806864,0.2918315594517392,1.0,False
inaD,-1.0646435,-1.2318331,0.2870372729783799,1.0,False
Pex11ab,-1.0647393,-0.39771906,0.286993884539386,1.0,False
GstD9,-1.0684192,-0.53239733,0.2853314261429185,1.0,False
ave,-1.0702455,-0.3084066,0.2845088050833061,1.0,False
CG4842,-1.0721232,-1.6718409,0.28366472968515744,1.0,False
kis,-1.0733093,0.04493083,0.2831323828251693,1.0,False
CG7166,-1.0756335,-0.19572462,0.2820911619669797,1.0,False
RPA3,-1.076996,-0.49936417,0.2814820526753833,1.0,False
fwd,-1.0854871,-0.198105,0.2777059537325748,1.0,False
Gbeta76C,-1.0867572,-1.5133449,0.27714415487511523,1.0,False
Arfip,-1.0878834,-0.3228085,0.27664660412590314,1.0,False
Ost48,-1.0905346,-0.35442764,0.27547772322152175,1.0,False
Nf-YB,-1.0967339,-0.39131936,0.2727577174544066,1.0,False
CG14641,-1.0983411,-0.32114753,0.27205556786261587,1.0,False
trp,-1.1019235,-1.5072694,0.27049495543989044,1.0,False
MED14,-1.106685,-0.5159384,0.26843011771291925,1.0,False
Stlk,-1.1075974,-0.19144945,0.26803575704179383,1.0,False
CSN7,-1.1120749,-0.24586104,0.2661059812064219,1.0,False
gus,-1.1166191,-0.13493855,0.26415723618531217,1.0,False
Svip,-1.1182126,-0.3929022,0.26347622717209684,1.0,False
prel,-1.120732,-0.2014916,0.26240196047509123,1.0,False
CG14015,-1.1210504,-0.2347986,0.2622664331272784,1.0,False
RNaseP:RNA,-1.128381,-0.94839025,0.2591590315325538,1.0,False
Rph,-1.1293703,-0.39821538,0.25874164238195996,1.0,False
ND-13B,-1.1294696,-0.070108086,0.258699784774605,1.0,False
Nlg3,-1.133069,-0.0045173396,0.25718525474681364,1.0,False
eIF3k,-1.1366172,-0.24925977,0.25569836306192417,1.0,False
Sdc,-1.1429859,0.07475369,0.2530444254119716,1.0,False
CG7785,-1.1455362,-0.32354435,0.2519871081874462,1.0,False
l(3)80Fj,-1.1723156,-0.034750894,0.24107038100043043,1.0,False
Pi3K21B,-1.1748607,-0.2526607,0.24005045355289123,1.0,False
mRpL10,-1.1770293,-0.37351772,0.23918382605613775,1.0,False
CG1354,-1.1794392,-0.27037477,0.23822334623254238,1.0,False
Ctr9,-1.1864532,-0.18409061,0.23544336466276639,1.0,False
Glut1,-1.1965413,-0.119450204,0.23148540324290545,1.0,False
chinmo,-1.1976093,0.07156864,0.2310691553200409,1.0,False
CG32756,-1.2001373,-0.5528219,0.23008602165620318,1.0,False
NC2beta,-1.2041715,-0.35918155,0.22852330209847616,1.0,False
CG12123,-1.2086114,-0.29067788,0.22681220178569916,1.0,False
CG3732,-1.2106771,-0.26666042,0.22601914172622994,1.0,False
CG3706,-1.2187849,-8.269935,0.22292582216708967,1.0,False
CG15651,-1.2197589,-0.25362843,0.2225563062758571,1.0,False
ear,-1.2204179,-0.253264,0.22230653118878663,1.0,False
CG6005,-1.2212667,-0.395399,0.22198503898664101,1.0,False
Snx1,-1.2255217,-0.42603242,0.2203787060339406,1.0,False
CNBP,-1.2267985,-0.054186415,0.21989830725323622,1.0,False
chrb,-1.2275397,0.0776343,0.21961981479419057,1.0,False
lncRNA:CR45533,-1.2303672,-0.88182205,0.21855962405862117,1.0,False
CG2004,-1.2342885,-0.75947464,0.21709544008327553,1.0,False
CG3704,-1.2357895,-0.6400238,0.21653681883624532,1.0,False
Efr,-1.2637619,-0.48146197,0.20631552010613785,0.9933990231567061,False
CG9265,-1.2672089,-0.32179168,0.20508058093265435,0.9910845286704958,False
ND-39,-1.2697473,-0.044934772,0.2041746804676483,0.987432941238461,False
CG9813,-1.2851224,-0.12382006,0.19874953032800102,0.9676060868877114,False
ttm50,-1.2882528,-0.34365928,0.19765796534388647,0.9637200981887452,False
TBPH,-1.291527,-0.24109682,0.1965209687598235,0.9592442531590196,False
CG2124,-1.2920337,-0.8965202,0.1963454692168054,0.9587437627308892,False
rtp,-1.2961792,-1.6257931,0.1949137676093584,0.9553467203795654,False
Mmp2,-1.305348,-0.17711374,0.19177434526834458,0.9444958383905726,False
Pomp,-1.3148234,-0.1903611,0.18856926270876784,0.931153743702822,False
CG31638,-1.3409712,-0.30478418,0.17992980480190846,0.8982817762526889,False
CG5447,-1.3458766,-0.31914756,0.17834232211998435,0.8910335029112527,False
ukar,-1.3559852,-0.090552785,0.17510388624615159,0.8791424959338013,False
Ktl,-1.3559972,-0.16965516,0.17510007414922124,0.8791424959338013,False
Prosalpha4,-1.3564165,-0.30697653,0.17496668977046848,0.8791424959338013,False
XRCC1,-1.362686,-0.7002231,0.1729814903834539,0.8712061263467169,False
28SrRNA-Psi:CR45860,-1.3673552,-1.0343868,0.1715139993168484,0.8658875672760123,False
homer,-1.3697308,-0.34155023,0.17077092979217312,0.8637144024130695,False
Cyp4d2,-1.3726114,-1.8387316,0.1698731690466625,0.8601670293923488,False
Hsc70-5,-1.380851,-0.26441473,0.1673247792262198,0.8521804332189818,False
CG12194,-1.3841834,-0.24504001,0.16630229161318322,0.8486260628338748,False
Abcd3,-1.385397,-0.43294767,0.16593112208209115,0.8473901842824243,False
CG6870,-1.3855612,-1.4946853,0.16588091293159624,0.8473901842824243,False
CG4646,-1.4138417,-0.44470093,0.1574083887803157,0.8127097165317676,False
ATP6AP2,-1.4217116,-0.10751841,0.1551100098809612,0.8040021813948048,False
Gasz,-1.4278253,-0.2520491,0.1533421494386225,0.7968318727796844,False
eIF4B,-1.430949,-0.17811821,0.1524448521715664,0.7936312826998345,False
galla-2,-1.4384867,-0.44217664,0.15029600095741655,0.7852443151413334,False
28SrRNA-Psi:CR40741,-1.4403386,-1.1832733,0.1497716100333705,0.7837510775939819,False
retinin,-1.4546492,-2.2639008,0.14576641071377447,0.7664548366462571,False
Nhe3,-1.4556539,-0.24807955,0.14548832839721543,0.7656053805123791,False
Lipt2,-1.456366,-0.5600457,0.14529150080451086,0.7654739280761182,False
mRpL14,-1.4580262,-0.27783227,0.1448333440493889,0.7639944362942475,False
tub,-1.4602991,-0.32637775,0.14420789048113816,0.7625318635501631,False
CG5934,-1.4649546,-0.26219976,0.14293330686927885,0.757621481348255,False
brv3,-1.4651121,-24.210876,0.14289034759588742,0.757621481348255,False
amrt,-1.4744282,-0.63761115,0.1403663405145335,0.7467262001461419,False
eIF5,-1.4789536,-0.38569754,0.13915271616521924,0.7423738085306458,False
Syngr,-1.4881089,-0.22301582,0.1367221926798125,0.7326429572245423,False
Nna1,-1.4923947,-0.41800633,0.13559572076746362,0.7281274094337851,False
gw,-1.4989808,-0.0001605224,0.13387861500070944,0.7215607059513215,False
Unr,-1.500297,0.09619753,0.1335374869467847,0.7200174716786011,False
CG9132,-1.5064758,-0.24753335,0.13194507514229586,0.7128940326355953,False
nmo,-1.5078878,0.07934662,0.1315832322047902,0.7112314566725394,False
Stacl,-1.5106555,0.011409551,0.13087625171595438,0.7093952121046867,False
Pu,-1.5113127,-0.6669803,0.13070879391576357,0.7093952121046867,False
ND-PDSW,-1.5161068,-0.052998737,0.12949233471057825,0.7039839793533298,False
CG33229,-1.5163755,-0.1465985,0.12942441152954334,0.7039059468121687,False
lwr,-1.5275539,-0.24585047,0.12662333484888483,0.690959559765094,False
CG8939,-1.5301863,-1.1056715,0.1259706189813997,0.6888281037934215,False
Arl8,-1.5310335,-0.22368725,0.12576110306510657,0.6885420392814585,False
eca,-1.5321375,-0.33964956,0.12548850496431788,0.687622583499223,False
Cables1,-1.5420167,-0.44112706,0.12306952388261642,0.6774753011384917,False
CG4293,-1.545885,-0.6576123,0.12213236376795826,0.6743303287140099,False
CG4294,-1.5485909,-0.2453963,0.12148008896513167,0.6723876870268871,False
Npc2a,-1.551035,-0.3371272,0.12089328217618764,0.6699863887790407,False
Cpr49Ag,-1.5539567,-1.9987963,0.12019473916412816,0.6669628431103741,False
CG3527,-1.5558275,-0.60192525,0.11974912109141204,0.6650479506091099,False
Cisd,-1.5632403,-0.14028344,0.1179960765481837,0.6580935678451332,False
lncRNA:CR43148,-1.5634166,-0.49782565,0.11795463200182128,0.6580935678451332,False
mRpL35,-1.5734619,-0.313926,0.11561190689092189,0.6478210902118182,False
mthl1,-1.5771606,-0.9740011,0.11475857401193668,0.6446890391264848,False
ninaC,-1.5868926,-1.3384076,0.11253695971184118,0.63437822849146,False
Teh2,-1.5873206,-0.1600586,0.11244006426478134,0.6341040534073935,False
CG14757,-1.5950449,-0.2552491,0.11070219469702527,0.6264542800684376,False
DnaJ-H,-1.6145655,-0.19814888,0.10640482857761675,0.6075120899858074,False
Alat,-1.6165098,-0.22989488,0.10598413143841987,0.6057553227928826,False
msl-2,-1.6178569,-0.71744335,0.10569345443697951,0.6045593804869223,False
Vha16-1,-1.6181854,0.08224097,0.10562263564122315,0.6044779757515993,False
Pdp1,-1.6260399,0.0908957,0.10394116828623455,0.5958930852011877,False
Pfdn4,-1.636412,-0.2818619,0.10175337496381162,0.5874513826996857,False
CG8500,-1.6367527,-0.14888395,0.10168215813263685,0.5872982671924608,False
lncRNA:CR45332,-1.6716791,-0.32819456,0.09458760481609589,0.5521462138087517,False
IscU,-1.6744639,0.06434218,0.09403946259113737,0.5494346547121143,False
CG7772,-1.6760437,-0.5786961,0.09372963466791946,0.5486001779672435,False
Pa1,-1.6849353,-0.38670802,0.09200104578875941,0.5408920544359278,False
CG7739,-1.7000588,-0.3379941,0.08911985376278943,0.526781321836731,False
ND-B17,-1.700367,-0.14034724,0.08906192464397931,0.52667582800265,False
Mob4,-1.7018149,-0.23870638,0.08879006399924345,0.5253045659387929,False
ATPsynbeta,-1.7046905,0.09437313,0.0882521814778721,0.5225929087964126,False
Hasp,-1.706628,0.060519714,0.08789123479151062,0.5206901826692739,False
Syt4,-1.7110283,-0.032169245,0.08707587438980927,0.5165584602627963,False
ND-24,-1.7168922,-0.1995576,0.08599886138017311,0.5119877675042436,False
CG40498,-1.7176282,-0.050933003,0.08586444810879844,0.511682017301411,False
tai,-1.7210069,-0.17959832,0.08524957433640391,0.5087099939965247,False
stol,-1.7248065,0.06556734,0.08456233327398571,0.5059877318853243,False
CCT2,-1.7329075,-0.44094905,0.08311211130488327,0.4989004762659508,False
mRpL16,-1.7333987,-0.31180093,0.083024824643221,0.49860429424676594,False
RpS19a,-1.7462424,-0.15902871,0.08076883753648076,0.4879551840134975,False
asRNA:CR45479,-1.7545128,-2.16846,0.0793426843113721,0.48139318394664865,False
CG17734,-1.7652478,-0.1943216,0.07752212943337505,0.473126233513492,False
PIG-K,-1.7799588,-0.44274455,0.07508270043823236,0.4614530794005487,False
ND-B14,-1.7820778,-0.08316477,0.07473655290871124,0.4598330213014171,False
Non1,-1.782942,-0.2826599,0.0745957286171419,0.45961383504724135,False
ND-ACP,-1.7846657,-0.108509764,0.07431556373441561,0.4587273928117243,False
Abl,-1.8086963,-0.050816406,0.07049820762199921,0.4400695715691542,False
su(w[a]),-1.84422,-0.23918417,0.06515107436010377,0.4119755135186542,False
PMCA,-1.8462209,0.023638505,0.06486013632289055,0.4107841349767307,False
CG41378,-1.8583714,-1.5465361,0.06311628925505883,0.4018159112458687,False
MICU3,-1.8676174,-0.29894453,0.061815424431633716,0.3956428042044165,False
dj-1beta,-1.8858594,-0.25034732,0.05931390685808108,0.3824199887634424,False
EMC8-9,-1.9287362,-0.27981865,0.05376362525120836,0.3513254568711867,False
eIF3e,-1.9522635,-0.33203268,0.0509069252429982,0.33496094025688344,False
SdhD,-1.9559965,-0.13608819,0.050465568432162454,0.3328903459832403,False
Nplp3,-1.9831678,-1.8260462,0.04734868851087981,0.3159785510578775,False
trx,-1.9938772,-0.10436501,0.04616548050446974,0.3088668094850979,False
Tcs4,-2.0040712,-0.9621364,0.04506242026619186,0.3029376279594206,False
CG2889,-2.0102227,-0.60173744,0.04440761917690315,0.2998541192109493,False
RpL34a,-2.0413222,-0.1885582,0.04121881739009203,0.2812124924744597,False
Top3beta,-2.0532947,-0.69618785,0.04004401010791501,0.27405119417604334,False
Spn,-2.0593262,-0.0031975128,0.03946299553744296,0.2707800320428201,False
Maf1,-2.0596035,-0.19234264,0.0394364589665766,0.2707393264476575,False
Fife,-2.0735,-0.1022091,0.03812578607702502,0.26353120939090413,False
CG8245,-2.0794868,-0.2608528,0.037572616569241435,0.2605299111978008,False
bcn92,-2.1060078,-0.31900764,0.03520366885150652,0.24544723270944546,False
CG14817,-2.1136808,-0.29348958,0.0345425326655397,0.24194503156993158,False
Tob,-2.149915,0.06799462,0.03156193750233076,0.22333002626851164,False
CG17493,-2.1506834,-0.22381958,0.03150118824927455,0.22314049250429518,False
Snx3,-2.1859164,-0.3241847,0.028821723554616974,0.20627939412802257,False
pkm,-2.1889477,-1.4294155,0.028600649657371434,0.20513784743333005,False
CG6999,-2.1944947,-0.70455223,0.028199856112656962,0.20270574908113376,False
trpl,-2.2127147,-1.5704689,0.026917329467835045,0.1949799940503597,False
Serinc,-2.2365568,-0.20915434,0.025315315567225494,0.18469919297798057,False
Apt1,-2.2677453,-0.12849058,0.023344735970744445,0.17204140810744925,False
eIF3m,-2.2677522,-0.096408874,0.02334431845059038,0.17204140810744925,False
PlexA,-2.2873,-0.12239799,0.022178313742098627,0.16418199581474702,False
CG13928,-2.2927601,0.03760432,0.021861824917974025,0.1622046185331331,False
ND-B14.5A,-2.3092835,-0.16554184,0.020927848624150428,0.15562644647500656,False
tyn,-2.314379,-0.65539956,0.020646942826777013,0.15379865575048182,False
HIP-R,-2.3159177,-0.58189464,0.020562763207938414,0.15334546455863268,False
CG14464,-2.330824,-0.30410323,0.019762650665746378,0.148039537119284,False
awd,-2.345593,-0.13339917,0.018996835829275402,0.14312982958525158,False
CG32706,-2.3657691,-0.87851286,0.017992659365583193,0.13658205896231262,False
COX7A,-2.39076,0.062154856,0.016813542969951356,0.12904787069226684,False
onecut,-2.401406,-0.12821591,0.01633220670245548,0.12609000944198884,False
lola,-2.42163,0.0495505,0.015451074460018603,0.12027672891270406,False
para,-2.4241357,0.017838223,0.015344869204927284,0.11961874402829635,False
Act5C,-2.4277968,0.058296006,0.015190851807985932,0.11881416235531854,False
ytr,-2.432894,-0.34532,0.01497869013950235,0.117504470706305,False
ATPsynD,-2.4474714,-0.0031552815,0.014386254092696804,0.11333056281656836,False
ND-51,-2.4499018,-0.15041146,0.01428951616299241,0.11263601822538707,False
RhoGDI,-2.521131,-0.18175183,0.01169783138635754,0.09443590795482217,False
l(3)80Fg,-2.549639,-0.024909753,0.010783451250604491,0.08773656311637339,False
CanA-14F,-2.556759,-0.015512133,0.0105652332671557,0.08617452832428672,False
Cpr72Ec,-2.5802693,-2.2410812,0.009872325628583777,0.08117464206338848,False
Cow,-2.596675,-0.058703516,0.009413096284411475,0.07798744336517452,False
CG12025,-2.6184428,-0.177268,0.008833210148814266,0.07346100085786042,False
ringer,-2.61872,-0.20983137,0.00882603418356986,0.07344780821539452,False
AGO1,-2.620322,0.004691724,0.008784674936714459,0.07314995479621546,False
norpA,-2.6212156,-0.06246769,0.008761684497647262,0.07300477761514587,False
ND-B14.7,-2.6419787,-0.24068718,0.008242323395863603,0.06915972504575207,False
se,-2.6462867,-2.0156348,0.008138079435707065,0.06859163809184787,False
cac,-2.6541736,0.014296493,0.007950288384520195,0.06726773301519341,False
sn,-2.6633015,-0.46545437,0.007737803127638839,0.06572346291826986,False
Pcf11,-2.6790566,-0.23128903,0.007382989779979501,0.06307703882245165,False
CG8229,-2.6812081,-0.4169172,0.007335687672496141,0.06275451563580683,False
CG17715,-2.6818585,-0.26795316,0.007321441530149222,0.06267344736557706,False
CG6707,-2.6946185,-0.3706522,0.007046929578299822,0.06052068931951612,False
asRNA:CR45009,-2.6971052,-0.47188556,0.006994515401513869,0.060149170403070835,False
ATPsynE,-2.7228065,0.010938637,0.0064729987568085835,0.05622542253316175,False
Ank,-2.7834306,-0.21758458,0.005378738503259677,0.04749773113765602,False
RpS20,-2.8747468,0.010809998,0.0040435176011848544,0.03659216341568112,False
CG9328,-2.9281034,-0.12616253,0.003410365348900377,0.031249791272350735,False
stx,-2.9341898,-0.23854259,0.0033441959413652526,0.030686267227331997,False
eIF4EHP,-2.950342,-0.036346506,0.003174223295767999,0.02924915435230821,False
Idh3b,-2.9910913,-0.2682173,0.002779823631888585,0.02587658291444875,False
EMC10,-3.0691736,-0.35194072,0.0021465184685007465,0.020423789048587843,False
Fundc1,-3.072003,-0.2522122,0.0021262772854263347,0.020283032666000234,False
ND-49,-3.0917869,-0.22032288,0.001989555857323333,0.019152208033134503,False
CG6330,-3.1036055,-0.45945442,0.0019117812058074347,0.018498383685058684,False
CG5708,-3.137118,-0.44314033,0.0017061736693035946,0.016768228881562628,False
mub,-3.1408784,-0.04206539,0.0016844191092705227,0.0166041013471978,False
glo,-3.1459138,-0.29560226,0.0016556871603900338,0.016333130095739522,False
CtsB,-3.1776433,-0.33968046,0.0014847734656687525,0.014847734656687523,False
orb2,-3.1931996,-0.032810565,0.0014070557918016593,0.014156748165600157,False
eIF3l,-3.2040665,-0.26254448,0.0013550114406298975,0.013684027054371608,False
CG42392,-3.2580395,-0.070717216,0.0011218478413288365,0.011516469246141338,False
scrape,-3.3132174,-0.030147824,0.000922292549116286,0.009648824916710189,False
RhoGAP102A,-3.3383486,-0.6512276,0.0008427796346574336,0.008923549072843415,False
CG16779,-3.382355,-0.049124304,0.0007186721772411865,0.007690026391652435,False
Muc14A,-3.38649,-3.0462594,0.0007079282218688273,0.007581236214634385,True
18SrRNA-Psi:CR41602,-3.4168963,-1.1214824,0.0006333939136436166,0.006833165866401578,True
His3.3A,-3.4302108,-0.23382124,0.0006031126806535863,0.006538696884313634,False
Sap47,-3.435193,-0.020426672,0.0005921316738328897,0.006430256358813365,False
lncRNA:CR45054,-3.454972,-0.2893221,0.0005503496867783821,0.00600132355540908,False
eIF3i,-3.47655,-0.31174666,0.0005079094689771055,0.0055569778704072995,False
ssx,-3.4859946,-0.32975268,0.0004903110503741942,0.005391370043445114,False
eIF1,-3.5347438,-0.23162802,0.0004081708159434905,0.004564565550210609,False
Arc1,-3.5883281,-0.7855027,0.00033280525162858866,0.0037504811375640265,False
Nipped-B,-3.6470952,-0.10862567,0.000265221649523484,0.003035725152211306,False
CG42540,-3.6954062,-0.020284103,0.00021953545827216236,0.0025460687746656782,False
lncRNA:CR43459,-3.7350156,-0.5179113,0.00018770351799391545,0.0022048221404926717,False
CG32544,-3.7665772,-0.41591224,0.0001655009433787848,0.0019574098973872476,False
ND-23,-3.7933428,-0.34519032,0.00014863271001905396,0.00176905236381374,False
miple1,-3.837339,0.11065126,0.00012437472276784293,0.0014993429882288589,False
LTV1,-3.8823261,-0.3525889,0.00010346197787037826,0.0012599540215169325,False
RFeSP,-3.9268718,-0.03830811,8.605784686826343e-05,0.0010647835290480052,False
RpL24-like,-3.9302247,-0.13417993,8.486651022516329e-05,0.0010520244758100432,False
aus,-3.945427,-0.09422783,7.965791157735588e-05,0.0009902601306778205,False
ND-B22,-3.9582021,-0.12097219,7.551602159074236e-05,0.0009441298988604707,False
VhaPPA1-1,-4.063355,-0.2881912,4.837241977083334e-05,0.000622540250527669,False
ATPsynF,-4.0915275,0.0256395,4.2854132605201715e-05,0.0005586342286035223,False
RNASEK,-4.0953307,-0.052306373,4.215665337563657e-05,0.0005500878106810968,False
UQCR-C2,-4.181656,-0.09160897,2.8939391965406762e-05,0.000386446758562444,False
emc,-4.2511663,-0.19384475,2.1266008341472403e-05,0.00028927054824735756,False
Adar,-4.3360043,-0.40142035,1.450961272119104e-05,0.0002015394409687635,False
COX5A,-4.364692,-0.00786754,1.2730196498234559e-05,0.00017795189573064054,False
Syt7,-4.368569,-0.034860447,1.2506343111407594e-05,0.0001750088908241702,False
Arr1,-4.369185,-1.3352414,1.2471111548713662e-05,0.00017475669755861726,True
Rnf11,-4.3733406,-0.4482682,1.2235955935107033e-05,0.00017177399678131028,False
CG13917,-4.646822,-0.027137477,3.3708783454388913e-06,5.0048973400075746e-05,False
Rim,-4.69933,-0.0061545805,2.610166380510464e-06,3.924208951934497e-05,False
RpS12,-4.73764,0.022938196,2.1622137905354994e-06,3.2842090662599513e-05,False
Oda,-4.742097,-0.019490784,2.1151725203571505e-06,3.220552365874039e-05,False
CycG,-4.7565975,-0.027815942,1.968831241071767e-06,3.0081909892654672e-05,False
Tdg,-4.766665,-0.17948443,1.873002957653735e-06,2.8751470635011777e-05,False
vig,-4.788734,-0.11840673,1.6783663973899645e-06,2.5915081623624128e-05,False
mRpS25,-4.9377394,-0.5209723,7.903346172729284e-07,1.2527137359428565e-05,False
blw,-4.9583087,-0.01970806,7.110943607267166e-07,1.1312082203328155e-05,False
aqz,-5.254773,-0.0016923426,1.4820691221317736e-07,2.4871504808188386e-06,False
Ggamma30A,-5.2805924,-0.034482826,1.287668104140282e-07,2.188869196429923e-06,False
7B2,-5.29226,-0.024805957,1.208137552485008e-07,2.0590048559861226e-06,False
Rop,-5.3101068,-0.33949277,1.0956092008125427e-07,1.8745188670152097e-06,False
CG42541,-5.335635,-0.18999848,9.521067304328428e-08,1.6375238793046537e-06,False
RpS5a,-5.3936577,-0.40530676,6.903767576796484e-08,1.2111549527250441e-06,False
ps,-5.398498,-0.01186152,6.72010964394892e-08,1.1805112395920963e-06,False
fwe,-5.430063,-0.27639678,5.63341602384667e-08,9.976157217431972e-07,False
CG17684,-5.435518,-0.5386915,5.4637527702387785e-08,9.70185289201859e-07,False
Fas1,-5.6002297,-0.049193636,2.1406764880918214e-08,3.9230807606034216e-07,False
eIF1A,-5.660789,-0.16997977,1.50678552060274e-08,2.796491771288136e-07,False
14-3-3epsilon,-5.6755943,0.017807191,1.3820804643383189e-08,2.579621775767828e-07,False
HmgZ,-5.6763387,-0.18883154,1.3760814228129799e-08,2.572078221303351e-07,False
nwk,-5.945678,-0.22465274,2.7531481560398697e-09,5.4482480075849225e-08,False
sesB,-6.129238,-0.039466746,8.830089915613424e-10,1.8243298976597544e-08,False
unc-13,-6.1447945,-0.05848461,8.006703349796497e-10,1.6620550081568084e-08,False
eEF1alpha2,-6.1770782,-0.06438153,6.529862877022933e-10,1.364108079556142e-08,False
Aplip1,-6.1817083,-0.3306707,6.341162559683588e-10,1.3267973890802921e-08,False
Srrm234,-6.222651,-0.023552379,4.888240212120446e-10,1.0310028312562225e-08,False
ATPsynCF6,-6.286991,-0.08292573,3.2367822098695147e-10,6.870972251645464e-09,False
snRNA:7SKa,-6.287395,-0.02631704,3.228374445877363e-10,6.864213627642161e-09,False
RpL11,-6.287645,-0.35111004,3.2231837134580565e-10,6.864213627642161e-09,False
RpS13,-6.323951,-0.2552363,2.5495892390438603e-10,5.4651880262702e-09,False
Hsp60A,-6.392719,-0.27295235,1.629619548177913e-10,3.5335314955540882e-09,False
Syt1,-6.5916076,-0.040475745,4.350892887106789e-11,9.640932974128704e-10,False
COX5B,-6.6439714,-0.2032614,3.053412839495193e-11,6.9056531344177e-10,False
pAbp,-6.6611886,-0.057978872,2.7162208366610103e-11,6.164273194080427e-10,False
cpo,-6.698304,-0.10465403,2.108522055024231e-11,4.843702762765453e-10,False
RpL10Ab,-6.779553,-0.098231815,1.2054849390909015e-11,2.793663509639232e-10,False
RpL4,-6.8138185,-0.11147845,9.504156652745433e-12,2.2064420215030917e-10,False
ATPsynO,-6.99983,-0.16857743,2.5627402292889838e-12,6.100435980590081e-11,False
OtopLa,-7.025491,-0.13367435,2.133143008464961e-12,5.114872104238976e-11,False
RpLP2,-7.0901203,-0.12007845,1.3399523283546886e-12,3.260550665663076e-11,False
Cadps,-7.193791,-0.17942534,6.301667381250409e-13,1.565291292809648e-11,False
levy,-7.2207723,-0.06368357,5.169316466071845e-13,1.2938060640796961e-11,False
Bacc,-7.2562757,-0.020545557,3.978941176858099e-13,1.0015955376229008e-11,False
RpS15,-7.3197665,-0.011387102,2.4840263437815205e-13,6.337884690735763e-12,False
His4r,-7.406364,-0.027657611,1.2980927593707584e-13,3.364287743221255e-12,False
VhaAC45RP,-7.5646114,-0.2504938,3.890256385539511e-14,1.0389831078453085e-12,False
Atox1,-7.584336,-0.4583793,3.341948479169409e-14,8.961878166588988e-13,False
28SrRNA-Psi:CR45859,-7.735677,-1.3338647,1.0285430277946075e-14,2.8274174446069336e-13,True
lncRNA:mimi,-7.766684,-0.034149513,8.056753410526913e-15,2.233454426462524e-13,False
Hsp83,-7.91071,-0.16701381,2.5592516590850827e-15,7.456444966824387e-14,False
Pdh,-7.9208016,-1.8066286,2.3598455728586164e-15,6.89074907274716e-14,True
Tet,-7.932067,-0.19846499,2.1552802359131772e-15,6.335655995503165e-14,False
RpL5,-7.99653,-0.21238299,1.2797432955616033e-15,3.813112676571307e-14,False
dysc,-8.008464,-0.088962995,1.161505233092508e-15,3.468676991553535e-14,False
lncRNA:Hsromega,-8.285893,-0.13693638,1.1722582985049979e-16,3.676246788151711e-15,False
RpS23,-8.289484,-0.30732512,1.1374061380211914e-16,3.575482453013985e-15,False
RpLP1,-8.297446,-0.08564824,1.0637299729058539e-16,3.3680510467428724e-15,False
Fer1HCH,-8.569117,-0.17108767,1.0428160311042648e-17,3.417107892446394e-16,False
ATPsynB,-8.572638,-0.1381913,1.0114134811159582e-17,3.322493285465923e-16,False
alphaSnap,-8.586445,-0.16293594,8.970175315469995e-18,2.9764672637695894e-16,False
RpS27A,-8.601404,-0.10313634,7.874663862042793e-18,2.6195717252466407e-16,False
CaMKI,-8.749521,-0.38763046,2.1426056348357148e-18,7.370114670612904e-17,False
COX4,-8.786837,-0.08241237,1.538301478941439e-18,5.319284587708029e-17,False
RpL37A,-8.901511,-0.22572424,5.509159512310669e-19,1.9459773116065106e-17,False
Argk1,-8.946683,-0.097837135,3.663249903517252e-19,1.3080191231580622e-17,False
Nacalpha,-8.998947,-0.2149112,2.2789163112022485e-19,8.204098720328095e-18,False
Arr2,-9.09031,-1.1619802,9.875706285456338e-20,3.6451342862611315e-18,True
Tctp,-9.195745,-0.36185604,3.72404892705539e-20,1.4021204269773015e-18,False
bic,-9.216053,-0.37046093,3.082381060200447e-20,1.1672186493093335e-18,False
Cam,-9.342867,-0.117541805,9.375996586302901e-21,3.6449880220124294e-19,False
RpS29,-9.366139,-0.055235207,7.523396202570695e-21,2.950967943336685e-19,False
RpS17,-9.418913,-0.32557905,4.557830345086665e-21,1.8093622578380293e-19,False
scrt,-9.424881,-0.13176,4.305934949713992e-21,1.7145450072497533e-19,False
jim,-9.470765,-0.16559151,2.7780153185992093e-21,1.1197276468218899e-19,False
VhaM9.7-a,-9.540112,-0.24288885,1.42678977501052e-21,5.786425198653775e-20,False
cpx,-9.620649,-0.13660504,6.541661111324425e-22,2.6861695938375924e-20,False
RpS28b,-9.683086,-0.13599865,3.5580879804808845e-22,1.474866752792392e-20,False
RpL17,-9.777083,-0.15475963,1.4122197770246554e-22,5.928615932940566e-21,False
Pur-alpha,-10.104505,-0.29979938,5.276148216287713e-24,2.318681858261557e-22,False
RpS11,-10.573168,-0.12183437,3.96858777269353e-26,1.862401547614035e-24,False
RpL34b,-10.6144285,-0.1996891,2.553514811491545e-26,1.2026231047669856e-24,False
RpL18A,-10.672722,-0.15260874,1.365664260850243e-26,6.478277396235448e-25,False
pan,-10.673461,-0.17831491,1.3548369679869662e-26,6.450202086720556e-25,False
Nckx30C,-11.060159,-0.22774574,1.9575172516444088e-28,9.817472017789134e-27,False
RpL27,-11.065918,-0.29099867,1.835739423747788e-28,9.241998478178518e-27,False
Rack1,-11.855086,-0.26717693,2.0251619195678895e-32,1.1569838097009595e-30,False
Fer2LCH,-11.884732,-0.22592318,1.420896201216511e-32,8.15308999300653e-31,False
RpS16,-11.97306,-0.2731926,4.9180696794974397e-33,2.8468473827575486e-31,False
RpS14a,-12.064261,-0.41538656,1.631189161669186e-33,9.526144704148046e-32,False
lncRNA:CR42862,-12.367619,-0.17195003,3.9125039450613257e-35,2.3475023670367956e-33,False
RpS2,-12.421985,-0.16214609,1.9857233758912157e-35,1.2024149842954181e-33,False
RpL23A,-13.231134,-0.31587818,5.800529649076667e-40,3.8109479794433705e-38,False
RpL35A,-13.485567,-0.37456727,1.9019650863805844e-41,1.294913017359631e-39,False
RpS7,-13.626799,-0.2089803,2.7748918950670317e-42,1.909009397967581e-40,False
Cyt-c-p,-13.714447,-0.30062032,8.319863020588e-43,5.941467396224257e-41,False
RpL13A,-13.980165,-0.32697946,2.0601190597871874e-44,1.51228851651417e-42,False
RpS3A,-14.086397,-0.3153547,4.604627742093102e-45,3.418350764469117e-43,False
RpL3,-14.137193,-0.34131745,2.240437543987842e-45,1.6919166280459912e-43,False
RpL7A,-14.451797,-0.2935983,2.442301555880693e-47,1.9332435207392957e-45,False
RpL7,-14.866673,-0.20838812,5.424234311901509e-50,4.4826691105903036e-48,False
RpL6,-15.0315,-0.24262474,4.565472314171744e-51,3.895474429104981e-49,False
Mpcp2,-15.152901,-0.4265465,7.249479474483052e-52,6.393165120450154e-50,False
RpS24,-15.416318,-0.617035,1.271497483843807e-53,1.1522397888074224e-51,False
RpLP0,-15.433808,-0.36453518,9.697438268017398e-54,8.848912419565875e-52,False
RpL40,-15.680509,-0.3112652,2.056000732802786e-55,1.929703544930615e-53,False
RpL18,-15.785499,-0.39110458,3.915407210667098e-56,3.755361368479246e-54,False
RpS6,-15.85655,-0.3492671,1.2666334767111478e-56,1.2328565839988506e-54,False
RpL19,-16.075977,-0.25950304,3.760120703280535e-58,3.8006143108543256e-56,False
RpL12,-16.112677,-0.36951238,2.07831802327964e-58,2.133523345773005e-56,False
RpL28,-16.435467,-0.28182968,1.0660179839108849e-60,1.167289692382419e-58,False
RpL10,-16.534231,-0.38383967,2.080153119593418e-61,2.3163738975811453e-59,False
RpS4,-16.755417,-0.2345107,5.169727640298273e-63,5.9587913327648516e-61,False
RpL24,-17.360594,-0.34150872,1.6401848123952307e-67,1.9592753122612123e-65,False
RpL32,-17.491995,-0.39414427,1.6488255923913921e-68,2.0832277196175856e-66,False
ATPsynC,-17.975317,-0.24493268,3.041256784933831e-72,4.2512887397904825e-70,False
Ggamma1,-18.173018,-0.25243652,8.44255916106932e-74,1.2190684327082514e-71,False
RpL27A,-18.338541,-0.35870358,4.0759264212683686e-75,6.086099224484813e-73,False
RpS25,-18.46262,-0.26116097,4.128231328592383e-76,6.307553448570223e-74,False
CG10077,-18.57408,-0.31109133,5.209057176276084e-77,8.347196499544847e-75,False
RpS10b,-18.846224,-0.34832078,3.155791433381138e-79,5.316294799311302e-77,False
RpL14,-19.635569,-0.2899496,7.681597216298466e-86,1.4419455346023121e-83,False
RpS30,-19.644936,-0.48163202,6.3876945836709284e-86,1.2164392294121158e-83,False
RpL26,-19.715374,-0.41650668,1.5913376836067559e-86,3.1209219645660855e-84,False
RpL9,-19.748243,-0.4746813,8.305637275257051e-87,1.6535768757102675e-84,False
ninaE,-19.963394,-1.8493222,1.1465359228730103e-88,2.3177664656232856e-86,True
RpS15Aa,-20.146759,-0.5421793,2.873179464213235e-90,5.992631453930462e-88,False
RpS3,-20.319912,-0.438043,8.573119387683891e-92,1.81694820571236e-89,False
RpL8,-20.486767,-0.5066464,2.825478682577488e-93,6.0863589982079e-91,False
RpL13,-20.669575,-0.52561224,6.508686831875215e-95,1.4495617791667855e-92,False
RpL37-1,-20.70636,-0.3083579,3.035437078855991e-95,6.8768350372702966e-93,False
RpL35,-21.554518,-0.6073443,4.802431636275503e-103,1.237332386287453e-100,False
RpS26,-21.96325,-0.4083535,6.470419172708794e-107,1.700426158587871e-104,False
RpL31,-22.41736,-0.4231215,2.6653469577866543e-111,7.613621527242747e-109,False
RpS18,-23.035501,-0.39375493,2.055636043872983e-117,6.281641306160697e-115,False
RpL36,-23.191912,-0.4690245,5.494874244894882e-119,1.7610401848272866e-116,False
sta,-23.372803,-0.5179062,8.082163661877537e-121,2.7230674491556627e-118,False
RpL21,-23.787842,-0.45992193,4.4624729759153245e-125,1.724614555986099e-122,False
RpS9,-24.44024,-0.6772219,6.3907394777197e-132,2.799143891241229e-129,False
RpL23,-25.175842,-0.5122286,7.368057132789668e-140,3.4577239544591516e-137,False
mt:lrRNA,-25.429335,-0.51798654,1.1952304006584154e-142,6.04051056332753e-140,False
eIF4A,-26.85359,-0.5424885,7.658349742221528e-159,4.3752485049039516e-156,False
RpL15,-27.584833,-0.674319,1.691841723524189e-167,1.235044458172658e-164,False
RpS8,-31.760748,-0.6197598,2.2563893662192007e-221,2.96489562721203e-218,False
lncRNA:roX2,-88.34952,-9.501854,0.0,0.0,True
lncRNA:roX1,-107.34964,-9.567277,0.0,0.0,True
