Gene_set,Term,Overlap,P-value,Adjusted P-value,Old P-value,Old Adjusted P-value,Z-score,Combined Score,Genes
GO_Biological_Process_GeneRIF_Predicted_zscore,metal_ion_transport_(GO:0030001),5/200,0.0020012369692017,0.1166175361143913,0.0025671281213624,0.1495935568903023,-76.35460392964202,474.4667303839219,Pdh;ninaE;trpl;Arr2;Arr1
GO_Biological_Process_GeneRIF_Predicted_zscore,mRNA_splice_site_selection_(GO:0006376),4/195,0.0112395329920448,0.1523646073450994,0.0137256564143299,0.1856567782959446,-52.500694743631925,235.63981239717424,Dsp1;unc-119;pcs;Sxl
GO_Biological_Process_GeneRIF_Predicted_zscore,amide_biosynthetic_process_(GO:0043604),4/200,0.0122414622125937,0.1523646073450994,0.0149162622187849,0.1856567782959446,-47.19465640740557,207.79460558307983,CG3961;foxo;ninaE;Cyp4d2
GO_Biological_Process_GeneRIF_Predicted_zscore,negative_regulation_of_proteasomal_protein_catabolic_process_(GO:1901799),4/200,0.0122414622125937,0.1523646073450994,0.0149162622187849,0.1856567782959446,-46.20763954493892,203.4488428367719,MEP-1;Ubr1;bel;Rok
GO_Biological_Process_GeneRIF_Predicted_zscore,negative_regulation_of_translation_(GO:0017148),3/200,0.0599066825338914,0.2005231514580909,0.0691858637773741,0.2309798889650876,-67.14551426983962,189.01242154446624,Dsp1;MEP-1;Rok
GO_Biological_Process_GeneRIF_Predicted_zscore,negative_regulation_of_smoothened_signaling_pathway_(GO:0045879),3/200,0.0599066825338914,0.2005231514580909,0.0691858637773741,0.2309798889650876,-61.67006585902226,173.59921376097537,Dsp1;MEP-1;Galphai
GO_Biological_Process_GeneRIF_Predicted_zscore,negative_regulation_of_signal_transduction_(GO:0009968),3/200,0.0599066825338914,0.2005231514580909,0.0691858637773741,0.2309798889650876,-59.93356020486458,168.71100726963823,Dsp1;MEP-1;Rok
GO_Biological_Process_GeneRIF_Predicted_zscore,negative_regulation_of_signaling_(GO:0023057),3/200,0.0599066825338914,0.2005231514580909,0.0691858637773741,0.2309798889650876,-57.25723478045175,161.17723893365704,Dsp1;MEP-1;Rok
GO_Biological_Process_GeneRIF_Predicted_zscore,response_to_light_stimulus_(GO:0009416),6/200,0.0002706409806619,0.1166175361143913,0.0003642872666438,0.1495935568903023,-19.430427963771702,159.61547487786547,Pdh;ninaE;trpl;Arr2;Cpr72Ec;Arr1
GO_Biological_Process_GeneRIF_Predicted_zscore,neuroepithelial_cell_differentiation_(GO:0060563),3/200,0.0599066825338914,0.2005231514580909,0.0691858637773741,0.2309798889650876,-54.48733462024079,153.3800607839166,Dsp1;MEP-1;Rok
GO_Biological_Process_GeneRIF_Predicted_zscore,negative_regulation_of_protein_dephosphorylation_(GO:0035308),3/167,0.0385408708778596,0.2005231514580909,0.0450063392592641,0.2309798889650876,-46.371181573816,150.98623747224133,Dsp1;unc-119;Sxl
GO_Biological_Process_GeneRIF_Predicted_zscore,negative_regulation_of_dephosphorylation_(GO:0035305),3/167,0.0385408708778596,0.2005231514580909,0.0450063392592641,0.2309798889650876,-38.28625206885863,124.66141578878626,Dsp1;unc-119;Sxl
GO_Biological_Process_GeneRIF_Predicted_zscore,rhodopsin_biosynthetic_process_(GO:0016063),5/200,0.0020012369692017,0.1166175361143913,0.0025671281213624,0.1495935568903023,-19.39638401421163,120.52893251825569,Pdh;ninaE;trpl;Arr2;Arr1
GO_Biological_Process_GeneRIF_Predicted_zscore,rhodopsin_mediated_signaling_pathway_(GO:0016056),5/200,0.0020012369692017,0.1166175361143913,0.0025671281213624,0.1495935568903023,-19.074593772161773,118.52933123480804,Pdh;ninaE;trpl;Arr2;Arr1
GO_Biological_Process_GeneRIF_Predicted_zscore,ion_transmembrane_transport_(GO:0034220),5/200,0.0020012369692017,0.1166175361143913,0.0025671281213624,0.1495935568903023,-18.92755363514547,117.61562532246232,Pdh;ninaE;trpl;Arr2;Arr1
GO_Biological_Process_GeneRIF_Predicted_zscore,negative_regulation_of_gene_expression_(GO:0010629),3/200,0.0599066825338914,0.2005231514580909,0.0691858637773741,0.2309798889650876,-40.64511598568567,114.41466909519126,Dsp1;MEP-1;Rok
GO_Biological_Process_GeneRIF_Predicted_zscore,negative_regulation_of_peptide_secretion_(GO:0002792),3/200,0.0599066825338914,0.2005231514580909,0.0691858637773741,0.2309798889650876,-39.62573236008306,111.54513760596008,Dsp1;MEP-1;Rok
GO_Biological_Process_GeneRIF_Predicted_zscore,negative_regulation_of_protein_kinase_activity_(GO:0006469),3/200,0.0599066825338914,0.2005231514580909,0.0691858637773741,0.2309798889650876,-39.38470587149122,110.86665594176398,Dsp1;MEP-1;Rok
GO_Biological_Process_GeneRIF_Predicted_zscore,border_follicle_cell_migration_(GO:0007298),3/200,0.0599066825338914,0.2005231514580909,0.0691858637773741,0.2309798889650876,-38.8570911959484,109.38143792606786,Dsp1;MEP-1;Rok
GO_Biological_Process_GeneRIF_Predicted_zscore,rhodopsin_metabolic_process_(GO:0046154),5/200,0.0020012369692017,0.1166175361143913,0.0025671281213624,0.1495935568903023,-17.523179927735438,108.88886142220058,Pdh;ninaE;trpl;Arr2;Arr1
GO_Biological_Process_GeneRIF_Predicted_zscore,establishment_or_maintenance_of_microtubule_cytoskeleton_polarity_(GO:0030951),3/200,0.0599066825338914,0.2005231514580909,0.0691858637773741,0.2309798889650876,-37.73115168149384,106.2119551027715,Dsp1;MEP-1;numb
GO_Biological_Process_GeneRIF_Predicted_zscore,establishment_or_maintenance_of_epithelial_cell_apical/basal_polarity_(GO:0045197),3/200,0.0599066825338914,0.2005231514580909,0.0691858637773741,0.2309798889650876,-37.72985823823149,106.20831410238893,Dsp1;MEP-1;numb
GO_Biological_Process_GeneRIF_Predicted_zscore,lipid_translocation_(GO:0034204),3/200,0.0599066825338914,0.2005231514580909,0.0691858637773741,0.2309798889650876,-37.2450701176272,104.84365143492955,Ubr1;Pat1;Rok
GO_Biological_Process_GeneRIF_Predicted_zscore,inositol_phosphate_metabolic_process_(GO:0043647),5/200,0.0020012369692017,0.1166175361143913,0.0025671281213624,0.1495935568903023,-16.827545157947817,104.56619405473393,Ubr1;Pdh;ninaE;trpl;Arr1
GO_Biological_Process_GeneRIF_Predicted_zscore,inositol_phosphate_catabolic_process_(GO:0071545),5/200,0.0020012369692017,0.1166175361143913,0.0025671281213624,0.1495935568903023,-16.719754775881306,103.89638571949511,Ubr1;Pdh;ninaE;trpl;Arr1
GO_Biological_Process_GeneRIF_Predicted_zscore,basal_protein_localization_(GO:0045175),3/200,0.0599066825338914,0.2005231514580909,0.0691858637773741,0.2309798889650876,-36.427594123457936,102.5424833093649,Dsp1;MEP-1;Rok
GO_Biological_Process_GeneRIF_Predicted_zscore,negative_regulation_of_kinase_activity_(GO:0033673),3/200,0.0599066825338914,0.2005231514580909,0.0691858637773741,0.2309798889650876,-34.98278315348436,98.47538779184082,Dsp1;MEP-1;Rok
GO_Biological_Process_GeneRIF_Predicted_zscore,negative_regulation_of_gene_silencing_(GO:0060969),3/200,0.0599066825338914,0.2005231514580909,0.0691858637773741,0.2309798889650876,-34.228983749702024,96.35346718080643,Dsp1;MEP-1;Rok
GO_Biological_Process_GeneRIF_Predicted_zscore,negative_regulation_of_epidermal_growth_factor_receptor_signaling_pathway_(GO:0042059),3/200,0.0599066825338914,0.2005231514580909,0.0691858637773741,0.2309798889650876,-34.09117177864356,95.96553099994864,Dsp1;MEP-1;Rok
GO_Biological_Process_GeneRIF_Predicted_zscore,ecdysone_biosynthetic_process_(GO:0006697),3/173,0.0420760497916072,0.2005231514580909,0.049023853210228,0.2309798889650876,-30.267514109121308,95.89585635106548,Dsp1;MEP-1;Rok
GO_Biological_Process_GeneRIF_Predicted_zscore,negative_regulation_of_intracellular_signal_transduction_(GO:1902532),3/200,0.0599066825338914,0.2005231514580909,0.0691858637773741,0.2309798889650876,-33.810745128011966,95.1761391712038,Dsp1;MEP-1;Rok
GO_Biological_Process_GeneRIF_Predicted_zscore,negative_regulation_of_growth_(GO:0045926),3/200,0.0599066825338914,0.2005231514580909,0.0691858637773741,0.2309798889650876,-32.98649852180719,92.85591199470942,Dsp1;MEP-1;Rok
GO_Biological_Process_GeneRIF_Predicted_zscore,establishment_or_maintenance_of_apical/basal_cell_polarity_(GO:0035088),3/200,0.0599066825338914,0.2005231514580909,0.0691858637773741,0.2309798889650876,-32.86006892909933,92.50001683577804,Dsp1;MEP-1;numb
GO_Biological_Process_GeneRIF_Predicted_zscore,ecdysone_metabolic_process_(GO:0008205),3/173,0.0420760497916072,0.2005231514580909,0.049023853210228,0.2309798889650876,-28.99672887368286,91.86965724031867,Dsp1;MEP-1;Rok
GO_Biological_Process_GeneRIF_Predicted_zscore,establishment_or_maintenance_of_cytoskeleton_polarity_involved_in_ameboidal_cell_migration_(GO:0003371),3/200,0.0599066825338914,0.2005231514580909,0.0691858637773741,0.2309798889650876,-32.59607527442782,91.75688335196392,Dsp1;MEP-1;numb
GO_Biological_Process_GeneRIF_Predicted_zscore,dsRNA_transport_(GO:0033227),3/182,0.0476742166006671,0.2005231514580909,0.0553710841600345,0.2309798889650876,-29.929824047402438,91.08736578418954,Dsp1;MEP-1;Rok
GO_Biological_Process_GeneRIF_Predicted_zscore,establishment_or_maintenance_of_cytoskeleton_polarity_involved_in_gastrulation_(GO:0003380),3/200,0.0599066825338914,0.2005231514580909,0.0691858637773741,0.2309798889650876,-32.159787798504574,90.52874840936188,Dsp1;MEP-1;numb
GO_Biological_Process_GeneRIF_Predicted_zscore,cytosolic_calcium_ion_transport_(GO:0060401),5/200,0.0020012369692017,0.1166175361143913,0.0025671281213624,0.1495935568903023,-14.326434060211318,89.02431519221669,Pdh;ninaE;trpl;Arr2;Arr1
GO_Biological_Process_GeneRIF_Predicted_zscore,establishment_or_maintenance_of_actin_cytoskeleton_polarity_(GO:0030950),3/200,0.0599066825338914,0.2005231514580909,0.0691858637773741,0.2309798889650876,-30.174534687059747,84.94032598005565,Dsp1;MEP-1;numb
GO_Biological_Process_GeneRIF_Predicted_zscore,lipid_homeostasis_(GO:0055088),2/111,0.0876036832546989,0.2887093108805245,0.0981414199050937,0.3234377900214142,-33.81009844573061,82.32529859557646,MEP-1;Rok
GO_Biological_Process_GeneRIF_Predicted_zscore,negative_regulation_of_hydrolase_activity_(GO:0051346),3/200,0.0599066825338914,0.2005231514580909,0.0691858637773741,0.2309798889650876,-28.06413479148519,78.9996194559132,Dsp1;MEP-1;Galphai
GO_Biological_Process_GeneRIF_Predicted_zscore,meiosis_II_cytokinesis_(GO:0007111),2/200,0.2235556120827191,0.3499368677534138,0.2445725924537249,0.382835242400092,-52.67662314297347,78.91458955292454,MEP-1;Galphai
GO_Biological_Process_GeneRIF_Predicted_zscore,endocytosis_(GO:0006897),3/189,0.05226940842499,0.2005231514580909,0.0605688954021224,0.2309798889650876,-26.60123571384213,78.50939752301169,Dsp1;MEP-1;Rok
GO_Biological_Process_GeneRIF_Predicted_zscore,eclosion_rhythm_(GO:0008062),3/200,0.0599066825338914,0.2005231514580909,0.0691858637773741,0.2309798889650876,-27.41784083711248,77.18032316078593,ninaE;trpl;Arr1
GO_Biological_Process_GeneRIF_Predicted_zscore,negative_regulation_of_chromatin_silencing_(GO:0031936),3/200,0.0599066825338914,0.2005231514580909,0.0691858637773741,0.2309798889650876,-27.405666474959016,77.14605273041677,Dsp1;MEP-1;Rok
GO_Biological_Process_GeneRIF_Predicted_zscore,ecdysteroid_metabolic_process_(GO:0045455),3/200,0.0599066825338914,0.2005231514580909,0.0691858637773741,0.2309798889650876,-27.26789856457236,76.75824057890571,Dsp1;MEP-1;Rok
GO_Biological_Process_GeneRIF_Predicted_zscore,negative_regulation_of_transcription_from_RNA_polymerase_II_promoter_(GO:0000122),2/189,0.2056182556520956,0.3499368677534138,0.2254296193974764,0.382835242400092,-48.52142706641662,76.74798884570122,MEP-1;Galphai
GO_Biological_Process_GeneRIF_Predicted_zscore,ecdysteroid_biosynthetic_process_(GO:0045456),3/200,0.0599066825338914,0.2005231514580909,0.0691858637773741,0.2309798889650876,-27.163067019224368,76.46314321527777,Dsp1;MEP-1;Rok
GO_Biological_Process_GeneRIF_Predicted_zscore,cell_morphogenesis_involved_in_neuron_differentiation_(GO:0048667),2/200,0.2235556120827191,0.3499368677534138,0.2445725924537249,0.382835242400092,-50.63434870476468,75.85506828087476,Dsp1;MEP-1
GO_Biological_Process_GeneRIF_Predicted_zscore,cell_part_morphogenesis_(GO:0032990),2/200,0.2235556120827191,0.3499368677534138,0.2445725924537249,0.382835242400092,-50.2244600091434,75.24101604579616,Dsp1;MEP-1
GO_Biological_Process_GeneRIF_Predicted_zscore,negative_regulation_of_cell_growth_(GO:0030308),3/200,0.0599066825338914,0.2005231514580909,0.0691858637773741,0.2309798889650876,-26.695758880054097,75.14768612253664,Dsp1;MEP-1;Rok
GO_Biological_Process_GeneRIF_Predicted_zscore,axis_elongation_(GO:0003401),3/200,0.0599066825338914,0.2005231514580909,0.0691858637773741,0.2309798889650876,-26.493059263310844,74.57709334618514,Dsp1;MEP-1;Rok
GO_Biological_Process_GeneRIF_Predicted_zscore,negative_regulation_of_transcription_elongation_from_RNA_polymerase_II_promoter_(GO:0034244),2/193,0.212123442769663,0.3499368677534138,0.232377645055192,0.382835242400092,-47.946372911629055,74.34501757398374,MEP-1;Galphai
GO_Biological_Process_GeneRIF_Predicted_zscore,negative_regulation_of_MAPK_cascade_(GO:0043409),2/89,0.0597739127584221,0.2005231514580909,0.06768479023813,0.2309798889650876,-26.320462408185968,74.14963701766962,Dsp1;MEP-1
GO_Biological_Process_GeneRIF_Predicted_zscore,autophagy_of_nucleus_(GO:0044804),3/200,0.0599066825338914,0.2005231514580909,0.0691858637773741,0.2309798889650876,-26.32029560248709,74.09076930440393,MEP-1;Galphai;Pat1
GO_Biological_Process_GeneRIF_Predicted_zscore,apical_protein_localization_(GO:0045176),3/200,0.0599066825338914,0.2005231514580909,0.0691858637773741,0.2309798889650876,-26.130050456885467,73.5552354560409,Dsp1;MEP-1;Rok
GO_Biological_Process_GeneRIF_Predicted_zscore,cell_morphogenesis_involved_in_differentiation_(GO:0000904),2/200,0.2235556120827191,0.3499368677534138,0.2445725924537249,0.382835242400092,-48.54579870433313,72.72622181709379,Dsp1;MEP-1
GO_Biological_Process_GeneRIF_Predicted_zscore,endocrine_system_development_(GO:0035270),3/200,0.0599066825338914,0.2005231514580909,0.0691858637773741,0.2309798889650876,-25.5109202293588,71.81240416151978,Dsp1;MEP-1;Rok
GO_Biological_Process_GeneRIF_Predicted_zscore,male_germ-line_stem_cell_asymmetric_division_(GO:0048133),2/200,0.2235556120827191,0.3499368677534138,0.2445725924537249,0.382835242400092,-46.81585665435438,70.13460415675354,MEP-1;Rok
GO_Biological_Process_GeneRIF_Predicted_zscore,regulation_of_phosphorylation_(GO:0042325),3/200,0.0599066825338914,0.2005231514580909,0.0691858637773741,0.2309798889650876,-24.88682140329788,70.05558642500243,Dsp1;MEP-1;Rok
GO_Biological_Process_GeneRIF_Predicted_zscore,meiosis_I_cytokinesis_(GO:0007110),2/200,0.2235556120827191,0.3499368677534138,0.2445725924537249,0.382835242400092,-46.48929878972992,69.64538942895723,MEP-1;Galphai
GO_Biological_Process_GeneRIF_Predicted_zscore,male_genitalia_development_(GO:0030539),2/200,0.2235556120827191,0.3499368677534138,0.2445725924537249,0.382835242400092,-46.36733134017574,69.46267059380598,MEP-1;Rok
GO_Biological_Process_GeneRIF_Predicted_zscore,male_germ-line_stem_cell_population_maintenance_(GO:0036098),2/200,0.2235556120827191,0.3499368677534138,0.2445725924537249,0.382835242400092,-46.21190045284531,69.2298203474218,MEP-1;Rok
GO_Biological_Process_GeneRIF_Predicted_zscore,cellular_amide_metabolic_process_(GO:0043603),2/200,0.2235556120827191,0.3499368677534138,0.2445725924537249,0.382835242400092,-45.759247062114966,68.55170253333429,CG3961;ninaE
GO_Biological_Process_GeneRIF_Predicted_zscore,negative_regulation_of_cell_differentiation_(GO:0045596),3/200,0.0599066825338914,0.2005231514580909,0.0691858637773741,0.2309798889650876,-24.05797032155907,67.72239780082097,Dsp1;MEP-1;Rok
GO_Biological_Process_GeneRIF_Predicted_zscore,negative_regulation_of_ERBB_signaling_pathway_(GO:1901185),3/200,0.0599066825338914,0.2005231514580909,0.0691858637773741,0.2309798889650876,-23.786112014334435,66.95712557788428,Dsp1;MEP-1;Rok
GO_Biological_Process_GeneRIF_Predicted_zscore,negative_regulation_of_cellular_process_(GO:0048523),3/200,0.0599066825338914,0.2005231514580909,0.0691858637773741,0.2309798889650876,-23.18615298661272,65.268260582355,Dsp1;MEP-1;Rok
GO_Biological_Process_GeneRIF_Predicted_zscore,sensory_perception_of_light_stimulus_(GO:0050953),5/200,0.0020012369692017,0.1166175361143913,0.0025671281213624,0.1495935568903023,-10.372964508033878,64.45749570059193,Pdh;ninaE;trpl;Arr2;Arr1
GO_Biological_Process_GeneRIF_Predicted_zscore,negative_regulation_of_transport_(GO:0051051),2/200,0.2235556120827191,0.3499368677534138,0.2445725924537249,0.382835242400092,-42.06713615228831,63.02056937314596,MEP-1;Rok
GO_Biological_Process_GeneRIF_Predicted_zscore,negative_regulation_of_cell-cell_adhesion_(GO:0022408),3/200,0.0599066825338914,0.2005231514580909,0.0691858637773741,0.2309798889650876,-21.556922470090093,60.68203008682946,MEP-1;Galphai;Rok
GO_Biological_Process_GeneRIF_Predicted_zscore,negative_regulation_of_cell_development_(GO:0010721),3/200,0.0599066825338914,0.2005231514580909,0.0691858637773741,0.2309798889650876,-21.40655284465804,60.25874452056769,Dsp1;MEP-1;Rok
GO_Biological_Process_GeneRIF_Predicted_zscore,epidermal_growth_factor_receptor_signaling_pathway_(GO:0007173),3/200,0.0599066825338914,0.2005231514580909,0.0691858637773741,0.2309798889650876,-21.28071520061485,59.90451567772245,Dsp1;MEP-1;Rok
GO_Biological_Process_GeneRIF_Predicted_zscore,delamination_(GO:0060232),3/200,0.0599066825338914,0.2005231514580909,0.0691858637773741,0.2309798889650876,-21.15374197321611,59.54709020495737,Dsp1;MEP-1;Rok
GO_Biological_Process_GeneRIF_Predicted_zscore,larval_salivary_gland_morphogenesis_(GO:0007436),3/154,0.0314311567991713,0.2005231514580909,0.0369015531613419,0.2309798889650876,-16.530729121943367,57.19558918233001,Dsp1;MEP-1;Rok
GO_Biological_Process_GeneRIF_Predicted_zscore,neuroblast_differentiation_(GO:0014016),2/200,0.2235556120827191,0.3499368677534138,0.2445725924537249,0.382835242400092,-37.42666447959825,56.06870162740271,Dsp1;MEP-1
GO_Biological_Process_GeneRIF_Predicted_zscore,neuroblast_fate_determination_(GO:0007400),2/200,0.2235556120827191,0.3499368677534138,0.2445725924537249,0.382835242400092,-35.64953620605747,53.4063945180664,Dsp1;unc-119
GO_Biological_Process_GeneRIF_Predicted_zscore,neuroblast_division_(GO:0055057),2/200,0.2235556120827191,0.3499368677534138,0.2445725924537249,0.382835242400092,-35.47104302082473,53.13899475684016,Dsp1;MEP-1
GO_Biological_Process_GeneRIF_Predicted_zscore,negative_regulation_of_developmental_growth_(GO:0048640),2/160,0.1593472075933541,0.3499368677534138,0.1758178081546677,0.382835242400092,-28.747681141667105,52.79999668063349,Dsp1;MEP-1
GO_Biological_Process_GeneRIF_Predicted_zscore,ERBB_signaling_pathway_(GO:0038127),3/200,0.0599066825338914,0.2005231514580909,0.0691858637773741,0.2309798889650876,-17.676738330573706,49.75943893202684,Dsp1;MEP-1;Rok
GO_Biological_Process_GeneRIF_Predicted_zscore,regulation_of_stem_cell_differentiation_(GO:2000736),3/200,0.0599066825338914,0.2005231514580909,0.0691858637773741,0.2309798889650876,-16.298756555188785,45.88046540651409,Dsp1;MEP-1;Rok
GO_Biological_Process_GeneRIF_Predicted_zscore,lamellocyte_differentiation_(GO:0035171),3/200,0.0599066825338914,0.2005231514580909,0.0691858637773741,0.2309798889650876,-15.77768258506593,44.41365926216158,Dsp1;MEP-1;Rok
GO_Biological_Process_GeneRIF_Predicted_zscore,lamellipodium_organization_(GO:0097581),3/200,0.0599066825338914,0.2005231514580909,0.0691858637773741,0.2309798889650876,-15.764456296753638,44.37642769413896,Dsp1;MEP-1;Galphai
GO_Biological_Process_GeneRIF_Predicted_zscore,lipid_catabolic_process_(GO:0016042),2/200,0.2235556120827191,0.3499368677534138,0.2445725924537249,0.382835242400092,-28.76365893124422,43.09069570459411,CG3961;foxo
GO_Biological_Process_GeneRIF_Predicted_zscore,negative_regulation_of_cell_size_(GO:0045792),5/200,0.0020012369692017,0.1166175361143913,0.0025671281213624,0.1495935568903023,-6.905123041102468,42.90836417970968,Dsp1;MEP-1;Ubr1;fru;Rok
GO_Biological_Process_GeneRIF_Predicted_zscore,long-chain_fatty-acyl-CoA_metabolic_process_(GO:0035336),2/200,0.2235556120827191,0.3499368677534138,0.2445725924537249,0.382835242400092,-28.245484195455845,42.31442068634839,foxo;Cyp4d2
GO_Biological_Process_GeneRIF_Predicted_zscore,long-chain_fatty_acid_metabolic_process_(GO:0001676),2/200,0.2235556120827191,0.3499368677534138,0.2445725924537249,0.382835242400092,-28.18720162071748,42.227107848335166,foxo;Cyp4d2
GO_Biological_Process_GeneRIF_Predicted_zscore,lymph_gland_development_(GO:0048542),2/200,0.2235556120827191,0.3499368677534138,0.2445725924537249,0.382835242400092,-28.09977775860992,42.09613859131533,MEP-1;Galphai
GO_Biological_Process_GeneRIF_Predicted_zscore,adherens_junction_maintenance_(GO:0034334),2/200,0.2235556120827191,0.3499368677534138,0.2445725924537249,0.382835242400092,-27.160336166938063,40.68876577217099,MEP-1;Rok
GO_Biological_Process_GeneRIF_Predicted_zscore,actin_cytoskeleton_reorganization_(GO:0031532),3/200,0.0599066825338914,0.2005231514580909,0.0691858637773741,0.2309798889650876,-14.449143168208566,40.67386435511331,MEP-1;Ubr1;Rok
GO_Biological_Process_GeneRIF_Predicted_zscore,negative_regulation_of_peptide_hormone_secretion_(GO:0090278),2/200,0.2235556120827191,0.3499368677534138,0.2445725924537249,0.382835242400092,-26.95727518287572,40.38456111258224,unc-119;MEP-1
GO_Biological_Process_GeneRIF_Predicted_zscore,stem_cell_development_(GO:0048864),4/200,0.0122414622125937,0.1523646073450994,0.0149162622187849,0.1856567782959446,-9.15406485120124,40.30467514832499,Dsp1;MEP-1;robo2;Rok
GO_Biological_Process_GeneRIF_Predicted_zscore,morphogenesis_of_an_epithelial_fold_(GO:0060571),3/200,0.0599066825338914,0.2005231514580909,0.0691858637773741,0.2309798889650876,-14.197796858323354,39.96633273227474,Dsp1;MEP-1;Rok
GO_Biological_Process_GeneRIF_Predicted_zscore,mitochondrion_organization_(GO:0007005),3/200,0.0599066825338914,0.2005231514580909,0.0691858637773741,0.2309798889650876,-14.102754279135828,39.69879098749232,MEP-1;Ubr1;Rok
GO_Biological_Process_GeneRIF_Predicted_zscore,positive_regulation_of_cell_death_(GO:0010942),3/181,0.047034868748896,0.2005231514580909,0.05464704599663,0.2309798889650876,-12.872078534241922,39.34822004524917,Dsp1;MEP-1;Rok
GO_Biological_Process_GeneRIF_Predicted_zscore,cellular_response_to_radiation_(GO:0071478),3/200,0.0599066825338914,0.2005231514580909,0.0691858637773741,0.2309798889650876,-13.727161155451943,38.64150865679717,Pdh;Arr2;Arr1
GO_Biological_Process_GeneRIF_Predicted_zscore,negative_regulation_of_neuron_differentiation_(GO:0045665),2/200,0.2235556120827191,0.3499368677534138,0.2445725924537249,0.382835242400092,-25.78982325104848,38.63560712643052,Dsp1;MEP-1
GO_Biological_Process_GeneRIF_Predicted_zscore,adherens_junction_organization_(GO:0034332),4/200,0.0122414622125937,0.1523646073450994,0.0149162622187849,0.1856567782959446,-8.625173404069729,37.9760049551522,Dsp1;MEP-1;robo2;Rok
GO_Biological_Process_GeneRIF_Predicted_zscore,gonad_development_(GO:0008406),3/200,0.0599066825338914,0.2005231514580909,0.0691858637773741,0.2309798889650876,-13.411772522121032,37.753699992857086,Dsp1;MEP-1;Rok
GO_Biological_Process_GeneRIF_Predicted_zscore,negative_regulation_of_programmed_cell_death_(GO:0043069),2/200,0.2235556120827191,0.3499368677534138,0.2445725924537249,0.382835242400092,-24.832252707457908,37.20107541375181,MEP-1;Rok
GO_Biological_Process_GeneRIF_Predicted_zscore,positive_regulation_of_developmental_process_(GO:0051094),5/200,0.0020012369692017,0.1166175361143913,0.0025671281213624,0.1495935568903023,-5.888727352382088,36.59249173215111,Dsp1;robo2;Sxl;CG32982;numb
GO_Biological_Process_GeneRIF_Predicted_zscore,regulation_of_signal_transduction_(GO:0009966),3/200,0.0599066825338914,0.2005231514580909,0.0691858637773741,0.2309798889650876,-12.763774862893776,35.92960782441413,Dsp1;MEP-1;Rok
GO_Biological_Process_GeneRIF_Predicted_zscore,asymmetric_neuroblast_division_(GO:0055059),2/200,0.2235556120827191,0.3499368677534138,0.2445725924537249,0.382835242400092,-23.747806163195037,35.57647138967994,Dsp1;MEP-1
GO_Biological_Process_GeneRIF_Predicted_zscore,activation_of_JUN_kinase_activity_(GO:0007257),3/182,0.0476742166006671,0.2005231514580909,0.0553710841600345,0.2309798889650876,-11.661412887988298,35.4899306994369,Dsp1;MEP-1;Rok
GO_Biological_Process_GeneRIF_Predicted_zscore,fatty-acyl-CoA_biosynthetic_process_(GO:0046949),2/200,0.2235556120827191,0.3499368677534138,0.2445725924537249,0.382835242400092,-23.417503677881086,35.08164686408128,foxo;Cyp4d2
GO_Biological_Process_GeneRIF_Predicted_zscore,activation_of_MAPKK_activity_(GO:0000186),3/192,0.054302319448666,0.2005231514580909,0.0628651506821002,0.2309798889650876,-12.00580368628047,34.975167281300564,MEP-1;Pat1;Rok
GO_Biological_Process_GeneRIF_Predicted_zscore,positive_regulation_of_cell_size_(GO:0045793),2/83,0.0528306572562411,0.2005231514580909,0.0600457246828758,0.2309798889650876,-11.84806567713815,34.841175786085806,Dsp1;MEP-1
GO_Biological_Process_GeneRIF_Predicted_zscore,fat_body_development_(GO:0007503),2/200,0.2235556120827191,0.3499368677534138,0.2445725924537249,0.382835242400092,-23.19953276669602,34.755105716142474,MEP-1;Rok
GO_Biological_Process_GeneRIF_Predicted_zscore,negative_regulation_of_photoreceptor_cell_differentiation_(GO:0046533),4/200,0.0122414622125937,0.1523646073450994,0.0149162622187849,0.1856567782959446,-7.866512303087474,34.63567585329448,Dsp1;unc-119;Sxl;numb
GO_Biological_Process_GeneRIF_Predicted_zscore,visceral_muscle_development_(GO:0007522),5/200,0.0020012369692017,0.1166175361143913,0.0025671281213624,0.1495935568903023,-5.5660229134379415,34.587209638522616,Dsp1;robo2;Sxl;CG32982;numb
GO_Biological_Process_GeneRIF_Predicted_zscore,negative_regulation_of_microtubule_polymerization_or_depolymerization_(GO:0031111),2/200,0.2235556120827191,0.3499368677534138,0.2445725924537249,0.382835242400092,-23.077903010549253,34.572892777820805,MEP-1;Rok
GO_Biological_Process_GeneRIF_Predicted_zscore,negative_regulation_of_hemocyte_differentiation_(GO:0045611),2/200,0.2235556120827191,0.3499368677534138,0.2445725924537249,0.382835242400092,-22.673300356983027,33.966759536296536,Dsp1;Galphai
GO_Biological_Process_GeneRIF_Predicted_zscore,apoptotic_DNA_fragmentation_(GO:0006309),2/178,0.1878588948687228,0.3499368677534138,0.2064282321020766,0.382835242400092,-20.121662065747284,33.64470992285732,unc-119;pcs
GO_Biological_Process_GeneRIF_Predicted_zscore,heart_process_(GO:0003015),4/95,0.0008566808556483,0.1166175361143913,0.0011426990629799,0.1495935568903023,-4.75947209258384,33.61351038677739,Dsp1;robo2;Rac2;GEFmeso
GO_Biological_Process_GeneRIF_Predicted_zscore,eye_pigment_biosynthetic_process_(GO:0006726),2/200,0.2235556120827191,0.3499368677534138,0.2445725924537249,0.382835242400092,-22.320851497548325,33.43875763675951,Dsp1;MEP-1
GO_Biological_Process_GeneRIF_Predicted_zscore,negative_regulation_of_cell_death_(GO:0060548),2/154,0.1500384277419919,0.3499368677534138,0.1657945543832106,0.382835242400092,-17.597124653036158,33.379349314720585,MEP-1;Rok
GO_Biological_Process_GeneRIF_Predicted_zscore,salivary_gland_morphogenesis_(GO:0007435),4/200,0.0122414622125937,0.1523646073450994,0.0149162622187849,0.1856567782959446,-7.572651074187534,33.34182644737232,Dsp1;MEP-1;robo2;Rok
GO_Biological_Process_GeneRIF_Predicted_zscore,fatty-acyl-CoA_metabolic_process_(GO:0035337),2/200,0.2235556120827191,0.3499368677534138,0.2445725924537249,0.382835242400092,-22.142753916350085,33.17195052798792,foxo;Cyp4d2
GO_Biological_Process_GeneRIF_Predicted_zscore,instar_larval_or_pupal_morphogenesis_(GO:0048707),2/107,0.0822922484011729,0.2719037692018136,0.0923460505959279,0.305122775422628,-13.00281984308659,32.47426121402884,Dsp1;MEP-1
GO_Biological_Process_GeneRIF_Predicted_zscore,epithelial_cell_morphogenesis_(GO:0003382),4/200,0.0122414622125937,0.1523646073450994,0.0149162622187849,0.1856567782959446,-7.230322376387781,31.83457833595462,Dsp1;MEP-1;robo2;Rok
GO_Biological_Process_GeneRIF_Predicted_zscore,adenosine_metabolic_process_(GO:0046085),2/200,0.2235556120827191,0.3499368677534138,0.2445725924537249,0.382835242400092,-21.191662510254854,31.74712517926337,MEP-1;Galphai
GO_Biological_Process_GeneRIF_Predicted_zscore,eye_pigment_metabolic_process_(GO:0042441),2/200,0.2235556120827191,0.3499368677534138,0.2445725924537249,0.382835242400092,-21.10165732403996,31.612288853318457,Dsp1;MEP-1
GO_Biological_Process_GeneRIF_Predicted_zscore,epithelial_cell_morphogenesis_involved_in_gastrulation_(GO:0003381),4/200,0.0122414622125937,0.1523646073450994,0.0149162622187849,0.1856567782959446,-7.086349797492474,31.20067764626479,Dsp1;MEP-1;Pat1;Rok
GO_Biological_Process_GeneRIF_Predicted_zscore,STAT_cascade_(GO:0097696),5/200,0.0020012369692017,0.1166175361143913,0.0025671281213624,0.1495935568903023,-4.94232768872265,30.711573870712048,Dsp1;MEP-1;robo2;Rac2;Rok
GO_Biological_Process_GeneRIF_Predicted_zscore,negative_regulation_of_cytoskeleton_organization_(GO:0051494),2/200,0.2235556120827191,0.3499368677534138,0.2445725924537249,0.382835242400092,-20.431521666682627,30.60836192729668,Rok;numb
GO_Biological_Process_GeneRIF_Predicted_zscore,apoptotic_cell_clearance_(GO:0043277),2/200,0.2235556120827191,0.3499368677534138,0.2445725924537249,0.382835242400092,-20.217019310530578,30.28701700456064,Pat1;Rok
GO_Biological_Process_GeneRIF_Predicted_zscore,positive_regulation_of_catabolic_process_(GO:0009896),4/200,0.0122414622125937,0.1523646073450994,0.0149162622187849,0.1856567782959446,-6.846653939733333,30.14531439087846,Dsp1;robo2;Sxl;numb
GO_Biological_Process_GeneRIF_Predicted_zscore,striated_muscle_tissue_development_(GO:0014706),4/186,0.0095728454510646,0.1523646073450994,0.0117399539584464,0.1856567782959446,-6.441224521434573,29.94412421646264,Dsp1;MEP-1;robo2;Rok
GO_Biological_Process_GeneRIF_Predicted_zscore,regulation_of_protein_serine/threonine_kinase_activity_(GO:0071900),3/200,0.0599066825338914,0.2005231514580909,0.0691858637773741,0.2309798889650876,-10.59052381121498,29.811977356188237,Dsp1;MEP-1;Galphai
GO_Biological_Process_GeneRIF_Predicted_zscore,regulation_of_retinal_cell_programmed_cell_death_(GO:0046668),3/200,0.0599066825338914,0.2005231514580909,0.0691858637773741,0.2309798889650876,-10.588843914313776,29.807248501480757,Dsp1;MEP-1;Rok
GO_Biological_Process_GeneRIF_Predicted_zscore,negative_regulation_of_apoptotic_signaling_pathway_(GO:2001234),4/200,0.0122414622125937,0.1523646073450994,0.0149162622187849,0.1856567782959446,-6.764194013192949,29.782249391232018,Rac2;fru;GEFmeso;Pat1
GO_Biological_Process_GeneRIF_Predicted_zscore,BMP_signaling_pathway_(GO:0030509),3/200,0.0599066825338914,0.2005231514580909,0.0691858637773741,0.2309798889650876,-10.532213428619698,29.647835540679512,Dsp1;MEP-1;Rok
GO_Biological_Process_GeneRIF_Predicted_zscore,regulation_of_endocytic_recycling_(GO:2001135),4/200,0.0122414622125937,0.1523646073450994,0.0149162622187849,0.1856567782959446,-6.707730053231865,29.53364272295821,MEP-1;Ubr1;Pat1;Rok
GO_Biological_Process_GeneRIF_Predicted_zscore,salivary_gland_cell_autophagic_cell_death_(GO:0035071),5/200,0.0020012369692017,0.1166175361143913,0.0025671281213624,0.1495935568903023,-4.730342893611148,29.39430251507329,pcs;Sxl;egh;CG32982;Rok
GO_Biological_Process_GeneRIF_Predicted_zscore,digestive_tract_morphogenesis_(GO:0048546),4/200,0.0122414622125937,0.1523646073450994,0.0149162622187849,0.1856567782959446,-6.627669609941703,29.18114247181377,Dsp1;MEP-1;robo2;Rok
GO_Biological_Process_GeneRIF_Predicted_zscore,enzyme_linked_receptor_protein_signaling_pathway_(GO:0007167),4/200,0.0122414622125937,0.1523646073450994,0.0149162622187849,0.1856567782959446,-6.6140476169520594,29.12116583725363,Dsp1;MEP-1;robo2;Rok
GO_Biological_Process_GeneRIF_Predicted_zscore,endothelial_cell_development_(GO:0001885),6/200,0.0002706409806619,0.1166175361143913,0.0003642872666438,0.1495935568903023,-3.508722802601336,28.82316629341472,Dsp1;MEP-1;robo2;Rac2;Pat1;Rok
GO_Biological_Process_GeneRIF_Predicted_zscore,midgut_development_(GO:0007494),4/200,0.0122414622125937,0.1523646073450994,0.0149162622187849,0.1856567782959446,-6.500322412100981,28.620442113726813,Dsp1;MEP-1;robo2;Rok
GO_Biological_Process_GeneRIF_Predicted_zscore,instar_larval_development_(GO:0002168),4/200,0.0122414622125937,0.1523646073450994,0.0149162622187849,0.1856567782959446,-6.446240035367675,28.382321381471005,Dsp1;MEP-1;robo2;Rok
GO_Biological_Process_GeneRIF_Predicted_zscore,regulation_of_membrane_potential_in_photoreceptor_cell_(GO:0016057),4/200,0.0122414622125937,0.1523646073450994,0.0149162622187849,0.1856567782959446,-6.439788864140144,28.353917348412644,Pdh;ninaE;trpl;Arr1
GO_Biological_Process_GeneRIF_Predicted_zscore,negative_regulation_of_hemopoiesis_(GO:1903707),2/200,0.2235556120827191,0.3499368677534138,0.2445725924537249,0.382835242400092,-18.85203844243234,28.242145892355808,Dsp1;Galphai
GO_Biological_Process_GeneRIF_Predicted_zscore,negative_regulation_of_hormone_secretion_(GO:0046888),2/200,0.2235556120827191,0.3499368677534138,0.2445725924537249,0.382835242400092,-18.668941426792497,27.96784915548324,Dsp1;MEP-1
GO_Biological_Process_GeneRIF_Predicted_zscore,regulation_of_rhodopsin_gene_expression_(GO:0007468),4/200,0.0122414622125937,0.1523646073450994,0.0149162622187849,0.1856567782959446,-6.346711174533771,27.944103117890872,Pdh;ninaE;trpl;Arr1
GO_Biological_Process_GeneRIF_Predicted_zscore,insulin_receptor_signaling_pathway_(GO:0008286),3/113,0.0140293486274326,0.1729387013496981,0.0168644469908164,0.2078867407906413,-6.414609565063203,27.36859762965908,MEP-1;Pat1;Rok
GO_Biological_Process_GeneRIF_Predicted_zscore,microtubule_depolymerization_(GO:0007019),4/200,0.0122414622125937,0.1523646073450994,0.0149162622187849,0.1856567782959446,-6.168772070967357,27.160650315009825,MEP-1;Ubr1;bel;Rok
GO_Biological_Process_GeneRIF_Predicted_zscore,adenosine_catabolic_process_(GO:0006154),2/200,0.2235556120827191,0.3499368677534138,0.2445725924537249,0.382835242400092,-18.02732272246962,27.006643336277776,MEP-1;Galphai
GO_Biological_Process_GeneRIF_Predicted_zscore,regulation_of_metal_ion_transport_(GO:0010959),4/200,0.0122414622125937,0.1523646073450994,0.0149162622187849,0.1856567782959446,-6.011350271466319,26.4675336948756,Pdh;ninaE;trpl;Arr1
GO_Biological_Process_GeneRIF_Predicted_zscore,wing_disc_anterior/posterior_pattern_formation_(GO:0048100),4/200,0.0122414622125937,0.1523646073450994,0.0149162622187849,0.1856567782959446,-5.876160053818072,25.872301096667723,Dsp1;MEP-1;robo2;Rok
GO_Biological_Process_GeneRIF_Predicted_zscore,apical_junction_assembly_(GO:0043297),2/200,0.2235556120827191,0.3499368677534138,0.2445725924537249,0.382835242400092,-16.839001839992772,25.226425677994985,MEP-1;Rok
GO_Biological_Process_GeneRIF_Predicted_zscore,respiratory_electron_transport_chain_(GO:0022904),4/200,0.0122414622125937,0.1523646073450994,0.0149162622187849,0.1856567782959446,-5.710299751987535,25.142030370608172,UQCR-6.4;Neb-cGP;ND-MNLL;ox
GO_Biological_Process_GeneRIF_Predicted_zscore,mannose_metabolic_process_(GO:0006013),1/154,0.4981609866662754,0.5919899825931167,0.5204076862695617,0.6153158258446757,-35.940572426824474,25.04454052680598,Galphai
GO_Biological_Process_GeneRIF_Predicted_zscore,cofactor_transport_(GO:0051181),3/200,0.0599066825338914,0.2005231514580909,0.0691858637773741,0.2309798889650876,-8.871689974795341,24.97351645247645,MEP-1;Galphai;Rok
GO_Biological_Process_GeneRIF_Predicted_zscore,positive_regulation_of_apoptotic_process_(GO:0043065),3/192,0.054302319448666,0.2005231514580909,0.0628651506821002,0.2309798889650876,-8.538404869960834,24.873981488104032,Dsp1;MEP-1;Galphai
GO_Biological_Process_GeneRIF_Predicted_zscore,cellular_protein_localization_(GO:0034613),3/200,0.0599066825338914,0.2005231514580909,0.0691858637773741,0.2309798889650876,-8.833739840292218,24.86668806790936,Dsp1;MEP-1;Rok
GO_Biological_Process_GeneRIF_Predicted_zscore,Wnt_signaling_pathway_(GO:0016055),4/200,0.0122414622125937,0.1523646073450994,0.0149162622187849,0.1856567782959446,-5.600270694616102,24.657580512941927,Dsp1;MEP-1;robo2;Rok
GO_Biological_Process_GeneRIF_Predicted_zscore,branched-chain_amino_acid_catabolic_process_(GO:0009083),4/200,0.0122414622125937,0.1523646073450994,0.0149162622187849,0.1856567782959446,-5.57624037803303,24.551776794120222,Dsp1;pcs;robo2;numb
GO_Biological_Process_GeneRIF_Predicted_zscore,triglyceride_homeostasis_(GO:0070328),4/200,0.0122414622125937,0.1523646073450994,0.0149162622187849,0.1856567782959446,-5.574188601928926,24.542742974642515,CG3961;foxo;Ubr1;Cyp4d2
GO_Biological_Process_GeneRIF_Predicted_zscore,branched-chain_amino_acid_metabolic_process_(GO:0009081),4/200,0.0122414622125937,0.1523646073450994,0.0149162622187849,0.1856567782959446,-5.564104395456077,24.498342954255563,Dsp1;pcs;robo2;numb
GO_Biological_Process_GeneRIF_Predicted_zscore,striated_muscle_cell_development_(GO:0055002),4/200,0.0122414622125937,0.1523646073450994,0.0149162622187849,0.1856567782959446,-5.535649556508875,24.373058388458062,Dsp1;MEP-1;robo2;Rok
GO_Biological_Process_GeneRIF_Predicted_zscore,muscle_cell_fate_determination_(GO:0007521),5/200,0.0020012369692017,0.1166175361143913,0.0025671281213624,0.1495935568903023,-3.915771701817816,24.33256543381948,Dsp1;pcs;robo2;Sxl;numb
GO_Biological_Process_GeneRIF_Predicted_zscore,positive_regulation_of_decapentaplegic_signaling_pathway_(GO:0090098),4/200,0.0122414622125937,0.1523646073450994,0.0149162622187849,0.1856567782959446,-5.520291859654766,24.30543957727496,Dsp1;robo2;CG32982;numb
GO_Biological_Process_GeneRIF_Predicted_zscore,negative_regulation_of_developmental_process_(GO:0051093),5/200,0.0020012369692017,0.1166175361143913,0.0025671281213624,0.1495935568903023,-3.901099175804593,24.241390506759657,Dsp1;robo2;Sxl;CG32982;numb
GO_Biological_Process_GeneRIF_Predicted_zscore,muscle_organ_morphogenesis_(GO:0048644),5/200,0.0020012369692017,0.1166175361143913,0.0025671281213624,0.1495935568903023,-3.895408908301974,24.20603124251064,Dsp1;robo2;Sxl;GEFmeso;CG32982
GO_Biological_Process_GeneRIF_Predicted_zscore,antennal_development_(GO:0007469),4/200,0.0122414622125937,0.1523646073450994,0.0149162622187849,0.1856567782959446,-5.482507788049621,24.13907908534261,Dsp1;robo2;Sxl;numb
GO_Biological_Process_GeneRIF_Predicted_zscore,regulation_of_imaginal_disc_growth_(GO:0045570),3/200,0.0599066825338914,0.2005231514580909,0.0691858637773741,0.2309798889650876,-8.394964659838323,23.631550318603995,Dsp1;MEP-1;Rok
GO_Biological_Process_GeneRIF_Predicted_zscore,adherens_junction_assembly_(GO:0034333),4/200,0.0122414622125937,0.1523646073450994,0.0149162622187849,0.1856567782959446,-5.352251531517106,23.565570355514136,MEP-1;robo2;Ubr1;Rok
GO_Biological_Process_GeneRIF_Predicted_zscore,epithelium_development_(GO:0060429),4/200,0.0122414622125937,0.1523646073450994,0.0149162622187849,0.1856567782959446,-5.347637160895966,23.545253620607607,Dsp1;MEP-1;robo2;Rok
GO_Biological_Process_GeneRIF_Predicted_zscore,establishment_of_epithelial_cell_polarity_(GO:0090162),4/200,0.0122414622125937,0.1523646073450994,0.0149162622187849,0.1856567782959446,-5.332486330307157,23.478545626395714,Dsp1;MEP-1;robo2;Rok
GO_Biological_Process_GeneRIF_Predicted_zscore,negative_regulation_of_cellular_protein_metabolic_process_(GO:0032269),2/200,0.2235556120827191,0.3499368677534138,0.2445725924537249,0.382835242400092,-15.558999777344589,23.308860895480027,MEP-1;Rok
GO_Biological_Process_GeneRIF_Predicted_zscore,Notch_signaling_pathway_(GO:0007219),4/200,0.0122414622125937,0.1523646073450994,0.0149162622187849,0.1856567782959446,-5.293297812474804,23.30600146088545,Dsp1;MEP-1;robo2;Rok
GO_Biological_Process_GeneRIF_Predicted_zscore,cellular_modified_amino_acid_catabolic_process_(GO:0042219),2/88,0.0585956903382161,0.2005231514580909,0.0663898118777495,0.2309798889650876,-8.1842964431522,23.21961938739025,Dsp1;MEP-1
GO_Biological_Process_GeneRIF_Predicted_zscore,negative_regulation_of_apoptotic_process_(GO:0043066),2/200,0.2235556120827191,0.3499368677534138,0.2445725924537249,0.382835242400092,-15.288213751335489,22.90319768428335,MEP-1;Rok
GO_Biological_Process_GeneRIF_Predicted_zscore,mesoderm_development_(GO:0007498),4/200,0.0122414622125937,0.1523646073450994,0.0149162622187849,0.1856567782959446,-5.1552033214985045,22.697981560541105,Dsp1;MEP-1;robo2;Rok
GO_Biological_Process_GeneRIF_Predicted_zscore,positive_regulation_of_protein_metabolic_process_(GO:0051247),4/200,0.0122414622125937,0.1523646073450994,0.0149162622187849,0.1856567782959446,-5.147465970187962,22.66391457105076,Dsp1;robo2;Sxl;numb
GO_Biological_Process_GeneRIF_Predicted_zscore,negative_regulation_of_cellular_catabolic_process_(GO:0031330),2/200,0.2235556120827191,0.3499368677534138,0.2445725924537249,0.382835242400092,-15.118755454013272,22.649333044114137,MEP-1;Rok
GO_Biological_Process_GeneRIF_Predicted_zscore,negative_regulation_of_cell_proliferation_(GO:0008285),2/200,0.2235556120827191,0.3499368677534138,0.2445725924537249,0.382835242400092,-14.82347932841736,22.206981335407704,Dsp1;MEP-1
GO_Biological_Process_GeneRIF_Predicted_zscore,canonical_Wnt_signaling_pathway_(GO:0060070),3/200,0.0599066825338914,0.2005231514580909,0.0691858637773741,0.2309798889650876,-7.866355086375295,22.14353169787666,Dsp1;MEP-1;robo2
GO_Biological_Process_GeneRIF_Predicted_zscore,female_genitalia_development_(GO:0030540),3/200,0.0599066825338914,0.2005231514580909,0.0691858637773741,0.2309798889650876,-7.865428155417971,22.140922417617904,Dsp1;MEP-1;Rok
GO_Biological_Process_GeneRIF_Predicted_zscore,regulation_of_morphogenesis_of_an_epithelium_(GO:1905330),4/200,0.0122414622125937,0.1523646073450994,0.0149162622187849,0.1856567782959446,-5.011910635501371,22.067074389341908,Dsp1;MEP-1;robo2;Rok
GO_Biological_Process_GeneRIF_Predicted_zscore,negative_regulation_of_Notch_signaling_pathway_(GO:0045746),2/200,0.2235556120827191,0.3499368677534138,0.2445725924537249,0.382835242400092,-14.601844362181888,21.874951084653457,Dsp1;MEP-1
GO_Biological_Process_GeneRIF_Predicted_zscore,genital_disc_development_(GO:0035215),4/200,0.0122414622125937,0.1523646073450994,0.0149162622187849,0.1856567782959446,-4.914110564654647,21.63646786109089,Dsp1;MEP-1;robo2;Rok
GO_Biological_Process_GeneRIF_Predicted_zscore,apical_constriction_(GO:0003383),4/200,0.0122414622125937,0.1523646073450994,0.0149162622187849,0.1856567782959446,-4.904778858619681,21.59538104485869,Dsp1;MEP-1;robo2;Rok
GO_Biological_Process_GeneRIF_Predicted_zscore,epidermis_morphogenesis_(GO:0048730),4/200,0.0122414622125937,0.1523646073450994,0.0149162622187849,0.1856567782959446,-4.890626424449677,21.533068916743805,Dsp1;MEP-1;robo2;Rok
GO_Biological_Process_GeneRIF_Predicted_zscore,gland_morphogenesis_(GO:0022612),2/90,0.0609603173942931,0.2035185596340724,0.0689882436048531,0.2309798889650876,-7.684861346115183,21.49864676872133,Dsp1;MEP-1
GO_Biological_Process_GeneRIF_Predicted_zscore,negative_regulation_of_neuromuscular_junction_development_(GO:1904397),4/200,0.0122414622125937,0.1523646073450994,0.0149162622187849,0.1856567782959446,-4.855530186020068,21.37854275685452,Dsp1;MEP-1;robo2;Rok
GO_Biological_Process_GeneRIF_Predicted_zscore,endosomal_transport_(GO:0016197),2/200,0.2235556120827191,0.3499368677534138,0.2445725924537249,0.382835242400092,-14.246435853260817,21.34251534880533,MEP-1;Galphai
GO_Biological_Process_GeneRIF_Predicted_zscore,positive_regulation_of_protein_catabolic_process_(GO:0045732),4/200,0.0122414622125937,0.1523646073450994,0.0149162622187849,0.1856567782959446,-4.847243884661091,21.34205878062282,Dsp1;robo2;Sxl;numb
GO_Biological_Process_GeneRIF_Predicted_zscore,negative_regulation_of_MAP_kinase_activity_(GO:0043407),4/200,0.0122414622125937,0.1523646073450994,0.0149162622187849,0.1856567782959446,-4.82543355520768,21.24602950206879,Dsp1;MEP-1;robo2;Rok
GO_Biological_Process_GeneRIF_Predicted_zscore,cellular_macromolecule_biosynthetic_process_(GO:0034645),4/200,0.0122414622125937,0.1523646073450994,0.0149162622187849,0.1856567782959446,-4.7887724433048655,21.08461331922129,robo2;Rac2;CG32982;Rok
GO_Biological_Process_GeneRIF_Predicted_zscore,cellular_macromolecule_catabolic_process_(GO:0044265),4/200,0.0122414622125937,0.1523646073450994,0.0149162622187849,0.1856567782959446,-4.759529869246477,20.955860413590575,robo2;Rac2;CG32982;Rok
GO_Biological_Process_GeneRIF_Predicted_zscore,negative_regulation_of_macroautophagy_(GO:0016242),1/72,0.2750754019709652,0.4290105417600699,0.2914340693330506,0.4545236945072639,-16.227204018591152,20.94461498424286,Rok
GO_Biological_Process_GeneRIF_Predicted_zscore,respiratory_system_development_(GO:0060541),5/200,0.0020012369692017,0.1166175361143913,0.0025671281213624,0.1495935568903023,-3.3610660132144456,20.88562994006036,Dsp1;robo2;Sxl;CG32982;numb
GO_Biological_Process_GeneRIF_Predicted_zscore,regulation_of_embryonic_cell_shape_(GO:0016476),4/200,0.0122414622125937,0.1523646073450994,0.0149162622187849,0.1856567782959446,-4.743038663374898,20.883250845462936,Dsp1;MEP-1;robo2;Rok
GO_Biological_Process_GeneRIF_Predicted_zscore,regulation_of_fibroblast_growth_factor_receptor_signaling_pathway_(GO:0040036),4/200,0.0122414622125937,0.1523646073450994,0.0149162622187849,0.1856567782959446,-4.698111718671123,20.68544080794121,Dsp1;robo2;Rac2;numb
GO_Biological_Process_GeneRIF_Predicted_zscore,positive_regulation_of_nervous_system_development_(GO:0051962),4/200,0.0122414622125937,0.1523646073450994,0.0149162622187849,0.1856567782959446,-4.671345395054717,20.567590651119065,Dsp1;robo2;Sxl;numb
GO_Biological_Process_GeneRIF_Predicted_zscore,morphogenesis_of_an_epithelium_(GO:0002009),4/200,0.0122414622125937,0.1523646073450994,0.0149162622187849,0.1856567782959446,-4.6605445485951495,20.520035317509787,Dsp1;MEP-1;robo2;Rok
GO_Biological_Process_GeneRIF_Predicted_zscore,haltere_disc_development_(GO:0035216),4/200,0.0122414622125937,0.1523646073450994,0.0149162622187849,0.1856567782959446,-4.647902540261033,20.464373483405332,Dsp1;Sxl;CG32982;numb
GO_Biological_Process_GeneRIF_Predicted_zscore,morphogenesis_of_embryonic_epithelium_(GO:0016331),4/200,0.0122414622125937,0.1523646073450994,0.0149162622187849,0.1856567782959446,-4.629377437888378,20.38280881837881,Dsp1;MEP-1;robo2;Rok
GO_Biological_Process_GeneRIF_Predicted_zscore,negative_regulation_of_behavior_(GO:0048521),2/200,0.2235556120827191,0.3499368677534138,0.2445725924537249,0.382835242400092,-13.56236007871004,20.31770480190956,unc-119;Sxl
GO_Biological_Process_GeneRIF_Predicted_zscore,Rho_protein_signal_transduction_(GO:0007266),3/200,0.0599066825338914,0.2005231514580909,0.0691858637773741,0.2309798889650876,-7.188733671760925,20.236049629127667,Dsp1;MEP-1;Rok
GO_Biological_Process_GeneRIF_Predicted_zscore,gland_development_(GO:0048732),2/99,0.0719908214872879,0.239099049602858,0.0810838449367619,0.2692991948417845,-7.684185925753327,20.21875792983161,Dsp1;MEP-1
GO_Biological_Process_GeneRIF_Predicted_zscore,cellular_glucan_metabolic_process_(GO:0006073),1/96,0.3489545005953881,0.5402894562358546,0.3676941279423969,0.5693041932634697,-19.18150345550483,20.19455031634474,Rok
GO_Biological_Process_GeneRIF_Predicted_zscore,embryonic_heart_tube_development_(GO:0035050),5/200,0.0020012369692017,0.1166175361143913,0.0025671281213624,0.1495935568903023,-3.217056810632951,19.990758223392177,Dsp1;robo2;Rac2;GEFmeso;CG32982
GO_Biological_Process_GeneRIF_Predicted_zscore,cell_morphogenesis_(GO:0000902),3/200,0.0599066825338914,0.2005231514580909,0.0691858637773741,0.2309798889650876,-7.008310815932074,19.7281652044864,Dsp1;MEP-1;robo2
GO_Biological_Process_GeneRIF_Predicted_zscore,acylglycerol_homeostasis_(GO:0055090),2/200,0.2235556120827191,0.3499368677534138,0.2445725924537249,0.382835242400092,-13.063497290567252,19.57036091726712,foxo;Ubr1
GO_Biological_Process_GeneRIF_Predicted_zscore,ventral_cord_development_(GO:0007419),4/200,0.0122414622125937,0.1523646073450994,0.0149162622187849,0.1856567782959446,-4.396390674085973,19.356985210882385,Dsp1;robo2;Sxl;numb
GO_Biological_Process_GeneRIF_Predicted_zscore,mitochondrion_transport_along_microtubule_(GO:0047497),2/180,0.1910718965804311,0.3499368677534138,0.2098695681297715,0.382835242400092,-11.64861128390564,19.279680601925907,bel;capu
GO_Biological_Process_GeneRIF_Predicted_zscore,cellular_modified_amino_acid_biosynthetic_process_(GO:0042398),2/88,0.0585956903382161,0.2005231514580909,0.0663898118777495,0.2309798889650876,-6.773219973230007,19.21626261925782,Dsp1;MEP-1
GO_Biological_Process_GeneRIF_Predicted_zscore,behavioral_response_to_starvation_(GO:0042595),2/78,0.0472847050494317,0.2005231514580909,0.0539294922867158,0.2309798889650876,-6.202194764286466,18.92642153010645,Pat1;Rok
GO_Biological_Process_GeneRIF_Predicted_zscore,cell_junction_maintenance_(GO:0034331),3/186,0.0502744873310504,0.2005231514580909,0.0583136413257867,0.2309798889650876,-6.301916910057207,18.84435456096987,Dsp1;MEP-1;Rok
GO_Biological_Process_GeneRIF_Predicted_zscore,cellular_response_to_X-ray_(GO:0071481),3/155,0.0319511020056883,0.2005231514580909,0.0374955169439745,0.2309798889650876,-5.455146556234527,18.785062325698217,Dsp1;unc-119;CG11768
GO_Biological_Process_GeneRIF_Predicted_zscore,cardiocyte_differentiation_(GO:0035051),4/200,0.0122414622125937,0.1523646073450994,0.0149162622187849,0.1856567782959446,-4.252136589211216,18.72184507104243,robo2;Ubr1;Rok;numb
GO_Biological_Process_GeneRIF_Predicted_zscore,positive_regulation_of_epidermal_growth_factor_receptor_signaling_pathway_(GO:0045742),4/200,0.0122414622125937,0.1523646073450994,0.0149162622187849,0.1856567782959446,-4.238093475627202,18.660014273437756,Dsp1;MEP-1;robo2;Rok
GO_Biological_Process_GeneRIF_Predicted_zscore,epithelial_fluid_transport_(GO:0042045),2/200,0.2235556120827191,0.3499368677534138,0.2445725924537249,0.382835242400092,-12.279241207510674,18.395470743862948,foxo;Ubr1
GO_Biological_Process_GeneRIF_Predicted_zscore,dendritic_spine_morphogenesis_(GO:0060997),2/200,0.2235556120827191,0.3499368677534138,0.2445725924537249,0.382835242400092,-12.267482201192076,18.37785463444257,MEP-1;Galphai
GO_Biological_Process_GeneRIF_Predicted_zscore,mesenchyme_development_(GO:0060485),4/200,0.0122414622125937,0.1523646073450994,0.0149162622187849,0.1856567782959446,-4.155698226992285,18.297234045858303,Dsp1;MEP-1;robo2;Rok
GO_Biological_Process_GeneRIF_Predicted_zscore,cellular_response_to_ecdysone_(GO:0071390),3/162,0.0357167999065183,0.2005231514580909,0.0417912537070623,0.2309798889650876,-5.489583482711041,18.292028401366743,Dsp1;MEP-1;Rok
GO_Biological_Process_GeneRIF_Predicted_zscore,anesthesia-resistant_memory_(GO:0007615),3/200,0.0599066825338914,0.2005231514580909,0.0691858637773741,0.2309798889650876,-6.435981808423512,18.117077810105908,CG42594;CG11768;Sxl
GO_Biological_Process_GeneRIF_Predicted_zscore,intracellular_protein_transmembrane_transport_(GO:0065002),2/200,0.2235556120827191,0.3499368677534138,0.2445725924537249,0.382835242400092,-12.018857341896464,18.005390957894548,MEP-1;Rok
GO_Biological_Process_GeneRIF_Predicted_zscore,intracellular_protein_transport_(GO:0006886),2/200,0.2235556120827191,0.3499368677534138,0.2445725924537249,0.382835242400092,-12.008625963802787,17.990063380790147,MEP-1;Rok
GO_Biological_Process_GeneRIF_Predicted_zscore,glandular_epithelial_cell_differentiation_(GO:0002067),4/200,0.0122414622125937,0.1523646073450994,0.0149162622187849,0.1856567782959446,-4.057824421997827,17.8663028715708,Dsp1;MEP-1;robo2;Rok
GO_Biological_Process_GeneRIF_Predicted_zscore,negative_regulation_of_proteolysis_(GO:0045861),3/200,0.0599066825338914,0.2005231514580909,0.0691858637773741,0.2309798889650876,-6.226949977089232,17.52866005725963,Ubr1;Rok;numb
GO_Biological_Process_GeneRIF_Predicted_zscore,lamellipodium_assembly_(GO:0030032),2/200,0.2235556120827191,0.3499368677534138,0.2445725924537249,0.382835242400092,-11.601049494902062,17.379475081167502,MEP-1;Galphai
GO_Biological_Process_GeneRIF_Predicted_zscore,enteroendocrine_cell_differentiation_(GO:0035883),2/200,0.2235556120827191,0.3499368677534138,0.2445725924537249,0.382835242400092,-11.571918885742717,17.33583465913443,MEP-1;Rok
GO_Biological_Process_GeneRIF_Predicted_zscore,miRNA_metabolic_process_(GO:0010586),4/200,0.0122414622125937,0.1523646073450994,0.0149162622187849,0.1856567782959446,-3.93615236759673,17.330589753193443,Dsp1;robo2;Sxl;CG32982
GO_Biological_Process_GeneRIF_Predicted_zscore,imaginal_disc_morphogenesis_(GO:0007560),3/200,0.0599066825338914,0.2005231514580909,0.0691858637773741,0.2309798889650876,-6.154799020973139,17.32555748100344,Dsp1;MEP-1;robo2
GO_Biological_Process_GeneRIF_Predicted_zscore,muscle_tissue_development_(GO:0060537),3/127,0.0191112138597267,0.2005231514580909,0.0227546809412554,0.2309798889650876,-4.372475151556014,17.303982976502052,Dsp1;MEP-1;robo2
GO_Biological_Process_GeneRIF_Predicted_zscore,positive_regulation_of_programmed_cell_death_(GO:0043068),3/189,0.05226940842499,0.2005231514580909,0.0605688954021224,0.2309798889650876,-5.862354931565749,17.301826076590466,Dsp1;MEP-1;Galphai
GO_Biological_Process_GeneRIF_Predicted_zscore,negative_regulation_of_stem_cell_differentiation_(GO:2000737),3/200,0.0599066825338914,0.2005231514580909,0.0691858637773741,0.2309798889650876,-6.1354320342479,17.27104004824917,Dsp1;MEP-1;numb
GO_Biological_Process_GeneRIF_Predicted_zscore,zonula_adherens_assembly_(GO:0045186),4/200,0.0122414622125937,0.1523646073450994,0.0149162622187849,0.1856567782959446,-3.9118576320884526,17.22362181726637,MEP-1;robo2;Ubr1;Rok
GO_Biological_Process_GeneRIF_Predicted_zscore,embryonic_hemopoiesis_(GO:0035162),3/200,0.0599066825338914,0.2005231514580909,0.0691858637773741,0.2309798889650876,-6.115539083230488,17.215042043254282,Dsp1;Galphai;Pat1
GO_Biological_Process_GeneRIF_Predicted_zscore,regulation_of_epidermal_growth_factor_receptor_signaling_pathway_(GO:0042058),3/200,0.0599066825338914,0.2005231514580909,0.0691858637773741,0.2309798889650876,-6.081354172608093,17.11881264048207,Dsp1;MEP-1;Rok
GO_Biological_Process_GeneRIF_Predicted_zscore,endocytic_recycling_(GO:0032456),3/200,0.0599066825338914,0.2005231514580909,0.0691858637773741,0.2309798889650876,-6.071559940312833,17.091242197639726,MEP-1;Ubr1;Rok
GO_Biological_Process_GeneRIF_Predicted_zscore,positive_regulation_of_ERBB_signaling_pathway_(GO:1901186),4/200,0.0122414622125937,0.1523646073450994,0.0149162622187849,0.1856567782959446,-3.868943581278929,17.03467440370838,Dsp1;MEP-1;robo2;Rok
GO_Biological_Process_GeneRIF_Predicted_zscore,intestinal_stem_cell_homeostasis_(GO:0036335),2/200,0.2235556120827191,0.3499368677534138,0.2445725924537249,0.382835242400092,-11.345457743019283,16.99657433716579,MEP-1;Rok
GO_Biological_Process_GeneRIF_Predicted_zscore,head_involution_(GO:0008258),2/196,0.2170160479402739,0.3499368677534138,0.2375990960623817,0.382835242400092,-11.063574727013242,16.902752168993498,Dsp1;MEP-1
GO_Biological_Process_GeneRIF_Predicted_zscore,eye_development_(GO:0001654),3/200,0.0599066825338914,0.2005231514580909,0.0691858637773741,0.2309798889650876,-5.992274498267037,16.868056277369984,Dsp1;MEP-1;robo2
GO_Biological_Process_GeneRIF_Predicted_zscore,negative_regulation_of_neuron_death_(GO:1901215),3/200,0.0599066825338914,0.2005231514580909,0.0691858637773741,0.2309798889650876,-5.99187067937982,16.866919540440225,Dsp1;unc-119;Sxl
GO_Biological_Process_GeneRIF_Predicted_zscore,eye_photoreceptor_cell_differentiation_(GO:0001754),3/200,0.0599066825338914,0.2005231514580909,0.0691858637773741,0.2309798889650876,-5.968265283027023,16.80047112352545,Dsp1;MEP-1;robo2
GO_Biological_Process_GeneRIF_Predicted_zscore,epithelial_cell_differentiation_(GO:0030855),4/200,0.0122414622125937,0.1523646073450994,0.0149162622187849,0.1856567782959446,-3.795374148953553,16.7107535970591,Dsp1;MEP-1;robo2;Rok
GO_Biological_Process_GeneRIF_Predicted_zscore,xanthine_metabolic_process_(GO:0046110),3/200,0.0599066825338914,0.2005231514580909,0.0691858637773741,0.2309798889650876,-5.898894355052187,16.605194235353636,CG3961;apolpp;Cyp4d2
GO_Biological_Process_GeneRIF_Predicted_zscore,female_gonad_development_(GO:0008585),3/200,0.0599066825338914,0.2005231514580909,0.0691858637773741,0.2309798889650876,-5.891713456500227,16.5849802413299,Dsp1;MEP-1;Rok
GO_Biological_Process_GeneRIF_Predicted_zscore,antennal_morphogenesis_(GO:0048800),4/200,0.0122414622125937,0.1523646073450994,0.0149162622187849,0.1856567782959446,-3.758905593344158,16.550185225427736,Dsp1;robo2;Sxl;numb
GO_Biological_Process_GeneRIF_Predicted_zscore,regulation_of_mitochondrion_organization_(GO:0010821),3/200,0.0599066825338914,0.2005231514580909,0.0691858637773741,0.2309798889650876,-5.836983772720458,16.430917975606462,MEP-1;Galphai;Ubr1
GO_Biological_Process_GeneRIF_Predicted_zscore,negative_regulation_of_gene_silencing_by_RNA_(GO:0060967),3/200,0.0599066825338914,0.2005231514580909,0.0691858637773741,0.2309798889650876,-5.834093285986951,16.42278135020589,Dsp1;MEP-1;Rok
GO_Biological_Process_GeneRIF_Predicted_zscore,negative_regulation_of_organ_growth_(GO:0046621),3/200,0.0599066825338914,0.2005231514580909,0.0691858637773741,0.2309798889650876,-5.806691746839482,16.34564691576706,Dsp1;MEP-1;Rok
GO_Biological_Process_GeneRIF_Predicted_zscore,epithelial_structure_maintenance_(GO:0010669),3/200,0.0599066825338914,0.2005231514580909,0.0691858637773741,0.2309798889650876,-5.798335890810188,16.3221254549614,MEP-1;Pat1;Rok
GO_Biological_Process_GeneRIF_Predicted_zscore,segment_polarity_determination_(GO:0007367),4/200,0.0122414622125937,0.1523646073450994,0.0149162622187849,0.1856567782959446,-3.703987714926994,16.30838584062782,Dsp1;pcs;robo2;numb
GO_Biological_Process_GeneRIF_Predicted_zscore,negative_regulation_of_receptor_activity_(GO:2000272),3/200,0.0599066825338914,0.2005231514580909,0.0691858637773741,0.2309798889650876,-5.786670704945653,16.289288339154062,Dsp1;MEP-1;Rok
GO_Biological_Process_GeneRIF_Predicted_zscore,negative_regulation_of_DNA_metabolic_process_(GO:0051053),2/200,0.2235556120827191,0.3499368677534138,0.2445725924537249,0.382835242400092,-10.863320913498915,16.274287528714147,Dsp1;MEP-1
GO_Biological_Process_GeneRIF_Predicted_zscore,cellular_response_to_oxidative_stress_(GO:0034599),3/200,0.0599066825338914,0.2005231514580909,0.0691858637773741,0.2309798889650876,-5.738208822741196,16.152869729397707,MEP-1;Ubr1;Rok
GO_Biological_Process_GeneRIF_Predicted_zscore,epidermal_cell_differentiation_(GO:0009913),3/200,0.0599066825338914,0.2005231514580909,0.0691858637773741,0.2309798889650876,-5.709158924679589,16.07109521865112,Dsp1;MEP-1;robo2
GO_Biological_Process_GeneRIF_Predicted_zscore,positive_regulation_of_protein_secretion_(GO:0050714),4/200,0.0122414622125937,0.1523646073450994,0.0149162622187849,0.1856567782959446,-3.634789171971055,16.003709738818188,Dsp1;robo2;Sxl;numb
GO_Biological_Process_GeneRIF_Predicted_zscore,hippo_signaling_(GO:0035329),2/200,0.2235556120827191,0.3499368677534138,0.2445725924537249,0.382835242400092,-10.59901408701508,15.878330774398355,MEP-1;Rok
GO_Biological_Process_GeneRIF_Predicted_zscore,regulation_of_lamellocyte_differentiation_(GO:0035203),4/200,0.0122414622125937,0.1523646073450994,0.0149162622187849,0.1856567782959446,-3.599493488893264,15.848305438792726,Dsp1;MEP-1;robo2;Rok
GO_Biological_Process_GeneRIF_Predicted_zscore,JAK-STAT_cascade_(GO:0007259),4/200,0.0122414622125937,0.1523646073450994,0.0149162622187849,0.1856567782959446,-3.5900635191263666,15.806785974566576,Dsp1;MEP-1;robo2;Rok
GO_Biological_Process_GeneRIF_Predicted_zscore,mitotic_cytokinesis_(GO:0000281),2/200,0.2235556120827191,0.3499368677534138,0.2445725924537249,0.382835242400092,-10.448251455401444,15.652474018899484,MEP-1;Galphai
GO_Biological_Process_GeneRIF_Predicted_zscore,microtubule_cytoskeleton_organization_involved_in_mitosis_(GO:1902850),2/200,0.2235556120827191,0.3499368677534138,0.2445725924537249,0.382835242400092,-10.359065853704225,15.51886550848179,MEP-1;Galphai
GO_Biological_Process_GeneRIF_Predicted_zscore,hemopoiesis_(GO:0030097),2/200,0.2235556120827191,0.3499368677534138,0.2445725924537249,0.382835242400092,-10.356742456316756,15.51538483830476,MEP-1;Galphai
GO_Biological_Process_GeneRIF_Predicted_zscore,myosin_filament_assembly_(GO:0031034),3/200,0.0599066825338914,0.2005231514580909,0.0691858637773741,0.2309798889650876,-5.495853703444866,15.470648013322872,MEP-1;Ubr1;Rok
GO_Biological_Process_GeneRIF_Predicted_zscore,mesodermal_cell_migration_(GO:0008078),4/200,0.0122414622125937,0.1523646073450994,0.0149162622187849,0.1856567782959446,-3.5064685821383432,15.438723607288846,Dsp1;robo2;Sxl;CG32982
GO_Biological_Process_GeneRIF_Predicted_zscore,decapentaplegic_signaling_pathway_(GO:0008101),3/200,0.0599066825338914,0.2005231514580909,0.0691858637773741,0.2309798889650876,-5.448051597876064,15.33608665316747,Dsp1;MEP-1;robo2
GO_Biological_Process_GeneRIF_Predicted_zscore,Ras_protein_signal_transduction_(GO:0007265),3/200,0.0599066825338914,0.2005231514580909,0.0691858637773741,0.2309798889650876,-5.31089873537748,14.950005841299197,Dsp1;MEP-1;Rok
GO_Biological_Process_GeneRIF_Predicted_zscore,regulation_of_small_GTPase_mediated_signal_transduction_(GO:0051056),3/198,0.0584808241311604,0.2005231514580909,0.0675790503307227,0.2309798889650876,-5.263078973393575,14.942177891067104,Dsp1;MEP-1;Galphai
GO_Biological_Process_GeneRIF_Predicted_zscore,negative_regulation_of_decapentaplegic_signaling_pathway_(GO:0090099),4/200,0.0122414622125937,0.1523646073450994,0.0149162622187849,0.1856567782959446,-3.3817580775588536,14.889632415958644,Dsp1;robo2;CG32982;numb
GO_Biological_Process_GeneRIF_Predicted_zscore,negative_regulation_of_innate_immune_response_(GO:0045824),1/94,0.3430934084143101,0.5318570128018689,0.3616581642446255,0.5606357515859854,-13.849687652034216,14.815738559927174,Rok
GO_Biological_Process_GeneRIF_Predicted_zscore,fibroblast_growth_factor_receptor_signaling_pathway_(GO:0008543),4/200,0.0122414622125937,0.1523646073450994,0.0149162622187849,0.1856567782959446,-3.3307570424196387,14.665078604408508,Dsp1;robo2;CG32982;numb
GO_Biological_Process_GeneRIF_Predicted_zscore,larval_heart_development_(GO:0007508),4/200,0.0122414622125937,0.1523646073450994,0.0149162622187849,0.1856567782959446,-3.3271493979806026,14.649194410934946,Dsp1;MEP-1;robo2;Rok
GO_Biological_Process_GeneRIF_Predicted_zscore,meiosis_II_(GO:0007135),1/200,0.5919899825931167,0.5919899825931167,0.6153158258446757,0.6153158258446757,-27.76034983395164,14.553795505193545,MEP-1
GO_Biological_Process_GeneRIF_Predicted_zscore,negative_regulation_of_imaginal_disc_growth_(GO:0045571),4/200,0.0122414622125937,0.1523646073450994,0.0149162622187849,0.1856567782959446,-3.299498952611992,14.527451530979045,Dsp1;MEP-1;robo2;Rok
GO_Biological_Process_GeneRIF_Predicted_zscore,response_to_sucrose_(GO:0009744),3/200,0.0599066825338914,0.2005231514580909,0.0691858637773741,0.2309798889650876,-5.136206076012873,14.458251731860816,Pdh;CG11768;ninaE
GO_Biological_Process_GeneRIF_Predicted_zscore,receptor_internalization_(GO:0031623),4/200,0.0122414622125937,0.1523646073450994,0.0149162622187849,0.1856567782959446,-3.2291456643153538,14.21769117025357,Dsp1;MEP-1;robo2;Rok
GO_Biological_Process_GeneRIF_Predicted_zscore,gonadal_mesoderm_development_(GO:0007506),2/200,0.2235556120827191,0.3499368677534138,0.2445725924537249,0.382835242400092,-9.486367671714335,14.211480662486746,Sxl;numb
GO_Biological_Process_GeneRIF_Predicted_zscore,anterior_head_development_(GO:0097065),3/200,0.0599066825338914,0.2005231514580909,0.0691858637773741,0.2309798889650876,-5.029913734153238,14.159042273939574,Dsp1;robo2;numb
GO_Biological_Process_GeneRIF_Predicted_zscore,xanthine_catabolic_process_(GO:0009115),3/200,0.0599066825338914,0.2005231514580909,0.0691858637773741,0.2309798889650876,-5.029569572218255,14.158073469374711,CG3961;apolpp;Cyp4d2
GO_Biological_Process_GeneRIF_Predicted_zscore,gastrulation_(GO:0007369),3/200,0.0599066825338914,0.2005231514580909,0.0691858637773741,0.2309798889650876,-5.023411720463929,14.140739318549391,Dsp1;MEP-1;Rok
GO_Biological_Process_GeneRIF_Predicted_zscore,membrane_lipid_biosynthetic_process_(GO:0046467),1/200,0.5919899825931167,0.5919899825931167,0.6153158258446757,0.6153158258446757,-26.84294935216182,14.072834022784352,Cyp4d2
GO_Biological_Process_GeneRIF_Predicted_zscore,membrane_lipid_metabolic_process_(GO:0006643),1/200,0.5919899825931167,0.5919899825931167,0.6153158258446757,0.6153158258446757,-26.69964010155979,13.997701917470838,Cyp4d2
GO_Biological_Process_GeneRIF_Predicted_zscore,methionine_metabolic_process_(GO:0006555),1/200,0.5919899825931167,0.5919899825931167,0.6153158258446757,0.6153158258446757,-26.201159851005368,13.736365887005045,numb
GO_Biological_Process_GeneRIF_Predicted_zscore,compound_eye_cone_cell_differentiation_(GO:0042675),3/200,0.0599066825338914,0.2005231514580909,0.0691858637773741,0.2309798889650876,-4.879424546887146,13.735420145034391,Dsp1;Sxl;numb
GO_Biological_Process_GeneRIF_Predicted_zscore,acetyl-CoA_metabolic_process_(GO:0006084),3/200,0.0599066825338914,0.2005231514580909,0.0691858637773741,0.2309798889650876,-4.866044601708828,13.697756037970995,MEP-1;Ubr1;Rok
GO_Biological_Process_GeneRIF_Predicted_zscore,negative_regulation_of_intracellular_protein_transport_(GO:0090317),1/117,0.4074585539178652,0.5919899825931167,0.4277996669233481,0.6153158258446757,-15.179334566247247,13.628250348390274,MEP-1
GO_Biological_Process_GeneRIF_Predicted_zscore,positive_regulation_of_JUN_kinase_activity_(GO:0043507),4/200,0.0122414622125937,0.1523646073450994,0.0149162622187849,0.1856567782959446,-3.0809859716557177,13.565354926214544,Dsp1;robo2;Rac2;Imp
GO_Biological_Process_GeneRIF_Predicted_zscore,meiosis_I_(GO:0007127),1/200,0.5919899825931167,0.5919899825931167,0.6153158258446757,0.6153158258446757,-25.511403233686515,13.374750243943687,MEP-1
GO_Biological_Process_GeneRIF_Predicted_zscore,regulation_of_gene_silencing_by_miRNA_(GO:0060964),2/177,0.1862553423571242,0.3499368677534138,0.2047101150648552,0.382835242400092,-7.935207786863774,13.336201732942689,Dsp1;MEP-1
GO_Biological_Process_GeneRIF_Predicted_zscore,lysosomal_transport_(GO:0007041),1/164,0.5202222410126571,0.5919899825931167,0.5428119775536713,0.6153158258446757,-20.35495167775997,13.301944070518209,Rok
GO_Biological_Process_GeneRIF_Predicted_zscore,regulation_of_mRNA_3'-end_processing_(GO:0031440),1/47,0.1893012245748615,0.3499368677534138,0.2024553926576057,0.382835242400092,-7.891802380243471,13.135240191958644,Dsp1
GO_Biological_Process_GeneRIF_Predicted_zscore,actin_filament_organization_(GO:0007015),2/200,0.2235556120827191,0.3499368677534138,0.2445725924537249,0.382835242400092,-8.765969287812554,13.132255393511194,MEP-1;Rok
GO_Biological_Process_GeneRIF_Predicted_zscore,establishment_of_planar_polarity_(GO:0001736),3/200,0.0599066825338914,0.2005231514580909,0.0691858637773741,0.2309798889650876,-4.663745454944737,13.128290571482855,Dsp1;robo2;numb
GO_Biological_Process_GeneRIF_Predicted_zscore,establishment_of_body_hair_or_bristle_planar_orientation_(GO:0048104),3/200,0.0599066825338914,0.2005231514580909,0.0691858637773741,0.2309798889650876,-4.614875913610482,12.990724414639764,Dsp1;robo2;numb
GO_Biological_Process_GeneRIF_Predicted_zscore,male_gamete_generation_(GO:0048232),1/200,0.5919899825931167,0.5919899825931167,0.6153158258446757,0.6153158258446757,-24.730954696528944,12.965587950238476,MEP-1
GO_Biological_Process_GeneRIF_Predicted_zscore,eye-antennal_disc_development_(GO:0035214),3/200,0.0599066825338914,0.2005231514580909,0.0691858637773741,0.2309798889650876,-4.601782873580426,12.953867936163563,Dsp1;robo2;Sxl
GO_Biological_Process_GeneRIF_Predicted_zscore,cellular_response_to_starvation_(GO:0009267),2/200,0.2235556120827191,0.3499368677534138,0.2445725924537249,0.382835242400092,-8.614832357398344,12.905837902823633,MEP-1;Rok
GO_Biological_Process_GeneRIF_Predicted_zscore,regulation_of_organ_morphogenesis_(GO:2000027),4/200,0.0122414622125937,0.1523646073450994,0.0149162622187849,0.1856567782959446,-2.930684522999967,12.903588687842554,Dsp1;MEP-1;robo2;Rok
GO_Biological_Process_GeneRIF_Predicted_zscore,regulation_of_hemocyte_differentiation_(GO:0045610),2/198,0.2202836713394594,0.3499368677534138,0.2410843421035926,0.382835242400092,-8.503653840221649,12.864660430802234,Dsp1;MEP-1
GO_Biological_Process_GeneRIF_Predicted_zscore,cholesterol_transport_(GO:0030301),4/200,0.0122414622125937,0.1523646073450994,0.0149162622187849,0.1856567782959446,-2.899851752818799,12.767834265487563,pcs;robo2;Rok;numb
GO_Biological_Process_GeneRIF_Predicted_zscore,adult_somatic_muscle_development_(GO:0007527),3/200,0.0599066825338914,0.2005231514580909,0.0691858637773741,0.2309798889650876,-4.51150151883822,12.699728882115034,Dsp1;Sxl;CG32982
GO_Biological_Process_GeneRIF_Predicted_zscore,negative_regulation_of_stem_cell_proliferation_(GO:2000647),3/200,0.0599066825338914,0.2005231514580909,0.0691858637773741,0.2309798889650876,-4.499812747949667,12.666825375238233,Dsp1;MEP-1;robo2
GO_Biological_Process_GeneRIF_Predicted_zscore,cellular_sodium_ion_homeostasis_(GO:0006883),2/200,0.2235556120827191,0.3499368677534138,0.2445725924537249,0.382835242400092,-8.420573077206111,12.61481903243005,Cyp4d2;CG17124
GO_Biological_Process_GeneRIF_Predicted_zscore,leg_disc_development_(GO:0035218),3/200,0.0599066825338914,0.2005231514580909,0.0691858637773741,0.2309798889650876,-4.446538079715688,12.51685893057872,Dsp1;robo2;numb
GO_Biological_Process_GeneRIF_Predicted_zscore,negative_regulation_of_neurogenesis_(GO:0050768),3/200,0.0599066825338914,0.2005231514580909,0.0691858637773741,0.2309798889650876,-4.443262122758538,12.507637219134857,Dsp1;MEP-1;robo2
GO_Biological_Process_GeneRIF_Predicted_zscore,"regulation_of_development,_heterochronic_(GO:0040034)",3/191,0.0536204807874414,0.2005231514580909,0.0620952010422103,0.2309798889650876,-4.258056290115875,12.458324051911816,Dsp1;MEP-1;Imp
GO_Biological_Process_GeneRIF_Predicted_zscore,neuroblast_development_(GO:0014019),3/200,0.0599066825338914,0.2005231514580909,0.0691858637773741,0.2309798889650876,-4.399760631546384,12.385181947413184,Dsp1;MEP-1;robo2
GO_Biological_Process_GeneRIF_Predicted_zscore,imaginal_disc_development_(GO:0007444),3/200,0.0599066825338914,0.2005231514580909,0.0691858637773741,0.2309798889650876,-4.379991534061772,12.32953258605304,Dsp1;MEP-1;robo2
GO_Biological_Process_GeneRIF_Predicted_zscore,regulation_of_organ_growth_(GO:0046620),3/200,0.0599066825338914,0.2005231514580909,0.0691858637773741,0.2309798889650876,-4.366355007307472,12.291146210264362,Dsp1;MEP-1;Rok
GO_Biological_Process_GeneRIF_Predicted_zscore,actin_nucleation_(GO:0045010),2/200,0.2235556120827191,0.3499368677534138,0.2445725924537249,0.382835242400092,-8.200017937518913,12.284406464506649,MEP-1;Rok
GO_Biological_Process_GeneRIF_Predicted_zscore,lipid_modification_(GO:0030258),3/200,0.0599066825338914,0.2005231514580909,0.0691858637773741,0.2309798889650876,-4.363246430446868,12.282395668305314,Dsp1;pcs;robo2
GO_Biological_Process_GeneRIF_Predicted_zscore,negative_regulation_of_synaptic_growth_at_neuromuscular_junction_(GO:0045886),3/200,0.0599066825338914,0.2005231514580909,0.0691858637773741,0.2309798889650876,-4.319989167949317,12.16062789240909,Dsp1;MEP-1;robo2
GO_Biological_Process_GeneRIF_Predicted_zscore,neurogenesis_(GO:0022008),3/200,0.0599066825338914,0.2005231514580909,0.0691858637773741,0.2309798889650876,-4.29120077867847,12.079589520335862,Dsp1;MEP-1;robo2
GO_Biological_Process_GeneRIF_Predicted_zscore,digestive_system_development_(GO:0055123),3/200,0.0599066825338914,0.2005231514580909,0.0691858637773741,0.2309798889650876,-4.285991245314103,12.064924854691055,MEP-1;Pat1;Rok
GO_Biological_Process_GeneRIF_Predicted_zscore,amide_transport_(GO:0042886),1/98,0.3547638809795127,0.5486215867499824,0.3736743324583822,0.5778654936208034,-11.638251195510133,12.06075270603552,CG3961
GO_Biological_Process_GeneRIF_Predicted_zscore,intracellular_steroid_hormone_receptor_signaling_pathway_(GO:0030518),3/200,0.0599066825338914,0.2005231514580909,0.0691858637773741,0.2309798889650876,-4.263962505946577,12.002914675504773,Dsp1;Ubr1;Sxl
GO_Biological_Process_GeneRIF_Predicted_zscore,mitochondrial_respiratory_chain_complex_assembly_(GO:0033108),2/200,0.2235556120827191,0.3499368677534138,0.2445725924537249,0.382835242400092,-7.9425574653835636,11.898706199903158,Neb-cGP;ND-MNLL
GO_Biological_Process_GeneRIF_Predicted_zscore,embryonic_hindgut_morphogenesis_(GO:0048619),3/200,0.0599066825338914,0.2005231514580909,0.0691858637773741,0.2309798889650876,-4.212557208074111,11.858210447132308,MEP-1;robo2;Rok
GO_Biological_Process_GeneRIF_Predicted_zscore,negative_regulation_of_cell_migration_(GO:0030336),3/200,0.0599066825338914,0.2005231514580909,0.0691858637773741,0.2309798889650876,-4.207087044100859,11.842812114867332,Dsp1;MEP-1;robo2
GO_Biological_Process_GeneRIF_Predicted_zscore,ectoderm_development_(GO:0007398),3/200,0.0599066825338914,0.2005231514580909,0.0691858637773741,0.2309798889650876,-4.199504500934326,11.821467504420054,Dsp1;MEP-1;robo2
GO_Biological_Process_GeneRIF_Predicted_zscore,ncRNA_processing_(GO:0034470),2/200,0.2235556120827191,0.3499368677534138,0.2445725924537249,0.382835242400092,-7.890652660020308,11.820947866762696,MEP-1;Galphai
GO_Biological_Process_GeneRIF_Predicted_zscore,negative_regulation_of_cell_motility_(GO:2000146),3/200,0.0599066825338914,0.2005231514580909,0.0691858637773741,0.2309798889650876,-4.197965034493143,11.817133956854017,Dsp1;MEP-1;robo2
GO_Biological_Process_GeneRIF_Predicted_zscore,epithelial_cell_development_(GO:0002064),3/200,0.0599066825338914,0.2005231514580909,0.0691858637773741,0.2309798889650876,-4.193315089052836,11.804044512871355,Dsp1;MEP-1;robo2
GO_Biological_Process_GeneRIF_Predicted_zscore,actin_filament_depolymerization_(GO:0030042),2/200,0.2235556120827191,0.3499368677534138,0.2445725924537249,0.382835242400092,-7.867227103338366,11.785854155732917,Ubr1;bel
GO_Biological_Process_GeneRIF_Predicted_zscore,nervous_system_development_(GO:0007399),3/200,0.0599066825338914,0.2005231514580909,0.0691858637773741,0.2309798889650876,-4.185803370460769,11.782899271279469,Dsp1;Sxl;numb
GO_Biological_Process_GeneRIF_Predicted_zscore,negative_regulation_of_ATPase_activity_(GO:0032780),2/200,0.2235556120827191,0.3499368677534138,0.2445725924537249,0.382835242400092,-7.862012298015085,11.778041881575398,Dsp1;MEP-1
GO_Biological_Process_GeneRIF_Predicted_zscore,cell-matrix_adhesion_(GO:0007160),3/200,0.0599066825338914,0.2005231514580909,0.0691858637773741,0.2309798889650876,-4.180887512671038,11.769061292750164,Rac2;GEFmeso;CG32982
GO_Biological_Process_GeneRIF_Predicted_zscore,Wnt_protein_secretion_(GO:0061355),3/200,0.0599066825338914,0.2005231514580909,0.0691858637773741,0.2309798889650876,-4.177415336649152,11.759287231071404,Dsp1;MEP-1;robo2
GO_Biological_Process_GeneRIF_Predicted_zscore,regulation_of_epithelial_cell_migration_(GO:0010632),3/200,0.0599066825338914,0.2005231514580909,0.0691858637773741,0.2309798889650876,-4.170041155273575,11.738529152235271,Dsp1;MEP-1;Rok
GO_Biological_Process_GeneRIF_Predicted_zscore,negative_regulation_of_autophagy_(GO:0010507),1/72,0.2750754019709652,0.4290105417600699,0.2914340693330506,0.4545236945072639,-9.024548708723431,11.648075533789262,Rok
GO_Biological_Process_GeneRIF_Predicted_zscore,negative_regulation_of_cell_communication_(GO:0010648),3/200,0.0599066825338914,0.2005231514580909,0.0691858637773741,0.2309798889650876,-4.1353148591956455,11.640775767153109,Dsp1;MEP-1;robo2
GO_Biological_Process_GeneRIF_Predicted_zscore,negative_regulation_of_nervous_system_development_(GO:0051961),3/200,0.0599066825338914,0.2005231514580909,0.0691858637773741,0.2309798889650876,-4.1044132648878175,11.553788792174636,Dsp1;MEP-1;robo2
GO_Biological_Process_GeneRIF_Predicted_zscore,negative_regulation_of_endopeptidase_activity_(GO:0010951),3/200,0.0599066825338914,0.2005231514580909,0.0691858637773741,0.2309798889650876,-4.085046304058553,11.499271432316682,Dsp1;MEP-1;robo2
GO_Biological_Process_GeneRIF_Predicted_zscore,epithelial_cell_migration_(GO:0010631),3/200,0.0599066825338914,0.2005231514580909,0.0691858637773741,0.2309798889650876,-4.074766760765642,11.470334854925138,Dsp1;MEP-1;robo2
GO_Biological_Process_GeneRIF_Predicted_zscore,activation_of_GTPase_activity_(GO:0090630),2/200,0.2235556120827191,0.3499368677534138,0.2445725924537249,0.382835242400092,-7.641505827955678,11.447702225381558,MEP-1;Rok
GO_Biological_Process_GeneRIF_Predicted_zscore,morphogenesis_of_a_polarized_epithelium_(GO:0001738),3/200,0.0599066825338914,0.2005231514580909,0.0691858637773741,0.2309798889650876,-4.036453312781074,11.362483754817712,Dsp1;robo2;Rok
GO_Biological_Process_GeneRIF_Predicted_zscore,regulation_of_gastrulation_(GO:0010470),3/200,0.0599066825338914,0.2005231514580909,0.0691858637773741,0.2309798889650876,-4.0294042905704,11.342640988371604,Dsp1;MEP-1;Rok
GO_Biological_Process_GeneRIF_Predicted_zscore,regulation_of_ecdysteroid_biosynthetic_process_(GO:0007554),3/200,0.0599066825338914,0.2005231514580909,0.0691858637773741,0.2309798889650876,-4.023810332493127,11.326894179761956,Dsp1;MEP-1;Rok
GO_Biological_Process_GeneRIF_Predicted_zscore,meiotic_sister_chromatid_cohesion_(GO:0051177),1/200,0.5919899825931167,0.5919899825931167,0.6153158258446757,0.6153158258446757,-21.59955132223508,11.323900989290744,MEP-1
GO_Biological_Process_GeneRIF_Predicted_zscore,Rab_protein_signal_transduction_(GO:0032482),1/44,0.1783565074623861,0.3499368677534138,0.1910708941165011,0.382835242400092,-6.566884332658192,11.32111736714743,Dsp1
GO_Biological_Process_GeneRIF_Predicted_zscore,cardiac_muscle_tissue_development_(GO:0048738),3/200,0.0599066825338914,0.2005231514580909,0.0691858637773741,0.2309798889650876,-3.973660297663794,11.185723475706608,Dsp1;robo2;Rok
GO_Biological_Process_GeneRIF_Predicted_zscore,myoblast_fusion_(GO:0007520),3/200,0.0599066825338914,0.2005231514580909,0.0691858637773741,0.2309798889650876,-3.9642809093610536,11.159320805104038,Dsp1;MEP-1;robo2
GO_Biological_Process_GeneRIF_Predicted_zscore,mitochondrial_membrane_organization_(GO:0007006),2/200,0.2235556120827191,0.3499368677534138,0.2445725924537249,0.382835242400092,-7.443511453776898,11.15108782909236,ND-MNLL;ox
GO_Biological_Process_GeneRIF_Predicted_zscore,glycoside_catabolic_process_(GO:0016139),2/200,0.2235556120827191,0.3499368677534138,0.2445725924537249,0.382835242400092,-7.409887195221549,11.100715493042747,MEP-1;Galphai
GO_Biological_Process_GeneRIF_Predicted_zscore,melanin_biosynthetic_process_(GO:0042438),1/200,0.5919899825931167,0.5919899825931167,0.6153158258446757,0.6153158258446757,-21.10433853286794,11.06427797621217,Pat1
GO_Biological_Process_GeneRIF_Predicted_zscore,negative_regulation_of_BMP_signaling_pathway_(GO:0030514),3/200,0.0599066825338914,0.2005231514580909,0.0691858637773741,0.2309798889650876,-3.9183030227708926,11.029894561573029,Dsp1;unc-119;numb
GO_Biological_Process_GeneRIF_Predicted_zscore,regulation_of_crystal_cell_differentiation_(GO:0042689),3/200,0.0599066825338914,0.2005231514580909,0.0691858637773741,0.2309798889650876,-3.909446316884481,11.004963224838152,Dsp1;MEP-1;Galphai
GO_Biological_Process_GeneRIF_Predicted_zscore,compound_eye_photoreceptor_cell_differentiation_(GO:0001751),3/200,0.0599066825338914,0.2005231514580909,0.0691858637773741,0.2309798889650876,-3.872965990431252,10.902272301749123,Dsp1;robo2;numb
GO_Biological_Process_GeneRIF_Predicted_zscore,compound_eye_photoreceptor_development_(GO:0042051),3/200,0.0599066825338914,0.2005231514580909,0.0691858637773741,0.2309798889650876,-3.870544895079419,10.895456997700649,Dsp1;robo2;numb
GO_Biological_Process_GeneRIF_Predicted_zscore,positive_regulation_of_developmental_growth_(GO:0048639),3/200,0.0599066825338914,0.2005231514580909,0.0691858637773741,0.2309798889650876,-3.775617710233875,10.628240084208116,Dsp1;MEP-1;robo2
GO_Biological_Process_GeneRIF_Predicted_zscore,regulation_of_transcription_initiation_from_RNA_polymerase_II_promoter_(GO:0060260),2/141,0.1302909216776467,0.3499368677534138,0.1444805821069466,0.382835242400092,-5.157621572859121,10.51115782392938,Cp110;MEP-1
GO_Biological_Process_GeneRIF_Predicted_zscore,chloride_ion_homeostasis_(GO:0055064),2/200,0.2235556120827191,0.3499368677534138,0.2445725924537249,0.382835242400092,-6.986525777251467,10.466479839003682,Ubr1;Cyp4d2
GO_Biological_Process_GeneRIF_Predicted_zscore,TOR_signaling_(GO:0031929),2/149,0.1423705551778707,0.3499368677534138,0.1575268097523497,0.382835242400092,-5.297246339669955,10.326039236280792,MEP-1;Rok
GO_Biological_Process_GeneRIF_Predicted_zscore,glial_cell_development_(GO:0021782),3/200,0.0599066825338914,0.2005231514580909,0.0691858637773741,0.2309798889650876,-3.6528692194101895,10.282707106408958,Dsp1;robo2;Sxl
GO_Biological_Process_GeneRIF_Predicted_zscore,regulation_of_hemocyte_proliferation_(GO:0035206),2/192,0.210495099765059,0.3499368677534138,0.2306390553699973,0.382835242400092,-6.486708601362426,10.108191991320773,MEP-1;Galphai
GO_Biological_Process_GeneRIF_Predicted_zscore,GPI_anchor_biosynthetic_process_(GO:0006506),3/200,0.0599066825338914,0.2005231514580909,0.0691858637773741,0.2309798889650876,-3.586505907943875,10.0958965601147,Dsp1;robo2;numb
GO_Biological_Process_GeneRIF_Predicted_zscore,leg_disc_pattern_formation_(GO:0035223),3/200,0.0599066825338914,0.2005231514580909,0.0691858637773741,0.2309798889650876,-3.579242647636896,10.07545072045052,Dsp1;robo2;numb
GO_Biological_Process_GeneRIF_Predicted_zscore,positive_regulation_of_cellular_biosynthetic_process_(GO:0031328),3/184,0.0489657975052254,0.2005231514580909,0.0568331091707289,0.2309798889650876,-3.3364509221059158,10.064848737541531,Dsp1;MEP-1;robo2
GO_Biological_Process_GeneRIF_Predicted_zscore,glycosaminoglycan_biosynthetic_process_(GO:0006024),3/200,0.0599066825338914,0.2005231514580909,0.0691858637773741,0.2309798889650876,-3.5626691708751905,10.02879692666838,Dsp1;robo2;Sxl
GO_Biological_Process_GeneRIF_Predicted_zscore,positive_regulation_of_cellular_catabolic_process_(GO:0031331),3/184,0.0489657975052254,0.2005231514580909,0.0568331091707289,0.2309798889650876,-3.320676992291338,10.017264576621187,Dsp1;MEP-1;robo2
GO_Biological_Process_GeneRIF_Predicted_zscore,gliogenesis_(GO:0042063),3/200,0.0599066825338914,0.2005231514580909,0.0691858637773741,0.2309798889650876,-3.5578424398586628,10.01520983708394,Dsp1;robo2;Sxl
GO_Biological_Process_GeneRIF_Predicted_zscore,glycosaminoglycan_catabolic_process_(GO:0006027),3/200,0.0599066825338914,0.2005231514580909,0.0691858637773741,0.2309798889650876,-3.5562630532145527,10.010763915455302,Dsp1;robo2;Sxl
GO_Biological_Process_GeneRIF_Predicted_zscore,GPI_anchor_metabolic_process_(GO:0006505),3/200,0.0599066825338914,0.2005231514580909,0.0691858637773741,0.2309798889650876,-3.530931135795509,9.939455398336854,Dsp1;robo2;numb
GO_Biological_Process_GeneRIF_Predicted_zscore,glycosaminoglycan_metabolic_process_(GO:0030203),3/200,0.0599066825338914,0.2005231514580909,0.0691858637773741,0.2309798889650876,-3.524893701088421,9.92246021755207,Dsp1;robo2;Sxl
GO_Biological_Process_GeneRIF_Predicted_zscore,positive_regulation_of_cellular_protein_metabolic_process_(GO:0032270),3/186,0.0502744873310504,0.2005231514580909,0.0583136413257867,0.2309798889650876,-3.2854716899737344,9.824406495599431,Dsp1;MEP-1;robo2
GO_Biological_Process_GeneRIF_Predicted_zscore,formation_of_animal_organ_boundary_(GO:0010160),3/200,0.0599066825338914,0.2005231514580909,0.0691858637773741,0.2309798889650876,-3.474838483195296,9.781556420063914,Dsp1;robo2;numb
GO_Biological_Process_GeneRIF_Predicted_zscore,cytoskeleton_organization_(GO:0007010),2/200,0.2235556120827191,0.3499368677534138,0.2445725924537249,0.382835242400092,-6.363121000846323,9.53256021545798,MEP-1;Rok
GO_Biological_Process_GeneRIF_Predicted_zscore,haltere_development_(GO:0007482),3/200,0.0599066825338914,0.2005231514580909,0.0691858637773741,0.2309798889650876,-3.380743018143052,9.516680770524566,Dsp1;robo2;numb
GO_Biological_Process_GeneRIF_Predicted_zscore,homeostasis_of_number_of_cells_(GO:0048872),2/152,0.1469610494808286,0.3499368677534138,0.162477676456021,0.382835242400092,-4.934062874705786,9.461498263932324,Dsp1;MEP-1
GO_Biological_Process_GeneRIF_Predicted_zscore,gene_silencing_by_miRNA_(GO:0035195),2/200,0.2235556120827191,0.3499368677534138,0.2445725924537249,0.382835242400092,-6.254604512686185,9.36999219928809,Dsp1;MEP-1
GO_Biological_Process_GeneRIF_Predicted_zscore,regulation_of_feeding_behavior_(GO:0060259),2/172,0.1782690359320098,0.3499368677534138,0.1961471619189982,0.382835242400092,-5.408517634095622,9.326780063977637,Dsp1;Sxl
GO_Biological_Process_GeneRIF_Predicted_zscore,negative_regulation_of_Ras_protein_signal_transduction_(GO:0046580),3/200,0.0599066825338914,0.2005231514580909,0.0691858637773741,0.2309798889650876,-3.268365834196546,9.200342681598528,Dsp1;robo2;Rok
GO_Biological_Process_GeneRIF_Predicted_zscore,Notch_receptor_processing_(GO:0007220),3/200,0.0599066825338914,0.2005231514580909,0.0691858637773741,0.2309798889650876,-3.2660366867718573,9.193786207950785,Dsp1;robo2;numb
GO_Biological_Process_GeneRIF_Predicted_zscore,digestive_tract_mesoderm_development_(GO:0007502),3/200,0.0599066825338914,0.2005231514580909,0.0691858637773741,0.2309798889650876,-3.2530160598819338,9.157133570090256,Dsp1;MEP-1;robo2
GO_Biological_Process_GeneRIF_Predicted_zscore,cell_junction_assembly_(GO:0034329),1/200,0.5919899825931167,0.5919899825931167,0.6153158258446757,0.6153158258446757,-17.347474895163813,9.094683736546918,Dsp1
GO_Biological_Process_GeneRIF_Predicted_zscore,phospholipid_transport_(GO:0015914),3/183,0.0483178630443415,0.2005231514580909,0.056099776394256,0.2309798889650876,-3.00033257572378,9.090869543356154,Dsp1;MEP-1;Pat1
GO_Biological_Process_GeneRIF_Predicted_zscore,morphogenesis_of_follicular_epithelium_(GO:0016333),3/200,0.0599066825338914,0.2005231514580909,0.0691858637773741,0.2309798889650876,-3.212328833149712,9.042600360624014,Dsp1;robo2;Rok
GO_Biological_Process_GeneRIF_Predicted_zscore,negative_regulation_of_RNA_splicing_(GO:0033119),3/200,0.0599066825338914,0.2005231514580909,0.0691858637773741,0.2309798889650876,-3.2073623084874767,9.02861975650954,Dsp1;robo2;Rac2
GO_Biological_Process_GeneRIF_Predicted_zscore,wing_disc_development_(GO:0035220),3/200,0.0599066825338914,0.2005231514580909,0.0691858637773741,0.2309798889650876,-3.1867174048237707,8.970505029465413,Dsp1;MEP-1;robo2
GO_Biological_Process_GeneRIF_Predicted_zscore,stem_cell_differentiation_(GO:0048863),3/200,0.0599066825338914,0.2005231514580909,0.0691858637773741,0.2309798889650876,-3.180261388388414,8.952331554837254,Dsp1;Sxl;numb
GO_Biological_Process_GeneRIF_Predicted_zscore,positive_regulation_of_cell_growth_(GO:0030307),3/200,0.0599066825338914,0.2005231514580909,0.0691858637773741,0.2309798889650876,-3.1716936478250624,8.928213646014099,Dsp1;MEP-1;robo2
GO_Biological_Process_GeneRIF_Predicted_zscore,negative_regulation_of_defense_response_to_bacterium_(GO:1900425),1/173,0.539255884646034,0.5919899825931167,0.5620995157088376,0.6153158258446757,-14.37224305608196,8.875795448853056,Rac2
GO_Biological_Process_GeneRIF_Predicted_zscore,regulation_of_microtubule_depolymerization_(GO:0031114),3/200,0.0599066825338914,0.2005231514580909,0.0691858637773741,0.2309798889650876,-3.1422004180196845,8.845191170941838,Ubr1;bel;Rok
GO_Biological_Process_GeneRIF_Predicted_zscore,muscle_organ_development_(GO:0007517),3/200,0.0599066825338914,0.2005231514580909,0.0691858637773741,0.2309798889650876,-3.132550103566132,8.818025852106073,Dsp1;Sxl;CG32982
GO_Biological_Process_GeneRIF_Predicted_zscore,fluid_transport_(GO:0042044),2/200,0.2235556120827191,0.3499368677534138,0.2445725924537249,0.382835242400092,-5.809717194076822,8.70350869957571,Ubr1;Cyp4d2
GO_Biological_Process_GeneRIF_Predicted_zscore,RNA_splicing_(GO:0008380),2/172,0.1782690359320098,0.3499368677534138,0.1961471619189982,0.382835242400092,-5.011409363463606,8.641982166967427,Dsp1;MEP-1
GO_Biological_Process_GeneRIF_Predicted_zscore,mRNA_polyadenylation_(GO:0006378),1/200,0.5919899825931167,0.5919899825931167,0.6153158258446757,0.6153158258446757,-16.12848180688822,8.455607635736776,MEP-1
GO_Biological_Process_GeneRIF_Predicted_zscore,mRNA_processing_(GO:0006397),1/200,0.5919899825931167,0.5919899825931167,0.6153158258446757,0.6153158258446757,-16.04534335978508,8.412021010748402,MEP-1
GO_Biological_Process_GeneRIF_Predicted_zscore,R7_cell_development_(GO:0045467),3/200,0.0599066825338914,0.2005231514580909,0.0691858637773741,0.2309798889650876,-2.957080497998531,8.324084664575665,Dsp1;robo2;Sxl
GO_Biological_Process_GeneRIF_Predicted_zscore,endoderm_development_(GO:0007492),3/200,0.0599066825338914,0.2005231514580909,0.0691858637773741,0.2309798889650876,-2.9177001618533547,8.213230309270232,Dsp1;robo2;numb
GO_Biological_Process_GeneRIF_Predicted_zscore,cellular_response_to_UV_(GO:0034644),2/200,0.2235556120827191,0.3499368677534138,0.2445725924537249,0.382835242400092,-5.457183718044122,8.175380036330196,MEP-1;Rok
GO_Biological_Process_GeneRIF_Predicted_zscore,central_nervous_system_segmentation_(GO:0035283),3/200,0.0599066825338914,0.2005231514580909,0.0691858637773741,0.2309798889650876,-2.892729285841712,8.142938111878168,Dsp1;robo2;CG32982
GO_Biological_Process_GeneRIF_Predicted_zscore,epidermis_development_(GO:0008544),3/200,0.0599066825338914,0.2005231514580909,0.0691858637773741,0.2309798889650876,-2.863614462546153,8.060980838726346,Dsp1;robo2;Rok
GO_Biological_Process_GeneRIF_Predicted_zscore,cell-cell_junction_assembly_(GO:0007043),1/200,0.5919899825931167,0.5919899825931167,0.6153158258446757,0.6153158258446757,-15.246141078055096,7.993026774539005,Dsp1
GO_Biological_Process_GeneRIF_Predicted_zscore,filopodium_assembly_(GO:0046847),2/200,0.2235556120827191,0.3499368677534138,0.2445725924537249,0.382835242400092,-5.294473662496802,7.931624903910266,MEP-1;Galphai
GO_Biological_Process_GeneRIF_Predicted_zscore,mRNA_catabolic_process_(GO:0006402),1/200,0.5919899825931167,0.5919899825931167,0.6153158258446757,0.6153158258446757,-14.720345348305482,7.717370178925037,MEP-1
GO_Biological_Process_GeneRIF_Predicted_zscore,positive_regulation_of_peptide_secretion_(GO:0002793),3/199,0.0591917042329044,0.2005231514580909,0.0683802559055851,0.2309798889650876,-2.7103519094361705,7.662094048468146,Dsp1;MEP-1;robo2
GO_Biological_Process_GeneRIF_Predicted_zscore,myotube_differentiation_(GO:0014902),3/200,0.0599066825338914,0.2005231514580909,0.0691858637773741,0.2309798889650876,-2.716534738726951,7.646956237657115,robo2;CG32982;numb
GO_Biological_Process_GeneRIF_Predicted_zscore,neural_crest_cell_development_(GO:0014032),1/200,0.5919899825931167,0.5919899825931167,0.6153158258446757,0.6153158258446757,-14.526024890103162,7.615494654010246,MEP-1
GO_Biological_Process_GeneRIF_Predicted_zscore,regulation_of_photoreceptor_cell_differentiation_(GO:0046532),3/200,0.0599066825338914,0.2005231514580909,0.0691858637773741,0.2309798889650876,-2.705289347439762,7.615300829823544,Dsp1;MEP-1;robo2
GO_Biological_Process_GeneRIF_Predicted_zscore,glial_cell_differentiation_(GO:0010001),3/200,0.0599066825338914,0.2005231514580909,0.0691858637773741,0.2309798889650876,-2.6740366938808844,7.527325634561586,Dsp1;MEP-1;robo2
GO_Biological_Process_GeneRIF_Predicted_zscore,R3/R4_cell_differentiation_(GO:0048056),3/200,0.0599066825338914,0.2005231514580909,0.0691858637773741,0.2309798889650876,-2.65838406197771,7.483263988869609,Dsp1;robo2;numb
GO_Biological_Process_GeneRIF_Predicted_zscore,cortical_actin_cytoskeleton_organization_(GO:0030866),2/200,0.2235556120827191,0.3499368677534138,0.2445725924537249,0.382835242400092,-4.968567230577815,7.443386084239919,Galphai;Pat1
GO_Biological_Process_GeneRIF_Predicted_zscore,regulation_of_establishment_of_planar_polarity_(GO:0090175),3/200,0.0599066825338914,0.2005231514580909,0.0691858637773741,0.2309798889650876,-2.643577074165222,7.441582803571505,Dsp1;robo2;numb
GO_Biological_Process_GeneRIF_Predicted_zscore,membrane_protein_proteolysis_(GO:0033619),2/193,0.212123442769663,0.3499368677534138,0.232377645055192,0.382835242400092,-4.788353601964026,7.424758351264583,Dsp1;MEP-1
GO_Biological_Process_GeneRIF_Predicted_zscore,cellular_protein_complex_disassembly_(GO:0043624),2/200,0.2235556120827191,0.3499368677534138,0.2445725924537249,0.382835242400092,-4.95311357623702,7.420235040823818,MEP-1;Galphai
GO_Biological_Process_GeneRIF_Predicted_zscore,axonal_defasciculation_(GO:0007414),2/200,0.2235556120827191,0.3499368677534138,0.2445725924537249,0.382835242400092,-4.931896741691051,7.388450205541893,MEP-1;Rok
GO_Biological_Process_GeneRIF_Predicted_zscore,regulation_of_embryonic_pattern_specification_(GO:1902875),3/200,0.0599066825338914,0.2005231514580909,0.0691858637773741,0.2309798889650876,-2.623264179160837,7.384402670019653,Dsp1;robo2;numb
GO_Biological_Process_GeneRIF_Predicted_zscore,carbohydrate_phosphorylation_(GO:0046835),3/200,0.0599066825338914,0.2005231514580909,0.0691858637773741,0.2309798889650876,-2.588199100466884,7.285695622979156,Dsp1;Sxl;Rac2
GO_Biological_Process_GeneRIF_Predicted_zscore,axonogenesis_(GO:0007409),2/200,0.2235556120827191,0.3499368677534138,0.2445725924537249,0.382835242400092,-4.860134177814904,7.280943062227466,Dsp1;fru
GO_Biological_Process_GeneRIF_Predicted_zscore,cortical_cytoskeleton_organization_(GO:0030865),2/200,0.2235556120827191,0.3499368677534138,0.2445725924537249,0.382835242400092,-4.812272387160906,7.209241549499955,MEP-1;Galphai
GO_Biological_Process_GeneRIF_Predicted_zscore,negative_regulation_of_axon_guidance_(GO:1902668),1/126,0.4309111493779823,0.5919899825931167,0.4518162355972821,0.6153158258446757,-8.54409854201979,7.1928780663282526,Dsp1
GO_Biological_Process_GeneRIF_Predicted_zscore,female_somatic_sex_determination_(GO:0019101),2/200,0.2235556120827191,0.3499368677534138,0.2445725924537249,0.382835242400092,-4.785973113842681,7.169842737738334,Dsp1;MEP-1
GO_Biological_Process_GeneRIF_Predicted_zscore,calcium_ion_transport_(GO:0006816),1/200,0.5919899825931167,0.5919899825931167,0.6153158258446757,0.6153158258446757,-13.508414243747028,7.081996433002171,ninaE
GO_Biological_Process_GeneRIF_Predicted_zscore,aromatic_amino_acid_family_catabolic_process_(GO:0009074),2/185,0.1991365546147956,0.3499368677534138,0.2185002592427,0.382835242400092,-4.387972454046525,7.081154109664364,Dsp1;MEP-1
GO_Biological_Process_GeneRIF_Predicted_zscore,brain_morphogenesis_(GO:0048854),2/200,0.2235556120827191,0.3499368677534138,0.2445725924537249,0.382835242400092,-4.707109222208437,7.051697130303116,Dsp1;Sxl
GO_Biological_Process_GeneRIF_Predicted_zscore,regulation_of_glial_cell_proliferation_(GO:0060251),3/200,0.0599066825338914,0.2005231514580909,0.0691858637773741,0.2309798889650876,-2.481463178699756,6.985237502159497,Dsp1;MEP-1;Pat1
GO_Biological_Process_GeneRIF_Predicted_zscore,macromolecule_catabolic_process_(GO:0009057),2/200,0.2235556120827191,0.3499368677534138,0.2445725924537249,0.382835242400092,-4.579593832594404,6.860666953487103,robo2;Rok
GO_Biological_Process_GeneRIF_Predicted_zscore,macromolecule_biosynthetic_process_(GO:0009059),2/200,0.2235556120827191,0.3499368677534138,0.2445725924537249,0.382835242400092,-4.56200795984482,6.8343216441798464,robo2;Rok
GO_Biological_Process_GeneRIF_Predicted_zscore,regulation_of_transmembrane_receptor_protein_serine/threonine_kinase_signaling_pathway_(GO:0090092),3/200,0.0599066825338914,0.2005231514580909,0.0691858637773741,0.2309798889650876,-2.3845843189568985,6.712526687809696,Dsp1;MEP-1;Galphai
GO_Biological_Process_GeneRIF_Predicted_zscore,clathrin-dependent_endocytosis_(GO:0072583),2/200,0.2235556120827191,0.3499368677534138,0.2445725924537249,0.382835242400092,-4.438634875224513,6.649497034062665,MEP-1;Rok
GO_Biological_Process_GeneRIF_Predicted_zscore,autophagic_cell_death_(GO:0048102),2/200,0.2235556120827191,0.3499368677534138,0.2445725924537249,0.382835242400092,-4.435381126820576,6.644622609612407,MEP-1;Rok
GO_Biological_Process_GeneRIF_Predicted_zscore,citrate_transport_(GO:0015746),2/200,0.2235556120827191,0.3499368677534138,0.2445725924537249,0.382835242400092,-4.42883738545335,6.634819462916129,ND-MNLL;Cyp4d2
GO_Biological_Process_GeneRIF_Predicted_zscore,cleavage_furrow_ingression_(GO:0036090),2/200,0.2235556120827191,0.3499368677534138,0.2445725924537249,0.382835242400092,-4.410546622520231,6.607418161098447,MEP-1;Galphai
GO_Biological_Process_GeneRIF_Predicted_zscore,coenzyme_A_biosynthetic_process_(GO:0015937),2/200,0.2235556120827191,0.3499368677534138,0.2445725924537249,0.382835242400092,-4.409625343957149,6.60603799822293,foxo;Cyp4d2
GO_Biological_Process_GeneRIF_Predicted_zscore,axoneme_assembly_(GO:0035082),1/134,0.4509859269534809,0.5919899825931167,0.4723356759119146,0.6153158258446757,-8.268899863505265,6.584683261629273,Cp110
GO_Biological_Process_GeneRIF_Predicted_zscore,coenzyme_A_metabolic_process_(GO:0015936),2/200,0.2235556120827191,0.3499368677534138,0.2445725924537249,0.382835242400092,-4.395283212847997,6.584552122282837,foxo;Cyp4d2
GO_Biological_Process_GeneRIF_Predicted_zscore,asparagine_metabolic_process_(GO:0006528),1/144,0.4750972204475093,0.5919899825931167,0.4969322314115017,0.6153158258446757,-8.810705579900171,6.557242703173669,MEP-1
GO_Biological_Process_GeneRIF_Predicted_zscore,actin_filament_polymerization_(GO:0030041),2/200,0.2235556120827191,0.3499368677534138,0.2445725924537249,0.382835242400092,-4.354450432121444,6.523380734690382,MEP-1;Pat1
GO_Biological_Process_GeneRIF_Predicted_zscore,sphingolipid_biosynthetic_process_(GO:0030148),3/200,0.0599066825338914,0.2005231514580909,0.0691858637773741,0.2309798889650876,-2.3043073047423634,6.486549524390093,CG3961;foxo;Cyp4d2
GO_Biological_Process_GeneRIF_Predicted_zscore,sphingolipid_catabolic_process_(GO:0030149),3/200,0.0599066825338914,0.2005231514580909,0.0691858637773741,0.2309798889650876,-2.282377989309376,6.424819220320276,CG3961;foxo;Cyp4d2
GO_Biological_Process_GeneRIF_Predicted_zscore,sphingolipid_metabolic_process_(GO:0006665),3/200,0.0599066825338914,0.2005231514580909,0.0691858637773741,0.2309798889650876,-2.2809863995285875,6.420901940705643,CG3961;foxo;Cyp4d2
GO_Biological_Process_GeneRIF_Predicted_zscore,regulation_of_nervous_system_development_(GO:0051960),3/200,0.0599066825338914,0.2005231514580909,0.0691858637773741,0.2309798889650876,-2.278068972530463,6.412689479343315,Dsp1;robo2;Sxl
GO_Biological_Process_GeneRIF_Predicted_zscore,actin_polymerization_or_depolymerization_(GO:0008154),2/200,0.2235556120827191,0.3499368677534138,0.2445725924537249,0.382835242400092,-4.251806993077202,6.369611104460061,MEP-1;Rok
GO_Biological_Process_GeneRIF_Predicted_zscore,microtubule-based_transport_(GO:0099111),2/200,0.2235556120827191,0.3499368677534138,0.2445725924537249,0.382835242400092,-4.241097041049581,6.353566578103517,Ubr1;Rok
GO_Biological_Process_GeneRIF_Predicted_zscore,aerobic_respiration_(GO:0009060),2/200,0.2235556120827191,0.3499368677534138,0.2445725924537249,0.382835242400092,-4.223092853209015,6.326594593019815,MEP-1;Rok
GO_Biological_Process_GeneRIF_Predicted_zscore,regulation_of_neurogenesis_(GO:0050767),3/200,0.0599066825338914,0.2005231514580909,0.0691858637773741,0.2309798889650876,-2.2413293216981853,6.309268566628283,Dsp1;MEP-1;robo2
GO_Biological_Process_GeneRIF_Predicted_zscore,asymmetric_protein_localization_(GO:0008105),1/200,0.5919899825931167,0.5919899825931167,0.6153158258446757,0.6153158258446757,-11.980755217266964,6.281097409537342,MEP-1
GO_Biological_Process_GeneRIF_Predicted_zscore,regulation_of_neuron_differentiation_(GO:0045664),3/200,0.0599066825338914,0.2005231514580909,0.0691858637773741,0.2309798889650876,-2.2070561563983824,6.212790729832276,Dsp1;MEP-1;robo2
GO_Biological_Process_GeneRIF_Predicted_zscore,macroautophagy_(GO:0016236),2/200,0.2235556120827191,0.3499368677534138,0.2445725924537249,0.382835242400092,-4.136450762014421,6.196796503152309,MEP-1;Rok
GO_Biological_Process_GeneRIF_Predicted_zscore,cell_cycle_G1/S_phase_transition_(GO:0044843),2/200,0.2235556120827191,0.3499368677534138,0.2445725924537249,0.382835242400092,-4.1051345638454775,6.149881860994008,MEP-1;Rok
GO_Biological_Process_GeneRIF_Predicted_zscore,carbohydrate_homeostasis_(GO:0033500),2/200,0.2235556120827191,0.3499368677534138,0.2445725924537249,0.382835242400092,-4.042077940849311,6.055417044811126,fru;Pat1
GO_Biological_Process_GeneRIF_Predicted_zscore,mRNA_methylation_(GO:0080009),2/200,0.2235556120827191,0.3499368677534138,0.2445725924537249,0.382835242400092,-4.03660030814461,6.047211030248652,MEP-1;Galphai
GO_Biological_Process_GeneRIF_Predicted_zscore,mRNA_transport_(GO:0051028),2/200,0.2235556120827191,0.3499368677534138,0.2445725924537249,0.382835242400092,-4.027292688420759,6.033267331006033,MEP-1;Rok
GO_Biological_Process_GeneRIF_Predicted_zscore,regulation_of_muscle_organ_development_(GO:0048634),3/200,0.0599066825338914,0.2005231514580909,0.0691858637773741,0.2309798889650876,-2.139815638379987,6.023510875849984,Dsp1;MEP-1;robo2
GO_Biological_Process_GeneRIF_Predicted_zscore,positive_regulation_of_ecdysteroid_biosynthetic_process_(GO:0045998),3/200,0.0599066825338914,0.2005231514580909,0.0691858637773741,0.2309798889650876,-2.08416629098134,5.86685978718728,CG11768;Sxl;CG18467
GO_Biological_Process_GeneRIF_Predicted_zscore,negative_regulation_of_insulin_receptor_signaling_pathway_(GO:0046627),2/200,0.2235556120827191,0.3499368677534138,0.2445725924537249,0.382835242400092,-3.888073106176092,5.824703160885478,MEP-1;Rok
GO_Biological_Process_GeneRIF_Predicted_zscore,regulation_of_muscle_tissue_development_(GO:1901861),3/200,0.0599066825338914,0.2005231514580909,0.0691858637773741,0.2309798889650876,-2.054446551909341,5.783199695954775,Dsp1;MEP-1;robo2
GO_Biological_Process_GeneRIF_Predicted_zscore,negative_regulation_of_cell_morphogenesis_involved_in_differentiation_(GO:0010771),2/200,0.2235556120827191,0.3499368677534138,0.2445725924537249,0.382835242400092,-3.8582265328630143,5.779990156481797,MEP-1;Rok
GO_Biological_Process_GeneRIF_Predicted_zscore,asymmetric_stem_cell_division_(GO:0098722),1/200,0.5919899825931167,0.5919899825931167,0.6153158258446757,0.6153158258446757,-10.912617623771713,5.721109650012535,MEP-1
GO_Biological_Process_GeneRIF_Predicted_zscore,heart_development_(GO:0007507),2/200,0.2235556120827191,0.3499368677534138,0.2445725924537249,0.382835242400092,-3.818823113890305,5.72096008868923,MEP-1;Rok
GO_Biological_Process_GeneRIF_Predicted_zscore,amino_acid_transmembrane_transport_(GO:0003333),2/159,0.1577880978633626,0.3499368677534138,0.1741400665473157,0.382835242400092,-3.080967142130698,5.689012910684129,Dsp1;robo2
GO_Biological_Process_GeneRIF_Predicted_zscore,negative_regulation_of_hippo_signaling_(GO:0035331),2/200,0.2235556120827191,0.3499368677534138,0.2445725924537249,0.382835242400092,-3.7861428472388288,5.672001942259044,MEP-1;Rok
GO_Biological_Process_GeneRIF_Predicted_zscore,female_germ-line_sex_determination_(GO:0019099),2/200,0.2235556120827191,0.3499368677534138,0.2445725924537249,0.382835242400092,-3.784924049412386,5.670176067241189,pcs;Rok
GO_Biological_Process_GeneRIF_Predicted_zscore,terminal_region_determination_(GO:0007362),3/200,0.0599066825338914,0.2005231514580909,0.0691858637773741,0.2309798889650876,-2.0028383253935584,5.637924230103663,MEP-1;Ubr1;Rok
GO_Biological_Process_GeneRIF_Predicted_zscore,negative_regulation_of_hemocyte_proliferation_(GO:0035207),2/200,0.2235556120827191,0.3499368677534138,0.2445725924537249,0.382835242400092,-3.751602252839695,5.620256847997335,Dsp1;Galphai
GO_Biological_Process_GeneRIF_Predicted_zscore,negative_regulation_of_cell_fate_specification_(GO:0009996),2/200,0.2235556120827191,0.3499368677534138,0.2445725924537249,0.382835242400092,-3.742848336908714,5.607142649678298,Dsp1;MEP-1
GO_Biological_Process_GeneRIF_Predicted_zscore,tube_fusion_(GO:0035146),3/200,0.0599066825338914,0.2005231514580909,0.0691858637773741,0.2309798889650876,-1.9918141961149372,5.606891667570928,robo2;Pat1;Rok
GO_Biological_Process_GeneRIF_Predicted_zscore,negative_regulation_of_phosphatase_activity_(GO:0010923),2/200,0.2235556120827191,0.3499368677534138,0.2445725924537249,0.382835242400092,-3.719364282765533,5.5719613038900935,MEP-1;Rok
GO_Biological_Process_GeneRIF_Predicted_zscore,histone_H3-K9_methylation_(GO:0051567),2/200,0.2235556120827191,0.3499368677534138,0.2445725924537249,0.382835242400092,-3.713499740936149,5.563175662674527,MEP-1;Rok
GO_Biological_Process_GeneRIF_Predicted_zscore,GTP_metabolic_process_(GO:0046039),2/200,0.2235556120827191,0.3499368677534138,0.2445725924537249,0.382835242400092,-3.7023418621556137,5.546460099456716,MEP-1;Rok
GO_Biological_Process_GeneRIF_Predicted_zscore,germarium-derived_female_germ-line_cyst_formation_(GO:0030727),2/200,0.2235556120827191,0.3499368677534138,0.2445725924537249,0.382835242400092,-3.697242906882904,5.538821379689078,MEP-1;Rok
GO_Biological_Process_GeneRIF_Predicted_zscore,negative_regulation_of_phosphoprotein_phosphatase_activity_(GO:0032515),2/200,0.2235556120827191,0.3499368677534138,0.2445725924537249,0.382835242400092,-3.6823737711896873,5.516546000778547,fru;Pat1
GO_Biological_Process_GeneRIF_Predicted_zscore,negative_regulation_of_protein_tyrosine_kinase_activity_(GO:0061099),2/200,0.2235556120827191,0.3499368677534138,0.2445725924537249,0.382835242400092,-3.679158518390029,5.511729246403363,MEP-1;Rok
GO_Biological_Process_GeneRIF_Predicted_zscore,regulation_of_myoblast_fusion_(GO:1901739),3/200,0.0599066825338914,0.2005231514580909,0.0691858637773741,0.2309798889650876,-1.9364099943564248,5.450930655848983,Dsp1;robo2;Rok
GO_Biological_Process_GeneRIF_Predicted_zscore,regulation_of_myotube_differentiation_(GO:0010830),3/200,0.0599066825338914,0.2005231514580909,0.0691858637773741,0.2309798889650876,-1.9056987941428316,5.364479634004391,Dsp1;robo2;numb
GO_Biological_Process_GeneRIF_Predicted_zscore,L-cysteine_metabolic_process_(GO:0046439),2/200,0.2235556120827191,0.3499368677534138,0.2445725924537249,0.382835242400092,-3.54893234383136,5.316638056019878,MEP-1;Galphai
GO_Biological_Process_GeneRIF_Predicted_zscore,autophagosome_assembly_(GO:0000045),1/200,0.5919899825931167,0.5919899825931167,0.6153158258446757,0.6153158258446757,-10.073817312584646,5.28135553049568,unc-119
GO_Biological_Process_GeneRIF_Predicted_zscore,axon_development_(GO:0061564),2/200,0.2235556120827191,0.3499368677534138,0.2445725924537249,0.382835242400092,-3.525192169431976,5.281073017737956,Dsp1;Sxl
GO_Biological_Process_GeneRIF_Predicted_zscore,axon_extension_(GO:0048675),2/200,0.2235556120827191,0.3499368677534138,0.2445725924537249,0.382835242400092,-3.500480817625672,5.244053063368453,Dsp1;robo2
GO_Biological_Process_GeneRIF_Predicted_zscore,transmembrane_receptor_protein_serine/threonine_kinase_signaling_pathway_(GO:0007178),3/200,0.0599066825338914,0.2005231514580909,0.0691858637773741,0.2309798889650876,-1.8555231894937805,5.223236951744752,Dsp1;MEP-1;Galphai
GO_Biological_Process_GeneRIF_Predicted_zscore,regulation_of_decapentaplegic_signaling_pathway_(GO:0090097),3/200,0.0599066825338914,0.2005231514580909,0.0691858637773741,0.2309798889650876,-1.8450692791369647,5.193809536784317,Dsp1;MEP-1;robo2
GO_Biological_Process_GeneRIF_Predicted_zscore,double-strand_break_repair_via_homologous_recombination_(GO:0000724),2/200,0.2235556120827191,0.3499368677534138,0.2445725924537249,0.382835242400092,-3.4320725613656,5.141570991764459,MEP-1;Galphai
GO_Biological_Process_GeneRIF_Predicted_zscore,regulation_of_compound_eye_photoreceptor_development_(GO:0045314),3/200,0.0599066825338914,0.2005231514580909,0.0691858637773741,0.2309798889650876,-1.8239228877311864,5.134283138185735,Dsp1;robo2;numb
GO_Biological_Process_GeneRIF_Predicted_zscore,negative_regulation_of_Wnt_signaling_pathway_(GO:0030178),2/200,0.2235556120827191,0.3499368677534138,0.2445725924537249,0.382835242400092,-3.418127979411237,5.12068068225413,Dsp1;MEP-1
GO_Biological_Process_GeneRIF_Predicted_zscore,negative_regulation_of_peptidoglycan_recognition_protein_signaling_pathway_(GO:0061060),1/200,0.5919899825931167,0.5919899825931167,0.6153158258446757,0.6153158258446757,-9.71668268743204,5.094122144267308,RabX1
GO_Biological_Process_GeneRIF_Predicted_zscore,MAPK_cascade_(GO:0000165),2/200,0.2235556120827191,0.3499368677534138,0.2445725924537249,0.382835242400092,-3.3921563833575337,5.081772762187774,MEP-1;Rok
GO_Biological_Process_GeneRIF_Predicted_zscore,dorsal_closure_(GO:0007391),2/200,0.2235556120827191,0.3499368677534138,0.2445725924537249,0.382835242400092,-3.3822651062875964,5.066954688751104,MEP-1;Rok
GO_Biological_Process_GeneRIF_Predicted_zscore,dendrite_morphogenesis_(GO:0048813),2/200,0.2235556120827191,0.3499368677534138,0.2445725924537249,0.382835242400092,-3.379210893340256,5.06237918738511,Dsp1;MEP-1
GO_Biological_Process_GeneRIF_Predicted_zscore,negative_regulation_of_TOR_signaling_(GO:0032007),2/200,0.2235556120827191,0.3499368677534138,0.2445725924537249,0.382835242400092,-3.3440228288816543,5.009664121417887,Ubr1;Rok
GO_Biological_Process_GeneRIF_Predicted_zscore,digestive_tract_development_(GO:0048565),2/200,0.2235556120827191,0.3499368677534138,0.2445725924537249,0.382835242400092,-3.3411706429937293,5.005391275794064,MEP-1;Rok
GO_Biological_Process_GeneRIF_Predicted_zscore,endosome_to_lysosome_transport_(GO:0008333),2/200,0.2235556120827191,0.3499368677534138,0.2445725924537249,0.382835242400092,-3.333496773306583,4.99389508943071,MEP-1;Rok
GO_Biological_Process_GeneRIF_Predicted_zscore,endoplasmic_reticulum_organization_(GO:0007029),2/200,0.2235556120827191,0.3499368677534138,0.2445725924537249,0.382835242400092,-3.288371608629174,4.926293302593301,bel;Rok
GO_Biological_Process_GeneRIF_Predicted_zscore,negative_regulation_of_mRNA_processing_(GO:0050686),1/200,0.5919899825931167,0.5919899825931167,0.6153158258446757,0.6153158258446757,-9.37135091311574,4.913076586307578,MEP-1
GO_Biological_Process_GeneRIF_Predicted_zscore,induction_of_programmed_cell_death_by_ecdysone_(GO:0035078),2/200,0.2235556120827191,0.3499368677534138,0.2445725924537249,0.382835242400092,-3.261489833978912,4.886021848456578,Dsp1;robo2
GO_Biological_Process_GeneRIF_Predicted_zscore,eye_photoreceptor_cell_development_(GO:0042462),2/200,0.2235556120827191,0.3499368677534138,0.2445725924537249,0.382835242400092,-3.260115833267752,4.88396346476193,Dsp1;MEP-1
GO_Biological_Process_GeneRIF_Predicted_zscore,eye-antennal_disc_morphogenesis_(GO:0007455),2/200,0.2235556120827191,0.3499368677534138,0.2445725924537249,0.382835242400092,-3.2564297111334866,4.878441303356899,Dsp1;robo2
GO_Biological_Process_GeneRIF_Predicted_zscore,branching_morphogenesis_of_an_epithelial_tube_(GO:0048754),2/200,0.2235556120827191,0.3499368677534138,0.2445725924537249,0.382835242400092,-3.256357283821242,4.87833280035733,Dsp1;robo2
GO_Biological_Process_GeneRIF_Predicted_zscore,cell-cell_adhesion_mediated_by_cadherin_(GO:0044331),2/200,0.2235556120827191,0.3499368677534138,0.2445725924537249,0.382835242400092,-3.2419416289443093,4.856736778823032,Dsp1;robo2
GO_Biological_Process_GeneRIF_Predicted_zscore,lateral_inhibition_(GO:0046331),2/200,0.2235556120827191,0.3499368677534138,0.2445725924537249,0.382835242400092,-3.227632393881032,4.83530018428716,Dsp1;robo2
GO_Biological_Process_GeneRIF_Predicted_zscore,microtubule_severing_(GO:0051013),2/200,0.2235556120827191,0.3499368677534138,0.2445725924537249,0.382835242400092,-3.194449542055622,4.7855891174845215,MEP-1;Pat1
GO_Biological_Process_GeneRIF_Predicted_zscore,positive_regulation_of_DNA_metabolic_process_(GO:0051054),3/200,0.0599066825338914,0.2005231514580909,0.0691858637773741,0.2309798889650876,-1.697765039168343,4.779152930114426,Dsp1;MEP-1;robo2
GO_Biological_Process_GeneRIF_Predicted_zscore,cardioblast_differentiation_(GO:0010002),2/200,0.2235556120827191,0.3499368677534138,0.2445725924537249,0.382835242400092,-3.1845667619481537,4.770783773305456,Dsp1;robo2
GO_Biological_Process_GeneRIF_Predicted_zscore,salivary_gland_development_(GO:0007431),3/200,0.0599066825338914,0.2005231514580909,0.0691858637773741,0.2309798889650876,-1.6877132496100036,4.750857472019611,Dsp1;MEP-1;Rok
GO_Biological_Process_GeneRIF_Predicted_zscore,N-terminal_protein_amino_acid_acetylation_(GO:0006474),2/200,0.2235556120827191,0.3499368677534138,0.2445725924537249,0.382835242400092,-3.1633226130650307,4.738958018549639,MEP-1;Galphai
GO_Biological_Process_GeneRIF_Predicted_zscore,negative_regulation_of_phosphorylation_(GO:0042326),1/200,0.5919899825931167,0.5919899825931167,0.6153158258446757,0.6153158258446757,-9.011134188357923,4.72422736138664,MEP-1
GO_Biological_Process_GeneRIF_Predicted_zscore,regulation_of_developmental_growth_(GO:0048638),2/180,0.1910718965804311,0.3499368677534138,0.2098695681297715,0.382835242400092,-2.848763418565824,4.715004001917775,Dsp1;MEP-1
GO_Biological_Process_GeneRIF_Predicted_zscore,central_nervous_system_neuron_axonogenesis_(GO:0021955),2/200,0.2235556120827191,0.3499368677534138,0.2445725924537249,0.382835242400092,-3.1459588042960904,4.712945382197509,MEP-1;Pat1
GO_Biological_Process_GeneRIF_Predicted_zscore,extracellular_matrix_assembly_(GO:0085029),2/200,0.2235556120827191,0.3499368677534138,0.2445725924537249,0.382835242400092,-3.13505966374304,4.696617433443293,Ubr1;Rok
GO_Biological_Process_GeneRIF_Predicted_zscore,negative_regulation_of_protein_phosphorylation_(GO:0001933),1/200,0.5919899825931167,0.5919899825931167,0.6153158258446757,0.6153158258446757,-8.927026056775818,4.680132364216512,MEP-1
GO_Biological_Process_GeneRIF_Predicted_zscore,retinal_cell_programmed_cell_death_(GO:0046666),3/200,0.0599066825338914,0.2005231514580909,0.0691858637773741,0.2309798889650876,-1.6619431691791342,4.678315540386477,Dsp1;MEP-1;Rok
GO_Biological_Process_GeneRIF_Predicted_zscore,germ-band_extension_(GO:0007377),2/200,0.2235556120827191,0.3499368677534138,0.2445725924537249,0.382835242400092,-3.003700242269865,4.499828531441552,Dsp1;robo2
GO_Biological_Process_GeneRIF_Predicted_zscore,DNA_metabolic_process_(GO:0006259),2/200,0.2235556120827191,0.3499368677534138,0.2445725924537249,0.382835242400092,-2.9968096134390363,4.489505714345428,Dsp1;MEP-1
GO_Biological_Process_GeneRIF_Predicted_zscore,regulation_of_wound_healing_(GO:0061041),3/200,0.0599066825338914,0.2005231514580909,0.0691858637773741,0.2309798889650876,-1.5857931851017262,4.4639558315129895,Dsp1;MEP-1;Rok
GO_Biological_Process_GeneRIF_Predicted_zscore,jump_response_(GO:0007630),2/200,0.2235556120827191,0.3499368677534138,0.2445725924537249,0.382835242400092,-2.979333110228632,4.46332425100587,Ubr1;Rok
GO_Biological_Process_GeneRIF_Predicted_zscore,generation_of_neurons_(GO:0048699),2/200,0.2235556120827191,0.3499368677534138,0.2445725924537249,0.382835242400092,-2.9693287235104533,4.448336728562548,Dsp1;Sxl
GO_Biological_Process_GeneRIF_Predicted_zscore,cellular_response_to_amino_acid_starvation_(GO:0034198),2/200,0.2235556120827191,0.3499368677534138,0.2445725924537249,0.382835242400092,-2.901063272290412,4.346068592485313,MEP-1;Rok
GO_Biological_Process_GeneRIF_Predicted_zscore,cellular_response_to_acid_chemical_(GO:0071229),2/200,0.2235556120827191,0.3499368677534138,0.2445725924537249,0.382835242400092,-2.899249165315015,4.343350887764949,GEFmeso;numb
GO_Biological_Process_GeneRIF_Predicted_zscore,negative_regulation_of_peptidase_activity_(GO:0010466),2/200,0.2235556120827191,0.3499368677534138,0.2445725924537249,0.382835242400092,-2.8978108790407413,4.341196198184984,Dsp1;robo2
GO_Biological_Process_GeneRIF_Predicted_zscore,DNA_catabolic_process_(GO:0006308),2/200,0.2235556120827191,0.3499368677534138,0.2445725924537249,0.382835242400092,-2.860306546623399,4.285011142602775,Dsp1;MEP-1
GO_Biological_Process_GeneRIF_Predicted_zscore,cell_cycle_G2/M_phase_transition_(GO:0044839),2/200,0.2235556120827191,0.3499368677534138,0.2445725924537249,0.382835242400092,-2.830012932947739,4.239628429234816,MEP-1;Rok
GO_Biological_Process_GeneRIF_Predicted_zscore,axon_guidance_(GO:0007411),2/200,0.2235556120827191,0.3499368677534138,0.2445725924537249,0.382835242400092,-2.826425774578884,4.234254524959077,Dsp1;robo2
GO_Biological_Process_GeneRIF_Predicted_zscore,acylglycerol_metabolic_process_(GO:0006639),2/200,0.2235556120827191,0.3499368677534138,0.2445725924537249,0.382835242400092,-2.7828066208597546,4.168908885717011,Ubr1;Rok
GO_Biological_Process_GeneRIF_Predicted_zscore,wing_disc_pattern_formation_(GO:0035222),3/200,0.0599066825338914,0.2005231514580909,0.0691858637773741,0.2309798889650876,-1.4692676968344816,4.135940401911369,Dsp1;robo2;numb
GO_Biological_Process_GeneRIF_Predicted_zscore,acylglycerol_catabolic_process_(GO:0046464),2/200,0.2235556120827191,0.3499368677534138,0.2445725924537249,0.382835242400092,-2.7444564300987926,4.11145665391841,Ubr1;Rok
GO_Biological_Process_GeneRIF_Predicted_zscore,sulfate_transport_(GO:0008272),3/200,0.0599066825338914,0.2005231514580909,0.0691858637773741,0.2309798889650876,-1.456602781753919,4.100289081133454,Dsp1;robo2;Sxl
GO_Biological_Process_GeneRIF_Predicted_zscore,acylglycerol_biosynthetic_process_(GO:0046463),2/200,0.2235556120827191,0.3499368677534138,0.2445725924537249,0.382835242400092,-2.7363641093531417,4.099333588086335,Ubr1;Rok
GO_Biological_Process_GeneRIF_Predicted_zscore,positive_regulation_of_phagocytosis_(GO:0050766),3/200,0.0599066825338914,0.2005231514580909,0.0691858637773741,0.2309798889650876,-1.4465865934023707,4.072093839268696,foxo;Ubr1;Rok
GO_Biological_Process_GeneRIF_Predicted_zscore,negative_regulation_of_lipid_storage_(GO:0010888),2/200,0.2235556120827191,0.3499368677534138,0.2445725924537249,0.382835242400092,-2.6885974598688622,4.0277746058763455,Pat1;Rok
GO_Biological_Process_GeneRIF_Predicted_zscore,cellular_respiration_(GO:0045333),2/200,0.2235556120827191,0.3499368677534138,0.2445725924537249,0.382835242400092,-2.6808156052884256,4.016116647876477,MEP-1;Rok
GO_Biological_Process_GeneRIF_Predicted_zscore,positive_regulation_of_ecdysteroid_metabolic_process_(GO:0045966),3/200,0.0599066825338914,0.2005231514580909,0.0691858637773741,0.2309798889650876,-1.4263479635179757,4.015122759595099,CG11768;Sxl;CG18467
GO_Biological_Process_GeneRIF_Predicted_zscore,activation_of_MAPK_activity_(GO:0000187),1/104,0.3718862428924753,0.5737162014297874,0.3912853982837257,0.6036436589647851,-3.986877625211095,3.943688856956485,MEP-1
GO_Biological_Process_GeneRIF_Predicted_zscore,trunk_segmentation_(GO:0035290),3/200,0.0599066825338914,0.2005231514580909,0.0691858637773741,0.2309798889650876,-1.3987628466507502,3.9374715598930905,Dsp1;robo2;numb
GO_Biological_Process_GeneRIF_Predicted_zscore,mesoderm_morphogenesis_(GO:0048332),2/200,0.2235556120827191,0.3499368677534138,0.2445725924537249,0.382835242400092,-2.6145845633894225,3.916896250378018,Dsp1;robo2
GO_Biological_Process_GeneRIF_Predicted_zscore,mesodermal_cell_differentiation_(GO:0048333),2/200,0.2235556120827191,0.3499368677534138,0.2445725924537249,0.382835242400092,-2.6057162203686,3.903610629399557,Dsp1;robo2
GO_Biological_Process_GeneRIF_Predicted_zscore,regulation_of_apoptotic_signaling_pathway_(GO:2001233),4/200,0.0122414622125937,0.1523646073450994,0.0149162622187849,0.1856567782959446,-0.8856241091062632,3.899337900841791,Dsp1;MEP-1;robo2;Rok
GO_Biological_Process_GeneRIF_Predicted_zscore,steroid_biosynthetic_process_(GO:0006694),3/200,0.0599066825338914,0.2005231514580909,0.0691858637773741,0.2309798889650876,-1.3815327839818643,3.888969498306054,Sxl;GEFmeso;numb
GO_Biological_Process_GeneRIF_Predicted_zscore,convergent_extension_(GO:0060026),2/200,0.2235556120827191,0.3499368677534138,0.2445725924537249,0.382835242400092,-2.595444326288652,3.8882223554957775,Rok;numb
GO_Biological_Process_GeneRIF_Predicted_zscore,courtship_behavior_(GO:0007619),2/200,0.2235556120827191,0.3499368677534138,0.2445725924537249,0.382835242400092,-2.5938619692624263,3.885851834232259,CG11768;Sxl
GO_Biological_Process_GeneRIF_Predicted_zscore,negative_regulation_of_feeding_behavior_(GO:2000252),2/200,0.2235556120827191,0.3499368677534138,0.2445725924537249,0.382835242400092,-2.577152826664945,3.860819950045556,MEP-1;Rok
GO_Biological_Process_GeneRIF_Predicted_zscore,mesodermal_cell_fate_specification_(GO:0007501),2/200,0.2235556120827191,0.3499368677534138,0.2445725924537249,0.382835242400092,-2.5759566641840044,3.859027984927256,Dsp1;robo2
GO_Biological_Process_GeneRIF_Predicted_zscore,leg_disc_morphogenesis_(GO:0007478),2/200,0.2235556120827191,0.3499368677534138,0.2445725924537249,0.382835242400092,-2.555935924776384,3.829035013878025,Dsp1;robo2
GO_Biological_Process_GeneRIF_Predicted_zscore,glial_cell_growth_(GO:0042065),2/200,0.2235556120827191,0.3499368677534138,0.2445725924537249,0.382835242400092,-2.525790704559149,3.783874608018885,Dsp1;robo2
GO_Biological_Process_GeneRIF_Predicted_zscore,imaginal_disc_fusion_(GO:0046528),2/200,0.2235556120827191,0.3499368677534138,0.2445725924537249,0.382835242400092,-2.5232007396721143,3.779994594384336,Dsp1;robo2
GO_Biological_Process_GeneRIF_Predicted_zscore,steroid_metabolic_process_(GO:0008202),3/200,0.0599066825338914,0.2005231514580909,0.0691858637773741,0.2309798889650876,-1.3362126132951484,3.761394703482382,Sxl;GEFmeso;numb
GO_Biological_Process_GeneRIF_Predicted_zscore,glycoprotein_biosynthetic_process_(GO:0009101),2/200,0.2235556120827191,0.3499368677534138,0.2445725924537249,0.382835242400092,-2.5079353240339533,3.7571255504410552,robo2;numb
GO_Biological_Process_GeneRIF_Predicted_zscore,small_GTPase_mediated_signal_transduction_(GO:0007264),3/200,0.0599066825338914,0.2005231514580909,0.0691858637773741,0.2309798889650876,-1.3311080502053236,3.7470255257193386,MEP-1;Galphai;Pat1
GO_Biological_Process_GeneRIF_Predicted_zscore,cofactor_biosynthetic_process_(GO:0051188),2/200,0.2235556120827191,0.3499368677534138,0.2445725924537249,0.382835242400092,-2.5009034066749054,3.746591069697041,Dsp1;MEP-1
GO_Biological_Process_GeneRIF_Predicted_zscore,positive_regulation_of_protein_kinase_activity_(GO:0045860),3/200,0.0599066825338914,0.2005231514580909,0.0691858637773741,0.2309798889650876,-1.3250829628942349,3.730065102449526,Dsp1;MEP-1;robo2
GO_Biological_Process_GeneRIF_Predicted_zscore,axonal_fasciculation_(GO:0007413),2/200,0.2235556120827191,0.3499368677534138,0.2445725924537249,0.382835242400092,-2.488967266721932,3.728709597251881,Dsp1;Sxl
GO_Biological_Process_GeneRIF_Predicted_zscore,negative_regulation_of_protein_serine/threonine_kinase_activity_(GO:0071901),2/200,0.2235556120827191,0.3499368677534138,0.2445725924537249,0.382835242400092,-2.4856541212024337,3.7237461902754942,Dsp1;MEP-1
GO_Biological_Process_GeneRIF_Predicted_zscore,regulation_of_immune_response_(GO:0050776),2/166,0.1687613652708242,0.3499368677534138,0.1859396166379168,0.382835242400092,-2.0887318854764847,3.716417150022487,MEP-1;Rok
GO_Biological_Process_GeneRIF_Predicted_zscore,glycoprotein_metabolic_process_(GO:0009100),2/200,0.2235556120827191,0.3499368677534138,0.2445725924537249,0.382835242400092,-2.4632766983015517,3.69022268329817,robo2;numb
GO_Biological_Process_GeneRIF_Predicted_zscore,imaginal_disc_pattern_formation_(GO:0007447),2/200,0.2235556120827191,0.3499368677534138,0.2445725924537249,0.382835242400092,-2.457061848859973,3.680912247975005,Dsp1;robo2
GO_Biological_Process_GeneRIF_Predicted_zscore,glycolipid_biosynthetic_process_(GO:0009247),2/200,0.2235556120827191,0.3499368677534138,0.2445725924537249,0.382835242400092,-2.4567075253311623,3.6803814376425135,robo2;CG32982
GO_Biological_Process_GeneRIF_Predicted_zscore,eye_morphogenesis_(GO:0048592),2/200,0.2235556120827191,0.3499368677534138,0.2445725924537249,0.382835242400092,-2.4547094373380958,3.677388111866192,Dsp1;robo2
GO_Biological_Process_GeneRIF_Predicted_zscore,inositol_metabolic_process_(GO:0006020),2/200,0.2235556120827191,0.3499368677534138,0.2445725924537249,0.382835242400092,-2.4393821407218748,3.6544263643346144,Sxl;CG32982
GO_Biological_Process_GeneRIF_Predicted_zscore,torso_signaling_pathway_(GO:0008293),3/200,0.0599066825338914,0.2005231514580909,0.0691858637773741,0.2309798889650876,-1.2969709952347104,3.6509308350381113,Dsp1;MEP-1;Rok
GO_Biological_Process_GeneRIF_Predicted_zscore,glycolipid_metabolic_process_(GO:0006664),2/200,0.2235556120827191,0.3499368677534138,0.2445725924537249,0.382835242400092,-2.4366540933049428,3.6503394899424615,robo2;CG32982
GO_Biological_Process_GeneRIF_Predicted_zscore,positive_regulation_of_TOR_signaling_(GO:0032008),3/200,0.0599066825338914,0.2005231514580909,0.0691858637773741,0.2309798889650876,-1.2760610290958223,3.5920699658154707,MEP-1;Pat1;Rok
GO_Biological_Process_GeneRIF_Predicted_zscore,cell-cell_junction_organization_(GO:0045216),2/200,0.2235556120827191,0.3499368677534138,0.2445725924537249,0.382835242400092,-2.39732227091504,3.5914166806377854,Dsp1;Sxl
GO_Biological_Process_GeneRIF_Predicted_zscore,G1/S_transition_of_mitotic_cell_cycle_(GO:0000082),2/200,0.2235556120827191,0.3499368677534138,0.2445725924537249,0.382835242400092,-2.387437669935524,3.576608608619277,MEP-1;Rok
GO_Biological_Process_GeneRIF_Predicted_zscore,muscle_cell_fate_specification_(GO:0042694),2/200,0.2235556120827191,0.3499368677534138,0.2445725924537249,0.382835242400092,-2.3649186003229787,3.542872901401212,Dsp1;robo2
GO_Biological_Process_GeneRIF_Predicted_zscore,establishment_of_epithelial_cell_planar_polarity_(GO:0090163),2/200,0.2235556120827191,0.3499368677534138,0.2445725924537249,0.382835242400092,-2.3553737783775133,3.528573850679267,Dsp1;robo2
GO_Biological_Process_GeneRIF_Predicted_zscore,heparan_sulfate_proteoglycan_biosynthetic_process_(GO:0015012),2/200,0.2235556120827191,0.3499368677534138,0.2445725924537249,0.382835242400092,-2.3514514992788675,3.5226979036896218,Dsp1;robo2
GO_Biological_Process_GeneRIF_Predicted_zscore,establishment_of_protein_localization_to_membrane_(GO:0090150),2/200,0.2235556120827191,0.3499368677534138,0.2445725924537249,0.382835242400092,-2.33714809851433,3.501270049487942,Dsp1;robo2
GO_Biological_Process_GeneRIF_Predicted_zscore,heparan_sulfate_proteoglycan_metabolic_process_(GO:0030201),2/200,0.2235556120827191,0.3499368677534138,0.2445725924537249,0.382835242400092,-2.3320352688119472,3.4936105445055814,Dsp1;robo2
GO_Biological_Process_GeneRIF_Predicted_zscore,cellular_response_to_sterol_(GO:0036315),2/200,0.2235556120827191,0.3499368677534138,0.2445725924537249,0.382835242400092,-2.326298852881117,3.4850168480672643,Ubr1;Rok
GO_Biological_Process_GeneRIF_Predicted_zscore,sterol_transport_(GO:0015918),3/200,0.0599066825338914,0.2005231514580909,0.0691858637773741,0.2309798889650876,-1.2186771317893292,3.430536176023184,robo2;Rok;numb
GO_Biological_Process_GeneRIF_Predicted_zscore,pteridine_metabolic_process_(GO:0019889),4/200,0.0122414622125937,0.1523646073450994,0.0149162622187849,0.1856567782959446,-0.7755706464130538,3.414780588336403,Pdh;ninaE;Cyp4d2;Arr2
GO_Biological_Process_GeneRIF_Predicted_zscore,histone_ubiquitination_(GO:0016574),1/200,0.5919899825931167,0.5919899825931167,0.6153158258446757,0.6153158258446757,-6.487414571240987,3.4011280690627426,MEP-1
GO_Biological_Process_GeneRIF_Predicted_zscore,regulation_of_neuron_death_(GO:1901214),2/145,0.1363001805524813,0.3499368677534138,0.1509740574201526,0.382835242400092,-1.7065774150126558,3.401030648079166,Dsp1;robo2
GO_Biological_Process_GeneRIF_Predicted_zscore,intracellular_mRNA_localization_(GO:0008298),1/200,0.5919899825931167,0.5919899825931167,0.6153158258446757,0.6153158258446757,-6.317002675973971,3.311786980416398,MEP-1
GO_Biological_Process_GeneRIF_Predicted_zscore,regulation_of_calcium_ion_transport_(GO:0051924),4/200,0.0122414622125937,0.1523646073450994,0.0149162622187849,0.1856567782959446,-0.7383856830842824,3.2510579261387638,Pdh;ninaE;trpl;Arr1
GO_Biological_Process_GeneRIF_Predicted_zscore,larval_lymph_gland_hemopoiesis_(GO:0035167),1/200,0.5919899825931167,0.5919899825931167,0.6153158258446757,0.6153158258446757,-6.172863843743298,3.236219954021184,Galphai
GO_Biological_Process_GeneRIF_Predicted_zscore,response_to_UV_(GO:0009411),3/200,0.0599066825338914,0.2005231514580909,0.0691858637773741,0.2309798889650876,-1.1475176485804763,3.2302245634989863,Rac2;fru;CG42524
GO_Biological_Process_GeneRIF_Predicted_zscore,negative_regulation_of_DNA_recombination_(GO:0045910),1/190,0.573193815249903,0.5919899825931167,0.5963869076249433,0.6153158258446757,-5.7824222185863166,3.218099376288869,MEP-1
GO_Biological_Process_GeneRIF_Predicted_zscore,engulfment_of_apoptotic_cell_(GO:0043652),2/200,0.2235556120827191,0.3499368677534138,0.2445725924537249,0.382835242400092,-2.1406593190678547,3.2069111772480072,Rac2;Rok
GO_Biological_Process_GeneRIF_Predicted_zscore,glial_cell_migration_(GO:0008347),2/200,0.2235556120827191,0.3499368677534138,0.2445725924537249,0.382835242400092,-2.140408061764441,3.206534769919898,robo2;Sxl
GO_Biological_Process_GeneRIF_Predicted_zscore,RNA_transport_(GO:0050658),2/200,0.2235556120827191,0.3499368677534138,0.2445725924537249,0.382835242400092,-2.055980546888127,3.0800543259219144,MEP-1;Rok
GO_Biological_Process_GeneRIF_Predicted_zscore,multivesicular_body_sorting_pathway_(GO:0071985),1/156,0.50265203214487,0.5919899825931167,0.5249726784611348,0.6153158258446757,-4.432750140132249,3.049098803921538,Rok
GO_Biological_Process_GeneRIF_Predicted_zscore,membrane_fusion_(GO:0061025),1/99,0.357649320344663,0.5524173839540458,0.3766436823704701,0.581755663613184,-2.903674117089421,2.98556447755425,Pat1
GO_Biological_Process_GeneRIF_Predicted_zscore,inner_mitochondrial_membrane_organization_(GO:0007007),1/200,0.5919899825931167,0.5919899825931167,0.6153158258446757,0.6153158258446757,-5.622144925221933,2.947496988750816,ox
GO_Biological_Process_GeneRIF_Predicted_zscore,carboxylic_acid_transport_(GO:0046942),1/200,0.5919899825931167,0.5919899825931167,0.6153158258446757,0.6153158258446757,-5.619588557364679,2.9461567731104124,CG17124
GO_Biological_Process_GeneRIF_Predicted_zscore,positive_regulation_of_BMP_signaling_pathway_(GO:0030513),3/200,0.0599066825338914,0.2005231514580909,0.0691858637773741,0.2309798889650876,-1.0352437341414726,2.9141771748512477,Dsp1;robo2;numb
GO_Biological_Process_GeneRIF_Predicted_zscore,motor_neuron_axon_guidance_(GO:0008045),2/200,0.2235556120827191,0.3499368677534138,0.2445725924537249,0.382835242400092,-1.940761278225643,2.9074449073111293,Dsp1;robo2
GO_Biological_Process_GeneRIF_Predicted_zscore,chondroitin_sulfate_proteoglycan_biosynthetic_process_(GO:0050650),2/200,0.2235556120827191,0.3499368677534138,0.2445725924537249,0.382835242400092,-1.9041956738041188,2.852666155513633,Dsp1;robo2
GO_Biological_Process_GeneRIF_Predicted_zscore,muscle_fiber_development_(GO:0048747),2/200,0.2235556120827191,0.3499368677534138,0.2445725924537249,0.382835242400092,-1.9030184422503944,2.850902550724109,Dsp1;Sxl
GO_Biological_Process_GeneRIF_Predicted_zscore,regulation_of_cell_migration_(GO:0030334),4/200,0.0122414622125937,0.1523646073450994,0.0149162622187849,0.1856567782959446,-0.6444318397650453,2.8373860551751706,Dsp1;MEP-1;robo2;Rok
GO_Biological_Process_GeneRIF_Predicted_zscore,positive_regulation_of_hh_target_transcription_factor_activity_(GO:0007228),3/200,0.0599066825338914,0.2005231514580909,0.0691858637773741,0.2309798889650876,-1.0078322227411838,2.8370146688476323,Dsp1;MEP-1;Galphai
GO_Biological_Process_GeneRIF_Predicted_zscore,regulation_of_cell_proliferation_(GO:0042127),4/200,0.0122414622125937,0.1523646073450994,0.0149162622187849,0.1856567782959446,-0.6375230513535158,2.806967167268924,Dsp1;MEP-1;robo2;Rok
GO_Biological_Process_GeneRIF_Predicted_zscore,compound_eye_development_(GO:0048749),2/200,0.2235556120827191,0.3499368677534138,0.2445725924537249,0.382835242400092,-1.861170413156779,2.7882102245558547,Dsp1;robo2
GO_Biological_Process_GeneRIF_Predicted_zscore,compound_eye_morphogenesis_(GO:0001745),2/200,0.2235556120827191,0.3499368677534138,0.2445725924537249,0.382835242400092,-1.840246751286914,2.7568645898153177,Dsp1;robo2
GO_Biological_Process_GeneRIF_Predicted_zscore,compound_eye_retinal_cell_programmed_cell_death_(GO:0046667),2/200,0.2235556120827191,0.3499368677534138,0.2445725924537249,0.382835242400092,-1.8365880354351105,2.751383485626991,Dsp1;numb
GO_Biological_Process_GeneRIF_Predicted_zscore,dendrite_guidance_(GO:0070983),2/200,0.2235556120827191,0.3499368677534138,0.2445725924537249,0.382835242400092,-1.8109803986303423,2.713020811117963,Dsp1;robo2
GO_Biological_Process_GeneRIF_Predicted_zscore,central_nervous_system_development_(GO:0007417),2/200,0.2235556120827191,0.3499368677534138,0.2445725924537249,0.382835242400092,-1.7815159080688905,2.668880203001682,Dsp1;Sxl
GO_Biological_Process_GeneRIF_Predicted_zscore,hexose_metabolic_process_(GO:0019318),1/200,0.5919899825931167,0.5919899825931167,0.6153158258446757,0.6153158258446757,-5.084779301063611,2.6657746959014657,Pat1
GO_Biological_Process_GeneRIF_Predicted_zscore,heterochromatin_organization_(GO:0070828),1/200,0.5919899825931167,0.5919899825931167,0.6153158258446757,0.6153158258446757,-5.0742283811092,2.660243211884634,MEP-1
GO_Biological_Process_GeneRIF_Predicted_zscore,cuticle_pattern_formation_(GO:0035017),2/200,0.2235556120827191,0.3499368677534138,0.2445725924537249,0.382835242400092,-1.7709206002719673,2.6530074246022064,Dsp1;robo2
GO_Biological_Process_GeneRIF_Predicted_zscore,histone_modification_(GO:0016570),1/200,0.5919899825931167,0.5919899825931167,0.6153158258446757,0.6153158258446757,-5.05884661356855,2.652179080825981,MEP-1
GO_Biological_Process_GeneRIF_Predicted_zscore,hexose_biosynthetic_process_(GO:0019319),1/200,0.5919899825931167,0.5919899825931167,0.6153158258446757,0.6153158258446757,-5.056509966647984,2.650954057306711,Pat1
GO_Biological_Process_GeneRIF_Predicted_zscore,heart_morphogenesis_(GO:0003007),2/200,0.2235556120827191,0.3499368677534138,0.2445725924537249,0.382835242400092,-1.763029176989544,2.6411853222698194,Dsp1;robo2
GO_Biological_Process_GeneRIF_Predicted_zscore,histone_acetylation_(GO:0016573),1/200,0.5919899825931167,0.5919899825931167,0.6153158258446757,0.6153158258446757,-5.00912574834043,2.626112143298186,MEP-1
GO_Biological_Process_GeneRIF_Predicted_zscore,histone_deacetylation_(GO:0016575),1/200,0.5919899825931167,0.5919899825931167,0.6153158258446757,0.6153158258446757,-4.956677263251662,2.59861520860158,MEP-1
GO_Biological_Process_GeneRIF_Predicted_zscore,anion_transmembrane_transport_(GO:0098656),1/200,0.5919899825931167,0.5919899825931167,0.6153158258446757,0.6153158258446757,-4.945572505823895,2.5927933666685634,CG3961
GO_Biological_Process_GeneRIF_Predicted_zscore,histone_H3_acetylation_(GO:0043966),1/200,0.5919899825931167,0.5919899825931167,0.6153158258446757,0.6153158258446757,-4.945188404803946,2.5925919957301167,MEP-1
GO_Biological_Process_GeneRIF_Predicted_zscore,histone_H4_acetylation_(GO:0043967),1/200,0.5919899825931167,0.5919899825931167,0.6153158258446757,0.6153158258446757,-4.941331258351158,2.590569826663688,MEP-1
GO_Biological_Process_GeneRIF_Predicted_zscore,histone_demethylation_(GO:0016577),1/200,0.5919899825931167,0.5919899825931167,0.6153158258446757,0.6153158258446757,-4.9230691388675085,2.580995626264693,MEP-1
GO_Biological_Process_GeneRIF_Predicted_zscore,histone_exchange_(GO:0043486),1/200,0.5919899825931167,0.5919899825931167,0.6153158258446757,0.6153158258446757,-4.893887310825965,2.565696598683098,MEP-1
GO_Biological_Process_GeneRIF_Predicted_zscore,anion_transport_(GO:0006820),1/200,0.5919899825931167,0.5919899825931167,0.6153158258446757,0.6153158258446757,-4.891369703183629,2.5643767036886898,Ubr1
GO_Biological_Process_GeneRIF_Predicted_zscore,histone_methylation_(GO:0016571),1/200,0.5919899825931167,0.5919899825931167,0.6153158258446757,0.6153158258446757,-4.838010546655584,2.536402335314952,MEP-1
GO_Biological_Process_GeneRIF_Predicted_zscore,histone_lysine_demethylation_(GO:0070076),1/200,0.5919899825931167,0.5919899825931167,0.6153158258446757,0.6153158258446757,-4.830228288257067,2.532322365214501,MEP-1
GO_Biological_Process_GeneRIF_Predicted_zscore,histone_lysine_methylation_(GO:0034968),1/200,0.5919899825931167,0.5919899825931167,0.6153158258446757,0.6153158258446757,-4.82184390675102,2.527926722702558,MEP-1
GO_Biological_Process_GeneRIF_Predicted_zscore,hemocyte_migration_(GO:0035099),1/200,0.5919899825931167,0.5919899825931167,0.6153158258446757,0.6153158258446757,-4.763373327231179,2.497272611263329,Pat1
GO_Biological_Process_GeneRIF_Predicted_zscore,heart_contraction_(GO:0060047),1/200,0.5919899825931167,0.5919899825931167,0.6153158258446757,0.6153158258446757,-4.682428965012256,2.4548362694276173,Rac2
GO_Biological_Process_GeneRIF_Predicted_zscore,embryonic_organ_development_(GO:0048568),2/200,0.2235556120827191,0.3499368677534138,0.2445725924537249,0.382835242400092,-1.571257318018729,2.3538928453506367,Dsp1;robo2
GO_Biological_Process_GeneRIF_Predicted_zscore,response_to_insecticide_(GO:0017085),3/200,0.0599066825338914,0.2005231514580909,0.0691858637773741,0.2309798889650876,-0.8322541509170688,2.3427681523608137,robo2;GEFmeso;CG32982
GO_Biological_Process_GeneRIF_Predicted_zscore,transmembrane_receptor_protein_tyrosine_kinase_signaling_pathway_(GO:0007169),2/154,0.1500384277419919,0.3499368677534138,0.1657945543832106,0.382835242400092,-1.2335347685310314,2.339847488864958,Dsp1;MEP-1
GO_Biological_Process_GeneRIF_Predicted_zscore,circulatory_system_development_(GO:0072359),2/200,0.2235556120827191,0.3499368677534138,0.2445725924537249,0.382835242400092,-1.539678199046352,2.3065843228323226,Dsp1;robo2
GO_Biological_Process_GeneRIF_Predicted_zscore,sensory_organ_development_(GO:0007423),3/200,0.0599066825338914,0.2005231514580909,0.0691858637773741,0.2309798889650876,-0.817189196295224,2.3003607989508867,Dsp1;robo2;numb
GO_Biological_Process_GeneRIF_Predicted_zscore,positive_regulation_of_Wnt_protein_secretion_(GO:0061357),3/200,0.0599066825338914,0.2005231514580909,0.0691858637773741,0.2309798889650876,-0.7847734808385546,2.209111622573462,Dsp1;MEP-1;robo2
GO_Biological_Process_GeneRIF_Predicted_zscore,positive_regulation_of_neuron_differentiation_(GO:0045666),3/200,0.0599066825338914,0.2005231514580909,0.0691858637773741,0.2309798889650876,-0.7746976295473778,2.1807484314894867,Dsp1;Sxl;numb
GO_Biological_Process_GeneRIF_Predicted_zscore,sensory_organ_morphogenesis_(GO:0090596),3/200,0.0599066825338914,0.2005231514580909,0.0691858637773741,0.2309798889650876,-0.7481898456125075,2.1061298886755573,Dsp1;robo2;numb
GO_Biological_Process_GeneRIF_Predicted_zscore,negative_regulation_of_Toll_signaling_pathway_(GO:0045751),1/200,0.5919899825931167,0.5919899825931167,0.6153158258446757,0.6153158258446757,-3.959264742346551,2.075706169255867,Pat1
GO_Biological_Process_GeneRIF_Predicted_zscore,membrane_assembly_(GO:0071709),1/148,0.4844458655132954,0.5919899825931167,0.5064540991938472,0.6153158258446757,-2.8166531436792464,2.0413682014224093,MEP-1
GO_Biological_Process_GeneRIF_Predicted_zscore,glutamate_receptor_clustering_(GO:0097688),1/200,0.5919899825931167,0.5919899825931167,0.6153158258446757,0.6153158258446757,-3.862952227821984,2.0252128343603824,Sxl
GO_Biological_Process_GeneRIF_Predicted_zscore,positive_regulation_of_neurogenesis_(GO:0050769),3/200,0.0599066825338914,0.2005231514580909,0.0691858637773741,0.2309798889650876,-0.7182179615218145,2.021760017481101,Dsp1;Sxl;numb
GO_Biological_Process_GeneRIF_Predicted_zscore,mitotic_cell_cycle_phase_transition_(GO:0044772),1/200,0.5919899825931167,0.5919899825931167,0.6153158258446757,0.6153158258446757,-3.8326350045507263,2.009318558156574,MEP-1
GO_Biological_Process_GeneRIF_Predicted_zscore,glycerol-3-phosphate_metabolic_process_(GO:0006072),1/200,0.5919899825931167,0.5919899825931167,0.6153158258446757,0.6153158258446757,-3.821602532695816,2.003534613060292,Cyp4d2
GO_Biological_Process_GeneRIF_Predicted_zscore,"mitotic_cell_cycle,_embryonic_(GO:0045448)",1/200,0.5919899825931167,0.5919899825931167,0.6153158258446757,0.6153158258446757,-3.7866484131134017,1.9852093717895796,MEP-1
GO_Biological_Process_GeneRIF_Predicted_zscore,mitotic_chromosome_condensation_(GO:0007076),1/200,0.5919899825931167,0.5919899825931167,0.6153158258446757,0.6153158258446757,-3.781078218921104,1.982289110781205,MEP-1
GO_Biological_Process_GeneRIF_Predicted_zscore,glutamate_biosynthetic_process_(GO:0006537),1/200,0.5919899825931167,0.5919899825931167,0.6153158258446757,0.6153158258446757,-3.765188798489037,1.9739588347923365,CG11768
GO_Biological_Process_GeneRIF_Predicted_zscore,mitotic_nuclear_division_(GO:0140014),1/200,0.5919899825931167,0.5919899825931167,0.6153158258446757,0.6153158258446757,-3.751820076677283,1.9669500742911947,MEP-1
GO_Biological_Process_GeneRIF_Predicted_zscore,negative_regulation_of_cell_cycle_(GO:0045786),1/200,0.5919899825931167,0.5919899825931167,0.6153158258446757,0.6153158258446757,-3.749268887526331,1.96561257366818,MEP-1
GO_Biological_Process_GeneRIF_Predicted_zscore,lipid_transport_(GO:0006869),1/108,0.3830507590466055,0.5888142363282353,0.4027564162291108,0.6153158258446757,-2.036191422441212,1.9539043831669325,Pat1
GO_Biological_Process_GeneRIF_Predicted_zscore,segmentation_(GO:0035282),3/200,0.0599066825338914,0.2005231514580909,0.0691858637773741,0.2309798889650876,-0.691269263418804,1.945900315737648,robo2;Sxl;numb
GO_Biological_Process_GeneRIF_Predicted_zscore,negative_regulation_of_cell_cycle_process_(GO:0010948),1/200,0.5919899825931167,0.5919899825931167,0.6153158258446757,0.6153158258446757,-3.710861162392731,1.9454767259300343,MEP-1
GO_Biological_Process_GeneRIF_Predicted_zscore,glutamate_catabolic_process_(GO:0006538),1/200,0.5919899825931167,0.5919899825931167,0.6153158258446757,0.6153158258446757,-3.70129167829186,1.9404597749359969,CG11768
GO_Biological_Process_GeneRIF_Predicted_zscore,glutamate_metabolic_process_(GO:0006536),1/200,0.5919899825931167,0.5919899825931167,0.6153158258446757,0.6153158258446757,-3.686627120428583,1.93277165221446,CG11768
GO_Biological_Process_GeneRIF_Predicted_zscore,negative_regulation_of_immune_response_(GO:0050777),1/136,0.4558942149780401,0.5919899825931167,0.4773471474835681,0.6153158258446757,-2.4426820231926194,1.918713248245375,Rac2
GO_Biological_Process_GeneRIF_Predicted_zscore,mitotic_DNA_replication_checkpoint_(GO:0033314),1/200,0.5919899825931167,0.5919899825931167,0.6153158258446757,0.6153158258446757,-3.6561633215243856,1.9168005314535543,MEP-1
GO_Biological_Process_GeneRIF_Predicted_zscore,positive_regulation_of_hemocyte_differentiation_(GO:0045612),3/200,0.0599066825338914,0.2005231514580909,0.0691858637773741,0.2309798889650876,-0.6728778786013115,1.8941291703720693,Dsp1;MEP-1;Galphai
GO_Biological_Process_GeneRIF_Predicted_zscore,mitotic_sister_chromatid_segregation_(GO:0000070),1/200,0.5919899825931167,0.5919899825931167,0.6153158258446757,0.6153158258446757,-3.58706198737966,1.8805730814288288,MEP-1
GO_Biological_Process_GeneRIF_Predicted_zscore,mitotic_spindle_assembly_(GO:0090307),1/200,0.5919899825931167,0.5919899825931167,0.6153158258446757,0.6153158258446757,-3.5631128629588766,1.8680173801702575,MEP-1
GO_Biological_Process_GeneRIF_Predicted_zscore,R8_cell_development_(GO:0045463),2/200,0.2235556120827191,0.3499368677534138,0.2445725924537249,0.382835242400092,-1.2209859518880983,1.8291530378022864,Dsp1;robo2
GO_Biological_Process_GeneRIF_Predicted_zscore,glucose_homeostasis_(GO:0042593),1/200,0.5919899825931167,0.5919899825931167,0.6153158258446757,0.6153158258446757,-3.4770289008013933,1.822886523066124,Hex-A
GO_Biological_Process_GeneRIF_Predicted_zscore,skeletal_muscle_tissue_development_(GO:0007519),3/200,0.0599066825338914,0.2005231514580909,0.0691858637773741,0.2309798889650876,-0.6413077153810667,1.805260195821779,Dsp1;Sxl;CG32982
GO_Biological_Process_GeneRIF_Predicted_zscore,germarium-derived_oocyte_differentiation_(GO:0030706),1/200,0.5919899825931167,0.5919899825931167,0.6153158258446757,0.6153158258446757,-3.425861412654013,1.7960611709554448,MEP-1
GO_Biological_Process_GeneRIF_Predicted_zscore,positive_regulation_of_kinase_activity_(GO:0033674),3/200,0.0599066825338914,0.2005231514580909,0.0691858637773741,0.2309798889650876,-0.6371227154199743,1.793479558121535,Dsp1;MEP-1;robo2
GO_Biological_Process_GeneRIF_Predicted_zscore,positive_regulation_of_insulin_receptor_signaling_pathway_(GO:0046628),3/200,0.0599066825338914,0.2005231514580909,0.0691858637773741,0.2309798889650876,-0.6350991185328272,1.78778319922059,CG11768;fru;Pat1
GO_Biological_Process_GeneRIF_Predicted_zscore,germline_stem_cell_asymmetric_division_(GO:0098728),1/200,0.5919899825931167,0.5919899825931167,0.6153158258446757,0.6153158258446757,-3.40975236365384,1.7876157512711106,MEP-1
GO_Biological_Process_GeneRIF_Predicted_zscore,germ-line_stem-cell_niche_homeostasis_(GO:0060250),1/200,0.5919899825931167,0.5919899825931167,0.6153158258446757,0.6153158258446757,-3.406855413749231,1.7860969801910394,MEP-1
GO_Biological_Process_GeneRIF_Predicted_zscore,mitotic_spindle_assembly_checkpoint_(GO:0007094),1/200,0.5919899825931167,0.5919899825931167,0.6153158258446757,0.6153158258446757,-3.386758248474552,1.775560728472625,MEP-1
GO_Biological_Process_GeneRIF_Predicted_zscore,regulation_of_peptidase_activity_(GO:0052547),2/200,0.2235556120827191,0.3499368677534138,0.2445725924537249,0.382835242400092,-1.1743940283345842,1.7593539067204138,MEP-1;Rok
GO_Biological_Process_GeneRIF_Predicted_zscore,mitotic_spindle_elongation_(GO:0000022),1/200,0.5919899825931167,0.5919899825931167,0.6153158258446757,0.6153158258446757,-3.354062376683242,1.758419408757238,MEP-1
GO_Biological_Process_GeneRIF_Predicted_zscore,R7_cell_differentiation_(GO:0045466),2/200,0.2235556120827191,0.3499368677534138,0.2445725924537249,0.382835242400092,-1.1653891500010551,1.7458637428628003,Dsp1;robo2
GO_Biological_Process_GeneRIF_Predicted_zscore,ring_gland_development_(GO:0035271),2/127,0.1098000307437451,0.3499368677534138,0.1222856995062368,0.382835242400092,-0.7900543382659462,1.7453046695909689,Dsp1;MEP-1
GO_Biological_Process_GeneRIF_Predicted_zscore,mitotic_spindle_organization_(GO:0007052),1/200,0.5919899825931167,0.5919899825931167,0.6153158258446757,0.6153158258446757,-3.3159868243217656,1.7384577077653265,MEP-1
GO_Biological_Process_GeneRIF_Predicted_zscore,genitalia_development_(GO:0048806),1/200,0.5919899825931167,0.5919899825931167,0.6153158258446757,0.6153158258446757,-3.2699829609981883,1.7143394663431175,MEP-1
GO_Biological_Process_GeneRIF_Predicted_zscore,negative_regulation_of_DNA_replication_(GO:0008156),1/200,0.5919899825931167,0.5919899825931167,0.6153158258446757,0.6153158258446757,-3.240453129813298,1.6988579926967673,MEP-1
GO_Biological_Process_GeneRIF_Predicted_zscore,sensory_organ_precursor_cell_division_(GO:0045035),3/200,0.0599066825338914,0.2005231514580909,0.0691858637773741,0.2309798889650876,-0.5881440427467473,1.6556062001367151,Dsp1;MEP-1;robo2
GO_Biological_Process_GeneRIF_Predicted_zscore,response_to_ecdysone_(GO:0035075),2/128,0.111233233910666,0.3499368677534138,0.1238408716748044,0.382835242400092,-0.6880571978534867,1.511060353788832,Pat1;Rok
GO_Biological_Process_GeneRIF_Predicted_zscore,renal_tubule_development_(GO:0061326),3/200,0.0599066825338914,0.2005231514580909,0.0691858637773741,0.2309798889650876,-0.535553240498299,1.5075648158083752,robo2;GEFmeso;CG32982
GO_Biological_Process_GeneRIF_Predicted_zscore,regulation_of_cell_maturation_(GO:1903429),3/173,0.0420760497916072,0.2005231514580909,0.049023853210228,0.2309798889650876,-0.471043132168043,1.49239492793133,Dsp1;MEP-1;Rok
GO_Biological_Process_GeneRIF_Predicted_zscore,amino_acid_transport_(GO:0006865),1/120,0.4153803634056578,0.5919899825931167,0.4359172007538387,0.6153158258446757,-1.6928055260676658,1.4872323066980562,MEP-1
GO_Biological_Process_GeneRIF_Predicted_zscore,mitochondrial_DNA_metabolic_process_(GO:0032042),1/200,0.5919899825931167,0.5919899825931167,0.6153158258446757,0.6153158258446757,-2.83013161762183,1.4837405530558296,MEP-1
GO_Biological_Process_GeneRIF_Predicted_zscore,mitochondrial_protein_processing_(GO:0034982),1/200,0.5919899825931167,0.5919899825931167,0.6153158258446757,0.6153158258446757,-2.821677381316122,1.4793082880778368,Galphai
GO_Biological_Process_GeneRIF_Predicted_zscore,galactose_catabolic_process_(GO:0019388),1/200,0.5919899825931167,0.5919899825931167,0.6153158258446757,0.6153158258446757,-2.8175229170332114,1.4771302455110549,Galphai
GO_Biological_Process_GeneRIF_Predicted_zscore,R8_cell_fate_specification_(GO:0045464),2/200,0.2235556120827191,0.3499368677534138,0.2445725924537249,0.382835242400092,-0.975215019871716,1.460964815647814,Dsp1;robo2
GO_Biological_Process_GeneRIF_Predicted_zscore,R8_cell_differentiation_(GO:0045465),2/200,0.2235556120827191,0.3499368677534138,0.2445725924537249,0.382835242400092,-0.9693326333721748,1.4521524414198188,Dsp1;robo2
GO_Biological_Process_GeneRIF_Predicted_zscore,activation_of_protein_kinase_activity_(GO:0032147),1/200,0.5919899825931167,0.5919899825931167,0.6153158258446757,0.6153158258446757,-2.7615681527680573,1.4477950893791105,MEP-1
GO_Biological_Process_GeneRIF_Predicted_zscore,positive_regulation_of_intracellular_protein_transport_(GO:0090316),3/200,0.0599066825338914,0.2005231514580909,0.0691858637773741,0.2309798889650876,-0.5119356920010852,1.4410821910054346,Dsp1;MEP-1;Rok
GO_Biological_Process_GeneRIF_Predicted_zscore,male_gonad_development_(GO:0008584),1/195,0.5826965239755417,0.5919899825931167,0.6059623724756952,0.6153158258446757,-2.620484091930029,1.4152940306090322,MEP-1
GO_Biological_Process_GeneRIF_Predicted_zscore,regulation_of_peptide_hormone_secretion_(GO:0090276),2/200,0.2235556120827191,0.3499368677534138,0.2445725924537249,0.382835242400092,-0.9398149944536304,1.4079322120116802,MEP-1;Rok
GO_Biological_Process_GeneRIF_Predicted_zscore,TORC1_signaling_(GO:0038202),2/200,0.2235556120827191,0.3499368677534138,0.2445725924537249,0.382835242400092,-0.9268001170929758,1.388434688371828,MEP-1;Rok
GO_Biological_Process_GeneRIF_Predicted_zscore,acyl-CoA_biosynthetic_process_(GO:0071616),1/200,0.5919899825931167,0.5919899825931167,0.6153158258446757,0.6153158258446757,-2.588989370685644,1.3573179765910373,Cyp4d2
GO_Biological_Process_GeneRIF_Predicted_zscore,acyl-CoA_metabolic_process_(GO:0006637),1/200,0.5919899825931167,0.5919899825931167,0.6153158258446757,0.6153158258446757,-2.565647826647824,1.3450808088055497,Cyp4d2
GO_Biological_Process_GeneRIF_Predicted_zscore,N-acetylglucosamine_metabolic_process_(GO:0006044),1/108,0.3830507590466055,0.5888142363282353,0.4027564162291108,0.6153158258446757,-1.388378219309469,1.332270757210988,Galphai
GO_Biological_Process_GeneRIF_Predicted_zscore,L-phenylalanine_catabolic_process_(GO:0006559),1/115,0.4021184777564578,0.5919899825931167,0.4223247060226253,0.6153158258446757,-1.4286324581083412,1.3014963312813106,MEP-1
GO_Biological_Process_GeneRIF_Predicted_zscore,L-phenylalanine_metabolic_process_(GO:0006558),1/115,0.4021184777564578,0.5919899825931167,0.4223247060226253,0.6153158258446757,-1.423075830387218,1.2964341961238093,MEP-1
GO_Biological_Process_GeneRIF_Predicted_zscore,neuron_differentiation_(GO:0030182),3/200,0.0599066825338914,0.2005231514580909,0.0691858637773741,0.2309798889650876,-0.4562266029482034,1.2842629315444754,Dsp1;MEP-1;robo2
GO_Biological_Process_GeneRIF_Predicted_zscore,microtubule_nucleation_(GO:0007020),1/200,0.5919899825931167,0.5919899825931167,0.6153158258446757,0.6153158258446757,-2.4054661776411725,1.261103086000475,MEP-1
GO_Biological_Process_GeneRIF_Predicted_zscore,lipid_phosphorylation_(GO:0046834),1/200,0.5919899825931167,0.5919899825931167,0.6153158258446757,0.6153158258446757,-2.3546749696060467,1.2344750045956472,Sxl
GO_Biological_Process_GeneRIF_Predicted_zscore,microtubule_polymerization_or_depolymerization_(GO:0031109),1/200,0.5919899825931167,0.5919899825931167,0.6153158258446757,0.6153158258446757,-2.353511775175336,1.2338651818096016,MEP-1
GO_Biological_Process_GeneRIF_Predicted_zscore,microtubule_polymerization_(GO:0046785),1/200,0.5919899825931167,0.5919899825931167,0.6153158258446757,0.6153158258446757,-2.3409490660531524,1.2272789860069868,MEP-1
GO_Biological_Process_GeneRIF_Predicted_zscore,somatic_muscle_development_(GO:0007525),3/200,0.0599066825338914,0.2005231514580909,0.0691858637773741,0.2309798889650876,-0.4055046077097338,1.1414821776870827,robo2;CG32982;numb
GO_Biological_Process_GeneRIF_Predicted_zscore,female_meiosis_II_(GO:0007147),1/200,0.5919899825931167,0.5919899825931167,0.6153158258446757,0.6153158258446757,-2.1525667614831074,1.1285166305644636,MEP-1
GO_Biological_Process_GeneRIF_Predicted_zscore,imaginal_disc_eversion_(GO:0007561),1/200,0.5919899825931167,0.5919899825931167,0.6153158258446757,0.6153158258446757,-2.115590493147246,1.1091312463339258,robo2
GO_Biological_Process_GeneRIF_Predicted_zscore,polarized_epithelial_cell_differentiation_(GO:0030859),3/200,0.0599066825338914,0.2005231514580909,0.0691858637773741,0.2309798889650876,-0.388089981558979,1.0924605759488375,robo2;Rac2;Rok
GO_Biological_Process_GeneRIF_Predicted_zscore,male_courtship_behavior_(GO:0008049),1/200,0.5919899825931167,0.5919899825931167,0.6153158258446757,0.6153158258446757,-2.065251043224755,1.0827400061515042,CG11768
GO_Biological_Process_GeneRIF_Predicted_zscore,neuron_projection_fasciculation_(GO:0106030),3/200,0.0599066825338914,0.2005231514580909,0.0691858637773741,0.2309798889650876,-0.3758595254475887,1.058032242926961,Dsp1;robo2;Sxl
GO_Biological_Process_GeneRIF_Predicted_zscore,mRNA_metabolic_process_(GO:0016071),1/200,0.5919899825931167,0.5919899825931167,0.6153158258446757,0.6153158258446757,-2.01542132323777,1.0566159998219915,MEP-1
GO_Biological_Process_GeneRIF_Predicted_zscore,neuron_projection_morphogenesis_(GO:0048812),3/200,0.0599066825338914,0.2005231514580909,0.0691858637773741,0.2309798889650876,-0.3661097206901279,1.0305868621471284,Dsp1;MEP-1;robo2
GO_Biological_Process_GeneRIF_Predicted_zscore,glutamine_metabolic_process_(GO:0006541),1/200,0.5919899825931167,0.5919899825931167,0.6153158258446757,0.6153158258446757,-1.958710425314495,1.0268844288501515,MEP-1
GO_Biological_Process_GeneRIF_Predicted_zscore,mRNA_modification_(GO:0016556),1/200,0.5919899825931167,0.5919899825931167,0.6153158258446757,0.6153158258446757,-1.949952108851852,1.0222927451167143,MEP-1
GO_Biological_Process_GeneRIF_Predicted_zscore,histone_phosphorylation_(GO:0016572),1/200,0.5919899825931167,0.5919899825931167,0.6153158258446757,0.6153158258446757,-1.94981352371159,1.0222200896997802,MEP-1
GO_Biological_Process_GeneRIF_Predicted_zscore,female_gamete_generation_(GO:0007292),1/145,0.4774499776727121,0.5919899825931167,0.4993293849972861,0.6153158258446757,-1.3739486429160834,1.0157545756415494,Galphai
GO_Biological_Process_GeneRIF_Predicted_zscore,female_germ-line_stem_cell_asymmetric_division_(GO:0048132),1/200,0.5919899825931167,0.5919899825931167,0.6153158258446757,0.6153158258446757,-1.902305347916331,0.9973131890488612,Galphai
GO_Biological_Process_GeneRIF_Predicted_zscore,histone_mRNA_metabolic_process_(GO:0008334),1/200,0.5919899825931167,0.5919899825931167,0.6153158258446757,0.6153158258446757,-1.9008628900322675,0.9965569580505096,MEP-1
GO_Biological_Process_GeneRIF_Predicted_zscore,female_germ-line_stem_cell_population_maintenance_(GO:0036099),1/200,0.5919899825931167,0.5919899825931167,0.6153158258446757,0.6153158258446757,-1.8932028196986224,0.9925410469449903,Rok
GO_Biological_Process_GeneRIF_Predicted_zscore,heterochromatin_assembly_(GO:0031507),1/200,0.5919899825931167,0.5919899825931167,0.6153158258446757,0.6153158258446757,-1.864983426258657,0.9777465906840844,MEP-1
GO_Biological_Process_GeneRIF_Predicted_zscore,regulation_of_phosphatase_activity_(GO:0010921),2/200,0.2235556120827191,0.3499368677534138,0.2445725924537249,0.382835242400092,-0.6504732705926269,0.9744708013010268,MEP-1;Rok
GO_Biological_Process_GeneRIF_Predicted_zscore,homologous_chromosome_segregation_(GO:0045143),1/200,0.5919899825931167,0.5919899825931167,0.6153158258446757,0.6153158258446757,-1.850311712074356,0.9700547161498586,MEP-1
GO_Biological_Process_GeneRIF_Predicted_zscore,cellular_macromolecular_complex_assembly_(GO:0034622),1/200,0.5919899825931167,0.5919899825931167,0.6153158258446757,0.6153158258446757,-1.838286848125584,0.9637504940512536,MEP-1
GO_Biological_Process_GeneRIF_Predicted_zscore,microtubule_anchoring_(GO:0034453),1/200,0.5919899825931167,0.5919899825931167,0.6153158258446757,0.6153158258446757,-1.8291610934799285,0.9589661751309998,MEP-1
GO_Biological_Process_GeneRIF_Predicted_zscore,sensory_neuron_axon_guidance_(GO:0097374),3/200,0.0599066825338914,0.2005231514580909,0.0691858637773741,0.2309798889650876,-0.333041745494421,0.937501595986312,Dsp1;robo2;Sxl
GO_Biological_Process_GeneRIF_Predicted_zscore,ATP_biosynthetic_process_(GO:0006754),1/200,0.5919899825931167,0.5919899825931167,0.6153158258446757,0.6153158258446757,-1.7380058123328606,0.9111766001087744,capu
GO_Biological_Process_GeneRIF_Predicted_zscore,histone_arginine_methylation_(GO:0034969),1/200,0.5919899825931167,0.5919899825931167,0.6153158258446757,0.6153158258446757,-1.735545895891425,0.909886950624432,MEP-1
GO_Biological_Process_GeneRIF_Predicted_zscore,glycosphingolipid_biosynthetic_process_(GO:0006688),1/200,0.5919899825931167,0.5919899825931167,0.6153158258446757,0.6153158258446757,-1.734438490107493,0.9093063759048404,CG32982
GO_Biological_Process_GeneRIF_Predicted_zscore,UDP-glucose_metabolic_process_(GO:0006011),1/180,0.5535419183671468,0.5919899825931167,0.5765492623030883,0.6153158258446757,-1.520828099200059,0.899444803173294,Galphai
GO_Biological_Process_GeneRIF_Predicted_zscore,histone_H3-K4_methylation_(GO:0051568),1/200,0.5919899825931167,0.5919899825931167,0.6153158258446757,0.6153158258446757,-1.7113707110599892,0.8972127336768251,MEP-1
GO_Biological_Process_GeneRIF_Predicted_zscore,ATP_metabolic_process_(GO:0046034),1/200,0.5919899825931167,0.5919899825931167,0.6153158258446757,0.6153158258446757,-1.7111689288617389,0.897106946218544,capu
GO_Biological_Process_GeneRIF_Predicted_zscore,fatty_acid_oxidation_(GO:0019395),1/200,0.5919899825931167,0.5919899825931167,0.6153158258446757,0.6153158258446757,-1.7031156794023428,0.8928849048363056,Galphai
GO_Biological_Process_GeneRIF_Predicted_zscore,glycosphingolipid_metabolic_process_(GO:0006687),1/200,0.5919899825931167,0.5919899825931167,0.6153158258446757,0.6153158258446757,-1.6934067105211987,0.8877948267750543,CG32982
GO_Biological_Process_GeneRIF_Predicted_zscore,N-terminal_protein_amino_acid_modification_(GO:0031365),1/152,0.4936298467774735,0.5919899825931167,0.5157998544966632,0.6153158258446757,-1.1935214428870888,0.8425895461219569,Galphai
GO_Biological_Process_GeneRIF_Predicted_zscore,aspartate_family_amino_acid_catabolic_process_(GO:0009068),1/200,0.5919899825931167,0.5919899825931167,0.6153158258446757,0.6153158258446757,-1.589118453010853,0.833120084472555,MEP-1
GO_Biological_Process_GeneRIF_Predicted_zscore,aspartate_family_amino_acid_biosynthetic_process_(GO:0009067),1/200,0.5919899825931167,0.5919899825931167,0.6153158258446757,0.6153158258446757,-1.5711437151789065,0.8236965483777153,MEP-1
GO_Biological_Process_GeneRIF_Predicted_zscore,DNA_replication_(GO:0006260),1/200,0.5919899825931167,0.5919899825931167,0.6153158258446757,0.6153158258446757,-1.5647888253802096,0.8203648984834782,MEP-1
GO_Biological_Process_GeneRIF_Predicted_zscore,DNA_replication_checkpoint_(GO:0000076),1/200,0.5919899825931167,0.5919899825931167,0.6153158258446757,0.6153158258446757,-1.5483360797553445,0.8117392904938265,MEP-1
GO_Biological_Process_GeneRIF_Predicted_zscore,negative_regulation_of_neuromuscular_synaptic_transmission_(GO:1900074),1/200,0.5919899825931167,0.5919899825931167,0.6153158258446757,0.6153158258446757,-1.4781431351873555,0.7749395467132032,Ubr1
GO_Biological_Process_GeneRIF_Predicted_zscore,negative_regulation_of_multicellular_organismal_process_(GO:0051241),1/200,0.5919899825931167,0.5919899825931167,0.6153158258446757,0.6153158258446757,-1.4501879218937928,0.7602835910061541,Pat1
GO_Biological_Process_GeneRIF_Predicted_zscore,glycogen_metabolic_process_(GO:0005977),1/200,0.5919899825931167,0.5919899825931167,0.6153158258446757,0.6153158258446757,-1.3908569760408318,0.7291784191247236,Ubr1
GO_Biological_Process_GeneRIF_Predicted_zscore,notum_morphogenesis_(GO:0048802),3/200,0.0599066825338914,0.2005231514580909,0.0691858637773741,0.2309798889650876,-0.2516609360400554,0.708417285150559,Dsp1;robo2;numb
GO_Biological_Process_GeneRIF_Predicted_zscore,negative_regulation_of_circadian_rhythm_(GO:0042754),1/200,0.5919899825931167,0.5919899825931167,0.6153158258446757,0.6153158258446757,-1.3329586132544298,0.6988243012148609,trpl
GO_Biological_Process_GeneRIF_Predicted_zscore,non-canonical_Wnt_signaling_pathway_(GO:0035567),3/200,0.0599066825338914,0.2005231514580909,0.0691858637773741,0.2309798889650876,-0.2448134134844462,0.6891417336280147,Dsp1;robo2;numb
GO_Biological_Process_GeneRIF_Predicted_zscore,Golgi_vesicle_transport_(GO:0048193),1/150,0.4890582587149903,0.5919899825931167,0.5111487907643695,0.6153158258446757,-0.9572338673389632,0.6846841699748127,Pat1
GO_Biological_Process_GeneRIF_Predicted_zscore,regulation_of_phosphate_metabolic_process_(GO:0019220),2/200,0.2235556120827191,0.3499368677534138,0.2445725924537249,0.382835242400092,-0.4428970807335275,0.6635019341579971,MEP-1;Rok
GO_Biological_Process_GeneRIF_Predicted_zscore,mitotic_centrosome_separation_(GO:0007100),1/200,0.5919899825931167,0.5919899825931167,0.6153158258446757,0.6153158258446757,-1.259662918795702,0.6603978925080503,MEP-1
GO_Biological_Process_GeneRIF_Predicted_zscore,Toll_signaling_pathway_(GO:0008063),1/188,0.5693331020813984,0.5919899825931167,0.5924934106761327,0.6153158258446757,-1.161509525231892,0.6542662352624325,Pat1
GO_Biological_Process_GeneRIF_Predicted_zscore,negative_regulation_of_phosphatidylinositol_3-kinase_signaling_(GO:0014067),1/200,0.5919899825931167,0.5919899825931167,0.6153158258446757,0.6153158258446757,-1.2114117932050967,0.6351014888625088,MEP-1
GO_Biological_Process_GeneRIF_Predicted_zscore,mismatch_repair_(GO:0006298),1/200,0.5919899825931167,0.5919899825931167,0.6153158258446757,0.6153158258446757,-1.196252056265127,0.627153760802288,MEP-1
GO_Biological_Process_GeneRIF_Predicted_zscore,negative_regulation_of_protein_kinase_B_signaling_(GO:0051898),1/200,0.5919899825931167,0.5919899825931167,0.6153158258446757,0.6153158258446757,-1.191366616937869,0.6245924931904876,MEP-1
GO_Biological_Process_GeneRIF_Predicted_zscore,C-terminal_protein_amino_acid_modification_(GO:0018410),1/200,0.5919899825931167,0.5919899825931167,0.6153158258446757,0.6153158258446757,-1.133038352148774,0.5940129924640579,MEP-1
GO_Biological_Process_GeneRIF_Predicted_zscore,Golgi_organization_(GO:0007030),1/200,0.5919899825931167,0.5919899825931167,0.6153158258446757,0.6153158258446757,-1.1279290937767965,0.5913343842341999,Pat1
GO_Biological_Process_GeneRIF_Predicted_zscore,DNA_packaging_(GO:0006323),1/200,0.5919899825931167,0.5919899825931167,0.6153158258446757,0.6153158258446757,-1.095451586169591,0.5743075453412856,MEP-1
GO_Biological_Process_GeneRIF_Predicted_zscore,DNA_recombination_(GO:0006310),1/200,0.5919899825931167,0.5919899825931167,0.6153158258446757,0.6153158258446757,-1.0813832566203752,0.566932004594009,MEP-1
GO_Biological_Process_GeneRIF_Predicted_zscore,cGMP_biosynthetic_process_(GO:0006182),1/200,0.5919899825931167,0.5919899825931167,0.6153158258446757,0.6153158258446757,-1.046846009437288,0.5488253151674868,Sxl
GO_Biological_Process_GeneRIF_Predicted_zscore,cGMP_metabolic_process_(GO:0046068),1/200,0.5919899825931167,0.5919899825931167,0.6153158258446757,0.6153158258446757,-1.0344837302698793,0.5423441978884626,Sxl
GO_Biological_Process_GeneRIF_Predicted_zscore,regulation_of_primary_metabolic_process_(GO:0080090),2/200,0.2235556120827191,0.3499368677534138,0.2445725924537249,0.382835242400092,-0.3201413536634838,0.4796021843446776,MEP-1;Rok
GO_Biological_Process_GeneRIF_Predicted_zscore,double-strand_break_repair_via_nonhomologous_end_joining_(GO:0006303),1/200,0.5919899825931167,0.5919899825931167,0.6153158258446757,0.6153158258446757,-0.9061873060559372,0.4750828004916027,MEP-1
GO_Biological_Process_GeneRIF_Predicted_zscore,negative_regulation_of_transforming_growth_factor_beta_receptor_signaling_pathway_(GO:0030512),1/200,0.5919899825931167,0.5919899825931167,0.6153158258446757,0.6153158258446757,-0.8454088232820809,0.4432187348477038,Ubr1
GO_Biological_Process_GeneRIF_Predicted_zscore,actomyosin_contractile_ring_assembly_(GO:0000915),1/200,0.5919899825931167,0.5919899825931167,0.6153158258446757,0.6153158258446757,-0.8436440915848986,0.44229354678646,Galphai
GO_Biological_Process_GeneRIF_Predicted_zscore,oocyte_fate_determination_(GO:0030716),3/200,0.0599066825338914,0.2005231514580909,0.0691858637773741,0.2309798889650876,-0.1550140247539378,0.4363593981028811,unc-119;pcs;hb
GO_Biological_Process_GeneRIF_Predicted_zscore,ncRNA_metabolic_process_(GO:0034660),1/200,0.5919899825931167,0.5919899825931167,0.6153158258446757,0.6153158258446757,-0.7824269426434945,0.4101995035761498,MEP-1
GO_Biological_Process_GeneRIF_Predicted_zscore,ATP-dependent_chromatin_remodeling_(GO:0043044),1/200,0.5919899825931167,0.5919899825931167,0.6153158258446757,0.6153158258446757,-0.7722761784233975,0.4048778074316708,MEP-1
GO_Biological_Process_GeneRIF_Predicted_zscore,ncRNA_catabolic_process_(GO:0034661),1/200,0.5919899825931167,0.5919899825931167,0.6153158258446757,0.6153158258446757,-0.7624086584640771,0.399704606499753,MEP-1
GO_Biological_Process_GeneRIF_Predicted_zscore,G2/M_transition_of_mitotic_cell_cycle_(GO:0000086),1/200,0.5919899825931167,0.5919899825931167,0.6153158258446757,0.6153158258446757,-0.5458107849721158,0.2861497998594413,MEP-1
GO_Biological_Process_GeneRIF_Predicted_zscore,Bolwig's_organ_development_(GO:0055034),1/200,0.5919899825931167,0.5919899825931167,0.6153158258446757,0.6153158258446757,-0.4936110411413254,0.2587832716391207,numb
GO_Biological_Process_GeneRIF_Predicted_zscore,Bolwig's_organ_morphogenesis_(GO:0001746),1/200,0.5919899825931167,0.5919899825931167,0.6153158258446757,0.6153158258446757,-0.492487326597938,0.2581941467985298,numb
GO_Biological_Process_GeneRIF_Predicted_zscore,DNA_replication_initiation_(GO:0006270),1/200,0.5919899825931167,0.5919899825931167,0.6153158258446757,0.6153158258446757,-0.4018187237990108,0.210659720475727,MEP-1
GO_Biological_Process_GeneRIF_Predicted_zscore,DNA_synthesis_involved_in_DNA_repair_(GO:0000731),1/200,0.5919899825931167,0.5919899825931167,0.6153158258446757,0.6153158258446757,-0.4006837665288776,0.2100647014606407,MEP-1
GO_Biological_Process_GeneRIF_Predicted_zscore,DNA_conformation_change_(GO:0071103),1/200,0.5919899825931167,0.5919899825931167,0.6153158258446757,0.6153158258446757,-0.3866639591592387,0.2027145992212812,MEP-1
GO_Biological_Process_GeneRIF_Predicted_zscore,double-strand_break_repair_(GO:0006302),1/200,0.5919899825931167,0.5919899825931167,0.6153158258446757,0.6153158258446757,-0.3390153631999177,0.1777340811136377,MEP-1
GO_Biological_Process_GeneRIF_Predicted_zscore,dosage_compensation_(GO:0007549),1/200,0.5919899825931167,0.5919899825931167,0.6153158258446757,0.6153158258446757,-0.33174961332473,0.1739248986462741,MEP-1
GO_Biological_Process_GeneRIF_Predicted_zscore,regulation_of_organelle_organization_(GO:0033043),2/200,0.2235556120827191,0.3499368677534138,0.2445725924537249,0.382835242400092,-0.0772099637262007,0.1156678661863326,MEP-1;Galphai
GO_Biological_Process_GeneRIF_Predicted_zscore,cellular_polysaccharide_biosynthetic_process_(GO:0033692),1/144,0.4750972204475093,0.5919899825931167,0.4969322314115017,0.6153158258446757,-0.1388385284078717,0.1033286062127389,Pat1
GO_Biological_Process_GeneRIF_Predicted_zscore,regulation_of_neural_precursor_cell_proliferation_(GO:2000177),2/200,0.2235556120827191,0.3499368677534138,0.2445725924537249,0.382835242400092,-0.064106667142069,0.0960378821434978,Dsp1;Galphai
GO_Biological_Process_GeneRIF_Predicted_zscore,JNK_cascade_(GO:0007254),1/200,0.5919899825931167,0.5919899825931167,0.6153158258446757,0.6153158258446757,-0.1614801763365572,0.0846584959700526,Pat1
GO_Biological_Process_GeneRIF_Predicted_zscore,regulation_of_oviposition_(GO:0046662),2/200,0.2235556120827191,0.3499368677534138,0.2445725924537249,0.382835242400092,-0.0521834872107606,0.0781758250429302,CG11768;Sxl
GO_Biological_Process_GeneRIF_Predicted_zscore,dephosphorylation_(GO:0016311),1/200,0.5919899825931167,0.5919899825931167,0.6153158258446757,0.6153158258446757,-0.086098702114071,0.0451385847558101,MEP-1
GO_Biological_Process_GeneRIF_Predicted_zscore,phosphatidylinositol_phosphorylation_(GO:0046854),3/200,0.0599066825338914,0.2005231514580909,0.0691858637773741,0.2309798889650876,-0.0149402219541941,0.0420562350394039,MEP-1;Ubr1;Rok
GO_Biological_Process_GeneRIF_Predicted_zscore,cellular_response_to_heat_(GO:0034605),1/142,0.4703602390216327,0.5919899825931167,0.492104245665279,0.6153158258446757,-0.0456230333112244,0.0344114654034761,MEP-1
GO_Biological_Process_GeneRIF_Predicted_zscore,detection_of_pheromone_(GO:0043695),1/200,0.5919899825931167,0.5919899825931167,0.6153158258446757,0.6153158258446757,-0.0585378477214903,0.0306893778410088,CG11768
GO_Biological_Process_GeneRIF_Predicted_zscore,embryonic_axis_specification_(GO:0000578),1/200,0.5919899825931167,0.5919899825931167,0.6153158258446757,0.6153158258446757,-0.0301568351000803,0.0158101902085409,Dsp1
GO_Biological_Process_GeneRIF_Predicted_zscore,regulation_of_peptide_secretion_(GO:0002791),2/200,0.2235556120827191,0.3499368677534138,0.2445725924537249,0.382835242400092,-0.0014867020460522,0.0022272210090853,Dsp1;MEP-1
GO_Biological_Process_GeneRIF_Predicted_zscore,regulation_of_neuroblast_proliferation_(GO:1902692),2/200,0.2235556120827191,0.3499368677534138,0.2445725924537249,0.382835242400092,0.0113517280591514,-0.0170059678668648,Dsp1;MEP-1
GO_Biological_Process_GeneRIF_Predicted_zscore,defasciculation_of_motor_neuron_axon_(GO:0007415),1/200,0.5919899825931167,0.5919899825931167,0.6153158258446757,0.6153158258446757,0.1307623559376539,-0.0685542004865666,Sxl
GO_Biological_Process_GeneRIF_Predicted_zscore,Malpighian_tubule_morphogenesis_(GO:0007443),1/200,0.5919899825931167,0.5919899825931167,0.6153158258446757,0.6153158258446757,0.1418000857867586,-0.0743409021681488,robo2
GO_Biological_Process_GeneRIF_Predicted_zscore,N-terminal_peptidyl-methionine_acetylation_(GO:0017196),1/200,0.5919899825931167,0.5919899825931167,0.6153158258446757,0.6153158258446757,0.149814433517981,-0.078542548713866,Galphai
GO_Biological_Process_GeneRIF_Predicted_zscore,cellular_protein_complex_assembly_(GO:0043623),1/200,0.5919899825931167,0.5919899825931167,0.6153158258446757,0.6153158258446757,0.1611432312441593,-0.0844818472606318,MEP-1
GO_Biological_Process_GeneRIF_Predicted_zscore,regulation_of_nucleocytoplasmic_transport_(GO:0046822),2/200,0.2235556120827191,0.3499368677534138,0.2445725924537249,0.382835242400092,0.0585529028623035,-0.0877178152435782,Dsp1;MEP-1
GO_Biological_Process_GeneRIF_Predicted_zscore,Malpighian_tubule_development_(GO:0072002),1/200,0.5919899825931167,0.5919899825931167,0.6153158258446757,0.6153158258446757,0.1929258655585515,-0.1011443880137131,robo2
GO_Biological_Process_GeneRIF_Predicted_zscore,regulation_of_phosphoprotein_phosphatase_activity_(GO:0043666),2/200,0.2235556120827191,0.3499368677534138,0.2445725924537249,0.382835242400092,0.1017333343314416,-0.1524062068448487,MEP-1;Rok
GO_Biological_Process_GeneRIF_Predicted_zscore,regulation_of_phosphorylation_of_RNA_polymerase_II_C-terminal_domain_(GO:1901407),2/200,0.2235556120827191,0.3499368677534138,0.2445725924537249,0.382835242400092,0.1040008503919399,-0.1558031614813146,MEP-1;Rok
GO_Biological_Process_GeneRIF_Predicted_zscore,cellular_protein_complex_localization_(GO:0034629),1/200,0.5919899825931167,0.5919899825931167,0.6153158258446757,0.6153158258446757,0.3014732427144527,-0.1580520400858781,MEP-1
GO_Biological_Process_GeneRIF_Predicted_zscore,cellular_response_to_reactive_oxygen_species_(GO:0034614),1/200,0.5919899825931167,0.5919899825931167,0.6153158258446757,0.6153158258446757,0.3203589701779649,-0.1679531766751084,MEP-1
GO_Biological_Process_GeneRIF_Predicted_zscore,cellular_response_to_virus_(GO:0098586),1/200,0.5919899825931167,0.5919899825931167,0.6153158258446757,0.6153158258446757,0.3551923520246548,-0.1862151193085195,Rok
GO_Biological_Process_GeneRIF_Predicted_zscore,extracellular_matrix_organization_(GO:0030198),1/200,0.5919899825931167,0.5919899825931167,0.6153158258446757,0.6153158258446757,0.4045204922988438,-0.2120761646662412,numb
GO_Biological_Process_GeneRIF_Predicted_zscore,cellular_response_to_nutrient_levels_(GO:0031669),1/200,0.5919899825931167,0.5919899825931167,0.6153158258446757,0.6153158258446757,0.4554591533165179,-0.2387815505923549,Rok
GO_Biological_Process_GeneRIF_Predicted_zscore,regulation_of_neuron_apoptotic_process_(GO:0043523),2/200,0.2235556120827191,0.3499368677534138,0.2445725924537249,0.382835242400092,0.1685129616016502,-0.2524484373846162,Dsp1;MEP-1
GO_Biological_Process_GeneRIF_Predicted_zscore,cellular_protein_modification_process_(GO:0006464),1/200,0.5919899825931167,0.5919899825931167,0.6153158258446757,0.6153158258446757,0.4883041573743072,-0.2560010552197673,MEP-1
GO_Biological_Process_GeneRIF_Predicted_zscore,cellular_response_to_unfolded_protein_(GO:0034620),1/200,0.5919899825931167,0.5919899825931167,0.6153158258446757,0.6153158258446757,0.5225591373820535,-0.2739597616859771,Galphai
GO_Biological_Process_GeneRIF_Predicted_zscore,centromere_complex_assembly_(GO:0034508),1/200,0.5919899825931167,0.5919899825931167,0.6153158258446757,0.6153158258446757,0.538956989048775,-0.2825565906636179,MEP-1
GO_Biological_Process_GeneRIF_Predicted_zscore,chondroitin_sulfate_biosynthetic_process_(GO:0030206),1/200,0.5919899825931167,0.5919899825931167,0.6153158258446757,0.6153158258446757,0.5436237577828671,-0.2850032168132257,robo2
GO_Biological_Process_GeneRIF_Predicted_zscore,epithelial_tube_formation_(GO:0072175),1/200,0.5919899825931167,0.5919899825931167,0.6153158258446757,0.6153158258446757,0.5453624782184562,-0.2859147680657001,robo2
GO_Biological_Process_GeneRIF_Predicted_zscore,epithelial_tube_morphogenesis_(GO:0060562),1/200,0.5919899825931167,0.5919899825931167,0.6153158258446757,0.6153158258446757,0.5657588947856357,-0.2966079069322147,robo2
GO_Biological_Process_GeneRIF_Predicted_zscore,cellular_response_to_ionizing_radiation_(GO:0071479),1/200,0.5919899825931167,0.5919899825931167,0.6153158258446757,0.6153158258446757,0.5728475518703976,-0.3003242457476532,MEP-1
GO_Biological_Process_GeneRIF_Predicted_zscore,chondroitin_sulfate_metabolic_process_(GO:0030204),1/200,0.5919899825931167,0.5919899825931167,0.6153158258446757,0.6153158258446757,0.5990861789869169,-0.314080254431802,robo2
GO_Biological_Process_GeneRIF_Predicted_zscore,chemical_homeostasis_(GO:0048878),1/200,0.5919899825931167,0.5919899825931167,0.6153158258446757,0.6153158258446757,0.600444369654314,-0.3147923070301517,Dsp1
GO_Biological_Process_GeneRIF_Predicted_zscore,neuromuscular_junction_development_(GO:0007528),1/200,0.5919899825931167,0.5919899825931167,0.6153158258446757,0.6153158258446757,0.622856426864756,-0.3265421768784251,Dsp1
GO_Biological_Process_GeneRIF_Predicted_zscore,regulation_of_photoreceptor_cell_axon_guidance_(GO:2000289),2/200,0.2235556120827191,0.3499368677534138,0.2445725924537249,0.382835242400092,0.2415422017257223,-0.361853182144187,Dsp1;Sxl
GO_Biological_Process_GeneRIF_Predicted_zscore,chloride_transport_(GO:0006821),1/200,0.5919899825931167,0.5919899825931167,0.6153158258446757,0.6153158258446757,0.7015236321194062,-0.3677846837304466,Cyp4d2
GO_Biological_Process_GeneRIF_Predicted_zscore,regulation_of_neuron_projection_development_(GO:0010975),2/200,0.2235556120827191,0.3499368677534138,0.2445725924537249,0.382835242400092,0.2939713556850489,-0.440397039332558,Dsp1;Sxl
GO_Biological_Process_GeneRIF_Predicted_zscore,cytoskeletal_anchoring_at_plasma_membrane_(GO:0007016),1/200,0.5919899825931167,0.5919899825931167,0.6153158258446757,0.6153158258446757,0.8429597070652789,-0.441934747549237,MEP-1
GO_Biological_Process_GeneRIF_Predicted_zscore,regulation_of_cellular_protein_localization_(GO:1903827),2/200,0.2235556120827191,0.3499368677534138,0.2445725924537249,0.382835242400092,0.2998006548312076,-0.4491298836580525,MEP-1;Rok
GO_Biological_Process_GeneRIF_Predicted_zscore,copulation_(GO:0007620),1/200,0.5919899825931167,0.5919899825931167,0.6153158258446757,0.6153158258446757,0.8997377969037701,-0.4717015449285076,Sxl
GO_Biological_Process_GeneRIF_Predicted_zscore,chromatin_silencing_at_telomere_(GO:0006348),1/200,0.5919899825931167,0.5919899825931167,0.6153158258446757,0.6153158258446757,0.9104470509926038,-0.4773160380798664,MEP-1
GO_Biological_Process_GeneRIF_Predicted_zscore,cellular_response_to_hypoxia_(GO:0071456),1/200,0.5919899825931167,0.5919899825931167,0.6153158258446757,0.6153158258446757,0.9124711249433648,-0.4783771903543502,MEP-1
GO_Biological_Process_GeneRIF_Predicted_zscore,cyclic_nucleotide_biosynthetic_process_(GO:0009190),1/200,0.5919899825931167,0.5919899825931167,0.6153158258446757,0.6153158258446757,0.96261632376984,-0.504666591376063,Sxl
GO_Biological_Process_GeneRIF_Predicted_zscore,cyclic_nucleotide_metabolic_process_(GO:0009187),1/200,0.5919899825931167,0.5919899825931167,0.6153158258446757,0.6153158258446757,0.967598816593242,-0.5072787407939064,Sxl
GO_Biological_Process_GeneRIF_Predicted_zscore,cyclic_purine_nucleotide_metabolic_process_(GO:0052652),1/200,0.5919899825931167,0.5919899825931167,0.6153158258446757,0.6153158258446757,0.9894119484951444,-0.5187146147265841,Sxl
GO_Biological_Process_GeneRIF_Predicted_zscore,peptide_transport_(GO:0015833),3/200,0.0599066825338914,0.2005231514580909,0.0691858637773741,0.2309798889650876,0.198817299910492,-0.559664181735133,MEP-1;Ubr1;Rok
GO_Biological_Process_GeneRIF_Predicted_zscore,covalent_chromatin_modification_(GO:0016569),1/200,0.5919899825931167,0.5919899825931167,0.6153158258446757,0.6153158258446757,1.2132070185349082,-0.6360426636853083,MEP-1
GO_Biological_Process_GeneRIF_Predicted_zscore,chorion-containing_eggshell_formation_(GO:0007304),1/200,0.5919899825931167,0.5919899825931167,0.6153158258446757,0.6153158258446757,1.219130449969864,-0.6391481148164733,pcs
GO_Biological_Process_GeneRIF_Predicted_zscore,chromatin_assembly_(GO:0031497),1/200,0.5919899825931167,0.5919899825931167,0.6153158258446757,0.6153158258446757,1.243314616014246,-0.6518270403047649,MEP-1
GO_Biological_Process_GeneRIF_Predicted_zscore,chromatin_assembly_or_disassembly_(GO:0006333),1/200,0.5919899825931167,0.5919899825931167,0.6153158258446757,0.6153158258446757,1.2747080878316697,-0.6682855565612872,MEP-1
GO_Biological_Process_GeneRIF_Predicted_zscore,contractile_ring_contraction_(GO:0036213),1/200,0.5919899825931167,0.5919899825931167,0.6153158258446757,0.6153158258446757,1.3308149111695518,-0.6977004320289902,Galphai
GO_Biological_Process_GeneRIF_Predicted_zscore,chromatin_remodeling_(GO:0006338),1/200,0.5919899825931167,0.5919899825931167,0.6153158258446757,0.6153158258446757,1.3680408493071872,-0.7172167095393521,MEP-1
GO_Biological_Process_GeneRIF_Predicted_zscore,regulation_of_programmed_cell_death_(GO:0043067),2/200,0.2235556120827191,0.3499368677534138,0.2445725924537249,0.382835242400092,0.4827602091270719,-0.7232206903685819,Dsp1;MEP-1
GO_Biological_Process_GeneRIF_Predicted_zscore,chromosome_condensation_(GO:0030261),1/200,0.5919899825931167,0.5919899825931167,0.6153158258446757,0.6153158258446757,1.387648569866246,-0.7274963622471329,MEP-1
GO_Biological_Process_GeneRIF_Predicted_zscore,cytoplasmic_microtubule_organization_(GO:0031122),1/200,0.5919899825931167,0.5919899825931167,0.6153158258446757,0.6153158258446757,1.4048798847660158,-0.7365301472980018,MEP-1
GO_Biological_Process_GeneRIF_Predicted_zscore,cytoplasmic_translation_(GO:0002181),1/200,0.5919899825931167,0.5919899825931167,0.6153158258446757,0.6153158258446757,1.425484038540756,-0.7473321956291212,MEP-1
GO_Biological_Process_GeneRIF_Predicted_zscore,chromosome_organization_(GO:0051276),1/200,0.5919899825931167,0.5919899825931167,0.6153158258446757,0.6153158258446757,1.4334193876045287,-0.7514924258937713,MEP-1
GO_Biological_Process_GeneRIF_Predicted_zscore,neuron_fate_specification_(GO:0048665),2/200,0.2235556120827191,0.3499368677534138,0.2445725924537249,0.382835242400092,0.5050900373105998,-0.7566728959343725,Dsp1;robo2
GO_Biological_Process_GeneRIF_Predicted_zscore,protein_phosphorylation_(GO:0006468),4/200,0.0122414622125937,0.1523646073450994,0.0149162622187849,0.1856567782959446,0.1779841847313026,-0.7836512919387134,Dsp1;MEP-1;robo2;Rok
GO_Biological_Process_GeneRIF_Predicted_zscore,neuron_cell-cell_adhesion_(GO:0007158),1/200,0.5919899825931167,0.5919899825931167,0.6153158258446757,0.6153158258446757,1.533458665681835,-0.8039395745908544,Dsp1
GO_Biological_Process_GeneRIF_Predicted_zscore,neuron_development_(GO:0048666),2/200,0.2235556120827191,0.3499368677534138,0.2445725924537249,0.382835242400092,0.5463678052420287,-0.8185109166656632,Dsp1;Sxl
GO_Biological_Process_GeneRIF_Predicted_zscore,coenzyme_biosynthetic_process_(GO:0009108),1/200,0.5919899825931167,0.5919899825931167,0.6153158258446757,0.6153158258446757,1.5621526333826,-0.818982833794988,Cyp4d2
GO_Biological_Process_GeneRIF_Predicted_zscore,coenzyme_metabolic_process_(GO:0006732),1/200,0.5919899825931167,0.5919899825931167,0.6153158258446757,0.6153158258446757,1.5839876262169523,-0.8304301686617798,Cyp4d2
GO_Biological_Process_GeneRIF_Predicted_zscore,RNA_export_from_nucleus_(GO:0006405),1/200,0.5919899825931167,0.5919899825931167,0.6153158258446757,0.6153158258446757,1.603444512879409,-0.8406307443514562,MEP-1
GO_Biological_Process_GeneRIF_Predicted_zscore,RNA_polymerase_II_transcriptional_preinitiation_complex_assembly_(GO:0051123),1/200,0.5919899825931167,0.5919899825931167,0.6153158258446757,0.6153158258446757,1.616949560505538,-0.8477109757827689,MEP-1
GO_Biological_Process_GeneRIF_Predicted_zscore,RNA_3'-end_processing_(GO:0031123),1/200,0.5919899825931167,0.5919899825931167,0.6153158258446757,0.6153158258446757,1.643874133846831,-0.8618266024523765,MEP-1
GO_Biological_Process_GeneRIF_Predicted_zscore,neuron_projection_extension_(GO:1990138),1/200,0.5919899825931167,0.5919899825931167,0.6153158258446757,0.6153158258446757,1.6740471607708585,-0.8776452814766561,MEP-1
GO_Biological_Process_GeneRIF_Predicted_zscore,exocyst_localization_(GO:0051601),1/200,0.5919899825931167,0.5919899825931167,0.6153158258446757,0.6153158258446757,1.6818403913527649,-0.8817310039150372,Pat1
GO_Biological_Process_GeneRIF_Predicted_zscore,regulation_of_striated_muscle_tissue_development_(GO:0016202),2/200,0.2235556120827191,0.3499368677534138,0.2445725924537249,0.382835242400092,0.6059695742395912,-0.907800033097916,Dsp1;robo2
GO_Biological_Process_GeneRIF_Predicted_zscore,regulation_of_multicellular_organism_growth_(GO:0040014),2/200,0.2235556120827191,0.3499368677534138,0.2445725924537249,0.382835242400092,0.6082993873871417,-0.91129031469351,MEP-1;Galphai
GO_Biological_Process_GeneRIF_Predicted_zscore,neuron_fate_commitment_(GO:0048663),1/200,0.5919899825931167,0.5919899825931167,0.6153158258446757,0.6153158258446757,1.752644886378524,-0.918851362542258,robo2
GO_Biological_Process_GeneRIF_Predicted_zscore,"nuclear-transcribed_mRNA_catabolic_process,_nonsense-mediated_decay_(GO:0000184)",1/200,0.5919899825931167,0.5919899825931167,0.6153158258446757,0.6153158258446757,1.7627467850868106,-0.9241474401815524,MEP-1
GO_Biological_Process_GeneRIF_Predicted_zscore,nuclear_division_(GO:0000280),1/200,0.5919899825931167,0.5919899825931167,0.6153158258446757,0.6153158258446757,1.7859877871347876,-0.9363318972638748,MEP-1
GO_Biological_Process_GeneRIF_Predicted_zscore,neuron_migration_(GO:0001764),2/200,0.2235556120827191,0.3499368677534138,0.2445725924537249,0.382835242400092,0.6302605741037819,-0.9441902602943316,Dsp1;robo2
GO_Biological_Process_GeneRIF_Predicted_zscore,nuclear_migration_(GO:0007097),2/200,0.2235556120827191,0.3499368677534138,0.2445725924537249,0.382835242400092,0.642678200529374,-0.9627930452514736,MEP-1;Rok
GO_Biological_Process_GeneRIF_Predicted_zscore,nuclear_envelope_organization_(GO:0006998),1/200,0.5919899825931167,0.5919899825931167,0.6153158258446757,0.6153158258446757,1.8620815554618984,-0.976225239749707,MEP-1
GO_Biological_Process_GeneRIF_Predicted_zscore,neurotransmitter_biosynthetic_process_(GO:0042136),1/200,0.5919899825931167,0.5919899825931167,0.6153158258446757,0.6153158258446757,1.87892718503311,-0.98505682326368,Sxl
GO_Biological_Process_GeneRIF_Predicted_zscore,nuclear_body_organization_(GO:0030575),2/200,0.2235556120827191,0.3499368677534138,0.2445725924537249,0.382835242400092,0.658130611523938,-0.9859422260167136,MEP-1;Galphai
GO_Biological_Process_GeneRIF_Predicted_zscore,nuclear_export_(GO:0051168),1/200,0.5919899825931167,0.5919899825931167,0.6153158258446757,0.6153158258446757,1.9004365769303384,-0.9963334567710312,MEP-1
GO_Biological_Process_GeneRIF_Predicted_zscore,nuclear_import_(GO:0051170),1/200,0.5919899825931167,0.5919899825931167,0.6153158258446757,0.6153158258446757,1.9205516862270195,-1.0068791159222883,MEP-1
GO_Biological_Process_GeneRIF_Predicted_zscore,nuclear_mRNA_surveillance_(GO:0071028),1/200,0.5919899825931167,0.5919899825931167,0.6153158258446757,0.6153158258446757,1.9279737823805847,-1.0107702653597057,MEP-1
GO_Biological_Process_GeneRIF_Predicted_zscore,neuron_projection_development_(GO:0031175),2/200,0.2235556120827191,0.3499368677534138,0.2445725924537249,0.382835242400092,0.6754928772472883,-1.0119525507398497,Dsp1;robo2
GO_Biological_Process_GeneRIF_Predicted_zscore,regulation_of_synapse_assembly_(GO:0051963),2/200,0.2235556120827191,0.3499368677534138,0.2445725924537249,0.382835242400092,0.6778216877565107,-1.0154413302879048,Dsp1;robo2
GO_Biological_Process_GeneRIF_Predicted_zscore,neuron_maturation_(GO:0042551),2/200,0.2235556120827191,0.3499368677534138,0.2445725924537249,0.382835242400092,0.6778529842584423,-1.015488215423227,Dsp1;Sxl
GO_Biological_Process_GeneRIF_Predicted_zscore,notum_cell_fate_specification_(GO:0035310),1/200,0.5919899825931167,0.5919899825931167,0.6153158258446757,0.6153158258446757,1.9377139702123056,-1.015876710441736,MEP-1
GO_Biological_Process_GeneRIF_Predicted_zscore,RNA_methylation_(GO:0001510),1/200,0.5919899825931167,0.5919899825931167,0.6153158258446757,0.6153158258446757,1.943655706852988,-1.0189917583619337,MEP-1
GO_Biological_Process_GeneRIF_Predicted_zscore,nuclear_transport_(GO:0051169),2/200,0.2235556120827191,0.3499368677534138,0.2445725924537249,0.382835242400092,0.680539657919943,-1.019513107996248,MEP-1;Rok
GO_Biological_Process_GeneRIF_Predicted_zscore,RNA_catabolic_process_(GO:0006401),1/200,0.5919899825931167,0.5919899825931167,0.6153158258446757,0.6153158258446757,1.955686257062192,-1.0252989615710797,MEP-1
GO_Biological_Process_GeneRIF_Predicted_zscore,RNA_interference_(GO:0016246),1/200,0.5919899825931167,0.5919899825931167,0.6153158258446757,0.6153158258446757,1.9938317746051124,-1.0452973428984094,MEP-1
GO_Biological_Process_GeneRIF_Predicted_zscore,RNA_modification_(GO:0009451),1/200,0.5919899825931167,0.5919899825931167,0.6153158258446757,0.6153158258446757,2.001190427676833,-1.049155231312643,MEP-1
GO_Biological_Process_GeneRIF_Predicted_zscore,establishment_of_protein_localization_to_organelle_(GO:0072594),1/200,0.5919899825931167,0.5919899825931167,0.6153158258446757,0.6153158258446757,2.004213925486769,-1.0507403471018688,MEP-1
GO_Biological_Process_GeneRIF_Predicted_zscore,RNA_polyadenylation_(GO:0043631),1/200,0.5919899825931167,0.5919899825931167,0.6153158258446757,0.6153158258446757,2.0217665302540824,-1.0599425733668464,MEP-1
GO_Biological_Process_GeneRIF_Predicted_zscore,nuclear_pore_organization_(GO:0006999),2/200,0.2235556120827191,0.3499368677534138,0.2445725924537249,0.382835242400092,0.7267823698244692,-1.0887890868276018,MEP-1;Rok
GO_Biological_Process_GeneRIF_Predicted_zscore,nucleocytoplasmic_transport_(GO:0006913),2/200,0.2235556120827191,0.3499368677534138,0.2445725924537249,0.382835242400092,0.7287077476082059,-1.0916734857976251,Dsp1;MEP-1
GO_Biological_Process_GeneRIF_Predicted_zscore,nucleosome_assembly_(GO:0006334),1/200,0.5919899825931167,0.5919899825931167,0.6153158258446757,0.6153158258446757,2.144920797066051,-1.1245081147052818,MEP-1
GO_Biological_Process_GeneRIF_Predicted_zscore,regulation_of_protein_import_into_nucleus_(GO:0042306),2/200,0.2235556120827191,0.3499368677534138,0.2445725924537249,0.382835242400092,0.7604387730085131,-1.1392095785870635,Dsp1;MEP-1
GO_Biological_Process_GeneRIF_Predicted_zscore,regulation_of_eye_photoreceptor_cell_development_(GO:0042478),2/200,0.2235556120827191,0.3499368677534138,0.2445725924537249,0.382835242400092,0.76447821139676,-1.145261041331128,Dsp1;robo2
GO_Biological_Process_GeneRIF_Predicted_zscore,regulation_of_regulated_secretory_pathway_(GO:1903305),2/200,0.2235556120827191,0.3499368677534138,0.2445725924537249,0.382835242400092,0.7785017394624129,-1.166269619621753,Dsp1;robo2
GO_Biological_Process_GeneRIF_Predicted_zscore,regulation_of_response_to_wounding_(GO:1903034),2/200,0.2235556120827191,0.3499368677534138,0.2445725924537249,0.382835242400092,0.7854072686467656,-1.1766147588640667,Sxl;numb
GO_Biological_Process_GeneRIF_Predicted_zscore,RNA_processing_(GO:0006396),1/200,0.5919899825931167,0.5919899825931167,0.6153158258446757,0.6153158258446757,2.3336124233561497,-1.2234326368743018,MEP-1
GO_Biological_Process_GeneRIF_Predicted_zscore,nucleoside_transmembrane_transport_(GO:1901642),1/200,0.5919899825931167,0.5919899825931167,0.6153158258446757,0.6153158258446757,2.3673471274262234,-1.2411185805818126,Sxl
GO_Biological_Process_GeneRIF_Predicted_zscore,nucleosome_mobilization_(GO:0042766),1/200,0.5919899825931167,0.5919899825931167,0.6153158258446757,0.6153158258446757,2.367900623512109,-1.2414087595203018,MEP-1
GO_Biological_Process_GeneRIF_Predicted_zscore,nucleosome_organization_(GO:0034728),1/200,0.5919899825931167,0.5919899825931167,0.6153158258446757,0.6153158258446757,2.39586800511863,-1.2560710946548257,MEP-1
GO_Biological_Process_GeneRIF_Predicted_zscore,regulation_of_exocytosis_(GO:0017157),1/197,0.5864387600482185,0.5919899825931167,0.6097301111258411,0.6153158258446757,2.386064114743808,-1.273411476240307,Pat1
GO_Biological_Process_GeneRIF_Predicted_zscore,nucleus_localization_(GO:0051647),1/200,0.5919899825931167,0.5919899825931167,0.6153158258446757,0.6153158258446757,2.484302118960963,-1.3024340553611138,MEP-1
GO_Biological_Process_GeneRIF_Predicted_zscore,nucleus_organization_(GO:0006997),1/200,0.5919899825931167,0.5919899825931167,0.6153158258446757,0.6153158258446757,2.497242035724381,-1.3092180081410851,MEP-1
GO_Biological_Process_GeneRIF_Predicted_zscore,regulation_of_dendrite_morphogenesis_(GO:0048814),2/200,0.2235556120827191,0.3499368677534138,0.2445725924537249,0.382835242400092,0.8818735925174971,-1.32113048329227,Dsp1;Sxl
GO_Biological_Process_GeneRIF_Predicted_zscore,regulation_of_transforming_growth_factor_beta_receptor_signaling_pathway_(GO:0017015),2/200,0.2235556120827191,0.3499368677534138,0.2445725924537249,0.382835242400092,0.8906193011752901,-1.334232386335788,Dsp1;robo2
GO_Biological_Process_GeneRIF_Predicted_zscore,oocyte_development_(GO:0048599),1/200,0.5919899825931167,0.5919899825931167,0.6153158258446757,0.6153158258446757,2.553922907536992,-1.338933837457037,MEP-1
GO_Biological_Process_GeneRIF_Predicted_zscore,oogenesis_(GO:0048477),1/200,0.5919899825931167,0.5919899825931167,0.6153158258446757,0.6153158258446757,2.564691593938982,-1.344579488923664,MEP-1
GO_Biological_Process_GeneRIF_Predicted_zscore,organelle_assembly_(GO:0070925),1/200,0.5919899825931167,0.5919899825931167,0.6153158258446757,0.6153158258446757,2.5731077036296868,-1.3489917654302803,MEP-1
GO_Biological_Process_GeneRIF_Predicted_zscore,organelle_disassembly_(GO:1903008),1/200,0.5919899825931167,0.5919899825931167,0.6153158258446757,0.6153158258446757,2.579366115565656,-1.352272835303253,MEP-1
GO_Biological_Process_GeneRIF_Predicted_zscore,regulation_of_embryonic_development_(GO:0045995),2/200,0.2235556120827191,0.3499368677534138,0.2445725924537249,0.382835242400092,0.9171942326350586,-1.3740441602008802,Dsp1;MEP-1
GO_Biological_Process_GeneRIF_Predicted_zscore,regulation_of_cytoplasmic_translational_elongation_(GO:1900247),2/200,0.2235556120827191,0.3499368677534138,0.2445725924537249,0.382835242400092,0.9519201397093,-1.4260668704679924,Cp110;bel
GO_Biological_Process_GeneRIF_Predicted_zscore,nucleotide_phosphorylation_(GO:0046939),2/200,0.2235556120827191,0.3499368677534138,0.2445725924537249,0.382835242400092,0.95673962796514,-1.4332869220748026,Dsp1;MEP-1
GO_Biological_Process_GeneRIF_Predicted_zscore,regulation_of_dendrite_development_(GO:0050773),2/200,0.2235556120827191,0.3499368677534138,0.2445725924537249,0.382835242400092,0.9697707988059572,-1.452808854896996,Dsp1;fru
GO_Biological_Process_GeneRIF_Predicted_zscore,pentose_metabolic_process_(GO:0019321),1/190,0.573193815249903,0.5919899825931167,0.5963869076249433,0.6153158258446757,2.6140423008779203,-1.4547965506580696,MEP-1
GO_Biological_Process_GeneRIF_Predicted_zscore,regulation_of_receptor-mediated_endocytosis_(GO:0048259),2/200,0.2235556120827191,0.3499368677534138,0.2445725924537249,0.382835242400092,1.0108968150859865,-1.5144195372271196,MEP-1;Ubr1
GO_Biological_Process_GeneRIF_Predicted_zscore,regulation_of_endopeptidase_activity_(GO:0052548),2/200,0.2235556120827191,0.3499368677534138,0.2445725924537249,0.382835242400092,1.017187980644205,-1.523844301348556,MEP-1;Rok
GO_Biological_Process_GeneRIF_Predicted_zscore,regulation_of_cytoplasmic_translation_(GO:2000765),2/200,0.2235556120827191,0.3499368677534138,0.2445725924537249,0.382835242400092,1.0251132336846174,-1.535717083874682,MEP-1;Rok
GO_Biological_Process_GeneRIF_Predicted_zscore,olfactory_learning_(GO:0008355),1/200,0.5919899825931167,0.5919899825931167,0.6153158258446757,0.6153158258446757,2.940144972074537,-1.5414167665445686,Sxl
GO_Biological_Process_GeneRIF_Predicted_zscore,regulation_of_cytokinesis_(GO:0032465),2/200,0.2235556120827191,0.3499368677534138,0.2445725924537249,0.382835242400092,1.0357405171803815,-1.551637764911023,MEP-1;Galphai
GO_Biological_Process_GeneRIF_Predicted_zscore,UDP-N-acetylglucosamine_metabolic_process_(GO:0006047),1/200,0.5919899825931167,0.5919899825931167,0.6153158258446757,0.6153158258446757,2.997421458526833,-1.5714448561064376,Galphai
GO_Biological_Process_GeneRIF_Predicted_zscore,regulation_of_cytoskeleton_organization_(GO:0051493),2/200,0.2235556120827191,0.3499368677534138,0.2445725924537249,0.382835242400092,1.0694300068199138,-1.6021078233264094,MEP-1;Rok
GO_Biological_Process_GeneRIF_Predicted_zscore,organelle_membrane_fusion_(GO:0090174),1/200,0.5919899825931167,0.5919899825931167,0.6153158258446757,0.6153158258446757,3.1175812824925737,-1.6344405141726277,Pat1
GO_Biological_Process_GeneRIF_Predicted_zscore,organophosphate_biosynthetic_process_(GO:0090407),1/200,0.5919899825931167,0.5919899825931167,0.6153158258446757,0.6153158258446757,3.377234125028165,-1.7705675585077636,numb
GO_Biological_Process_GeneRIF_Predicted_zscore,phospholipid_biosynthetic_process_(GO:0008654),1/200,0.5919899825931167,0.5919899825931167,0.6153158258446757,0.6153158258446757,3.392624359633603,-1.778636128556926,Sxl
GO_Biological_Process_GeneRIF_Predicted_zscore,pattern_recognition_receptor_signaling_pathway_(GO:0002221),1/200,0.5919899825931167,0.5919899825931167,0.6153158258446757,0.6153158258446757,3.414200069346599,-1.7899475302114658,CG3961
GO_Biological_Process_GeneRIF_Predicted_zscore,regulation_of_innate_immune_response_(GO:0045088),2/200,0.2235556120827191,0.3499368677534138,0.2445725924537249,0.382835242400092,1.2010330656236992,-1.799261717212552,MEP-1;Rok
GO_Biological_Process_GeneRIF_Predicted_zscore,organelle_fusion_(GO:0048284),2/200,0.2235556120827191,0.3499368677534138,0.2445725924537249,0.382835242400092,1.2296395144943384,-1.8421168973000464,MEP-1;Pat1
GO_Biological_Process_GeneRIF_Predicted_zscore,organelle_transport_along_microtubule_(GO:0072384),2/200,0.2235556120827191,0.3499368677534138,0.2445725924537249,0.382835242400092,1.239820176840509,-1.8573684973930211,MEP-1;Rok
GO_Biological_Process_GeneRIF_Predicted_zscore,regulation_of_microtubule_polymerization_or_depolymerization_(GO:0031110),2/200,0.2235556120827191,0.3499368677534138,0.2445725924537249,0.382835242400092,1.2564635386175869,-1.88230183565683,MEP-1;Rok
GO_Biological_Process_GeneRIF_Predicted_zscore,regulation_of_neurotransmitter_transport_(GO:0051588),1/200,0.5919899825931167,0.5919899825931167,0.6153158258446757,0.6153158258446757,3.609388387929044,-1.8922780444392504,CG32982
GO_Biological_Process_GeneRIF_Predicted_zscore,peptide_biosynthetic_process_(GO:0043043),1/200,0.5919899825931167,0.5919899825931167,0.6153158258446757,0.6153158258446757,3.6749484256662335,-1.9266489147001464,MEP-1
GO_Biological_Process_GeneRIF_Predicted_zscore,phosphatidylethanolamine_metabolic_process_(GO:0046337),1/146,0.4797923071763716,0.5919899825931167,0.5017153803960241,0.6153158258446757,2.6294847056021697,-1.9310987271102595,Cyp4d2
GO_Biological_Process_GeneRIF_Predicted_zscore,peptidyl-glutamic_acid_modification_(GO:0018200),1/200,0.5919899825931167,0.5919899825931167,0.6153158258446757,0.6153158258446757,3.684644430873074,-1.9317321963533576,MEP-1
GO_Biological_Process_GeneRIF_Predicted_zscore,phagocytosis_(GO:0006909),1/200,0.5919899825931167,0.5919899825931167,0.6153158258446757,0.6153158258446757,3.686994776265912,-1.93296440150994,Galphai
GO_Biological_Process_GeneRIF_Predicted_zscore,regulation_of_cell_morphogenesis_involved_in_differentiation_(GO:0010769),3/200,0.0599066825338914,0.2005231514580909,0.0691858637773741,0.2309798889650876,0.692705156122051,-1.9499423066266897,Dsp1;MEP-1;Rok
GO_Biological_Process_GeneRIF_Predicted_zscore,phosphatidylinositol_dephosphorylation_(GO:0046856),1/200,0.5919899825931167,0.5919899825931167,0.6153158258446757,0.6153158258446757,3.7218322301013713,-1.9512284789468464,Pat1
GO_Biological_Process_GeneRIF_Predicted_zscore,regulation_of_cell_motility_(GO:2000145),3/200,0.0599066825338914,0.2005231514580909,0.0691858637773741,0.2309798889650876,0.7163475417601092,-2.016494847166911,MEP-1;Galphai;Rok
GO_Biological_Process_GeneRIF_Predicted_zscore,positive_regulation_of_GTPase_activity_(GO:0043547),2/102,0.0758017272252103,0.2511054633145212,0.0852537519800677,0.2824168218047722,0.7851626355223542,-2.025432387140798,MEP-1;Galphai
GO_Biological_Process_GeneRIF_Predicted_zscore,protein_localization_to_cilium_(GO:0061512),4/200,0.0122414622125937,0.1523646073450994,0.0149162622187849,0.1856567782959446,0.4624316837445161,-2.03605273663425,Dsp1;robo2;Sxl;numb
GO_Biological_Process_GeneRIF_Predicted_zscore,regulation_of_compound_eye_cone_cell_fate_specification_(GO:0042682),1/200,0.5919899825931167,0.5919899825931167,0.6153158258446757,0.6153158258446757,4.04439535820664,-2.120337219724245,numb
GO_Biological_Process_GeneRIF_Predicted_zscore,positive_regulation_of_protein_ubiquitination_(GO:0031398),3/200,0.0599066825338914,0.2005231514580909,0.0691858637773741,0.2309798889650876,0.7623217120639417,-2.145910629473732,Dsp1;MEP-1;Rok
GO_Biological_Process_GeneRIF_Predicted_zscore,regulation_of_compound_eye_retinal_cell_programmed_cell_death_(GO:0046669),1/200,0.5919899825931167,0.5919899825931167,0.6153158258446757,0.6153158258446757,4.106639428119316,-2.15296964223832,numb
GO_Biological_Process_GeneRIF_Predicted_zscore,regulation_of_synaptic_growth_at_neuromuscular_junction_(GO:0008582),1/200,0.5919899825931167,0.5919899825931167,0.6153158258446757,0.6153158258446757,4.163966133815457,-2.183024060020464,Sxl
GO_Biological_Process_GeneRIF_Predicted_zscore,regulation_of_endocytosis_(GO:0030100),1/159,0.5093141900393527,0.5919899825931167,0.5317406922589694,0.6153158258446757,3.307109680691799,-2.231274437755083,MEP-1
GO_Biological_Process_GeneRIF_Predicted_zscore,regulation_of_cuticle_pigmentation_(GO:0048079),1/200,0.5919899825931167,0.5919899825931167,0.6153158258446757,0.6153158258446757,4.281387118195068,-2.244583838802118,foxo
GO_Biological_Process_GeneRIF_Predicted_zscore,regulation_of_transferase_activity_(GO:0051338),2/200,0.2235556120827191,0.3499368677534138,0.2445725924537249,0.382835242400092,1.5053533717274683,-2.2551624681702886,MEP-1;Rok
GO_Biological_Process_GeneRIF_Predicted_zscore,regulation_of_intracellular_mRNA_localization_(GO:1904580),2/200,0.2235556120827191,0.3499368677534138,0.2445725924537249,0.382835242400092,1.5248447229928082,-2.284362365452264,MEP-1;Rok
GO_Biological_Process_GeneRIF_Predicted_zscore,phospholipid_translocation_(GO:0045332),3/200,0.0599066825338914,0.2005231514580909,0.0691858637773741,0.2309798889650876,0.8209676087698446,-2.310996906205227,MEP-1;Galphai;Pat1
GO_Biological_Process_GeneRIF_Predicted_zscore,phospholipid_catabolic_process_(GO:0009395),1/200,0.5919899825931167,0.5919899825931167,0.6153158258446757,0.6153158258446757,4.515155447487623,-2.367140524163251,Sxl
GO_Biological_Process_GeneRIF_Predicted_zscore,regulation_of_olfactory_learning_(GO:0090328),1/200,0.5919899825931167,0.5919899825931167,0.6153158258446757,0.6153158258446757,4.610751481622392,-2.4172582330619825,Sxl
GO_Biological_Process_GeneRIF_Predicted_zscore,protein_targeting_to_membrane_(GO:0006612),3/184,0.0489657975052254,0.2005231514580909,0.0568331091707289,0.2309798889650876,0.8031204291954541,-2.422719778170643,MEP-1;robo2;Rok
GO_Biological_Process_GeneRIF_Predicted_zscore,"phagocytosis,_engulfment_(GO:0006911)",2/200,0.2235556120827191,0.3499368677534138,0.2445725924537249,0.382835242400092,1.6634899084699553,-2.4920660346058856,Rac2;Rok
GO_Biological_Process_GeneRIF_Predicted_zscore,regulation_of_transcription_from_RNA_polymerase_II_promoter_(GO:0006357),1/200,0.5919899825931167,0.5919899825931167,0.6153158258446757,0.6153158258446757,4.840811001261309,-2.5378705172325824,MEP-1
GO_Biological_Process_GeneRIF_Predicted_zscore,phospholipid_metabolic_process_(GO:0006644),1/200,0.5919899825931167,0.5919899825931167,0.6153158258446757,0.6153158258446757,4.844297410162761,-2.5396983213669944,Sxl
GO_Biological_Process_GeneRIF_Predicted_zscore,open_tracheal_system_development_(GO:0007424),2/200,0.2235556120827191,0.3499368677534138,0.2445725924537249,0.382835242400092,1.707627602764919,-2.558188496929368,Dsp1;robo2
GO_Biological_Process_GeneRIF_Predicted_zscore,regulation_of_muscle_contraction_(GO:0006937),1/200,0.5919899825931167,0.5919899825931167,0.6153158258446757,0.6153158258446757,4.8917738032303095,-2.564588559428196,numb
GO_Biological_Process_GeneRIF_Predicted_zscore,regulation_of_cellular_response_to_stress_(GO:0080135),1/83,0.3099125184646321,0.4821697192617213,0.327440766213611,0.5094406095702055,2.2085195368912744,-2.5872038247823506,MEP-1
GO_Biological_Process_GeneRIF_Predicted_zscore,regulation_of_protein_kinase_activity_(GO:0045859),2/200,0.2235556120827191,0.3499368677534138,0.2445725924537249,0.382835242400092,1.7839049710979873,-2.6724592465528514,MEP-1;Rok
GO_Biological_Process_GeneRIF_Predicted_zscore,positive_regulation_of_imaginal_disc_growth_(GO:0045572),2/121,0.1013090496126662,0.3330210297524053,0.1130629736340797,0.371658287689462,1.1734028762792714,-2.686599214119102,Dsp1;robo2
GO_Biological_Process_GeneRIF_Predicted_zscore,phosphatidylinositol_biosynthetic_process_(GO:0006661),1/200,0.5919899825931167,0.5919899825931167,0.6153158258446757,0.6153158258446757,5.131746550465308,-2.6903980074707503,Ubr1
GO_Biological_Process_GeneRIF_Predicted_zscore,regulation_of_neuromuscular_synaptic_transmission_(GO:1900073),1/200,0.5919899825931167,0.5919899825931167,0.6153158258446757,0.6153158258446757,5.132981216602426,-2.6910453004113752,Sxl
GO_Biological_Process_GeneRIF_Predicted_zscore,phosphatidylinositol_metabolic_process_(GO:0046488),1/200,0.5919899825931167,0.5919899825931167,0.6153158258446757,0.6153158258446757,5.165478814173826,-2.7080826717807303,Ubr1
GO_Biological_Process_GeneRIF_Predicted_zscore,regulation_of_synapse_organization_(GO:0050807),1/200,0.5919899825931167,0.5919899825931167,0.6153158258446757,0.6153158258446757,5.199203374976772,-2.725763297722564,CG11768
GO_Biological_Process_GeneRIF_Predicted_zscore,regulation_of_protein_kinase_B_signaling_(GO:0051896),2/200,0.2235556120827191,0.3499368677534138,0.2445725924537249,0.382835242400092,1.8394871977518377,-2.755726706407315,MEP-1;Rok
GO_Biological_Process_GeneRIF_Predicted_zscore,"regulation_of_synaptic_transmission,_glutamatergic_(GO:0051966)",1/200,0.5919899825931167,0.5919899825931167,0.6153158258446757,0.6153158258446757,5.286236773366946,-2.77139191155017,Sxl
GO_Biological_Process_GeneRIF_Predicted_zscore,regulation_of_transcription_from_RNA_polymerase_III_promoter_(GO:0006359),2/200,0.2235556120827191,0.3499368677534138,0.2445725924537249,0.382835242400092,1.896629860698254,-2.8413318481822207,MEP-1;Galphai
GO_Biological_Process_GeneRIF_Predicted_zscore,regulation_of_protein_modification_process_(GO:0031399),2/200,0.2235556120827191,0.3499368677534138,0.2445725924537249,0.382835242400092,1.8977127053843683,-2.8429540524704944,Ubr1;Rok
GO_Biological_Process_GeneRIF_Predicted_zscore,regulation_of_cellular_protein_metabolic_process_(GO:0032268),1/200,0.5919899825931167,0.5919899825931167,0.6153158258446757,0.6153158258446757,5.452168651451353,-2.85838428145466,Pat1
GO_Biological_Process_GeneRIF_Predicted_zscore,regulation_of_protein_export_from_nucleus_(GO:0046825),2/200,0.2235556120827191,0.3499368677534138,0.2445725924537249,0.382835242400092,1.9147215428415896,-2.86843490804975,Dsp1;MEP-1
GO_Biological_Process_GeneRIF_Predicted_zscore,regulation_of_protein_localization_(GO:0032880),2/200,0.2235556120827191,0.3499368677534138,0.2445725924537249,0.382835242400092,1.9186485647088785,-2.8743179601577284,MEP-1;Rok
GO_Biological_Process_GeneRIF_Predicted_zscore,regulation_of_cellular_amide_metabolic_process_(GO:0034248),1/200,0.5919899825931167,0.5919899825931167,0.6153158258446757,0.6153158258446757,5.485370477207158,-2.875790855411378,Pat1
GO_Biological_Process_GeneRIF_Predicted_zscore,positive_regulation_of_muscle_organ_development_(GO:0048636),2/124,0.1055309078348276,0.3460118256886165,0.1176506493956183,0.382835242400092,1.2868373264891184,-2.893777244292596,Sxl;numb
GO_Biological_Process_GeneRIF_Predicted_zscore,regulation_of_protein_transport_(GO:0051223),2/200,0.2235556120827191,0.3499368677534138,0.2445725924537249,0.382835242400092,1.9486982458278612,-2.91933523936457,MEP-1;Rok
GO_Biological_Process_GeneRIF_Predicted_zscore,regulation_of_protein_phosphorylation_(GO:0001932),2/200,0.2235556120827191,0.3499368677534138,0.2445725924537249,0.382835242400092,1.953998007266052,-2.9272747858591903,Dsp1;MEP-1
GO_Biological_Process_GeneRIF_Predicted_zscore,regulation_of_protein_ubiquitination_(GO:0031396),2/200,0.2235556120827191,0.3499368677534138,0.2445725924537249,0.382835242400092,1.9907385692930468,-2.982315640783294,MEP-1;Galphai
GO_Biological_Process_GeneRIF_Predicted_zscore,"regulation_of_gene_expression,_epigenetic_(GO:0040029)",1/200,0.5919899825931167,0.5919899825931167,0.6153158258446757,0.6153158258446757,5.803284761482385,-3.042462367449128,MEP-1
GO_Biological_Process_GeneRIF_Predicted_zscore,renal_tubule_morphogenesis_(GO:0061333),1/200,0.5919899825931167,0.5919899825931167,0.6153158258446757,0.6153158258446757,5.815257533526738,-3.048739279556003,robo2
GO_Biological_Process_GeneRIF_Predicted_zscore,regulation_of_mitotic_cell_cycle_phase_transition_(GO:1901990),1/200,0.5919899825931167,0.5919899825931167,0.6153158258446757,0.6153158258446757,5.833112065879369,-3.0580997960572485,MEP-1
GO_Biological_Process_GeneRIF_Predicted_zscore,regulation_of_cellular_pH_(GO:0030641),1/200,0.5919899825931167,0.5919899825931167,0.6153158258446757,0.6153158258446757,5.939415738490153,-3.11383115109717,Pat1
GO_Biological_Process_GeneRIF_Predicted_zscore,AMP_biosynthetic_process_(GO:0006167),2/200,0.2235556120827191,0.3499368677534138,0.2445725924537249,0.382835242400092,2.085816973417063,-3.124752129478273,Dsp1;Sxl
GO_Biological_Process_GeneRIF_Predicted_zscore,regulation_of_protein_serine/threonine_phosphatase_activity_(GO:0080163),1/200,0.5919899825931167,0.5919899825931167,0.6153158258446757,0.6153158258446757,6.049038708563748,-3.171302699498617,Pat1
GO_Biological_Process_GeneRIF_Predicted_zscore,regulation_of_protein_dephosphorylation_(GO:0035304),1/180,0.5535419183671468,0.5919899825931167,0.5765492623030883,0.6153158258446757,5.396240600197729,-3.1914327247593226,MEP-1
GO_Biological_Process_GeneRIF_Predicted_zscore,regulation_of_eclosion_(GO:0007563),1/200,0.5919899825931167,0.5919899825931167,0.6153158258446757,0.6153158258446757,6.105276471220575,-3.2007862219424177,Sxl
GO_Biological_Process_GeneRIF_Predicted_zscore,regulation_of_chromosome_organization_(GO:0033044),1/200,0.5919899825931167,0.5919899825931167,0.6153158258446757,0.6153158258446757,6.113696432077351,-3.205200517482792,MEP-1
GO_Biological_Process_GeneRIF_Predicted_zscore,regulation_of_cyclin-dependent_protein_kinase_activity_(GO:1904029),1/200,0.5919899825931167,0.5919899825931167,0.6153158258446757,0.6153158258446757,6.243883501280412,-3.273453114944102,MEP-1
GO_Biological_Process_GeneRIF_Predicted_zscore,regulation_of_glucose_metabolic_process_(GO:0010906),1/200,0.5919899825931167,0.5919899825931167,0.6153158258446757,0.6153158258446757,6.26433022703394,-3.2841726291846496,Rok
GO_Biological_Process_GeneRIF_Predicted_zscore,regulation_of_cell_fate_specification_(GO:0042659),3/200,0.0599066825338914,0.2005231514580909,0.0691858637773741,0.2309798889650876,1.1708682397894303,-3.2959557122867142,Dsp1;robo2;numb
GO_Biological_Process_GeneRIF_Predicted_zscore,regulation_of_centrosome_cycle_(GO:0046605),1/200,0.5919899825931167,0.5919899825931167,0.6153158258446757,0.6153158258446757,6.303691686963273,-3.3048084872348515,MEP-1
GO_Biological_Process_GeneRIF_Predicted_zscore,regulation_of_chromatin_organization_(GO:1902275),1/200,0.5919899825931167,0.5919899825931167,0.6153158258446757,0.6153158258446757,6.386924237703735,-3.3484444475198623,MEP-1
GO_Biological_Process_GeneRIF_Predicted_zscore,regulation_of_mRNA_stability_(GO:0043488),1/200,0.5919899825931167,0.5919899825931167,0.6153158258446757,0.6153158258446757,6.401365478827583,-3.356015492964709,MEP-1
GO_Biological_Process_GeneRIF_Predicted_zscore,regulation_of_double-strand_break_repair_(GO:2000779),1/200,0.5919899825931167,0.5919899825931167,0.6153158258446757,0.6153158258446757,6.430685161668,-3.371386793070397,Galphai
GO_Biological_Process_GeneRIF_Predicted_zscore,regulation_of_chromatin_silencing_(GO:0031935),1/200,0.5919899825931167,0.5919899825931167,0.6153158258446757,0.6153158258446757,6.452881485738909,-3.3830235614622683,MEP-1
GO_Biological_Process_GeneRIF_Predicted_zscore,synaptic_target_recognition_(GO:0008039),2/200,0.2235556120827191,0.3499368677534138,0.2445725924537249,0.382835242400092,2.268754288575546,-3.3988096198466806,Dsp1;Sxl
GO_Biological_Process_GeneRIF_Predicted_zscore,regulation_of_insulin_secretion_(GO:0050796),1/200,0.5919899825931167,0.5919899825931167,0.6153158258446757,0.6153158258446757,6.55868721478038,-3.4384938618352185,numb
GO_Biological_Process_GeneRIF_Predicted_zscore,regulation_of_tube_size_(GO:0035150),1/200,0.5919899825931167,0.5919899825931167,0.6153158258446757,0.6153158258446757,6.624087935750243,-3.4727812078009923,robo2
GO_Biological_Process_GeneRIF_Predicted_zscore,regulation_of_phagocytosis_(GO:0050764),1/111,0.3912951661804408,0.5919899825931167,0.4112208491334042,0.6153158258446757,3.707745321194421,-3.478951862830725,MEP-1
GO_Biological_Process_GeneRIF_Predicted_zscore,regulation_of_cellular_localization_(GO:0060341),2/200,0.2235556120827191,0.3499368677534138,0.2445725924537249,0.382835242400092,2.3248718493735163,-3.4828790611444536,MEP-1;Rok
GO_Biological_Process_GeneRIF_Predicted_zscore,regulation_of_cell_growth_(GO:0001558),3/200,0.0599066825338914,0.2005231514580909,0.0691858637773741,0.2309798889650876,1.2436574703562358,-3.5008550101981197,Dsp1;MEP-1;robo2
GO_Biological_Process_GeneRIF_Predicted_zscore,positive_regulation_of_smoothened_signaling_pathway_(GO:0045880),3/200,0.0599066825338914,0.2005231514580909,0.0691858637773741,0.2309798889650876,1.253963329278868,-3.529865665224665,Dsp1;MEP-1;Galphai
GO_Biological_Process_GeneRIF_Predicted_zscore,regulation_of_cell_development_(GO:0060284),1/200,0.5919899825931167,0.5919899825931167,0.6153158258446757,0.6153158258446757,6.820600736050251,-3.5758061021854783,Pat1
GO_Biological_Process_GeneRIF_Predicted_zscore,regulation_of_smoothened_signaling_pathway_(GO:0008589),2/200,0.2235556120827191,0.3499368677534138,0.2445725924537249,0.382835242400092,2.4194938358291123,-3.624631792779488,Dsp1;MEP-1
GO_Biological_Process_GeneRIF_Predicted_zscore,regulation_of_cellular_component_organization_(GO:0051128),2/200,0.2235556120827191,0.3499368677534138,0.2445725924537249,0.382835242400092,2.450042128325111,-3.670396039233201,MEP-1;Rok
GO_Biological_Process_GeneRIF_Predicted_zscore,regulation_of_stem_cell_proliferation_(GO:0072091),2/200,0.2235556120827191,0.3499368677534138,0.2445725924537249,0.382835242400092,2.4693860197093143,-3.699375027593893,MEP-1;Rok
GO_Biological_Process_GeneRIF_Predicted_zscore,peripheral_nervous_system_neuron_development_(GO:0048935),2/200,0.2235556120827191,0.3499368677534138,0.2445725924537249,0.382835242400092,2.5065391585359804,-3.755033961788505,Dsp1;Sxl
GO_Biological_Process_GeneRIF_Predicted_zscore,"regulation_of_vesicle_targeting,_to,_from_or_within_Golgi_(GO:0048209)",1/135,0.4534455188500152,0.5919899825931167,0.4748472506286255,0.6153158258446757,4.749496003326208,-3.756282118582393,MEP-1
GO_Biological_Process_GeneRIF_Predicted_zscore,peripheral_nervous_system_development_(GO:0007422),2/200,0.2235556120827191,0.3499368677534138,0.2445725924537249,0.382835242400092,2.5239023004020877,-3.781045599056788,Dsp1;Sxl
GO_Biological_Process_GeneRIF_Predicted_zscore,positive_regulation_of_signal_transduction_(GO:0009967),2/197,0.2186492991478108,0.3499368677534138,0.2393413213051713,0.382835242400092,2.490781635262948,-3.786700963467308,Dsp1;MEP-1
GO_Biological_Process_GeneRIF_Predicted_zscore,regulation_of_translation_(GO:0006417),1/200,0.5919899825931167,0.5919899825931167,0.6153158258446757,0.6153158258446757,7.253877888660734,-3.802958393632948,MEP-1
GO_Biological_Process_GeneRIF_Predicted_zscore,positive_regulation_of_signaling_(GO:0023056),3/200,0.0599066825338914,0.2005231514580909,0.0691858637773741,0.2309798889650876,1.3529238805771635,-3.8084363730622255,Dsp1;MEP-1;robo2
GO_Biological_Process_GeneRIF_Predicted_zscore,regulation_of_tube_diameter_(GO:0035296),2/200,0.2235556120827191,0.3499368677534138,0.2445725924537249,0.382835242400092,2.588544205251277,-3.877885318171802,robo2;numb
GO_Biological_Process_GeneRIF_Predicted_zscore,positive_regulation_of_growth_(GO:0045927),2/192,0.210495099765059,0.3499368677534138,0.2306390553699973,0.382835242400092,2.548425604439061,-3.9711935387165775,Dsp1;MEP-1
GO_Biological_Process_GeneRIF_Predicted_zscore,regulation_of_humoral_immune_response_(GO:0002920),1/200,0.5919899825931167,0.5919899825931167,0.6153158258446757,0.6153158258446757,7.732324181293589,-4.053791309819054,Pat1
GO_Biological_Process_GeneRIF_Predicted_zscore,signal_peptide_processing_(GO:0006465),1/175,0.543383107202772,0.5919899825931167,0.5662764485610524,0.6153158258446757,6.662711859692373,-4.063858933696025,MEP-1
GO_Biological_Process_GeneRIF_Predicted_zscore,regulation_of_cell_size_(GO:0008361),2/200,0.2235556120827191,0.3499368677534138,0.2445725924537249,0.382835242400092,2.747296266845032,-4.115710999353926,MEP-1;Rok
GO_Biological_Process_GeneRIF_Predicted_zscore,pre-miRNA_processing_(GO:0031054),2/188,0.2039955165359928,0.3499368677534138,0.2236954094368446,0.382835242400092,2.613703655684805,-4.154892999965836,Dsp1;MEP-1
GO_Biological_Process_GeneRIF_Predicted_zscore,positive_regulation_of_secretion_by_cell_(GO:1903532),1/200,0.5919899825931167,0.5919899825931167,0.6153158258446757,0.6153158258446757,7.941173197775067,-4.1632836575565015,Dsp1
GO_Biological_Process_GeneRIF_Predicted_zscore,positive_regulation_of_stem_cell_proliferation_(GO:2000648),3/200,0.0599066825338914,0.2005231514580909,0.0691858637773741,0.2309798889650876,1.4943022998703148,-4.206411988787467,Dsp1;MEP-1;robo2
GO_Biological_Process_GeneRIF_Predicted_zscore,primary_miRNA_processing_(GO:0031053),2/188,0.2039955165359928,0.3499368677534138,0.2236954094368446,0.382835242400092,2.6613253446803165,-4.230595163760743,Dsp1;MEP-1
GO_Biological_Process_GeneRIF_Predicted_zscore,positive_regulation_of_translation_(GO:0045727),1/200,0.5919899825931167,0.5919899825931167,0.6153158258446757,0.6153158258446757,8.18386954552107,-4.290520995561253,MEP-1
GO_Biological_Process_GeneRIF_Predicted_zscore,regulation_of_macroautophagy_(GO:0016241),1/166,0.5245180162084848,0.5919899825931167,0.5471685366539656,0.6153158258446757,6.679458428451342,-4.310090893409287,MEP-1
GO_Biological_Process_GeneRIF_Predicted_zscore,posttranscriptional_gene_silencing_by_RNA_(GO:0035194),1/200,0.5919899825931167,0.5919899825931167,0.6153158258446757,0.6153158258446757,8.226087913512337,-4.312654632132232,MEP-1
GO_Biological_Process_GeneRIF_Predicted_zscore,regulation_of_triglyceride_catabolic_process_(GO:0010896),1/200,0.5919899825931167,0.5919899825931167,0.6153158258446757,0.6153158258446757,8.247417597637302,-4.323837051042726,foxo
GO_Biological_Process_GeneRIF_Predicted_zscore,regulation_of_cell_differentiation_(GO:0045595),3/200,0.0599066825338914,0.2005231514580909,0.0691858637773741,0.2309798889650876,1.5395877244615392,-4.333888974491356,Dsp1;MEP-1;robo2
GO_Biological_Process_GeneRIF_Predicted_zscore,positive_regulation_of_transferase_activity_(GO:0051347),3/200,0.0599066825338914,0.2005231514580909,0.0691858637773741,0.2309798889650876,1.5422940836822283,-4.341507286979305,Dsp1;MEP-1;robo2
GO_Biological_Process_GeneRIF_Predicted_zscore,regulation_of_vesicle_fusion_(GO:0031338),1/200,0.5919899825931167,0.5919899825931167,0.6153158258446757,0.6153158258446757,8.284407152381219,-4.343229400879497,Pat1
GO_Biological_Process_GeneRIF_Predicted_zscore,synaptonemal_complex_assembly_(GO:0007130),1/200,0.5919899825931167,0.5919899825931167,0.6153158258446757,0.6153158258446757,8.328312367240041,-4.366247393177468,MEP-1
GO_Biological_Process_GeneRIF_Predicted_zscore,positive_regulation_of_steroid_hormone_biosynthetic_process_(GO:0090031),1/200,0.5919899825931167,0.5919899825931167,0.6153158258446757,0.6153158258446757,8.347168598193106,-4.376133065761967,Sxl
GO_Biological_Process_GeneRIF_Predicted_zscore,postsynaptic_membrane_organization_(GO:0001941),1/200,0.5919899825931167,0.5919899825931167,0.6153158258446757,0.6153158258446757,8.480476091792706,-4.446021594284243,fru
GO_Biological_Process_GeneRIF_Predicted_zscore,positive_regulation_of_transport_(GO:0051050),1/200,0.5919899825931167,0.5919899825931167,0.6153158258446757,0.6153158258446757,8.562937016977678,-4.489253017861023,MEP-1
GO_Biological_Process_GeneRIF_Predicted_zscore,pre-mRNA_cleavage_required_for_polyadenylation_(GO:0098789),1/200,0.5919899825931167,0.5919899825931167,0.6153158258446757,0.6153158258446757,8.607745724021239,-4.512744680000184,Galphai
GO_Biological_Process_GeneRIF_Predicted_zscore,protein-DNA_complex_assembly_(GO:0065004),1/200,0.5919899825931167,0.5919899825931167,0.6153158258446757,0.6153158258446757,8.786053110924069,-4.606225103034168,MEP-1
GO_Biological_Process_GeneRIF_Predicted_zscore,proteasome_assembly_(GO:0043248),1/200,0.5919899825931167,0.5919899825931167,0.6153158258446757,0.6153158258446757,8.800029563419955,-4.613552475806121,Galphai
GO_Biological_Process_GeneRIF_Predicted_zscore,positive_regulation_of_cell_development_(GO:0010720),2/184,0.1975201379055687,0.3499368677534138,0.2167711988054561,0.382835242400092,2.866080251370573,-4.648537793568986,Dsp1;MEP-1
GO_Biological_Process_GeneRIF_Predicted_zscore,protein-DNA_complex_subunit_organization_(GO:0071824),1/200,0.5919899825931167,0.5919899825931167,0.6153158258446757,0.6153158258446757,8.920622857964789,-4.676775387570603,MEP-1
GO_Biological_Process_GeneRIF_Predicted_zscore,protein_acylation_(GO:0043543),1/200,0.5919899825931167,0.5919899825931167,0.6153158258446757,0.6153158258446757,8.94215456452293,-4.688063719886277,MEP-1
GO_Biological_Process_GeneRIF_Predicted_zscore,protein_acetylation_(GO:0006473),1/200,0.5919899825931167,0.5919899825931167,0.6153158258446757,0.6153158258446757,8.968748255563087,-4.702005876359154,MEP-1
GO_Biological_Process_GeneRIF_Predicted_zscore,protein_complex_assembly_(GO:0006461),1/200,0.5919899825931167,0.5919899825931167,0.6153158258446757,0.6153158258446757,8.978569403243148,-4.70715476590186,MEP-1
GO_Biological_Process_GeneRIF_Predicted_zscore,protein_autophosphorylation_(GO:0046777),1/200,0.5919899825931167,0.5919899825931167,0.6153158258446757,0.6153158258446757,8.988827355472289,-4.71253265702852,MEP-1
GO_Biological_Process_GeneRIF_Predicted_zscore,regulation_of_ion_transport_(GO:0043269),2/200,0.2235556120827191,0.3499368677534138,0.2445725924537249,0.382835242400092,3.154997138344209,-4.726485665896287,Pdh;ninaE
GO_Biological_Process_GeneRIF_Predicted_zscore,regulation_of_intracellular_signal_transduction_(GO:1902531),2/200,0.2235556120827191,0.3499368677534138,0.2445725924537249,0.382835242400092,3.162342215894013,-4.737489290378897,MEP-1;Rok
GO_Biological_Process_GeneRIF_Predicted_zscore,regulation_of_intracellular_transport_(GO:0032386),2/200,0.2235556120827191,0.3499368677534138,0.2445725924537249,0.382835242400092,3.163427327002352,-4.739114889983135,MEP-1;Rok
GO_Biological_Process_GeneRIF_Predicted_zscore,regulation_of_mitotic_nuclear_division_(GO:0007088),1/200,0.5919899825931167,0.5919899825931167,0.6153158258446757,0.6153158258446757,9.062049717882552,-4.750920620267471,MEP-1
GO_Biological_Process_GeneRIF_Predicted_zscore,phosphorylation_of_RNA_polymerase_II_C-terminal_domain_(GO:0070816),1/200,0.5919899825931167,0.5919899825931167,0.6153158258446757,0.6153158258446757,9.065216558535877,-4.75258088577355,MEP-1
GO_Biological_Process_GeneRIF_Predicted_zscore,regulation_of_ion_homeostasis_(GO:2000021),2/200,0.2235556120827191,0.3499368677534138,0.2445725924537249,0.382835242400092,3.1776698252283517,-4.760451506391944,foxo;Cyp4d2
GO_Biological_Process_GeneRIF_Predicted_zscore,regulation_of_exit_from_mitosis_(GO:0007096),1/200,0.5919899825931167,0.5919899825931167,0.6153158258446757,0.6153158258446757,9.22935331570024,-4.838632135593686,MEP-1
GO_Biological_Process_GeneRIF_Predicted_zscore,synapse_assembly_(GO:0007416),1/200,0.5919899825931167,0.5919899825931167,0.6153158258446757,0.6153158258446757,9.306710793681813,-4.87918799753619,Sxl
GO_Biological_Process_GeneRIF_Predicted_zscore,regulation_of_kinase_activity_(GO:0043549),2/200,0.2235556120827191,0.3499368677534138,0.2445725924537249,0.382835242400092,3.264493718777502,-4.890521953470934,MEP-1;Rok
GO_Biological_Process_GeneRIF_Predicted_zscore,protein_import_into_nucleus_(GO:0006606),1/200,0.5919899825931167,0.5919899825931167,0.6153158258446757,0.6153158258446757,9.333453292777037,-4.893208168948212,MEP-1
GO_Biological_Process_GeneRIF_Predicted_zscore,regulation_of_eye_pigmentation_(GO:0048073),1/200,0.5919899825931167,0.5919899825931167,0.6153158258446757,0.6153158258446757,9.342303139645765,-4.8978478389217575,MEP-1
GO_Biological_Process_GeneRIF_Predicted_zscore,regulation_of_mitotic_cell_cycle_(GO:0007346),1/200,0.5919899825931167,0.5919899825931167,0.6153158258446757,0.6153158258446757,9.35618207305878,-4.905124085796579,MEP-1
GO_Biological_Process_GeneRIF_Predicted_zscore,synapsis_(GO:0007129),1/200,0.5919899825931167,0.5919899825931167,0.6153158258446757,0.6153158258446757,9.3669314688452,-4.910759623857725,Sxl
GO_Biological_Process_GeneRIF_Predicted_zscore,protein_dephosphorylation_(GO:0006470),1/191,0.5751113191039018,0.5919899825931167,0.5983200066187226,0.6153158258446757,8.898297064921785,-4.922463711000502,MEP-1
GO_Biological_Process_GeneRIF_Predicted_zscore,"protein_import_into_nucleus,_translocation_(GO:0000060)",1/200,0.5919899825931167,0.5919899825931167,0.6153158258446757,0.6153158258446757,9.414817720273213,-4.935864736544065,MEP-1
GO_Biological_Process_GeneRIF_Predicted_zscore,regulation_of_intracellular_pH_(GO:0051453),2/200,0.2235556120827191,0.3499368677534138,0.2445725924537249,0.382835242400092,3.300847255052061,-4.944983007022482,MEP-1;Rok
GO_Biological_Process_GeneRIF_Predicted_zscore,protein_localization_to_nucleus_(GO:0034504),1/200,0.5919899825931167,0.5919899825931167,0.6153158258446757,0.6153158258446757,9.476846494454302,-4.968384286919663,MEP-1
GO_Biological_Process_GeneRIF_Predicted_zscore,stress-activated_MAPK_cascade_(GO:0051403),2/200,0.2235556120827191,0.3499368677534138,0.2445725924537249,0.382835242400092,3.323478784643745,-4.97888718998112,MEP-1;Rok
GO_Biological_Process_GeneRIF_Predicted_zscore,spermatid_development_(GO:0007286),1/184,0.5615077908799284,0.5919899825931167,0.5845960475761233,0.6153158258446757,8.64566134742782,-4.989667332642645,MEP-1
GO_Biological_Process_GeneRIF_Predicted_zscore,protein_localization_to_microtubule_plus-end_(GO:1904825),1/200,0.5919899825931167,0.5919899825931167,0.6153158258446757,0.6153158258446757,9.518476504408412,-4.990209467631554,Rok
GO_Biological_Process_GeneRIF_Predicted_zscore,protein_methylation_(GO:0006479),1/200,0.5919899825931167,0.5919899825931167,0.6153158258446757,0.6153158258446757,9.560893182011734,-5.012447071103447,MEP-1
GO_Biological_Process_GeneRIF_Predicted_zscore,protein_ubiquitination_(GO:0016567),1/200,0.5919899825931167,0.5919899825931167,0.6153158258446757,0.6153158258446757,9.597923091630085,-5.031860577611285,MEP-1
GO_Biological_Process_GeneRIF_Predicted_zscore,protein_localization_to_cell_periphery_(GO:1990778),1/200,0.5919899825931167,0.5919899825931167,0.6153158258446757,0.6153158258446757,9.613603028289774,-5.040081028471756,MEP-1
GO_Biological_Process_GeneRIF_Predicted_zscore,protein_localization_to_microtubule_cytoskeleton_(GO:0072698),1/200,0.5919899825931167,0.5919899825931167,0.6153158258446757,0.6153158258446757,9.64315081441984,-5.055571915277594,MEP-1
GO_Biological_Process_GeneRIF_Predicted_zscore,protein_localization_to_microtubule_(GO:0035372),1/200,0.5919899825931167,0.5919899825931167,0.6153158258446757,0.6153158258446757,9.647166124586963,-5.057677004133167,MEP-1
GO_Biological_Process_GeneRIF_Predicted_zscore,protein_modification_by_small_protein_conjugation_(GO:0032446),1/200,0.5919899825931167,0.5919899825931167,0.6153158258446757,0.6153158258446757,9.674062750325731,-5.071777978837131,MEP-1
GO_Biological_Process_GeneRIF_Predicted_zscore,regulation_of_insulin_receptor_signaling_pathway_(GO:0046626),2/200,0.2235556120827191,0.3499368677534138,0.2445725924537249,0.382835242400092,3.423035574039308,-5.128032725583012,MEP-1;Rok
GO_Biological_Process_GeneRIF_Predicted_zscore,tRNA_catabolic_process_(GO:0016078),1/200,0.5919899825931167,0.5919899825931167,0.6153158258446757,0.6153158258446757,9.97745514056479,-5.230836161885344,Galphai
GO_Biological_Process_GeneRIF_Predicted_zscore,tRNA_metabolic_process_(GO:0006399),1/200,0.5919899825931167,0.5919899825931167,0.6153158258446757,0.6153158258446757,10.02677865884364,-5.256694784090066,Galphai
GO_Biological_Process_GeneRIF_Predicted_zscore,response_to_insulin_(GO:0032868),1/90,0.3312142645697838,0.5140637859303424,0.3494169252097691,0.5423153730253318,4.759196538093905,-5.258863573894207,Pat1
GO_Biological_Process_GeneRIF_Predicted_zscore,protein_complex_localization_(GO:0031503),1/200,0.5919899825931167,0.5919899825931167,0.6153158258446757,0.6153158258446757,10.059778379135066,-5.273995401111203,MEP-1
GO_Biological_Process_GeneRIF_Predicted_zscore,protein_targeting_to_vacuole_(GO:0006623),1/168,0.528775756790989,0.5919899825931167,0.5514845384006116,0.6153158258446757,8.303262212051918,-5.290762600396774,egh
GO_Biological_Process_GeneRIF_Predicted_zscore,trachea_development_(GO:0060438),2/200,0.2235556120827191,0.3499368677534138,0.2445725924537249,0.382835242400092,3.539188506981221,-5.30204086204994,Dsp1;robo2
GO_Biological_Process_GeneRIF_Predicted_zscore,regulation_of_cell_cycle_process_(GO:0010564),1/200,0.5919899825931167,0.5919899825931167,0.6153158258446757,0.6153158258446757,10.135882615771385,-5.313894231771083,MEP-1
GO_Biological_Process_GeneRIF_Predicted_zscore,"specification_of_segmental_identity,_head_(GO:0007380)",1/200,0.5919899825931167,0.5919899825931167,0.6153158258446757,0.6153158258446757,10.153741569360674,-5.323257066174465,Dsp1
GO_Biological_Process_GeneRIF_Predicted_zscore,production_of_small_RNA_involved_in_gene_silencing_by_RNA_(GO:0070918),1/200,0.5919899825931167,0.5919899825931167,0.6153158258446757,0.6153158258446757,10.203298855179275,-5.34923824465062,MEP-1
GO_Biological_Process_GeneRIF_Predicted_zscore,telomere_capping_(GO:0016233),1/200,0.5919899825931167,0.5919899825931167,0.6153158258446757,0.6153158258446757,10.23189213074102,-5.364228714433543,Galphai
GO_Biological_Process_GeneRIF_Predicted_zscore,protein_localization_to_Golgi_apparatus_(GO:0034067),1/131,0.4435412964580044,0.5919899825931167,0.4647303509637542,0.6153158258446757,6.600800583723413,-5.366215666046847,Galphai
GO_Biological_Process_GeneRIF_Predicted_zscore,protein_complex_subunit_organization_(GO:0071822),1/200,0.5919899825931167,0.5919899825931167,0.6153158258446757,0.6153158258446757,10.3496914481398,-5.425986840189452,MEP-1
GO_Biological_Process_GeneRIF_Predicted_zscore,postsynaptic_membrane_assembly_(GO:0097104),1/200,0.5919899825931167,0.5919899825931167,0.6153158258446757,0.6153158258446757,10.426305214631366,-5.466152799807051,Sxl
GO_Biological_Process_GeneRIF_Predicted_zscore,regulation_of_hippo_signaling_(GO:0035330),2/200,0.2235556120827191,0.3499368677534138,0.2445725924537249,0.382835242400092,3.6811283984112873,-5.514680313956121,MEP-1;Rok
GO_Biological_Process_GeneRIF_Predicted_zscore,regulation_of_gene_silencing_(GO:0060968),2/200,0.2235556120827191,0.3499368677534138,0.2445725924537249,0.382835242400092,3.684882952996273,-5.520304993678358,Dsp1;MEP-1
GO_Biological_Process_GeneRIF_Predicted_zscore,regulation_of_gene_silencing_by_RNA_(GO:0060966),2/200,0.2235556120827191,0.3499368677534138,0.2445725924537249,0.382835242400092,3.697955686582773,-5.539889191445048,Dsp1;MEP-1
GO_Biological_Process_GeneRIF_Predicted_zscore,regulation_of_heterochromatin_assembly_(GO:0031445),2/200,0.2235556120827191,0.3499368677534138,0.2445725924537249,0.382835242400092,3.723533661009515,-5.578207428891724,MEP-1;Galphai
GO_Biological_Process_GeneRIF_Predicted_zscore,positive_regulation_of_neuromuscular_junction_development_(GO:1904398),1/200,0.5919899825931167,0.5919899825931167,0.6153158258446757,0.6153158258446757,10.641904778700338,-5.579184227193139,GEFmeso
GO_Biological_Process_GeneRIF_Predicted_zscore,trachea_morphogenesis_(GO:0060439),2/200,0.2235556120827191,0.3499368677534138,0.2445725924537249,0.382835242400092,3.7411999548246566,-5.604673216600996,Dsp1;robo2
GO_Biological_Process_GeneRIF_Predicted_zscore,"regulation_of_mitotic_cell_cycle,_embryonic_(GO:0009794)",1/200,0.5919899825931167,0.5919899825931167,0.6153158258446757,0.6153158258446757,10.707808723425272,-5.613735396045457,MEP-1
GO_Biological_Process_GeneRIF_Predicted_zscore,positive_regulation_of_protein_transport_(GO:0051222),1/200,0.5919899825931167,0.5919899825931167,0.6153158258446757,0.6153158258446757,10.738482038689956,-5.629816359019582,MEP-1
GO_Biological_Process_GeneRIF_Predicted_zscore,positive_regulation_of_synaptic_growth_at_neuromuscular_junction_(GO:0045887),1/200,0.5919899825931167,0.5919899825931167,0.6153158258446757,0.6153158258446757,10.77333174573475,-5.648086860392209,GEFmeso
GO_Biological_Process_GeneRIF_Predicted_zscore,positive_regulation_of_oogenesis_(GO:1905881),1/200,0.5919899825931167,0.5919899825931167,0.6153158258446757,0.6153158258446757,10.81340377047662,-5.669095243105706,numb
GO_Biological_Process_GeneRIF_Predicted_zscore,regulation_of_transport_(GO:0051049),2/200,0.2235556120827191,0.3499368677534138,0.2445725924537249,0.382835242400092,3.7891060144381896,-5.67644104843864,MEP-1;Rok
GO_Biological_Process_GeneRIF_Predicted_zscore,protein_import_(GO:0017038),1/200,0.5919899825931167,0.5919899825931167,0.6153158258446757,0.6153158258446757,10.836587215202169,-5.681249524865835,MEP-1
GO_Biological_Process_GeneRIF_Predicted_zscore,response_to_sterol_(GO:0036314),2/200,0.2235556120827191,0.3499368677534138,0.2445725924537249,0.382835242400092,3.8090421648021455,-5.706307297058393,Ubr1;Rok
GO_Biological_Process_GeneRIF_Predicted_zscore,protein_modification_process_(GO:0036211),1/200,0.5919899825931167,0.5919899825931167,0.6153158258446757,0.6153158258446757,10.911132216769127,-5.720330902270272,MEP-1
GO_Biological_Process_GeneRIF_Predicted_zscore,protein_O-linked_glycosylation_(GO:0006493),1/200,0.5919899825931167,0.5919899825931167,0.6153158258446757,0.6153158258446757,10.96296356717817,-5.747504294505,Dsp1
GO_Biological_Process_GeneRIF_Predicted_zscore,protein_prenylation_(GO:0018342),1/173,0.539255884646034,0.5919899825931167,0.5620995157088376,0.6153158258446757,9.37404787122687,-5.78908463404793,Dsp1
GO_Biological_Process_GeneRIF_Predicted_zscore,protein_deacetylation_(GO:0006476),1/200,0.5919899825931167,0.5919899825931167,0.6153158258446757,0.6153158258446757,11.050402110630356,-5.793345311937666,MEP-1
GO_Biological_Process_GeneRIF_Predicted_zscore,positive_regulation_of_proteolysis_(GO:0045862),1/200,0.5919899825931167,0.5919899825931167,0.6153158258446757,0.6153158258446757,11.207757800430851,-5.875841481641342,Galphai
GO_Biological_Process_GeneRIF_Predicted_zscore,protein_monoubiquitination_(GO:0006513),1/200,0.5919899825931167,0.5919899825931167,0.6153158258446757,0.6153158258446757,11.260925594814724,-5.903715525432342,MEP-1
GO_Biological_Process_GeneRIF_Predicted_zscore,protein_transport_(GO:0015031),2/181,0.1926812488432776,0.3499368677534138,0.2115926829687899,0.382835242400092,3.5916712944107627,-5.914469827352778,Dsp1;MEP-1
GO_Biological_Process_GeneRIF_Predicted_zscore,protein_localization_to_membrane_(GO:0072657),3/200,0.0599066825338914,0.2005231514580909,0.0691858637773741,0.2309798889650876,2.1013061664203336,-5.915107974678635,Dsp1;MEP-1;Rok
GO_Biological_Process_GeneRIF_Predicted_zscore,protein_localization_to_cell_surface_(GO:0034394),3/200,0.0599066825338914,0.2005231514580909,0.0691858637773741,0.2309798889650876,2.103528512754268,-5.921363806756998,Dsp1;MEP-1;Rok
GO_Biological_Process_GeneRIF_Predicted_zscore,ribosomal_protein_import_into_nucleus_(GO:0006610),1/200,0.5919899825931167,0.5919899825931167,0.6153158258446757,0.6153158258446757,11.539377522758835,-6.049698282910749,MEP-1
GO_Biological_Process_GeneRIF_Predicted_zscore,transforming_growth_factor_beta_receptor_signaling_pathway_(GO:0007179),2/200,0.2235556120827191,0.3499368677534138,0.2445725924537249,0.382835242400092,4.038309134832613,-6.049771015089269,Dsp1;robo2
GO_Biological_Process_GeneRIF_Predicted_zscore,regulation_of_mitochondrial_membrane_potential_(GO:0051881),1/200,0.5919899825931167,0.5919899825931167,0.6153158258446757,0.6153158258446757,11.71602149506082,-6.1423066349483,hb
GO_Biological_Process_GeneRIF_Predicted_zscore,protein_targeting_to_ER_(GO:0045047),1/200,0.5919899825931167,0.5919899825931167,0.6153158258446757,0.6153158258446757,11.796321994395802,-6.184405421645034,Galphai
GO_Biological_Process_GeneRIF_Predicted_zscore,response_to_ionizing_radiation_(GO:0010212),1/200,0.5919899825931167,0.5919899825931167,0.6153158258446757,0.6153158258446757,11.865278439012032,-6.2205569110791625,MEP-1
GO_Biological_Process_GeneRIF_Predicted_zscore,ribosome_assembly_(GO:0042255),1/200,0.5919899825931167,0.5919899825931167,0.6153158258446757,0.6153158258446757,11.89432843983788,-6.235786826190968,Galphai
GO_Biological_Process_GeneRIF_Predicted_zscore,semaphorin-plexin_signaling_pathway_(GO:0071526),1/200,0.5919899825931167,0.5919899825931167,0.6153158258446757,0.6153158258446757,11.92316759621626,-6.250906202819281,Sxl
GO_Biological_Process_GeneRIF_Predicted_zscore,regulation_of_cell_division_(GO:0051302),2/200,0.2235556120827191,0.3499368677534138,0.2445725924537249,0.382835242400092,4.175963051692984,-6.255989669612828,MEP-1;Rok
GO_Biological_Process_GeneRIF_Predicted_zscore,protein_localization_to_plasma_membrane_(GO:0072659),3/200,0.0599066825338914,0.2005231514580909,0.0691858637773741,0.2309798889650876,2.233032480080783,-6.285913229457524,Dsp1;MEP-1;Rok
GO_Biological_Process_GeneRIF_Predicted_zscore,protein_deubiquitination_(GO:0016579),1/200,0.5919899825931167,0.5919899825931167,0.6153158258446757,0.6153158258446757,12.087698285663665,-6.337163977770568,MEP-1
GO_Biological_Process_GeneRIF_Predicted_zscore,ribosome_biogenesis_(GO:0042254),1/200,0.5919899825931167,0.5919899825931167,0.6153158258446757,0.6153158258446757,12.09907561729532,-6.343128720972738,Galphai
GO_Biological_Process_GeneRIF_Predicted_zscore,protein_sumoylation_(GO:0016925),1/200,0.5919899825931167,0.5919899825931167,0.6153158258446757,0.6153158258446757,12.198993672354934,-6.395512316615895,MEP-1
GO_Biological_Process_GeneRIF_Predicted_zscore,rhabdomere_development_(GO:0042052),2/200,0.2235556120827191,0.3499368677534138,0.2445725924537249,0.382835242400092,4.270678311694949,-6.397882133888048,fru;trpl
GO_Biological_Process_GeneRIF_Predicted_zscore,transcription_from_RNA_polymerase_II_promoter_(GO:0006366),1/200,0.5919899825931167,0.5919899825931167,0.6153158258446757,0.6153158258446757,12.289740076854946,-6.443087531691516,MEP-1
GO_Biological_Process_GeneRIF_Predicted_zscore,snRNA_transcription_from_RNA_polymerase_II_promoter_(GO:0042795),1/200,0.5919899825931167,0.5919899825931167,0.6153158258446757,0.6153158258446757,12.357558262566007,-6.478642271176999,Galphai
GO_Biological_Process_GeneRIF_Predicted_zscore,positive_regulation_of_neuron_remodeling_(GO:1904801),1/200,0.5919899825931167,0.5919899825931167,0.6153158258446757,0.6153158258446757,12.377657238241584,-6.489179472026263,Sxl
GO_Biological_Process_GeneRIF_Predicted_zscore,protein_polymerization_(GO:0051258),1/200,0.5919899825931167,0.5919899825931167,0.6153158258446757,0.6153158258446757,12.4585091725033,-6.531567357066719,MEP-1
GO_Biological_Process_GeneRIF_Predicted_zscore,rhabdomere_morphogenesis_(GO:0061541),2/200,0.2235556120827191,0.3499368677534138,0.2445725924537249,0.382835242400092,4.412900777893968,-6.610944909663137,fru;trpl
GO_Biological_Process_GeneRIF_Predicted_zscore,tyrosine_metabolic_process_(GO:0006570),2/200,0.2235556120827191,0.3499368677534138,0.2445725924537249,0.382835242400092,4.448917441164942,-6.664901295428042,Dsp1;MEP-1
GO_Biological_Process_GeneRIF_Predicted_zscore,protein_geranylgeranylation_(GO:0018344),1/200,0.5919899825931167,0.5919899825931167,0.6153158258446757,0.6153158258446757,12.813998622880256,-6.717938234810927,Dsp1
GO_Biological_Process_GeneRIF_Predicted_zscore,positive_regulation_of_toll-like_receptor_signaling_pathway_(GO:0034123),2/200,0.2235556120827191,0.3499368677534138,0.2445725924537249,0.382835242400092,4.496078067621514,-6.735552397526558,CG3961;Cyp4d2
GO_Biological_Process_GeneRIF_Predicted_zscore,regulation_of_microtubule_cytoskeleton_organization_(GO:0070507),1/200,0.5919899825931167,0.5919899825931167,0.6153158258446757,0.6153158258446757,12.862998799302844,-6.743627340014515,MEP-1
GO_Biological_Process_GeneRIF_Predicted_zscore,positive_regulation_of_cell_migration_(GO:0030335),2/200,0.2235556120827191,0.3499368677534138,0.2445725924537249,0.382835242400092,4.502274052319366,-6.744834571670105,Dsp1;robo2
GO_Biological_Process_GeneRIF_Predicted_zscore,positive_regulation_of_hippo_signaling_(GO:0035332),1/200,0.5919899825931167,0.5919899825931167,0.6153158258446757,0.6153158258446757,13.01882518835528,-6.8253217499966325,MEP-1
GO_Biological_Process_GeneRIF_Predicted_zscore,positive_regulation_of_cell_motility_(GO:2000147),2/200,0.2235556120827191,0.3499368677534138,0.2445725924537249,0.382835242400092,4.562813869785512,-6.83552897389067,Dsp1;robo2
GO_Biological_Process_GeneRIF_Predicted_zscore,snRNA_modification_(GO:0040031),1/200,0.5919899825931167,0.5919899825931167,0.6153158258446757,0.6153158258446757,13.09631542180936,-6.865947211062008,Galphai
GO_Biological_Process_GeneRIF_Predicted_zscore,regulation_of_mitotic_sister_chromatid_separation_(GO:0010965),1/200,0.5919899825931167,0.5919899825931167,0.6153158258446757,0.6153158258446757,13.29262831562847,-6.968867301362232,Galphai
GO_Biological_Process_GeneRIF_Predicted_zscore,snRNA_3'-end_processing_(GO:0034472),1/200,0.5919899825931167,0.5919899825931167,0.6153158258446757,0.6153158258446757,13.356467071128533,-7.002335762617631,Galphai
GO_Biological_Process_GeneRIF_Predicted_zscore,regulation_of_transcription_elongation_from_RNA_polymerase_II_promoter_(GO:0034243),1/200,0.5919899825931167,0.5919899825931167,0.6153158258446757,0.6153158258446757,13.360126396861876,-7.0042542210927055,MEP-1
GO_Biological_Process_GeneRIF_Predicted_zscore,positive_regulation_of_hydrolase_activity_(GO:0051345),1/200,0.5919899825931167,0.5919899825931167,0.6153158258446757,0.6153158258446757,13.43316059185736,-7.042543534635531,MEP-1
GO_Biological_Process_GeneRIF_Predicted_zscore,protein_oligomerization_(GO:0051259),2/150,0.143897230078554,0.3499368677534138,0.1591737517795992,0.382835242400092,3.648358645618496,-7.072912065476499,Dsp1;MEP-1
GO_Biological_Process_GeneRIF_Predicted_zscore,translational_elongation_(GO:0006414),2/200,0.2235556120827191,0.3499368677534138,0.2445725924537249,0.382835242400092,4.731242167154391,-7.087850576205375,bel;Rok
GO_Biological_Process_GeneRIF_Predicted_zscore,regulation_of_lamellipodium_organization_(GO:1902743),1/200,0.5919899825931167,0.5919899825931167,0.6153158258446757,0.6153158258446757,13.76251933136876,-7.215214980469934,Galphai
GO_Biological_Process_GeneRIF_Predicted_zscore,regulation_of_intracellular_protein_transport_(GO:0033157),1/200,0.5919899825931167,0.5919899825931167,0.6153158258446757,0.6153158258446757,13.851748886860785,-7.261994963842548,MEP-1
GO_Biological_Process_GeneRIF_Predicted_zscore,regulation_of_proteolysis_(GO:0030162),1/200,0.5919899825931167,0.5919899825931167,0.6153158258446757,0.6153158258446757,13.853225868319258,-7.262769294362163,MEP-1
GO_Biological_Process_GeneRIF_Predicted_zscore,proteasomal_protein_catabolic_process_(GO:0010498),2/200,0.2235556120827191,0.3499368677534138,0.2445725924537249,0.382835242400092,4.854020912742475,-7.271784809947142,MEP-1;Rok
GO_Biological_Process_GeneRIF_Predicted_zscore,posttranscriptional_regulation_of_gene_expression_(GO:0010608),2/200,0.2235556120827191,0.3499368677534138,0.2445725924537249,0.382835242400092,4.871491309000623,-7.297957124491617,MEP-1;Rok
GO_Biological_Process_GeneRIF_Predicted_zscore,transcription_from_RNA_polymerase_III_promoter_(GO:0006383),2/200,0.2235556120827191,0.3499368677534138,0.2445725924537249,0.382835242400092,4.8845220558365625,-7.317478422114193,MEP-1;Galphai
GO_Biological_Process_GeneRIF_Predicted_zscore,transport_along_microtubule_(GO:0010970),2/200,0.2235556120827191,0.3499368677534138,0.2445725924537249,0.382835242400092,4.900815636855867,-7.341887755548416,MEP-1;Rok
GO_Biological_Process_GeneRIF_Predicted_zscore,production_of_siRNA_involved_in_RNA_interference_(GO:0030422),2/200,0.2235556120827191,0.3499368677534138,0.2445725924537249,0.382835242400092,4.913419988416894,-7.360770272510817,Dsp1;MEP-1
GO_Biological_Process_GeneRIF_Predicted_zscore,positive_regulation_of_ATPase_activity_(GO:0032781),1/200,0.5919899825931167,0.5919899825931167,0.6153158258446757,0.6153158258446757,14.041004340785957,-7.361215081425535,MEP-1
GO_Biological_Process_GeneRIF_Predicted_zscore,wing_disc_morphogenesis_(GO:0007472),2/200,0.2235556120827191,0.3499368677534138,0.2445725924537249,0.382835242400092,4.941809670352765,-7.40330071512151,Dsp1;robo2
GO_Biological_Process_GeneRIF_Predicted_zscore,sensory_perception_of_smell_(GO:0007608),1/200,0.5919899825931167,0.5919899825931167,0.6153158258446757,0.6153158258446757,14.147359473969331,-7.41697341547165,CG11768
GO_Biological_Process_GeneRIF_Predicted_zscore,photoreceptor_cell_differentiation_(GO:0046530),2/200,0.2235556120827191,0.3499368677534138,0.2445725924537249,0.382835242400092,5.099711370938344,-7.639852474667658,Dsp1;MEP-1
GO_Biological_Process_GeneRIF_Predicted_zscore,positive_regulation_of_MAP_kinase_activity_(GO:0043406),2/200,0.2235556120827191,0.3499368677534138,0.2445725924537249,0.382835242400092,5.163397322476989,-7.73526008483885,Dsp1;robo2
GO_Biological_Process_GeneRIF_Predicted_zscore,spermatogenesis_(GO:0007283),1/191,0.5751113191039018,0.5919899825931167,0.5983200066187226,0.6153158258446757,14.290300437376736,-7.905274999143883,MEP-1
GO_Biological_Process_GeneRIF_Predicted_zscore,positive_regulation_of_mitotic_nuclear_division_(GO:0045840),1/200,0.5919899825931167,0.5919899825931167,0.6153158258446757,0.6153158258446757,15.128499016342428,-7.931351092524308,Dsp1
GO_Biological_Process_GeneRIF_Predicted_zscore,response_to_alcohol_(GO:0097305),2/200,0.2235556120827191,0.3499368677534138,0.2445725924537249,0.382835242400092,5.342294305726797,-8.003264773884643,CG11768;egh
GO_Biological_Process_GeneRIF_Predicted_zscore,regulation_of_protein_localization_to_nucleus_(GO:1900180),1/200,0.5919899825931167,0.5919899825931167,0.6153158258446757,0.6153158258446757,15.28278320288053,-8.012236978833078,MEP-1
GO_Biological_Process_GeneRIF_Predicted_zscore,regulation_of_meiotic_cell_cycle_(GO:0051445),1/200,0.5919899825931167,0.5919899825931167,0.6153158258446757,0.6153158258446757,15.391624173801429,-8.069298552006487,MEP-1
GO_Biological_Process_GeneRIF_Predicted_zscore,sodium_ion_homeostasis_(GO:0055078),1/200,0.5919899825931167,0.5919899825931167,0.6153158258446757,0.6153158258446757,15.49627492010958,-8.124163334703569,Cyp4d2
GO_Biological_Process_GeneRIF_Predicted_zscore,positive_regulation_of_mitotic_cell_cycle_phase_transition_(GO:1901992),1/200,0.5919899825931167,0.5919899825931167,0.6153158258446757,0.6153158258446757,15.516684852936171,-8.134863559679468,Galphai
GO_Biological_Process_GeneRIF_Predicted_zscore,response_to_endoplasmic_reticulum_stress_(GO:0034976),1/200,0.5919899825931167,0.5919899825931167,0.6153158258446757,0.6153158258446757,15.70144910409116,-8.231729094302205,Galphai
GO_Biological_Process_GeneRIF_Predicted_zscore,protein_localization_to_cell_cortex_(GO:0072697),2/200,0.2235556120827191,0.3499368677534138,0.2445725924537249,0.382835242400092,5.511010918244873,-8.256018299703614,MEP-1;Rok
GO_Biological_Process_GeneRIF_Predicted_zscore,protein_localization_to_organelle_(GO:0033365),2/200,0.2235556120827191,0.3499368677534138,0.2445725924537249,0.382835242400092,5.517550283886272,-8.265814891146594,MEP-1;Rok
GO_Biological_Process_GeneRIF_Predicted_zscore,regulation_of_autophagy_(GO:0010506),1/166,0.5245180162084848,0.5919899825931167,0.5471685366539656,0.6153158258446757,12.826012949851284,-8.276311950446672,MEP-1
GO_Biological_Process_GeneRIF_Predicted_zscore,sevenless_signaling_pathway_(GO:0045500),1/200,0.5919899825931167,0.5919899825931167,0.6153158258446757,0.6153158258446757,15.815517563665717,-8.29153125977096,MEP-1
GO_Biological_Process_GeneRIF_Predicted_zscore,positive_regulation_of_endocytosis_(GO:0045807),2/200,0.2235556120827191,0.3499368677534138,0.2445725924537249,0.382835242400092,5.549748809558397,-8.314051343789515,MEP-1;Rok
GO_Biological_Process_GeneRIF_Predicted_zscore,regulation_of_protein_polymerization_(GO:0032271),1/200,0.5919899825931167,0.5919899825931167,0.6153158258446757,0.6153158258446757,15.88755566082668,-8.329298353519242,MEP-1
GO_Biological_Process_GeneRIF_Predicted_zscore,regulation_of_Toll_signaling_pathway_(GO:0008592),2/168,0.1719207686646717,0.3499368677534138,0.1893332207213181,0.382835242400092,4.754033542103066,-8.370529333615185,MEP-1;Rok
GO_Biological_Process_GeneRIF_Predicted_zscore,protein_localization_to_microtubule_end_(GO:1905725),2/200,0.2235556120827191,0.3499368677534138,0.2445725924537249,0.382835242400092,5.591982194006549,-8.377320968915464,MEP-1;Rok
GO_Biological_Process_GeneRIF_Predicted_zscore,protein_N-linked_glycosylation_(GO:0006487),2/200,0.2235556120827191,0.3499368677534138,0.2445725924537249,0.382835242400092,5.603838055536634,-8.395082176650886,MEP-1;Galphai
GO_Biological_Process_GeneRIF_Predicted_zscore,protein_maturation_(GO:0051604),1/71,0.2718234720647997,0.4249727941305772,0.28806888985531,0.4503711180420823,6.455054443333126,-8.408369559382576,MEP-1
GO_Biological_Process_GeneRIF_Predicted_zscore,protein_complex_disassembly_(GO:0043241),2/200,0.2235556120827191,0.3499368677534138,0.2445725924537249,0.382835242400092,5.809702191473059,-8.703486224248943,MEP-1;Galphai
GO_Biological_Process_GeneRIF_Predicted_zscore,positive_regulation_of_microtubule_polymerization_or_depolymerization_(GO:0031112),2/200,0.2235556120827191,0.3499368677534138,0.2445725924537249,0.382835242400092,5.8277426552608285,-8.73051255415039,MEP-1;Rok
GO_Biological_Process_GeneRIF_Predicted_zscore,"phototransduction,_UV_(GO:0007604)",2/134,0.1199341605287506,0.3499368677534138,0.1332730900027097,0.382835242400092,4.119504299928357,-8.736695591173202,Dsp1;Galphai
GO_Biological_Process_GeneRIF_Predicted_zscore,protein_palmitoylation_(GO:0018345),1/106,0.3774932484064516,0.581666279395518,0.3970475514307733,0.6117968280459751,9.10526742197989,-8.870375154932308,Dsp1
GO_Biological_Process_GeneRIF_Predicted_zscore,positive_regulation_of_Wnt_signaling_pathway_(GO:0030177),2/200,0.2235556120827191,0.3499368677534138,0.2445725924537249,0.382835242400092,5.938652710924661,-8.896666362002646,Dsp1;MEP-1
GO_Biological_Process_GeneRIF_Predicted_zscore,regulation_of_cell_fate_commitment_(GO:0010453),3/200,0.0599066825338914,0.2005231514580909,0.0691858637773741,0.2309798889650876,3.1653832740318366,-8.910450150649165,Dsp1;robo2;numb
GO_Biological_Process_GeneRIF_Predicted_zscore,regulation_of_mRNA_processing_(GO:0050684),1/200,0.5919899825931167,0.5919899825931167,0.6153158258446757,0.6153158258446757,17.033142830408256,-8.929890258851524,MEP-1
GO_Biological_Process_GeneRIF_Predicted_zscore,regulation_of_autophagy_of_mitochondrion_(GO:1903146),1/200,0.5919899825931167,0.5919899825931167,0.6153158258446757,0.6153158258446757,17.2667481739861,-9.05236149641476,CG17931
GO_Biological_Process_GeneRIF_Predicted_zscore,regulation_of_nuclear_division_(GO:0051783),1/200,0.5919899825931167,0.5919899825931167,0.6153158258446757,0.6153158258446757,17.326520216517803,-9.083697920095927,MEP-1
GO_Biological_Process_GeneRIF_Predicted_zscore,positive_regulation_of_mitotic_cell_cycle_(GO:0045931),1/200,0.5919899825931167,0.5919899825931167,0.6153158258446757,0.6153158258446757,17.336832125570798,-9.08910409892736,Galphai
GO_Biological_Process_GeneRIF_Predicted_zscore,regulation_of_blood_circulation_(GO:1903522),1/200,0.5919899825931167,0.5919899825931167,0.6153158258446757,0.6153158258446757,17.404187248049915,-9.124416070305667,MEP-1
GO_Biological_Process_GeneRIF_Predicted_zscore,positive_regulation_of_immune_system_process_(GO:0002684),1/200,0.5919899825931167,0.5919899825931167,0.6153158258446757,0.6153158258446757,17.456210766836847,-9.151690209803707,CG3961
GO_Biological_Process_GeneRIF_Predicted_zscore,regulation_of_histone_acetylation_(GO:0035065),1/200,0.5919899825931167,0.5919899825931167,0.6153158258446757,0.6153158258446757,17.47252684103043,-9.160244165668146,MEP-1
GO_Biological_Process_GeneRIF_Predicted_zscore,regulation_of_histone_methylation_(GO:0031060),1/200,0.5919899825931167,0.5919899825931167,0.6153158258446757,0.6153158258446757,17.53413876966342,-9.19254517827673,MEP-1
GO_Biological_Process_GeneRIF_Predicted_zscore,regulation_of_hydrolase_activity_(GO:0051336),1/200,0.5919899825931167,0.5919899825931167,0.6153158258446757,0.6153158258446757,17.536303359918627,-9.19367999841103,MEP-1
GO_Biological_Process_GeneRIF_Predicted_zscore,regulation_of_histone_modification_(GO:0031056),1/200,0.5919899825931167,0.5919899825931167,0.6153158258446757,0.6153158258446757,17.595750698296413,-9.224846190885312,MEP-1
GO_Biological_Process_GeneRIF_Predicted_zscore,regulation_of_axon_regeneration_(GO:0048679),1/200,0.5919899825931167,0.5919899825931167,0.6153158258446757,0.6153158258446757,17.730907358338566,-9.295704173698365,Galphai
GO_Biological_Process_GeneRIF_Predicted_zscore,protein_transport_along_microtubule_(GO:0098840),2/200,0.2235556120827191,0.3499368677534138,0.2445725924537249,0.382835242400092,6.233716625522059,-9.338700158457932,MEP-1;Rok
GO_Biological_Process_GeneRIF_Predicted_zscore,snRNA_transcription_(GO:0009301),1/200,0.5919899825931167,0.5919899825931167,0.6153158258446757,0.6153158258446757,17.903938142336653,-9.38641825552638,MEP-1
GO_Biological_Process_GeneRIF_Predicted_zscore,positive_regulation_of_cell_cycle_(GO:0045787),2/200,0.2235556120827191,0.3499368677534138,0.2445725924537249,0.382835242400092,6.287436896604905,-9.419178231846736,MEP-1;Galphai
GO_Biological_Process_GeneRIF_Predicted_zscore,positive_regulation_of_gene_expression_(GO:0010628),2/200,0.2235556120827191,0.3499368677534138,0.2445725924537249,0.382835242400092,6.343739491289598,-9.503524871498406,Dsp1;MEP-1
GO_Biological_Process_GeneRIF_Predicted_zscore,protein_K48-linked_ubiquitination_(GO:0070936),2/200,0.2235556120827191,0.3499368677534138,0.2445725924537249,0.382835242400092,6.534425569985756,-9.789190746338589,Dsp1;robo2
GO_Biological_Process_GeneRIF_Predicted_zscore,regulation_of_actin_nucleation_(GO:0051125),1/200,0.5919899825931167,0.5919899825931167,0.6153158258446757,0.6153158258446757,18.69000216291425,-9.798524553822554,MEP-1
GO_Biological_Process_GeneRIF_Predicted_zscore,serine_family_amino_acid_biosynthetic_process_(GO:0009070),2/200,0.2235556120827191,0.3499368677534138,0.2445725924537249,0.382835242400092,6.550572185595821,-9.813379911617435,MEP-1;Rok
GO_Biological_Process_GeneRIF_Predicted_zscore,purine_nucleotide_metabolic_process_(GO:0006163),1/200,0.5919899825931167,0.5919899825931167,0.6153158258446757,0.6153158258446757,18.72292909439416,-9.815787010176258,Sxl
GO_Biological_Process_GeneRIF_Predicted_zscore,positive_regulation_of_protein_serine/threonine_kinase_activity_(GO:0071902),2/200,0.2235556120827191,0.3499368677534138,0.2445725924537249,0.382835242400092,6.65995230709127,-9.977241732631182,Dsp1;robo2
GO_Biological_Process_GeneRIF_Predicted_zscore,regulation_of_axon_extension_(GO:0030516),3/200,0.0599066825338914,0.2005231514580909,0.0691858637773741,0.2309798889650876,3.559689293894067,-10.02040867065111,MEP-1;Ubr1;Rok
GO_Biological_Process_GeneRIF_Predicted_zscore,protein_depolymerization_(GO:0051261),2/200,0.2235556120827191,0.3499368677534138,0.2445725924537249,0.382835242400092,6.698965178274372,-10.035686722704664,MEP-1;Rok
GO_Biological_Process_GeneRIF_Predicted_zscore,protein_export_from_nucleus_(GO:0006611),2/200,0.2235556120827191,0.3499368677534138,0.2445725924537249,0.382835242400092,6.769564284514281,-10.141450895867475,Dsp1;MEP-1
GO_Biological_Process_GeneRIF_Predicted_zscore,regulation_of_nurse_cell_apoptotic_process_(GO:0045477),1/200,0.5919899825931167,0.5919899825931167,0.6153158258446757,0.6153158258446757,19.684491812580475,-10.31990123242522,Galphai
GO_Biological_Process_GeneRIF_Predicted_zscore,sulfur_compound_transport_(GO:0072348),1/84,0.3129962050569109,0.4863771331914664,0.3306240405168004,0.5137697211424705,8.90063648014925,-10.338660807678885,MEP-1
GO_Biological_Process_GeneRIF_Predicted_zscore,protein_stabilization_(GO:0050821),2/200,0.2235556120827191,0.3499368677534138,0.2445725924537249,0.382835242400092,6.9077972687073785,-10.34853704830869,MEP-1;Rok
GO_Biological_Process_GeneRIF_Predicted_zscore,proteoglycan_metabolic_process_(GO:0006029),3/200,0.0599066825338914,0.2005231514580909,0.0691858637773741,0.2309798889650876,3.6785209579130416,-10.35491590939414,Dsp1;robo2;CG32982
GO_Biological_Process_GeneRIF_Predicted_zscore,regulation_of_postsynaptic_membrane_potential_(GO:0060078),1/200,0.5919899825931167,0.5919899825931167,0.6153158258446757,0.6153158258446757,19.892978148811963,-10.429203439396298,Sxl
GO_Biological_Process_GeneRIF_Predicted_zscore,regulation_of_sodium_ion_transport_(GO:0002028),1/200,0.5919899825931167,0.5919899825931167,0.6153158258446757,0.6153158258446757,19.97051705459589,-10.469854417688207,CG17124
GO_Biological_Process_GeneRIF_Predicted_zscore,protein_processing_(GO:0016485),2/200,0.2235556120827191,0.3499368677534138,0.2445725924537249,0.382835242400092,7.099001443818217,-10.63497908083465,Dsp1;MEP-1
GO_Biological_Process_GeneRIF_Predicted_zscore,proteoglycan_biosynthetic_process_(GO:0030166),3/200,0.0599066825338914,0.2005231514580909,0.0691858637773741,0.2309798889650876,3.79647498443242,-10.686952627346006,Dsp1;robo2;CG32982
GO_Biological_Process_GeneRIF_Predicted_zscore,somatic_stem_cell_division_(GO:0048103),2/200,0.2235556120827191,0.3499368677534138,0.2445725924537249,0.382835242400092,7.170654956671475,-10.742322855349064,MEP-1;Rok
GO_Biological_Process_GeneRIF_Predicted_zscore,striated_muscle_contraction_(GO:0006941),1/200,0.5919899825931167,0.5919899825931167,0.6153158258446757,0.6153158258446757,20.533779468513604,-10.765153505666348,foxo
GO_Biological_Process_GeneRIF_Predicted_zscore,regulation_of_anatomical_structure_morphogenesis_(GO:0022603),3/200,0.0599066825338914,0.2005231514580909,0.0691858637773741,0.2309798889650876,3.8453411963611,-10.824509412021552,Dsp1;MEP-1;robo2
GO_Biological_Process_GeneRIF_Predicted_zscore,regulation_of_protein_complex_assembly_(GO:0043254),1/200,0.5919899825931167,0.5919899825931167,0.6153158258446757,0.6153158258446757,20.75498687382205,-10.88112493111129,MEP-1
GO_Biological_Process_GeneRIF_Predicted_zscore,regulation_of_cell_cycle_G1/S_phase_transition_(GO:1902806),1/200,0.5919899825931167,0.5919899825931167,0.6153158258446757,0.6153158258446757,20.969715226084404,-10.993699612146877,MEP-1
GO_Biological_Process_GeneRIF_Predicted_zscore,proton_transport_(GO:0015992),1/200,0.5919899825931167,0.5919899825931167,0.6153158258446757,0.6153158258446757,21.331063209364103,-11.183141916956558,Cyp4d2
GO_Biological_Process_GeneRIF_Predicted_zscore,positive_regulation_of_innate_immune_response_(GO:0045089),2/200,0.2235556120827191,0.3499368677534138,0.2445725924537249,0.382835242400092,7.490015876718615,-11.220755875938885,CG3961;Cyp4d2
GO_Biological_Process_GeneRIF_Predicted_zscore,positive_regulation_of_intracellular_signal_transduction_(GO:1902533),2/200,0.2235556120827191,0.3499368677534138,0.2445725924537249,0.382835242400092,7.538825657735079,-11.29387756835694,Dsp1;MEP-1
GO_Biological_Process_GeneRIF_Predicted_zscore,positive_regulation_of_protein_localization_to_nucleus_(GO:1900182),1/200,0.5919899825931167,0.5919899825931167,0.6153158258446757,0.6153158258446757,21.625295443766213,-11.337397745724507,Galphai
GO_Biological_Process_GeneRIF_Predicted_zscore,response_to_gamma_radiation_(GO:0010332),1/200,0.5919899825931167,0.5919899825931167,0.6153158258446757,0.6153158258446757,22.005002709069224,-11.53646518990699,Rok
GO_Biological_Process_GeneRIF_Predicted_zscore,snRNA_metabolic_process_(GO:0016073),1/200,0.5919899825931167,0.5919899825931167,0.6153158258446757,0.6153158258446757,22.01126166860587,-11.53974654686814,MEP-1
GO_Biological_Process_GeneRIF_Predicted_zscore,proteolysis_(GO:0006508),2/200,0.2235556120827191,0.3499368677534138,0.2445725924537249,0.382835242400092,7.80390117870659,-11.69098590009678,Dsp1;MEP-1
GO_Biological_Process_GeneRIF_Predicted_zscore,regulation_of_cell_cycle_(GO:0051726),1/200,0.5919899825931167,0.5919899825931167,0.6153158258446757,0.6153158258446757,22.319414518475316,-11.701300474976692,MEP-1
GO_Biological_Process_GeneRIF_Predicted_zscore,receptor_clustering_(GO:0043113),3/200,0.0599066825338914,0.2005231514580909,0.0691858637773741,0.2309798889650876,4.175514890543184,-11.75393753758242,Dsp1;Sxl;fru
GO_Biological_Process_GeneRIF_Predicted_zscore,regulation_of_Ras_protein_signal_transduction_(GO:0046578),3/200,0.0599066825338914,0.2005231514580909,0.0691858637773741,0.2309798889650876,4.231878855766882,-11.91260025199646,Dsp1;MEP-1;Rok
GO_Biological_Process_GeneRIF_Predicted_zscore,positive_regulation_of_hemocyte_proliferation_(GO:0035208),2/200,0.2235556120827191,0.3499368677534138,0.2445725924537249,0.382835242400092,7.978137437075129,-11.95200838016486,MEP-1;Galphai
GO_Biological_Process_GeneRIF_Predicted_zscore,positive_regulation_of_immune_response_(GO:0050778),2/200,0.2235556120827191,0.3499368677534138,0.2445725924537249,0.382835242400092,8.017278000216047,-12.01064466493111,CG3961;Cyp4d2
GO_Biological_Process_GeneRIF_Predicted_zscore,sensory_perception_of_bitter_taste_(GO:0050913),1/200,0.5919899825931167,0.5919899825931167,0.6153158258446757,0.6153158258446757,23.02325140807858,-12.070297919950148,CG11768
GO_Biological_Process_GeneRIF_Predicted_zscore,sterol_metabolic_process_(GO:0016125),2/200,0.2235556120827191,0.3499368677534138,0.2445725924537249,0.382835242400092,8.061519091326865,-12.076922025514907,foxo;Cyp4d2
GO_Biological_Process_GeneRIF_Predicted_zscore,pole_cell_migration_(GO:0007280),2/200,0.2235556120827191,0.3499368677534138,0.2445725924537249,0.382835242400092,8.069401037493966,-12.088729930227531,MEP-1;Rok
GO_Biological_Process_GeneRIF_Predicted_zscore,sister_chromatid_segregation_(GO:0000819),1/200,0.5919899825931167,0.5919899825931167,0.6153158258446757,0.6153158258446757,23.109471575521173,-12.11550018479511,MEP-1
GO_Biological_Process_GeneRIF_Predicted_zscore,positive_regulation_of_MAPK_cascade_(GO:0043410),1/153,0.4959004505536335,0.5919899825931167,0.5181091497613864,0.6153158258446757,17.320106944326568,-12.147977941048,Galphai
GO_Biological_Process_GeneRIF_Predicted_zscore,response_to_hydrogen_peroxide_(GO:0042542),1/200,0.5919899825931167,0.5919899825931167,0.6153158258446757,0.6153158258446757,23.17528260479632,-12.150002641276595,Rac2
GO_Biological_Process_GeneRIF_Predicted_zscore,sensory_perception_(GO:0007600),1/200,0.5919899825931167,0.5919899825931167,0.6153158258446757,0.6153158258446757,23.185568805571368,-12.155395342143152,CG11768
GO_Biological_Process_GeneRIF_Predicted_zscore,positive_regulation_of_phosphorylation_(GO:0042327),2/200,0.2235556120827191,0.3499368677534138,0.2445725924537249,0.382835242400092,8.134264004982425,-12.185900822193094,Dsp1;MEP-1
GO_Biological_Process_GeneRIF_Predicted_zscore,selective_autophagy_(GO:0061912),1/200,0.5919899825931167,0.5919899825931167,0.6153158258446757,0.6153158258446757,23.56147092515456,-12.35246787945288,Pat1
GO_Biological_Process_GeneRIF_Predicted_zscore,regulation_of_axon_guidance_(GO:1902667),3/200,0.0599066825338914,0.2005231514580909,0.0691858637773741,0.2309798889650876,4.398041575692147,-12.380342861536596,Dsp1;robo2;Sxl
GO_Biological_Process_GeneRIF_Predicted_zscore,positive_regulation_of_cell_adhesion_(GO:0045785),2/200,0.2235556120827191,0.3499368677534138,0.2445725924537249,0.382835242400092,8.309515257199505,-12.448443859544032,Dsp1;robo2
GO_Biological_Process_GeneRIF_Predicted_zscore,receptor_metabolic_process_(GO:0043112),3/200,0.0599066825338914,0.2005231514580909,0.0691858637773741,0.2309798889650876,4.431122695564658,-12.473465129531712,Dsp1;MEP-1;Galphai
GO_Biological_Process_GeneRIF_Predicted_zscore,regulation_of_cell_cycle_G2/M_phase_transition_(GO:1902749),2/200,0.2235556120827191,0.3499368677534138,0.2445725924537249,0.382835242400092,8.332589053660064,-12.483010600319547,MEP-1;Rok
GO_Biological_Process_GeneRIF_Predicted_zscore,proteolysis_involved_in_cellular_protein_catabolic_process_(GO:0051603),2/200,0.2235556120827191,0.3499368677534138,0.2445725924537249,0.382835242400092,8.376468768819818,-12.54874658537183,MEP-1;Galphai
GO_Biological_Process_GeneRIF_Predicted_zscore,regulation_of_apoptotic_process_(GO:0042981),3/200,0.0599066825338914,0.2005231514580909,0.0691858637773741,0.2309798889650876,4.480168478643675,-12.61152740110886,Dsp1;MEP-1;robo2
GO_Biological_Process_GeneRIF_Predicted_zscore,positive_regulation_of_peptide_hormone_secretion_(GO:0090277),2/200,0.2235556120827191,0.3499368677534138,0.2445725924537249,0.382835242400092,8.419167066755744,-12.612712695102832,MEP-1;Rok
GO_Biological_Process_GeneRIF_Predicted_zscore,regulation_of_organelle_assembly_(GO:1902115),1/200,0.5919899825931167,0.5919899825931167,0.6153158258446757,0.6153158258446757,24.132225288501346,-12.651694738535426,MEP-1
GO_Biological_Process_GeneRIF_Predicted_zscore,regulation_of_necrotic_cell_death_(GO:0010939),1/200,0.5919899825931167,0.5919899825931167,0.6153158258446757,0.6153158258446757,24.168524099114084,-12.670724955009623,Galphai
GO_Biological_Process_GeneRIF_Predicted_zscore,transmembrane_transport_(GO:0055085),1/77,0.2911208985046463,0.4534835867350627,0.3080282866398361,0.4798204902457715,10.278795096232988,-12.684204180818725,Dsp1
GO_Biological_Process_GeneRIF_Predicted_zscore,regulation_of_canonical_Wnt_signaling_pathway_(GO:0060828),3/200,0.0599066825338914,0.2005231514580909,0.0691858637773741,0.2309798889650876,4.509275018870359,-12.693461357693328,Dsp1;robo2;numb
GO_Biological_Process_GeneRIF_Predicted_zscore,pupal_development_(GO:0035209),2/127,0.1098000307437451,0.3499368677534138,0.1222856995062368,0.382835242400092,5.7583509565423725,-12.72074125389334,Dsp1;MEP-1
GO_Biological_Process_GeneRIF_Predicted_zscore,telomere_organization_(GO:0032200),1/200,0.5919899825931167,0.5919899825931167,0.6153158258446757,0.6153158258446757,24.369835759903147,-12.776265726702338,MEP-1
GO_Biological_Process_GeneRIF_Predicted_zscore,positive_regulation_of_posttranscriptional_gene_silencing_(GO:0060148),2/200,0.2235556120827191,0.3499368677534138,0.2445725924537249,0.382835242400092,8.553178732818628,-12.8134749116548,Dsp1;MEP-1
GO_Biological_Process_GeneRIF_Predicted_zscore,sterol_biosynthetic_process_(GO:0016126),2/200,0.2235556120827191,0.3499368677534138,0.2445725924537249,0.382835242400092,8.633068928126118,-12.933158019565534,foxo;Cyp4d2
GO_Biological_Process_GeneRIF_Predicted_zscore,regulation_of_oocyte_development_(GO:0060281),1/200,0.5919899825931167,0.5919899825931167,0.6153158258446757,0.6153158258446757,24.849741413946173,-13.02786373582347,MEP-1
GO_Biological_Process_GeneRIF_Predicted_zscore,pole_plasm_oskar_mRNA_localization_(GO:0045451),1/200,0.5919899825931167,0.5919899825931167,0.6153158258446757,0.6153158258446757,25.02095906031687,-13.117627252027866,Ubr1
GO_Biological_Process_GeneRIF_Predicted_zscore,syncytial_blastoderm_mitotic_cell_cycle_(GO:0035186),2/200,0.2235556120827191,0.3499368677534138,0.2445725924537249,0.382835242400092,8.76444129637739,-13.129966317071744,MEP-1;Galphai
GO_Biological_Process_GeneRIF_Predicted_zscore,regulation_of_cell_death_(GO:0010941),2/200,0.2235556120827191,0.3499368677534138,0.2445725924537249,0.382835242400092,8.888186614648335,-13.31534856858667,MEP-1;Rok
GO_Biological_Process_GeneRIF_Predicted_zscore,regulation_of_ERBB_signaling_pathway_(GO:1901184),3/200,0.0599066825338914,0.2005231514580909,0.0691858637773741,0.2309798889650876,4.748866818252304,-13.367904418794712,Dsp1;MEP-1;Rok
GO_Biological_Process_GeneRIF_Predicted_zscore,positive_regulation_of_Notch_signaling_pathway_(GO:0045747),1/200,0.5919899825931167,0.5919899825931167,0.6153158258446757,0.6153158258446757,25.59198720253785,-13.416997643946727,MEP-1
GO_Biological_Process_GeneRIF_Predicted_zscore,regulation_of_peptidoglycan_recognition_protein_signaling_pathway_(GO:0061058),1/200,0.5919899825931167,0.5919899825931167,0.6153158258446757,0.6153158258446757,25.61973923410557,-13.431547078471368,RabX1
GO_Biological_Process_GeneRIF_Predicted_zscore,transcription_elongation_from_RNA_polymerase_II_promoter_(GO:0006368),1/200,0.5919899825931167,0.5919899825931167,0.6153158258446757,0.6153158258446757,26.01182688241699,-13.637105131153314,MEP-1
GO_Biological_Process_GeneRIF_Predicted_zscore,positive_regulation_of_endopeptidase_activity_(GO:0010950),1/200,0.5919899825931167,0.5919899825931167,0.6153158258446757,0.6153158258446757,26.078939305753217,-13.67228986372822,MEP-1
GO_Biological_Process_GeneRIF_Predicted_zscore,regulation_of_Wnt_signaling_pathway_(GO:0030111),3/200,0.0599066825338914,0.2005231514580909,0.0691858637773741,0.2309798889650876,4.861865822550669,-13.685992911627082,Dsp1;MEP-1;robo2
GO_Biological_Process_GeneRIF_Predicted_zscore,regulation_of_RNA_splicing_(GO:0043484),2/160,0.1593472075933541,0.3499368677534138,0.1758178081546677,0.382835242400092,7.47971157655244,-13.737760081165366,Dsp1;MEP-1
GO_Biological_Process_GeneRIF_Predicted_zscore,ubiquitin-dependent_protein_catabolic_process_(GO:0006511),1/200,0.5919899825931167,0.5919899825931167,0.6153158258446757,0.6153158258446757,26.38320867724977,-13.831807817851358,MEP-1
GO_Biological_Process_GeneRIF_Predicted_zscore,positive_regulation_of_Ras_protein_signal_transduction_(GO:0046579),1/200,0.5919899825931167,0.5919899825931167,0.6153158258446757,0.6153158258446757,26.439924255850944,-13.861541842741444,unc-119
GO_Biological_Process_GeneRIF_Predicted_zscore,positive_regulation_of_protein_localization_to_plasma_membrane_(GO:1903078),2/200,0.2235556120827191,0.3499368677534138,0.2445725924537249,0.382835242400092,9.436453706818996,-14.136704797640892,MEP-1;Rok
GO_Biological_Process_GeneRIF_Predicted_zscore,transcription_initiation_from_RNA_polymerase_II_promoter_(GO:0006367),1/200,0.5919899825931167,0.5919899825931167,0.6153158258446757,0.6153158258446757,27.048759191573843,-14.180733034636717,MEP-1
GO_Biological_Process_GeneRIF_Predicted_zscore,photoreceptor_cell_morphogenesis_(GO:0008594),1/200,0.5919899825931167,0.5919899825931167,0.6153158258446757,0.6153158258446757,27.09533353359371,-14.205150358395262,Dsp1
GO_Biological_Process_GeneRIF_Predicted_zscore,translational_termination_(GO:0006415),1/200,0.5919899825931167,0.5919899825931167,0.6153158258446757,0.6153158258446757,27.14537305682659,-14.231384357342137,unc-119
GO_Biological_Process_GeneRIF_Predicted_zscore,regulation_of_TORC1_signaling_(GO:1903432),1/200,0.5919899825931167,0.5919899825931167,0.6153158258446757,0.6153158258446757,27.309522022824865,-14.317442007833488,MEP-1
GO_Biological_Process_GeneRIF_Predicted_zscore,positive_regulation_of_protein_phosphorylation_(GO:0001934),2/200,0.2235556120827191,0.3499368677534138,0.2445725924537249,0.382835242400092,9.645565616372243,-14.449974318890074,Dsp1;MEP-1
GO_Biological_Process_GeneRIF_Predicted_zscore,regulation_of_MAP_kinase_activity_(GO:0043405),2/181,0.1926812488432776,0.3499368677534138,0.2115926829687899,0.382835242400092,8.78124853037424,-14.460240156220888,MEP-1;Rok
GO_Biological_Process_GeneRIF_Predicted_zscore,regulation_of_Rab_protein_signal_transduction_(GO:0032483),2/96,0.0682453389848141,0.227248115788394,0.0769811878753193,0.2563373580679464,5.387479255627379,-14.463475390708266,Dsp1;unc-119
GO_Biological_Process_GeneRIF_Predicted_zscore,smoothened_signaling_pathway_(GO:0007224),2/200,0.2235556120827191,0.3499368677534138,0.2445725924537249,0.382835242400092,9.79967514273677,-14.680845040922575,Dsp1;MEP-1
GO_Biological_Process_GeneRIF_Predicted_zscore,ribonucleoprotein_complex_assembly_(GO:0022618),1/200,0.5919899825931167,0.5919899825931167,0.6153158258446757,0.6153158258446757,28.202426474457848,-14.785561065139095,MEP-1
GO_Biological_Process_GeneRIF_Predicted_zscore,phototaxis_(GO:0042331),2/200,0.2235556120827191,0.3499368677534138,0.2445725924537249,0.382835242400092,9.929581083182226,-14.87545649015909,Ubr1;trpl
GO_Biological_Process_GeneRIF_Predicted_zscore,positive_regulation_of_organ_growth_(GO:0046622),2/200,0.2235556120827191,0.3499368677534138,0.2445725924537249,0.382835242400092,10.008859476921442,-14.994223061155202,MEP-1;Galphai
GO_Biological_Process_GeneRIF_Predicted_zscore,tRNA_processing_(GO:0008033),1/200,0.5919899825931167,0.5919899825931167,0.6153158258446757,0.6153158258446757,29.00383248740235,-15.205710641739966,MEP-1
GO_Biological_Process_GeneRIF_Predicted_zscore,very_long-chain_fatty_acid_biosynthetic_process_(GO:0042761),2/200,0.2235556120827191,0.3499368677534138,0.2445725924537249,0.382835242400092,10.246122018317216,-15.349664905248217,foxo;Cyp4d2
GO_Biological_Process_GeneRIF_Predicted_zscore,positive_regulation_of_Toll_signaling_pathway_(GO:0045752),2/200,0.2235556120827191,0.3499368677534138,0.2445725924537249,0.382835242400092,10.258748803448718,-15.368581029832,CG3961;Cyp4d2
GO_Biological_Process_GeneRIF_Predicted_zscore,regulation_of_antifungal_peptide_biosynthetic_process_(GO:0002810),2/200,0.2235556120827191,0.3499368677534138,0.2445725924537249,0.382835242400092,10.296090935152602,-15.42452309332466,MEP-1;Galphai
GO_Biological_Process_GeneRIF_Predicted_zscore,stem_cell_fate_determination_(GO:0048867),2/200,0.2235556120827191,0.3499368677534138,0.2445725924537249,0.382835242400092,10.331071452463906,-15.476927233933258,Dsp1;MEP-1
GO_Biological_Process_GeneRIF_Predicted_zscore,regulation_of_actin_cytoskeleton_organization_(GO:0032956),2/200,0.2235556120827191,0.3499368677534138,0.2445725924537249,0.382835242400092,10.368912903197463,-15.533617324803751,MEP-1;Rok
GO_Biological_Process_GeneRIF_Predicted_zscore,regulation_of_GTPase_activity_(GO:0043087),3/200,0.0599066825338914,0.2005231514580909,0.0691858637773741,0.2309798889650876,5.522077841338581,-15.54446810182927,Dsp1;MEP-1;Rok
GO_Biological_Process_GeneRIF_Predicted_zscore,regulation_of_actin_polymerization_or_depolymerization_(GO:0008064),2/200,0.2235556120827191,0.3499368677534138,0.2445725924537249,0.382835242400092,10.424109121242411,-15.616306507063374,MEP-1;Rok
GO_Biological_Process_GeneRIF_Predicted_zscore,regulation_of_antimicrobial_peptide_production_(GO:0002784),2/200,0.2235556120827191,0.3499368677534138,0.2445725924537249,0.382835242400092,10.431048702914245,-15.62670266016938,Ubr1;Rok
GO_Biological_Process_GeneRIF_Predicted_zscore,rRNA_transcription_(GO:0009303),1/200,0.5919899825931167,0.5919899825931167,0.6153158258446757,0.6153158258446757,29.81865878407661,-15.63289601098008,MEP-1
GO_Biological_Process_GeneRIF_Predicted_zscore,response_to_unfolded_protein_(GO:0006986),1/200,0.5919899825931167,0.5919899825931167,0.6153158258446757,0.6153158258446757,29.819359800212226,-15.63326352960087,Galphai
GO_Biological_Process_GeneRIF_Predicted_zscore,plasma_membrane_invagination_(GO:0099024),2/200,0.2235556120827191,0.3499368677534138,0.2445725924537249,0.382835242400092,10.488023142908451,-15.712055787968549,MEP-1;Rok
GO_Biological_Process_GeneRIF_Predicted_zscore,piRNA_metabolic_process_(GO:0034587),2/200,0.2235556120827191,0.3499368677534138,0.2445725924537249,0.382835242400092,10.495005289942332,-15.72251570803368,MEP-1;Galphai
GO_Biological_Process_GeneRIF_Predicted_zscore,sensory_organ_precursor_cell_fate_determination_(GO:0016360),2/200,0.2235556120827191,0.3499368677534138,0.2445725924537249,0.382835242400092,10.54107980105411,-15.79153970608627,Dsp1;MEP-1
GO_Biological_Process_GeneRIF_Predicted_zscore,purine_ribonucleotide_transport_(GO:0015868),1/200,0.5919899825931167,0.5919899825931167,0.6153158258446757,0.6153158258446757,30.17415836244196,-15.819272198479853,Galphai
GO_Biological_Process_GeneRIF_Predicted_zscore,regulation_of_phosphatidylinositol_3-kinase_signaling_(GO:0014066),1/200,0.5919899825931167,0.5919899825931167,0.6153158258446757,0.6153158258446757,30.390445573439152,-15.93266413547165,MEP-1
GO_Biological_Process_GeneRIF_Predicted_zscore,plasma_membrane_organization_(GO:0007009),2/200,0.2235556120827191,0.3499368677534138,0.2445725924537249,0.382835242400092,10.655386953816436,-15.962782688361717,Dsp1;MEP-1
GO_Biological_Process_GeneRIF_Predicted_zscore,purine_ribonucleotide_metabolic_process_(GO:0009150),1/200,0.5919899825931167,0.5919899825931167,0.6153158258446757,0.6153158258446757,30.47892286283066,-15.979049731631646,Sxl
GO_Biological_Process_GeneRIF_Predicted_zscore,response_to_lipid_(GO:0033993),1/200,0.5919899825931167,0.5919899825931167,0.6153158258446757,0.6153158258446757,30.560933704796057,-16.022045192074774,Cyp4d2
GO_Biological_Process_GeneRIF_Predicted_zscore,receptor_localization_to_synapse_(GO:0097120),1/200,0.5919899825931167,0.5919899825931167,0.6153158258446757,0.6153158258446757,30.78743802488716,-16.140793607543845,Sxl
GO_Biological_Process_GeneRIF_Predicted_zscore,regulation_of_actin_filament_polymerization_(GO:0030833),2/200,0.2235556120827191,0.3499368677534138,0.2445725924537249,0.382835242400092,10.78374038224987,-16.15506832700342,MEP-1;Pat1
GO_Biological_Process_GeneRIF_Predicted_zscore,response_to_reactive_oxygen_species_(GO:0000302),1/200,0.5919899825931167,0.5919899825931167,0.6153158258446757,0.6153158258446757,30.913438457008784,-16.20685129534796,foxo
GO_Biological_Process_GeneRIF_Predicted_zscore,regulation_of_antimicrobial_peptide_biosynthetic_process_(GO:0002805),2/200,0.2235556120827191,0.3499368677534138,0.2445725924537249,0.382835242400092,10.825025825142127,-16.21691784555571,MEP-1;Rok
GO_Biological_Process_GeneRIF_Predicted_zscore,purine_ribonucleotide_biosynthetic_process_(GO:0009152),1/200,0.5919899825931167,0.5919899825931167,0.6153158258446757,0.6153158258446757,31.25306967604824,-16.384908248471604,Sxl
GO_Biological_Process_GeneRIF_Predicted_zscore,protein_polyubiquitination_(GO:0000209),3/200,0.0599066825338914,0.2005231514580909,0.0691858637773741,0.2309798889650876,5.829887065588782,-16.41094097767091,Dsp1;MEP-1;robo2
GO_Biological_Process_GeneRIF_Predicted_zscore,telomere_maintenance_(GO:0000723),1/200,0.5919899825931167,0.5919899825931167,0.6153158258446757,0.6153158258446757,31.32219317384628,-16.421147318136565,MEP-1
GO_Biological_Process_GeneRIF_Predicted_zscore,very_long-chain_fatty_acid_metabolic_process_(GO:0000038),2/200,0.2235556120827191,0.3499368677534138,0.2445725924537249,0.382835242400092,11.07202539674952,-16.586946686627034,foxo;Cyp4d2
GO_Biological_Process_GeneRIF_Predicted_zscore,sex_comb_development_(GO:0045498),1/200,0.5919899825931167,0.5919899825931167,0.6153158258446757,0.6153158258446757,31.863016419641127,-16.7046823229486,MEP-1
GO_Biological_Process_GeneRIF_Predicted_zscore,transepithelial_transport_(GO:0070633),2/200,0.2235556120827191,0.3499368677534138,0.2445725924537249,0.382835242400092,11.478673166740393,-17.196143706989233,Ubr1;Rok
GO_Biological_Process_GeneRIF_Predicted_zscore,photoreceptor_cell_fate_specification_(GO:0043704),2/200,0.2235556120827191,0.3499368677534138,0.2445725924537249,0.382835242400092,11.754374178658695,-17.60917003435663,Dsp1;robo2
GO_Biological_Process_GeneRIF_Predicted_zscore,positive_regulation_of_chromatin_assembly_or_disassembly_(GO:0045799),1/200,0.5919899825931167,0.5919899825931167,0.6153158258446757,0.6153158258446757,33.61870814092751,-17.625131036116922,MEP-1
GO_Biological_Process_GeneRIF_Predicted_zscore,positive_regulation_of_cell_cycle_process_(GO:0090068),1/200,0.5919899825931167,0.5919899825931167,0.6153158258446757,0.6153158258446757,34.01451324422777,-17.83263802244095,MEP-1
GO_Biological_Process_GeneRIF_Predicted_zscore,signal_transduction_downstream_of_smoothened_(GO:0007227),2/200,0.2235556120827191,0.3499368677534138,0.2445725924537249,0.382835242400092,12.227743434448112,-18.3183221838064,Dsp1;MEP-1
GO_Biological_Process_GeneRIF_Predicted_zscore,peripheral_nervous_system_neuron_differentiation_(GO:0048934),2/200,0.2235556120827191,0.3499368677534138,0.2445725924537249,0.382835242400092,12.297056166904786,-18.422159246743487,Dsp1;robo2
GO_Biological_Process_GeneRIF_Predicted_zscore,positive_regulation_of_cell_proliferation_(GO:0008284),2/200,0.2235556120827191,0.3499368677534138,0.2445725924537249,0.382835242400092,12.298586856967043,-18.424452365982887,MEP-1;Galphai
GO_Biological_Process_GeneRIF_Predicted_zscore,regulation_of_Wnt_protein_secretion_(GO:0061356),2/200,0.2235556120827191,0.3499368677534138,0.2445725924537249,0.382835242400092,12.574866393654766,-18.838345378456523,Dsp1;MEP-1
GO_Biological_Process_GeneRIF_Predicted_zscore,spindle_assembly_(GO:0051225),1/200,0.5919899825931167,0.5919899825931167,0.6153158258446757,0.6153158258446757,36.463048716727954,-19.11632085666795,MEP-1
GO_Biological_Process_GeneRIF_Predicted_zscore,photoreceptor_cell_axon_guidance_(GO:0072499),2/200,0.2235556120827191,0.3499368677534138,0.2445725924537249,0.382835242400092,12.887508035799923,-19.306712281932352,Dsp1;MEP-1
GO_Biological_Process_GeneRIF_Predicted_zscore,regulation_of_DNA_replication_(GO:0006275),1/200,0.5919899825931167,0.5919899825931167,0.6153158258446757,0.6153158258446757,37.099773945993256,-19.450133969080216,MEP-1
GO_Biological_Process_GeneRIF_Predicted_zscore,photoreceptor_cell_development_(GO:0042461),2/200,0.2235556120827191,0.3499368677534138,0.2445725924537249,0.382835242400092,12.99035294791963,-19.46078373798421,Dsp1;MEP-1
GO_Biological_Process_GeneRIF_Predicted_zscore,regulation_of_DNA_repair_(GO:0006282),1/200,0.5919899825931167,0.5919899825931167,0.6153158258446757,0.6153158258446757,37.38496354876957,-19.59964905746493,MEP-1
GO_Biological_Process_GeneRIF_Predicted_zscore,regulation_of_G1/S_transition_of_mitotic_cell_cycle_(GO:2000045),2/200,0.2235556120827191,0.3499368677534138,0.2445725924537249,0.382835242400092,13.084623904170492,-19.602010592999324,MEP-1;Rok
GO_Biological_Process_GeneRIF_Predicted_zscore,positive_regulation_of_cellular_process_(GO:0048522),2/200,0.2235556120827191,0.3499368677534138,0.2445725924537249,0.382835242400092,13.123168561845237,-19.659754154723174,Dsp1;robo2
GO_Biological_Process_GeneRIF_Predicted_zscore,regulation_of_DNA_recombination_(GO:0000018),1/200,0.5919899825931167,0.5919899825931167,0.6153158258446757,0.6153158258446757,37.5145946431104,-19.66761017645067,MEP-1
GO_Biological_Process_GeneRIF_Predicted_zscore,rRNA_processing_(GO:0006364),1/200,0.5919899825931167,0.5919899825931167,0.6153158258446757,0.6153158258446757,38.23578053388083,-20.04570310533252,MEP-1
GO_Biological_Process_GeneRIF_Predicted_zscore,regulated_exocytosis_(GO:0045055),2/200,0.2235556120827191,0.3499368677534138,0.2445725924537249,0.382835242400092,13.760404954696408,-20.61439485470784,egh;fru
GO_Biological_Process_GeneRIF_Predicted_zscore,positive_regulation_of_cellular_protein_localization_(GO:1903829),2/200,0.2235556120827191,0.3499368677534138,0.2445725924537249,0.382835242400092,14.26357850412342,-21.368196669587796,Dsp1;MEP-1
GO_Biological_Process_GeneRIF_Predicted_zscore,positive_regulation_of_crystal_cell_differentiation_(GO:0042691),1/200,0.5919899825931167,0.5919899825931167,0.6153158258446757,0.6153158258446757,41.63592985084519,-21.82828430990009,Galphai
GO_Biological_Process_GeneRIF_Predicted_zscore,regulation_of_cell-cell_adhesion_(GO:0022407),2/200,0.2235556120827191,0.3499368677534138,0.2445725924537249,0.382835242400092,14.630633488476532,-21.918079932889665,Dsp1;robo2
GO_Biological_Process_GeneRIF_Predicted_zscore,regulation_of_cell_communication_(GO:0010646),2/200,0.2235556120827191,0.3499368677534138,0.2445725924537249,0.382835242400092,14.721426563500453,-22.054096591176847,Dsp1;robo2
GO_Biological_Process_GeneRIF_Predicted_zscore,regulation_of_TOR_signaling_(GO:0032006),2/200,0.2235556120827191,0.3499368677534138,0.2445725924537249,0.382835242400092,14.75967128046188,-22.111390813196117,MEP-1;Rok
GO_Biological_Process_GeneRIF_Predicted_zscore,positive_regulation_of_chromatin_silencing_(GO:0031937),2/200,0.2235556120827191,0.3499368677534138,0.2445725924537249,0.382835242400092,14.818074567529472,-22.198884489754903,MEP-1;Galphai
GO_Biological_Process_GeneRIF_Predicted_zscore,recombinational_repair_(GO:0000725),2/200,0.2235556120827191,0.3499368677534138,0.2445725924537249,0.382835242400092,15.24595033373973,-22.83988306664697,MEP-1;Galphai
GO_Biological_Process_GeneRIF_Predicted_zscore,regulation_of_MAPK_cascade_(GO:0043408),1/126,0.4309111493779823,0.5919899825931167,0.4518162355972821,0.6153158258446757,27.38950967380641,-23.05795074943452,MEP-1
GO_Biological_Process_GeneRIF_Predicted_zscore,regulation_of_STAT_cascade_(GO:1904892),2/200,0.2235556120827191,0.3499368677534138,0.2445725924537249,0.382835242400092,15.96264881324092,-23.913565527072222,MEP-1;Rok
GO_Biological_Process_GeneRIF_Predicted_zscore,positive_regulation_of_circadian_rhythm_(GO:0042753),2/200,0.2235556120827191,0.3499368677534138,0.2445725924537249,0.382835242400092,15.98879206636255,-23.952730605746154,ninaE;trpl
GO_Biological_Process_GeneRIF_Predicted_zscore,regulation_of_ATPase_activity_(GO:0043462),2/200,0.2235556120827191,0.3499368677534138,0.2445725924537249,0.382835242400092,16.438353778239993,-24.62621679097917,MEP-1;Rok
GO_Biological_Process_GeneRIF_Predicted_zscore,regulation_of_ATP_metabolic_process_(GO:1903578),2/200,0.2235556120827191,0.3499368677534138,0.2445725924537249,0.382835242400092,16.45106774848983,-24.645263527159106,MEP-1;Rok
GO_Biological_Process_GeneRIF_Predicted_zscore,pyruvate_metabolic_process_(GO:0006090),2/200,0.2235556120827191,0.3499368677534138,0.2445725924537249,0.382835242400092,16.715616084865715,-25.041582086254078,bel;Hex-A
GO_Biological_Process_GeneRIF_Predicted_zscore,regulation_of_cell-matrix_adhesion_(GO:0001952),2/200,0.2235556120827191,0.3499368677534138,0.2445725924537249,0.382835242400092,16.801416687208373,-25.170119545819148,robo2;Rac2
GO_Biological_Process_GeneRIF_Predicted_zscore,regulation_of_BMP_signaling_pathway_(GO:0030510),2/200,0.2235556120827191,0.3499368677534138,0.2445725924537249,0.382835242400092,17.14778913491222,-25.689018402885253,Dsp1;MEP-1
GO_Biological_Process_GeneRIF_Predicted_zscore,regulation_of_DNA_metabolic_process_(GO:0051052),2/200,0.2235556120827191,0.3499368677534138,0.2445725924537249,0.382835242400092,17.4024371457861,-26.07050533313206,Dsp1;MEP-1
GO_Biological_Process_GeneRIF_Predicted_zscore,regulation_of_G-protein_coupled_receptor_protein_signaling_pathway_(GO:0008277),3/200,0.0599066825338914,0.2005231514580909,0.0691858637773741,0.2309798889650876,9.45106517855256,-26.604438658312617,Dsp1;MEP-1;robo2
GO_Biological_Process_GeneRIF_Predicted_zscore,regulation_of_Rho_protein_signal_transduction_(GO:0035023),2/200,0.2235556120827191,0.3499368677534138,0.2445725924537249,0.382835242400092,17.76228500040899,-26.609591630900063,MEP-1;Rok
GO_Biological_Process_GeneRIF_Predicted_zscore,regulation_of_DNA_binding_(GO:0051101),2/200,0.2235556120827191,0.3499368677534138,0.2445725924537249,0.382835242400092,20.73848161831433,-31.06821711821228,Dsp1;MEP-1
GO_Biological_Process_GeneRIF_Predicted_zscore,regulation_of_Notch_signaling_pathway_(GO:0008593),2/200,0.2235556120827191,0.3499368677534138,0.2445725924537249,0.382835242400092,21.125494258675463,-31.6479988476333,Dsp1;MEP-1
GO_Biological_Process_GeneRIF_Predicted_zscore,regulation_of_RNA_metabolic_process_(GO:0051252),2/200,0.2235556120827191,0.3499368677534138,0.2445725924537249,0.382835242400092,21.181179747233102,-31.731421003636974,MEP-1;Pat1
GO_Biological_Process_GeneRIF_Predicted_zscore,regulation_of_R7_cell_differentiation_(GO:0045676),2/200,0.2235556120827191,0.3499368677534138,0.2445725924537249,0.382835242400092,21.21969489700825,-31.78912035972185,Dsp1;robo2
GO_Biological_Process_GeneRIF_Predicted_zscore,regulation_of_JAK-STAT_cascade_(GO:0046425),2/200,0.2235556120827191,0.3499368677534138,0.2445725924537249,0.382835242400092,22.46929288002944,-33.66113694037151,MEP-1;Rok
GO_Biological_Process_GeneRIF_Predicted_zscore,regulation_of_JUN_kinase_activity_(GO:0043506),2/200,0.2235556120827191,0.3499368677534138,0.2445725924537249,0.382835242400092,22.91185161893948,-34.324132006311,MEP-1;Rok
GO_Biological_Process_GeneRIF_Predicted_zscore,regulation_of_RNA_export_from_nucleus_(GO:0046831),2/200,0.2235556120827191,0.3499368677534138,0.2445725924537249,0.382835242400092,23.23697240120505,-34.81119384810706,MEP-1;Galphai
GO_Biological_Process_GeneRIF_Predicted_zscore,regulation_of_JNK_cascade_(GO:0046328),1/200,0.5919899825931167,0.5919899825931167,0.6153158258446757,0.6153158258446757,78.18792858778808,-40.99123859922054,robo2
KEGG_2019,Dorso-ventral axis formation,2/28,0.0068653760695319,0.0594999259359431,0.0179024548675518,0.1551546088521162,-47.89716787611251,238.58846010269616,egh;capu
KEGG_2019,Galactose metabolism,1/37,0.1522474295055485,0.2899272395716435,0.2344338897028468,0.4433916176741663,-82.11575019016932,154.56222757848704,Hex-A
KEGG_2019,AGE-RAGE signaling pathway in diabetic complications,1/31,0.12921648734494,0.2899272395716435,0.2012789346594423,0.4433916176741663,-65.03766756651932,133.08437337237177,Rac2
KEGG_2019,Base excision repair,1/20,0.0853749746781761,0.2899272395716435,0.1369034221726296,0.4433916176741663,-51.47371864344469,126.66149567744546,Dsp1
KEGG_2019,Folate biosynthesis,1/40,0.1635359908412038,0.2899272395716435,0.2505146337526826,0.4433916176741663,-65.80701754385966,119.15822662168613,se
KEGG_2019,Glycolysis / Gluconeogenesis,1/54,0.2142814680023726,0.314581773170529,0.3213894549639086,0.471176614499521,-70.75230535808555,108.99143996523232,Hex-A
KEGG_2019,Mitophagy,1/36,0.1484512041529853,0.2899272395716435,0.2290008398903689,0.4433916176741663,-55.39255288505369,105.66123736894734,foxo
KEGG_2019,Fatty acid biosynthesis,1/10,0.0436290016957141,0.2268708088177137,0.0741072691685884,0.4388325958632772,-30.637525024270484,95.95774472234667,CG3961
KEGG_2019,Amino sugar and nucleotide sugar metabolism,1/47,0.1893012245748615,0.30761448993415,0.2867919576832854,0.4660369312353387,-57.53139662398696,95.7561627653927,Hex-A
KEGG_2019,Longevity regulating pathway,1/55,0.2177873814257508,0.314581773170529,0.3261991946535146,0.471176614499521,-62.35674625671654,95.0463979040546,foxo
KEGG_2019,Phototransduction,3/38,0.0006420145084632,0.0166923772200434,0.0026338209567614,0.0684793448757984,-12.597836955176104,92.60543533608296,ninaE;trpl;Arr2
KEGG_2019,Starch and sucrose metabolism,1/33,0.136961387940248,0.2899272395716435,0.212479984142632,0.4433916176741663,-22.094250609349476,43.92461263142756,Hex-A
KEGG_2019,Fructose and mannose metabolism,1/29,0.121402871929519,0.2899272395716435,0.1899259102254416,0.4433916176741663,-20.228814628976515,42.65530272717676,Hex-A
KEGG_2019,FoxO signaling pathway,1/65,0.2520067833797223,0.344851387782778,0.3725405155460301,0.5097922844314096,-28.62941715807235,39.459904874265945,foxo
KEGG_2019,Fatty acid degradation,1/32,0.1330974895283566,0.2899272395716435,0.2068983345428455,0.4433916176741663,-14.39683894025641,29.03372235522825,CG3961
KEGG_2019,TGF-beta signaling pathway,1/41,0.1672657151374866,0.2899272395716435,0.2558028563504806,0.4433916176741663,-14.271378864373094,25.519674698217543,Rok
KEGG_2019,Notch signaling pathway,1/22,0.0935053405850653,0.2899272395716435,0.1489649700819773,0.4433916176741663,-6.119345021059872,14.5012366340135,numb
KEGG_2019,Oxidative phosphorylation,4/144,0.003920269779787,0.0509635071372318,0.0174936434777622,0.1551546088521162,-1.126488133081379,6.24254078749996,UQCR-6.4;CG40472;ND-MNLL;ox
KEGG_2019,Glutathione metabolism,1/77,0.2911208985046463,0.3598716646964463,0.4241387020848941,0.513770065067823,0.3201802083043358,-0.3951077046255783,se
KEGG_2019,MAPK signaling pathway,1/93,0.3401433283240446,0.3598716646964463,0.4866656951828968,0.513770065067823,0.4525746754447788,-0.4880511879469222,Rac2
KEGG_2019,Ribosome biogenesis in eukaryotes,1/178,0.5495054933695098,0.5495054933695098,0.7241014014464782,0.7241014014464782,4.448770463207876,-2.6636412927271045,prage
KEGG_2019,Autophagy,1/95,0.346030446823506,0.3598716646964463,0.4940096779498298,0.513770065067823,2.521915358894949,-2.6763284816828112,Dsp1
KEGG_2019,Wnt signaling pathway,1/91,0.3342038140533331,0.3598716646964463,0.4792200333466066,0.513770065067823,2.5556387696103013,-2.8009909539759144,Rac2
KEGG_2019,Peroxisome,1/90,0.3312142645697838,0.3598716646964463,0.4754586547328799,0.513770065067823,3.0753122437647105,-3.3981886244106168,CG3961
KEGG_2019,Phagosome,1/89,0.3282114429258659,0.3598716646964463,0.4716713526003402,0.513770065067823,3.480681518141445,-3.877817656058111,Rac2
KEGG_2019,Ribosome,4/240,0.0223382510238337,0.1451986316549195,0.084390883819861,0.4388325958632772,2.492707904593473,-9.475916372583658,RpL39;mRpL34;mRpL33;RpL41
