names,scores,logfoldchanges,pvals,pvals_adj,significant
mt:lrRNA,105.52676,2.602533,0.0,0.0,True
RpL41,78.40252,1.567701,0.0,0.0,True
Mic10b,69.83259,3.3244562,0.0,0.0,True
lncRNA:CR34335,68.01054,1.1207051,0.0,0.0,True
Cyt-c-p,66.939255,1.8053186,0.0,0.0,True
mei-P26,64.7979,0.88371706,0.0,0.0,False
snRNA:7SKa,63.754154,1.8971524,0.0,0.0,True
sun,62.238968,2.1439846,0.0,0.0,True
His3.3B,61.836353,1.1496097,0.0,0.0,True
Sxl,60.18422,1.5934808,0.0,0.0,True
RpL29,56.515675,1.1598338,0.0,0.0,True
nrv3,53.127243,0.4896585,0.0,0.0,False
flw,49.48481,1.4868704,0.0,0.0,True
RpL39,44.666862,1.0967485,0.0,0.0,True
CG7646,43.117367,1.0537236,0.0,0.0,True
pum,42.707382,0.80551785,0.0,0.0,False
fne,41.98757,0.6431984,0.0,0.0,False
sif,41.348694,0.98249584,0.0,0.0,False
Dsp1,40.921967,0.93693626,0.0,0.0,False
Pde4,40.894257,0.81977385,0.0,0.0,False
Bsg,39.931915,0.82006896,0.0,0.0,False
Ten-a,39.108128,0.68686444,0.0,0.0,False
Nca,38.319065,1.6058373,0.0,0.0,True
Hex-A,37.929142,0.903801,0.0,0.0,False
Pdp1,37.64619,0.6224735,3.77680983674557e-310,9.544434243206459e-308,False
Smr,37.485947,0.9737317,1.56067797327182e-307,3.7979387494009236e-305,False
CG42613,36.814545,0.9796759,1.0804985213758147e-296,2.581605648981742e-294,False
msi,36.492207,0.9624828,1.4741869688493306e-291,3.398647536429658e-289,False
fru,36.464706,1.2918042,4.022977090943711e-291,9.114817577946778e-289,True
VhaM9.7-a,35.763317,0.9110636,4.1078339042439016e-280,8.434538333698299e-278,False
pcs,35.329735,1.6357036,2.0529894166825223e-273,4.150512911480773e-271,True
RpL38,35.04943,0.59989417,3.977657990973018e-269,7.686824067555357e-267,False
Tom6,34.983944,1.7417152,3.9476996118417725e-268,7.518365304233729e-266,True
fax,34.916367,0.8574663,4.196712933483875e-267,7.878429236987372e-265,False
Atpalpha,34.730957,0.3347276,2.6873883153125024e-264,4.973939415707267e-262,False
eIF4EHP,34.70142,0.91281086,7.499329419511976e-264,1.3687317764139843e-261,False
UQCR-6.4,34.676945,0.990036,1.7541508905342923e-263,3.157711897604265e-261,False
Fim,34.121452,0.96133393,3.5460599651024887e-255,6.213169866854906e-253,False
bel,33.607037,0.88418496,1.3240407394481976e-247,2.289370968037995e-245,False
HDAC4,33.069775,0.9754349,8.085798136930552e-240,1.345005991359549e-237,False
Caper,32.674084,0.89641076,3.646332874961949e-234,5.8434707694969474e-232,False
Gbeta13F,32.371986,0.58249205,6.8054790180980805e-230,1.0398930206607775e-227,False
fs(1)h,32.27933,0.6728272,1.3641830430693092e-228,2.0605436056291715e-226,False
Vha16-1,31.687065,0.45118767,2.3419487608806365e-220,3.419505407414716e-218,False
Sh,31.571207,0.4169137,9.175614742747539e-219,1.325019267411488e-216,False
Cdc14,31.250504,1.2800509,2.19763421367542e-214,3.1390338262944233e-212,True
ND-MLRQ,30.9465,0.7702384,2.8316163819159396e-210,3.958539454761421e-208,False
RNaseMRP:RNA,30.73056,3.969166,2.224104979506472e-207,3.013089024298407e-205,True
dlg1,30.63167,0.71615356,4.6368538173241766e-206,6.217642450352756e-204,False
lncRNA:noe,30.57756,0.18809898,2.433196069383299e-205,3.2297605603803973e-203,False
para,30.343092,0.49662632,3.099139409742901e-202,4.0725790983431466e-200,False
Tlk,30.16952,0.8324334,5.949768080977862e-200,7.665284544326478e-198,False
pan,30.139244,0.6055464,1.4839210089388694e-199,1.8932238814044352e-197,False
Rdh,29.729376,0.80556124,3.204587167122708e-194,4.010617139348525e-192,False
Vap33,28.988586,0.6448242,9.164178234796642e-185,1.1360987375798366e-182,False
Pitslre,28.19049,0.6706943,7.64814768626114e-175,8.816167433785757e-173,False
PAN3,28.067831,0.79089165,2.4205563924738835e-173,2.742114789094767e-171,False
Unr,27.777328,0.46302748,8.151107305665922e-170,9.001151353256797e-168,False
cype,27.687601,0.5152324,9.847078908656366e-169,1.0783371994887776e-166,False
CG44774,27.618294,0.98953277,6.710210868077461e-168,7.287510827884786e-166,False
mRpS5,27.244461,0.7482075,1.932992356093826e-163,2.0485042380184652e-161,False
Syn,27.191378,0.7080657,8.213790427001604e-163,8.566461904859372e-161,False
drn,27.074196,0.7591507,1.982598593272774e-161,2.0514431585982302e-159,False
CG4467,27.06786,0.7133829,2.3542159468868584e-161,2.416933731096891e-159,False
tow,27.01513,0.89847165,9.81614113443372e-161,9.999527957177791e-159,False
Eip75B,26.94695,0.5029888,6.19347140731492e-160,6.260646751040412e-158,False
RhoGAP93B,26.86055,0.8360516,6.350946696597444e-159,6.370823705342519e-157,False
CG33181,26.079601,0.81173265,6.212585352244809e-150,5.959093730937886e-148,False
eff,25.88657,0.66448677,9.434114237613665e-148,8.918970877444688e-146,False
Lk6,25.60861,0.52390957,1.2233361521754884e-144,1.1482757411241496e-142,False
Ac3,25.566381,0.800986,3.610134367928473e-144,3.36459402332965e-142,False
ND-AGGG,25.447035,2.2615948,7.613639038322339e-143,7.045833141027737e-141,True
jim,25.40715,0.41476756,2.1023749418773105e-142,1.9185631327228983e-140,False
NdufA3,25.38983,0.7163088,3.2664297158736012e-142,2.960286406641034e-140,False
Serinc,25.373178,1.0138025,4.98760341789708e-142,4.489184692779831e-140,True
TP53INP,25.306953,0.61681104,2.6781997664550493e-141,2.3941648388425715e-139,False
Eph,25.20137,0.83028936,3.8694994466811703e-140,3.4357494749214366e-138,False
UQCR-11,25.039259,0.5984725,2.2857288523560006e-138,1.9891895926364373e-136,False
Sema1a,24.431976,0.60376114,7.823589650967514e-132,6.590371256625904e-130,False
MED21,24.370623,2.2517974,3.504949269934016e-131,2.9336648634524144e-129,True
Cp110,24.252563,0.90056676,6.2129829501201076e-130,5.167392971362553e-128,False
Neb-cGP,24.20515,0.5420385,1.9635987534011152e-129,1.592817976447164e-127,False
RpL22,24.110416,1.8029002,1.9437846408906847e-128,1.567072022450582e-126,True
Cngl,24.104038,0.48429,2.2675063705722674e-128,1.816908610712815e-126,False
sno,24.033915,0.7120097,1.2297106405566733e-127,9.793713653063784e-126,False
orb2,24.00243,0.59958017,2.623019974519967e-127,2.0640182925249633e-125,False
mahe,23.985369,0.7230101,3.95259406083777e-127,3.091728485325544e-125,False
sty,23.977854,0.87963575,4.734724371737722e-127,3.681598400532864e-125,False
chic,23.915012,0.77924496,2.1378417092124443e-126,1.642887596535715e-124,False
Bacc,23.824394,0.28195253,1.8664138908475748e-125,1.4259220881832926e-123,False
trv,23.824152,0.60807383,1.8772127026536003e-125,1.4259220881832926e-123,False
Rbp,23.661428,0.59718645,9.0027105301268e-124,6.79911603887335e-122,False
beta-Spec,23.661007,0.7292575,9.093374288025274e-124,6.828344658225151e-122,False
IA-2,23.572947,0.48966208,7.303523659483505e-123,5.4531593414359514e-121,False
Lis-1,23.286295,0.6505536,6.104104245222733e-120,4.506406398116401e-118,False
RpL31,23.257357,0.41087258,1.1984534521433229e-119,8.798255203695757e-118,False
MtnA,23.145739,0.9639099,1.6047382472743285e-118,1.1715480726351085e-116,False
CG3009,22.959177,0.8474568,1.1931387616587113e-116,8.662451086716643e-115,False
CanA-14F,22.87483,0.5789643,8.274793978156617e-116,5.942025555571372e-114,False
mt:srRNA,22.778404,2.5861335,7.5074241112727875e-115,5.361688056860636e-113,True
dtn,22.677393,0.69975317,7.489614627519853e-114,5.291453001088086e-112,False
Calx,22.599636,0.9950509,4.369543937055378e-113,3.0705976939489156e-111,False
brat,22.594896,0.7535918,4.8645572414619255e-113,3.400273761172934e-111,False
Ca-alpha1T,22.585436,0.61301214,6.026076780410729e-113,4.18987698261256e-111,False
COX8,22.4595,0.48321143,1.0334388935235402e-111,7.147589736733074e-110,False
CG13739,22.37607,0.89630955,6.73243770487794e-111,4.631987637685917e-109,False
mmd,22.337812,0.54499024,1.586212086544128e-110,1.0800214004806418e-108,False
CG40045,22.289434,0.83495855,4.678671924534962e-110,3.169197307232677e-108,False
mub,22.12645,0.5062255,1.7589325310461353e-108,1.173306212714582e-106,False
glo,22.070312,0.8035079,6.0967573547197006e-108,4.046337797897555e-106,False
Frq1,22.069052,0.49612916,6.269365736583668e-108,4.1399866906756776e-106,False
RpS14b,22.02798,0.7125756,1.553461929428653e-107,1.0156240405284543e-105,False
dpr7,21.966633,0.6641124,6.005966793162196e-107,3.907148991531902e-105,False
Adcy1,21.788689,0.87767226,2.970289688913675e-105,1.858694133429267e-103,False
AcCoAS,21.769556,1.1774629,4.509806599230852e-105,2.8086904512081814e-103,True
CASK,21.52297,0.5016196,9.48842448870386e-103,5.853867896998001e-101,False
rin,21.423094,0.57472146,8.139765814396428e-102,4.998348718083339e-100,False
gro,21.29216,0.7705198,1.3419909848627742e-100,8.164399783371165e-99,False
bru3,21.282993,0.56942195,1.631864054585388e-100,9.882177668804877e-99,False
heca,21.136868,0.5676509,3.64487212718061e-99,2.187089708825589e-97,False
CG43737,21.109623,0.5570351,6.488715893652909e-99,3.8758279799314943e-97,False
tna,20.953775,0.5557467,1.7333279665540873e-97,1.0214198568828369e-95,False
Tom7,20.90648,0.6787029,4.6746759563487567e-97,2.7424069974276345e-95,False
anne,20.882452,0.5136067,7.732059894219242e-97,4.5158666253304475e-95,False
28SrRNA-Psi:CR40596,20.863855,2.8028333,1.1409264753283264e-96,6.63403310278298e-95,True
CG40228,20.806858,0.801933,3.7513677139650544e-96,2.171661811859682e-94,False
nej,20.803942,0.6049553,3.98654793130826e-96,2.2976853669000807e-94,False
CG32369,20.785124,0.7949289,5.9012289378369435e-96,3.377064967444994e-94,False
CG15431,20.785046,0.8344872,5.910698900482069e-96,3.377064967444994e-94,False
UBL3,20.761484,0.7916227,9.653899219101474e-96,5.468184898198813e-94,False
CG46385,20.736376,0.6496284,1.627349966425068e-95,9.178114123944986e-94,False
sgg,20.689116,0.46578544,4.340968296181752e-95,2.4378061700907864e-93,False
Dora,20.549847,0.48976377,7.720589058710014e-94,4.29899410256391e-92,False
CG44422,20.390434,0.74370027,2.0333446228068164e-92,1.1274338265107332e-90,False
B4,20.387842,0.7849791,2.1439715195413274e-92,1.1837785604324616e-90,False
Dhit,20.38198,0.45530483,2.416771080224297e-92,1.3288196136078447e-90,False
swm,20.323452,0.9371095,7.976616874817226e-92,4.367530097998882e-90,False
sordd1,20.320238,1.0918887,8.516212300428484e-92,4.643632607466004e-90,True
Alk,20.307102,0.48033965,1.112778711401745e-91,6.042572333276997e-90,False
GluRIA,20.30191,0.8123062,1.2368104113874671e-91,6.68844675557313e-90,False
Pkc53E,20.242157,0.554336,4.165341413573341e-91,2.243309488351118e-89,False
Alat,20.234175,1.0876743,4.897550410381318e-91,2.6268861201151386e-89,True
elav,20.170332,0.46258175,1.7843604256449218e-90,9.493230912307659e-89,False
RpS27,20.16042,0.32051218,2.1803005014179913e-90,1.155295519723138e-88,False
ox,20.090933,0.6675161,8.8583363991039e-90,4.656295944824974e-88,False
CG32544,19.96713,1.0685538,1.0639280732298896e-88,5.548047146949992e-87,True
CG12025,19.963085,0.6465244,1.1536434299434008e-88,5.992106052524202e-87,False
CG32767,19.924555,0.46722472,2.4925717899970815e-88,1.2895624367067579e-86,False
Mnt,19.901175,0.61555696,3.9749832255559744e-88,2.0484413555698458e-86,False
Hrb27C,19.776087,0.33714974,4.784079258689229e-87,2.4273199049588866e-85,False
Drep2,19.734438,0.59124243,1.0915600059347033e-86,5.516996168456898e-85,False
lola,19.605028,0.38494897,1.4007541947686408e-85,7.052609530059276e-84,False
GluRIB,19.413877,0.6316185,5.891012456038158e-84,2.9212752711244315e-82,False
hrg,19.311064,0.7102949,4.335525533735043e-83,2.133825507071618e-81,False
hrm,19.26341,0.8060229,1.0896117085657596e-82,5.342756515769644e-81,False
mir-9381,19.05545,2.0347762,5.920388824451824e-81,2.892186971826075e-79,True
CHES-1-like,19.038948,0.6890689,8.113967821135623e-81,3.949098190279378e-79,False
NfI,19.029556,0.78473526,9.70720625333765e-81,4.707099534136902e-79,False
rdgB,18.970127,0.553638,3.0117384704416922e-80,1.4550461485321423e-78,False
AP-1gamma,18.967392,0.74938875,3.1726028835673114e-80,1.5271492488263018e-78,False
CG31221,18.901955,0.515647,1.0990570221382274e-79,5.271061433546879e-78,False
CG42258,18.783316,0.6941338,1.0341729077778341e-78,4.888513014787237e-77,False
RhoGAP71E,18.583158,0.56021667,4.398420866482437e-77,2.0569269966706653e-75,False
Galphaq,18.544655,0.64352113,9.007580401536195e-77,4.19746858356692e-75,False
shep,18.46034,0.22000363,4.3061888904852795e-76,1.9995628342709205e-74,False
Rnf11,18.395063,0.8935428,1.4389173248407002e-75,6.65803259356748e-74,False
Con,18.372114,0.5190341,2.1968812683809273e-75,1.0129549736067988e-73,False
csw,18.325205,0.46991098,5.208571796851616e-75,2.393211258126821e-73,False
tou,18.291111,0.5586625,9.741008298849567e-75,4.460159932236312e-73,False
Ubr1,18.243332,0.8973051,2.3376529611829126e-74,1.0666353320453005e-72,False
kirre,18.235596,0.6051884,2.693026788113965e-74,1.2245351218894677e-72,False
dpr10,18.22255,0.89273137,3.41848143547065e-74,1.5490436049489592e-72,False
CG5282,18.150389,1.1714607,1.2749418611858323e-73,5.757392095478702e-72,True
Myc,18.080893,1.2415539,4.5072781906091663e-73,2.028429544616269e-71,True
alpha-Man-Ia,18.072584,0.733068,5.2401112205725624e-73,2.350180940257476e-71,False
CG43736,18.050255,0.52309585,7.852707987933913e-73,3.5099467914775357e-71,False
Ptpmeg2,18.00369,0.5606749,1.8226120359437729e-72,8.118964326893938e-71,False
CRMP,17.995632,1.1058815,2.1080353502511705e-72,9.358679911368457e-71,True
hbt,17.95128,0.6687191,4.689672963569612e-72,2.0749829095713225e-70,False
REPTOR-BP,17.945465,0.84943527,5.207200488422933e-72,2.288555906968755e-70,False
CG17124,17.896694,0.5482703,1.2513180168839698e-71,5.481190019957415e-70,False
MFS17,17.842422,0.51418906,3.31027918229225e-71,1.4451953067941016e-69,False
Sap47,17.817696,0.26235414,5.1515702887803515e-71,2.2342173321736833e-69,False
CG2865,17.747593,0.69442254,1.7990325462714424e-70,7.776673253471389e-69,False
RASSF8,17.708937,0.6323736,3.577634006439271e-70,1.5414324091350315e-68,False
Gprk2,17.67199,0.49106702,6.892364979119078e-70,2.9598878493661373e-68,False
hang,17.613905,0.70232844,1.9267988612413736e-69,8.247577796603548e-68,False
CG10804,17.557396,0.5681608,5.221554231806235e-69,2.2205968983872405e-67,False
CG42450,17.482437,0.4066331,1.949838706981816e-68,8.265429176918725e-67,False
Snap25,17.400255,0.26680514,8.213630111384138e-68,3.459465169669839e-66,False
VhaPPA1-1,17.388853,0.56544715,1.0022095836782242e-67,4.207679277672698e-66,False
HUWE1,17.292645,0.8636742,5.3444063609444204e-67,2.2224950629484376e-65,False
unc-119,17.262514,0.5029488,9.010159658547444e-67,3.7233493104708166e-65,False
Socs36E,17.238306,0.61481917,1.369910675703981e-66,5.643258993550474e-65,False
rl,17.199232,0.4526251,2.6907417950634715e-66,1.1015276613373544e-64,False
nAChRalpha6,17.169655,0.4086295,4.4808196041737514e-66,1.828647528523207e-64,False
l(3)80Fj,17.160172,0.45260796,5.275816460454437e-66,2.146424275753305e-64,False
Pdk1,17.137117,0.82798725,7.844433275398882e-66,3.171806082215899e-64,False
Marf,17.13619,0.61087763,7.970482863658554e-66,3.212886972740401e-64,False
comt,17.123362,0.5437002,9.93664968712273e-66,3.993196132675223e-64,False
fwe,17.089947,0.5089888,1.7633655272660278e-65,7.064751949330144e-64,False
Cds,17.082394,0.717579,2.0071169200972333e-65,8.016876427658888e-64,False
CG40498,17.060974,0.45188546,2.896847336963237e-65,1.1500746481883353e-63,False
Maf1,17.020296,0.5480677,5.8075736800452996e-65,2.2987146304058818e-63,False
RpS21,17.018625,0.35630453,5.975715951345962e-65,2.358164664163282e-63,False
CG44838,16.95312,0.5887973,1.8250994172477455e-64,7.180727976662462e-63,False
SK,16.94933,0.42838547,1.9466198125744695e-64,7.635979390161524e-63,False
Hipk,16.92388,0.4593505,3.0000269554573365e-64,1.1733141137400255e-62,False
Psi,16.817009,0.5980347,1.8317396101191347e-63,7.121565152833003e-62,False
Mpcp2,16.786234,0.39079395,3.07763147395576e-63,1.1930134277065675e-61,False
heph,16.756144,0.44293338,5.106868123236759e-63,1.973804529631007e-61,False
Unc-76,16.736544,0.52370447,7.099344330204602e-63,2.735849966076794e-61,False
Appl,16.696527,0.29604548,1.3891850156231558e-62,5.3222391516920965e-61,False
UbcE2H,16.687635,0.7086701,1.612333714778372e-62,6.152464197622175e-61,False
CG17698,16.687527,0.5958803,1.6152500937368924e-62,6.152464197622175e-61,False
ND-MWFE,16.66875,0.47679263,2.211694434824954e-62,8.399964326021596e-61,False
CG43347,16.60353,0.60548115,6.5709558635150555e-62,2.4812911207600962e-60,False
egh,16.599607,0.42989767,7.014708740139183e-62,2.641268984360143e-60,False
CG45002,16.563744,0.6078122,1.274155213732389e-61,4.78390676104495e-60,False
stai,16.551208,0.35221195,1.5692024047049872e-61,5.874897094082119e-60,False
bsk,16.549236,0.61811626,1.621446642407665e-61,6.053247252238388e-60,False
mAcon1,16.509756,0.70349187,3.1214564766603665e-61,1.1620130186910447e-59,False
onecut,16.483837,0.4716256,4.7942383587571824e-61,1.7796917026109642e-59,False
Rbp9,16.481613,0.44316497,4.973936720788939e-61,1.8411972520531675e-59,False
SPR,16.3723,0.86871624,3.0159766940198483e-60,1.1132851049470458e-58,False
loaf,16.36601,0.52505773,3.3443138880714784e-60,1.2310260168948822e-58,False
Ank2,16.340544,0.3444482,5.079717013451083e-60,1.8645966836246e-58,False
CG31360,16.273428,1.5344173,1.5238384386417557e-59,5.577927833479473e-58,True
Cbp53E,16.251593,0.4441121,2.176371412763398e-59,7.944360204201059e-58,False
CG42594,16.235682,0.65520763,2.8209586287704577e-59,1.0268758266114289e-57,False
CG32683,16.204042,0.90534943,4.721841900265273e-59,1.714080784844916e-57,False
Cka,16.195633,0.61497533,5.413779680643e-59,1.9544637028387272e-57,False
igl,16.122019,0.41521353,1.7867411793552544e-58,6.432757763810247e-57,False
Nup153,16.039753,0.6133462,6.742251098231835e-58,2.41416680332056e-56,False
Nep3,15.8779,0.9848898,9.014580923412952e-57,3.2016380517451243e-55,False
side-VI,15.858813,0.44109818,1.22180946558368e-56,4.3160747815148215e-55,False
SKIP,15.841449,0.5573755,1.610667341575189e-56,5.6744717253725356e-55,False
mtgo,15.827231,0.45522484,2.0191181808381376e-56,7.094447062672184e-55,False
RSG7,15.788947,0.45851654,3.707166755863903e-56,1.2990900890348681e-54,False
Tsp66E,15.7790785,0.48111603,4.334697705307741e-56,1.5149537911023678e-54,False
ckn,15.765376,0.75882626,5.385083116546343e-56,1.8770657091388728e-54,False
CG11768,15.756951,1.7306,6.153070125164651e-56,2.139087156475891e-54,True
capu,15.747992,0.55845505,7.089707937012853e-56,2.4582018997436914e-54,False
lncRNA:CR45102,15.741594,1.263351,7.844257730489112e-56,2.7126681799041426e-54,True
ari-1,15.703662,0.505952,1.4275914931356024e-55,4.9238792155629794e-54,False
Spar,15.702752,0.63085294,1.4482053191616023e-55,4.981902120183931e-54,False
REPTOR,15.702543,0.5247427,1.452990670319444e-55,4.985313420017706e-54,False
unk,15.667475,0.66196436,2.5241013046447534e-55,8.615380582944598e-54,False
AGO2,15.664348,0.93663436,2.651355446193363e-55,9.026285471095074e-54,False
P5CDh1,15.609584,0.55943227,6.264391585869657e-55,2.1216590162348755e-53,False
Ca-beta,15.559377,0.616067,1.3743058541015729e-54,4.630705956089428e-53,False
CG16711,15.558253,0.45690697,1.398642026047182e-54,4.700653417975963e-53,False
Eip78C,15.531864,0.93980175,2.111497493692814e-54,7.078364429749304e-53,False
Galphao,15.525054,0.3792553,2.3480640198079322e-54,7.851376408217821e-53,False
wdb,15.514839,0.3617349,2.753228153785785e-54,9.182784560634265e-53,False
Pka-R2,15.509106,0.45475745,3.010434345779881e-54,9.9647651732729e-53,False
Deaf1,15.492176,0.60603803,3.918006659033247e-54,1.2936312941295453e-52,False
Taf4,15.469334,0.7786151,5.588227048336577e-54,1.835872291054774e-52,False
mtd,15.434339,0.33536723,9.618083213105419e-54,3.1519010349979632e-52,False
CG42337,15.397131,0.5282422,1.7109308625025827e-53,5.59287125973792e-52,False
CG14853,15.3864155,0.69986,2.0191247281731996e-53,6.5839498890630315e-52,False
C3G,15.38527,0.67873174,2.0551569910817057e-53,6.684855945496211e-52,False
pAbp,15.364591,0.3018951,2.8281738599118114e-53,9.176551282247189e-52,False
Cipc,15.356954,0.53440315,3.1817681795933456e-53,1.0298427499516294e-51,False
l(3)neo38,15.277507,0.4297512,1.0799423240508906e-52,3.4868604620031335e-51,False
Bili,15.183752,0.82147294,4.531051999633596e-52,1.4522574226142703e-50,False
nebu,15.178438,0.6953963,4.913453091314841e-52,1.5709899531135844e-50,False
CG13375,15.165328,1.0316331,5.999862869223073e-52,1.9136941253509808e-50,True
Vsp37A,15.15476,1.090286,7.047232231744045e-52,2.242316676933378e-50,True
RhoGAP100F,15.131357,0.40619162,1.0059943417602805e-51,3.185487143390806e-50,False
eIF4G2,15.129339,0.5244535,1.037311756803627e-51,3.276758124076073e-50,False
CG6966,15.094034,0.569726,1.77264952619794e-51,5.58618403447653e-50,False
Dyb,15.07239,0.5673767,2.460517159282304e-51,7.735324399552334e-50,False
Pli,15.0663185,0.66203696,2.697305138958399e-51,8.459495663735637e-50,False
bun,15.065137,0.28485823,2.745964403497292e-51,8.591599577704266e-50,False
CG9674,15.064872,0.44733855,2.7570104391007573e-51,8.605670826656307e-50,False
Polr2K,15.042635,1.2514541,3.858796753145676e-51,1.201621993675055e-49,True
Ca-alpha1D,15.008481,0.4270148,6.46106281789855e-51,2.007206300000115e-49,False
CG32982,15.00786,0.8146623,6.521806432978293e-51,2.0212985456548996e-49,False
Frq2,14.977335,0.56734276,1.0327539344858939e-50,3.193275165430384e-49,False
Arf1,14.966584,0.45552027,1.2139740590984223e-50,3.744796504838583e-49,False
Pp2C1,14.941063,0.63374406,1.7811051128869984e-50,5.481382268957388e-49,False
CG31998,14.934125,0.5331487,1.9765271606128501e-50,6.068584910657352e-49,False
Rgk1,14.933541,0.88644356,1.9938838305134456e-50,6.107605458456221e-49,False
CG8671,14.924336,0.41731834,2.2890078837234804e-50,6.99531455814192e-49,False
PlexA,14.878039,0.4182681,4.577144496512378e-50,1.392320736774749e-48,False
CG31635,14.866724,0.47452465,5.420107732830707e-50,1.6449338502800997e-48,False
CG42402,14.864058,0.51427734,5.640326901922127e-50,1.7078234059483564e-48,False
Snx27,14.852128,0.7869782,6.739438066168786e-50,2.0359300144258397e-48,False
RhoGAPp190,14.828599,0.37229443,9.571031501471595e-50,2.884700113780693e-48,False
Hers,14.813704,0.44499224,1.1947197947808844e-49,3.5926345133216475e-48,False
Sf3b5,14.803199,1.3906499,1.3967844919532862e-49,4.190672376428798e-48,True
Crk,14.794388,0.60970205,1.5922614011732712e-49,4.7662658480223137e-48,False
Pits,14.791403,0.32054356,1.664471556832422e-49,4.9710956200761035e-48,False
EcR,14.774421,0.46309608,2.1419143037875167e-49,6.382516069404026e-48,False
sdt,14.760195,0.35622394,2.6451748259873746e-49,7.86430823264708e-48,False
Rap2l,14.75159,0.6932911,3.0049955638845705e-49,8.913915734764591e-48,False
CG32206,14.749179,0.5383689,3.1143138546420567e-49,9.21738701888542e-48,False
mrva,14.686606,0.53288656,7.855007969338923e-49,2.3196103309007366e-47,False
Eip93F,14.65278,0.49467468,1.2931584056751671e-48,3.801654274939009e-47,False
Rap1,14.652245,0.40213123,1.3033733147614055e-48,3.8231314127856315e-47,False
sbr,14.596669,0.7996877,2.9490621361022523e-48,8.631097000115745e-47,False
Spred,14.573683,0.39168552,4.1301403968252656e-48,1.206092776770685e-46,False
side-VII,14.484941,0.7349837,1.5085361184521177e-47,4.395492934053055e-46,False
milt,14.469907,0.49874625,1.8772700713375533e-47,5.445740840495979e-46,False
Gprk1,14.464863,0.36603978,2.020077048257129e-47,5.8470996676535095e-46,False
nAChRalpha4,14.44216,0.4461896,2.809004824231413e-47,8.1127763505989e-46,False
CG9932,14.360333,0.47765678,9.178458884719097e-47,2.6334962489976783e-45,False
hwt,14.347785,0.39777008,1.099951253308885e-46,3.1491196992880303e-45,False
Pat1,14.34519,0.75012124,1.1418689085648737e-46,3.2620215929241315e-45,False
sxc,14.302269,0.54286516,2.1178979035176896e-46,6.011079125297183e-45,False
Rbp1-like,14.297818,0.26353088,2.2577780118071924e-46,6.380529215732971e-45,False
mura,14.262631,0.39615408,3.7407709534297215e-46,1.052622507473661e-44,False
CG13364,14.2087345,0.5867949,8.087426868326012e-46,2.2612101378015347e-44,False
Eip63E,14.204122,0.381931,8.63791350241314e-46,2.409996206692379e-44,False
CG17883,14.200555,0.49343133,9.08901568643369e-46,2.530482100326803e-44,False
CG40472,14.168229,3.260892,1.4408825628927125e-45,3.994649316239058e-44,True
jef,14.1360855,0.44970548,2.2759858935814082e-45,6.296574868958586e-44,False
Rab21,14.129909,1.1543139,2.4846609151820523e-45,6.859438883699024e-44,True
slo,14.124263,0.3159029,2.6920272057657573e-45,7.416337423682981e-44,False
Tm1,14.113948,0.4113898,3.116338797238115e-45,8.567323877511731e-44,False
CG46301,14.093145,0.7921626,4.1850036755666603e-45,1.1481238684889662e-43,False
pros,14.027926,0.44764075,1.0518241050336372e-44,2.879587617551464e-43,False
tay,13.983925,0.5239613,1.9540826966424231e-44,5.327510522111635e-43,False
CG32772,13.97149,0.59786737,2.32706945713963e-44,6.331267026143245e-43,False
Met,13.955965,0.5687174,2.893586550559191e-44,7.856326624152548e-43,False
Rab3-GEF,13.943481,0.48342854,3.4470632716231333e-44,9.339764629360742e-43,False
hzg,13.934231,1.163671,3.9240309546156246e-44,1.0610224439218915e-42,True
chrb,13.93036,0.3253931,4.1426446850079625e-44,1.1178335483714503e-42,False
mamo,13.926388,0.37342754,4.379532764385471e-44,1.1769210645560221e-42,False
Asator,13.896328,0.4074914,6.667521413754808e-44,1.78812038567657e-42,False
numb,13.879288,0.4620598,8.458024084341378e-44,2.263684205546437e-42,False
CG34250,13.835017,0.7477655,1.5669975366574345e-43,4.185348501873038e-42,False
tty,13.82701,0.43602473,1.7515099021462102e-43,4.668679842617312e-42,False
Polr2A,13.729668,0.6229005,6.744189301714974e-43,1.7868022502789613e-41,False
CG42788,13.685759,0.7017379,1.2351188021167371e-42,3.2657336375484993e-41,False
E(Pc),13.664058,0.48099464,1.6644512639863695e-42,4.3832773667424615e-41,False
CG5934,13.644526,1.1837554,2.1762660916281147e-42,5.708246049917176e-41,True
mRpL33,13.633742,0.9307097,2.523043357078063e-42,6.604643975171877e-41,False
lncRNA:CR40469,13.5746,0.8978185,5.66517450592806e-42,1.4771043290158857e-40,False
Lamp1,13.571565,0.43062255,5.904757279725332e-42,1.5365230774825858e-40,False
CG3726,13.550101,0.58684593,7.912129194583887e-42,2.054808097747566e-40,False
Cdc42,13.539561,1.2418882,9.133257511805085e-42,2.3672610840755546e-40,True
nAChRalpha5,13.535392,0.28266346,9.666536566978497e-42,2.5005503351705595e-40,False
Dmtn,13.485893,0.6476882,1.8935836426895362e-41,4.869585645515303e-40,False
lawc,13.457691,0.6093895,2.7745134190309705e-41,7.107189247463154e-40,False
vsg,13.453663,0.7072076,2.9299010202329203e-41,7.49062826982117e-40,False
Atg8a,13.452358,0.3038788,2.9820777304893686e-41,7.609220088613746e-40,False
raskol,13.415076,0.50061053,4.934250739397289e-41,1.256608313302709e-39,False
CG8245,13.40471,0.54560244,5.674459886304797e-41,1.4423225796118245e-39,False
St3,13.284365,0.55302083,2.8526841698833236e-40,7.181441125754168e-39,False
cindr,13.22298,0.3358647,6.465100696032921e-40,1.6151689780716467e-38,False
Reph,13.213283,0.33833948,7.354568361498965e-40,1.8338972075608708e-38,False
CG32264,13.184202,0.29106656,1.0819297690375592e-39,2.6927346770686676e-38,False
Ten-m,13.165734,0.44783545,1.381881897867766e-39,3.432761818502895e-38,False
CG1275,13.1463995,1.6270729,1.7847212124219202e-39,4.4167648686321004e-38,True
CG14464,13.142446,0.54761684,1.8804894266303272e-39,4.645020969050588e-38,False
Liprin-gamma,13.137797,0.32994917,1.999635548026564e-39,4.930058299552923e-38,False
Cip4,13.134294,0.42655638,2.094372767491283e-39,5.153961149363848e-38,False
CG8668,13.110612,0.58845747,2.862780831432258e-39,7.018619945121511e-38,False
G9a,13.068708,0.41771147,4.9702534051051646e-39,1.216277467346126e-37,False
luna,13.066777,0.47516483,5.098021994063937e-39,1.24522503762071e-37,False
Cals,13.063957,0.33686522,5.290429412252962e-39,1.2898243581895394e-37,False
Swip-1,13.042247,0.75199234,7.03525627952927e-39,1.7120426438758173e-37,False
CG1607,12.989507,0.8862717,1.4032794320973528e-38,3.3960395980094498e-37,False
Rtnl1,12.980597,0.26846573,1.5764847112577225e-38,3.8081958806319356e-37,False
jvl,12.958519,0.45849782,2.1026786760416284e-38,5.06996339116753e-37,False
CG40191,12.905304,0.5564079,4.2015582669158055e-38,1.01122119387437e-36,False
Fas1,12.856796,0.29158816,7.877461650150116e-38,1.8924629532837782e-36,False
mgl,12.8495655,0.7219145,8.649433293171776e-38,2.0741277902476334e-36,False
CG18508,12.834873,0.6603524,1.0457405915874942e-37,2.5031105854373884e-36,False
Tim17b,12.797604,0.36861855,1.6908811317457028e-37,4.025338578309834e-36,False
CG9813,12.796939,0.39705238,1.7054167028823131e-37,4.052600523069887e-36,False
ed,12.782573,0.55267787,2.0516914466665437e-37,4.8666565524630054e-36,False
Tmtc1,12.780396,0.4882351,2.1099196572687556e-37,4.9957575164267955e-36,False
glec,12.778764,0.35774833,2.1546741367792604e-37,5.092549070398609e-36,False
shot,12.773237,0.3774454,2.313298159255661e-37,5.457639337662234e-36,False
Syt4,12.771525,0.33047676,2.364747041891364e-37,5.5690216626334074e-36,False
Gug,12.747216,0.3366857,3.230783873995187e-37,7.594942913805143e-36,False
Kcmf1,12.746987,1.0506138,3.2402526322871093e-37,7.60359997158659e-36,True
Syt7,12.717012,0.29336852,4.757038024768599e-37,1.11430011913519e-35,False
Mnr,12.713065,0.7069768,5.0034266108715974e-37,1.169929343300065e-35,False
jeb,12.70843,0.37725553,5.308946175251126e-37,1.2391627298219367e-35,False
CG42376,12.678323,0.9091033,7.798261297472527e-37,1.8169672289022426e-35,False
CG32085,12.661942,1.3018173,9.60924853297785e-37,2.2349581410949012e-35,True
Rbfox1,12.652718,0.24530537,1.0807098399138592e-36,2.509118022315905e-35,False
veli,12.651378,0.6415799,1.0993053534420314e-36,2.547790414388313e-35,False
CG17724,12.6434355,2.1451182,1.2162092747997402e-36,2.813768676081582e-35,True
Polr2L,12.589905,0.7251607,2.399613056219663e-36,5.532160556453085e-35,False
hth,12.572268,0.3583443,2.999951287123298e-36,6.904091044498645e-35,False
hts,12.549174,0.4240161,4.016759131920631e-36,9.228012544155421e-35,False
AP-2alpha,12.535389,0.39880833,4.780091425861735e-36,1.0962509847687444e-34,False
larp,12.511657,0.3750276,6.446563777136802e-36,1.475858790859838e-34,False
yrt,12.511026,0.5047232,6.497904449723664e-36,1.4850254325881507e-34,False
AP-2mu,12.414576,1.05235,2.1783982471274834e-35,4.961235938561917e-34,True
caz,12.356738,1.6922389,4.4796642757659284e-35,1.0184648485785478e-33,True
Akap200,12.328495,0.99325013,6.362372969103911e-35,1.4415162618447326e-33,False
gce,12.327198,0.38961622,6.46557874784454e-35,1.462378146737093e-33,False
CG13751,12.325595,0.8290625,6.595464093452244e-35,1.4891923307913393e-33,False
CadN,12.320829,0.3325054,6.997052078737574e-35,1.5771571417957198e-33,False
uzip,12.318556,0.80898356,7.197141556643978e-35,1.61948008897018e-33,False
chn,12.3069315,0.31831473,8.312363805053551e-35,1.8640404908226744e-33,False
psq,12.279998,0.31398782,1.1600093917434224e-34,2.588061700662192e-33,False
CG17931,12.223365,0.7729235,2.3322840959925164e-34,5.18587907029402e-33,False
Syt1,12.220938,0.20981842,2.402962356588091e-34,5.3340081635006935e-33,False
AstC-R2,12.217776,0.9797195,2.498245490325819e-34,5.536162561276827e-33,False
CG17528,12.192816,0.79823923,3.394847439835329e-34,7.510385556713142e-33,False
Msp300,12.174676,0.26847312,4.240771204020776e-34,9.366046116308743e-33,False
nAChRalpha3,12.172204,0.41713786,4.371153665128685e-34,9.637807099573161e-33,False
ukar,12.158924,0.32830903,5.143145171234252e-34,1.1320949865190838e-32,False
cac,12.153969,0.28338584,5.4647079255396036e-34,1.200864997483544e-32,False
CG34370,12.107767,0.595177,9.607416319429462e-34,2.104184297560376e-32,False
wry,12.022397,0.33842304,2.7099278411744304e-33,5.905665300310645e-32,False
RhoGEF3,12.006255,0.41525745,3.294258621558833e-33,7.16719413011666e-32,False
EndoA,12.005312,0.31742015,3.332069097288523e-33,7.237474381399749e-32,False
Syngr,11.960568,0.4960197,5.716927216729677e-33,1.239705289687206e-31,False
CG33170,11.890334,0.37856454,1.328735957106054e-32,2.8624457725132224e-31,False
MESK2,11.889345,0.27681267,1.3445689381247226e-32,2.8918134886901765e-31,False
wrd,11.829083,0.4173386,2.7614045480339134e-32,5.900425555400594e-31,False
lncRNA:CR45758,11.819466,0.5809291,3.096463710197228e-32,6.605621690860677e-31,False
mRpS21,11.813518,0.6408095,3.3236131826878485e-32,7.078703538687361e-31,False
Actbeta,11.812923,0.46596622,3.3471708955251986e-32,7.117341867005928e-31,False
olf413,11.791634,0.4232916,4.310966724185463e-32,9.151924672458993e-31,False
ChT,11.790998,0.7569757,4.343600797842176e-32,9.206331949103878e-31,False
Rga,11.78847,0.46628886,4.475971158804536e-32,9.471616263744027e-31,False
Wbp2,11.764474,0.7209191,5.949581571148914e-32,1.2569686724512521e-30,False
lncRNA:CR44024,11.757845,0.67730117,6.435624306351555e-32,1.357472536272324e-30,False
CG32795,11.719443,0.72354496,1.013351871658034e-31,2.1340475874131773e-30,False
flfl,11.713052,0.534375,1.092740672799505e-31,2.2975528290013275e-30,False
cic,11.702231,0.3026945,1.2414501316119435e-31,2.6060537027975318e-30,False
CG2991,11.693411,1.0502999,1.3774182481318777e-31,2.8868665388677837e-30,True
Diap1,11.678234,0.34960154,1.6468113994508099e-31,3.4405005723661514e-30,False
CG7781,11.652546,0.29226905,2.2270409905248963e-31,4.6379628615669825e-30,False
LPCAT,11.65086,0.9752401,2.271555749076625e-31,4.723182610540495e-30,False
CG44242,11.647605,0.32246882,2.3599732004286834e-31,4.899274538204317e-30,False
Ubc6,11.62309,0.46275356,3.1455000041339356e-31,6.51971854169149e-30,False
Rab5,11.602398,0.33704978,4.006918926014261e-31,8.279075724332295e-30,False
l(1)G0196,11.600939,0.39119172,4.075839396773738e-31,8.408258322292573e-30,False
Mlc-c,11.591697,0.9634797,4.540465203833051e-31,9.337441822154948e-30,False
CG42346,11.590008,0.6118145,4.630895931710147e-31,9.508531787281726e-30,False
Rbp6,11.5871315,0.23445761,4.789054518650254e-31,9.817935324427922e-30,False
InR,11.583858,0.43130013,4.97558312472364e-31,1.0184445146727936e-29,False
Glut1,11.580086,0.3317428,5.1994260799192556e-31,1.0626074357110255e-29,False
Mid1,11.530241,0.29759848,9.288323178272002e-31,1.8894404781063835e-29,False
Tango11,11.500045,0.8652332,1.3184760527920935e-30,2.6737799089106326e-29,False
Syx6,11.471231,0.40651816,1.840214965112811e-30,3.720348439468838e-29,False
gol,11.4703865,0.5036146,1.858267163211303e-30,3.7510735471213106e-29,False
5-HT2A,11.439771,0.79804057,2.6458336011625238e-30,5.332653274981092e-29,False
Mhcl,11.404883,0.5221213,3.953083064800989e-30,7.955201310038253e-29,False
Rgl,11.402614,0.639112,4.057508075713705e-30,8.152861410237584e-29,False
Amph,11.402201,0.5134036,4.0767914010006266e-30,8.179101648938815e-29,False
Shab,11.391321,0.3204316,4.619332573105278e-30,9.2534526437769e-29,False
pHCl-1,11.374398,0.35280052,5.6088160869851796e-30,1.1218485875049047e-28,False
amon,11.367557,0.3331307,6.0662261404267086e-30,1.211493582239322e-28,False
CG17508,11.289936,0.561228,1.4714371520211263e-29,2.929720547683276e-28,False
Desat1,11.256792,0.3794931,2.144234636324731e-29,4.249983009946197e-28,False
Eip63F-1,11.246444,0.52326053,2.4111798648865953e-29,4.76470896307891e-28,False
nocte,11.23909,0.28836912,2.620685320698637e-29,5.170934804699818e-28,False
Rab8,11.23816,0.70006716,2.6484530550566546e-29,5.217889294827511e-28,False
tipE,11.2357235,0.37997633,2.72254037005983e-29,5.355823802837758e-28,False
gw,11.231559,0.28991768,2.8539834418842527e-29,5.606008431958291e-28,False
Stat92E,11.231115,0.48362985,2.8683504889126525e-29,5.622183954051459e-28,False
cdm,11.231041,1.0172321,2.8707750043136204e-29,5.622183954051459e-28,True
Glut4EF,11.220674,0.23067242,3.2280227299571236e-29,6.30303814180781e-28,False
mam,11.203519,0.46413824,3.9185176420673727e-29,7.639946637152425e-28,False
MsrA,11.131438,1.197809,8.820107151480188e-29,1.714571421266289e-27,True
kcc,11.129268,0.31206396,9.037483022820677e-29,1.754232856763464e-27,False
Glyp,11.121188,0.6010947,9.89450037492413e-29,1.91775264641413e-27,False
aqz,11.079805,0.09272771,1.5721346893519226e-28,3.033688979849283e-27,False
EMC10,11.076213,0.4239783,1.6364828788628568e-28,3.148612227106413e-27,False
eIF4H1,11.073342,0.4066487,1.6897903859909943e-28,3.246423313202874e-27,False
Fer1HCH,11.058633,0.255132,1.991096255014479e-28,3.819707428780332e-27,False
lig,11.049867,0.71189463,2.195410649613359e-28,4.2055235199080394e-27,False
Cul1,11.023139,0.5599179,2.9556819516229445e-28,5.637244778850089e-27,False
Clamp,11.021528,1.0269884,3.0090641001371093e-28,5.730740773898805e-27,True
eIF4B,11.016477,0.34469166,3.1827447814945552e-28,6.052742282723582e-27,False
Flo2,11.014442,0.4192737,3.2554529247059335e-28,6.182067468722641e-27,False
Lztr1,11.011751,0.98961693,3.354188203013238e-28,6.360373329840832e-27,False
Zyx,11.00084,0.36014205,3.7858750935244145e-28,7.168614496254227e-27,False
FoxP,10.998933,0.30818644,3.8668126771711618e-28,7.311336027439746e-27,False
Tmtc2,10.981058,0.40919983,4.713698360070832e-28,8.899814676679714e-27,False
mtt,10.980769,0.8881632,4.728799115637584e-28,8.915516381433786e-27,False
CG11360,10.969129,0.34636244,5.378826918569642e-28,1.0126527870619437e-26,False
Sara,10.939716,1.1241429,7.443249142456058e-28,1.3973105283002153e-26,True
NetB,10.932605,0.42839313,8.05038818583931e-28,1.5091319707576942e-26,False
Yeti,10.925083,0.25832403,8.746059720121049e-28,1.637207560998728e-26,False
lncRNA:CR45333,10.922366,3.1902635,9.011704038253536e-28,1.6845348899955862e-26,True
CG31211,10.915119,0.3821585,9.760075692387413e-28,1.821834583432713e-26,False
Kap-alpha3,10.877397,0.42320445,1.4772159842457461e-27,2.7495885621775285e-26,False
beat-IIIc,10.87599,0.41866025,1.5001821339207854e-27,2.788386622610048e-26,False
CG10465,10.871364,0.61324847,1.5782370464942559e-27,2.9293238740086185e-26,False
5-HT1A,10.831672,0.42341405,2.4366499198725674e-27,4.516222369117829e-26,False
ubl,10.826889,1.8718967,2.5672950728960363e-27,4.751665429989692e-26,True
aPKC,10.825309,0.33230427,2.611982749878347e-27,4.827575993832821e-26,False
bves,10.822723,0.4649559,2.6867230755453105e-27,4.958739878615299e-26,False
capt,10.774179,1.2005678,4.558288641129737e-27,8.365987574453334e-26,True
CG10098,10.77066,0.49637383,4.735914726750449e-27,8.667779306995495e-26,False
CG12531,10.761443,0.31157148,5.234404496706381e-27,9.566802432714682e-26,False
Tl,10.738748,0.55197066,6.694630706687752e-27,1.221863084952552e-25,False
CG13404,10.7366705,1.4125533,6.846912249535509e-27,1.2479233546622207e-25,True
CG1677,10.710686,0.30497664,9.068773974518867e-27,1.6505922271350751e-25,False
upSET,10.63547,0.28056306,2.0379789374059683e-26,3.6837800847939245e-25,False
CG2765,10.628161,1.1098549,2.2041461431283598e-26,3.9732077457955797e-25,True
UQCR-Q,10.626967,0.24608037,2.232539047195511e-26,4.0188761122186594e-25,False
Hcf,10.616467,0.37648603,2.4983730731655706e-26,4.491261361760433e-25,False
CG34384,10.610136,0.34888387,2.673582678342641e-26,4.79966529728151e-25,False
CG8860,10.600524,0.4731435,2.963162709922059e-26,5.312267554036259e-25,False
exd,10.571869,0.3579475,4.023939908524164e-26,7.194366576587217e-25,False
CG11030,10.567261,0.43615013,4.226585068920267e-26,7.54640684655995e-25,False
CG13603,10.554625,1.2603288,4.835672540785034e-26,8.622194417700968e-25,True
COX7B,10.53517,0.20272192,5.947575723965344e-26,1.059039194967867e-24,False
CG7582,10.533298,1.0103265,6.067108882380333e-26,1.0788616755529088e-24,True
Pgant9,10.515335,0.39516464,7.341926657979924e-26,1.3020277761472899e-24,False
Nmdar2,10.510415,0.37382784,7.73520161310147e-26,1.3699229703203023e-24,False
CG32017,10.503516,0.2760527,8.322150109978244e-26,1.471889294686731e-24,False
PDZ-GEF,10.493256,0.56404483,9.277583163355155e-26,1.6386655960974474e-24,False
mspo,10.478308,0.3842639,1.0867036492336072e-25,1.9168285442387694e-24,False
PI31,10.476404,0.40320206,1.108798643028892e-25,1.953180022525827e-24,False
Shaw,10.472068,0.42196527,1.1607902556822972e-25,2.0420274096279876e-24,False
Sirt1,10.461789,0.29882124,1.2938956303773254e-25,2.273139368821983e-24,False
Cow,10.461464,0.27199742,1.2983404805702304e-25,2.2779028378068625e-24,False
Rala,10.460187,0.5599203,1.315954749829444e-25,2.3057281823344965e-24,False
Trf2,10.45579,0.28821892,1.3784635325177665e-25,2.4120358563003953e-24,False
CG1812,10.453385,0.87264156,1.413857550662456e-25,2.470678467188209e-24,False
Lim1,10.447327,0.77188873,1.5071306334307604e-25,2.6301731280097773e-24,False
Hsc70-4,10.439356,0.2983202,1.6391877052734978e-25,2.8568389436338243e-24,False
Ptp99A,10.43914,0.24625109,1.6429249809160351e-25,2.85955989062485e-24,False
frj,10.433773,0.8450231,1.7384501885280075e-25,3.02182194807494e-24,False
LIMK1,10.417671,0.50137615,2.0593419680175893e-25,3.574876195735686e-24,False
par-1,10.4052105,0.29891333,2.3473777254198706e-25,4.069510645084765e-24,False
Rbcn-3A,10.4047165,0.6347561,2.3595821397485795e-25,4.085279169754425e-24,False
CG17075,10.385588,0.5759583,2.8838775981922506e-25,4.9864520418216265e-24,False
Src42A,10.365569,0.6209251,3.556347288642052e-25,6.133065580058426e-24,False
mrj,10.361689,0.5984267,3.7036449568747827e-25,6.378715383786569e-24,False
Imp,10.348348,0.7171055,4.257694327828566e-25,7.32334570183183e-24,False
sm,10.341795,0.20390202,4.55917494195792e-25,7.831649400296605e-24,False
Rer1,10.321822,1.1427847,5.614718833423006e-25,9.619689724903744e-24,True
kis,10.320498,0.2671665,5.692660946431153e-25,9.740528319928619e-24,False
CG10011,10.277657,0.2967065,8.886181413922289e-25,1.5145695195895305e-23,False
unc-13-4A,10.262935,0.41376567,1.0351179382777442e-24,1.7619798998585282e-23,False
Bet3,10.260412,1.2218082,1.0625269408639594e-24,1.806295799468731e-23,True
Cadps,10.220175,0.26234183,1.6105006729261774e-24,2.7272666679024355e-23,False
Wee1,10.218439,0.70466995,1.6395975080155337e-24,2.7729666477261427e-23,False
kuz,10.214398,0.31718007,1.7093674612046107e-24,2.8872490755385334e-23,False
syd,10.212043,0.45191595,1.751384010858795e-24,2.9544207043254717e-23,False
Sams,10.176592,0.34471875,2.5224194059493846e-24,4.2441886573086894e-23,False
ND-49,10.16363,0.3046394,2.881458985996158e-24,4.842103904728326e-23,False
fz2,10.160129,0.37679657,2.986816622221035e-24,5.012740387306082e-23,False
AGO1,10.157454,0.2479904,3.069898004765655e-24,5.145603275589984e-23,False
caps,10.136335,0.4906848,3.811312199931935e-24,6.380185174433829e-23,False
CG14442,10.13368,0.29100996,3.916274834800214e-24,6.547553130293843e-23,False
FucTA,10.118559,1.1084917,4.5709508499307125e-24,7.61303740417484e-23,True
Ehbp1,10.111277,0.41887474,4.923864146337817e-24,8.190442879370285e-23,False
C1GalTA,10.083975,0.4713341,6.504027360285068e-24,1.080523685733326e-22,False
Shal,10.083834,0.32726866,6.513433575265073e-24,1.0807200834918982e-22,False
alpha-Est9,10.077991,0.75078595,6.912516086426196e-24,1.1454902130104242e-22,False
CG13384,10.041265,0.8126227,1.0037932735878008e-23,1.6550624100649045e-22,False
Motor,10.039471,0.3249045,1.0222073517769655e-23,1.6833116302883587e-22,False
CG31729,10.027414,0.6547706,1.1550207428184948e-23,1.89726594767223e-22,False
mGluR,10.025009,0.37905127,1.183483394989467e-23,1.941592421168113e-22,False
CG2225,10.013367,0.38032916,1.331426707977616e-23,2.181580844081528e-22,False
Iqsec,10.004005,0.40497532,1.4635539926428325e-23,2.3950887941867325e-22,False
Arp2,10.001202,0.81451595,1.5055872923486666e-23,2.460811269745501e-22,False
ct,9.991904,0.29741186,1.65374590431154e-23,2.6962623980841123e-22,False
Arf4,9.981618,0.38801894,1.8345122531084652e-23,2.983579890853755e-22,False
Rok,9.942827,0.75487345,2.7102256908961234e-23,4.402357948586645e-22,False
CG42748,9.932231,0.31974483,3.014334710712132e-23,4.890292893020757e-22,False
Ptp10D,9.917576,0.4200115,3.4913126863321506e-23,5.643215253516703e-22,False
FucT6,9.885121,1.6532824,4.829972697315026e-23,7.787812419069541e-22,True
CG30428,9.869697,0.39607576,5.633466865806512e-23,9.072228931809237e-22,False
Dyrk2,9.866899,0.3377106,5.792831492217847e-23,9.317453933810858e-22,False
rhea,9.864552,0.51566094,5.929884127938124e-23,9.526235614331894e-22,False
CG2186,9.857439,0.58489627,6.365204501076853e-23,1.0213083314853594e-21,False
CG5445,9.843831,0.72380596,7.28817556970682e-23,1.167974575140455e-21,False
CG5412,9.83918,1.3677856,7.633028503032056e-23,1.2217494221479201e-21,True
CG9132,9.78821,0.40091217,1.2651617879870592e-22,2.0152110370833875e-21,False
pigs,9.763869,0.3122663,1.608965287348615e-22,2.553552275488907e-21,False
wit,9.762764,0.76420915,1.6266103942048448e-22,2.5784423631177157e-21,False
beat-Ic,9.761608,0.34498912,1.645256368692649e-22,2.6048571013241083e-21,False
CG33303,9.740304,0.4484346,2.0294578974222353e-22,3.2054214218780762e-21,False
EMC8-9,9.729736,0.41455752,2.2517540594910417e-22,3.552256914258317e-21,False
CG13999,9.729219,0.94088507,2.2632381715194134e-22,3.566092663301752e-21,False
Fur2,9.728104,0.52925,2.2881891764655503e-22,3.601089097956143e-21,False
CG3961,9.712722,0.6756746,2.6613388635032273e-22,4.1833318188153e-21,False
Ubqn,9.712315,0.6936367,2.671986569489363e-22,4.195050837474279e-21,False
Pvf3,9.704163,0.27051538,2.8944240535200274e-22,4.538857576050917e-21,False
CG43867,9.703941,0.28074598,2.90072042628734e-22,4.543309549683187e-21,False
Nt5b,9.658966,1.0004847,4.50386434472257e-22,7.04586682785706e-21,True
tws,9.633451,0.34754127,5.775636222522205e-22,9.024689132005266e-21,False
Syn1,9.620489,0.37856722,6.551869472944409e-22,1.0225429542038299e-20,False
OtopLc,9.601298,0.29568806,7.8943740127290855e-22,1.2306046133009836e-20,False
tinc,9.60092,0.53143805,7.923431824741357e-22,1.23367082475031e-20,False
fz,9.597875,0.3834666,8.160960918145526e-22,1.2691501470455663e-20,False
Sema2a,9.581442,0.64436764,9.569913975865262e-22,1.4865040136742957e-20,False
mRpL34,9.524412,0.91918725,1.6597863322423412e-21,2.560006125821198e-20,False
nrv2,9.519536,0.4577727,1.7395379246691446e-21,2.6798672764451613e-20,False
Top1,9.506692,0.2626847,1.968213994885499e-21,3.0250643399754786e-20,False
Nmdar1,9.494796,0.6205206,2.2064383278954816e-21,3.387243699401229e-20,False
Ccm3,9.492741,0.45596632,2.2503828080881014e-21,3.4506745018769825e-20,False
lute,9.488675,0.5805435,2.339887031523657e-21,3.5837360700760347e-20,False
svr,9.488143,0.26665506,2.3518617573435672e-21,3.5978830446160434e-20,False
Tom20,9.487542,0.2929462,2.365449670412991e-21,3.614462106848502e-20,False
CG15894,9.487115,0.45425978,2.3751738932728405e-21,3.625105706329663e-20,False
CG8300,9.485074,0.7202384,2.4221087877000592e-21,3.6924514593000556e-20,False
plx,9.473849,0.43911484,2.697160382955206e-21,4.104371487831094e-20,False
Rad23,9.424975,0.31401297,4.302047179377914e-21,6.528083370000597e-20,False
Acsl,9.413113,0.43179467,4.816569099700892e-21,7.300407674644685e-20,False
Tpst,9.395742,0.6826505,5.6815637894522665e-21,8.601547207049796e-20,False
Rgk3,9.388212,0.63375306,6.102709949200142e-21,9.225752642785484e-20,False
Clic,9.388123,0.9496464,6.107910204111841e-21,9.225752642785484e-20,False
CG17378,9.38067,0.43927518,6.555523484102466e-21,9.887736799169723e-20,False
Atf6,9.380578,0.28410578,6.561225545145726e-21,9.887736799169723e-20,False
CaMKII,9.368697,0.15523657,7.343300412350172e-21,1.1053643839483805e-19,False
Gad1,9.36809,0.48852873,7.385716252161829e-21,1.110477085465201e-19,False
Src64B,9.349596,0.6051922,8.79829760237868e-21,1.3198450775440439e-19,False
Cep164,9.322051,0.29332098,1.1411252868351358e-20,1.7079188376196492e-19,False
rdx,9.318281,0.2668675,1.1823998791773339e-20,1.7676810935460006e-19,False
dati,9.3119,0.40551493,1.2556523535124778e-20,1.872931620602437e-19,False
CG4629,9.311404,0.4973687,1.261538108572717e-20,1.879577356548081e-19,False
Cdep,9.279324,0.243103,1.705573696798063e-20,2.5382722479754637e-19,False
Pkn,9.227155,0.6987001,2.779158939356048e-20,4.122000860279664e-19,False
da,9.202839,0.28319746,3.48616582919249e-20,5.16479201368867e-19,False
euc,9.201702,0.7096292,3.52322396571184e-20,5.213816006015685e-19,False
Rheb,9.199182,0.4173308,3.6068628720719756e-20,5.331584364667923e-19,False
ben,9.18346,0.25667575,4.174555069823964e-20,6.149980736833713e-19,False
faf,9.179096,0.37296093,4.3472457177519703e-20,6.393000357899851e-19,False
side-VIII,9.179047,0.40131676,4.349244593229181e-20,6.393000357899851e-19,False
Pp2A-29B,9.147029,0.45246685,5.852096634130833e-20,8.592447136213774e-19,False
Nedd4,9.145517,0.37969968,5.93449846858897e-20,8.703710309791033e-19,False
CG32485,9.129608,0.50652057,6.87478957674421e-20,1.0071528408918132e-18,False
Tom5,9.129131,0.31492397,6.905138010519697e-20,1.0104723674414179e-18,False
Chro,9.122316,0.43566784,7.353521422936235e-20,1.074890155937765e-18,False
Ih,9.115523,0.17971039,7.829152766423284e-20,1.1431432944840931e-18,False
CG31650,9.105761,0.3372458,8.56642901342915e-20,1.2494055900718364e-18,False
MYPT-75D,9.085211,0.3289795,1.0349754191796577e-19,1.5078283795387896e-18,False
CG31522,9.083488,0.513225,1.0514943596103433e-19,1.530197937944576e-18,False
Paip1,9.070313,0.42391014,1.186749715758608e-19,1.7251192494229941e-18,False
CG32225,9.06055,0.86998683,1.2979493378538353e-19,1.8846798064903036e-18,False
Dscam1,9.05832,0.38880312,1.3247484670576065e-19,1.92147015514393e-18,False
Smox,9.047423,0.27652013,1.4638156968107853e-19,2.120838155654965e-18,False
robo1,9.037332,0.5955788,1.6054256980911385e-19,2.3208909899467164e-18,False
CG5746,9.033907,0.26659784,1.6564965896009065e-19,2.3920902949390672e-18,False
MICU3,9.030316,0.4004245,1.711759856392937e-19,2.4664732755328493e-18,False
FBXO11,9.024596,0.36490497,1.803599833738929e-19,2.595958972087981e-18,False
alpha-Man-IIb,9.0189705,0.5255187,1.8986495248306168e-19,2.7297760837854638e-18,False
Ank,9.015718,0.24851389,1.9558389117283456e-19,2.8089266818603487e-18,False
Nrg,9.001853,0.33900774,2.2193898444596894e-19,3.1839521775158057e-18,False
qkr54B,8.995808,0.5680798,2.3450069309161706e-19,3.3604946651220716e-18,False
CG17839,8.994278,0.38269085,2.377890995714501e-19,3.403906925346869e-18,False
Snoo,8.991781,0.3144909,2.4325513394078853e-19,3.478363128526553e-18,False
BuGZ,8.984065,0.29459658,2.6094266405979236e-19,3.7272255960975336e-18,False
CG15098,8.983385,0.75462157,2.6256089525376106e-19,3.746267887654369e-18,False
Nf1,8.976142,0.34122956,2.804274775622654e-19,3.996851933455239e-18,False
Amun,8.971226,0.33794966,2.932338579668303e-19,4.174849542299152e-18,False
CG18467,8.961288,0.75944537,3.209064128754305e-19,4.5638865493463555e-18,False
Mad,8.951305,0.5384498,3.513026276327968e-19,4.9907760321325224e-18,False
fzr,8.940664,0.42768595,3.8683650665440047e-19,5.483730888830072e-18,False
Sem1,8.938314,0.57758397,3.951519080036075e-19,5.5955724386588424e-18,False
CG42238,8.934061,0.28728917,4.1064944038419877e-19,5.808766734218253e-18,False
detr,8.932422,0.5389737,4.1678430065438994e-19,5.8892069837627295e-18,False
Ctdnep1,8.918194,0.25134888,4.739548659433799e-19,6.689839842494045e-18,False
CG13743,8.91137,0.42886144,5.040583248025998e-19,7.107114212694166e-18,False
smog,8.904099,0.25518873,5.382101417713147e-19,7.572397722716109e-18,False
PlexB,8.896389,0.251007,5.769323425636094e-19,8.108521832757637e-18,False
Octbeta2R,8.889522,0.24632323,6.137275884733666e-19,8.607251056700653e-18,False
MtnF,8.885683,0.35857043,6.352928649399274e-19,8.900195669696787e-18,False
fmt,8.883939,0.3347029,6.453390383344513e-19,9.031310226574041e-18,False
His2Av,8.834278,0.23732062,1.0074639909600632e-18,1.4069165042727088e-17,False
Blimp-1,8.823357,0.33099243,1.1107866311222369e-18,1.547915919361327e-17,False
yki,8.817007,1.4133518,1.1755964358033796e-18,1.63649499606909e-17,True
CG10132,8.813593,0.3822847,1.211972448084911e-18,1.683565532799558e-17,False
Patronin,8.802577,0.39025393,1.3370949192250985e-18,1.85345615332669e-17,False
PIP4K,8.799417,0.2392043,1.3752883878416048e-18,1.9043903798341966e-17,False
Axud1,8.796922,0.40025574,1.4062014485024081e-18,1.945146656291594e-17,False
l(1)10Bb,8.794549,0.8452605,1.4362314932632255e-18,1.984597061300951e-17,False
Ace,8.794199,0.22736426,1.4407153592485953e-18,1.9887017369627934e-17,False
bma,8.784698,0.46559942,1.567862759799994e-18,2.1596734304540588e-17,False
Camta,8.782072,0.32938468,1.604899986352381e-18,2.2083759916917947e-17,False
cib,8.7748165,0.6756776,1.7118292751043294e-18,2.3508164418852482e-17,False
dock,8.774806,0.53849214,1.7119940148270167e-18,2.3508164418852482e-17,False
osa,8.759355,0.23742668,1.9637100167589427e-18,2.6936443977274807e-17,False
Arl1,8.757687,1.0550035,1.992981547686978e-18,2.7309458308816032e-17,True
qm,8.746965,0.44448268,2.1916752046332362e-18,3.000083735842225e-17,False
Abcd1,8.7264805,0.2891355,2.627196248870238e-18,3.5887719237425986e-17,False
Spase12,8.720576,0.54740596,2.7678887648356728e-18,3.77703284098708e-17,False
Ephrin,8.718552,0.2857702,2.817827480274772e-18,3.841189929283276e-17,False
Oamb,8.69742,0.5788689,3.3951443439265878e-18,4.623377391040341e-17,False
CG42795,8.695299,0.2461984,3.4591729136328046e-18,4.7056926768166336e-17,False
CG6276,8.674746,1.2281308,4.14476841829021e-18,5.620887697084794e-17,True
Nepl16,8.650461,0.6169898,5.129153552776195e-18,6.941524905976517e-17,False
Rab3,8.647664,0.23827891,5.256410731920632e-18,7.106429365037966e-17,False
Ppcs,8.639571,0.4029298,5.642452756491965e-18,7.612676763147937e-17,False
put,8.628297,0.44029596,6.227222732609387e-18,8.384419459961061e-17,False
cno,8.617767,0.49612904,6.827234862170807e-18,9.173486024927053e-17,False
Efa6,8.616417,0.33691004,6.908211487167405e-18,9.27280971939396e-17,False
brp,8.597099,0.221031,8.175652701965793e-18,1.0962882873115559e-16,False
Myo81F,8.594631,0.8465943,8.353256340154821e-18,1.1189616877265493e-16,False
Pino,8.59075,1.1865551,8.640340166479815e-18,1.1562394106691574e-16,True
Hr39,8.582792,0.67275673,9.259779997676972e-18,1.2378715050811099e-16,False
Uev1A,8.569128,0.3480451,1.0427188502292083e-17,1.3925171149250026e-16,False
CG5708,8.56192,0.42911232,1.1100339395550256e-17,1.47940730220006e-16,False
Syp,8.530497,0.21886839,1.457207427444027e-17,1.94013807538419e-16,False
Gyf,8.52826,0.2543153,1.4856538214344143e-17,1.976009804399761e-16,False
lncRNA:CR43651,8.526866,0.5196102,1.5036531893826778e-17,1.9979278626570038e-16,False
CaMKI,8.526158,0.22523916,1.5128774819796396e-17,2.0081538374438833e-16,False
jigr1,8.518387,0.30006218,1.61790418695392e-17,2.1453964602181096e-16,False
X11Lbeta,8.491944,0.22887348,2.032086455079263e-17,2.6919000107053024e-16,False
5-HT7,8.484709,0.68479913,2.1625880260736632e-17,2.8618901561564963e-16,False
Tdg,8.479555,0.22366452,2.260566067970569e-17,2.9885411166198435e-16,False
CG31638,8.4751,0.59844595,2.3487783739917315e-17,3.102039860565361e-16,False
Pde6,8.465456,0.23086888,2.5515199822826994e-17,3.3664180810418625e-16,False
rsh,8.461642,0.2422867,2.6363821782379937e-17,3.47489450393435e-16,False
Map205,8.452032,0.48449907,2.862756883118034e-17,3.7694877956968024e-16,False
orb,8.449679,0.6391587,2.921027461469619e-17,3.8385221871172265e-16,False
spir,8.448825,0.3174231,2.9424896394784097e-17,3.862862772466112e-16,False
CG14440,8.445245,0.36059457,3.0341013390480623e-17,3.9791542611208167e-16,False
d4,8.443387,0.2859668,3.0827317745452e-17,4.038901121565152e-16,False
drpr,8.398091,0.533935,4.537930393214416e-17,5.927727961951357e-16,False
CG15456,8.397454,1.3544396,4.562637917066585e-17,5.954083899520556e-16,True
wech,8.397286,0.27210996,4.5691627127659026e-17,5.956683254807215e-16,False
Cf2,8.386268,0.35827878,5.0181835137459967e-17,6.529103916251103e-16,False
stmA,8.383556,0.25385454,5.135204820953662e-17,6.674750400806338e-16,False
CG12567,8.360306,0.8251013,6.255614397362781e-17,8.107004812203581e-16,False
ssp3,8.3425665,0.34409857,7.269503075046696e-17,9.411678808787057e-16,False
nuf,8.340872,0.5187097,7.374465528630356e-17,9.538174361390896e-16,False
smash,8.321198,0.2530748,8.707820989019354e-17,1.1240616465295022e-15,False
nonA,8.315398,0.22614637,9.144501166423807e-17,1.1792727166631525e-15,False
Lrp4,8.313152,0.22803295,9.319285483629807e-17,1.2006346131409736e-15,False
tral,8.304636,0.22299685,1.00125662015627e-16,1.2886888585184666e-15,False
sns,8.293949,0.39761832,1.0954937178112236e-16,1.407222184336001e-15,False
apolpp,8.293305,0.82837546,1.10143987264908e-16,1.4134786490704648e-15,False
msn,8.291134,0.3383197,1.1217404169043997e-16,1.4381259335161673e-15,False
dpr1,8.258976,0.2525583,1.4692729809319401e-16,1.8800113186393985e-15,False
Ucp4A,8.258638,0.39068705,1.4734344887678507e-16,1.883502200087386e-15,False
AstA-R1,8.256626,0.6902449,1.498473955586486e-16,1.9136488095589905e-15,False
Nrt,8.252855,0.36593175,1.5465451297403296e-16,1.9731213155259878e-15,False
Msr-110,8.244254,0.77360314,1.6619417597399685e-16,2.1162380489091984e-15,False
DIP-delta,8.23271,0.46074927,1.8302463965769347e-16,2.3282931168845596e-15,False
pyd,8.232541,0.34674,1.8328255694353523e-16,2.3293192270744643e-15,False
SREBP,8.227097,0.7413807,1.9180578946326986e-16,2.4352849075718154e-15,False
Drak,8.225132,0.28842923,1.949757116478921e-16,2.4731426899275582e-15,False
ths,8.214183,0.2788394,2.1361411552408118e-16,2.706946086887127e-15,False
tud,8.202514,0.30940318,2.3541236069216355e-16,2.9745709921689628e-15,False
NaCP60E,8.193365,0.19848566,2.5402113502447207e-16,3.206620302936203e-15,False
RabGGTb,8.192184,0.7686867,2.565264311709975e-16,3.2339588077518095e-15,False
Dys,8.192113,0.35996857,2.5667902263793755e-16,3.2339588077518095e-15,False
jing,8.182858,0.58356416,2.7718931101810965e-16,3.4890275249894437e-15,False
mask,8.172785,0.22667426,3.0135136135243764e-16,3.789529415820463e-15,False
GCS2alpha,8.166241,0.29584852,3.1814743566446446e-16,3.996917258189988e-15,False
CG17776,8.161733,0.45415872,3.3025322738223776e-16,4.145040745969423e-15,False
Ubc2,8.152034,0.5699716,3.5785325336422403e-16,4.487165651201591e-15,False
ewg,8.151067,0.2660735,3.607265642715604e-16,4.518882536789871e-15,False
CG34353,8.150831,0.30001062,3.6143225197023447e-16,4.523410688705572e-15,False
CG43901,8.149441,0.23208617,3.6561084513693677e-16,4.571353107463831e-15,False
Usp2,8.145006,0.25565392,3.7926269912672657e-16,4.737539096220831e-15,False
Rab11,8.144628,0.28744286,3.8045134796804326e-16,4.747873849618287e-15,False
CG4617,8.134051,0.95970273,4.151782334963791e-16,5.17633507246292e-15,False
Dhc64C,8.121019,0.3511758,4.622855756342033e-16,5.752741239970706e-15,False
Sec63,8.116614,0.40295833,4.793700515082787e-16,5.954066017835814e-15,False
Gpat4,8.103056,0.6826598,5.359544554316851e-16,6.650592539025283e-15,False
Asap,8.094611,0.47943005,5.744740146346987e-16,7.115139515847857e-15,False
Caf1-55,8.059545,1.1131555,7.657897006502584e-16,9.466832037859873e-15,True
Akt,8.030479,0.6988266,9.709239102094375e-16,1.1991457804569753e-14,False
p,8.016448,0.82940185,1.0884670550572374e-15,1.3417960197473882e-14,False
Ptp36E,8.006208,0.31465617,1.1829903347785676e-15,1.455587639449921e-14,False
Syn2,8.003111,0.35915434,1.2131418994010699e-15,1.491290710947564e-14,False
Chc,8.002967,0.26538476,1.2145646130765218e-15,1.4916442598540722e-14,False
lncRNA:CR46006,7.988108,0.28825903,1.3702528189377605e-15,1.679710102020626e-14,False
sotv,7.983393,0.6406724,1.4236430399440108e-15,1.7435315179780287e-14,False
CG33144,7.9709373,0.39784557,1.57475729762749e-15,1.9250126184300323e-14,False
CG4678,7.960445,0.23099197,1.714214766140427e-15,2.091596679837637e-14,False
CG4080,7.9510784,0.29187968,1.8489501191698676e-15,2.2539010682756245e-14,False
CG4168,7.934418,0.52531916,2.1148438495782197e-15,2.5756406883510086e-14,False
Pde8,7.929302,0.555773,2.203803675111179e-15,2.6814985272811114e-14,False
CG34220,7.923505,3.3398778,2.309080609543981e-15,2.8069961415372303e-14,True
Unc-115a,7.91946,0.45522374,2.3854460013031825e-15,2.897148419882174e-14,False
Pi3K68D,7.912142,0.7666484,2.529980720134733e-15,3.069850105566992e-14,False
CG43759,7.873427,0.47024778,3.4505695737754383e-15,4.1791644948371457e-14,False
Nak,7.8659744,0.49570736,3.662350680464078e-15,4.4315792165726014e-14,False
jar,7.8648634,0.5147535,3.695006180916985e-15,4.466980333342235e-14,False
CG9281,7.8627124,0.3598031,3.759030969104273e-15,4.540204592371255e-14,False
l(1)G0320,7.8624434,0.25827938,3.767120653768783e-15,4.54579729211897e-14,False
shakB,7.8584743,0.20683752,3.888405550709417e-15,4.6878474625571054e-14,False
GABPI,7.858215,0.34130952,3.896468550354609e-15,4.693262439982577e-14,False
ens,7.8579164,0.23283884,3.905753514127715e-15,4.7001379971751193e-14,False
bin3,7.8550954,0.23606925,3.994678203957815e-15,4.8027508031298857e-14,False
conu,7.846213,0.534513,4.287888369880262e-15,5.150561340822351e-14,False
Vrp1,7.8439803,0.29104108,4.364851098834541e-15,5.2382199351401557e-14,False
Drep4,7.842051,0.51283467,4.432468039242076e-15,5.314513002160596e-14,False
CG12084,7.831152,0.36067808,4.834196250772446e-15,5.790899993746646e-14,False
CG2519,7.826503,0.3633409,5.0162863057068935e-15,6.003553583177987e-14,False
zfh2,7.803768,0.506312,6.0085640838591786e-15,7.184580584712781e-14,False
sau,7.801628,0.28921348,6.1113422265501314e-15,7.300831654463206e-14,False
28SrRNA-Psi:CR45859,7.798539,1.1549256,6.262790879529804e-15,7.474962302261685e-14,True
eag,7.7873025,0.23033373,6.8455010008364635e-15,8.161508652030169e-14,False
CG6330,7.7872114,0.42450452,6.8504254190619265e-15,8.161508652030169e-14,False
cnn,7.78052,0.3596001,7.222708216462686e-15,8.589466848193318e-14,False
usp,7.7678304,0.44201335,7.984187343919097e-15,9.486456228430457e-14,False
Nipsnap,7.7561293,0.27092892,8.756066616304868e-15,1.0394170858614479e-13,False
CG34355,7.746771,0.2926857,9.425891251550022e-15,1.1161214822557133e-13,False
CG34117,7.7466693,0.310671,9.433413116854053e-15,1.1161214822557133e-13,False
CG13108,7.746632,0.34337536,9.436199427639428e-15,1.1161214822557133e-13,False
Dpp10,7.7434683,0.22478735,9.674105955954028e-15,1.1422050886540152e-13,False
SCAP,7.7422004,0.2935187,9.771091081268906e-15,1.152620358159378e-13,False
dop,7.718988,0.43745133,1.1725706171213127e-14,1.380712408565517e-13,False
CG3107,7.708163,0.49547133,1.276417181919368e-14,1.5016471072159726e-13,False
Piezo,7.7072635,0.71045494,1.2854401693550071e-14,1.5109095944091365e-13,False
CG17715,7.7045994,0.22104353,1.3125454641565106e-14,1.5413905222949694e-13,False
Mgat4a,7.694,0.43044746,1.426052807087288e-14,1.6731928516012547e-13,False
Pdi,7.689347,0.37001508,1.478883733993068e-14,1.7336316813918737e-13,False
spen,7.6612854,0.14720115,1.8408098338511614e-14,2.148319895793793e-13,False
CkIIbeta,7.6537604,0.20895256,1.951855028414203e-14,2.2758941373905093e-13,False
Eaf,7.6508594,0.7055752,1.9964048451079707e-14,2.3257762473017594e-13,False
bol,7.646974,0.16065486,2.057633925577676e-14,2.394983827813662e-13,False
Arl4,7.6455507,0.2084893,2.0805307949026617e-14,2.4194916084792813e-13,False
kairos,7.640173,0.3056133,2.1693012008555828e-14,2.520493994734148e-13,False
LRP1,7.631976,0.4954523,2.3118222712038136e-14,2.6810811272310923e-13,False
nrm,7.631875,0.26468816,2.3136336643178286e-14,2.6810811272310923e-13,False
RpS19a,7.6306953,0.20342073,2.3349050438734528e-14,2.7033468882415016e-13,False
drongo,7.6238203,0.24643114,2.462761199344713e-14,2.848868390896908e-13,False
tweek,7.6211314,0.37188154,2.5146162806369404e-14,2.90629485873791e-13,False
CG17493,7.620261,0.21728824,2.531627978238515e-14,2.923385172410573e-13,False
Flo1,7.6144996,0.29093117,2.6471513031245864e-14,3.0541014288288136e-13,False
CG12994,7.610986,0.86519396,2.720124559875681e-14,3.1355400738005544e-13,False
CG14441,7.608725,0.46050006,2.768129050086739e-14,3.188079215354061e-13,False
CG7739,7.596616,0.43701604,3.0397561306731983e-14,3.4978489766354203e-13,False
tei,7.59642,0.2075997,3.0443545648168497e-14,3.5000755324810344e-13,False
CG33199,7.570624,0.22439885,3.714359134670269e-14,4.2629164531617474e-13,False
alpha-Cat,7.569664,0.21971399,3.741909147328526e-14,4.29078779276127e-13,False
dbo,7.566585,0.3329932,3.8316271938342976e-14,4.3898354798758937e-13,False
bi,7.5522065,0.4167447,4.279446128437099e-14,4.898623830469678e-13,False
bchs,7.551577,0.23320946,4.3001908875251326e-14,4.918086027238274e-13,False
lncRNA:CR44417,7.5477214,0.77646065,4.429394484805028e-14,5.061449819549815e-13,False
mys,7.528301,0.63165236,5.140486272456311e-14,5.8689079154082e-13,False
Tmtc3,7.526235,0.9919138,5.222428734352754e-14,5.957286110948744e-13,False
CG11883,7.509771,0.7819475,5.923104791024408e-14,6.750695581860516e-13,False
CG9171,7.4963913,0.34808928,6.559887404622467e-14,7.469972303651978e-13,False
CHOp24,7.4950604,0.30838075,6.62679352661647e-14,7.539627163053422e-13,False
CG42784,7.4894195,0.32202822,6.917887074002791e-14,7.864009865006113e-13,False
Gfrl,7.4507346,0.19592595,9.28220673130897e-14,1.0542565138818597e-12,False
CG43658,7.443199,0.32179406,9.827590989096105e-14,1.1142741431208967e-12,False
Mef2,7.4403954,0.21474281,1.0038449024175712e-13,1.1372005054025261e-12,False
Usp10,7.439686,0.5783103,1.009249712283267e-13,1.1423385416980544e-12,False
CG5758,7.431943,0.23984233,1.0701410314822651e-13,1.2102171510076114e-12,False
CG4393,7.4215527,0.661812,1.1575528846707201e-13,1.3068215169637402e-12,False
CG15760,7.4189506,0.24317467,1.1805178037055126e-13,1.3316038161797546e-12,False
rudhira,7.418537,0.18772438,1.1842116548988083e-13,1.3346248162114271e-12,False
Mitf,7.41532,1.0725992,1.2133134864008589e-13,1.3662512874716098e-12,True
Sytbeta,7.4090695,0.5357452,1.2718858592324033e-13,1.4309804859737168e-12,False
CG13685,7.408821,0.23604043,1.2742691634204448e-13,1.4324355069724606e-12,False
CG42268,7.3934374,0.20100848,1.430807603871553e-13,1.6056569361636274e-12,False
Npc1a,7.3849373,0.40241346,1.5252512213054198e-13,1.7101814248442426e-12,False
DIP1,7.3735223,0.21574643,1.661779136650997e-13,1.8600885549174405e-12,False
CG17059,7.3731627,0.28464764,1.6662708357684225e-13,1.8635289406666247e-12,False
CG32204,7.3636656,0.4015571,1.7892729887924353e-13,1.999390845724608e-12,False
CG42324,7.359259,0.39018995,1.8493397374496728e-13,2.0647556066122472e-12,False
CG3744,7.3539476,0.32404605,1.924374353185702e-13,2.146706568354271e-12,False
DAAM,7.3488483,0.4376253,1.9992199281178777e-13,2.22641941316924e-12,False
nolo,7.345427,0.24563281,2.0510342541451e-13,2.282188072287956e-12,False
Pcyt1,7.3424153,0.26646173,2.0977297978227486e-13,2.3321715121141067e-12,False
Trf4-1,7.3420954,0.24081276,2.1027566392986485e-13,2.3357840234170363e-12,False
smg,7.3278317,0.45944977,2.339058012269549e-13,2.5960778158136943e-12,False
CG17977,7.3215866,0.5933103,2.450558290731451e-13,2.7175347256119827e-12,False
Pfrx,7.313968,0.43574986,2.5936665658527984e-13,2.8713877288855624e-12,False
CG10417,7.313269,0.28224227,2.607198475102534e-13,2.8839389866432995e-12,False
jp,7.3107553,0.25037777,2.656450236686831e-13,2.9359472296300795e-12,False
Mctp,7.296816,0.834862,2.946580701261108e-13,3.251134928234443e-12,False
RpL30,7.296511,0.19049165,2.953251336185685e-13,3.255761393357054e-12,False
CG31760,7.2791076,0.33132392,3.360351938191107e-13,3.7014572355213184e-12,False
Pex23,7.2781854,1.1132507,3.3834037406422665e-13,3.723727684738696e-12,True
metro,7.2766013,0.22663935,3.4233558341360086e-13,3.764545524383372e-12,False
CG34126,7.2662587,0.36947784,3.6958004789492925e-13,4.057352890047841e-12,False
Cirl,7.264885,0.1968805,3.7335562242163803e-13,4.095380829918819e-12,False
Dsor1,7.2647595,0.4986012,3.7370189522852077e-13,4.095760304585481e-12,False
bnb,7.2640505,0.96971947,3.7566792377085476e-13,4.112204000098282e-12,False
galla-2,7.260275,1.6666557,3.863048439339971e-13,4.223321093291727e-12,True
LpR2,7.258414,0.4143803,3.916552777601941e-13,4.278256030795271e-12,False
wun,7.253914,0.5877552,4.048974851449091e-13,4.4155666823977186e-12,False
l(3)L1231,7.2516108,0.19136508,4.118441911922933e-13,4.487599101540569e-12,False
PsGEF,7.2493224,0.22006246,4.188624458370026e-13,4.560291135662014e-12,False
tyf,7.2374816,0.2026164,4.570927365639522e-13,4.9682842441578955e-12,False
nAChRalpha1,7.2137995,0.19787382,5.441179595504804e-13,5.89954959278289e-12,False
hiw,7.206549,0.22994237,5.738757169140576e-13,6.2170657839799106e-12,False
mbt,7.205365,0.18633106,5.788842341525745e-13,6.266159572486805e-12,False
LpR1,7.2028055,0.2750942,5.89859987086199e-13,6.379712008477153e-12,False
Nav,7.196017,0.5076647,6.199702831415302e-13,6.699859778587868e-12,False
robo2,7.193087,0.6673728,6.334240032949036e-13,6.8396259879197426e-12,False
Tpr2,7.1810555,0.22986044,6.917517411857159e-13,7.46330839977134e-12,False
dmpd,7.1803637,0.927881,6.952619216883026e-13,7.49502617957833e-12,False
CG7607,7.172218,1.7129664,7.379232553248008e-13,7.94840122805181e-12,True
CG33090,7.1676903,0.5862626,7.627374376093062e-13,8.208953863737832e-12,False
Dyrk3,7.1629643,0.18693063,7.895080643221e-13,8.490119045218262e-12,False
vap,7.160182,0.67709655,8.056998371516684e-13,8.657155813581417e-12,False
Wnt5,7.1588893,0.8124777,8.133345311827225e-13,8.732049897281173e-12,False
tara,7.158437,0.2565542,8.160209971568366e-13,8.753740345826932e-12,False
app,7.1527066,0.27823097,8.508335607742896e-13,9.119742106145953e-12,False
CG34354,7.151309,0.22819299,8.59543963240094e-13,9.205596757080746e-12,False
CG14767,7.1441407,0.19944109,9.056056287984388e-13,9.667395262421028e-12,False
CG43102,7.129496,0.2941547,1.0073703942880174e-12,1.0727596719075233e-11,False
sr,7.123156,0.26994425,1.0548319671595887e-12,1.1214843754404656e-11,False
DIP-kappa,7.107031,0.46701777,1.1856587820787454e-12,1.2585413614940866e-11,False
Trpm,7.0938487,0.48855284,1.3043279589783852e-12,1.383387708550037e-11,False
Lnk,7.0736465,0.41626054,1.5091449034005946e-12,1.5967530737187772e-11,False
GlcAT-P,7.07308,0.2207716,1.5153224945850605e-12,1.6019994289092745e-11,False
Tao,7.0682516,0.22457138,1.5689768918371318e-12,1.6560582598901002e-11,False
SPoCk,7.0572705,0.19129777,1.6980476556760405e-12,1.7894181430023133e-11,False
vex,7.0569873,0.63360155,1.7015142145458563e-12,1.7916344786335818e-11,False
Pkc98E,7.0520473,0.18422721,1.7630429403086158e-12,1.8549357308723396e-11,False
Atg18b,7.0513616,0.6641191,1.771755034323476e-12,1.8611217350955075e-11,False
vvl,7.048559,0.458715,1.8078012315038042e-12,1.8974693277309497e-11,False
Pka-C1,7.0426044,0.18240498,1.8867954762804572e-12,1.978801225363247e-11,False
DCP2,7.0140457,0.18838544,2.315233621370296e-12,2.4242617544563396e-11,False
CG9636,7.0100794,0.45112044,2.3818260283118295e-12,2.4920044457042798e-11,False
Fs(2)Ket,7.0068264,0.19430429,2.437843313563455e-12,2.548583849127873e-11,False
Rip11,6.997701,0.36680868,2.6019591127764494e-12,2.7179924245624263e-11,False
ATP6AP2,6.9968987,0.1884637,2.6169009270496433e-12,2.7314293155170265e-11,False
CG7222,6.9933453,0.5487836,2.684080088525126e-12,2.799325114548308e-11,False
CG4593,6.991594,1.4974998,2.7178063531421255e-12,2.8322516484251125e-11,True
CG1552,6.9606614,0.6171308,3.386785366976619e-12,3.52102424900631e-11,False
loqs,6.9577575,0.30695298,3.4573216117328576e-12,3.59151488535822e-11,False
Dek,6.9567394,0.18120423,3.4823847881253517e-12,3.614693404483037e-11,False
rho-5,6.9546394,0.45821047,3.534646372547241e-12,3.6660448288589815e-11,False
rdgA,6.951577,0.20255844,3.6122492999205907e-12,3.7435779219445176e-11,False
bcn92,6.9510326,0.2893665,3.6262227236125086e-12,3.755097936248382e-11,False
Uhg1,6.943762,0.3879925,3.817935027679803e-12,3.9505105668299443e-11,False
l(3)80Fg,6.9401045,0.18626618,3.918105062957844e-12,4.0509692078937084e-11,False
SLO2,6.939906,0.18768224,3.923611901886553e-12,4.053473585117232e-11,False
sba,6.92781,0.55527145,4.274050824572179e-12,4.412042567612176e-11,False
sima,6.9272833,0.17347084,4.289990463023531e-12,4.4250207750857316e-11,False
CG1317,6.9182644,0.31162864,4.572111201025905e-12,4.70862956839196e-11,False
simj,6.9146547,0.20623282,4.690039212494594e-12,4.8262964206258e-11,False
CG12384,6.908504,0.18088382,4.897911110843071e-12,5.036263686039812e-11,False
retm,6.9080963,0.3017165,4.912002904160291e-12,5.046804547581735e-11,False
CG14989,6.904315,0.14235505,5.044628216248073e-12,5.1790202648215567e-11,False
CG6051,6.899495,0.33907408,5.2187733091459336e-12,5.353622174511063e-11,False
Ddc,6.8937674,0.21663041,5.433387900933433e-12,5.569434509061329e-11,False
tai,6.8875823,0.17386383,5.674848336332293e-12,5.812407013853676e-11,False
ClpX,6.8867984,0.4897829,5.706196868178315e-12,5.839963632767229e-11,False
kmr,6.8782425,0.18979241,6.059552879991546e-12,6.196776995795246e-11,False
VGlut1,6.8734717,0.24179552,6.265785255967936e-12,6.402697048886053e-11,False
Kdm5,6.868751,0.20319068,6.476644298663516e-12,6.613021191044077e-11,False
ND-MNLL,6.864291,3.3253837,6.682222628677388e-12,6.817631022006953e-11,True
lncRNA:CR44922,6.858191,0.21546741,6.973798059252824e-12,7.109595057924078e-11,False
Dg,6.8546944,0.26957744,7.1465222819837815e-12,7.280034830042549e-11,False
Synj,6.8508544,0.2744046,7.34102287449622e-12,7.472376575813697e-11,False
Pde1c,6.8502994,0.18998204,7.369561814802856e-12,7.495620109003431e-11,False
Tsp42Ee,6.84907,0.39406472,7.433152684750573e-12,7.55445161873993e-11,False
oaf,6.846201,0.317749,7.583704896441493e-12,7.701504331077099e-11,False
beat-IIa,6.843067,0.19788662,7.75153102864807e-12,7.865858629147822e-11,False
CG14641,6.842151,0.50173837,7.80126571998339e-12,7.910218582276368e-11,False
Cad87A,6.839685,0.5487777,7.93676078691164e-12,8.04140119512767e-11,False
CG18265,6.8392963,0.566708,7.958302295583031e-12,8.057014673825625e-11,False
sli,6.838823,0.3849032,7.98466311462396e-12,8.077479444901729e-11,False
CG12769,6.8189983,0.35517532,9.167742264102277e-12,9.267177007120617e-11,False
gus,6.8153615,0.18165824,9.402695824192989e-12,9.490078788457763e-11,False
Su(dx),6.8123555,0.49512443,9.601340099892073e-12,9.683132022462144e-11,False
dpr8,6.803051,0.18281783,1.0242630704571443e-11,1.031599372752246e-10,False
Fas2,6.803024,0.24419607,1.0244556589617846e-11,1.031599372752246e-10,False
crp,6.8013377,0.1920071,1.0365213474282606e-11,1.0429500020332903e-10,False
nkd,6.7909946,0.20900677,1.1136303370322445e-11,1.1196798973940875e-10,False
ftz-f1,6.7902226,0.17768389,1.1196059319811959e-11,1.1248273357924231e-10,False
CG8032,6.7899947,0.6781017,1.1213752653979137e-11,1.1257442599384251e-10,False
Heatr5,6.781646,0.263915,1.1881459575828577e-11,1.1909554560332823e-10,False
eIF2beta,6.777499,0.22311717,1.2227391288241651e-11,1.2246962570029232e-10,False
lap,6.7771277,0.1794266,1.2258844309779015e-11,1.2269114476375174e-10,False
su(sable),6.7763886,0.6928816,1.2321691557781706e-11,1.2322629281644552e-10,False
ClC-c,6.772125,0.40799737,1.2690448112978438e-11,1.2681762635182483e-10,False
4E-T,6.742972,0.2239275,1.551794175697197e-11,1.5472023719906576e-10,False
NFAT,6.7399907,0.17691965,1.5839698890204047e-11,1.5780855429580847e-10,False
Sema2b,6.726646,0.27314153,1.736182594181045e-11,1.72711396443097e-10,False
Liprin-alpha,6.6960683,0.3430293,2.1410143567891533e-11,2.1250052615231318e-10,False
CG31678,6.693521,0.451402,2.178640259288379e-11,2.160717860174233e-10,False
Mgat2,6.6913834,0.23429282,2.2107101400864703e-11,2.190870433701079e-10,False
CG10631,6.6895914,0.35158855,2.2379483728581133e-11,2.2161928837775786e-10,False
CG5554,6.688061,0.35179934,2.2614662354637247e-11,2.2377957680895184e-10,False
Klp98A,6.6871924,0.20149413,2.2749258876684132e-11,2.2494206990105805e-10,False
chb,6.662327,0.2188425,2.695261879005369e-11,2.6610395456055263e-10,False
bif,6.661229,0.22886558,2.7154647925823667e-11,2.6789731861355015e-10,False
CG31064,6.655068,0.30103436,2.8316889704879894e-11,2.791539742024206e-10,False
CG32815,6.646968,0.44624218,2.9919209560862e-11,2.947288851868722e-10,False
CG12895,6.6331153,0.64774406,3.286746232299808e-11,3.2328691795398034e-10,False
PRAS40,6.632986,1.0876987,3.2896251795122735e-11,3.233280814059146e-10,True
CG7879,6.6323366,0.58971614,3.304134919292049e-11,3.245114871032647e-10,False
CG11122,6.6315184,0.1623947,3.322510398650779e-11,3.260725104456302e-10,False
CG15715,6.615197,0.4275532,3.7105699097290153e-11,3.6388506853544026e-10,False
Cox17,6.60798,0.20757991,3.8959936812774243e-11,3.817841384464328e-10,False
tmod,6.599142,0.28494734,4.135443905374287e-11,4.049468581261066e-10,False
Cph,6.5958204,0.29586276,4.229109181440203e-11,4.1381030344978185e-10,False
Rac1,6.5842476,0.21380195,4.57195413299652e-11,4.4702417605436955e-10,False
Nf-YB,6.56559,1.1977806,5.18272574539628e-11,5.059895915323366e-10,True
l(3)73Ah,6.5590672,0.57351804,5.41454496515694e-11,5.282296613743678e-10,False
GEFmeso,6.557036,0.642466,5.488786040242849e-11,5.350752029290154e-10,False
Gucy2d,6.546677,0.35116297,5.883131030741911e-11,5.730928456262376e-10,False
ref(2)P,6.5310583,0.25737733,6.530656308463331e-11,6.356989225890121e-10,False
hyd,6.5297003,0.45870632,6.590139717921523e-11,6.405401333817066e-10,False
CG1737,6.528536,0.21264839,6.641573934568673e-11,6.450622547979818e-10,False
qkr58E-1,6.5275154,0.20415777,6.68695903779272e-11,6.489906108983319e-10,False
cyri,6.524493,0.25776803,6.823181145675598e-11,6.617226821795057e-10,False
CG6171,6.51931,0.48198637,7.0631648900534e-11,6.839871025806317e-10,False
fok,6.5147233,0.18092994,7.282388529706e-11,7.046971109636711e-10,False
CG18135,6.5105133,0.225265,7.489454970125033e-11,7.242010872878077e-10,False
Syx16,6.500228,0.3264334,8.019832924165124e-11,7.749163562974551e-10,False
CG14234,6.4943337,0.36200434,8.340170145690156e-11,8.052768250148004e-10,False
Yp3,6.4936366,3.3666782,8.37886460814298e-11,8.084189413774369e-10,True
SCCRO,6.493303,0.2756339,8.397457973084105e-11,8.096184535898623e-10,False
RapGAP1,6.492097,0.17434165,8.464972194450406e-11,8.155293226339647e-10,False
SERCA,6.4903746,0.3959178,8.562336329878265e-11,8.239936510410653e-10,False
cwo,6.490321,0.30927753,8.565370423271405e-11,8.239936510410653e-10,False
Wnk,6.481867,0.2737343,9.059452912057653e-11,8.701992304885812e-10,False
wnd,6.4787683,0.37454945,9.247448727950446e-11,8.863655998103342e-10,False
fwd,6.476646,0.20760041,9.37839220208888e-11,8.976070788612526e-10,False
CG3793,6.472469,0.4206195,9.641443724668864e-11,9.221121687472601e-10,False
MSBP,6.4709086,0.22134799,9.741537340869878e-11,9.310075796099714e-10,False
Nadsyn,6.4699993,0.1902699,9.800339333899552e-11,9.359466510666716e-10,False
Adar,6.467385,0.17872879,9.971357031421637e-11,9.515875290480156e-10,False
CG13248,6.4607353,0.49585688,1.041954101258378e-10,9.92916522453687e-10,False
CG11710,6.45062,0.95615166,1.1139338762996093e-10,1.0584385443567003e-09,False
unc-13,6.436458,0.10395419,1.222935298750079e-10,1.161169997173034e-09,False
CG31224,6.4340835,0.21373174,1.242206555732074e-10,1.1786163428790747e-09,False
Pgant2,6.420713,0.32399747,1.3563743023945285e-10,1.286011162176515e-09,False
lncRNA:CR44997,6.4197884,0.5970727,1.3646393771310398e-10,1.2929146398614992e-09,False
CG32809,6.416264,0.16704266,1.3965908447083087e-10,1.3222334503106545e-09,False
dpr4,6.414255,0.24597843,1.41512968551721e-10,1.3388206765573548e-09,False
CG10433,6.410999,0.9888619,1.4456914894792158e-10,1.3667504937587318e-09,False
Arf6,6.397463,0.20200418,1.5797994396436832e-10,1.4913896865199455e-09,False
Cnot4,6.381572,0.22098964,1.752797646507202e-10,1.6535185838299455e-09,False
Zip102B,6.377649,0.2720232,1.798271273732993e-10,1.6951996275556142e-09,False
lncRNA:CR42491,6.3767266,3.4590929,1.8091311432518913e-10,1.7042145056253121e-09,True
Klp64D,6.372945,0.35908082,1.8543280952791823e-10,1.7455390759357976e-09,False
Klp10A,6.365856,0.2693024,1.9420316405084253e-10,1.826788674869092e-09,False
beat-Ib,6.354627,0.19998455,2.089326748724584e-10,1.963937253575805e-09,False
GramD1B,6.331489,0.23942281,2.4280637719780213e-10,2.279084716254513e-09,False
kug,6.309697,0.27721593,2.795818047555181e-10,2.6205310244595315e-09,False
Atg14,6.306279,0.62340754,2.858229164503594e-10,2.677119704258142e-09,False
Hr78,6.299608,1.3293841,2.9839863198822546e-10,2.7929176801689962e-09,True
Octbeta3R,6.298158,0.19539276,3.0120271634034687e-10,2.817156509201778e-09,False
gcl,6.296983,0.5504927,3.034953773579052e-10,2.8365809060172344e-09,False
Uhg3,6.285898,0.7346887,3.2596365670388135e-10,3.0422502931432563e-09,False
dpr13,6.280106,0.18926486,3.383417473587636e-10,3.1555350617753814e-09,False
CG5521,6.269415,0.39462408,3.6240764926448524e-10,3.375194131101772e-09,False
Btk,6.2690315,0.32212088,3.633007379916492e-10,3.3811154376404123e-09,False
scramb1,6.267005,0.45356035,3.68058858781186e-10,3.4229734347088216e-09,False
p130CAS,6.2513566,0.3021299,4.069020195470938e-10,3.781541328761216e-09,False
CG7379,6.2446475,0.50091475,4.2475687816990653e-10,3.9446856085022915e-09,False
CG32069,6.2416897,0.65563625,4.3286851632536883e-10,4.017178794513893e-09,False
Dpm3,6.236162,0.26812482,4.484362365980319e-10,4.158716009269398e-09,False
Lipt2,6.2263184,1.141982,4.775229101497073e-10,4.425337491027718e-09,True
dysc,6.2247195,0.12631015,4.824181157216832e-10,4.467552120295024e-09,False
Nlg4,6.2239375,0.1933108,4.848302344762894e-10,4.4867282473612104e-09,False
cmpy,6.223201,0.17521103,4.871135462143685e-10,4.5046862144989555e-09,False
HSPC300,6.2212954,1.3307703,4.930665599296685e-10,4.5565314093078575e-09,True
EloB,6.211711,0.4630088,5.241077663655486e-10,4.839986056085505e-09,False
PIP5K59B,6.1985874,0.15293068,5.697215671520831e-10,5.253832360663525e-09,False
CG6083,6.1977086,1.6394287,5.729105192498765e-10,5.27953515670591e-09,True
CG12123,6.192874,0.48815924,5.907693444226849e-10,5.44029429226244e-09,False
Nipped-A,6.1821084,0.16829501,6.32511062008719e-10,5.820607749199283e-09,False
Spf45,6.1710577,0.30212727,6.783457960548796e-10,6.233665808361659e-09,False
Slik,6.158375,0.28214747,7.349520095962272e-10,6.744416451189959e-09,False
eas,6.1575265,0.21990168,7.38897774194508e-10,6.775893685059337e-09,False
cora,6.1523685,0.238219,7.633432139049009e-10,6.995183524354465e-09,False
CG14073,6.1386967,0.19303091,8.320118836856449e-10,7.613835768463132e-09,False
Neto,6.1372666,0.6210339,8.395346661085293e-10,7.677331278588855e-09,False
lncRNA:CR45668,6.1346664,1.9505101,8.533814537007504e-10,7.798529682254215e-09,True
CG14645,6.131511,2.4606037,8.704810120365082e-10,7.9492640577983e-09,True
CG9795,6.1294184,0.5574252,8.820079929489885e-10,8.048935441210179e-09,False
CG6005,6.129172,0.61269206,8.833768876268162e-10,8.055833227136705e-09,False
CLIP-190,6.126762,0.15270172,8.968555414652519e-10,8.173078134809206e-09,False
Ctps,6.126382,0.5288174,8.989979799451861e-10,8.186924777865343e-09,False
S6kII,6.118032,0.31368804,9.47380115291837e-10,8.621552697403067e-09,False
Lerp,6.1166534,0.32379797,9.55607720957049e-10,8.690409038821163e-09,False
CG1316,6.0969024,0.17146228,1.081434959278387e-09,9.81432099439039e-09,False
dpr21,6.095652,0.71544343,1.0899230608806635e-09,9.88452653073347e-09,False
Ogdh1,6.0945206,0.15987925,1.0976584676022196e-09,9.947813739835013e-09,False
eIF4G1,6.0894294,0.16157208,1.1331394109640713e-09,1.0262291522728367e-08,False
PRL-1,6.0883327,0.29598922,1.1409256523547067e-09,1.032569145839752e-08,False
CG43902,6.0812216,0.20373432,1.192703334434337e-09,1.0779446023247334e-08,False
Kdm2,6.0794597,0.31426325,1.2058808096225336e-09,1.089105135343623e-08,False
Mkp3,6.0790734,0.15793458,1.208789807265787e-09,1.0909826138241558e-08,False
dcma,6.0766234,0.30286583,1.2273966385815563e-09,1.1070157328483344e-08,False
CG16952,6.073342,0.36011723,1.252753307487529e-09,1.1291105084837872e-08,False
Manf,6.063042,0.31288335,1.3357059305618045e-09,1.201403944798951e-08,False
HPS4,6.061471,0.7871698,1.348824106800401e-09,1.2123732959961744e-08,False
CG18549,6.0595865,0.36997783,1.3647199358030247e-09,1.2258226026238926e-08,False
CG6707,6.058089,0.2008768,1.3774831624673709e-09,1.2364416829223852e-08,False
Dph3,6.045111,2.612514,1.4930703495809691e-09,1.3392790077708884e-08,True
Dscam3,6.042885,0.24373884,1.5138265369491495e-09,1.3551222426463743e-08,False
CG8910,6.033852,0.25143284,1.6009682412202657e-09,1.4311784801275859e-08,False
spg,6.029835,0.43964368,1.6412689123200027e-09,1.4662076666755375e-08,False
CG42524,6.0272903,0.29175344,1.667313498684962e-09,1.4884624107485793e-08,False
rg,6.0265226,1.2932094,1.6752491817286795e-09,1.4945315340866652e-08,True
CG42240,6.0230613,0.36452186,1.7114850897236688e-09,1.5258226298547306e-08,False
Socs16D,6.0197725,0.28686112,1.7466220579987686e-09,1.5560922348584284e-08,False
CG5455,6.019186,0.5274528,1.7529642218878612e-09,1.5606844742431156e-08,False
CenG1A,6.0158033,0.4672046,1.7899688509949788e-09,1.592551162554165e-08,False
ogre,6.0138316,1.1281112,1.8118886519049688e-09,1.6109627046470362e-08,True
Su(z)2,6.0078344,0.25061598,1.880174910569168e-09,1.67054621364364e-08,False
didum,5.998939,0.3702154,1.986110772327252e-09,1.7634784904832718e-08,False
wapl,5.9977555,0.3594855,2.0006359439104636e-09,1.775176025585915e-08,False
stck,5.997545,0.56378245,2.0032290088662653e-09,1.7762774902504446e-08,False
Sag1,5.9925976,0.40101102,2.0651517388737542e-09,1.8299500337518546e-08,False
CG9921,5.9885077,0.26515105,2.1177512212021545e-09,1.8752943933839293e-08,False
Polr2G,5.9790545,1.6242377,2.244362731892486e-09,1.9860720983029737e-08,True
Atxn7,5.978168,0.59256226,2.2566072594732302e-09,1.9950217955324604e-08,False
CG1463,5.9781027,1.0110005,2.2575126778454976e-09,1.9950217955324604e-08,True
Nplp1,5.9756665,0.36357087,2.2915131579309153e-09,2.0237079575517578e-08,False
SCAR,5.9728146,0.20442325,2.3319502522957216e-09,2.0580361494572247e-08,False
vlc,5.9713063,0.46296024,2.3536114065971733e-09,2.075758892221037e-08,False
nAChRalpha7,5.9706078,0.16396588,2.3637110532473273e-09,2.0832680718124164e-08,False
plum,5.970484,0.21563262,2.365510586083725e-09,2.0834141804617966e-08,False
FMRFaR,5.970378,0.8573571,2.367047691522306e-09,2.0834141804617966e-08,False
Pgant5,5.967255,0.3010627,2.412781076168231e-09,2.1222460590312396e-08,False
IntS6,5.964509,0.32770586,2.4537077432760183e-09,2.156800899959208e-08,False
CG9231,5.9617105,0.29168788,2.496113827160649e-09,2.1926090777217973e-08,False
step,5.9333587,0.3810511,2.967998063142415e-09,2.6001641698502985e-08,False
CG18081,5.926403,0.4437018,3.0964176071698696e-09,2.710861011047252e-08,False
kud,5.925587,0.5825346,3.1118355180412166e-09,2.7225453090931842e-08,False
stas,5.9223785,0.18038619,3.1731828895695595e-09,2.7725263531804242e-08,False
TER94,5.909805,0.2881556,3.425130371058357e-09,2.9886877958883044e-08,False
Haspin,5.9061794,0.15839602,3.501327446837018e-09,3.053148240138371e-08,False
Ctr1A,5.9054327,0.9679478,3.5172191640293287e-09,3.0649719518905446e-08,False
CG5181,5.893388,0.35744393,3.7835723404196855e-09,3.292710206983781e-08,False
bon,5.890885,0.29387698,3.841329919002188e-09,3.340762175089858e-08,False
TfAP-2,5.8850055,0.84902775,3.980404485348718e-09,3.4594242951036705e-08,False
CrebB,5.8840704,0.3207238,4.002973962558549e-09,3.4767403068064705e-08,False
Tsp96F,5.8827004,0.2066119,4.036259810794393e-09,3.5010224537062126e-08,False
cyst,5.881266,0.5897093,4.071394237287892e-09,3.529168316108192e-08,False
c12.1,5.8789964,0.288705,4.127614060229492e-09,3.575542278541579e-08,False
GlyT,5.8710423,0.3502839,4.330633701563541e-09,3.748936592374604e-08,False
Shawl,5.869872,0.22552732,4.361315193895448e-09,3.773011386634633e-08,False
FASN1,5.8691645,0.27505523,4.379972636539425e-09,3.7866592379450385e-08,False
CG1440,5.864901,0.7155486,4.494009738095356e-09,3.8826944094879075e-08,False
Sh3beta,5.840485,0.20762202,5.204910959562212e-09,4.48509737177751e-08,False
Ip6k,5.8388176,0.14600332,5.2572614342198764e-09,4.5272393517092656e-08,False
Klc,5.8355703,0.27314162,5.360692382994999e-09,4.613284780938918e-08,False
Ptp4E,5.83241,0.36469176,5.463251100029147e-09,4.69688656860141e-08,False
HP1b,5.8323083,0.4302701,5.4665836680110835e-09,4.69688656860141e-08,False
CG17321,5.8322477,0.1481894,5.468561334723504e-09,4.69688656860141e-08,False
Ire1,5.831127,0.5803915,5.505427120991074e-09,4.72546164578339e-08,False
Apc,5.8302107,0.20095605,5.535742945290545e-09,4.748381073372261e-08,False
Eip74EF,5.8274827,0.33967128,5.626964050774259e-09,4.823479099231868e-08,False
CG32448,5.8268614,0.32461736,5.6479520935352435e-09,4.83831411089613e-08,False
lqf,5.824486,0.13781396,5.728873028839503e-09,4.904437815764163e-08,False
Pcf11,5.823317,0.13696136,5.769100805682624e-09,4.9356610473616776e-08,False
path,5.81167,0.45658746,6.185278323041926e-09,5.288272117312553e-08,False
Helz,5.795176,0.15253435,6.82496125414006e-09,5.827603368463582e-08,False
Hydr2,5.793801,0.53847665,6.8811018951743755e-09,5.8717246756160044e-08,False
Ac78C,5.783689,1.0023464,7.307990813581118e-09,6.231947260303016e-08,True
CG33217,5.7814665,0.32763892,7.405225925432506e-09,6.306680096312933e-08,False
Pdfr,5.7756925,0.47730067,7.663729907798477e-09,6.518386713163741e-08,False
Dgk,5.7649374,0.50689125,8.168814981003542e-09,6.943492733853011e-08,False
X11L,5.7519436,0.2386906,8.822329915954088e-09,7.49413299454122e-08,False
Ubc4,5.73906,0.28231713,9.52036190066302e-09,8.081852437765681e-08,False
CG31800,5.7377443,0.4643389,9.594578882482754e-09,8.139597230129494e-08,False
shn,5.7321296,0.46279228,9.917743368991663e-09,8.408326813672221e-08,False
fra,5.7272573,0.32728693,1.0206743437256254e-08,8.64311748621056e-08,False
Dscam4,5.727239,0.15834069,1.0207836799786005e-08,8.64311748621056e-08,False
Hrb87F,5.723595,0.22240159,1.0429311659602496e-08,8.819278283065406e-08,False
kay,5.7225685,0.29927984,1.0492542137865795e-08,8.86704155843694e-08,False
Set8,5.7222633,0.39318064,1.0511435418800833e-08,8.877299025608081e-08,False
Rab40,5.7209983,0.5855333,1.0589991538826586e-08,8.937898446481705e-08,False
CG8369,5.720233,0.25520056,1.0637810441076861e-08,8.96673938461777e-08,False
SsRbeta,5.7110205,0.42796797,1.1230073892729958e-08,9.459897501561819e-08,False
Afti,5.7022867,0.33844602,1.1821071298566668e-08,9.944987063666106e-08,False
CadN2,5.6996713,0.25291935,1.2003880946717867e-08,1.009010348291986e-07,False
tutl,5.6995997,0.15823524,1.2008920057291425e-08,1.009010348291986e-07,False
CG7564,5.69446,0.23824279,1.2376290938950489e-08,1.0392130302156445e-07,False
key,5.686201,0.9104351,1.298964819611984e-08,1.0900189460102862e-07,False
Epac,5.682662,0.15849854,1.3261413681439392e-08,1.1121138301709959e-07,False
Gbs-76A,5.6707435,0.2504054,1.4217924677550794e-08,1.1915672716051976e-07,False
lncRNA:CR46348,5.6691194,0.37575078,1.4353339044000822e-08,1.2021493204411397e-07,False
CG13532,5.6567364,0.5324557,1.542783657921281e-08,1.2904977752223779e-07,False
kat80,5.6552005,0.77365005,1.5566435077159313e-08,1.30126287117653e-07,False
Mgstl,5.650151,0.43041974,1.6030737913037432e-08,1.3383731061958382e-07,False
VGAT,5.648294,0.25775734,1.6204782999727413e-08,1.3513023837666661e-07,False
2mit,5.648279,0.1978904,1.6206168151710417e-08,1.3513023837666661e-07,False
uex,5.6287155,0.1402689,1.8155673020276075e-08,1.512439013141217e-07,False
RabX1,5.6265,0.53599256,1.839024523000442e-08,1.5305016628719955e-07,False
CG15916,5.6087456,0.40525565,2.0379831080793394e-08,1.6950086090677593e-07,False
CG13293,5.593874,0.1888612,2.2205824318305033e-08,1.8457099137687946e-07,False
Yp1,5.590549,6.3189154,2.2635299303675956e-08,1.8802178770518694e-07,True
CG15814,5.5895786,0.26275155,2.2762101740696657e-08,1.8895564053979457e-07,False
Ptp69D,5.5821385,0.6900288,2.375790220176332e-08,1.970975964857145e-07,False
Patsas,5.5757446,1.2666848,2.4647354152556126e-08,2.0434755893926817e-07,True
Uhg2,5.5750217,0.89653575,2.474986518367513e-08,2.050680822059741e-07,False
Nelf-A,5.571666,0.32641944,2.5231486847569965e-08,2.0892688636667732e-07,False
Ndae1,5.569402,0.189297,2.556148471801134e-08,2.1152611503739736e-07,False
CG31808,5.565494,0.15651985,2.61410399495323e-08,2.1604994086591445e-07,False
Parp1,5.560811,0.13749646,2.6852410533153397e-08,2.2178977172606462e-07,False
Csk,5.5521874,0.13118616,2.8211688395528283e-08,2.3287047563168165e-07,False
robo3,5.5439324,0.27952793,2.957527513013324e-08,2.43972812608337e-07,False
Atg1,5.5430965,0.13747388,2.9716917945621743e-08,2.4498746469473985e-07,False
kune,5.5422306,0.52703124,2.986423307693666e-08,2.460475779711753e-07,False
Dp1,5.5373783,0.27656537,3.070327774620396e-08,2.5280186269603145e-07,False
VhaSFD,5.536636,0.14739244,3.083368373070037e-08,2.537166173482364e-07,False
Gapvd1,5.5353403,0.45481372,3.1062434241119625e-08,2.5543895391899436e-07,False
rno,5.534679,0.15020877,3.1179868368166586e-08,2.56244309084476e-07,False
RasGAP1,5.531625,0.36905503,3.172780497368995e-08,2.6058442822453725e-07,False
lost,5.5237355,0.14284816,3.3186708122950185e-08,2.723963344432782e-07,False
br,5.52067,0.32172436,3.3770969969013446e-08,2.7701892407166395e-07,False
alph,5.519651,0.15519391,3.39674085459725e-08,2.7845646643956617e-07,False
Cen,5.5138307,0.3752167,3.511065016810253e-08,2.876490360717178e-07,False
Spt6,5.5099454,0.23912708,3.58944774682267e-08,2.938874320311321e-07,False
Uhg5,5.506703,0.20301326,3.6561664666747926e-08,2.9916365839709494e-07,False
PAPLA1,5.4971375,0.39107677,3.860054547241692e-08,3.1565013568950267e-07,False
CG9686,5.495968,0.42498952,3.8857291137576374e-08,3.17354669259721e-07,False
Invadolysin,5.4956155,0.27308455,3.893496152240609e-08,3.177915089229431e-07,False
Cortactin,5.49426,0.4802828,3.9235284454023727e-08,3.2004399317835245e-07,False
Slip1,5.4829497,0.15445888,4.182919228003703e-08,3.4077955099315976e-07,False
slgA,5.481574,0.15130214,4.215583683371834e-08,3.4322791315482824e-07,False
Gdap2,5.4768453,0.14540257,4.329753604267548e-08,3.519824900940079e-07,False
sff,5.476554,0.14634824,4.336882493435914e-08,3.522309817443841e-07,False
CG10948,5.4750223,0.6296343,4.3745703135438895e-08,3.550724428059312e-07,False
kek1,5.4732,0.14538737,4.419817333812479e-08,3.585235776767271e-07,False
CanB2,5.4729166,0.1464083,4.4268869643676145e-08,3.5887551880786444e-07,False
Sec16,5.470289,0.26490387,4.493018607517292e-08,3.6378778509787266e-07,False
Atg18a,5.4614778,0.4898971,4.72187352734628e-08,3.8208214299789076e-07,False
CG44837,5.4578505,0.24348065,4.8193380606633286e-08,3.897287474164726e-07,False
Cbl,5.4566135,0.15338875,4.853004090863458e-08,3.922098816607423e-07,False
CG9240,5.4549384,0.23535211,4.898986180578984e-08,3.956827129624366e-07,False
lbk,5.448938,0.24957071,5.067149674468953e-08,4.0901359872356583e-07,False
Bckdhb,5.4480195,0.39953828,5.093371230462999e-08,4.108777860007015e-07,False
Pdha1,5.447432,0.12376287,5.1102179971133264e-08,4.1198389386543696e-07,False
rdgC,5.4471865,0.4790286,5.117276585432441e-08,4.123000098661417e-07,False
CG3655,5.446832,0.23461488,5.127475388260407e-08,4.1286859115888484e-07,False
Atx2,5.4447207,0.13399161,5.1886660463990955e-08,4.1753986843680654e-07,False
mbl,5.4327197,0.15278217,5.550150539001738e-08,4.458100747739721e-07,False
mib2,5.427141,0.44920522,5.726386394899089e-08,4.596850556833777e-07,False
tra,5.425577,0.7942871,5.7767499541951433e-08,4.634448788038973e-07,False
DnaJ-1,5.422172,0.27082467,5.887923314123286e-08,4.717878065298421e-07,False
CG7029,5.419676,0.13663656,5.970726417233183e-08,4.781311142526584e-07,False
pho,5.417634,0.13012096,6.039292440530925e-08,4.833272957430993e-07,False
Dap160,5.4146357,0.13269879,6.141363460683949e-08,4.911969399686413e-07,False
CG14431,5.413567,0.40467677,6.178146509092307e-08,4.93838341094781e-07,False
DUBAI,5.4115405,0.30384943,6.248478808066199e-08,4.988533415358318e-07,False
sqh,5.407335,0.15198067,6.396944195685235e-08,5.103961364632645e-07,False
dco,5.4061027,0.16249555,6.441086956330974e-08,5.136063330894741e-07,False
ERp44,5.401903,0.82283807,6.593754743005533e-08,5.254610738498224e-07,False
Fili,5.3922267,0.34436655,6.958995222328978e-08,5.538955555216541e-07,False
Abca3,5.3904185,0.8095652,7.029382969357698e-08,5.591593317211229e-07,False
eRF1,5.3873253,0.29975367,7.151389272721607e-08,5.68520305098818e-07,False
CG14207,5.3837304,0.26033318,7.29577691580817e-08,5.796481526640578e-07,False
CG11357,5.380531,0.19837116,7.426644777347616e-08,5.896890575173718e-07,False
CARPB,5.380201,0.45062533,7.440268331774363e-08,5.904140467865151e-07,False
prtp,5.375626,0.17712818,7.631706856339511e-08,6.052399505078909e-07,False
DIP-theta,5.370692,0.29117337,7.843509519011259e-08,6.216619939042639e-07,False
CG6665,5.367082,1.053187,8.002058339977268e-08,6.33845983397476e-07,True
CG13924,5.3590393,0.258838,8.366564033774067e-08,6.611245818871017e-07,False
sws,5.3559203,0.18866156,8.51219719399458e-08,6.718245244821788e-07,False
Dp,5.353725,0.1510521,8.616172573028082e-08,6.796225917296641e-07,False
kek6,5.3516693,0.16340935,8.714649186484633e-08,6.869778341907292e-07,False
Sos,5.345612,0.8194695,9.011194985176799e-08,7.099287368118004e-07,False
CG31687,5.343355,2.3918872,9.124161532839337e-08,7.179677048086331e-07,True
Ac76E,5.335293,0.69473606,9.539050479675025e-08,7.497168801041238e-07,False
CG13907,5.3254437,0.28171912,1.0070691343097818e-07,7.910278239070438e-07,False
nudE,5.323294,0.14947774,1.0190483352743545e-07,7.999590306953579e-07,False
par-6,5.320731,0.30924645,1.033509685738447e-07,8.108269122560557e-07,False
roq,5.318792,0.3299427,1.0445846427824463e-07,8.185382701731739e-07,False
Gs1,5.3180175,0.14872877,1.0490386865853849e-07,8.215385804778632e-07,False
Dad1,5.316529,0.22111993,1.0576536278376469e-07,8.277919192027705e-07,False
CG33229,5.31291,0.122003295,1.0788832606946187e-07,8.439050552849992e-07,False
CG33639,5.307218,0.29598778,1.1131107985638068e-07,8.701599645405702e-07,False
CG14669,5.3065834,0.1497678,1.1169917859807381e-07,8.726747360031439e-07,False
CG6154,5.2918973,0.20409088,1.2105396214812133e-07,9.451991185908866e-07,False
crc,5.2914805,0.23594742,1.213300569484537e-07,9.467923268168824e-07,False
l(2)41Ab,5.2907376,0.7825896,1.2182402902252106e-07,9.500828281216317e-07,False
fipi,5.2856417,0.3602271,1.2526497592022564e-07,9.763387002180812e-07,False
Atg5,5.2785025,0.7391449,1.302438688450998e-07,1.0139423462638959e-06,False
lilli,5.2648516,0.120560326,1.40302742180111e-07,1.0916035139069501e-06,False
Bgb,5.263651,0.15725814,1.4122246575594973e-07,1.098109125739015e-06,False
CG9609,5.2625246,0.23235986,1.4209059906043858e-07,1.1041876751302021e-06,False
futsch,5.262419,0.107664905,1.421722506902292e-07,1.1041876751302021e-06,False
cta,5.2618866,0.23670588,1.4258479017187157e-07,1.1067375827811957e-06,False
RyR,5.2581964,0.2305526,1.4547517804362673e-07,1.1285060889440963e-06,False
RpL37A,5.253684,0.16073734,1.4908638529042535e-07,1.1558372797058874e-06,False
htk,5.251028,0.4538952,1.512524390566212e-07,1.1719388571008604e-06,False
GABA-B-R2,5.2393107,0.15495771,1.6117747901575966e-07,1.248104450056628e-06,False
pod1,5.238236,0.32083353,1.6211878661632644e-07,1.253915818084253e-06,False
lncRNA:CR43334,5.2297587,0.55766314,1.69731492456124e-07,1.3120244366858386e-06,False
FoxK,5.2287188,0.18414374,1.7068892244090054e-07,1.3186496941774687e-06,False
CG15385,5.228486,0.74040204,1.709036239168969e-07,1.3195326215581328e-06,False
CG14995,5.2244744,0.21731421,1.746503185613718e-07,1.3476687235554827e-06,False
CG32590,5.203341,0.48004982,1.957371639676014e-07,1.5059614002917156e-06,False
Gasz,5.1970177,0.25121748,2.025110317168402e-07,1.5571664527741351e-06,False
Mbs,5.194761,0.12554972,2.04983066862979e-07,1.575252913243513e-06,False
CG14535,5.194187,0.31859705,2.056159823213417e-07,1.5791932341816194e-06,False
CG12155,5.1871223,0.63676995,2.1356856328981312e-07,1.6393133704389218e-06,False
RpS28b,5.181502,0.18106173,2.2010660031249148e-07,1.6885118708152075e-06,False
CG33941,5.1783566,1.4116102,2.2384919807617006e-07,1.7162207187391779e-06,True
S,5.176027,0.13801613,2.2666072955762547e-07,1.7367630595432983e-06,False
Tbcb,5.172132,0.41995424,2.314382547917707e-07,1.772336891735815e-06,False
Usp15-31,5.165004,0.41781777,2.4043428349442103e-07,1.8401554568434402e-06,False
kek4,5.1639776,0.80904967,2.4175675967823406e-07,1.8491999877367133e-06,False
DCTN5-p25,5.1569953,0.5312071,2.5094379262108155e-07,1.9183550778555165e-06,False
lncRNA:CR45919,5.155704,0.2728302,2.526796413333127e-07,1.9282596787230327e-06,False
IntS3,5.146676,0.27015233,2.6514254233833404e-07,2.0221927735740264e-06,False
tbc,5.1462235,0.13877597,2.6578261471676383e-07,2.025898689091064e-06,False
CG11537,5.138912,0.13435325,2.763336426495493e-07,2.103882038272148e-06,False
lt,5.1288056,0.29311615,2.9158598802378266e-07,2.2174371924887316e-06,False
BNIP3,5.125583,0.17209984,2.9661814065975586e-07,2.254400801856479e-06,False
trio,5.1189866,0.12514947,3.0718140455160446e-07,2.333335744053546e-06,False
Nulp1,5.1172647,0.22079077,3.0999868177617475e-07,2.3533753190183206e-06,False
kek5,5.1169715,0.20881599,3.104807233738946e-07,2.355673894836229e-06,False
Slc25A46a,5.1125965,0.70983326,3.1776037610043804e-07,2.4095147734194207e-06,False
Psc,5.106442,0.282508,3.2828142008181405e-07,2.487858212972963e-06,False
CG7326,5.103576,0.62478036,3.3329394568564957e-07,2.5229353342483412e-06,False
E2f1,5.084449,0.16512032,3.6869478936412555e-07,2.7828938696346777e-06,False
toc,5.082895,0.12163502,3.717260275388314e-07,2.8041628747920685e-06,False
Pp2B-14D,5.0739145,0.1262735,3.8971411442822514e-07,2.9381716452675307e-06,False
smal,5.073402,0.14066562,3.90766394003956e-07,2.942728471980508e-06,False
CG42671,5.0715446,0.16851129,3.9459932729810996e-07,2.9698910423965995e-06,False
LRR,5.070909,0.17305964,3.9592015251117177e-07,2.9781263446761925e-06,False
scyl,5.0663185,0.12648964,4.055833482435242e-07,3.0473246307994003e-06,False
CoRest,5.0654373,0.2906779,4.074638422489846e-07,3.0597042005679463e-06,False
CG15803,5.0631394,0.29427493,4.1240781569464954e-07,3.09506059739771e-06,False
Lrch,5.0610175,0.27928424,4.170253571052848e-07,3.1279282064614997e-06,False
CG15922,5.060246,0.50199574,4.187157174693516e-07,3.138815312757986e-06,False
CG5937,5.0577874,0.28335765,4.2414894112214603e-07,3.177731605066204e-06,False
Galphas,5.057089,0.12104425,4.257048653974103e-07,3.1875713026708654e-06,False
Septin4,5.052566,0.11182719,4.3591368144080733e-07,3.2621535807594815e-06,False
CG4676,5.0423765,1.9288433,4.5978544681758814e-07,3.432977588994276e-06,True
CG14186,5.0398116,0.15852393,4.659906851851918e-07,3.4773331027930754e-06,False
stj,5.024688,0.1276679,5.042527301766434e-07,3.756454153770561e-06,False
Isha,5.020672,0.35805616,5.149108889363793e-07,3.833679315304794e-06,False
CG33774,5.0177574,0.898087,5.2278125756741e-07,3.887871253929448e-06,False
Paf-AHalpha,5.0129256,0.31375307,5.360865515997758e-07,3.9845663883329496e-06,False
scrape,4.9864235,0.13818514,6.150720743087652e-07,4.566475778808748e-06,False
CG42554,4.9812293,0.71810275,6.31816238545213e-07,4.688140706223966e-06,False
CG10353,4.9751925,0.46159017,6.518280506111063e-07,4.833900910316336e-06,False
Arl8,4.972204,0.1053813,6.619599339485942e-07,4.906269313039185e-06,False
sca,4.969878,0.26758882,6.699492006253084e-07,4.962684580280258e-06,False
mRpL36,4.963109,0.16743924,6.937358724911764e-07,5.135990479102282e-06,False
Atet,4.960786,0.116163485,7.020858983744273e-07,5.1948822018797015e-06,False
spri,4.95371,0.45973805,7.281162591719791e-07,5.384454564872807e-06,False
galectin,4.9533024,0.11787858,7.296454279048498e-07,5.392728103541975e-06,False
Cul2,4.9526753,0.26161546,7.320010156581698e-07,5.404059183575286e-06,False
anchor,4.9462967,0.50112885,7.56386913727005e-07,5.58095476321537e-06,False
l(2)SH0834,4.944047,0.14818494,7.65171954920778e-07,5.639441760860316e-06,False
ATP8A,4.9429865,0.11767963,7.693477477816885e-07,5.6647529430749764e-06,False
bab2,4.942454,0.44389156,7.714530531460375e-07,5.676183970544277e-06,False
CG11050,4.933834,0.121217355,8.063094860939233e-07,5.922701485053239e-06,False
Usp32,4.930639,0.8161613,8.196109236496664e-07,6.017043099262718e-06,False
ORMDL,4.9272823,0.64109933,8.338129714965592e-07,6.117887358144213e-06,False
Tango5,4.92511,0.19070095,8.431304696969915e-07,6.179351646563394e-06,False
Xrp1,4.9246526,0.1295056,8.451039057578019e-07,6.190362556055337e-06,False
Pka-R1,4.924261,0.11694852,8.467970482885949e-07,6.1993091986409056e-06,False
Hmt4-20,4.92378,0.14280045,8.48882818345747e-07,6.211118661403931e-06,False
sbm,4.922681,0.16202687,8.536664767494432e-07,6.2426439460013545e-06,False
wge,4.9207506,0.13349567,8.621285267951481e-07,6.297515825800467e-06,False
MTA1-like,4.91874,0.31356463,8.710326215465389e-07,6.359022044301704e-06,False
MICU1,4.915134,0.36663398,8.872170705257757e-07,6.4735810792777445e-06,False
pns,4.8972025,0.31998426,9.721076135929965e-07,7.0772665652219215e-06,False
twin,4.897079,0.16406533,9.727179395825638e-07,7.077788728712332e-06,False
CG8301,4.894137,0.30215672,9.8738177498426e-07,7.180511292234732e-06,False
D19B,4.886844,0.53827935,1.0246512834217965e-06,7.44742395765809e-06,False
CG43707,4.875574,0.12242652,1.0849247552490623e-06,7.881147710739595e-06,False
CG2993,4.8728004,0.10652871,1.100272929032875e-06,7.988224619017133e-06,False
CG18324,4.8684707,1.5069339,1.1246522309309709e-06,8.156211350256008e-06,True
CG12851,4.866673,0.16822459,1.1349261394794844e-06,8.226180032487537e-06,False
Mical,4.8656855,0.18461053,1.1406076376682368e-06,8.26280317894063e-06,False
scaf6,4.860586,0.15289071,1.1703858811019004e-06,8.464524415828327e-06,False
Madm,4.8598385,0.37135404,1.1748165653473835e-06,8.491894656342117e-06,False
Brd7-9,4.8536577,0.1981286,1.2120485517006252e-06,8.75139011972413e-06,False
Hip14,4.8526697,0.38368332,1.2181033869006584e-06,8.790278202779546e-06,False
emb,4.845214,0.13145223,1.2647543351824109e-06,9.12191916500113e-06,False
Prp6,4.843951,0.85931903,1.272821159780428e-06,9.175064652043118e-06,False
CG5098,4.8331985,0.36121643,1.3435653760646397e-06,9.6797108590271e-06,False
CG8321,4.824408,0.23693618,1.4041955694725795e-06,1.0105440294873585e-05,False
mAChR-B,4.8169208,0.44576705,1.4579056877319877e-06,1.0480491598734164e-05,False
asRNA:CR43425,4.81497,1.1258051,1.4722210523385195e-06,1.057761446078758e-05,True
H,4.8146386,0.31930438,1.4746666960224275e-06,1.0589396203514055e-05,False
Rab39,4.8097544,0.2763798,1.511159564153735e-06,1.0839600345275236e-05,False
CG6495,4.8076806,0.18145066,1.5269160933991058e-06,1.0944382201991646e-05,False
x16,4.807613,0.13418384,1.5274329928051654e-06,1.0944382201991646e-05,False
Ddr,4.8011303,0.28475082,1.5777275182440215e-06,1.1298592543457595e-05,False
Nos,4.8008356,0.39015046,1.5800484177163052e-06,1.1309050249025035e-05,False
btsz,4.79809,0.29989272,1.601857660937241e-06,1.1458906653443812e-05,False
emc,4.7969065,0.1278693,1.6113474494417162e-06,1.1520520583848527e-05,False
CG14764,4.795587,0.35714042,1.6219925959761252e-06,1.1590323384297043e-05,False
CG16854,4.794285,0.5491745,1.6325635954269188e-06,1.1653187510866453e-05,False
CG9391,4.783307,0.34061906,1.7243453121518821e-06,1.229496567932061e-05,False
Osbp,4.7827744,0.9654773,1.7289219458823997e-06,1.2320912847527449e-05,False
side-IV,4.7708077,0.21383132,1.8348869591941004e-06,1.3068969935376517e-05,False
CARPA,4.761662,0.6021488,1.920049977731575e-06,1.3653342401174582e-05,False
CG14200,4.761145,0.32228044,1.924977034534904e-06,1.3680975235707502e-05,False
Ras64B,4.7499275,0.70103097,2.034896203809098e-06,1.444655376242861e-05,False
Arfip,4.7473617,0.37980923,2.0608728094962643e-06,1.4623072132608211e-05,False
Smg5,4.746838,0.12050425,2.06621363509315e-06,1.4645152847227123e-05,False
Rab7,4.7345915,0.09992397,2.1949700246900335e-06,1.554938064390929e-05,False
Ras85D,4.717415,0.10508791,2.3886040116871836e-06,1.69028784693491e-05,False
alpha-Spec,4.7153463,0.11562057,2.4129995122575717e-06,1.706632216930934e-05,False
Eaat1,4.7010117,0.61484444,2.5887549139093334e-06,1.826024064609906e-05,False
Pcl,4.7000494,0.30237412,2.6009835517590066e-06,1.8336654964412612e-05,False
Trap1,4.6936283,0.32974115,2.684013899015995e-06,1.8891605059972786e-05,False
Tif-IA,4.69058,0.17540292,2.7243184431704213e-06,1.916502605016194e-05,False
Nhe2,4.685613,0.20647822,2.791232803632251e-06,1.9625248941964373e-05,False
Cep162,4.6806693,0.4841406,2.8593990068615677e-06,2.0093776657309014e-05,False
Rpn8,4.680099,0.175371,2.8673671857187423e-06,2.013900170365045e-05,False
CG13018,4.6761823,0.51856744,2.922647405726448e-06,2.051629784115986e-05,False
Doa,4.6752143,0.13589059,2.936468673171101e-06,2.060231438021433e-05,False
pygo,4.6733313,0.4131171,2.9635289776308016e-06,2.0781074863952172e-05,False
slim,4.6640315,0.26487812,3.1007377264343395e-06,2.173162371363928e-05,False
CycT,4.6638894,0.10299784,3.1028784360553643e-06,2.1735034929746027e-05,False
stan,4.6615343,0.4007107,3.1386090092734268e-06,2.1973607347289344e-05,False
Tomosyn,4.66071,0.14230496,3.1512047331951777e-06,2.2050043343406725e-05,False
MAPk-Ak2,4.656126,0.3749562,3.2221480147567066e-06,2.2534458255411324e-05,False
dpr19,4.6530895,0.10268158,3.269983004107503e-06,2.2856833328179095e-05,False
Snap24,4.650688,0.22154815,3.3082950931906536e-06,2.3112336958861446e-05,False
CG1416,4.6503096,0.1615569,3.314375080247157e-06,2.3142509526847973e-05,False
mim,4.6495094,0.17810659,3.3272534442533005e-06,2.322009427027755e-05,False
SCaMC,4.6420965,0.14516877,3.4489142477315763e-06,2.4030849485387403e-05,False
CG2063,4.6399236,0.34883648,3.485383361758595e-06,2.4272084131886432e-05,False
Hibch,4.639756,0.6075951,3.4882024355651636e-06,2.4278849685255197e-05,False
kat-60L1,4.6322536,1.411874,3.6170643918727816e-06,2.5149123372275252e-05,True
Slmap,4.6312838,0.1677151,3.6340546586086657e-06,2.5253893320347156e-05,False
rst,4.6302867,0.5539714,3.6515988704657286e-06,2.536239997716181e-05,False
Aef1,4.629971,0.21767929,3.657168940867694e-06,2.5387668807153918e-05,False
Vps11,4.6292615,0.17502473,3.6697245437697242e-06,2.5461378157168928e-05,False
Snx1,4.6206675,0.66134876,3.82507805457588e-06,2.6511260925728714e-05,False
eRF3,4.6036425,0.43594298,4.151650675474287e-06,2.8744384365862805e-05,False
CdGAPr,4.6019716,0.39063862,4.185103515983151e-06,2.896074002292501e-05,False
Fmr1,4.601659,0.15447296,4.191396828580771e-06,2.898902406546311e-05,False
hep,4.598912,0.101155,4.247034785084773e-06,2.933471409043905e-05,False
Frl,4.5953517,0.09175673,4.320201637938749e-06,2.9817105947559407e-05,False
Atg6,4.593077,0.78937244,4.3675699130844525e-06,3.0128207993618263e-05,False
CG6418,4.5917683,0.4706941,4.395064162259029e-06,3.0301961257211914e-05,False
CG12541,4.584983,0.517323,4.540240771027016e-06,3.1286472979583645e-05,False
Crag,4.5780463,0.22375366,4.6933874081179865e-06,3.232484482708515e-05,False
CG31191,4.5594244,0.4516514,5.129399213381912e-06,3.5253888631303195e-05,False
mmy,4.5577674,0.25692827,5.1700297449407215e-06,3.551456397191115e-05,False
Ack-like,4.5544057,0.20130518,5.253386556112012e-06,3.60683138630449e-05,False
Pink1,4.5481257,0.22952662,5.4125783824683535e-06,3.7141875991653593e-05,False
beat-Va,4.5463653,0.2115276,5.458029776243143e-06,3.743422196743796e-05,False
CG3558,4.527272,0.209737,5.974993118636683e-06,4.095846873865657e-05,False
CG17841,4.524076,0.11661494,6.065992144610086e-06,4.156058538702874e-05,False
px,4.520984,0.109273285,6.155279047974843e-06,4.212839685908199e-05,False
Fur1,4.5205774,0.13379127,6.167122309657265e-06,4.218748270234571e-05,False
Gapdh2,4.517939,0.120190755,6.2444428290137034e-06,4.2679308590212136e-05,False
na,4.5044613,0.15646969,6.6541508470674745e-06,4.5448126965339754e-05,False
CG4238,4.5041046,0.17900363,6.665332812141591e-06,4.550085116070267e-05,False
CG42855,4.500908,1.2421958,6.7663762976631235e-06,4.6166641187742005e-05,True
arm,4.498807,0.107138656,6.833581232744214e-06,4.6576810674010223e-05,False
l(3)neo43,4.4980087,0.13806562,6.8592841403838645e-06,4.6727761995222585e-05,False
U2af38,4.4968066,0.26494068,6.8981624736133095e-06,4.696826583717746e-05,False
Svil,4.4904604,0.3173648,7.106943531028663e-06,4.8364756572370616e-05,False
GAPcenA,4.4869194,0.21836218,7.226040388094694e-06,4.914979127326727e-05,False
hoe1,4.4866486,1.0750449,7.2352247734493795e-06,4.918680224930072e-05,True
Polr1D,4.486453,1.0306618,7.241870722450451e-06,4.920652697193453e-05,True
CG1951,4.484106,1.0233225,7.322025744228759e-06,4.972544718600006e-05,True
Alg-2,4.481821,0.1035504,7.400881928544812e-06,5.023047380506245e-05,False
Gas41,4.48173,0.7750062,7.404035291104632e-06,5.023047380506245e-05,False
5-HT1B,4.477338,0.25829124,7.557957016442768e-06,5.1248252400967193e-05,False
asRNA:CR44029,4.4770193,1.0235728,7.569243957795912e-06,5.129831606467049e-05,True
CG9265,4.4754443,0.21026126,7.6252581979275345e-06,5.1651297927301926e-05,False
Mlf,4.474819,0.113956146,7.647597490061497e-06,5.177592922045241e-05,False
CG9784,4.466257,0.3919466,7.959985836440037e-06,5.3835395716242166e-05,False
Tnpo,4.4579225,0.09799936,8.275783767285002e-06,5.594242514706389e-05,False
Ziz,4.457254,0.3152378,8.301633310181201e-06,5.608831019490548e-05,False
chico,4.4556184,0.44134977,8.365169838317694e-06,5.648853897499117e-05,False
hid,4.452807,0.9896293,8.475493066530497e-06,5.7204136819351445e-05,False
Sesn,4.4422526,0.697902,8.902203488743817e-06,5.999172104901667e-05,False
CG14903,4.4382844,0.20413473,9.067885257226161e-06,6.104563533053739e-05,False
CAH8,4.4374003,1.3277477,9.105183254311758e-06,6.12653421120895e-05,True
DIP-beta,4.432392,0.3664428,9.319334120031088e-06,6.267419123404736e-05,False
Sec61alpha,4.4316335,0.30968687,9.352198573748937e-06,6.286303910876459e-05,False
Ypel,4.4253163,0.1842527,9.630097482998681e-06,6.466484978236366e-05,False
Sytalpha,4.4251475,0.14345995,9.637640587021363e-06,6.468244890400803e-05,False
TBC1D16,4.4234004,0.11453942,9.715940406603964e-06,6.51746671175001e-05,False
Prp4k,4.4218397,0.2135576,9.786398540976824e-06,6.561380776886553e-05,False
ph-p,4.417621,0.2844836,9.979322637990735e-06,6.687316613250192e-05,False
Kap3,4.4134655,0.1446182,1.0172893723378381e-05,6.810086419710408e-05,False
dikar,4.4129086,0.09276977,1.019910863894419e-05,6.820686342206901e-05,False
PIG-L,4.410541,0.4704616,1.0311261953437782e-05,6.888677851048597e-05,False
Tob,4.409476,0.118426114,1.0362105979552105e-05,6.913424217282524e-05,False
chinmo,4.409435,0.101345055,1.0364086224828073e-05,6.913424217282524e-05,False
Itpr,4.4086447,0.31324145,1.040194677857932e-05,6.935158935429266e-05,False
ATP8B,4.4052415,0.46164763,1.0566604325737188e-05,7.041366503271419e-05,False
CG5071,4.3983917,0.44430628,1.0905611881241506e-05,7.263590761854771e-05,False
Edem2,4.3922553,0.5283505,1.1218080821643196e-05,7.46792300289834e-05,False
Hr3,4.392041,0.12861092,1.1229145095031481e-05,7.468984914057921e-05,False
beat-IIb,4.3920045,0.15684433,1.1231043444318128e-05,7.468984914057921e-05,False
HisT,4.391778,0.17362596,1.1242740033266685e-05,7.470213674743044e-05,False
CG9896,4.391749,0.29741055,1.124426044337702e-05,7.470213674743044e-05,False
Pak,4.3840394,0.13589208,1.1649877740326822e-05,7.735777836565678e-05,False
msk,4.379535,0.3830562,1.1893265894171126e-05,7.893404399762767e-05,False
g,4.374678,0.13224418,1.2161172649901834e-05,8.063066084377397e-05,False
WASp,4.3667383,0.31856152,1.2611572573222476e-05,8.357472273561097e-05,False
CG14229,4.361593,0.2266014,1.291191094705656e-05,8.5521885965358e-05,False
Drep1,4.3590584,0.2668592,1.3062318805810443e-05,8.643098259171956e-05,False
DIP2,4.3564963,0.110028915,1.3216077873932854e-05,8.740436806308589e-05,False
CG6959,4.35146,0.27745542,1.352339826111564e-05,8.939183931052345e-05,False
MICAL-like,4.350239,0.25911433,1.35989239356957e-05,8.984588207087843e-05,False
Ubc7,4.3476353,0.48608556,1.376132116184198e-05,9.087312632551027e-05,False
CG42322,4.3388057,0.09268824,1.432591282321481e-05,9.455390276738616e-05,False
M6,4.3357806,1.1239905,1.452436697269926e-05,9.581561565674747e-05,True
disco-r,4.3315735,1.0447031,1.4804754305222415e-05,9.761629519564865e-05,True
Papss,4.3284373,1.1589236,1.501709240183379e-05,9.896670574347934e-05,True
Ulp1,4.327932,0.27372977,1.5051591666097979e-05,9.91443439018514e-05,False
CG14971,4.3228207,1.4161679,1.540468282628776e-05,0.00010141930712437248,True
Lint-1,4.31942,1.0274853,1.564398300608684e-05,0.00010289168202351712,True
Wdr82,4.311325,0.35620126,1.6227899825751056e-05,0.00010662541580509732,False
CG12594,4.3079276,0.20199575,1.6479140046008996e-05,0.0001082220786329856,False
Chd64,4.3069,0.1366415,1.6555854283561785e-05,0.00010861731459824534,False
Trs20,4.3009496,0.13766365,1.7006792554367512e-05,0.00011152009029787598,False
Oatp30B,4.2933483,0.48101413,1.7599869024679758e-05,0.00011529405725489365,False
regucalcin,4.2907887,0.4106828,1.7803980785294254e-05,0.00011657305007451509,False
pxb,4.2894874,0.43551338,1.7908595593831157e-05,0.00011719962883393188,False
Droj2,4.280112,0.09441455,1.86799518629574e-05,0.0001221867831912012,False
Sec24CD,4.2790165,0.40789026,1.877210436495687e-05,0.00012272846938303397,False
Dad,4.2730174,0.20473732,1.928452472975917e-05,0.00012589068031483618,False
CG32276,4.271382,0.07943844,1.942653752434139e-05,0.0001267547813343447,False
CG6674,4.2705197,0.6157579,1.9501789183666108e-05,0.00012718263606082198,False
CG7115,4.268573,0.13049759,1.9672761181801154e-05,0.00012823400530260364,False
Tom70,4.258099,0.6334599,2.0617257992903915e-05,0.00013419088027971787,False
DIP-zeta,4.253808,0.73168105,2.1016529566382797e-05,0.00013672188862962195,False
Graf,4.2508698,0.07188702,2.129421617537025e-05,0.0001384598192778528,False
CG1486,4.2457085,0.45063344,2.1790377421009447e-05,0.0001415458970289101,False
CG8128,4.2449765,0.57674164,2.1861648609795308e-05,0.00014193869781685777,False
Tmem63,4.2437515,1.1119825,2.198138211127258e-05,0.00014264560114776937,True
stol,4.2434416,0.10806488,2.2011763948956256e-05,0.0001427722557024848,False
CG44247,4.237406,0.10551241,2.261173405551607e-05,0.00014659141451580496,False
Rich,4.2360587,0.64756095,2.2747745727730246e-05,0.00014734277519756203,False
Trm7-32,4.236036,0.8011272,2.2750056378955433e-05,0.00014734277519756203,False
OtopLa,4.235846,0.11040733,2.2769294362947007e-05,0.00014739472769629883,False
CG2656,4.224666,0.77488244,2.392951383261315e-05,0.0001545246885869137,False
Wdr20,4.2207026,0.44199634,2.4354202629464356e-05,0.00015707576528934647,False
CG5151,4.220645,0.07088131,2.436042992616149e-05,0.00015707576528934647,False
zld,4.21986,0.25051385,2.4445380738766324e-05,0.00015754622279947437,False
TTLL4A,4.2092905,0.17336163,2.5617374802714254e-05,0.00016493773752203233,False
SpdS,4.207105,0.37869158,2.5866303538973422e-05,0.00016637743260188435,False
CG31249,4.206619,1.2085423,2.5921986810080076e-05,0.00016665402576871932,True
CG46339,4.201419,0.1511617,2.6524756050527508e-05,0.00017044587738874423,False
Oser1,4.1987624,0.32352537,2.6837784114170204e-05,0.00017228887202946292,False
Gls,4.197699,0.47580034,2.6964059173772966e-05,0.00017301499101687038,False
cnc,4.1873884,0.1874162,2.8218250050243515e-05,0.0001807095633090887,False
Dop1R1,4.1852803,0.13739654,2.8481446119337165e-05,0.00018230622671905003,False
Dbp80,4.1838207,0.08020855,2.8665035342041577e-05,0.00018339202990738478,False
EndoB,4.1792507,0.09021943,2.924708668428472e-05,0.0001870248010307472,False
CG32813,4.1774983,0.2339115,2.947326695209618e-05,0.00018837947520306222,False
Su(Tpl),4.176754,0.0875986,2.9569862224646377e-05,0.00018890498760042686,False
tth,4.175499,0.14716786,2.9733375744929028e-05,0.00018985728409334906,False
HERC2,4.167112,0.17187744,3.084833145891285e-05,0.0001968809731430664,False
mfrn,4.1658936,0.23929493,3.101355951322143e-05,0.0001978394104675936,False
CG7546,4.1645107,0.20614254,3.120209899465551e-05,0.00019875268196256328,False
heix,4.154013,0.70289147,3.266940746734135e-05,0.00020798769516112593,False
CG6356,4.1539145,1.1903853,3.268355456264554e-05,0.00020798769516112593,True
sw,4.151255,0.2735618,3.306572142213037e-05,0.00021013716157842655,False
CG7945,4.1512303,0.07962411,3.306929839009102e-05,0.00021013716157842655,False
SamDC,4.1503096,0.5186732,3.320257818813069e-05,0.0002108821072838209,False
CG31715,4.1444006,0.12807105,3.40703729672178e-05,0.0002161848243178219,False
cin,4.1407013,0.41470814,3.4624587073440276e-05,0.00021959541444598393,False
shi,4.137638,0.09894143,3.5089955978605775e-05,0.00022243951351416232,False
lncRNA:CR43264,4.135616,2.4922848,3.540039441207622e-05,0.00022429922033225343,True
Faf2,4.132474,0.10641706,3.588797768173075e-05,0.00022720813943773543,False
Ube4B,4.132435,0.32041633,3.58940794058853e-05,0.00022720813943773543,False
Tnks,4.1248527,0.47184247,3.7097253353048495e-05,0.00023448533252160188,False
CG42724,4.121446,0.07202893,3.765014917986984e-05,0.00023786567806378343,False
prage,4.1197634,1.0431288,3.792617957082672e-05,0.00023949443812601345,True
elgi,4.1182017,0.34845543,3.818400677899949e-05,0.000240848584811646,False
wap,4.118132,0.19718607,3.819560541415952e-05,0.000240848584811646,False
CG32486,4.1159663,0.11274715,3.855605039554204e-05,0.0002430048240996729,False
CG6765,4.114481,0.14422159,3.8805120767204124e-05,0.0002444573787161215,False
pths,4.1132092,0.67181456,3.901966560641983e-05,0.000245691147931942,False
CG6583,4.109886,0.53294784,3.958545524262364e-05,0.0002491343234402861,False
aay,4.1096425,0.63322806,3.962724615886156e-05,0.0002492779520218285,False
PVRAP,4.1064963,0.14663155,4.0170587466536324e-05,0.00025257497124294445,False
CG12121,4.1063657,0.2497248,4.0193317749938956e-05,0.00025259702943660823,False
Nmda1,4.1050377,0.08322704,4.042487740485211e-05,0.0002539308384212054,False
Hs6st,4.1035094,0.14346153,4.0693011633459886e-05,0.00025549300806273123,False
Ge-1,4.099537,0.54528475,4.13977906294141e-05,0.0002597938713758981,False
Ssdp,4.093198,0.11683642,4.254641349695822e-05,0.0002668746633716124,False
Dlg5,4.0916233,0.39281803,4.283638208647145e-05,0.0002685653134533976,False
Kank,4.0905747,0.0821175,4.303059143331442e-05,0.00026965426896766084,False
oys,4.0892806,0.2719779,4.327128117879373e-05,0.00027103332029100493,False
CG15443,4.075673,0.62888765,4.588144973750867e-05,0.0002871086338098102,False
CG15356,4.072109,0.2773363,4.658930006582957e-05,0.00029139932992149753,False
CG7166,4.068095,0.07142964,4.739904889694305e-05,0.0002961820739680117,False
fid,4.06735,0.2946418,4.755085090112307e-05,0.0002969894162032596,False
Evi5,4.0665855,0.10514148,4.770699155931841e-05,0.00029782307652304193,False
Tbh,4.065419,0.4688708,4.794616952492954e-05,0.00029915113748293784,False
Xxylt,4.0653267,0.17839792,4.7965257337839595e-05,0.00029915113748293784,False
Gclc,4.0603943,0.29268336,4.898988153215087e-05,0.000305107124745969,False
BtbVII,4.0578585,0.102284804,4.952478095028864e-05,0.00030829234792408483,False
Ykt6,4.0564923,0.17795013,4.9815199916121584e-05,0.00030995338167507275,False
zip,4.0525556,0.08044987,5.066122579812854e-05,0.00031491919026168736,False
CG7611,4.0399504,0.30390874,5.346256328003717e-05,0.0003318618535961117,False
Asx,4.0214825,0.13568561,5.7833065767399285e-05,0.0003588216795322918,False
Fntb,4.020233,0.13077013,5.814061345706369e-05,0.00036055960426582064,False
CG7058,4.01766,0.3883639,5.8778876788324506e-05,0.0003643458584317794,False
Pldn,4.017516,1.0798526,5.881476561291932e-05,0.00036439643324817194,True
Cat,4.016366,0.9623212,5.910243029029702e-05,0.0003660061434706848,False
Khc-73,4.015654,0.099820875,5.928117095705499e-05,0.000366940116602289,False
Mrtf,4.014349,0.26258057,5.961007842337682e-05,0.0003688022789838017,False
Sply,4.0135093,0.77669996,5.982262678071035e-05,0.00036994312401191285,False
Setd3,4.0072923,0.38647172,6.14189011966452e-05,0.0003794573486718921,False
CG13204,4.0043125,0.26592025,6.219803599553651e-05,0.00038391000047785127,False
Naa60,4.002742,0.4030368,6.261265372919699e-05,0.00038628773833585797,False
snf,3.9925897,0.08795589,6.535558821450403e-05,0.0004030210158267468,False
Pax,3.9921446,0.39672914,6.547843384951999e-05,0.000403589164735714,False
CG7239,3.9919984,0.7608346,6.551882524129021e-05,0.00040364879629432474,False
Qtzl,3.988596,0.30311415,6.646552055564643e-05,0.0004092893184731724,False
ICA69,3.9825406,0.2373477,6.818245322920069e-05,0.00041966539479387647,False
CG16721,3.9812844,0.4555315,6.854386633797782e-05,0.00042169239117386076,False
CG41099,3.979044,0.09598845,6.919297171785201e-05,0.0004254865893047699,False
CG3764,3.9788945,0.3265459,6.923642902779475e-05,0.0004255546837484803,False
lovit,3.9717965,0.81471527,7.133262269445363e-05,0.0004382337516726579,False
CG2162,3.9644647,0.15643907,7.356087137280049e-05,0.00045107951969667345,False
CG13506,3.958694,0.25739732,7.536072909661258e-05,0.000461470336001205,False
dom,3.9577177,0.143324,7.56692975741217e-05,0.0004631440332657351,False
Sur-8,3.9571402,0.075532995,7.585238440528137e-05,0.00046404850254646305,False
CG18659,3.9548955,0.356447,7.656811703420493e-05,0.00046799145392859866,False
Hs3st-A,3.9498925,0.118693694,7.81862653433136e-05,0.0004774375989202993,False
Sbf,3.9487262,0.45232278,7.85681830317505e-05,0.00047954690813759097,False
msl-1,3.945757,0.29586047,7.954829963310189e-05,0.00048530371656387743,False
ca,3.942315,0.5769907,8.069889108106266e-05,0.0004918664785233044,False
CG6006,3.9323463,0.7817714,8.412073492294034e-05,0.000512485200566694,False
Vav,3.9252634,0.24218738,8.663486554457838e-05,0.0005275573531609381,False
Saft,3.9244268,0.09914393,8.693646107373453e-05,0.0005291297806259227,False
CG1371,3.924324,0.59104204,8.697361891423735e-05,0.0005291297806259227,False
Acbp7,3.9225712,0.117482565,8.76090094311244e-05,0.0005327487241714048,False
RpS5a,3.9222777,0.09961517,8.771584972226313e-05,0.0005331517026828214,False
CG17816,3.909706,0.1095704,9.240851834695157e-05,0.0005614148588059596,False
BRWD3,3.9078743,0.35342234,9.311173833240822e-05,0.0005654257640601555,False
CG8641,3.9036179,0.31116855,9.476537034871104e-05,0.0005749361642439575,False
Drep3,3.9031372,0.2930096,9.495387922919703e-05,0.0005758139949011896,False
CG1492,3.8919203,0.2540154,9.945388793786482e-05,0.0006025465843206463,False
wts,3.8912795,0.14109114,9.971698657097311e-05,0.0006038621753590588,False
CG15514,3.8841481,0.15915717,0.00010268925039231709,0.0006215750526971161,False
enc,3.877827,0.09992854,0.00010539368237097027,0.0006376511878623021,False
CG10527,3.8745613,0.48128304,0.00010681693287557067,0.0006456675781590957,False
TrissinR,3.8742948,0.31994414,0.00010693387562602519,0.0006460772687823435,False
Toll-6,3.873661,0.09574101,0.00010721254587301083,0.0006474632653112294,False
CG9992,3.8681457,0.80983216,0.00010966617897163534,0.0006619766917162425,False
Ate1,3.8672633,0.24293175,0.0001100635380803267,0.0006640401906311916,False
dac,3.8671625,0.50682336,0.0001101090918031631,0.0006640401906311916,False
fkh,3.861854,0.3106176,0.00011252980745781767,0.0006783276145886156,False
Ankrd11,3.8607564,0.22929856,0.00011303657706103849,0.0006810699950293933,False
lncRNA:CR42549,3.8597546,0.48376134,0.00011350094039331478,0.0006835544719104261,False
CG2021,3.8563135,0.3042904,0.00011510983491268186,0.0006929264043002988,False
eIF2gamma,3.8467526,0.38627383,0.00011969374196882136,0.0007198606238957811,False
Zir,3.8466334,0.17672999,0.00011975192629724212,0.000719881090334885,False
Best1,3.8445802,0.6143463,0.00012075905159371175,0.000725603427980323,False
CG2201,3.8437579,0.1404147,0.00012116459191902463,0.0007277074508262809,False
cnir,3.838776,1.0522678,0.00012364907256071984,0.0007422898412610413,True
Dab,3.8354971,0.06718605,0.00012531055718077716,0.0007515773765004988,False
trc,3.8351893,0.17570306,0.00012546763010630143,0.0007521761529319832,False
Surf4,3.8346243,0.08394889,0.000125756409041047,0.0007535635983622428,False
CG6685,3.8304398,0.8474402,0.00012791445444299443,0.0007661457820580629,False
CG14562,3.8298974,0.32941315,0.00012819664968170542,0.0007674861838119776,False
Taf3,3.8290439,0.10250245,0.00012864206479589206,0.0007698020826424489,False
casp,3.8272824,0.20973204,0.00012956576352671413,0.0007749766492965636,False
ReepA,3.825969,0.056000788,0.00013025864695288266,0.0007787665512319523,False
CG12848,3.8244054,0.098933004,0.00013108809030769125,0.0007833690744581039,False
Nin,3.823267,0.15103078,0.00013169498999443188,0.000786638119780377,False
pigeon,3.821056,0.546999,0.00013288151329370632,0.0007933648188062675,False
Hk,3.8202267,0.09166397,0.00013332907690623527,0.0007955313369967214,False
CG34228,3.8182993,0.31003812,0.00013437477935712534,0.0008011882829092486,False
tok,3.8073556,0.20247142,0.00014046062297646032,0.0008367148896344809,False
Cp190,3.7986147,0.12843578,0.00014550706861030205,0.0008663835018613409,False
CG42394,3.7917461,0.89521515,0.00014959182208462916,0.0008894959882416796,False
Mo25,3.7850804,0.089832895,0.00015365884421119123,0.0009128530161750741,False
Pef,3.781898,0.06704709,0.0001556370547863564,0.0009237698902201939,False
cbc,3.7784834,0.8305853,0.0001577864080269313,0.0009352598953008138,False
GalT1,3.7733512,0.43336242,0.0001610692484586849,0.0009542880946778982,False
Fis1,3.7727575,0.10347286,0.00016145313833415125,0.0009561314514867426,False
CG5727,3.771339,0.4340464,0.00016237396212517028,0.000961151457786875,False
TM9SF3,3.7697582,0.40846297,0.00016340579236398986,0.0009663886217170076,False
CG11638,3.7674634,0.09251251,0.00016491465907643923,0.0009744350426814245,False
vtd,3.76616,0.114928275,0.00016577753703680406,0.0009790933097530976,False
MEP-1,3.765135,1.1173046,0.00016645904257076436,0.000982676674942684,True
msps,3.763122,0.08858619,0.00016780530181878382,0.0009897349511672523,False
Tgi,3.7614932,0.87568533,0.00016890195392157265,0.0009957562029983787,False
Ttc7,3.7580085,0.14783259,0.00017127107280114756,0.0010092704787802154,False
Mppe,3.755695,1.0206954,0.00017286095916513685,0.0010181828168485268,True
Mrp5,3.752178,0.1864929,0.00017530497245192244,0.0010321158794761257,False
Irbp18,3.7500112,0.6297223,0.00017682664594825728,0.001040608577880004,False
Nadk1b,3.7458086,0.61621994,0.00017981365821547469,0.0010577131972289852,False
Stim,3.743227,0.2185015,0.00018167203982918906,0.0010681665661724266,False
CG9426,3.7409523,0.2087847,0.00018332431311442226,0.0010773992838267544,False
ave,3.7398717,0.2026231,0.00018411423102174154,0.001081557939140235,False
gammaSnap1,3.739753,0.07651627,0.0001842012207031243,0.0010815854518586938,False
Taz,3.739221,0.2769615,0.00018459130674111125,0.0010833918543478977,False
garz,3.7359927,0.34208068,0.00018697605792721068,0.0010968983826881587,False
Trf,3.731681,2.294728,0.00019020624786450973,0.0011153504253402597,True
dlp,3.7307029,0.6336974,0.000190946301602814,0.0011191906107772432,False
Vlet,3.7280293,0.37777683,0.00019298306475821323,0.0011301205231674153,False
SecS,3.7256253,0.23868199,0.00019483158951131955,0.0011404373798522274,False
Atox1,3.7247837,0.058948092,0.00019548271946085292,0.0011437392771304845,False
lncRNA:CR44320,3.719825,0.31258586,0.0001993608859814144,0.0011647377998692957,False
CG6700,3.7197423,0.095448926,0.00019942622705318588,0.0011647377998692957,False
CG17600,3.7131562,0.2636023,0.00020469040229418532,0.001193361391547422,False
CG12402,3.7082741,0.3387748,0.00020867672599433196,0.0012155234292072325,False
RhoGAP1A,3.707399,0.19466451,0.00020939904094350787,0.0012191904284619569,False
Coa7,3.7035155,0.09272855,0.0002126320659769386,0.0012374658897267273,False
18w,3.7023468,0.6798097,0.00021361433456250622,0.001242082287825617,False
CG10803,3.6904588,0.1026849,0.00022385006785817467,0.0012998735049599087,False
HnRNP-K,3.689107,0.05253963,0.00022504265572053083,0.0013062215277488938,False
Spt20,3.6777272,0.42056268,0.0002353213108478619,0.0013640747004198294,False
Nelf-E,3.6675348,0.1528983,0.00024490024649540096,0.0014183491137928885,False
CG18259,3.6644096,0.95199406,0.00024790970602393386,0.001435146011832826,False
nonA-l,3.6642723,0.3280386,0.0002480427207689432,0.0014352837488439817,False
Ctl2,3.6595495,0.76370186,0.0002526590164739674,0.0014600669021479357,False
eIF3j,3.653211,0.058390465,0.00025898111557132804,0.0014959432262517899,False
CG14868,3.65135,0.07024126,0.00026086545571143125,0.0015061656210474156,False
Wdr81,3.6511128,0.87696546,0.00026110642251937153,0.0015068948170079322,False
Ugt316A1,3.649834,0.7374448,0.0002624099892001789,0.0015130889285123086,False
cpo,3.640979,0.08948346,0.0002716031566564651,0.0015654110007116701,False
lncRNA:CR45358,3.64068,1.2503155,0.00027191876392333513,0.001566542953404887,True
Set1,3.6381276,0.063050464,0.00027462750147269296,0.0015814548627750473,False
CG1142,3.6374676,0.25208464,0.0002753317710340146,0.0015848159453166824,False
CG42271,3.6360278,0.1631983,0.0002768745785406571,0.0015929986149749453,False
l(3)87Df,3.6346538,0.19036636,0.0002783540726556286,0.0016008100082133985,False
Exo84,3.6294167,0.7176851,0.00028406245543664013,0.0016322101997782632,False
CG3632,3.6269429,0.3665789,0.00028679674475169274,0.0016472010589082143,False
Synd,3.6268203,0.10834487,0.0002869329014859382,0.0016472631098412903,False
oc,3.6255722,0.60045266,0.00028832240163021474,0.0016545173274334726,False
PICK1,3.6222196,0.2697024,0.00029208599013441525,0.0016753828006793325,False
CG10384,3.6184115,0.097863786,0.00029641686716100666,0.0016994825704026127,False
CG31510,3.6112735,0.23013724,0.00030469698675766296,0.0017461941138170298,False
Acyp2,3.6105473,0.12436887,0.00030555161415221854,0.0017503285795877524,False
CG8155,3.607749,0.41933852,0.00030886509403429046,0.0017678263393286137,False
Vps2,3.6077404,0.18773085,0.00030887522069085287,0.0017678263393286137,False
CG5447,3.6055827,0.13235486,0.0003114533080213777,0.0017810304267662858,False
SNRPG,3.605367,0.07914919,0.00031171226827411176,0.0017817359362288397,False
CG12104,3.6010053,0.8450254,0.0003169891726393549,0.001811110746805984,False
Karybeta3,3.5948014,0.15172288,0.00032463905480941747,0.0018525506100562027,False
CG7139,3.5947807,0.342208,0.0003246650981629583,0.0018525506100562027,False
zyd,3.5939374,1.5278225,0.0003257181123579178,0.0018569465138808666,True
Trim9,3.5912585,0.22852144,0.00032908485425654093,0.0018753270033760644,False
Rbcn-3B,3.5897417,0.07582249,0.0003310057600590047,0.0018854558703664418,False
Atg12,3.5880213,0.09903856,0.00033319698428814997,0.0018971150652212212,False
Rpn12,3.5873058,0.20569131,0.0003341123428376153,0.0019015029437977925,False
CG15201,3.5867507,0.15482803,0.00033482398406437365,0.0019047281275281099,False
spdi,3.5813243,0.21273336,0.0003418568148417319,0.0019430538078871965,False
Rbf,3.578434,0.4292362,0.0003456589872294427,0.001962118683016029,False
CG14621,3.5744314,0.5437205,0.00035098979014207016,0.001991518494066038,False
elB,3.569897,0.06547482,0.00035712171934768505,0.0020254365619110613,False
BCL7-like,3.5648968,0.95465684,0.00036399944044742695,0.002063290162400329,False
tup,3.5648172,0.41515642,0.0003641100286588816,0.002063290162400329,False
RanBP3,3.5624516,0.7683861,0.00036740766489380856,0.0020801827334638256,False
kek3,3.5501099,0.11447698,0.0003850705755351238,0.002177371959168271,False
CG13409,3.548613,0.24949066,0.0003872658615443914,0.0021888433060450957,False
XNP,3.5411339,0.06810535,0.00039841122007381924,0.002250869236023241,False
Qsox1,3.5318925,0.2497802,0.00041259707273213494,0.0023280112205981045,False
CG9399,3.527953,0.16628876,0.0004187867589661187,0.0023619213732076253,False
CG15141,3.5277483,0.2629191,0.00041911057109301033,0.0023627335970541606,False
nord,3.5261092,0.51630515,0.0004217131935279143,0.0023763863962908754,False
Drl-2,3.5255203,0.16513377,0.00042265155529056376,0.002380653273927689,False
dpr12,3.5205157,0.08596546,0.00043070860064842127,0.002423957910544284,False
Naus,3.5142658,0.14530209,0.0004409713080796609,0.002480652379912168,False
Inx2,3.5133073,0.8459866,0.0004425651443013547,0.0024885530856928123,False
SiaT,3.511072,0.26217535,0.0004463037315812224,0.0025063578362003605,False
Sin3A,3.510384,0.062774435,0.00044745968270731645,0.002511776031805573,False
lncRNA:CR43241,3.5052629,0.7523884,0.00045615649959491854,0.002558409117019558,False
GlcAT-I,3.5050085,0.24872512,0.00045659276751217,0.0025597634632582877,False
Ostm1,3.5032413,0.5938159,0.0004596328661989431,0.0025757081000939495,False
bor,3.5024252,0.16437802,0.0004610431734227982,0.002582509949679877,False
CG14459,3.500296,0.25973997,0.0004647417036066476,0.0026021179067298493,False
Stard7,3.498696,0.40135753,0.0004675393420593008,0.0026166671609886166,False
CG5726,3.492044,0.20592174,0.00047933941991022786,0.0026804252412937464,False
Edc3,3.490694,0.054280292,0.0004817675308697493,0.00269285713447868,False
Scm,3.4900146,0.10099132,0.00048299427199333903,0.0026985662109967976,False
CG11771,3.4864585,0.3812622,0.00048946118979039,0.0027323744668799974,False
dpr15,3.4835315,0.3564453,0.0004948448979367287,0.002756657109784264,False
CG9917,3.4835234,0.11600679,0.0004948599133993668,0.002756657109784264,False
TRAM,3.476273,0.67790055,0.0005084344922947106,0.002831075281035929,False
scro,3.4745886,0.13752975,0.000511637390603336,0.002847703070698195,False
asRNA:CR44107,3.4704444,0.7383593,0.0005195980114759062,0.0028907863966151073,False
mAChR-A,3.4686947,0.08206788,0.0005229936151976835,0.0029084465075381967,False
Srp54k,3.4642487,0.15019444,0.0005317147398169795,0.0029556951759454005,False
spin,3.4622614,0.43450615,0.0005356565406029902,0.0029761332987512956,False
coro,3.4579158,0.64049375,0.0005443717076973669,0.003022217410583481,False
hook,3.4563532,0.057417687,0.0005475374779088535,0.003038509289358211,False
CG12241,3.453601,0.691264,0.0005531553665478558,0.003065801211221161,False
CSN4,3.4529824,0.2722301,0.000554425099651924,0.0030715431005589934,False
Strip,3.4509332,0.3397501,0.00055865155832891,0.003093653656974381,False
CG3732,3.4499497,0.07689095,0.0005606908677759454,0.003102332081449978,False
Mis12,3.4468355,1.0582284,0.0005671938364581251,0.0031356727828759875,True
Hecw,3.445831,0.15817265,0.0005693061644031801,0.0031460270422296846,False
l(1)G0289,3.443968,0.059242956,0.0005732435868946279,0.003166453961909334,False
NK7.1,3.4412575,0.07860884,0.0005790172354173028,0.003195659592868028,False
Cdc37,3.4377394,0.10321776,0.0005865918711795785,0.003234747704226119,False
Men,3.4367187,0.08683145,0.0005888066850939892,0.003245599265444678,False
Smurf,3.430226,0.11533048,0.0006030786507918852,0.003321482208741057,False
Su(var)2-HP2,3.424913,0.08180701,0.0006149964020865991,0.003385226827606087,False
VepD,3.4247234,0.33382016,0.0006154255301081304,0.003385226827606087,False
tkv,3.422848,0.44255596,0.0006196871932389478,0.0034072424294364074,False
schlank,3.420422,0.04571899,0.0006252402266300255,0.0034363370213907007,False
CG12099,3.416896,0.12021288,0.0006333947365565725,0.0034782449783075297,False
lva,3.412511,0.17867959,0.0006436728809504256,0.0035332102458519397,False
velo,3.409656,0.15936625,0.0006504485783457195,0.0035689122204764505,False
CG3740,3.4024017,1.512344,0.0006679636239774962,0.0036634849677330042,True
lace,3.401499,0.43404028,0.0006701736192100142,0.003673117141821268,False
osp,3.3933592,0.22293128,0.0006904107132868554,0.0037771387107837493,False
salm,3.3920016,0.6948347,0.0006938405642290315,0.0037943232852824397,False
brm,3.3908625,0.18281338,0.000696730527091041,0.003808542369593748,False
Sln,3.3880913,0.16866677,0.0007038084072013671,0.0038456325484545386,False
CG17598,3.3876507,0.38677245,0.0007049396937986427,0.0038502130158802844,False
CG10747,3.381322,0.79234993,0.000721379504686837,0.003936730926532278,False
CG2924,3.37415,0.055835597,0.0007404397342648947,0.004037393588371361,False
CG31523,3.367944,0.38024056,0.0007573097328037549,0.004125956550072199,False
trr,3.3669083,0.45205784,0.0007601597673250902,0.004138052817903484,False
CG17683,3.3657298,0.029279241,0.0007634146169013831,0.004154050302567733,False
CG3191,3.3621807,0.17199805,0.0007732948795001713,0.0042043309935919536,False
E(var)3-9,3.3574007,0.6572879,0.0007867901234206824,0.00427416660267515,False
stau,3.3551314,0.07244499,0.0007932727414850912,0.004305822840089048,False
Not1,3.3540316,0.07633719,0.000796432966782439,0.004321191418863762,False
ova,3.3523958,0.10686682,0.0008011538008779942,0.004345011183383294,False
CG44098,3.349443,0.33542037,0.0008097425763482622,0.004387969977646397,False
Cndp2,3.3466733,0.20789725,0.0008178757108727665,0.004430216288779483,False
CG15535,3.345795,0.6365484,0.0008204707959877901,0.004442441998383004,False
CG4615,3.3440378,0.5489244,0.0008256850507502255,0.0044669935166359465,False
CG2540,3.3415864,1.8525213,0.0008330109017560635,0.004504772123447091,True
Yp2,3.3406484,3.7628384,0.0008358297794438497,0.00451815677979088,True
acj6,3.3292906,0.27242434,0.0008706751698401442,0.004702647927196603,False
Ntan1,3.3274968,0.18571794,0.0008763001769040956,0.0047310848910011175,False
Gadd45,3.326695,0.3475969,0.000878825208284296,0.004742768813989295,False
Septin1,3.3226342,0.28486353,0.0008917174964611005,0.004810369302543236,False
mnd,3.321606,0.9828036,0.0008950103335425609,0.004826151330768483,False
spas,3.3203242,0.29190806,0.0008991300826214053,0.004844390494353377,False
clu,3.3198159,0.097335115,0.0009007684225644544,0.004851228623327662,False
CG3529,3.3122835,0.067522846,0.0009253771766885301,0.004975606169747944,False
Tbca,3.3064027,0.4361862,0.0009450217788208045,0.005079153863183718,False
mor,3.30488,0.2534149,0.0009501709075140525,0.005104740758643566,False
Bap60,3.2997057,0.105887145,0.0009678625681041383,0.0051955400357256865,False
TTLL5,3.2951307,0.30030066,0.0009837593896705192,0.005278718717705306,False
tra2,3.2916021,0.17619191,0.0009961844139945294,0.005343207911960046,False
CG13868,3.2902527,0.07874096,0.0010009745274287332,0.005366710022415742,False
l(3)psg2,3.287223,0.08229679,0.0010118063748295052,0.005420361831078079,False
CG17294,3.2835433,0.042169396,0.0010251086909696728,0.005489386026093101,False
sqz,3.283023,0.44011492,0.001027002252315356,0.005497285783167451,False
dpr9,3.2819197,0.08288612,0.0010310295755768914,0.005516595949778473,False
CG32147,3.2793756,0.55231416,0.0010403709063603718,0.005562048039252094,False
Lamtor3,3.2777922,0.20306362,0.0010462242165277494,0.0055910664617288145,False
dpr11,3.272959,0.059566874,0.001064279083745024,0.005682930288294742,False
Su(var)3-3,3.2723093,0.35836166,0.0010667282965106622,0.005693694778410484,False
Nhe3,3.271343,0.050640963,0.0010703796843287358,0.005710864568316654,False
Vmat,3.2674088,0.34711003,0.0010853680641306912,0.00578848284526843,False
Pi3K92E,3.2654707,0.23868923,0.0010928228949772893,0.005825876536672032,False
gzl,3.2646508,0.046857096,0.0010959910365920557,0.005840396679584836,False
ctrip,3.2627726,0.05779527,0.0011032799109438301,0.005876855010017378,False
Mkk4,3.2622023,0.05432526,0.0011055027513837913,0.005884588054951526,False
cact,3.262001,0.09643891,0.001106287383657712,0.005884588054951526,False
Aralar,3.2591486,0.36318046,0.0011174711672945605,0.005940408013518536,False
ringer,3.256804,0.059951965,0.0011267420345904204,0.005984849262955826,False
gek,3.2561538,0.22387056,0.0011293254214892853,0.005996147621733616,False
eEF1gamma,3.2498224,0.057614308,0.0011547709561449267,0.006124227505586066,False
pre-rRNA:CR45845,3.2496727,3.414838,0.0011553788709905996,0.006124579969216406,True
CG6923,3.2471652,0.52612776,0.0011656067023782526,0.006176305514497023,False
rn,3.2450728,0.2711035,0.001174205703322741,0.006219362010223353,False
Ack,3.2445023,0.26435834,0.0011765603118776818,0.006229322747133206,False
Dref,3.2393324,0.3795457,0.001198098447082232,0.0063408021317388685,False
Set2,3.2378047,0.18042885,0.0012045324257492045,0.006372286878732003,False
CG4101,3.235283,0.027478354,0.0012152224256589143,0.006421084799189301,False
CG10492,3.2284012,0.43447882,0.001244842787723592,0.006572309792477189,False
CG8578,3.2267497,0.31699875,0.0012520496468628726,0.006607704582098397,False
Utx,3.223134,0.1472181,0.0012679617859802067,0.006688994712792411,False
DCTN1-p150,3.2151663,0.23942159,0.0013036899838607828,0.006869202116244806,False
mRpL42,3.2149463,0.11546904,0.0013046898555961492,0.006869227695299298,False
CG3078,3.2148376,0.0895521,0.001305183902122748,0.006869227695299298,False
CG33298,3.2148201,0.08391584,0.001305263035930473,0.006869227695299298,False
CG33947,3.2128448,0.18026909,0.0013142726646748833,0.00691110727750806,False
CG13001,3.208961,0.23393714,0.0013321560712825753,0.007002345173089728,False
CG7148,3.2083557,0.46178535,0.0013349632552600039,0.007014295136893926,False
Adss,3.206908,0.057547677,0.0013416993290791149,0.00704687085668611,False
CG12024,3.2062101,0.07534474,0.0013449570761735828,0.00706115898441752,False
mew,3.2012181,0.61243546,0.0013684788596699307,0.007178914449070883,False
Pcyt2,3.1944337,0.6496113,0.001401054115285085,0.007343937825672637,False
Srpk79D,3.1899984,0.11316926,0.0014227361959173606,0.0074546157697567925,False
Tudor-SN,3.1813889,0.21539548,0.0014657077173552485,0.007676709889902479,False
Ankle2,3.180949,0.4836849,0.001467934405065076,0.007685309170103652,False
dpr3,3.1801922,0.13601625,0.0014717742730566594,0.007702343975403251,False
CG5149,3.1794975,0.06519563,0.0014753063827869708,0.0077146841130933475,False
CG12730,3.1716492,0.43320554,0.0015157600293499809,0.007923071816105052,False
CG12012,3.1701949,0.07631783,0.0015233671614231293,0.00795966913250948,False
snz,3.1699336,0.22893614,0.00152473855047687,0.007960504287571135,False
CG14650,3.1690412,0.39923832,0.001529427286927207,0.00798181254071105,False
KCNQ,3.167766,0.47526833,0.0015361511490677266,0.008013720623223104,False
Uros1,3.1662645,0.33227107,0.0015441029484364573,0.008052006684683923,False
CalpB,3.1650069,0.541548,0.0015507934308817363,0.008083687614128083,False
Ac13E,3.1637864,0.28044564,0.0015573098549480295,0.008114436480520244,False
CG15209,3.1622796,0.27683118,0.0015653915518521677,0.008150083352967248,False
CG6769,3.1611426,0.11632082,0.0015715157099141423,0.008178727898606632,False
Sec24AB,3.1544735,0.27735147,0.0016078799889417525,0.00836466782845747,False
Lar,3.1460464,0.099915944,0.0016549368426301578,0.008606064522755403,False
c11.1,3.1446283,0.30644757,0.0016629801535859624,0.008644470806278929,False
Zdhhc8,3.1438913,0.05407261,0.00166717282054494,0.008662838289751307,False
Plod,3.140833,0.7323225,0.0016846815261061835,0.008750355705360221,False
Tsp39D,3.1343765,0.028128652,0.0017221973591275217,0.008938149880053224,False
Kap-alpha1,3.130772,0.21599007,0.001743473554818308,0.009045000388419813,False
salr,3.1282938,0.46572548,0.0017582435966137118,0.00911442962646974,False
Paip2,3.12751,0.04384207,0.0017629372819862575,0.009135157264424846,False
Zif,3.1261158,0.14133213,0.0017713175714885163,0.0091749642124283,False
Stlk,3.125121,0.027920185,0.001777318886041734,0.009202422175521838,False
CG10713,3.1234238,0.416839,0.0017876006827058596,0.00925201282845124,False
TyrR,3.1208198,0.2583597,0.001803483543128626,0.009330542220572155,False
Pi4KIIalpha,3.1182315,0.26637062,0.0018193981089004371,0.009405472285232355,False
CG42232,3.117972,0.10414687,0.0018210009444860969,0.009410056394609437,False
MCTS1,3.1140053,0.09085932,0.0018456617637476259,0.009529996556938133,False
Creld,3.11136,0.27643374,0.0018622764481648695,0.00960823510221223,False
CtBP,3.1061602,0.08890632,0.0018953410109461553,0.00976732400974252,False
March5,3.0996847,0.09581658,0.0019372672423311039,0.009975559886940844,False
AANATL7,3.099132,1.0317605,0.0019408849789334516,0.009990273994580684,True
CG15908,3.0973582,0.060686294,0.001952537091240588,0.010046315550506096,False
Gycbeta100B,3.095985,0.05217236,0.00196160355385393,0.010085067410482979,False
Rep,3.0934584,1.1511481,0.0019783821496271105,0.010167352298885357,True
lncRNA:CR42861,3.0926905,0.16486633,0.0019835095961010913,0.010189718374653808,False
CG30096,3.0924084,0.7209375,0.001985394783683868,0.010195417292844747,False
Parg,3.0920503,0.8696452,0.0019877917827748927,0.0102037389911894,False
CG5196,3.0912,0.5077749,0.001993492058981069,0.010225011376686272,False
Sik3,3.0898848,0.19027591,0.0020023417589162132,0.010266396041325775,False
trol,3.0888803,0.37742686,0.0020091236422733368,0.010297150461432885,False
S6k,3.0854797,0.069490016,0.0020322401205305155,0.010407508738850936,False
mld,3.084017,0.27562323,0.0020422588573157084,0.010450684787331542,False
Nprl3,3.0840166,0.5882495,0.002042261512355787,0.010450684787331542,False
CG3847,3.0837355,0.3084427,0.0020441925647722296,0.010456494547945453,False
CG31323,3.075234,0.22514577,0.002103375353856017,0.01074005470678815,False
CLS,3.075186,0.6338424,0.002103713630261981,0.01074005470678815,False
Grasp65,3.0733912,0.92638814,0.0021164076372426665,0.010800665149905195,False
dbr,3.0721934,0.4182482,0.002124919387502007,0.010839893505886596,False
Cul3,3.069242,0.1063323,0.002146026454614675,0.010939074336730583,False
cpb,3.0681884,0.21220507,0.002153607376829537,0.010973460464876674,False
EDTP,3.066559,0.32570744,0.002165380565664941,0.01102489965649089,False
Sulf1,3.0622458,0.64354366,0.0021968300983998827,0.01117636249441458,False
Bicra,3.0604727,0.060191896,0.0022098783288125342,0.011236368596411143,False
Stam,3.0555074,0.2250692,0.002246800273199686,0.011412911631278343,False
DENR,3.0543804,0.08200105,0.0022552592290140685,0.011451453449951266,False
asRNA:CR45621,3.0496354,0.7405772,0.0022911925692661625,0.011624927240434997,False
Sec71,3.0446062,0.92499167,0.002329850644321038,0.011816506104601604,False
elm,3.0426528,0.040723324,0.002345027732850829,0.011884307534667467,False
CG32432,3.0423522,0.037224203,0.002347370456454955,0.01189159412809351,False
side,3.040654,0.0679997,0.002360650033420554,0.011954258993903469,False
Grip163,3.0371997,0.42266846,0.002387872271262785,0.012087453588853719,False
poe,3.035222,0.0968671,0.002403586068556731,0.012157630687799847,False
Gk1,3.0345016,0.4246608,0.0024093351198825044,0.012182021089025006,False
PCNA2,3.0314994,0.8526461,0.0024334236753589173,0.012299084814573666,False
beta'COP,3.0237637,0.32577184,0.002496513909995777,0.012608258759129328,False
mon2,3.0199084,0.19000739,0.002528512069561358,0.012764954708454016,False
CG12096,3.0197506,0.6110022,0.002529829741885718,0.012766702241981653,False
asRNA:CR44291,3.0171561,0.71706736,0.002551584070012498,0.012866602557188885,False
CG32700,3.0050304,0.064363316,0.002655542807651736,0.013375426613779788,False
Elk,3.0045872,0.2541528,0.002659415226938471,0.013389799041072202,False
Pten,3.003224,0.065396644,0.0026713588400323965,0.013444782273790014,False
l(2)05714,3.002984,0.30522758,0.002673464623056583,0.013450229177483368,False
CtsL1,3.000759,0.031742293,0.0026930767220301795,0.013538531447665871,False
Atg13,3.0006313,0.1498727,0.0026942056760258,0.013539027452640549,False
CG31706,2.9954777,0.42129284,0.002740154366017862,0.013764666866911591,False
babo,2.9899325,0.03258569,0.002790391369506804,0.01400096715795682,False
SP2353,2.9878156,0.04213198,0.002809789642947602,0.014092918205333755,False
Su(z)12,2.9844472,0.3555296,0.0028409114846519117,0.014243577954906819,False
cdi,2.978925,0.040919486,0.002892615920788148,0.014486229350258022,False
Treh,2.9758961,0.22050235,0.0029213374246173924,0.014624493370246535,False
CG4853,2.9688194,0.24206409,0.002989461981101212,0.014959832404284473,False
EMC1,2.9661539,0.17808665,0.003015496282026599,0.015084368725584902,False
Cdk5alpha,2.9559991,0.023728402,0.003116579344791464,0.015584082636950011,False
CG17778,2.9529514,0.07762629,0.003147514972952303,0.015732785948865048,False
DppIII,2.9520233,0.26610968,0.003156992450254243,0.015774158855053615,False
pds5,2.949274,0.10483117,0.0031852143866686823,0.01590307836444269,False
CG16974,2.948481,0.066035606,0.003193396416895971,0.015937874027508528,False
CG9919,2.9465213,0.03980557,0.0032137022488810743,0.01603312879747388,False
CG32547,2.9449422,0.26765636,0.0032301502630445534,0.016109071956989934,False
Megf8,2.9423628,0.29308027,0.0032571807890632728,0.016237713485994107,False
r2d2,2.9402719,0.21717496,0.0032792432306439404,0.01634149992183998,False
CG15765,2.94006,0.07668255,0.0032814872573361394,0.01634648371821615,False
Lamtor1,2.9396868,0.10059282,0.003285442274545521,0.01635998367934926,False
CG9098,2.9393778,0.39095247,0.0032887202323505045,0.01637010324746893,False
RN-tre,2.937643,0.068482496,0.003307175643126974,0.016455734618073294,False
mir-990,2.9367852,2.0431685,0.0033163373499922755,0.016495075365726152,True
CG9986,2.9349809,0.65356696,0.003335682156725256,0.01658362155761717,False
CG3618,2.9348896,0.06977287,0.003336663526241519,0.01658362155761717,False
Patr-1,2.9286861,0.3027517,0.003403978653587947,0.01691178959803373,False
CG10737,2.9254394,0.18020134,0.003439702956418949,0.01707636439376706,False
Hel89B,2.9215755,0.105045035,0.0034826591739493683,0.017276566328753736,False
sol,2.9212673,0.04308603,0.0034861071518283732,0.017287144936670436,False
emei,2.9205594,0.11881442,0.00349403584836819,0.017313395581978273,False
Cul4,2.9149218,0.4904638,0.0035577763959142167,0.01761689188388031,False
Naprt,2.9149053,0.16675581,0.00355796598887591,0.01761689188388031,False
CG17270,2.9098463,0.026579378,0.003616066002879623,0.017891085596325726,False
CG30020,2.9094672,0.53729665,0.003620453618575779,0.017906052315282014,False
SoxN,2.906795,0.081391424,0.0036515239566032496,0.018052925625930513,False
CG2698,2.9065917,0.105398804,0.003653899325506589,0.018057875530831925,False
Girdin,2.9055085,0.19330797,0.0036665675387679794,0.018113670686823312,False
Spec2,2.9048948,0.97409815,0.0036737654207793955,0.01814240939288314,False
CAH7,2.904479,0.31310496,0.0036786484092046004,0.018159699002763957,False
P58IPK,2.9040713,0.6164112,0.0036834417375615908,0.018176533185616548,False
CG7065,2.9036126,0.11470591,0.0036888421583688765,0.0181963494005726,False
Meltrin,2.8965359,0.103861846,0.0037730743239861833,0.018590914769967166,False
Capr,2.889939,0.09587795,0.0038531637152540987,0.01896420388844723,False
DIP-epsilon,2.8888755,0.6307298,0.0038662204431967953,0.019021341386764916,False
Cdc27,2.8880188,0.12125656,0.003876766254486948,0.019066087331666533,False
CG12054,2.8867385,0.06936934,0.0038925741638743527,0.019136669318171668,False
MFS18,2.886107,0.2696062,0.003900394599434754,0.019167945187424124,False
Xpc,2.8829548,0.09085082,0.0039396387055466945,0.019353567188631446,False
Elp6,2.8819582,0.08645837,0.003952121961082549,0.019407636281982724,False
wkd,2.8790412,0.08123908,0.003988862862093644,0.019573430496927773,False
CG10395,2.8781822,0.018707085,0.003999741434754084,0.01961216499779978,False
CG8500,2.8778167,0.050173894,0.004004378256799942,0.01962757727437823,False
CG15236,2.8776777,0.05946967,0.004006141037278076,0.019628896111435944,False
Dlip2,2.877187,0.5238235,0.004012377795182026,0.019652126949864707,False
CG13921,2.8741856,0.09457222,0.004050708028606624,0.01981979181228275,False
lili,2.8741524,0.54593784,0.004051134678319113,0.01981979181228275,False
Sox102F,2.873641,0.23422195,0.0040576983123315,0.01984451563913221,False
Pdzd8,2.8707833,0.075856015,0.004094562234519689,0.02001735205499376,False
CG4911,2.863762,0.022391248,0.0041864271990677765,0.020451241569869757,False
slmb,2.862046,0.028337466,0.004209157167751626,0.02054700384153942,False
CycY,2.8617475,0.09674006,0.004213124296009669,0.02055873240767288,False
Eato,2.856308,0.52390313,0.004285992122562075,0.020898783852537375,False
CG7120,2.8435647,0.32305038,0.0044611959590848465,0.02172890144489769,False
CG5973,2.8424914,0.39831254,0.004476244586135764,0.02179412008388665,False
CG1504,2.8417065,0.32862157,0.004487276802156518,0.02183974239153289,False
Rilpl,2.8377054,0.04464119,0.0045439092800333225,0.02208265970744005,False
fred,2.8345003,0.04722265,0.004589741670250118,0.02229715167791379,False
CG9467,2.829846,0.41704905,0.004657042991450977,0.02260738897327569,False
wtrw,2.8284438,1.1579396,0.004677490565956134,0.022689886868670933,True
CG11444,2.8281488,0.023940608,0.004681804768789139,0.022702434120538035,False
Syt14,2.8269346,0.09459588,0.004699591422961044,0.02277855439463277,False
Mvl,2.8260171,0.40041015,0.0047130725444934525,0.022820370783783513,False
Sema1b,2.8235338,0.29901677,0.0047497417396374555,0.022980985346309206,False
CG15160,2.8219125,0.1785191,0.0047738206299340275,0.02308898671253701,False
tadr,2.8208702,0.23298909,0.004789359022230023,0.02315561696509372,False
Bruce,2.8195648,0.050346427,0.004808882590752047,0.023241458670493802,False
Taf11,2.816564,0.27664214,0.004854034078144397,0.02345105214003512,False
dpr16,2.8160543,0.21397342,0.004861742829208632,0.023479662814638234,False
cos,2.8158689,0.28723297,0.004864553015277567,0.023484603664130237,False
Acbp8,2.815245,0.108598486,0.004874007181056922,0.023512969297455583,False
ITP,2.8139462,1.0185412,0.004893742537765282,0.02359951217936645,True
Tusp,2.8116868,0.09540686,0.004928248992490704,0.023739780062434143,False
HDAC1,2.810327,0.1793783,0.004949116639110046,0.023822835807525682,False
Roc2,2.8064835,0.022021813,0.00500854904840599,0.024100088994911433,False
Tehao,2.8059094,1.1788654,0.005017479007272809,0.02413422094969692,True
CG7519,2.8028338,0.2214746,0.005065575812609152,0.024338841591772162,False
CG31301,2.8023555,0.21706946,0.005073095018833617,0.024366060541846694,False
Rlip,2.801047,0.033319168,0.005093710418361591,0.02445613759871745,False
Sidpn,2.7993312,0.38744152,0.0051208573527481566,0.024568523721235313,False
Rab30,2.7979946,0.15970711,0.005142097540786323,0.024657446359904127,False
CG7523,2.7979288,0.33628222,0.005143144393310799,0.024657446359904127,False
Usp7,2.7959075,0.044852804,0.005175419988650033,0.024803134234445693,False
sdk,2.7956967,0.32431012,0.005178796406677683,0.024810267437167858,False
aux,2.7928777,0.15482514,0.0052241453971882245,0.02501840184564521,False
egl,2.7882724,0.40451157,0.005298997775401402,0.025349155357317008,False
CG13192,2.7871668,1.4147191,0.005317107911541033,0.025421289347095026,True
PhLP3,2.7858028,0.119804405,0.005339534314208057,0.025515207426548392,False
Pal1,2.7832773,0.12040874,0.00538128087161079,0.02570534784945016,False
CAH3,2.7825608,0.23872451,0.005393174309755783,0.02575279927489126,False
CG17068,2.779388,1.2170825,0.005446145872427348,0.02599629600783428,True
trbd,2.7763834,0.4438979,0.005496734700717808,0.026228246442313988,False
28SrRNA-Psi:CR45848,2.7751112,1.4093602,0.0055182817112509105,0.026321502710543815,True
RhoGAP68F,2.774916,0.0654613,0.005521596826974902,0.026327759036022202,False
Rab10,2.771486,0.089630075,0.005580105224273841,0.026558552246353694,False
m-cup,2.7709606,0.3356565,0.005589120763520335,0.02659183054070265,False
Su(H),2.7692146,0.18501522,0.005619160821602521,0.02672400598021341,False
Nrx-IV,2.7691097,0.081915095,0.0056209689163161,0.02672400598021341,False
Gnpda,2.761931,0.40514785,0.005746062880424417,0.02726941578608063,False
Rh2,2.7584238,1.1189876,0.005808085888929214,0.02754937626220273,True
Dcp-1,2.7583582,0.31175205,0.005809247517126837,0.02754937626220273,False
CG13339,2.7511992,0.15967952,0.005937751750799919,0.028120388006779382,False
Nct,2.7511737,0.9620674,0.005938214498045262,0.028120388006779382,False
Uba1,2.7472878,0.01644358,0.0060090374451570215,0.028435275861292193,False
alpha4GT1,2.745364,0.09496111,0.0060443808588665415,0.028592227813666386,False
Kat60,2.743801,0.30421954,0.006073232471555958,0.028718369164705593,False
ome,2.7430658,0.2881172,0.006086847937863935,0.028772398831464017,False
Bx,2.7370167,0.046518896,0.006199913546698854,0.029275265511020353,False
mthl8,2.7363632,0.07766838,0.006212243512081514,0.029322949709864647,False
Papst2,2.7329645,0.3773643,0.006276708553589605,0.029605968091428934,False
Klp68D,2.730081,0.048382815,0.006331872982367848,0.02982334869580498,False
dsh,2.728338,0.4799168,0.006365434489759,0.029959947933353517,False
Cyp28d1,2.724456,0.6707228,0.006440751178803622,0.03029273845406528,False
Pi3K21B,2.7220724,0.03943203,0.00648739409607369,0.030501197072094585,False
CG42404,2.7194152,0.044557538,0.00653974569062803,0.030725347915817998,False
hpo,2.7098932,0.41805506,0.006730485150982943,0.031565062587104516,False
Arms,2.7082992,0.2985814,0.006762905226091123,0.03169448558347484,False
Gyc88E,2.707449,0.51370186,0.0067802501001762785,0.03176444440870462,False
CG5674,2.7053986,0.14960939,0.006822245977690696,0.03194979842937756,False
CG10494,2.7044325,0.38910773,0.006842116676945025,0.032020033921557896,False
Ptpmeg,2.7035418,0.0688696,0.006860482276886173,0.03209455236759032,False
Mtl,2.7027678,0.19588989,0.0068764754826545664,0.032157923244684576,False
Reps,2.702541,0.15539826,0.00688116548711237,0.03216840827682094,False
Phf5a,2.6983914,0.5571128,0.006967543685253098,0.03254905494771097,False
PGAP2,2.697511,0.15586449,0.006986000402629841,0.032623678497142414,False
Ufm1,2.696262,0.08225979,0.007012249049855883,0.03272299885090773,False
CG2818,2.6939101,0.28345713,0.007061922274605156,0.032943102808159874,False
mop,2.6894343,0.23296882,0.007157322771285815,0.03337628762862559,False
KaiR1D,2.6835623,0.2302165,0.007284238396173756,0.033932001688805155,False
Vha100-1,2.6787062,0.03547627,0.007390723390243327,0.03439146461444319,False
CG3634,2.6758876,0.96125823,0.0074531614112651745,0.03465958403291392,False
sowah,2.6758673,0.19845104,0.007453617264821151,0.03465958403291392,False
puf,2.6756215,0.06264911,0.00745908085133336,0.03467272071714598,False
pkaap,2.6700637,0.23967917,0.007583685564729794,0.035227010253133344,False
CG6428,2.6672,0.19404368,0.007648612604177897,0.03551604884505362,False
CG8516,2.661373,0.3882298,0.0077822697086742535,0.036111160396076404,False
Fas3,2.6609712,0.055068202,0.007791563812112755,0.03614152490468539,False
18SrRNA-Psi:CR41602,2.6571982,0.8654734,0.007879310817296294,0.03650988132936904,False
Fbxl4,2.654996,0.47402647,0.00793093696120249,0.036736144732873434,False
Cda5,2.6541984,0.34022233,0.00794970721337545,0.03681011363318069,False
Dh44-R2,2.6532829,0.52400684,0.007971302899635735,0.036897108631248045,False
Upf1,2.6529956,0.174244,0.007978092599122284,0.036906725953827824,False
CG7483,2.6529572,0.20693377,0.00797899767406018,0.036906725953827824,False
p24-1,2.645477,0.027747195,0.008157580669969357,0.037692956253188234,False
mod(mdg4),2.641792,0.019221492,0.008246869483145342,0.03807874626774875,False
chm,2.6414795,0.22235332,0.008254481490890395,0.038100506242286857,False
CG6282,2.6377897,0.06554784,0.008344832423598614,0.03849050294085973,False
CG31342,2.6356256,0.23266988,0.008398231881548398,0.03870963351646001,False
gogo,2.635114,0.24273323,0.008410903372162678,0.038754446428327406,False
CG12239,2.632564,0.66564643,0.008474305405042383,0.03903289426136066,False
Cs1,2.6306758,0.055716418,0.008521528542143008,0.039236652618185444,False
mats,2.6294475,0.12097355,0.008552375886422362,0.03936489370349431,False
Uhg4,2.624549,0.20363939,0.008676381670009224,0.039921684707840056,False
Dolk,2.618546,0.7003606,0.008830541057899752,0.04057417483981141,False
Gcn5,2.6181962,0.5216994,0.00883959481945559,0.040601578302155154,False
CG4645,2.6171122,0.079624236,0.008867720232833595,0.04071653095026774,False
rictor,2.6167529,0.38257128,0.008877059477953609,0.0407451758993323,False
CG33267,2.609938,0.85228723,0.009055864974918107,0.04149341758556445,False
CG13390,2.6087418,0.6480203,0.009087582028527096,0.041607457596594136,False
CG4829,2.6086411,0.7122393,0.0090902527022161,0.041607457596594136,False
AhcyL1,2.606662,0.027167909,0.009142956406381294,0.04183411912822304,False
CG32163,2.606209,0.31795174,0.009155055672254934,0.04187489961333174,False
robl,2.604151,0.020563144,0.009210214698551072,0.04211253700544873,False
Ppa,2.6039712,0.09225356,0.009215049087002918,0.042119986105149686,False
Hip1,2.6038146,0.20679134,0.009219261528481858,0.042124588228713525,False
CG34347,2.6009142,0.36154935,0.00929757042643601,0.042467630508792355,False
CG5466,2.5991733,0.055154666,0.009344856993825331,0.04266878587764374,False
Kul,2.5970125,0.035551455,0.009403851243659427,0.04292324042824888,False
lncRNA:alphagamma-element:CR32865,2.5932627,0.29613444,0.00950701151866303,0.04337904109956628,False
Mekk1,2.5914364,0.31538913,0.009557620794555988,0.0435796998130674,False
CG7565,2.5899646,0.1519193,0.00959857651785023,0.043751033963476404,False
CG9044,2.589847,0.16719937,0.00960185541059782,0.043751033963476404,False
lncRNA:CR45054,2.5842874,0.036593016,0.009758046348739679,0.044431908201243285,False
Ankrd49,2.5838213,0.18562911,0.009771241521499678,0.04447657943679504,False
MCU,2.5832396,0.10007604,0.009787733157580612,0.044536219329559146,False
Sox21b,2.5823538,0.2879941,0.009812891066608416,0.04463523762765704,False
Cmtr1,2.579839,0.169651,0.009884636310668512,0.04494602275380447,False
nsl1,2.5786061,0.014047251,0.009919984223219536,0.04507555763393082,False
Flacc,2.577938,0.04603744,0.009939179844478953,0.045147169836259216,False
wake,2.574566,0.065836,0.010036597732008497,0.04557392218255828,False
Aps,2.5740368,0.05445598,0.010051959411081165,0.04562184308373956,False
DCTN2-p50,2.5733824,0.13937517,0.010070988345844205,0.045682726217721334,False
CG8924,2.5721226,0.21023788,0.010107708251046501,0.045833469332988985,False
CG6654,2.5716898,0.071715765,0.010120351512758164,0.04586980783096887,False
NPFR,2.5716095,0.67443985,0.010122703196850295,0.04586980783096887,False
CG7059,2.5714152,0.51972467,0.010128380900368147,0.045879715067817246,False
CG14312,2.570825,-0.0050791637,0.010145657629126925,0.045942138836787355,False
drl,2.5656588,0.11087682,0.01029800346454883,0.0465678126385534,False
CG7492,2.5581748,0.05698407,0.010522315031864144,0.04750042660038705,False
Leash,2.5552197,0.2916704,0.010612082246757477,0.04787276786977,False
tamo,2.5550854,0.116595976,0.01061617495583317,0.04787479584578026,False
CG15099,2.5527048,0.24866664,0.010689004063709002,0.048170165432510285,False
Tpc1,2.551777,0.17724447,0.010717510364828129,0.048282071890369024,False
CG1998,2.5472085,0.019072853,0.01085885540629876,0.04888530965884619,False
Nsun5,2.5465827,0.39061648,0.010878345225564584,0.04892277022900212,False
CG10347,2.546417,1.29946,0.010883505949653047,0.048929234240297874,True
CG8230,2.5436041,0.3083494,0.010971535356775166,0.04930812110922793,False
CG14711,2.542724,0.8096133,0.010999212805525406,0.04939758678224791,False
epsilonCOP,2.539251,0.026133575,0.011109008627718464,0.04985774671340448,False
Trc8,2.536194,0.06521907,0.011206463857808232,0.050260799165685315,False
ph-d,2.534087,0.2889232,0.011274078249425081,0.050546797091673486,False
rush,2.5298367,0.88144547,0.011411564436530566,0.051145759979689,False
CG7841,2.5287814,0.07817515,0.011445924897968347,0.05128227040034165,False
krz,2.5277917,0.029200193,0.011478240166411469,0.051409527616500715,False
Octalpha2R,2.5264497,0.055468798,0.011522188958721657,0.05158878538554047,False
beta4GalNAcTA,2.524978,0.17190434,0.011570552245214777,0.05178767951443031,False
mle,2.5237725,0.023122445,0.01161030487063229,0.051934800792188464,False
dnr1,2.5237415,0.66842,0.011611326742823964,0.051934800792188464,False
Usp1,2.5231915,0.046855744,0.01162950384154548,0.05199840421291227,False
ATPsynG,2.521602,0.067040265,0.011682183043783477,0.05221617938039411,False
DIP-lambda,2.520754,0.42553648,0.011710365086883237,0.052312599360326,False
CTCF,2.5207136,0.33878428,0.011711716560237355,0.052312599360326,False
CG34393,2.520409,0.21717425,0.011721850580433433,0.05234007423631524,False
CG3065,2.5153909,0.33897722,0.011890051588170053,0.053055065507688515,False
CG30158,2.5132976,0.105072856,0.011960840059131646,0.053352817113730126,False
Syx18,2.51217,0.09192907,0.011999122608614488,0.053505419138039696,False
CG17163,2.511224,0.040101476,0.012031329576024694,0.053630835128405864,False
Muc68D,2.5053096,4.667567,0.012234425014306279,0.05449917936033858,False
CG13933,2.5020032,0.15253489,0.012349284431620084,0.05499218797557422,False
Hcs,2.4976344,0.24475858,0.012502501710286032,0.055636767685360224,False
Zn72D,2.4972706,0.02329885,0.012515342066312262,0.05567505419546697,False
CG5273,2.4963942,0.09209663,0.012546310553955537,0.05579393129933324,False
asRNA:CR44018,2.4927225,0.39910528,0.012676786214500536,0.05634149367758577,False
Ae2,2.487956,0.03783098,0.012847963270929363,0.05705815658779411,False
Arpc1,2.48743,0.0023710504,0.012866978046402584,0.05712329679316769,False
cpa,2.4852467,0.19191007,0.012946169776006202,0.0574360624667446,False
Fit1,2.4847803,0.19229566,0.012963144119781613,0.057491959796844475,False
atl,2.4832077,0.049960982,0.013020517884308988,0.05772693168613509,False
ey,2.4824808,0.34041944,0.013047107529074642,0.05780581255548546,False
CG9727,2.4817626,0.35034844,0.01307343302684295,0.057902926661861545,False
dj-1beta,2.4813108,-0.0055989493,0.01309001506958108,0.057937314930739295,False
GCC185,2.4771087,0.27807158,0.013245158439604523,0.05858452610395255,False
S6KL,2.4764674,0.082809284,0.013268975747203739,0.058670124594214106,False
Dh31-R,2.4760303,0.42059305,0.013285229978944869,0.05872223584033452,False
fry,2.4729407,0.06374383,0.013400634421416221,0.0592124199501784,False
CG10874,2.4711316,0.15152124,0.013468629124621347,0.05949285893332744,False
CG42458,2.4675999,0.2057114,0.013602226979865096,0.06006279057204544,False
ACC,2.4662971,0.10821396,0.013651799746924875,0.06026143784828344,False
CG43689,2.4649649,0.3841086,0.013702670892317559,0.0604656810597532,False
CYLD,2.4612615,0.14774808,0.013844942079587528,0.06105247780800661,False
CG11367,2.4609501,0.1968185,0.013856962487688819,0.06108464798736614,False
ergic53,2.4608319,0.07167023,0.013861534152524604,0.06108464798736614,False
RhoBTB,2.4591806,0.08130207,0.013925452384509365,0.06133754729177979,False
MED20,2.458071,0.8351255,0.013968554973059422,0.061473804722362316,False
Ent1,2.4569118,0.48465538,0.014013706303409102,0.061651862917006695,False
CG5191,2.455226,0.15442333,0.014079606789304897,0.06192105516005879,False
CG17364,2.4529915,0.022524176,0.014167366318800327,0.06228616955348113,False
CG7083,2.4482706,0.18999015,0.0143543788542428,0.06306616266252245,False
Pof,2.4469862,0.2975726,0.014405636440598116,0.06327021004876332,False
CG4502,2.446579,0.019461412,0.01442192251848381,0.06332057594901294,False
mTor,2.4408529,0.45136344,0.014652627085785908,0.06429054174768367,False
Acbp2,2.4404933,0.396667,0.014667211458813447,0.06433305266364069,False
CG12081,2.4391153,0.1387471,0.014723265722092874,0.06455736898699448,False
tsr,2.4362485,0.016444454,0.014840478972078177,0.06504961113144742,False
Pka-C3,2.4355054,0.16163969,0.014871007386644675,0.06516168991927232,False
CG10019,2.4345496,0.2936645,0.014910337229158199,0.06531224717612263,False
beat-VII,2.4343383,0.041494273,0.014919040028203013,0.06532859213949209,False
CG12236,2.4341218,0.09567763,0.014927970624590923,0.06533226086310932,False
cer,2.434077,0.31345615,0.014929821122587117,0.06533226086310932,False
Kr-h2,2.4314816,0.11449868,0.015037207406492656,0.06578027381115845,False
rump,2.429604,0.00078450394,0.015115330082770027,0.06610001751004357,False
Cdk5,2.42913,0.079177074,0.015135098163015203,0.06614293655898981,False
asRNA:CR42254,2.4291275,0.62935966,0.015135211188865563,0.06614293655898981,False
Sou,2.4289584,0.42864737,0.01514226870310228,0.06615177959689729,False
CG15891,2.4231572,0.005992241,0.015386264701381226,0.06717305795377099,False
CG15522,2.419593,0.10181322,0.015537879937611087,0.06778993368530788,False
CG14104,2.4148505,0.70464957,0.015741665555275182,0.06863345290705745,False
Dif,2.413159,0.45864967,0.015814925123360128,0.06892999371345786,False
mahj,2.412784,0.71563965,0.01583119529512548,0.06897802963303844,False
boca,2.4126627,0.027485173,0.015836470726675055,0.06897814445450344,False
ced-6,2.4116838,1.0128769,0.01587904987822345,0.06911778550835852,False
Suv3,2.411224,0.10220634,0.015899087222789758,0.06918208781280802,False
MESR6,2.4110699,0.65437317,0.015905799389894275,0.0691883845688847,False
CG11807,2.4101555,0.15629058,0.015945719017552273,0.06933907796480954,False
PolrMT,2.4078608,0.23691548,0.016046294697622487,0.06975334390388922,False
mts,2.4039383,0.066750236,0.016219512832859426,0.07048300864305744,False
phtf,2.4034379,0.037859514,0.016241731215315542,0.07055622806626828,False
Vps4,2.4019308,0.0056097144,0.01630878832098678,0.07082412006810551,False
vers,2.4009285,0.13592854,0.01635353590884791,0.07099498360692777,False
Rcd1,2.39804,0.07100602,0.016483065119777388,0.07148645502937118,False
CG30172,2.3971295,0.071209215,0.01652408060002768,0.07156985602009353,False
Taf1,2.3959455,0.16163416,0.016577548714386752,0.07173051289290626,False
Sfmbt,2.3936064,0.32345584,0.016683639195245403,0.07216580074546407,False
Urm1,2.3932917,0.3562959,0.01669796332800227,0.07219843229478606,False
CG30015,2.3931327,0.05733957,0.016705199884899737,0.07219843229478606,False
vir-1,2.3930786,0.3486886,0.016707665520770444,0.07219843229478606,False
pasi1,2.3907409,0.749758,0.016814415653394196,0.07263584355728242,False
Nol9,2.3899379,0.40840426,0.016851220208601515,0.07276470983680926,False
lncRNA:CR44023,2.3897278,0.63309324,0.016860858492739075,0.07276470983680926,False
PolE4,2.3890333,0.20868485,0.01689277208470792,0.07287850228665357,False
CG32944,2.3887022,0.045562126,0.016908001219165615,0.07292026387300798,False
yata,2.3865876,0.22186516,0.01700554939916283,0.07329285820085234,False
Rm62,2.385821,0.08167358,0.017041036188379655,0.07342172345950723,False
CG43373,2.3843641,0.19151682,0.017108661718809908,0.07368892941556245,False
Trax,2.3840227,0.69014233,0.017124547438147515,0.07373318410376688,False
GluClalpha,2.3818808,0.08585056,0.017224474912863188,0.07411487388013593,False
CG12502,2.381063,0.030285241,0.017262754528508378,0.07420669193952521,False
Lam,2.3801143,0.0320891,0.01730726615173076,0.0743737032373754,False
mRpL43,2.3760293,0.0046618683,0.01750007376272119,0.07517279073112404,False
Dh44,2.3759327,0.42712992,0.017504660196122027,0.07517279073112404,False
CG17187,2.373794,0.7811774,0.017606363481124793,0.07555503964304931,False
lncRNA:CR45347,2.3736987,0.15595138,0.01761091898840728,0.07555503964304931,False
DCTN3-p24,2.3677206,0.03261762,0.017898042305615675,0.07673676148061846,False
CG8841,2.3660192,0.62407047,0.017980507869150727,0.07706518392319299,False
Rfk,2.3608563,0.18492475,0.018232794848768902,0.0780701065844484,False
CG6340,2.3591542,0.0032510776,0.01831664739314271,0.07839809044154354,False
pdm3,2.3590593,0.07401167,0.018321325298377614,0.07839809044154354,False
Nop17l,2.3585653,0.08820395,0.018345724622166965,0.0784738081255228,False
CG14478,2.3584595,0.024064483,0.018350963577332895,0.0784738081255228,False
asRNA:CR43259,2.356485,1.1950364,0.018448812361977405,0.07884092463373824,False
CG13893,2.3563566,0.044090066,0.018455191672039784,0.07884254673676035,False
CG2218,2.3547635,0.13671723,0.01853449809257232,0.07915561892573704,False
Alh,2.3544347,0.020414045,0.01855090089752316,0.07919993134969196,False
CG34408,2.3534856,0.13708231,0.018598328056266506,0.07937662519889516,False
fz4,2.3474114,0.8693763,0.018904369888180683,0.0806565989287605,False
sov,2.3465996,0.01696313,0.018945604731504365,0.08080629398789317,False
Iml1,2.3308716,0.15268108,0.019760135046322423,0.08411659690434822,False
Duba,2.3296342,0.04856986,0.01982549037915668,0.08434016480171509,False
Proc,2.327184,0.117085695,0.01995547109302604,0.08483819011111458,False
CG14408,2.3260396,0.017865203,0.020016437930263253,0.08506986120361883,False
Vps16A,2.3244612,0.30003405,0.020100789005845224,0.08537313132702395,False
wcy,2.3236783,0.010291753,0.020142738460893185,0.08552365948775359,False
prim,2.322211,0.038917013,0.020221578821577556,0.08583067419068174,False
CG32202,2.3205557,0.2857143,0.020310841468245435,0.08618171383087286,False
tub,2.3192134,0.054315556,0.02038346307836808,0.08646193941666719,False
CG9121,2.3190515,0.003690237,0.020392247393016746,0.08647128847745501,False
CG10283,2.3185685,0.14158922,0.02041845221280182,0.08655447758981571,False
CG7766,2.318253,0.03104043,0.020435567266340438,0.08659909366236043,False
CG31937,2.3143635,0.4603562,0.020647797017481533,0.08747024519881523,False
Mp,2.3107448,0.03433228,0.020846956671639258,0.08828548424815065,False
lov,2.3094351,0.42847902,0.020919445431880887,0.08856392797047254,False
CG7745,2.3048086,0.29639968,0.021177294100277484,0.08954016144522085,False
Cdc7,2.30402,0.25478244,0.021221521155485052,0.08969829832879675,False
CG4887,2.2992952,-6.116827e-05,0.02148818169581173,0.09079620439378197,False
scrib,2.299149,0.02834814,0.021496479305840702,0.09080206832467139,False
lncRNA:CR45332,2.2963483,0.030450746,0.021655968458866314,0.09144636295564339,False
Sar1,2.2956336,-0.0014727338,0.02169683682903073,0.09156009401743508,False
dos,2.2944424,0.19735052,0.021765099961567672,0.09181867691652032,False
ssh,2.2920399,0.18538706,0.02190334756895699,0.09237223697165077,False
mlt,2.2893827,0.02774997,0.02205712805186754,0.09296110318460274,False
Rme-8,2.2890432,0.31093046,0.022076849036726014,0.09301438704444262,False
Glys,2.2871869,0.23578538,0.022184911857323058,0.09343972010162895,False
lncRNA:CR44816,2.2822711,0.9628852,0.022473338180772205,0.09459389398895822,False
CG13124,2.279795,0.38049817,0.022619848422194933,0.09518009225618432,False
Mitofilin,2.2759652,0.018741086,0.02284809126266525,0.09610972064106404,False
TBPH,2.274116,-0.018161343,0.02295900858844165,0.09654538619542775,False
CG31248,2.273254,0.34788865,0.023010880174455284,0.0967325580206388,False
lncRNA:CR44366,2.2706165,0.85741574,0.023170199236046993,0.09730891280309797,False
bdwf,2.2669964,0.23115844,0.023390445405311617,0.09817114119169593,False
Baldspot,2.2667303,0.011400081,0.023406705901110197,0.09817667483130836,False
Myb,2.2658558,0.04235776,0.023460212498549435,0.09836970403428147,False
CG9705,2.2653654,0.061425064,0.023490266173509286,0.09846430232411021,False
pins,2.259341,0.17690736,0.02386217777503605,0.09992762209743428,False
Pex3,2.2561467,0.27672487,0.024061443907317164,0.10066584985229382,False
CG32532,2.2551072,0.8276862,0.02412660815721684,0.10087597197647716,False
CG31111,2.2547736,1.0501201,0.024147537700171792,0.10092964151334527,False
Tmem18,2.2534547,0.12658405,0.024230487602103133,0.1012441454941931,False
CG11178,2.2507164,0.26457372,0.024403501182252853,0.10190225898823792,False
Kdm3,2.2481196,0.43462718,0.024568558856442928,0.10246126053078912,False
Cyp40,2.2475793,0.09407896,0.024603024160271436,0.10257244304889815,False
CG15643,2.2453072,0.4556357,0.02474842481791464,0.10308052314808758,False
CG1738,2.241758,0.42260036,0.024977011160620552,0.1039972171577583,False
CG4074,2.2416449,0.20118575,0.02498434019991195,0.1039972171577583,False
CG34242,2.2407448,0.31797788,0.025042613429406356,0.10417378381634344,False
Raf,2.2341182,0.21964273,0.025475295708745727,0.10587313754226046,False
Rubicon,2.2270482,0.60617393,0.025944062333666085,0.10775313626002087,False
CG34163,2.222391,0.8625304,0.026256896236027394,0.10898353551409855,False
skl,2.2216432,0.24082398,0.02630741945275534,0.10915876192884683,False
ago,2.219767,0.098580025,0.02643458113701532,0.10965177737421665,False
lncRNA:CR44978,2.2117224,0.23967971,0.02698586013016781,0.11186788264054738,False
zfh1,2.2048602,0.38094196,0.027463906136718244,0.11377780281923532,False
N,2.2038705,0.860297,0.02753345594949123,0.11402998570194273,False
CG11141,2.1993597,0.4133611,0.02785236633744196,0.11527809324104718,False
dre4,2.1988413,0.294095,0.027889210164791234,0.11535791966494227,False
HmgD,2.1904452,-0.009253213,0.028491960018796805,0.11777692563919749,False
CG2962,2.18971,6.4680395,0.028545274067056637,0.11796020330666393,False
Gmap,2.186959,0.3000293,0.028745522983442566,0.11871304761955336,False
GMF,2.1866162,0.1858877,0.02877055064026094,0.11877907821667263,False
row,2.1858962,0.040635373,0.02882320942221301,0.11895910647528303,False
Grx1,2.1842906,-0.018148875,0.02894090165196476,0.1193324093531437,False
CG13707,2.181583,0.5562841,0.02914033649507813,0.12011705203319376,False
CG15111,2.1805153,0.024167944,0.029219283996690593,0.12040470711837914,False
SmF,2.1795256,0.26912382,0.02929264642140325,0.12060680077264833,False
eIF3k,2.1794822,0.028544525,0.02929586089843189,0.12060680077264833,False
Sptz,2.1777778,0.9780266,0.02942258598004729,0.12109057386902645,False
esn,2.1772077,0.20212011,0.029465076557262344,0.1212274799746351,False
CG4186,2.1715422,0.13094679,0.02989020669038633,0.12289962644504593,False
AstC,2.170138,0.5537975,0.02999640145876795,0.12329768894891135,False
e(r),2.1668546,-0.009051944,0.030245942812675588,0.1242068545316781,False
DIP-gamma,2.163748,0.005526529,0.030483690478748535,0.1251049895631588,False
CG5262,2.1620965,1.2601932,0.03061073499651895,0.12558715847307386,False
lncRNA:CR44506,2.1618652,0.4142352,0.03062856342923361,0.12562108365279614,False
z,2.1591346,0.03173233,0.030839721269003497,0.12644766839187987,False
Tak1,2.1559656,0.19858833,0.031086361896998746,0.12737944549063315,False
hoe2,2.1557965,1.0083172,0.031099563078476097,0.12739381496703692,False
CG33203,2.1531227,0.020947484,0.0313090364258029,0.12821191887549888,False
Ced-12,2.1525326,0.7432094,0.031355439068516726,0.12833242386033025,False
l(3)mbt,2.1525,0.02118566,0.03135799505482995,0.12833242386033025,False
PKD,2.1521528,0.048569605,0.03138533093751567,0.12840430692711502,False
fliI,2.1499689,0.4178593,0.03155766873014208,0.12906919538835887,False
CG9143,2.147314,0.18163,0.031768277209062966,0.1298901464854687,False
spn-F,2.1456785,0.53470975,0.031898634934789095,0.13038256972879114,False
axed,2.1455238,0.04826522,0.031910988526143214,0.13039250628795024,False
Atg2,2.1450253,0.6090463,0.031950825882236314,0.13048462739928401,False
CG10413,2.144993,0.28765118,0.03195339250977064,0.13048462739928401,False
CG14667,2.144196,0.059537176,0.03201718198011069,0.13070450090109806,False
Vps50,2.1440685,0.27510777,0.03202740585473825,0.13070563364506685,False
CG12547,2.1436415,-0.013135643,0.032061629705524515,0.13080468052166958,False
hbs,2.14344,0.11397167,0.03207779151864871,0.13082999948682889,False
FRG1,2.1431866,0.16747308,0.032098120019876296,0.130872291399688,False
tapas,2.1400564,-0.0069830534,0.03235020578691659,0.1318183113940685,False
CG6766,2.1391296,0.063770674,0.032425162536357764,0.13200094823118877,False
CycJ,2.1383524,0.3285008,0.032488158330533735,0.13221644119589465,False
CG1090,2.1375525,0.03376673,0.03255308130493144,0.13243964130901054,False
CG11523,2.136844,0.012379015,0.0326106880700613,0.1326329470531339,False
CG12159,2.1331213,0.49023554,0.03291478009114962,0.13382831843372436,False
CG4004,2.1314504,0.0460827,0.033052053432180796,0.13434489147921058,False
RanBPM,2.1280224,0.0069063995,0.0333352208046965,0.13538288385933614,False
Arglu1,2.127985,0.059962396,0.033338331342273174,0.13538288385933614,False
Rcd-1,2.1254983,-0.019825056,0.03354504707760553,0.1361351424809491,False
CG2278,2.1251557,0.09103723,0.03357362098239048,0.13617004732394855,False
CG31156,2.1227968,0.47984263,0.03377088199711504,0.13692784952918505,False
EMC2A,2.1222305,0.086895704,0.03381837963701105,0.13707813905304203,False
Rassf,2.1219769,0.30028656,0.0338396812580994,0.13712218668291218,False
psidin,2.1216612,0.23577185,0.03386619440693105,0.13718731834201014,False
Sap130,2.1171248,0.2012112,0.03424925520941491,0.13861086008836507,False
lncRNA:CR30055,2.114524,-0.012735365,0.03447055458099436,0.13946353378966958,False
cerv,2.111483,0.075569876,0.03473081700210577,0.1404300511460529,False
enok,2.110613,0.08214846,0.03480557554821698,0.14065209653741229,False
Rad60,2.110595,0.04862041,0.034807139330314645,0.14065209653741229,False
RAF2,2.1103494,0.534278,0.03482827290663702,0.14069423125303324,False
twz,2.1097639,0.08343569,0.03487870488877446,0.1408546591712923,False
Nse4,2.1089466,0.25604203,0.034949194048482846,0.14109596282369066,False
zf30C,2.1085382,0.079456754,0.03498446750757421,0.1411949900236587,False
SMC3,2.1054938,0.08796786,0.03524834052378395,0.14221628579153972,False
CG1116,2.1047893,0.29454985,0.03530966409053763,0.14241998029888123,False
CG13937,2.1023932,0.010429102,0.03551885247924538,0.14321977306835335,False
subdued,2.10031,0.2909661,0.03570158148027537,0.14386828648644548,False
CG13954,2.0936081,0.020415455,0.036294911796265546,0.14613954343790192,False
CG13300,2.0935671,0.09012976,0.036298567063489225,0.14613954343790192,False
GATAd,2.0928144,0.00028935604,0.036365728025923395,0.14636509402409167,False
CG7231,2.0889537,0.03508441,0.03671189711875632,0.1476227172697603,False
dally,2.0878804,0.007789751,0.03680862947058112,0.14787594004063176,False
GstE2,2.0874286,0.3372939,0.03684940907537474,0.14799452465143628,False
CG9588,2.084284,0.21273181,0.03713432771093255,0.14900219861049302,False
CG11248,2.0827742,0.09376529,0.03727180996169104,0.14950819740738155,False
AspRS-m,2.081667,0.058338575,0.037372907801820295,0.14986798334565776,False
dgrn,2.0806968,0.31615582,0.03746166162657317,0.15013226454248185,False
AstC-R1,2.0789182,0.2919329,0.037624878447183034,0.1507404047787903,False
CG34133,2.0785701,0.23663244,0.037656889806959574,0.1508226726465272,False
Sf3b6,2.0780501,-0.022351759,0.03770473657639347,0.15096829474417628,False
CG13594,2.0760336,0.02323029,0.037890846251118555,0.15162107508707337,False
CG5877,2.0752497,0.5241657,0.03796340907549216,0.15186519289529452,False
Miga,2.074926,0.05087493,0.03799340657519198,0.151938939684905,False
Ddx56,2.074576,0.05623836,0.038025863827275366,0.15202247537396582,False
CG7600,2.0740519,0.20930035,0.03807450412647542,0.1521706382986659,False
E(bx),2.0738788,0.02109455,0.03809056164225603,0.1521885285925468,False
kn,2.0736747,0.4777392,0.03810953632746068,0.15221805984169023,False
lncRNA:CR46064,2.0734181,-0.04258338,0.038133373877075064,0.1522669906164216,False
Med,2.0728898,0.007528923,0.03818252711238487,0.15241694677516698,False
PIG-K,2.0727031,-0.008073873,0.038199919949852924,0.1524400692563065,False
CG42239,2.0710063,0.21760045,0.03835820457006946,0.15302524780063229,False
dao,2.0667844,0.00022483591,0.03875447934270978,0.15441862129852915,False
RtGEF,2.0661256,0.27098644,0.03881661456825722,0.1546193185939582,False
RhoGAP92B,2.0655549,0.15341325,0.038870535976611095,0.15478718583898377,False
MBD-R2,2.0650964,0.2623382,0.0389138725774516,0.15491281415943398,False
CG4935,2.0645814,0.7060339,0.038962634100893026,0.15505995600237288,False
Gpb5,2.0624862,0.06656365,0.039161473364639085,0.15575693749537597,False
Ggt-1,2.0590427,0.36190867,0.03949014348955594,0.1570166340684583,False
arr,2.0583196,0.2809104,0.03955947463861192,0.15724472360133065,False
Eps-15,2.0566823,-0.010372157,0.03971679686948264,0.15782232466340226,False
Hmgcr,2.054728,0.4178271,0.039905289826089665,0.15847549519632648,False
CG10512,2.0539439,0.48361072,0.03998111638535335,0.15872865571599046,False
eIF1A,2.0525396,0.06909368,0.04011725141048914,0.1591729470969921,False
haf,2.051941,0.041412547,0.04017540912858428,0.1593555844729025,False
CG5276,2.0459962,0.667035,0.040756743431655286,0.16151518861139388,False
cry,2.0450518,1.0591158,0.04084975957923497,0.16183499868276358,False
Ant2,2.0430267,1.2270676,0.04104980613534012,0.162491029393547,False
SCCRO4,2.043,0.08304203,0.04105244787965726,0.162491029393547,False
CG42588,2.0409644,0.24309482,0.04125437281744319,0.16324110605059347,False
drk,2.0403862,-0.009464003,0.04131188451350487,0.16341946851052605,False
CG12112,2.0397747,0.8170219,0.04137277843861763,0.16361109884498173,False
Nup98-96,2.0388162,0.22795744,0.041468374227371554,0.1639398031654301,False
pasha,2.0385938,0.24628666,0.04149058317976193,0.16397827174894783,False
Tip60,2.0349376,0.4568143,0.04185714468209724,0.16532754381347756,False
CG31637,2.0250108,0.011607743,0.04286625263513232,0.16905925146406778,False
sgl,2.024874,0.16113742,0.04288031336224999,0.1690639657645746,False
Ask1,2.0232213,0.45672446,0.043050342866644525,0.1696325504079687,False
scny,2.0219746,0.024229446,0.04317896788163789,0.17003803336239962,False
Herc4,2.016407,0.0074754823,0.04375742170075968,0.1722121229618697,False
CG13654,2.0149841,0.3298625,0.04390630555597459,0.17269463074261063,False
lwr,2.013358,-0.038367253,0.0440769588090526,0.1732621345228119,False
elff,2.0128582,0.0366688,0.04412955810086488,0.17341702242926596,False
Nup358,2.0119798,0.0728221,0.04422207072682405,0.17369559406841348,False
vig2,2.011934,-0.026724808,0.044226882105845175,0.17369559406841348,False
bbx,2.0102742,1.2238199,0.0444021863603031,0.17429580605177925,False
Ccn,2.009736,0.010733368,0.04445912660913941,0.17445129375058255,False
EMC5,2.0094488,-0.030983087,0.044489566370408705,0.17451862438016144,False
Rox8,2.0092902,-0.011544132,0.04450637107459352,0.17453244473029947,False
CG31908,2.0087123,0.14561589,0.044567651097308536,0.1747206154742636,False
rux,2.0007517,0.08932016,0.04541914241451783,0.17784652874528573,False
CG12991,1.9991312,-0.0008817137,0.045594154976877896,0.17842548855007517,False
CG10336,1.9969294,0.4288874,0.04583285679778286,0.17925284856537635,False
Dh31,1.996109,0.17063604,0.04592205697907549,0.1795482745498456,False
CG17019,1.9925802,0.040052313,0.04630744260576197,0.18090486955347293,False
Pc,1.9925538,-0.008083013,0.04631032502685358,0.18090486955347293,False
CG3165,1.9915466,0.85317254,0.04642081850493839,0.1812826080158679,False
lncRNA:CR43148,1.986234,0.064030945,0.04700734682977644,0.1835185813101878,False
CG14341,1.9846854,0.04844749,0.04717948695479861,0.18411871388186898,False
Cpsf6,1.9835688,-0.01053035,0.047303933677374586,0.18445726779061705,False
ena,1.9829109,-0.011302717,0.04737738596384555,0.18468888429276012,False
CG7272,1.9825516,0.1638548,0.047417542358365275,0.1847358209698423,False
CG11590,1.9773916,0.30872175,0.047997375982738996,0.18682864863423373,False
Impbeta11,1.9755332,0.5555268,0.04820766762152579,0.18759163761162878,False
Dic1,1.9737351,0.035372883,0.048411868093853755,0.1882747435990921,False
HDAC6,1.9713913,0.051052302,0.04867913488972331,0.189258139522442,False
Rnmt,1.9703153,0.4342564,0.04880224493259013,0.1896806568054324,False
mbc,1.9695174,0.31337318,0.04889370622464394,0.1899799507681981,False
Idua,1.9693321,0.80059546,0.048914962839151754,0.1900063631892679,False
CG30022,1.9649744,0.4259634,0.04941720085282433,0.1919005426734529,False
Mvb12,1.9645226,0.14222564,0.04946951225106893,0.19204693072121026,False
Ilp2,1.9618818,1.0253793,0.04977624931862894,0.19312361744791937,False
Pdpr,1.9605064,0.675355,0.04993662757762713,0.1936779309393476,False
CG2608,1.9604039,0.09631345,0.04994859660249974,0.1936779309393476,False
CG43783,1.9585394,0.2100829,0.050166762773832,0.19446649841030275,False
Hyls1,1.957548,1.0914178,0.05028307181806212,0.19480243123854785,False
RhoGEF2,1.9568224,0.07205603,0.05036834795496573,0.19502253318493756,False
kuk,1.9566859,0.01302143,0.05038440759172537,0.19502253318493756,False
Uba5,1.9565119,0.25541386,0.0504048864380489,0.195044350024264,False
Asciz,1.953099,0.74471617,0.050807865366006316,0.1965458224241063,False
AnxB11,1.9507633,0.38964123,0.0510852100919766,0.19744433700548955,False
Pde11,1.9501266,0.03371595,0.05116102311560885,0.19767921339671152,False
CG12299,1.9482902,0.07836262,0.05138023894881647,0.19840955628163304,False
CG2200,1.9451303,0.122580044,0.05175928938675459,0.19981457750626969,False
CG14024,1.9444771,-0.018510323,0.05183794237679029,0.20000070486594282,False
SmD1,1.942838,0.17085275,0.052035736991853196,0.20058715746844905,False
CG15097,1.9421867,0.15604235,0.052114507184708676,0.20083188824465006,False
mRpL55,1.9411823,-0.014623315,0.05223617902348636,0.20112382904999537,False
Toll-7,1.9407406,0.08544652,0.05228975792520732,0.2012711508187315,False
Abi,1.9373602,0.048665743,0.052701333701566905,0.20261797137866902,False
side-V,1.9368558,0.019812202,0.052762971949607954,0.2027956169610407,False
Smug,1.9366364,0.096049644,0.05278979203203645,0.20283937341900324,False
tank,1.9348918,0.33934316,0.053003576329224714,0.20360128516291787,False
CG6961,1.9340316,0.6875906,0.053109241591028686,0.20394755807940032,False
Elp3,1.9338212,0.7416673,0.05313511454194858,0.2039873035920965,False
trn,1.933306,0.0278608,0.0531985096837596,0.2041710326385178,False
ZIPIC,1.9276769,0.7222879,0.05389531810638498,0.20666424722381238,False
e(y)2,1.9267619,0.19676566,0.05400931295584985,0.20699905326117005,False
Mtmr6,1.9259902,0.001990266,0.05410558918962749,0.2072890809157128,False
Hyccin,1.9256917,0.21271609,0.05414288337076273,0.20737150404406673,False
CG13197,1.9228853,0.110185064,0.054494459505416835,0.20859647316069987,False
CD98hc,1.9206355,-0.027458945,0.05477768505216479,0.20961955715506628,False
Ms,1.9197761,0.43193328,0.054886196156453106,0.20997365464103354,False
TSG101,1.9184877,0.015700057,0.05504920084311732,0.21041348117492864,False
foi,1.9171928,0.054417893,0.05521344391925656,0.21091856585550883,False
lncRNA:CR44628,1.9159207,0.44012794,0.05537519014983172,0.21147497057801182,False
FIG4,1.9139587,1.346894,0.05562544394891794,0.2123248219020437,False
abs,1.9139227,0.3207314,0.05563004046942671,0.2123248219020437,False
beat-Vc,1.9108614,0.027318306,0.056022400124507515,0.21369821771731587,False
unc-5,1.9094921,0.09384286,0.05619862819987311,0.21430823365482662,False
Scgdelta,1.9088733,0.8464663,0.05627843063326309,0.2145502921240819,False
CG9395,1.908251,-0.03168886,0.056358777077002854,0.21479428351766083,False
Mip,1.906082,1.2673849,0.056639562938245396,0.215676759365831,False
CG15653,1.9054222,0.7016435,0.05672521092182499,0.2159403235004931,False
fdl,1.9041296,0.06181891,0.05689330498674194,0.21651749806857107,False
rb,1.9025496,0.17685834,0.05709933273607213,0.21723865995504452,False
CG31817,1.9024128,0.5397475,0.05711721597727472,0.21724380178216124,False
ASPP,1.900099,0.19789375,0.05742011766002204,0.21833268697058728,False
CG15084,1.8986259,0.6279361,0.057613683509876154,0.21900532687396082,False
Mondo,1.8927416,0.09384667,0.05839224749866591,0.22190067217465842,False
Iswi,1.8918198,0.022575745,0.058514983644252054,0.2222467780291026,False
Csgalnact,1.8918036,0.12103772,0.058517148769552926,0.2222467780291026,False
CG2126,1.8892877,0.34099796,0.05885328956110819,0.22339430332828503,False
CG42700,1.8887787,0.062012658,0.05892148743608486,0.22353918291941577,False
CG2061,1.8881826,0.06490865,0.05900142866133659,0.22369814600075713,False
TfIIB,1.8876888,0.040509872,0.05906774277073349,0.2238849748342108,False
CG30122,1.8871675,0.0050487597,0.05913781099360175,0.22402132437789582,False
Uvrag,1.885256,0.17654648,0.05939528350159365,0.22480225244655588,False
CG13229,1.8839824,0.28296632,0.05956736087191397,0.22538862344308133,False
wda,1.8833705,0.6373214,0.05965017603898796,0.22563700729082922,False
pdgy,1.8804476,0.5732891,0.06004709179307161,0.2270730455403609,False
Pu,1.8800957,0.14148499,0.06009503505543261,0.22716107739753164,False
ksr,1.880023,0.3397774,0.060104943772256114,0.22716107739753164,False
Ltn1,1.8788681,0.17825896,0.06026250542269123,0.22769108216204295,False
btz,1.8784469,0.14040448,0.06032005360857322,0.22784300789602205,False
CG11396,1.877716,0.052156717,0.060420038766385485,0.22815509466352635,False
CG8152,1.8741746,0.68048495,0.06090635793586384,0.22972745397106392,False
CG6610,1.871164,0.7512727,0.06132234985557989,0.2310975048615358,False
RunxA,1.8689184,0.52512604,0.06163416329308671,0.23220600339290495,False
amrt,1.866015,0.23639143,0.06203927410131449,0.2335983097321988,False
Lap1,1.864908,0.17491722,0.062194299241696824,0.23411494882129416,False
Nubpl,1.8640946,-0.007980254,0.06230841600146131,0.23441748337898335,False
CG17168,1.8640401,-0.0024636067,0.06231607338841985,0.23441748337898335,False
Bap111,1.8633199,0.18254884,0.06241726738071839,0.2346777163357127,False
Pp4-19C,1.8620095,0.10604351,0.06260174344804802,0.23524435534766913,False
Dop2R,1.8608187,0.064858705,0.06276978537394355,0.23580839039422305,False
disco,1.8604633,0.37504506,0.0628200136536919,0.23592963687429702,False
CG13982,1.856261,0.1025811,0.06341636696707578,0.23797770560547374,False
mip130,1.8562378,0.32490766,0.06341967316264889,0.23797770560547374,False
Ugalt,1.8560019,0.46720105,0.06345329423613605,0.23803589482074333,False
Ar1,1.8553888,0.06107395,0.06354072276230045,0.23829584412653834,False
CG32196,1.8538151,0.58244085,0.06376562439307124,0.2390377292935262,False
mfas,1.8531768,0.8616955,0.06385701031510294,0.23927715213879888,False
Daxx,1.8527248,0.041722227,0.06392182129971447,0.23945172568402162,False
toy,1.8485012,0.026895009,0.06452986899889386,0.2414541595997905,False
Lim3,1.8464351,0.14287262,0.06482905666447841,0.24250459254993192,False
U4-U6-60K,1.8443929,0.015389427,0.06512589564420451,0.2434763569446633,False
Pcif1,1.844181,0.033172127,0.06515676804384588,0.24352249398867426,False
CG33523,1.8423693,0.098493695,0.06542114100873503,0.24430213526450326,False
CG5026,1.8421787,0.505163,0.0654490181454453,0.24433680325264112,False
endos,1.8413548,-0.0155578265,0.06556957354473116,0.24464786086067922,False
Octbeta1R,1.8409681,0.009022018,0.06562623544262648,0.24469314677636847,False
Usp16-45,1.8408908,0.15839535,0.06563757266469057,0.24469314677636847,False
Su(var)2-10,1.838309,0.02568647,0.06601687960756131,0.24596762543888948,False
tea,1.8380886,0.17298661,0.0660493534010623,0.24601886424131508,False
witty,1.8371549,0.067956276,0.06618702871557472,0.24646181477794485,False
fray,1.8365724,0.05594504,0.06627303865221577,0.2467121815662231,False
Smyd4-4,1.8326173,0.1869406,0.06685949931856927,0.2488248882881107,False
aus,1.8309237,0.073292874,0.06711193812164737,0.2496936519978958,False
Csas,1.8291183,0.45574942,0.06738190046317015,0.2506271027417263,False
CG5938,1.8275526,-0.04808552,0.06761672950638187,0.2513582581169347,False
CG9123,1.8264855,-0.045280106,0.06777716772108568,0.25181220272060695,False
CG8490,1.8257263,0.103142016,0.0678915084031527,0.25216571846405583,False
crq,1.8240222,-0.023068756,0.06814872651049099,0.253049566282668,False
dan,1.8229078,0.5562022,0.06831734944298004,0.25360403644920926,False
bocks,1.821961,1.3919669,0.06846089860493176,0.25399095453126996,False
CG13579,1.821838,0.29210365,0.06847956410503687,0.25399095453126996,False
tnc,1.8183045,0.6462918,0.06901760463811009,0.25576997815832053,False
CG9853,1.8174938,0.019048803,0.06914153154027294,0.25615699632667793,False
Hat1,1.8169999,0.088689335,0.06921712428016603,0.25629254160768156,False
CG4049,1.8147396,0.13065179,0.06956392981441369,0.25750411315245364,False
CG34015,1.8070073,0.057120543,0.0707611363548921,0.26171463350397894,False
CG4953,1.8054591,0.1923892,0.07100287202636152,0.2625348174728241,False
Rac2,1.8052096,0.6407844,0.07104188595538247,0.2626051823740312,False
PpV,1.8045433,0.040846568,0.07114619074842242,0.26281419176056586,False
CG14657,1.8034046,0.008154379,0.07132470138426211,0.2632803092389293,False
CG42806,1.8031702,0.3909773,0.07136149196290799,0.2633421415008632,False
CycC,1.8025745,0.12250595,0.07145505616192736,0.26356899873934964,False
CG8379,1.8025235,0.57848585,0.07146308062615499,0.26356899873934964,False
nkt,1.7988163,0.3055097,0.0720477428981832,0.2656507826669544,False
MED15,1.7954104,0.7225383,0.07258833549230805,0.26741892814814133,False
cmb,1.7920018,0.5705044,0.07313267761049007,0.2692733304789717,False
tacc,1.791559,0.03126276,0.0732036439702878,0.2694591275668212,False
Su(var)3-7,1.7912626,0.27450398,0.07325115159903105,0.26955849430491935,False
tgo,1.790908,0.15554008,0.07330805747487007,0.26969238053674904,False
CG14411,1.7902501,0.00079198997,0.07341371145509422,0.27000548061332025,False
CG33111,1.789979,0.45024762,0.07345728879615258,0.2700901600644211,False
Npl4,1.7866733,0.13484931,0.07399031252008884,0.2718978458687045,False
CG7394,1.7854186,-0.022293942,0.07419344675537039,0.2725680972357625,False
myo,1.7845967,0.14166288,0.0743267578544665,0.2729640454454696,False
RecQ5,1.7844981,0.073031925,0.07434276833188766,0.2729640454454696,False
hppy,1.7839775,-0.014875626,0.07442732524205374,0.2731981790519073,False
Acf,1.7838159,-0.01407359,0.07445360035728213,0.27321830837616434,False
CalpA,1.7825809,0.031635884,0.07465455971244904,0.2738792767116954,False
Syx7,1.781255,-0.044913404,0.07487080236650213,0.27459592908127395,False
lncRNA:CR46004,1.7809445,0.22013935,0.07492153052304297,0.2746333167408038,False
Pngl,1.7805874,0.3304165,0.07497987414700065,0.27476590244443266,False
promL,1.7770176,-0.022797467,0.07556535343644857,0.2767570539320988,False
sei,1.7767395,-0.017923897,0.0756111174130139,0.2768475045763209,False
Efr,1.7762192,0.109533384,0.07569678669728931,0.2770839760415261,False
Sgt1,1.7727259,-0.01629011,0.07627413064422503,0.2789264334970597,False
Galphai,1.7726601,0.76116157,0.07628503173186459,0.2789264334970597,False
Mi-2,1.7704111,-0.01736356,0.07665867880952303,0.2802146587582593,False
Dmel_CG14798,1.7702781,0.060799405,0.07668082944414738,0.2802176806800725,False
snRNA:U12,1.7700553,0.8943101,0.07671793056227455,0.28027531985511533,False
CG15445,1.7687039,0.26192465,0.07694329865744588,0.281020535758059,False
betaCOP,1.7660542,0.08679053,0.07738676445723128,0.28256167594678416,False
Csp,1.7633704,0.005776607,0.0778380468991641,0.28404265884428154,False
Polr3D,1.7632567,0.5778173,0.07785721460749578,0.28404265884428154,False
CG2972,1.7568556,0.9923108,0.07894242664789862,0.28760255851955524,False
HtrA2,1.7542634,0.18325962,0.07938537435019975,0.28905602780160017,False
snRNP-U1-C,1.7538431,0.06278943,0.07945740631568399,0.28923816520620593,False
CG3164,1.7530466,0.5165803,0.07959399523252152,0.28965513468583914,False
kri,1.7517935,-0.036117148,0.07980931519179366,0.29035102872405816,False
Brf,1.7516767,0.19668902,0.07982940923674166,0.29035102872405816,False
Vps35,1.7505369,0.03256837,0.08002570843334018,0.2909039652897713,False
dpr5,1.7501966,0.014162467,0.08008440108448459,0.2910368126800918,False
vimar,1.7498226,0.03276416,0.08014893663559912,0.2911908145779397,False
Als2,1.7495881,0.08602179,0.08018940133737627,0.29125730319913257,False
LSm7,1.7493418,0.48952922,0.0802319539078737,0.29126419854768876,False
CG5815,1.7493205,0.23104203,0.08023562885188595,0.29126419854768876,False
JMJD7,1.7478017,0.45216218,0.08049837353077301,0.29213728985581,False
CG9175,1.7446368,0.11160138,0.081048120806969,0.293726794132482,False
scat,1.7437309,0.16840048,0.08120601994612822,0.2939967248625831,False
CG8765,1.7427776,0.27679005,0.08137248143503402,0.2944151372626052,False
myd,1.739661,0.015724942,0.08191857140774719,0.2963093715577225,False
CG34348,1.7372564,0.18071187,0.08234192529994547,0.29767681990827605,False
NKAIN,1.7370015,-0.014787323,0.08238690447137145,0.2977575114571761,False
caly,1.736356,0.31345826,0.08250090896887828,0.2980875569865355,False
Atg4b,1.7295898,0.27358752,0.08370358453599096,0.3021837374690816,False
yps,1.7292839,-0.023936706,0.0837582978197221,0.302298212482551,False
CG5033,1.7290418,0.812808,0.08380161861593981,0.3023715184602046,False
CG8298,1.7281201,0.373388,0.08396669428959937,0.30280085885280605,False
dome,1.723094,0.0057702325,0.08487152389424851,0.30581209089506983,False
otk,1.7214568,0.3224042,0.08516796086742899,0.3066279928106533,False
atms,1.7212445,-0.00791059,0.08520646859314046,0.3066826085407995,False
Cont,1.7208987,0.16272742,0.08526920528922774,0.30675654656888823,False
CG11317,1.720874,-0.0013811522,0.08527369793898096,0.30675654656888823,False
Elmod,1.7206782,0.13346688,0.08530922468950597,0.3068003616980837,False
Tsc1,1.7161456,0.10215368,0.08613538020692768,0.30928920647842867,False
lncRNA:CR45674,1.7160165,1.7634077,0.08615902063503812,0.30928920647842867,False
lncRNA:CR45409,1.7159783,0.4007171,0.08616602883475591,0.30928920647842867,False
RabX6,1.7117283,0.056300323,0.08694673465785713,0.3119211138790337,False
CG7888,1.7108791,0.3846317,0.08710344468562378,0.3123980258225388,False
CG1532,1.7107499,0.07126923,0.08712729941358127,0.3123983196709063,False
whd,1.710018,0.44374132,0.08726252813857793,0.3127125394788799,False
form3,1.7093714,0.16994329,0.08738217352325725,0.3130559275542867,False
TkR99D,1.7084378,0.19463931,0.08755514860099407,0.31359013566793764,False
a6,1.7078549,0.2922513,0.08766327260906076,0.3138918434211628,False
bwa,1.7071328,0.15400423,0.08779737519473559,0.3142863817581096,False
smid,1.7055165,0.13434292,0.08809814346048067,0.3152771522914424,False
pelo,1.705238,0.03364658,0.08815004663464521,0.31529117115565397,False
Sirt6,1.7047089,1.2694688,0.08824873059059754,0.31555824998395704,False
CG12728,1.7038437,0.12856336,0.08841029383388556,0.315996301124712,False
TkR86C,1.7037953,0.31326658,0.08841932876003089,0.315996301124712,False
CG31663,1.703166,0.66133696,0.08853699526169098,0.3163307924779449,False
Gnpat,1.7017714,0.0631607,0.0887982351687319,0.3170917414000831,False
CG18766,1.7015904,0.010372692,0.08883218533976404,0.3171267991170441,False
CG4041,1.7014569,0.7844757,0.08885721940586241,0.31713001635318794,False
ND-B14.5B,1.7010581,0.03305297,0.08893206523272851,0.317310960962065,False
CG5004,1.7007588,0.3291409,0.08898828742282597,0.31742537595639414,False
CG30419,1.7002603,0.047419265,0.08908198198624746,0.3176733582852857,False
dpr18,1.6964022,-0.020290278,0.08980973257075797,0.32009484559596707,False
Pi3K59F,1.6941389,0.34759867,0.09023890232930229,0.32153726017065115,False
Snrnp20,1.6929657,0.22521698,0.09046198276058426,0.3221574296630996,False
CG11560,1.6921377,0.5805164,0.09061972260746286,0.32254435936746195,False
Ranbp21,1.6917703,0.46749213,0.09068978543254132,0.32270632828839035,False
CG1824,1.6911603,0.07276246,0.0908061859142177,0.3230330506493597,False
CG6805,1.6908479,0.09906083,0.09086587201413633,0.32307046107623527,False
Ugt35B1,1.6904495,0.4493221,0.09094200275822172,0.3232119876024155,False
Pabp2,1.6903821,0.15596978,0.09095486874314988,0.3232119876024155,False
Esyt2,1.6901962,0.12129314,0.09099044267389354,0.3232509886936023,False
gt,1.6895626,0.4776504,0.09111167026266936,0.32359417808695623,False
ntc,1.6889952,1.8425754,0.09122035242838063,0.32389263746591457,False
Rgk2,1.6846824,0.065625295,0.09204988127751268,0.3267497271387883,False
Clc,1.6842128,-0.017135091,0.09214055600774852,0.32692786370031773,False
O-fut1,1.6841648,0.59045094,0.09214982171417524,0.32692786370031773,False
CG2006,1.6829333,1.3989627,0.09238799759653858,0.3276843930947675,False
prd1,1.6826754,-0.010312747,0.09243795442973052,0.3277731136430353,False
Ufsp2,1.682198,0.28811225,0.09253043550583795,0.3280125311524727,False
CG9536,1.6802027,0.08836547,0.09291787721708067,0.3292971479260132,False
Hexim,1.6788784,0.05176586,0.09317573831553681,0.33012196743177924,False
CG7627,1.6730634,0.4476895,0.09431482710602418,0.33388770016170893,False
ari-2,1.6721196,0.0835145,0.0945007359991682,0.3344557424629866,False
CG5377,1.6710107,0.17024344,0.09471955413406771,0.3351399194603618,False
CG16985,1.6702642,0.06383221,0.09486708611094141,0.3355715689324041,False
spartin,1.6696299,0.7021885,0.09499259471530276,0.335925104185628,False
Sdb,1.6685181,0.17415896,0.09521293839720259,0.3365231908223882,False
CG10466,1.6636598,0.14096794,0.09618043523881588,0.33975997297668803,False
CG4409,1.6632054,0.15114143,0.09627133923563187,0.33998969870879825,False
CG4751,1.6614517,0.19796333,0.09662275725904915,0.341047449138105,False
Atg101,1.6598706,-0.01608588,0.0969404860131894,0.3420770479858544,False
kar,1.6594073,1.0000243,0.09703375546037313,0.34231424979993647,False
Ent2,1.6572174,0.5300103,0.09747553785487413,0.34378047314838994,False
Nadk2,1.655449,0.57399136,0.09783344403713877,0.3448576416555903,False
Pisd,1.6525826,0.12030459,0.09841582306629496,0.3468174660536825,False
fd102C,1.6511257,1.311104,0.0987129049120451,0.347677910332132,False
CG5446,1.6500466,-0.051308673,0.09893339749673177,0.3483611405424845,False
CG4452,1.6467912,0.0052258484,0.09960097235244357,0.3506178349004717,False
pcx,1.6409042,0.057534687,0.10081731119679878,0.3545872504097033,False
meigo,1.6407394,0.2512419,0.10085152317332294,0.3545872504097033,False
Xe7,1.640114,0.021795727,0.10098146833133609,0.35485651503370685,False
Exn,1.6396418,0.15310316,0.1010796785493212,0.35506229773232556,False
CG8726,1.6392047,-0.012093528,0.10117063703151875,0.35514763928649934,False
l(3)76BDm,1.6391869,0.14442392,0.10117434114682883,0.35514763928649934,False
Tbc1d8-9,1.6391355,0.007954335,0.10118505147923701,0.35514763928649934,False
lncRNA:CR45308,1.6383047,0.81076163,0.10135815248155206,0.3556602087476837,False
ash1,1.6351668,0.0033917488,0.10201408388432551,0.35777077030262117,False
su(Hw),1.6340286,0.10525209,0.10225285717712237,0.3585124856362234,False
lncRNA:CR45418,1.6331795,2.2717738,0.10243123265183432,0.3590420987670725,False
nclb,1.6328872,0.5822811,0.1024927258669479,0.35916184283134994,False
rho-4,1.6300436,0.12435043,0.1030922720457268,0.360877876119578,False
Slob,1.6297272,-0.019893954,0.10315915094543193,0.3610158195935875,False
a,1.628454,0.66639745,0.10342865056676619,0.3618625924115747,False
CG18809,1.6268996,-0.012928472,0.10375842442607136,0.36282316534938897,False
S1P,1.625537,0.25030455,0.10404818640124201,0.36373961625398277,False
CG33169,1.6251123,0.21151261,0.10413862670285959,0.36395896103783987,False
ValRS,1.6231194,0.093995094,0.10456390467688075,0.36534811788324645,False
Orai,1.6216538,-0.05450976,0.1048774904612016,0.36634638547332543,False
Git,1.6210153,0.39579585,0.10501436409150104,0.3667270152873811,False
CG8944,1.6200534,0.24590784,0.10522081264491842,0.3673503451027824,False
Hykk,1.6196295,-0.013225708,0.10531189497696428,0.36754995614817704,False
GC,1.6163759,0.03758744,0.1060130530359927,0.3698214839251341,False
atos,1.6157467,0.0062489887,0.106149093247845,0.3701977798221685,False
Plp,1.6135576,0.12485217,0.10662342796784006,0.37175337408474035,False
CG11970,1.6133298,0.5118117,0.10667288530619456,0.3718271580394437,False
ktub,1.6128359,0.23412241,0.10678017528902824,0.3721024352885495,False
Picot,1.6098704,0.7586115,0.10742613441980026,0.3740640983281761,False
Nep1,1.6098597,0.338293,0.10742849913176597,0.3740640983281761,False
CG10321,1.6062406,-0.0074953493,0.10822104684805488,0.3767239143391495,False
CG10338,1.6056203,0.20537062,0.1083573707908832,0.37704744223209546,False
lncRNA:CR44458,1.6054357,0.6709805,0.10839793722043717,0.37704744223209546,False
CG7639,1.6054261,-0.040419426,0.10840006367497577,0.37704744223209546,False
mri,1.6052675,0.006706881,0.10843494223947713,0.37706895368324134,False
Hsepi,1.6051317,0.0866768,0.10846480874834942,0.3770730295666825,False
Ibf2,1.6036253,0.12952287,0.10879667045781719,0.3780927600763595,False
Ibf1,1.6034997,0.1006141,0.10882439736714698,0.3780927600763595,False
CG43850,1.6034087,0.0068194354,0.10884444953723978,0.3780927600763595,False
Vps16B,1.6021695,0.41608697,0.10911813333972518,0.37894328494115453,False
CG3040,1.6008769,-0.026328217,0.10940418459598533,0.3798362984876733,False
snoRNA:Tudor-SN-a,1.5995471,2.5458524,0.10969907107791473,0.3807595068766184,False
5-HT2B,1.5992962,0.16039349,0.10975480797399026,0.3808523716889902,False
Art4,1.5991148,0.60572225,0.10979510018453432,0.3808916081111314,False
CG12576,1.5984024,-0.065789804,0.10995346118640317,0.3813403096992674,False
Wdr59,1.5955948,0.63561994,0.11057929203794266,0.38309878287435445,False
unc-45,1.5947628,0.28988332,0.1107652786934014,0.38352293780084484,False
Tsen2,1.5946654,0.7721996,0.11078708407975094,0.38352293780084484,False
hop,1.5940914,0.104822196,0.11091556233781195,0.3838665801109262,False
CG4949,1.5932753,0.6942179,0.11109843945011072,0.3843982603512125,False
CG7369,1.5928221,0.13081463,0.11120012136076889,0.38454363556679017,False
CG10089,1.5926967,-0.017605279,0.11122824433371657,0.38454363556679017,False
MED6,1.5917947,0.029174179,0.11143082594547694,0.3851426837847219,False
Nhe1,1.5910832,0.16359034,0.11159087276795888,0.3854930754583984,False
msl-3,1.5908421,0.7663842,0.11164510361898596,0.3855790556260432,False
lncRNA:CR44900,1.5905092,0.72306806,0.11172008609864216,0.3857366398902408,False
ncm,1.5880377,-0.013615539,0.1122778185810665,0.3872553317516522,False
srl,1.5856973,0.28682053,0.11280798418037206,0.38887977967320814,False
Uhg8,1.5847543,1.9113029,0.11302214930559351,0.38951588356276007,False
CG1545,1.5827215,0.50560707,0.11348495039249709,0.3910083201646052,False
pzg,1.5816393,0.012022125,0.11373192789508428,0.3917565568726874,False
Gld2,1.5773407,0.6038432,0.11471713518424066,0.39504661254090845,False
Nedd8,1.5760354,-0.05636779,0.11501763961786594,0.3959776793865278,False
CG8858,1.574619,0.2775917,0.1153443981161489,0.39699862117451873,False
Zw10,1.5714635,0.022367777,0.11607504669926678,0.39930423787305364,False
MTF-1,1.5688902,0.4700497,0.11667351910654312,0.4010480550821562,False
Dred,1.5684098,-0.026122656,0.11678551153612701,0.40132803532851596,False
CG32187,1.5681089,0.19150925,0.11685570759915666,0.4014642754406582,False
dia,1.5676569,0.25810036,0.11696124443882035,0.40172182780202254,False
28SrRNA-Psi:CR45860,1.5644366,1.300419,0.11771507861109448,0.40409975131358217,False
CG31633,1.5597473,1.67063,0.11881959447129775,0.4073329970711917,False
AnxB10,1.5596488,-0.009283503,0.11884291231800845,0.4073329970711917,False
Axn,1.5585395,-0.011981305,0.11910541663684356,0.4081262790155831,False
Pnn,1.5560943,-0.034202337,0.11968566589426498,0.4099007911171582,False
Uggt,1.554541,0.16690813,0.12005541317082728,0.4110599751114751,False
Odj,1.5526961,0.0729431,0.12049574160307054,0.41224538932724547,False
boil,1.5512396,0.87834054,0.12084428097046855,0.41333021765562916,False
holn1,1.5506084,0.113745175,0.12099556566488154,0.41363234349693245,False
ZAP3,1.5493851,-0.02176245,0.12128919432873264,0.414528297184363,False
TfIIFbeta,1.5474937,0.13342601,0.121744241026389,0.41597531755792455,False
amx,1.5450203,0.10814503,0.12234135092524309,0.4179068605429216,False
CG17343,1.5427078,0.12372016,0.12290168618347141,0.4197118134451658,False
Nemp,1.5402386,0.3808792,0.12350218765741969,0.42145841903854664,False
eys,1.5402093,0.008068249,0.12350935025625472,0.42145841903854664,False
Mgat3,1.5396775,0.2015001,0.12363899276337963,0.4215723933325303,False
CG14082,1.5376276,-0.0076087723,0.12413969972678886,0.42316985580018995,False
Drgx,1.5356202,0.16908447,0.12463154646553636,0.42451610992836014,False
Srx,1.5332915,-0.05712632,0.12520404834249838,0.42635563598568826,False
Nopp140,1.5327183,0.37581444,0.1253452770040518,0.4267259805985089,False
CG3335,1.5290896,0.07951195,0.1262422268799356,0.42904002241082817,False
mib1,1.5286801,0.10940786,0.12634378390077344,0.42923569396071976,False
CSN1b,1.5280203,0.13447268,0.12650752134364115,0.42956985477436394,False
CG2611,1.5268638,0.05333016,0.12679489224303295,0.4304344301125539,False
CG3356,1.526506,0.2510611,0.12688389744899564,0.43062533480817455,False
CG9837,1.5263327,0.6158552,0.1269270223111225,0.43066046996913515,False
nonC,1.5253546,0.119418435,0.12717068000574788,0.43137581465036984,False
lncRNA:CR44317,1.5236787,0.70882523,0.12758899074614682,0.4324598729417373,False
CG6013,1.5235372,-0.025940578,0.12762437359664153,0.43246825514014087,False
gammaSnap2,1.5226619,-0.054428503,0.12784331740069954,0.43309848774493237,False
Prestin,1.5213805,0.31998318,0.1281643747289374,0.4338506049234844,False
CrebA,1.5203397,0.49782863,0.12842561614322456,0.43462297752719903,False
CG40439,1.5200237,1.1702749,0.12850501209193707,0.4347680797334709,False
Pdp,1.5199058,0.19660148,0.12853466172776307,0.4347680797334709,False
pira,1.5139328,0.11540099,0.13004286662570116,0.4395301724095522,False
CG5890,1.5129694,-0.0144666685,0.13028742569179827,0.44024352301772207,False
wfs1,1.5122439,0.6198085,0.13047184135043013,0.4407533334668387,False
Not3,1.5119685,-0.017565066,0.13054188578969259,0.4408766181347598,False
Ripalpha,1.5095191,0.020422922,0.13116619188910394,0.4428712558105639,False
CG4558,1.5081433,0.111076586,0.13151785427907464,0.44383054008251666,False
ics,1.5077055,0.00020153009,0.13162992249579378,0.4440946884511492,False
mv,1.506411,0.47908178,0.131961709109287,0.4450997996419765,False
CG14135,1.5060942,0.021711666,0.1320429948131506,0.44525968561447576,False
Uaf1,1.5052835,0.18070039,0.13225119937988816,0.4457593462940591,False
CG16743,1.5050917,0.416062,0.1323005063546209,0.4457593462940591,False
scf,1.5050844,-0.037969034,0.13230239541301092,0.4457593462940591,False
comm,1.5049891,0.02088813,0.13232685563451219,0.4457593462940591,False
pita,1.5040652,0.11796629,0.1325645804181768,0.4463313223866926,False
bc10,1.5027281,-0.062335845,0.1329091652300983,0.44703570989267527,False
CG1578,1.5020103,-0.02385507,0.1330944523831589,0.44754201606117994,False
lncRNA:CR46349,1.5014722,1.9185579,0.13323344895087819,0.4478947947463521,False
CG6425,1.500927,0.60351515,0.1333744587430965,0.4482541591670156,False
CG14182,1.4986837,0.002106843,0.13395571397453812,0.4500925689949899,False
CG7655,1.4984814,0.42188126,0.13400822331886417,0.4501539014911028,False
CG10366,1.4976789,0.0607855,0.13421671078489122,0.45073902285311923,False
asRNA:CR43906,1.4960184,0.6461054,0.13464884998627832,0.4519592688811452,False
TTLL15,1.4945986,0.586855,0.13501923023539011,0.4530867478353579,False
eIF2alpha,1.4908806,-0.05012815,0.13599285021972551,0.456004604423938,False
Dci,1.4903905,0.6224044,0.13612157729675317,0.456319807973631,False
NAT1,1.4901562,0.020299478,0.1361831800851477,0.45640988765593626,False
Nagk,1.4855076,-0.044113163,0.13740941995939956,0.46019319347953885,False
CG16972,1.4850821,0.20148629,0.13752207152443457,0.46032970154587616,False
Tbcd,1.4849905,0.4161841,0.13754635213789113,0.46032970154587616,False
Mcr,1.4849278,0.23754828,0.13756295091474435,0.46032970154587616,False
lncRNA:CR46003,1.48442,0.26107368,0.13769753996917072,0.4606627730995093,False
spab,1.4842649,-0.018872278,0.13773866470124826,0.460683072751108,False
CG7183,1.4803383,0.13756151,0.1387829648213916,0.46374238098450343,False
HDAC11,1.479916,0.009563988,0.13889565726519418,0.46396233658411706,False
CG7991,1.4780185,0.07218202,0.13940281738524074,0.4654198229825835,False
Orc4,1.4761357,0.60869443,0.13990745706889246,0.4667488939686001,False
spt4,1.4754152,-0.051775575,0.1401009558614496,0.4672758022779973,False
Ufl1,1.4731275,0.047524698,0.14071667663122597,0.46921031403474767,False
CG13894,1.470673,0.3709024,0.14137957363198245,0.4712377353914961,False
Ogg1,1.4706107,0.6703724,0.14139642269604058,0.4712377353914961,False
Hmu,1.4693645,0.012276888,0.14173393781146423,0.4722428186563011,False
PGAP5,1.4677478,0.08667141,0.14217272848718335,0.47357008906092934,False
CG7806,1.4676315,0.2591575,0.14220436583474827,0.47357008906092934,False
CG31815,1.4672524,0.24370745,0.1423074086079314,0.47379317368047286,False
CG13926,1.4666344,0.25638697,0.1424755543652277,0.47411275257367874,False
tsh,1.4655614,0.5549757,0.14276780408205048,0.47490426522535045,False
CG17193,1.4652184,0.06466765,0.14286134937029463,0.47490426522535045,False
CG9760,1.4650861,0.99187005,0.14289743012767864,0.47490426522535045,False
Bub1,1.4650501,0.047708828,0.14290724277101866,0.47490426522535045,False
axo,1.4628196,0.34351647,0.14351674301896644,0.4766119585575532,False
CG12171,1.4623338,0.08179821,0.14364975064904606,0.4769331413034649,False
Ilk,1.4620891,0.0726305,0.14371681977254902,0.4770352939204513,False
rpr,1.4587168,0.2569563,0.14464308123772085,0.47960003898443926,False
Golgin245,1.4585551,-0.029741555,0.14468760203938533,0.47960003898443926,False
Targ2,1.4565048,0.4718125,0.1452531180757408,0.4811623959247063,False
Rb97D,1.4552366,-0.056758936,0.14560377158030213,0.4822024098630923,False
RYBP,1.4550649,-0.01878912,0.14565130234645157,0.4822382877638499,False
mRpS30,1.4546031,-0.021514375,0.14577918049427466,0.4825401034950285,False
mbf1,1.4525656,-0.045801453,0.14634441293813996,0.48428907842359536,False
otk2,1.4497476,0.7580589,0.1471289290760775,0.4867075871526589,False
PMCA,1.4496745,0.07259392,0.1471493222553469,0.4867075871526589,False
CG32708,1.4478095,-0.008202393,0.14767034936565296,0.4881851725821498,False
BEAF-32,1.4425169,-0.07451216,0.1491566120875853,0.492850651104591,False
Phm,1.441671,-0.031858917,0.14939520362756603,0.4935149248038827,False
mute,1.441273,0.30457455,0.1495075634504133,0.4937619731846899,False
Vsx1,1.440132,0.19598465,0.14983004085729493,0.49457838907453217,False
Kpc1,1.4381843,0.69379216,0.15038177368727104,0.4960540977406017,False
asRNA:CR43944,1.4381804,0.14764155,0.15038287080373278,0.4960540977406017,False
Der-2,1.4379947,-0.005997811,0.15043553957096667,0.4960540977406017,False
Taf8,1.4379809,0.6684158,0.15043949029538006,0.4960540977406017,False
Hydr1,1.4378172,0.1720185,0.1504859172327236,0.4960540977406017,False
CG11790,1.437755,0.0026365381,0.15050359087525902,0.4960540977406017,False
CG31997,1.4334452,0.07495314,0.1517306532626858,0.4997092541390618,False
Secp43,1.4311227,0.10886422,0.15239507284806014,0.501659231537164,False
CG9302,1.4298122,0.8649183,0.15277091192390393,0.5027704867498175,False
Npc2a,1.4287989,0.035617333,0.15306203813784675,0.5034764063002363,False
Sec61beta,1.4268005,-0.043133296,0.1536374155540174,0.5048954169503798,False
EndoG,1.4267889,0.0047984645,0.15364076103457636,0.5048954169503798,False
Prp8,1.4267669,0.12296173,0.1536471176002259,0.5048954169503798,False
Rhp,1.4244636,0.38992515,0.15431231365916925,0.5069545284487857,False
asf1,1.4241747,-0.06352393,0.15439591061910207,0.5071023897639642,False
Gp93,1.4232631,-0.009276071,0.1546599086639482,0.5078425436664026,False
Smg6,1.4227065,0.0026697158,0.15482125373137381,0.5082453398161337,False
Ndfip,1.4214132,-0.059495993,0.1551966868906611,0.5093505650425019,False
Lkb1,1.4210546,-0.027162867,0.15530088408287898,0.5095652728422254,False
CG32638,1.4208817,0.65561193,0.15535114701202224,0.5095772035322016,False
CG8353,1.4207754,0.2389055,0.1553820755310503,0.5095772035322016,False
jumu,1.4203066,0.3796698,0.15551844164995016,0.509799123869735,False
CG9135,1.420276,0.038428273,0.1555273333531518,0.509799123869735,False
l(1)G0004,1.4195192,0.14793114,0.1557477231744825,0.5103942220039587,False
CG9586,1.4178718,0.007754572,0.1562281744393826,0.5115996397614426,False
SIFa,1.417156,1.9984857,0.1564373330687355,0.5120156896279585,False
Fic,1.4162254,0.06772009,0.15670952274737943,0.5127788442289126,False
Dcr-2,1.4156982,0.2639586,0.15686387757037423,0.5130910456749174,False
ATbp,1.4154952,0.78923607,0.1569233626629048,0.5130952746337974,False
hng2,1.4115973,0.25535268,0.15806856743325415,0.5164542627151648,False
lncRNA:CR43856,1.4097052,1.5010908,0.15862674248958808,0.5178495693289744,False
lic,1.4096155,-0.0010843094,0.1586532505987711,0.5178495693289744,False
Ube3a,1.4079559,0.16727927,0.15914414112391773,0.5191939321026323,False
CG10139,1.4052899,-0.06394284,0.15993510517970932,0.5215154385028685,False
CG8475,1.4044781,0.029813554,0.16017655251865492,0.5221731770398522,False
cnk,1.4037095,0.12367653,0.16040537032891955,0.5227728125273989,False
CG34136,1.4035931,0.31059757,0.1604400542518073,0.5227728125273989,False
CG11436,1.397508,0.15733321,0.16226085330544293,0.5285745843546915,False
CG4631,1.3964162,0.37050727,0.1625892060248295,0.5295129507738003,False
AnxB9,1.395592,0.2616867,0.16283740170076821,0.530189865151089,False
Actn,1.3902395,0.013444287,0.16445617591264683,0.5350627897172795,False
CG12288,1.3898082,0.43477896,0.16458712532001363,0.5353562905520542,False
Cyp4g15,1.3871089,0.4000859,0.16540854739666488,0.537895006518083,False
PolD3,1.3868734,0.3845115,0.16548037224576817,0.5379954407920929,False
CG17803,1.3855255,0.3030524,0.1658918411378265,0.5391997735325694,False
prod,1.3849399,-0.0026792225,0.16607083653506116,0.5396480867723142,False
Pdxk,1.3846464,0.1196154,0.166160625333436,0.5398063726839759,False
Ufd4,1.3826634,-0.021122832,0.1667680998235216,0.541512132389646,False
Gat,1.3785249,0.47952387,0.1680412683900886,0.5452420513368282,False
Nup214,1.3782905,0.1797111,0.1681135927127978,0.5453420690789622,False
wdn,1.3747953,0.17786525,0.16919490669184123,0.5485788968264212,False
PpD3,1.373606,0.05181138,0.1695640300797252,0.5496400886230066,False
ATP7,1.3730239,0.39342165,0.16974491041339768,0.5499550955972532,False
Mat1,1.3727822,0.028221982,0.169820069327964,0.5500629852203045,False
Jra,1.3719043,0.018995913,0.17009325636636163,0.5506763936709431,False
CG7453,1.3706055,0.198256,0.17049798446122366,0.5518507423164878,False
CG11975,1.3699178,0.02822078,0.17071257258293804,0.5522513614234487,False
CG43740,1.3698822,-0.017589753,0.17072368163285845,0.5522513614234487,False
Rtc1,1.3698049,1.0532715,0.17074783360957857,0.5522513614234487,False
cbt,1.3681259,-0.03451786,0.1712726831011413,0.5538125808641973,False
CG17646,1.3674904,-0.03743867,0.17147164514531343,0.5542967563760066,False
Pi4KIIIalpha,1.3673782,-0.04060785,0.17150678117531715,0.5542967563760066,False
mRpS34,1.3669617,-0.08740705,0.17163731629624523,0.5543264882755712,False
mip120,1.366945,0.1259325,0.17164252954823067,0.5543264882755712,False
shv,1.3646693,-0.021551002,0.17235701464011854,0.5562238529925829,False
PIG-A,1.3641279,0.5520273,0.17252734167057482,0.5566368271281669,False
ple,1.3601688,0.28425142,0.17377650242224052,0.5602544205914285,False
ssp6,1.359348,-0.015046803,0.17403630636314915,0.5608910639215431,False
Bhmt,1.3592753,0.5739344,0.17405933784887395,0.5608910639215431,False
nito,1.3590434,0.18190871,0.17413285781732868,0.5609904105362874,False
RIOK2,1.3570913,0.26849404,0.1747522015864751,0.5624341614126547,False
sd,1.3560312,0.0052044606,0.1750892523069445,0.5632430513012381,False
CG12817,1.35494,-0.0035910758,0.17543664665759662,0.564084407567281,False
az2,1.3542242,0.2745212,0.1756648687939305,0.5646800491245207,False
Irk3,1.3520575,0.9543597,0.1763569259481068,0.5667660464377774,False
mus201,1.350334,0.06967511,0.1769088587867792,0.5682155488186177,False
CG6912,1.3501093,-0.051029146,0.1769809178384143,0.5682155488186177,False
HipHop,1.3490206,0.38542926,0.17733036043040196,0.5691984041074528,False
Nep4,1.3488674,1.0419765,0.17737955945284878,0.5692172871232932,False
Tsen15,1.3486608,0.95958287,0.1774459196855317,0.5692912184051689,False
CG18428,1.3466655,-0.047671653,0.17808798151889915,0.571072270653942,False
drosha,1.3446535,0.12334534,0.17873714415190967,0.5729035821387838,False
CG42542,1.3444605,-0.0881535,0.1787995072520555,0.5729344854423949,False
MESR3,1.3429452,0.31059024,0.17928972636835117,0.5739908120029338,False
spel1,1.3429015,0.47559977,0.1793038797102232,0.5739908120029338,False
Larp7,1.3421674,0.50472313,0.17954172992677497,0.5746122437817218,False
Pcb,1.3419768,0.043246258,0.17960354918705224,0.5746701338853308,False
CG42233,1.340862,0.16318558,0.17996525142903863,0.5754071457491476,False
achi,1.3399353,0.6727017,0.180266370615764,0.5761382146939769,False
Coa8,1.3398886,-0.047135253,0.18028158730854826,0.5761382146939769,False
Rpt3,1.3396615,-0.053325336,0.18035542067560406,0.5762340343054007,False
Akr2E3,1.3386339,-0.04526176,0.18068990138782803,0.5771623709619466,False
alpha-Man-IIa,1.3381121,0.050155405,0.1808598986343326,0.577564988567136,False
Tango1,1.3368543,-0.03624673,0.18127019483487838,0.5784535284908054,False
CG10077,1.3352152,0.001586853,0.1818059283576532,0.5798814816863885,False
DCAF12,1.3332365,0.1932421,0.18245421535288764,0.58180801843055,False
CG12253,1.3328575,-0.026629316,0.18257859393183273,0.582063392250901,False
CG12535,1.3317814,1.6423206,0.18293201930376457,0.5829072904148327,False
MRP,1.3314546,-0.028158875,0.18303946846592867,0.583108280026853,False
CG12945,1.3291855,-0.049979266,0.1837867990740808,0.5852053129712856,False
CG42518,1.3271108,2.9870589,0.18447203359849929,0.5869605311181306,False
Noc2,1.3263779,0.241722,0.1847145655233634,0.587447750615324,False
l(1)G0469,1.323054,-0.004037169,0.18581743233573011,0.5906692980947822,False
hb,1.3207102,0.44059446,0.1865980329583784,0.5928638179656796,False
CG7101,1.3191615,0.32570916,0.18711512371683348,0.5942193911945164,False
cal1,1.317312,-0.017190343,0.1877340738331491,0.5960409432813271,False
Cap-G,1.317088,0.29654956,0.1878091181654653,0.5961351743508163,False
CG14130,1.3156694,0.28461394,0.18828504300435978,0.5975015093263202,False
CG34310,1.3146989,1.6994133,0.18861109907887685,0.5983917076280832,False
Epp,1.3132787,0.372007,0.18908904278476568,0.5997632419103562,False
TMEM216,1.3130053,-0.04041401,0.1891811675850149,0.5999106474987165,False
CG34150,1.3128011,-0.071314335,0.18924998958005212,0.5999841044804499,False
CG1722,1.3112706,0.34294686,0.18976635100873318,0.6010411228261661,False
CG3277,1.3109407,0.586213,0.18987779754748568,0.6012491897762673,False
CG11882,1.3104386,0.13895413,0.19004747692692114,0.6016415066963794,False
CCHa1-R,1.3101726,0.5961525,0.19013746011932675,0.6017813977427922,False
Trl,1.3090857,0.2579341,0.19050530451158676,0.6028004350076479,False
CG5114,1.308318,0.29078457,0.19076546751746326,0.6034783362173771,False
Naa30A,1.3081719,-0.08536075,0.19081503952438728,0.6034898759061307,False
cav,1.3076899,0.5468776,0.19097851069082072,0.6037162879451708,False
asRNA:CR43957,1.305768,0.5235432,0.1916314526109848,0.605489040336848,False
Gfat1,1.3035905,0.4956718,0.19237323455917243,0.6076867008033858,False
GstD3,1.3020848,1.5085169,0.19288739064794713,0.6090180683576822,False
Col4a1,1.3010912,0.35921124,0.19322723605293401,0.60994453734605,False
D19A,1.3002542,0.068939775,0.1935138463295515,0.6107025587455898,False
Gel,1.2999966,0.22793043,0.19360211728000265,0.610776880965707,False
LBR,1.2999142,0.7954087,0.19363035431878362,0.610776880965707,False
Cog2,1.2979897,0.16896959,0.19429087477407114,0.6124193776459748,False
Rab3GAP1,1.2974142,0.12337702,0.19448871455980254,0.6128959707506871,False
ix,1.2970738,0.061697856,0.19460578612144763,0.6131178699165533,False
CG7084,1.2965204,0.43306115,0.19479627082953455,0.6135054149806897,False
mirr,1.2963982,0.1386785,0.19483835296868668,0.6135054149806897,False
sano,1.2963096,-0.012933779,0.19486885336956083,0.6135054149806897,False
Sce,1.2957464,0.012730483,0.19506285924219768,0.613969109772867,False
CG13185,1.2954652,0.065926224,0.1951597819383435,0.6141270820047346,False
Sod3,1.2944713,0.17374477,0.1955026940921719,0.6149116570285378,False
Cubn,1.2937596,0.6303105,0.19574847437669662,0.6155373777899427,False
ema,1.2919495,0.020286392,0.19637463161464364,0.6172109624606631,False
Cbs,1.2909018,-0.028415773,0.1967377501335047,0.6182043937121915,False
gig,1.2907238,0.298471,0.19679945804472077,0.618250460952827,False
Hen1,1.2897902,1.1614107,0.19712352279549927,0.619031201679229,False
Rfx,1.2897364,0.021505076,0.19714219458394133,0.619031201679229,False
crim,1.2890476,0.033186212,0.1973815498526147,0.6194867319353259,False
hec,1.2880903,1.06406,0.19771452745371354,0.6203335031571532,False
CG42399,1.2880006,0.09071094,0.19774576095619167,0.6203335031571532,False
CG10147,1.2878513,0.15888959,0.1977977350419764,0.6203484573237737,False
L2HGDH,1.2865653,-0.03498657,0.19824585317971355,0.6216055253244132,False
CG5742,1.2850751,-0.0073875254,0.19876605931095104,0.6230879736176544,False
tho2,1.2847142,-0.027214153,0.19889217663161363,0.6233346275020355,False
CG6230,1.2838845,0.26211217,0.19918234660856027,0.6239654960426047,False
Hmx,1.2838671,0.4029691,0.19918843740192727,0.6239654960426047,False
Adf1,1.2829483,-0.05167436,0.19951022462941026,0.6248245619292374,False
nmdyn-D6,1.2806507,1.6011559,0.2003163538598084,0.6270503111176137,False
pps,1.2803932,-0.031498928,0.20040688608526258,0.6271843034166316,False
CG1172,1.278481,-0.03855685,0.20107987908744362,0.6291406407352611,False
CG31717,1.2782706,-0.039037023,0.20115403066800974,0.6292228319467545,False
Ran,1.2771338,-0.01015322,0.2015549850552416,0.6301770303618677,False
dind,1.2685348,0.06882532,0.20460702567594424,0.638504137831295,False
CG5664,1.2672944,0.5904509,0.20505002664817706,0.6397346629116085,False
CG4020,1.2668543,2.9048374,0.20520739250124231,0.6400736636265905,False
CG12341,1.264724,-0.002378702,0.20597029511638232,0.6419961214716271,False
CG13895,1.2620913,0.23123094,0.20691596358395015,0.6444183616905759,False
dor,1.2617474,0.38466102,0.2070397009811702,0.6444183616905759,False
fal,1.2607162,0.3268665,0.20741109597048524,0.6454153947781545,False
lncRNA:CR45473,1.2600464,0.19213735,0.20765263620379637,0.6460140370156459,False
CG5618,1.2570736,0.3897371,0.20872696763079757,0.6488542803637581,False
loj,1.2565391,0.14142779,0.2089205668880153,0.6491901559412175,False
GABA-B-R3,1.255423,0.008654269,0.20932527539952517,0.650293958398383,False
mTerf3,1.2526362,-0.006248346,0.2103381220260293,0.653286046216982,False
asRNA:CR45134,1.2503694,1.4044365,0.2111646472902261,0.6556981639983132,False
Sol1,1.250128,0.43300182,0.21125278266158343,0.655816871475518,False
lncRNA:CR44831,1.2475065,0.73169756,0.21221183889801154,0.6583276144850732,False
CG9801,1.2444274,-0.003417022,0.21334229647558356,0.6615826476960086,False
SNF4Agamma,1.2443744,-0.055572595,0.21336178836737574,0.6615826476960086,False
CG8861,1.2418183,0.009374482,0.2143036213864289,0.664346281820963,False
AstA,1.2412052,0.496355,0.21452994105447687,0.6648910272162455,False
Otud6,1.2407051,0.037237275,0.21471469408700405,0.6651498809517492,False
Rca1,1.2390405,0.083289064,0.21533050647288476,0.6669003501202401,False
Rat1,1.2377855,0.11643145,0.21579563874904528,0.6681834327995297,False
twf,1.2372006,-0.0020179087,0.21601261297330943,0.6683827989362513,False
fy,1.2358117,0.87540907,0.2165285562151673,0.6698215059377386,False
Ravus,1.2343532,0.16467172,0.21707131536806834,0.6713424700521973,False
crok,1.2334095,0.27482435,0.2174230251039846,0.6722719936215203,False
CG31122,1.2326607,-0.078640744,0.21770237803894454,0.6729079207216021,False
CG3223,1.2325838,0.08150903,0.21773110713859312,0.6729079207216021,False
CG30197,1.2322979,0.032410856,0.21783781845463257,0.6730794197771753,False
CG7632,1.232053,0.12567435,0.2179292533021473,0.6732036477770376,False
CG10254,1.2310046,-0.05659825,0.21832116075942876,0.674255786965841,False
cm,1.2304232,-0.011607873,0.21853865546958773,0.6747689077833299,False
CG13365,1.2269152,-0.03944295,0.2198544529891202,0.6785127681376301,False
pic,1.2252119,0.039553735,0.2204953937961036,0.6801713544306567,False
CrzR,1.2248503,0.4804502,0.2206316422980411,0.6804319200747614,False
snoRNA:Psi28S-3342,1.2242194,3.1969023,0.22086945663846858,0.6810055208085677,False
bs,1.2228,0.074777514,0.22140524725649557,0.6824973854556905,False
Chrac-16,1.2187312,0.13502982,0.2229462428871951,0.6864424971369801,False
Naxd,1.2157086,0.048899055,0.2240959618428926,0.6898208092240458,False
snoRNA:Psi28S-1153,1.2153245,3.7909446,0.22424235193617925,0.6899481963927258,False
CG32647,1.2118378,-0.005698413,0.22557448970390614,0.6933975132629311,False
Rdh1,1.2115786,0.20750463,0.22567372004434239,0.6935403075544208,False
asRNA:CR45789,1.2108817,3.0633056,0.2259407598396067,0.694198626385848,False
CG14322,1.2070631,0.044239346,0.22740785067641278,0.697748963982371,False
PhLP1,1.2068678,0.22522925,0.22748307391019384,0.697748963982371,False
Golgin104,1.2038219,-0.031320404,0.22865840481493027,0.7009230416128083,False
Blos4,1.2038107,0.083552346,0.2286627409933878,0.7009230416128083,False
CG42360,1.2036023,-0.021386167,0.2287433447604933,0.7010065982970247,False
PLCXD,1.2033973,0.45110402,0.22882262236244144,0.7010860528013156,False
CG11755,1.2027285,0.055455912,0.22908138282800528,0.7017152568165076,False
Snx3,1.20189,-0.08620236,0.22940613782502683,0.7025462729337398,False
gukh,1.2004752,0.06859854,0.2299548294028071,0.7040625380201044,False
CG10669,1.1998417,0.37242383,0.23020082793978036,0.7046515443644662,False
asRNA:CR45629,1.1964312,23.067944,0.23152835032073849,0.7083851109580499,False
woc,1.1959697,-0.06459594,0.2317083694563724,0.7087708759371951,False
Mfap1,1.1948562,-0.005131072,0.23214320882546202,0.7099357475390728,False
CG14982,1.1946342,-0.075044975,0.23222997404160717,0.710035851298455,False
repo,1.1939268,0.4597394,0.23250659720565414,0.7107162581715518,False
Topors,1.1936955,0.11450125,0.23259709112685711,0.7107538221192552,False
wac,1.1936189,0.21750031,0.23262705950345608,0.7107538221192552,False
CG11902,1.1933962,0.14064543,0.23271425581216143,0.7108549594671346,False
Nop10,1.1930457,0.79649967,0.2328514552557368,0.7111087551744452,False
Glg1,1.1897473,0.10931388,0.23414569914079308,0.7143971749266687,False
Dph1,1.1894411,0.21179381,0.23426615443445675,0.7144329392952417,False
CG31550,1.188198,-0.050965816,0.2347554223071382,0.7156374842426787,False
CG4766,1.1881609,0.17164214,0.23477004752836073,0.7156374842426787,False
CG15435,1.1867855,0.9578597,0.2353122447703775,0.716625309044619,False
Sbat,1.1846211,0.05357249,0.23616728261685926,0.7190626183661138,False
lgs,1.1841543,-0.014336635,0.23635199327444645,0.7194583144821637,False
Polr1A,1.1815463,0.3208129,0.23738577340733047,0.722253754612737,False
amn,1.1814218,0.613946,0.2374352195363385,0.722253754612737,False
cv-c,1.1800236,0.2886007,0.23799083621898554,0.7235920702319463,False
PIG-F,1.1789016,-0.04131011,0.23843737636406126,0.7244637139422263,False
CkIIalpha-i1,1.1774721,0.4086623,0.23900714414034185,0.7256915159769484,False
CG13012,1.1754141,0.66362876,0.23982910432120896,0.727346932814449,False
CG8405,1.1744498,-0.014930385,0.24021489465424406,0.7283488534036504,False
Ssu72,1.173664,0.0789185,0.24052966884461013,0.729135035360328,False
Kdsr,1.1735177,0.2293604,0.2405882563217825,0.7291444364217121,False
PAN2,1.1732141,0.032954402,0.24070995819845298,0.7293450681775123,False
CG10365,1.1723849,0.17598288,0.24104257254409256,0.7300515440458619,False
Pex10,1.1722782,0.539551,0.24108541393797556,0.7300515440458619,False
CG17760,1.1722174,0.78722095,0.24110978625363677,0.7300515440458619,False
CG42540,1.1710528,0.05456402,0.2415775426367136,0.7312993521743961,False
RPA1,1.1691712,0.048354547,0.2423346654449069,0.733253474237053,False
CG17806,1.1663033,0.3433097,0.24349184363707543,0.7364157231840756,False
Hexo2,1.1659467,0.26588672,0.24363600106633276,0.7366821652123053,False
Klp31E,1.163657,0.2083396,0.2445630391193372,0.7389751430368383,False
CG30403,1.1623864,0.3207841,0.2450785181653965,0.7401923252611987,False
Rpt5,1.1616122,-0.06819813,0.2453930436960714,0.740827840248018,False
CG41520,1.1615909,0.58185387,0.24540168850160737,0.740827840248018,False
GluProRS,1.1608107,0.3921331,0.2457188646690056,0.741614974877217,False
Pak3,1.1583613,-0.049502708,0.24671660593744704,0.744284416580347,False
VGlut2,1.1558563,0.6340476,0.24773996624451555,0.7472001139360062,False
Polr3F,1.1551802,0.05090096,0.24801665711426002,0.7478629855756059,False
Ldaf1,1.1530476,0.06266826,0.24889088472177934,0.7499828287385697,False
fs(1)K10,1.1514049,0.22927399,0.2495657007050608,0.7516715271522356,False
Oatp74D,1.1511655,0.39776987,0.24966416174722306,0.7517957721173827,False
fog,1.1493187,0.71566343,0.2504246079488527,0.7537402137095449,False
tut,1.1491493,0.38344666,0.25049444286043665,0.7537777590174027,False
CG31886,1.1483537,0.59702754,0.2508225937141175,0.7545924230762863,False
ADD1,1.1479963,-0.059486486,0.25097009599881437,0.7547530443390241,False
Cand1,1.147946,0.071932554,0.25099085334156723,0.7547530443390241,False
MED1,1.1475859,-0.018063659,0.2511395428657711,0.7548546964316327,False
Dop1R2,1.1473709,-0.034441035,0.2512283706451748,0.7549490095239519,False
Gtpbp1,1.1441092,-0.041228767,0.2525783334667472,0.7588321627998457,False
tio,1.143873,0.12744725,0.25267633897022734,0.7589530903789159,False
CG3568,1.1413257,0.111853145,0.2537344276752489,0.7617829824264213,False
brun,1.1402934,-0.015561451,0.2541640989623801,0.7628986807822379,False
Syt12,1.1397631,-0.019566754,0.254385007325746,0.7633873901045052,False
Spn42Da,1.1368012,0.14640978,0.2556213929428559,0.7668998132021829,False
CG15743,1.1366798,-0.053094573,0.2556721772801738,0.7668998132021829,False
Sk2,1.1362551,-0.04559829,0.25584981585110345,0.7672575148560817,False
wls,1.1357523,-0.04733105,0.256060245591612,0.7676450296978086,False
CG10809,1.1339936,-0.06975846,0.25679720965763453,0.7689510261006051,False
Smyd5,1.1339295,0.15834148,0.2568241422688955,0.7689510261006051,False
Rh50,1.1336719,0.40483806,0.2569322169183784,0.7690993764292507,False
lncRNA:CR44294,1.1329502,1.5447426,0.25723518878463747,0.7697088402635125,False
Arl5,1.1327684,0.010551492,0.2573115390972993,0.7697088402635125,False
sstn,1.1319469,0.46449476,0.25765677362791706,0.7703908218986253,False
Ttc1,1.1316243,-0.08197484,0.25779241963197763,0.770621061506783,False
CG5850,1.1302087,0.28019202,0.25838828625413357,0.7720510390326442,False
Tbc1d22,1.1275288,0.3110542,0.2595189758775054,0.7750770140923405,False
CG31549,1.1235752,0.14968203,0.2611932726774968,0.7794056741304473,False
Cyp6u1,1.1235462,0.051024538,0.26120558472494404,0.7794056741304473,False
EndoGI,1.1227298,0.14519197,0.261552292430033,0.7802630362821937,False
Hph,1.1224053,-0.041842166,0.2616901769194021,0.7804971890371909,False
Fer2,1.1182641,0.6167455,0.2634542184720907,0.7850511918106602,False
CG7668,1.1182598,-0.067568004,0.26345603499619596,0.7850511918106602,False
CysRS,1.1158828,0.5202366,0.264472328172601,0.7877223174333975,False
grim,1.1142939,0.47652337,0.2651531258026518,0.7893922125447774,False
CG31183,1.1129355,0.2671229,0.26573610795684055,0.7907695187184878,False
ArfGAP3,1.1119571,-0.041987322,0.2661566273911077,0.7917785954569915,False
Vha68-2,1.1118661,0.6154399,0.266195710731983,0.7917785954569915,False
Ugp,1.110903,-0.044505842,0.26661007050204477,0.7926522480695408,False
CG9067,1.1100119,-0.022555372,0.2669938731793867,0.7936137723253385,False
Catsup,1.1086482,0.04437382,0.2675819733223054,0.7949757073567613,False
CG30183,1.1085287,0.4779153,0.26763355371328756,0.7949757073567613,False
Letm1,1.1068602,-0.060820926,0.26835438986284077,0.7969367315678171,False
Coq2,1.1064959,0.16776602,0.2685119680339436,0.7972245304866816,False
Arc1,1.1055197,0.06905363,0.268934497069683,0.7982986731404346,False
vkg,1.1046687,0.48644668,0.269303159189231,0.7991270327907799,False
CG12773,1.1013166,0.1538748,0.27075889413521215,0.802988631873352,False
CG8915,1.0968219,0.23749192,0.2727192418117257,0.808230300833518,False
bab1,1.0967109,0.058606274,0.2727677784235898,0.808230300833518,False
CG15312,1.0955324,-0.01876626,0.273283442686197,0.809379698070614,False
sNPF-R,1.0944723,-0.030711822,0.273747889705483,0.8105284910471313,False
Sec20,1.0943656,0.21341914,0.27379468623074465,0.8105284910471313,False
ZC3H3,1.0923277,-0.031308237,0.27468910759166376,0.8128100794555401,False
Abp1,1.0921134,-0.04119768,0.27478326579030476,0.8128856693156553,False
CG1105,1.0918485,-0.025931949,0.2748997193024051,0.8128856693156553,False
CG13896,1.0918473,1.011237,0.27490022939188585,0.8128856693156553,False
CG32112,1.0908115,-0.044736836,0.2753558270452484,0.8140497015076736,False
CG15478,1.0898728,0.19670784,0.27576916794104145,0.8149050226924276,False
CG10513,1.0894725,0.4235893,0.2759455668431592,0.8152429617549359,False
phol,1.0885845,-0.095655955,0.27633715736197584,0.8160329404255561,False
smo,1.0877131,0.34598547,0.27672178224252864,0.8168182856922291,False
Spps,1.0864252,0.38974842,0.2772909370295287,0.8182978224803585,False
AlaRS,1.0859103,0.18848634,0.2775186509482819,0.8187455229749445,False
CG14102,1.0858005,0.45809168,0.27756725552495076,0.8187455229749445,False
Myo31DF,1.0849203,0.49125597,0.2779569861155108,0.8195272054170805,False
ATPsynCF6L,1.0841521,1.3191836,0.278297362826432,0.8201627371388525,False
CG13995,1.0811001,-0.02443221,0.2796525882107189,0.8236025687308511,False
MsR2,1.0801413,0.35294434,0.2800792640089399,0.824489607603378,False
asRNA:CR45875,1.0786263,1.485467,0.2807543439579183,0.8259218343297526,False
ScsbetaG,1.0779178,0.049948182,0.2810704610646888,0.826666725347152,False
caup,1.077203,0.24072258,0.28138958372695067,0.827420120777771,False
Gem2,1.07356,0.32018206,0.28301992733954706,0.8316462907066832,False
CG17712,1.0735233,-0.019949267,0.2830364035169368,0.8316462907066832,False
lncRNA:CR45736,1.073285,0.5340108,0.2831432542897573,0.8316462907066832,False
Cep104,1.071538,-0.08730588,0.28392760372017656,0.8335774442553263,False
lncRNA:CR45018,1.0694463,0.75155586,0.2848686030256302,0.8359665726573932,False
CG1902,1.0693017,-0.112070076,0.2849337574299259,0.8359710887221826,False
mrt,1.0688797,-0.003854659,0.28512387772741254,0.8360124241858091,False
Lsd-2,1.0687057,0.54264134,0.2852023207994051,0.8360124241858091,False
CG5087,1.0683788,0.015529752,0.2853496588837623,0.8362577759570742,False
Tsp5D,1.0681591,0.79824847,0.28544872689297107,0.8363615875363507,False
CG17162,1.0635937,1.2538795,0.2875127907161864,0.8412838082390125,False
Tsf2,1.0630677,0.079821005,0.2877512475633015,0.8417941104695782,False
Shc,1.0621039,-0.021723526,0.2881885307818942,0.8426981493112755,False
CG8195,1.0617775,-0.08512491,0.2883367330465616,0.8429439397029734,False
CG42747,1.0594882,0.13663165,0.28937752410837714,0.8450466765129298,False
Kr-h1,1.0590298,-0.06032668,0.2895861969625284,0.8454681658041737,False
mip40,1.0584064,-0.009641266,0.2898702251287275,0.8461094243484247,False
parvin,1.0578382,0.016282992,0.2901292205259971,0.8465845581679649,False
Sec3,1.05615,0.20093754,0.29089972059287517,0.8481724491482078,False
cert,1.0555187,-0.04294295,0.29118815074596915,0.8488250862805636,False
wol,1.0553122,-0.048011836,0.2912825685282212,0.8489120055509769,False
Tsen34,1.0546156,1.1176517,0.2916011592931209,0.8494637185260258,False
CG30060,1.0536239,0.28353193,0.29205512608611495,0.8504091318186654,False
CG1537,1.05306,0.74223953,0.29231348266783763,0.8508731171205701,False
asRNA:CR45469,1.0529935,1.5201565,0.29234397106760324,0.8508731171205701,False
Svip,1.0526063,-0.07952755,0.29252144884842135,0.8512011424528576,False
RNaseZ,1.0500317,1.0011228,0.29370357855178986,0.8540736281808078,False
RpS13,1.0498533,0.04422863,0.2937855599963811,0.8541230185647001,False
Vps8,1.0497036,0.09515004,0.2938543935795609,0.8541341707650983,False
Cht11,1.0485681,0.55310196,0.29437695621679383,0.855463861487149,False
CG15536,1.0461729,0.0049089985,0.2954812562791511,0.8584110948441251,False
CG13096,1.0459399,0.13757405,0.29558874919464995,0.8584158570534575,False
htt,1.0451165,-0.041049972,0.2959691127365135,0.8591729037735866,False
gb,1.0450926,0.16493085,0.2959801944587951,0.8591729037735866,False
Gorab,1.0448694,0.40424225,0.2960833392901969,0.8592825003561125,False
CG2202,1.0439287,0.12218215,0.2965183492867227,0.8603549631214006,False
CG11555,1.0421237,-0.054280434,0.29735432902367964,0.8623997434782994,False
blo,1.0414813,0.6771945,0.2976522366243337,0.8630732659930205,False
dmt,1.0396178,1.2192216,0.29851749398660665,0.8652003503480367,False
Acph-1,1.0385345,0.13682461,0.29902129261293997,0.8662556348641457,False
CG12716,1.0383748,1.0118994,0.29909562435574943,0.8662556348641457,False
CG43861,1.0383523,0.25183827,0.29910606418352537,0.8662556348641457,False
eIF1,1.0382274,-0.00035186185,0.299164207672438,0.8662556348641457,False
CG14712,1.0381265,0.32726693,0.29921119600094037,0.8662556348641457,False
CAP,1.0376832,0.12571022,0.29941757085091336,0.8666621802977649,False
neur,1.0372349,0.55376595,0.2996263833406593,0.8670045923868855,False
CG10731,1.036994,-0.031861793,0.29973866694000606,0.8670045923868855,False
Nbr,1.0368629,-0.030145979,0.2997997768667535,0.8670045923868855,False
Pdrg1,1.036244,0.2297094,0.30008831344711706,0.8675469149046925,False
TppII,1.0359501,-0.018589988,0.3002254331604912,0.8676528814320201,False
Myt1,1.0358158,0.12206836,0.30028805302129424,0.8676528814320201,False
CG6357,1.0355598,0.22475578,0.30040754214801424,0.8677266093592992,False
CG3224,1.0354782,-0.039777216,0.30044563371012944,0.8677266093592992,False
CG12343,1.0337045,-0.102147214,0.3012743338016195,0.869737702215967,False
Tdp1,1.0333599,0.025804745,0.30143551585963646,0.8698459028040856,False
PIG-U,1.0330957,0.06530729,0.3015591095508746,0.8699646338304633,False
CG10584,1.0329704,0.16869552,0.3016177514444556,0.8699646338304633,False
Scgalpha,1.031658,-0.12895967,0.3022323184115633,0.8713547380970499,False
CG9394,1.0310013,0.11677449,0.3025401861755963,0.8720510170066925,False
Cyfip,1.0306846,-0.021203406,0.3026887552430936,0.8722879238266431,False
Tnpo-SR,1.0301919,0.24292932,0.30291995910972935,0.8725714999256803,False
RpS15Ab,1.0299312,-0.030376013,0.30304232323648583,0.8727326692199563,False
Inx3,1.0289298,0.29503596,0.3035126595042684,0.873895674527956,False
Hs3st-B,1.0280577,-0.079976685,0.3039227139978501,0.8748846406671956,False
Cyp49a1,1.0277634,0.9885711,0.30406117903645213,0.8750915360749053,False
foxo,1.026082,0.9416375,0.3048529250402702,0.8767941098608426,False
Dnaaf5,1.0237862,0.38464183,0.3059362934204365,0.8795250124344686,False
SA1,1.021346,0.029849697,0.3070905321055424,0.8824200357460923,False
CG43273,1.0212315,0.55293083,0.307144756373383,0.8824200357460923,False
CG3168,1.0206072,0.1624891,0.30744053672110727,0.8830767416507258,False
GstE1,1.0190536,1.1059911,0.308177507349506,0.885000136381088,False
Atg7,1.0179842,0.2534218,0.3086854608974926,0.8862651609468977,False
CG32533,1.016919,0.2531258,0.3091919436424917,0.887525410966794,False
CG31705,1.0155677,0.20634335,0.3098353083081363,0.8888024229617622,False
alphaCOP,1.014388,-0.038866736,0.3103976396999657,0.890014266484235,False
CG41378,1.0129182,0.046453454,0.31109919131164865,0.8918312550232057,False
bip1,1.0122584,0.22265632,0.31141449100688523,0.8925404201355461,False
cue,1.0104862,-0.09302216,0.31226237032460546,0.8943604645659008,False
TH1,1.0103192,0.007542159,0.31234238845381546,0.8943604645659008,False
eIF3a,1.0102202,-0.07755658,0.3123898129790339,0.8943604645659008,False
Lgr1,1.0093921,0.62000364,0.3127866233638643,0.8951064933851351,False
CG8611,1.006923,0.16819145,0.3139717961059013,0.8978298774770896,False
wal,1.0068402,-0.0068224575,0.31401157574649596,0.8978298774770896,False
beat-Vb,1.0061436,-0.04807369,0.31434648809312493,0.8985101163414071,False
SIFaR,1.0058995,0.20913924,0.3144638838328563,0.8985101163414071,False
Cpes,1.0058938,0.035431705,0.3144666748905566,0.8985101163414071,False
nod,1.0056814,0.7419515,0.3145688388098159,0.8985101163414071,False
Traf6,1.0056347,-0.05480669,0.3145913587464283,0.8985101163414071,False
RpLP0-like,1.0040752,-0.028166635,0.3153423812408519,0.9004594158813635,False
Got1,1.0024542,-0.05272829,0.31612426736141885,0.9024959803164034,False
CG42673,1.0002253,-0.04819783,0.31720150714766404,0.9049815469881574,False
dnt,0.9993744,0.23362796,0.3176133728314804,0.9058162173325532,False
CG3253,0.99929273,-0.083349526,0.3176528929088184,0.9058162173325532,False
Ddx1,0.9991373,0.27308625,0.3177281960044068,0.9058162173325532,False
Bmcp,0.9990514,-0.033446435,0.31776978631025576,0.9058162173325532,False
disp,0.99678457,-0.0016508756,0.318869098351499,0.9082083774707436,False
CG11597,0.9966488,0.03583498,0.3189350122050323,0.9082083774707436,False
CG7987,0.99400365,-0.05305649,0.32022107935856914,0.9112224347879943,False
AP-1mu,0.9928627,-0.09603488,0.3207768691671292,0.9124308234167035,False
Grip71,0.9900149,0.43162414,0.32216683126691636,0.9161448865611694,False
mIF3,0.9898339,0.10244288,0.32225531136189667,0.9161448865611694,False
Alp12,0.9894746,0.6407718,0.32243099510327333,0.9161448865611694,False
Nrk,0.9894583,0.075607546,0.32243893922421496,0.9161448865611694,False
Fibp,0.9883433,-0.093255475,0.32298455158543105,0.9174427937117381,False
Coq8,0.9881464,0.09067857,0.3230809431361089,0.9174427937117381,False
grp,0.9880969,-0.05207911,0.3231051860054732,0.9174427937117381,False
CG44245,0.98716825,-0.020493107,0.323560148961765,0.9183377791590829,False
Ork1,0.98561656,1.5576423,0.324321309752466,0.9201006760486087,False
Zcchc7,0.9852491,-0.053130113,0.32450171532943817,0.9204137796555464,False
Polr3H,0.98494244,0.17622225,0.3246523565312134,0.920642342938428,False
IntS12,0.9821685,0.50675136,0.32601684328769087,0.9235152700244763,False
Spf30,0.9818324,-0.050859477,0.3261824250599351,0.9237851826966826,False
cold,0.9814085,0.024263764,0.3263913379971548,0.9241776713252772,False
APC10,0.98008496,-0.0642984,0.32704417850575696,0.92579372260917,False
CG1620,0.9791799,-0.10721396,0.3274910856408604,0.9266925832055439,False
Rab3-GAP,0.9787324,0.38333213,0.3277122027809666,0.9271186343906742,False
CG9360,0.97646904,3.0321035,0.32883207697048045,0.9296759024688813,False
ko,0.9761237,0.1309635,0.3290031847709949,0.9296759024688813,False
CG34132,0.97599024,-0.09619189,0.32906930569938697,0.9296759024688813,False
SrpRbeta,0.9759469,-0.08612639,0.3290907728958754,0.9296759024688813,False
CngA,0.97518307,0.26039264,0.3294694730131562,0.9296759024688813,False
lncRNA:CR45706,0.9749351,0.06911202,0.32959244343225513,0.9296759024688813,False
pyd3,0.9748922,1.1740155,0.3296137408613117,0.9296759024688813,False
ana1,0.97484887,0.19915469,0.3296352310625731,0.9296759024688813,False
Nmdmc,0.9748485,0.58499986,0.3296354229434577,0.9296759024688813,False
CG14715,0.974623,-0.033659454,0.3297473018152406,0.9296759024688813,False
CG10055,0.9746215,-0.016492335,0.3297480695082152,0.9296759024688813,False
lncRNA:CR45962,0.9735149,0.054584872,0.33029745840599645,0.9310250752709565,False
Got2,0.9709653,-0.010470125,0.3315655534979486,0.9338959586714863,False
CG1074,0.9708957,-0.07071561,0.3316002239678225,0.9338959586714863,False
Cables1,0.96933895,-0.07505005,0.33237610628886727,0.9352793175036412,False
CG13766,0.9688033,0.13230166,0.33264335787833343,0.9358309496637078,False
CG6791,0.96830857,0.10646718,0.33289027876586863,0.9363007444973268,False
CG9344,0.9681833,-0.056549165,0.3329528482639075,0.9363007444973268,False
CG34324,0.96787035,2.0749433,0.33310911203700366,0.9365397606500354,False
CG2691,0.9674859,0.21213458,0.33330117460357356,0.936879301703863,False
lncRNA:CR46268,0.96622777,0.03793142,0.3339302249690651,0.9380602264561438,False
CG5567,0.96621734,-0.052260384,0.3339354493084119,0.9380602264561438,False
ltl,0.9657876,0.4936771,0.3341504669087446,0.9383821356625633,False
Etl1,0.9641786,-0.0470403,0.3349563660521486,0.9402493824211722,False
Hug,0.9609793,0.52319103,0.33656258290201146,0.9442290567709932,False
crm,0.96045095,0.18492873,0.3368283020048196,0.9447728317279263,False
CG16868,0.9602158,0.14295791,0.33694661566815576,0.9448414317984343,False
CG43367,0.960041,-0.044152282,0.33703458985109014,0.9448414317984343,False
CG12219,0.9599737,0.091511495,0.337068459955183,0.9448414317984343,False
Dmel_CR45557,0.95753586,0.17022835,0.33829685049673597,0.9472744326395923,False
Lkr,0.95713365,0.68532103,0.3384998118454634,0.9476408239159,False
Spt-I,0.95657396,-0.081379615,0.3387823313548515,0.9482297372383607,False
bnl,0.9552845,0.72486985,0.339433854026441,0.9497570935966935,False
homer,0.9552079,-0.11329194,0.3394725719978441,0.9497570935966935,False
CG34149,0.95495844,0.19366898,0.33959871836413,0.949907781614098,False
CG40470,0.95385385,0.78415275,0.34015764391080106,0.9512686951759601,False
Cht2,0.95248467,3.0853364,0.34085124755957275,0.9528028598554235,False
Sgip1,0.95160437,-0.07773929,0.3412976696533694,0.953645051438428,False
unmet,0.9511596,0.01187493,0.3415233766938427,0.9539879592917295,False
Agpat1,0.95107645,-0.037428703,0.3415655846942841,0.9539879592917295,False
CG9213,0.9504936,0.21438101,0.3418615270324413,0.9546116291401002,False
Lmpt,0.9501002,0.020384662,0.34206133660844007,0.9549666505994286,False
CanB,0.94850904,0.043464493,0.34287037462340264,0.9568187710609756,False
PGAP3,0.94806427,-0.039051995,0.3430967462289629,0.9570440123529615,False
SH3PX1,0.94724196,0.07335002,0.3435154898392604,0.9578054428130109,False
CG34155,0.94641274,-0.061622385,0.3439381092244195,0.958780376181183,False
Cog4,0.94575137,-0.014822017,0.34427541757620994,0.9595171288163256,False
CG8066,0.9441691,0.016018031,0.3450832497031,0.9611570547580409,False
CG13784,0.94389564,-0.028272426,0.34522298034658316,0.9613424845803029,False
CG17361,0.94258374,-0.08091872,0.3458938728527091,0.9627965065411611,False
CG4497,0.94154835,-0.04041373,0.3464239339739553,0.9636657316578635,False
spi,0.94075006,-0.071143195,0.3468329706034756,0.9645993791958251,False
Mad1,0.940016,-0.030701274,0.34720938112911026,0.9652376723963694,False
dpr14,0.9389051,-0.01089271,0.3477794489553355,0.9663896773775722,False
CG7156,0.9388367,0.017484676,0.3478146014264285,0.9663896773775722,False
kumpel,0.93877864,0.6764212,0.3478443934248472,0.9663896773775722,False
Sik2,0.93859106,-0.06913497,0.3479407319914297,0.9664530034029545,False
del,0.93704283,0.14726566,0.3487365205323242,0.9682540917632099,False
lncRNA:CR45918,0.93546134,1.6048574,0.34955059854399206,0.969991905396054,False
sfl,0.93539673,-0.05672716,0.3495838721524779,0.969991905396054,False
Blm,0.93513566,0.040325463,0.34971838177318026,0.9701602817988942,False
eIF5,0.9346785,-0.12723072,0.34995400217355466,0.9706090212247113,False
CG5787,0.93415016,-0.035809923,0.35022642665098325,0.9711596270564614,False
Nf-YA,0.9327582,0.1197149,0.3509448272936573,0.9729464083261499,False
RpL36A,0.9314544,0.058784597,0.3516185631363893,0.9744031080082859,False
CG33116,0.930976,-0.063466385,0.3518659981546436,0.9745162341637912,False
mPges2,0.93078256,-0.1057905,0.3519660435933888,0.9745162341637912,False
Tkt,0.93054044,0.17755911,0.3520913258719267,0.9745162341637912,False
Prosalpha1,0.93051535,1.4936036,0.35210433603300206,0.9745162341637912,False
Vhl,0.9285316,-0.084990785,0.35313189725284244,0.9768007411984004,False
Myo95E,0.9277944,-0.059798498,0.3535142345899499,0.9775948141301625,False
Sf3b3,0.92689514,0.65153337,0.3539809761185806,0.9786795723068099,False
Polr3I,0.92589575,-0.093509614,0.35450016828726416,0.979422650615727,False
CG5895,0.925753,0.44476664,0.3545743491154869,0.979422650615727,False
Snx21,0.92436606,-0.08330667,0.35529576049982536,0.980664059804286,False
Dronc,0.9241112,0.34736937,0.35542843509848665,0.9807927653003297,False
rk,0.9239897,0.57283306,0.3554916628205974,0.9807927653003297,False
Frmd5,0.92340225,-0.057467103,0.3557976321452275,0.9814308740597051,False
NSD,0.9215233,0.28971115,0.35677728452594837,0.9837201628106352,False
Lac,0.9196134,0.15548925,0.35777480938962225,0.9858706390901292,False
Reck,0.9195991,0.59625286,0.3577822903752246,0.9858706390901292,False
CkIIalpha-i3,0.91870606,-0.09284548,0.35824933908014733,0.9867437780029797,False
kibra,0.9185196,-0.009284506,0.35834688310480045,0.9867861042946786,False
Nup37,0.9177987,0.8776048,0.35872426450356754,0.9872299882872974,False
Pgant6,0.9177507,0.26703873,0.35874937813615726,0.9872299882872974,False
wds,0.9173945,-0.06439863,0.3589359422119437,0.9872299882872974,False
LSm1,0.91736436,-0.048178367,0.35895174522766204,0.9872299882872974,False
tef,0.9170147,0.11734432,0.35913493003495844,0.9875271219061287,False
CG16753,0.91683793,-0.01595066,0.35922755798360984,0.9875751756197944,False
CG32075,0.9166264,0.2977165,0.3593384474979422,0.9876734027547497,False
CG3700,0.9141402,0.36800408,0.36064316243563443,0.9902147080327036,False
lncRNA:CR43995,0.9139379,1.6484839,0.3607494482906065,0.9902147080327036,False
ZnT63C,0.91340345,-0.059223432,0.36103039764258726,0.9902526519351366,False
Shmt,0.9131853,0.028987948,0.3611450936745344,0.9903605333841937,False
CG1344,0.91059047,-0.10156829,0.3625111999918902,0.9938993697253138,False
CG8745,0.90955776,0.027526442,0.36305577232254516,0.9948508818672316,False
Spt5,0.9093582,-0.09488024,0.3631610745237889,0.9948508818672316,False
Ccs,0.9089409,0.06439607,0.36338133217354995,0.9950394011445342,False
CG2209,0.9086017,1.3892515,0.3635604168682285,0.9951150672912706,False
Hrd3,0.9076185,-0.014284462,0.36407980889490943,0.9959143981448803,False
mRpL3,0.9058649,-0.08374541,0.36500736569018066,0.9980361615760849,False
CG34039,0.90292156,0.08413833,0.36656751889230166,1.0,False
Rpn13R,0.9026535,2.3689857,0.3667097995813309,1.0,False
List,0.8997945,0.5866776,0.36822960203986477,1.0,False
Fhos,0.89919156,0.36412972,0.3685506339327528,1.0,False
Tsp42Ef,0.897127,0.3530013,0.3696511623652514,1.0,False
CG44002,0.8970322,0.87529355,0.36970172267032575,1.0,False
lncRNA:CR45527,0.8967433,0.22273143,0.3698559065375664,1.0,False
rig,0.8962556,0.25524464,0.3701162727591961,1.0,False
Lgr4,0.89541787,1.6090646,0.3705637654440166,1.0,False
Vps53,0.89492744,0.068112694,0.37082588837422215,1.0,False
BicDR,0.8941802,0.21857032,0.3712254956445391,1.0,False
FucTB,0.8936027,0.5099745,0.3715344848394663,1.0,False
Usp14,0.8934616,-0.049943667,0.3716100489911285,1.0,False
Krn,0.89328015,0.24831168,0.3717071577426184,1.0,False
Bet1,0.89172226,-0.10998229,0.37254182279506975,1.0,False
CG12672,0.88784873,0.05872655,0.37462211673372414,1.0,False
CG9286,0.8878441,-0.021684762,0.3746246136475271,1.0,False
CG17271,0.88698703,-0.07520866,0.37508588677208754,1.0,False
E23,0.88573813,1.1410491,0.3757586496439276,1.0,False
l(2)k05819,0.8856155,0.034469392,0.3758247368069152,1.0,False
Scamp,0.8855517,-0.0599882,0.37585913832773377,1.0,False
CG2614,0.8847321,0.42873406,0.37630111005254563,1.0,False
corn,0.8826653,-0.07255073,0.37741716174148576,1.0,False
Ctu2,0.88228005,0.28641698,0.3776253937234072,1.0,False
CG8768,0.8818248,0.08438784,0.3778715583078536,1.0,False
svp,0.88159585,0.098443985,0.3779954099696827,1.0,False
Dip-C,0.87984455,-0.064167656,0.3789435346853839,1.0,False
Tsr1,0.8784595,0.13198844,0.3796944010493626,1.0,False
CG9356,0.8777374,0.24305658,0.3800862373550723,1.0,False
CG6928,0.8756322,1.1765208,0.38123000376400473,1.0,False
ssp,0.874176,0.061756507,0.38202239795664583,1.0,False
CG7099,0.87093294,0.27028045,0.38379075890141057,1.0,False
asRNA:CR45528,0.8704193,1.067131,0.38407128740395935,1.0,False
CG33155,0.86994284,0.86513925,0.3843316489084634,1.0,False
Usp20-33,0.8697951,0.12043798,0.3844123998069843,1.0,False
slpr,0.8692602,-0.07231298,0.3847048386786964,1.0,False
Mlp84B,0.86908615,0.12812392,0.3848000216521893,1.0,False
yem,0.86858565,0.24218485,0.38507380580971684,1.0,False
Rrp6,0.86579084,0.09462624,0.38660486886590384,1.0,False
Tsp86D,0.8656876,-0.037152737,0.38666151257568315,1.0,False
Fkbp14,0.8640527,0.35619757,0.387558939837622,1.0,False
CG9948,0.86356807,0.00043154624,0.38782520595156733,1.0,False
RPA2,0.86270094,0.5157023,0.3883019155442312,1.0,False
Polr3B,0.86262244,0.29150444,0.3883450964270392,1.0,False
CG7556,0.8620674,-0.10437695,0.3886504240050217,1.0,False
Sugb,0.86195564,0.37423375,0.3887119327424243,1.0,False
GAPsec,0.8615426,0.08311393,0.38893928980483317,1.0,False
Tis11,0.86151433,0.61464787,0.3889548330832653,1.0,False
lncRNA:CR44043,0.86139715,0.9854203,0.3890193523762916,1.0,False
gfzf,0.86067194,0.14268944,0.38941875028044615,1.0,False
CG18368,0.86027896,0.08814808,0.38963527486491945,1.0,False
Arpc3A,0.8592869,-0.108966514,0.3901822398926271,1.0,False
CG34232,0.8584368,0.4816977,0.3906513163429143,1.0,False
Ekar,0.85826004,0.54266626,0.3907488879817854,1.0,False
CG3857,0.8572796,0.21165495,0.3912903911195479,1.0,False
Phyhd1,0.8543502,0.5904505,0.39291099064635926,1.0,False
sl,0.85240704,0.2037791,0.3939882103109299,1.0,False
CCHa2-R,0.85234517,0.5377809,0.39402254601620457,1.0,False
apt,0.8498768,0.5294122,0.39539358795260093,1.0,False
rdog,0.84975535,0.08112883,0.39546111875242074,1.0,False
hry,0.8497376,0.8165853,0.3954710123848262,1.0,False
mRF1,0.8475635,-0.012908741,0.39668109682155883,1.0,False
Rad17,0.84527,0.19240439,0.39796012170212736,1.0,False
hob,0.84457105,0.010394639,0.39835036189032513,1.0,False
CROT,0.84417,0.15887798,0.3985744167391486,1.0,False
Acly,0.84320426,-0.06368614,0.3991142313591727,1.0,False
ush,0.8426728,0.39978918,0.3994114575022576,1.0,False
Keap1,0.84201413,0.029606214,0.3997800382783182,1.0,False
CG11085,0.84103835,0.38064697,0.4003264677360937,1.0,False
bsd,0.840766,-0.049593586,0.4004790195955923,1.0,False
lncRNA:CR43685,0.8397821,-0.08187178,0.40103057767448513,1.0,False
dsd,0.8395736,-0.07675296,0.4011474954133417,1.0,False
CG1663,0.83952564,0.5980633,0.4011743958964691,1.0,False
CG2247,0.8394866,-0.04422129,0.40119630757425806,1.0,False
CG6650,0.83829147,0.0073282807,0.40186702198212254,1.0,False
ZnT86D,0.8369931,0.20900536,0.4025964532604509,1.0,False
lncRNA:CR43837,0.8358966,2.1233237,0.4032130786523487,1.0,False
Egfrap,0.83562124,0.18630427,0.4033680307339006,1.0,False
Hsp70Bb,0.8345402,0.7325085,0.4039766494328141,1.0,False
SelG,0.83338726,-0.10353607,0.4046263754894325,1.0,False
lncRNA:CR43963,0.83296216,1.8542374,0.4048660664414674,1.0,False
CG11095,0.83264774,0.04032246,0.40504343566169554,1.0,False
CG4022,0.83264345,-0.09724828,0.4050458358097113,1.0,False
CG17233,0.83152723,-0.088876784,0.40567584107758947,1.0,False
CG34231,0.8312414,0.57066965,0.40583725668339565,1.0,False
wrapper,0.83118653,0.8020018,0.4058682773364264,1.0,False
CG12868,0.83114743,-0.0250745,0.4058903421838651,1.0,False
Grik,0.83090687,0.71392274,0.40602624248072927,1.0,False
Rrp1,0.8294603,0.014607823,0.40684396489394814,1.0,False
RhoGAP18B,0.82780766,0.54176676,0.4077794252014463,1.0,False
Zip88E,0.8267495,0.3623984,0.4083790726051685,1.0,False
cher,0.82559574,1.037816,0.40903345289046955,1.0,False
RfC38,0.825518,0.09982051,0.40907756866052536,1.0,False
pen-2,0.8243956,-0.1199892,0.4097148192958253,1.0,False
MED25,0.82391405,0.11929246,0.40998838988847375,1.0,False
SAK,0.8235679,0.51295054,0.41018512015674846,1.0,False
rec,0.82235616,0.67297876,0.41087422780876726,1.0,False
CG11279,0.8219643,-0.0980604,0.41109718554782415,1.0,False
Sec13,0.82192063,-0.12085404,0.4111220609030194,1.0,False
Kr,0.82145536,0.30981442,0.4113869397669646,1.0,False
CG1137,0.82040566,0.58936167,0.411984885408874,1.0,False
Prp5,0.81965995,-0.06295622,0.4124099733354635,1.0,False
Acsx3,0.8195053,0.5362871,0.4124981984079191,1.0,False
G6p,0.81756985,-0.0062870146,0.41360283913335705,1.0,False
GckIII,0.8149584,-0.10132224,0.41509612590376166,1.0,False
SMC5,0.81441265,-0.07082439,0.4154085876885817,1.0,False
Tom40,0.81278706,-0.09196617,0.41634015263400814,1.0,False
Nup205,0.8123647,0.2926818,0.4165823882436793,1.0,False
NELF-B,0.8118205,0.1784761,0.4168946220610382,1.0,False
Gcn2,0.81148136,0.2613644,0.41708931095260127,1.0,False
Gar1,0.81087214,0.0677839,0.4174390863295989,1.0,False
Syx8,0.8106707,-0.068663545,0.41755482784394504,1.0,False
PTP-ER,0.8102216,-0.062682524,0.4178128150481497,1.0,False
TM9SF4,0.80909574,-0.08529114,0.4184600845974362,1.0,False
Trm7-34,0.8087136,-0.000316796,0.41867990344728345,1.0,False
lncRNA:CR45558,0.808521,1.8193256,0.418790728581552,1.0,False
Sf3a2,0.80809474,0.021485316,0.41903602948989704,1.0,False
Snp,0.8060696,0.010306399,0.42020269702879975,1.0,False
CG42327,0.80586153,0.20023477,0.42032268035297793,1.0,False
Nplp2,0.8051781,0.22024539,0.4207168935357509,1.0,False
Arfrp1,0.8051433,-0.10199217,0.4207369781136452,1.0,False
CG9003,0.8048451,-0.052090377,0.4209090590631417,1.0,False
CG34293,0.8044881,-0.080493346,0.42111511950257974,1.0,False
ap,0.804381,-0.05296547,0.4211769715066406,1.0,False
Apoltp,0.802241,0.09289074,0.42241356485124437,1.0,False
Blos2,0.8006181,-0.046790283,0.4233527632509554,1.0,False
Glos,0.7998898,0.5876204,0.4237746356076475,1.0,False
CG31673,0.79898864,0.13047165,0.42429699532802356,1.0,False
Vps45,0.7986688,0.024690945,0.4244824898803409,1.0,False
asRNA:CR45620,0.79494846,0.4798612,0.42664349315726136,1.0,False
Wdr33,0.7946777,0.03152249,0.42680100504023744,1.0,False
rgr,0.7941266,0.29920453,0.42712175895095283,1.0,False
Cog8,0.79358506,-0.08317499,0.4274370223453011,1.0,False
danr,0.79309773,0.016579363,0.42772087525429336,1.0,False
CG10226,0.79288113,0.49198738,0.4278470673263859,1.0,False
Rx,0.789939,0.38361925,0.4295633972882643,1.0,False
UbcE2M,0.7898013,-0.11417279,0.4296438176809797,1.0,False
Rab19,0.78956807,-0.05465711,0.4297800553217309,1.0,False
loco,0.78681505,0.7828541,0.4313901422588148,1.0,False
INPP5E,0.78524786,-0.026832387,0.4323082617839835,1.0,False
CG4619,0.7851218,0.07806384,0.4323821774109228,1.0,False
CG32280,0.7843304,0.56745845,0.4328462443876576,1.0,False
lncRNA:CR44785,0.78370196,1.3538984,0.43321502682835245,1.0,False
hyx,0.78303474,-0.04070622,0.4336067023788964,1.0,False
28SrRNA-Psi:CR40741,0.7827721,0.5587345,0.43376093109996283,1.0,False
Ythdc1,0.7819514,-0.04401052,0.4342431286159123,1.0,False
sip1,0.7814815,0.22547902,0.43451936128888147,1.0,False
Cpsf160,0.78095704,0.20587257,0.4348277703989365,1.0,False
CG42709,0.7807613,-0.07370968,0.4349428875856842,1.0,False
Cog1,0.7797894,0.04413356,0.43551486653949356,1.0,False
Snrnp59,0.7797855,-0.06514846,0.43551714348613535,1.0,False
Sec6,0.7792734,0.07647868,0.43581867186143297,1.0,False
Alg11,0.778129,-0.10850989,0.4364929908940248,1.0,False
Ada3,0.7778675,-0.012864387,0.43664712714070075,1.0,False
MED17,0.7773214,0.32266974,0.4369691814949124,1.0,False
CG8460,0.7771354,0.17749296,0.4370789210396331,1.0,False
Lrrk,0.77711755,0.19239768,0.43708941671303303,1.0,False
Cdc50,0.7767103,-0.10036788,0.4373297160463502,1.0,False
CG5828,0.77634984,-0.05598294,0.43754246605996383,1.0,False
Atac1,0.77557975,0.32679695,0.4379971561647559,1.0,False
Sp1,0.7741352,0.74840903,0.43885086099166093,1.0,False
PIG-X,0.77409613,0.0989751,0.4388739597181577,1.0,False
CG34367,0.7740408,0.55937606,0.43890666505025466,1.0,False
Vps13D,0.7737658,0.02011626,0.4390692976631816,1.0,False
Cse1,0.77339023,0.20897992,0.43929145802319636,1.0,False
bru1,0.77257574,-0.055129513,0.4397735229542795,1.0,False
Ir47a,0.7720277,0.45606545,0.44009804606982517,1.0,False
His2B:CG33868,0.77145755,0.67967355,0.44043576913304716,1.0,False
CG9008,0.77072155,0.14292179,0.4408720044402822,1.0,False
CG8620,0.7699012,0.10577074,0.44135850479145444,1.0,False
CG7381,0.76950705,0.1277136,0.4415923452968916,1.0,False
Oatp58Dc,0.7686666,0.34750766,0.44209124304272507,1.0,False
Oct-TyrR,0.76864576,-0.060694214,0.44210364497592747,1.0,False
CG1965,0.76842874,-0.09161199,0.44223249905996875,1.0,False
Ide,0.7676738,-0.078190915,0.4426810143886163,1.0,False
CG12290,0.76765174,-0.06193678,0.44269411531167024,1.0,False
Usp47,0.76645005,-0.07236759,0.44340856589315636,1.0,False
isoQC,0.7650627,0.066528864,0.4442342105757783,1.0,False
lncRNA:CR44384,0.7640273,1.6774404,0.4448509656432723,1.0,False
Bcs1,0.76335704,-0.14173716,0.44525049246092085,1.0,False
CG3091,0.76262605,1.3655958,0.44568644724488116,1.0,False
RabGGTa,0.76228994,-0.06717811,0.4458869757702061,1.0,False
Flad1,0.7620803,-0.10489951,0.44601207251508157,1.0,False
lama,0.7606477,0.5360057,0.4468675120899349,1.0,False
CSN8,0.76043653,-0.0939593,0.44699368979765486,1.0,False
CG7191,0.7598695,0.5973797,0.4473325748727015,1.0,False
CG10958,0.759692,0.10230396,0.4474387087489977,1.0,False
CG9304,0.75966763,-0.083657466,0.4474532772610448,1.0,False
RhoGAP5A,0.7596673,0.06271066,0.4474535085094421,1.0,False
CG31999,0.7596518,0.6520483,0.4474627585010449,1.0,False
Naam,0.7590964,0.31527668,0.447794905197331,1.0,False
Ppn,0.7587166,1.2574614,0.44802212236986094,1.0,False
CG10576,0.7581264,-0.12148575,0.4483753413224033,1.0,False
asRNA:CR45139,0.758109,0.5281977,0.4483857597464247,1.0,False
GstD11,0.7579349,0.558905,0.44848995154716753,1.0,False
CG31460,0.7575377,-0.09844264,0.44872779187007994,1.0,False
CG7970,0.7571347,0.13346414,0.44896917915848733,1.0,False
asRNA:CR45164,0.75633293,1.4231992,0.44944962454632165,1.0,False
asRNA:CR46354,0.75575626,0.9083526,0.44979536387126506,1.0,False
twe,0.7548466,0.854845,0.45034106185580514,1.0,False
CG30394,0.75136214,0.03501689,0.45243474600710754,1.0,False
CG17996,0.7496909,-0.10637794,0.45344089107257,1.0,False
Cyp28d2,0.7485716,0.3770753,0.45411546451668394,1.0,False
Rhau,0.74808466,0.18236494,0.4544091061319684,1.0,False
CG9393,0.7475845,0.020827789,0.4547107890618983,1.0,False
RunxB,0.7471077,0.93318045,0.45499857786278763,1.0,False
Pgant7,0.7470922,0.033475686,0.4550079157945299,1.0,False
Srp14,0.74694794,-0.10240159,0.45509499720366053,1.0,False
Vps13B,0.7468002,0.3034227,0.4551841894994524,1.0,False
tant,0.74642426,-0.108459964,0.4554111839089272,1.0,False
CG3308,0.74583983,0.06402363,0.4557641792761912,1.0,False
MAGE,0.74544996,0.6598326,0.45599975084595457,1.0,False
Fs,0.7452179,0.42694747,0.4561400045285128,1.0,False
CG8569,0.7450172,0.076095544,0.456261343530157,1.0,False
CG31007,0.7445341,1.0957016,0.4565534264164204,1.0,False
escl,0.74426067,0.540434,0.45671880733755743,1.0,False
lncRNA:CR43838,0.7437165,1.7506742,0.4570480318910578,1.0,False
miple2,0.74335134,-0.06391956,0.45726899357560535,1.0,False
CG6040,0.74332,0.53238654,0.45728795600588446,1.0,False
Cyp9f2,0.74152035,0.6115233,0.45837798328153123,1.0,False
mio,0.740975,0.22849703,0.45870858202381704,1.0,False
l(2)k09848,0.7395637,-0.008875718,0.45956477304995724,1.0,False
asRNA:CR45907,0.7394422,0.67378783,0.4596384909124419,1.0,False
dunk,0.7388091,0.8401892,0.4600229170462309,1.0,False
CG10151,0.73872405,-0.027727276,0.46007459462483324,1.0,False
CG15537,0.7380298,0.092651345,0.4604963580489013,1.0,False
CG18789,0.73796093,0.29708037,0.46053819372467464,1.0,False
Sarm,0.73786616,0.18926285,0.4605957800129846,1.0,False
Pgant3,0.7368486,0.07410474,0.4612144399798098,1.0,False
CG17612,0.7351781,0.19683361,0.4622310265337747,1.0,False
Ppt2,0.73502725,-0.059579942,0.4623228844720054,1.0,False
CG1146,0.7339826,0.73415005,0.46295933905408937,1.0,False
Sec15,0.73356104,0.016925555,0.4632163212774145,1.0,False
Dus4,0.7327051,0.13430141,0.46373831040555236,1.0,False
RluA-1,0.73252565,0.60295796,0.4638477974677929,1.0,False
RagA-B,0.7299571,-0.09319705,0.465416407559077,1.0,False
Arp8,0.7295475,0.01124953,0.4656668165659853,1.0,False
Ak3,0.72907877,0.29483512,0.4659534954800637,1.0,False
CG17896,0.72907525,0.008371841,0.46595562465045914,1.0,False
Mcad,0.72904897,0.091381736,0.46597171189031605,1.0,False
CG10171,0.72867227,-0.031440184,0.46620217179294277,1.0,False
pyr,0.7285183,0.15501162,0.4662963615031711,1.0,False
CG3589,0.7280739,0.0789642,0.46656834030759564,1.0,False
Pgant1,0.72726905,0.09922322,0.4670611560722038,1.0,False
Bre1,0.72554713,-0.09193891,0.46811643328606634,1.0,False
to,0.72550344,3.089349,0.4681432353480379,1.0,False
DhpD,0.72539324,-0.048886277,0.46821083724362667,1.0,False
Pex13,0.72477555,-0.07807782,0.4685897450596085,1.0,False
Adat1,0.72432226,0.24215187,0.46886792436763625,1.0,False
Prp38,0.7241695,-0.026864901,0.4689616999226476,1.0,False
mRpL45,0.72267616,0.0010881834,0.46987887249964455,1.0,False
Hgsnat,0.7221904,-0.07749528,0.4701774462335607,1.0,False
CG6163,0.7212706,0.5339627,0.4707430264221194,1.0,False
Ttc19,0.72017145,-0.071045086,0.4714194560152385,1.0,False
Polr2D,0.71951854,4.0503097,0.4718214735643338,1.0,False
CG11601,0.71937466,-0.006430437,0.4719100952526857,1.0,False
Rrp5,0.71848315,0.025304543,0.47245942067501256,1.0,False
CG15382,0.71793437,0.18669607,0.47279777046479554,1.0,False
CG8097,0.71781135,0.13834538,0.4728736134447553,1.0,False
Dis3l2,0.7166085,-0.022343198,0.4736157011364014,1.0,False
Alg14,0.7158891,-0.020925164,0.4740598279177841,1.0,False
His1:CG33801,0.7153909,1.9120345,0.47436750784980464,1.0,False
Nnf1a,0.7136702,0.090247035,0.47543113701651374,1.0,False
CG5953,0.71346444,0.082070306,0.4755584105794154,1.0,False
mof,0.7133824,0.14656009,0.47560913382260983,1.0,False
Rchy1,0.71311516,0.47690442,0.47577448347986484,1.0,False
lncRNA:CR45251,0.7131129,1.9881762,0.47577591936021113,1.0,False
sNPF,0.71299106,-0.0107059125,0.4758513064153628,1.0,False
I-2,0.71241397,-0.1173295,0.4762084667602082,1.0,False
GstZ2,0.7123563,-0.09077487,0.4762441429844889,1.0,False
stumps,0.7113442,0.8706432,0.4768709902843997,1.0,False
Tes,0.7110212,0.5589886,0.4770710919960103,1.0,False
Fcp1,0.71099144,-0.10365793,0.47708954680355853,1.0,False
otp,0.71098524,0.27435216,0.47709338161779935,1.0,False
Dbp45A,0.71034205,-0.04852462,0.47749205462297195,1.0,False
CG14646,0.7097093,0.038432665,0.47788443266471015,1.0,False
retn,0.7085227,0.3494542,0.4786207365173638,1.0,False
Fbw5,0.70810497,0.3176725,0.47888007823467293,1.0,False
Adi1,0.70657915,-0.081938915,0.479828047680406,1.0,False
MFS16,0.7055035,0.0017257918,0.480496926640262,1.0,False
Cyp28a5,0.70548457,0.6573646,0.48050871654739113,1.0,False
PIG-G,0.7053972,-0.02249044,0.4805630965265436,1.0,False
CG11737,0.70537823,0.12626861,0.4805748873183262,1.0,False
Yip1d1,0.7051713,-0.107084535,0.480703633769474,1.0,False
CG3939,0.7039607,0.08879605,0.48145723706709553,1.0,False
CG42495,0.7034204,-0.09605079,0.48179379713189696,1.0,False
CG3713,0.7023158,0.46529132,0.4824822521622104,1.0,False
sim,0.7021661,0.4091378,0.4825755818263705,1.0,False
DCP1,0.7020872,-0.13148615,0.48262478280702714,1.0,False
asRNA:CR44690,0.7006929,0.43025213,0.48349469083257957,1.0,False
PrBP,0.69931215,-0.10810654,0.4843569911078285,1.0,False
RIOK1,0.69811004,0.04881492,0.4851083779119545,1.0,False
CG32262,0.6972255,-0.087646864,0.48566168352692995,1.0,False
pre-lola-G,0.6970615,0.23245406,0.48576430153168515,1.0,False
lncRNA:CR43958,0.69654983,0.12029614,0.4860845741530123,1.0,False
Irk2,0.69647557,0.07667983,0.4861310631143738,1.0,False
PGS1,0.69588846,0.0015581216,0.48649870111024707,1.0,False
CCKLR-17D1,0.69550705,0.04625486,0.48673757676595564,1.0,False
Rev1,0.695504,0.2445058,0.4867395151643258,1.0,False
RPA3,0.69523364,-0.10407949,0.48690889882630095,1.0,False
CG14966,0.69358987,-0.021306667,0.48793945596674815,1.0,False
Eaat2,0.693475,-0.0649431,0.4880115176892049,1.0,False
asRNA:CR44987,0.6924895,0.07663347,0.48862998001771973,1.0,False
CG43693,0.69163084,0.30836916,0.48916917286378636,1.0,False
Atf3,0.6909803,-0.07958752,0.4895779097342736,1.0,False
CtIP,0.6907219,-0.000386433,0.48974028904221434,1.0,False
mu2,0.68971133,0.34522325,0.49037574273342377,1.0,False
dl,0.6896467,0.78808606,0.49041637041760466,1.0,False
teq,0.6896034,0.22107497,0.49044361874064324,1.0,False
Prp18,0.6894754,0.077944905,0.4905241520242051,1.0,False
CG11200,0.6892472,0.31399083,0.49066771840562917,1.0,False
CG11906,0.6884818,0.11285095,0.49114943900149755,1.0,False
SP1173,0.68840986,0.5536694,0.4911947274651959,1.0,False
DIP-alpha,0.68811244,0.14115457,0.4913819922836622,1.0,False
Sodh2,0.6878985,0.07736282,0.4915166810543259,1.0,False
ocm,0.68745995,-0.035411607,0.49179294026558296,1.0,False
HLH3B,0.68732494,0.6142249,0.49187797860582694,1.0,False
pbl,0.68548197,0.71636635,0.4930398210739614,1.0,False
rho,0.6851575,-0.015232365,0.4932445452541476,1.0,False
Ku80,0.68479276,0.9376233,0.4934747007838586,1.0,False
Gyg,0.6843766,0.029559547,0.49373738749832496,1.0,False
CG4596,0.6823414,-0.10872858,0.49502309069506856,1.0,False
IP3K2,0.6815748,1.0762287,0.49550783073102633,1.0,False
dve,0.6801032,0.08364979,0.4964391338660088,1.0,False
CG13337,0.6788775,0.0156186735,0.49721548293200246,1.0,False
BOD1,0.67849654,-0.089354046,0.49745692222944604,1.0,False
Mes2,0.67727315,0.6360268,0.49823264618681173,1.0,False
CG9368,0.67651784,-0.06678361,0.49871193944591186,1.0,False
asRNA:CR44998,0.6755246,0.79744464,0.49934253505892634,1.0,False
CG33108,0.67539775,-0.10530301,0.49942310891255426,1.0,False
Br140,0.67454106,0.10609391,0.4999674087758982,1.0,False
CG7536,0.6741512,-0.1398296,0.50021521240012,1.0,False
Nup154,0.6715072,0.095754184,0.5018974713939967,1.0,False
Dmac2,0.6709371,-0.07083388,0.5022605974206366,1.0,False
ebi,0.67078936,-0.09706934,0.5023547273777751,1.0,False
Corin,0.66971296,-0.013909942,0.5030407776451,1.0,False
Ptip,0.6689727,-0.030845435,0.5035128938359389,1.0,False
Arpc2,0.668847,-0.069660686,0.5035930830862205,1.0,False
lncRNA:CR45941,0.668777,1.41482,0.503637745253277,1.0,False
RNF220,0.66742134,0.12896352,0.5045030242388475,1.0,False
Ada2b,0.6661512,-0.0925111,0.5053144557113838,1.0,False
Fancm,0.6660588,0.53618056,0.5053735361630829,1.0,False
hpRNA:CR46342,0.6655823,0.04304583,0.5056781424671422,1.0,False
PolD1,0.66544074,0.6338516,0.505768652892463,1.0,False
Pzl,0.6650369,0.7168851,0.5060268770157175,1.0,False
CG10565,0.6647975,-0.13817368,0.5061800139165644,1.0,False
CG17786,0.6642251,0.026743855,0.5065462558750327,1.0,False
betaGlu,0.6634887,0.51810783,0.507017626040642,1.0,False
Sirt7,0.6634647,0.16320388,0.5070329791528758,1.0,False
ZnT33D,0.6632825,0.20081963,0.5071496212555534,1.0,False
Mgtor,0.66262543,-0.0840961,0.5075704919331704,1.0,False
CycE,0.66188747,0.5655601,0.5080433539037597,1.0,False
fbl,0.661662,-0.103802174,0.5081878855924837,1.0,False
Spt3,0.6598217,-0.09021899,0.5093682484809989,1.0,False
CG10383,0.65974206,0.11060209,0.5094193852908757,1.0,False
Tmep,0.65964264,-0.03767042,0.5094831859534101,1.0,False
CG3902,0.65918666,0.6900685,0.509775928207958,1.0,False
lncRNA:CR45660,0.65898824,0.5695206,0.5099033320888828,1.0,False
Proc-R,0.6588451,0.8387121,0.5099952321685919,1.0,False
Kpc2,0.6581207,0.16163561,0.5104605782087328,1.0,False
PEK,0.6580387,-0.04343718,0.5105132634998144,1.0,False
CG9263,0.6579687,0.9600239,0.51055824705929,1.0,False
Cdc5,0.65760744,-0.04851102,0.5107904050978572,1.0,False
wek,0.65731466,0.42763326,0.5109786079175374,1.0,False
CG3071,0.65613693,-0.097879864,0.5117360114909855,1.0,False
stc,0.6554415,0.021987163,0.5121835152408275,1.0,False
Ugt36D1,0.6544429,0.82262135,0.5128265053706107,1.0,False
CG11723,0.65190643,0.02264501,0.5144615194665931,1.0,False
lncRNA:CR32111,0.6512141,0.7760874,0.5149082653578301,1.0,False
CAHbeta,0.65091014,0.1088824,0.5151044978846123,1.0,False
Start1,0.64932126,-0.05141093,0.5161307315791613,1.0,False
CG7518,0.6487133,-0.06415459,0.5165237186559783,1.0,False
rtet,0.6483609,0.5244212,0.516751532127086,1.0,False
Cap-H2,0.6458829,-0.08733181,0.518355197854292,1.0,False
Pop5,0.6456114,-0.050681293,0.5185310640050568,1.0,False
CG2116,0.6445891,0.040663276,0.5191934690326914,1.0,False
CG15459,0.64456636,2.100476,0.5192082609616798,1.0,False
ara,0.64408284,0.23141032,0.5195217004153718,1.0,False
sp3,0.6437928,-0.109692685,0.5197098109465725,1.0,False
ebo,0.6437619,-0.033825982,0.5197298781436863,1.0,False
CG43322,0.6436953,0.17813264,0.5197730239710294,1.0,False
asRNA:CR45131,0.6424093,0.22937267,0.5206074559694488,1.0,False
Inx7,0.6410966,4.8438582,0.5214599152573902,1.0,False
CG3631,0.6410479,-0.045347918,0.52149157606538,1.0,False
CG10274,0.64101774,0.33033872,0.5215111761088608,1.0,False
gammaTub23C,0.6401432,-0.10805521,0.5220794907813571,1.0,False
CNMaR,0.63921344,-0.018441051,0.5226840983342167,1.0,False
CG1695,0.63907224,-0.013644785,0.5227759275082587,1.0,False
Sps2,0.6390483,0.07368708,0.5227915267117268,1.0,False
CG17167,0.63755304,0.50991565,0.5237646844897307,1.0,False
CG5254,0.6367524,0.20066406,0.5242861309266347,1.0,False
Gtf3c3,0.63639814,0.32957095,0.5245169621495125,1.0,False
Grip75,0.6358342,-0.04712585,0.5248844842645201,1.0,False
EbpIII,0.6356103,0.13391627,0.5250304709716107,1.0,False
Mnat9,0.6355395,0.3815394,0.5250766161701623,1.0,False
alrm,0.6352881,0.14432621,0.5252405366605866,1.0,False
PQBP1,0.63391507,-0.0158465,0.5261362565444844,1.0,False
Pus7,0.63322043,0.4254535,0.5265897122879986,1.0,False
CG3309,0.63191,0.000985112,0.5274456606989888,1.0,False
ck,0.6318965,0.6966486,0.527454506843075,1.0,False
Rbpn-5,0.6306008,-0.09974553,0.5283015592989067,1.0,False
ham,0.6293732,0.3455068,0.5291047486737428,1.0,False
Alp4,0.6293539,0.62211615,0.5291174062791004,1.0,False
beat-VI,0.62698257,-0.034369826,0.5306706485635779,1.0,False
Naxe,0.6256637,0.006536071,0.5315355466366347,1.0,False
CG4282,0.62467396,0.23396239,0.5321850696442829,1.0,False
CG7110,0.6238219,0.90582967,0.5327445548414979,1.0,False
Alg12,0.6234765,-0.1095289,0.5329714304507753,1.0,False
CG10435,0.62330633,-0.0742958,0.5330832348346218,1.0,False
PIG-S,0.62108475,0.056209832,0.5345438775369551,1.0,False
ArgRS,0.62062836,0.054013625,0.5348441897894667,1.0,False
ApepP,0.619784,0.13892955,0.5353999917065153,1.0,False
MME1,0.6193624,0.122763254,0.5356776196703548,1.0,False
bsf,0.6189424,-0.044435263,0.5359543009184888,1.0,False
CG11635,0.61888015,0.022126762,0.5359953251647487,1.0,False
Rs1,0.6188152,-0.0875112,0.5360381347595011,1.0,False
CG15387,0.617791,-0.052912597,0.5367131228344129,1.0,False
CG11696,0.6161708,-0.06647845,0.5377817916095817,1.0,False
CG18273,0.6160517,0.44096023,0.5378604085912726,1.0,False
CDase,0.6157616,0.36848006,0.5380518701759439,1.0,False
CG18731,0.61544675,-0.1412968,0.5382597085195417,1.0,False
RYa-R,0.6153984,0.60546637,0.538291628294659,1.0,False
Apl,0.61448836,-0.01785309,0.5388926632881512,1.0,False
trx,0.6139097,0.011755951,0.5392749666332242,1.0,False
CG13055,0.61359066,0.35574377,0.5394858537935072,1.0,False
Trissin,0.6129165,0.7223549,0.539931536611302,1.0,False
Map60,0.61264116,-0.120403394,0.540113647073813,1.0,False
Pex12,0.61253595,-0.11540687,0.540183225474527,1.0,False
CG43845,0.6121867,0.06229226,0.5404142476815122,1.0,False
Neurl4,0.61216235,-0.04800053,0.5404303673535851,1.0,False
lncRNA:CR45911,0.609634,-0.07403893,0.5421042809821596,1.0,False
Ets65A,0.6092952,-0.030640276,0.5423287925020482,1.0,False
CG17486,0.60924065,-0.10151099,0.5423649339614951,1.0,False
CG14005,0.6085878,-0.11828318,0.5427976994038217,1.0,False
Fatp1,0.6080455,-0.13470244,0.5431572715917272,1.0,False
asRNA:CR45126,0.6079527,0.46728867,0.5432188364936769,1.0,False
asRNA:CR44093,0.6070206,1.3163036,0.5438372432765118,1.0,False
CG8180,0.6068628,0.75047785,0.5439419708607313,1.0,False
Nab2,0.6058657,-0.07993195,0.5446039372856157,1.0,False
CR42875,0.60586184,0.84329593,0.5446065058165667,1.0,False
CSN3,0.6052082,-0.013002103,0.5450406739882129,1.0,False
CG30344,0.6050179,-0.1194843,0.5451671031665877,1.0,False
Acox1,0.6029777,0.014730687,0.546523533347997,1.0,False
CG9436,0.6029166,0.43123657,0.5465641877406803,1.0,False
Vps13,0.6024149,-0.05120103,0.5468979705970364,1.0,False
Plc21C,0.6018905,-0.004277787,0.5472470449694657,1.0,False
prt,0.6018692,0.11670837,0.5472612059168984,1.0,False
Lhr,0.601783,0.029792558,0.5473186239797363,1.0,False
kel,0.60172224,0.004658846,0.5473590501435583,1.0,False
CG42553,0.6010562,0.20231709,0.547802547417891,1.0,False
MetRS,0.6008006,-0.06899277,0.5479728336700105,1.0,False
imd,0.599969,0.03157077,0.5485268956966525,1.0,False
MESR4,0.5993138,-0.092463836,0.5489636397950108,1.0,False
CG8272,0.59898543,0.093384676,0.5491825920135434,1.0,False
CG2321,0.5984799,0.5083831,0.5495197439810111,1.0,False
CG7728,0.5978302,0.11082523,0.5499532643624323,1.0,False
CG17359,0.59738576,0.11407278,0.5502498583373118,1.0,False
CG17328,0.5969236,0.016469553,0.5505584099376796,1.0,False
CG32055,0.59690773,1.8764802,0.5505689977377902,1.0,False
Mtp,0.59681565,0.2307087,0.5506304606055918,1.0,False
Rcd4,0.59651864,-0.0875849,0.5508288175926097,1.0,False
asRNA:CR43152,0.5962753,0.7204458,0.5509913002146779,1.0,False
hfw,0.5960116,0.68655694,0.5511675003756311,1.0,False
CG4294,0.59498936,-0.09171158,0.5518506022286656,1.0,False
asRNA:CR45281,0.59417826,0.3133918,0.552392882267011,1.0,False
Or43b,0.59414655,0.40834725,0.5524140926163444,1.0,False
CG5281,0.59383404,-0.11221154,0.5526231135264814,1.0,False
CG31538,0.5938008,0.13211155,0.5526453630860482,1.0,False
CG32756,0.59369636,-0.14058578,0.5527152192100317,1.0,False
Rexo5,0.59355444,-0.08644463,0.5528101787378779,1.0,False
PhLP2,0.5925898,-0.10690072,0.5534557013995123,1.0,False
Snrk,0.59190446,-0.09781109,0.5539145729236981,1.0,False
lncRNA:CR32218,0.591819,-0.030934654,0.5539718154470619,1.0,False
Oga,0.5918089,0.09896266,0.5539785500519598,1.0,False
CG15107,0.5913572,-0.062471855,0.554281130561197,1.0,False
CG1662,0.59055233,-0.10616557,0.5548204319289469,1.0,False
CG5404,0.590128,0.34392273,0.5551048280856224,1.0,False
LeuRS,0.5894388,0.019865626,0.5555669616012351,1.0,False
vari,0.5890172,-0.11492216,0.5558497284302275,1.0,False
CG10738,0.58843434,0.3760363,0.5562407886832589,1.0,False
Rpn6,0.58821005,-0.120623626,0.5563913320337714,1.0,False
SCCRO3,0.58776444,-0.13466546,0.5566904011839156,1.0,False
Nxf3,0.58665943,-0.10926643,0.5574324410028036,1.0,False
hbn,0.5858913,-0.009275849,0.5579485422123683,1.0,False
bumpel,0.58569604,0.38100293,0.5580798134625591,1.0,False
fng,0.58520675,0.33910146,0.5584087073653121,1.0,False
Tdc2,0.5850946,1.1021353,0.5584841192399315,1.0,False
lncRNA:CR44716,0.5850358,0.11003863,0.5585236474407473,1.0,False
CG42514,0.58496696,0.86669904,0.5585699387725938,1.0,False
Nrd1,0.5843605,0.008796002,0.5589777991224703,1.0,False
vg,0.58318126,0.07822998,0.5597713035962171,1.0,False
mi,0.58300793,0.01800122,0.559887941938698,1.0,False
CG10650,0.58297855,0.22350073,0.5599077299694681,1.0,False
wat,0.5826916,1.6433079,0.560100941453205,1.0,False
CG17746,0.5825949,-0.12537746,0.5601660469399798,1.0,False
IKKepsilon,0.5822348,0.003790186,0.5604085320306219,1.0,False
Pop4,0.5818016,0.30413154,0.5607003107890001,1.0,False
Kif3C,0.5804599,-0.07158707,0.5616045098999358,1.0,False
Setx,0.5797568,-0.043142207,0.5620786552387815,1.0,False
CG13008,0.57962644,0.4270898,0.5621665681110353,1.0,False
Mmp1,0.57920986,0.8876968,0.5624475686130312,1.0,False
Pgam5,0.57822514,0.055201966,0.5631121160417047,1.0,False
pea,0.5775696,-0.07746582,0.5635547485188717,1.0,False
Pask,0.57611495,-0.10446994,0.5645374949012876,1.0,False
peg,0.5753139,1.2326337,0.5650789974464806,1.0,False
prg,0.57479835,-0.07791503,0.5654276678252186,1.0,False
CG1671,0.57434124,0.016887369,0.5657369278570321,1.0,False
Wwox,0.57403374,-0.0558254,0.5659449783838653,1.0,False
nub,0.5736547,0.58355373,0.5662014937216429,1.0,False
iPLA2-VIA,0.5735329,-0.121106796,0.5662839569278605,1.0,False
CG6479,0.5719653,0.32008442,0.5673454972746383,1.0,False
Obp18a,0.5714207,0.4555972,0.5677144961400821,1.0,False
CG3906,0.5705373,2.5091636,0.5683133152173461,1.0,False
RluA-2,0.5703459,-0.12708938,0.5684431341213998,1.0,False
CG2059,0.56917626,-0.08364702,0.5692365173248715,1.0,False
CG15019,0.5691577,-0.14712372,0.5692491149706863,1.0,False
lncRNA:CR43256,0.5691024,0.17803852,0.5692866462461624,1.0,False
GstS1,0.5690943,-0.011039703,0.5692921579315544,1.0,False
Rif1,0.5680906,0.7461995,0.5699734407788629,1.0,False
Lsm11,0.5677348,0.8420497,0.570215067903203,1.0,False
CG18596,0.56716853,0.30045494,0.5705996708392056,1.0,False
l(2)gd1,0.5650556,-0.002485165,0.5720359286575585,1.0,False
jub,0.56497365,-0.05160091,0.5720916994326821,1.0,False
ClC-a,0.5647118,0.29293156,0.5722698149133232,1.0,False
Polr1E,0.56374294,0.031617157,0.5729290974717098,1.0,False
CG5608,0.5637348,-0.0933615,0.572934625914388,1.0,False
CG1840,0.5629972,-0.14423901,0.5734367666516775,1.0,False
DJ-1alpha,0.56185085,0.08733977,0.5742176447299014,1.0,False
Gpdh3,0.56154335,-0.015219845,0.5744271763736783,1.0,False
CG16758,0.56148225,0.21763915,0.5744688234510411,1.0,False
CG12814,0.56140375,1.2171221,0.5745223341352423,1.0,False
goe,0.56093574,0.61705315,0.5748413383678064,1.0,False
CG31176,0.5609191,0.30754545,0.5748526764232149,1.0,False
Timp,0.5608638,0.09515744,0.5748903828100834,1.0,False
stet,0.5605343,0.9153982,0.5751150632877978,1.0,False
Rtel1,0.56008947,0.46773493,0.5754183950070006,1.0,False
C901,0.55891794,1.2767607,0.576217705952809,1.0,False
CG42390,0.55814904,0.36260507,0.5767425961039007,1.0,False
Vps39,0.55804,0.08926063,0.576817070604736,1.0,False
CG10195,0.5579348,0.37883016,0.5768889084605922,1.0,False
LManII,0.5578698,0.5092164,0.5769332810075298,1.0,False
CG13609,0.55786556,0.43678918,0.5769361864089732,1.0,False
bib,0.5578327,0.15472215,0.5769586374708231,1.0,False
l(2)gl,0.5574351,0.8911068,0.5772301958507269,1.0,False
CG13005,0.55668163,0.24474284,0.5777449482107043,1.0,False
Snmp2,0.55610925,0.30082598,0.5781361775321379,1.0,False
asRNA:CR45683,0.5544717,0.18409549,0.5792560981815522,1.0,False
CG4598,0.55312645,0.08655274,0.5801768130707978,1.0,False
BaraC,0.5523173,0.12153148,0.5807309487322052,1.0,False
skd,0.55155736,0.02668907,0.5812516698271621,1.0,False
CG34213,0.5511934,-0.05384975,0.5815011102794632,1.0,False
Tm2,0.549492,0.71851516,0.5826678614399421,1.0,False
CG7341,0.54914236,0.89728016,0.5829077655162715,1.0,False
CG12713,0.5490499,0.15487787,0.5829711991837047,1.0,False
CG12768,0.5488975,0.12193986,0.5830757788688831,1.0,False
Neos,0.54869294,-0.11091333,0.5832162054521671,1.0,False
Chpf,0.548322,0.7632706,0.5834708186015158,1.0,False
lncRNA:CR43411,0.54752374,1.1404992,0.5840189833389149,1.0,False
CG5721,0.5471265,-0.01655421,0.584291827092176,1.0,False
lncRNA:CR45910,0.5462447,0.2359224,0.5848977680889939,1.0,False
CG15073,0.54486156,-0.058333546,0.5858487266216922,1.0,False
DEF8,0.5444609,-0.047782816,0.5861243620201907,1.0,False
inc,0.54445934,-0.06731866,0.5861254263660969,1.0,False
tefu,0.5442323,0.17066823,0.5862816288462268,1.0,False
bur,0.54353535,-0.12075791,0.5867612670609108,1.0,False
CG31643,0.5428372,0.47881317,0.5872418859715254,1.0,False
lncRNA:CR43910,0.54250693,0.60051495,0.5874693447855708,1.0,False
CG17568,0.5403093,-0.12670061,0.5889837552872157,1.0,False
Xpd,0.539492,0.25395128,0.5895473876020157,1.0,False
Pld3,0.5385162,0.016654976,0.5902207109518395,1.0,False
CG9346,0.53759104,-0.13698153,0.5908594006360328,1.0,False
dlt,0.5374541,0.13947386,0.590953949437299,1.0,False
CG15439,0.5370697,0.09673078,0.591219471117554,1.0,False
Ciao1,0.5367626,-0.13147953,0.5914316073050889,1.0,False
Tace,0.53631395,-0.14470683,0.5917415920535432,1.0,False
Cep97,0.53624433,-0.109273136,0.5917896998221337,1.0,False
Pex1,0.5361082,0.71989614,0.5918837824263963,1.0,False
DPCoAC,0.5359593,0.153741,0.5919866931377291,1.0,False
ric8a,0.53567153,-0.019247884,0.5921855880169757,1.0,False
Hsc20,0.5353362,0.0033650983,0.5924174033931524,1.0,False
CG15747,0.53501636,-0.09907036,0.5926385624939264,1.0,False
Es2,0.53431433,-0.10053566,0.5931240685197533,1.0,False
CG9522,0.5339148,0.6322837,0.5934004736776519,1.0,False
Rtf1,0.5338216,-0.12996955,0.5934649677799567,1.0,False
opa,0.533296,0.37357274,0.5938287103509238,1.0,False
cyc,0.5326505,-0.103795074,0.5942755653543524,1.0,False
CG11257,0.5317698,0.22431825,0.5948854529776736,1.0,False
Agpat2,0.5315184,0.16777048,0.5950596059606434,1.0,False
CG9776,0.5315114,-0.081094086,0.595064428989829,1.0,False
CG2617,0.53139734,0.07326417,0.595143475622162,1.0,False
nmd,0.53058857,-0.12494745,0.5957039062130505,1.0,False
CCAP-R,0.5302513,0.0145349335,0.5959376910602899,1.0,False
CG13088,0.5298201,0.25224733,0.596236685577874,1.0,False
Pgd,0.5296816,0.96265435,0.5963327001034742,1.0,False
CG10516,0.52938145,-0.02905637,0.5965408451487398,1.0,False
sens-2,0.528782,0.44512695,0.596956697777965,1.0,False
CG32512,0.52872205,0.7051076,0.5969982902942419,1.0,False
CG8777,0.5286145,0.20473112,0.5970728917873884,1.0,False
Gbs-70E,0.5285337,0.56224775,0.5971289798748685,1.0,False
Ctl1,0.52837586,-0.078355715,0.5972384793142146,1.0,False
CG11241,0.5282954,0.3405233,0.5972943060717506,1.0,False
alpha-Catr,0.5251986,-0.10265114,0.5994451690663123,1.0,False
noi,0.52449155,-0.0148460865,0.5999367030377872,1.0,False
Pp1-87B,0.5243388,-0.037697304,0.6000429392060647,1.0,False
CG10431,0.52370405,0.35916725,0.6004843810708396,1.0,False
Edem1,0.52348286,0.024361402,0.6006382880540968,1.0,False
CG18598,0.52313435,0.05483132,0.6008807546101051,1.0,False
CG3270,0.52195394,0.09531899,0.6017024014237872,1.0,False
asRNA:CR43730,0.52134246,0.8494481,0.6021282308615447,1.0,False
CG33080,0.51993114,0.5493425,0.6031115773327892,1.0,False
mRpL10,0.5179443,-0.15724008,0.6044971387844669,1.0,False
CG31897,0.5175138,0.061971862,0.6047975274354656,1.0,False
MsR1,0.51745,-0.011684892,0.6048420651430562,1.0,False
mrn,0.51723146,-0.011203329,0.6049945841907918,1.0,False
unc-104,0.516615,0.068558015,0.6054249697781664,1.0,False
sel,0.5165902,-0.07681851,0.6054422528661185,1.0,False
msd5,0.51555365,0.18084614,0.6061661804748696,1.0,False
Prp3,0.5133572,-0.046356916,0.6077014827738245,1.0,False
Mon1,0.5129932,0.0044653374,0.6079560470118709,1.0,False
CG31788,0.51194507,1.1239482,0.6086894358493662,1.0,False
CG6000,0.5106796,2.979194,0.6095754394143413,1.0,False
Cep135,0.5106038,0.46267268,0.6096285311711198,1.0,False
Cyp4p3,0.5100515,0.49190977,0.6100154045575348,1.0,False
dpr2,0.5098751,-0.08507556,0.6101389669230921,1.0,False
CG17684,0.5098453,-0.07274048,0.6101598327174564,1.0,False
AP-1-2beta,0.5097769,-0.109532855,0.61020779814724,1.0,False
C15,0.5095711,1.1448964,0.6103519755038772,1.0,False
NitFhit,0.5092335,0.26508307,0.6105886000506106,1.0,False
mRpL39,0.50915456,-0.16659565,0.6106438996248729,1.0,False
CG6689,0.508697,-0.076236345,0.6109646267282716,1.0,False
Dhx15,0.5077413,-0.053823385,0.6116347886174853,1.0,False
CG13689,0.5074168,-0.07087155,0.6118624084743579,1.0,False
tomboy40,0.50740826,0.46890786,0.6118683775566376,1.0,False
udd,0.50657016,-0.09919387,0.612456458400721,1.0,False
Scr,0.50480956,0.45887947,0.6136925938800075,1.0,False
SPARC,0.5047284,0.06774631,0.6137496477643019,1.0,False
pasi2,0.50469357,-0.13558404,0.6137741001450265,1.0,False
lncRNA:CR45669,0.5044445,0.32721052,0.6139490830471841,1.0,False
Rnp4F,0.5041799,-0.050754458,0.6141349585308042,1.0,False
AdoR,0.5041358,0.20500274,0.6141659401888602,1.0,False
CG13315,0.50393355,0.5139245,0.6143080841657944,1.0,False
CG9004,0.50357115,-0.025423992,0.6145627836996577,1.0,False
l(2)37Cb,0.50305593,0.043427117,0.6149249339066601,1.0,False
RhoGAP16F,0.5024731,0.20812637,0.6153347770815216,1.0,False
CG4069,0.5021575,-0.07495454,0.6155567462536391,1.0,False
PIG-N,0.5014582,0.5020977,0.6160486856098779,1.0,False
CG31898,0.5013882,0.64856774,0.6160979434673552,1.0,False
CG8675,0.5012718,-0.113657884,0.6161798622962062,1.0,False
fuss,0.49968758,0.5373933,0.6172950863576266,1.0,False
Su(var)3-9,0.4995263,0.43456537,0.6174086731414277,1.0,False
Lipt1,0.4983478,-0.07222587,0.6182389241953954,1.0,False
CG7420,0.49818382,0.033689022,0.6183544950185784,1.0,False
Mthfs,0.49815363,0.7984559,0.6183757567172298,1.0,False
pippin,0.49773708,0.37517056,0.6186693643694071,1.0,False
ebd2,0.49732208,0.17070429,0.6189619420989926,1.0,False
CG10514,0.49710587,0.20599976,0.6191143900268135,1.0,False
CG9331,0.49699488,-0.07486578,0.6191926657226845,1.0,False
Mst85C,0.49671564,-0.14328974,0.6193896013768068,1.0,False
Msh6,0.4961463,0.03440897,0.6197911946902637,1.0,False
Wnt10,0.49596608,0.3004675,0.6199183531781916,1.0,False
slif,0.49568528,1.8827446,0.6201164811107349,1.0,False
trh,0.49472532,0.27797538,0.6207940358044018,1.0,False
pnt,0.49409294,0.27845725,0.6212405460565397,1.0,False
dmrt99B,0.49406508,0.52718675,0.6212602121019135,1.0,False
Aldh-III,0.494062,-0.12321212,0.6212623972347687,1.0,False
kin17,0.49271217,-0.11435894,0.6222159798181987,1.0,False
Adgf-D,0.4921146,0.26550144,0.6226383272133338,1.0,False
Ag5r,0.49191466,0.87628186,0.6227796841499755,1.0,False
CG7376,0.49035907,0.21748592,0.6238798445548728,1.0,False
CBP,0.49006394,0.88736314,0.6240886470592106,1.0,False
CG30495,0.48908773,0.12560388,0.6247795797559423,1.0,False
Hsp70Ba,0.48887542,0.8144456,0.6249299095384355,1.0,False
Lrr47,0.48826778,0.0056284475,0.6253601744120476,1.0,False
CG33310,0.48810187,-0.101280585,0.6254776909633618,1.0,False
Cpr,0.48785394,-0.11873813,0.6256532986963359,1.0,False
sprt,0.4865741,0.28466907,0.6265601667638215,1.0,False
stw,0.48527765,1.9448941,0.6274793954198559,1.0,False
CG7985,0.48474354,-0.14806141,0.6278582793792484,1.0,False
nAChRbeta2,0.48471916,-0.06771586,0.6278755660713682,1.0,False
mab-21,0.48457953,-0.014610113,0.6279746254978493,1.0,False
pad,0.48457065,0.008717806,0.6279809369903815,1.0,False
mars,0.4842647,0.67862123,0.6281980140055359,1.0,False
mei-9,0.48415527,0.037183788,0.6282756865406529,1.0,False
Grip84,0.48400635,-0.018146453,0.6283813607326529,1.0,False
LKRSDH,0.48397696,0.90440303,0.6284022219928342,1.0,False
GlcT,0.4834641,-0.0596699,0.6287662438333265,1.0,False
Hr96,0.48251882,-0.117513776,0.6294374225149955,1.0,False
tau,0.4819704,-0.039310962,0.6298269783649421,1.0,False
CG18787,0.48196962,0.1688123,0.6298275278817691,1.0,False
Boh2,0.48131442,0.020958249,0.6302930421842438,1.0,False
Arv1,0.48104137,-0.09447556,0.630487095632767,1.0,False
Syx5,0.48062018,-0.109109506,0.6307864716842481,1.0,False
lncRNA:CR46117,0.4802953,0.42992732,0.631017436769073,1.0,False
CG8461,0.47977972,-0.019382615,0.6313840303358418,1.0,False
AlkB,0.4793941,0.05889125,0.6316582785089679,1.0,False
Pbp95,0.47937438,0.10176294,0.6316723086154199,1.0,False
PH4alphaEFB,0.47934616,-0.074372165,0.6316923911555068,1.0,False
CG3342,0.47798976,-0.09367919,0.6326574983385075,1.0,False
Usp8,0.4774765,-0.09841923,0.6330228447710771,1.0,False
Gyc89Db,0.4772344,0.12932777,0.6331952246666885,1.0,False
CG7692,0.4771702,-0.033255283,0.6332409389711208,1.0,False
CG13531,0.47591394,0.0961762,0.6341356787780968,1.0,False
TORIP,0.47535238,-0.08521,0.634535840277149,1.0,False
Pss,0.47486466,-0.07883849,0.6348834501380539,1.0,False
CG6712,0.4744922,-0.072436966,0.6351489669304397,1.0,False
CG11168,0.47285807,0.3076434,0.63631443127566,1.0,False
CG4537,0.4726558,0.023235,0.6364587633012899,1.0,False
mod,0.47249413,-0.10802968,0.6365741284566122,1.0,False
l(3)72Dp,0.47239667,0.21567091,0.6366436829998304,1.0,False
Vps33B,0.47168925,0.034053296,0.6371486013996209,1.0,False
CG16863,0.470761,0.08965507,0.6378114071109015,1.0,False
CG8034,0.4706187,0.30181125,0.6379130629468321,1.0,False
Fer1,0.4702377,-0.035102703,0.6381851915529664,1.0,False
CG44158,0.46996891,0.642029,0.6383772304156305,1.0,False
CG3534,0.4694812,-0.008999993,0.638725725455282,1.0,False
Tcs4,0.46863106,-0.062288806,0.6393333643390526,1.0,False
Tret1,0.4684988,0.18812643,0.6394279322932699,1.0,False
Saysd1,0.46784553,0.20163678,0.6398950511767092,1.0,False
Etf-QO,0.46771598,0.051450357,0.6399877175439157,1.0,False
CG8067,0.46770668,-0.08939932,0.639994356544023,1.0,False
CG4972,0.46713775,-0.1423426,0.6404013269312896,1.0,False
MFS15,0.46705344,-0.03922791,0.6404616485402065,1.0,False
CG4854,0.4667069,0.063326694,0.6407096008296995,1.0,False
Jhbp16,0.46651813,0.7756139,0.6408446631447055,1.0,False
CG11920,0.466435,0.19586152,0.6409041718324502,1.0,False
CG5535,0.46565256,1.0808619,0.6414642200592215,1.0,False
Crz,0.46557364,0.13496882,0.6415207068428928,1.0,False
Vang,0.4654321,-0.07597371,0.6416220559791836,1.0,False
CG4610,0.4646253,-0.0911901,0.6421998181138864,1.0,False
Idgf3,0.46459472,0.1868431,0.6422217031057857,1.0,False
CG43789,0.46410778,0.7546532,0.6425705197671037,1.0,False
CG3587,0.46356902,0.066786505,0.6429565541386417,1.0,False
CG14220,0.46313855,-0.061256014,0.6432650629674094,1.0,False
CG31038,0.46284884,0.022605903,0.6434727104564939,1.0,False
be,0.46258816,0.78641826,0.6436595892750903,1.0,False
CG1227,0.46229345,0.08612356,0.6438708948442533,1.0,False
ast,0.46219948,0.17420264,0.6439382857465876,1.0,False
Ptr,0.46216697,1.3514087,0.6439615820480726,1.0,False
by,0.46168855,0.7361997,0.6443046883155968,1.0,False
barr,0.46139538,0.16420479,0.6445149719740613,1.0,False
Pdha2,0.46078852,0.6409459,0.6449503328677053,1.0,False
CG2841,0.45985913,0.31612772,0.6456173452941387,1.0,False
THADA,0.4593865,0.037283707,0.6459566511913526,1.0,False
CG15923,0.45916176,1.5242349,0.6461180000544788,1.0,False
Tmem214,0.4584915,-0.08669828,0.64659936842216,1.0,False
asl,0.45823932,0.44686186,0.6467805101251478,1.0,False
Magi,0.45675296,0.01152869,0.6478486154529269,1.0,False
CG13325,0.455858,0.16640344,0.648492107725779,1.0,False
asRNA:CR45161,0.45481795,0.18613912,0.6492402122963609,1.0,False
Dhpr,0.4548052,-0.11673814,0.6492493954002172,1.0,False
betaTub97EF,0.45465204,0.5833004,0.6493595968040906,1.0,False
CG13526,0.4545066,3.1228995,0.6494642395830812,1.0,False
CG6984,0.45426565,0.022520185,0.6496376389860918,1.0,False
CG8326,0.45392412,0.037481602,0.6498834366255315,1.0,False
shams,0.45270038,-0.051817406,0.6507645010572447,1.0,False
GILT1,0.45262575,0.04711362,0.6508182606835113,1.0,False
CG7544,0.45206338,0.26418233,0.6512233268096108,1.0,False
GstT1,0.45191446,-0.05865304,0.6513306002208405,1.0,False
CG4661,0.45156175,0.16356695,0.6515847416219931,1.0,False
pes,0.45155555,0.31025082,0.6515892006044857,1.0,False
CG43107,0.45097384,1.0414642,0.6520084005742113,1.0,False
CG34279,0.45060062,0.8413033,0.6522774265703043,1.0,False
CG33096,0.4504807,0.13889834,0.652363859033219,1.0,False
sip3,0.4495985,-0.1073539,0.6529999781622915,1.0,False
asRNA:CR45891,0.44958767,0.46186233,0.6530077882955344,1.0,False
lncRNA:CR44474,0.44709298,0.008564485,0.6548079200882188,1.0,False
dup,0.44690385,0.08095882,0.6549444772333209,1.0,False
Ilp3,0.4467685,1.3302635,0.6550422246089235,1.0,False
DAT,0.4467476,0.007379934,0.6550573061590421,1.0,False
fs(2)ltoPP43,0.44661263,-0.15569556,0.6551547810523266,1.0,False
lncRNA:CR44986,0.44613767,1.3350044,0.6554978053202,1.0,False
Oseg4,0.44455463,1.571161,0.6566416510140108,1.0,False
shtd,0.444333,0.27553278,0.656801848132339,1.0,False
CG5245,0.4441868,1.2198808,0.656907536543382,1.0,False
CG13295,0.4428826,0.10801553,0.6578506477704493,1.0,False
CG31251,0.44283077,-0.049074907,0.6578881373589331,1.0,False
CG13458,0.44274685,0.8549543,0.6579488499352961,1.0,False
Spg7,0.44260877,-0.08361817,0.6580487368245209,1.0,False
lncRNA:CR46204,0.4420348,0.9448664,0.6584640183269201,1.0,False
lncRNA:CR45556,0.4420116,0.858416,0.6584808109012692,1.0,False
CG3328,0.4419559,0.47568628,0.6585211137824702,1.0,False
CG14142,0.44185495,0.5282751,0.6585941652831572,1.0,False
Dbct,0.44119358,0.7272241,0.6590728591451669,1.0,False
CG13796,0.44099477,0.5765433,0.6592167745564737,1.0,False
Trmt2a,0.4406807,0.22041072,0.659444153016631,1.0,False
CG33958,0.44008973,0.44752437,0.6598721130716378,1.0,False
CG7530,0.43965307,0.45849627,0.6601883932971522,1.0,False
CG12560,0.43780315,0.9533223,0.6615289850866798,1.0,False
CG42663,0.43707332,-0.09402812,0.6620581773976805,1.0,False
Sk1,0.43694684,1.1274567,0.6621498987998348,1.0,False
CG31974,0.4366591,0.25493696,0.662358604911272,1.0,False
Pp1-13C,0.43662623,0.4397434,0.6623824506930065,1.0,False
asRNA:CR43426,0.43641967,0.50013524,0.6625322661391608,1.0,False
Lgr3,0.43559662,0.53484935,0.6631294175814613,1.0,False
CG8079,0.43505052,-0.16422002,0.6635257659660148,1.0,False
CG7130,0.43429825,1.0868268,0.6640718816403985,1.0,False
bbc,0.43400314,-0.06669949,0.664286164967715,1.0,False
Polr3A,0.4335715,0.17174698,0.6645996353554802,1.0,False
CG12375,0.4334462,-0.14321636,0.6646906538786702,1.0,False
CG7656,0.43342608,-0.16458982,0.6647052622502413,1.0,False
Or45a,0.43320137,1.3564825,0.6648684913684282,1.0,False
CG8673,0.4326123,-0.13254787,0.6652964462006566,1.0,False
CG45676,0.43239844,0.40770176,0.6654518632328423,1.0,False
pre-mod(mdg4)-AB,0.43232805,4.288953,0.6655030162862857,1.0,False
CG5969,0.4320078,-0.14353418,0.6657357542217728,1.0,False
RagC-D,0.43183917,-0.14046387,0.6658583199913485,1.0,False
Pvr,0.4317158,0.0543122,0.6659480010598202,1.0,False
Act42A,0.4314222,-0.13727112,0.6661613993562296,1.0,False
CG12926,0.4312915,0.03361652,0.6662564391806564,1.0,False
PPO2,0.43111047,0.26718768,0.6663880416300236,1.0,False
Lst8,0.4307682,-0.028871896,0.6666369333062878,1.0,False
Timmdc1,0.43060535,-0.13731869,0.6667553455071624,1.0,False
CG11892,0.43055314,1.0657803,0.6667933179236113,1.0,False
Alg1,0.43050674,-0.061177075,0.6668270718993355,1.0,False
CG8312,0.43039495,0.36121204,0.6669083654921304,1.0,False
defl,0.4300805,1.1140103,0.6671370774379877,1.0,False
SLC5A11,0.42911398,0.14876398,0.6678402859738495,1.0,False
CG13123,0.42888963,0.013144807,0.6680035373677751,1.0,False
dgt2,0.42880067,0.14707962,0.6680682793392981,1.0,False
CG5039,0.42860654,-0.08786137,0.6682095943062274,1.0,False
CG14805,0.42853576,-0.11375425,0.6682611124484864,1.0,False
gprs,0.42819732,-0.08118967,0.6685074639582915,1.0,False
CG30054,0.42816097,0.08112584,0.6685339312731877,1.0,False
Acat1,0.42810294,0.2839235,0.668576167203428,1.0,False
CG6983,0.42796254,-0.08150634,0.6686783824954003,1.0,False
omd,0.42793548,-0.01208446,0.6686980941396754,1.0,False
Fer3,0.42614087,0.9450344,0.6700052032800016,1.0,False
CG2233,0.42587477,0.3907199,0.6701991012291297,1.0,False
mir-4942,0.42536655,2.0138717,0.6705694848186226,1.0,False
CG1314,0.4248065,0.8664488,0.6709777323818575,1.0,False
Hus1-like,0.42451566,0.11543898,0.671189788783188,1.0,False
CG6962,0.4244031,1.0697758,0.6712718548703026,1.0,False
FMRFa,0.42398384,0.6799122,0.6715775925880018,1.0,False
Ets96B,0.42265606,0.4678129,0.6725462144691425,1.0,False
LSm3,0.42153326,-0.15025172,0.67336572106459,1.0,False
asRNA:CR44179,0.42082393,0.668461,0.6738836527788472,1.0,False
cliff,0.4205536,0.13861316,0.6740810949434655,1.0,False
CG10550,0.42033505,0.27260882,0.6742407033724278,1.0,False
CG4375,0.4201297,1.0445586,0.6743907204109405,1.0,False
Nepl5,0.41983882,0.009550716,0.6746031960651537,1.0,False
Agl,0.41977733,0.013853547,0.6746481244273097,1.0,False
CG31793,0.41933408,0.028674062,0.6749719820139499,1.0,False
Pbgs,0.41926292,-0.07566172,0.6750239857007605,1.0,False
CG31957,0.41902816,-0.06495082,0.6751955523429671,1.0,False
Remo,0.4189856,0.008937962,0.6752266453039903,1.0,False
GlyRS,0.4189214,-0.11185105,0.6752735684581239,1.0,False
hoip,0.41880885,-0.042148735,0.6753558283580013,1.0,False
CG10265,0.4186994,-0.13940695,0.6754358305364822,1.0,False
CG45071,0.41780946,-0.13652156,0.6760864436439213,1.0,False
Elp1,0.417717,0.08386297,0.676154035329062,1.0,False
Polr1B,0.41758126,0.17265889,0.6762533065098186,1.0,False
MFS10,0.416706,2.007364,0.6768934719856533,1.0,False
CG32354,0.41631302,0.26392934,0.6771809576558983,1.0,False
PolI,0.41558048,-0.11431377,0.677717006284279,1.0,False
Amus,0.41541806,-0.09815253,0.6778358987422421,1.0,False
Tollo,0.41526064,0.88865936,0.6779511188502789,1.0,False
SLC22A,0.41436255,0.44290864,0.678608611961727,1.0,False
Cp7Fb,0.41411617,1.563915,0.678789026466666,1.0,False
sog,0.41397965,0.18311681,0.6788890129189724,1.0,False
qkr58E-3,0.41343895,-0.07560099,0.6792850487552446,1.0,False
Camp,0.4123877,-0.1068185,0.680055277337924,1.0,False
Mpped,0.4120864,-0.0824433,0.6802760924664679,1.0,False
nerfin-2,0.41083327,0.66718835,0.6811947959650992,1.0,False
Veneno,0.41072497,0.29826805,0.6812742123208908,1.0,False
CG13775,0.40992126,0.2735888,0.6818637054698465,1.0,False
CG10700,0.40990347,1.6152697,0.6818767570838067,1.0,False
CG33230,0.40925062,0.010615071,0.6823557603732878,1.0,False
Gyc89Da,0.40886655,0.26491782,0.6826376035148418,1.0,False
CG6951,0.40828678,0.1524258,0.6830631484396926,1.0,False
l(2)05287,0.40762925,-0.048317377,0.6835458763308349,1.0,False
dpr17,0.40740222,-0.057609215,0.6837125894950433,1.0,False
CG3045,0.40713692,0.046170406,0.6839074390708951,1.0,False
Brr2,0.40625855,-0.086796194,0.6845526378632432,1.0,False
snoRNA:CG32479-a,0.40507466,1.9049267,0.6854226426171508,1.0,False
lncRNA:CR45961,0.40381068,0.121274166,0.686351941996312,1.0,False
scaf,0.40375847,0.6518237,0.6863903412593453,1.0,False
CG15890,0.4036904,1.6445065,0.6864404037364262,1.0,False
NPF,0.40356663,0.43475196,0.6865314299464846,1.0,False
CG1233,0.4026171,-0.023907293,0.6872299228101186,1.0,False
PNPase,0.40229648,0.26332822,0.6874658489754719,1.0,False
stwl,0.4019418,0.0695654,0.6877268546233477,1.0,False
Delta,0.40119535,0.2952459,0.688276311934013,1.0,False
CG9300,0.4007235,0.050211508,0.6886237221936632,1.0,False
Mocs1,0.4007026,0.19445851,0.6886391008878595,1.0,False
CG3651,0.400305,-0.12236816,0.6889318901991032,1.0,False
CG9518,0.40010116,0.75309145,0.6890820055154778,1.0,False
CG17030,0.3981882,0.50959593,0.6904914635841679,1.0,False
CG17065,0.3980385,-0.072175324,0.690601792058751,1.0,False
ppk5,0.39788496,1.1809303,0.690714978228665,1.0,False
exex,0.3970043,0.8541169,0.6913642928646717,1.0,False
CG15202,0.3966125,0.41836452,0.6916532353128848,1.0,False
EMC6,0.3964868,-0.11468736,0.6917459460090367,1.0,False
GCS2beta,0.3951269,-0.053747553,0.6927492282456119,1.0,False
CG8728,0.3950635,-0.13189639,0.6927960384302774,1.0,False
Ipo9,0.39461482,0.29228204,0.6931271683409721,1.0,False
CG10973,0.39436886,-0.16151278,0.6933087437668836,1.0,False
Gyc32E,0.3941395,0.43167478,0.6934780587361569,1.0,False
asRNA:CR45835,0.39401457,0.017713541,0.6935702890123818,1.0,False
CG6023,0.39396158,0.8620385,0.6936094097268022,1.0,False
ste24b,0.3937937,1.5971751,0.6937333449721025,1.0,False
Drice,0.39374033,0.15987322,0.6937727546701364,1.0,False
CG15343,0.3933884,0.47958413,0.6940326509485925,1.0,False
CG6310,0.3932093,0.045864552,0.694164897704882,1.0,False
Pfdn1,0.39252704,-0.14836867,0.694668834573392,1.0,False
r-l,0.3911022,0.0864237,0.6957217092201055,1.0,False
CG13376,0.3910894,1.0822297,0.6957311431625101,1.0,False
Eaf6,0.3904145,-0.08898334,0.6962300656518308,1.0,False
Meics,0.39020565,-0.07744674,0.6963844866521813,1.0,False
CG1513,0.38975585,-0.08532475,0.6967171064657829,1.0,False
lin-28,0.38965797,0.34865046,0.6967894725856427,1.0,False
unc-4,0.38953808,0.60286736,0.6968781462966542,1.0,False
CG10376,0.38907513,-0.12219629,0.6972205801000013,1.0,False
Hmbs,0.3886605,-0.1140081,0.6975273066793216,1.0,False
CG12116,0.38775662,0.8480425,0.6981961533509982,1.0,False
Sil1,0.3876023,-0.188796,0.6983103701303379,1.0,False
Mipp2,0.38707086,0.7645878,0.6987037403204989,1.0,False
CG32243,0.38668603,-0.12656999,0.6989886549935671,1.0,False
CG4424,0.38656846,0.05271011,0.6990757127588296,1.0,False
PIG-O,0.38651702,-0.080242686,0.6991138017754963,1.0,False
Obp85a,0.38608268,0.3082167,0.6994354407253132,1.0,False
CG18178,0.38588193,-0.16061804,0.6995841059837509,1.0,False
lncRNA:CR46254,0.38501674,1.1966714,0.7002250164820272,1.0,False
CG12499,0.38480014,0.14844778,0.7003854924194368,1.0,False
BTBD9,0.3843828,-0.08427824,0.7006947328712066,1.0,False
CG13126,0.38432327,-0.060523566,0.7007388731825188,1.0,False
CycD,0.38431513,1.011939,0.7007448923941709,1.0,False
PGAP1,0.38391405,-0.043333374,0.7010421501633518,1.0,False
Dfd,0.3826176,0.68663883,0.7020033194355861,1.0,False
Atg16,0.38113394,-0.014095196,0.7031038583759408,1.0,False
CG15812,0.38046986,-0.07762816,0.7035966632386284,1.0,False
Aatf,0.37986302,-0.1234404,0.7040470987680807,1.0,False
superdeath,0.3797141,0.49925742,0.7041576421605257,1.0,False
CG15203,0.37926352,0.37585232,0.7044921816595959,1.0,False
Mur2B,0.3791301,-0.001325587,0.7045912622721142,1.0,False
AMPKalpha,0.37860253,-0.117528446,0.7049830387496818,1.0,False
L,0.3784981,0.46507108,0.7050605990936765,1.0,False
CG12780,0.37839484,1.6318789,0.7051373006708633,1.0,False
dpa,0.37820765,0.4258626,0.7052763478746075,1.0,False
Aasdh,0.37804714,-0.08371986,0.7053955800729412,1.0,False
cni,0.3779083,-0.15700127,0.7054987289439014,1.0,False
Adsl,0.37763214,0.1619831,0.705703893480625,1.0,False
28SrRNA-Psi:CR45855,0.3773173,1.3492271,0.7059378186471055,1.0,False
lncRNA:CR46124,0.37613454,4.1923523,0.7068168667359982,1.0,False
Rint1,0.3755393,0.09210905,0.7072594133939396,1.0,False
Tmtc4,0.37526625,0.03698705,0.7074624601117345,1.0,False
CG1024,0.37522525,-0.089470685,0.7074929476764252,1.0,False
Oatp33Ea,0.37433335,0.9159074,0.7081563120262216,1.0,False
asRNA:CR46194,0.37422547,0.45546243,0.7082365866636215,1.0,False
Mat89Ba,0.3740669,0.18669532,0.7083545588586548,1.0,False
Ugt49B1,0.37371725,0.26772004,0.7086146978837199,1.0,False
lncRNA:CR45414,0.37215158,1.4771212,0.709779984739284,1.0,False
PolH,0.37185687,0.02206608,0.7099994156570844,1.0,False
YL-1,0.37135524,-0.13653001,0.7103729642605277,1.0,False
ArgRS-m,0.37112084,-0.0013600329,0.7105475220087716,1.0,False
CG11700,0.37095803,1.4942396,0.7106687996146946,1.0,False
Syb,0.37083697,0.08294914,0.7107589703737853,1.0,False
CG12321,0.37082303,-0.021674674,0.7107693417111063,1.0,False
CG9386,0.37068033,-0.17183937,0.7108756510058207,1.0,False
Zasp52,0.37057397,0.66832554,0.7109548824576997,1.0,False
Shark,0.37013692,1.1620345,0.7112804844692278,1.0,False
CG11668,0.37004447,0.9845707,0.7113493574860544,1.0,False
Him,0.36917886,1.923804,0.711994399819467,1.0,False
CG8613,0.36880913,-0.12866867,0.7122700035574627,1.0,False
peng,0.36855152,-0.14371926,0.7124620258660084,1.0,False
Alg13,0.36809707,-0.059176423,0.712800848410105,1.0,False
CG4968,0.36786154,-0.14635149,0.7129764817208988,1.0,False
Fpgs1,0.36727366,0.7028871,0.713414910383924,1.0,False
Jheh2,0.36716846,0.3900661,0.7134933760298996,1.0,False
Dhdds,0.36711586,-0.07895646,0.7135326099895316,1.0,False
run,0.36695766,0.057053275,0.7136506049183906,1.0,False
CCHa2,0.36592653,0.24553034,0.7144199034025644,1.0,False
phr,0.36569718,0.22205447,0.7145910584273457,1.0,False
CG4572,0.36484474,-0.064746566,0.7152273151864454,1.0,False
Alg9,0.3646057,0.109582625,0.7154057566646008,1.0,False
CG33296,0.3642897,2.3942993,0.7156416813219211,1.0,False
CG13252,0.3637057,0.50512594,0.7160777946928074,1.0,False
Jhbp1,0.3634949,1.4423645,0.716235222610206,1.0,False
Ivd,0.3630737,0.3183041,0.7165498257133294,1.0,False
CG31627,0.36306635,0.42032304,0.7165553150835509,1.0,False
rdo,0.36282307,-0.09609097,0.716737050395823,1.0,False
CG6041,0.3628165,-0.077190585,0.7167419623837039,1.0,False
CG18004,0.36281148,-0.10492798,0.7167457186176367,1.0,False
Scp1,0.36085442,1.0701727,0.7182082800202265,1.0,False
CG34377,0.36069313,0.3720864,0.718328857416813,1.0,False
HisCl1,0.36029166,0.21832415,0.7186290301698529,1.0,False
lncRNA:CR44951,0.35967362,1.1386404,0.7190912306990782,1.0,False
Cul5,0.35932937,-0.04407735,0.719348696082033,1.0,False
Paics,0.35906985,-0.14283696,0.7195428286820309,1.0,False
Rpp21,0.35898012,0.23851708,0.719609954744318,1.0,False
snoRNA:Dek-a,0.3589163,0.49768254,0.7196576965785471,1.0,False
CG44437,0.35862082,1.6500359,0.7198787699898679,1.0,False
CG32221,0.35835975,-0.030845864,0.7200741095789734,1.0,False
Ugt50B3,0.3578701,1.309635,0.7204405291056903,1.0,False
ath,0.35749185,0.24414557,0.7207236364991203,1.0,False
CycH,0.35745317,0.18635675,0.7207525862434514,1.0,False
CG16812,0.35703042,-0.14697124,0.7210690330354381,1.0,False
CG8679,0.3564259,0.012467619,0.7215216378214717,1.0,False
Cyp301a1,0.3559142,0.54287523,0.7219048209751093,1.0,False
Det,0.35583645,-0.16118978,0.721963043119065,1.0,False
CG8757,0.35578346,0.47556943,0.7220027277919596,1.0,False
asRNA:CR43629,0.35571966,0.32240254,0.7220505241940416,1.0,False
Pgant35A,0.3551252,0.0135243125,0.7224958070278207,1.0,False
Dbx,0.3543068,0.24429993,0.7231089851899445,1.0,False
CG42354,0.35404146,1.0032511,0.7233078136516344,1.0,False
hpRNA:LINR-3,0.35397688,0.93591523,0.7233562193261363,1.0,False
CREG,0.35349184,-0.020907145,0.7237197320110841,1.0,False
asRNA:CR44119,0.35300413,0.6009507,0.7240853367249542,1.0,False
lncRNA:CR44965,0.35261506,2.2261417,0.7243770538317044,1.0,False
RpS24,0.35218728,0.037717577,0.7246978148533046,1.0,False
CHKov1,0.3518032,1.3518862,0.7249858449021127,1.0,False
CG16789,0.35167673,0.013763526,0.7250807031968043,1.0,False
lncRNA:CR32658,0.35151044,0.52125806,0.7252054468256501,1.0,False
CG7737,0.35134026,-0.02682371,0.7253330990182092,1.0,False
CG6126,0.35045415,0.05388555,0.7259978840369614,1.0,False
mei-W68,0.35026735,0.50195926,0.7261380636852421,1.0,False
aurA,0.34992778,0.21228684,0.7263929064938877,1.0,False
lncRNA:CR44127,0.34955415,0.801373,0.7266733266231039,1.0,False
Teh3,0.34936926,-0.042048167,0.7268120987853488,1.0,False
TAF1C-like,0.3493689,-0.025521355,0.7268123891130771,1.0,False
trem,0.349336,-0.045715235,0.7268370671133642,1.0,False
CG32650,0.34870788,0.12232289,0.7273086164926483,1.0,False
Rnf146,0.34865567,-0.17357284,0.7273478201390822,1.0,False
CG11426,0.3477232,0.36195776,0.7280480883268374,1.0,False
sktl,0.3471326,0.46700716,0.7284917186930164,1.0,False
CG1231,0.3462028,-0.114079274,0.7291903230040724,1.0,False
CG1674,0.34599122,0.8820497,0.7293493130686795,1.0,False
SMSr,0.34545556,-0.12275689,0.7297519267760939,1.0,False
CG6136,0.34532636,-0.1555885,0.7298490303341062,1.0,False
CG18327,0.3447319,0.8805059,0.7302959369504267,1.0,False
CG13920,0.3441769,-0.06987003,0.7307132681642177,1.0,False
CG10222,0.34388524,0.43657708,0.7309325807746954,1.0,False
Pmvk,0.34388372,-0.14433178,0.730933744295486,1.0,False
Mpc1,0.34337047,-0.11812525,0.7313197764691642,1.0,False
Rcd5,0.34278682,-0.14007574,0.7317588361924054,1.0,False
RhoGAP54D,0.34231612,0.9635366,0.7321129993865707,1.0,False
lncRNA:CR45382,0.3418315,0.32076892,0.7324776986865325,1.0,False
Nup188,0.34168413,0.0779196,0.7325886048698776,1.0,False
Fnta,0.34115967,-0.14317927,0.7329833713799423,1.0,False
alphaTub67C,0.3410947,0.14388467,0.7330322854251028,1.0,False
CG14450,0.34057683,-0.16262795,0.7334221807504808,1.0,False
Taf7,0.3405254,-0.08506048,0.7334609119739119,1.0,False
Pms2,0.34038654,0.054596104,0.7335654605429365,1.0,False
lncRNA:CR44708,0.34035173,0.8862576,0.7335916712653454,1.0,False
Tdh,0.33993402,0.36648777,0.7339062241476515,1.0,False
sev,0.33909124,0.8157858,0.7345409996381653,1.0,False
crn,0.33901852,-0.12976685,0.734595775374959,1.0,False
Brat1,0.33876827,-0.066511266,0.7347842958086628,1.0,False
lncRNA:CR44050,0.3380106,0.042508833,0.7353551992949066,1.0,False
MCPH1,0.33780098,0.18256555,0.7355131780116526,1.0,False
Jarid2,0.33779827,-0.071159445,0.7355152184003718,1.0,False
Acer,0.33760837,-0.08866174,0.7356583417499902,1.0,False
CG8112,0.33741963,0.40679327,0.7358005997113353,1.0,False
CG15547,0.33693266,-0.15486453,0.736167655419331,1.0,False
mid,0.33636373,0.4536931,0.7365965950477472,1.0,False
CG4459,0.33603498,0.77094746,0.7368444901848226,1.0,False
how,0.3359928,0.33450904,0.7368762810723241,1.0,False
CG14722,0.3358319,-0.16658781,0.7369976155704312,1.0,False
CG3919,0.33529624,0.7183329,0.7374016250171178,1.0,False
CG7824,0.33483753,0.21325028,0.7377476431361903,1.0,False
CG11309,0.33478415,-0.12704538,0.7377879083941846,1.0,False
CG12818,0.3343819,-0.06865804,0.7380913798512867,1.0,False
CG12992,0.3343796,0.05039267,0.7380931307666269,1.0,False
dsf,0.3343421,1.0789949,0.738121437419818,1.0,False
mei-218,0.33391857,1.5551344,0.7384410062168889,1.0,False
if,0.33288938,0.44498911,0.7392177904405817,1.0,False
CG5348,0.33190078,0.1835698,0.7399641742920697,1.0,False
CG7741,0.33153066,-0.16347943,0.7402436932748073,1.0,False
lncRNA:CR44901,0.3310588,-0.04580391,0.7406000785978806,1.0,False
Mdr65,0.33093038,0.6112995,0.7406970717850078,1.0,False
GILT3,0.3304415,0.119821064,0.7410663847577679,1.0,False
laza,0.33038735,0.008291874,0.7411072933473192,1.0,False
CG10681,0.33021718,-0.11114799,0.741235867964201,1.0,False
sced,0.32998434,-0.13532244,0.7414117931224584,1.0,False
CheB42c,0.3299151,0.25996727,0.7414641057023144,1.0,False
CG31642,0.32850108,0.7448783,0.7425328293402732,1.0,False
CG31223,0.32663453,-0.11613335,0.743944327952475,1.0,False
Nxt1,0.32614875,-0.09372269,0.7443118216134378,1.0,False
lncRNA:CR44129,0.3260741,3.0553546,0.7443682967420956,1.0,False
lncRNA:CR43641,0.32577938,0.57676214,0.7445912845093005,1.0,False
slou,0.32562968,0.11622007,0.7447045424014975,1.0,False
Myd88,0.32500234,0.25818044,0.7451792905464625,1.0,False
CG32195,0.32483023,0.012566243,0.7453095558882716,1.0,False
CG15011,0.3241298,0.04298305,0.7458397670141588,1.0,False
HGTX,0.32405823,0.8790542,0.7458939367209555,1.0,False
lncRNA:CR45972,0.32404742,1.5340883,0.7459021354887271,1.0,False
CG8060,0.32389814,-0.051718827,0.7460151642906618,1.0,False
Miox,0.32343128,0.097961955,0.7463686341688138,1.0,False
Sec31,0.3233493,-0.12773764,0.7464307238687832,1.0,False
Prim1,0.32297298,0.40717977,0.7467157132720281,1.0,False
LanA,0.32284263,1.4901572,0.746814427855059,1.0,False
me31B,0.32284147,-0.11763374,0.7468153066385494,1.0,False
Cdc16,0.32189503,0.05398167,0.7475322105841189,1.0,False
CG13578,0.32170862,0.7026442,0.7476734491453523,1.0,False
FER,0.32161152,-0.02607269,0.7477470020410066,1.0,False
AOX3,0.3214545,1.210497,0.7478659809088503,1.0,False
chif,0.3214487,-0.12830025,0.7478703767948918,1.0,False
lncRNA:CR44334,0.32138026,1.009337,0.7479222488692504,1.0,False
CG1468,0.32099697,0.41969904,0.7482126949495631,1.0,False
tey,0.32091805,0.043107405,0.7482724884886065,1.0,False
Grip,0.3199693,0.28701657,0.7489915949483446,1.0,False
Hmgs,0.31994456,-0.17196326,0.749010359721495,1.0,False
Ugt49C1,0.3192093,1.0985945,0.7495677998442883,1.0,False
dap,0.31914008,0.38266882,0.7496202956903589,1.0,False
MFS14,0.318213,0.3165731,0.7503233824633753,1.0,False
CG5116,0.31771752,0.5100817,0.7506992097972174,1.0,False
PIG-V,0.31746536,-0.10954797,0.7508905201276314,1.0,False
Zip99C,0.31701052,-0.13273454,0.7512356216515376,1.0,False
klu,0.31671464,0.10681866,0.751460140433269,1.0,False
CG11836,0.3166369,0.36392897,0.7515191351337147,1.0,False
COX5BL,0.31642187,0.48288134,0.7516823320178223,1.0,False
Regnase-1,0.3164118,0.47299558,0.751689963798637,1.0,False
FAM21,0.31610394,-0.10588908,0.751923625452317,1.0,False
MKP-4,0.31457812,-0.11779361,0.7530819948985762,1.0,False
PIG-C,0.3137423,-0.02426542,0.7537167647474419,1.0,False
Snm1,0.3136839,-0.101902016,0.7537611255546914,1.0,False
lncRNA:CR45530,0.31232014,1.5861851,0.7547972252382373,1.0,False
Vps26,0.31224358,-0.09072939,0.7548554197778629,1.0,False
Cp7Fa,0.31215966,0.2806569,0.7549192002402442,1.0,False
mRpL13,0.31208462,-0.16742462,0.7549762219762052,1.0,False
gry,0.31182894,-0.04581412,0.75517051739931,1.0,False
CG7685,0.31178138,-0.14432733,0.7552066739305814,1.0,False
Ret,0.3115671,0.5182829,0.7553695319454775,1.0,False
Targ3,0.3115172,0.30186844,0.755407455318485,1.0,False
CG10907,0.31111225,-0.18252653,0.7557152737957926,1.0,False
CG34002,0.31106934,1.529975,0.7557479101209656,1.0,False
Septin5,0.31094015,1.0205755,0.7558461157460761,1.0,False
CG11029,0.31027222,1.0358231,0.7563539664130227,1.0,False
CG32176,0.3101968,-0.11549142,0.7564113157520145,1.0,False
lncRNA:CR44500,0.3101759,0.82399607,0.7564271973446608,1.0,False
Sox21a,0.30979028,0.5936575,0.756720437080417,1.0,False
Chsy,0.30940005,0.66616607,0.7570172419482442,1.0,False
CG42578,0.30920085,1.3616359,0.7571687468526733,1.0,False
CG2961,0.30852824,1.2096477,0.7576804022370638,1.0,False
asRNA:CR45195,0.30850738,1.1981585,0.7576962920293069,1.0,False
Dlip1,0.30812988,0.013521865,0.7579835029534259,1.0,False
CG42323,0.30695373,0.6720301,0.7588786026782167,1.0,False
lncRNA:CR43635,0.30651242,0.8202176,0.7592145324873605,1.0,False
Cdc45,0.30575278,-0.1571092,0.7597928738934967,1.0,False
CG30356,0.30505234,0.69396365,0.7603262802634215,1.0,False
mia,0.30493593,0.2981582,0.7604149469310262,1.0,False
Dll,0.30422428,-0.029467551,0.7609570308336033,1.0,False
CG1582,0.30339658,-0.08230422,0.7615876456060128,1.0,False
CG34376,0.3033842,-0.09875428,0.7615970765624416,1.0,False
aop,0.30280367,-0.080320425,0.7620394871272782,1.0,False
CG34160,0.3025012,1.6995537,0.7622700076667664,1.0,False
nemy,0.30226064,-0.039308645,0.762453377939608,1.0,False
CG14043,0.30184177,-0.130907,0.7627726862909388,1.0,False
lncRNA:CR44347,0.3017563,0.05361401,0.7628378502051785,1.0,False
Zmynd8,0.3017563,-0.107581995,0.7628378502051785,1.0,False
Corp,0.30171955,1.0865066,0.7628658623590945,1.0,False
lncRNA:CR43126,0.30166307,-0.055624176,0.7629089132220511,1.0,False
CG7702,0.30165574,0.26219022,0.7629145157855448,1.0,False
Orc6,0.30162016,-0.015613944,0.7629416441633823,1.0,False
CG3735,0.30152655,-0.089247055,0.7630130049821813,1.0,False
CG31195,0.30131343,0.07450196,0.7631754910529696,1.0,False
Polr1C,0.301134,-0.14236479,0.7633123295215445,1.0,False
NimC4,0.30109414,1.1741616,0.7633427063054349,1.0,False
shg,0.30098855,0.09105479,0.7634232212913589,1.0,False
Ubx,0.30073214,0.29335794,0.7636187683374113,1.0,False
TBC1D23,0.300695,-0.13047674,0.7636470840919797,1.0,False
Polr3C,0.30038095,-0.05791142,0.7638866008250972,1.0,False
lncRNA:CR44565,0.29941478,1.994734,0.7646235808371435,1.0,False
mol,0.2989727,0.739616,0.7649608690132894,1.0,False
sv,0.2989081,0.26061094,0.7650101528221755,1.0,False
CG5104,0.29876927,1.6763157,0.7651161014767208,1.0,False
lncRNA:CR45967,0.29861456,1.1497399,0.7652341552937122,1.0,False
GstT3,0.29810014,0.53064,0.765626723436746,1.0,False
Had2,0.2975749,0.6017579,0.7660276182886715,1.0,False
Asm,0.29744807,0.92459923,0.7661244564886588,1.0,False
CG46387,0.29721445,0.4395749,0.7663027900502595,1.0,False
CG5897,0.2971951,0.8521299,0.7663175533173818,1.0,False
GILT2,0.29709688,0.4607167,0.7663925520246032,1.0,False
CG17186,0.2967453,0.025750095,0.7666609708398293,1.0,False
Rel,0.29673988,0.013452312,0.7666651051220499,1.0,False
Edg78E,0.29672867,0.43483096,0.7666736690134954,1.0,False
flr,0.29631636,-0.13498957,0.7669884856227166,1.0,False
BubR1,0.2961698,0.51249176,0.7671004231254247,1.0,False
CG13876,0.29602435,-0.08128092,0.7672114793815521,1.0,False
asRNA:CR45124,0.29486018,1.0053729,0.7681006923079843,1.0,False
synr,0.29469,0.424392,0.7682307025235982,1.0,False
ste24a,0.2943361,-0.0902147,0.768501085550357,1.0,False
lncRNA:CR43900,0.2936318,0.05031688,0.7690392758740403,1.0,False
sea,0.29355368,0.92597866,0.7690989831465623,1.0,False
Zip48C,0.29331657,-0.078198865,0.7692801824098409,1.0,False
lncRNA:CR44813,0.29317734,0.06829158,0.7693866022067616,1.0,False
28SrRNA-Psi:CR41609,0.29284433,0.68927693,0.7696411405039899,1.0,False
LeuRS-m,0.2927399,-0.16935875,0.7697209659899443,1.0,False
CG32091,0.29251674,0.58317393,0.7698915641888318,1.0,False
Nup93-1,0.29201007,0.04211715,0.7702789255232136,1.0,False
Ns4,0.2918252,0.01065405,0.7704202823329924,1.0,False
TAF1B,0.2911557,-0.028204348,0.770932247033845,1.0,False
Irc,0.29020578,0.3709696,0.7716588106822864,1.0,False
Sqor,0.2899652,-0.14731891,0.7718428500651617,1.0,False
PK2-R2,0.28979814,-0.109590836,0.7719706791856058,1.0,False
B-H1,0.28972155,0.72188604,0.7720292696012949,1.0,False
grsm,0.289626,-0.17260161,0.7721023614876052,1.0,False
mir-2279,0.2895444,0.5542509,0.7721648019072103,1.0,False
Ptcd3,0.2891932,-0.12716866,0.7724335196911855,1.0,False
POSH,0.28833884,-0.07531685,0.7730873754303751,1.0,False
lncRNA:CR45643,0.28825957,1.4066944,0.7731480628392443,1.0,False
ine,0.28734794,0.2790041,0.7738459195893348,1.0,False
lncRNA:CR45464,0.28701726,1.5344305,0.774099111824623,1.0,False
CG13135,0.28698632,1.2473626,0.774122803556089,1.0,False
CG8607,0.286972,0.06304907,0.7741337610530441,1.0,False
lncRNA:CR45203,0.2869364,1.249965,0.7741610069161968,1.0,False
CG43155,0.2856303,0.21582039,0.7751613000360869,1.0,False
CG31612,0.28559276,0.44694573,0.7751900376968561,1.0,False
PIG-Q,0.2853495,-0.012318691,0.7753763955654406,1.0,False
Tsp3A,0.2850076,-0.16519587,0.7756383257867017,1.0,False
Cyp4s3,0.28497395,0.9781369,0.775664105367329,1.0,False
PNKP,0.2847767,-0.13690346,0.7758152320179991,1.0,False
CG12836,0.28443247,0.48285484,0.776078983170819,1.0,False
ttk,0.2840689,0.3338556,0.776357579845416,1.0,False
CG5854,0.28335223,-0.0962709,0.7769068551857969,1.0,False
CG11658,0.2832826,-0.13971609,0.7769602176165674,1.0,False
Hml,0.28279257,0.64756465,0.777335859599315,1.0,False
daed,0.2827148,-0.115453005,0.7773954571551667,1.0,False
CG15706,0.2826835,0.032676093,0.7774194744509688,1.0,False
Hsp110,0.28234467,-0.10643586,0.777679230641674,1.0,False
Herp,0.2813325,-0.13170138,0.7784553853356746,1.0,False
Stt3A,0.28127488,-0.18545455,0.7784995826888419,1.0,False
CG30466,0.28122035,-0.07703773,0.778541407689519,1.0,False
CG15912,0.2809643,-0.21286784,0.7787377861245492,1.0,False
Zip71B,0.28069356,0.952152,0.778945452404894,1.0,False
Sobp,0.28053886,0.098079376,0.7790641259375676,1.0,False
CG4991,0.2805029,0.5419004,0.7790917182719983,1.0,False
CG10916,0.280388,-0.13299353,0.7791798375911404,1.0,False
Snrnp48,0.28032148,-0.16453868,0.7792308709526135,1.0,False
mino,0.27903005,0.0003412609,0.7802217592273959,1.0,False
CG18213,0.2790146,0.6106897,0.7802336318746763,1.0,False
Spt,0.27874926,0.41149557,0.7804372557495991,1.0,False
Rcc1,0.27841198,-0.14835203,0.780696111333811,1.0,False
Fpgs2,0.2779498,0.69500065,0.7810508898260634,1.0,False
per,0.27781522,-0.083501846,0.7811542146457173,1.0,False
CG8086,0.27764463,0.49544567,0.7812851576829232,1.0,False
ver,0.27757812,-0.17942032,0.7813362301178098,1.0,False
Hrs,0.27734566,-0.13685411,0.7815146941107809,1.0,False
CG12655,0.27725092,0.22234306,0.7815874489570355,1.0,False
GluRS-m,0.27646732,0.25263414,0.7821891601936315,1.0,False
Mms19,0.27625847,-0.12310899,0.7823495593434707,1.0,False
Boot,0.2758798,1.3934968,0.7826403806563051,1.0,False
CG5645,0.27567288,0.027893003,0.7827993203630822,1.0,False
CG14696,0.2755731,0.7570572,0.7828759711634188,1.0,False
lncRNA:CR44268,0.27535227,1.9879088,0.7830456205446599,1.0,False
CG6293,0.2750738,0.8928246,0.7832595539092521,1.0,False
CG12325,0.274921,-0.12226915,0.7833769270926516,1.0,False
AsnS,0.27466652,0.31885457,0.7835724609609096,1.0,False
Nup160,0.27445766,0.093029276,0.7837329396970629,1.0,False
CG9541,0.2742987,0.17375655,0.7838550880119322,1.0,False
Fadd,0.274079,0.00056864624,0.7840239051547255,1.0,False
CG42809,0.27400824,0.23176275,0.7840782973503153,1.0,False
T48,0.27382103,0.07457646,0.7842221593885987,1.0,False
asRNA:CR44840,0.27349073,0.6042713,0.7844760165872383,1.0,False
lncRNA:CR44218,0.27346677,0.5707238,0.7844944473941682,1.0,False
Atg10,0.27339327,-0.02842819,0.7845509296519578,1.0,False
mira,0.27315423,0.21506174,0.7847346534740937,1.0,False
stum,0.27292836,-0.04840757,0.7849082805373088,1.0,False
CG31806,0.27279377,0.10119307,0.7850117483295022,1.0,False
Kua,0.272699,0.16729428,0.7850845943127109,1.0,False
CG14795,0.27258453,0.28782463,0.7851726066645591,1.0,False
hpRNA:LINR-2,0.27245766,0.09634724,0.7852701370732635,1.0,False
CG5321,0.27229986,0.4162251,0.7853914600910863,1.0,False
asRNA:CR45185,0.2719185,0.78154606,0.7856846789016976,1.0,False
MTPAP,0.27185857,-0.16137621,0.7857307759034147,1.0,False
botv,0.27180248,-0.07570683,0.7857738995851666,1.0,False
betaTub65B,0.2709887,0.27254412,0.7863997129851985,1.0,False
Arc42,0.27080035,0.0015181474,0.7865445858665067,1.0,False
CG11398,0.27065685,-0.15342426,0.7866549559982734,1.0,False
Asph,0.27044454,0.045575198,0.7868182878579953,1.0,False
Rcd7,0.27008948,0.86924756,0.7870914210994867,1.0,False
CG10970,0.2695422,0.95961714,0.7875124784238884,1.0,False
ao,0.2690452,0.48391888,0.7878949058583651,1.0,False
CG2111,0.26899415,1.07441,0.7879341931308992,1.0,False
coil,0.26877755,-0.08307244,0.7881008724070333,1.0,False
Sting,0.2684314,0.4027257,0.7883672817511883,1.0,False
asun,0.2682562,-0.0214478,0.7885021330135891,1.0,False
asRNA:CR44165,0.2678636,1.3394586,0.7888043061981891,1.0,False
CG13850,0.26740336,-0.17457695,0.7891586186719425,1.0,False
CG10359,0.26738402,0.5112162,0.789173506705817,1.0,False
Nup43,0.2673082,-0.039653536,0.789231868540923,1.0,False
I-3,0.2671392,-0.13299035,0.7893619958695164,1.0,False
Snap29,0.2664407,-0.13699907,0.7898998383664084,1.0,False
scb,0.26604694,1.1144156,0.790203051747819,1.0,False
Awh,0.26604384,-0.077826366,0.790205434690022,1.0,False
CG14414,0.26488355,-0.112126574,0.7910991761224325,1.0,False
CG3704,0.26480773,-0.15144973,0.7911575768023731,1.0,False
CG42526,0.26428133,0.2624884,0.7915631362902682,1.0,False
CG10702,0.26421016,0.3547702,0.7916179701195901,1.0,False
CG45218,0.26389533,0.38737038,0.7918605625786087,1.0,False
CG31174,0.26349774,0.2654954,0.7921669612145535,1.0,False
wun2,0.2634026,0.2663919,0.7922402870507635,1.0,False
pain,0.26338905,0.9864339,0.7922507197377794,1.0,False
CG11563,0.26267275,-0.19182777,0.7928028109348233,1.0,False
fat-spondin,0.26254553,0.38311246,0.7929008984850886,1.0,False
wwk,0.26207405,-0.08893084,0.793264357809382,1.0,False
CG3345,0.26184043,0.22342715,0.7934444642257732,1.0,False
lncRNA:CR13130,0.2615194,0.9433694,0.7936919794235777,1.0,False
CG6465,0.26112685,0.30830815,0.7939946919134421,1.0,False
CG7810,0.26075438,-0.1321335,0.7942819246697621,1.0,False
lncRNA:CR44408,0.2601019,0.6497989,0.79478517118371,1.0,False
CG3407,0.25997892,-0.009262525,0.7948800428745669,1.0,False
lncRNA:CR32582,0.25996342,0.5084709,0.7948919766354076,1.0,False
Aven,0.25990543,-0.14876398,0.7949367286660014,1.0,False
pre-rRNA:CR45856,0.25989228,1.7648809,0.79494687255342,1.0,False
MP1,0.25988647,0.11539403,0.7949513478088908,1.0,False
Mtpbeta,0.25983852,-0.13727464,0.7949883435125487,1.0,False
CG7133,0.25979054,-0.17197493,0.79502533967724,1.0,False
CG18371,0.25967103,0.87391895,0.7951175337381664,1.0,False
CG5107,0.25930747,2.0345674,0.7953980122212487,1.0,False
Tango6,0.25916088,-0.051142592,0.795511106240743,1.0,False
E(spl)mbeta-HLH,0.25904796,0.23212142,0.7955982422943237,1.0,False
CG43800,0.25898722,-0.004803381,0.7956450938975769,1.0,False
CG42764,0.25889787,0.70767313,0.7957140297616574,1.0,False
Tmf,0.25853974,-0.14704858,0.795990386068016,1.0,False
Klp54D,0.25829336,0.40129864,0.7961805078028585,1.0,False
CG15638,0.25814947,0.51876837,0.7962915421049703,1.0,False
CG12194,0.2580849,-0.10925937,0.7963413894906137,1.0,False
Mocs3,0.25700116,-0.14927627,0.7971778747976049,1.0,False
CG4730,0.25682324,0.13118955,0.7973152215856945,1.0,False
tej,0.2563858,0.2433864,0.7976529422126262,1.0,False
Dbp73D,0.25618237,0.26930654,0.797810020593726,1.0,False
asRNA:CR46029,0.25609457,0.46572948,0.7978778117019181,1.0,False
asRNA:CR45135,0.25594413,0.92966104,0.7979939859113258,1.0,False
Tti1,0.25585324,0.39843813,0.7980641704421432,1.0,False
CG33978,0.25571787,0.12621811,0.7981687036198959,1.0,False
crb,0.25553763,0.021431614,0.7983078876954582,1.0,False
Eogt,0.2551408,-0.12796092,0.7986143541931131,1.0,False
rdhB,0.25495127,0.017124446,0.7987607282865751,1.0,False
Pura,0.25474474,0.11076624,0.7989202542298055,1.0,False
Surf6,0.2542574,-0.15764989,0.7992966970150536,1.0,False
mei-S332,0.25420403,-0.0021037834,0.7993379292987215,1.0,False
Lsm10,0.25391474,-0.017780678,0.7995614299590144,1.0,False
CG11986,0.253837,-0.14379872,0.7996214910910191,1.0,False
Polr2J,0.25370356,-0.13614702,0.7997245838565925,1.0,False
Hem,0.2534282,-0.1546736,0.7999373544509418,1.0,False
asRNA:CR45190,0.25252894,2.113895,0.8006322494064593,1.0,False
ppk29,0.25247556,0.2580563,0.8006734997512688,1.0,False
Dr,0.2520505,0.097360164,0.8010020277638156,1.0,False
Cftr,0.2516471,0.37827098,0.8013138480509516,1.0,False
lncRNA:CR45223,0.2515446,-0.0193143,0.8013930787682754,1.0,False
egr,0.2513253,0.31437764,0.8015626094651349,1.0,False
Pgant4,0.25114045,1.1964799,0.8017055367828884,1.0,False
Gmppb,0.2511211,-0.15196517,0.8017204877226081,1.0,False
l(2)37Cd,0.25045237,-0.03908846,0.802237535848014,1.0,False
sud1,0.25015417,0.07929931,0.8024681271728492,1.0,False
su(r),0.2497701,0.8524251,0.802765139785127,1.0,False
Sirt4,0.24942511,-0.15830801,0.8030319669498468,1.0,False
asRNA:CR45121,0.24935162,1.5012614,0.8030888052998647,1.0,False
CG11839,0.2493435,-0.0948111,0.8030950874972118,1.0,False
lncRNA:CR44396,0.24913658,-0.01126648,0.8032551382432087,1.0,False
Mics1,0.24899386,0.6930179,0.8033655331923607,1.0,False
CG14352,0.24879235,-0.0041479524,0.8035214091631199,1.0,False
FLASH,0.24877727,-0.090622514,0.8035330777364286,1.0,False
ssp7,0.248633,0.2652817,0.8036446793800152,1.0,False
CG4133,0.2484462,-0.11856881,0.803789198984157,1.0,False
Rcd2,0.248259,0.338589,0.8039340245292081,1.0,False
CG31161,0.24807876,0.042908482,0.8040734703601862,1.0,False
trsn,0.24778675,-0.19156253,0.804299409778117,1.0,False
Pmm2,0.24768928,-0.093972534,0.8043748263099071,1.0,False
lncRNA:CR44187,0.24749474,0.15154262,0.8045253655448492,1.0,False
lncRNA:CR43887,0.24638702,2.5957773,0.8053826493809082,1.0,False
vri,0.24612634,0.41875634,0.8055844324916369,1.0,False
CG7974,0.24471618,-0.16540276,0.8066762014531186,1.0,False
asRNA:CR44429,0.24421453,0.8102402,0.8070646699196544,1.0,False
lncRNA:CR44663,0.24377632,0.10410197,0.8074040571909497,1.0,False
Gr59d,0.24357753,0.882866,0.8075580365439634,1.0,False
PK2-R1,0.24344563,0.06400818,0.807660194276035,1.0,False
ETHR,0.24305229,0.28572252,0.807964889448075,1.0,False
puml,0.24277382,-0.18300602,0.8081806204593036,1.0,False
CG44008,0.24255994,0.4919321,0.8083463237649589,1.0,False
lncRNA:CR45430,0.242406,0.2896876,0.808465587522494,1.0,False
Cpr64Ad,0.24215576,0.34391454,0.8086594755394728,1.0,False
IntS4,0.2419442,0.07796247,0.808823405486683,1.0,False
CG34219,0.24158876,-0.13219225,0.8090988386736876,1.0,False
CG3603,0.24130486,1.3988005,0.8093188425630639,1.0,False
Miro,0.24085079,-0.17645876,0.8096707602177682,1.0,False
CG11619,0.2405147,0.8929362,0.8099312760171766,1.0,False
Sr-CI,0.24048066,0.84326434,0.8099576585387482,1.0,False
CG16896,0.24039286,-0.16941336,0.8100257144492319,1.0,False
Cenp-C,0.24029113,0.16976574,0.8101045651636569,1.0,False
Hr51,0.23952958,0.007627649,0.8106949573537601,1.0,False
Dmel_CG14117,0.23949401,1.5178964,0.8107225456078884,1.0,False
lncRNA:CR45597,0.23934896,1.0245738,0.8108350001625719,1.0,False
CG30460,0.239284,-0.08923646,0.8108853810694467,1.0,False
CG18171,0.23903607,0.1495536,0.8110776154145564,1.0,False
cag,0.23879395,-0.19472225,0.8112653622918484,1.0,False
CG5835,0.23845784,0.34337243,0.8115260065394136,1.0,False
CG10646,0.23822036,-0.22648002,0.8117101797434176,1.0,False
Ice2,0.23736715,-0.054057334,0.8123719693660454,1.0,False
asRNA:CR44027,0.23650813,0.15438701,0.8130383943300442,1.0,False
asRNA:CR45896,0.23649344,2.3359182,0.8130497976476196,1.0,False
sage,0.23630933,-0.08058212,0.8131926425617056,1.0,False
ifc,0.23584908,-0.104678005,0.8135497820259239,1.0,False
lncRNA:CR45939,0.23518771,1.5781865,0.8140630502980293,1.0,False
p115,0.2348574,-0.114553265,0.8143194141852572,1.0,False
Thg,0.23485586,-0.05740499,0.8143206149996935,1.0,False
Wdr24,0.23463191,0.029350555,0.814494437490417,1.0,False
CG4950,0.23458782,1.7860427,0.8145286626842068,1.0,False
Tsp42En,0.234413,0.36049858,0.8146643660591526,1.0,False
Dysb,0.23414807,0.2430134,0.8148700333214992,1.0,False
CG6701,0.23408309,0.5021747,0.814920476292349,1.0,False
mtsh,0.23397633,1.9225191,0.815003348552858,1.0,False
CG7568,0.23331612,1.5016655,0.8155159414234253,1.0,False
CG1628,0.23311307,0.4148691,0.8156736088970131,1.0,False
Damm,0.23306975,0.82861954,0.8157072455908387,1.0,False
CG8870,0.232717,1.5773157,0.8159811570197073,1.0,False
asRNA:CR44892,0.23261374,0.1523776,0.8160613524511421,1.0,False
AGO3,0.23246484,0.78077215,0.8161769934497028,1.0,False
Tsp42Ek,0.23239677,-0.184031,0.8162298592395931,1.0,False
Cdk7,0.23191099,-0.19367091,0.8166071530065642,1.0,False
CG43219,0.23180152,0.23102379,0.8166921701323042,1.0,False
CG43329,0.23179573,0.65720093,0.8166966764005874,1.0,False
Hnf4,0.23128518,0.08749028,0.8170932517238767,1.0,False
CG15082,0.23094793,0.2545117,0.8173552574785294,1.0,False
ND-51L1,0.23070155,0.34920126,0.8175466667853941,1.0,False
lncRNA:CR44753,0.23033838,2.6321998,0.8178288425701816,1.0,False
CG15047,0.23015273,1.2005286,0.8179730949027733,1.0,False
lncRNA:CR44603,0.22993149,-0.05597194,0.8181450036477194,1.0,False
CG4250,0.2295455,0.049101055,0.8184449632667742,1.0,False
Noc1,0.22946428,-0.13962615,0.8185080844084798,1.0,False
Nost,0.22944455,0.06445851,0.8185234140061683,1.0,False
CG10555,0.22932194,-0.15824187,0.8186186995317513,1.0,False
Ilp7,0.22920823,0.5313009,0.8187070739911065,1.0,False
lncRNA:CR43408,0.2290396,1.7774802,0.8188381369536232,1.0,False
CG14086,0.22899589,0.13015042,0.8188721059329069,1.0,False
or,0.22858553,-0.15581198,0.8191910701794043,1.0,False
CG13994,0.22851668,-0.17823462,0.8192445845498992,1.0,False
Cerk,0.228461,-0.11741105,0.8192878776904021,1.0,False
rod,0.22842503,0.21855271,0.8193158381364211,1.0,False
tld,0.22841458,-0.0377974,0.8193239557282971,1.0,False
brk,0.22838248,0.0059482716,0.8193489099282737,1.0,False
lncRNA:CR44300,0.22782513,2.004586,0.8197821800580125,1.0,False
CG18094,0.22781277,1.8874532,0.8197918022264157,1.0,False
yin,0.22732002,0.58225507,0.8201749068325872,1.0,False
ptc,0.22719973,0.27883205,0.8202684341787417,1.0,False
CG14285,0.22714056,0.20795326,0.8203144469624042,1.0,False
Cks30A,0.22660449,0.4652601,0.8207312968089658,1.0,False
CG2003,0.2265457,1.6422625,0.8207770150270088,1.0,False
Rsph3,0.2260081,0.029970488,0.8211951243250617,1.0,False
CG32537,0.22596554,-0.12093335,0.821228214282106,1.0,False
Cyp6a13,0.22572227,0.3985102,0.8214174347814748,1.0,False
lncRNA:CR44619,0.22570448,0.77822256,0.8214312732544853,1.0,False
Cyp12a4,0.2254318,0.2023381,0.8216433698449283,1.0,False
ACXC,0.22534363,0.4201499,0.8217119655755938,1.0,False
lncRNA:CR43859,0.22445986,0.84856254,0.8223995023763833,1.0,False
CG14877,0.22394197,0.8149136,0.8228024593499905,1.0,False
lncRNA:CR44597,0.22378416,0.7468069,0.8229252516508528,1.0,False
CG3225,0.22326899,0.17907938,0.823326162569846,1.0,False
CG8202,0.22260877,-0.14297745,0.823840009959328,1.0,False
CG34334,0.22236936,0.5830582,0.8240263622761475,1.0,False
Polr1H,0.22234693,-0.058413863,0.8240438239064334,1.0,False
Cfp1,0.2219621,-0.13279438,0.824343394740856,1.0,False
CG15117,0.2217165,-0.053747173,0.8245345915173452,1.0,False
B-H2,0.22160201,1.4131199,0.8246237198724091,1.0,False
His2B:CG17949,0.2215525,1.2867346,0.8246622625641828,1.0,False
Cht6,0.22143531,0.02380951,0.824753502027025,1.0,False
Fib,0.2214121,-0.20065892,0.8247715695282771,1.0,False
Aldh7A1,0.22134557,0.35868204,0.8248233635463388,1.0,False
Grip91,0.22132431,-0.07166764,0.8248399257479384,1.0,False
CG18858,0.22085631,0.38101223,0.8252043138985761,1.0,False
Upf2,0.22065365,-0.016048554,0.8253621267398739,1.0,False
CG33914,0.22062774,0.33863327,0.8253823056083643,1.0,False
lncRNA:CR45267,0.22048579,0.1310164,0.8254928396657464,1.0,False
Mvd,0.2203481,0.023738323,0.8256000640186917,1.0,False
CG11474,0.21965578,-0.18782684,0.826139246966165,1.0,False
beta-Man,0.21948329,0.21888532,0.8262736036444429,1.0,False
CG6813,0.21946394,-0.14289442,0.826288666369501,1.0,False
Muc12Ea,0.21912359,0.05084443,0.8265537807893962,1.0,False
lncRNA:CR44178,0.21861653,0.15221335,0.8269487776840346,1.0,False
lncRNA:CR45522,0.21851365,1.5249087,0.8270289273282407,1.0,False
CG14879,0.21845911,1.2543727,0.8270714133967121,1.0,False
rumi,0.21745467,0.15167882,0.827854030879387,1.0,False
Dtg,0.21742798,0.20947231,0.8278748266705793,1.0,False
asRNA:CR46066,0.21704817,0.7309096,0.8281708030321535,1.0,False
Exd2,0.21652487,0.08509497,0.8285786393446791,1.0,False
CG30271,0.21650553,0.21966004,0.8285937117870636,1.0,False
CG4658,0.21640149,-0.12252824,0.8286748026100103,1.0,False
GluRIIA,0.2163164,0.5365147,0.8287411235993833,1.0,False
kappaB-Ras,0.21618104,5.7143106,0.8288466367799774,1.0,False
NO66,0.21601897,-0.16873367,0.8289729551912368,1.0,False
Karl,0.21583836,0.8701751,0.8291137496576613,1.0,False
Or63a,0.2157788,-0.12906043,0.8291601798717038,1.0,False
Gcat,0.21568558,0.20742752,0.829232841339319,1.0,False
CG6321,0.21568017,0.5904755,0.8292370623823391,1.0,False
lncRNA:CR44514,0.21491243,2.8814235,0.8298355958257067,1.0,False
CG2256,0.21485403,0.3803283,0.8298811306278723,1.0,False
Ilp1,0.2147202,1.1569084,0.8299854708057458,1.0,False
Reg-5,0.21440537,0.11735799,0.8302309534495509,1.0,False
Phgdh,0.21429011,-0.03903931,0.8303208271618907,1.0,False
CG6847,0.2134895,1.2291836,0.8309451789148528,1.0,False
CG9380,0.21347016,1.1137447,0.8309602611966904,1.0,False
snoRNA:lola-c,0.21346939,1.1379763,0.830960864489259,1.0,False
armi,0.21329573,0.016240926,0.8310963061918817,1.0,False
Nt5a,0.21241467,-0.07107586,0.8317835464323111,1.0,False
Spt7,0.2123114,0.10405224,0.8318641049710708,1.0,False
lncRNA:CR43893,0.21220659,0.2910848,0.831945872185468,1.0,False
Acsf2,0.2121385,0.75009525,0.8319989765904042,1.0,False
CG1368,0.21172002,1.614863,0.8323254648289746,1.0,False
spn-B,0.21166858,0.31340337,0.8323655989298538,1.0,False
Bem46,0.21144387,-0.14910759,0.8325409267038346,1.0,False
lectin-28C,0.21138276,0.67923653,0.8325886076429085,1.0,False
CG18011,0.2113638,0.32483736,0.8326033948947179,1.0,False
CG34234,0.21121027,0.4077473,0.8327232039960905,1.0,False
CG33494,0.21114838,1.8866985,0.8327714908787205,1.0,False
asRNA:CR44228,0.21110196,1.521332,0.8328077064547617,1.0,False
asRNA:CR46033,0.21109925,0.10381838,0.8328098190409845,1.0,False
Dmel_CG43885,0.21044406,0.06669849,0.8333211003732423,1.0,False
TyrRII,0.20996408,0.17844793,0.8336957024668237,1.0,False
CG42494,0.20974904,0.27978337,0.8338635461155157,1.0,False
Max,0.20966396,-0.15743425,0.8339299611609339,1.0,False
TrpA1,0.20924509,0.3810212,0.8342569215805584,1.0,False
Ccdc6,0.2092296,-0.12099349,0.8342689982301307,1.0,False
lncRNA:CR44914,0.20904125,0.11505851,0.8344160345731029,1.0,False
CG6414,0.20857713,1.1834179,0.8347783664823558,1.0,False
Mtpalpha,0.20856011,0.10073323,0.8347916526528183,1.0,False
Pbp45,0.20841275,0.75607514,0.8349067007823352,1.0,False
Dyro,0.20805731,0.22134875,0.8351842198611882,1.0,False
lms,0.20791575,1.0310407,0.8352947500421177,1.0,False
koko,0.20789757,-0.14691433,0.8353089440442687,1.0,False
CG6231,0.20727913,0.0020326306,0.835791874044479,1.0,False
CG34325,0.20716232,0.7000956,0.8358830910444074,1.0,False
asRNA:CR43481,0.20703933,-0.055696916,0.8359791431188117,1.0,False
CG14183,0.20687805,-0.1061321,0.8361051019039685,1.0,False
Fem-1,0.20682892,-0.14381628,0.8361434642875003,1.0,False
CG7509,0.20664328,0.16380045,0.8362884594927575,1.0,False
CG17048,0.20651178,0.67489177,0.836391167795661,1.0,False
CG5773,0.20647736,0.67710394,0.8364180536650567,1.0,False
CG2129,0.20632072,0.00093016395,0.8365404018880825,1.0,False
CG34115,0.20615904,1.4613379,0.8366666814845846,1.0,False
CRAT,0.20610026,-0.058981895,0.8367126023815619,1.0,False
CG9515,0.20604649,-0.16025095,0.8367545963204629,1.0,False
CG14629,0.20603876,0.9438615,0.8367606386521143,1.0,False
CG3448,0.20598345,0.008918085,0.8368038416039896,1.0,False
esc,0.20596488,0.07917603,0.83681834340447,1.0,False
CG15725,0.20556457,-0.014708116,0.8371310519579431,1.0,False
thoc6,0.20492254,-0.10395444,0.8376326478935912,1.0,False
asRNA:CR43889,0.20486258,1.234014,0.8376794870306815,1.0,False
Obp49a,0.20470671,0.047481496,0.837801271478899,1.0,False
asRNA:CR46096,0.20437062,2.0759559,0.8380638918590207,1.0,False
CG4822,0.2041695,0.9700982,0.8382210496223091,1.0,False
salsa,0.2041049,-0.12151289,0.8382715228118139,1.0,False
eya,0.20398617,0.160012,0.8383643105906119,1.0,False
Indy,0.20398462,0.12701981,0.838365519566734,1.0,False
Balat,0.20357464,0.3890797,0.8386859116774951,1.0,False
CG31921,0.20343463,0.7462501,0.8387953347340892,1.0,False
CG33293,0.20306332,1.2924982,0.839085532512488,1.0,False
CG9945,0.202962,-0.10728494,0.839164736125182,1.0,False
fest,0.20292874,0.29864115,0.8391907346127419,1.0,False
CG31777,0.20275855,0.6442421,0.8393237528756178,1.0,False
CG9119,0.20252843,-0.18869819,0.8395036371440929,1.0,False
CG4269,0.20241085,1.0863326,0.8395955476373171,1.0,False
CG9628,0.20235012,-0.08106554,0.8396430154263029,1.0,False
Mccc2,0.20225692,0.77069527,0.8397158811288756,1.0,False
CG2493,0.2018334,0.42725495,0.8400469687286602,1.0,False
ana,0.20152128,0.22416665,0.8402909938728388,1.0,False
CG4707,0.20135264,-0.096211776,0.8404228403636704,1.0,False
nom,0.20106605,-0.019714503,0.840646929185981,1.0,False
asRNA:CR45175,0.20105754,0.94398576,0.840653582492892,1.0,False
sals,0.20083515,0.28089052,0.8408274797767906,1.0,False
CG6454,0.20078602,-0.1247871,0.8408658894417879,1.0,False
CG31955,0.20055164,1.1629155,0.8410491722707456,1.0,False
CG4098,0.20046733,-0.14505988,0.8411151078053043,1.0,False
CG17028,0.20046191,0.97847426,0.8411193422355213,1.0,False
CG15399,0.20043871,0.90589243,0.841137489845653,1.0,False
Lmx1a,0.20043214,-0.1105679,0.8411426316838706,1.0,False
CG12231,0.19948725,3.624842,0.8418816144324607,1.0,False
babos,0.19942692,0.4455109,0.8419288075903928,1.0,False
CG16739,0.19933139,0.044268824,0.8420035312517442,1.0,False
CG6325,0.1990885,-0.09016833,0.8421935233236645,1.0,False
Mpp6,0.19886997,-0.08102934,0.842364463533025,1.0,False
CG31710,0.19885294,0.13336171,0.8423777760028172,1.0,False
asRNA:CR45350,0.1987489,1.5041269,0.8424591645817128,1.0,False
Pex2,0.19786553,-0.12902087,0.8431502788272474,1.0,False
loh,0.1977843,0.1670694,0.8432138286788449,1.0,False
moody,0.19754682,0.08428346,0.8433996421948116,1.0,False
CG9743,0.1974803,0.16959864,0.8434516957529613,1.0,False
Cp7Fc,0.1973604,0.7976305,0.8435455149392207,1.0,False
HLH4C,0.19732328,0.58611274,0.8435745690729785,1.0,False
lncRNA:CR44331,0.19716933,0.5110348,0.8436950249393997,1.0,False
NKCC,0.19678219,0.058845285,0.8439979966778228,1.0,False
CG18599,0.1966178,-0.11142397,0.8441266380155789,1.0,False
lncRNA:CR44855,0.19631496,1.759405,0.8443636516462196,1.0,False
CG9630,0.19592355,-0.014560103,0.8446700043125095,1.0,False
lncRNA:CR44999,0.19569072,1.7454323,0.8448522529157206,1.0,False
PGRP-LC,0.19537279,0.69845194,0.8451011174073835,1.0,False
CG15473,0.19414827,0.5176162,0.8460597834968548,1.0,False
CG31300,0.19401059,0.50789,0.8461675947236588,1.0,False
asRNA:CR45145,0.19384195,0.3947078,0.8462996371157983,1.0,False
Oseg6,0.19379747,1.3061671,0.8463344655304939,1.0,False
MED14,0.19354105,-0.13890032,0.8465352647652208,1.0,False
Orct2,0.19340645,0.1867755,0.8466406656376954,1.0,False
Tat,0.19316472,0.3654785,0.846829970069449,1.0,False
S-Lap1,0.19315621,0.24491175,0.8468366337465623,1.0,False
lncRNA:CR45808,0.19312759,0.36469653,0.8468590480135888,1.0,False
Aladin,0.19271606,-0.19593084,0.8471813425148853,1.0,False
net,0.19270176,0.38081184,0.847192550584622,1.0,False
CG44085,0.19255865,0.38505524,0.8473046329815689,1.0,False
Khc,0.1922299,-0.12630351,0.8475621312633951,1.0,False
c12.2,0.19217034,-0.075273976,0.8476087856353378,1.0,False
CG34425,0.19208911,0.42422912,0.8476724060940164,1.0,False
CG11672,0.19207518,3.949855,0.8476833125580379,1.0,False
MFS12,0.19203728,0.37870306,0.8477130025245343,1.0,False
CG14589,0.1916099,0.43850616,0.8480477869912053,1.0,False
RYa,0.19145983,3.6680303,0.8481653467766171,1.0,False
Mrp4,0.19133027,1.1963001,0.8482668508549992,1.0,False
lncRNA:CR45965,0.1912769,0.050479993,0.8483086652072391,1.0,False
CG9313,0.19126374,1.0491303,0.8483189673595726,1.0,False
lncRNA:CR44738,0.19111368,0.13706939,0.8484365349326015,1.0,False
CG6204,0.19094504,-0.15830739,0.848568650970906,1.0,False
zda,0.1909377,-0.14115243,0.8485744084179578,1.0,False
ppk28,0.19087,-0.17099006,0.848627437915369,1.0,False
CG32452,0.19080658,-0.114707,0.8486771347519417,1.0,False
CenB1A,0.19075166,-0.17019682,0.8487201654255758,1.0,False
Sp7,0.19071183,0.42824364,0.848751378097703,1.0,False
asRNA:CR45928,0.19062325,1.0309528,0.8488207741115849,1.0,False
CG17574,0.19053042,-0.17995526,0.8488935048158748,1.0,False
Gli,0.19043219,0.67880833,0.8489704795456349,1.0,False
CG5776,0.19023532,0.08385788,0.8491247363889047,1.0,False
naz,0.19008563,0.15632844,0.8492420239455346,1.0,False
CG16790,0.19002375,-0.15636297,0.8492905159002146,1.0,False
CG31213,0.19000442,1.0147581,0.8493056697530031,1.0,False
unc80,0.18999204,-0.06868334,0.8493153682480098,1.0,False
Heatr1,0.18989767,0.36398938,0.8493893200222469,1.0,False
Bckdha,0.18984275,0.68231857,0.8494323581403171,1.0,False
CG6142,0.18978357,0.49472758,0.8494787306993321,1.0,False
CG42561,0.18975689,0.16166756,0.8494996439845861,1.0,False
CG32655,0.1889319,2.1115527,0.8501461894502846,1.0,False
Membrin,0.18889941,-0.18838298,0.8501716532217712,1.0,False
lncRNA:CR44589,0.18875283,0.91762704,0.8502865452764267,1.0,False
asRNA:CR44894,0.18868862,0.7151463,0.8503368683913171,1.0,False
hebe,0.18866813,0.7661954,0.8503529355383319,1.0,False
RanGAP,0.18827052,-0.06553366,0.8506645898432628,1.0,False
Irk1,0.1881572,1.0341415,0.8507534216579585,1.0,False
CG45081,0.18804117,0.6685055,0.8508443776970014,1.0,False
lncRNA:CR46024,0.1876571,1.5019,0.8511454563356917,1.0,False
CG7409,0.18741228,0.659137,0.8513373939260569,1.0,False
CG42266,0.18733299,0.583474,0.8513995556976566,1.0,False
SmydA-4,0.18722121,0.30361405,0.8514871902024382,1.0,False
asRNA:CR44340,0.18718524,0.046590123,0.8515153913155187,1.0,False
slx1,0.18712144,0.10532209,0.8515654260156672,1.0,False
RnrL,0.1870406,0.35165676,0.8516288041602348,1.0,False
Trpgamma,0.18699302,0.31666172,0.8516661037076132,1.0,False
CG18563,0.18691412,1.0377268,0.8517279671030396,1.0,False
htl,0.18663101,0.28200787,0.8519499550296127,1.0,False
MED23,0.18662056,0.22911774,0.8519581433332837,1.0,False
lncRNA:CR45641,0.18660857,0.50126845,0.851967544738659,1.0,False
olf186-M,0.18653779,0.4084746,0.8520230437860427,1.0,False
p53,0.18650492,-0.0819307,0.8520488222813305,1.0,False
CG6678,0.18622412,0.7877617,0.8522690073963466,1.0,False
lncRNA:CR44157,0.18615605,0.10488161,0.8523223873406526,1.0,False
lncRNA:CR45187,0.18596344,0.22741184,0.8524734319835017,1.0,False
CG7966,0.18594256,0.43738496,0.8524898106435028,1.0,False
Capa,0.18546993,0.1659897,0.8528604706461398,1.0,False
lncRNA:CR44566,0.18545058,0.6667228,0.8528756374598591,1.0,False
CG3788,0.18524405,0.40838018,0.8530376224218631,1.0,False
CG43293,0.1849764,0.80773824,0.853247544737179,1.0,False
grn,0.1849617,0.018120509,0.8532590725643266,1.0,False
meep,0.18454824,-0.16131191,0.8535833813757905,1.0,False
Ugt37D1,0.18436491,0.8239266,0.8537271894632874,1.0,False
CG3823,0.18429878,0.70743304,0.8537790707894428,1.0,False
frma,0.18385167,1.009866,0.854129817267117,1.0,False
CG11123,0.1837511,-0.078392245,0.8542087088573529,1.0,False
papi,0.1830878,-0.15521082,0.8547291264089502,1.0,False
ctg,0.18302515,0.015420429,0.8547782886553252,1.0,False
RpL37-2,0.1822694,0.4875977,0.8553713146754907,1.0,False
lncRNA:CR45444,0.18226011,0.030652268,0.8553785990246072,1.0,False
Cog7,0.18147148,-0.15214434,0.8559975101228184,1.0,False
CG33521,0.1814653,0.008090325,0.8560023670589483,1.0,False
CG32407,0.18145756,-0.06120774,0.8560084382367805,1.0,False
CG33233,0.1813133,0.72618294,0.8561216672644761,1.0,False
CG14613,0.18112727,-0.18626148,0.8562676854764603,1.0,False
scaRNA:MeU5-C46,0.18063065,0.60348237,0.8566574962229281,1.0,False
Hsp70Ab,0.18010889,-0.0073288563,0.8570670780469063,1.0,False
RhoGAP15B,0.18003193,0.13831386,0.857127501457815,1.0,False
Naglu,0.18000756,0.7305632,0.8571466306518551,1.0,False
CG14505,0.17984203,0.47108865,0.8572765899368093,1.0,False
Swt1,0.1798134,-0.119039215,0.8572990599252038,1.0,False
lncRNA:CR44943,0.17966218,0.39756587,0.8574177884048433,1.0,False
rasp,0.17961344,1.4112093,0.8574560494207131,1.0,False
CG15365,0.17946957,0.8402013,0.8575690124688411,1.0,False
PH4alphaNE1,0.17880355,0.19266592,0.8580919600303615,1.0,False
Tsp29Fb,0.17863028,0.16033004,0.8582280216466693,1.0,False
Alkbh8,0.17847054,-0.15399359,0.8583534571800413,1.0,False
Pvf1,0.17831545,0.98955095,0.8584752515191072,1.0,False
lncRNA:CR43849,0.17820482,0.7547848,0.8585621193651323,1.0,False
gbb,0.17786293,0.065513395,0.8588306308018336,1.0,False
Slc45-1,0.1778374,0.42768013,0.85885067869126,1.0,False
CG18048,0.17768075,-0.20491995,0.8589737018231748,1.0,False
CG30108,0.17763124,0.940872,0.8590125839203109,1.0,False
pinta,0.1771149,-0.20448303,0.8594181324057548,1.0,False
mus304,0.17667902,0.11411936,0.8597605231865812,1.0,False
CG43673,0.17665426,20.963867,0.859779967643,1.0,False
Art3,0.17647983,-0.1863,0.8599169927068919,1.0,False
asRNA:CR42547,0.17645778,-0.15710059,0.8599343110308245,1.0,False
CG10479,0.17617892,-0.08161634,0.8601533784501423,1.0,False
IP3K1,0.17609036,0.52635413,0.8602229596753307,1.0,False
CG15196,0.17585635,1.1548275,0.8604067930224564,1.0,False
CG10344,0.17579255,0.25247997,0.8604569307031711,1.0,False
Ugt302C1,0.1757527,0.831671,0.8604882290556922,1.0,False
CG33278,0.17569932,0.6781571,0.8605301631141964,1.0,False
CG34027,0.17553379,0.34527522,0.8606602219702121,1.0,False
CG17129,0.17512381,0.33953303,0.8609823466148988,1.0,False
dhd,0.17476411,2.762379,0.8612649844562068,1.0,False
CG42534,0.17434254,0.51825464,0.8615962707760213,1.0,False
E(spl)m3-HLH,0.17396505,1.0137229,0.8618929294668238,1.0,False
ZnT77C,0.17393643,0.9283417,0.8619154228265722,1.0,False
spag4,0.17392018,0.83236146,0.8619281893778654,1.0,False
Gfr,0.17384708,-0.13015261,0.861985639304984,1.0,False
beta3GalTII,0.17376083,-0.13698962,0.8620534250785117,1.0,False
beat-IV,0.17291225,-0.089534104,0.8627203939079465,1.0,False
beat-IIIa,0.17287861,2.0585537,0.8627468436440928,1.0,False
NimB4,0.17283104,0.3657168,0.8627842383611756,1.0,False
SIDL,0.17235608,-0.0557131,0.863157594332323,1.0,False
sisRNA:CR46364,0.17230581,0.3785905,0.8631971207777781,1.0,False
asRNA:CR45604,0.17223077,1.6673245,0.8632561070331699,1.0,False
CG43103,0.17213485,1.1454114,0.8633315132532059,1.0,False
BomS3,0.17199638,0.2998839,0.8634403679762108,1.0,False
CG14797,0.1718146,0.5091566,0.8635832817436325,1.0,False
TTLL6A,0.17140618,0.7214213,0.8639043978867509,1.0,False
asRNA:CR43609,0.17137949,0.068252094,0.8639253806904944,1.0,False
CG46281,0.17128125,-0.10584172,0.8640026225629104,1.0,False
asRNA:CR45171,0.17097223,1.3326968,0.8642456084204282,1.0,False
Elp5,0.17081557,-0.14472331,0.8643687788723033,1.0,False
lncRNA:marge,0.17081288,0.86357594,0.8643709077732932,1.0,False
Ir76a,0.17056379,-0.023577534,0.8645667708741948,1.0,False
CG14882,0.17047407,-0.1412437,0.864637332291592,1.0,False
asRNA:CR44106,0.17037311,1.6633826,0.8647167151763201,1.0,False
CG34328,0.17034759,1.3652439,0.8647367892255458,1.0,False
lncRNA:CR44938,0.17011282,-0.032007966,0.8649214137394658,1.0,False
CG14615,0.17010972,0.601762,0.8649238470607303,1.0,False
CG34028,0.17007144,0.4319827,0.8649539595173638,1.0,False
CG1638,0.1698444,0.25487927,0.8651325091204853,1.0,False
ImpE1,0.16853286,0.3429059,0.8661640945568632,1.0,False
Dnaaf3,0.16824317,0.5552977,0.8663919807151301,1.0,False
su(f),0.16816272,-0.16024342,0.8664552674940881,1.0,False
CG11504,0.16808227,-0.21457326,0.8665185551292203,1.0,False
stac,0.16793917,0.13885343,0.8666311362104167,1.0,False
CG13455,0.16787535,1.3988863,0.8666813421596319,1.0,False
CG4957,0.1677628,-0.1572771,0.8667698885080308,1.0,False
Lpt,0.16768429,-0.11601872,0.8668316589438596,1.0,False
CG11686,0.16708557,0.78312814,0.8673027232722349,1.0,False
Mtr4,0.16677035,-0.17651826,0.8675507508939648,1.0,False
CG30357,0.1666868,0.25934726,0.8676164880087058,1.0,False
AttB,0.16609195,2.0169158,0.8680845870513294,1.0,False
lncRNA:let7C,0.16605212,-0.08127238,0.8681159373410334,1.0,False
obe,0.16580072,0.042819563,0.8683137837570083,1.0,False
SdhAL,0.16572684,0.12671484,0.8683719217336384,1.0,False
puc,0.1656874,-0.10000208,0.8684029695310524,1.0,False
Tpp,0.16546693,2.1310863,0.8685764756628873,1.0,False
hog,0.1649154,0.32822537,0.8690105730956236,1.0,False
lncRNA:CR45973,0.16484964,2.071643,0.8690623264782074,1.0,False
cv,0.16477926,1.2952892,0.8691177336624851,1.0,False
l(2)09851,0.16465896,-0.15917136,0.869212414459145,1.0,False
CG33777,0.16462223,0.8048391,0.869241336619875,1.0,False
CG12426,0.16462146,0.6655456,0.8692419455093496,1.0,False
nol,0.1642397,0.3807894,0.8695424419189062,1.0,False
msd1,0.16421767,1.7777766,0.869559796390764,1.0,False
CG32548,0.16420297,1.5385823,0.8695713660735747,1.0,False
lncRNA:CR32636,0.16397594,0.5646004,0.8697500907719745,1.0,False
UQCR-11L,0.16380227,0.07259396,0.8698868029120149,1.0,False
CG15373,0.16356325,1.2593746,0.8700749787646951,1.0,False
KFase,0.16352805,-0.16525853,0.8701026881284207,1.0,False
NimC1,0.1629827,1.8461897,0.8705320513761721,1.0,False
rost,0.16293126,1.2724066,0.8705725535690834,1.0,False
lncRNA:CR45233,0.16282722,0.94487166,0.8706544725757076,1.0,False
inv,0.1626141,0.61860096,0.8708222738317462,1.0,False
brwl,0.16255338,-0.15970555,0.8708700875957075,1.0,False
CG15080,0.16241531,0.2180327,0.8709788123695852,1.0,False
CG3770,0.16239211,0.123312384,0.8709970856802132,1.0,False
fln,0.16166265,0.96321726,0.8715715117973459,1.0,False
asRNA:CR33945,0.16148822,0.7885991,0.8717088846122631,1.0,False
lncRNA:CR45640,0.16107245,1.2681983,0.8720363409545542,1.0,False
CG11983,0.16106084,-0.083148085,0.872045479585888,1.0,False
Hf,0.1608864,0.15771551,0.8721828657344979,1.0,False
CG15475,0.1606965,0.15385947,0.8723324412910045,1.0,False
lncRNA:CR44552,0.16059479,19.80238,0.8724125620512866,1.0,False
lncRNA:CR43431,0.16049616,-0.024079092,0.8724902469279173,1.0,False
Cyp4ac3,0.16041803,1.1291455,0.8725517864089893,1.0,False
ImpE3,0.16017668,0.3883479,0.8727418934380453,1.0,False
Cyp9f3,0.1599748,0.32560343,0.8729009309255742,1.0,False
CG14125,0.15995854,3.7884293,0.8729137272686192,1.0,False
lncRNA:CR44206,0.15991291,-0.1062365,0.8729496790770065,1.0,False
cactin,0.15956907,-0.093354374,0.8732205447750387,1.0,False
lncRNA:CR45112,0.15933314,3.13689,0.8734064117273156,1.0,False
Ercc1,0.1591676,-0.05599672,0.8735368274655329,1.0,False
CG4278,0.1591413,-0.15744396,0.8735575480394412,1.0,False
CG3281,0.15913396,-0.22195289,0.8735633376270646,1.0,False
CG4984,0.15913008,0.72502637,0.873566384781165,1.0,False
CG9072,0.1589046,0.37323415,0.8737440371055946,1.0,False
CG6424,0.15871856,0.37086636,0.8738906126840975,1.0,False
CG33667,0.1586884,1.5894891,0.8739143821047889,1.0,False
PolE1,0.15855728,0.29404488,0.8740176889856672,1.0,False
CG17169,0.15852363,0.920342,0.8740442017174104,1.0,False
CG33642,0.1585012,0.7880328,0.8740618769504762,1.0,False
sicily,0.15846252,-0.18430185,0.8740923516378281,1.0,False
Ndc1,0.1583167,-0.21743864,0.8742072428881595,1.0,False
ex,0.15827687,0.38399896,0.8742386327362505,1.0,False
CG31915,0.15825018,-0.15617843,0.8742596609976224,1.0,False
lncRNA:CR44662,0.15815736,-0.076254226,0.874332803467873,1.0,False
btd,0.1580127,0.3311168,0.8744467859576135,1.0,False
CG1971,0.1579864,0.018616732,0.8744675103266351,1.0,False
CG17219,0.15798293,1.3969401,0.8744702532642822,1.0,False
mthl14,0.15790093,0.97464705,0.874534865120594,1.0,False
dgt6,0.15782513,0.1946287,0.8745946013546246,1.0,False
Cyp6v1,0.15774506,0.5967457,0.8746576909083902,1.0,False
lncRNA:CR44620,0.15744068,2.023083,0.8748975603947923,1.0,False
Mct1,0.15741669,0.050956823,0.8749164578443682,1.0,False
bbg,0.1571854,0.7081974,0.8750987304540463,1.0,False
Rab35,0.15716994,-0.05273899,0.875110922838409,1.0,False
CG44385,0.1569193,0.4263334,0.8753084435934114,1.0,False
lncRNA:CR46088,0.15673327,0.2277319,0.8754550651036864,1.0,False
CG44257,0.15663426,0.0003506548,0.8755331024119356,1.0,False
CG5167,0.15636197,0.35433495,0.8757477112478778,1.0,False
CG5498,0.15623975,-0.17114002,0.8758440443224599,1.0,False
Atac2,0.1560394,-0.114272095,0.8760019613790333,1.0,False
CG30109,0.15590829,-0.17986949,0.8761053113149737,1.0,False
CG3097,0.15580618,0.5361567,0.8761857976842112,1.0,False
CG5346,0.154724,0.6652193,0.87703890978948,1.0,False
CG10208,0.15406455,0.19863133,0.8775588355617499,1.0,False
Pex6,0.15380542,-0.10788386,0.8777631610390975,1.0,False
Sox14,0.15368514,0.21522336,0.8778580074244627,1.0,False
CG16772,0.15366425,1.1944456,0.877874476107363,1.0,False
CG42711,0.15348247,0.682736,0.8780178168749394,1.0,False
Sin1,0.15339312,-0.1380383,0.8780882688034399,1.0,False
Galm2,0.15338965,-0.019735347,0.8780910137033167,1.0,False
Lon,0.15325814,-0.12464978,0.8781947109941011,1.0,False
CG8204,0.15292668,-0.08209567,0.8784560984342245,1.0,False
CG6628,0.15277235,0.4060257,0.8785777990924687,1.0,False
gny,0.15239874,-0.1594857,0.8788724546681875,1.0,False
vnd,0.15238868,0.9052108,0.8788803855886083,1.0,False
sisRNA:3,0.15180194,1.3197058,0.8793431453072535,1.0,False
lncRNA:CR45991,0.15130572,3.1292653,0.8797345556783961,1.0,False
Mtr3,0.15125312,-0.10799354,0.8797760475122792,1.0,False
Khk,0.15111311,0.85414666,0.8798864906197474,1.0,False
CG4702,0.15068457,3.1079285,0.8802245464668631,1.0,False
CG12662,0.15066987,2.3087838,0.8802361408274944,1.0,False
lncRNA:CR44727,0.1504877,0.8182236,0.8803798520069366,1.0,False
lncRNA:CR45825,0.15035775,-0.088526726,0.8804823744920198,1.0,False
asRNA:CR45141,0.15021697,-0.10154411,0.8805934427781194,1.0,False
lncRNA:CR45821,0.15019801,0.2218106,0.8806083944576018,1.0,False
Sdhaf3,0.14998065,-0.13264835,0.8807798841092678,1.0,False
l(2)dtl,0.14958537,-0.018299162,0.8810917532782997,1.0,False
fiz,0.14943144,2.5531154,0.8812132102555673,1.0,False
CG14301,0.14914986,0.6804444,0.8814353799937559,1.0,False
CG18336,0.14860374,-0.09378885,0.8818663182119371,1.0,False
CG15877,0.14853916,-0.14925289,0.8819172884326487,1.0,False
l(2)efl,0.14839141,-0.022544993,0.8820338808357173,1.0,False
CG1360,0.14819764,-0.0760917,0.882186797783195,1.0,False
lncRNA:CR43966,0.148152,1.6079532,0.8822228147892159,1.0,False
CG10337,0.14814658,1.5474176,0.8822270880094822,1.0,False
drm,0.14808121,1.0812993,0.8822786721531067,1.0,False
CG14434,0.14759003,-0.12447582,0.8826663322685673,1.0,False
CG8509,0.14754632,1.8328602,0.8827008262244462,1.0,False
Gr32a,0.14726242,0.3812841,0.8829248897216432,1.0,False
sle,0.14721137,-0.11834997,0.8829651855137985,1.0,False
CG5541,0.14716573,0.48190227,0.8830012077661932,1.0,False
CG15717,0.14713596,0.4351024,0.8830247139427024,1.0,False
CG10616,0.14687952,-0.15139441,0.8832271155402226,1.0,False
CG4438,0.14678322,-0.06117367,0.8833031325897225,1.0,False
CG32295,0.14619571,1.030154,0.8837668903683102,1.0,False
CG14937,0.1460967,0.01078514,0.8838450522879204,1.0,False
CG15322,0.1456318,1.191594,0.8842120620313779,1.0,False
lncRNA:CR44082,0.1456202,1.0689641,0.884221222326492,1.0,False
lncRNA:CR44809,0.14559235,0.84428227,0.8842432070979125,1.0,False
Vinc,0.14551693,0.27243808,0.8843027496347365,1.0,False
CG5157,0.14502226,1.3978723,0.8846933037912388,1.0,False
v,0.1443454,0.8429612,0.885227727412877,1.0,False
Muc96D,0.14406654,0.25272486,0.8854479251467426,1.0,False
CG32365,0.14404412,-0.17000985,0.8854656390800472,1.0,False
asRNA:CR46005,0.14355098,0.42352954,0.8858550546439614,1.0,False
CG14445,0.14353628,0.4436579,0.8858666611784005,1.0,False
flip,0.14303657,-0.13553713,0.8862612979018801,1.0,False
CG15529,0.14300138,0.7057498,0.8862890945869941,1.0,False
S-Lap4,0.14289385,0.46708238,0.8863740127991212,1.0,False
wisp,0.1428811,0.24731927,0.8863840931051956,1.0,False
snoRNA:Psi28S-1135e,0.14265831,3.1889327,0.8865600432250685,1.0,False
asRNA:CR44095,0.14264129,2.277104,0.8865734840892336,1.0,False
pim,0.14247653,0.8766164,0.8867036177788548,1.0,False
Cyp6w1,0.14221352,0.21725973,0.8869113492459678,1.0,False
asRNA:CR43806,0.14199887,1.5218737,0.8870809005409798,1.0,False
asRNA:CR45944,0.14177957,0.5161709,0.8872541231468996,1.0,False
Wsck,0.14174592,0.15812784,0.8872807027537212,1.0,False
CG5062,0.1415943,0.3586751,0.8874004653128336,1.0,False
Ugt317A1,0.14155717,0.43918628,0.8874297953111724,1.0,False
pk,0.14143844,0.058259327,0.8875235912362603,1.0,False
lncRNA:CR46250,0.14139745,2.2362533,0.8875559771658811,1.0,False
lncRNA:CR43423,0.14138274,1.7841544,0.8875675872618407,1.0,False
CG7208,0.14109421,0.646357,0.8877955166598701,1.0,False
CG9389,0.1405976,0.78911656,0.8881878458153536,1.0,False
lz,0.14056395,0.66579235,0.88821442985764,1.0,False
asRNA:CR44137,0.1405566,0.28192213,0.8882202355847539,1.0,False
CG7744,0.14042974,0.24199635,0.8883204617136785,1.0,False
ci,0.14037868,0.2187447,0.8883607971231877,1.0,False
ValRS-m,0.14018995,-0.11028111,0.8885099184189165,1.0,False
CG3792,0.14017485,-0.1979975,0.8885218360698578,1.0,False
lncRNA:CR45177,0.1401149,1.2648616,0.8885692013418917,1.0,False
CG7289,0.14007352,-0.19109307,0.8886018988908506,1.0,False
Rrp40,0.13996987,-0.07594388,0.888683796387325,1.0,False
HP1e,0.13995904,0.71736634,0.8886923529107515,1.0,False
LanB2,0.13995247,0.77539885,0.8886975479491593,1.0,False
Tab2,0.13972853,0.028683083,0.8888744876981688,1.0,False
natalisin,0.13939087,0.9772847,0.88914128296579,1.0,False
Amnionless,0.13936302,0.2201103,0.8891632872601355,1.0,False
Adck1,0.13924468,0.06295308,0.8892568064636094,1.0,False
lectin-24Db,0.1392207,0.5159601,0.8892757549867645,1.0,False
CG10237,0.1392145,0.48200813,0.8892806449384933,1.0,False
lncRNA:CR45440,0.13916075,0.4601439,0.8893231265713887,1.0,False
CG3430,0.13884205,0.28638953,0.8895749666586334,1.0,False
ken,0.13877514,0.3152377,0.8896278422679911,1.0,False
CG12075,0.13870707,0.6699006,0.8896816352992589,1.0,False
CG11898,0.13824101,1.2126169,0.8900499478085631,1.0,False
CG14253,0.1381068,0.7847718,0.8901560139892848,1.0,False
CG44405,0.13804646,0.64021575,0.8902036985613807,1.0,False
CG11413,0.13801242,0.21585864,0.890230597725996,1.0,False
Cbp80,0.13800469,-0.22924788,0.8902367111901225,1.0,False
asRNA:CR45813,0.13772622,0.3741783,0.8904568002423782,1.0,False
CG15043,0.13696544,0.98109925,0.8910581142881502,1.0,False
CG44006,0.13684593,0.7076543,0.8911525816288339,1.0,False
CG42445,0.13676354,0.23228373,0.8912177007924439,1.0,False
Top2,0.13608785,-0.13262548,0.891751827871153,1.0,False
xmas,0.1360693,-0.11508359,0.8917665040662778,1.0,False
CG30345,0.13587977,5.105473,0.8919163256782736,1.0,False
CG15649,0.13587204,3.4587462,0.8919224409280985,1.0,False
CG17754,0.13586275,-0.15330885,0.8919297792363724,1.0,False
mRpL37,0.13564655,-0.18867724,0.8921007032833969,1.0,False
CG31875,0.13525784,4.561197,0.892408012249365,1.0,False
SmydA-5,0.13524933,3.223235,0.8924147395916925,1.0,False
CG12857,0.13504899,0.7261947,0.8925731401608271,1.0,False
Dhc98D,0.13504821,0.8146645,0.892573751754346,1.0,False
CG9799,0.13499136,-0.30432993,0.8926187040528788,1.0,False
Dhc36C,0.13478637,0.21023043,0.8927807798293033,1.0,False
CG3437,0.13452144,-0.21693112,0.8929902617584168,1.0,False
CG11125,0.13443287,0.7031814,0.8930602946093683,1.0,False
snoRNA:2R:9445410,0.13399233,2.3839028,0.893408636319827,1.0,False
Bap170,0.13398924,-0.10954807,0.8934110830420393,1.0,False
CG9445,0.13398382,2.0744555,0.8934153648083515,1.0,False
CG14490,0.13396835,1.5082958,0.893427598443503,1.0,False
Ranbp16,0.13374248,-0.12237093,0.893606212402708,1.0,False
E5,0.13374016,0.5609959,0.8936080475056496,1.0,False
CG15539,0.13352047,0.41330415,0.8937817731617757,1.0,False
zormin,0.13351119,0.18257281,0.8937891137947236,1.0,False
CG15861,0.13349031,0.15542485,0.8938056302521175,1.0,False
pre-mod(mdg4)-L,0.13338123,2.6765027,0.8938918836109344,1.0,False
cid,0.13337582,2.478296,0.8938961657252801,1.0,False
tomb,0.1332393,1.03709,0.8940041372015729,1.0,False
CG13373,0.13322459,0.9503377,0.8940157603104895,1.0,False
CG2938,0.1332041,-0.18976937,0.8940319715267216,1.0,False
gcm2,0.13313873,0.537249,0.8940836641910406,1.0,False
CG16799,0.13288772,0.12399794,0.8942821804359656,1.0,False
CG14137,0.13272527,1.6769699,0.8944106536469221,1.0,False
lncRNA:CR44657,0.13271213,1.3477585,0.8944210539804758,1.0,False
Vha100-2,0.13243867,0.52971715,0.894637323850143,1.0,False
Gs2,0.1323938,0.027651398,0.8946728087638494,1.0,False
CG8031,0.13227469,-0.16765887,0.8947670283504492,1.0,False
CG43232,0.13209252,1.5743302,0.8949111137707646,1.0,False
CG4666,0.13192427,0.6654815,0.8950441893726233,1.0,False
CG6683,0.13158624,-0.1387429,0.8953115731854803,1.0,False
asRNA:CR46107,0.1314644,1.3529418,0.8954079444106982,1.0,False
Cyp12e1,0.1314176,0.09849963,0.8954449636092142,1.0,False
CG13658,0.13141489,0.6593251,0.8954471052227073,1.0,False
Argk2,0.13131356,0.73065495,0.8955272633041548,1.0,False
CG15027,0.13100918,-0.14331397,0.8957680499061669,1.0,False
lncRNA:CR44498,0.13095386,-0.020261152,0.8958118025057848,1.0,False
CG12880,0.13090591,0.2563668,0.8958497420794742,1.0,False
asRNA:CR43809,0.13084558,1.413495,0.8958974728492067,1.0,False
Marc,0.13084093,0.041258246,0.8959011444624887,1.0,False
CG13377,0.1308363,1.273852,0.8959048160780003,1.0,False
Spn42Dd,0.13082314,1.0152576,0.895915219000724,1.0,False
Cp18,0.1306839,0.037340086,0.8960253686918741,1.0,False
CG10286,0.1305466,-0.16481963,0.8961339904889595,1.0,False
CG42830,0.13042979,0.4283762,0.8962263970434716,1.0,False
pst,0.13030255,-0.028296873,0.8963270667133216,1.0,False
Ctf4,0.130219,1.4680657,0.8963931607782064,1.0,False
NtR,0.13003954,0.6424894,0.8965351430519883,1.0,False
CG10660,0.1298183,0.39261886,0.8967101774836111,1.0,False
Elal,0.12958895,0.12085527,0.8968916433116956,1.0,False
CG34309,0.12954138,0.67702633,0.8969292836110986,1.0,False
CG17036,0.12946828,0.7588181,0.8969871215963597,1.0,False
CG9117,0.12895387,-0.046152238,0.8973941451027276,1.0,False
Pdf,0.12868856,0.009854822,0.8976040941044455,1.0,False
CG33666,0.12847583,19.920322,0.8977724257419961,1.0,False
Six4,0.1282631,0.30742192,0.8979407619800884,1.0,False
CG9782,0.12819116,0.63552636,0.8979976912748158,1.0,False
CG1092,0.12807436,0.44026667,0.8980901259789849,1.0,False
spdo,0.12788136,0.19886167,0.8982428605229483,1.0,False
CapaR,0.12778004,-0.025910128,0.8983230553201557,1.0,False
Cul6,0.12764311,0.64609486,0.8984314117717078,1.0,False
lectin-46Cb,0.12748608,0.48470485,0.8985556873214271,1.0,False
tim,0.12746674,-0.07842056,0.898570992364205,1.0,False
santa-maria,0.1273043,-0.058736052,0.8986995562124634,1.0,False
lncRNA:CR44186,0.12720954,2.1348326,0.8987745530186295,1.0,False
pn,0.12714882,-0.22226128,0.8988226126717782,1.0,False
Snx6,0.12709118,-0.13014542,0.8988682237685892,1.0,False
en,0.12670404,0.38032234,0.8991746532804339,1.0,False
lncRNA:CR45327,0.12658104,2.1335742,0.8992720036663606,1.0,False
CG31776,0.12647042,1.0855942,0.8993595590815983,1.0,False
CG11007,0.12643407,-0.1807773,0.8993883363037589,1.0,False
Sgsh,0.12596028,2.2170372,0.8997633706946688,1.0,False
CG31683,0.12595099,1.9458908,0.8997707185310477,1.0,False
TTLL3A,0.12585895,1.1635542,0.8998435850400375,1.0,False
lncRNA:CR43700,0.12583071,1.0152557,0.8998659350208245,1.0,False
asRNA:CR43820,0.12549227,0.1167432,0.9001338348010484,1.0,False
phu,0.1253573,2.6986473,0.9002406917177485,1.0,False
CG43341,0.1251995,0.9719533,0.9003656155631613,1.0,False
trk,0.12513606,0.6634114,0.9004158307456476,1.0,False
CG2310,0.124957375,-0.10846876,0.9005572927313098,1.0,False
CG5697,0.12469863,1.5363585,0.9007621426326073,1.0,False
CG15695,0.124693215,1.6281213,0.9007664295472351,1.0,False
NT5E-2,0.1243896,0.5018168,0.9010068076022083,1.0,False
asRNA:CR44989,0.12438844,-0.12259781,0.9010077262618841,1.0,False
ENGase,0.12434899,0.4769608,0.9010389607697434,1.0,False
CG11294,0.12433468,-0.036741734,0.9010502909722335,1.0,False
CG14965,0.12414439,-0.078966804,0.9012009539586328,1.0,False
nec,0.123758,0.031933665,0.9015068842601384,1.0,False
CG13016,0.123696506,-0.16342574,0.9015555772203397,1.0,False
Tig,0.12345787,1.8594918,0.9017445339113792,1.0,False
CG3842,0.12345671,0.2193379,0.9017454526771321,1.0,False
CecC,0.12343544,1.3168887,0.9017622967392606,1.0,False
GluRIIE,0.12340218,0.8615754,0.9017886348159604,1.0,False
Mccc1,0.123160444,0.28930363,0.9019800485030378,1.0,False
asRNA:CR44981,0.12316006,0.20643109,0.9019803547695064,1.0,False
CG6511,0.1231148,0.027622605,0.9020161880470278,1.0,False
CG15673,0.123100884,0.1557727,0.9020272137110472,1.0,False
lncRNA:CR43828,0.12304557,0.3118587,0.9020710102852869,1.0,False
asRNA:CR43786,0.12282086,1.4417149,0.9022489560741667,1.0,False
CG8501,0.122815445,1.3460928,0.9022532439851345,1.0,False
snRNA:U11,0.12281351,1.3903126,0.9022547753825998,1.0,False
Paris,0.12277947,0.24203523,0.9022817280375168,1.0,False
CG5080,0.12250642,0.0899546,0.902497965911147,1.0,False
dnk,0.12184078,-0.22123677,0.903025114290649,1.0,False
Dmel_CG32368,0.12180288,0.3807684,0.9030551333256168,1.0,False
Gem3,0.12118134,-0.17264965,0.9035474039740038,1.0,False
ato,0.12091602,1.0041534,0.9037575569481298,1.0,False
CG32032,0.12085607,0.0007411782,0.9038050414261656,1.0,False
Bulli,0.120705225,-0.09864654,0.9039245200214157,1.0,False
lncRNA:CR45922,0.12046117,0.20691371,0.9041178348674195,1.0,False
CG14695,0.12042714,0.08759071,0.9041447952343792,1.0,False
asRNA:CR44984,0.12028365,0.9533744,0.904258458905181,1.0,False
CG42319,0.12026663,0.12208347,0.9042719393628919,1.0,False
swi2,0.12018927,0.78442115,0.9043332145183395,1.0,False
SmydA-1,0.12009761,0.14244978,0.9044058263150384,1.0,False
CG44815,0.120086394,0.37418413,0.9044147113577229,1.0,False
hdly,0.12002838,0.44947153,0.9044606686660713,1.0,False
Hesr,0.11981643,3.6721895,0.9046285687516691,1.0,False
CG11927,0.11971896,-0.1459362,0.9047057797117505,1.0,False
Trhn,0.119438164,-0.10284738,0.9049282258451574,1.0,False
Gmd,0.11938363,-0.06482688,0.9049714290590868,1.0,False
CG8642,0.11918908,3.289982,0.9051255534532973,1.0,False
Tep2,0.119188696,0.30211732,0.9051258598671852,1.0,False
CG11893,0.11918522,2.7649107,0.9051286175928124,1.0,False
asRNA:CR45804,0.11917903,2.1857126,0.9051335202189745,1.0,False
CG18335,0.119142674,0.24171078,0.9051623232206926,1.0,False
Mtkl,0.11893536,0.6644916,0.9053265639963467,1.0,False
CG7131,0.11890055,-0.011005835,0.9053541421357917,1.0,False
asRNA:CR45214,0.11886304,0.47918773,0.9053838653694408,1.0,False
CG11400,0.11883829,0.44538492,0.9054034766477274,1.0,False
CG17032,0.11880696,-0.19872814,0.9054282972545175,1.0,False
udt,0.11873386,-0.19747815,0.9054862123629212,1.0,False
CG12885,0.11856252,2.258871,0.9056219624435461,1.0,False
Cap-D2,0.11839814,0.84511155,0.9057521993115014,1.0,False
CG5399,0.11793595,2.3457053,0.9061184083121345,1.0,False
CG4594,0.11793131,2.205231,0.9061220858260572,1.0,False
CG15909,0.11780677,1.0067308,0.9062207665344054,1.0,False
lncRNA:CR44771,0.11780135,0.9792959,0.9062250570328395,1.0,False
CG4554,0.117799416,-0.0970188,0.9062265893543721,1.0,False
TTLL6B,0.11774875,0.56272596,0.9062667363028902,1.0,False
Sry-delta,0.11774605,-0.21075663,0.9062688815664234,1.0,False
mora,0.11759056,-0.17235035,0.9063920821333471,1.0,False
Pfas,0.117523655,0.26687413,0.9064451019762325,1.0,False
CG6800,0.11729159,1.6924767,0.9066289890534238,1.0,False
Glt,0.11718987,0.25926527,0.9067095944673407,1.0,False
hd,0.11684835,-0.10640241,0.9069802272725503,1.0,False
lncRNA:CR45120,0.11665806,1.3539667,0.9071310262296138,1.0,False
lncRNA:CR44834,0.11665729,1.3472874,0.9071316392403398,1.0,False
Wdr92,0.11604967,-0.26043668,0.9076131762238008,1.0,False
CG11362,0.116017565,1.0140986,0.907638618016084,1.0,False
ais,0.116015635,-0.19296147,0.9076401506571996,1.0,False
lncRNA:CR45199,0.11583462,0.43613607,0.9077836073872079,1.0,False
lncRNA:CR45745,0.11582689,0.36704102,0.9077897380837463,1.0,False
CG31125,0.11545327,-0.11997417,0.9080858572595915,1.0,False
Fmo-2,0.11543587,1.7915747,0.9080996519428338,1.0,False
GstD10,0.11539255,1.0612261,0.9081339854970046,1.0,False
CG10341,0.11526646,-0.11145126,0.9082339216401535,1.0,False
Dcr-1,0.11518331,-0.12102122,0.9082998312411374,1.0,False
SmydA-3,0.11423765,0.13371395,0.909049405655751,1.0,False
CG9396,0.114124715,0.80303776,0.9091389308074639,1.0,False
Osi24,0.11352058,1.0595696,0.9096178486183865,1.0,False
CG33632,0.11350511,0.9430954,0.909630113270968,1.0,False
CG4592,0.11346295,0.16370362,0.9096635345585511,1.0,False
nompB,0.113201104,0.16947655,0.9098711180600919,1.0,False
pck,0.113065735,-0.17774831,0.9099784383844811,1.0,False
asRNA:CR44054,0.11294197,1.5556269,0.9100765612614328,1.0,False
CG34454,0.11287467,0.7734007,0.9101299161515459,1.0,False
sisRNA:1,0.11274936,0.14800851,0.9102292677163938,1.0,False
CG32755,0.1127393,-0.1909698,0.9102372404336958,1.0,False
Marcal1,0.11252503,0.20266862,0.9104071227877167,1.0,False
lncRNA:CR44612,0.112419054,0.13000816,0.9104911455385607,1.0,False
CG16825,0.11222645,0.60628134,0.9106438609838907,1.0,False
Cyp305a1,0.11211776,0.038839135,0.9107300332044471,1.0,False
dare,0.111829236,-0.1749295,0.9109588086750212,1.0,False
CG9016,0.111824974,-0.1058412,0.9109621820951411,1.0,False
Taf9,0.11181918,-0.10507,0.910966782216073,1.0,False
CG8343,0.11179249,5.1875267,0.9109879428107938,1.0,False
CG5565,0.11162154,0.7969325,0.9111234947839562,1.0,False
CG33234,0.1116022,0.61319333,0.9111388288804969,1.0,False
Gr77a,0.11138599,0.48388594,0.9113102663317869,1.0,False
CG32797,0.111245595,0.26630938,0.9114215955465437,1.0,False
CG32572,0.111156255,2.6830072,0.9114924423159537,1.0,False
CG34417,0.11069406,0.15729104,0.9118589552239817,1.0,False
Plzf,0.11067356,-0.28893393,0.9118752110430384,1.0,False
Nep6,0.11052543,2.1990764,0.9119926834350134,1.0,False
snoRNA:Psi28S-1175b,0.11052311,2.0516014,0.91199452374889,1.0,False
Cib2,0.11025353,0.09749415,0.9122083100872268,1.0,False
BBS4,0.11018507,0.14466597,0.9122626011739811,1.0,False
vn,0.10996229,-0.048577633,0.912439280086389,1.0,False
Arts,0.10993831,0.006274392,0.9124582978663804,1.0,False
CG4476,0.109920904,3.31979,0.9124721011251947,1.0,False
asRNA:CR45831,0.1099093,2.4550662,0.9124813033124087,1.0,False
spz4,0.10989615,1.9811149,0.9124917324721047,1.0,False
lncRNA:CR46010,0.109893836,1.6196663,0.9124935729136157,1.0,False
CG42566,0.10976813,1.00942,0.9125932641964587,1.0,False
CG6761,0.10970625,0.6052607,0.9126423434872419,1.0,False
CG12640,0.10945601,0.12017542,0.9128408112653373,1.0,False
Cpr67B,0.10933263,0.19013068,0.9129386667773616,1.0,False
CG42521,0.109265335,1.4490709,0.9129920430676608,1.0,False
lncRNA:CR42746,0.109138474,0.8048647,0.9130926615095795,1.0,False
Idgf6,0.109138474,-0.04437037,0.9130926615095795,1.0,False
CG34057,0.10902166,-0.032614466,0.913185305331275,1.0,False
lncRNA:CR44596,0.10865462,1.9071724,0.9134764354767003,1.0,False
Aptx,0.1085997,-0.15622008,0.9135199986266137,1.0,False
CycB3,0.10850069,-0.04517713,0.9135985356659264,1.0,False
Cog3,0.108489856,-0.17246535,0.913607125705803,1.0,False
Polr2B,0.10834327,-0.13887416,0.913723399023716,1.0,False
Gal,0.10804082,0.19325146,0.9139633144468522,1.0,False
CG8191,0.10799286,1.0730953,0.9140013580223747,1.0,False
Sur,0.10783583,0.49637252,0.9141259214301847,1.0,False
blot,0.10782771,0.05748406,0.9141323644224698,1.0,False
lncRNA:CR45380,0.10776389,0.15944685,0.9141829881295919,1.0,False
Amy-d,0.10738911,1.4798393,0.9144802943743201,1.0,False
hmw,0.10738524,1.3630991,0.9144833626126727,1.0,False
Mos,0.107369,1.1241579,0.9144962492276689,1.0,False
CG34331,0.10688554,0.13884239,0.9148797897099306,1.0,False
CG30039,0.106783815,1.798922,0.9149604891541354,1.0,False
tfc,0.10638853,0.18519944,0.9152740899850853,1.0,False
CG10177,0.106110446,0.9695371,0.9154947231328825,1.0,False
CG3494,0.10610813,0.9408363,0.9154965643270386,1.0,False
CG32536,0.10601723,0.746663,0.915568678121343,1.0,False
croc,0.106013365,-0.13586651,0.9155717468088593,1.0,False
CG4880,0.10563085,0.082038224,0.9158752462127259,1.0,False
CG7460,0.1054773,0.90838104,0.9159970790511338,1.0,False
lncRNA:CR44221,0.105433986,0.33135635,0.9160314503851971,1.0,False
CG13288,0.105381384,-0.069435515,0.9160731872161691,1.0,False
CG8701,0.10521894,0.12865749,0.9162020818306111,1.0,False
lncRNA:CR44766,0.10503948,0.10150045,0.916344482251634,1.0,False
rha,0.104831785,0.645501,0.9165092895379287,1.0,False
CG6220,0.10483101,0.59447986,0.916509903352038,1.0,False
asRNA:CR43460,0.10482559,0.55740565,0.9165142000521969,1.0,False
CG13437,0.10480703,0.4083357,0.9165289316141134,1.0,False
asRNA:CR45162,0.10480703,0.38595495,0.9165289316141134,1.0,False
fzo,0.10467282,0.40882272,0.9166354293827632,1.0,False
lncRNA:CR44070,0.104498,-0.1111572,0.9167741549443743,1.0,False
lncRNA:CR46095,0.10447828,0.25229055,0.9167898077664851,1.0,False
CG13056,0.104269035,1.2920192,0.9169558524329575,1.0,False
asRNA:CR31144,0.10423345,0.9046536,0.9169840895945229,1.0,False
CG8399,0.10421798,0.7515015,0.9169963666539588,1.0,False
CG14443,0.10410968,0.5813067,0.9170823066241003,1.0,False
IleRS,0.10406675,-0.14404558,0.9171163759519445,1.0,False
Mst77F,0.103968896,0.4022662,0.9171940300337109,1.0,False
CG9166,0.10394453,-0.17735429,0.9172133669437559,1.0,False
ms(3)76Ba,0.10393486,0.057634193,0.917221040334332,1.0,False
lncRNA:CR44392,0.10387994,0.2782663,0.9172646253390813,1.0,False
stl,0.10369584,0.060491983,0.9174107289990886,1.0,False
Tep1,0.10364594,1.2130886,0.9174503247993008,1.0,False
CG13616,0.103439026,0.42718977,0.9176145421241593,1.0,False
lncRNA:CR44410,0.10312651,2.888104,0.9178625629876164,1.0,False
lbm,0.10302441,0.04199079,0.9179436012410368,1.0,False
dpp,0.10301435,0.97769105,0.9179515823272729,1.0,False
lncRNA:CR46127,0.102977216,0.6077501,0.9179810510249905,1.0,False
EndoU,0.10260051,0.280936,0.9182800418845077,1.0,False
CG30062,0.10250304,2.3865483,0.9183574007460136,1.0,False
alka,0.1024721,0.14607334,0.9183819592764018,1.0,False
CG42633,0.10235258,0.7763829,0.9184768173310414,1.0,False
CG43394,0.10226711,-0.009620359,0.9185446615058653,1.0,False
Ctr1B,0.10205748,0.3634969,0.9187110510869076,1.0,False
Dus1,0.101917855,-0.14500707,0.9188218771192248,1.0,False
mt:tRNA:Ala-TGC,0.1018873,2.7044747,0.9188461301178596,1.0,False
asRNA:CR45384,0.10187415,2.1847737,0.9188565681405135,1.0,False
CG1213,0.1016359,-0.08856958,0.919045682970888,1.0,False
IntS10,0.10148119,0.010423192,0.9191684872617614,1.0,False
PGRP-LD,0.10125145,2.1821382,0.9193508551902885,1.0,False
CG43330,0.1012441,1.9792787,0.9193566885779357,1.0,False
Strica,0.101242945,1.6944195,0.9193576096395399,1.0,False
lncRNA:CR46094,0.10123443,1.5012149,0.9193643640946101,1.0,False
lncRNA:CR45030,0.1010569,0.5354597,0.9195052879153167,1.0,False
nesd,0.10075019,0.025690792,0.9197487635646036,1.0,False
SmE,0.1007471,-0.15821818,0.9197512198516441,1.0,False
Cyp6g1,0.10071384,0.016877465,0.9197776249856833,1.0,False
CG11263,0.10062566,1.930281,0.9198476297225764,1.0,False
piwi,0.10061482,1.6024873,0.9198562268383667,1.0,False
Itgbn,0.100599356,1.239892,0.9198685084486024,1.0,False
Spn88Ea,0.10028878,-0.06521178,0.9201150658136683,1.0,False
CG10194,0.09988306,-0.17524289,0.9204371678847362,1.0,False
CG4806,0.09986643,-0.15923308,0.9204503715850061,1.0,False
CG12947,0.099721774,-0.17068343,0.9205652139955478,1.0,False
Debcl,0.09960497,0.051170547,0.920657948915774,1.0,False
CG41562,0.09932534,0.86282986,0.9208799643806024,1.0,False
asRNA:CR45943,0.09901282,0.33700824,0.9211280885444323,1.0,False
dy,0.09874286,1.3907496,0.9213424396104194,1.0,False
CG3777,0.09871114,0.98974764,0.9213676216296441,1.0,False
dx,0.09858699,0.67831,0.9214662007801036,1.0,False
lncRNA:CR44993,0.098418355,0.023201562,0.9216000983808005,1.0,False
MtnE,0.09839631,0.35064253,0.9216176035066923,1.0,False
CG33635,0.098281056,-0.16078007,0.9217091221513037,1.0,False
Ets21C,0.098172374,0.26562726,0.9217954208833316,1.0,False
CG42556,0.09815458,0.15062411,0.921809548165629,1.0,False
Rad51D,0.09813369,0.14974824,0.9218261323980661,1.0,False
Shrm,0.09812364,-0.19351183,0.9218341174109925,1.0,False
Acp53Ea,0.098103136,1.083658,0.921850394577127,1.0,False
lncRNA:CR44985,0.09807374,0.699401,0.9218737354762526,1.0,False
CG11961,0.09794843,0.5375046,0.9219732421692798,1.0,False
Pez,0.09788113,0.28754383,0.9220266814530583,1.0,False
CG44004,0.0978618,0.29326206,0.9220420376342079,1.0,False
CG30324,0.09745723,0.8387418,0.9223632955985426,1.0,False
lncRNA:CR44973,0.097447954,0.76054686,0.9223706668670316,1.0,False
CG31142,0.0973412,-0.24084023,0.9224554369337415,1.0,False
CAH1,0.09733462,0.003999875,0.9224606583072387,1.0,False
CG43779,0.09728435,0.42652473,0.9225005865679751,1.0,False
CG30089,0.09706157,-0.09313201,0.9226775018255111,1.0,False
Pld,0.09698537,0.30443645,0.9227380101791203,1.0,False
CG15279,0.09686238,1.1605592,0.9228356845053938,1.0,False
Ag5r2,0.096815966,0.663561,0.9228725430442078,1.0,False
NimB5,0.096815966,0.7254999,0.9228725430442078,1.0,False
CG14410,0.09677342,-0.021328509,0.9229063301836177,1.0,False
CG15353,0.096763365,0.70886266,0.9229143162550791,1.0,False
CG17111,0.09662916,0.09162372,0.9230209003370459,1.0,False
CG5050,0.09661175,0.2251553,0.9230347225815309,1.0,False
asRNA:CR46093,0.0962625,0.1387725,0.9233120938612739,1.0,False
Npc2f,0.09620333,0.8099046,0.9233590912487564,1.0,False
Irbp,0.096055575,-0.0032743898,0.9234764322987963,1.0,False
bark,0.09583899,0.366747,0.9236484536013906,1.0,False
CG15611,0.095827,0.3110535,0.9236579763135933,1.0,False
lncRNA:CR46100,0.09572992,3.93368,0.9237350799668236,1.0,False
lncRNA:CR44208,0.095563605,0.77118695,0.9238671715555759,1.0,False
asRNA:CR43159,0.09554659,0.48714563,0.9238806880226549,1.0,False
IleRS-m,0.09552802,-0.1784262,0.9238954332845338,1.0,False
Fit2,0.09550481,0.15959921,0.9239138648986559,1.0,False
CG5078,0.09539188,0.3911151,0.9240035660036942,1.0,False
Ir62a,0.09524491,0.0993213,0.92412030176542,1.0,False
CG43925,0.09523331,-0.11763189,0.9241295178162391,1.0,False
CG5687,0.09512385,0.1137027,0.9242164563966105,1.0,False
Marf1,0.0951076,3.7871628,0.9242293590192713,1.0,False
Cyp303a1,0.09510064,2.9592426,0.9242348887207997,1.0,False
NimC2,0.095096774,2.4419532,0.9242379607787865,1.0,False
lncRNA:CR45877,0.09509368,2.0935547,0.9242404184259894,1.0,False
glob1,0.095014006,-0.10465016,0.9243037030904471,1.0,False
CG4860,0.094963335,0.83958685,0.9243439474709517,1.0,False
St1,0.09446363,1.8205746,0.9247408718700446,1.0,False
CG3176,0.09440097,-0.24900278,0.9247906423524389,1.0,False
ems,0.09420682,0.51799524,0.9249448712714785,1.0,False
RhoL,0.094125204,0.16585816,0.9250096974164961,1.0,False
H15,0.093966246,0.033699762,0.925135971573734,1.0,False
CG7458,0.09384673,2.1605809,0.9252309088612442,1.0,False
Ifrd1,0.09383358,-0.12310182,0.9252413551003261,1.0,False
CG13875,0.09365837,0.51354253,0.9253805371032322,1.0,False
PolA1,0.09321978,1.6517237,0.9257289629836876,1.0,False
CG3819,0.09294517,0.56448436,0.9259471204824985,1.0,False
CG34386,0.092833005,0.2629685,0.9260362286690865,1.0,False
CG4570,0.092592046,1.7704104,0.9262276607716707,1.0,False
CG9514,0.09258973,1.5826526,0.9262295044403113,1.0,False
Ilp6,0.09245784,-0.008241205,0.9263342869254463,1.0,False
CG14961,0.09237043,0.27137792,0.9264037329129983,1.0,False
Tmc,0.09233369,0.46954775,0.9264329249778394,1.0,False
Oxt,0.092309706,-0.14432733,0.926451976694621,1.0,False
PolG1,0.092307776,-0.09417087,0.9264535131252314,1.0,False
CG32110,0.09219638,0.37728813,0.9265420119910901,1.0,False
snoRNA:lola-a,0.091955036,1.4061172,0.9267337626502439,1.0,False
asRNA:CR44047,0.09195117,1.2267666,0.9267368356121488,1.0,False
scramb2,0.09187923,-0.2279948,0.9267939929027402,1.0,False
gcm,0.09177906,0.49456948,0.9268735835226426,1.0,False
fit,0.09133118,1.1953655,0.9272294455030321,1.0,False
asRNA:CR43964,0.09130565,0.80228496,0.9272497282312199,1.0,False
CG30338,0.09123526,-0.117529236,0.9273056596356495,1.0,False
UK114,0.09118073,0.08274666,0.9273489913552673,1.0,False
snoRNA:Psi28S-3308,0.090727426,1.6317747,0.9277091753940672,1.0,False
asRNA:CR31845,0.090663224,0.4786192,0.9277601924214414,1.0,False
CG7800,0.090465195,0.23330386,0.927917548014034,1.0,False
Nans,0.09017357,0.06515745,0.9281492838416461,1.0,False
lncRNA:CR44741,0.090078816,1.1576127,0.9282245839312513,1.0,False
lncRNA:CR46126,0.09007031,1.0559416,0.9282313456034098,1.0,False
CG34342,0.0900618,0.96851575,0.9282381072807504,1.0,False
CG13984,0.089898966,0.4235463,0.9283675021949148,1.0,False
Art2,0.08982393,0.16790324,0.9284271289926107,1.0,False
dpr20,0.08969823,-0.12586561,0.9285270201468634,1.0,False
cutlet,0.08965956,0.13385428,0.9285577561132969,1.0,False
s-cup,0.08957949,-0.1101516,0.9286213799024321,1.0,False
Ugt35C1,0.08943484,0.032929037,0.9287363341854113,1.0,False
CG5880,0.08942324,-0.17091008,0.928745555181663,1.0,False
NaPi-T,0.08940622,0.5746332,0.928759079326805,1.0,False
eggpl,0.08940467,0.57569075,0.9287603087955656,1.0,False
CG33137,0.08937915,0.16806692,0.928780595054665,1.0,False
mtrm,0.0892024,0.17227055,0.9289210632996415,1.0,False
insv,0.08910648,-0.08902278,0.9289972920710761,1.0,False
CG7720,0.08900707,0.16071124,0.9290762878966332,1.0,False
PolQ,0.08888872,-0.07465782,0.929170346094517,1.0,False
CG7794,0.0888164,0.93907493,0.9292278265915381,1.0,False
COX7CL,0.0887754,0.47102445,0.9292604092832527,1.0,False
CG18764,0.08855185,-0.18140024,0.9294380792531668,1.0,False
Ssk,0.08841029,-0.13192451,0.929550584894217,1.0,False
CG7149,0.08833912,-0.16175254,0.9296071456392103,1.0,False
snoRNA:Psi28S-3385b,0.08832713,19.631775,0.9296166749301686,1.0,False
Cyp4aa1,0.08832713,19.729834,0.9296166749301686,1.0,False
ssp2,0.08814535,0.82235885,0.9297611525125495,1.0,False
lncRNA:CR45036,0.08805175,0.5133495,0.9298355440006864,1.0,False
LanB1,0.08786069,0.33819476,0.9299874029078601,1.0,False
Kif19A,0.087797254,0.18354039,0.9300378181697025,1.0,False
fusl,0.08770946,0.112512015,0.9301076007331545,1.0,False
lncRNA:CR43836,0.087701336,4.8057714,0.9301140564159682,1.0,False
CG34303,0.08769824,3.839881,0.9301165157249164,1.0,False
lncRNA:CR44499,0.08769515,3.072853,0.930118975034532,1.0,False
lncRNA:CR45820,0.08751917,0.49343863,0.9302588493664824,1.0,False
Atf-2,0.08744182,-0.1701055,0.9303203332711688,1.0,False
mdy,0.087290585,0.22389118,0.9304405355057619,1.0,False
CG9664,0.08719738,0.23052248,0.9305146251417286,1.0,False
Nepl4,0.087074,3.2494357,0.9306126949219468,1.0,False
asRNA:CR45481,0.08707013,2.7425127,0.9306157692267671,1.0,False
snRNA:U2:34ABa,0.08706626,2.330913,0.9306188435326229,1.0,False
Osi3,0.08696493,1.0404322,0.930699390714791,1.0,False
CG34112,0.08693476,0.7327063,0.9307233705474,1.0,False
Ntl,0.08689763,0.50085044,0.9307528842738672,1.0,False
Ugt301D1,0.086892985,0.17664208,0.930756573496372,1.0,False
lncRNA:CR45170,0.08686746,0.23676926,0.9307768642467414,1.0,False
out,0.08666866,0.03786979,0.9309348876897825,1.0,False
CG1494,0.08644356,2.1709242,0.9311138202445008,1.0,False
lncRNA:CR44909,0.08644278,2.3346744,0.9311144351390133,1.0,False
CG12990,0.08644124,2.2782962,0.9311156649281613,1.0,False
lncRNA:CR45321,0.08644047,2.187804,0.931116279822797,1.0,False
Sox15,0.0864366,1.968421,0.9311193542965922,1.0,False
lncRNA:CR44868,0.086434275,1.52051,0.9311211989813627,1.0,False
Abd-B,0.086428866,1.4627156,0.9311255032472662,1.0,False
ddbt,0.08642809,1.4546185,0.9311261181425596,1.0,False
CG6178,0.086317085,-0.18059357,0.9312143560432121,1.0,False
kermit,0.08629272,0.06340209,0.9312337254516777,1.0,False
CG13133,0.08626294,0.5434742,0.9312573992284431,1.0,False
CG10864,0.08624167,0.03276307,0.9312743091062269,1.0,False
Kmn2,0.086137235,-0.123379946,0.931357321683337,1.0,False
hdm,0.085845225,0.07793345,0.931589453405792,1.0,False
rols,0.08583053,0.23874663,0.9316011370106996,1.0,False
bcd,0.08581622,2.018448,0.931612513166482,1.0,False
CG14416,0.085808486,1.7468611,0.9316186624456949,1.0,False
lncRNA:CR45504,0.08580616,1.4620988,0.9316205072302547,1.0,False
ymp,0.085803844,1.4203011,0.9316223520151818,1.0,False
lncRNA:CR43907,0.08579843,1.308669,0.9316266565147737,1.0,False
CG7342,0.08569632,0.8358791,0.9317078274527754,1.0,False
Porin2,0.08566615,0.59985393,0.9317318099113311,1.0,False
CG32645,0.08566615,0.64993924,0.9317318099113311,1.0,False
JhI-26,0.08525192,0.13211443,0.9320611137742303,1.0,False
snoRNA:Psi18S-1086,0.08518269,1.6230862,0.9321161526237709,1.0,False
lectin-46Ca,0.08516799,1.0267301,0.9321278368905891,1.0,False
CG34188,0.08516258,0.9675258,0.9321321416241564,1.0,False
asRNA:CR45182,0.084785864,0.16358103,0.9324316329541333,1.0,False
Loxl1,0.08476962,0.08436694,0.9324445475801093,1.0,False
CG30156,0.08459982,-0.21030557,0.9325795372344315,1.0,False
lncRNA:CR32652,0.08455767,1.563036,0.9326130543285198,1.0,False
l(3)72Dn,0.08451822,-0.24751583,0.932644419056895,1.0,False
CG8089,0.0844339,0.8110133,0.93271145382691,1.0,False
ind,0.08441263,0.6091991,0.9327283663442943,1.0,False
TwdlT,0.08437743,0.4289395,0.9327563489397455,1.0,False
lncRNA:CR44017,0.08435036,0.33452997,0.9327778740697197,1.0,False
CG3511,0.08394812,-0.14683622,0.9330976817827221,1.0,False
lncRNA:CR44272,0.0839311,1.5888302,0.9331112123475138,1.0,False
asRNA:CR46020,0.083928004,1.4406768,0.9331136724522797,1.0,False
Or1a,0.08391563,0.95114905,0.9331235128777315,1.0,False
CG33258,0.083906345,0.6751974,0.9331308932035276,1.0,False
OSCP1,0.08373346,0.4000993,0.933268352821336,1.0,False
CG14286,0.083662294,-0.14732216,0.9333249363296436,1.0,False
fus,0.083576046,0.26900646,0.9333935135331035,1.0,False
Ance,0.0834515,0.057951637,0.9334925361967498,1.0,False
Srp68,0.083333924,-0.14491214,0.9335860243764854,1.0,False
CG34437,0.08330298,1.1881442,0.9336106266813478,1.0,False
lncRNA:CR46131,0.08329525,1.068483,0.9336167772674726,1.0,False
lncRNA:CR44974,0.08328365,0.8884586,0.9336260031540903,1.0,False
Nse1,0.083280556,0.743443,0.9336284633920274,1.0,False
CAH13,0.08327823,0.8071905,0.9336303085708964,1.0,False
CG4783,0.08316839,0.5893705,0.9337176474450877,1.0,False
CG32228,0.08292627,0.24211971,0.9339101648219806,1.0,False
mtTFB2,0.08291815,-0.26360404,0.9339166231397157,1.0,False
DIP-eta,0.08280521,-0.10353796,0.934006424960651,1.0,False
CG13502,0.08279709,0.21544735,0.9340128833431708,1.0,False
asRNA:CR43875,0.08266984,1.1110095,0.9341140652360749,1.0,False
pre-mod(mdg4)-B,0.082667135,1.0533388,0.9341162180538769,1.0,False
lncRNA:CR32730,0.08263774,0.3662785,0.9341395915353093,1.0,False
Use1,0.08245364,-0.19376135,0.9342859846306613,1.0,False
CG9689,0.08218908,-0.03820919,0.9344963517078678,1.0,False
APC4,0.08215621,-0.13066404,0.9345224941352417,1.0,False
RNaseP:RNA,0.08202316,-0.08088277,0.9346282947974414,1.0,False
CG14006,0.08201814,0.7145951,0.9346322931009334,1.0,False
CG14866,0.08200499,0.60650754,0.9346427502101694,1.0,False
dyw,0.08186459,-0.1717725,0.9347543959319041,1.0,False
lncRNA:CR43724,0.08151301,0.1450346,0.9350339772073873,1.0,False
lncRNA:CR45916,0.081393115,0.6323441,0.9351293257908971,1.0,False
Fbp,0.08138422,-0.046246402,0.9351364000777379,1.0,False
asRNA:CR31912,0.08121713,0.3421979,0.935269274590168,1.0,False
Sas-4,0.08113707,-0.16051768,0.9353329442666038,1.0,False
CG14968,0.081033416,0.08036466,0.935415377119012,1.0,False
Ugt302K1,0.08081064,1.1250193,0.9355925485767502,1.0,False
CG31674,0.080637366,0.08744294,0.9357303508050671,1.0,False
snoRNA:CD66,0.080297396,19.014055,0.9360007317504625,1.0,False
CG14933,0.08018097,1.051852,0.9360933212353375,1.0,False
lncRNA:CR44472,0.080178656,1.0646784,0.9360951668816997,1.0,False
Rpt3R,0.08014771,0.7257415,0.9361197755326731,1.0,False
asRNA:CR46055,0.07995085,0.15451242,0.936276349502885,1.0,False
tobi,0.079862274,0.080201246,0.9363467932130851,1.0,False
CG13690,0.07972536,0.0884021,0.9364556897104603,1.0,False
lncRNA:CR44097,0.07967044,4.428531,0.9364993716904572,1.0,False
Jheh3,0.07963331,0.019026427,0.9365289032781885,1.0,False
CG31677,0.07947551,0.29542637,0.9366544134997052,1.0,False
lncRNA:CR44606,0.07946777,0.28675044,0.9366605660020414,1.0,False
CG7322,0.07946545,0.123373345,0.9366624117534798,1.0,False
CG8319,0.079350576,-0.22176842,0.936753776874903,1.0,False
Ugt35A1,0.07929914,0.21223977,0.9367946914922509,1.0,False
CG13003,0.07928406,0.35983783,0.9368066890432739,1.0,False
GstT2,0.07925698,-0.1751561,0.9368282231451993,1.0,False
CG14257,0.0791336,0.23997016,0.9369263577088378,1.0,False
CG32107,0.07903807,2.529156,0.9370023434367248,1.0,False
Mlc1,0.07903575,2.2811394,0.9370041892510206,1.0,False
GNBP3,0.07888143,0.65589994,0.9371269366610284,1.0,False
lncRNA:CR45156,0.0788528,0.3741381,0.9371497020091866,1.0,False
CG9254,0.07884043,0.28200716,0.9371595464999793,1.0,False
CG34141,0.07881065,0.65047234,0.9371832348453136,1.0,False
Prat,0.07867373,0.17939728,0.9372921404207336,1.0,False
lncRNA:CR45290,0.078624226,0.08957014,0.9373315189967721,1.0,False
dsx,0.07840724,0.11554899,0.9375041097188486,1.0,False
CG13622,0.078401834,0.86613643,0.9375084168332775,1.0,False
lncRNA:CR46009,0.07836122,0.13298443,0.9375407202497685,1.0,False
CG31077,0.07827729,0.7343503,0.9376074809695523,1.0,False
asRNA:CR46137,0.07827575,0.7832918,0.9376087115860168,1.0,False
Sgs4,0.07816204,0.5438582,0.9376991623039876,1.0,False
lncRNA:CR45279,0.07814192,0.4721912,0.9377151604738616,1.0,False
CG30154,0.0777772,1.2708813,0.9380052854872487,1.0,False
Dnaaf4,0.077776425,1.3424323,0.9380059008194727,1.0,False
Gr36a,0.07777333,1.0534923,0.9380083621487387,1.0,False
Rbp4,0.07776869,0.7847295,0.9380120541437482,1.0,False
CG6834,0.077642985,0.6464824,0.9381120461817769,1.0,False
lncRNA:CR45659,0.077634476,0.60341656,0.9381188149088661,1.0,False
CG12213,0.077441484,-0.124914035,0.9382723431459606,1.0,False
Syx4,0.07736993,-0.046084568,0.9383292630156244,1.0,False
Efhc1.2,0.077332415,-0.032682482,0.9383591076137691,1.0,False
t-cup,0.07725544,0.19603801,0.9384203354623947,1.0,False
CG46025,0.077157974,1.8441898,0.9384978707478605,1.0,False
asRNA:CR43767,0.07715721,1.5863539,0.9384984861096022,1.0,False
ACXB,0.07715411,1.487315,0.9385009475569359,1.0,False
CG13563,0.07714096,0.9830137,0.9385114087146601,1.0,False
CG6294,0.07712858,0.61969596,0.9385212545198591,1.0,False
srp,0.07704581,0.75068736,0.9385870985836503,1.0,False
mus301,0.076961495,0.19611466,0.9386541738093374,1.0,False
Cyp317a1,0.076847404,0.34579584,0.9387449414361068,1.0,False
Dmel_CR45045,0.076535664,1.6409556,0.9389929411079481,1.0,False
wupA,0.076527156,1.3471066,0.9389997104128276,1.0,False
CG32856,0.07651981,-0.20993774,0.9390055566342254,1.0,False
COX7AL2,0.0765171,1.1234082,0.9390077105060954,1.0,False
lncRNA:CR43855,0.076515555,1.0778899,0.9390089412902214,1.0,False
CG42393,0.076515555,1.0603164,0.9390089412902214,1.0,False
spok,0.07650859,0.75969326,0.9390144798205916,1.0,False
emp,0.07638483,0.5527454,0.9391129430748837,1.0,False
PHDP,0.0759033,-0.048660085,0.9394960355159211,1.0,False
eater,0.07589943,1.2965132,0.9394991126204436,1.0,False
CG11475,0.07588009,0.5630474,0.9395144981566053,1.0,False
Cln3,0.07582401,0.14089336,0.9395591163391258,1.0,False
CG3982,0.075788036,0.7082323,0.9395877336181384,1.0,False
CG4839,0.07569289,0.21591191,0.9396634313128205,1.0,False
CG14990,0.07525159,0.48781696,0.9400145403394483,1.0,False
lab,0.075068645,0.30081832,0.9401600955321084,1.0,False
CG7218,0.07504699,-0.17885137,0.9401773284146262,1.0,False
CG18063,0.074623086,0.7183698,0.9405146061727245,1.0,False
ovo,0.074616894,0.45593375,0.9405195300147773,1.0,False
Rabex-5,0.074377485,-0.15941018,0.9407100228978412,1.0,False
CG14907,0.07422858,0.06234862,0.9408285056434283,1.0,False
Dus2,0.07412183,-0.014280086,0.9409134447294716,1.0,False
Glug,0.07411371,-0.06573268,0.9409199075135439,1.0,False
lncRNA:CR44526,0.07401392,0.9406268,0.9409993077495188,1.0,False
Acp53C14c,0.07400851,0.8327714,0.9410036163062365,1.0,False
GstE8,0.07390949,0.60673976,0.9410824016476806,1.0,False
CG14397,0.0738391,0.34603736,0.9411384134520603,1.0,False
nAChRbeta3,0.07381938,0.32988575,0.9411541091198061,1.0,False
lncRNA:CR45981,0.0733715,0.73296994,0.9415104992441622,1.0,False
lncRNA:acal,0.07335912,0.64743215,0.9415203478425427,1.0,False
CG12420,0.073219106,0.36657637,0.941631760734103,1.0,False
lncRNA:CR43493,0.073067494,-0.091362424,0.9417524080262102,1.0,False
Acaa,0.07298047,-0.053038456,0.9418216577136056,1.0,False
CG31659,0.07293251,0.06704435,0.9418598221737844,1.0,False
CG34253,0.072778575,1.0129818,0.9419823186812616,1.0,False
CG30056,0.07276078,0.88068783,0.9419964766575883,1.0,False
lncRNA:CR44357,0.072755374,0.8220023,0.9420007856105431,1.0,False
CG11741,0.072732165,0.5906588,0.9420192525710039,1.0,False
CG12206,0.0727252,0.47241974,0.9420247926652205,1.0,False
CG14892,0.07256005,0.2735799,0.9421562168332768,1.0,False
CG14756,0.07226765,19.202816,0.942388906105905,1.0,False
asRNA:CR45818,0.07226765,19.05172,0.942388906105905,1.0,False
CG14419,0.07226765,19.358866,0.942388906105905,1.0,False
rogdi,0.07193077,-0.18152152,0.9426569973280705,1.0,False
CG8483,0.07189171,0.11695301,0.94268808525006,1.0,False
asRNA:CR45865,0.071671255,-0.036094006,0.9428635335738511,1.0,False
tw,0.07164186,4.790018,0.9428869268933308,1.0,False
CG32640,0.07163954,3.3744152,0.9428887737364408,1.0,False
lncRNA:CR45224,0.071634896,2.1022677,0.9428924674235817,1.0,False
Cluap1,0.071634896,2.2657082,0.9428924674235817,1.0,False
asRNA:CR44431,0.071634896,2.1949017,0.9428924674235817,1.0,False
pre-mod(mdg4)-E,0.071634896,1.242625,0.9428924674235817,1.0,False
bgm,0.071517706,0.8938098,0.9429857334306662,1.0,False
CG42867,0.07147439,0.47532612,0.9430202081922813,1.0,False
fd96Ca,0.07145273,0.42505243,0.9430374456131201,1.0,False
blanks,0.07144422,0.33075565,0.9430442174643201,1.0,False
CG14105,0.071417145,-0.009423404,0.9430657642909787,1.0,False
asRNA:CR44969,0.071359515,0.42275023,0.9431116283892816,1.0,False
CG17544,0.071329735,-0.19892703,0.9431353300442133,1.0,False
Vkor,0.07112281,0.30503723,0.9433000117630213,1.0,False
CG16700,0.07104391,0.24697855,0.9433628069262228,1.0,False
CG15221,0.071009874,2.6440988,0.9433898951445326,1.0,False
Vm26Ab,0.071002916,0.9791182,0.9433954359245259,1.0,False
CG4849,0.07098705,-0.21368231,0.9434080566002901,1.0,False
FASN3,0.07093446,-0.16632506,0.9434499204069682,1.0,False
grk,0.07088688,0.86223596,0.9434877826607662,1.0,False
snRNA:U4:39B,0.07082345,0.44573313,0.9435382658644326,1.0,False
eEF1delta,0.070816875,-0.1623949,0.943543498892423,1.0,False
CG31467,0.07069891,0.047492977,0.9436373859848768,1.0,False
lncRNA:CR45819,0.070691176,0.2963461,0.9436435425429,1.0,False
Pkg21D,0.07068576,0.272252,0.9436478521355193,1.0,False
CG4669,0.07038021,1.8218246,0.9438910389593805,1.0,False
Pstk,0.07037325,1.2798221,0.9438965799860094,1.0,False
lncRNA:CR44111,0.0703717,1.2458912,0.9438978113256289,1.0,False
grass,0.070229374,0.012703614,0.9440110951437413,1.0,False
aos,0.070225894,0.071408495,0.9440138656860966,1.0,False
Oadh,0.07020965,0.43085548,0.9440267948927089,1.0,False
Cnx14D,0.06987045,-0.08512891,0.9442967724038304,1.0,False
lncRNA:CR44103,0.069763705,2.5860572,0.9443817381452579,1.0,False
CG1273,0.06974205,0.8244244,0.9443989776483035,1.0,False
lncRNA:CR46122,0.06974127,0.668502,0.9443995933453225,1.0,False
IFT46,0.069628336,0.7029458,0.9444894854663439,1.0,False
betaTub60D,0.069594294,0.4547182,0.9445165763812111,1.0,False
Oat,0.06943108,0.010527721,0.9446464905232068,1.0,False
CG42846,0.06937461,0.08132663,0.9446914374650585,1.0,False
Su(Ste):CR42418,0.06913713,2.0528958,0.9448804628311003,1.0,False
y,0.06913482,1.6066139,0.9448823099998437,1.0,False
GNBP1,0.06912785,1.449931,0.9448878515078519,1.0,False
mkg-p,0.06912785,1.5423808,0.9448878515078519,1.0,False
CG12065,0.06912321,-0.0072259353,0.9448915458480057,1.0,False
asRNA:CR44049,0.06912321,1.3146185,0.9448915458480057,1.0,False
lncRNA:CR44232,0.06912243,1.4568334,0.9448921615714799,1.0,False
CG43813,0.06911625,0.84893835,0.9448970873604586,1.0,False
lncRNA:CR32773,0.069115475,0.97794825,0.9448977030842292,1.0,False
Nepl18,0.06910542,0.6980659,0.9449057074962409,1.0,False
Hmr,0.06906829,-0.118484005,0.9449352622964643,1.0,False
CG31883,0.068803355,0.2907337,0.9451461503080405,1.0,False
CG8219,0.068496644,1.189368,0.9453902926165196,1.0,False
Pen,0.068492,1.0235972,0.9453939871171348,1.0,False
CG30105,0.06844327,-0.23145564,0.9454327794444867,1.0,False
CG14448,0.068333425,0.37873718,0.9455202165931902,1.0,False
CG42807,0.06826922,0.109713845,0.9455713245263471,1.0,False
p38a,0.06795014,0.21876185,0.9458253281156417,1.0,False
CG12147,0.06787317,1.2366229,0.945886597685622,1.0,False
CG40813,0.067866206,1.1357434,0.9458921396725665,1.0,False
mt:tRNA:Trp-TCA,0.067863114,1.0353936,0.9458946027787156,1.0,False
asRNA:CR46136,0.0678577,0.86976594,0.9458989132157212,1.0,False
lncRNA:CR43624,0.06785538,0.9055504,0.9459007605463513,1.0,False
CG8236,0.067854606,0.67884964,0.9459013763232926,1.0,False
snoRNA:CD20,0.06784919,0.67245406,0.945905686762787,1.0,False
qin,0.06775443,0.81630844,0.9459811197101718,1.0,False
CG6985,0.06732434,0.14413951,0.9463234990019691,1.0,False
Mec2,0.067241184,1.0447526,0.9463896975826436,1.0,False
CG13323,0.06723113,0.96736705,0.9463977030174963,1.0,False
lncRNA:CR44055,0.06722649,0.72642606,0.9464013978354076,1.0,False
snoRNA:Psi28S-1135d,0.0672203,0.7198761,0.9464063242610827,1.0,False
spz,0.0672203,-0.14422765,0.9464063242610827,1.0,False
CG31861,0.06680568,0.00278649,0.9467363994402089,1.0,False
Tsen54,0.066737615,-0.034983855,0.9467905917627837,1.0,False
CG13488,0.06661849,1.1317892,0.9468854289195405,1.0,False
Ndg,0.06660998,0.9389833,0.9468922030309814,1.0,False
ttm2,0.06659219,0.623266,0.946906367094582,1.0,False
neb,0.066587545,0.4178353,0.9469100620704552,1.0,False
CG43755,0.06658677,0.5074243,0.9469106778998784,1.0,False
Ir93a,0.066575944,0.2899396,0.9469192995151341,1.0,False
Dsk,0.06655235,-0.01149992,0.9469380823413192,1.0,False
mav,0.06625956,-0.15465222,0.9471711765857886,1.0,False
CG5381,0.066216245,0.110987045,0.9472056638334029,1.0,False
lncRNA:CR42736,0.06597722,0.9117993,0.9473959613160975,1.0,False
lncRNA:CR45566,0.065967165,0.66533595,0.9474039674249191,1.0,False
NimB3,0.06596097,0.53627133,0.9474088942637569,1.0,False
alpha-Est10,0.06595711,0.5496427,0.9474119735390517,1.0,False
CHKov2,0.06581787,0.37417832,0.9475228279724744,1.0,False
PIG-Wa,0.065686755,-0.10622266,0.9476272168260638,1.0,False
CG18528,0.06548718,-0.06747321,0.9477861113194932,1.0,False
CG31769,0.06531739,0.3116881,0.9479212964481492,1.0,False
CG6484,0.06530656,0.12929736,0.9479299187851625,1.0,False
Nepl19,0.06492675,0.07898695,0.948232320311879,1.0,False
asRNA:CR45041,0.06472021,0.7376321,0.9483967658228738,1.0,False
CG4914,0.06470784,0.6127247,0.9484066203053965,1.0,False
CG31029,0.06468038,0.12462779,0.9484284849666726,1.0,False
Mt2,0.06465795,-0.029772433,0.9484463462680855,1.0,False
CG3984,0.06452683,0.19500943,0.9485507430132478,1.0,False
CG6660,0.06449589,-0.032238815,0.9485753795421646,1.0,False
asRNA:CR45925,0.06448274,-0.027059594,0.9485858500818434,1.0,False
Argp,0.064310625,-0.14321476,0.948722891786709,1.0,False
CG5731,0.064237915,18.608076,0.9487807885135502,1.0,False
CG42246,0.064237915,19.221596,0.9487807885135502,1.0,False
CG15034,0.064237915,18.276373,0.9487807885135502,1.0,False
CG32219,0.064237915,19.071629,0.9487807885135502,1.0,False
CG10801,0.064237915,18.767523,0.9487807885135502,1.0,False
CG15046,0.064237915,19.006802,0.9487807885135502,1.0,False
lncRNA:CR32657,0.06406193,0.1884329,0.9489209120296292,1.0,False
TwdlE,0.06391999,0.25101903,0.9490339358849782,1.0,False
link,0.063873574,0.10925388,0.9490708921365579,1.0,False
dec2,0.063612506,5.316505,0.9492787730907903,1.0,False
Cpr78Ca,0.063610956,3.8196795,0.9492800049882304,1.0,False
Hao,0.06361019,4.018087,0.9492806209369958,1.0,False
alpha-Est2,0.06361019,3.7834623,0.9492806209369958,1.0,False
CG15333,0.063607864,2.8911176,0.9492824687834741,1.0,False
28SrRNA-Psi:CR45853,0.06360632,2.6560657,0.9492837006812778,1.0,False
CG11550,0.06360632,2.441387,0.9492837006812778,1.0,False
snoRNA:CD54b,0.06360555,2.4241948,0.9492843166302251,1.0,False
CG11342,0.063535154,0.021143047,0.9493403681112429,1.0,False
Nepl20,0.06347095,0.5181018,0.9493914922081366,1.0,False
CG5853,0.06344697,0.3867798,0.9494105868037982,1.0,False
soti,0.06329303,0.27959988,0.949533162480203,1.0,False
CG11147,0.06317081,-0.040727958,0.9496304847221873,1.0,False
Gsc,0.06304859,0.013735666,0.9497278077155703,1.0,False
lncRNA:CR42868,0.062982455,2.365387,0.9497804733191044,1.0,False
Nepl13,0.06298169,2.1942937,0.9497810892923739,1.0,False
Grl36b,0.06297936,2.4946027,0.9497829372123625,1.0,False
CG31752,0.06297936,1.9492618,0.9497829372123625,1.0,False
CG42544,0.062977046,1.620477,0.9497847851326213,1.0,False
asRNA:CR45028,0.062977046,1.9434539,0.9497847851326213,1.0,False
CkIIalpha,0.0628498,-0.060070146,0.949886113173277,1.0,False
LManI,0.062828526,0.5176989,0.9499030525904847,1.0,False
DNaseII,0.0628262,-0.067783274,0.949904900528277,1.0,False
ldbr,0.06253535,-0.21379046,0.9501365108613218,1.0,False
cana,0.0625338,-0.022560295,0.9501377428424592,1.0,False
lncRNA:CR45029,0.06235937,2.733318,0.9502766494793164,1.0,False
asRNA:CR45518,0.06235705,2.037685,0.9502784974713754,1.0,False
nullo,0.062353183,1.9579957,0.9502815774587344,1.0,False
CG16965,0.062353183,1.9488308,0.9502815774587344,1.0,False
Cpr72Ea,0.062351637,1.9715865,0.9502828094538861,1.0,False
Act57B,0.062351637,2.067647,0.9502828094538861,1.0,False
CG16824,0.06235086,1.8904395,0.9502834254515065,1.0,False
His1:CG33834,0.062349316,1.5390301,0.9502846574468364,1.0,False
CG15927,0.06234854,1.6615899,0.9502852734445459,1.0,False
mthl3,0.062347766,1.465291,0.9502858894422851,1.0,False
CG46304,0.062347766,2.0127409,0.9502858894422851,1.0,False
CG13950,0.062346995,1.4725045,0.9502865054400541,1.0,False
Desat2,0.06234622,1.4038695,0.9502871214378527,1.0,False
Psf1,0.062344674,1.162005,0.9502883534335391,1.0,False
fand,0.062299035,-0.12287061,0.9503246973597336,1.0,False
CG8136,0.06216057,-0.41010338,0.9504349617678339,1.0,False
CG18628,0.062012825,-0.009031233,0.9505526192498571,1.0,False
Hsl,0.061946686,-0.21464379,0.950605288262717,1.0,False
CG30110,0.061727773,1.7441616,0.950779621153128,1.0,False
snoRNA:Psi28S-1060,0.06172313,1.5078999,0.9507833172823433,1.0,False
Nepl6,0.06172313,1.7293383,0.9507833172823433,1.0,False
CG34266,0.06171772,1.14462,0.9507876294344327,1.0,False
lncRNA:CR46111,0.061715398,1.1374394,0.950789477500055,1.0,False
CG7457,0.061595887,0.6806555,0.950884653237189,1.0,False
Alp6,0.06135454,0.33782184,0.9510768549186648,1.0,False
tj,0.061305422,0.013333165,0.9511159732380255,1.0,False
CG43218,0.061294593,-0.1022041,0.9511245977652325,1.0,False
lncRNA:CR45471,0.061156902,0.21640201,0.9512342529670679,1.0,False
CG5023,0.061100047,1.5726994,0.9512795322103389,1.0,False
CG34423,0.061099272,1.6846647,0.9512801482555499,1.0,False
asRNA:CR46058,0.061084576,0.9909745,0.9512918531200915,1.0,False
lft,0.060990203,0.7200161,0.951367010921617,1.0,False
mIF2,0.060906276,-0.15381302,0.9514338524446282,1.0,False
CG13877,0.06060034,0.15471531,0.9516775034661371,1.0,False
snoRNA:Psi18S-531,0.060466904,1.1943175,0.9517837749232495,1.0,False
CG31797,0.060466904,1.1651151,0.9517837749232495,1.0,False
EB-SUN,0.060464583,1.0814486,0.9517856231300948,1.0,False
fs(1)M3,0.060460716,0.97935086,0.9517887034754134,1.0,False
Tpc2,0.060451433,0.8037012,0.9517960963071167,1.0,False
Cpr5C,0.060448337,0.5301893,0.951798560585273,1.0,False
CG13360,0.060228266,0.09386671,0.9519738335499448,1.0,False
Ance-5,0.060152072,0.23784584,0.9520345173502005,1.0,False
mt:tRNA:Arg-TCG,0.05984459,1.3061764,0.9522794116507024,1.0,False
CG32192,0.059838403,0.9773673,0.9522843403873642,1.0,False
Lip4,0.059834532,0.9064839,0.9522874208487047,1.0,False
can,0.05983376,0.95398206,0.9522880369410582,1.0,False
Cdk2,0.05963535,-0.15292802,0.9524460655704274,1.0,False
uncNacbeta,0.05949031,0.31624213,0.952561584757724,1.0,False
Sec8,0.059258632,-0.12564173,0.9527461094728961,1.0,False
NimB1,0.05920526,0.88438976,0.9527886213693539,1.0,False
lncRNA:CR42767,0.05919907,0.8427617,0.9527935502935783,1.0,False
CG14857,0.059196748,0.7028954,0.9527953986406279,1.0,False
lncRNA:CR44492,0.059178185,0.3877304,0.9528101854261654,1.0,False
lncRNA:CR45531,0.059169676,0.118401624,0.9528169627082996,1.0,False
CG15293,0.05902541,0.2928504,0.9529318689652578,1.0,False
CG9777,0.05896469,-0.124269605,0.9529802346262057,1.0,False
dmrt11E,0.058578305,0.7200794,0.9532879921486648,1.0,False
CG10710,0.058530346,-0.15596953,0.9533261927684853,1.0,False
mthl10,0.058519516,0.070887245,0.9533348187297402,1.0,False
Sdr,0.057985384,0.011739574,0.9537602702253638,1.0,False
Obp57e,0.057948254,0.6447241,0.9537898459110834,1.0,False
CG5921,0.057945933,0.7289339,0.9537916943935542,1.0,False
asRNA:CR45275,0.05794052,0.53425956,0.9537960075202859,1.0,False
ihog,0.057928916,0.3816639,0.9538052499392677,1.0,False
lncRNA:CR43978,0.057902616,-0.053665347,0.9538261994452907,1.0,False
Vti1a,0.057825264,-0.16519278,0.9538878158243278,1.0,False
Rcd6,0.05777653,0.2292922,0.9539266342846573,1.0,False
CG42741,0.057422247,0.14822195,0.9542088416093559,1.0,False
CG10927,0.05740987,-0.17308132,0.9542187004845158,1.0,False
Cpr11B,0.057305057,0.45547882,0.9543021931142416,1.0,False
asRNA:CR43468,0.05730196,-0.0012569414,0.9543046578489435,1.0,False
G6pd,0.057158858,0.3528644,0.9544186523060108,1.0,False
CG30099,0.057148412,0.27147007,0.9544269708569779,1.0,False
tst,0.056743853,-0.13270237,0.954749241496157,1.0,False
lncRNA:CR45950,0.056690477,0.7506873,0.9547917595910164,1.0,False
asRNA:CR44067,0.05667578,0.394177,0.954803467494805,1.0,False
CG9876,0.056665726,0.48015875,0.9548114781714377,1.0,False
lncRNA:CR45559,0.05666495,0.2772496,0.9548120943775216,1.0,False
lncRNA:CR45284,0.056661084,0.10315566,0.9548151754083463,1.0,False
lncRNA:CR45938,0.056496706,0.07551267,0.9549461198419464,1.0,False
OS9,0.056208175,19.074085,0.9551759687744783,1.0,False
mthl4,0.056208175,18.502716,0.9551759687744783,1.0,False
asRNA:CR44704,0.056208175,18.834276,0.9551759687744783,1.0,False
Sfp78E,0.056208175,18.031696,0.9551759687744783,1.0,False
lncRNA:CR44602,0.056208175,18.311693,0.9551759687744783,1.0,False
lncRNA:CR44713,0.056208175,17.715336,0.9551759687744783,1.0,False
asRNA:Eig63F-2,0.056208175,18.942696,0.9551759687744783,1.0,False
CG9411,0.056208175,18.985329,0.9551759687744783,1.0,False
CG9568,0.056208175,18.312986,0.9551759687744783,1.0,False
Mal-B1,0.056208175,18.535364,0.9551759687744783,1.0,False
CG10734,0.056208175,18.992413,0.9551759687744783,1.0,False
asRNA:CR43723,0.056208175,18.320267,0.9551759687744783,1.0,False
CG17650,0.056166403,0.0991307,0.9552092448005983,1.0,False
CG4630,0.056142423,0.054166302,0.9552283477397593,1.0,False
lncRNA:CR30009,0.056102972,0.052266393,0.9552597752117519,1.0,False
CG43114,0.05607087,0.66878396,0.9552853485981365,1.0,False
mcw,0.056067392,0.6319832,0.955288121618704,1.0,False
CG8888,0.0560496,0.634771,0.9553022948433895,1.0,False
Tgt,0.05585428,-0.27176762,0.9554578931296576,1.0,False
CG9663,0.055695318,0.09152193,0.9555845298198187,1.0,False
lncRNA:CR44330,0.05566283,0.09051818,0.9556104119091862,1.0,False
GstE11,0.055600174,-0.20461263,0.955660327499406,1.0,False
Kaz-m1,0.055581607,3.443686,0.9556751173373195,1.0,False
CG9308,0.05558006,3.1562335,0.9556763498245011,1.0,False
CG14143,0.055579286,2.9163382,0.9556769660681318,1.0,False
lncRNA:CR34044,0.055579286,2.7710257,0.9556769660681318,1.0,False
lncRNA:CR44564,0.055579286,3.3692667,0.9556769660681318,1.0,False
lncRNA:CR43406,0.055579286,2.7872183,0.9556769660681318,1.0,False
lncRNA:CR44899,0.05557851,3.1215842,0.9556775823117889,1.0,False
CG34453,0.05557774,1.8998299,0.9556781985554724,1.0,False
CG12708,0.05557774,2.4083536,0.9556781985554724,1.0,False
Obp99a,0.05557774,2.752352,0.9556781985554724,1.0,False
CG17855,0.05557774,2.9285028,0.9556781985554724,1.0,False
lncRNA:CR45610,0.05557774,2.2201042,0.9556781985554724,1.0,False
CG6052,0.055576194,1.521223,0.9556794310429191,1.0,False
Idgf2,0.055523206,0.1109355,0.9557216438019175,1.0,False
CG42493,0.05543502,0.5795021,0.9557918959680746,1.0,False
Rbf2,0.055400986,0.1914881,0.9558190109311079,1.0,False
CG11164,0.055210307,-0.23737082,0.9559709172936846,1.0,False
mus302,0.055195224,-0.16784444,0.9559829342953621,1.0,False
pip,0.054955814,3.110581,0.9561736670187464,1.0,False
snoRNA:Psi28S-1175a,0.054953493,2.4858706,0.9561755158135002,1.0,False
Targ,0.05495272,2.1904933,0.9561761320784706,1.0,False
TpnC25D,0.054951172,1.9400678,0.9561773646084899,1.0,False
snoRNA:lola-d,0.054951172,2.0404594,0.9561773646084899,1.0,False
lncRNA:CR45551,0.054950397,1.9303265,0.9561779808735389,1.0,False
CG32500,0.054949623,1.957785,0.956178597138614,1.0,False
lncRNA:CR44908,0.054949623,2.2814965,0.956178597138614,1.0,False
CG17687,0.05494885,1.8470587,0.9561792134037154,1.0,False
mt:tRNA:Leu-TAG,0.054948077,1.9323393,0.9561798296688429,1.0,False
asRNA:CR45827,0.054945756,1.2876258,0.9561816784643826,1.0,False
GstE6,0.05484597,-0.0050101373,0.9562611768954669,1.0,False
lncRNA:CR44717,0.05475392,0.06858473,0.9563345130432969,1.0,False
Dlic,0.05469165,-0.05997003,0.9563841229999904,1.0,False
Ndf,0.054678112,-0.1616564,0.9563949077955483,1.0,False
lncRNA:CR45805,0.054658,0.3249826,0.9564109309351165,1.0,False
Pus10,0.054502517,-0.09710776,0.9565348027234162,1.0,False
Tsp42Ed,0.05436328,0.04742987,0.9566457335741094,1.0,False
cort,0.054356705,-0.017003633,0.956650971996171,1.0,False
CG33332,0.054343555,-0.23099245,0.9566614488459108,1.0,False
CG32266,0.05432847,2.436838,0.9566734664180669,1.0,False
Ttc30,0.05432615,2.478294,0.9566753152761959,1.0,False
CG6733,0.05432615,2.1448672,0.9566753152761959,1.0,False
CG32507,0.054319963,1.3831061,0.9566802455656793,1.0,False
asRNA:CR45160,0.054319188,1.5472416,0.9566808618519813,1.0,False
CG33641,0.054316096,1.1251261,0.9566833269974481,1.0,False
lncRNA:CR45256,0.054316096,1.1322671,0.9566833269974481,1.0,False
CG5681,0.054313775,0.91700625,0.9566851758568201,1.0,False
CG4496,0.054245703,0.066622205,0.9567394091686974,1.0,False
exp,0.05415404,0.33253923,0.956812439569799,1.0,False
CG34056,0.054136246,0.15420495,0.9568266142888353,1.0,False
tn,0.053929325,0.042187028,0.9569914734357469,1.0,False
Ir56a,0.053918496,-0.24824496,0.9570001016287376,1.0,False
amd,0.053892966,-0.07106704,0.9570204395321481,1.0,False
CG6833,0.05372743,-0.17062983,0.9571523284327077,1.0,False
CG31068,0.053701904,1.9528675,0.9571726665452177,1.0,False
CG33468,0.053691074,1.229471,0.9571812948437972,1.0,False
CG14356,0.053688753,1.1718695,0.9571831437655741,1.0,False
CG11034,0.05368798,1.0036508,0.9571837600728843,1.0,False
lncRNA:CR44781,0.053687207,1.0173148,0.9571843763802201,1.0,False
ppk30,0.053686433,0.99725693,0.9571849926875815,1.0,False
melt,0.053686433,0.86971205,0.9571849926875815,1.0,False
asRNA:CR46044,0.053684887,0.9052387,0.957186225302381,1.0,False
lncRNA:CR44442,0.05368411,0.7804058,0.9571868416098192,1.0,False
lncRNA:CR45880,0.053678695,0.34142712,0.9571911557626027,1.0,False
Ugt35E2,0.053469453,0.022641597,0.9573578679115669,1.0,False
Sema5c,0.053291928,0.22207852,0.957499312768824,1.0,False
LysX,0.053070694,1.8191541,0.9576755814350121,1.0,False
Obsc,0.053070694,1.3601357,0.9576755814350121,1.0,False
CG34431,0.0530676,1.3802305,0.9576780467457378,1.0,False
CG12539,0.053055223,0.8932412,0.9576879079926881,1.0,False
phr6-4,0.053055223,0.73799056,0.9576879079926881,1.0,False
CG34301,0.053049035,0.15230504,0.9576928386185917,1.0,False
CG14196,0.05290825,0.029513713,0.9578050107948161,1.0,False
alpha-Est8,0.052832443,-0.072312534,0.9578654115436194,1.0,False
aft,0.052805368,-0.16495919,0.9578869832982646,1.0,False
Spn27A,0.05278835,-0.08360325,0.9579005427026849,1.0,False
asRNA:CR45136,0.05277675,0.30680582,0.9579097877581374,1.0,False
Cap-D3,0.052774042,-0.15654907,0.9579119449385576,1.0,False
lncRNA:CR45243,0.052439485,1.1551566,0.9581785131720888,1.0,False
asRNA:CR44599,0.052434843,1.0642383,0.9581822112614661,1.0,False
lncRNA:CR44411,0.05242943,0.8271943,0.9581865257002103,1.0,False
CG8046,0.05242943,0.89541245,0.9581865257002103,1.0,False
asRNA:CR44205,0.052428655,0.7786102,0.9581871420487025,1.0,False
lncRNA:CR44217,0.05242711,0.6922013,0.9581883747457615,1.0,False
CG42703,0.05242711,0.77599907,0.9581883747457615,1.0,False
asRNA:CR44321,0.05240777,-0.034387678,0.9582037834674348,1.0,False
CG11837,0.05237683,-0.20693819,0.9582284374545923,1.0,False
asRNA:CR44114,0.052273173,0.3213112,0.9583110286025568,1.0,False
CG9084,0.052200075,-0.010419592,0.9583692741215587,1.0,False
pirk,0.05195525,0.22081798,0.9585643520005609,1.0,False
CG10311,0.051856235,-0.09083851,0.9586432467612448,1.0,False
CG14837,0.051812917,1.1826708,0.9586777633464688,1.0,False
snoRNA:Psi28S-3305a,0.05179899,0.68086845,0.9586888579796038,1.0,False
asRNA:CR44368,0.05179899,0.70190877,0.9586888579796038,1.0,False
Dhc1,0.05179822,0.7616788,0.958689474348346,1.0,False
ppk27,0.05179435,0.5568657,0.9586925561924271,1.0,False
asRNA:CR43464,0.051792804,0.3957573,0.9586937889302324,1.0,False
Gr63a,0.05179203,0.2946462,0.958694405299172,1.0,False
lncRNA:CR44814,0.051616825,0.16124825,0.9588340134995208,1.0,False
RfC3,0.051267184,-0.13087992,0.9591126172980202,1.0,False
CG10657,0.05118944,1.0454795,0.9591745641764233,1.0,False
Arpc3B,0.05118867,1.0995033,0.9591751805645123,1.0,False
Myo61F,0.051183254,0.90433145,0.9591794952818192,1.0,False
Ppm1,0.051183254,0.8800568,0.9591794952818192,1.0,False
resilin,0.051172424,0.60197765,0.9591881247200201,1.0,False
byn,0.051161595,0.4295004,0.9591967541630033,1.0,False
ZnT35C,0.05116005,0.31566566,0.9591979869409627,1.0,False
CG4709,0.05116005,-0.26193613,0.9591979869409627,1.0,False
CG43647,0.05115231,0.2022663,0.959204150832223,1.0,False
lncRNA:CR44471,0.051114798,-0.294544,0.9592340457394284,1.0,False
fu,0.05060078,-0.16199373,0.9596436425432534,1.0,False
CG5509,0.050561327,-0.034917757,0.9596750793083777,1.0,False
snoRNA:Or-ACA9,0.050541215,0.65358466,0.9596911059186551,1.0,False
r-cup,0.05004847,-0.32309598,0.9600837629434882,1.0,False
CG30082,0.049923155,0.73389584,0.9601836238920982,1.0,False
CG17994,0.049913876,0.6017785,0.9601910210242742,1.0,False
Sgp,0.049901497,0.23559552,0.9602008838725068,1.0,False
GstT4,0.049686454,-0.026707364,0.9603722518316266,1.0,False
CG31802,0.0492846,0.50781256,0.9606924929015892,1.0,False
CG18249,0.049278796,0.47224522,0.9606971162552311,1.0,False
asRNA:CR45132,0.04926333,0.27867612,0.9607094452047379,1.0,False
asRNA:ASTR,0.04925559,-0.17968506,0.9607156096830152,1.0,False
lncRNA:CR45217,0.04919796,0.5693433,0.9607615351200854,1.0,False
magu,0.04906414,-0.057741836,0.96086818126789,1.0,False
lncRNA:CR44444,0.04864836,0.36583132,0.96119952852707,1.0,False
CG32115,0.048646815,0.34276456,0.9612007614596552,1.0,False
CG5280,0.04860891,-0.18484743,0.9612309683369713,1.0,False
fsd,0.048503324,-0.16645287,0.9613151163599664,1.0,False
lncRNA:CR46080,0.04822678,-0.09365185,0.9615355060792415,1.0,False
lncRNA:CR44779,0.04821363,-0.11022108,0.9615459862231498,1.0,False
Obp83b,0.048178434,17.645508,0.961574036052767,1.0,False
CG5781,0.048178434,18.79973,0.961574036052767,1.0,False
CG30036,0.048178434,18.110134,0.961574036052767,1.0,False
CG17199,0.048178434,19.019835,0.961574036052767,1.0,False
Sprn,0.048178434,19.019135,0.961574036052767,1.0,False
Muc11A,0.048178434,18.220034,0.961574036052767,1.0,False
Dmel_CG43189,0.048178434,18.73398,0.961574036052767,1.0,False
CG16926,0.048178434,18.560408,0.961574036052767,1.0,False
CG44088,0.048178434,18.870136,0.961574036052767,1.0,False
TotB,0.048178434,18.471693,0.961574036052767,1.0,False
CG8407,0.04813628,-0.15546986,0.9616076342629343,1.0,False
ppk13,0.04802334,0.41170463,0.9616976408131426,1.0,False
PPO1,0.047986984,-0.049400292,0.9617266156284344,1.0,False
CG7069,0.04790847,-0.2532148,0.9617891890721674,1.0,False
Ser,0.04755148,4.1020246,0.9620737008451419,1.0,False
CG17264,0.047550708,3.7175367,0.9620743173439481,1.0,False
conv,0.047550708,2.969598,0.9620743173439481,1.0,False
CG42615,0.047549933,2.6936471,0.9620749338427771,1.0,False
snoRNA:Psi18S-640f,0.047549933,2.3696482,0.9620749338427771,1.0,False
CG14260,0.047549933,3.0066495,0.9620749338427771,1.0,False
CG15147,0.047548387,2.3829288,0.962076166840503,1.0,False
lncRNA:CR43606,0.047548387,2.1880496,0.962076166840503,1.0,False
lncRNA:CR43803,0.047547612,2.1863618,0.9620767833394,1.0,False
lncRNA:CR44642,0.047547612,1.8656946,0.9620767833394,1.0,False
CG43291,0.04754684,1.2835803,0.9620773998383196,1.0,False
Gld,0.047410697,0.5389479,0.9621859040010239,1.0,False
CG16984,0.047373567,0.15316439,0.9622154961670318,1.0,False
lncRNA:CR43716,0.04734108,-0.09615547,0.9622413893549892,1.0,False
CG11626,0.047156975,-0.10554195,0.9623881181715306,1.0,False
Bace,0.04692685,3.4854069,0.9625715309829982,1.0,False
Toll-4,0.046923753,3.0850964,0.9625739970511227,1.0,False
CG2150,0.046923753,2.3023992,0.9625739970511227,1.0,False
lncRNA:CR45401,0.046922978,1.9971313,0.9625746135682098,1.0,False
CG15286,0.046922978,2.3364894,0.9625746135682098,1.0,False
asRNA:CR45968,0.046921432,2.0604467,0.9625758466024511,1.0,False
CG42816,0.046921432,1.9699174,0.9625758466024511,1.0,False
lncRNA:CR43821,0.046921432,2.0695767,0.9625758466024511,1.0,False
COX6CL,0.046919886,1.6401088,0.9625770796367819,1.0,False
asRNA:CR45870,0.046919886,1.6368923,0.9625770796367819,1.0,False
Spc105R,0.046919886,1.2213444,0.9625770796367819,1.0,False
CG13324,0.04691911,1.7513235,0.9625776961539808,1.0,False
Gr47b,0.046917565,1.6297255,0.9625789291884458,1.0,False
lncRNA:CR43992,0.04691679,0.9317195,0.9625795457057119,1.0,False
CG5892,0.046915244,1.0333308,0.9625807787403112,1.0,False
CG31904,0.04681507,0.019377572,0.9626606179209874,1.0,False
blow,0.046764404,0.1454333,0.9627010000430342,1.0,False
slow,0.04669324,0.38382676,0.9627577201317392,1.0,False
IRSp53,0.046501398,-0.14610267,0.962910618700186,1.0,False
CG14834,0.04647394,-0.34570098,0.962932505502156,1.0,False
Mco4,0.046294477,1.8067365,0.9630755410640013,1.0,False
snoRNA:Psi28S-1135a,0.046291385,1.4623333,0.9630780072048122,1.0,False
CG17781,0.04629061,1.2747624,0.9630786237400701,1.0,False
lncRNA:CR45595,0.04629061,1.2972816,0.9630786237400701,1.0,False
CG43074,0.04629061,1.4230211,0.9630786237400701,1.0,False
lncRNA:CR44754,0.046289835,1.3005824,0.9630792402753502,1.0,False
CG12347,0.046289835,1.2443438,0.9630792402753502,1.0,False
CtsL4,0.046289835,1.3628278,0.9630792402753502,1.0,False
Pig1,0.04628829,1.0283774,0.9630804733459764,1.0,False
CG5386,0.046287514,0.97555715,0.9630810898813226,1.0,False
lncRNA:CR43899,0.046284422,0.58108187,0.9630835560229283,1.0,False
Ccdc39,0.046281327,-0.02966021,0.9630860221648871,1.0,False
t-Grip128,0.046244197,-0.09267177,0.9631156158959326,1.0,False
lncRNA:CR45231,0.046105735,0.13474177,0.9632259762990355,1.0,False
lncRNA:CR44365,0.046098772,0.045326464,0.963231525164739,1.0,False
rempA,0.045920856,0.03951743,0.9633733301140179,1.0,False
jbug,0.045736756,-0.19677155,0.9635200686289992,1.0,False
lncRNA:CR42715,0.045670617,1.7787989,0.9635727838176095,1.0,False
CG10041,0.04566907,1.5805916,0.9635740169233434,1.0,False
lncRNA:CR44660,0.04566211,1.1106945,0.9635795659002242,1.0,False
asRNA:CR43979,0.04566211,1.2095296,0.9635795659002242,1.0,False
lncRNA:CR30121,0.04566211,1.2376244,0.9635795659002242,1.0,False
CG14418,0.04566211,1.1579207,0.9635795659002242,1.0,False
snoRNA:Psi28S-3091a,0.04566056,1.1982194,0.9635807990064373,1.0,False
CG44259,0.045659788,0.8200352,0.9635814155595765,1.0,False
CG1631,0.045659013,0.8776203,0.9635820321127375,1.0,False
lncRNA:CR45761,0.04565824,0.89051473,0.9635826486659202,1.0,False
CG14759,0.04565592,0.7501429,0.9635844983255991,1.0,False
ODA-Dnal1,0.0456536,0.66470397,0.963586347985474,1.0,False
asRNA:CR44116,0.045531765,0.5474169,0.96368345540387,1.0,False
CG15199,0.045045983,1.7986848,0.964070657309211,1.0,False
Cht9,0.04504521,1.7047132,0.9640712738795356,1.0,False
BomS4,0.045044437,1.3118277,0.9640718904498816,1.0,False
CG43191,0.045032833,0.9616431,0.9640811390076501,1.0,False
CG13527,0.045027416,0.30530304,0.9640854550029293,1.0,False
Ama,0.045026645,0.76850057,0.9640860715737694,1.0,False
CG7912,0.045024324,0.3843739,0.9640879212864184,1.0,False
lncRNA:CR45431,0.045015816,-0.051105306,0.9640947035677851,1.0,False
CG4281,0.044940393,-0.15247765,0.9641548193570418,1.0,False
CG14556,0.044881992,0.37089798,0.9642013706979516,1.0,False
Mpcp1,0.04485028,0.09564303,0.9642266502852085,1.0,False
Prip,0.044665013,0.162999,0.964374320787015,1.0,False
CG13461,0.044411294,1.1298138,0.964576560449645,1.0,False
snoRNA:Psi18S-920,0.044401236,0.7720545,0.9645845760930658,1.0,False
asRNA:CR46128,0.044400465,0.77338153,0.9645851926811695,1.0,False
Ssl2,0.044394273,0.53084767,0.9645901253867615,1.0,False
CG31759,0.044374935,-0.09266919,0.9646055401004697,1.0,False
Idgf1,0.044327363,0.72432667,0.9646434603524762,1.0,False
CG4653,0.044249237,0.2572688,0.9647057360617507,1.0,False
CG6125,0.0442415,0.22305988,0.9647119019852796,1.0,False
CG15767,0.044222936,0.15516157,0.9647267002103574,1.0,False
NimB2,0.044074804,0.16652833,0.9648447781494277,1.0,False
lncRNA:CR46258,0.04394949,-0.16032532,0.9649446671385647,1.0,False
CG32161,0.04377351,0.6921228,0.9650849442708409,1.0,False
ftz,0.04377119,0.6351462,0.965086794086407,1.0,False
CG9449,0.043768868,0.6379617,0.9650886439021609,1.0,False
CG33655,0.043766934,0.3543653,0.9650901854154327,1.0,False
PGRP-LF,0.043765772,0.6286145,0.9650911103234583,1.0,False
Rpn12R,0.04376036,0.25640512,0.9650954265615326,1.0,False
snoRNA:gcl-a,0.04376036,0.2479135,0.9650954265615326,1.0,False
CG13482,0.043756876,-0.08875384,0.965098201286549,1.0,False
Lapsyn,0.04327883,0.039732717,0.9654792675221796,1.0,False
snoRNA:SC35-b,0.043166667,1.2929673,0.9655686774119228,1.0,False
Est-Q,0.043155834,0.8697208,0.9655773101138666,1.0,False
mthl2,0.043155834,0.8959001,0.9655773101138666,1.0,False
CG15130,0.043154288,0.8890207,0.9655785433573308,1.0,False
Osi4,0.043149646,0.74550277,0.9655822430882175,1.0,False
CG31664,0.0431481,0.5811709,0.9655834763320111,1.0,False
CG14565,0.043135725,0.35794392,0.9655933422853229,1.0,False
Cnb,0.043131083,0.15991177,0.9655970420191728,1.0,False
yellow-b,0.042935763,-0.030868342,0.9657527398224424,1.0,False
lncRNA:CR45921,0.04252656,0.8310315,0.9660789386543964,1.0,False
Whamy,0.042518824,0.5378529,0.9660851050387627,1.0,False
AstCC,0.04251341,0.1817661,0.9660894215090258,1.0,False
CG10962,0.042507995,0.30143014,0.9660937379802825,1.0,False
CG3038,0.042507224,0.1894591,0.9660943546191146,1.0,False
CG3288,0.04249871,0.16100077,0.9661011376476055,1.0,False
lncRNA:CR44332,0.042443406,-0.07088291,0.9661452273925634,1.0,False
CG14662,0.042374946,0.2821588,0.966199800157267,1.0,False
Pdss2,0.042284828,-0.1831412,0.9662716391227497,1.0,False
muskelin,0.042275548,-0.15377718,0.9662790388600769,1.0,False
CG6865,0.041887227,0.5988351,0.9665885971321305,1.0,False
CG11997,0.04186944,0.1760747,0.9666027802018377,1.0,False
Est17,0.041863248,0.113801174,0.9666077134459516,1.0,False
Xkr,0.04185861,0.08906934,0.9666114133798759,1.0,False
CG6749,0.041692685,0.04808761,0.9667436864892515,1.0,False
CG5906,0.041671023,-0.05410482,0.9667609529767205,1.0,False
for,0.04161881,0.041617658,0.9668025776087785,1.0,False
CG44521,0.041508194,-0.0015778131,0.9668907604612785,1.0,False
snoRNA:Psi28S-3305c,0.04126569,0.519422,0.9670840858224652,1.0,False
lncRNA:CR44525,0.041261822,0.54733956,0.9670871691772631,1.0,False
ms(3)76Cc,0.04123552,0.10446356,0.9671081360029359,1.0,False
CG34195,0.041109435,0.24804932,0.9672086537474576,1.0,False
CG43245,0.04102357,-0.14991385,0.9672771047797656,1.0,False
CG5160,0.04088859,-0.1845151,0.9673847152232351,1.0,False
elg1,0.04062094,0.26077822,0.9675980878283555,1.0,False
CG8738,0.040599283,0.07681948,0.9676153550772558,1.0,False
CG13258,0.040599283,0.11998691,0.9676153550772558,1.0,False
OdsH,0.040382307,-0.11747474,0.9677883367466109,1.0,False
Hira,0.040338602,-0.18450001,0.9678231799403179,1.0,False
lncRNA:CR45959,0.040148698,18.681122,0.9679745789546667,1.0,False
Tim10,0.040148698,17.77436,0.9679745789546667,1.0,False
vanin-like,0.040148698,18.428911,0.9679745789546667,1.0,False
lncRNA:CR43681,0.040148698,16.975155,0.9679745789546667,1.0,False
5.8SrRNA-Psi:CR45857,0.040148698,18.245083,0.9679745789546667,1.0,False
lncRNA:CR45881,0.040148698,17.141153,0.9679745789546667,1.0,False
His1:CG33807,0.040148698,18.451904,0.9679745789546667,1.0,False
mir-4974,0.040148698,17.736963,0.9679745789546667,1.0,False
CG42751,0.040148698,18.375599,0.9679745789546667,1.0,False
CG12645,0.040148698,18.39828,0.9679745789546667,1.0,False
CG42714,0.040148698,18.860262,0.9679745789546667,1.0,False
dmGlut,0.040148698,18.64541,0.9679745789546667,1.0,False
CG6481,0.040148698,18.351856,0.9679745789546667,1.0,False
5.8SrRNA-Psi:CR45849,0.040148698,18.50983,0.9679745789546667,1.0,False
asRNA:CR45601,0.040148698,18.734169,0.9679745789546667,1.0,False
Cyp309a2,0.040148698,17.464872,0.9679745789546667,1.0,False
PH4alphaMP,0.040148698,18.452354,0.9679745789546667,1.0,False
robls54B,0.040148698,17.810123,0.9679745789546667,1.0,False
CG11854,0.040148698,18.232578,0.9679745789546667,1.0,False
dtr,0.040148698,18.11797,0.9679745789546667,1.0,False
CG13558,0.040148698,18.111795,0.9679745789546667,1.0,False
CG16837,0.040148698,17.739939,0.9679745789546667,1.0,False
CG7255,0.040148698,18.009165,0.9679745789546667,1.0,False
lncRNA:CR45306,0.040148698,18.569214,0.9679745789546667,1.0,False
CG42828,0.040148698,17.783432,0.9679745789546667,1.0,False
ec,0.04002725,0.7468507,0.9680714009257522,1.0,False
Obp83cd,0.039983932,0.23738843,0.9681059362650627,1.0,False
RhoU,0.039973103,0.24232747,0.9681145701092392,1.0,False
Tasp1,0.039951444,-0.21668652,0.9681318378088036,1.0,False
NijA,0.039894976,0.34739798,0.9681768572386218,1.0,False
CG18281,0.039760765,-0.1072986,0.9682838558792137,1.0,False
mthl11,0.03952213,3.72355,0.9684741113552005,1.0,False
BaraB,0.03952213,3.2798212,0.9684741113552005,1.0,False
mElo,0.03952213,4.5230036,0.9684741113552005,1.0,False
snoRNA:Psi28S-1192b,0.03952213,3.663428,0.9684741113552005,1.0,False
lncRNA:CR44636,0.03952213,3.4083397,0.9684741113552005,1.0,False
lncRNA:CR44826,0.03952213,3.0758102,0.9684741113552005,1.0,False
spo,0.03952058,2.6550229,0.9684753447839253,1.0,False
CG15594,0.03952058,2.4980607,0.9684753447839253,1.0,False
CG4115,0.03951981,2.5249436,0.968475961498316,1.0,False
CG4763,0.03951981,2.4129636,0.968475961498316,1.0,False
CG42568,0.039519034,2.3888469,0.9684765782127256,1.0,False
whip,0.039519034,1.975113,0.9684765782127256,1.0,False
lncRNA:CR45976,0.03951826,1.8630912,0.9684771949271539,1.0,False
lncRNA:CR45670,0.03951826,2.0073776,0.9684771949271539,1.0,False
gwl,0.03951826,2.102238,0.9684771949271539,1.0,False
CG43055,0.03951826,1.8436854,0.9684771949271539,1.0,False
Osi20,0.03951749,1.0139933,0.9684778116416012,1.0,False
Mco3,0.03951749,1.5735028,0.9684778116416012,1.0,False
CG42237,0.03951749,1.0387889,0.9684778116416012,1.0,False
CG6333,0.03951749,1.3358955,0.9684778116416012,1.0,False
Acp33A,0.03951749,1.3267568,0.9684778116416012,1.0,False
CG31704,0.03951749,1.6399801,0.9684778116416012,1.0,False
CG6426,0.03936858,0.3707032,0.9685965295233644,1.0,False
asRNA:CR17025,0.03933764,-0.09421842,0.9686211982615394,1.0,False
CG4927,0.03932913,0.08028916,0.9686279821698024,1.0,False
cv-2,0.03919608,-0.16944604,0.9687340581212482,1.0,False
mth,0.039187185,0.13303173,0.96874115042845,1.0,False
JMJD4,0.03910983,-0.15613167,0.9688028227691491,1.0,False
Cda4,0.038892467,2.2890635,0.9689761230440844,1.0,False
CG7992,0.03889169,2.1629882,0.9689767397736625,1.0,False
lncRNA:CR44185,0.03889092,1.8379343,0.9689773565032591,1.0,False
lncRNA:CR44977,0.03889092,1.5082852,0.9689773565032591,1.0,False
AttA,0.03889092,1.9788612,0.9689773565032591,1.0,False
CG12446,0.038890146,1.2497673,0.9689779732328743,1.0,False
CG13891,0.038890146,1.7257507,0.9689779732328743,1.0,False
lncRNA:CR43970,0.03888937,1.4425657,0.968978589962508,1.0,False
dib,0.03888937,1.3213117,0.968978589962508,1.0,False
CG43703,0.0388886,0.7008384,0.9689792066921602,1.0,False
CG16713,0.0388886,1.258761,0.9689792066921602,1.0,False
CG12715,0.0388886,1.1113377,0.9689792066921602,1.0,False
CG31220,0.038887825,1.1488466,0.9689798234218311,1.0,False
asRNA:CR45142,0.038887825,1.2131895,0.9689798234218311,1.0,False
asRNA:CR44115,0.03888705,0.663567,0.9689804401515204,1.0,False
lncRNA:CR44447,0.03888705,0.9438357,0.9689804401515204,1.0,False
CG43919,0.03888628,0.9539699,0.9689810568812284,1.0,False
CG4325,0.038885504,0.49389207,0.9689816736109549,1.0,False
CG6472,0.03880699,-0.2653443,0.9690442717746285,1.0,False
CG45067,0.03872925,0.2592029,0.9691062533955483,1.0,False
lncRNA:CR46238,0.038720742,0.042400613,0.969113037464897,1.0,False
CG3597,0.038686704,0.001515316,0.969140173764638,1.0,False
CG33284,0.038685158,-0.27280483,0.9691414072336573,1.0,False
Cyp6a14,0.038521167,-0.089291655,0.9692721553677599,1.0,False
CG11808,0.038330875,-0.121618204,0.9694238735772734,1.0,False
CG13575,0.03827054,2.9458947,0.9694719795823536,1.0,False
lncRNA:CR44363,0.03826899,2.6215806,0.9694732130711248,1.0,False
Or67a,0.03826899,2.1541429,0.9694732130711248,1.0,False
lncRNA:CR45339,0.0382659,2.0314207,0.9694756800488861,1.0,False
CG3517,0.038265124,1.753226,0.9694762967933721,1.0,False
CG13314,0.038264353,1.4894465,0.9694769135378764,1.0,False
Nepl9,0.038263578,1.0350009,0.9694775302823988,1.0,False
ouib,0.038262032,1.4905838,0.9694787637714986,1.0,False
CG32454,0.038261257,1.1157031,0.9694793805160757,1.0,False
lncRNA:CR43989,0.038261257,1.2218145,0.9694793805160757,1.0,False
CG31626,0.038261257,0.9794944,0.9694793805160757,1.0,False
CG7886,0.03825971,1.1635169,0.9694806140052851,1.0,False
CG34026,0.03825971,0.7547184,0.9694806140052851,1.0,False
CG7953,0.038258936,1.0014753,0.9694812307499171,1.0,False
Tdc1,0.038258936,0.5193236,0.9694812307499171,1.0,False
CG8008,0.038258936,0.7129276,0.9694812307499171,1.0,False
lncRNA:CR44775,0.03825816,0.9371236,0.9694818474945673,1.0,False
asRNA:CR45834,0.03825816,0.43637207,0.9694818474945673,1.0,False
CG15239,0.03825739,0.76673746,0.9694824642392358,1.0,False
CG7634,0.03825739,0.6013281,0.9694824642392358,1.0,False
lncRNA:CR44991,0.03825739,0.83217245,0.9694824642392358,1.0,False
CG33477,0.03825507,0.46950474,0.9694843144733509,1.0,False
Gldc,0.038138263,0.5151621,0.9695774431357972,1.0,False
dimm,0.037983555,0.48554528,0.9697007929960128,1.0,False
CG17637,0.03794952,-0.13421331,0.969727930062638,1.0,False
CG12182,0.037943717,-0.14985909,0.9697325557024921,1.0,False
CG2641,0.037913162,0.05206016,0.9697569174225229,1.0,False
Vps36,0.037904654,-0.15453131,0.969763701704012,1.0,False
eIF4E6,0.03787371,-0.014643641,0.9697883718369597,1.0,False
rngo,0.03779056,-0.21535738,0.9698546729624434,1.0,False
CG32695,0.037638556,1.3096095,0.9699758657904549,1.0,False
CG15124,0.037636235,1.5584489,0.969977716068019,1.0,False
asRNA:CR44083,0.037636235,1.2535325,0.969977716068019,1.0,False
CG13053,0.03763237,1.2173325,0.9699807998643183,1.0,False
CG13501,0.037631594,0.60533655,0.969981416623632,1.0,False
kipf,0.037631594,0.9663671,0.969981416623632,1.0,False
betaNACtes6,0.037630823,0.88488,0.9699820333829636,1.0,False
lncRNA:CR46352,0.037630048,0.5903087,0.9699826501423133,1.0,False
RnrS,0.0376285,0.7817136,0.9699838836610664,1.0,False
asRNA:CR44996,0.037627727,0.7239553,0.9699845004204699,1.0,False
knon,0.03762618,0.5362615,0.9699857339393307,1.0,False
Orc2,0.037625406,0.48813015,0.969986350698788,1.0,False
Cc2d2a,0.037625406,0.36706018,0.969986350698788,1.0,False
CG7715,0.03762386,0.2282949,0.9699875842177565,1.0,False
snoRNA:2R:9445205,0.037452135,-0.02703758,0.9701245052688977,1.0,False
Idgf5,0.03743589,-0.058807485,0.9701374573058754,1.0,False
asRNA:CR43683,0.037435114,-0.07598212,0.9701380740697375,1.0,False
CG16736,0.03739257,-0.5061297,0.9701719961096467,1.0,False
ry,0.03718913,0.15378606,0.9703342058817843,1.0,False
CysRS-m,0.037056856,-0.2741962,0.9704396737308348,1.0,False
Adck5,0.037034422,-0.19607083,0.970457560142522,1.0,False
lncRNA:CR45539,0.037009668,0.9307121,0.9704772968899044,1.0,False
CG30046,0.03700812,1.0261827,0.9704785304372162,1.0,False
lncRNA:CR44060,0.037006576,1.0281668,0.9704797639845987,1.0,False
CG14221,0.037004255,1.0098776,0.9704816143058048,1.0,False
CG43071,0.037004255,0.8314113,0.9704816143058048,1.0,False
Spn31A,0.03700348,0.7857934,0.9704822310795755,1.0,False
lncRNA:CR43436,0.03700348,0.8911792,0.9704822310795755,1.0,False
CG2533,0.037002705,0.81109565,0.9704828478533639,1.0,False
Rtnl2,0.037001934,0.7997869,0.97048346462717,1.0,False
lncRNA:CR44188,0.03699884,0.69302064,0.9704859317225705,1.0,False
CG14763,0.036993425,-0.08874643,0.970490249140201,1.0,False
CG4462,0.03698917,-0.048054032,0.9704936413975175,1.0,False
Jhbp14,0.036830593,0.051902656,0.9706200804595504,1.0,False
CG43229,0.03680816,-0.042553376,0.9706379670207038,1.0,False
lncRNA:CR43951,0.036649197,0.05171624,0.970764715316319,1.0,False
CG9270,0.036383875,1.0944502,0.9709762725089285,1.0,False
lncRNA:CR45953,0.03637846,1.1099683,0.9709805900239707,1.0,False
asRNA:CR45926,0.036377687,0.9677586,0.9709812068119034,1.0,False
lncRNA:CR42719,0.036375366,1.0083311,0.9709830571758054,1.0,False
CG30484,0.03637459,0.60718435,0.9709836739638074,1.0,False
asRNA:CR43466,0.036368404,0.40087014,0.9709886082684482,1.0,False
CG32845,0.036363762,0.23202986,0.9709923089976578,1.0,False
Hil,0.036229167,0.32316995,0.9710996304161038,1.0,False
CG13085,0.036218338,0.16016655,0.9711082654955339,1.0,False
edl,0.036180433,0.366288,0.9711384883002044,1.0,False
snoRNA:CD78,0.036087222,0.2841929,0.971212811904215,1.0,False
CG13203,0.03604893,0.05296643,0.9712433432497124,1.0,False
CG14984,0.035792116,-0.05690372,0.9714481202297758,1.0,False
Unc-115b,0.035758853,1.1024767,0.9714746426874536,1.0,False
CG8563,0.035748024,0.7728735,0.9714832779130415,1.0,False
Gr39a,0.035739515,0.47907218,0.9714900627354913,1.0,False
CG15109,0.035739515,0.22805749,0.9714900627354913,1.0,False
lncRNA:CR46110,0.035726365,-0.06745218,0.9715005483742449,1.0,False
CG15071,0.035560828,0.050761126,0.9716325444828071,1.0,False
Fam92,0.035397995,-0.11483063,0.9717623825345886,1.0,False
CG5096,0.035217762,-0.017452173,0.9719060996354183,1.0,False
Gpa2,0.035092834,-0.17734653,0.9720057152430215,1.0,False
CG14212,0.035092834,-0.13194175,0.9720057152430215,1.0,False
Spn75F,0.03494818,0.15768729,0.9721210601762673,1.0,False
CG17261,0.03493271,0.0014601497,0.9721333965673239,1.0,False
lncRNA:CR46016,0.034913372,-0.038687434,0.9721488170655199,1.0,False
CG11858,0.03485729,-0.16115963,0.9721935365691445,1.0,False
asRNA:CR43787,0.034744356,-0.06332371,0.9722835926622732,1.0,False
Ror,0.034674734,-0.14922029,0.972339106868414,1.0,False
nopo,0.034561027,-0.17279495,0.9724297803598553,1.0,False
CG17177,0.03449953,0.76343095,0.9724788182129551,1.0,False
Dlish,0.03449102,0.81477755,0.9724856033329025,1.0,False
Cyp4d8,0.03448715,0.36019292,0.9724886874789914,1.0,False
CG13559,0.03448406,0.36974347,0.9724911547961588,1.0,False
lncRNA:CR45563,0.034479417,0.41487482,0.9724948557724035,1.0,False
dgt5,0.034478642,0.17778957,0.9724954726018351,1.0,False
asRNA:CR44390,0.03445389,-0.474588,0.9725152111523334,1.0,False
MED27,0.034154143,-0.25034615,0.9727542339948899,1.0,False
qsm,0.03386909,0.68354356,0.9729815392780716,1.0,False
asRNA:CR45535,0.033867545,0.47383213,0.9729827729626821,1.0,False
snRNA:U6atac,0.033847433,0.17612208,0.9729988108684982,1.0,False
CG42878,0.03382887,-0.283372,0.9730136150989418,1.0,False
CG33270,0.03382268,-0.33712646,0.9730185498444894,1.0,False
klar,0.033655595,-0.02572942,0.9731517883640814,1.0,False
Slimp,0.033371318,-0.26816165,0.973378480620704,1.0,False
CG8249,0.033251807,0.8487305,0.973473784539099,1.0,False
CG4793,0.03323711,0.63834405,0.9734855047882526,1.0,False
PK1-R,0.033228602,0.33255833,0.9734922901982743,1.0,False
Gas8,0.033207715,0.12293444,0.9735089453037331,1.0,False
CG43996,0.033187605,-0.5435626,0.9735249835643518,1.0,False
drd,0.032923825,0.049942687,0.9737353325094138,1.0,False
CG13659,0.032841444,0.13713661,0.9738010283761042,1.0,False
thoc7,0.032833323,-0.15277846,0.9738075054430165,1.0,False
lncRNA:CR43785,0.03268751,-0.04400964,0.9739237845091195,1.0,False
Klp67A,0.032612864,0.5164524,0.9739833122032245,1.0,False
jtb,0.032599714,0.3400424,0.9739937989622867,1.0,False
Rab23,0.032597393,0.28192353,0.9739956495672938,1.0,False
CG12589,0.032583468,0.13240206,0.9740067532002757,1.0,False
lncRNA:CR45996,0.032575734,0.022356348,0.9740129218874426,1.0,False
CG12659,0.03238892,-0.1357675,0.9741618961537157,1.0,False
ash2,0.032332454,-0.18926893,0.974206927890117,1.0,False
betaTub85D,0.032183547,0.042087067,0.9743256763560193,1.0,False
snoRNA:Psi28S-3385a,0.032118957,17.888506,0.974377185607956,1.0,False
CG12831,0.032118957,17.219213,0.974377185607956,1.0,False
CG32719,0.032118957,17.370646,0.974377185607956,1.0,False
CG5391,0.032118957,17.73736,0.974377185607956,1.0,False
CG31106,0.032118957,17.880537,0.974377185607956,1.0,False
Eo,0.032118957,17.85096,0.974377185607956,1.0,False
lncRNA:CR44923,0.032118957,17.710308,0.974377185607956,1.0,False
asRNA:CR45130,0.032118957,18.24947,0.974377185607956,1.0,False
lncRNA:CR43626,0.032118957,18.084312,0.974377185607956,1.0,False
lncRNA:CR45435,0.032118957,17.280025,0.974377185607956,1.0,False
Ntf-2r,0.032118957,17.805952,0.974377185607956,1.0,False
Or22c,0.032118957,16.713278,0.974377185607956,1.0,False
Jon99Ciii,0.032118957,17.374763,0.974377185607956,1.0,False
CG17672,0.032118957,18.662256,0.974377185607956,1.0,False
CG14280,0.032118957,17.746796,0.974377185607956,1.0,False
asRNA:CR44968,0.032118957,18.19336,0.974377185607956,1.0,False
CG9184,0.032118957,17.630072,0.974377185607956,1.0,False
CG45061,0.032118957,18.35302,0.974377185607956,1.0,False
Gr47a,0.032118957,18.257994,0.974377185607956,1.0,False
CG17267,0.032118957,17.960192,0.974377185607956,1.0,False
ProtA,0.032118957,17.59051,0.974377185607956,1.0,False
lncRNA:dntRL,0.032118957,18.680342,0.974377185607956,1.0,False
CheB42a,0.032118957,18.31914,0.974377185607956,1.0,False
snoRNA:Psi28S-1232,0.032118957,17.448,0.974377185607956,1.0,False
CG14841,0.032118957,16.929539,0.974377185607956,1.0,False
CG43050,0.032118957,17.842638,0.974377185607956,1.0,False
lncRNA:CR45004,0.032118957,17.925394,0.974377185607956,1.0,False
lncRNA:CR44692,0.032118957,17.910032,0.974377185607956,1.0,False
CG9570,0.032118957,18.556616,0.974377185607956,1.0,False
CG13445,0.032118957,18.308914,0.974377185607956,1.0,False
CG44625,0.032118957,17.279379,0.974377185607956,1.0,False
seq,0.032118957,18.06036,0.974377185607956,1.0,False
Dmel_CR44541,0.032118957,18.16703,0.974377185607956,1.0,False
CG33459,0.032118957,18.162754,0.974377185607956,1.0,False
Gr59c,0.032118957,18.076868,0.974377185607956,1.0,False
Fatp2,0.032118957,18.455288,0.974377185607956,1.0,False
CG32459,0.032118957,17.623598,0.974377185607956,1.0,False
apn,0.032118957,18.257975,0.974377185607956,1.0,False
lncRNA:CR44295,0.032118957,18.080767,0.974377185607956,1.0,False
lncRNA:CR42790,0.032118957,17.253475,0.974377185607956,1.0,False
CG5011,0.032118957,18.066221,0.974377185607956,1.0,False
CG15876,0.032118957,17.780642,0.974377185607956,1.0,False
mt:tRNA:Ile-GAT,0.032118957,18.328476,0.974377185607956,1.0,False
CG16723,0.032118957,18.007383,0.974377185607956,1.0,False
cuff,0.032118957,17.474125,0.974377185607956,1.0,False
CG33673,0.032118957,17.63334,0.974377185607956,1.0,False
CG15125,0.032118957,17.746574,0.974377185607956,1.0,False
Zasp67,0.031987842,0.7477589,0.9744817466334021,1.0,False
Gart,0.03184783,-0.008730285,0.9745934022538533,1.0,False
GstZ1,0.031562395,-0.053926133,0.9748210332077217,1.0,False
FDY,0.031492002,4.653939,0.9748771701545679,1.0,False
asRNA:CR45682,0.031492002,2.7202206,0.9748771701545679,1.0,False
CG13442,0.031492002,3.2069273,0.9748771701545679,1.0,False
CG31087,0.031492002,3.940913,0.9748771701545679,1.0,False
lncRNA:CR45125,0.031492002,3.428728,0.9748771701545679,1.0,False
Alp5,0.031491227,3.5093687,0.9748777870447854,1.0,False
CG14107,0.031491227,2.9993718,0.9748777870447854,1.0,False
TwdlF,0.031491227,2.4767976,0.9748777870447854,1.0,False
lncRNA:CR45833,0.031491227,2.4228544,0.9748777870447854,1.0,False
lncRNA:CR45628,0.031491227,2.2278125,0.9748777870447854,1.0,False
pnr,0.031490456,2.790014,0.9748784039350181,1.0,False
CG13362,0.031490456,2.8113985,0.9748784039350181,1.0,False
CG32568,0.031490456,2.6662045,0.9748784039350181,1.0,False
Ir56d,0.031490456,2.6255274,0.9748784039350181,1.0,False
lncRNA:CR43826,0.03148968,2.1323738,0.9748790208252657,1.0,False
asRNA:CR45974,0.03148968,2.6401038,0.9748790208252657,1.0,False
lncRNA:CR43263,0.03148968,1.8418187,0.9748790208252657,1.0,False
asRNA:CR45205,0.03148968,2.2912753,0.9748790208252657,1.0,False
Qsox3,0.03148968,2.1673036,0.9748790208252657,1.0,False
CG15252,0.03148968,2.19397,0.9748790208252657,1.0,False
CG3108,0.031488907,2.107318,0.9748796377155283,1.0,False
CG14693,0.031488907,2.1183972,0.9748796377155283,1.0,False
CG10853,0.031488907,1.3093388,0.9748796377155283,1.0,False
CG33463,0.031488907,1.973322,0.9748796377155283,1.0,False
CG15153,0.031488907,1.888824,0.9748796377155283,1.0,False
Ir68a,0.031488907,-0.016157053,0.9748796377155283,1.0,False
CG42284,0.031488907,1.6367601,0.9748796377155283,1.0,False
Jhbp15,0.031488907,2.0816655,0.9748796377155283,1.0,False
CG42523,0.031488907,1.6847427,0.9748796377155283,1.0,False
CG16956,0.031488135,1.5303742,0.974880254605806,1.0,False
mir-4969,0.031488135,0.35097834,0.974880254605806,1.0,False
CG42264,0.031488135,-0.037651416,0.974880254605806,1.0,False
fig,0.031488135,0.91218543,0.974880254605806,1.0,False
lncRNA:CR45159,0.031488135,0.18026948,0.974880254605806,1.0,False
lncRNA:CR45695,0.031488135,0.6959694,0.974880254605806,1.0,False
lncRNA:CR45482,0.031488135,0.68158895,0.974880254605806,1.0,False
CG10663,0.031488135,0.563769,0.974880254605806,1.0,False
CG3330,0.031488135,0.8988679,0.974880254605806,1.0,False
Acbp6,0.031488135,1.3996644,0.974880254605806,1.0,False
CG32681,0.031488135,0.17832908,0.974880254605806,1.0,False
CG5612,0.031333428,0.14331824,0.9750036329628674,1.0,False
Prim2,0.03132337,0.1555488,0.9750116525768093,1.0,False
CG3294,0.031310994,-0.24101342,0.9750215228743595,1.0,False
CG15579,0.031203471,0.2334162,0.9751072712451188,1.0,False
CG3699,0.031194963,0.14812702,0.9751140570997064,1.0,False
CG30008,0.031147003,-0.030038947,0.9751523046774186,1.0,False
lncRNA:CR45388,0.031096723,-0.0012802051,0.9751924030057214,1.0,False
Sym,0.031026332,-0.12929066,0.9752485407706514,1.0,False
snoRNA:Psi18S-1854a,0.03086118,1.6510742,0.9753802490845302,1.0,False
lncRNA:CR43874,0.03086118,1.5108372,0.9753802490845302,1.0,False
IFT54,0.030860407,1.2286972,0.9753808659868801,1.0,False
m,0.030860407,1.319871,0.9753808659868801,1.0,False
lncRNA:CR45118,0.030860407,0.9134203,0.9753808659868801,1.0,False
asRNA:CR44030,0.030860407,1.2222536,0.9753808659868801,1.0,False
lncRNA:CR46112,0.030859632,1.1313081,0.9753814828892446,1.0,False
CG15705,0.030859632,1.1433343,0.9753814828892446,1.0,False
Pif1,0.030859632,1.1784683,0.9753814828892446,1.0,False
CG15452,0.030859632,1.1507838,0.9753814828892446,1.0,False
CG42460,0.030859632,1.0622387,0.9753814828892446,1.0,False
CG34202,0.030859632,1.6885349,0.9753814828892446,1.0,False
Prosbeta2R1,0.03085886,1.3690596,0.9753820997916239,1.0,False
Or2a,0.03085886,0.8447676,0.9753820997916239,1.0,False
Sclp,0.03085886,0.89208186,0.9753820997916239,1.0,False
snoRNA:Psi28S-3436a,0.03085886,1.1036663,0.9753820997916239,1.0,False
snoRNA:Psi28S-1135c,0.03085886,0.90020615,0.9753820997916239,1.0,False
TwdlM,0.03085886,1.0114793,0.9753820997916239,1.0,False
geko,0.03085886,1.040842,0.9753820997916239,1.0,False
CG17821,0.030858086,0.6734755,0.975382716694018,1.0,False
snoRNA:Psi28S-1135b,0.030858086,1.0252529,0.975382716694018,1.0,False
tilB,0.030858086,0.81452984,0.975382716694018,1.0,False
lncRNA:CR44177,0.030858086,1.1993635,0.975382716694018,1.0,False
Cpr47Ee,0.030856539,0.3787807,0.9753839504988502,1.0,False
asRNA:CR46067,0.030715367,0.43077508,0.9754965354373172,1.0,False
trbl,0.0307115,0.29913417,0.9754996199630601,1.0,False
CG34171,0.030706858,0.25980467,0.9755033213944354,1.0,False
Mlp60A,0.030690614,0.09350632,0.9755162764084024,1.0,False
CG43843,0.030645749,0.024939094,0.9755520569567111,1.0,False
CG12010,0.030399762,-0.2550991,0.9757482339387868,1.0,False
AkhR,0.030237319,1.559408,0.9758777855810078,1.0,False
NAAT1,0.030234998,1.265275,0.9758796363233722,1.0,False
Cpr97Ea,0.030234998,1.8659775,0.9758796363233722,1.0,False
betaNACtes3,0.030234225,1.3496526,0.9758802532375225,1.0,False
CG42486,0.030233452,1.358724,0.9758808701516872,1.0,False
cDIP,0.030233452,1.3059174,0.9758808701516872,1.0,False
CecB,0.030232677,1.227469,0.9758814870658664,1.0,False
lncRNA:CR45454,0.030232677,1.2931395,0.9758814870658664,1.0,False
lncRNA:CR44151,0.030231904,1.1517004,0.97588210398006,1.0,False
CG18754,0.030231904,1.2857144,0.97588210398006,1.0,False
CG15484,0.030231904,0.9122758,0.97588210398006,1.0,False
snoRNA:Psi28S-2562,0.030231131,0.9549942,0.975882720894268,1.0,False
CG5561,0.030231131,0.98594266,0.975882720894268,1.0,False
CG34305,0.030230358,1.2617624,0.9758833378084905,1.0,False
mt:tRNA:Val-TAC,0.030230358,0.8142368,0.9758833378084905,1.0,False
CG14598,0.030229583,0.8586356,0.9758839547227274,1.0,False
lncRNA:CR44759,0.030229583,0.6360227,0.9758839547227274,1.0,False
CG34457,0.03022881,0.58361834,0.9758845716369786,1.0,False
nenya,0.03022881,0.8366838,0.9758845716369786,1.0,False
Obp56d,0.03022881,0.68410605,0.9758845716369786,1.0,False
Jhbp5,0.030228037,0.64816415,0.9758851885512444,1.0,False
CG42694,0.030227263,0.5377722,0.9758858054655245,1.0,False
asRNA:CR43243,0.030225717,0.43430048,0.9758870392941281,1.0,False
CG31675,0.030224169,0.029145861,0.9758882731227894,1.0,False
Lip1,0.030224169,0.1388333,0.9758882731227894,1.0,False
ksh,0.030195935,-0.15971558,0.9759107905059887,1.0,False
lbl,0.030107364,0.43148774,0.9759814273531138,1.0,False
CG17490,0.030102724,0.47876891,0.975985128852485,1.0,False
TTLL3B,0.030098855,0.4024919,0.9759882134356893,1.0,False
CG8654,0.030085705,0.19273669,0.97599870102127,1.0,False
CG31988,0.030046254,-0.08957025,0.9760301638028996,1.0,False
CG5510,0.030032719,-0.23111552,0.9760409598640163,1.0,False
asRNA:CR45501,0.029903537,0.05623973,0.9761439853534685,1.0,False
Hr4,0.029855577,-0.13597511,0.9761822344389733,1.0,False
unpg,0.029838946,-0.047286734,0.9761954982475466,1.0,False
Mps1,0.02971286,-0.21452047,0.9762960566380271,1.0,False
SerT,0.029703576,0.20694281,0.9763034597246268,1.0,False
lncRNA:Irar,0.029650975,-0.06489796,0.9763454105872292,1.0,False
beat-Ia,0.02963976,-0.10769469,0.9763543560002221,1.0,False
CG18449,0.029611139,1.5659847,0.9763771822399535,1.0,False
CG6553,0.02960959,1.5340382,0.976378416091301,1.0,False
lncRNA:CR44676,0.029608818,1.2705412,0.976379033016996,1.0,False
Nazo,0.029608045,1.0991417,0.9763796499427051,1.0,False
GstD8,0.02960727,1.1975783,0.9763802668684284,1.0,False
asRNA:CR45129,0.029606497,1.1051006,0.9763808837941658,1.0,False
pyx,0.029604176,0.9999132,0.9763827345714626,1.0,False
lncRNA:CR45699,0.029603403,0.49173856,0.9763833514972564,1.0,False
CG15198,0.02960263,0.8696468,0.9763839684230645,1.0,False
Hsp70Bbb,0.029601855,0.86080277,0.9763845853488866,1.0,False
CG13068,0.029601082,0.6220232,0.9763852022747228,1.0,False
lncRNA:CR44673,0.029598761,0.3909641,0.9763870530523164,1.0,False
mir-4975,0.029597215,0.07212976,0.976388286904116,1.0,False
CG13700,0.02959644,0.18247436,0.9763889038300371,1.0,False
CG3588,0.02959412,0.1997555,0.9763907546078848,1.0,False
CG32846,0.029592574,0.13423175,0.976391988459854,1.0,False
Nep2,0.029193813,-0.11775615,0.9767100156801599,1.0,False
Hmt-1,0.029148947,-0.15962176,0.9767457978308993,1.0,False
lncRNA:CR44953,0.028984183,1.3284239,0.9768772050957514,1.0,False
CG11449,0.02898341,1.4377661,0.9768778220327499,1.0,False
CG34282,0.02897722,1.0822664,0.9768827575292361,1.0,False
CG13138,0.02897722,0.92658937,0.9768827575292361,1.0,False
asRNA:CR31514,0.028976448,0.8495613,0.9768833744663592,1.0,False
CG15172,0.028975675,1.4088808,0.976883991403496,1.0,False
CG33127,0.028975675,0.90254754,0.976883991403496,1.0,False
Sgs7,0.028974127,0.7107582,0.9768852252778113,1.0,False
CG12824,0.028972581,0.5681585,0.9768864591521818,1.0,False
CG33552,0.028971033,0.3899207,0.9768876930266075,1.0,False
asRNA:CR46263,0.028969485,0.3992716,0.9768889269010886,1.0,False
CG14265,0.02896794,0.27470067,0.9768901607756251,1.0,False
CG16756,0.028967166,0.1551981,0.976890777712914,1.0,False
asRNA:CR43903,0.028966391,-0.36999452,0.9768913946502167,1.0,False
Tim17b1,0.028966391,0.116514616,0.9768913946502167,1.0,False
CG31909,0.028965618,0.32168758,0.9768920115875334,1.0,False
CG4259,0.028965618,0.15588549,0.9768920115875334,1.0,False
alphaTry,0.028964845,0.6700335,0.9768926285248637,1.0,False
CG31441,0.028909924,-0.2112934,0.9769364311106317,1.0,False
Duox,0.028832182,0.22294477,0.9769984334811834,1.0,False
CG16710,0.02882174,0.19483247,0.9770067621684209,1.0,False
AhcyL2,0.028800854,0.023604758,0.9770234195504152,1.0,False
CG30389,0.028668966,-0.07724795,0.9771286080641277,1.0,False
CtsF,0.028594319,-0.12252874,0.9771881430884398,1.0,False
IFT20,0.028352587,1.0921776,0.9773809387266639,1.0,False
lncRNA:CR44133,0.028350268,0.85038024,0.9773827895712123,1.0,False
ppk25,0.02834872,0.708833,0.9773840234676455,1.0,False
Adgf-A,0.028347172,0.7365478,0.977385257364133,1.0,False
CG4563,0.028346399,0.43260938,0.977385874312397,1.0,False
lncRNA:CR44161,0.028344078,0.6164785,0.97738772515727,1.0,False
mthl13,0.028344078,0.46194002,0.97738772515727,1.0,False
CG9747,0.028342532,0.4351243,0.9773889590539198,1.0,False
Cad96Cb,0.02833557,0.14403534,0.977394511589513,1.0,False
kst,0.02826247,0.12274016,0.9774528132793214,1.0,False
GrlHz,0.028199812,0.2486174,0.9775027862521801,1.0,False
CG6362,0.02818821,0.1375897,0.9775120405161088,1.0,False
CG11885,0.028053613,-0.21375844,0.9776193901985589,1.0,False
Dnaaf6,0.027727954,1.0013483,0.9778791287469552,1.0,False
lncRNA:CR44568,0.02772718,0.92638946,0.9778797457059302,1.0,False
CG43968,0.027724085,0.7187289,0.9778822135419626,1.0,False
snoRNA:Psi18S-1377a,0.02772254,0.8017209,0.9778834474600582,1.0,False
lncRNA:CR32690,0.02772254,0.7852552,0.9778834474600582,1.0,False
lncRNA:CR43684,0.027720219,0.8275848,0.9778852983373008,1.0,False
Grl62c,0.027719444,0.6881517,0.9778859152964081,1.0,False
Jon65Aiii,0.027719444,0.76865405,0.9778859152964081,1.0,False
asRNA:CR45000,0.027717898,0.54603773,0.9778871492146624,1.0,False
CG11425,0.02771751,0.5200299,0.9778874576942342,1.0,False
asRNA:CR45612,0.027717125,0.5639734,0.9778877661738095,1.0,False
asRNA:CR45198,0.027715577,0.47483224,0.9778890000921431,1.0,False
CG31288,0.027712483,0.37019593,0.9778914679289692,1.0,False
CG14417,0.027710935,0.28063017,0.9778927018474617,1.0,False
asRNA:CR45798,0.027710162,0.11389456,0.9778933188067277,1.0,False
CG17266,0.027709775,-0.16930987,0.9778936272863656,1.0,False
CG7778,0.02770939,0.22296299,0.977893935766007,1.0,False
comm2,0.027707068,0.26085582,0.9778957866439242,1.0,False
asRNA:CR45832,0.027706293,0.10365417,0.9778964036032564,1.0,False
CG3640,0.027701654,-0.17132299,0.977900105359527,1.0,False
pug,0.027568217,-0.3513971,0.9780065310555299,1.0,False
CG33288,0.027558548,0.1876456,0.978014243077722,1.0,False
Zpr1,0.027555455,-0.32330698,0.9780167109252575,1.0,False
smp-30,0.02751987,-0.14991562,0.9780450911870332,1.0,False
Muc91C,0.027503626,-0.20802549,0.9780580474027377,1.0,False
lncRNA:CR43940,0.02709481,0.58746094,0.9783841140615389,1.0,False
CG11159,0.027087076,0.37132633,0.9783902837589457,1.0,False
COX4L,0.0270863,0.5511818,0.9783909007287573,1.0,False
wus,0.02707702,0.019511748,0.9783983043675069,1.0,False
asRNA:CR45149,0.027076244,0.19182539,0.9783989213374866,1.0,False
CG6435,0.02706619,-0.19916965,0.9784069419483997,1.0,False
CG17260,0.027050719,-0.25057048,0.978419281354067,1.0,False
CG34208,0.02698458,-0.050592422,0.9784720323714837,1.0,False
CG5958,0.02694513,0.20013508,0.9785034979354861,1.0,False
lncRNA:CR46036,0.026926566,-0.38645083,0.9785183052712991,1.0,False
Cdk4,0.02691264,0.03521968,0.9785294107780168,1.0,False
ZnT41F,0.026853079,-0.19248836,0.9785769177148156,1.0,False
Mcm7,0.026470177,0.7746125,0.9788823212584277,1.0,False
CG7560,0.026466308,0.712863,0.9788854061585733,1.0,False
yellow-g,0.026464762,0.5584209,0.9788866401187201,1.0,False
Sodq,0.026464762,0.610534,0.9788866401187201,1.0,False
CG33643,0.026458573,0.4163155,0.9788915759598119,1.0,False
lncRNA:CR44947,0.02645393,0.13083325,0.9788952778411613,1.0,False
CG34288,0.026450064,0.2777179,0.9788983627426329,1.0,False
Cyp4g1,0.026434593,-0.23861568,0.9789107023516748,1.0,False
lncRNA:CR43174,0.026429178,-0.44991347,0.9789150212160318,1.0,False
CG1143,0.026364975,-0.25929064,0.9789662306547708,1.0,False
Tsp42Ep,0.026199438,0.022192238,0.9790982650287127,1.0,False
lncRNA:CR44138,0.025819242,0.2604425,0.9794015143626265,1.0,False
Sse,0.025806092,-0.07710882,0.9794120032028678,1.0,False
Nepl17,0.025796035,-0.39675593,0.9794200240831011,1.0,False
CG34001,0.025674203,-0.19680056,0.9795172002971508,1.0,False
Fdh,0.02557635,-0.08589894,0.9795952499844862,1.0,False
lncRNA:CR45381,0.025430923,-0.14828235,0.9797112451373787,1.0,False
Dus3,0.025323402,-0.1461709,0.979797007787039,1.0,False
CG13330,0.025203116,0.46751907,0.9798929511718077,1.0,False
Grl58a,0.025202343,0.3610302,0.9798935681720093,1.0,False
Gbp3,0.02519538,0.2013452,0.979899121174366,1.0,False
sut1,0.025187645,0.21267599,0.9799052911781267,1.0,False
Hsp70Aa,0.025185324,0.07782842,0.9799071421794894,1.0,False
CG2104,0.025159026,-0.5915687,0.9799281202024914,1.0,False
lncRNA:CR31386,0.025014373,0.052985836,0.9800434995767362,1.0,False
lncRNA:CR44595,0.025010118,-0.15838169,0.9800468930940753,1.0,False
lncRNA:CR45472,0.02480165,-0.086994864,0.9802131758848202,1.0,False
Pos,0.024564559,0.36156273,0.9804022888972751,1.0,False
asRNA:CR45882,0.024545994,-0.3300468,0.980417097140645,1.0,False
CG9593,0.024542127,-0.33208823,0.9804201821921966,1.0,False
BomT2,0.024538258,-0.100995004,0.980423267244041,1.0,False
CG42364,0.024309676,-0.37476683,0.9806055943264468,1.0,False
mir-956,0.024089217,17.22938,0.9807814437414516,1.0,False
snoRNA:Psi18S-841a,0.024089217,17.854267,0.9807814437414516,1.0,False
CG7567,0.024089217,17.681862,0.9807814437414516,1.0,False
CG4744,0.024089217,17.538868,0.9807814437414516,1.0,False
lncRNA:CR45165,0.024089217,17.023193,0.9807814437414516,1.0,False
CG42656,0.024089217,17.801048,0.9807814437414516,1.0,False
Erk7,0.024089217,17.349386,0.9807814437414516,1.0,False
dysf,0.024089217,17.787409,0.9807814437414516,1.0,False
CG14500,0.024089217,17.850315,0.9807814437414516,1.0,False
Cht4,0.024089217,17.45209,0.9807814437414516,1.0,False
CG14054,0.024089217,17.357187,0.9807814437414516,1.0,False
Tssk,0.024089217,17.426363,0.9807814437414516,1.0,False
lncRNA:CR45541,0.024089217,17.900063,0.9807814437414516,1.0,False
Cpr64Aa,0.024089217,16.546297,0.9807814437414516,1.0,False
CG13992,0.024089217,16.100935,0.9807814437414516,1.0,False
CG13074,0.024089217,16.411654,0.9807814437414516,1.0,False
lncRNA:CR43144,0.024089217,16.417664,0.9807814437414516,1.0,False
CG10764,0.024089217,17.627365,0.9807814437414516,1.0,False
ppk19,0.024089217,17.941128,0.9807814437414516,1.0,False
lncRNA:CR45483,0.024089217,16.882248,0.9807814437414516,1.0,False
CG15403,0.024089217,16.453539,0.9807814437414516,1.0,False
CG10510,0.024089217,17.418858,0.9807814437414516,1.0,False
alpha-Est5,0.024089217,17.36758,0.9807814437414516,1.0,False
asRNA:CR43467,0.024089217,17.367481,0.9807814437414516,1.0,False
spdt,0.024089217,18.336634,0.9807814437414516,1.0,False
Odc2,0.024089217,16.967644,0.9807814437414516,1.0,False
lncRNA:CR44216,0.024089217,17.892698,0.9807814437414516,1.0,False
lncRNA:CR44842,0.024089217,16.48209,0.9807814437414516,1.0,False
CG31347,0.024089217,17.659918,0.9807814437414516,1.0,False
CG4520,0.024089217,16.836117,0.9807814437414516,1.0,False
CG4576,0.024089217,17.339827,0.9807814437414516,1.0,False
CG43318,0.024089217,16.5237,0.9807814437414516,1.0,False
snRNA:U4:38AB,0.024089217,17.82051,0.9807814437414516,1.0,False
CG3604,0.024089217,17.434597,0.9807814437414516,1.0,False
CG16782,0.024089217,16.578463,0.9807814437414516,1.0,False
lncRNA:CR45984,0.024089217,17.453867,0.9807814437414516,1.0,False
CG17564,0.024089217,16.906254,0.9807814437414516,1.0,False
lncRNA:CR45025,0.024089217,17.524565,0.9807814437414516,1.0,False
CG6688,0.024089217,16.851927,0.9807814437414516,1.0,False
lmd,0.024089217,15.548457,0.9807814437414516,1.0,False
B9d1,0.024089217,17.854977,0.9807814437414516,1.0,False
asRNA:CR44375,0.024089217,17.424442,0.9807814437414516,1.0,False
asRNA:CR45869,0.024089217,18.238003,0.9807814437414516,1.0,False
CG7179,0.024089217,17.424637,0.9807814437414516,1.0,False
Tsp42Ec,0.024089217,17.985605,0.9807814437414516,1.0,False
CG43175,0.024089217,16.86946,0.9807814437414516,1.0,False
CG32945,0.024089217,17.259462,0.9807814437414516,1.0,False
Rab9E,0.024089217,16.95424,0.9807814437414516,1.0,False
snoRNA:Or-aca1,0.024089217,17.427008,0.9807814437414516,1.0,False
Erasp,0.024089217,16.89682,0.9807814437414516,1.0,False
CG30427,0.024089217,16.928104,0.9807814437414516,1.0,False
asRNA:CR43877,0.024089217,17.534895,0.9807814437414516,1.0,False
CG11044,0.024089217,18.135632,0.9807814437414516,1.0,False
CG7366,0.024089217,16.777891,0.9807814437414516,1.0,False
CG12689,0.024089217,17.31739,0.9807814437414516,1.0,False
CG13607,0.024089217,18.134169,0.9807814437414516,1.0,False
5.8SrRNA-Psi:CR45863,0.024089217,17.635187,0.9807814437414516,1.0,False
lncRNA:CR43961,0.024089217,18.132553,0.9807814437414516,1.0,False
lncRNA:CR46249,0.024089217,17.242632,0.9807814437414516,1.0,False
CG31050,0.024089217,17.199802,0.9807814437414516,1.0,False
sisA,0.024089217,17.184105,0.9807814437414516,1.0,False
lncRNA:CR44039,0.024089217,17.476854,0.9807814437414516,1.0,False
CG42570,0.024089217,17.669153,0.9807814437414516,1.0,False
lncRNA:CR45432,0.024089217,16.690464,0.9807814437414516,1.0,False
Pebp1,0.024089217,17.716509,0.9807814437414516,1.0,False
CG14106,0.024089217,17.64533,0.9807814437414516,1.0,False
Cpr67Fb,0.024089217,17.753433,0.9807814437414516,1.0,False
CG8565,0.024089217,17.170982,0.9807814437414516,1.0,False
Dmel_CR34687,0.024089217,17.635769,0.9807814437414516,1.0,False
Muc4B,0.024089217,17.233786,0.9807814437414516,1.0,False
CG7071,0.024089217,17.481867,0.9807814437414516,1.0,False
asRNA:CR44266,0.024089217,17.712852,0.9807814437414516,1.0,False
lncRNA:CR45166,0.024089217,17.427229,0.9807814437414516,1.0,False
CG6280,0.024089217,17.144367,0.9807814437414516,1.0,False
CG15177,0.024089217,16.424467,0.9807814437414516,1.0,False
Obp73a,0.024089217,17.459465,0.9807814437414516,1.0,False
CAH6,0.024089217,17.76543,0.9807814437414516,1.0,False
lncRNA:CR45803,0.024089217,16.40591,0.9807814437414516,1.0,False
CG43678,0.024089217,16.669386,0.9807814437414516,1.0,False
lncRNA:CR45174,0.024089217,18.091637,0.9807814437414516,1.0,False
CG18662,0.024089217,16.644156,0.9807814437414516,1.0,False
CG42329,0.024089217,18.21004,0.9807814437414516,1.0,False
CG13539,0.024089217,16.020153,0.9807814437414516,1.0,False
CG4704,0.024089217,17.33741,0.9807814437414516,1.0,False
cad,0.024089217,16.734795,0.9807814437414516,1.0,False
tRNA:Gln-CTG-1-1,0.024089217,16.364098,0.9807814437414516,1.0,False
asRNA:CR44992,0.024089217,17.376097,0.9807814437414516,1.0,False
lncRNA:CR44350,0.024089217,17.175571,0.9807814437414516,1.0,False
CG13460,0.024089217,17.335491,0.9807814437414516,1.0,False
CG15563,0.024089217,16.899399,0.9807814437414516,1.0,False
lncRNA:CR43753,0.024089217,16.910404,0.9807814437414516,1.0,False
CG9861,0.024089217,18.36905,0.9807814437414516,1.0,False
Xrcc2,0.024089217,17.536636,0.9807814437414516,1.0,False
CG10375,0.024035843,-0.14693783,0.9808240179510908,1.0,False
CG10918,0.023942245,0.20024171,0.9808986772041397,1.0,False
Sfp53D,0.023935283,0.0628307,0.9809042303784149,1.0,False
Ttc26,0.023928322,0.008452288,0.9809097835536155,1.0,False
halo,0.02392368,0.003007268,0.9809134856709298,1.0,False
CG10680,0.023891965,-0.3562309,0.9809387834835753,1.0,False
CG15617,0.023755822,0.09095231,0.9810473791894473,1.0,False
CG32639,0.023461876,4.6512,0.9812818483859054,1.0,False
lncRNA:CR43904,0.023461876,2.3597586,0.9812818483859054,1.0,False
lncRNA:CR45906,0.023461876,3.171636,0.9812818483859054,1.0,False
CG34206,0.023461876,3.661436,0.9812818483859054,1.0,False
CG8840,0.023461876,4.7529645,0.9812818483859054,1.0,False
CG15336,0.023461876,3.24635,0.9812818483859054,1.0,False
CG13065,0.023461876,4.273286,0.9812818483859054,1.0,False
lncRNA:CR45276,0.023461103,2.1588056,0.9812824654122487,1.0,False
CG17658,0.023461103,3.2763786,0.9812824654122487,1.0,False
AttD,0.023461103,4.0507445,0.9812824654122487,1.0,False
lncRNA:CR45588,0.023461103,1.8389885,0.9812824654122487,1.0,False
CG34198,0.023461103,2.4085267,0.9812824654122487,1.0,False
snoRNA:Psi18S-525h,0.023461103,2.363369,0.9812824654122487,1.0,False
CG32939,0.023461103,2.793774,0.9812824654122487,1.0,False
asRNA:CR44035,0.023461103,3.409327,0.9812824654122487,1.0,False
CG8851,0.023461103,2.5428724,0.9812824654122487,1.0,False
NimA,0.023461103,2.1930513,0.9812824654122487,1.0,False
GstE10,0.023461103,2.5400949,0.9812824654122487,1.0,False
Dmel_CR34702,0.023460329,1.6712608,0.9812830824386033,1.0,False
PpD6,0.023460329,1.9111534,0.9812830824386033,1.0,False
lncRNA:CR44515,0.023460329,1.9129251,0.9812830824386033,1.0,False
CG7882,0.023460329,2.2459407,0.9812830824386033,1.0,False
CG2336,0.023460329,1.8852067,0.9812830824386033,1.0,False
Cralbp,0.023460329,1.7232374,0.9812830824386033,1.0,False
lncRNA:CR44712,0.023460329,2.034455,0.9812830824386033,1.0,False
CG34207,0.023460329,2.0869348,0.9812830824386033,1.0,False
Nep5,0.023460329,1.9103847,0.9812830824386033,1.0,False
asRNA:CR45053,0.023460329,1.9428437,0.9812830824386033,1.0,False
CG31624,0.023460329,2.2780805,0.9812830824386033,1.0,False
CG5715,0.023460329,1.9670469,0.9812830824386033,1.0,False
lncRNA:CR44430,0.023460329,1.5102395,0.9812830824386033,1.0,False
CG12693,0.023460329,1.9301244,0.9812830824386033,1.0,False
CG43295,0.023459556,1.5216807,0.981283699464969,1.0,False
CG34269,0.023459556,1.1593993,0.981283699464969,1.0,False
CG32391,0.023459556,1.3281108,0.981283699464969,1.0,False
lncRNA:CR45651,0.023459556,1.5477887,0.981283699464969,1.0,False
CG1324,0.023459556,1.0980726,0.981283699464969,1.0,False
CG6614,0.023459556,1.1854554,0.981283699464969,1.0,False
CG14300,0.023459556,1.4506696,0.981283699464969,1.0,False
snoRNA:CG31191-a,0.023459556,1.7292982,0.981283699464969,1.0,False
CG1571,0.023459556,1.5231878,0.981283699464969,1.0,False
CG34230,0.023459556,1.3882853,0.981283699464969,1.0,False
Ir21a,0.023459556,1.8397057,0.981283699464969,1.0,False
asRNA:CR45701,0.023459556,1.8496951,0.981283699464969,1.0,False
RabX2,0.023459556,1.8454249,0.981283699464969,1.0,False
CG32984,0.023458783,0.6368692,0.981284316491346,1.0,False
CG43179,0.023458783,0.92467916,0.981284316491346,1.0,False
CG12723,0.023458783,0.9942291,0.981284316491346,1.0,False
snoRNA:Psi18S-1389a,0.023458783,1.3863442,0.981284316491346,1.0,False
PPO3,0.023458783,1.1977899,0.981284316491346,1.0,False
Or22a,0.023458783,0.27844143,0.981284316491346,1.0,False
asRNA:CR45712,0.023458783,1.166365,0.981284316491346,1.0,False
CG18469,0.023458783,0.10726724,0.981284316491346,1.0,False
CG14655,0.023458783,0.99995786,0.981284316491346,1.0,False
mms4,0.023458783,1.4660125,0.981284316491346,1.0,False
dgo,0.023458783,0.94619656,0.981284316491346,1.0,False
lncRNA:CR44677,0.023458783,1.4189507,0.981284316491346,1.0,False
Ir51b,0.023458783,0.7655429,0.981284316491346,1.0,False
Gr36c,0.023458783,0.32347617,0.981284316491346,1.0,False
lncRNA:CR44522,0.023458783,0.40666845,0.981284316491346,1.0,False
CG30398,0.023458783,-0.33105743,0.981284316491346,1.0,False
CG42716,0.023458783,1.1306125,0.981284316491346,1.0,False
CG3581,0.023458783,0.47733614,0.981284316491346,1.0,False
CG12158,0.023395352,-0.4486768,0.9813349126923239,1.0,False
CG34450,0.023329213,0.39972165,0.981387668567202,1.0,False
Cyp6t1,0.023295179,0.07862132,0.9814148178210996,1.0,False
lncRNA:CR43287,0.023181854,0.17724876,0.9815052126509846,1.0,False
Dhps,0.023078974,-0.12315899,0.9815872777875567,1.0,False
CG6785,0.022950953,-0.13478345,0.981689396706941,1.0,False
asRNA:CR44995,0.022835309,2.5558372,0.9817816433603807,1.0,False
snoRNA:Psi18S-176,0.02283376,1.4365202,0.981782877430977,1.0,False
CG31910,0.02283376,1.9421818,0.981782877430977,1.0,False
CG32119,0.02283376,1.9924079,0.981782877430977,1.0,False
CG42579,0.022832988,1.7628548,0.9817834944662915,1.0,False
snoRNA:Psi28S-3305b,0.022832988,1.5479969,0.9817834944662915,1.0,False
asRNA:CR44207,0.022832988,1.8502587,0.9817834944662915,1.0,False
CG14072,0.022832988,2.3187203,0.9817834944662915,1.0,False
snoRNA:CG32479-b,0.022832988,1.5858971,0.9817834944662915,1.0,False
CG15120,0.022832215,1.2935085,0.9817841115016169,1.0,False
CG18530,0.022832215,1.2275032,0.9817841115016169,1.0,False
snoRNA:Psi28S-2442b,0.02283144,1.0971416,0.9817847285369533,1.0,False
CG43124,0.02283144,1.1654825,0.9817847285369533,1.0,False
CG42471,0.02283144,1.2370839,0.9817847285369533,1.0,False
ItgaPS4,0.02283144,1.52934,0.9817847285369533,1.0,False
lncRNA:CR43909,0.02283144,1.1297345,0.9817847285369533,1.0,False
eIF4E4,0.022830667,1.2324663,0.9817853455723005,1.0,False
lncRNA:CR43278,0.022830667,0.9897318,0.9817853455723005,1.0,False
lncRNA:CR44220,0.022830667,1.1015188,0.9817853455723005,1.0,False
Amt,0.022830667,1.4045596,0.9817853455723005,1.0,False
asRNA:CR45202,0.022830667,1.685325,0.9817853455723005,1.0,False
CG32811,0.022829894,1.0190333,0.9817859626076586,1.0,False
eIF3g2,0.022829894,0.41404074,0.9817859626076586,1.0,False
lncRNA:CR45314,0.022829894,0.71079,0.9817859626076586,1.0,False
CG12057,0.02282912,0.71949995,0.9817865796430276,1.0,False
CG8664,0.02282912,0.26012918,0.9817865796430276,1.0,False
CG30222,0.02282912,0.63352805,0.9817865796430276,1.0,False
Sox100B,0.02282912,0.6159683,0.9817865796430276,1.0,False
dah,0.022828346,-0.13433465,0.9817871966784075,1.0,False
CG14626,0.022828346,0.4002357,0.9817871966784075,1.0,False
lncRNA:CR44339,0.022827573,-0.2631887,0.9817878137137983,1.0,False
Gem4c,0.022827573,-0.7279579,0.9817878137137983,1.0,False
sisRNA:CR46361,0.022827573,-0.071603976,0.9817878137137983,1.0,False
thr,0.022683695,0.33016393,0.9819025824855767,1.0,False
CG12470,0.02263032,-0.40479246,0.9819451580930653,1.0,False
CG5611,0.022365382,-0.2631014,0.9821564942948412,1.0,False
MFS3,0.022227306,0.007145245,0.9822666364330915,1.0,False
Or94a,0.022207966,1.803308,0.9822820625299098,1.0,False
lncRNA:CR43196,0.022207193,1.3123698,0.9822826795739203,1.0,False
lncRNA:CR43656,0.022207193,1.4413201,0.9822826795739203,1.0,False
SkpB,0.02220642,1.806894,0.9822832966179416,1.0,False
BomT1,0.022205647,1.2123227,0.9822839136619733,1.0,False
CG11458,0.022205647,1.0978802,0.9822839136619733,1.0,False
CG32447,0.022204872,1.1444087,0.9822845307060157,1.0,False
CG9416,0.0222041,0.9783569,0.9822851477500687,1.0,False
asRNA:CR45366,0.022203326,0.72036636,0.9822857647941322,1.0,False
CG34286,0.022203326,1.0569239,0.9822857647941322,1.0,False
asRNA:CR45056,0.022201778,0.7317976,0.9822869988822912,1.0,False
Gr10b,0.022201778,0.84294736,0.9822869988822912,1.0,False
asRNA:CR45970,0.022201778,0.7346154,0.9822869988822912,1.0,False
HP1D3csd,0.022201778,0.4300064,0.9822869988822912,1.0,False
CG43244,0.022201005,0.5852941,0.9822876159263866,1.0,False
CG7387,0.022201005,0.54167736,0.9822876159263866,1.0,False
CG6209,0.022200232,0.38678557,0.9822882329704925,1.0,False
CG12963,0.022200232,0.5887272,0.9822882329704925,1.0,False
CG15646,0.022200232,0.5925042,0.9822882329704925,1.0,False
et,0.022199458,0.40122706,0.9822888500146091,1.0,False
asRNA:CR45167,0.022199458,0.24759968,0.9822888500146091,1.0,False
CG30379,0.022199458,0.5416371,0.9822888500146091,1.0,False
lncRNA:CR45577,0.022199458,0.5075465,0.9822888500146091,1.0,False
asRNA:CR46139,0.022199458,0.33693635,0.9822888500146091,1.0,False
CG3397,0.022199458,0.5659168,0.9822888500146091,1.0,False
ppk15,0.022199458,0.67120695,0.9822888500146091,1.0,False
mir-4946,0.022198685,0.25921538,0.9822894670587362,1.0,False
CG13405,0.022198685,-0.16285127,0.9822894670587362,1.0,False
CG13193,0.022197912,-0.1176897,0.982290084102874,1.0,False
asRNA:CR45912,0.022197912,0.4173549,0.982290084102874,1.0,False
sphinx1,0.022197137,0.33529264,0.9822907011470223,1.0,False
CG42272,0.02219559,-0.3908883,0.9822919352353507,1.0,False
CG2930,0.02206989,0.331402,0.982392205053372,1.0,False
CG14855,0.022060607,0.31347308,0.9823996096048284,1.0,False
CG5707,0.022002593,-0.22268985,0.9824458880857588,1.0,False
Fatp3,0.021826612,-0.054577287,0.9825862665053057,1.0,False
Mal-A5,0.021804178,-0.124426834,0.9826041609360864,1.0,False
CG13724,0.021582946,1.7662545,0.9827806375139216,1.0,False
lncRNA:CR45552,0.021578304,1.2840188,0.982784339828805,1.0,False
Jon44E,0.021576758,1.3294595,0.9827855739338485,1.0,False
CG43915,0.021575984,0.92270184,0.9827861909863856,1.0,False
CG32523,0.021574438,0.77242243,0.982787425091491,1.0,False
CG7194,0.021573663,0.67162514,0.982788042144059,1.0,False
CG3610,0.02157289,0.63453615,0.9827886591966375,1.0,False
snoRNA:Psi18S-1397,0.021571344,0.45392987,0.9827898933018251,1.0,False
stg,0.021571344,0.528567,0.9827898933018251,1.0,False
CG13309,0.021571344,0.5035117,0.9827898933018251,1.0,False
CG9903,0.021571344,0.49275798,0.9827898933018251,1.0,False
TTLL1B,0.021570569,0.47580296,0.9827905103544344,1.0,False
CG30148,0.021569796,0.4807181,0.982791127407054,1.0,False
CG10936,0.021569796,0.3824644,0.982791127407054,1.0,False
CG31231,0.021569023,0.2906356,0.9827917444596839,1.0,False
Nnf1b,0.021567475,0.10445955,0.9827929785649745,1.0,False
Edg84A,0.021565154,-0.5020304,0.9827948297229877,1.0,False
CG30187,0.02139807,-0.026785921,0.9829281133427747,1.0,False
lncRNA:CR43943,0.021329224,-0.12086272,0.9829830312693945,1.0,False
CG12398,0.020957151,1.3455077,0.9832798362843095,1.0,False
asRNA:CR46091,0.020954058,1.3788979,0.9832823045270419,1.0,False
lncRNA:CR45878,0.020949416,0.7270541,0.9832860068914405,1.0,False
CG18744,0.020949416,1.1411966,0.9832860068914405,1.0,False
DZIP1,0.020948643,1.0982703,0.9832866239522087,1.0,False
Ts,0.020948643,0.94762003,0.9832866239522087,1.0,False
CG43844,0.020946322,0.83570695,0.983288475134573,1.0,False
lncRNA:CR44042,0.020944774,0.7634009,0.9832897092561992,1.0,False
CG8708,0.020944774,0.7262752,0.9832897092561992,1.0,False
lncRNA:CR43631,0.020943228,0.2851441,0.9832909433778653,1.0,False
asRNA:CR43430,0.020942455,0.4275624,0.9832915604387134,1.0,False
tum,0.020942455,0.44973648,0.9832915604387134,1.0,False
Tsp2A,0.02093936,0.4256974,0.9832940286822057,1.0,False
psh,0.02093936,0.0034380278,0.9832940286822057,1.0,False
CG31952,0.020936266,-0.07317553,0.983296496925858,1.0,False
CG3222,0.020935493,0.26469848,0.983297113986796,1.0,False
CG8478,0.020792775,0.24149275,0.9834109619004819,1.0,False
iav,0.020782718,0.022165807,0.9834189837174664,1.0,False
lncRNA:CR45673,0.020771889,-0.035077397,0.9834276225991707,1.0,False
CG6891,0.020743655,-0.17270882,0.9834501454070351,1.0,False
Cyp311a1,0.020667847,0.1625096,0.9835106176686985,1.0,False
CG4752,0.02065779,0.15833177,0.9835186395064527,1.0,False
CG6028,0.02041954,-0.15179725,0.9837086958404304,1.0,False
CG12910,0.020394787,0.025672173,0.9837284420062588,1.0,False
ppk9,0.020322075,0.7474372,0.9837864464259849,1.0,False
CG13318,0.020320527,0.75697875,0.9837876805635071,1.0,False
CG32191,0.020318981,0.59450686,0.9837889147010681,1.0,False
asRNA:CR45367,0.020318206,0.6277231,0.9837895317698632,1.0,False
lncRNA:CR44034,0.020318206,0.5223463,0.9837895317698632,1.0,False
lncRNA:CR43937,0.020315113,0.36127743,0.9837920000451404,1.0,False
yellow-f2,0.020309698,0.1427264,0.9837963195272489,1.0,False
CG31445,0.020308925,0.03866162,0.9837969365961604,1.0,False
lncRNA:CR43253,0.02030815,-0.12733501,0.9837975536650815,1.0,False
Gr2a,0.020305831,-0.35415983,0.983799404871903,1.0,False
CG31102,0.020162726,0.11886969,0.9839135627940597,1.0,False
fd96Cb,0.020151122,0.03213894,0.9839228188562699,1.0,False
cv-d,0.020109737,-0.00884729,0.983955832162436,1.0,False
CG10939,0.01988889,-0.23959139,0.9841320064369808,1.0,False
asRNA:CR43476,0.01969396,0.7959126,0.9842875094171155,1.0,False
CG34302,0.019693187,0.63466483,0.9842881264936265,1.0,False
lncRNA:CR45793,0.019690093,0.58024347,0.9842905947997649,1.0,False
Tppl,0.019686224,0.2284999,0.9842936801826492,1.0,False
CG30380,0.019683903,0.3189169,0.9842955314124926,1.0,False
Tret1l,0.01968313,0.071800895,0.9842961484891258,1.0,False
CG15145,0.019682357,0.30254278,0.9842967655657685,1.0,False
CG14456,0.019678488,0.0153396875,0.9842998509491226,1.0,False
lncRNA:CR43941,0.019676168,-0.0047747465,0.9843017021792478,1.0,False
CG5810,0.019675782,-0.18310332,0.9843020107176103,1.0,False
asRNA:CR46262,0.019675395,-0.060747236,0.984302319255975,1.0,False
CG10116,0.019675395,-0.2488443,0.984302319255975,1.0,False
CG34109,0.019674622,-0.12364254,0.9843029363327116,1.0,False
CG7768,0.019552788,0.20429662,0.9844001260357044,1.0,False
IFT57,0.019528808,0.14910486,0.9844192554648781,1.0,False
CG43366,0.019526487,0.0348465,0.984421106700435,1.0,False
knk,0.019500189,-0.08992314,0.9844420873759404,1.0,False
CG33098,0.019488197,-0.091979004,0.9844516520992278,1.0,False
CG43445,0.019063523,0.6040509,0.9847904298585646,1.0,False
Srr,0.019057335,0.27869573,0.9847953665312179,1.0,False
btl,0.019053468,0.22223699,0.984798451951922,1.0,False
ETH,0.019048827,0.0021598693,0.9848021544570669,1.0,False
BomS6,0.019048054,0.03428514,0.9848027715412896,1.0,False
CG33281,0.019048054,0.17088678,0.9848027715412896,1.0,False
asRNA:CR44724,0.019037224,-0.41804096,0.9848114107213612,1.0,False
Jhbp6,0.019004349,-0.21386889,0.9848376368146278,1.0,False
CG32801,0.018928153,0.2540487,0.9848984197054985,1.0,False
Hsp60D,0.018885609,0.0049300157,0.9849323594289188,1.0,False
CG1208,0.018848479,-0.22317952,0.9849619795734632,1.0,False
CG15657,0.018840745,-0.21026425,0.9849681504395206,1.0,False
lncRNA:CR43146,0.018838424,-0.14823404,0.9849700016995131,1.0,False
CG42259,0.018827595,-0.3242723,0.9849786409138818,1.0,False
CG6236,0.018561495,-0.18278855,0.9851909193035495,1.0,False
asRNA:CR44069,0.018445466,0.77187526,0.9852834828840138,1.0,False
janB,0.01844469,0.9353126,0.9852840999752164,1.0,False
lncRNA:CR45582,0.01842922,0.39393547,0.9852964418011164,1.0,False
lncRNA:CR45402,0.018427674,0.32204673,0.9852976759839,1.0,False
Cht10,0.018425353,0.28540018,0.9852995272581413,1.0,False
lncRNA:CR44915,0.018422259,0.2287309,0.9853019956239196,1.0,False
Tg,0.018417617,0.04721854,0.9853056981728509,1.0,False
asRNA:CR46140,0.018412203,-0.17022893,0.9853100178136706,1.0,False
CG42831,0.018233128,-0.07387284,0.9854528747483646,1.0,False
Orc5,0.018025046,-0.22168343,0.9856188732407885,1.0,False
Gnptab,0.01795272,-0.19933279,0.9856765717477188,1.0,False
CG34222,0.017802652,0.31471407,0.9857962886745385,1.0,False
Pvf2,0.017796852,0.25290996,0.9858009169126841,1.0,False
lncRNA:CR45245,0.017795691,0.19944535,0.9858018425603706,1.0,False
lncRNA:CR44299,0.01779337,0.16201116,0.9858036938558009,1.0,False
CG5267,0.017791437,0.0846623,0.9858052366020512,1.0,False
Nek2,0.017789502,-0.010526392,0.9858067793483546,1.0,False
CG9673,0.017785635,-0.1236064,0.9858098648411207,1.0,False
CG5274,0.017626671,-0.19472307,0.9859366787768986,1.0,False
CG5768,0.017606173,-0.05492169,0.985953031938102,1.0,False
CG7079,0.017380299,-0.23994055,0.986133225650842,1.0,False
eIF2Bbeta,0.017297143,-0.22113346,0.9861995642682483,1.0,False
CG9083,0.017178405,0.3065759,0.9862942898081565,1.0,False
lncRNA:CR46148,0.017162934,0.11691927,0.9863066319123026,1.0,False
lncRNA:CR44851,0.017162161,0.16845123,0.9863072490175959,1.0,False
CG18095,0.01715984,-0.056435257,0.9863091003335251,1.0,False
spz5,0.01715984,-0.014393934,0.9863091003335251,1.0,False
lncRNA:CR45035,0.017045744,-0.3375987,0.9864001234574339,1.0,False
CG13679,0.016838048,0.0022378613,0.9865658168518422,1.0,False
CG15096,0.016553385,0.33710146,0.9867929133937815,1.0,False
Vdup1,0.016546423,0.32000056,0.9867984673987769,1.0,False
trabl,0.016531724,-0.07120183,0.9868101925225345,1.0,False
CG7370,0.016530951,-0.029140562,0.9868108096343902,1.0,False
mir-4978,0.016520122,-0.10660605,0.9868194492011978,1.0,False
rau,0.016510066,-0.183279,0.9868274716574746,1.0,False
CG33700,0.016510066,-0.4964532,0.9868274716574746,1.0,False
Dmel_CR43428,0.016509293,-0.46932578,0.9868280887695511,1.0,False
CG11777,0.016354585,-0.18317449,0.9869515113427595,1.0,False
lncRNA:CR44360,0.016306238,0.20372391,0.9869900809610682,1.0,False
CG17597,0.01621844,-0.03212877,0.9870601234656007,1.0,False
CG15332,0.016083071,-0.3054305,0.9871681187118905,1.0,False
lncRNA:CR44183,0.016059479,16.776789,0.9871869407646455,1.0,False
Tb,0.016059479,15.603145,0.9871869407646455,1.0,False
CG16853,0.016059479,17.522806,0.9871869407646455,1.0,False
CG11211,0.016059479,17.27693,0.9871869407646455,1.0,False
Sfp24C1,0.016059479,16.60064,0.9871869407646455,1.0,False
Chd3,0.016059479,16.317165,0.9871869407646455,1.0,False
asRNA:CR44600,0.016059479,17.000778,0.9871869407646455,1.0,False
mir-4967,0.016059479,16.59325,0.9871869407646455,1.0,False
ng4,0.016059479,17.64575,0.9871869407646455,1.0,False
CG11588,0.016059479,16.571295,0.9871869407646455,1.0,False
lncRNA:CR44554,0.016059479,16.047707,0.9871869407646455,1.0,False
lncRNA:CR45392,0.016059479,15.429087,0.9871869407646455,1.0,False
sa,0.016059479,17.041649,0.9871869407646455,1.0,False
Cyp310a1,0.016059479,16.91595,0.9871869407646455,1.0,False
Grl43a,0.016059479,16.538868,0.9871869407646455,1.0,False
CG8543,0.016059479,17.351246,0.9871869407646455,1.0,False
CG13806,0.016059479,14.515594,0.9871869407646455,1.0,False
Ppi1,0.016059479,15.83515,0.9871869407646455,1.0,False
CG43702,0.016059479,16.562294,0.9871869407646455,1.0,False
CG13634,0.016059479,17.149658,0.9871869407646455,1.0,False
lncRNA:CR45211,0.016059479,17.24875,0.9871869407646455,1.0,False
CG14628,0.016059479,16.486084,0.9871869407646455,1.0,False
snoRNA:Psi28S-3327c,0.016059479,16.954704,0.9871869407646455,1.0,False
lncRNA:CR46228,0.016059479,17.211172,0.9871869407646455,1.0,False
Ir31a,0.016059479,17.158854,0.9871869407646455,1.0,False
CG13449,0.016059479,16.38414,0.9871869407646455,1.0,False
Mal-A4,0.016059479,17.266848,0.9871869407646455,1.0,False
elfless,0.016059479,17.252626,0.9871869407646455,1.0,False
Mal-A7,0.016059479,16.259718,0.9871869407646455,1.0,False
CG43062,0.016059479,16.39414,0.9871869407646455,1.0,False
lncRNA:CR44573,0.016059479,16.585201,0.9871869407646455,1.0,False
BG642312,0.016059479,17.20914,0.9871869407646455,1.0,False
Dnai2,0.016059479,17.215485,0.9871869407646455,1.0,False
CG14610,0.016059479,17.469969,0.9871869407646455,1.0,False
CG13742,0.016059479,17.407055,0.9871869407646455,1.0,False
upd1,0.016059479,16.75935,0.9871869407646455,1.0,False
mt:tRNA:His-GTG,0.016059479,17.236359,0.9871869407646455,1.0,False
snoRNA:Psi28S-2566,0.016059479,17.46499,0.9871869407646455,1.0,False
lncRNA:CR45667,0.016059479,16.620008,0.9871869407646455,1.0,False
CG10920,0.016059479,16.747852,0.9871869407646455,1.0,False
CG31279,0.016059479,17.197752,0.9871869407646455,1.0,False
lncRNA:CR44695,0.016059479,16.515713,0.9871869407646455,1.0,False
hpRNA:LINR-1,0.016059479,16.70623,0.9871869407646455,1.0,False
CG33062,0.016059479,17.404999,0.9871869407646455,1.0,False
lncRNA:CR44543,0.016059479,16.146494,0.9871869407646455,1.0,False
snoRNA:CD58a,0.016059479,16.891088,0.9871869407646455,1.0,False
lncRNA:CR45698,0.016059479,16.065727,0.9871869407646455,1.0,False
Gem4b,0.016059479,15.901454,0.9871869407646455,1.0,False
CG43938,0.016059479,14.912759,0.9871869407646455,1.0,False
CG10589,0.016059479,17.506552,0.9871869407646455,1.0,False
CG43296,0.016059479,14.977034,0.9871869407646455,1.0,False
CG15249,0.016059479,17.270498,0.9871869407646455,1.0,False
Ir56b,0.016059479,17.217003,0.9871869407646455,1.0,False
CG8750,0.016059479,16.714016,0.9871869407646455,1.0,False
CG15498,0.016059479,16.68437,0.9871869407646455,1.0,False
Elo68alpha,0.016059479,16.771238,0.9871869407646455,1.0,False
mei-P22,0.016059479,17.401451,0.9871869407646455,1.0,False
Cpr30B,0.016059479,16.767954,0.9871869407646455,1.0,False
CG15468,0.016059479,16.130205,0.9871869407646455,1.0,False
Spn38F,0.016059479,16.473492,0.9871869407646455,1.0,False
snoRNA:CD9b,0.016059479,16.151278,0.9871869407646455,1.0,False
Ir11a,0.016059479,15.196116,0.9871869407646455,1.0,False
lncRNA:CR44373,0.016059479,17.287447,0.9871869407646455,1.0,False
SkpF,0.016059479,16.256409,0.9871869407646455,1.0,False
asRNA:CR44108,0.016059479,15.588418,0.9871869407646455,1.0,False
CG43137,0.016059479,16.497934,0.9871869407646455,1.0,False
CG14326,0.016059479,15.962299,0.9871869407646455,1.0,False
Ir56c,0.016059479,16.437473,0.9871869407646455,1.0,False
lncRNA:CR43719,0.016059479,17.566168,0.9871869407646455,1.0,False
CG8087,0.016059479,16.070246,0.9871869407646455,1.0,False
GstD4,0.016059479,15.942861,0.9871869407646455,1.0,False
CG43922,0.016059479,16.150064,0.9871869407646455,1.0,False
CG13991,0.016059479,15.447688,0.9871869407646455,1.0,False
asRNA:CR44653,0.016059479,15.43137,0.9871869407646455,1.0,False
CG14262,0.016059479,15.997443,0.9871869407646455,1.0,False
CG17110,0.016059479,16.403843,0.9871869407646455,1.0,False
CG15213,0.016059479,17.4102,0.9871869407646455,1.0,False
CG33017,0.016059479,16.82173,0.9871869407646455,1.0,False
CG42780,0.016059479,17.20189,0.9871869407646455,1.0,False
Or67c,0.016059479,17.08765,0.9871869407646455,1.0,False
CG15282,0.016059479,15.39224,0.9871869407646455,1.0,False
Dmel_CR34659,0.016059479,16.157742,0.9871869407646455,1.0,False
lncRNA:CR45824,0.016059479,17.720976,0.9871869407646455,1.0,False
CG13244,0.016059479,15.979144,0.9871869407646455,1.0,False
CG7631,0.016059479,17.469128,0.9871869407646455,1.0,False
lncRNA:CR43682,0.016059479,16.927347,0.9871869407646455,1.0,False
Obp93a,0.016059479,16.78177,0.9871869407646455,1.0,False
asRNA:CR45466,0.016059479,17.501484,0.9871869407646455,1.0,False
CG2663,0.016059479,16.433527,0.9871869407646455,1.0,False
TwdlY,0.016059479,15.857508,0.9871869407646455,1.0,False
CG43184,0.016059479,16.23058,0.9871869407646455,1.0,False
lncRNA:CR34046,0.016059479,15.934547,0.9871869407646455,1.0,False
Ugt37A3,0.016059479,15.359478,0.9871869407646455,1.0,False
CG43997,0.016059479,17.40107,0.9871869407646455,1.0,False
CG43077,0.016059479,16.449492,0.9871869407646455,1.0,False
CG44403,0.016059479,16.87479,0.9871869407646455,1.0,False
asRNA:CR44891,0.016059479,16.040077,0.9871869407646455,1.0,False
ndl,0.016059479,17.18817,0.9871869407646455,1.0,False
CG43402,0.016059479,16.775639,0.9871869407646455,1.0,False
CG43106,0.016059479,17.63499,0.9871869407646455,1.0,False
CG14676,0.016059479,17.744658,0.9871869407646455,1.0,False
asRNA:CR43868,0.016059479,15.71684,0.9871869407646455,1.0,False
lncRNA:CR44744,0.016059479,17.348234,0.9871869407646455,1.0,False
snoRNA:CD40,0.016059479,16.86405,0.9871869407646455,1.0,False
lncRNA:CR44720,0.016059479,17.628267,0.9871869407646455,1.0,False
lncRNA:CR43417,0.016059479,16.663288,0.9871869407646455,1.0,False
He,0.016059479,16.299915,0.9871869407646455,1.0,False
lncRNA:CR44732,0.016059479,15.848822,0.9871869407646455,1.0,False
Cdlc2,0.016059479,16.944475,0.9871869407646455,1.0,False
Gr22c,0.016059479,17.289505,0.9871869407646455,1.0,False
CG9897,0.016059479,15.863695,0.9871869407646455,1.0,False
dls,0.016059479,15.3781395,0.9871869407646455,1.0,False
Ir41a,0.016059479,16.060686,0.9871869407646455,1.0,False
CG42692,0.016059479,15.833085,0.9871869407646455,1.0,False
lncRNA:CR45720,0.016059479,16.269268,0.9871869407646455,1.0,False
CG33003,0.016059479,16.07216,0.9871869407646455,1.0,False
mir-2a-2,0.016059479,16.785114,0.9871869407646455,1.0,False
CG13712,0.016059479,16.962921,0.9871869407646455,1.0,False
CG14339,0.016059479,15.882839,0.9871869407646455,1.0,False
CG45080,0.016059479,16.296297,0.9871869407646455,1.0,False
mthl12,0.016059479,17.519022,0.9871869407646455,1.0,False
lncRNA:CR42646,0.016059479,16.777052,0.9871869407646455,1.0,False
lncRNA:CR45722,0.016059479,15.897323,0.9871869407646455,1.0,False
gdrd,0.016059479,15.415528,0.9871869407646455,1.0,False
CG11162,0.016059479,16.90484,0.9871869407646455,1.0,False
CG3868,0.016059479,16.48483,0.9871869407646455,1.0,False
CG16888,0.016059479,17.840508,0.9871869407646455,1.0,False
CG14499,0.016059479,17.060633,0.9871869407646455,1.0,False
lncRNA:CR44446,0.016059479,17.160501,0.9871869407646455,1.0,False
CG34217,0.016059479,17.703794,0.9871869407646455,1.0,False
lncRNA:CR44076,0.016059479,17.48432,0.9871869407646455,1.0,False
CG15422,0.016059479,15.57687,0.9871869407646455,1.0,False
Ir75a,0.016059479,16.986761,0.9871869407646455,1.0,False
CG9452,0.016059479,16.97538,0.9871869407646455,1.0,False
Def,0.016059479,17.317749,0.9871869407646455,1.0,False
lncRNA:CR40629,0.016059479,16.067839,0.9871869407646455,1.0,False
kl-3,0.016059479,17.153307,0.9871869407646455,1.0,False
mt:tRNA:Tyr-GTA,0.016059479,17.349451,0.9871869407646455,1.0,False
Nlg1,0.015918307,0.2142767,0.9872995646715734,1.0,False
CG14563,0.015915986,0.2748265,0.9873014160255886,1.0,False
lncRNA:CR46075,0.01590361,0.016246794,0.9873112899148245,1.0,False
CG17027,0.015817361,0.006116795,0.9873800986343171,1.0,False
asRNA:CR43933,0.015723761,-0.08544571,0.9874547700863275,1.0,False
lncRNA:CR43496,0.015673095,-0.11851076,0.9874951914554108,1.0,False
asRNA:CR44046,0.01562823,-0.46385252,0.9875309844502533,1.0,False
AdamTS-B,0.015598448,0.19503583,0.9875547436072447,1.0,False
lncRNA:CR46233,0.015431751,2.3549473,0.9876877333774958,1.0,False
PH4alphaSG1,0.015431751,2.829656,0.9876877333774958,1.0,False
lncRNA:CR43686,0.015431751,4.371173,0.9876877333774958,1.0,False
lncRNA:CR44538,0.015431751,2.3994951,0.9876877333774958,1.0,False
lncRNA:CR43410,0.015431751,2.7859142,0.9876877333774958,1.0,False
lncRNA:CR45117,0.015431751,2.6826093,0.9876877333774958,1.0,False
CG14932,0.015431751,2.3219724,0.9876877333774958,1.0,False
mir-998,0.015431751,2.4366217,0.9876877333774958,1.0,False
CG34169,0.015431751,2.5395937,0.9876877333774958,1.0,False
Trxr2,0.015431751,2.095473,0.9876877333774958,1.0,False
mir-317,0.015431751,1.7232971,0.9876877333774958,1.0,False
snoRNA:Psi28S-291,0.015431751,3.0676854,0.9876877333774958,1.0,False
lncRNA:CR46245,0.015431751,3.8820088,0.9876877333774958,1.0,False
CG11656,0.015431751,2.57864,0.9876877333774958,1.0,False
Spn77Bc,0.015431751,2.7947333,0.9876877333774958,1.0,False
snoRNA:Psi28S-3405c,0.015431751,4.2092047,0.9876877333774958,1.0,False
CG31820,0.015431751,3.016416,0.9876877333774958,1.0,False
lncRNA:CR44125,0.015430977,1.2367249,0.9876883505001999,1.0,False
lncRNA:CR43863,0.015430977,2.7720532,0.9876883505001999,1.0,False
Mco1,0.015430977,2.0780895,0.9876883505001999,1.0,False
Ptp52F,0.015430977,1.9344091,0.9876883505001999,1.0,False
CG31821,0.015430977,2.6169467,0.9876883505001999,1.0,False
vas,0.015430977,1.5278118,0.9876883505001999,1.0,False
CG7730,0.015430977,1.3986462,0.9876883505001999,1.0,False
CG9521,0.015430977,1.398461,0.9876883505001999,1.0,False
CG30002,0.015430977,1.86274,0.9876883505001999,1.0,False
CG34446,0.015430977,2.634958,0.9876883505001999,1.0,False
CecA1,0.015430977,2.5069797,0.9876883505001999,1.0,False
gNacalpha,0.015430977,1.7049675,0.9876883505001999,1.0,False
lncRNA:CR44833,0.015430977,1.9600236,0.9876883505001999,1.0,False
bam,0.015430977,2.4389014,0.9876883505001999,1.0,False
sand,0.015430977,2.4413126,0.9876883505001999,1.0,False
mir-4982,0.015430977,1.4663119,0.9876883505001999,1.0,False
Prm,0.015430977,1.278817,0.9876883505001999,1.0,False
CG18635,0.015430977,2.8822877,0.9876883505001999,1.0,False
snoRNA:Psi18S-841b,0.015430977,2.0694833,0.9876883505001999,1.0,False
CG11409,0.015430977,1.3220942,0.9876883505001999,1.0,False
karr,0.015430977,1.7795446,0.9876883505001999,1.0,False
CG15930,0.015430977,2.7354736,0.9876883505001999,1.0,False
lncRNA:CR46220,0.015430977,2.0038037,0.9876883505001999,1.0,False
snoRNA:CD74,0.015430977,2.0559149,0.9876883505001999,1.0,False
Mur82C,0.015430977,2.2107134,0.9876883505001999,1.0,False
Reepl1,0.015430977,1.5599407,0.9876883505001999,1.0,False
Ir100a,0.015430977,1.7440511,0.9876883505001999,1.0,False
CG34185,0.015430204,0.77218586,0.9876889676229113,1.0,False
CG15625,0.015430204,1.4544709,0.9876889676229113,1.0,False
lncRNA:CR44274,0.015430204,1.0763526,0.9876889676229113,1.0,False
lncRNA:CR43498,0.015430204,1.083941,0.9876889676229113,1.0,False
atk,0.015430204,1.042036,0.9876889676229113,1.0,False
lncRNA:CR45590,0.015430204,1.3577913,0.9876889676229113,1.0,False
CG43448,0.015430204,1.4392658,0.9876889676229113,1.0,False
CG9021,0.015430204,1.2317507,0.9876889676229113,1.0,False
CheB42b,0.015430204,1.1797808,0.9876889676229113,1.0,False
solo,0.015430204,0.91982025,0.9876889676229113,1.0,False
Prosalpha4T1,0.015430204,0.5685042,0.9876889676229113,1.0,False
CG15269,0.015430204,1.0959108,0.9876889676229113,1.0,False
snRNA:U1:95Cc,0.015430204,1.937298,0.9876889676229113,1.0,False
Gr68a,0.015430204,1.326473,0.9876889676229113,1.0,False
Cpr35B,0.015430204,1.1729931,0.9876889676229113,1.0,False
CG12702,0.015430204,0.5512623,0.9876889676229113,1.0,False
Dmel_CR34689,0.015430204,0.8637053,0.9876889676229113,1.0,False
CG30431,0.015430204,1.309673,0.9876889676229113,1.0,False
asRNA:CR45210,0.015430204,1.8386335,0.9876889676229113,1.0,False
CG6299,0.015430204,1.5304772,0.9876889676229113,1.0,False
asRNA:CR45026,0.015430204,0.9154731,0.9876889676229113,1.0,False
lncRNA:CR45393,0.015430204,0.59209037,0.9876889676229113,1.0,False
bora,0.015430204,2.662039,0.9876889676229113,1.0,False
lncRNA:CR44230,0.015430204,1.2874217,0.9876889676229113,1.0,False
snoRNA:Psi28S-3316c,0.015430204,1.1079257,0.9876889676229113,1.0,False
lncRNA:CR44146,0.015430204,1.0601658,0.9876889676229113,1.0,False
lncRNA:CR46221,0.015430204,1.4560364,0.9876889676229113,1.0,False
CG5662,0.015430204,0.4917111,0.9876889676229113,1.0,False
CG34175,0.01542943,0.433302,0.9876895847456301,1.0,False
CG42449,0.01542943,0.36275515,0.9876895847456301,1.0,False
CG14851,0.01542943,1.1009208,0.9876895847456301,1.0,False
brv2,0.01542943,0.75950503,0.9876895847456301,1.0,False
CG8252,0.01542943,0.07119681,0.9876895847456301,1.0,False
lncRNA:CR44241,0.01542943,0.58491117,0.9876895847456301,1.0,False
CG33792,0.01542943,0.26809677,0.9876895847456301,1.0,False
CG13358,0.01542943,-1.0995572,0.9876895847456301,1.0,False
CG43376,0.01542943,0.90349585,0.9876895847456301,1.0,False
CG6938,0.01542943,0.2581422,0.9876895847456301,1.0,False
lncRNA:CR43455,0.01542943,0.5337455,0.9876895847456301,1.0,False
moon,0.01542943,0.013603688,0.9876895847456301,1.0,False
CG18577,0.01542943,0.2941593,0.9876895847456301,1.0,False
AgmNAT,0.01542943,0.81306446,0.9876895847456301,1.0,False
CG31668,0.01542943,-0.11421269,0.9876895847456301,1.0,False
asRNA:CR45927,0.01542943,0.5654281,0.9876895847456301,1.0,False
asRNA:CR45189,0.01542943,0.77467936,0.9876895847456301,1.0,False
CG32726,0.01542943,0.38999453,0.9876895847456301,1.0,False
lncRNA:CR45253,0.01542943,0.76820076,0.9876895847456301,1.0,False
CG33120,0.01542943,0.68481576,0.9876895847456301,1.0,False
Myst5,0.01542943,0.0966248,0.9876895847456301,1.0,False
CAH5,0.01542943,1.0080898,0.9876895847456301,1.0,False
lncRNA:CR44073,0.01542943,0.42127082,0.9876895847456301,1.0,False
lncRNA:CR43752,0.01542943,0.46058467,0.9876895847456301,1.0,False
CG15731,0.01542943,0.28257626,0.9876895847456301,1.0,False
lncRNA:CR45884,0.01542943,0.89928454,0.9876895847456301,1.0,False
CG33500,0.01542943,0.48590738,0.9876895847456301,1.0,False
fs(1)N,0.01542943,0.5519408,0.9876895847456301,1.0,False
CG6441,0.01542943,0.2552437,0.9876895847456301,1.0,False
Vha14-2,0.015307983,0.41317996,0.9877864731035899,1.0,False
Ir25a,0.015306436,0.44196188,0.9877877073513531,1.0,False
Gasp,0.015278589,0.05565805,0.9878099238160849,1.0,False
twy,0.01527008,0.05666306,0.9878167121821946,1.0,False
CG42733,0.015198914,0.32451418,0.9878734876423304,1.0,False
pit,0.014956023,-0.19126117,0.9880672652170123,1.0,False
lncRNA:CR45242,0.014951382,0.15615329,0.9880709679801069,1.0,False
Jon99Cii,0.014804795,2.6956623,0.9881879137129673,1.0,False
CG32201,0.014804795,1.804368,0.9881879137129673,1.0,False
lncRNA:CR44763,0.014804795,1.7135038,0.9881879137129673,1.0,False
ItgaPS5,0.014804022,1.643686,0.9881885308415206,1.0,False
asRNA:CR45485,0.014804022,2.2787325,0.9881885308415206,1.0,False
Cpr78Cb,0.014803248,1.6714516,0.988189147970081,1.0,False
CG5418,0.014803248,1.4996175,0.988189147970081,1.0,False
Mkp,0.014803248,1.6142154,0.988189147970081,1.0,False
CG34299,0.014803248,1.5742652,0.988189147970081,1.0,False
mir-4984,0.014803248,1.1734419,0.988189147970081,1.0,False
CG10182,0.014803248,1.453449,0.988189147970081,1.0,False
asRNA:CR43971,0.0148024745,1.1733472,0.9881897650986483,1.0,False
lncRNA:CR43918,0.0148024745,1.2145305,0.9881897650986483,1.0,False
CG7126,0.0148024745,1.1481497,0.9881897650986483,1.0,False
lncRNA:CR45111,0.0148024745,1.2903047,0.9881897650986483,1.0,False
CG34216,0.0148024745,0.8894017,0.9881897650986483,1.0,False
CG3526,0.0148024745,1.4496305,0.9881897650986483,1.0,False
CG32450,0.0148024745,1.3172102,0.9881897650986483,1.0,False
CG42564,0.0148024745,1.1928123,0.9881897650986483,1.0,False
CG30325,0.0148017015,1.0269551,0.9881903822272228,1.0,False
CG8006,0.0148017015,-0.090989165,0.9881903822272228,1.0,False
CG18540,0.0148017015,0.62955195,0.9881903822272228,1.0,False
lncRNA:CR43151,0.0148017015,1.1174544,0.9881903822272228,1.0,False
lncRNA:CR44605,0.0148017015,0.58747756,0.9881903822272228,1.0,False
CG42854,0.0148017015,0.68333614,0.9881903822272228,1.0,False
CG30339,0.0148017015,0.95912707,0.9881903822272228,1.0,False
CG45011,0.0148017015,1.2723273,0.9881903822272228,1.0,False
CG10481,0.0148017015,0.8989274,0.9881903822272228,1.0,False
CG43799,0.0148017015,0.689191,0.9881903822272228,1.0,False
CG18233,0.014800928,0.70376205,0.9881909993558043,1.0,False
asRNA:CR45144,0.014800928,0.6910619,0.9881909993558043,1.0,False
CG43980,0.014800928,0.45063558,0.9881909993558043,1.0,False
CG43999,0.014800928,0.7230291,0.9881909993558043,1.0,False
gudu,0.014800928,0.10709348,0.9881909993558043,1.0,False
CG12951,0.014800928,0.22493525,0.9881909993558043,1.0,False
CG14957,0.014800928,0.57216126,0.9881909993558043,1.0,False
CG13285,0.014800928,0.63887924,0.9881909993558043,1.0,False
CG31809,0.014800928,0.076923184,0.9881909993558043,1.0,False
CG16704,0.014800928,0.535072,0.9881909993558043,1.0,False
snoRNA:Pi4KIIalpha-a,0.014800155,0.6129659,0.9881916164843929,1.0,False
lncRNA:CR43945,0.014800155,0.21111041,0.9881916164843929,1.0,False
Neurochondrin,0.014800155,0.47398302,0.9881916164843929,1.0,False
asRNA:CR46105,0.014800155,0.31329963,0.9881916164843929,1.0,False
alphaTub85E,0.014800155,-0.25623214,0.9881916164843929,1.0,False
CG31226,0.014800155,0.81308097,0.9881916164843929,1.0,False
Mayo,0.014800155,0.31501114,0.9881916164843929,1.0,False
ppk,0.014800155,0.8425597,0.9881916164843929,1.0,False
CG10505,0.014799381,-0.25429812,0.9881922336129886,1.0,False
pre-mod(mdg4)-I,0.014799381,0.2364365,0.9881922336129886,1.0,False
snoRNA:Psi18S-640g,0.014799381,-0.13662079,0.9881922336129886,1.0,False
lncRNA:CR43991,0.014799381,-0.3398588,0.9881922336129886,1.0,False
Cubn2,0.014799381,0.24973473,0.9881922336129886,1.0,False
Ser8,0.014799381,0.3825457,0.9881922336129886,1.0,False
lncRNA:TS9,0.014798608,-0.017185174,0.9881928507415914,1.0,False
CG30350,0.014798608,0.10582844,0.9881928507415914,1.0,False
Nox,0.014798608,0.5320406,0.9881928507415914,1.0,False
CG34051,0.014798608,-0.21986577,0.9881928507415914,1.0,False
lncRNA:CR44701,0.014798608,0.077323504,0.9881928507415914,1.0,False
CG32718,0.014798608,0.42843968,0.9881928507415914,1.0,False
Tpt,0.014798608,0.065173425,0.9881928507415914,1.0,False
CG14668,0.014798608,-0.112658694,0.9881928507415914,1.0,False
CG13010,0.014798608,-1.3868406,0.9881928507415914,1.0,False
CG12766,0.014798608,0.15739158,0.9881928507415914,1.0,False
Dhfr,0.014755676,-0.037106324,0.9882271013901088,1.0,False
shf,0.014689151,0.60134083,0.9882801745099271,1.0,False
Uros2,0.014682963,0.49466968,0.9882851115469691,1.0,False
CG33767,0.014650474,0.08996523,0.9883110309987945,1.0,False
asRNA:CR44065,0.01464506,0.06918047,0.9883153509086322,1.0,False
Spn28Dc,0.014629202,-0.105352476,0.9883280020751272,1.0,False
TBC1D5,0.014544499,-0.22476839,0.9883955778677405,1.0,False
lncRNA:CR45902,0.014458636,0.39672437,0.9884640794411097,1.0,False
CG8850,0.014449741,-0.13982837,0.9884711764558337,1.0,False
Ilp5,0.014383603,0.10787378,0.9885239412460433,1.0,False
CG16798,0.014279175,-0.02754175,0.9886072541747972,1.0,False
asRNA:CR45044,0.014176293,1.3566656,0.9886893329594291,1.0,False
Sb,0.014176293,1.3692886,0.9886893329594291,1.0,False
CG31862,0.014174746,0.7829341,0.9886905672277829,1.0,False
Sr-CII,0.014174746,0.8007593,0.9886905672277829,1.0,False
CG43094,0.014174746,0.91789305,0.9886905672277829,1.0,False
mex1,0.014173973,0.8773592,0.98869118436197,1.0,False
lncRNA:CR44377,0.014173973,0.9073018,0.98869118436197,1.0,False
lncRNA:CR45681,0.014173973,1.2483134,0.98869118436197,1.0,False
CG10339,0.014173199,0.560113,0.9886918014961639,1.0,False
CG4408,0.014173199,0.21314624,0.9886918014961639,1.0,False
asRNA:CR44959,0.014173199,0.52359295,0.9886918014961639,1.0,False
CG18536,0.014173199,0.65421975,0.9886918014961639,1.0,False
Bfc,0.014172426,0.5035223,0.9886924186303645,1.0,False
CG14325,0.014172426,0.5018818,0.9886924186303645,1.0,False
Lcp65Ad,0.014172426,0.25574604,0.9886924186303645,1.0,False
lncRNA:CR44670,0.014172426,0.6774811,0.9886924186303645,1.0,False
mir-4964,0.014172426,0.39692795,0.9886924186303645,1.0,False
Cyp6a22,0.014172426,0.59284747,0.9886924186303645,1.0,False
lncRNA:CR46225,0.0141716525,0.29287884,0.9886930357645719,1.0,False
Mst87F,0.0141716525,0.33775085,0.9886930357645719,1.0,False
CG15545,0.0141716525,0.25967768,0.9886930357645719,1.0,False
CG32086,0.0141716525,0.26184073,0.9886930357645719,1.0,False
lncRNA:CR41257,0.0141716525,0.30790713,0.9886930357645719,1.0,False
lncRNA:CR44633,0.0141716525,0.55009335,0.9886930357645719,1.0,False
lncRNA:CR46235,0.0141716525,0.12925124,0.9886930357645719,1.0,False
Sardh,0.0141716525,0.4671309,0.9886930357645719,1.0,False
CG42710,0.0141716525,0.795572,0.9886930357645719,1.0,False
CG12590,0.014170879,0.1853783,0.988693652898786,1.0,False
lncRNA:CR45337,0.014170879,0.3243475,0.988693652898786,1.0,False
CG31698,0.014170879,-0.58474094,0.988693652898786,1.0,False
asRNA:CR43637,0.014170879,0.24450214,0.988693652898786,1.0,False
Or98a,0.014170879,0.6405293,0.988693652898786,1.0,False
lncRNA:CR43420,0.014170106,0.024993636,0.9886942700330069,1.0,False
lncRNA:CR44714,0.014169332,-0.009765841,0.9886948871672346,1.0,False
CG33460,0.014169332,-0.009579382,0.9886948871672346,1.0,False
CG6602,0.014167785,-0.8365394,0.9886961214357103,1.0,False
lncRNA:CR44544,0.014003021,-0.06479347,0.9888275711826355,1.0,False
CG34201,0.013986003,-0.37704837,0.9888411481691424,1.0,False
scra,0.013870745,0.074771926,0.9889331014807966,1.0,False
Bcat,0.013855275,-0.0077147707,0.9889454442184105,1.0,False
bt,0.01368819,-0.012568005,0.9890787459526097,1.0,False
Antp,0.013628627,0.057608455,0.9891262656262063,1.0,False
CG3987,0.013547792,1.1360967,0.9891907566734691,1.0,False
CG5506,0.013545471,0.7070355,0.9891926080921388,1.0,False
CG14760,0.013545471,0.5932238,0.9891926080921388,1.0,False
CG2861,0.013544697,0.43178806,0.9891932252317083,1.0,False
asRNA:CR32252,0.013543924,0.3613337,0.9891938423712843,1.0,False
lncRNA:CR45412,0.01354315,0.33529192,0.9891944595108667,1.0,False
CG44102,0.013542377,0.15048257,0.9891950766504556,1.0,False
Fam161,0.013541603,0.23905076,0.9891956937900509,1.0,False
CG3492,0.013541603,0.020491667,0.9891956937900509,1.0,False
Or42b,0.013541603,0.078970626,0.9891956937900509,1.0,False
lncRNA:CR44056,0.0135400565,-0.007181082,0.989196928069261,1.0,False
CG12985,0.0135400565,-0.061405707,0.989196928069261,1.0,False
Cad99C,0.013539283,-0.0617734,0.9891975452088757,1.0,False
CG30280,0.01353851,-0.24680158,0.989198162348497,1.0,False
asRNA:CR45806,0.01353851,-0.105997324,0.989198162348497,1.0,False
CG14736,0.01353851,-0.3500578,0.989198162348497,1.0,False
CG8539,0.013536963,-0.84150594,0.9891993966277588,1.0,False
CPT2,0.0134306,0.42724082,0.9892842533888252,1.0,False
CG17450,0.0133849615,-0.06771075,0.9893206646907958,1.0,False
CG31326,0.013377226,-0.008857494,0.9893268361001161,1.0,False
CG10621,0.013222131,-0.004842028,0.9894505729912544,1.0,False
CG13022,0.012920837,1.1044433,0.9896909503677086,1.0,False
CG13516,0.012920064,0.825306,0.9896915675123791,1.0,False
lncRNA:CR43419,0.01291929,1.182017,0.9896921846570559,1.0,False
bond,0.012918517,0.705809,0.9896928018017387,1.0,False
cyr,0.012916196,0.56923074,0.9896946532358244,1.0,False
CG7695,0.012914649,0.40962568,0.9896958875252457,1.0,False
lncRNA:CR46208,0.012914649,0.38954476,0.9896958875252457,1.0,False
CG10934,0.012913875,-0.0145139,0.9896965046699656,1.0,False
lncRNA:CR44817,0.012912328,0.09730493,0.9896977389594239,1.0,False
lncRNA:CR46013,0.012911554,0.39318323,0.9896983561041622,1.0,False
asRNA:CR46069,0.012911554,0.13560727,0.9896983561041622,1.0,False
snoRNA:Psi28S-2442a,0.012911554,0.018648,0.9896983561041622,1.0,False
lncRNA:CR33987,0.012911554,0.14836462,0.9896983561041622,1.0,False
CNMa,0.0129100075,0.008560229,0.9896995903936575,1.0,False
CG10793,0.0129100075,-0.25194076,0.9896995903936575,1.0,False
Poc1,0.0129092345,-0.013880965,0.9897002075384145,1.0,False
w-cup,0.0129092345,-0.28150144,0.9897002075384145,1.0,False
CG2574,0.012908461,-0.33138013,0.9897008246831774,1.0,False
CG17211,0.012907687,-0.25420544,0.9897014418279467,1.0,False
lncRNA:CR45188,0.012906914,-0.48430777,0.989702058972722,1.0,False
CG9616,0.01290614,-0.4801725,0.9897026761175036,1.0,False
Pgm2b,0.012902272,-0.82267076,0.9897057618415036,1.0,False
CG34316,0.012776959,0.21930523,0.9898057393821614,1.0,False
Ufsp1,0.012736734,-0.21354395,0.9898378309724353,1.0,False
lectin-30A,0.012715075,-0.41100222,0.9898551110663192,1.0,False
CG18367,0.012635014,0.12354062,0.9899189857403123,1.0,False
SmydA-7,0.012565395,-0.14134228,0.9899745289876254,1.0,False
ana3,0.012546443,-0.15532237,0.9899896491022635,1.0,False
Dis3,0.012546057,-0.17646894,0.9899899576760691,1.0,False
Coprox,0.012403338,-0.22889301,0.9901038215121563,1.0,False
Andorra,0.0122969765,0.8598666,0.990188679515788,1.0,False
snoRNA:Psi18S-1377e,0.012294656,1.152547,0.9901905309643807,1.0,False
CG34043,0.012288468,0.48905095,0.990195468160886,1.0,False
CG13473,0.012288468,0.61492825,0.990195468160886,1.0,False
Pkcdelta,0.012286147,0.237747,0.9901973196096723,1.0,False
CG43351,0.012283826,0.07572822,0.9901991710585114,1.0,False
Osi12,0.012281505,-0.04834802,0.9902010225074033,1.0,False
ND-51L2,0.012280732,-0.23890671,0.9902016396570457,1.0,False
lncRNA:CR44022,0.012280732,-0.14814131,0.9902016396570457,1.0,False
CG12744,0.012280732,-0.1270725,0.9902016396570457,1.0,False
CG13912,0.012280732,-0.14677991,0.9902016396570457,1.0,False
CG9289,0.012280732,0.039345432,0.9902016396570457,1.0,False
sti,0.012279958,-0.19180126,0.9902022568066938,1.0,False
lncRNA:CR44419,0.012279958,-0.053290393,0.9902022568066938,1.0,False
CG6138,0.012279958,-0.1418595,0.9902022568066938,1.0,False
asRNA:CR45623,0.0122791855,-0.32318196,0.9902028739563479,1.0,False
P5CDh2,0.012278412,-0.307808,0.9902034911060078,1.0,False
CG31272,0.012277638,-0.36286035,0.9902041082556736,1.0,False
CG17300,0.012269129,-1.0779705,0.9902108969023842,1.0,False
Tpl94D,0.012167408,0.46627426,0.9902920521427988,1.0,False
CG30053,0.012074583,-0.10585607,0.9903661102445387,1.0,False
T3dh,0.012020049,0.10908927,0.9904096194180598,1.0,False
Samtor,0.011997229,-0.15034856,0.9904278253927563,1.0,False
CG14331,0.011892028,0.077705055,0.9905117580861743,1.0,False
Rab6,0.0118494835,-0.14434923,0.9905457014847077,1.0,False
vito,0.011739254,-0.23222364,0.990633645823995,1.0,False
ninaD,0.011661513,0.45415747,0.9906956697949351,1.0,False
lncRNA:CR44348,0.011659192,0.45218706,0.9906975212576203,1.0,False
lncRNA:CR44448,0.011659192,0.3420041,0.9906975212576203,1.0,False
CG15870,0.011655324,0.20612676,0.9907006070288737,1.0,False
lncRNA:CR45480,0.011653777,0.020002225,0.9907018413374141,1.0,False
insc,0.011653004,-0.029299678,0.9907024584916926,1.0,False
asRNA:CR45952,0.01165223,0.1150634,0.9907030756459767,1.0,False
CG43093,0.011650683,-0.16447711,0.9907043099545615,1.0,False
lncRNA:CR46041,0.011650683,0.005978343,0.9907043099545615,1.0,False
betaNACtes4,0.0116475895,-0.24289438,0.9907067785717979,1.0,False
Gyc76C,0.011646042,-0.23448192,0.9907080128804494,1.0,False
lncRNA:CR46125,0.011643722,-0.37902978,0.9907098643434685,1.0,False
Dh44-R1,0.011541614,-0.13853331,0.9907913287656922,1.0,False
lncRNA:CR45540,0.0115021635,0.05637308,0.9908228036818553,1.0,False
Tmlh,0.0115021635,0.019372052,0.9908228036818553,1.0,False
Cyp6a23,0.011489787,0.04372872,0.990832678168303,1.0,False
CG13630,0.011121968,-0.19063073,0.9911261361967754,1.0,False
lncRNA:CR45180,0.01104152,-0.14305933,0.9911903206588067,1.0,False
hlk,0.011039199,0.6219421,0.991192172134521,1.0,False
BomBc3,0.011036878,-0.43243513,0.9911940236102827,1.0,False
asRNA:CR44897,0.011033011,0.3682837,0.9911971094033244,1.0,False
asRNA:CR45807,0.011026049,0.18725194,0.9912026638311311,1.0,False
lncRNA:CR44322,0.011025276,0.077637754,0.9912032809898026,1.0,False
asRNA:CR46089,0.011023728,-0.05205112,0.9912045153071615,1.0,False
lncRNA:CR45179,0.011022181,-0.026759995,0.9912057496245413,1.0,False
Cyp4p2,0.011019087,-0.40163916,0.9912082182593642,1.0,False
CG43788,0.011014446,-0.27131644,0.9912119212117563,1.0,False
CG16995,0.011001296,-0.55082166,0.9912224129112284,1.0,False
inaF-D,0.010863218,0.013253047,0.9913325758469769,1.0,False
gas,0.010853163,-0.03145,0.9913405989244085,1.0,False
CG15784,0.01084156,-0.11964392,0.991349856322533,1.0,False
arx,0.0107518295,-0.14776896,0.9914214469072599,1.0,False
tous,0.010676409,-0.046112914,0.9914816200814909,1.0,False
Mal-B2,0.010621487,-0.18318194,0.9915254385260541,1.0,False
CG34025,0.01040915,0.4062901,0.9916948495122566,1.0,False
lncRNA:CR46023,0.010403736,0.27487272,0.9916991696516237,1.0,False
lncRNA:CR45020,0.010402963,0.27315304,0.9916997868144103,1.0,False
lncRNA:CR33942,0.010402963,0.17898728,0.9916997868144103,1.0,False
snoRNA:Psi28S-1175c,0.010397547,0.29707375,0.9917041069540556,1.0,False
lncRNA:CR44051,0.010396774,0.06967653,0.9917047241168819,1.0,False
Cyp4ac1,0.010395227,0.10743511,0.9917059584425495,1.0,False
Taf12L,0.010395227,0.0769766,0.9917059584425495,1.0,False
CG32036,0.010392132,0.02016335,0.9917084270939441,1.0,False
CG30076,0.010390585,-0.21838509,0.9917096614196712,1.0,False
CG9826,0.010389038,-0.1715883,0.9917108957454182,1.0,False
CG3339,0.010389038,-0.018795917,0.9917108957454182,1.0,False
lncRNA:CR45687,0.0103859445,-0.24732393,0.9917133643969716,1.0,False
CG13137,0.01038053,-0.57590026,0.9917176845373807,1.0,False
lncRNA:CR45876,0.010372794,-0.72301143,0.9917238561669581,1.0,False
Fancd2,0.010279969,0.2564472,0.9917979157604057,1.0,False
CG15614,0.010242839,-0.02030973,0.9918275396176082,1.0,False
CG42789,0.010235104,-0.03819316,0.9918337112559448,1.0,False
clos,0.010165486,-0.60311776,0.9918892560229182,1.0,False
CG33514,0.01003321,-0.09211648,0.9919947911882429,1.0,False
Kaz1-ORFB,0.010005362,0.068320855,0.9920170091356939,1.0,False
CG14985,0.009902868,-0.18157135,0.9920987835788068,1.0,False
asRNA:CR30267,0.009782196,0.4133354,0.9921950615200386,1.0,False
CG32461,0.009776781,0.29116997,0.9921993816867428,1.0,False
comm3,0.0097736865,0.26840654,0.9922018503535338,1.0,False
CG18268,0.009765178,-0.039687432,0.9922086391875936,1.0,False
CG13795,0.009762084,-0.043063704,0.9922111078546644,1.0,False
asRNA:CR44911,0.009752028,-0.15267275,0.9922191310231591,1.0,False
CG7906,0.009752028,-0.35521823,0.9922191310231591,1.0,False
Spn77Ba,0.009650694,-0.086524636,0.992299979918689,1.0,False
lncRNA:CR43827,0.009572179,-0.214907,0.9923626224379519,1.0,False
CG13436,0.009570632,-0.21452287,0.9923638567737811,1.0,False
CG6071,0.009567538,-0.30054972,0.9923663254454943,1.0,False
asRNA:CR45549,0.009519579,-0.43130723,0.9924045898663794,1.0,False
CG7997,0.009430234,-0.13471289,0.992475872825998,1.0,False
sqa,0.009412443,-0.12590456,0.9924900677082623,1.0,False
CG14883,0.009387303,-0.17448087,0.9925101256981222,1.0,False
CG10035,0.009162976,0.5012709,0.9926891048926506,1.0,False
CG43680,0.009149053,0.30058435,0.9927002139583229,1.0,False
CG5882,0.0091436375,0.19918394,0.9927045341509111,1.0,False
lncRNA:CR43956,0.009133582,-0.14255066,0.992712557366285,1.0,False
Obp56h,0.008995892,-0.051061027,0.9928224137736458,1.0,False
Gp210,0.008995505,-0.20959932,0.9928227223592523,1.0,False
lncRNA:CR45693,0.00898893,0.049918644,0.9928279683147281,1.0,False
CG9967,0.008630007,0.08066932,0.993114336230856,1.0,False
CG44325,0.008607187,-0.10940314,0.99313254284211,1.0,False
CG11760,0.008524419,0.3511421,0.9931985804111736,1.0,False
snoRNA:Psi18S-1377d,0.008520551,0.2652124,0.9932016662800298,1.0,False
Gba1b,0.008517456,0.18587674,0.993204134975188,1.0,False
rdgBbeta,0.008505854,-0.20801887,0.9932133925826107,1.0,False
CG7362,0.00850508,-0.07953883,0.9932140097564713,1.0,False
Cpr47Eg,0.008500439,-0.17978069,0.9932177127997206,1.0,False
CG31778,0.008496571,-0.2039067,0.9932207986692067,1.0,False
asRNA:CR42871,0.008491157,-0.46817085,0.9932251188866574,1.0,False
nvd,0.008477232,-0.42584538,0.9932362280181569,1.0,False
CG5001,0.008235888,-0.19644886,0.9934287865039642,1.0,False
CG46335,0.008111347,-0.15772378,0.9935281517704584,1.0,False
CG42464,0.008029739,15.342742,0.9935932638474471,1.0,False
lncRNA:TS18,0.008029739,16.646328,0.9935932638474471,1.0,False
CG12133,0.008029739,14.202465,0.9935932638474471,1.0,False
asRNA:CR46048,0.008029739,14.860639,0.9935932638474471,1.0,False
Acp1,0.008029739,16.400919,0.9935932638474471,1.0,False
CG13884,0.008029739,15.006027,0.9935932638474471,1.0,False
CG15515,0.008029739,14.341648,0.9935932638474471,1.0,False
lncRNA:CR43097,0.008029739,15.660113,0.9935932638474471,1.0,False
snoRNA:Psi28S-1180,0.008029739,16.446333,0.9935932638474471,1.0,False
CG13476,0.008029739,15.521778,0.9935932638474471,1.0,False
mAcon2,0.008029739,14.540273,0.9935932638474471,1.0,False
lncRNA:CR45005,0.008029739,16.015533,0.9935932638474471,1.0,False
tomboy20,0.008029739,16.709934,0.9935932638474471,1.0,False
Cht7,0.008029739,16.19358,0.9935932638474471,1.0,False
CheA29a,0.008029739,15.525949,0.9935932638474471,1.0,False
CG15546,0.008029739,15.558974,0.9935932638474471,1.0,False
CG7714,0.008029739,15.851344,0.9935932638474471,1.0,False
Npc2d,0.008029739,15.416363,0.9935932638474471,1.0,False
CG30430,0.008029739,15.500812,0.9935932638474471,1.0,False
lncRNA:CR43234,0.008029739,14.004368,0.9935932638474471,1.0,False
tRNA:SeC-TCA-1-1,0.008029739,16.91807,0.9935932638474471,1.0,False
snoRNA:Psi18S-525f,0.008029739,16.557909,0.9935932638474471,1.0,False
CG13021,0.008029739,16.689928,0.9935932638474471,1.0,False
CG10232,0.008029739,16.975328,0.9935932638474471,1.0,False
Sfp33A3,0.008029739,14.330091,0.9935932638474471,1.0,False
asRNA:CR46070,0.008029739,14.371665,0.9935932638474471,1.0,False
CG14567,0.008029739,14.5648365,0.9935932638474471,1.0,False
CG11249,0.008029739,16.430155,0.9935932638474471,1.0,False
CG13170,0.008029739,12.817188,0.9935932638474471,1.0,False
Sfp65A,0.008029739,14.725758,0.9935932638474471,1.0,False
Obp58d,0.008029739,16.27246,0.9935932638474471,1.0,False
lncRNA:CR44614,0.008029739,15.81234,0.9935932638474471,1.0,False
CG43348,0.008029739,15.036046,0.9935932638474471,1.0,False
CG13239,0.008029739,16.125608,0.9935932638474471,1.0,False
Mur29B,0.008029739,15.01921,0.9935932638474471,1.0,False
CG13793,0.008029739,15.207337,0.9935932638474471,1.0,False
CG30270,0.008029739,14.568772,0.9935932638474471,1.0,False
betaNACtes2,0.008029739,17.001375,0.9935932638474471,1.0,False
lncRNA:CR44925,0.008029739,17.039028,0.9935932638474471,1.0,False
lncRNA:CR45762,0.008029739,15.254346,0.9935932638474471,1.0,False
CG34007,0.008029739,15.460557,0.9935932638474471,1.0,False
Cpr11A,0.008029739,15.799841,0.9935932638474471,1.0,False
glob3,0.008029739,16.406233,0.9935932638474471,1.0,False
CG32445,0.008029739,15.999517,0.9935932638474471,1.0,False
CG44812,0.008029739,13.965199,0.9935932638474471,1.0,False
Ir60e,0.008029739,12.959281,0.9935932638474471,1.0,False
CG33308,0.008029739,16.181479,0.9935932638474471,1.0,False
CG8100,0.008029739,14.724585,0.9935932638474471,1.0,False
lncRNA:CR46123,0.008029739,16.039627,0.9935932638474471,1.0,False
Ubc87F,0.008029739,15.380795,0.9935932638474471,1.0,False
CG9447,0.008029739,16.938871,0.9935932638474471,1.0,False
snoRNA:CD68,0.008029739,15.422339,0.9935932638474471,1.0,False
CG31373,0.008029739,15.413004,0.9935932638474471,1.0,False
bb8,0.008029739,17.050602,0.9935932638474471,1.0,False
lectin-37Db,0.008029739,14.825126,0.9935932638474471,1.0,False
S-Lap8,0.008029739,16.475891,0.9935932638474471,1.0,False
CG31294,0.008029739,15.529965,0.9935932638474471,1.0,False
shd,0.008029739,12.761217,0.9935932638474471,1.0,False
lncRNA:CR43620,0.008029739,14.0320635,0.9935932638474471,1.0,False
asRNA:CR44169,0.008029739,16.282745,0.9935932638474471,1.0,False
Mst77Y-4,0.008029739,15.529965,0.9935932638474471,1.0,False
CG13029,0.008029739,12.817188,0.9935932638474471,1.0,False
lncRNA:CR44523,0.008029739,15.939401,0.9935932638474471,1.0,False
CG9624,0.008029739,16.390755,0.9935932638474471,1.0,False
lncRNA:CR44048,0.008029739,15.172163,0.9935932638474471,1.0,False
S-Lap2,0.008029739,16.874165,0.9935932638474471,1.0,False
CG10912,0.008029739,15.197649,0.9935932638474471,1.0,False
CG2291,0.008029739,15.079394,0.9935932638474471,1.0,False
CG4362,0.008029739,16.892939,0.9935932638474471,1.0,False
lncRNA:CR43415,0.008029739,15.703108,0.9935932638474471,1.0,False
Obp56e,0.008029739,14.913296,0.9935932638474471,1.0,False
CG9632,0.008029739,15.475219,0.9935932638474471,1.0,False
CG30047,0.008029739,15.625502,0.9935932638474471,1.0,False
CG14974,0.008029739,15.578706,0.9935932638474471,1.0,False
CG10943,0.008029739,15.839065,0.9935932638474471,1.0,False
AQP,0.008029739,14.629624,0.9935932638474471,1.0,False
CG15676,0.008029739,14.167137,0.9935932638474471,1.0,False
snoRNA:Psi28S-1192c,0.008029739,16.49757,0.9935932638474471,1.0,False
asRNA:CR44847,0.008029739,14.768651,0.9935932638474471,1.0,False
CG8997,0.008029739,15.698466,0.9935932638474471,1.0,False
Jon74E,0.008029739,16.387018,0.9935932638474471,1.0,False
Vha16-4,0.008029739,16.69153,0.9935932638474471,1.0,False
asRNA:CR44990,0.008029739,14.779965,0.9935932638474471,1.0,False
CG2577,0.008029739,15.185736,0.9935932638474471,1.0,False
CG32651,0.008029739,15.846944,0.9935932638474471,1.0,False
Fst,0.008029739,14.382589,0.9935932638474471,1.0,False
asRNA:CR43898,0.008029739,16.782303,0.9935932638474471,1.0,False
inaF-A,0.008029739,16.815622,0.9935932638474471,1.0,False
ssp5,0.008029739,14.648164,0.9935932638474471,1.0,False
CG43450,0.008029739,15.236317,0.9935932638474471,1.0,False
CG17207,0.008029739,15.839283,0.9935932638474471,1.0,False
GstD6,0.008029739,15.66498,0.9935932638474471,1.0,False
Z600,0.008029739,15.097024,0.9935932638474471,1.0,False
CG13243,0.008029739,14.744654,0.9935932638474471,1.0,False
lncRNA:CR44196,0.008029739,16.512474,0.9935932638474471,1.0,False
CG43089,0.008029739,14.645524,0.9935932638474471,1.0,False
CG9030,0.008029739,16.39338,0.9935932638474471,1.0,False
CG17376,0.008029739,14.909983,0.9935932638474471,1.0,False
salt,0.008029739,14.433862,0.9935932638474471,1.0,False
hll,0.008029739,16.027384,0.9935932638474471,1.0,False
snoRNA:Psi28S-3378,0.008029739,16.111195,0.9935932638474471,1.0,False
asRNA:CR46138,0.008029739,15.932026,0.9935932638474471,1.0,False
CG3927,0.008029739,16.255455,0.9935932638474471,1.0,False
asRNA:CR44062,0.008029739,15.72699,0.9935932638474471,1.0,False
CG8028,0.008029739,12.809014,0.9935932638474471,1.0,False
Ir64a,0.008029739,14.976674,0.9935932638474471,1.0,False
CG31639,0.008029739,16.047255,0.9935932638474471,1.0,False
CG43153,0.008029739,16.955685,0.9935932638474471,1.0,False
CG5819,0.008029739,14.537361,0.9935932638474471,1.0,False
Cyp6a17,0.008029739,12.761217,0.9935932638474471,1.0,False
snoRNA:CD29,0.008029739,15.310291,0.9935932638474471,1.0,False
Obp56i,0.008029739,16.153011,0.9935932638474471,1.0,False
ich,0.008029739,16.284414,0.9935932638474471,1.0,False
asRNA:CR44267,0.008029739,15.467229,0.9935932638474471,1.0,False
CG31913,0.008029739,15.334981,0.9935932638474471,1.0,False
asRNA:CR44176,0.008029739,16.809961,0.9935932638474471,1.0,False
Tsp42Er,0.008029739,15.6597395,0.9935932638474471,1.0,False
Cyp9b1,0.008029739,16.436829,0.9935932638474471,1.0,False
Cyp4ad1,0.008029739,16.998888,0.9935932638474471,1.0,False
UQCR-6.4L,0.008029739,16.41043,0.9935932638474471,1.0,False
CG18539,0.008029739,15.876765,0.9935932638474471,1.0,False
CG14384,0.008029739,15.813192,0.9935932638474471,1.0,False
CG9029,0.008029739,16.755066,0.9935932638474471,1.0,False
CG6497,0.008029739,16.982548,0.9935932638474471,1.0,False
asRNA:CR44386,0.008029739,16.282745,0.9935932638474471,1.0,False
ppk7,0.008029739,15.234461,0.9935932638474471,1.0,False
CheA7a,0.008029739,16.03858,0.9935932638474471,1.0,False
CG18480,0.008029739,15.187394,0.9935932638474471,1.0,False
wor,0.008029739,15.610356,0.9935932638474471,1.0,False
Spn53F,0.008029739,14.28146,0.9935932638474471,1.0,False
CG7402,0.008029739,16.400919,0.9935932638474471,1.0,False
CG34236,0.008029739,15.891752,0.9935932638474471,1.0,False
CG1835,0.008029739,16.433289,0.9935932638474471,1.0,False
CG33669,0.008029739,15.85687,0.9935932638474471,1.0,False
gsb,0.008029739,15.085638,0.9935932638474471,1.0,False
CG1801,0.008029739,16.391878,0.9935932638474471,1.0,False
CG9106,0.008029739,14.293015,0.9935932638474471,1.0,False
CG9101,0.008029739,13.680314,0.9935932638474471,1.0,False
Gr23a,0.008029739,16.08132,0.9935932638474471,1.0,False
CG9961,0.008029739,15.194179,0.9935932638474471,1.0,False
GstE5,0.008029739,14.279304,0.9935932638474471,1.0,False
mthl9,0.008029739,15.958909,0.9935932638474471,1.0,False
lncRNA:CR45119,0.008029739,16.857893,0.9935932638474471,1.0,False
CG15458,0.008029739,14.760203,0.9935932638474471,1.0,False
CG15308,0.008029739,14.478564,0.9935932638474471,1.0,False
CG14391,0.008029739,14.391405,0.9935932638474471,1.0,False
Jhbp7,0.008029739,16.964254,0.9935932638474471,1.0,False
alpha-Est6,0.008029739,16.057865,0.9935932638474471,1.0,False
lncRNA:CR45652,0.008029739,15.267186,0.9935932638474471,1.0,False
lncRNA:CR43632,0.008029739,16.188116,0.9935932638474471,1.0,False
fj,0.008029739,16.312212,0.9935932638474471,1.0,False
glob2,0.008029739,15.62387,0.9935932638474471,1.0,False
CG42288,0.008029739,16.445139,0.9935932638474471,1.0,False
CG14282,0.008029739,14.897424,0.9935932638474471,1.0,False
CG18493,0.008029739,15.284006,0.9935932638474471,1.0,False
asRNA:CR46256,0.008029739,16.459976,0.9935932638474471,1.0,False
CG4440,0.008029739,14.148641,0.9935932638474471,1.0,False
CG43131,0.008029739,16.585085,0.9935932638474471,1.0,False
asRNA:CR45046,0.008029739,16.845932,0.9935932638474471,1.0,False
asRNA:CR44224,0.008029739,15.77463,0.9935932638474471,1.0,False
CG33722,0.008029739,15.312401,0.9935932638474471,1.0,False
lncRNA:CR45937,0.008029739,15.122523,0.9935932638474471,1.0,False
CG15219,0.008029739,15.993228,0.9935932638474471,1.0,False
CG15306,0.008029739,14.637551,0.9935932638474471,1.0,False
CG14323,0.008029739,15.021382,0.9935932638474471,1.0,False
Prosbeta2R2,0.008029739,15.188033,0.9935932638474471,1.0,False
Or49b,0.008029739,15.834494,0.9935932638474471,1.0,False
CG10752,0.008029739,16.718195,0.9935932638474471,1.0,False
CG31178,0.008029739,15.772571,0.9935932638474471,1.0,False
lncRNA:CR43282,0.008029739,15.813192,0.9935932638474471,1.0,False
CG18675,0.008029739,13.926834,0.9935932638474471,1.0,False
CG14329,0.008029739,13.741564,0.9935932638474471,1.0,False
lncRNA:CR44080,0.008029739,16.720411,0.9935932638474471,1.0,False
CG6893,0.008029739,16.474245,0.9935932638474471,1.0,False
lncRNA:CR43193,0.008029739,16.248026,0.9935932638474471,1.0,False
lncRNA:CR44581,0.008029739,16.179375,0.9935932638474471,1.0,False
CG10919,0.008029739,16.038841,0.9935932638474471,1.0,False
CG2616,0.008029739,16.403193,0.9935932638474471,1.0,False
CG13359,0.008029739,14.746119,0.9935932638474471,1.0,False
CG18568,0.008029739,16.170113,0.9935932638474471,1.0,False
SkpC,0.008029739,15.743722,0.9935932638474471,1.0,False
CG31867,0.008029739,15.81234,0.9935932638474471,1.0,False
CG12917,0.008029739,14.2990265,0.9935932638474471,1.0,False
lncRNA:CR45039,0.008029739,16.009914,0.9935932638474471,1.0,False
Gr64a,0.008029739,14.652175,0.9935932638474471,1.0,False
lncRNA:CR46062,0.008029739,16.042252,0.9935932638474471,1.0,False
lncRNA:CR44298,0.008029739,15.803217,0.9935932638474471,1.0,False
Spag1,0.008029739,11.567541,0.9935932638474471,1.0,False
CG13058,0.008029739,16.163591,0.9935932638474471,1.0,False
COX6AL2,0.008029739,14.121725,0.9935932638474471,1.0,False
CG33758,0.008029739,14.612494,0.9935932638474471,1.0,False
lncRNA:CR46257,0.008029739,16.516348,0.9935932638474471,1.0,False
snoRNA:Psi18S-996,0.008029739,15.598234,0.9935932638474471,1.0,False
mt:tRNA:Ser-GCT,0.008029739,16.445139,0.9935932638474471,1.0,False
lncRNA:CR44752,0.008029739,14.907296,0.9935932638474471,1.0,False
kl-2,0.008029739,17.020775,0.9935932638474471,1.0,False
lncRNA:CR44279,0.0078812195,0.073025115,0.9937117617649858,1.0,False
Lcp3,0.007854146,-0.3650076,0.993733362962894,1.0,False
asRNA:CR45873,0.0077713765,0.20427686,0.993799400939204,1.0,False
CG42571,0.007401624,1.5293689,0.9940944122242278,1.0,False
lncRNA:CR45241,0.007401624,2.8826666,0.9940944122242278,1.0,False
pal,0.007401624,1.8390223,0.9940944122242278,1.0,False
ChLD3,0.007401624,2.3391578,0.9940944122242278,1.0,False
lncRNA:CR43761,0.007401624,3.166485,0.9940944122242278,1.0,False
Or35a,0.007401624,2.0280826,0.9940944122242278,1.0,False
Sgs3,0.007401624,2.6426833,0.9940944122242278,1.0,False
CG13044,0.007401624,1.5994756,0.9940944122242278,1.0,False
knrl,0.007401624,1.8599706,0.9940944122242278,1.0,False
CG14402,0.007401624,1.8661768,0.9940944122242278,1.0,False
CG15404,0.007401624,1.786002,0.9940944122242278,1.0,False
CG14369,0.007401624,1.7055401,0.9940944122242278,1.0,False
asRNA:CR44124,0.007401624,1.1565877,0.9940944122242278,1.0,False
Fancl,0.007401624,2.3418834,0.9940944122242278,1.0,False
CG18179,0.007401624,1.9001483,0.9940944122242278,1.0,False
lncRNA:CR44994,0.007401624,2.1307943,0.9940944122242278,1.0,False
snoRNA:Psi18S-1347a,0.007401624,2.3460944,0.9940944122242278,1.0,False
CG13059,0.007401624,1.5231643,0.9940944122242278,1.0,False
CG43315,0.007401624,1.5620522,0.9940944122242278,1.0,False
BBS5,0.007401624,1.2015924,0.9940944122242278,1.0,False
nompA,0.007401624,2.0321343,0.9940944122242278,1.0,False
CG44476,0.007401624,1.5131538,0.9940944122242278,1.0,False
snoRNA:Psi28S-3436b,0.007401624,1.9924996,0.9940944122242278,1.0,False
lncRNA:CR44530,0.007401624,1.3942819,0.9940944122242278,1.0,False
CG12496,0.007401624,2.3492098,0.9940944122242278,1.0,False
Inx6,0.007401624,2.2969825,0.9940944122242278,1.0,False
CG2839,0.007401624,1.191129,0.9940944122242278,1.0,False
lncRNA:CR45378,0.007401624,1.6012123,0.9940944122242278,1.0,False
CG14327,0.007401624,1.746666,0.9940944122242278,1.0,False
CG34205,0.007401624,1.2676849,0.9940944122242278,1.0,False
CG30178,0.007401624,1.9348826,0.9940944122242278,1.0,False
CG3942,0.007401624,2.599523,0.9940944122242278,1.0,False
CG14420,0.007401624,2.3414822,0.9940944122242278,1.0,False
asRNA:CR46195,0.007401624,2.0084226,0.9940944122242278,1.0,False
CG5217,0.007401624,1.6854984,0.9940944122242278,1.0,False
lncRNA:flam,0.007401624,2.6007328,0.9940944122242278,1.0,False
CG14835,0.007401624,1.3012711,0.9940944122242278,1.0,False
CG11192,0.007401624,2.5573413,0.9940944122242278,1.0,False
CG11905,0.007401624,1.3976597,0.9940944122242278,1.0,False
lncRNA:CR44113,0.007401624,2.8907988,0.9940944122242278,1.0,False
CG4983,0.007401624,1.4624944,0.9940944122242278,1.0,False
snoRNA:Psi28S-2996,0.007401624,1.8394872,0.9940944122242278,1.0,False
asRNA:CR45894,0.007401624,1.84594,0.9940944122242278,1.0,False
CG13198,0.007401624,0.9525758,0.9940944122242278,1.0,False
CG33927,0.007401624,1.6469455,0.9940944122242278,1.0,False
corolla,0.0074008508,0.816169,0.9940950294035087,1.0,False
CG3088,0.0074008508,0.84032714,0.9940950294035087,1.0,False
nan,0.0074008508,0.80341697,0.9940950294035087,1.0,False
lncRNA:CR46032,0.0074008508,1.2698674,0.9940950294035087,1.0,False
CG6262,0.0074008508,1.4155915,0.9940950294035087,1.0,False
CG18581,0.0074008508,0.69422585,0.9940950294035087,1.0,False
p-cup,0.0074008508,0.8652822,0.9940950294035087,1.0,False
lncRNA:CR44150,0.0074008508,0.9847182,0.9940950294035087,1.0,False
CG44250,0.0074008508,0.29367736,0.9940950294035087,1.0,False
lncRNA:CR44343,0.0074008508,0.9482402,0.9940950294035087,1.0,False
CG12374,0.0074008508,1.0775224,0.9940950294035087,1.0,False
CG32181,0.0074008508,0.77871233,0.9940950294035087,1.0,False
wg,0.0074008508,0.2857397,0.9940950294035087,1.0,False
Sfp33A2,0.0074008508,0.7183273,0.9940950294035087,1.0,False
lncRNA:CR44803,0.0074008508,1.0670213,0.9940950294035087,1.0,False
asRNA:CR46269,0.0074008508,1.7728342,0.9940950294035087,1.0,False
lncRNA:CR45127,0.0074008508,0.44352046,0.9940950294035087,1.0,False
CG12898,0.0074008508,1.4589958,0.9940950294035087,1.0,False
CG43396,0.0074008508,1.7316334,0.9940950294035087,1.0,False
lncRNA:CR45351,0.0074008508,1.4604642,0.9940950294035087,1.0,False
lncRNA:CR43928,0.0074008508,0.47886536,0.9940950294035087,1.0,False
CG7091,0.0074008508,1.2752409,0.9940950294035087,1.0,False
lncRNA:CR46217,0.0074008508,1.9973397,0.9940950294035087,1.0,False
lncRNA:CR45375,0.0074008508,1.2718276,0.9940950294035087,1.0,False
CG13855,0.0074008508,0.60289705,0.9940950294035087,1.0,False
CG42814,0.0074008508,0.5705418,0.9940950294035087,1.0,False
asRNA:CR46092,0.0074008508,1.9290472,0.9940950294035087,1.0,False
CG14238,0.0074008508,0.79798615,0.9940950294035087,1.0,False
lncRNA:CR44948,0.0074008508,0.5488743,0.9940950294035087,1.0,False
snoRNA:Psi28S-2149,0.0074008508,0.74635977,0.9940950294035087,1.0,False
CG13810,0.0074008508,0.88506705,0.9940950294035087,1.0,False
CG34300,0.0074008508,0.43752185,0.9940950294035087,1.0,False
Or92a,0.0074008508,0.49331746,0.9940950294035087,1.0,False
pre-mod(mdg4)-O,0.0074008508,1.395442,0.9940950294035087,1.0,False
CG11269,0.0074008508,1.1528565,0.9940950294035087,1.0,False
yl,0.0074008508,0.7423286,0.9940950294035087,1.0,False
CG43134,0.0074008508,0.46863022,0.9940950294035087,1.0,False
lncRNA:CR46077,0.0074008508,0.8457476,0.9940950294035087,1.0,False
Cyp6a18,0.0074008508,1.4841392,0.9940950294035087,1.0,False
CG13581,0.0074008508,1.1226237,0.9940950294035087,1.0,False
snoRNA:CD11c,0.0074008508,0.7780403,0.9940950294035087,1.0,False
Eglp2,0.0074008508,2.0578,0.9940950294035087,1.0,False
scaRNA:MeU2-G25,0.0074008508,0.44349858,0.9940950294035087,1.0,False
CG6048,0.0074008508,0.9529251,0.9940950294035087,1.0,False
CG14963,0.0074008508,1.2876316,0.9940950294035087,1.0,False
snoRNA:Psi28S-2622,0.0074008508,1.2900906,0.9940950294035087,1.0,False
CG30033,0.0074008508,1.2059509,0.9940950294035087,1.0,False
CG7140,0.0074008508,2.4972281,0.9940950294035087,1.0,False
dsx-c73A,0.0074008508,0.9582051,0.9940950294035087,1.0,False
CG14111,0.0074008508,1.1271384,0.9940950294035087,1.0,False
snoRNA:Psi18S-640b,0.0074008508,1.5912713,0.9940950294035087,1.0,False
CG15140,0.0074008508,1.416223,0.9940950294035087,1.0,False
CG5235,0.0074008508,0.9474283,0.9940950294035087,1.0,False
snoRNA:Psi28S-3327a,0.0074008508,1.592036,0.9940950294035087,1.0,False
CG6793,0.0074008508,0.81464946,0.9940950294035087,1.0,False
CG7542,0.0074008508,0.6621521,0.9940950294035087,1.0,False
snoRNA:Psi18S-841c,0.0074008508,1.3822886,0.9940950294035087,1.0,False
slam,0.0074008508,1.0256546,0.9940950294035087,1.0,False
asRNA:CR44374,0.0074008508,0.37739572,0.9940950294035087,1.0,False
lncRNA:CR44646,0.0074008508,1.039088,0.9940950294035087,1.0,False
asRNA:CR45330,0.0074008508,1.0479358,0.9940950294035087,1.0,False
CG1773,0.0074000773,0.76573366,0.9940956465827931,1.0,False
CG18223,0.0074000773,-0.2585794,0.9940956465827931,1.0,False
Cyp318a1,0.0074000773,-0.45565987,0.9940956465827931,1.0,False
CG43120,0.0074000773,-0.62991655,0.9940956465827931,1.0,False
lncRNA:CR44558,0.0074000773,-0.34590185,0.9940956465827931,1.0,False
GstD5,0.0074000773,0.77994823,0.9940956465827931,1.0,False
Ir60a,0.0074000773,-0.39487767,0.9940956465827931,1.0,False
CG15756,0.0074000773,0.34324428,0.9940956465827931,1.0,False
lncRNA:CR46247,0.0074000773,-0.52899057,0.9940956465827931,1.0,False
Dic4,0.0074000773,0.0579258,0.9940956465827931,1.0,False
CG12607,0.0074000773,0.27071658,0.9940956465827931,1.0,False
CG12035,0.0074000773,-2.420706,0.9940956465827931,1.0,False
GluRIID,0.0074000773,0.05505846,0.9940956465827931,1.0,False
snoRNA:Psi28S-1135f,0.0074000773,-1.1671172,0.9940956465827931,1.0,False
snoRNA:Psi18S-1295,0.0074000773,-0.22465694,0.9940956465827931,1.0,False
Alp1,0.0074000773,0.18691142,0.9940956465827931,1.0,False
Lsp1gamma,0.0074000773,-0.72661555,0.9940956465827931,1.0,False
CG14507,0.0074000773,-0.61927265,0.9940956465827931,1.0,False
CG14689,0.0074000773,0.3987688,0.9940956465827931,1.0,False
CG34332,0.0074000773,-0.12497102,0.9940956465827931,1.0,False
CG33775,0.0074000773,0.56557155,0.9940956465827931,1.0,False
Mst84Dc,0.0074000773,0.63385177,0.9940956465827931,1.0,False
CG17744,0.0074000773,-0.78213876,0.9940956465827931,1.0,False
CG43694,0.0074000773,-0.42431644,0.9940956465827931,1.0,False
CG33342,0.0074000773,0.025517847,0.9940956465827931,1.0,False
CG17134,0.0074000773,-0.98597294,0.9940956465827931,1.0,False
lncRNA:CR43939,0.0074000773,-0.022939324,0.9940956465827931,1.0,False
CG4691,0.0074000773,0.12605317,0.9940956465827931,1.0,False
krimp,0.0074000773,0.33581078,0.9940956465827931,1.0,False
lncRNA:CR44226,0.0074000773,-0.3269526,0.9940956465827931,1.0,False
CG44569,0.0074000773,0.16547674,0.9940956465827931,1.0,False
CG34189,0.0074000773,0.39529708,0.9940956465827931,1.0,False
CG43829,0.0074000773,0.22772424,0.9940956465827931,1.0,False
kmg,0.0074000773,0.1979358,0.9940956465827931,1.0,False
CG33483,0.0074000773,-0.32175267,0.9940956465827931,1.0,False
CG14053,0.0074000773,0.42388237,0.9940956465827931,1.0,False
lncRNA:CR46063,0.0074000773,-0.24933302,0.9940956465827931,1.0,False
scaRNA:PsiU6-40,0.0074000773,-1.0347918,0.9940956465827931,1.0,False
lncRNA:CR43648,0.0074000773,0.11830565,0.9940956465827931,1.0,False
asRNA:CR43433,0.0074000773,-0.34281725,0.9940956465827931,1.0,False
Vm34Ca,0.0074000773,0.31944585,0.9940956465827931,1.0,False
CG33679,0.0074000773,-0.6599782,0.9940956465827931,1.0,False
CG8260,0.0074000773,-0.3164471,0.9940956465827931,1.0,False
lncRNA:CR44971,0.0074000773,0.14182934,0.9940956465827931,1.0,False
Mcm2,0.0074000773,0.2113805,0.9940956465827931,1.0,False
CG9698,0.0074000773,-0.2615659,0.9940956465827931,1.0,False
lncRNA:CR43166,0.0074000773,-0.22939667,0.9940956465827931,1.0,False
lncRNA:CR45578,0.0074000773,-0.1937573,0.9940956465827931,1.0,False
CG33225,0.0074000773,0.08705963,0.9940956465827931,1.0,False
CG8192,0.0074000773,-0.65560335,0.9940956465827931,1.0,False
NimC3,0.0074000773,-0.7421883,0.9940956465827931,1.0,False
lncRNA:CR45150,0.0074000773,0.08426386,0.9940956465827931,1.0,False
CG14187,0.0074000773,-0.47931194,0.9940956465827931,1.0,False
lncRNA:CR45971,0.0074000773,-0.76268333,0.9940956465827931,1.0,False
Cyp6a16,0.0074000773,0.59338707,0.9940956465827931,1.0,False
lncRNA:CR44772,0.0074000773,-0.2196325,0.9940956465827931,1.0,False
CG34138,0.0074000773,-0.066985205,0.9940956465827931,1.0,False
CG42792,0.0074000773,-1.0322644,0.9940956465827931,1.0,False
CG44475,0.0074000773,0.27216625,0.9940956465827931,1.0,False
CG8329,0.0074000773,-0.8285873,0.9940956465827931,1.0,False
lncRNA:CR46336,0.0074000773,0.3576365,0.9940956465827931,1.0,False
lncRNA:CR45537,0.0074000773,-1.0734029,0.9940956465827931,1.0,False
CG15115,0.0074000773,0.6458297,0.9940956465827931,1.0,False
asRNA:CR46068,0.0074000773,0.8473799,0.9940956465827931,1.0,False
CG5888,0.007388861,-0.14379221,0.9941045956828146,1.0,False
CG8568,0.007234153,-0.20074712,0.9942280316203544,1.0,False
CG9451,0.0072326055,-0.2752859,0.9942292659804325,1.0,False
modSP,0.0072248704,-0.40470004,0.9942354377810294,1.0,False
lncRNA:CR43890,0.007219455,-0.58298886,0.9942397580416525,1.0,False
BomS2,0.0068114125,-0.19329272,0.9945653210154686,1.0,False
CG17127,0.0067742825,1.7836943,0.9945949457488635,1.0,False
Ir10a,0.0067742825,1.3645865,0.9945949457488635,1.0,False
CG33710,0.0067742825,1.8575844,0.9945949457488635,1.0,False
CG43230,0.0067742825,1.8741652,0.9945949457488635,1.0,False
CG14983,0.0067742825,1.3851659,0.9945949457488635,1.0,False
lncRNA:CR46019,0.0067742825,2.2287977,0.9945949457488635,1.0,False
edin,0.0067742825,1.2027327,0.9945949457488635,1.0,False
CG6059,0.006773509,0.9778065,0.9945955629308886,1.0,False
dgt3,0.006773509,1.0150375,0.9945955629308886,1.0,False
CG4546,0.006773509,1.2553556,0.9945955629308886,1.0,False
CecA2,0.006773509,0.9411332,0.9945955629308886,1.0,False
CG8197,0.0067727356,0.9074137,0.994596180112917,1.0,False
CG33771,0.0067727356,1.3044072,0.994596180112917,1.0,False
lncRNA:TS20,0.0067727356,1.499286,0.994596180112917,1.0,False
lncRNA:CR45052,0.0067727356,0.51706886,0.994596180112917,1.0,False
CG13144,0.0067727356,0.42304572,0.994596180112917,1.0,False
CG45063,0.0067727356,0.72876585,0.994596180112917,1.0,False
Fign,0.0067727356,1.0899805,0.994596180112917,1.0,False
CG33269,0.0067727356,1.033496,0.994596180112917,1.0,False
scaRNA:PsiU2-38.40.42,0.0067727356,0.87874603,0.994596180112917,1.0,False
Cpr64Ac,0.0067727356,0.71200156,0.994596180112917,1.0,False
CG30355,0.0067727356,0.78582054,0.994596180112917,1.0,False
CG11598,0.0067727356,0.50977856,0.994596180112917,1.0,False
lncRNA:CR44131,0.0067727356,0.62229586,0.994596180112917,1.0,False
lncRNA:CR45406,0.0067727356,0.6603531,0.994596180112917,1.0,False
lncRNA:CR45280,0.0067727356,0.7430959,0.994596180112917,1.0,False
spz6,0.006771962,0.7111452,0.9945967972949485,1.0,False
CG15482,0.006771962,0.16571943,0.9945967972949485,1.0,False
lncRNA:CR45615,0.006771962,0.5866155,0.9945967972949485,1.0,False
lncRNA:CR43766,0.006771962,0.2635962,0.9945967972949485,1.0,False
lncRNA:CR44478,0.006771962,0.6580038,0.9945967972949485,1.0,False
lncRNA:CR43793,0.006771962,0.47233513,0.9945967972949485,1.0,False
CG34434,0.006771962,-0.046041194,0.9945967972949485,1.0,False
lncRNA:CR44494,0.006771962,-0.12547967,0.9945967972949485,1.0,False
lncRNA:CR45517,0.006771962,0.62245035,0.9945967972949485,1.0,False
RpL7-like,0.006771962,0.9537549,0.9945967972949485,1.0,False
lky,0.006771962,0.45089397,0.9945967972949485,1.0,False
CG43060,0.006771962,0.19412264,0.9945967972949485,1.0,False
CG12826,0.0067711887,-0.771438,0.9945974144769834,1.0,False
Sgs1,0.0067711887,-0.06642976,0.9945974144769834,1.0,False
Obp22a,0.0067711887,0.24025951,0.9945974144769834,1.0,False
fw,0.0067711887,-0.26185232,0.9945974144769834,1.0,False
CG12729,0.0067711887,0.044349004,0.9945974144769834,1.0,False
lncRNA:CR44886,0.0067711887,0.2191092,0.9945974144769834,1.0,False
asRNA:CR44907,0.0067711887,0.08713292,0.9945974144769834,1.0,False
Cpr92F,0.0067711887,-0.06335678,0.9945974144769834,1.0,False
CanA1,0.0067711887,-0.07940922,0.9945974144769834,1.0,False
CG8958,0.0067711887,0.6486906,0.9945974144769834,1.0,False
CNT2,0.0067711887,0.17778267,0.9945974144769834,1.0,False
mAChR-C,0.0067711887,0.0518866,0.9945974144769834,1.0,False
CG15550,0.0067711887,-0.047824204,0.9945974144769834,1.0,False
lncRNA:CR45622,0.0067711887,0.25324252,0.9945974144769834,1.0,False
CG11069,0.0067711887,-0.025844764,0.9945974144769834,1.0,False
CG12637,0.0067711887,-0.1413641,0.9945974144769834,1.0,False
CG11404,0.0067711887,0.38109884,0.9945974144769834,1.0,False
lncRNA:CR44284,0.0067711887,0.14565147,0.9945974144769834,1.0,False
Btnd,0.0067711887,0.06148306,0.9945974144769834,1.0,False
lncRNA:CR44634,0.0067711887,0.4259779,0.9945974144769834,1.0,False
lncRNA:CR46106,0.0067711887,-0.3022325,0.9945974144769834,1.0,False
mt:tRNA:Cys-GCA,0.0067711887,0.17179225,0.9945974144769834,1.0,False
asRNA:CR45271,0.0067711887,0.92291856,0.9945974144769834,1.0,False
CG32241,0.0067711887,0.23551662,0.9945974144769834,1.0,False
Spn42Db,0.0067711887,0.28293574,0.9945974144769834,1.0,False
E(spl)mdelta-HLH,0.0067711887,0.5326358,0.9945974144769834,1.0,False
CG44037,0.0067711887,1.1287277,0.9945974144769834,1.0,False
CG44438,0.006770415,-0.34921086,0.9945980316590214,1.0,False
CG9672,0.006770415,-0.10624734,0.9945980316590214,1.0,False
Srg1,0.006770415,0.019422617,0.9945980316590214,1.0,False
lncRNA:CR43404,0.006770415,-0.40401658,0.9945980316590214,1.0,False
CG11498,0.006770415,-0.26746878,0.9945980316590214,1.0,False
CG43049,0.006770415,-0.13103533,0.9945980316590214,1.0,False
CG9040,0.006770415,-0.1267687,0.9945980316590214,1.0,False
asRNA:CR45611,0.006770415,0.016985124,0.9945980316590214,1.0,False
Cby,0.006770415,-0.3479543,0.9945980316590214,1.0,False
CG12523,0.006770415,-0.8757169,0.9945980316590214,1.0,False
lncRNA:CR45461,0.006770415,-0.27903464,0.9945980316590214,1.0,False
Gr98a,0.006770415,-0.22088468,0.9945980316590214,1.0,False
lncRNA:CR43608,0.0067696413,-0.50975776,0.9945986488410626,1.0,False
lncRNA:CR46022,0.0067696413,-0.14392664,0.9945986488410626,1.0,False
CG6034,0.0067696413,-0.51893115,0.9945986488410626,1.0,False
yellow-d,0.0067696413,-0.07907383,0.9945986488410626,1.0,False
CG7848,0.0067696413,-0.84731686,0.9945986488410626,1.0,False
lncRNA:CR44848,0.0067696413,-0.7565344,0.9945986488410626,1.0,False
lncRNA:CR43452,0.0067696413,-0.90484667,0.9945986488410626,1.0,False
Cpr76Bc,0.0067696413,-0.78559107,0.9945986488410626,1.0,False
CG2127,0.0067696413,-0.6472911,0.9945986488410626,1.0,False
hkb,0.0066396864,0.22255933,0.9947023354695846,1.0,False
CG14811,0.006587086,-0.48846877,0.9947443038923776,1.0,False
CG31689,0.006583605,0.052258305,0.9947470812149884,1.0,False
Rsph1,0.0065290704,-0.35149825,0.9947905926108467,1.0,False
Kdm4A,0.00631712,-0.16764437,0.994959700876853,1.0,False
CG8547,0.0062455675,-0.14627299,0.9950167903977166,1.0,False
CG10910,0.0061469413,1.0232596,0.9950954814006654,1.0,False
Fbp1,0.006146168,0.7898388,0.9950960985851918,1.0,False
CG13282,0.006145394,0.7753945,0.9950967157697211,1.0,False
asRNA:CR43916,0.006145394,0.8768905,0.9950967157697211,1.0,False
CG15822,0.0061446205,1.2483087,0.9950973329542534,1.0,False
CG15773,0.0061446205,0.62261844,0.9950973329542534,1.0,False
CG15296,0.006143847,0.48382625,0.9950979501387885,1.0,False
yip7,0.006143847,0.711349,0.9950979501387885,1.0,False
NijC,0.006143847,0.55600315,0.9950979501387885,1.0,False
CG31404,0.0061430736,0.1247734,0.9950985673233267,1.0,False
CG17470,0.0061430736,0.57287425,0.9950985673233267,1.0,False
Gr93d,0.0061430736,0.51433814,0.9950985673233267,1.0,False
Cpr47Ea,0.0061430736,-0.03165515,0.9950985673233267,1.0,False
Dhc93AB,0.0061430736,0.37793526,0.9950985673233267,1.0,False
CG31787,0.0061430736,0.07546169,0.9950985673233267,1.0,False
CG30195,0.0061430736,0.4121838,0.9950985673233267,1.0,False
lncRNA:CR44209,0.0061430736,0.4782041,0.9950985673233267,1.0,False
CG9806,0.0061430736,0.3254314,0.9950985673233267,1.0,False
Hr83,0.0061423,-0.43894812,0.9950991845078678,1.0,False
CG43312,0.0061423,-0.0663562,0.9950991845078678,1.0,False
lncRNA:CR44964,0.0061423,0.07566526,0.9950991845078678,1.0,False
lncRNA:CR45355,0.0061423,0.08844415,0.9950991845078678,1.0,False
snoRNA:Psi18S-525g,0.0061423,0.20643793,0.9950991845078678,1.0,False
Hayan,0.0061423,-0.053898875,0.9950991845078678,1.0,False
CG42269,0.0061423,0.14742576,0.9950991845078678,1.0,False
CG11356,0.0061423,0.092728876,0.9950991845078678,1.0,False
hh,0.0061423,-0.057003282,0.9950991845078678,1.0,False
CG44426,0.0061423,0.37470862,0.9950991845078678,1.0,False
lncRNA:CR44710,0.0061423,0.009031547,0.9950991845078678,1.0,False
FASN2,0.0061415266,0.30056232,0.9950998016924119,1.0,False
CG10063,0.0061415266,-0.25003892,0.9950998016924119,1.0,False
CG13711,0.0061415266,-0.24444462,0.9950998016924119,1.0,False
ATPsynbetaL,0.0061415266,-0.1384627,0.9950998016924119,1.0,False
CG12995,0.0061415266,-0.11151512,0.9950998016924119,1.0,False
lncRNA:CR43990,0.0061415266,-0.2375774,0.9950998016924119,1.0,False
Mst89B,0.0061415266,-0.48078662,0.9950998016924119,1.0,False
Lrt,0.0061407527,-0.4426626,0.9951004188769588,1.0,False
CG7384,0.0061407527,-0.37844568,0.9951004188769588,1.0,False
asRNA:CR43866,0.0061407527,-0.014642706,0.9951004188769588,1.0,False
snoRNA:Psi18S-525j,0.0061407527,-0.12044974,0.9951004188769588,1.0,False
CG33773,0.0061407527,-0.14073057,0.9951004188769588,1.0,False
lncRNA:CR44553,0.006139979,-0.8221357,0.9951010360615086,1.0,False
Cpr47Ef,0.006139979,-0.73590696,0.9951010360615086,1.0,False
snoRNA:Psi18S-1854b,0.006139979,-0.4972007,0.9951010360615086,1.0,False
lncRNA:CR42755,0.006139979,-0.40514556,0.9951010360615086,1.0,False
asRNA:CR44962,0.006139979,-0.52444977,0.9951010360615086,1.0,False
CG32985,0.006139206,-0.76829755,0.9951016532460614,1.0,False
CG33458,0.006139206,-1.0506761,0.9951016532460614,1.0,False
asRNA:CR45371,0.006139206,-1.1026307,0.9951016532460614,1.0,False
Or9a,0.006139206,-0.9166814,0.9951016532460614,1.0,False
CG15879,0.0061384323,-0.9181935,0.9951022704306172,1.0,False
snoRNA:SC35-a,0.0061384323,-0.36460933,0.9951022704306172,1.0,False
asRNA:CR46251,0.0061384323,-0.3710382,0.9951022704306172,1.0,False
CG15362,0.006106717,-0.0241249,0.9951275749999211,1.0,False
nompC,0.0060204673,0.3024741,0.9951963911094487,1.0,False
nerfin-1,0.006014279,0.17192817,0.9952013285895392,1.0,False
CG10903,0.0059121717,-0.18605329,0.9952827970374223,1.0,False
sav,0.0057052495,-0.21546924,0.9954478942313557,1.0,False
CG4741,0.0056391116,-0.06981526,0.9955006636562794,1.0,False
CG7227,0.005520373,1.0825515,0.99559540179587,1.0,False
CG14406,0.005515732,0.48687083,0.9955991049166026,1.0,False
mah,0.005515732,0.44706547,0.9955991049166026,1.0,False
CG14856,0.0055149584,0.4539158,0.9955997221034006,1.0,False
Su(Ste):CR42439,0.0055149584,0.5640272,0.9955997221034006,1.0,False
alpha-Man-Ic,0.0055149584,0.13445841,0.9955997221034006,1.0,False
CG11664,0.005514185,0.29173896,0.9956003392902012,1.0,False
asRNA:CR46050,0.005514185,0.010837729,0.9956003392902012,1.0,False
CG3491,0.005514185,0.120854095,0.9956003392902012,1.0,False
boly,0.0055134115,0.039037064,0.9956009564770044,1.0,False
asRNA:CR42860,0.005512638,0.19342737,0.9956015736638103,1.0,False
CG32199,0.005512638,-0.053020358,0.9956015736638103,1.0,False
asRNA:CR46144,0.005512638,-0.0005809751,0.9956015736638103,1.0,False
Act87E,0.005512638,-0.20467837,0.9956015736638103,1.0,False
CG13856,0.005511864,-0.12458694,0.9956021908506189,1.0,False
CG32436,0.005511864,-0.12375729,0.9956021908506189,1.0,False
hiro,0.005511864,0.08422922,0.9956021908506189,1.0,False
lncRNA:CR45811,0.005511864,-0.26322365,0.9956021908506189,1.0,False
lncRNA:CR45014,0.005511864,-0.063606374,0.9956021908506189,1.0,False
CG15708,0.0055110906,-0.13504052,0.9956028080374301,1.0,False
CG31245,0.0055110906,-0.26074415,0.9956028080374301,1.0,False
verm,0.0055110906,-0.18747786,0.9956028080374301,1.0,False
lncRNA:CR45425,0.0055095437,-0.36847323,0.9956040424110603,1.0,False
CG16898,0.0055087702,-0.5355936,0.9956046595978792,1.0,False
snoRNA:CD71,0.005350968,-0.039758917,0.9957305657634342,1.0,False
bowl,0.005350968,-0.07395535,0.9957305657634342,1.0,False
lncRNA:CR45340,0.005332403,-0.40444556,0.9957453782605497,1.0,False
mir-4962,0.00523339,0.061922077,0.9958243782698063,1.0,False
lncRNA:CR44776,0.005188911,-0.03649567,0.9958598665685858,1.0,False
CG7910,0.0048883907,0.39627457,0.9960996442418655,1.0,False
Gr33a,0.0048883907,0.48396376,0.9960996442418655,1.0,False
CG8661,0.0048868433,0.15582253,0.9961008786194918,1.0,False
CG13708,0.00488607,0.2692036,0.9961014958083085,1.0,False
lncRNA:CR44748,0.004884523,-0.18662055,0.9961027301859489,1.0,False
Pepck2,0.004884523,-0.04435983,0.9961027301859489,1.0,False
CG12362,0.004884523,-0.08565808,0.9961027301859489,1.0,False
CG34291,0.004884523,0.14736418,0.9961027301859489,1.0,False
CG43111,0.0048837494,0.16551588,0.9961033473747725,1.0,False
lncRNA:CR44333,0.0048829755,-0.2907676,0.9961039645635985,1.0,False
CG6661,0.0048829755,-0.12821236,0.9961039645635985,1.0,False
asRNA:CR46134,0.004882202,-0.2593795,0.9961045817524269,1.0,False
CG13457,0.004882202,-0.018887306,0.9961045817524269,1.0,False
CG43125,0.0048814286,-0.21533602,0.9961051989412575,1.0,False
sisRNA:CR46357,0.004880655,-0.68980247,0.9961058161300905,1.0,False
upd3,0.004880655,-0.23043786,0.9961058161300905,1.0,False
sing,0.0048798816,-0.4074808,0.9961064333189259,1.0,False
CG1774,0.004879108,-1.0756309,0.9961070505077635,1.0,False
snoRNA:Psi28S-2444,0.0048783342,-0.73943496,0.9961076676966035,1.0,False
btv,0.0048783342,-0.83566827,0.9961076676966035,1.0,False
lncRNA:CR44395,0.0048783342,-0.5780379,0.9961076676966035,1.0,False
Obp83g,0.0048783342,-0.507238,0.9961076676966035,1.0,False
c(2)M,0.004877561,-1.0644968,0.9961082848854458,1.0,False
Spn43Aa,0.0048767873,-0.669648,0.9961089020742905,1.0,False
lncRNA:CR45966,0.004874467,-0.8941841,0.9961107536408383,1.0,False
CG4582,0.00469926,-0.24595575,0.9962505469749754,1.0,False
lncRNA:CR43857,0.0044888565,-0.050209172,0.9964184225654847,1.0,False
CtsL2,0.0042618224,0.78327394,0.9965995679115486,1.0,False
l(2)03659,0.0042602755,0.5679284,0.9966008022927129,1.0,False
asRNA:CR44053,0.0042602755,0.28849238,0.9966008022927129,1.0,False
alpha-Est1,0.0042602755,0.45826906,0.9966008022927129,1.0,False
CG7309,0.004257181,0.086273,0.9966032710550657,1.0,False
CG5002,0.004254861,-0.11394759,0.9966051226268517,1.0,False
otu,0.004254861,-0.00850002,0.9966051226268517,1.0,False
CG13332,0.004254087,-0.03387089,0.9966057398174512,1.0,False
CG9864,0.0042533134,0.20909919,0.9966063570080526,1.0,False
CG13869,0.0042533134,-0.10499729,0.9966063570080526,1.0,False
Rpt6R,0.004250993,-0.14102887,0.9966082085798691,1.0,False
Sgf29,0.0042502196,-0.2286686,0.9966088257704786,1.0,False
CG43108,0.0042494456,-0.3129851,0.9966094429610902,1.0,False
cGlr1,0.0042494456,-0.31673965,0.9966094429610902,1.0,False
asRNA:CR43981,0.004246352,-0.41040802,0.9966119117235568,1.0,False
lncRNA:CR31781,0.004139216,-0.13451034,0.9966973926438056,1.0,False
CG12674,0.004048325,-0.5135986,0.9967699125878564,1.0,False
Oseg1,0.0037713978,-0.071630836,0.9969908671325675,1.0,False
Gr28b,0.0037536062,-0.1337443,0.9970050625443478,1.0,False
Blos3,0.0037021658,-0.06083206,0.9970461058054644,1.0,False
lncRNA:CR45564,0.0036368016,0.5145438,0.9970982585319798,1.0,False
CG30376,0.003634481,0.31400728,0.9971001101082982,1.0,False
CG32641,0.0036290663,0.1690597,0.9971044304531022,1.0,False
Cyp6d4,0.0036282926,0.31952104,0.9971050476452239,1.0,False
asRNA:CR45467,0.0036251985,0.04611537,0.9971075164137284,1.0,False
CG18537,0.0036251985,-0.15501086,0.9971075164137284,1.0,False
uif,0.003624425,-0.09035773,0.9971081336058588,1.0,False
CG1602,0.0035930965,-0.17748451,0.9971331298885915,1.0,False
CG12869,0.0035172896,0.38067785,0.9971936147324766,1.0,False
CG31019,0.003477839,0.04721885,0.9972250915453905,1.0,False
sni,0.0032813596,-0.1885323,0.9973818584808977,1.0,False
CG6927,0.0030017246,0.2952391,0.9976049738001129,1.0,False
lncRNA:CR44822,0.0030001777,-0.006660592,0.997606208186925,1.0,False
CG1077,0.00299631,0.18237671,0.9976092941539803,1.0,False
dob,0.0029955364,-0.009321624,0.9976099113473955,1.0,False
lncRNA:CR43765,0.0029932158,-0.073291324,0.9976117629276502,1.0,False
CG12507,0.0029932158,-0.14405094,0.9976117629276502,1.0,False
CG13024,0.002989348,-0.26429233,0.9976148488947697,1.0,False
CG13075,0.0029878009,-0.741053,0.9976160832816275,1.0,False
CG7264,0.0029870274,-0.4470385,0.9976167004750586,1.0,False
Cyp12c1,0.0028439225,-0.016957752,0.9977308812839488,1.0,False
Npc2e,0.0028392812,-0.09696021,0.9977345844461089,1.0,False
CG14050,0.002837734,-0.07535609,0.9977358188335064,1.0,False
CG3505,0.0028284516,-0.0031773807,0.9977432251580052,1.0,False
Rrp42,0.0027955761,-0.22006524,0.9977694558921649,1.0,False
CG8646,0.0027905481,-0.30097675,0.9977734676517203,1.0,False
CG32026,0.002659433,-0.17134164,0.9978780820166203,1.0,False
Trabd,0.0024146072,-0.16663559,0.9980734239800819,1.0,False
asRNA:CR45152,0.002372836,0.08149364,0.998106752478594,1.0,False
Iris,0.0023573653,-0.30013496,0.9981190963677733,1.0,False
lncRNA:CR44219,0.002352724,-0.48191574,0.998122799534615,1.0,False
Obp56a,0.0022014969,-0.15692359,0.9982434610758716,1.0,False
CG9330,0.0021898937,-0.15317684,0.9982527189963325,1.0,False
CG10126,0.0021837053,-0.0545016,0.998257656554008,1.0,False
CG31415,0.0020939747,0.07199602,0.9983292511477041,1.0,False
CG34430,0.00175323,0.21271351,0.9986011255629553,1.0,False
asRNA:CR45812,0.0017424005,0.057112534,0.9986097662963496,1.0,False
CG42763,0.001734665,-0.059907522,0.998615938248874,1.0,False
odd,0.0015026028,-0.44193298,0.9988010968614542,1.0,False
dany,0.0014902261,-0.61339366,0.9988109719893605,1.0,False
Pif1A,0.0014291165,-0.25855732,0.998859730436038,1.0,False
lncRNA:CR46021,0.0011258885,0.2350364,0.9991016711422732,1.0,False
CG43085,0.0011158325,0.20353992,0.9991096946876403,1.0,False
CG15425,0.0011127383,-0.017316286,0.9991121634708484,1.0,False
HHEX,0.0011026823,-0.068097204,0.9991201870163331,1.0,False
lncRNA:CR44632,0.0010841173,-0.8524765,0.9991349997159225,1.0,False
Adgf-C,0.0009317298,-0.1458159,0.9992565873025226,1.0,False
CG6652,0.00086636556,-0.47517002,0.999308740359083,1.0,False
RecQ4,0.0008296224,-0.019730464,0.9993380571673363,1.0,False
U3-55K,0.00065944344,-0.14221811,0.999473840290276,1.0,False
Lst,0.000488491,0.118220106,0.999610240624565,1.0,False
Skp2,0.0004853968,0.041073,0.999612709409013,1.0,False
yellow-f,0.00047688786,-0.02818105,0.9996194985662641,1.0,False
CG13716,0.00047302013,-0.18674625,0.9996225845468418,1.0,False
Acox57D-p,0.0004602567,-0.35876802,0.9996327682827884,1.0,False
CG3557,0.00045677577,-0.42509192,0.9996355456653296,1.0,False
Fum3,0.0,0.0,1.0,1.0,False
asRNA:CR43413,0.0,0.0,1.0,1.0,False
Fer3HCH,0.0,0.0,1.0,1.0,False
Ir67c,0.0,0.0,1.0,1.0,False
CG2854,0.0,0.0,1.0,1.0,False
S-Lap3,0.0,0.0,1.0,1.0,False
CG10317,0.0,0.0,1.0,1.0,False
CG43190,0.0,0.0,1.0,1.0,False
Cfap299,0.0,0.0,1.0,1.0,False
lncRNA:CR45269,0.0,0.0,1.0,1.0,False
Cyp312a1,0.0,0.0,1.0,1.0,False
Mst84B,0.0,0.0,1.0,1.0,False
UQCR-14L,0.0,0.0,1.0,1.0,False
djl,0.0,0.0,1.0,1.0,False
CG46059,0.0,0.0,1.0,1.0,False
CycB,0.0,0.0,1.0,1.0,False
CG2955,0.0,0.0,1.0,1.0,False
CG31740,0.0,0.0,1.0,1.0,False
mud,0.0,0.0,1.0,1.0,False
CG8838,0.0,0.0,1.0,1.0,False
CG18747,0.0,0.0,1.0,1.0,False
CG42688,0.0,0.0,1.0,1.0,False
Mst84Dd,0.0,0.0,1.0,1.0,False
lncRNA:CR43642,0.0,0.0,1.0,1.0,False
dj,0.0,0.0,1.0,1.0,False
Mst84Db,0.0,0.0,1.0,1.0,False
CG17930,0.0,0.0,1.0,1.0,False
CG15256,0.0,0.0,1.0,1.0,False
sowi,0.0,0.0,1.0,1.0,False
CG11291,0.0,0.0,1.0,1.0,False
mir-210,0.0,0.0,1.0,1.0,False
CG5111,0.0,0.0,1.0,1.0,False
snoRNA:Psi18S-525i,0.0,0.0,1.0,1.0,False
Tex9,0.0,0.0,1.0,1.0,False
robl22E,0.0,0.0,1.0,1.0,False
CG11106,0.0,0.0,1.0,1.0,False
Mst84Da,0.0,0.0,1.0,1.0,False
CG30432,0.0,0.0,1.0,1.0,False
CG31468,0.0,0.0,1.0,1.0,False
CG31141,0.0,0.0,1.0,1.0,False
CG15531,0.0,0.0,1.0,1.0,False
Osi21,0.0,0.0,1.0,1.0,False
CG3124,0.0,0.0,1.0,1.0,False
lncRNA:CR44511,0.0,0.0,1.0,1.0,False
CG33268,0.0,0.0,1.0,1.0,False
lncRNA:CR46216,0.0,0.0,1.0,1.0,False
CG14355,0.0,0.0,1.0,1.0,False
CG11251,0.0,0.0,1.0,1.0,False
lncRNA:CR45403,0.0,0.0,1.0,1.0,False
CG33140,0.0,0.0,1.0,1.0,False
PH4alphaSG2,0.0,0.0,1.0,1.0,False
CG5762,0.0,0.0,1.0,1.0,False
NijB,0.0,0.0,1.0,1.0,False
snoRNA:Psi18S-1347b,0.0,0.0,1.0,1.0,False
CG9920,0.0,0.0,1.0,1.0,False
ocn,0.0,0.0,1.0,1.0,False
CG16964,0.0,0.0,1.0,1.0,False
lncRNA:CR45372,0.0,0.0,1.0,1.0,False
Atg8b,0.0,0.0,1.0,1.0,False
CG32087,0.0,0.0,1.0,1.0,False
rho-6,0.0,0.0,1.0,1.0,False
Prtl99C,0.0,0.0,1.0,1.0,False
CG14949,0.0,0.0,1.0,1.0,False
CG12307,0.0,0.0,1.0,1.0,False
Osi19,0.0,0.0,1.0,1.0,False
alphaKap4,0.0,0.0,1.0,1.0,False
RpS19b,0.0,0.0,1.0,1.0,False
CG17377,0.0,0.0,1.0,1.0,False
CG14718,0.0,0.0,1.0,1.0,False
GstD7,0.0,0.0,1.0,1.0,False
klhl10,0.0,0.0,1.0,1.0,False
lncRNA:CR9284,0.0,0.0,1.0,1.0,False
Cs2,0.0,0.0,1.0,1.0,False
Ugt37B1,0.0,0.0,1.0,1.0,False
CG4218,0.0,0.0,1.0,1.0,False
lncRNA:CR45949,0.0,0.0,1.0,1.0,False
snoRNA:Psi28S-3316e,0.0,0.0,1.0,1.0,False
lncRNA:CR44853,0.0,0.0,1.0,1.0,False
Bro,0.0,0.0,1.0,1.0,False
CG30369,0.0,0.0,1.0,1.0,False
polyph,0.0,0.0,1.0,1.0,False
CG8492,0.0,0.0,1.0,1.0,False
CG14017,0.0,0.0,1.0,1.0,False
mir-954,0.0,0.0,1.0,1.0,False
Vm26Ac,0.0,0.0,1.0,1.0,False
lncRNA:CR42836,0.0,0.0,1.0,1.0,False
CG13676,0.0,0.0,1.0,1.0,False
CG18131,0.0,0.0,1.0,1.0,False
ase,0.0,0.0,1.0,1.0,False
CG17732,0.0,0.0,1.0,1.0,False
Mst98Ca,0.0,0.0,1.0,1.0,False
CG34241,0.0,0.0,1.0,1.0,False
CG34034,0.0,0.0,1.0,1.0,False
Mst98Cb,0.0,0.0,1.0,1.0,False
CG6696,0.0,0.0,1.0,1.0,False
Acsf3,0.0,0.0,1.0,1.0,False
CG15599,0.0,0.0,1.0,1.0,False
CG5089,0.0,0.0,1.0,1.0,False
lncRNA:CR45647,0.0,0.0,1.0,1.0,False
CG4995,0.0,0.0,1.0,1.0,False
CG30375,0.0,0.0,1.0,1.0,False
CG5614,0.0,0.0,1.0,1.0,False
CG5024,0.0,0.0,1.0,1.0,False
CG43109,0.0,0.0,1.0,1.0,False
asRNA:CR46101,0.0,0.0,1.0,1.0,False
CG31948,0.0,0.0,1.0,1.0,False
CG43638,0.0,0.0,1.0,1.0,False
CG31454,0.0,0.0,1.0,1.0,False
Drsl6,0.0,0.0,1.0,1.0,False
CG34168,0.0,0.0,1.0,1.0,False
d-cup,0.0,0.0,1.0,1.0,False
CG31709,0.0,0.0,1.0,1.0,False
CG2812,-0.00010790893,-0.11270451,0.9999139011323357,1.0,False
CG7408,-0.00014890659,0.0061773937,0.9998811897347936,1.0,False
asRNA:CR43465,-0.00015045366,-0.01377775,0.999879955342437,1.0,False
RpS5b,-0.00018062175,-0.53591436,0.999855884691546,1.0,False
SF1,-0.00038290265,-0.20865096,0.9996944878958054,1.0,False
PolZ1,-0.00061225746,-0.09052876,0.999511489249957,1.0,False
CG14644,-0.0006285018,-0.0706246,0.9994985281325628,1.0,False
snoRNA:CD56a,-0.0006285018,1.9622611,0.9994985281325628,1.0,False
lncRNA:CR45352,-0.0006285018,1.8704824,0.9994985281325628,1.0,False
RpL22-like,-0.0006285018,2.1348794,0.9994985281325628,1.0,False
Pgcl,-0.0006285018,1.4535123,0.9994985281325628,1.0,False
TTLL4B,-0.0006285018,1.1540856,0.9994985281325628,1.0,False
CG45546,-0.0006285018,0.48689324,0.9994985281325628,1.0,False
SmydA-2,-0.0006285018,0.49630377,0.9994985281325628,1.0,False
CG7691,-0.0006285018,0.43861842,0.9994985281325628,1.0,False
lncRNA:CR44537,-0.0006285018,1.4300424,0.9994985281325628,1.0,False
lncRNA:CR43881,-0.0006285018,0.10277261,0.9994985281325628,1.0,False
CG13670,-0.0006285018,0.106334105,0.9994985281325628,1.0,False
asRNA:CR45264,-0.0006285018,0.867459,0.9994985281325628,1.0,False
snoRNA:Psi28S-3091b,-0.0006285018,0.8792181,0.9994985281325628,1.0,False
Cpr100A,-0.0006285018,0.26531982,0.9994985281325628,1.0,False
rhi,-0.0006285018,1.1818621,0.9994985281325628,1.0,False
CG33768,-0.0006285018,0.5469726,0.9994985281325628,1.0,False
snoRNA:Psi28S-2949,-0.0006285018,1.2153512,0.9994985281325628,1.0,False
CG43449,-0.0006285018,0.4207818,0.9994985281325628,1.0,False
lncRNA:CR45415,-0.0006285018,0.27215406,0.9994985281325628,1.0,False
Jhe,-0.0006285018,0.7122577,0.9994985281325628,1.0,False
lncRNA:CR44338,-0.0006285018,-0.063285604,0.9994985281325628,1.0,False
Tim13,-0.0006285018,0.94724464,0.9994985281325628,1.0,False
gsb-n,-0.0006285018,0.8296093,0.9994985281325628,1.0,False
CG42826,-0.0006285018,0.5580833,0.9994985281325628,1.0,False
CG34428,-0.0006285018,0.98857325,0.9994985281325628,1.0,False
tono,-0.0006285018,0.14691155,0.9994985281325628,1.0,False
Spn28Db,-0.0006285018,0.04027563,0.9994985281325628,1.0,False
CG7330,-0.0006285018,1.059079,0.9994985281325628,1.0,False
CG32198,-0.0006285018,0.15588705,0.9994985281325628,1.0,False
CG10750,-0.0006285018,0.57930356,0.9994985281325628,1.0,False
CG2901,-0.0006285018,1.15915,0.9994985281325628,1.0,False
CG17636,-0.0006285018,0.55363834,0.9994985281325628,1.0,False
CG32483,-0.0006285018,0.49178016,0.9994985281325628,1.0,False
CG32633,-0.0006285018,0.44431376,0.9994985281325628,1.0,False
Cpr65Eb,-0.0006285018,0.8997923,0.9994985281325628,1.0,False
lncRNA:CR45400,-0.0006285018,1.906662,0.9994985281325628,1.0,False
CG31327,-0.0006285018,0.7748964,0.9994985281325628,1.0,False
CG18649,-0.0006285018,0.009801028,0.9994985281325628,1.0,False
lncRNA:CR43458,-0.0006285018,0.74833375,0.9994985281325628,1.0,False
CG13321,-0.0006285018,0.21609901,0.9994985281325628,1.0,False
CG14566,-0.0006285018,0.36527205,0.9994985281325628,1.0,False
Cyp4e3,-0.0006285018,2.807608,0.9994985281325628,1.0,False
CG13653,-0.0006285018,0.4491458,0.9994985281325628,1.0,False
Obp56g,-0.0006285018,0.8530147,0.9994985281325628,1.0,False
Traf-like,-0.0006285018,1.4584014,0.9994985281325628,1.0,False
asRNA:CR45924,-0.0006285018,0.4942072,0.9994985281325628,1.0,False
lncRNA:CR46132,-0.0006285018,1.7726572,0.9994985281325628,1.0,False
CCDC151,-0.0006285018,1.8967584,0.9994985281325628,1.0,False
CG8170,-0.0006285018,0.6063149,0.9994985281325628,1.0,False
CG15564,-0.0006285018,0.33536774,0.9994985281325628,1.0,False
asRNA:CR44982,-0.0006285018,0.8671962,0.9994985281325628,1.0,False
CG10950,-0.0006285018,0.2602694,0.9994985281325628,1.0,False
CG9173,-0.0006285018,0.27854845,0.9994985281325628,1.0,False
asRNA:CR44793,-0.0006285018,0.6234869,0.9994985281325628,1.0,False
CG17991,-0.0006285018,-0.036119137,0.9994985281325628,1.0,False
asRNA:CR44976,-0.0006285018,0.09580419,0.9994985281325628,1.0,False
CG13230,-0.0006285018,-0.09031389,0.9994985281325628,1.0,False
Prosalpha4T2,-0.0006285018,0.6558702,0.9994985281325628,1.0,False
lncRNA:CR45956,-0.0006285018,0.7588964,0.9994985281325628,1.0,False
Dna2,-0.0006285018,0.25064257,0.9994985281325628,1.0,False
ProtB,-0.0006285018,0.23646252,0.9994985281325628,1.0,False
Gr22a,-0.0006285018,0.9427012,0.9994985281325628,1.0,False
CG15696,-0.0006285018,1.6090069,0.9994985281325628,1.0,False
snoRNA:Psi28S-3316d,-0.0006285018,0.520926,0.9994985281325628,1.0,False
a5,-0.0006285018,0.06617474,0.9994985281325628,1.0,False
cocoon,-0.0006285018,1.7133857,0.9994985281325628,1.0,False
CG7295,-0.0006285018,-0.07999798,0.9994985281325628,1.0,False
CG4734,-0.0006285018,0.22997382,0.9994985281325628,1.0,False
Su(Ste):CR42407,-0.0006285018,0.10016532,0.9994985281325628,1.0,False
CG33703,-0.0006285018,0.929604,0.9994985281325628,1.0,False
sip2,-0.0006285018,1.5273385,0.9994985281325628,1.0,False
asRNA:CR45272,-0.0006285018,0.20033659,0.9994985281325628,1.0,False
CG17375,-0.0006285018,2.8610966,0.9994985281325628,1.0,False
CG12115,-0.0006285018,0.12184588,0.9994985281325628,1.0,False
lncRNA:CR43297,-0.0006285018,0.29061612,0.9994985281325628,1.0,False
asRNA:CR46081,-0.0006285018,0.46230972,0.9994985281325628,1.0,False
CG33306,-0.00062927534,-1.4630256,0.9994979109364996,1.0,False
lncRNA:CR46241,-0.00062927534,-0.9582441,0.9994979109364996,1.0,False
CG34345,-0.00062927534,-5.4113107,0.9994979109364996,1.0,False
eIF4E5,-0.00062927534,-1.9235468,0.9994979109364996,1.0,False
CG43165,-0.00062927534,-0.5264745,0.9994979109364996,1.0,False
CG30340,-0.00062927534,-0.593241,0.9994979109364996,1.0,False
CG30098,-0.00062927534,-1.9594094,0.9994979109364996,1.0,False
CG14931,-0.00062927534,-0.5568826,0.9994979109364996,1.0,False
CG10211,-0.00062927534,-1.2097496,0.9994979109364996,1.0,False
CG3085,-0.00062927534,-1.0562862,0.9994979109364996,1.0,False
CG40298,-0.00062927534,-2.9650078,0.9994979109364996,1.0,False
Sfp33A4,-0.00062927534,-0.40136915,0.9994979109364996,1.0,False
lncRNA:CR44400,-0.00062927534,-0.9477309,0.9994979109364996,1.0,False
lncRNA:CR44733,-0.00062927534,-0.720293,0.9994979109364996,1.0,False
lncRNA:CR44302,-0.00062927534,-2.7487876,0.9994979109364996,1.0,False
CG11630,-0.00062927534,-1.5966806,0.9994979109364996,1.0,False
lncRNA:CR44066,-0.00062927534,-1.8658174,0.9994979109364996,1.0,False
Mal-A3,-0.00062927534,-0.6551124,0.9994979109364996,1.0,False
CG3473,-0.00062927534,-0.87079656,0.9994979109364996,1.0,False
CG31189,-0.00062927534,-0.72416604,0.9994979109364996,1.0,False
CG15414,-0.00062927534,-1.2450197,0.9994979109364996,1.0,False
lncRNA:CR46252,-0.00062927534,-0.9947208,0.9994979109364996,1.0,False
lncRNA:CR45319,-0.00062927534,-0.78436565,0.9994979109364996,1.0,False
lncRNA:CR45082,-0.00062927534,-1.320393,0.9994979109364996,1.0,False
CG7573,-0.00062927534,-0.7651642,0.9994979109364996,1.0,False
Tsp33B,-0.00062927534,-0.99273723,0.9994979109364996,1.0,False
snoRNA:CD61,-0.00062927534,-0.8034554,0.9994979109364996,1.0,False
CG15450,-0.00062927534,-1.0632561,0.9994979109364996,1.0,False
Or65a,-0.00062927534,-1.4869946,0.9994979109364996,1.0,False
snoRNA:Edc3-a,-0.00062927534,-1.6379772,0.9994979109364996,1.0,False
snoRNA:CD7,-0.00062927534,-1.477993,0.9994979109364996,1.0,False
c-cup,-0.00062927534,-0.53595775,0.9994979109364996,1.0,False
CG31380,-0.00062927534,-3.380467,0.9994979109364996,1.0,False
eIF4E7,-0.00062927534,-1.1833476,0.9994979109364996,1.0,False
lncRNA:CR45450,-0.00062927534,-1.6232246,0.9994979109364996,1.0,False
Dmel_CG43337,-0.00062927534,-1.91861,0.9994979109364996,1.0,False
Cpr12A,-0.00062927534,-1.713579,0.9994979109364996,1.0,False
Rsod,-0.00062927534,-1.2211729,0.9994979109364996,1.0,False
snoRNA:CD60,-0.00062927534,-0.6805322,0.9994979109364996,1.0,False
Alp8,-0.00062927534,-0.35634375,0.9994979109364996,1.0,False
CG31482,-0.00062927534,-0.5757731,0.9994979109364996,1.0,False
CG30088,-0.00062927534,-0.92595273,0.9994979109364996,1.0,False
Ir85a,-0.00062927534,-0.8934155,0.9994979109364996,1.0,False
CG43935,-0.00062927534,-2.263235,0.9994979109364996,1.0,False
Jhbp11,-0.00062927534,-3.1139846,0.9994979109364996,1.0,False
Sgs8,-0.00062927534,-1.7652819,0.9994979109364996,1.0,False
cysu,-0.00062927534,-0.96619177,0.9994979109364996,1.0,False
eIF3f2,-0.00062927534,-0.76490396,0.9994979109364996,1.0,False
lncRNA:CR44671,-0.00062927534,-1.2471821,0.9994979109364996,1.0,False
ng3,-0.00062927534,-1.2067456,0.9994979109364996,1.0,False
CG14658,-0.00062927534,-2.9203398,0.9994979109364996,1.0,False
RacGAP84C,-0.00062927534,-2.1806133,0.9994979109364996,1.0,False
CG13443,-0.00062927534,-2.0541294,0.9994979109364996,1.0,False
lncRNA:CR45338,-0.00062927534,-1.0180154,0.9994979109364996,1.0,False
CG11353,-0.00062927534,-1.1712778,0.9994979109364996,1.0,False
CG42812,-0.00062927534,-1.7066631,0.9994979109364996,1.0,False
lncRNA:CR46114,-0.00062927534,-0.8271033,0.9994979109364996,1.0,False
lncRNA:CR45295,-0.00062927534,-1.9159232,0.9994979109364996,1.0,False
lncRNA:CR44524,-0.00062927534,-2.0773594,0.9994979109364996,1.0,False
CG31546,-0.00062927534,-1.5558413,0.9994979109364996,1.0,False
lncRNA:CR43763,-0.00062927534,-1.6767554,0.9994979109364996,1.0,False
CG13949,-0.00062927534,-2.6526625,0.9994979109364996,1.0,False
Cyp316a1,-0.00062927534,-0.856928,0.9994979109364996,1.0,False
frac,-0.00062927534,-0.39705622,0.9994979109364996,1.0,False
CG8785,-0.00062927534,-1.5248947,0.9994979109364996,1.0,False
CG10996,-0.00062927534,-2.6545186,0.9994979109364996,1.0,False
CG10104,-0.00062927534,-0.9349239,0.9994979109364996,1.0,False
asRNA:CR44201,-0.00062927534,-0.32660708,0.9994979109364996,1.0,False
CG14095,-0.00062927534,-0.60405344,0.9994979109364996,1.0,False
CG44094,-0.00062927534,-1.3276275,0.9994979109364996,1.0,False
lncRNA:CR44560,-0.00062927534,-2.6792192,0.9994979109364996,1.0,False
Dmel_CR34568,-0.00062927534,-0.80007106,0.9994979109364996,1.0,False
CheB74a,-0.00062927534,-1.3397698,0.9994979109364996,1.0,False
lncRNA:CR45903,-0.00062927534,-0.8558604,0.9994979109364996,1.0,False
CG43198,-0.00062927534,-0.1871109,0.9994979109364996,1.0,False
lncRNA:CR45247,-0.00062927534,-1.3011593,0.9994979109364996,1.0,False
lncRNA:CR45246,-0.00062927534,-0.6356616,0.9994979109364996,1.0,False
lncRNA:CR45617,-0.00062927534,-0.37146384,0.9994979109364996,1.0,False
CG42841,-0.00062927534,-0.14836368,0.9994979109364996,1.0,False
CG42355,-0.00062927534,-0.91849214,0.9994979109364996,1.0,False
Esp,-0.00062927534,-0.19714,0.9994979109364996,1.0,False
Decay,-0.00062927534,-0.36813286,0.9994979109364996,1.0,False
CG14891,-0.00062927534,-0.15796942,0.9994979109364996,1.0,False
asRNA:CR45468,-0.00062927534,-0.30416813,0.9994979109364996,1.0,False
Or69a,-0.00062927534,-1.772874,0.9994979109364996,1.0,False
CG5421,-0.00062927534,-2.2824564,0.9994979109364996,1.0,False
CG14227,-0.00062927534,-1.1462407,0.9994979109364996,1.0,False
CG31872,-0.00062927534,-2.9428139,0.9994979109364996,1.0,False
lncRNA:CR43440,-0.00062927534,-2.1570184,0.9994979109364996,1.0,False
CG42753,-0.00062927534,-1.0477974,0.9994979109364996,1.0,False
wuc,-0.00062927534,-0.27520135,0.9994979109364996,1.0,False
CG15128,-0.00062927534,-1.2309892,0.9994979109364996,1.0,False
CG14860,-0.00062927534,-0.44657424,0.9994979109364996,1.0,False
CG14861,-0.00062927534,-0.43246344,0.9994979109364996,1.0,False
CG33136,-0.00062927534,-0.3039195,0.9994979109364996,1.0,False
Gr28a,-0.00062927534,-0.62014437,0.9994979109364996,1.0,False
CG6739,-0.00062927534,-1.6211149,0.9994979109364996,1.0,False
asRNA:CR44087,-0.00062927534,-0.9122372,0.9994979109364996,1.0,False
CG32106,-0.00062927534,-0.12623471,0.9994979109364996,1.0,False
CG17666,-0.00062927534,-1.737101,0.9994979109364996,1.0,False
lncRNA:CR45239,-0.00062927534,-0.85407656,0.9994979109364996,1.0,False
lncRNA:CR45964,-0.00062927534,-0.28017518,0.9994979109364996,1.0,False
CG15641,-0.00062927534,-3.3476663,0.9994979109364996,1.0,False
lncRNA:CR44354,-0.00062927534,-1.4086893,0.9994979109364996,1.0,False
CG32806,-0.00062927534,-0.22589761,0.9994979109364996,1.0,False
CG3457,-0.00062927534,-2.2697253,0.9994979109364996,1.0,False
snRNA:U7,-0.00062927534,-0.15258256,0.9994979109364996,1.0,False
CG45413,-0.00062927534,-0.27988383,0.9994979109364996,1.0,False
Obp50e,-0.00062927534,-1.4826043,0.9994979109364996,1.0,False
CG31493,-0.00062927534,-1.5649536,0.9994979109364996,1.0,False
asRNA:CR42738,-0.00062927534,-1.3962368,0.9994979109364996,1.0,False
asRNA:CR43876,-0.00062927534,-0.9129271,0.9994979109364996,1.0,False
CG13471,-0.00062927534,-0.9782033,0.9994979109364996,1.0,False
lncRNA:CR43848,-0.00062927534,-1.0023422,0.9994979109364996,1.0,False
asRNA:CR45908,-0.00062927534,-1.0407468,0.9994979109364996,1.0,False
CG8303,-0.00062927534,-0.5598409,0.9994979109364996,1.0,False
CG17929,-0.00062927534,-1.8408976,0.9994979109364996,1.0,False
CG32074,-0.00062927534,-1.883357,0.9994979109364996,1.0,False
Mgat4b,-0.00062927534,-0.82196754,0.9994979109364996,1.0,False
CG6244,-0.00062927534,-1.2359701,0.9994979109364996,1.0,False
CG4830,-0.00062927534,-1.1108497,0.9994979109364996,1.0,False
Pgam2,-0.00062927534,-2.197989,0.9994979109364996,1.0,False
CG13930,-0.00062927534,-1.083751,0.9994979109364996,1.0,False
CG43333,-0.00062927534,-1.3596946,0.9994979109364996,1.0,False
Osi18,-0.00062927534,-0.40622312,0.9994979109364996,1.0,False
Alp13,-0.00062927534,-0.97915155,0.9994979109364996,1.0,False
CG13423,-0.00062927534,-0.7199375,0.9994979109364996,1.0,False
snoRNA:Psi18S-1389b,-0.00062927534,-1.8864356,0.9994979109364996,1.0,False
CG11529,-0.00062927534,-2.0649745,0.9994979109364996,1.0,False
CG13675,-0.00062927534,-0.25657427,0.9994979109364996,1.0,False
snoRNA:Psi28S-1192d,-0.00062927534,-1.8745359,0.9994979109364996,1.0,False
eve,-0.00077702163,0.030288223,0.9993800264943812,1.0,False
borr,-0.0007824364,-0.15602088,0.9993757061223983,1.0,False
CG34107,-0.00079636014,-0.3636079,0.9993645965945268,1.0,False
SWIP,-0.0009680862,-0.22050177,0.9992275790949086,1.0,False
CG34283,-0.00125623,0.80111736,0.998997673658912,1.0,False
CG7333,-0.00125623,0.35356396,0.998997673658912,1.0,False
CG43139,-0.00125623,1.5399339,0.998997673658912,1.0,False
lncRNA:CR43751,-0.00125623,0.6918792,0.998997673658912,1.0,False
CG10064,-0.00125623,0.9083192,0.998997673658912,1.0,False
CG17780,-0.00125623,2.3504758,0.998997673658912,1.0,False
CG43110,-0.0012570036,0.43898624,0.9989970564632141,1.0,False
Cdk1,-0.0012570036,-0.034174524,0.9989970564632141,1.0,False
CG11370,-0.0012570036,0.086196125,0.9989970564632141,1.0,False
CG12521,-0.0012570036,0.8337499,0.9989970564632141,1.0,False
Ugt303A1,-0.0012570036,0.5759789,0.9989970564632141,1.0,False
CG33795,-0.0012570036,0.65654516,0.9989970564632141,1.0,False
CG17362,-0.0012570036,0.49461702,0.9989970564632141,1.0,False
Gr58b,-0.0012570036,0.29140615,0.9989970564632141,1.0,False
lncRNA:CR43974,-0.0012570036,1.0612085,0.9989970564632141,1.0,False
Adk1,-0.0012570036,0.8662102,0.9989970564632141,1.0,False
CG12609,-0.0012570036,0.1891542,0.9989970564632141,1.0,False
asRNA:CR45140,-0.0012570036,0.1444524,0.9989970564632141,1.0,False
CG6337,-0.0012570036,0.52966434,0.9989970564632141,1.0,False
lncRNA:CR44764,-0.0012577772,0.10398611,0.9989964392675169,1.0,False
lncRNA:CR46030,-0.0012577772,0.86490893,0.9989964392675169,1.0,False
mfr,-0.0012577772,-0.31005934,0.9989964392675169,1.0,False
CG15020,-0.0012577772,-0.20488991,0.9989964392675169,1.0,False
CG13177,-0.0012577772,-0.2466602,0.9989964392675169,1.0,False
CG15577,-0.0012577772,0.27455208,0.9989964392675169,1.0,False
lncRNA:CR45395,-0.0012577772,0.22907312,0.9989964392675169,1.0,False
CG33469,-0.0012577772,0.09250861,0.9989964392675169,1.0,False
lush,-0.0012577772,0.26251903,0.9989964392675169,1.0,False
Srg2,-0.0012577772,-0.52346075,0.9989964392675169,1.0,False
CG31495,-0.0012577772,-0.19333518,0.9989964392675169,1.0,False
CG45428,-0.0012577772,-0.013032382,0.9989964392675169,1.0,False
CG13613,-0.0012577772,-0.15859467,0.9989964392675169,1.0,False
CG12540,-0.0012577772,-0.33205545,0.9989964392675169,1.0,False
lncRNA:CR44236,-0.0012577772,0.04181062,0.9989964392675169,1.0,False
flz,-0.0012577772,0.25651613,0.9989964392675169,1.0,False
snoRNA:Psi18S-640c,-0.0012577772,-0.23354955,0.9989964392675169,1.0,False
lncRNA:CR46087,-0.0012577772,-1.1978056,0.9989964392675169,1.0,False
CG6980,-0.0012577772,-0.36559647,0.9989964392675169,1.0,False
gskt,-0.0012577772,-0.32482427,0.9989964392675169,1.0,False
CG42704,-0.0012577772,-0.08607855,0.9989964392675169,1.0,False
CG15368,-0.0012577772,-0.1184795,0.9989964392675169,1.0,False
CG34210,-0.0012577772,0.0019296472,0.9989964392675169,1.0,False
lncRNA:CR44610,-0.0012577772,-0.7631224,0.9989964392675169,1.0,False
snoRNA:Psi28S-2876,-0.0012577772,0.21008237,0.9989964392675169,1.0,False
l(2)34Fc,-0.0012577772,0.13238828,0.9989964392675169,1.0,False
Act88F,-0.0012577772,-0.61791885,0.9989964392675169,1.0,False
CG10953,-0.0012577772,0.21777393,0.9989964392675169,1.0,False
CG4970,-0.0012577772,-0.15720189,0.9989964392675169,1.0,False
lncRNA:CR45655,-0.0012577772,0.59739727,0.9989964392675169,1.0,False
CG42866,-0.0012585507,-0.8010953,0.9989958220718202,1.0,False
CG14297,-0.0012585507,-0.5086592,0.9989958220718202,1.0,False
CAH4,-0.0012585507,-0.787089,0.9989958220718202,1.0,False
CG17717,-0.0012585507,-1.2510619,0.9989958220718202,1.0,False
lncRNA:CR31526,-0.0012585507,-0.5567916,0.9989958220718202,1.0,False
Gdap1,-0.0012585507,-0.7612017,0.9989958220718202,1.0,False
lncRNA:CR45742,-0.0012585507,-0.6379793,0.9989958220718202,1.0,False
lncRNA:CR44679,-0.0012585507,-0.68819803,0.9989958220718202,1.0,False
CG12003,-0.0012585507,-0.28113103,0.9989958220718202,1.0,False
CG18808,-0.0012585507,-0.950488,0.9989958220718202,1.0,False
Crtp,-0.0012585507,-1.1897392,0.9989958220718202,1.0,False
lncRNA:CR43488,-0.0012585507,-0.8249324,0.9989958220718202,1.0,False
CG32832,-0.0012585507,-0.4359341,0.9989958220718202,1.0,False
lncRNA:CR43929,-0.0012585507,-1.258757,0.9989958220718202,1.0,False
CG15169,-0.0012585507,-1.0863305,0.9989958220718202,1.0,False
grnd,-0.0012585507,-0.39868903,0.9989958220718202,1.0,False
Npc1b,-0.0012585507,-0.41714433,0.9989958220718202,1.0,False
ppk23,-0.0012585507,-0.6436139,0.9989958220718202,1.0,False
asRNA:CR44071,-0.0012585507,-0.84827477,0.9989958220718202,1.0,False
lncRNA:CR45743,-0.0012585507,-0.9697473,0.9989958220718202,1.0,False
CG14731,-0.0012593243,-1.5860728,0.9989952048761241,1.0,False
CG6830,-0.0012593243,-1.3288025,0.9989952048761241,1.0,False
CG11786,-0.0012593243,-0.33362228,0.9989952048761241,1.0,False
CG31230,-0.0012593243,-1.7171491,0.9989952048761241,1.0,False
CG4017,-0.0012593243,-0.77113026,0.9989952048761241,1.0,False
lncRNA:CR45097,-0.0012593243,-2.0904417,0.9989952048761241,1.0,False
CG2816,-0.0012593243,-1.3222967,0.9989952048761241,1.0,False
Or22b,-0.0012593243,-0.57552046,0.9989952048761241,1.0,False
asRNA:CR46109,-0.0012593243,-0.6532172,0.9989952048761241,1.0,False
CG12448,-0.0012593243,-1.3094282,0.9989952048761241,1.0,False
CG43797,-0.0012593243,-1.2232652,0.9989952048761241,1.0,False
CG42815,-0.0012593243,-1.5249306,0.9989952048761241,1.0,False
lncRNA:CR45755,-0.0012593243,-0.9057966,0.9989952048761241,1.0,False
lncRNA:CR45354,-0.0012593243,-2.2369993,0.9989952048761241,1.0,False
CG6432,-0.0012593243,-1.4845777,0.9989952048761241,1.0,False
CG13481,-0.0012593243,-1.7105764,0.9989952048761241,1.0,False
Prx6c,-0.0013888923,0.06311533,0.9988918246058066,1.0,False
CG33475,-0.0014488418,-0.5656024,0.998843991949611,1.0,False
okr,-0.0016484152,-0.3243909,0.9986847555250454,1.0,False
CG13066,-0.0018831849,1.0880107,0.9984974367753109,1.0,False
CG14000,-0.0018847319,0.36681354,0.9984962023851311,1.0,False
Wnt2,-0.0018847319,0.8229744,0.9984962023851311,1.0,False
CG15554,-0.0018847319,0.62970525,0.9984962023851311,1.0,False
Adgf-B,-0.0018855055,0.1787823,0.9984955851900426,1.0,False
Lip3,-0.0018855055,0.30495834,0.9984955851900426,1.0,False
Gba1a,-0.0018855055,0.04167229,0.9984955851900426,1.0,False
snoRNA:Psi28S-3405b,-0.0018855055,0.42563283,0.9984955851900426,1.0,False
wbl,-0.0018855055,0.3464206,0.9984955851900426,1.0,False
CG14491,-0.0018855055,0.5174215,0.9984955851900426,1.0,False
lncRNA:CR44504,-0.0018855055,0.41705137,0.9984955851900426,1.0,False
asRNA:CR44019,-0.0018855055,0.23116179,0.9984955851900426,1.0,False
CG33476,-0.0018855055,0.45328668,0.9984955851900426,1.0,False
CG4286,-0.001886279,-0.23622745,0.998494967994955,1.0,False
asRNA:CR43257,-0.001886279,-0.22583023,0.998494967994955,1.0,False
Takl1,-0.001886279,0.13001442,0.998494967994955,1.0,False
CG15142,-0.001886279,-0.041835893,0.998494967994955,1.0,False
asRNA:CR46082,-0.001886279,0.27901012,0.998494967994955,1.0,False
asRNA:CR43429,-0.001886279,0.18574856,0.998494967994955,1.0,False
CG14383,-0.0018870526,-0.08323922,0.9984943507998683,1.0,False
Sid,-0.0018870526,-0.2930179,0.9984943507998683,1.0,False
CG11226,-0.0018870526,-0.22655731,0.9984943507998683,1.0,False
CG6738,-0.0018870526,-0.09523429,0.9984943507998683,1.0,False
CG13786,-0.0018870526,-0.31593823,0.9984943507998683,1.0,False
MtnB,-0.0018870526,-0.7138219,0.9984943507998683,1.0,False
lncRNA:CR44283,-0.0018870526,-0.18348897,0.9984943507998683,1.0,False
asRNA:CR45445,-0.0018870526,-0.09027306,0.9984943507998683,1.0,False
mei-38,-0.0018878261,-0.3298513,0.9984937336047824,1.0,False
CG14424,-0.0018878261,-0.5124789,0.9984937336047824,1.0,False
CG31533,-0.0018878261,-0.55984473,0.9984937336047824,1.0,False
lncRNA:CR46253,-0.0018878261,-0.63879037,0.9984937336047824,1.0,False
yellow-d2,-0.0018878261,-0.32871538,0.9984937336047824,1.0,False
lncRNA:CR44075,-0.0018878261,-0.27700835,0.9984937336047824,1.0,False
Muc68Ca,-0.0018878261,-1.188405,0.9984937336047824,1.0,False
Acp95EF,-0.0018885996,-0.561093,0.9984931164096975,1.0,False
CG31528,-0.0018885996,-0.48235223,0.9984931164096975,1.0,False
asRNA:CR31429,-0.0018885996,-0.97426885,0.9984931164096975,1.0,False
CG43255,-0.0018885996,-0.7436104,0.9984931164096975,1.0,False
CG33285,-0.0018885996,-0.73648727,0.9984931164096975,1.0,False
Listericin,-0.0018885996,-0.9214208,0.9984931164096975,1.0,False
Twdlbeta,-0.0018885996,-0.6465061,0.9984931164096975,1.0,False
CG15212,-0.0018885996,-0.79857534,0.9984931164096975,1.0,False
CG32240,-0.0018885996,-0.9229771,0.9984931164096975,1.0,False
CG13965,-0.0018885996,-1.056891,0.9984931164096975,1.0,False
CG17570,-0.0018885996,-0.55692077,0.9984931164096975,1.0,False
LManVI,-0.0018893732,-0.7711251,0.9984924992146136,1.0,False
CG9095,-0.0018893732,-1.0701671,0.9984924992146136,1.0,False
CG12020,-0.0018901468,-1.0297976,0.9984918820195304,1.0,False
CG13042,-0.0018901468,-1.5123645,0.9984918820195304,1.0,False
lncRNA:CR45575,-0.0018901468,-1.7247195,0.9984918820195304,1.0,False
CG13313,-0.0018901468,-0.8812545,0.9984918820195304,1.0,False
Trmt61,-0.0019299841,-0.17474717,0.9984600964739786,1.0,False
ppk26,-0.0020456284,-0.07740303,0.998367825826645,1.0,False
asRNA:CR43842,-0.002088173,-0.6352952,0.9983338801089725,1.0,False
lncRNA:CR45169,-0.002093588,-0.9464452,0.9983295597451202,1.0,False
CG14495,-0.0022204486,-0.18198238,0.9982283398062946,1.0,False
CG12863,-0.0022486828,-0.13243501,0.9982058122017801,1.0,False
CG31436,-0.0022985763,-0.37379566,0.998166003150735,1.0,False
CG42750,-0.0023623933,-0.02858204,0.9981150846037405,1.0,False
Jabba,-0.0024563784,-0.20402287,0.9980400954849312,1.0,False
CG14258,-0.0025109132,0.69814855,0.9979965832880846,1.0,False
Jon65Aiv,-0.0025116866,0.67025304,0.9979959660938457,1.0,False
CG31244,-0.00251246,0.50475967,0.997995348899608,1.0,False
CG45076,-0.00251246,0.5198662,0.997995348899608,1.0,False
CG7251,-0.00251246,0.27265897,0.997995348899608,1.0,False
lncRNA:CR44957,-0.00251246,0.3913215,0.997995348899608,1.0,False
lncRNA:CR46113,-0.0025147807,-0.026141055,0.9979934973169018,1.0,False
lncRNA:CR46039,-0.0025147807,0.40513453,0.9979934973169018,1.0,False
lncRNA:CR9162,-0.0025147807,-0.08968508,0.9979934973169018,1.0,False
CG45062,-0.0025147807,0.009656167,0.9979934973169018,1.0,False
CG11131,-0.0025155544,-0.43028855,0.9979928801226688,1.0,False
CG44261,-0.0025155544,-0.089813106,0.9979928801226688,1.0,False
Ccdc114,-0.0025155544,-0.16503868,0.9979928801226688,1.0,False
CG8665,-0.0025155544,-0.43528008,0.9979928801226688,1.0,False
lncRNA:CR34052,-0.002516328,-0.40488037,0.9979922629284371,1.0,False
CG14079,-0.002516328,-0.21485828,0.9979922629284371,1.0,False
mir-4968,-0.002516328,-0.1548121,0.9979922629284371,1.0,False
asRNA:CR45867,-0.002516328,-0.20808893,0.9979922629284371,1.0,False
CG34292,-0.0025171014,-0.5267377,0.9979916457342065,1.0,False
Mst27D,-0.0025171014,-0.68145764,0.9979916457342065,1.0,False
Apc2,-0.0025171014,-0.575482,0.9979916457342065,1.0,False
CG12229,-0.0025171014,-0.4078302,0.9979916457342065,1.0,False
lncRNA:CR33218,-0.002517875,-0.4862949,0.9979910285399772,1.0,False
lncRNA:CR43424,-0.002517875,-0.5320692,0.9979910285399772,1.0,False
CG32170,-0.002517875,-0.3367374,0.9979910285399772,1.0,False
fan,-0.002517875,-0.5519487,0.9979910285399772,1.0,False
lncRNA:CR45963,-0.002517875,-0.7366671,0.9979910285399772,1.0,False
asRNA:CR43872,-0.0025186485,-0.695226,0.9979904113457491,1.0,False
pav,-0.0025186485,-0.24286313,0.9979904113457491,1.0,False
CG14545,-0.0025186485,-0.66407025,0.9979904113457491,1.0,False
lncRNA:CR44256,-0.0025186485,-0.6037608,0.9979904113457491,1.0,False
Vha36-2,-0.002519422,-0.43089762,0.9979897941515221,1.0,False
asRNA:CR45686,-0.002519422,-0.73155534,0.9979897941515221,1.0,False
CG34054,-0.002519422,-1.2754467,0.9979897941515221,1.0,False
CG13331,-0.0025209691,-1.1483866,0.9979885597630718,1.0,False
snsl,-0.0026505373,0.029027306,0.997885179747734,1.0,False
serp,-0.0026822523,-0.30450982,0.997859874794098,1.0,False
TwdlV,-0.0027108735,-0.59175926,0.9978370386182737,1.0,False
CG13970,-0.0027178354,-0.7363148,0.9978314838730701,1.0,False
lncRNA:CR45047,-0.0031370944,0.8553636,0.9974969649765819,1.0,False
bgcn,-0.0031386414,0.8174558,0.9974957305902886,1.0,False
CG30281,-0.003139415,0.6793623,0.9974951133971443,1.0,False
lncRNA:CR44845,-0.0031401885,0.70755285,0.9974944962040013,1.0,False
CG33191,-0.0031432826,-0.011754678,0.9974920274314447,1.0,False
scaRNA:MeU4-A65,-0.0031440563,0.053537026,0.9974914102383092,1.0,False
lncRNA:CR45746,-0.0031440563,-0.03344249,0.9974914102383092,1.0,False
CG30323,-0.0031448298,-0.029421892,0.9974907930451754,1.0,False
AOX4,-0.0031448298,-0.16543882,0.9974907930451754,1.0,False
CG33253,-0.0031456032,-0.31400344,0.9974901758520429,1.0,False
lncRNA:CR44949,-0.0031456032,-0.11265056,0.9974901758520429,1.0,False
CG16826,-0.003146377,-0.6181384,0.9974895586589121,1.0,False
asRNA:CR44021,-0.0031471504,-0.6153034,0.9974889414657826,1.0,False
CG5084,-0.003149471,-0.57907796,0.9974870898864034,1.0,False
Mur89F,-0.003149471,-0.7390622,0.9974870898864034,1.0,False
asRNA:bsAS,-0.003149471,-1.0152192,0.9974870898864034,1.0,False
sna,-0.0031502445,-0.7618748,0.9974864726932801,1.0,False
asRNA:CR44873,-0.0031510182,-0.8213549,0.9974858555001582,1.0,False
snoRNA:Psi28S-2626,-0.0031510182,-1.0155082,0.9974858555001582,1.0,False
lncRNA:CR44867,-0.0031517916,-0.94236434,0.9974852383070378,1.0,False
CG9691,-0.0031788654,-0.15490921,0.997463636548775,1.0,False
CG30377,-0.0032624078,-0.19868365,0.9973969797064959,1.0,False
lncRNA:CR44844,-0.003316169,-0.109303914,0.9973540848036812,1.0,False
azot,-0.003346724,-0.5745756,0.9973297056896544,1.0,False
CG18343,-0.0034948569,-0.1890798,0.9972115133118363,1.0,False
Cht8,-0.0035609945,0.039668635,0.997158743366409,1.0,False
CG14113,-0.0037686904,0.26663038,0.9969930273038641,1.0,False
lncRNA:CR45574,-0.0037694639,0.10951417,0.9969924101120627,1.0,False
RhoGEF4,-0.003771011,0.18999058,0.9969911757284656,1.0,False
CG14302,-0.003772558,0.026632728,0.9969899413448757,1.0,False
asRNA:CR43865,-0.003774105,-0.19747995,0.996988706961293,1.0,False
asRNA:CR46097,-0.003774105,-0.20425746,0.996988706961293,1.0,False
CG17109,-0.0037756523,-0.3634317,0.9969874725777175,1.0,False
CG17782,-0.0037756523,-0.3407837,0.9969874725777175,1.0,False
spirit,-0.0037764257,-0.5090619,0.9969868553859325,1.0,False
CG13996,-0.0037764257,-0.37164485,0.9969868553859325,1.0,False
Orc1,-0.0037771992,-0.27576444,0.9969862381941492,1.0,False
CG43072,-0.003777973,-0.4537861,0.9969856210023678,1.0,False
lncRNA:CR45685,-0.0037787464,-0.3296716,0.9969850038105881,1.0,False
asRNA:CR44304,-0.0037826141,-0.57115614,0.996981917851717,1.0,False
Dnali1,-0.0037833876,-1.0344387,0.9969813006599482,1.0,False
CG46298,-0.0037849348,-1.4187568,0.996980066276416,1.0,False
CG13255,-0.003824772,-0.18504952,0.9969482809029595,1.0,False
Caf1-180,-0.0038928436,0.2224998,0.9968939680430464,1.0,False
Ipk1,-0.003939643,-0.21727723,0.9968566279601898,1.0,False
Theg,-0.0039810273,-0.5079448,0.9968236082232315,1.0,False
lncRNA:CR45809,-0.004110595,-0.14569984,0.9967202287083793,1.0,False
CG32104,-0.0041593285,-0.2120716,0.996681345681128,1.0,False
clt,-0.004318291,-0.13636105,0.9965545130046474,1.0,False
CG33189,-0.0043948716,0.5203032,0.9964934111621835,1.0,False
clumsy,-0.0043948716,0.3491249,0.9964934111621835,1.0,False
dpn,-0.0043964186,0.22219527,0.9964921767817384,1.0,False
CG12783,-0.0043979655,0.1526081,0.9964909424013016,1.0,False
CG14245,-0.0044026067,-0.33731133,0.9964872392600419,1.0,False
CG12911,-0.004404154,-0.23590541,0.9964860048796387,1.0,False
CG8157,-0.004405701,-0.19537142,0.996484770499244,1.0,False
CG2157,-0.004407248,-0.42040747,0.9964835361188578,1.0,False
CG43646,-0.004409569,-0.54286224,0.9964816845482941,1.0,False
CheB53a,-0.004409569,-0.7144528,0.9964816845482941,1.0,False
vnc,-0.0044103423,-0.587421,0.9964810673581104,1.0,False
Dhc62B,-0.00441421,-1.0706618,0.9964779814072237,1.0,False
CG32313,-0.0045820684,-0.32319367,0.9963440511901277,1.0,False
CG12278,-0.004732135,-0.06659246,0.9962243164287632,1.0,False
snoRNA:Or-aca5,-0.0050218264,0.14918718,0.9959931792070336,1.0,False
CG12105,-0.005028788,0.0027320345,0.9959876245115059,1.0,False
CG12934,-0.005028788,-0.053473607,0.9959876245115059,1.0,False
lncRNA:CR45898,-0.005031109,0.07782054,0.9959857729463731,1.0,False
CG30371,-0.0050318823,-0.17349492,0.9959851557580004,1.0,False
CG32679,-0.0050318823,-0.13381638,0.9959851557580004,1.0,False
CG11041,-0.0050342027,-0.1186927,0.9959833041928965,1.0,False
dachs,-0.0050342027,-0.3568137,0.9959833041928965,1.0,False
asRNA:CR45999,-0.0050427117,-0.5412624,0.995976515121034,1.0,False
mthl15,-0.005069399,-0.11277694,0.9959552221248118,1.0,False
asRNA:CR45007,-0.0050833225,-0.35540685,0.9959441127366211,1.0,False
CG9498,-0.005180015,-0.07149526,0.9958669642293269,1.0,False
CG42697,-0.005190845,-0.28775015,0.9958583235989028,1.0,False
UQCR-14,-0.005207476,0.021530855,0.9958450540602692,1.0,False
CG5003,-0.005330856,-0.15957637,0.9957466126353756,1.0,False
CG31115,-0.0053938995,-0.25618795,0.9956963118694991,1.0,False
CG10841,-0.0056665726,-0.36550543,0.9954787535417741,1.0,False
CG15674,-0.0056681195,-0.45171732,0.9954775191692272,1.0,False
Cyp4e2,-0.0056797224,-0.95164704,0.9954682613754707,1.0,False
lncRNA:CR44830,-0.0056804963,-0.7256863,0.9954676441892419,1.0,False
CG10165,-0.005914879,0.02790103,0.9952806368885445,1.0,False
tmn,-0.006027816,0.12333761,0.9951905278520802,1.0,False
CG31370,-0.0060471543,0.07187198,0.995175098228668,1.0,False
Dera,-0.006108651,-0.033254378,0.9951260320382377,1.0,False
CG42810,-0.0061299233,-0.42201987,0.9951090594609235,1.0,False
asRNA:CR45815,-0.006207664,-0.26014903,0.9950470324245295,1.0,False
CG15629,-0.006288886,-0.14178531,0.9949822280901278,1.0,False
lncRNA:CR46061,-0.0062912065,-0.16270946,0.9949803765382006,1.0,False
CG17707,-0.00629198,-0.17754962,0.994979759354231,1.0,False
CG4945,-0.0062950742,-0.2933322,0.9949772906183821,1.0,False
CG34244,-0.00630281,-0.66677344,0.9949711187789707,1.0,False
CG34330,-0.0063066776,-0.665324,0.9949680328593778,1.0,False
lncRNA:CR45196,-0.006311319,-0.8018552,0.9949643297559656,1.0,False
osy,-0.006337619,-0.1735702,0.9949433455053481,1.0,False
Cyp6a9,-0.006487299,-0.34605256,0.9948239204990103,1.0,False
CG8306,-0.006686486,-0.24309568,0.9946649959292709,1.0,False
BomS1,-0.006794395,-0.4072121,0.994578899017347,1.0,False
lncRNA:CR45364,-0.006915841,0.005364494,0.9944820014930965,1.0,False
lncRNA:CR45810,-0.0069212555,-0.18596749,0.9944776812231992,1.0,False
niki,-0.006923576,-0.23814213,0.9944758296790072,1.0,False
Vajk2,-0.0069258967,-0.2187014,0.9944739781348447,1.0,False
CG31431,-0.006932085,-0.5134581,0.9944690406838905,1.0,False
ru,-0.007080605,-0.14222747,0.9943505419249673,1.0,False
Mettl2,-0.0071034245,-0.23793505,0.9943323350953823,1.0,False
Cyp6a2,-0.0072074654,-0.067577176,0.9942493243336331,1.0,False
CG10252,-0.007537381,0.053544994,0.9939860973154876,1.0,False
Jhbp12,-0.0075443424,-0.09473861,0.9939805427077536,1.0,False
lobo,-0.0075466633,0.017067429,0.9939786911719071,1.0,False
asRNA:CR45538,-0.0075489837,-0.16701566,0.993976839636093,1.0,False
ft,-0.007560587,-0.30102697,0.9939675819575092,1.0,False
lncRNA:CR43314,-0.0075652283,-0.39856368,0.993963878886303,1.0,False
CG43231,-0.0075660017,-0.42885783,0.9939632617077813,1.0,False
lncRNA:CR44905,-0.00770872,-0.06159805,0.9938493923327215,1.0,False
Elba2,-0.0077512646,-0.26837537,0.9938154475567021,1.0,False
CG15864,-0.007770603,-0.38697943,0.9938000181167538,1.0,False
CG5555,-0.007854919,-0.19123751,0.9937327457857472,1.0,False
TwdlW,-0.008162788,0.13475618,0.9934871095829116,1.0,False
CG17190,-0.008168203,-0.06828469,0.9934827893536442,1.0,False
CG1698,-0.00827882,0.11098826,0.9933945332834686,1.0,False
CG34221,-0.008356947,-0.18850182,0.9933321986251991,1.0,False
lncRNA:CR31044,-0.008425019,-0.13794707,0.993277887272941,1.0,False
CG10352,-0.008468724,-0.08556109,0.9932430169324967,1.0,False
CG12825,-0.008557681,-0.34062007,0.9931720419432144,1.0,False
Mcm10,-0.008658628,-14.938967,0.9930915008252004,1.0,False
Jig,-0.008658628,-15.259671,0.9930915008252004,1.0,False
lncRNA:CR43912,-0.008658628,-17.116009,0.9930915008252004,1.0,False
CG12477,-0.008658628,-16.573631,0.9930915008252004,1.0,False
ND-B14.5AL,-0.008658628,-15.983749,0.9930915008252004,1.0,False
lncRNA:CR45567,-0.008658628,-15.379372,0.9930915008252004,1.0,False
lncRNA:CR45294,-0.008658628,-14.257719,0.9930915008252004,1.0,False
CG33704,-0.008658628,-16.28188,0.9930915008252004,1.0,False
CG33346,-0.008658628,-16.7934,0.9930915008252004,1.0,False
CG12164,-0.008658628,-16.627298,0.9930915008252004,1.0,False
CG14518,-0.008658628,-14.452274,0.9930915008252004,1.0,False
mir-4953,-0.008658628,-16.383894,0.9930915008252004,1.0,False
HP6,-0.008658628,-15.616162,0.9930915008252004,1.0,False
CG31798,-0.008658628,-15.674301,0.9930915008252004,1.0,False
CG45764,-0.008658628,-15.35055,0.9930915008252004,1.0,False
sad,-0.008658628,-16.23468,0.9930915008252004,1.0,False
CG14720,-0.008658628,-16.760183,0.9930915008252004,1.0,False
Mal-A6,-0.008658628,-15.4027405,0.9930915008252004,1.0,False
S-Lap7,-0.008658628,-14.377744,0.9930915008252004,1.0,False
CG13131,-0.008658628,-16.32578,0.9930915008252004,1.0,False
CG13847,-0.008658628,-16.324535,0.9930915008252004,1.0,False
CG3769,-0.008658628,-16.56433,0.9930915008252004,1.0,False
CG7294,-0.008658628,-17.122751,0.9930915008252004,1.0,False
CG17625,-0.008658628,-15.347225,0.9930915008252004,1.0,False
asRNA:CR44896,-0.008658628,-15.895224,0.9930915008252004,1.0,False
CG9459,-0.008658628,-13.348589,0.9930915008252004,1.0,False
CG33647,-0.008658628,-16.83814,0.9930915008252004,1.0,False
CG15764,-0.008658628,-14.00879,0.9930915008252004,1.0,False
Tsp42Eo,-0.008658628,-15.003342,0.9930915008252004,1.0,False
CG14115,-0.008658628,-14.486809,0.9930915008252004,1.0,False
CG9626,-0.008658628,-16.314314,0.9930915008252004,1.0,False
lncRNA:CR45638,-0.008658628,-16.264727,0.9930915008252004,1.0,False
CG30440,-0.008658628,-15.020732,0.9930915008252004,1.0,False
CG33769,-0.008658628,-15.553601,0.9930915008252004,1.0,False
CG10405,-0.008658628,-16.7934,0.9930915008252004,1.0,False
CG33262,-0.008658628,-14.103573,0.9930915008252004,1.0,False
Inx5,-0.008658628,-15.889615,0.9930915008252004,1.0,False
cd,-0.008658628,-15.958149,0.9930915008252004,1.0,False
CG7329,-0.008658628,-16.288763,0.9930915008252004,1.0,False
lncRNA:CR44112,-0.008658628,-16.960678,0.9930915008252004,1.0,False
CG4815,-0.008658628,-15.281705,0.9930915008252004,1.0,False
CG3650,-0.008658628,-15.921339,0.9930915008252004,1.0,False
CG34161,-0.008658628,-15.94263,0.9930915008252004,1.0,False
CG7963,-0.008658628,-15.740291,0.9930915008252004,1.0,False
CG13842,-0.008658628,-16.736649,0.9930915008252004,1.0,False
CG15483,-0.008658628,-16.873806,0.9930915008252004,1.0,False
CG7214,-0.008658628,-16.46718,0.9930915008252004,1.0,False
CG7367,-0.008658628,-15.572515,0.9930915008252004,1.0,False
CG9702,-0.008658628,-16.123554,0.9930915008252004,1.0,False
CG15919,-0.008658628,-14.823488,0.9930915008252004,1.0,False
snoRNA:Or-aca4,-0.008658628,-15.921553,0.9930915008252004,1.0,False
CG17217,-0.008658628,-16.177372,0.9930915008252004,1.0,False
Alp11,-0.008658628,-17.03867,0.9930915008252004,1.0,False
lncRNA:CR44931,-0.008658628,-14.811992,0.9930915008252004,1.0,False
Scsalpha2,-0.008658628,-16.078197,0.9930915008252004,1.0,False
cn,-0.008658628,-14.825279,0.9930915008252004,1.0,False
eloF,-0.008658628,-15.873362,0.9930915008252004,1.0,False
CG1946,-0.008658628,-16.535044,0.9930915008252004,1.0,False
mir-2491,-0.008658628,-16.598793,0.9930915008252004,1.0,False
lncRNA:CR46205,-0.008658628,-16.731728,0.9930915008252004,1.0,False
Or88a,-0.008658628,-16.052973,0.9930915008252004,1.0,False
CG34461,-0.008658628,-15.020732,0.9930915008252004,1.0,False
snoRNA:CD13,-0.008658628,-17.057547,0.9930915008252004,1.0,False
lncRNA:CR44528,-0.008658628,-15.868469,0.9930915008252004,1.0,False
CG33299,-0.008658628,-15.553288,0.9930915008252004,1.0,False
Adgf-A2,-0.008658628,-16.66715,0.9930915008252004,1.0,False
CG30383,-0.008658628,-15.515705,0.9930915008252004,1.0,False
CG31735,-0.008658628,-16.277119,0.9930915008252004,1.0,False
CG30391,-0.008658628,-14.275496,0.9930915008252004,1.0,False
Prosalpha3T,-0.008658628,-15.600303,0.9930915008252004,1.0,False
lncRNA:CR44313,-0.008658628,-16.962675,0.9930915008252004,1.0,False
lncRNA:CR43932,-0.008658628,-16.942314,0.9930915008252004,1.0,False
lncRNA:CR44805,-0.008658628,-13.533381,0.9930915008252004,1.0,False
CG31097,-0.008658628,-14.572732,0.9930915008252004,1.0,False
Or67b,-0.008658628,-16.93587,0.9930915008252004,1.0,False
Mia40,-0.008658628,-15.4363365,0.9930915008252004,1.0,False
reb,-0.008658628,-16.986395,0.9930915008252004,1.0,False
CG13705,-0.008658628,-16.150513,0.9930915008252004,1.0,False
lncRNA:CR45650,-0.008658628,-16.011566,0.9930915008252004,1.0,False
Ilp4,-0.008658628,-17.086517,0.9930915008252004,1.0,False
CG33263,-0.008658628,-14.214092,0.9930915008252004,1.0,False
CG6012,-0.008658628,-16.734184,0.9930915008252004,1.0,False
lncRNA:CR45006,-0.008658628,-16.839264,0.9930915008252004,1.0,False
CG10486,-0.008658628,-15.197733,0.9930915008252004,1.0,False
mir-971,-0.008658628,-16.643896,0.9930915008252004,1.0,False
Vha100-5,-0.008658628,-15.72994,0.9930915008252004,1.0,False
Mal-A2,-0.008658628,-14.515626,0.9930915008252004,1.0,False
DptB,-0.008658628,-16.555122,0.9930915008252004,1.0,False
Pburs,-0.008658628,-16.31493,0.9930915008252004,1.0,False
asRNA:CR43463,-0.008658628,-15.855723,0.9930915008252004,1.0,False
CG43400,-0.008658628,-15.024674,0.9930915008252004,1.0,False
CG42682,-0.008658628,-14.479401,0.9930915008252004,1.0,False
CG31296,-0.008658628,-17.003141,0.9930915008252004,1.0,False
Osi1,-0.008658628,-16.334862,0.9930915008252004,1.0,False
CG15597,-0.008658628,-16.278902,0.9930915008252004,1.0,False
snoRNA:Psi28S-2179,-0.008658628,-16.642134,0.9930915008252004,1.0,False
alpha4GT2,-0.008658628,-17.040905,0.9930915008252004,1.0,False
CG15369,-0.008658628,-16.757647,0.9930915008252004,1.0,False
CG7173,-0.008658628,-16.284866,0.9930915008252004,1.0,False
asRNA:CR45892,-0.008658628,-15.468801,0.9930915008252004,1.0,False
snoRNA:Psi28S-1837b,-0.008658628,-16.709475,0.9930915008252004,1.0,False
snRNA:U5:63BC,-0.008658628,-15.172873,0.9930915008252004,1.0,False
CG11470,-0.008658628,-16.446806,0.9930915008252004,1.0,False
lncRNA:CR43960,-0.008658628,-16.130487,0.9930915008252004,1.0,False
CG14631,-0.008658628,-14.963851,0.9930915008252004,1.0,False
Dmel_CR46042,-0.008658628,-16.63862,0.9930915008252004,1.0,False
CG10588,-0.008658628,-16.282177,0.9930915008252004,1.0,False
snoRNA:Psi28S-1837c,-0.008658628,-16.120487,0.9930915008252004,1.0,False
CG18266,-0.008658628,-16.316782,0.9930915008252004,1.0,False
CG3306,-0.008658628,-16.670332,0.9930915008252004,1.0,False
CG17154,-0.008658628,-15.162229,0.9930915008252004,1.0,False
CG42383,-0.008658628,-14.88051,0.9930915008252004,1.0,False
CG17237,-0.008658628,-14.91157,0.9930915008252004,1.0,False
scaRNA:PsiU1-6,-0.008658628,-16.778175,0.9930915008252004,1.0,False
asRNA:CR45830,-0.008658628,-15.930967,0.9930915008252004,1.0,False
CG32189,-0.008658628,-16.876759,0.9930915008252004,1.0,False
CG16998,-0.008658628,-16.270609,0.9930915008252004,1.0,False
mthl6,-0.008658628,-15.703301,0.9930915008252004,1.0,False
CG7856,-0.008658628,-15.750547,0.9930915008252004,1.0,False
dokb,-0.008658628,-17.00173,0.9930915008252004,1.0,False
sisRNA:CR46363,-0.008658628,-16.18793,0.9930915008252004,1.0,False
sunn,-0.008658628,-16.316782,0.9930915008252004,1.0,False
Cp19,-0.008658628,-16.436958,0.9930915008252004,1.0,False
CG8349,-0.008658628,-15.179277,0.9930915008252004,1.0,False
lncRNA:CR45625,-0.008658628,-15.494493,0.9930915008252004,1.0,False
CG32642,-0.008658628,-16.209372,0.9930915008252004,1.0,False
CG12861,-0.008658628,-14.963851,0.9930915008252004,1.0,False
CG1724,-0.008658628,-15.420904,0.9930915008252004,1.0,False
CG12860,-0.008658628,-16.676727,0.9930915008252004,1.0,False
lncRNA:CR45410,-0.008658628,-14.214092,0.9930915008252004,1.0,False
CG15375,-0.008658628,-16.631636,0.9930915008252004,1.0,False
Cpr30F,-0.008658628,-15.957048,0.9930915008252004,1.0,False
Tim17b2,-0.008658628,-16.433466,0.9930915008252004,1.0,False
Obp47a,-0.008658628,-15.064744,0.9930915008252004,1.0,False
CG6931,-0.008658628,-16.385218,0.9930915008252004,1.0,False
CG31446,-0.008658628,-15.600303,0.9930915008252004,1.0,False
scpr-B,-0.008658628,-15.546738,0.9930915008252004,1.0,False
CG31949,-0.008658628,-14.751163,0.9930915008252004,1.0,False
snoRNA:CD38b,-0.008658628,-16.285765,0.9930915008252004,1.0,False
Nepl21,-0.008766537,-0.17835014,0.993005405225192,1.0,False
CG43331,-0.008799026,0.050257377,0.9929794839851818,1.0,False
asRNA:CR44351,-0.008812176,-0.24335437,0.9929689920568066,1.0,False
TpnC73F,-0.008827646,-0.3575065,0.992956648613216,1.0,False
Samuel,-0.009092971,-0.005280356,0.9927449588204768,1.0,False
Mcm5,-0.00910148,-0.07117792,0.9927381699433678,1.0,False
mtDNA-helicase,-0.009263923,-0.45229897,0.9926085642090475,1.0,False
Dmel_CR44198,-0.009286743,1.1611183,0.9925903577047713,1.0,False
betaTry,-0.009286743,-0.495363,0.9925903577047713,1.0,False
CG13428,-0.009286743,0.023016937,0.9925903577047713,1.0,False
snoRNA:Psi28S-1192a,-0.009286743,-0.39209554,0.9925903577047713,1.0,False
CG30151,-0.009286743,-0.65520036,0.9925903577047713,1.0,False
CG15605,-0.009286743,-0.10869853,0.9925903577047713,1.0,False
CG11693,-0.009286743,-0.8551336,0.9925903577047713,1.0,False
CG14810,-0.009286743,1.0976107,0.9925903577047713,1.0,False
lncRNA:CR44539,-0.009286743,-0.9021595,0.9925903577047713,1.0,False
CG13028,-0.009286743,-0.23954475,0.9925903577047713,1.0,False
lncRNA:CR43942,-0.009286743,-0.43123218,0.9925903577047713,1.0,False
Sfp24Bc,-0.009286743,-0.4655727,0.9925903577047713,1.0,False
lncRNA:CR43754,-0.009286743,-0.6017352,0.9925903577047713,1.0,False
CG43192,-0.009286743,-0.29129362,0.9925903577047713,1.0,False
AOX2,-0.009286743,0.12664926,0.9925903577047713,1.0,False
lncRNA:CR45982,-0.009286743,0.668996,0.9925903577047713,1.0,False
Osi9,-0.009286743,-0.87237895,0.9925903577047713,1.0,False
Sgs5bis,-0.009286743,-0.5018617,0.9925903577047713,1.0,False
snoRNA:CD3a,-0.009286743,0.5610197,0.9925903577047713,1.0,False
CG12971,-0.009286743,-0.21221101,0.9925903577047713,1.0,False
CG1941,-0.009287517,-0.900235,0.9925897405352024,1.0,False
lncRNA:CR44588,-0.009287517,-1.267729,0.9925897405352024,1.0,False
lncRNA:CR45232,-0.009287517,-1.7575032,0.9925897405352024,1.0,False
CG14515,-0.009287517,-1.3391938,0.9925897405352024,1.0,False
CG31268,-0.009287517,-0.82031626,0.9925897405352024,1.0,False
CG5103,-0.009287517,-1.0650241,0.9925897405352024,1.0,False
CG44406,-0.009287517,-0.7233377,0.9925897405352024,1.0,False
CG11756,-0.009287517,-1.1385199,0.9925897405352024,1.0,False
snoRNA:Psi28S-3405d,-0.009287517,-1.4053721,0.9925897405352024,1.0,False
lncRNA:CR44715,-0.009287517,-1.0996817,0.9925897405352024,1.0,False
Cyp313a3,-0.009287517,-0.83276796,0.9925897405352024,1.0,False
asRNA:CR45801,-0.009287517,-0.96342844,0.9925897405352024,1.0,False
CtsL3,-0.009287517,-0.65704453,0.9925897405352024,1.0,False
SteXh:CG42398,-0.009287517,-1.3297101,0.9925897405352024,1.0,False
lncRNA:CR45571,-0.009287517,-0.8623726,0.9925897405352024,1.0,False
asRNA:CR43469,-0.009287517,-1.5826656,0.9925897405352024,1.0,False
CG13251,-0.009287517,-1.1056839,0.9925897405352024,1.0,False
lncRNA:CR44078,-0.009287517,-0.80932146,0.9925897405352024,1.0,False
kni,-0.009287517,-1.5007789,0.9925897405352024,1.0,False
CG16852,-0.009287517,-1.1484839,0.9925897405352024,1.0,False
lncRNA:CR45362,-0.009287517,-1.0816859,0.9925897405352024,1.0,False
lncRNA:CR45653,-0.009287517,-1.5097522,0.9925897405352024,1.0,False
Tsp42Eh,-0.009287517,-0.71602696,0.9925897405352024,1.0,False
CG34203,-0.009287517,-1.1340133,0.9925897405352024,1.0,False
pHCl-2,-0.009287517,-1.535311,0.9925897405352024,1.0,False
lncRNA:CR44955,-0.009287517,-1.2577456,0.9925897405352024,1.0,False
Vago,-0.009287517,-1.0712955,0.9925897405352024,1.0,False
tHMG2,-0.009287517,-1.2730691,0.9925897405352024,1.0,False
asRNA:CR45305,-0.009287517,-1.2525454,0.9925897405352024,1.0,False
lncRNA:CR46211,-0.009287517,-1.3626425,0.9925897405352024,1.0,False
slbo,-0.009287517,-0.72913784,0.9925897405352024,1.0,False
CG15880,-0.009287517,-0.6743215,0.9925897405352024,1.0,False
CG30411,-0.009287517,-2.4371767,0.9925897405352024,1.0,False
CG3323,-0.009287517,-1.6370324,0.9925897405352024,1.0,False
Cpr97Eb,-0.009287517,-0.7896524,0.9925897405352024,1.0,False
CG11382,-0.009287517,-1.3853016,0.9925897405352024,1.0,False
Diedel,-0.009287517,-0.7060551,0.9925897405352024,1.0,False
Gr5a,-0.009287517,-1.1298544,0.9925897405352024,1.0,False
CG14829,-0.009287517,-1.2680547,0.9925897405352024,1.0,False
CG14826,-0.009287517,-0.9644415,0.9925897405352024,1.0,False
CG31525,-0.009287517,-1.2756741,0.9925897405352024,1.0,False
CG30457,-0.009287517,-1.2633713,0.9925897405352024,1.0,False
alpha-Est4,-0.009287517,-1.2883048,0.9925897405352024,1.0,False
CG11977,-0.009287517,-1.1708586,0.9925897405352024,1.0,False
CG34327,-0.009287517,-1.2552669,0.9925897405352024,1.0,False
asRNA:CR45024,-0.009287517,-1.8557936,0.9925897405352024,1.0,False
Dmel_CR45484,-0.00928829,-3.3558471,0.992589123365638,1.0,False
PpY-55A,-0.00928829,-1.8963685,0.992589123365638,1.0,False
lncRNA:CR44164,-0.00928829,-5.7523975,0.992589123365638,1.0,False
moat,-0.00928829,-3.288292,0.992589123365638,1.0,False
CG33796,-0.00928829,-2.6881852,0.992589123365638,1.0,False
asRNA:CR44130,-0.00928829,-3.113233,0.992589123365638,1.0,False
lncRNA:CR45942,-0.00928829,-2.8672075,0.992589123365638,1.0,False
CG43403,-0.00928829,-2.0646582,0.992589123365638,1.0,False
CG31928,-0.00928829,-2.6503797,0.992589123365638,1.0,False
lncRNA:CR45562,-0.00928829,-1.5521203,0.992589123365638,1.0,False
lncRNA:CR44507,-0.00928829,-2.0857015,0.992589123365638,1.0,False
asRNA:CR45868,-0.00928829,-2.4755628,0.992589123365638,1.0,False
CG4367,-0.00928829,-1.883101,0.992589123365638,1.0,False
CG32148,-0.00928829,-1.9869534,0.992589123365638,1.0,False
CG31871,-0.00928829,-2.0531213,0.992589123365638,1.0,False
Oseg5,-0.00928829,-2.7084866,0.992589123365638,1.0,False
CG45105,-0.00928829,-1.8144584,0.992589123365638,1.0,False
lncRNA:CR45259,-0.00928829,-1.9705374,0.992589123365638,1.0,False
CG31091,-0.00928829,-1.8139818,0.992589123365638,1.0,False
lncRNA:CR43717,-0.00928829,-1.9286057,0.992589123365638,1.0,False
lncRNA:CR45183,-0.00928829,-2.163037,0.992589123365638,1.0,False
CG9701,-0.00928829,-1.9246641,0.992589123365638,1.0,False
CG14069,-0.00928829,-2.247269,0.992589123365638,1.0,False
CG31437,-0.00928829,-3.463979,0.992589123365638,1.0,False
Ir48c,-0.00928829,-1.586044,0.992589123365638,1.0,False
lncRNA:CR45618,-0.00928829,-2.5252583,0.992589123365638,1.0,False
Cad89D,-0.00928829,-3.6673453,0.992589123365638,1.0,False
CG33772,-0.00928829,-2.0724223,0.992589123365638,1.0,False
Sfp26Ad,-0.00928829,-2.5232978,0.992589123365638,1.0,False
CG13733,-0.00928829,-1.7972809,0.992589123365638,1.0,False
Lcp1,-0.00928829,-3.0364676,0.992589123365638,1.0,False
CG7031,-0.00928829,-2.4183278,0.992589123365638,1.0,False
lncRNA:CR43839,-0.00928829,-2.0386736,0.992589123365638,1.0,False
lncRNA:CR43830,-0.00928829,-2.8084128,0.992589123365638,1.0,False
CG33340,-0.00928829,-3.4235084,0.992589123365638,1.0,False
CG31274,-0.00928829,-2.9233632,0.992589123365638,1.0,False
lncRNA:CR45626,-0.00928829,-1.7681746,0.992589123365638,1.0,False
CG3502,-0.00928829,-2.1379628,0.992589123365638,1.0,False
CG4650,-0.00928829,-2.7213159,0.992589123365638,1.0,False
asRNA:CR44160,-0.00928829,-2.9011166,0.992589123365638,1.0,False
CG14304,-0.00928829,-2.4783838,0.992589123365638,1.0,False
scaRNA:MeU2-48,-0.00928829,-2.2657192,0.992589123365638,1.0,False
CG7142,-0.00928829,-2.295069,0.992589123365638,1.0,False
jb,-0.00928829,-2.3391755,0.992589123365638,1.0,False
CG33644,-0.00928829,-1.6509677,0.992589123365638,1.0,False
CG4907,-0.00928829,-2.555981,0.992589123365638,1.0,False
PpN58A,-0.00928829,-1.4696499,0.992589123365638,1.0,False
lncRNA:CR44032,-0.00928829,-1.549545,0.992589123365638,1.0,False
CG4374,-0.00928829,-2.748295,0.992589123365638,1.0,False
lncRNA:CR45357,-0.00928829,-2.3374467,0.992589123365638,1.0,False
CG14273,-0.009311496,-0.10569503,0.9925706082807669,1.0,False
CG43068,-0.00941283,0.14207228,0.99248975912384,1.0,False
CG7878,-0.009420952,-0.11986574,0.9924832788512303,1.0,False
lncRNA:CR45639,-0.009429848,-0.093204886,0.9924761814103698,1.0,False
snoRNA:CD67,-0.009441451,-0.16501403,0.9924669238797073,1.0,False
asRNA:CR45137,-0.009455374,-0.36780107,0.992455814844251,1.0,False
Efhc1.1,-0.009483222,-0.84725153,0.9924335967777284,1.0,False
l(3)mbn,-0.009492504,-1.0477532,0.9924261907568572,1.0,False
CG5435,-0.009594999,-0.34746513,0.9923444159865964,1.0,False
CG32817,-0.009841371,-0.26327366,0.9921478482845695,1.0,False
asRNA:CR44807,-0.009914084,0.058681436,0.992089834673425,1.0,False
CG8907,-0.009914084,0.48706028,0.992089834673425,1.0,False
CG43277,-0.009914084,0.23826484,0.992089834673425,1.0,False
CG14052,-0.009914084,0.4840258,0.992089834673425,1.0,False
CG32847,-0.009914084,0.19353081,0.992089834673425,1.0,False
lncRNA:CR44126,-0.009914858,0.13384615,0.9920892175075733,1.0,False
CG33770,-0.009914858,-0.2751056,0.9920892175075733,1.0,False
CG34284,-0.009915631,-0.4719848,0.9920886003417263,1.0,False
Cyp313b1,-0.009915631,-0.586755,0.9920886003417263,1.0,False
Daao2,-0.009915631,-0.5416019,0.9920886003417263,1.0,False
CG31321,-0.009915631,-0.5956084,0.9920886003417263,1.0,False
asRNA:CR46145,-0.009915631,0.3003676,0.9920886003417263,1.0,False
lncRNA:CR46214,-0.009915631,0.10227141,0.9920886003417263,1.0,False
Spn28B,-0.009915631,-0.43206984,0.9920886003417263,1.0,False
CG5172,-0.009916405,-0.52466756,0.992087983175884,1.0,False
Mov10,-0.009916405,-0.44130397,0.992087983175884,1.0,False
lncRNA:CR45553,-0.009916405,-1.6013228,0.992087983175884,1.0,False
CG13202,-0.009916405,-0.92548126,0.992087983175884,1.0,False
Doc3,-0.009916405,-0.5761015,0.992087983175884,1.0,False
asRNA:CR43833,-0.009916405,-1.003085,0.992087983175884,1.0,False
CG30485,-0.009916405,-0.80295956,0.992087983175884,1.0,False
CG31559,-0.009916405,-0.7875751,0.992087983175884,1.0,False
Or43a,-0.009916405,-0.1136514,0.992087983175884,1.0,False
CG32182,-0.009916405,0.5731674,0.992087983175884,1.0,False
asRNA:CR43614,-0.009917178,-0.83851826,0.9920873660100464,1.0,False
CG31805,-0.009917178,-0.656711,0.9920873660100464,1.0,False
CG10348,-0.009917178,-1.2624686,0.9920873660100464,1.0,False
CG14313,-0.009917178,-1.3738341,0.9920873660100464,1.0,False
lncRNA:CR45168,-0.009917178,-1.6249129,0.9920873660100464,1.0,False
Spn100A,-0.009917178,-1.6901499,0.9920873660100464,1.0,False
Pgant8,-0.009917178,-0.90476143,0.9920873660100464,1.0,False
Lime,-0.009917178,-1.3834317,0.9920873660100464,1.0,False
Rcd-1r,-0.009917178,-0.9759331,0.9920873660100464,1.0,False
CG15878,-0.009917178,-1.4702562,0.9920873660100464,1.0,False
Sfp24Ba,-0.009917178,-1.225496,0.9920873660100464,1.0,False
lncRNA:CR45346,-0.009917178,-1.1664724,0.9920873660100464,1.0,False
CG13838,-0.009917178,-1.582768,0.9920873660100464,1.0,False
CG14564,-0.009917178,-1.1246623,0.9920873660100464,1.0,False
CG3515,-0.009917178,-0.99151367,0.9920873660100464,1.0,False
lncRNA:CR45436,-0.009917178,-1.2531681,0.9920873660100464,1.0,False
CG42300,-0.009917952,-1.1488106,0.9920867488442137,1.0,False
sphe,-0.009917952,-1.1560231,0.9920867488442137,1.0,False
CG34124,-0.009917952,-1.3561864,0.9920867488442137,1.0,False
Lcp4,-0.009917952,-1.2714701,0.9920867488442137,1.0,False
Tsp47F,-0.009918726,-1.443701,0.9920861316783857,1.0,False
Cpr65Az,-0.009918726,-1.2470685,0.9920861316783857,1.0,False
lncRNA:CR46237,-0.009918726,-2.3719833,0.9920861316783857,1.0,False
antr,-0.009918726,-2.53917,0.9920861316783857,1.0,False
lncRNA:CR45823,-0.009918726,-2.6199718,0.9920861316783857,1.0,False
CG18130,-0.009918726,-1.5746439,0.9920861316783857,1.0,False
CG14455,-0.009918726,-2.190174,0.9920861316783857,1.0,False
CG7916,-0.009918726,-2.6351674,0.9920861316783857,1.0,False
CG14354,-0.010054482,-0.18982889,0.9919778191492323,1.0,False
CG1136,-0.010060671,-0.06412534,0.9919728818294742,1.0,False
lncRNA:CR46351,-0.010076915,-0.37862417,0.991959921366572,1.0,False
Cyp6g2,-0.010097027,-0.37833396,0.991943875082109,1.0,False
CG6763,-0.0102761015,-0.19412862,0.9918010015783374,1.0,False
lncRNA:CR45200,-0.010279969,-0.30004528,0.9917979157604057,1.0,False
fd59A,-0.01030627,-0.16317181,0.9917769322017261,1.0,False
Os-C,-0.010542973,-0.20869693,0.9915880804313019,1.0,False
CG10694,-0.010542973,0.1255805,0.9915880804313019,1.0,False
lncRNA:CR32835,-0.010543747,-0.2502041,0.9915874632694203,1.0,False
lncRNA:CR46350,-0.010543747,-0.55927575,0.9915874632694203,1.0,False
CG8813,-0.01054452,-0.6041378,0.9915868461075437,1.0,False
snoRNA:Psi18S-525a,-0.010545294,-0.21219881,0.9915862289456722,1.0,False
lncRNA:CR44068,-0.010545294,-0.36275727,0.9915862289456722,1.0,False
lncRNA:CR44166,-0.010545294,-0.35972992,0.9915862289456722,1.0,False
Smyd4-2,-0.010546841,-0.70706356,0.9915849946219442,1.0,False
Sp212,-0.010546841,-0.5806711,0.9915849946219442,1.0,False
FipoQ,-0.010546841,-0.84576756,0.9915849946219442,1.0,False
Sfp77F,-0.010546841,-0.83003443,0.9915849946219442,1.0,False
lncRNA:CR45463,-0.010547615,-1.5643829,0.9915843774600878,1.0,False
lncRNA:CR44760,-0.010547615,-1.2386988,0.9915843774600878,1.0,False
CG8960,-0.010547615,-1.0927162,0.9915843774600878,1.0,False
CG13062,-0.010547615,-1.3974794,0.9915843774600878,1.0,False
CG30037,-0.010547615,-1.0197045,0.9915843774600878,1.0,False
lcs,-0.010548388,-1.426618,0.9915837602982364,1.0,False
CG11333,-0.010548388,-1.2939047,0.9915837602982364,1.0,False
Root,-0.010548388,-0.96825135,0.9915837602982364,1.0,False
CG2887,-0.010549162,-1.4769373,0.99158314313639,1.0,False
CG17224,-0.010549935,-1.8907225,0.9915825259745487,1.0,False
lncRNA:CR43704,-0.010549935,-1.8579146,0.9915825259745487,1.0,False
CG45095,-0.010549935,-3.5880387,0.9915825259745487,1.0,False
timeout,-0.010672154,0.03590666,0.9914850144671251,1.0,False
Lsd-1,-0.010701549,-0.21858147,0.9914615623513466,1.0,False
ras,-0.0107251415,-0.14390957,0.9914427389479656,1.0,False
CG12929,-0.010766527,-0.18454768,0.9914097208584645,1.0,False
CG42307,-0.011031464,-0.50734097,0.9911983437205779,1.0,False
CG9458,-0.011170315,0.09767694,0.9910875638313275,1.0,False
pot,-0.011171088,0.151371,0.9910869466736494,1.0,False
CG34247,-0.0111726355,-0.25296667,0.9910857123583092,1.0,False
CG32371,-0.0111734085,-0.34499246,0.9910850952006471,1.0,False
CG43185,-0.011174182,-0.5203903,0.9910844780429904,1.0,False
lncRNA:CR42858,-0.011174182,-0.40442893,0.9910844780429904,1.0,False
asRNA:CR45885,-0.011175729,-0.8252416,0.9910832437276929,1.0,False
CG42537,-0.011175729,-0.7099275,0.9910832437276929,1.0,False
CG13101,-0.011176503,-0.81022686,0.9910826265700521,1.0,False
CG34167,-0.011177276,-0.6516853,0.9910820094124166,1.0,False
lncRNA:CR45043,-0.011177276,-0.7581276,0.9910820094124166,1.0,False
CG18231,-0.011177276,-1.145151,0.9910820094124166,1.0,False
lncRNA:CR45266,-0.011177276,-0.8600614,0.9910820094124166,1.0,False
mwh,-0.01117805,-1.0739115,0.9910813922547865,1.0,False
Spn42Dc,-0.01117805,-0.68494403,0.9910813922547865,1.0,False
Cad74A,-0.011178823,-1.2331121,0.9910807750971619,1.0,False
lncRNA:CR44281,-0.011179597,-1.507297,0.9910801579395424,1.0,False
lncRNA:CR44804,-0.011179597,-1.3931952,0.9910801579395424,1.0,False
asRNA:CR46135,-0.01150139,-0.22475398,0.9908234208372171,1.0,False
sncRNA:CR43701,-0.01150371,-0.17686161,0.9908215693711482,1.0,False
CG31104,-0.011799976,-0.033588737,0.9905851992790835,1.0,False
lncRNA:CR43973,-0.01180075,-0.051464807,0.9905845821258688,1.0,False
CG40198,-0.011801524,-0.41910732,0.9905839649726595,1.0,False
CG33645,-0.011803071,-0.43909547,0.990582730666258,1.0,False
lncRNA:CR46248,-0.011803071,-0.43198234,0.990582730666258,1.0,False
lncRNA:CR46008,-0.011803844,-0.55597925,0.9905821135130658,1.0,False
CG9312,-0.011804618,-0.44794914,0.9905814963598791,1.0,False
CheB38c,-0.011804618,-0.48683015,0.9905814963598791,1.0,False
Eh,-0.011805392,-0.36671084,0.9905808792066981,1.0,False
upd2,-0.011806165,-0.7976262,0.9905802620535227,1.0,False
Cyp309a1,-0.011807712,-1.0190911,0.9905790277471889,1.0,False
lncRNA:CR44197,-0.011807712,-0.79292554,0.9905790277471889,1.0,False
lncRNA:CR45542,-0.011808486,-1.0623769,0.9905784105940304,1.0,False
CG42808,-0.011809259,-1.4308746,0.9905777934408776,1.0,False
Cyp4ac2,-0.011809259,-0.9798194,0.9905777934408776,1.0,False
Cpr62Bc,-0.011810033,-0.9163294,0.9905771762877303,1.0,False
Gpo2,-0.011810033,-1.2473301,0.9905771762877303,1.0,False
Tmhs,-0.011810033,-0.8627806,0.9905771762877303,1.0,False
asRNA:CR45969,-0.011810807,-1.1792982,0.9905765591345889,1.0,False
FANCI,-0.011810807,-1.4210992,0.9905765591345889,1.0,False
lncRNA:CR45013,-0.01181158,-1.3249693,0.9905759419814529,1.0,False
CG32812,-0.011954685,-0.15485114,0.9904617687487126,1.0,False
Phs,-0.011969382,-0.32431793,0.9904500428601546,1.0,False
Ude,-0.012009606,-0.62726015,0.9904179509651831,1.0,False
jv,-0.012072263,-0.16781314,0.9903679616981483,1.0,False
Ote,-0.012165475,-0.45423168,0.9902935950190674,1.0,False
lncRNA:CR45940,-0.012431186,-0.38793364,0.9900816041623856,1.0,False
CG18810,-0.012431186,-0.32091275,0.9900816041623856,1.0,False
meru,-0.012431186,-0.30426162,0.9900816041623856,1.0,False
CG13033,-0.012433507,-0.49142402,0.9900797527169183,1.0,False
CG17329,-0.012433507,-0.2796505,0.9900797527169183,1.0,False
CG31407,-0.0124342805,-0.3732974,0.9900791355684411,1.0,False
Skel,-0.0124350535,-0.3965885,0.9900785184199697,1.0,False
asRNA:CR45396,-0.0124350535,-0.5817693,0.9900785184199697,1.0,False
CG15650,-0.0124350535,-0.69816744,0.9900785184199697,1.0,False
CG11060,-0.0124366,-0.6040619,0.9900772841230451,1.0,False
lncRNA:CR42765,-0.0124366,-0.57750875,0.9900772841230451,1.0,False
CG8072,-0.0124366,-0.7018807,0.9900772841230451,1.0,False
CG6431,-0.012438921,-0.7823984,0.9900754326777024,1.0,False
CG40006,-0.012441242,-1.1902899,0.9900735812324132,1.0,False
CG7094,-0.012445883,-1.2443813,0.9900698783419952,1.0,False
pll,-0.012467929,-0.19931215,0.9900522896154321,1.0,False
asRNA:CR45104,-0.012562301,0.10434766,0.9899769975775247,1.0,False
CG6067,-0.01259595,-0.23579021,0.9899501516675282,1.0,False
CG43272,-0.01261877,-0.60449433,0.989931945826992,1.0,False
Chrac-14,-0.012683747,-0.16806275,0.9898801054962474,1.0,False
Dmel_CR42735,-0.012904206,-0.094143674,0.9897042189794844,1.0,False
nis,-0.013031454,-0.27591407,0.9896026987435064,1.0,False
lncRNA:CR45602,-0.013051566,0.03851099,0.9895866530072873,1.0,False
CG32260,-0.013053113,0.17892988,0.9895854187200602,1.0,False
PeriA,-0.0130554335,0.03049842,0.9895835672892663,1.0,False
CG17258,-0.013058527,-0.20566848,0.9895810987149618,1.0,False
Dmel_CG6279,-0.013062395,-0.42099446,0.9895780129972213,1.0,False
CG45603,-0.013062395,-0.404057,0.9895780129972213,1.0,False
snoRNA:CD51a,-0.013065489,-0.45187873,0.9895755444231411,1.0,False
CG14022,-0.013066263,-0.4205819,0.9895749272796367,1.0,False
Tsp74F,-0.013066263,-0.7122469,0.9895749272796367,1.0,False
CG8925,-0.013069357,-0.6752107,0.9895724587056813,1.0,False
sug,-0.013138976,0.2833845,0.9895169158181212,1.0,False
Taldo,-0.013151739,-0.15571675,0.989506732960905,1.0,False
CG42331,-0.013196991,-0.068358056,0.9894706301172865,1.0,False
Odc1,-0.013228706,-0.2521186,0.9894453272824685,1.0,False
CG9933,-0.013263903,-0.17643772,0.9894172473196722,1.0,False
shu,-0.01367968,0.19896045,0.9890855344750411,1.0,False
CG16800,-0.013685095,-0.07369903,0.9890812145061296,1.0,False
CG17440,-0.013687416,-0.24265796,0.9890793630909799,1.0,False
lncRNA:CR43695,-0.013692058,-0.39103624,0.9890756602608568,1.0,False
jhamt,-0.013692058,-0.3286977,0.9890756602608568,1.0,False
CG33752,-0.013693605,-0.3301114,0.9890744259842014,1.0,False
h-cup,-0.013694378,-0.49709183,0.9890738088458835,1.0,False
CG30479,-0.013695925,-0.5035536,0.9890725745692672,1.0,False
CG1394,-0.013697472,-0.5273863,0.9890713402926772,1.0,False
lncRNA:CR45225,-0.013699019,-0.8404504,0.9890701060161133,1.0,False
lncRNA:CR44613,-0.01370134,-0.807681,0.9890682546013165,1.0,False
Ugt36A1,-0.013702113,-0.6641215,0.989067637463064,1.0,False
dsb,-0.013704434,-0.8542294,0.9890657860483457,1.0,False
Or45b,-0.013707528,-1.1992785,0.9890633174954796,1.0,False
CG8507,-0.013810796,-0.23109534,0.9889809296037776,1.0,False
pon,-0.014322493,-0.3255055,0.9885726947225543,1.0,False
ckd,-0.014329455,-0.6546046,0.9885671405268706,1.0,False
pdm2,-0.014397526,-0.1680628,0.988512832864978,1.0,False
up,-0.014505048,-0.29833472,0.9884270515530202,1.0,False
Cyt-c1L,-0.014563064,-0.622815,0.9883807667279723,1.0,False
lncRNA:sphinx,-0.014938232,0.03627032,0.988081459143603,1.0,False
CG10877,-0.014949834,-0.38367957,0.9880722022345287,1.0,False
CG6569,-0.014966852,-0.733615,0.9880586254374581,1.0,False
Mf,-0.015395394,-0.28642297,0.9877167381525415,1.0,False
E(spl)m6-BFM,-0.015574856,-0.17718266,0.9875735658043859,1.0,False
CG1246,-0.015584138,-0.42829955,0.9875661603489472,1.0,False
Takl2,-0.0155911,-0.6368346,0.9875606062580711,1.0,False
fon,-0.015594968,-0.45312348,0.9875575206522893,1.0,False
CG9649,-0.015599608,-0.6249916,0.9875538179255967,1.0,False
lncRNA:CR44854,-0.015818907,-0.025369465,0.9873788643963679,1.0,False
Sld5,-0.015954277,-0.17021562,0.9872708686930888,1.0,False
CG6621,-0.016083846,-0.16846965,0.9871675015955276,1.0,False
mir-4955,-0.016186725,0.10817717,0.9870854251878227,1.0,False
CG3014,-0.016191367,-0.25026053,0.9870817224959538,1.0,False
CG33307,-0.016210705,-0.29066133,0.9870662946161631,1.0,False
CG12581,-0.016230818,-0.7884912,0.9870502496263114,1.0,False
Drsl5,-0.016381271,-0.1751375,0.9869302209265104,1.0,False
CG31869,-0.016447796,-0.026886458,0.9868771492048176,1.0,False
CG9107,-0.016552998,-0.2031125,0.9867932219495977,1.0,False
CG30274,-0.016846556,-0.35379785,0.9865590286566539,1.0,False
lncRNA:CR43611,-0.016850423,-0.41973045,0.9865559431137082,1.0,False
CG31337,-0.016853519,-0.59563655,0.9865534746794964,1.0,False
vir,-0.017029498,-0.18691924,0.9864130826962785,1.0,False
Trf4-2,-0.017049223,-0.33962393,0.9863973464781481,1.0,False
Mesh1,-0.017091768,-0.22114374,0.9863634056335389,1.0,False
lncRNA:CR44688,-0.017317256,-17.396389,0.9861835195706217,1.0,False
CG15025,-0.017317256,-17.044973,0.9861835195706217,1.0,False
CG5849,-0.017317256,-17.657732,0.9861835195706217,1.0,False
Mzt1,-0.017317256,-16.84092,0.9861835195706217,1.0,False
lncRNA:CR45417,-0.017317256,-17.145432,0.9861835195706217,1.0,False
CG6118,-0.017317256,-17.975128,0.9861835195706217,1.0,False
CG13032,-0.017317256,-16.868208,0.9861835195706217,1.0,False
CG31496,-0.017317256,-17.020336,0.9861835195706217,1.0,False
asRNA:CR46074,-0.017317256,-17.321915,0.9861835195706217,1.0,False
CG12268,-0.017317256,-17.905077,0.9861835195706217,1.0,False
TwdlD,-0.017317256,-17.706892,0.9861835195706217,1.0,False
Vha100-3,-0.017317256,-17.897316,0.9861835195706217,1.0,False
CG4306,-0.017317256,-17.330383,0.9861835195706217,1.0,False
Gr9a,-0.017317256,-16.891336,0.9861835195706217,1.0,False
mir-2282,-0.017317256,-17.44626,0.9861835195706217,1.0,False
polo,-0.017317256,-17.322012,0.9861835195706217,1.0,False
lncRNA:CR45176,-0.017317256,-15.556652,0.9861835195706217,1.0,False
CG30393,-0.017317256,-17.758553,0.9861835195706217,1.0,False
CG43207,-0.017317256,-15.765562,0.9861835195706217,1.0,False
CG7557,-0.017317256,-17.63695,0.9861835195706217,1.0,False
Nepl12,-0.017317256,-17.536568,0.9861835195706217,1.0,False
CG7335,-0.017317256,-16.885794,0.9861835195706217,1.0,False
lncRNA:CR44895,-0.017317256,-17.07716,0.9861835195706217,1.0,False
fs(1)Ya,-0.017317256,-17.145565,0.9861835195706217,1.0,False
Spn85F,-0.017317256,-16.976793,0.9861835195706217,1.0,False
asRNA:CR45270,-0.017317256,-17.23141,0.9861835195706217,1.0,False
kkv,-0.017317256,-17.233252,0.9861835195706217,1.0,False
CG31816,-0.017317256,-16.868576,0.9861835195706217,1.0,False
asRNA:CR46246,-0.017317256,-16.661129,0.9861835195706217,1.0,False
CG8541,-0.017317256,-17.695795,0.9861835195706217,1.0,False
lncRNA:CR45178,-0.017317256,-16.857826,0.9861835195706217,1.0,False
lncRNA:CR44665,-0.017317256,-17.359655,0.9861835195706217,1.0,False
mil,-0.017317256,-17.531181,0.9861835195706217,1.0,False
CG12920,-0.017317256,-16.434774,0.9861835195706217,1.0,False
CG30083,-0.017317256,-16.88572,0.9861835195706217,1.0,False
CG4960,-0.017317256,-18.034235,0.9861835195706217,1.0,False
thw,-0.017317256,-16.073502,0.9861835195706217,1.0,False
CG44163,-0.017317256,-16.607466,0.9861835195706217,1.0,False
asRNA:CR45778,-0.017317256,-16.53823,0.9861835195706217,1.0,False
lut,-0.017317256,-16.436228,0.9861835195706217,1.0,False
CG30065,-0.017317256,-16.956076,0.9861835195706217,1.0,False
CG30286,-0.017317256,-17.755934,0.9861835195706217,1.0,False
lncRNA:CR44491,-0.017317256,-16.81681,0.9861835195706217,1.0,False
CG13722,-0.017317256,-17.32158,0.9861835195706217,1.0,False
tgy,-0.017317256,-17.443575,0.9861835195706217,1.0,False
snRNA:U4atac,-0.017317256,-17.32581,0.9861835195706217,1.0,False
CG8564,-0.017317256,-17.470741,0.9861835195706217,1.0,False
Osi13,-0.017317256,-17.289553,0.9861835195706217,1.0,False
lncRNA:CR45732,-0.017317256,-18.046947,0.9861835195706217,1.0,False
Lectin-galC1,-0.017317256,-16.964167,0.9861835195706217,1.0,False
CG42249,-0.017317256,-16.932695,0.9861835195706217,1.0,False
lncRNA:CR43905,-0.017317256,-17.359404,0.9861835195706217,1.0,False
asRNA:CR45146,-0.017317256,-17.285152,0.9861835195706217,1.0,False
CG18302,-0.017317256,-17.210667,0.9861835195706217,1.0,False
CG15200,-0.017317256,-16.068863,0.9861835195706217,1.0,False
lectin-33A,-0.017317256,-15.248251,0.9861835195706217,1.0,False
Ass,-0.017317256,-17.8959,0.9861835195706217,1.0,False
Est-P,-0.017317256,-17.464485,0.9861835195706217,1.0,False
CG10591,-0.017317256,-16.826622,0.9861835195706217,1.0,False
EAChm,-0.017317256,-17.373184,0.9861835195706217,1.0,False
CG4770,-0.017317256,-17.156199,0.9861835195706217,1.0,False
Tango8,-0.017317256,-17.131084,0.9861835195706217,1.0,False
Vml,-0.017317256,-17.424522,0.9861835195706217,1.0,False
Sdic2,-0.017317256,-16.174442,0.9861835195706217,1.0,False
Gpo3,-0.017317256,-17.089237,0.9861835195706217,1.0,False
sisRNA:2,-0.017317256,-15.24196,0.9861835195706217,1.0,False
CG18823,-0.017317256,-16.296888,0.9861835195706217,1.0,False
CG13196,-0.017317256,-16.762695,0.9861835195706217,1.0,False
lncRNA:CR44503,-0.017317256,-17.205902,0.9861835195706217,1.0,False
lncRNA:CR45936,-0.017317256,-17.649908,0.9861835195706217,1.0,False
Fa2h,-0.017317256,-17.894001,0.9861835195706217,1.0,False
lncRNA:CR45754,-0.017317256,-15.59791,0.9861835195706217,1.0,False
snoRNA:Irbp-a,-0.017317256,-16.259188,0.9861835195706217,1.0,False
CG14020,-0.017317256,-17.4896,0.9861835195706217,1.0,False
Obp19a,-0.017317256,-17.197971,0.9861835195706217,1.0,False
Mst77Y-7,-0.017317256,-16.27307,0.9861835195706217,1.0,False
scpr-A,-0.017317256,-16.158316,0.9861835195706217,1.0,False
CG18180,-0.017317256,-17.635765,0.9861835195706217,1.0,False
CG34199,-0.017317256,-16.39487,0.9861835195706217,1.0,False
CG13955,-0.017317256,-17.137358,0.9861835195706217,1.0,False
CG3513,-0.017317256,-17.604656,0.9861835195706217,1.0,False
Dmel_CR43610,-0.017317256,-17.67784,0.9861835195706217,1.0,False
Prosbeta4R2,-0.017317256,-17.246614,0.9861835195706217,1.0,False
CG14131,-0.017317256,-17.499777,0.9861835195706217,1.0,False
S-Lap5,-0.017317256,-17.639355,0.9861835195706217,1.0,False
mir-3645,-0.017317256,-16.856426,0.9861835195706217,1.0,False
CG12224,-0.017317256,-17.132502,0.9861835195706217,1.0,False
CG4377,-0.017317256,-17.448523,0.9861835195706217,1.0,False
lncRNA:CR32027,-0.017317256,-17.177769,0.9861835195706217,1.0,False
CG7896,-0.017317256,-16.548447,0.9861835195706217,1.0,False
Incenp,-0.017454559,-0.26756936,0.9860739838037668,1.0,False
CG34041,-0.01747003,-0.36338595,0.9860616417619471,1.0,False
CG13693,-0.017473897,-0.32809547,0.9860585562520132,1.0,False
CG5704,-0.017508708,-0.9485121,0.9860307866719981,1.0,False
TotM,-0.017511802,-1.1332579,0.9860283182657041,1.0,False
GPHR,-0.017595343,-0.1651768,0.9859616713464038,1.0,False
CG31636,-0.01772027,-0.5507075,0.9858620097009329,1.0,False
CG33640,-0.017944984,-1.0428442,0.9856827427154671,1.0,False
CG7296,-0.017944984,-1.059445,0.9856827427154671,1.0,False
Cyp6a21,-0.017944984,-1.0286552,0.9856827427154671,1.0,False
CG10164,-0.017944984,-0.4729071,0.9856827427154671,1.0,False
esg,-0.017944984,-1.5155784,0.9856827427154671,1.0,False
CG17575,-0.017944984,-0.48013148,0.9856827427154671,1.0,False
CG12209,-0.017944984,-0.89390284,0.9856827427154671,1.0,False
CG13073,-0.017944984,-0.9268988,0.9856827427154671,1.0,False
CG43672,-0.017944984,-0.95643467,0.9856827427154671,1.0,False
lncRNA:CR44888,-0.017944984,-0.6147201,0.9856827427154671,1.0,False
E(spl)malpha-BFM,-0.017944984,-0.53000295,0.9856827427154671,1.0,False
COX7AL,-0.017944984,-1.5263593,0.9856827427154671,1.0,False
CG11951,-0.017944984,-0.8565493,0.9856827427154671,1.0,False
CG9400,-0.017945757,-1.3076198,0.9856821256186536,1.0,False
lncRNA:CR44412,-0.017945757,-1.6508617,0.9856821256186536,1.0,False
CG14292,-0.017945757,-1.288996,0.9856821256186536,1.0,False
CG8927,-0.017945757,-1.8587624,0.9856821256186536,1.0,False
CG3216,-0.017945757,-1.41105,0.9856821256186536,1.0,False
lncRNA:CR43807,-0.017945757,-1.670043,0.9856821256186536,1.0,False
CG17350,-0.017945757,-1.3442813,0.9856821256186536,1.0,False
ATPsynGL,-0.017945757,-1.4928515,0.9856821256186536,1.0,False
CG4835,-0.017945757,-1.0011818,0.9856821256186536,1.0,False
Cdc6,-0.017945757,-1.2942647,0.9856821256186536,1.0,False
CG7016,-0.017945757,-1.1912403,0.9856821256186536,1.0,False
Dmel_CR34530,-0.017945757,-1.8337055,0.9856821256186536,1.0,False
lncRNA:CR45888,-0.017945757,-1.1723408,0.9856821256186536,1.0,False
CG15155,-0.017945757,-1.2803843,0.9856821256186536,1.0,False
CG6055,-0.017945757,-1.1223133,0.9856821256186536,1.0,False
CG11911,-0.017946532,-1.9521382,0.9856815085218489,1.0,False
CG17104,-0.017946532,-2.1418977,0.9856815085218489,1.0,False
lncRNA:CR44058,-0.017946532,-1.4071901,0.9856815085218489,1.0,False
Skadu,-0.017946532,-1.7794628,0.9856815085218489,1.0,False
lncRNA:CR45123,-0.017946532,-2.3807378,0.9856815085218489,1.0,False
Chs2,-0.017946532,-2.317768,0.9856815085218489,1.0,False
CG43920,-0.017946532,-1.914263,0.9856815085218489,1.0,False
CG13694,-0.017946532,-2.4850461,0.9856815085218489,1.0,False
CG32235,-0.017946532,-2.91667,0.9856815085218489,1.0,False
CheA87a,-0.017946532,-2.2678583,0.9856815085218489,1.0,False
CG17752,-0.017947305,-3.098641,0.9856808914250527,1.0,False
CG34382,-0.017947305,-2.5478945,0.9856808914250527,1.0,False
lncRNA:CR45115,-0.017947305,-3.2433114,0.9856808914250527,1.0,False
Gr66a,-0.017947305,-4.920542,0.9856808914250527,1.0,False
CG13545,-0.017947305,-3.8797576,0.9856808914250527,1.0,False
CG31741,-0.017947305,-2.9914699,0.9856808914250527,1.0,False
snoRNA:Psi18S-1377c,-0.017947305,-2.4060338,0.9856808914250527,1.0,False
lncRNA:CR43853,-0.017947305,-3.1852539,0.9856808914250527,1.0,False
Osi15,-0.017947305,-2.2319288,0.9856808914250527,1.0,False
CG43168,-0.017947305,-2.8653526,0.9856808914250527,1.0,False
Muc30E,-0.017947305,-4.26826,0.9856808914250527,1.0,False
Lip2,-0.017947305,-3.6219018,0.9856808914250527,1.0,False
lncRNA:CR44889,-0.017947305,-3.7794998,0.9856808914250527,1.0,False
CatB,-0.017947305,-3.5003152,0.9856808914250527,1.0,False
lncRNA:CR45605,-0.017947305,-2.2728546,0.9856808914250527,1.0,False
CG14854,-0.017947305,-3.00719,0.9856808914250527,1.0,False
CG14627,-0.017947305,-3.1665342,0.9856808914250527,1.0,False
Snmp1,-0.01807726,-0.065805554,0.9855772192851949,1.0,False
Mink,-0.018080354,-0.0028926455,0.9855747509038741,1.0,False
CG2652,-0.018091956,-0.15339412,0.985565494475151,1.0,False
Psf2,-0.018098919,-0.29913694,0.9855599406188498,1.0,False
CG18636,-0.018135276,-0.8663247,0.9855309371584302,1.0,False
alpha-Est7,-0.018250532,-0.15787803,0.9854389901445414,1.0,False
lok,-0.018277606,-0.26169553,0.9854173918806952,1.0,False
CG31089,-0.01857194,0.4938949,0.9851825885910677,1.0,False
Cpr31A,-0.01857194,0.14254396,0.9851825885910677,1.0,False
Jon99Ci,-0.01857194,0.4392293,0.9851825885910677,1.0,False
lncRNA:CR32661,-0.018573485,-0.61175984,0.9851813544115781,1.0,False
CG11052,-0.018573485,0.01961451,0.9851813544115781,1.0,False
CG31810,-0.018573485,-0.32571122,0.9851813544115781,1.0,False
GluRIIC,-0.01857426,-1.4064714,0.9851807373218465,1.0,False
Tim17a2,-0.01857426,-0.9988123,0.9851807373218465,1.0,False
CG31697,-0.01857426,-1.1812733,0.9851807373218465,1.0,False
CG32462,-0.01857426,-0.6249303,0.9851807373218465,1.0,False
Cyp12a5,-0.01857426,-0.9218896,0.9851807373218465,1.0,False
lncRNA:CR44344,-0.018575033,-1.3443903,0.985180120232124,1.0,False
CG18641,-0.018575033,-1.2080775,0.985180120232124,1.0,False
lncRNA:CR45335,-0.018575033,-0.54921985,0.985180120232124,1.0,False
CG33919,-0.018575033,-1.1834829,0.985180120232124,1.0,False
asRNA:CR44975,-0.018575033,-1.5366457,0.985180120232124,1.0,False
CG5966,-0.018575033,-1.12679,0.985180120232124,1.0,False
Obp28a,-0.018575033,-1.1458422,0.985180120232124,1.0,False
CG1979,-0.018575033,-1.1265628,0.985180120232124,1.0,False
E(spl)m7-HLH,-0.018575806,-1.6545517,0.9851795031424102,1.0,False
TbCMF46,-0.018575806,-1.1988364,0.9851795031424102,1.0,False
CG4213,-0.018575806,-1.546296,0.9851795031424102,1.0,False
js,-0.01857658,-1.5839052,0.9851788860527053,1.0,False
CG18605,-0.01857658,-1.933215,0.9851788860527053,1.0,False
narya,-0.01857658,-2.3724968,0.9851788860527053,1.0,False
Cpr66D,-0.018577354,-1.8247327,0.9851782689630093,1.0,False
CG5639,-0.018578127,-2.4453387,0.9851776518733222,1.0,False
lncRNA:CR45658,-0.018578127,-2.3027043,0.9851776518733222,1.0,False
CG17107,-0.018578127,-1.6340095,0.9851776518733222,1.0,False
insb,-0.018578127,-2.408488,0.9851776518733222,1.0,False
CG15873,-0.018578127,-2.5823762,0.9851776518733222,1.0,False
lncRNA:CR43437,-0.018705374,-0.047964577,0.9850761407407765,1.0,False
Dnah3,-0.01871775,-0.09904136,0.9850662673304171,1.0,False
CG32284,-0.018753335,-0.62119615,0.9850378812883801,1.0,False
lncRNA:CR46265,-0.018757975,-0.5616669,0.9850341787625536,1.0,False
Hgd,-0.019201988,-0.6273902,0.9846799719605959,1.0,False
CG43095,-0.019202761,-0.7507984,0.9846793548781899,1.0,False
CG31008,-0.019202761,-0.67681706,0.9846793548781899,1.0,False
CG44329,-0.019203534,-0.63535863,0.9846787377957932,1.0,False
CG15330,-0.019203534,-1.2091353,0.9846787377957932,1.0,False
Cpr49Ac,-0.01920431,-0.84838796,0.9846781207134057,1.0,False
Cyp313a4,-0.01920431,-0.85757166,0.9846781207134057,1.0,False
lbe,-0.01920431,-0.9072195,0.9846781207134057,1.0,False
CG13086,-0.01920431,-0.86047626,0.9846781207134057,1.0,False
CG13407,-0.01920431,-0.9795831,0.9846781207134057,1.0,False
BigH1,-0.019205082,-1.0879469,0.9846775036310272,1.0,False
CG12699,-0.019205082,-1.3604473,0.9846775036310272,1.0,False
lncRNA:CR43285,-0.019205082,-0.9794167,0.9846775036310272,1.0,False
Gr39b,-0.019205082,-1.3736417,0.9846775036310272,1.0,False
lncRNA:CR44260,-0.019205082,-0.9668846,0.9846775036310272,1.0,False
CheB98a,-0.019205855,-1.1796402,0.9846768865486579,1.0,False
spn-E,-0.019205855,-1.2556095,0.9846768865486579,1.0,False
CG43149,-0.019206628,-1.7305377,0.9846762694662978,1.0,False
CG13250,-0.019206628,-1.259825,0.9846762694662978,1.0,False
CG1632,-0.019206628,-1.4474001,0.9846762694662978,1.0,False
lncRNA:CR43605,-0.019207403,-1.4385695,0.9846756523839469,1.0,False
lncRNA:CR43495,-0.019207403,-1.8353999,0.9846756523839469,1.0,False
E(spl)m2-BFM,-0.019208176,-1.6132199,0.9846750353016052,1.0,False
asp,-0.019208176,-1.3781081,0.9846750353016052,1.0,False
asRNA:CR44958,-0.019209724,-2.5514982,0.9846738011369492,1.0,False
Dso1,-0.01932266,-0.2004647,0.9845837072163209,1.0,False
Plekhm1,-0.01936211,-0.2181884,0.984552236098541,1.0,False
mesh,-0.01938377,-0.55969745,0.9845349578480178,1.0,False
CG15021,-0.019391505,-0.7175126,0.9845287870460172,1.0,False
Cad96Ca,-0.019459963,-0.03541349,0.9844741754886979,1.0,False
CG15728,-0.019534998,-0.18197888,0.9844143188371365,1.0,False
CG42766,-0.019817727,-0.36998075,0.9841887772966749,1.0,False
robl62A,-0.019826623,-0.06503208,0.9841816809348286,1.0,False
lncRNA:CR44761,-0.01983049,-0.3176565,0.9841785955605032,1.0,False
CG42749,-0.01983049,-0.65543205,0.9841785955605032,1.0,False
CG9733,-0.01983049,-0.48476914,0.9841785955605032,1.0,False
CG31128,-0.01983281,-0.54679775,0.9841767443360215,1.0,False
asRNA:CR45133,-0.019833583,-0.87349564,0.9841761272612133,1.0,False
loopin-1,-0.019833583,-0.7919105,0.9841761272612133,1.0,False
CG42470,-0.019835131,-0.4047313,0.9841748931116251,1.0,False
asRNA:CR45895,-0.019835904,-0.9188272,0.9841742760368452,1.0,False
Acsx4,-0.019837452,-1.1220814,0.9841730418873138,1.0,False
lncRNA:CR43817,-0.019838225,-1.1780422,0.9841724248125623,1.0,False
saturn,-0.019839771,-1.4725077,0.9841711906630878,1.0,False
CG5326,-0.019840546,-1.6107346,0.9841705735883647,1.0,False
Nep7,-0.019840546,-2.1190858,0.9841705735883647,1.0,False
CG30159,-0.01992873,-0.04086844,0.984100227132105,1.0,False
slf,-0.019971274,-0.12588412,0.9840662880965068,1.0,False
CG14636,-0.019990226,-0.28478098,0.9840511698081114,1.0,False
CG15040,-0.020011885,-0.47630978,0.9840338917712446,1.0,False
CG12853,-0.020455124,-0.2410403,0.983680310744541,1.0,False
CG6974,-0.02045667,-0.13066894,0.9836790766104055,1.0,False
CG4267,-0.02045667,-0.23429456,0.9836790766104055,1.0,False
lncRNA:CR44423,-0.020457445,-0.115118116,0.9836784595433524,1.0,False
lncRNA:CR46007,-0.02045899,-0.41478875,0.9836772254092755,1.0,False
CG8519,-0.020459766,-0.4654006,0.9836766083422517,1.0,False
Osi5,-0.020460539,-0.59656906,0.9836759912752377,1.0,False
lncRNA:CR43792,-0.020460539,-0.7612189,0.9836759912752377,1.0,False
CG14400,-0.020461312,-0.60766524,0.9836753742082335,1.0,False
CG13082,-0.020461312,-0.47031415,0.9836753742082335,1.0,False
CG18088,-0.020461312,-0.35582975,0.9836753742082335,1.0,False
CG3347,-0.02046286,-0.6205326,0.9836741400742542,1.0,False
lncRNA:CR45740,-0.02046286,-0.6295582,0.9836741400742542,1.0,False
Sans,-0.02046286,-0.736221,0.9836741400742542,1.0,False
Obp83ef,-0.02046518,-1.0173559,0.9836722888733586,1.0,False
CG15461,-0.020465953,-1.0067163,0.9836716718064129,1.0,False
lncRNA:CR44149,-0.020465953,-1.0739287,0.9836716718064129,1.0,False
Zip89B,-0.02046982,-1.3717892,0.9836685864718312,1.0,False
lncRNA:CR46043,-0.020472916,-1.2138269,0.9836661182043416,1.0,False
lncRNA:CR45387,-0.020474462,-2.0900533,0.9836648840706554,1.0,False
vrs,-0.020615246,-0.3365065,0.9835525780692267,1.0,False
CG42676,-0.020801283,-0.20242892,0.9834041742104974,1.0,False
Tektin-C,-0.020922342,-0.27162263,0.9833076040242713,1.0,False
plh,-0.02092389,-0.54436505,0.9833063699020655,1.0,False
CG14244,-0.021075116,0.3760319,0.9831857346497258,1.0,False
CG13947,-0.021085173,-0.1795234,0.9831777128818432,1.0,False
CG11617,-0.021092134,-0.70778,0.9831721593512284,1.0,False
CG42857,-0.021094454,-0.8842126,0.983170308174538,1.0,False
eIF4E3,-0.02109523,-0.96501476,0.9831696911156613,1.0,False
CG31832,-0.021102965,-1.479254,0.9831635205274486,1.0,False
CG15406,-0.021107605,-1.3626852,0.9831598181750045,1.0,False
fz3,-0.021115728,-0.10564347,0.9831533390591001,1.0,False
CG11655,-0.021292094,-0.10999854,0.9830126499599389,1.0,False
CG8908,-0.021478131,-0.4383556,0.9828642482152686,1.0,False
Bka,-0.021519903,-0.15472028,0.9828309273227486,1.0,False
sro,-0.021711353,-0.18570842,0.9826782069495001,1.0,False
CG13674,-0.021714447,-0.23451589,0.9826757387466453,1.0,False
lncRNA:CR43884,-0.021727597,-1.0980309,0.9826652488863623,1.0,False
28SrRNA-Psi:CR45851,-0.021731466,-0.94285005,0.9826621636339081,1.0,False
Tre1,-0.021863354,-0.073813796,0.9825569566807183,1.0,False
Ets97D,-0.022066021,-0.19191366,0.9823952902829611,1.0,False
CG14609,-0.022251671,-0.074894525,0.9822471995605421,1.0,False
lncRNA:CR44473,-0.0223561,-0.82922286,0.982163898797696,1.0,False
CG13643,-0.022356873,-0.78929037,0.9821632817557328,1.0,False
asRNA:CR45713,-0.022356873,-0.79743266,0.9821632817557328,1.0,False
lncRNA:CR44170,-0.022358421,-0.83483344,0.9821620476718382,1.0,False
wdp,-0.022376599,-0.18418476,0.9821475471892761,1.0,False
CG4733,-0.02249379,-0.16276346,0.9820540654966785,1.0,False
CG5397,-0.02252976,-0.3836125,0.9820253731453459,1.0,False
CG45066,-0.022980735,-0.6012668,0.9816656409193959,1.0,False
lncRNA:CR45791,-0.022990016,-0.7668526,0.9816582365214057,1.0,False
lncRNA:CR44109,-0.022995431,-0.92736644,0.9816539172899744,1.0,False
Cyp9b2,-0.022998525,-1.1697291,0.9816514491579694,1.0,False
CG43742,-0.023000073,-1.1129555,0.9816502150920328,1.0,False
asRNA:CR43936,-0.023126159,-0.20147312,0.9815496388660893,1.0,False
BomS5,-0.023162516,-0.3568417,0.9815206384136247,1.0,False
lncRNA:CR45533,-0.023174893,-0.20473062,0.9815107659247386,1.0,False
Cep290,-0.023307169,-0.17758782,0.9814052538769282,1.0,False
CarT,-0.023344299,-0.23970997,0.9813756365183895,1.0,False
CG32457,-0.023348553,-0.3019489,0.9813722428643622,1.0,False
nudC,-0.023542712,-0.2088668,0.9812173691948244,1.0,False
CG5355,-0.023568239,-0.13232924,0.9811970073704828,1.0,False
ImpL1,-0.023599952,-0.26958528,0.9811717093633671,1.0,False
FucTC,-0.023605369,-0.3843306,0.9811673901933121,1.0,False
Nplp4,-0.023613878,-0.65352094,0.9811606029271984,1.0,False
CG42326,-0.023617744,-0.53745085,0.9811575178066885,1.0,False
Atx-1,-0.023618517,-0.81559515,0.9811569007826203,1.0,False
lncRNA:CR46073,-0.023619292,-0.66362524,0.9811562837585635,1.0,False
Hsc70-1,-0.023622386,-0.76892877,0.9811538156624485,1.0,False
Gagr,-0.023623934,-0.82666105,0.9811525816144587,1.0,False
b6,-0.023624707,-0.7847878,0.9811519645904807,1.0,False
CR43309,-0.023635536,-1.1836163,0.9811433262559731,1.0,False
CG15347,-0.023640178,-1.2336943,0.9811396241132895,1.0,False
Cyp28c1,-0.023652168,-0.3198262,0.9811300602465703,1.0,False
lncRNA:CR43301,-0.023717918,-0.21607074,0.9810776132837851,1.0,False
ball,-0.02375002,-0.24523959,0.9810520068551845,1.0,False
lncRNA:CR43650,-0.023816932,-0.4423958,0.9809986344824526,1.0,False
CG10602,-0.024108557,-0.21066177,0.9807660183166796,1.0,False
CG34456,-0.024230776,-0.47429886,0.9806685297987104,1.0,False
CG34396,-0.024236964,-0.38378796,0.9806635936788852,1.0,False
lncRNA:CR44567,-0.024240058,-0.488617,0.9806611256192502,1.0,False
ACXD,-0.02424083,-0.45908386,0.9806605086043705,1.0,False
CG34215,-0.024256302,-0.69909745,0.9806481683092042,1.0,False
lncRNA:CR44445,-0.024436537,-0.4908859,0.980504404212521,1.0,False
yellow-c,-0.024479857,-0.5351362,0.980469851562456,1.0,False
CG34263,-0.024531683,-0.099620916,0.9804285118328485,1.0,False
ATPsynepsilonL,-0.024874749,-0.6546246,0.9801548688339713,1.0,False
dila,-0.024877843,-0.5995447,0.9801524008129916,1.0,False
CG14342,-0.024884805,-0.7486506,0.9801468477664819,1.0,False
CG6421,-0.02510101,-0.5841825,0.9799743953022922,1.0,False
Sph242,-0.025258424,-0.30378202,0.9798488356885855,1.0,False
Dmel_CG30456,-0.025473855,-0.042117566,0.9796770018427177,1.0,False
CG14642,-0.025483912,-0.18024063,0.979668980896226,1.0,False
Nuf2,-0.0254901,-0.2815932,0.9796640449301759,1.0,False
CG43342,-0.02557751,-0.33694357,0.9795943244929767,1.0,False
Epg5,-0.025791394,-0.126131,0.9794237260285261,1.0,False
lncRNA:CR45684,-0.025833553,-0.18751498,0.979390100040528,1.0,False
CG33228,-0.025908198,-0.23280345,0.9793305605369673,1.0,False
CG43630,-0.025975883,-17.007702,0.9792765740400047,1.0,False
Trf5,-0.025975883,-17.314266,0.9792765740400047,1.0,False
asRNA:CR43472,-0.025975883,-18.004786,0.9792765740400047,1.0,False
lncRNA:CR45215,-0.025975883,-18.002941,0.9792765740400047,1.0,False
lncRNA:CR45654,-0.025975883,-18.220745,0.9792765740400047,1.0,False
CG17751,-0.025975883,-17.876308,0.9792765740400047,1.0,False
CG6576,-0.025975883,-18.574387,0.9792765740400047,1.0,False
CG18814,-0.025975883,-17.788591,0.9792765740400047,1.0,False
CG15418,-0.025975883,-18.21146,0.9792765740400047,1.0,False
CG13946,-0.025975883,-18.149553,0.9792765740400047,1.0,False
CG13577,-0.025975883,-17.34747,0.9792765740400047,1.0,False
Or24a,-0.025975883,-18.31932,0.9792765740400047,1.0,False
lncRNA:CR46259,-0.025975883,-17.628435,0.9792765740400047,1.0,False
Xport-B,-0.025975883,-17.378963,0.9792765740400047,1.0,False
Cyp4d21,-0.025975883,-18.717777,0.9792765740400047,1.0,False
CG3746,-0.025975883,-18.520945,0.9792765740400047,1.0,False
MtnD,-0.025975883,-18.084938,0.9792765740400047,1.0,False
CG14540,-0.025975883,-18.01606,0.9792765740400047,1.0,False
CG14634,-0.025975883,-17.912712,0.9792765740400047,1.0,False
Pcp,-0.025975883,-17.872839,0.9792765740400047,1.0,False
lncRNA:CR45550,-0.025975883,-17.882381,0.9792765740400047,1.0,False
CG17298,-0.025975883,-18.208328,0.9792765740400047,1.0,False
Cpr60D,-0.025975883,-17.242008,0.9792765740400047,1.0,False
lncRNA:CR44645,-0.025975883,-17.136242,0.9792765740400047,1.0,False
whe,-0.025975883,-18.75452,0.9792765740400047,1.0,False
shps,-0.025975883,-17.605099,0.9792765740400047,1.0,False
CG33177,-0.025975883,-17.484682,0.9792765740400047,1.0,False
CG13983,-0.025975883,-17.594332,0.9792765740400047,1.0,False
Mst36Fb,-0.026133299,-0.42220616,0.9791510172402829,1.0,False
lncRNA:CR44904,-0.026136393,-0.58152336,0.9791485492985255,1.0,False
CG13605,-0.026338287,-0.2349656,0.9789875165313291,1.0,False
CCAP,-0.026603226,-1.2631851,0.9787762008860316,1.0,False
CG13069,-0.026603226,-1.1350399,0.9787762008860316,1.0,False
CG31219,-0.026603226,-1.7399219,0.9787762008860316,1.0,False
CG12310,-0.026603226,-1.1328785,0.9787762008860316,1.0,False
APC7,-0.026603999,-1.7011042,0.9787755839082187,1.0,False
Spindly,-0.026603999,-1.8185475,0.9787755839082187,1.0,False
lncRNA:CR45240,-0.026604772,-2.202401,0.9787749669304187,1.0,False
CG31391,-0.026604772,-2.1919906,0.9787749669304187,1.0,False
CG32246,-0.026604772,-2.3998587,0.9787749669304187,1.0,False
Galphaf,-0.026604772,-2.6437361,0.9787749669304187,1.0,False
lncRNA:CR43878,-0.026604772,-2.0129242,0.9787749669304187,1.0,False
Nepl10,-0.026605546,-2.6755755,0.9787743499526311,1.0,False
Ccp84Ag,-0.026605546,-3.5491972,0.9787743499526311,1.0,False
CG11068,-0.026605546,-2.4369326,0.9787743499526311,1.0,False
Cyp4d20,-0.026605546,-2.5310571,0.9787743499526311,1.0,False
CG43814,-0.02660632,-4.2184663,0.9787737329748564,1.0,False
lncRNA:CR45905,-0.02660632,-2.946868,0.9787737329748564,1.0,False
CG14423,-0.02660632,-3.6962726,0.9787737329748564,1.0,False
mir-4976,-0.02660632,-2.9007652,0.9787737329748564,1.0,False
CG13334,-0.026767217,-0.57274574,0.9786454018742664,1.0,False
aspr,-0.026789648,-0.89515007,0.9786275096011822,1.0,False
CG17122,-0.027038341,-0.13002194,0.978429152882319,1.0,False
mir-4980,-0.02723134,-1.4023935,0.9782752191154754,1.0,False
CG17764,-0.02723134,-0.7789385,0.9782752191154754,1.0,False
CG13051,-0.02723134,-0.9515012,0.9782752191154754,1.0,False
CG32712,-0.027232887,-1.359772,0.9782739851807256,1.0,False
CG13872,-0.027232887,-1.3456303,0.9782739851807256,1.0,False
CG31551,-0.027232887,-1.1741894,0.9782739851807256,1.0,False
CG15865,-0.027232887,-1.0410167,0.9782739851807256,1.0,False
lncRNA:CR43607,-0.02723366,-1.1930736,0.9782733682133702,1.0,False
asRNA:CR45016,-0.02723366,-1.680601,0.9782733682133702,1.0,False
CG32040,-0.027234435,-1.5956166,0.9782727512460276,1.0,False
CG32686,-0.027235208,-1.716561,0.9782721342786982,1.0,False
ppk12,-0.027235208,-1.9181846,0.9782721342786982,1.0,False
CG2444,-0.027235208,-1.872358,0.9782721342786982,1.0,False
Alms1b,-0.027236754,-2.9261122,0.9782709003440783,1.0,False
lncRNA:CR44470,-0.027237529,-2.184967,0.9782702833767878,1.0,False
CG1387,-0.027237529,-3.5786593,0.9782702833767878,1.0,False
CG11374,-0.027324164,-0.22393005,0.9782011831226007,1.0,False
Vajk4,-0.027375605,-0.24837461,0.9781601549240404,1.0,False
bap,-0.02739185,-0.46126223,0.9781471986628091,1.0,False
CG15412,-0.027412735,-0.69124734,0.978130540621126,1.0,False
CG13287,-0.027531475,-0.18476467,0.9780358367507902,1.0,False
CG10472,-0.027540369,-0.3081684,0.9780287416850059,1.0,False
aurB,-0.027613856,-0.34922457,0.9779701303385466,1.0,False
Lk,-0.027617337,-0.67907614,0.9779673540145569,1.0,False
CG12617,-0.027858682,-0.7432725,0.9777748628705658,1.0,False
CG33766,-0.027858682,-0.6199266,0.9777748628705658,1.0,False
lectin-24A,-0.027860228,-0.6645234,0.9777736289571389,1.0,False
lncRNA:CR32385,-0.027861003,-0.9587201,0.9777730120004454,1.0,False
CG11828,-0.027864097,-1.5606949,0.9777705441738043,1.0,False
CG6106,-0.02786487,-1.7970117,0.9777699272171773,1.0,False
CG32591,-0.02786487,-1.1429244,0.9777699272171773,1.0,False
Mdr50,-0.02786719,-2.1179354,0.977768076347376,1.0,False
CG10814,-0.027868738,-1.6197783,0.9777668424342416,1.0,False
Hdc,-0.028120913,-0.06627171,0.9775657153065446,1.0,False
CG6686,-0.028140638,-0.16811308,0.9775499830298483,1.0,False
Grd,-0.028342145,-0.08821332,0.9773892675280906,1.0,False
Vajk3,-0.028492985,-1.0039606,0.9772689628584034,1.0,False
CG8630,-0.028493758,-0.9583402,0.9772683459127095,1.0,False
CG31076,-0.028493758,-1.1914885,0.9772683459127095,1.0,False
lncRNA:CR44041,-0.028495306,-1.1712263,0.9772671120213627,1.0,False
CG32971,-0.028496852,-1.9555254,0.9772658781300704,1.0,False
Mdr49,-0.028526634,-0.19222766,0.9772421257332978,1.0,False
daw,-0.02862178,-0.050439257,0.9771662415880192,1.0,False
P5cr-2,-0.028662004,-0.55869323,0.9771341605480598,1.0,False
Vm32E,-0.028856162,-0.19223993,0.9769793083570192,1.0,False
Srg3,-0.029115686,-0.57439053,0.9767723260073479,1.0,False
CG34212,-0.02912342,-0.980916,0.9767661566616941,1.0,False
CG42762,-0.029128062,-1.2709968,0.9767624550549688,1.0,False
CG13046,-0.029128062,-1.3695818,0.9767624550549688,1.0,False
CG30284,-0.029128835,-1.2813848,0.9767618381205633,1.0,False
PGRP-SB1,-0.02912961,-1.3111104,0.9767612211861717,1.0,False
CG31205,-0.02912961,-1.4150581,0.9767612211861717,1.0,False
CG10445,-0.029248735,0.0020496328,0.9766662134559946,1.0,False
CG6470,-0.029487759,-0.41525644,0.9764755820621656,1.0,False
LamC,-0.029715179,-0.19352034,0.9762942058666962,1.0,False
CG9497,-0.029738385,-0.36079845,0.976275698160408,1.0,False
snoRNA:lola-b,-0.0297438,-0.43537572,0.9762713796974449,1.0,False
lncRNA:CR45262,-0.029746894,-0.60667765,0.9762689120046354,1.0,False
Mp20,-0.029748442,-0.72160524,0.9762676781583158,1.0,False
CG15580,-0.029756177,-1.1213335,0.9762615089275697,1.0,False
Lasp,-0.029760044,-1.3845142,0.9762584243127291,1.0,False
Tsf3,-0.029765459,-1.853007,0.9762541058525488,1.0,False
Kebab,-0.029953817,-0.7211398,0.9761038855646641,1.0,False
TrxT,-0.030374236,-0.38364056,0.9757685920117127,1.0,False
CG9294,-0.03037501,-0.49014798,0.97576797510018,1.0,False
mtg,-0.030383132,-0.36533204,0.9757614975299611,1.0,False
lncRNA:CR46085,-0.030387387,-1.2656388,0.9757581045176273,1.0,False
CG15014,-0.030571103,-0.27809972,0.9756115884952073,1.0,False
Zaf1,-0.030677851,-0.2739791,0.9755264553524791,1.0,False
CG8839,-0.030935826,-0.1582316,0.9753207180771062,1.0,False
Cpr50Ca,-0.030999256,-0.38564944,0.975270132251363,1.0,False
lncRNA:CR45457,-0.031002352,-0.44728476,0.9752676646526499,1.0,False
bez,-0.031003125,-0.474986,0.9752670477530087,1.0,False
Cyp9h1,-0.031007767,-0.6070488,0.9752633463554716,1.0,False
ect,-0.031017048,-1.2347734,0.9752559435619959,1.0,False
Cpr50Cb,-0.031022463,-0.94629616,0.9752516252667858,1.0,False
CG2065,-0.031153578,-0.23232232,0.9751470610545121,1.0,False
Cpsf100,-0.031242536,-0.2311375,0.9750761180267329,1.0,False
gl,-0.031466864,-0.11331407,0.9748972190943289,1.0,False
CG30334,-0.031638976,-0.56612515,0.9747599612863291,1.0,False
sphinx2,-0.03164671,-0.8796475,0.9747537924136027,1.0,False
CG5909,-0.031649806,-0.9609161,0.974751324864935,1.0,False
lncRNA:CR45329,-0.03166218,-1.4757286,0.9747414546726806,1.0,False
CG8389,-0.031711303,-0.16842704,0.9747022823853224,1.0,False
CG8323,-0.031793684,-0.19997732,0.9746365841191474,1.0,False
CG8012,-0.031912807,-0.25221682,0.9745415841138074,1.0,False
CG15118,-0.031997513,-0.2024397,0.9744740356283252,1.0,False
CG13231,-0.03224543,-0.071218245,0.9742763262749571,1.0,False
lncRNA:CR43399,-0.032261677,-0.40849128,0.9742633718949884,1.0,False
Dmel_CR44404,-0.032263994,-0.397064,0.9742615212698326,1.0,False
asRNA:CR43471,-0.032268636,-0.51319325,0.9742578200199369,1.0,False
Fum2,-0.032270186,-0.762641,0.9742565862700948,1.0,False
CG34445,-0.032281015,-0.8269492,0.9742479500229252,1.0,False
Ctns,-0.03289598,-0.47727126,0.9737575395430289,1.0,False
lncRNA:CR44718,-0.03305765,-0.2766105,0.9736286156599733,1.0,False
IKKbeta,-0.033091683,-0.46455833,0.9736014738775414,1.0,False
CG9928,-0.03350553,-0.2048211,0.973271456932488,1.0,False
CG2898,-0.033527188,-0.50131756,0.9732541851431286,1.0,False
ss,-0.033530284,-0.52600795,0.9732517177456723,1.0,False
CG2736,-0.033532605,-0.50755763,0.9732498671977481,1.0,False
Tie,-0.03353647,-0.738855,0.9732467829515279,1.0,False
lncRNA:CR44440,-0.033774335,-0.6940359,0.9730571025796207,1.0,False
asRNA:CR45797,-0.034159943,-0.5239546,0.9727496077230325,1.0,False
lncRNA:CR46118,-0.03417619,-0.7975768,0.9727366541667098,1.0,False
Prat2,-0.034278296,-0.1412128,0.9726552319774884,1.0,False
CG14664,-0.034634512,-18.168497,0.9723711818041733,1.0,False
CG13639,-0.034634512,-18.24569,0.9723711818041733,1.0,False
salto,-0.034634512,-18.262491,0.9723711818041733,1.0,False
CG15754,-0.034634512,-18.051119,0.9723711818041733,1.0,False
inaF-C,-0.034634512,-17.883001,0.9723711818041733,1.0,False
lncRNA:CR33938,-0.034634512,-18.540691,0.9723711818041733,1.0,False
CG12974,-0.034634512,-17.316187,0.9723711818041733,1.0,False
CG7742,-0.034634512,-17.84159,0.9723711818041733,1.0,False
CG31954,-0.034634512,-17.660934,0.9723711818041733,1.0,False
Ugt305A1,-0.034634512,-17.490013,0.9723711818041733,1.0,False
CG15506,-0.034634512,-18.855017,0.9723711818041733,1.0,False
lncRNA:CR45897,-0.03475093,0.11015737,0.9722783496608511,1.0,False
CG10307,-0.034778778,-0.112522446,0.9722561440210538,1.0,False
CG16749,-0.034952436,-0.14905089,0.9721176676698959,1.0,False
NTPase,-0.035052996,-0.22335206,0.9720374813026815,1.0,False
Ppox,-0.03525025,-0.28407454,0.9718801934810392,1.0,False
CG15905,-0.035261467,-1.6428064,0.9718712496965345,1.0,False
CG32762,-0.035261467,-1.8076495,0.9718712496965345,1.0,False
asRNA:TS15,-0.035261467,-1.7061366,0.9718712496965345,1.0,False
Drsl4,-0.035261467,-1.9408096,0.9718712496965345,1.0,False
CAH9,-0.035261467,-1.4672792,0.9718712496965345,1.0,False
ds,-0.03526224,-2.16139,0.9718706328839404,1.0,False
CG31041,-0.03526224,-2.1177368,0.9718706328839404,1.0,False
spz3,-0.03526224,-1.8635451,0.9718706328839404,1.0,False
CG33235,-0.03526224,-1.8447878,0.9718706328839404,1.0,False
Send2,-0.03526224,-2.0701392,0.9718706328839404,1.0,False
CG1924,-0.03526224,-2.2983038,0.9718706328839404,1.0,False
Rsph9,-0.03526224,-2.2475736,0.9718706328839404,1.0,False
CG45078,-0.035263013,-1.9737579,0.9718700160713631,1.0,False
lncRNA:CR44757,-0.035263788,-2.6759002,0.9718693992588027,1.0,False
CG33784,-0.03526456,-2.961008,0.9718687824462591,1.0,False
CG2750,-0.03526456,-3.6150997,0.9718687824462591,1.0,False
sens,-0.035265334,-4.1514235,0.9718681656337324,1.0,False
CG4836,-0.035265334,-3.4740047,0.9718681656337324,1.0,False
CG32236,-0.035265334,-3.0928874,0.9718681656337324,1.0,False
CG4781,-0.035265334,-4.2649565,0.9718681656337324,1.0,False
CG9641,-0.035331085,-0.20136362,0.9718157366304928,1.0,False
mdu,-0.035644367,-0.04971985,0.9715659295269351,1.0,False
CG31807,-0.035889193,-1.586493,0.9713707118421072,1.0,False
CG14062,-0.035889193,-1.1738065,0.9713707118421072,1.0,False
tin,-0.035889193,-0.86992234,0.9713707118421072,1.0,False
CG13840,-0.035890743,-1.4245704,0.971369478244485,1.0,False
Vha16-5,-0.03589229,-1.5666428,0.9713682446469314,1.0,False
lncRNA:CR44970,-0.03589229,-1.8897802,0.9713682446469314,1.0,False
CG14630,-0.035893064,-2.0136747,0.9713676278481802,1.0,False
Cyp4e1,-0.035893835,-2.1465027,0.9713670110494462,1.0,False
CG33272,-0.035893835,-1.9965649,0.9713670110494462,1.0,False
topi,-0.035893835,-2.2336476,0.9713670110494462,1.0,False
CG13678,-0.035893835,-2.1409442,0.9713670110494462,1.0,False
DptA,-0.03589538,-2.2289803,0.9713657774520295,1.0,False
lncRNA:CR45680,-0.03589538,-2.3131871,0.9713657774520295,1.0,False
Cpr62Ba,-0.03589538,-2.6228497,0.9713657774520295,1.0,False
CG5327,-0.03589693,-2.7104099,0.9713645438546813,1.0,False
FarO,-0.03589693,-4.3228106,0.9713645438546813,1.0,False
wgn,-0.035949532,-0.09377645,0.9713226015856251,1.0,False
lds,-0.036005225,-0.26118428,0.9712781922107208,1.0,False
CG13599,-0.036023404,0.060274646,0.9712636975034595,1.0,False
asRNA:CR45828,-0.036031913,-0.34008783,0.9712569127501302,1.0,False
Gbp2,-0.036050864,-0.494569,0.9712418012615551,1.0,False
lncRNA:CR44979,-0.036052797,-0.5045943,0.9712402592735055,1.0,False
CG32694,-0.03629453,-0.589614,0.971047511615801,1.0,False
prc,-0.036513057,-0.49454692,0.9708732691882747,1.0,False
pwn,-0.036520015,-1.2214929,0.9708677181248956,1.0,False
CG17290,-0.03652079,-1.3606936,0.9708671013401627,1.0,False
Mst33A,-0.03652079,-1.1840277,0.9708671013401627,1.0,False
LUBEL,-0.036522336,-1.3709354,0.9708658677707495,1.0,False
Klp3A,-0.036524657,-1.9300369,0.9708640174167602,1.0,False
CG10205,-0.036525432,-2.1028147,0.970863400632132,1.0,False
CG15446,-0.036527753,-2.2197967,0.9708615502783517,1.0,False
lncRNA:CR44265,-0.0365293,-2.5723627,0.9708603167092521,1.0,False
CG4210,-0.036680914,-0.60201937,0.9707394272761309,1.0,False
t,-0.036752854,-0.13164233,0.9706820667086932,1.0,False
Tps1,-0.036810867,-0.16678733,0.9706358082970221,1.0,False
Ncc69,-0.0368391,0.107480474,0.9706132959057369,1.0,False
CG15719,-0.03714233,-0.6538897,0.9703715204709201,1.0,False
Spn88Eb,-0.03714233,-0.69620144,0.9703715204709201,1.0,False
CG12998,-0.037145425,-0.9372408,0.9703690533886433,1.0,False
Acox57D-d,-0.03714697,-0.79936546,0.9703678198476113,1.0,False
Cyp4c3,-0.037147745,-0.8459508,0.9703672030771219,1.0,False
CG13871,-0.037151612,-0.895822,0.9703641192249405,1.0,False
Phlpp,-0.037154708,-1.6023088,0.9703616521435146,1.0,False
CG43064,-0.037156254,-1.857133,0.9703604186029079,1.0,False
Tep3,-0.037428156,-0.16124587,0.9701436249452999,1.0,False
CG43750,-0.037449427,-0.15821579,0.9701266639411802,1.0,False
CG6153,-0.037697345,-0.25679538,0.969928992146098,1.0,False
dmrt93B,-0.0377747,-0.71858865,0.9698673164565531,1.0,False
CG6527,-0.037778568,-1.0298797,0.9698642326768036,1.0,False
lncRNA:CR44655,-0.037780114,-0.9647653,0.9698629991650298,1.0,False
CG12896,-0.037780114,-1.077322,0.9698629991650298,1.0,False
Elovl7,-0.037784755,-1.2976997,0.9698592986301414,1.0,False
Kal1,-0.03778553,-1.4512098,0.9698586818743897,1.0,False
Agpat4,-0.03778553,-1.5591629,0.9698586818743897,1.0,False
Hey,-0.037833877,-0.055497847,0.969820134675699,1.0,False
AdamTS-A,-0.037880674,-0.058449008,0.969782821054525,1.0,False
CG8736,-0.037999026,-0.0073519805,0.9696884579773243,1.0,False
Argl,-0.038105775,-0.23891073,0.9696033465461702,1.0,False
CG31855,-0.038308058,-0.18868405,0.9694420675020198,1.0,False
lncRNA:CR45593,-0.038397014,-0.39492407,0.9693711421226057,1.0,False
CG17047,-0.038407844,-0.80668,0.9693625077451202,1.0,False
CG8292,-0.03859156,-0.5961672,0.9692160322465513,1.0,False
CG9550,-0.03903712,-0.7181797,0.9688607949395347,1.0,False
exu,-0.03904021,-0.914692,0.9688583280353129,1.0,False
Acp53C14a,-0.0390611,-1.756672,0.9688416764396113,1.0,False
CG4975,-0.039217353,-0.5309971,0.9687170982662289,1.0,False
CG10185,-0.039670262,-0.88425183,0.9683560109045534,1.0,False
asRNA:CR45163,-0.039670262,-0.8936818,0.9683560109045534,1.0,False
lncRNA:CR44913,-0.03967181,-1.0599397,0.9683547774831388,1.0,False
tap,-0.039674904,-1.0203615,0.9683523106405367,1.0,False
CG7881,-0.039675675,-1.1313285,0.9683516939299335,1.0,False
RpS10a,-0.039820716,-0.31649137,0.9682360610267181,1.0,False
CG14752,-0.039850883,-0.5044682,0.9682120094666711,1.0,False
PCNA,-0.0400872,-0.5560835,0.9680236065817497,1.0,False
GLaz,-0.040118914,-0.16334446,0.9679983218784638,1.0,False
Drsl2,-0.040290255,-0.50707453,0.9678617233677459,1.0,False
CG15144,-0.040306497,-0.8786814,0.9678487727677505,1.0,False
gom,-0.040454634,-0.27076557,0.9677306760213482,1.0,False
Nha1,-0.040484414,-0.30781874,0.9677069334187892,1.0,False
Oseg2,-0.040511485,-0.65840346,0.9676853492594849,1.0,False
CG13898,-0.040657688,-0.3543043,0.9675687952087216,1.0,False
CG43163,-0.040911794,-0.37904415,0.9673662148181296,1.0,False
GC2,-0.04091489,-0.48195824,0.9673637480987757,1.0,False
Osi17,-0.04092804,-0.50789994,0.9673532645450058,1.0,False
CG7102,-0.040939257,-0.37766993,0.9673443226947784,1.0,False
Ada,-0.04105374,-0.13850951,0.9672530543895617,1.0,False
CG30467,-0.041102085,-0.11914789,0.9672145121596941,1.0,False
lncRNA:CR45128,-0.041230105,-0.23959456,0.9671124527051623,1.0,False
CG13151,-0.041416917,-0.24860413,0.9669635270361218,1.0,False
Mst36Fa,-0.041559633,-0.74473715,0.9668497523011201,1.0,False
snoRNA:Psi18S-1377b,-0.041729815,-0.376482,0.9667140868327275,1.0,False
CG14075,-0.042121224,-0.26873055,0.9664020599180903,1.0,False
CG42369,-0.04213012,-0.22517575,0.9663949684569085,1.0,False
lncRNA:CR43492,-0.042192005,-0.1787298,0.9663456366266182,1.0,False
Ir76b,-0.042194325,-0.7335844,0.9663437866854868,1.0,False
CCHa1,-0.04274702,-0.20529649,0.9659031975541077,1.0,False
Obp19c,-0.04280581,-0.43020594,0.9658563335400542,1.0,False
CG14247,-0.0429288,-0.14161713,0.9657582894712482,1.0,False
Mterf4,-0.043167826,-0.18290557,0.965567752479811,1.0,False
CG4962,-0.04329314,-18.811028,0.9654678600846849,1.0,False
Edg91,-0.04329314,-18.857283,0.9654678600846849,1.0,False
CG13049,-0.04329314,-18.803967,0.9654678600846849,1.0,False
CG14421,-0.04329314,-17.971617,0.9654678600846849,1.0,False
yellow-e,-0.04329314,-19.007511,0.9654678600846849,1.0,False
scaRNA:PsiU5-44,-0.04329314,-18.87674,0.9654678600846849,1.0,False
CG13023,-0.04329314,-18.738768,0.9654678600846849,1.0,False
asRNA:CR45326,-0.04329314,-18.336197,0.9654678600846849,1.0,False
CG14205,-0.04329314,-18.127193,0.9654678600846849,1.0,False
CG30026,-0.04329314,-18.970106,0.9654678600846849,1.0,False
CG12395,-0.04329314,-18.922249,0.9654678600846849,1.0,False
lncRNA:CR45475,-0.04329314,-18.622505,0.9654678600846849,1.0,False
CG5846,-0.04337591,-0.24579167,0.96540188207141,1.0,False
IntS14,-0.04344166,-0.1727728,0.965349469799761,1.0,False
Cht5,-0.043442044,-0.50889415,0.9653491614927233,1.0,False
lncRNA:CR44728,-0.04345829,-0.6428152,0.9653362126018221,1.0,False
sncRNA:CR43603,-0.043478403,-0.9059968,0.9653201806543243,1.0,False
CG9815,-0.043920092,-2.210966,0.964968097968818,1.0,False
Cyp6a8,-0.04392048,-2.3211493,0.9649677896682234,1.0,False
Cpr65Au,-0.04392048,-2.2534277,0.9649677896682234,1.0,False
CG5883,-0.043921255,-2.562092,0.9649671730670502,1.0,False
CG11816,-0.04392203,-2.9224863,0.9649665564658978,1.0,False
CG11825,-0.04392203,-2.7215264,0.9649665564658978,1.0,False
CG1791,-0.0439228,-3.158125,0.9649659398647664,1.0,False
Ktch,-0.0439228,-3.1072116,0.9649659398647664,1.0,False
lncRNA:CR45356,-0.043923575,-3.5366733,0.9649653232636559,1.0,False
CG10730,-0.043923575,-3.671321,0.9649653232636559,1.0,False
CG16741,-0.043923575,-3.0759306,0.9649653232636559,1.0,False
Or83a,-0.043923575,-4.581114,0.9649653232636559,1.0,False
lncRNA:CR43279,-0.04392435,-4.085183,0.9649647066625664,1.0,False
CG13738,-0.04392435,-4.245423,0.9649647066625664,1.0,False
CG1441,-0.04392435,-4.0356083,0.9649647066625664,1.0,False
Zasp66,-0.04408447,-0.6334234,0.9648370706886051,1.0,False
Nepl11,-0.04448207,-0.37995666,0.9645201427530372,1.0,False
CG44038,-0.044550918,-1.8744744,0.9644652666939588,1.0,False
CG43091,-0.04455169,-2.4317799,0.9644646501099812,1.0,False
CG13026,-0.044552464,-2.166524,0.9644640335260246,1.0,False
CG11841,-0.044552464,-2.3365939,0.9644640335260246,1.0,False
CG13566,-0.044552464,-2.3367355,0.9644640335260246,1.0,False
CG31924,-0.04455401,-2.3714485,0.9644628003581753,1.0,False
CG13978,-0.044651862,-0.42051107,0.9643848026645464,1.0,False
squ,-0.044727284,-0.37279025,0.9643246860976306,1.0,False
CG8837,-0.044957798,-0.22234967,0.9641409464645005,1.0,False
pio,-0.044976752,-0.17863192,0.9641258404383012,1.0,False
Vajk1,-0.045181353,-1.6819489,0.9639627578336006,1.0,False
Pex7,-0.045183674,-1.9259795,0.9639609081340523,1.0,False
Obp57a,-0.04518754,-2.2587135,0.9639578253019029,1.0,False
CycA,-0.045300476,-0.18662953,0.9638678068408931,1.0,False
snu,-0.045390207,-0.16530749,0.963796285652187,1.0,False
Cdc23,-0.04561724,-0.29163387,0.9636153260157582,1.0,False
Glyat,-0.045804825,-0.7591569,0.9634658122271285,1.0,False
asRNA:CR46133,-0.04580792,-1.059986,0.9634633460310611,1.0,False
CG7213,-0.045813333,-1.5933571,0.9634590301887844,1.0,False
CG33509,-0.045815654,-2.1696384,0.9634571805424221,1.0,False
ClC-b,-0.045860134,-0.16541474,0.9634217290251628,1.0,False
AttC,-0.04599473,-0.66805786,0.963314450091993,1.0,False
CG4455,-0.046371445,-0.31271806,0.9630141959250753,1.0,False
CG14154,-0.04643062,-0.7281282,0.9629670312183793,1.0,False
Amy-p,-0.046436034,-0.90529823,0.9629627155000525,1.0,False
swa,-0.046440676,-1.309094,0.962959016313779,1.0,False
CG15553,-0.04644145,-1.1763779,0.9629583997828108,1.0,False
CG31287,-0.04644222,-1.3991865,0.962957783251865,1.0,False
Cpr65Ea,-0.04644222,-1.3746946,0.962957783251865,1.0,False
rib,-0.046442997,-1.3216012,0.9629571667209411,1.0,False
Cad88C,-0.046444543,-1.3939296,0.96295593365916,1.0,False
lncRNA:CR45734,-0.046446864,-1.6232458,0.9629540840666545,1.0,False
CG11594,-0.046472777,-0.16542102,0.9629334302972207,1.0,False
mthl5,-0.046550132,-0.24649774,0.9628717774021298,1.0,False
CG12493,-0.046602346,-0.54742736,0.9628301618234214,1.0,False
CG13794,-0.046636384,-0.73369825,0.9628030346858854,1.0,False
Gr43a,-0.047064923,-0.9340724,0.9624614830578107,1.0,False
CG16820,-0.047066472,-1.0484674,0.9624602500318841,1.0,False
Cpr65Ec,-0.047067244,-0.9772347,0.9624596335189544,1.0,False
CG8526,-0.04707034,-1.2343714,0.9624571674674602,1.0,False
CG11842,-0.04707266,-1.0551252,0.9624553179290753,1.0,False
snoRNA:Psi28S-2648,-0.047078073,-1.5569214,0.9624510023402962,1.0,False
lncRNA:CR46035,-0.04719333,-0.6316373,0.9623591422117032,1.0,False
lncRNA:CR43661,-0.04720068,-0.33960542,0.9623532853747981,1.0,False
CG12964,-0.047228526,-0.50562876,0.9623310910639122,1.0,False
asRNA:CR45960,-0.047244385,-0.5776181,0.9623184526499226,1.0,False
CG14185,-0.047271848,-0.85908365,0.9622965666383376,1.0,False
CG15083,-0.04728345,-0.85559994,0.9622873190363461,1.0,False
bug,-0.047390196,-0.17672071,0.9622022413362358,1.0,False
CG18304,-0.047692265,-0.80204266,0.9619614984404021,1.0,False
ppk21,-0.04769304,-0.9158616,0.9619608819457518,1.0,False
CG6753,-0.04769304,-0.7866297,0.9619608819457518,1.0,False
Acp36DE,-0.04770696,-1.272465,0.9619497850459355,1.0,False
CG4301,-0.0482701,-0.11049426,0.9615009832992675,1.0,False
CG8468,-0.04832425,-0.64531106,0.9614578299258194,1.0,False
lncRNA:CR46079,-0.048349775,-1.6437356,0.9614374862317786,1.0,False
CG8476,-0.04848901,-0.46292883,0.9613265210702583,1.0,False
pb,-0.048737705,-0.091100454,0.9611283268277852,1.0,False
CG30496,-0.048775997,-0.2364942,0.9610978119086835,1.0,False
Traf4,-0.04893844,-0.34190604,0.9609683553104243,1.0,False
CG17249,-0.04894192,-0.16679177,0.9609655812517123,1.0,False
CG13154,-0.0489454,-0.49492666,0.9609628071934728,1.0,False
sut2,-0.049595177,-0.9500065,0.9604449913035331,1.0,False
Strump,-0.049611807,-0.17241794,0.9604317379006267,1.0,False
CG7497,-0.04984,-0.855563,0.9602498899899603,1.0,False
CG10031,-0.050041895,-0.4835151,0.9600890025456071,1.0,False
CG3032,-0.05008792,-0.19233273,0.9600523253669906,1.0,False
CG15631,-0.050217874,-0.7385942,0.9599487667310908,1.0,False
CG15544,-0.05038496,-0.53427064,0.9598156209068017,1.0,False
CG7484,-0.050402366,-0.1337217,0.9598017516145022,1.0,False
lncRNA:CR42874,-0.05086765,-1.0623037,0.9594309837238896,1.0,False
Fmo-1,-0.05087848,-1.101982,0.9594223541514888,1.0,False
Jheh1,-0.051262543,-0.15074833,0.9591163156121927,1.0,False
CG10993,-0.051611796,-0.3140141,0.958838019934523,1.0,False
qjt,-0.051665172,-0.5736987,0.9587954901391189,1.0,False
lncRNA:CR44496,-0.051777333,-0.21541475,0.9587061163137178,1.0,False
CG14089,-0.05180054,-0.34957328,0.9586876252421936,1.0,False
CG33290,-0.051951766,-18.259361,0.9585671256376124,1.0,False
lncRNA:CR42657,-0.051951766,-18.930445,0.9585671256376124,1.0,False
CG30395,-0.051951766,-18.949068,0.9585671256376124,1.0,False
eco,-0.052040726,-0.1900498,0.9584962439593262,1.0,False
lncRNA:CR45048,-0.05209526,-0.24897338,0.9584527905709315,1.0,False
CG3246,-0.05229986,-0.47009468,0.9582897644209034,1.0,False
CG1271,-0.05232887,-0.21115665,0.9582666512136387,1.0,False
CG12134,-0.052482802,-0.19219148,0.9581439977146473,1.0,False
SPH93,-0.05258027,-3.1545498,0.9580663382224068,1.0,False
CG33939,-0.05258027,-3.2192936,0.9580663382224068,1.0,False
asRNA:CR44512,-0.05258027,-3.2648687,0.9580663382224068,1.0,False
CG44303,-0.052581042,-2.9265916,0.9580657218788212,1.0,False
CG13031,-0.052581817,-3.9209254,0.9580651055352606,1.0,False
qua,-0.052581817,-3.3101466,0.9580651055352606,1.0,False
CG13841,-0.052778684,-1.0903628,0.9579082469151687,1.0,False
chas,-0.052799955,-0.25684014,0.957891297652895,1.0,False
vret,-0.052974,-0.6762757,0.9577526225864127,1.0,False
asRNA:CR45376,-0.0532049,-1.5860645,0.9575686489722064,1.0,False
Obp57b,-0.053211864,-2.8565166,0.9575631020641149,1.0,False
CG15824,-0.053214185,-2.6502268,0.9575612530952077,1.0,False
scpr-C,-0.05335381,-0.49567494,0.9574500072197989,1.0,False
Ada1-2,-0.053426523,-0.43536463,0.9573920734077263,1.0,False
Gen,-0.053472936,-0.46238342,0.9573550944963999,1.0,False
CG14401,-0.05350233,-0.44524172,0.9573316745666892,1.0,False
fzy,-0.053584713,-0.39652535,0.9572660373284361,1.0,False
CG32237,-0.053611785,-0.5149068,0.9572444664683032,1.0,False
CG10462,-0.053772297,-0.3966753,0.9571165827268083,1.0,False
Rpp30,-0.053816773,-0.25472552,0.9570811452586707,1.0,False
lncRNA:CR45478,-0.053833406,-1.3793231,0.9570678947488912,1.0,False
lncRNA:CR44301,-0.0538365,-1.4624695,0.9570654295390781,1.0,False
CG33110,-0.053837273,-1.4973751,0.9570648132366891,1.0,False
CG32037,-0.053842686,-2.4588876,0.9570604991206841,1.0,False
CG10345,-0.053846557,-3.8017178,0.957057417610022,1.0,False
f,-0.053848103,-3.173104,0.9570561850059369,1.0,False
Acp53C14b,-0.053990435,-0.50621134,0.9569427858697733,1.0,False
alpha-Est3,-0.054029886,-0.86196375,0.9569113547416098,1.0,False
CG11438,-0.054033753,-0.899398,0.9569082732620618,1.0,False
lncRNA:CR44946,-0.05446036,-0.9141317,0.956568390031118,1.0,False
Hsp60C,-0.054463454,-1.1256902,0.956565924904994,1.0,False
lncRNA:CR44582,-0.05446423,-1.530721,0.956565308623528,1.0,False
CG34045,-0.05446887,-1.5122378,0.9565616109352767,1.0,False
CG32006,-0.054472737,-1.804588,0.9565585295291148,1.0,False
CG5653,-0.054472737,-1.8504968,0.9565585295291148,1.0,False
snoRNA:Psi28S-3571,-0.05447815,-2.5622225,0.9565542155615787,1.0,False
ND-B8,-0.05462087,-0.60305774,0.9564405121621292,1.0,False
PGRP-SA,-0.054624736,-0.5762915,0.9564374307815156,1.0,False
CG14118,-0.05464253,-0.6594907,0.9564232564390784,1.0,False
CG9372,-0.05471872,-0.19951949,0.9563625534328306,1.0,False
sigmar,-0.05482934,-0.17102696,0.9562744266763026,1.0,False
ima,-0.05483011,-0.24499197,0.9562738104071585,1.0,False
asRNA:CR45208,-0.05487343,-0.6774479,0.9562392993768207,1.0,False
ncd,-0.05493841,-0.24290724,0.9561875329851469,1.0,False
CG14174,-0.055023883,-0.20312236,0.9561194358109036,1.0,False
lncRNA:CR45439,-0.05509582,-1.2258235,0.9560621235052043,1.0,False
lncRNA:CR40341,-0.055098917,-1.6783602,0.956059658464891,1.0,False
CG30384,-0.055099692,-1.3610882,0.9560590422048784,1.0,False
Spn42De,-0.055102013,-1.7127223,0.9560571934249981,1.0,False
TwdlC,-0.055102013,-1.634918,0.9560571934249981,1.0,False
Antdh,-0.055112842,-2.7159283,0.9560485657886824,1.0,False
CG18547,-0.055215724,-0.31650475,0.9559666035006514,1.0,False
CG34338,-0.055290755,-0.77982044,0.955906826787156,1.0,False
lncRNA:CR44493,-0.055694543,-0.26649743,0.9555851460594976,1.0,False
asRNA:CR44382,-0.055719685,-0.95721406,0.9555651182835256,1.0,False
CG43317,-0.055728193,-1.3298215,0.9555583396580123,1.0,False
Ance-4,-0.055730514,-1.2871406,0.955556490942521,1.0,False
Or71a,-0.055919643,-0.7750107,0.9554058214346804,1.0,False
CG10553,-0.056343544,-0.88368165,0.955068130338101,1.0,False
lncRNA:CR44702,-0.056350507,-0.8669144,0.9550625843835939,1.0,False
snoRNA:Psi28S-3186,-0.05635515,-1.0205636,0.955058887081798,1.0,False
GstE7,-0.05652223,-0.5777155,0.9549257848618207,1.0,False
Agxt,-0.05698133,-0.95572555,0.9545600683469991,1.0,False
Ptth,-0.05698133,-0.91349316,0.9545600683469991,1.0,False
CG32669,-0.056982875,-0.868993,0.9545588359570143,1.0,False
CG7724,-0.057004534,-1.5752677,0.954541582508635,1.0,False
Spn43Ad,-0.05700531,-1.6798819,0.954540966314444,1.0,False
lncRNA:CR44222,-0.05717278,-0.6806861,0.9544075609124452,1.0,False
yellow-h,-0.057189025,-0.72279894,0.9543946209644449,1.0,False
spd-2,-0.05722461,-0.96591073,0.9543662763584551,1.0,False
lncRNA:CR45985,-0.057611376,-0.86760587,0.9540581865458309,1.0,False
nmdyn-D7,-0.057613697,-0.96116984,0.9540563380276275,1.0,False
CG34375,-0.05763149,-1.3996285,0.954042166062946,1.0,False
Vps51,-0.057657402,-0.24416877,0.9540215243142987,1.0,False
lncRNA:CR45759,-0.057770725,-0.43001345,0.9539312555372168,1.0,False
Orct,-0.057878636,-0.12084649,0.9538453004932934,1.0,False
Plap,-0.058075503,-0.23208167,0.9536884878363859,1.0,False
CG31200,-0.05852145,-0.20373686,0.9533332783791152,1.0,False
CG3348,-0.058765113,0.1252408,0.9531391955970399,1.0,False
CG14298,-0.058920983,-0.4152637,0.9530150456868127,1.0,False
lncRNA:CR44450,-0.059076466,-0.6028068,0.9528912049768139,1.0,False
ebd1,-0.059220728,-0.18519722,0.952776299066694,1.0,False
Ugt36E1,-0.059538268,-0.4169578,0.9525233863027022,1.0,False
grau,-0.05974635,-0.19822323,0.9523576555605969,1.0,False
Notum,-0.060124997,-0.64839685,0.9520560801888547,1.0,False
Cyp4d14,-0.060171023,-1.3230244,0.9520194233840357,1.0,False
mRpS23,-0.060508676,-0.2176151,0.9517505072443904,1.0,False
peb,-0.06075582,0.04453999,0.9515536752002698,1.0,False
Cyp18a1,-0.06078947,-0.9548087,0.9515268766995819,1.0,False
CG7236,-0.060801845,-1.1292119,0.9515170197935764,1.0,False
CG7924,-0.061079547,-0.25512248,0.9512958574182683,1.0,False
Hex-C,-0.061392445,-0.67142326,0.951046669209502,1.0,False
nxf2,-0.061408687,-0.8695841,0.9510337324985036,1.0,False
Tk,-0.061646167,-0.104241684,0.9508446115794769,1.0,False
Tep4,-0.061853476,-0.4795512,0.9506795180565109,1.0,False
Ance-3,-0.061866626,-1.9993297,0.9506690457774999,1.0,False
CG6403,-0.061868947,-2.2510266,0.950667197729147,1.0,False
MESK4,-0.061870493,-2.7346191,0.9506659656970592,1.0,False
ana2,-0.061932378,-0.2500477,0.9506166845102783,1.0,False
CG13116,-0.06197763,-0.3178173,0.9505806477619888,1.0,False
lncRNA:CR45954,-0.062048793,-0.9089357,0.9505239747896769,1.0,False
thoc5,-0.062133882,-0.16940571,0.9504562139556413,1.0,False
kon,-0.062222842,-0.24776039,0.9503853734667453,1.0,False
tos,-0.062386446,-0.35793048,0.9502550895917248,1.0,False
CG42366,-0.062493194,-1.080046,0.9501700823899368,1.0,False
Cyp313a1,-0.062507115,-2.9721174,0.9501589945358386,1.0,False
CG5968,-0.06255237,-0.20674625,0.950122959076677,1.0,False
CG12923,-0.06266183,-0.6432459,0.9500357968067541,1.0,False
ro,-0.06268813,-0.9133617,0.9500148533115029,1.0,False
CG32855,-0.06332823,-0.9786273,0.9495051362779191,1.0,False
CG2794,-0.06350189,-0.22643304,0.9493668540631308,1.0,False
lncRNA:CR45181,-0.063559905,-0.6441488,0.9493206576717443,1.0,False
Gr61a,-0.063672066,-1.0233871,0.9492313451315627,1.0,False
TfIIA-S-2,-0.06374865,-0.89521086,0.9491703665911624,1.0,False
Cyt-c-d,-0.06403293,-0.29568422,0.9489440094642719,1.0,False
pcm,-0.064035244,-0.16408806,0.9489421616679214,1.0,False
CG34180,-0.064229794,-0.80316967,0.9487872557179194,1.0,False
lncRNA:CR45416,-0.06433654,-0.38599014,0.948702258444159,1.0,False
lncRNA:CR43818,-0.064559706,-0.64941794,0.9485245667551702,1.0,False
Nup75,-0.06476972,-0.26763555,0.9483573479717343,1.0,False
tsu,-0.06484398,-0.22388676,0.9482982214320446,1.0,False
CG15701,-0.06488576,-0.26559594,0.9482649628785658,1.0,False
CG42818,-0.06503118,-2.1048954,0.9481491745441109,1.0,False
lncRNA:CR43363,-0.06503891,-2.0683546,0.948143015620801,1.0,False
CG9676,-0.06518125,-0.5665768,0.9480296919853146,1.0,False
Ice1,-0.065587744,-0.10777508,0.9477060479426839,1.0,False
PGRP-SD,-0.06563609,-0.89154476,0.9476675561225173,1.0,False
Myo10A,-0.06564924,-1.2584257,0.9476570863685583,1.0,False
Ser7,-0.065678634,-2.1996052,0.9476336834218055,1.0,False
CG14367,-0.066080876,-0.33445317,0.9473134371194895,1.0,False
fzr2,-0.06626343,-0.79652464,0.9471680973720643,1.0,False
Adh,-0.06626807,-0.8970524,0.9471644023166368,1.0,False
CG31199,-0.06627349,-1.0541732,0.9471600914200745,1.0,False
Dmel_CG12688,-0.066284314,-1.1931748,0.9471514696315909,1.0,False
CG12909,-0.06633112,-0.28521472,0.9471142112596753,1.0,False
CG34409,-0.06636902,-0.30433232,0.9470840351423955,1.0,False
corto,-0.06655583,-0.017772669,0.9469353111028139,1.0,False
Phk-3,-0.06657749,-1.0522447,0.9469180678554312,1.0,False
Hrb98DE,-0.06678093,-0.056658965,0.9467561057108261,1.0,False
tbrd-1,-0.06688536,-0.5836862,0.9466729701029744,1.0,False
CG30203,-0.06701531,-0.32204095,0.946569513268689,1.0,False
lncRNA:CR44353,-0.0672319,-0.34302628,0.9463970872146231,1.0,False
CG5597,-0.06738003,-0.72976035,0.946279161555142,1.0,False
Ldsdh1,-0.0674601,-0.3262091,0.9462154267668635,1.0,False
nst,-0.06753591,-0.22570111,0.9461550791686608,1.0,False
st,-0.06754209,-1.0400528,0.9461501528477491,1.0,False
CG14947,-0.06770763,-0.57485825,0.946018374528193,1.0,False
Mettl3,-0.0678751,-0.19853273,0.9458850582452689,1.0,False
CG34148,-0.067889415,-0.22452834,0.945873666392936,1.0,False
CG10562,-0.06790566,-0.17510408,0.9458607351145109,1.0,False
agt,-0.068626985,-0.2528688,0.9452865392041806,1.0,False
mRpL20,-0.06866141,-0.20510317,0.9452591386062084,1.0,False
CG4928,-0.068778984,-0.594061,0.945165546041052,1.0,False
CG15247,-0.069269024,-19.531921,0.9447754825615369,1.0,False
CG11674,-0.069269024,-19.111013,0.9447754825615369,1.0,False
CG4318,-0.069269024,-18.926447,0.9447754825615369,1.0,False
CG17834,-0.069400914,-0.44691178,0.944670503251048,1.0,False
Coop,-0.06944732,-1.0718755,0.9446335606136627,1.0,False
GstE4,-0.06979619,-0.36399746,0.9443558789395345,1.0,False
CG5162,-0.069897525,-3.1073973,0.9442752232222913,1.0,False
lncRNA:CR43654,-0.070121855,-0.4756542,0.9440966744312034,1.0,False
Cad86C,-0.07052525,-2.3024805,0.9437756015224827,1.0,False
Loxl2,-0.070527576,-2.5593643,0.9437737545330834,1.0,False
CG13843,-0.07052912,-2.7255754,0.9437725232069851,1.0,False
CG7968,-0.07052989,-2.9673243,0.9437719075439863,1.0,False
Roc1b,-0.07062233,-0.34017593,0.9436983360575772,1.0,False
CG17928,-0.07082887,-0.40281397,0.9435339563137997,1.0,False
asRNA:CR43864,-0.071163036,-2.5104191,0.9432679986781571,1.0,False
CG5290,-0.07120674,-0.36897585,0.943233215334056,1.0,False
lin,-0.07138234,-0.24535039,0.9430934674150404,1.0,False
CG32109,-0.07142527,-0.19939783,0.9430593002386058,1.0,False
CG31145,-0.07152428,-0.10013655,0.942980500663684,1.0,False
CG1299,-0.07179618,-2.5706067,0.9427641125161268,1.0,False
CG43675,-0.07196907,-0.8294276,0.9426265250932722,1.0,False
bw,-0.07226804,-0.8019501,0.9423885983126098,1.0,False
CG7137,-0.07235391,-0.20415536,0.9423202684141128,1.0,False
CG43092,-0.072413854,-1.5065434,0.9422725608537295,1.0,False
CG12811,-0.07255773,-0.18073867,0.942158063554127,1.0,False
CG12592,-0.073040806,-1.2487094,0.9417736445502238,1.0,False
CG5783,-0.07304545,-1.5395015,0.9417699512387256,1.0,False
CG5493,-0.07304622,-1.4044846,0.9417693356869311,1.0,False
CG42367,-0.07305164,-1.6481408,0.9417650268253426,1.0,False
CG3630,-0.07321137,-0.7625422,0.9416379161757908,1.0,False
lncRNA:CR45997,-0.07329801,-0.41495264,0.9415689754280905,1.0,False
CG13305,-0.073680915,-1.5072324,0.9412642871951695,1.0,False
mTerf5,-0.07369638,-0.22409604,0.9412519767398688,1.0,False
CG32668,-0.073847994,-0.67495483,0.9411313350211443,1.0,False
CG12011,-0.07385535,-0.3819046,0.9411254876251993,1.0,False
CG34166,-0.074093595,-0.57447946,0.9409359106146562,1.0,False
inaF-B,-0.07428853,-0.802967,0.9407808046401663,1.0,False
Art8,-0.07486133,-0.27173522,0.9403250399844086,1.0,False
CG8854,-0.07492477,-0.9608584,0.9402745716335975,1.0,False
Acadvl,-0.07509881,-0.16046149,0.9401360926352961,1.0,False
CG14153,-0.07513053,-0.7443824,0.9401108588793342,1.0,False
NLaz,-0.07552001,-0.15204915,0.9398009809577405,1.0,False
mei-41,-0.0756225,-0.13713318,0.9397194356492221,1.0,False
CG31676,-0.07582323,-0.10532178,0.9395597317636599,1.0,False
CG12259,-0.075972915,-0.2357184,0.9394406477890315,1.0,False
CG34008,-0.07682187,-0.9343147,0.9387652488785418,1.0,False
CG43338,-0.07682651,-1.0173427,0.9387615566133185,1.0,False
CG14237,-0.076847404,-1.3253956,0.9387449414361068,1.0,False
CG13692,-0.07685359,-1.3193727,0.9387400184257576,1.0,False
CG44014,-0.07792765,-19.811441,0.9378856040739925,1.0,False
CG13606,-0.0780665,-0.67864084,0.9377751538347635,1.0,False
lncRNA:CR46083,-0.07817286,-0.24267215,0.9376905479152411,1.0,False
CG8560,-0.0782595,-0.5414917,0.9376216330678921,1.0,False
Tsp42Ei,-0.07855731,-3.5546606,0.937384741847012,1.0,False
CG34214,-0.078697324,-0.6938517,0.9372733741220471,1.0,False
lncRNA:CR32194,-0.078723624,-0.9251844,0.9372524543547462,1.0,False
GstO3,-0.07897812,-0.20880194,0.9370500270812674,1.0,False
CG4194,-0.079185426,-2.775059,0.9368851349226806,1.0,False
CG3679,-0.07918775,-3.034591,0.9368832891302418,1.0,False
nrv1,-0.0792767,-0.16470082,0.9368125340092267,1.0,False
lncRNA:CR45191,-0.07928599,-0.36299863,0.936805150894905,1.0,False
SecCl,-0.07939158,-1.258917,0.9367211683520925,1.0,False
CG4239,-0.0793939,-0.24782188,0.9367193225898238,1.0,False
CG15528,-0.07940859,-0.22117281,0.9367076327700193,1.0,False
Uxt,-0.07944688,-0.20245405,0.9366771777772391,1.0,False
AOX1,-0.07995665,-0.3667492,0.9362717353034611,1.0,False
lncRNA:CR46322,-0.0800456,-0.4320313,0.9362009845137452,1.0,False
Dic61B,-0.0802096,-0.4986686,0.9360705582917768,1.0,False
asRNA:CR43454,-0.08043856,-1.5775559,0.935888456626076,1.0,False
Crys,-0.08044553,-1.8893644,0.935882919803596,1.0,False
CG13833,-0.08045171,-2.4373267,0.9358779981862169,1.0,False
CG14692,-0.08045481,-2.3755295,0.9358755373784461,1.0,False
IFT43,-0.08087909,-0.3560549,0.9355381049243318,1.0,False
mir-2493,-0.081251554,-0.80762726,0.9352418998323729,1.0,False
Drip,-0.08185221,-0.6365664,0.9347642380405777,1.0,False
lncRNA:CR43883,-0.08189089,-0.8424525,0.9347334814840852,1.0,False
PGRP-SC2,-0.081914864,-1.1159672,0.9347144124679787,1.0,False
Cln7,-0.08194078,-0.25169784,0.9346938056701032,1.0,False
CG6225,-0.08199686,-0.099348925,0.9346492090185664,1.0,False
PGRP-LE,-0.082221575,-0.24695383,0.9344705169078582,1.0,False
CG32687,-0.08236932,-0.28038898,0.9343530309501766,1.0,False
lncRNA:CR45226,-0.08254569,-0.99221075,0.9342127878048954,1.0,False
Hmgcl,-0.08312314,-0.655662,0.9337536288331256,1.0,False
CG14275,-0.08314595,-0.5218508,0.9337354843555696,1.0,False
CG42562,-0.08359306,-0.4364613,0.9333799825659046,1.0,False
hng3,-0.083841756,-0.15760367,0.9331822481296494,1.0,False
Orco,-0.08408194,-0.21499635,0.9329912830153708,1.0,False
lncRNA:CR44749,-0.08413299,-0.25376529,0.9329506918935028,1.0,False
CG13272,-0.08420107,-0.85705423,0.932896570668909,1.0,False
Dmel_CR43051,-0.0842351,-1.2859298,0.9328695101729236,1.0,False
lncRNA:CR44608,-0.08487869,-1.4391756,0.9323578354327395,1.0,False
Arg,-0.08510688,-0.25967193,0.9321764189988987,1.0,False
Top3alpha,-0.086062595,-0.13017376,0.9314166607609746,1.0,False
CG8419,-0.08612138,-1.0286363,0.9313699273622245,1.0,False
CG31121,-0.08612332,-1.134819,0.9313683900833896,1.0,False
tx,-0.08637858,-0.86113137,0.9311654715268348,1.0,False
rnh1,-0.08660948,-0.23502493,0.9309819263225022,1.0,False
CG8160,-0.08689879,-0.46493042,0.9307519619684734,1.0,False
CG7872,-0.08706974,-0.17130765,0.9306160766573062,1.0,False
mRpS18A,-0.08725694,-0.15512413,0.9304672814874239,1.0,False
Oatp26F,-0.08738728,-1.0090823,0.9303636796739417,1.0,False
CG13067,-0.0875505,-0.55135584,0.9302339485034901,1.0,False
CG6073,-0.087552816,-0.23389135,0.9302321039978368,1.0,False
CG34251,-0.08781118,-0.557708,0.9300267513808497,1.0,False
obst-B,-0.08784096,-2.4412262,0.9300030807945608,1.0,False
CG1889,-0.0878456,-2.9275384,0.9299993918775988,1.0,False
CG33912,-0.087977104,-0.39642817,0.929894873188979,1.0,False
NetA,-0.08817784,-0.14871088,0.9297353308171504,1.0,False
Sph35,-0.088780425,-0.22645618,0.9292564132863783,1.0,False
DIP-iota,-0.0888338,-0.5481712,0.9292139943526251,1.0,False
CtsK2,-0.08909642,-1.7438291,0.9290052838348589,1.0,False
CG43679,-0.08910106,-2.1123707,0.9290015953276078,1.0,False
Spc25,-0.08911344,-2.6996503,0.928991759315729,1.0,False
CG32473,-0.08913626,-0.15429144,0.9289736241972684,1.0,False
bmm,-0.08929251,-0.14877725,0.9288494457336154,1.0,False
CG34256,-0.08939152,-0.1037424,0.9287707592868963,1.0,False
lncRNA:CR44074,-0.08963171,-0.1970774,0.9285798860751293,1.0,False
Obp57c,-0.089744255,-2.4230285,0.9284904444857568,1.0,False
Prx4,-0.09008964,-0.2096212,0.9282159781741816,1.0,False
Acsx2,-0.09037508,-1.7870914,0.9279891580357627,1.0,False
CG11035,-0.09042072,-0.17495555,0.927952891943248,1.0,False
Acbp1,-0.09052128,-0.12121306,0.9278729841320854,1.0,False
Sf3b1,-0.090565756,-0.17620364,0.9278376405245007,1.0,False
CG9717,-0.090988114,-1.3289702,0.9275020370247129,1.0,False
BomBc1,-0.09101596,-2.063417,0.9274799097739794,1.0,False
CG13667,-0.09102485,-0.31292403,0.9274728413584802,1.0,False
DNAlig3,-0.09105309,-0.22806953,0.9274504068602445,1.0,False
CG4757,-0.0916259,-1.4323392,0.9269952756146165,1.0,False
sona,-0.09164717,-0.31512153,0.9269783738329872,1.0,False
Usp30,-0.09179801,-0.17928891,0.9268585257816484,1.0,False
CG12129,-0.0920204,-0.23167016,0.9266818297593952,1.0,False
Tsp26A,-0.09268139,-0.21408392,0.926156679830326,1.0,False
CG4565,-0.09268874,-0.25258377,0.9261508415972335,1.0,False
CG15210,-0.09270962,-0.2549706,0.9261342487459466,1.0,False
GNBP2,-0.092902236,-1.4466858,0.925981227299415,1.0,False
lncRNA:CR46060,-0.09290456,-1.5429815,0.9259793836842114,1.0,False
Cyp6a20,-0.093040705,-0.16473189,0.9258712256216032,1.0,False
mael,-0.0932395,-0.2488214,0.925713292730246,1.0,False
PolA2,-0.09332846,-0.30212724,0.925642623317977,1.0,False
r,-0.09349361,-0.18466586,0.925511425573951,1.0,False
CG31103,-0.09479239,-1.1698114,0.9244797352822951,1.0,False
CG3663,-0.094801284,-0.4860149,0.9244726693464028,1.0,False
CG9444,-0.09481675,-1.6101149,0.9244603807764357,1.0,False
CG32373,-0.0954031,-0.55388904,0.9239946572890627,1.0,False
asRNA:CR45889,-0.095441386,-0.47042227,0.9239642448523204,1.0,False
BBS9,-0.09578948,-0.48652542,0.9236877732579327,1.0,False
DMAP1,-0.09600607,-0.19040728,0.923515751138442,1.0,False
l(3)72Dr,-0.09631316,-0.39936095,0.9232718544808046,1.0,False
CG9109,-0.09632129,-0.21741802,0.9232654039113553,1.0,False
frm,-0.09679663,-0.5007251,0.9228879008175999,1.0,False
CG1806,-0.09714472,-3.0443628,0.922611465300544,1.0,False
Nap1,-0.097212024,-0.0940874,0.9225580221778515,1.0,False
Nha2,-0.09729015,-0.92250276,0.9224959794509975,1.0,False
strat,-0.09782814,-0.1727867,0.9220687574586821,1.0,False
Poxn,-0.09791207,-0.2015917,0.9220021116236813,1.0,False
CG9752,-0.097926,-0.44990706,0.9219910552247448,1.0,False
IM33,-0.0980575,-0.44496867,0.9218866344230594,1.0,False
CG11275,-0.0983352,-0.26982287,0.9216661266857215,1.0,False
Nepl14,-0.099033706,-2.0019279,0.9211115057492517,1.0,False
lncRNA:CR42651,-0.09952336,-0.088894464,0.9207227411725382,1.0,False
eyg,-0.09965254,-1.667532,0.9206201792649865,1.0,False
Arl6,-0.0996947,-0.57624453,0.9205867087484841,1.0,False
CG14223,-0.10007606,-0.53592104,0.9202839451541178,1.0,False
Mlh1,-0.10007954,-0.45681491,0.9202811816450466,1.0,False
CG17005,-0.10026054,-1.0320097,0.9201374805007501,1.0,False
CG6908,-0.10026364,-1.1758801,0.9201350240935902,1.0,False
Wnt6,-0.10028221,-1.5120611,0.9201202856666352,1.0,False
CG42382,-0.10031817,-0.22090095,0.9200917300424978,1.0,False
lncRNA:CR44784,-0.10054405,-1.2537163,0.9199124153614899,1.0,False
CG13562,-0.10094049,-1.833823,0.919597703384125,1.0,False
CG30385,-0.10157402,-1.9371947,0.9190948044556865,1.0,False
CG16959,-0.10176624,-0.91882056,0.9189422218544193,1.0,False
VhaM9.7-c,-0.10183934,-0.1118742,0.9188841982679733,1.0,False
MetRS-m,-0.10208339,-0.21203063,0.9186904824401887,1.0,False
ninaG,-0.102784224,-0.9582774,0.9181342286740778,1.0,False
Lsp1beta,-0.102817096,-1.2876635,0.9181081360740893,1.0,False
asRNA:CR44806,-0.10355505,-0.43774772,0.9175224572096055,1.0,False
mbo,-0.103576325,-0.35588595,0.9175055750952534,1.0,False
CG14511,-0.103706665,-0.29286563,0.9174021345888882,1.0,False
TotX,-0.10390353,-20.36448,0.9172459021727644,1.0,False
Or67d,-0.10403929,-0.8405626,0.9171381681243526,1.0,False
Mul1,-0.10417234,-0.22381227,0.9170325840946127,1.0,False
CG30001,-0.104516566,-0.70332414,0.9167594229059787,1.0,False
Strn-Mlck,-0.10474515,-0.15731056,0.9165780370274899,1.0,False
CG15739,-0.104841456,-0.59746873,0.916501616865762,1.0,False
JhI-21,-0.10513153,-0.09374561,0.916271440320763,1.0,False
CG13280,-0.10515822,-2.7063575,0.9162502644309318,1.0,False
Hn,-0.105321825,-0.9647575,0.9161204483187805,1.0,False
CG8051,-0.10536282,-1.3548969,0.9160879179176373,1.0,False
CG8001,-0.10548852,-0.2036948,0.9159881793563004,1.0,False
CG44195,-0.10551907,-0.39227027,0.9159639354134476,1.0,False
CG14132,-0.10579445,-2.7845638,0.9157454365719587,1.0,False
Ect3,-0.105864845,-0.31157473,0.9156895853608985,1.0,False
CG17919,-0.10597082,-1.0904789,0.9156055024545734,1.0,False
CG33493,-0.106494896,-0.2483286,0.9151897049009332,1.0,False
CG5646,-0.10681243,-0.18432917,0.9149377827579833,1.0,False
nahoda,-0.107016645,-0.5568071,0.9147757715687089,1.0,False
toe,-0.107056096,-2.122135,0.9147444743604498,1.0,False
CG9338,-0.10712495,-0.38297036,0.9146898579803171,1.0,False
CG14820,-0.10725296,-1.1324475,0.9145882971310823,1.0,False
sxe2,-0.10730441,-1.5123479,0.914547489085813,1.0,False
CG9547,-0.10743784,-0.3548744,0.9144416346802824,1.0,False
RabX5,-0.10767996,-1.8202723,0.9142495665047021,1.0,False
Prx6b,-0.10768615,-1.8982475,0.9142446574795329,1.0,False
ScpX,-0.10784395,-0.24904054,0.9141194784435429,1.0,False
BBS8,-0.1083015,-1.497444,0.9137565326556647,1.0,False
Mhc,-0.10849953,-0.91458476,0.913599456026859,1.0,False
CG10444,-0.108529694,-0.27821532,0.9135755266802722,1.0,False
Polr1G,-0.10894509,-0.14595848,0.9132460459607115,1.0,False
CG17010,-0.10895089,-1.6767615,0.9132414443801296,1.0,False
CG7054,-0.10910985,-0.8152057,0.9131153622043808,1.0,False
CG2712,-0.109367825,-0.21803407,0.9129107517474481,1.0,False
CG32259,-0.10957707,-1.4730114,0.9127447975802963,1.0,False
TotA,-0.10991627,-0.5115943,0.9124757819986721,1.0,False
CG33178,-0.11017849,-1.0544508,0.9122678155937032,1.0,False
CG42395,-0.11020789,-1.390285,0.9122445040995479,1.0,False
CG17572,-0.11044111,-1.0113989,0.912059548475438,1.0,False
Liprin-beta,-0.1108596,-0.13182682,0.9117276831695081,1.0,False
CG3520,-0.111329526,-0.18902259,0.9113550431621545,1.0,False
lncRNA:CR42721,-0.1114939,-0.49327913,0.9112247004325496,1.0,False
SMC2,-0.11155617,-0.2921343,0.9111753241633659,1.0,False
Mettl1,-0.11191355,-0.2320748,0.9108919539529043,1.0,False
Mipp1,-0.11194565,-0.34799138,0.9108665002566035,1.0,False
Naa40,-0.11243144,-0.21924584,0.9104813326109047,1.0,False
Ccdc85,-0.11279113,-1.8236775,0.9101961503720628,1.0,False
png,-0.11319646,-6.0502872,0.9098747975868562,1.0,False
Trmt10A,-0.11332178,-0.30408254,0.9097754510430043,1.0,False
Est-6,-0.11349969,-0.6226555,0.9096344059044599,1.0,False
lncRNA:CR44598,-0.11359948,-0.35448968,0.9095552992253344,1.0,False
Cda9,-0.1136339,-0.4606937,0.9095280106951695,1.0,False
M7BP,-0.11366175,-0.23260473,0.9095059346589823,1.0,False
lncRNA:CR44171,-0.11422141,-0.7076858,0.9090622824900425,1.0,False
CG16978,-0.1144527,-2.6476967,0.9088789431503205,1.0,False
Gcst,-0.114461206,-3.011856,0.9088721983172773,1.0,False
lncRNA:CR32553,-0.114461206,-3.4422507,0.9088721983172773,1.0,False
Polr2M,-0.11460547,-0.2378115,0.9087578437391046,1.0,False
CG6695,-0.11480001,-0.22107294,0.9086036366722855,1.0,False
asRNA:CR45151,-0.1148619,-0.9226527,0.9085545854443152,1.0,False
lncRNA:CR46084,-0.115068436,-0.6654792,0.9083908794956548,1.0,False
MAN1,-0.11568688,-0.1973216,0.9079007046402126,1.0,False
lncRNA:CR44661,-0.11635793,-2.5137954,0.9073688785409071,1.0,False
aub,-0.116372235,-0.22992764,0.9073575374558636,1.0,False
CG2100,-0.11645036,-0.2810554,0.9072956215949259,1.0,False
CG7900,-0.11652617,-1.0451164,0.9072355453574209,1.0,False
Cpr49Ae,-0.11669326,-0.31386495,0.9071031343001098,1.0,False
CG13168,-0.11715815,-0.6613762,0.9067347263898888,1.0,False
CG10914,-0.11727612,-0.19602802,0.9066412483699768,1.0,False
Rpn7,-0.11737281,-0.21261933,0.9065646280065562,1.0,False
CG5131,-0.11749194,-0.27049452,0.9064702329144738,1.0,False
CG5359,-0.117497355,-0.20709865,0.9064659422598514,1.0,False
Cyp4p1,-0.11763659,-2.504562,0.9063556120789493,1.0,False
CG31473,-0.117995515,-0.62665296,0.9060712137288307,1.0,False
Fbxl7,-0.11820901,-1.2648138,0.9059020514553302,1.0,False
TrpRS-m,-0.1184461,-0.17964716,0.9057142005279911,1.0,False
CG31371,-0.11900421,-0.6805769,0.9052720209012414,1.0,False
ldd,-0.120163746,-1.6631902,0.9043534354446725,1.0,False
Nepl3,-0.12085065,-0.35493094,0.9038093303637055,1.0,False
SoYb,-0.1209605,-0.8581168,0.9037223267513593,1.0,False
CG6656,-0.121163934,-0.6359625,0.9035611893120344,1.0,False
CG32808,-0.12121885,-0.27109084,0.9035176890109154,1.0,False
vilya,-0.121851616,-4.5728974,0.9030165374489768,1.0,False
lncRNA:CR45010,-0.12202102,-1.1408569,0.9028823726138648,1.0,False
obst-E,-0.12208483,-0.35951966,0.9028318317853363,1.0,False
Cpr51A,-0.12223374,-0.36140385,0.9027139047171036,1.0,False
CG7365,-0.122482434,-3.73012,0.9025169559851736,1.0,False
CG32829,-0.122820474,-0.45586333,0.902249262353427,1.0,False
Dip-B,-0.12313956,-0.1569221,0.9019965869132178,1.0,False
ida,-0.1237027,-0.41965038,0.901550677283052,1.0,False
CG31036,-0.12446773,-0.6586483,0.9009449514891333,1.0,False
Obp8a,-0.12453271,-0.94632417,0.9008935072591785,1.0,False
CAH2,-0.124919474,-0.3308027,0.9005873002253985,1.0,False
Tmem186,-0.12524049,-0.19790857,0.9003331596207854,1.0,False
ecd,-0.12535034,-0.23103607,0.9002462030117857,1.0,False
CG9631,-0.12564969,-2.2158985,0.9000092217146946,1.0,False
sll,-0.12591541,-0.31018072,0.8997988853167445,1.0,False
CG14246,-0.12593049,-0.57711554,0.8997869450334831,1.0,False
CG6574,-0.12623334,-0.2852742,0.8995472256873759,1.0,False
CG6724,-0.12684521,-0.21877077,0.8990629164999774,1.0,False
CG4553,-0.12699488,-0.32634765,0.8989444470852973,1.0,False
wb,-0.12705252,-0.45194197,0.8988988354303054,1.0,False
CG15143,-0.12818536,-1.8271282,0.8980022823698519,1.0,False
CG34183,-0.12910897,-0.2553023,0.8972714231374047,1.0,False
CG17777,-0.12934104,-0.55309176,0.897087803839254,1.0,False
Jasper,-0.1293507,-0.20032634,0.8970801531546995,1.0,False
CG34227,-0.12987942,-20.62579,0.8966618283090646,1.0,False
Cyt-b5-r,-0.1302337,-0.7894629,0.8963815330665096,1.0,False
D12,-0.13025768,-0.23182316,0.8963625615846802,1.0,False
Ada2a,-0.13038068,-0.2673205,0.8962652571740475,1.0,False
CG17292,-0.130383,-0.32534593,0.8962634212567648,1.0,False
dpy,-0.13049632,-0.606343,0.8961737679722236,1.0,False
CG31207,-0.1305083,-3.870867,0.8961642825486665,1.0,False
a10,-0.13050985,-4.5144773,0.8961630586241274,1.0,False
asRNA:CR45800,-0.13051373,-6.0063314,0.8961599988138607,1.0,False
CG13870,-0.13064058,-0.98181367,0.896059637893555,1.0,False
CG14780,-0.13067384,-1.1994971,0.8960333240249763,1.0,False
CG2121,-0.13068235,-1.12116,0.896026592588594,1.0,False
CG14439,-0.13081695,-0.7042288,0.8959201144999631,1.0,False
Ipk2,-0.13105056,-0.27417657,0.8957353121543601,1.0,False
CG43117,-0.1314033,-0.63531023,0.8954562835748798,1.0,False
rt,-0.13168293,-0.179748,0.8952350891856846,1.0,False
CG18473,-0.13172702,-0.6300803,0.8952002128050214,1.0,False
CG10581,-0.13191383,-0.32382235,0.8950524493349615,1.0,False
bero,-0.13324703,-0.27067325,0.8939980197849694,1.0,False
CG16890,-0.13378425,-0.19124979,0.8935731806471605,1.0,False
CG10418,-0.1337947,-0.18089098,0.893564922737114,1.0,False
Spn47C,-0.13382795,-1.0621479,0.8935386198412806,1.0,False
CG13931,-0.13390608,-1.4245137,0.893476839081373,1.0,False
Smn,-0.13425882,-0.20020859,0.8931979161775799,1.0,False
CG17652,-0.1343091,-0.31333384,0.8931581585051488,1.0,False
CG5913,-0.13431142,-0.25525254,0.893156323542133,1.0,False
Spase22-23,-0.1351979,-0.19339392,0.8924554095988056,1.0,False
Pgm2a,-0.13528144,-0.21397996,0.8923893592043184,1.0,False
Elp4,-0.13540366,-0.34413496,0.8922927312684872,1.0,False
CG18420,-0.13613427,-0.5663111,0.8917151375455723,1.0,False
Acn,-0.13664597,-0.03922068,0.8913106420901087,1.0,False
CG9812,-0.13702616,-1.0322385,0.8910101169112854,1.0,False
lncRNA:CR44832,-0.13721761,-0.1773869,0.8908587902174195,1.0,False
Tsp42Eg,-0.13770185,-0.5150594,0.8904760584363138,1.0,False
Stip1,-0.13791263,-0.21620561,0.8903094619140506,1.0,False
Nup133,-0.13817835,-0.41428745,0.8900994654925283,1.0,False
CG30414,-0.13852142,-0.5061949,0.8898283461471976,1.0,False
Hibadh,-0.13872834,-0.7382561,0.8896648249224148,1.0,False
boss,-0.13889155,-0.8069738,0.8895358451366583,1.0,False
NC2alpha,-0.13903892,-0.21457386,0.8894193990737819,1.0,False
CG32816,-0.13916036,-0.7176869,0.8893234321957986,1.0,False
lncRNA:CR33963,-0.13927446,-0.5110361,0.8892332737084199,1.0,False
asRNA:CR44370,-0.13939822,-0.56441784,0.8891354762912476,1.0,False
GstO1,-0.13957265,-0.4654238,0.8889976459214992,1.0,False
CG34030,-0.14006579,-0.6506828,0.8886080106032719,1.0,False
Nepl15,-0.14032106,-0.52878875,0.8884063275918435,1.0,False
meso18E,-0.14042665,-3.000718,0.8883229062757209,1.0,False
Hsf,-0.14097664,-0.1469046,0.8878884020794244,1.0,False
Akh,-0.14099596,-1.3507862,0.8878731247664357,1.0,False
ea,-0.14099945,-0.34302962,0.8878703748545214,1.0,False
Egfr,-0.14105824,-0.4096992,0.8878239321016582,1.0,False
CG12256,-0.1417053,-2.9493785,0.8873127817583695,1.0,False
CG3036,-0.14200157,-0.38530046,0.8870787620239806,1.0,False
Mlc2,-0.14212301,-0.8545023,0.8869828351072782,1.0,False
asRNA:CR46104,-0.1421648,-0.42281887,0.886949841518534,1.0,False
Rrp46,-0.1421965,-0.28044745,0.8869247909616347,1.0,False
Phf7,-0.14297546,-2.5646205,0.8863095603676565,1.0,False
so,-0.14307602,-0.33008876,0.8862301413442408,1.0,False
CG1792,-0.14349721,-0.18117274,0.8858975102442183,1.0,False
GNBP-like3,-0.14359236,-2.0927908,0.8858223732180224,1.0,False
aru,-0.14391145,-0.4837716,0.885570396786525,1.0,False
CG15211,-0.14428855,-0.6968283,0.8852726213777032,1.0,False
Myo28B1,-0.14456703,-0.64219564,0.8850527360887799,1.0,False
CG14451,-0.14512049,-1.3873874,0.8846157403734817,1.0,False
CG15892,-0.14538543,-1.009199,0.8844065689540738,1.0,False
baz,-0.14566584,-0.2136986,0.8841851919216771,1.0,False
Ada1-1,-0.1458364,-0.6118037,0.8840505380382309,1.0,False
Psat,-0.14640225,-0.27487487,0.8836038531314797,1.0,False
bru2,-0.14713557,-0.10079317,0.8830250192183996,1.0,False
flap,-0.1479648,-1.1001071,0.882370548106882,1.0,False
CG11679,-0.1490903,-0.38554338,0.8814823786345859,1.0,False
pie,-0.14919937,-0.54244727,0.8813963165061205,1.0,False
Lfg,-0.14925817,-1.150399,0.8813499289893195,1.0,False
mRpL46,-0.14992572,-0.24102321,0.8808232151198552,1.0,False
Fen1,-0.15130378,-0.34618896,0.8797360811076189,1.0,False
Jhbp3,-0.15288684,-2.0715802,0.8784875146199765,1.0,False
polybromo,-0.15326162,-0.19959912,0.8781919660388795,1.0,False
c(3)G,-0.1533061,-0.27162704,0.8781568917399644,1.0,False
CG4404,-0.15335445,-0.16737852,0.8781187677732802,1.0,False
Saf6,-0.15369055,-0.20087096,0.8778537377745617,1.0,False
CalpC,-0.15417324,-2.366163,0.8774731432738694,1.0,False
eIF2Bepsilon,-0.1551537,-0.24113958,0.876700147978255,1.0,False
CG5013,-0.15581547,-0.31126824,0.8761784806886291,1.0,False
CG10560,-0.15602896,-1.3959857,0.8760101927123868,1.0,False
CG14252,-0.15608929,-0.21939565,0.875962634082601,1.0,False
lncRNA:CR45883,-0.15636584,-0.40013328,0.8757446627629027,1.0,False
Osi2,-0.15683113,-1.2359595,0.8753779434849615,1.0,False
Best2,-0.15710999,-0.72949064,0.8751581686078083,1.0,False
Mrgn1,-0.15790944,-0.17643553,0.8745281600777286,1.0,False
Cpr73D,-0.1585654,-1.3593895,0.8740112893819553,1.0,False
CG10469,-0.1586652,-0.6533426,0.8739326663519852,1.0,False
Cpr49Af,-0.15902953,-2.8104172,0.8736456114459158,1.0,False
CG6845,-0.15916605,-0.45753378,0.8735380463204206,1.0,False
kto,-0.15924767,-0.12845102,0.873473752134816,1.0,False
yuri,-0.15933159,-0.55345917,0.8734076305500725,1.0,False
CG8586,-0.15942867,-0.8870358,0.873331150004262,1.0,False
IntS9,-0.1608516,-0.44157904,0.8722102825007105,1.0,False
Fitm,-0.16146773,-0.2773214,0.8717250284566627,1.0,False
AIF,-0.1617346,-0.22603554,0.8715148580615568,1.0,False
CG40486,-0.16187693,-0.73532593,0.8714027708923752,1.0,False
Ak6,-0.16191754,-0.2494065,0.8713707899724434,1.0,False
Brca2,-0.16206412,-0.20808083,0.8712553558303222,1.0,False
Ets98B,-0.16224822,-0.7363508,0.8711103817427629,1.0,False
CG17118,-0.16241531,-1.293875,0.8709788123695852,1.0,False
lncRNA:CR45237,-0.16243775,-0.59597903,0.870961148234779,1.0,False
CG4611,-0.1626733,-0.32628006,0.8707756787070929,1.0,False
PolZ2,-0.1626934,-0.29220262,0.8707598425576966,1.0,False
Obp69a,-0.16371796,-1.37233,0.8699531812557731,1.0,False
Hpd,-0.16406219,-1.6980026,0.8696821928706538,1.0,False
CG3301,-0.16480401,-0.8287582,0.8690982497441877,1.0,False
CG7840,-0.16538687,-0.19730964,0.8686394873515354,1.0,False
Scot,-0.1662482,-0.31595552,0.8679616228693863,1.0,False
Pex14,-0.16704032,-0.21522199,0.8673383288890772,1.0,False
Smyd4-1,-0.1671749,-0.50752854,0.8672324257936203,1.0,False
CG12948,-0.16717878,-0.23361573,0.8672293826364342,1.0,False
CG5902,-0.16831473,-0.23571037,0.8663356927131818,1.0,False
CG44836,-0.16850579,-1.3882966,0.8661853918576466,1.0,False
Tsp42El,-0.16897224,-0.7729577,0.8658184833856023,1.0,False
Npc2h,-0.17022885,-2.4268212,0.8648301651168242,1.0,False
Spx,-0.17026907,-0.2697905,0.8647985326816137,1.0,False
asRNA:CR43480,-0.17036112,-1.039001,0.8647261438855389,1.0,False
TotC,-0.17081596,-1.8356676,0.864368474743671,1.0,False
QC,-0.17184478,-0.640867,0.8635595638306335,1.0,False
CG5886,-0.17193258,-0.23345917,0.8634905393219922,1.0,False
Exo70,-0.17292774,-0.20924598,0.8627082331613598,1.0,False
Ptx1,-0.17313853,-0.13233617,0.8625425462317542,1.0,False
Tap42,-0.17380299,-0.22024316,0.8620202919949901,1.0,False
Gbp1,-0.17385212,-0.9040574,0.8619816876993103,1.0,False
Fgop2,-0.17426054,-0.20138462,0.8616607072759102,1.0,False
CG5323,-0.17525145,-0.27534693,0.860882060045587,1.0,False
CG43897,-0.17732029,-0.8665462,0.8592568199083199,1.0,False
Ns1,-0.17790972,-0.24302758,0.8587938765743008,1.0,False
CG1103,-0.17823616,-0.28649983,0.8585375167593597,1.0,False
Or13a,-0.17826517,-0.7075833,0.858514736691319,1.0,False
CG4000,-0.17881824,-1.6455274,0.8580804192835781,1.0,False
lncRNA:CR43461,-0.18028334,-0.34425354,0.8569301416586577,1.0,False
lncRNA:CR44441,-0.1807227,-0.8266624,0.8565852389400643,1.0,False
lncRNA:CR45456,-0.18078884,-2.0552645,0.8565333237351881,1.0,False
CG14830,-0.18112881,-1.6809552,0.8562664711674997,1.0,False
CG9706,-0.18183969,-0.2596792,0.8557085322465695,1.0,False
Jhbp13,-0.18202263,-1.7395723,0.8555649611451566,1.0,False
PGRP-LA,-0.18285845,-0.28777137,0.8549090872531027,1.0,False
CG13367,-0.1831787,-0.1776223,0.8546578118071232,1.0,False
Faa,-0.18408296,-0.9071794,0.8539483721460325,1.0,False
Rab9,-0.18450107,-0.1217867,0.8536203948069366,1.0,False
AsnRS-m,-0.18546915,-0.3105488,0.852861077317644,1.0,False
Pfdn4,-0.18647282,-0.14062352,0.8520739943763131,1.0,False
slp2,-0.18675478,-0.12735648,0.851852909683215,1.0,False
CG5793,-0.18732797,-0.24213569,0.8514034976947966,1.0,False
AIMP2,-0.18770854,-0.23937094,0.8511051293370417,1.0,False
CG2772,-0.18830572,-0.86032426,0.8506370008257342,1.0,False
IntS1,-0.18830688,-0.12218613,0.8506360913007971,1.0,False
CG18507,-0.18833241,-1.1452241,0.8506160818024582,1.0,False
SPE,-0.18881007,-2.1065538,0.8502416793990704,1.0,False
CG6503,-0.19120921,-0.42971185,0.8483616912678321,1.0,False
Mettl4,-0.1919081,-0.3021245,0.8478141924008429,1.0,False
Sas-6,-0.19224885,-0.35249364,0.8475472868025191,1.0,False
Ndc80,-0.1930046,-2.7640607,0.8469553701926625,1.0,False
grh,-0.19328074,-1.7487216,0.8467391028383713,1.0,False
beta4GalNAcTB,-0.19355962,-0.263534,0.8465207269292762,1.0,False
DNAlig4,-0.1938787,-0.31053913,0.8462708660431884,1.0,False
Tsp,-0.19414866,-0.77706957,0.8460594806603884,1.0,False
ND-B12,-0.19504094,0.0067181187,0.8453608975622634,1.0,False
Clk,-0.19585161,-0.3443893,0.8447263127945391,1.0,False
Crg-1,-0.19618113,-2.241405,0.8444683901292752,1.0,False
IntS8,-0.19713259,-0.41219467,0.8437237775084059,1.0,False
lncRNA:CR44517,-0.19727106,-0.9824247,0.8436154268087181,1.0,False
ppl,-0.19757041,-0.20480531,0.8433811815041978,1.0,False
CG7988,-0.19799355,-0.25113544,0.8430501142300832,1.0,False
snRNP-U1-70K,-0.19802758,-0.14748253,0.8430234847945481,1.0,False
mRpL50,-0.19884908,-0.20177767,0.8423808015704165,1.0,False
D2hgdh,-0.19901617,-0.275462,0.8422500991717535,1.0,False
CIAPIN1,-0.20014824,-0.21498087,0.8413646445700218,1.0,False
Ns2,-0.20065917,-0.18906644,0.8409650909588803,1.0,False
Tmem131,-0.20076205,-0.21797827,0.8408846407544411,1.0,False
CG13901,-0.20239887,-0.24439554,0.8396049202118516,1.0,False
mRRF2,-0.20240001,-0.292994,0.8396040131875155,1.0,False
atilla,-0.20250444,-0.9488691,0.8395223818696907,1.0,False
CG7203,-0.20265955,-0.9498966,0.8394011474318253,1.0,False
CG34134,-0.20427933,-0.28430426,0.838135216505239,1.0,False
Sgf11,-0.2049496,-0.17588606,0.837611494923507,1.0,False
RhoGEF64C,-0.20572779,-1.4751216,0.8370035483557441,1.0,False
CG34174,-0.20618185,-0.3826301,0.8366488570758234,1.0,False
GstD2,-0.20641664,-1.4326122,0.8364654820128767,1.0,False
CG6398,-0.20670903,-1.7835826,0.8362371063878081,1.0,False
tsl,-0.20852298,-1.0150337,0.8348206408247771,1.0,False
Optix,-0.20894766,-0.11402824,0.834489102014176,1.0,False
snama,-0.20936692,-0.16132922,0.8341618193315636,1.0,False
DNAlig1,-0.20978153,-0.5173696,0.8338381879562952,1.0,False
Atac3,-0.2101014,-0.19924651,0.8335885400719433,1.0,False
Pex16,-0.21013851,-0.27103013,0.8335595614763758,1.0,False
Mtap,-0.21040462,-0.29587704,0.8333518881604163,1.0,False
lncRNA:CR43825,-0.21077012,-0.41210166,0.8330666581575122,1.0,False
CG7914,-0.2108231,-0.41993058,0.8330253091755851,1.0,False
CG30480,-0.21149802,-1.3487152,0.8324986782852832,1.0,False
dnd,-0.21236478,-0.2993136,0.8318224677529265,1.0,False
hay,-0.21257053,-0.20064422,0.8316619576774414,1.0,False
DCTN4-p62,-0.2127117,-0.24801059,0.8315518373437775,1.0,False
lncRNA:CR46271,-0.2131267,-0.45062247,0.8312281328893931,1.0,False
lncRNA:CR44233,-0.21324274,-0.8769843,0.8311376335011517,1.0,False
CG42365,-0.213247,-0.24010727,0.8311343152327992,1.0,False
CG3008,-0.21366896,-0.18811758,0.8308052183102485,1.0,False
CG7386,-0.21404684,-0.34408167,0.8305105343307453,1.0,False
Mtk,-0.21433227,-0.7374998,0.8302879536337344,1.0,False
Mybbp1A,-0.21468887,-0.31519228,0.8300098976967399,1.0,False
asRNA:CR45209,-0.21474767,-1.9262793,0.8299640597154444,1.0,False
CG2767,-0.21499868,-0.35880235,0.829768350110197,1.0,False
CG10799,-0.21529184,-0.5629395,0.8295397843133162,1.0,False
Reg-2,-0.21535954,-1.8072429,0.8294870172140174,1.0,False
chp,-0.21547402,-0.9406371,0.829397767185494,1.0,False
CG1648,-0.21560939,-0.09750434,0.8292922378979899,1.0,False
CG7006,-0.21582057,-0.32514298,0.8291276183603831,1.0,False
wcd,-0.21667533,-0.32193497,0.8284613778988914,1.0,False
asRNA:CR44031,-0.21691048,-0.47610906,0.828278108026673,1.0,False
CG42302,-0.21695264,-0.69568986,0.8282452530670639,1.0,False
Ldh,-0.21718238,-0.47294408,0.8280662138905586,1.0,False
phyl,-0.21733941,-0.10134583,0.827943845451002,1.0,False
Alr,-0.21884704,-0.26523957,0.8267692008163878,1.0,False
CG1236,-0.21921834,-0.35225084,0.8264799685373331,1.0,False
CG13737,-0.21953201,-0.47013247,0.8262356458608655,1.0,False
CG4328,-0.2195529,-0.2850074,0.8262193783636399,1.0,False
Act79B,-0.22035584,-0.4569278,0.825594040092372,1.0,False
CG3815,-0.22049585,-0.21460003,0.825485008801203,1.0,False
pont,-0.22101372,-0.2132348,0.8250817427675838,1.0,False
CstF50,-0.22153394,-0.30288726,0.8246767161825931,1.0,False
CG8142,-0.2215641,-0.7123313,0.8246532290828651,1.0,False
asRNA:CR44381,-0.22283193,-2.7417111,0.8236663108463426,1.0,False
CG33158,-0.22319743,-0.29748458,0.8233818482915743,1.0,False
lncRNA:CR44092,-0.22602434,-0.28961867,0.8211824900617581,1.0,False
CG9886,-0.2260545,-0.31568763,0.8211590265529817,1.0,False
wde,-0.22626646,-0.09458345,0.8209941848754223,1.0,False
Aprt,-0.22656736,-0.26389632,0.8207601714021437,1.0,False
dgt4,-0.22786614,-1.7179878,0.8197503068189752,1.0,False
CG42489,-0.228724,-0.26154593,0.8190834427037539,1.0,False
CG33172,-0.22929874,-0.6309672,0.8186367349485781,1.0,False
icln,-0.23114556,-0.24021304,0.8172017172251932,1.0,False
meng,-0.23153079,-0.1481574,0.8169024691070983,1.0,False
fh,-0.23197441,-0.25983912,0.8165578861191818,1.0,False
CG15317,-0.23219952,-0.35586274,0.8163830546028715,1.0,False
CG32333,-0.23261529,-0.13030477,0.8160601510072416,1.0,False
CG3434,-0.23262845,-0.28862634,0.8160499387515447,1.0,False
CG2909,-0.23273171,-0.25885427,0.8159697435943503,1.0,False
Rad9,-0.23380074,-0.45851865,0.8151396719185076,1.0,False
CG10062,-0.23524494,-1.6620439,0.8140186239199341,1.0,False
CG18476,-0.23566808,-0.19144914,0.8136902474998952,1.0,False
Dtwd2,-0.23745495,-0.33632416,0.8123038642392635,1.0,False
CG12071,-0.2376553,-0.10513989,0.8121484578577279,1.0,False
CG31381,-0.2389475,-0.57081634,0.811146294721666,1.0,False
CG13097,-0.23913547,-0.2599019,0.8110005403691836,1.0,False
P5CS,-0.23986453,-1.0145019,0.8104352794466079,1.0,False
CG3163,-0.24005134,-0.19858372,0.8102904566030129,1.0,False
CG17121,-0.24021068,-1.1801807,0.8101669275498876,1.0,False
CG17549,-0.24050076,-1.0113618,0.8099420688408084,1.0,False
asRNA:CR44843,-0.24050386,-0.37096664,0.8099396704324335,1.0,False
CG13601,-0.24107164,-0.19806638,0.8094995927306863,1.0,False
CG4942,-0.24209967,-0.38539833,0.8087029296437425,1.0,False
Dso2,-0.2422304,-0.66264987,0.8086016375437808,1.0,False
Vha36-3,-0.24330291,-2.011344,0.807770744021395,1.0,False
CG10949,-0.24356012,-0.20524207,0.8075715175816756,1.0,False
stops,-0.24365024,-0.43173078,0.8075017163823682,1.0,False
CG8004,-0.24560033,-0.1809834,0.8059916306968227,1.0,False
lncRNA:CR44828,-0.24599677,-0.46808803,0.805684730101637,1.0,False
nbs,-0.24637233,-0.21012536,0.8053940255321451,1.0,False
CG30050,-0.24683723,-2.4848099,0.8050341998748722,1.0,False
Galk,-0.24728587,-0.2841744,0.8046869863101345,1.0,False
ear,-0.24778442,-0.18139894,0.8043012053886625,1.0,False
Atg4a,-0.24833016,-0.19909467,0.8038789660907167,1.0,False
CG8545,-0.24849647,-0.21316344,0.803750300708213,1.0,False
GV1,-0.24892579,-1.3009065,0.803418189075803,1.0,False
mRpL51,-0.25051346,-0.2574461,0.8021902832013881,1.0,False
CG42299,-0.25173452,-5.5151896,0.801246279317851,1.0,False
lncRNA:CR43870,-0.25173682,-0.57116795,0.8012444854779378,1.0,False
PIP82,-0.2522033,-0.85286385,0.8008839449418106,1.0,False
Lsp2,-0.25297913,-3.4792795,0.800284333849299,1.0,False
CG4119,-0.25411275,-0.15377475,0.7994084437758607,1.0,False
Polr1F,-0.255159,-0.28051138,0.7986003146009599,1.0,False
Gp150,-0.25578478,-0.33058235,0.798117033911083,1.0,False
Arc2,-0.25642526,-0.19542146,0.7976224830945506,1.0,False
CG9377,-0.2566987,-0.47901273,0.7974113680717398,1.0,False
jagn,-0.25714466,-0.19041125,0.797067106201945,1.0,False
beag,-0.2579271,-0.20212772,0.7964631758195764,1.0,False
CG3386,-0.2590584,-0.24973743,0.7955901850864998,1.0,False
Eglp4,-0.2625115,-0.44026074,0.7929271352242917,1.0,False
CG32099,-0.26297173,-0.24627876,0.7925723628156887,1.0,False
CG8401,-0.26338482,-0.34232825,0.7922539985899527,1.0,False
CG16734,-0.26366368,-0.38710386,0.7920390925085367,1.0,False
Trmt6,-0.2644194,-0.46920082,0.791456749682805,1.0,False
BomBc2,-0.26563698,-1.4783826,0.7905188086708703,1.0,False
CG11307,-0.26577854,-0.33487776,0.7904097792776755,1.0,False
CG2694,-0.26598197,-0.52360255,0.7902530939459878,1.0,False
MED30,-0.26665726,-0.275387,0.7897330547797871,1.0,False
prom,-0.26670486,-2.2532015,0.7896964232462382,1.0,False
CG31075,-0.26739174,-0.34498087,0.7891675514830289,1.0,False
Cyp6d5,-0.26763812,-1.5255051,0.7889778840828295,1.0,False
alpha-Man-Ib,-0.2676621,-0.18195009,0.7889594241872231,1.0,False
CG4607,-0.26798043,-0.26447773,0.788714395188957,1.0,False
mus81,-0.2696536,-0.502061,0.7874267740853258,1.0,False
Unc50,-0.26982647,-0.25108328,0.7872937589085386,1.0,False
Tfb4,-0.27140218,-0.544816,0.7860817325359412,1.0,False
CG14259,-0.27176225,-1.6428304,0.7858048300789731,1.0,False
Rpe,-0.2722279,-0.36548987,0.7854467708441505,1.0,False
ppk8,-0.27273768,-0.795452,0.7850548610309427,1.0,False
CG14742,-0.27304557,-1.5453714,0.7848181952963177,1.0,False
spoon,-0.273541,-0.15128435,0.7844373717393428,1.0,False
CG10053,-0.27430063,-0.26955494,0.783853601990691,1.0,False
Caf1-105,-0.27508616,-0.39599848,0.7832500454116058,1.0,False
Tmem208,-0.27688,-0.21584275,0.7818722505908584,1.0,False
CG3368,-0.27695698,-0.2272976,0.7818131496182406,1.0,False
Cyt-b5,-0.27696508,-0.11782649,0.7818069129056674,1.0,False
CG6429,-0.27786627,-1.7857993,0.7811150220178308,1.0,False
CG14074,-0.2779823,-0.21508883,0.7810259499314101,1.0,False
firl,-0.27910122,-0.2878826,0.7801671457100725,1.0,False
CG15394,-0.27916503,-0.42790473,0.7801181725545431,1.0,False
CG32095,-0.27949378,-0.3533145,0.77986590043003,1.0,False
Snrnp65,-0.27966747,-0.56307155,0.7797326507443512,1.0,False
Achl,-0.28036404,-1.1122422,0.7791982332280081,1.0,False
GlnRS,-0.2804758,-0.28796142,0.7791124868793993,1.0,False
prel,-0.28157383,-0.14345837,0.7782702981658824,1.0,False
CG31457,-0.28168175,-0.32875112,0.778187546913151,1.0,False
Cpr62Bb,-0.28264093,-1.2503153,0.7774520908722413,1.0,False
east,-0.2847759,-0.030886846,0.775815824688246,1.0,False
Dpm1,-0.28502965,-0.26163688,0.7756214358506852,1.0,False
kz,-0.2860689,-0.3631101,0.7748253588971924,1.0,False
Pih1D1,-0.2870068,-0.2040742,0.7741071077604716,1.0,False
sas,-0.28717119,-0.986958,0.7739812485881272,1.0,False
Rpp25,-0.2890652,-0.23479424,0.7725314841751855,1.0,False
CG3552,-0.28970453,-0.5922033,0.7720422898702194,1.0,False
CG9150,-0.28971884,-1.6778898,0.7720313410034207,1.0,False
CG31262,-0.2898488,-0.70750076,0.7719319155343815,1.0,False
Rnb,-0.2901698,-0.27402583,0.7716863270080717,1.0,False
Hsdl2,-0.2912543,-0.2855488,0.7708568213503442,1.0,False
CG14787,-0.29207042,-1.5223264,0.7702327939898443,1.0,False
Obp83a,-0.29324192,-0.6190495,0.7693372347050959,1.0,False
CG14561,-0.29504815,-0.33015049,0.7679570976977139,1.0,False
Tbc1d15-17,-0.29508683,-0.15143786,0.7679275524693353,1.0,False
sls,-0.29649234,-0.9777984,0.7668541079719298,1.0,False
CG7675,-0.29709417,-1.7255566,0.7663946189491069,1.0,False
sofe,-0.2972597,-1.1999236,0.7662682443367961,1.0,False
Boh1,-0.29763255,-0.32494026,0.7659836289723161,1.0,False
Npc2b,-0.29818487,-0.7196653,0.7655620783740454,1.0,False
CG14778,-0.30036703,-1.7754493,0.7638972203168304,1.0,False
Sodh1,-0.30096805,-1.5997126,0.7634388527024789,1.0,False
Tspo,-0.30195394,-0.21565518,0.7626871796328081,1.0,False
Ski6,-0.3024583,-0.27950862,0.7623027303227676,1.0,False
mdlc,-0.3054925,-0.4307976,0.7599910839196503,1.0,False
AANATL2,-0.30558726,-0.18639071,0.7599189253984363,1.0,False
ImpL2,-0.30599645,-0.26578107,0.7596073423981438,1.0,False
CG32281,-0.30714324,-0.34609488,0.7587343523057858,1.0,False
MED16,-0.30862612,-0.20698215,0.7576059569815945,1.0,False
Rh4,-0.30990246,-1.430617,0.7566351380561193,1.0,False
BHD,-0.31051472,-0.34256905,0.7561695753270214,1.0,False
CG2906,-0.31060407,-0.27984044,0.7561016452684416,1.0,False
Usp5,-0.31188154,-0.30353966,0.7551305400704281,1.0,False
feo,-0.31195232,-1.4584414,0.7550767480819902,1.0,False
Alg7,-0.31227103,-0.3541837,0.7548345518788603,1.0,False
nop5,-0.31325576,-0.3134112,0.7540863650238612,1.0,False
Ids,-0.31365722,-0.49940914,0.7537813966576803,1.0,False
asRNA:CR44841,-0.31365955,-1.171885,0.7537796339463365,1.0,False
ninaB,-0.31383744,-0.20415659,0.7536444965638758,1.0,False
CG9890,-0.31487516,-0.3038133,0.7528564435638807,1.0,False
Dro,-0.31527352,-1.2193639,0.7525539794514556,1.0,False
Psf3,-0.31594187,-0.36109057,0.7520466298566716,1.0,False
csul,-0.31629306,-0.41600063,0.7517800793542312,1.0,False
Elp2,-0.31640407,-0.45469517,0.7516958344157876,1.0,False
CG4872,-0.31691498,-1.5712665,0.7513081110355293,1.0,False
spict,-0.31723174,-0.20463374,0.7510677599285865,1.0,False
CG6409,-0.3173764,-2.5704582,0.7509580105556612,1.0,False
Hpf1,-0.31930754,-0.21647832,0.7494933105231155,1.0,False
CG11089,-0.32016966,-0.43091318,0.7488397230360339,1.0,False
Rift,-0.32022303,-0.21035968,0.7487992645943734,1.0,False
Bub3,-0.3203998,-0.24506944,0.7486652875907644,1.0,False
Pus1,-0.32158136,-0.28997433,0.7477698595838909,1.0,False
CCT7,-0.32256764,-0.25754973,0.7470227087460823,1.0,False
CG34398,-0.32264498,-1.3322924,0.7469641187228302,1.0,False
opm,-0.32366103,-0.20776664,0.7461946746298203,1.0,False
CG1635,-0.324498,-0.21164021,0.7455610325029025,1.0,False
tex,-0.32801646,-0.313883,0.7428992212372718,1.0,False
CG6788,-0.32839045,-1.0089097,0.7426164539606264,1.0,False
CG6836,-0.32991433,-0.5066752,0.7414646902071635,1.0,False
beta-PheRS,-0.3300377,-0.37204403,0.7413714635694556,1.0,False
CG15914,-0.3303541,-0.9252717,0.7411324232723429,1.0,False
CG12177,-0.3305587,-0.19674653,0.740977849388331,1.0,False
Acat2,-0.3309679,-0.23561394,0.7406687329878083,1.0,False
Rh5,-0.33151826,-1.1931555,0.7402530403749353,1.0,False
CG14710,-0.33215994,-0.32338664,0.7397685022289087,1.0,False
Mcm6,-0.3325908,-1.0573916,0.7394431982044846,1.0,False
CG42391,-0.3328074,-0.60652477,0.7392796877513228,1.0,False
CG9512,-0.33306614,-0.45678422,0.7390843666072311,1.0,False
Ptp61F,-0.3334297,-0.21409465,0.738809952785453,1.0,False
Obp19d,-0.33362928,-1.7649566,0.7386593312523447,1.0,False
asRNA:CR45714,-0.3346929,-2.2768292,0.7378567694881943,1.0,False
temp,-0.3347215,-0.14930823,0.7378351772238136,1.0,False
Tango2,-0.33494002,-0.52078676,0.7376703241875358,1.0,False
Pph13,-0.33560026,-1.6689157,0.7371723370972451,1.0,False
Npc2g,-0.3365486,-1.3595634,0.7364572025283643,1.0,False
msl-2,-0.33718523,-0.279323,0.7359772687247801,1.0,False
IntS2,-0.33828133,-0.38664025,0.735151184306486,1.0,False
Diap2,-0.3387938,-0.16159004,0.734765064243979,1.0,False
Iru,-0.33980522,-0.2146428,0.7340032202982082,1.0,False
park,-0.3400837,-0.22578906,0.7337935042270347,1.0,False
CG5577,-0.3411914,-0.48639366,0.7329594970611928,1.0,False
koi,-0.34181178,-0.1558141,0.7324925440723142,1.0,False
CG5916,-0.34250447,-0.21633051,0.7319712690529998,1.0,False
Taf5,-0.3425215,-0.23164412,0.7319584642986142,1.0,False
CG4332,-0.3435685,-0.37125045,0.7311708245650423,1.0,False
Sap-r,-0.3438609,-0.14018655,0.7309509062990497,1.0,False
CG4622,-0.3458659,-0.23428898,0.7294434918316343,1.0,False
e,-0.34688118,-0.2760976,0.7286805869943042,1.0,False
mad2,-0.34735498,-0.85875356,0.7283246566265089,1.0,False
CG33998,-0.3481169,-0.8583976,0.7277523853502519,1.0,False
CG30349,-0.34838766,-0.37049198,0.7275490767572557,1.0,False
Vps52,-0.348436,-0.29129705,0.7275127736688279,1.0,False
CG32625,-0.34887692,-3.7791278,0.7271817177326179,1.0,False
Art7,-0.35071445,-0.44858798,0.7258025765588509,1.0,False
CG15651,-0.35130817,-0.17648369,0.7253571797194179,1.0,False
Rrp4,-0.35231182,-0.37679625,0.7246044237439395,1.0,False
bdl,-0.353225,-0.18795584,0.7239197775405442,1.0,False
CG13319,-0.3536195,-0.24350876,0.7236240647322156,1.0,False
CG7168,-0.353681,-0.24708067,0.7235779720391311,1.0,False
Echs1,-0.3561014,-0.25110024,0.7217646309801893,1.0,False
Grip128,-0.35744232,-0.46460152,0.7207606922435886,1.0,False
CG1647,-0.35754907,-0.16901955,0.7206807916121105,1.0,False
Nsun6,-0.35916385,-0.27416557,0.7194725222375091,1.0,False
CG14823,-0.3592056,-1.3252814,0.7194412756905783,1.0,False
Phax,-0.3597177,-0.30451325,0.7190582542894316,1.0,False
CG1636,-0.3606065,-0.1617216,0.7183936309049916,1.0,False
Surf1,-0.36075965,-0.27929035,0.7182791220050366,1.0,False
AstA-R2,-0.3617498,-1.3342246,0.7175390152097412,1.0,False
Psa,-0.36228082,-0.20679744,0.7171421842747328,1.0,False
her,-0.3656848,-0.25385532,0.7146002948572406,1.0,False
CG7135,-0.36569718,-0.4225454,0.7145910584273457,1.0,False
kek2,-0.36578768,-0.036685072,0.7145235183043781,1.0,False
CG31548,-0.36667222,-0.33638918,0.7138635324122071,1.0,False
Arlr,-0.36733747,-0.33701122,0.7133673132156799,1.0,False
S2P,-0.3700437,-0.3616443,0.7113499338392322,1.0,False
rtv,-0.3702162,-1.8211751,0.7112214111648522,1.0,False
CG9114,-0.37144807,-1.6743542,0.7103038366785137,1.0,False
Slh,-0.37148288,-0.22010416,0.7102779144497147,1.0,False
CG7246,-0.37303033,-0.4715875,0.7091258664413065,1.0,False
PGRP-LB,-0.37405604,-1.131963,0.7083626157516714,1.0,False
erm,-0.3765666,-0.21394347,0.7064957301936117,1.0,False
Sbds,-0.37777293,-0.33368987,0.7055992971208431,1.0,False
CG34229,-0.37964875,-0.23872451,0.7042061683771093,1.0,False
alt,-0.38017708,-0.090101086,0.7038139732068538,1.0,False
Gnmt,-0.38097963,-22.17835,0.7032183662693382,1.0,False
CG7889,-0.38133702,-0.920005,0.7029532003563432,1.0,False
CG3408,-0.38141668,-0.30520192,0.7028940882054748,1.0,False
AspRS,-0.38233602,-0.26320136,0.7022121328853735,1.0,False
glu,-0.38252747,-0.26783645,0.7020701487657908,1.0,False
CG40485,-0.38277733,-0.496258,0.701884867958992,1.0,False
Syx17,-0.38279745,-0.20372358,0.7018699544849082,1.0,False
mr,-0.3836936,-0.29233354,0.7012055611064925,1.0,False
Acox3,-0.38369438,-0.3408172,0.7012049877105918,1.0,False
Usp12-46,-0.3844072,-0.30959436,0.7006766757623877,1.0,False
CG10674,-0.3853041,-0.19677676,0.700012119957558,1.0,False
l(2)k01209,-0.385383,-0.2677738,0.6999536706614344,1.0,False
CG10898,-0.3855996,-0.2741892,0.6997932307498327,1.0,False
Had1,-0.38582432,-0.62000614,0.6996267885037346,1.0,False
CG11368,-0.38704187,-0.67812407,0.6987252148224857,1.0,False
CG4646,-0.38818207,-0.20827761,0.6978813053997166,1.0,False
Not11,-0.38818324,-0.24575093,0.697880446794557,1.0,False
Pex5,-0.38969627,-0.24422328,0.6967611550796601,1.0,False
Icmt,-0.39325997,-0.3784882,0.6941274792113103,1.0,False
Polr3E,-0.39427254,-0.41060153,0.6933798370579385,1.0,False
CG12301,-0.39466935,-0.30096334,0.6930869157981144,1.0,False
CG11791,-0.39504337,-0.19638899,0.6928108809288933,1.0,False
mRpS14,-0.3953172,-0.15920661,0.6926088047313943,1.0,False
Smyd3,-0.3956618,-0.30753395,0.6923545280611225,1.0,False
Mer,-0.3971474,-0.5054472,0.6912587673392934,1.0,False
YME1L,-0.39904606,-0.23936571,0.6898592686322609,1.0,False
CG30094,-0.401427,-0.21630903,0.6881057632579768,1.0,False
CG10214,-0.40216535,-0.23195343,0.6875623341854002,1.0,False
E(z),-0.4032228,-0.26983115,0.6867843359939562,1.0,False
l(2)34Fd,-0.40344286,-0.35501832,0.6866224607032367,1.0,False
mst,-0.4051137,-0.90766805,0.6853939294917167,1.0,False
APP-BP1,-0.405842,-0.282964,0.6848586977339262,1.0,False
CG2875,-0.40842175,-0.3210365,0.6829640632681651,1.0,False
Nckx30C,-0.4090491,0.025990268,0.6825036302565379,1.0,False
jet,-0.40975574,-0.26297122,0.6819851459027231,1.0,False
eEFSec,-0.41037223,-0.4238762,0.681532907223883,1.0,False
CG12942,-0.41307345,-0.38333845,0.6795528055436737,1.0,False
PIG-B,-0.41329777,-0.29599932,0.6793884632500502,1.0,False
CG12698,-0.4139754,-2.9728224,0.678892128734921,1.0,False
CG6567,-0.4140338,-0.30777237,0.6788493575590313,1.0,False
pch2,-0.41509703,-0.327896,0.6780708764776762,1.0,False
Nup93-2,-0.41600826,-0.42507744,0.6774039612137259,1.0,False
l(2)10685,-0.41646466,-0.42905602,0.677070032413063,1.0,False
mal,-0.41718557,-0.47907636,0.6765426674339725,1.0,False
Cdk8,-0.41859034,-0.43180466,0.6755155536688598,1.0,False
CG12883,-0.41890168,-0.44848213,0.6752879848613325,1.0,False
SMC6,-0.41905138,-0.2280378,0.6751785927796743,1.0,False
CG1407,-0.41949305,-0.25815713,0.674855827209841,1.0,False
Buffy,-0.41959903,-1.2831814,0.6747783949766056,1.0,False
CG3609,-0.4198214,-0.31854734,0.6746159115216646,1.0,False
mRpS18C,-0.42049286,-0.2401583,0.6741254448408829,1.0,False
Dpy-30L1,-0.4205149,-0.19975416,0.6741093431548277,1.0,False
frtz,-0.4218922,-0.66994786,0.6731037077310342,1.0,False
Taf13,-0.4244646,-0.24730949,0.6712270141512865,1.0,False
mRpS18B,-0.42707762,-0.27330962,0.6693227898680478,1.0,False
CaBP1,-0.42895618,-0.23444201,0.6679551232467846,1.0,False
CG4313,-0.43057442,-0.39753318,0.6667778475768196,1.0,False
CG5126,-0.4317026,-0.3334743,0.6659575598253329,1.0,False
Top3beta,-0.43180358,-0.23876081,0.6658841836337024,1.0,False
CG8209,-0.4332586,-0.27290258,0.6648269099811586,1.0,False
e(y)2b,-0.43510312,-0.46983543,0.6634875866672755,1.0,False
Vps20,-0.43523964,-0.20586811,0.6633884930062455,1.0,False
Pex11c,-0.43547556,-0.4727335,0.663217268548595,1.0,False
asRNA:CR43959,-0.43629628,-0.65160245,0.6626217690758145,1.0,False
Naa15-16,-0.4376531,-0.32891187,0.6616377824245018,1.0,False
Tmem126,-0.43826807,-0.3761442,0.6611919830433768,1.0,False
CG7275,-0.43831176,-0.32354113,0.6611603050165996,1.0,False
CG3156,-0.43834308,-0.3412176,0.6611375981318596,1.0,False
CG32409,-0.43860802,-0.30652782,0.66094558324389,1.0,False
Polr2I,-0.43868035,-0.2835374,0.6608931684574162,1.0,False
GstE14,-0.4390006,-1.3813554,0.6606611058600662,1.0,False
CG32022,-0.4390969,-0.2799292,0.6605913252990787,1.0,False
uri,-0.44000813,-0.4141369,0.6599312184001125,1.0,False
roh,-0.44153085,0.022439739,0.6588287358030016,1.0,False
mus101,-0.44160897,-0.45116413,0.6587721894796389,1.0,False
GstE3,-0.4419381,-0.56395525,0.6585339885230401,1.0,False
CG13671,-0.4431514,-0.38681132,0.6576562193091293,1.0,False
NiPp1,-0.44340435,-0.23303598,0.657473281878244,1.0,False
CG32344,-0.44402125,-0.328684,0.6570272131883521,1.0,False
HBS1,-0.44406614,-0.3139985,0.6569947765930323,1.0,False
Uxs,-0.44499978,-0.3256767,0.6563199065944991,1.0,False
lncRNA:CR43199,-0.44578764,-0.48895183,0.655750650679902,1.0,False
mRRF1,-0.44633916,-0.34842765,0.6553522625267768,1.0,False
Targ1,-0.4471367,-0.25156686,0.6547763655803971,1.0,False
rad50,-0.44806302,-0.2293576,0.6541077226727781,1.0,False
CG6345,-0.4487298,-0.5564179,0.6536265831732253,1.0,False
Mau2,-0.45069265,-0.36326995,0.6522110719125477,1.0,False
asRNA:CR44960,-0.45170406,-0.55943704,0.6514821884639572,1.0,False
CG5910,-0.4528114,-0.59383994,0.650684561345432,1.0,False
CG10257,-0.4546443,-0.2458593,0.6493651627351549,1.0,False
Fdx1,-0.45585722,-0.16917308,0.6484926640125115,1.0,False
MED11,-0.45594153,-0.24996558,0.6484320299133395,1.0,False
Nadk1a,-0.45709255,-0.26617807,0.6476045242675101,1.0,False
Chd1,-0.45771024,-0.13471602,0.6471606423385485,1.0,False
Nop60B,-0.46027568,-0.22353637,0.6453183618660074,1.0,False
FeCH,-0.46180224,-0.27970842,0.6442231347671536,1.0,False
CG12320,-0.46218476,-0.48372108,0.6439488245063105,1.0,False
SLIRP2,-0.46345687,-0.35991386,0.6430369323615757,1.0,False
ptch,-0.46518803,-0.32978368,0.6417968020002166,1.0,False
Mulk,-0.46700585,-0.29688427,0.6404956842577518,1.0,False
WDR79,-0.46708205,-0.28220528,0.6404411721313903,1.0,False
CG3149,-0.467224,-0.28552383,0.6403396242574477,1.0,False
CG11378,-0.46983394,-1.169509,0.6384736734706136,1.0,False
Mpi,-0.47066897,-0.25149518,0.6378771511398739,1.0,False
CG8064,-0.47168693,-0.39283982,0.6371502580523125,1.0,False
Nup35,-0.47170705,-0.3743514,0.6371359004558975,1.0,False
CG7860,-0.47209886,-1.0340463,0.6368562306115615,1.0,False
Dbp21E2,-0.473615,-0.43576077,0.6357744815588853,1.0,False
ProRS-m,-0.473837,-0.36542538,0.6356161477189652,1.0,False
CG7352,-0.4740068,-0.5552554,0.6354950639137973,1.0,False
Dph2,-0.4743069,-0.3710867,0.6352810535090894,1.0,False
Dark,-0.47480315,-0.20180532,0.6349272861235061,1.0,False
Oda,-0.47481206,0.062459998,0.6349209449898185,1.0,False
CG18622,-0.47559682,-0.33167705,0.6343616521628979,1.0,False
cu,-0.47631812,-0.25190577,0.6338477499296757,1.0,False
Panx,-0.47640052,-0.33850902,0.6337890688387935,1.0,False
CG12935,-0.47679928,-0.30657354,0.6335050628771578,1.0,False
ninaA,-0.4779186,-1.6726519,0.6327081514238173,1.0,False
Hmg-2,-0.47813517,-0.26869187,0.6325539952179908,1.0,False
CCKLR-17D3,-0.4789408,-0.22400253,0.6319807293559223,1.0,False
CG1503,-0.47953606,-2.0631301,0.6315573206752292,1.0,False
CG6729,-0.4796463,-0.2932901,0.6314789249177524,1.0,False
CG9839,-0.48043686,-0.3637139,0.6309167975501111,1.0,False
spn-A,-0.4821661,-0.40840223,0.629687957191137,1.0,False
CG7791,-0.4822597,-0.3646933,0.629621473440517,1.0,False
Nmt,-0.48310828,-0.37711623,0.6290188610529661,1.0,False
CG17026,-0.48313805,-0.30009267,0.6289977164243556,1.0,False
CG2680,-0.48503554,-0.252638,0.6276511293536085,1.0,False
Cpn,-0.48626935,-1.0982444,0.6267762102074982,1.0,False
Cog6,-0.4863003,-0.22113131,0.6267542754023108,1.0,False
Dtymk,-0.4868843,-0.5763879,0.6263403178796758,1.0,False
lncRNA:CR45994,-0.4882268,-0.74224037,0.6253892102502261,1.0,False
Culd,-0.48862323,-1.2717845,0.6251084635412683,1.0,False
Bin1,-0.4889895,-0.228698,0.624849129299813,1.0,False
Nsf2,-0.4890854,-0.229942,0.6247812226200198,1.0,False
Elys,-0.49001753,-0.19731963,0.624121488995941,1.0,False
inaC,-0.49023724,-0.8799588,0.6239660437625312,1.0,False
CG12643,-0.49068007,-0.84104174,0.6236527411468691,1.0,False
CG14803,-0.49113297,-0.78639406,0.6233323946454048,1.0,False
BCAS2,-0.4912726,-0.24793267,0.6232336514647431,1.0,False
CG11170,-0.49189916,-0.3084684,0.6227906214364575,1.0,False
Ent3,-0.49231842,-0.11188826,0.6224942504154712,1.0,False
CG13484,-0.49374524,-0.29102185,0.6214861178839114,1.0,False
Snx16,-0.49382684,-0.32063174,0.621428477104708,1.0,False
BomT3,-0.49383226,-0.9964887,0.6214246526802043,1.0,False
Idgf4,-0.49477637,-0.54084486,0.620757993361655,1.0,False
Taf2,-0.49584115,-0.32228908,0.6200064975987127,1.0,False
Pym,-0.496868,-0.2830599,0.619282128948654,1.0,False
Thor,-0.49741182,-0.74037546,0.6188986769308629,1.0,False
CstF64,-0.49832267,-0.39598238,0.6182566408077513,1.0,False
ttm50,-0.49837333,-0.2724455,0.6182209352468818,1.0,False
CG17739,-0.49863982,-0.49480042,0.6180331551932482,1.0,False
CG31313,-0.49904552,-2.5112278,0.6177473086574599,1.0,False
RpS23,-0.49973398,0.017625384,0.61726240120937,1.0,False
Wdr37,-0.50131744,-0.23229925,0.6161477473682888,1.0,False
Atg9,-0.5014474,-0.3110575,0.6160563054968773,1.0,False
Kmn1,-0.5022994,-0.6824739,0.6154569101761681,1.0,False
CG14785,-0.50376874,-1.1050783,0.614423875627987,1.0,False
CG17230,-0.50452876,-0.26697585,0.6138898472423983,1.0,False
Fpps,-0.5053928,-0.37102225,0.61328296138266,1.0,False
CG4716,-0.50888616,-0.53632766,0.6108320432408426,1.0,False
GstE9,-0.5095866,-1.5530485,0.610341134575459,1.0,False
Ski8,-0.5097165,-0.4345908,0.6102500741511512,1.0,False
Aduk,-0.5098206,-0.22970818,0.6101771759564765,1.0,False
Bdp1,-0.5100074,-0.40443227,0.6100462941070297,1.0,False
morgue,-0.5168416,-0.23043692,0.6052667317814558,1.0,False
CG7849,-0.516936,-0.2412872,0.6052008497531836,1.0,False
Arl2,-0.5171255,-0.27310017,0.6050685553882014,1.0,False
Ublcp1,-0.5175598,-0.2419992,0.6047654072138428,1.0,False
Drs,-0.51812416,-1.3977789,0.6043716593143045,1.0,False
lncRNA:cherub,-0.51848114,-0.4558569,0.6041226239527171,1.0,False
Socs44A,-0.52123183,-0.22771563,0.6022052771311841,1.0,False
DCX-EMAP,-0.5216391,-0.5953999,0.6019216287119582,1.0,False
CG9427,-0.5221856,-2.2198503,0.6015411011551279,1.0,False
Teh4,-0.52243626,-0.27564782,0.6013666280120755,1.0,False
CG9922,-0.52400035,-0.21160969,0.6002783027943974,1.0,False
CG14591,-0.52482414,-0.14759287,0.5997054334825616,1.0,False
rgn,-0.5252252,-0.10399718,0.5994266191140566,1.0,False
CG5986,-0.5257528,-0.19344683,0.5990599748922316,1.0,False
CG42675,-0.52815616,-0.6927962,0.597390934912909,1.0,False
CG33969,-0.5294774,-0.23666278,0.5964743209706451,1.0,False
por,-0.53078234,-0.42761445,0.5955696060866913,1.0,False
Atu,-0.53133196,-0.23905954,0.5951887621234656,1.0,False
rept,-0.5323658,-0.38255566,0.5944726694794764,1.0,False
Spase25,-0.5340038,-0.1722659,0.5933389262827566,1.0,False
CG6870,-0.53644663,-0.6560438,0.5916499250004542,1.0,False
CG4287,-0.5370024,-0.1838065,0.5912659564076392,1.0,False
Gle1,-0.53778136,-0.22485851,0.5907280053848281,1.0,False
lncRNA:CR45679,-0.53778946,-1.1937532,0.5907223973501086,1.0,False
Kaz,-0.5380482,-0.2534495,0.5905437542087066,1.0,False
bou,-0.5387672,-0.88393307,0.5900474758329615,1.0,False
mago,-0.5394124,-0.21264699,0.5896023503864144,1.0,False
TwdlG,-0.54029924,-0.27771986,0.5889906891473242,1.0,False
CG11334,-0.54055375,-0.35952914,0.5888152207383989,1.0,False
Brd8,-0.5418776,-0.32875144,0.5879028012411185,1.0,False
CG1309,-0.54270416,-0.24221195,0.5873335038217766,1.0,False
Nup54,-0.5428914,-0.516228,0.5872046015314581,1.0,False
CG5199,-0.5431393,-0.5487528,0.5870339060577208,1.0,False
CG9215,-0.54323095,-0.37914252,0.5869707998221476,1.0,False
mEFTu2,-0.54471076,-0.36419845,0.5859524819216992,1.0,False
Coq9,-0.5449892,-0.3665304,0.5857609403356101,1.0,False
CG14230,-0.5450615,-0.37482813,0.5857111974838793,1.0,False
CG2811,-0.545868,-0.20679252,0.5851567108492437,1.0,False
CG14671,-0.5460791,-0.24034323,0.5850115474640714,1.0,False
CG5180,-0.5461681,-0.3487573,0.5849504030632801,1.0,False
Hinfp,-0.5469962,-0.3913635,0.5843813710237737,1.0,False
CG6659,-0.5480992,-0.23014319,0.5836237706859293,1.0,False
CG34116,-0.5491416,-0.4006845,0.5829082963285812,1.0,False
mRpS31,-0.5497279,-0.23619492,0.5825060053048929,1.0,False
obst-A,-0.55157477,-1.5860558,0.5812397424731423,1.0,False
CG1750,-0.5533833,-0.38270432,0.580000982450265,1.0,False
Agbe,-0.5539112,-0.2669982,0.5796396019075749,1.0,False
Etfb,-0.55468243,-0.24264789,0.5791118850305266,1.0,False
CG30392,-0.5585753,-0.23340033,0.576451608024241,1.0,False
l(2)k10201,-0.5591748,-0.34273142,0.5760424407620975,1.0,False
CG5439,-0.5592026,-0.27313477,0.5760234376151596,1.0,False
Mfe2,-0.5609083,-0.36672267,0.5748600593998765,1.0,False
Df31,-0.56120145,-0.036507573,0.574660207502885,1.0,False
sinu,-0.56361914,-0.25398368,0.5730133431536603,1.0,False
Clp,-0.5647605,-0.38424462,0.5722366629173633,1.0,False
CG9902,-0.5668897,-0.3369282,0.5707891279370265,1.0,False
CG6254,-0.5678976,-0.22724178,0.5701044911704176,1.0,False
CG2211,-0.56790805,-0.4284032,0.5700973998998506,1.0,False
betaggt-I,-0.5685083,-0.29053974,0.5696898538647562,1.0,False
Rrp45,-0.5692451,-0.7338979,0.5691898022171,1.0,False
twit,-0.57191193,-0.38355157,0.5673816582782015,1.0,False
CG17721,-0.57333016,-0.36941066,0.5664211465820821,1.0,False
CG14770,-0.57435477,-2.8232563,0.5657277692440907,1.0,False
Dcps,-0.574651,-0.3541805,0.5655273442929739,1.0,False
ranshi,-0.57565856,-0.3633934,0.5648459978559537,1.0,False
Tdrd3,-0.5797227,-0.2809338,0.5621016110749982,1.0,False
Pyroxd1,-0.5821838,-0.21835013,0.5604429164171172,1.0,False
CG14502,-0.58443475,-0.48371384,0.5589278492695977,1.0,False
CG11406,-0.58484125,-0.74261063,0.5586544642720976,1.0,False
CG8441,-0.58536917,-0.32098654,0.5582994989431669,1.0,False
mbm,-0.5876917,-0.42370278,0.556739215043482,1.0,False
IntS11,-0.58785844,-0.48420668,0.5566273097648766,1.0,False
GXIVsPLA2,-0.5880031,-0.2827553,0.5565302129103911,1.0,False
Gmppa,-0.5907654,-0.36615026,0.5546776126074855,1.0,False
GC1,-0.5910586,-0.15717107,0.5544811682214825,1.0,False
Tmx3,-0.5947886,-0.22531912,0.551984790244799,1.0,False
CG8388,-0.59920084,-0.43369937,0.5490389400559978,1.0,False
Sfxn2,-0.6011123,-0.13534775,0.547765196141556,1.0,False
CG6550,-0.6014654,-0.43285534,0.5475300408256585,1.0,False
CG13284,-0.60384446,-0.4625225,0.5459470713156135,1.0,False
EMC2B,-0.6057357,-0.24751738,0.5446902432218226,1.0,False
mTTF,-0.6095393,-0.3189799,0.5421670677760995,1.0,False
CG33506,-0.60981035,-0.2945111,0.5419874303214176,1.0,False
senju,-0.60995734,-0.4392369,0.5418900643702514,1.0,False
Csl4,-0.61013913,-0.28508738,0.5417696501361605,1.0,False
Ube4A,-0.6106404,-0.26229122,0.5414376834819218,1.0,False
Nufip,-0.61155313,-0.37749666,0.5408334372851855,1.0,False
ort,-0.6120931,-0.2099399,0.540476169003807,1.0,False
CG33331,-0.6121298,-0.34013137,0.5404518606237101,1.0,False
IPIP,-0.6127761,-0.22130214,0.5400243784145649,1.0,False
CG10184,-0.6135624,-1.2163076,0.5395045161006933,1.0,False
GatA,-0.6143414,-0.4020903,0.5389897595536726,1.0,False
Gbeta76C,-0.61483836,-1.0368421,0.5386614561779361,1.0,False
Irp-1B,-0.61488634,-0.31340984,0.538629780846774,1.0,False
Dph4,-0.6154135,-0.39682338,0.5382816692228909,1.0,False
CG10324,-0.6158691,-0.31172273,0.5379808977588634,1.0,False
l(1)G0020,-0.6160598,-0.79466534,0.5378550481592298,1.0,False
CG6607,-0.61678344,-0.24526304,0.5373775668674989,1.0,False
CG1983,-0.61681324,-0.25889897,0.5373579209451487,1.0,False
idc,-0.61699927,-0.2897392,0.5372352058846894,1.0,False
lncRNA:CR43242,-0.6175307,-0.40013766,0.5368847419109748,1.0,False
Nop53,-0.62148273,-0.36263353,0.53428206454412,1.0,False
CG10428,-0.6216231,-0.23656605,0.5341897203069963,1.0,False
CG6770,-0.62173873,0.019391635,0.534113663200346,1.0,False
CycK,-0.62417465,-0.22850764,0.5325129025398869,1.0,False
CG2260,-0.6263866,-0.5661643,0.5310614128475335,1.0,False
Try29F,-0.6279897,-0.4552224,0.5300106623045379,1.0,False
CG12316,-0.62908894,-0.22896738,0.5292908309837241,1.0,False
Naa35,-0.62954843,-0.3346366,0.5289900777901897,1.0,False
CG8916,-0.6298675,-0.25862145,0.5287812725812262,1.0,False
GlcAT-S,-0.63026315,-0.16833961,0.5285224124000707,1.0,False
Agps,-0.6307428,-0.18235345,0.52820872901984,1.0,False
Nup50,-0.634718,-0.46170458,0.5256123548925326,1.0,False
Zfrp8,-0.6354633,-0.30695722,0.5251262939225472,1.0,False
CG9578,-0.63550156,-0.31574893,0.5251013286600144,1.0,False
CG16989,-0.63553447,-0.33617765,0.5250798943233459,1.0,False
Pex11ab,-0.6358013,-0.24700394,0.5249059145174884,1.0,False
RfC4,-0.63695776,-0.37599206,0.5241523432160599,1.0,False
gdl,-0.63915735,-0.5243021,0.5227205774250784,1.0,False
dwg,-0.6394467,-0.4224323,0.5225324096597077,1.0,False
CG31365,-0.64049363,-0.33909178,0.5218517245192021,1.0,False
Alg2,-0.6406863,-0.31512478,0.5217265502626773,1.0,False
CG5382,-0.64177346,-0.29398227,0.5210202841060352,1.0,False
CG5543,-0.6421119,-0.4704989,0.5208005401205416,1.0,False
l(3)04053,-0.64557,-0.32956353,0.5185578725223072,1.0,False
Fam114A,-0.646224,-0.24468762,0.5181342815323466,1.0,False
Fcp3C,-0.6470869,-1.468792,0.5175756958573583,1.0,False
Rbbp5,-0.65021586,-0.31368408,0.5155527826441861,1.0,False
CG15449,-0.65077245,-0.9583046,0.5151933895172811,1.0,False
CG15186,-0.6513313,-1.1990199,0.5148326288406075,1.0,False
CG14314,-0.6519428,-0.3296777,0.5144380646376785,1.0,False
Coq5,-0.65356225,-0.5603993,0.5133938908067552,1.0,False
Nthl1,-0.6536179,-0.5727904,0.5133579990450179,1.0,False
Rpi,-0.65410715,-0.3636075,0.5130427560482055,1.0,False
Tbce,-0.6565179,-0.23005094,0.5114909416422629,1.0,False
CG14864,-0.65675116,-0.4370468,0.5113409443530548,1.0,False
Arp10,-0.65765464,-0.31537092,0.5107600772540122,1.0,False
Cys,-0.6591054,-0.24567418,0.5098280798292565,1.0,False
vls,-0.66195476,-0.3627494,0.5080002216956065,1.0,False
CG30491,-0.6620429,-0.25077713,0.5079437065381747,1.0,False
CG43066,-0.66231215,-0.04639018,0.5077712069933067,1.0,False
pall,-0.6645999,-0.2562432,0.506306450629928,1.0,False
Clbn,-0.66692436,-0.19050975,0.5048204483143313,1.0,False
Sf3a1,-0.66865516,-0.3195001,0.5037154772152043,1.0,False
Wnt4,-0.66894835,-0.22024079,0.5035284376868565,1.0,False
CG6184,-0.6699973,-0.17486587,0.5028595412843455,1.0,False
ppan,-0.67063814,-0.33909175,0.5024510847180648,1.0,False
CG11403,-0.6710632,-1.1335732,0.5021802739984969,1.0,False
CG3358,-0.6722904,-0.2622005,0.5013988308714359,1.0,False
Scp2,-0.67234033,-0.11373218,0.5013670745148754,1.0,False
CG14015,-0.6726942,-0.22182214,0.5011418565168764,1.0,False
Gip,-0.6734743,-0.4107875,0.5006455817230188,1.0,False
CngB,-0.67432636,-0.24718486,0.5001038402112478,1.0,False
Spn55B,-0.6744169,-0.4459925,0.5000463153599786,1.0,False
Pgls,-0.6756186,-1.0292155,0.49928284607719053,1.0,False
TrpRS,-0.6781051,-0.37028933,0.4977050446663046,1.0,False
Hpr1,-0.6818525,-0.35371804,0.49533219936774675,1.0,False
nes,-0.6843256,-0.29150274,0.49376961815937737,1.0,False
Nsun2,-0.68766105,-0.45461184,0.4916662502128606,1.0,False
CG8366,-0.6879523,-0.31981093,0.4914828243267443,1.0,False
CG10959,-0.6928403,-0.6757341,0.48840978037580707,1.0,False
CG15601,-0.69511217,-0.4045232,0.4869849985610316,1.0,False
CG4586,-0.69833285,-3.3766608,0.4849690771215175,1.0,False
mh,-0.6994606,-0.82829493,0.4842641994840806,1.0,False
Hacd2,-0.7003189,-0.23188196,0.4837281783740963,1.0,False
GstE13,-0.7014556,-0.36621678,0.48301873005524354,1.0,False
CG7601,-0.703678,-0.39312795,0.4816333309180527,1.0,False
CG14100,-0.70822835,-0.36156875,0.4788034683907769,1.0,False
geminin,-0.7106569,-0.28634694,0.4772968906476278,1.0,False
CG3594,-0.71157354,-0.35736123,0.4767289100347365,1.0,False
CG7747,-0.71300536,-0.3317316,0.475842451088485,1.0,False
CG11788,-0.7156675,-0.37551093,0.47419669372187667,1.0,False
Trm1,-0.72032887,-0.49535525,0.4713225523310195,1.0,False
CG5800,-0.7213081,-0.69417185,0.47071994873393797,1.0,False
CG8132,-0.72153014,-0.24170707,0.47058339870169363,1.0,False
egg,-0.7223056,-0.2845905,0.47010659680617584,1.0,False
Alg3,-0.72481424,-0.39950782,0.4685660138543545,1.0,False
Cpsf73,-0.7249206,-0.6154637,0.4685007564702205,1.0,False
CG2076,-0.72593355,-0.26256102,0.4678795210554453,1.0,False
Rh6,-0.7285469,-1.0598,0.46627884804401043,1.0,False
Pop1,-0.72872794,-2.5271611,0.46616809570639495,1.0,False
Arp1,-0.7301296,-0.16806848,0.4653109696979977,1.0,False
NdufV3,-0.7309178,-0.04544038,0.46482933967616646,1.0,False
Ssrp,-0.7319145,-0.36358234,0.46422072774059775,1.0,False
Prosalpha2,-0.734562,-0.21158111,0.46260629504019424,1.0,False
CG5112,-0.7347805,-0.33495313,0.4624731765963884,1.0,False
CG11583,-0.7350582,-0.2762506,0.4623040409876408,1.0,False
CG13760,-0.73715603,-0.20091178,0.4610274527385143,1.0,False
rumpel,-0.73975325,-0.36698988,0.4594497488488225,1.0,False
CG5823,-0.74307907,-0.21117574,0.4574338176051299,1.0,False
Rab32,-0.7450481,-0.7837046,0.4562426388400378,1.0,False
CG3955,-0.7469564,-0.092324,0.4550898607743241,1.0,False
mRpL19,-0.74745303,-0.23809373,0.4547901366398469,1.0,False
Ing5,-0.7483627,-0.2536727,0.45424139777579653,1.0,False
CG30010,-0.74981505,-0.3066487,0.4533661028184708,1.0,False
mEFG1,-0.7499647,-0.271552,0.45327594679634564,1.0,False
hui,-0.75082415,-1.0270427,0.4527585026784603,1.0,False
Ino80,-0.7521856,-0.31366614,0.4519394724886151,1.0,False
lncRNA:CR45474,-0.75415695,-3.0377123,0.45075499341792014,1.0,False
CG8003,-0.7578328,-0.44280717,0.4485510838011395,1.0,False
Non2,-0.75885737,-0.16942047,0.44793789166503983,1.0,False
CCDC53,-0.75920236,-0.43080282,0.44773151820284895,1.0,False
CG12056,-0.76273316,-0.2654852,0.44562253813663955,1.0,False
SmydA-8,-0.7652209,-1.4398414,0.44414002390672,1.0,False
RhoGAP102A,-0.76728123,-0.22188862,0.44291433593117513,1.0,False
Ktl,-0.7675953,-0.07183307,0.44272767307321215,1.0,False
Trs23,-0.7706689,-0.30473363,0.4409031899574346,1.0,False
CG15432,-0.77697176,-0.22460337,0.4371754410696663,1.0,False
spag,-0.7775376,-0.3653475,0.4368416662852548,1.0,False
CG9915,-0.7791183,-0.2462154,0.4359100195342773,1.0,False
Rh3,-0.78027827,-1.4253503,0.435227115781339,1.0,False
Tailor,-0.7804631,-0.28552443,0.4351183272398892,1.0,False
tyn,-0.7811272,-0.21468198,0.4347276827978349,1.0,False
lncRNA:CR43459,-0.78183424,-0.14556383,0.4343120067724874,1.0,False
HSPBAP1,-0.78202105,-0.48856702,0.4342022138875309,1.0,False
CG14210,-0.782383,-0.381689,0.43398949320851044,1.0,False
Patj,-0.7845907,-0.30210152,0.43269356494097644,1.0,False
Mettl14,-0.78577656,-0.48333433,0.4319983946537671,1.0,False
Obp99c,-0.78754526,-0.7898535,0.4309627374836089,1.0,False
CG3817,-0.7933577,-0.3014809,0.4275694733792115,1.0,False
CG30373,-0.7933642,-0.22093935,0.42756564367707117,1.0,False
Aldh,-0.79440385,-0.24782984,0.4269603515346255,1.0,False
Snx17,-0.79477906,-0.19922605,0.42674204662365056,1.0,False
rtp,-0.79486644,-1.0762223,0.42669119317792104,1.0,False
CG9667,-0.7956176,-0.37658876,0.42625435920451404,1.0,False
Cdk9,-0.79840034,-0.35626838,0.4246381893547695,1.0,False
CG4866,-0.79988945,-0.4031746,0.4237748597156412,1.0,False
CG8891,-0.8005404,-0.26555935,0.4233977841060359,1.0,False
CG32554,-0.80073917,-0.809566,0.4232826617273536,1.0,False
CG15237,-0.80285597,-0.25729915,0.42205799143703115,1.0,False
Nubp2,-0.8038333,-0.369995,0.4214932368588039,1.0,False
CG9662,-0.8042572,-0.24020796,0.42124843172125614,1.0,False
CG8281,-0.80658406,-0.4254898,0.4199061703448982,1.0,False
Phb1,-0.8093966,-0.25041306,0.41828703619978014,1.0,False
GCC88,-0.80967665,-0.2735392,0.41812603672874327,1.0,False
slp1,-0.8100518,-0.8381036,0.4179103902262953,1.0,False
Nrx-1,-0.81102765,0.021567618,0.41734979390145965,1.0,False
CG2681,-0.81278205,-1.5345777,0.41634303590229915,1.0,False
CG13117,-0.8131835,-1.0247146,0.4161128551112335,1.0,False
CG8159,-0.81346816,-0.5665224,0.4159496895922663,1.0,False
GstO2,-0.8137211,-0.3198667,0.41580473454002265,1.0,False
MED24,-0.81408274,-0.331556,0.4155975493915006,1.0,False
Rrp47,-0.81589323,-0.23260656,0.4145612112407435,1.0,False
CG12746,-0.81637245,-0.33362404,0.41428716195463156,1.0,False
wash,-0.81816626,-0.51505595,0.4132622537199213,1.0,False
Sras,-0.8186037,-0.39300883,0.4130125525304953,1.0,False
CG13077,-0.8186919,-2.0533721,0.41296222571725927,1.0,False
dUTPase,-0.8207143,-0.42988408,0.4118090174063176,1.0,False
Hs2st,-0.82104343,-0.334717,0.4116215180264293,1.0,False
CG1888,-0.823366,-0.32586402,0.4102998870612695,1.0,False
CG1575,-0.82489145,-0.8690169,0.40943323195905945,1.0,False
Tsp97E,-0.8281515,-0.055689808,0.40758469663803054,1.0,False
Smu1,-0.8281608,-0.48110235,0.4075794403924782,1.0,False
CG5339,-0.8288253,-0.29542205,0.4072032857953427,1.0,False
Gnpnat,-0.8293296,-0.3358792,0.40691791438857816,1.0,False
Opbp,-0.83111227,-0.5122784,0.40591022300646606,1.0,False
Cth,-0.83246017,-0.4517142,0.4051492684464546,1.0,False
Dredd,-0.8333443,-1.3497664,0.4046505806397721,1.0,False
ZnT49B,-0.83526963,-0.22858176,0.40356590761850575,1.0,False
ninaC,-0.8371892,-0.81777,0.4024862380735278,1.0,False
CG34404,-0.8424202,-0.15349595,0.399552762305289,1.0,False
Tcs3,-0.84244925,-0.46114784,0.3995365312818725,1.0,False
PCID2,-0.84702283,-0.4283971,0.3969824037804409,1.0,False
Ist1,-0.8482264,-0.23189816,0.3963118716709694,1.0,False
hng1,-0.8484612,-0.37594932,0.39618116317230545,1.0,False
Cpsf5,-0.84888047,-0.17189275,0.39594780451817313,1.0,False
Dok,-0.8511446,-1.91982,0.3946890170382773,1.0,False
Charon,-0.8530858,-0.44821024,0.3936117094375102,1.0,False
RabX4,-0.8544983,-0.18421455,0.3928289430869847,1.0,False
Datp,-0.85479146,-0.31885186,0.3926665923704479,1.0,False
MED18,-0.85700727,-0.3559153,0.39144085384768357,1.0,False
wuho,-0.85889244,-0.24947475,0.39039987609195737,1.0,False
Psn,-0.8590309,-0.3711937,0.3903234816523674,1.0,False
AlaRS-m,-0.85941225,-0.51790637,0.3901131238305984,1.0,False
GM130,-0.8596698,-0.28832516,0.3899710753002591,1.0,False
Sps1,-0.86192393,-0.3885449,0.3887293861278809,1.0,False
Nph,-0.8644375,-0.28420815,0.38734757887365234,1.0,False
eIF6,-0.8658404,-0.4840487,0.3865777156248227,1.0,False
Gale,-0.86604923,-0.31676206,0.3864631757017004,1.0,False
Rbp1,-0.86675894,-0.13285714,0.3860741068880347,1.0,False
bisc,-0.8690243,-0.39463374,0.38483386795713304,1.0,False
not,-0.8696798,-0.22817965,0.3844754011691609,1.0,False
Seipin,-0.86999893,-1.6079396,0.38430100010673707,1.0,False
Sec10,-0.87299716,-0.26326618,0.38266462931936973,1.0,False
Sas10,-0.87302613,-0.32654223,0.3826488184455975,1.0,False
Lnpk,-0.87353706,-0.30504054,0.38237040189226146,1.0,False
Cks85A,-0.87431026,-0.2759698,0.3819493249720176,1.0,False
Usp39,-0.8747353,-0.38787428,0.3817179486705189,1.0,False
Past1,-0.8773441,-0.1952863,0.38029978457976454,1.0,False
CG10654,-0.8775576,-0.22043265,0.38018386779505875,1.0,False
boi,-0.87923616,-2.5510046,0.3792732497279653,1.0,False
CG10979,-0.88139045,-0.26279116,0.37810652116052135,1.0,False
Glo1,-0.881491,-0.28023356,0.37805211392098936,1.0,False
CG13054,-0.8828424,-0.5453836,0.3773214322412357,1.0,False
Gmer,-0.88369757,-0.57447404,0.37685950761242915,1.0,False
CG8243,-0.8838867,-0.30804518,0.37675739229632066,1.0,False
SerRS-m,-0.8839996,-0.48547593,0.37669642360082367,1.0,False
CG14687,-0.88435817,-0.31760472,0.37650290920617635,1.0,False
eIF2D,-0.8846896,-0.4051643,0.37632406212361336,1.0,False
CG15525,-0.8856515,-0.40967706,0.3758053477155622,1.0,False
CG3402,-0.88991565,-0.2512867,0.37351118051786447,1.0,False
Trs33,-0.890099,-0.36899003,0.37341274169254657,1.0,False
Pur-alpha,-0.89118695,0.005987528,0.372828877255294,1.0,False
Dscam2,-0.8915784,0.013947952,0.3726189655906925,1.0,False
PolD2,-0.89524764,-0.61068743,0.37065470988997895,1.0,False
Axs,-0.89645207,-1.3153201,0.3700113692639432,1.0,False
CG6937,-0.89724845,-0.51873267,0.36958636891144026,1.0,False
asRNA:CR45822,-0.89798677,-0.3164554,0.36919260141631705,1.0,False
JMJD5,-0.89870036,-0.48136675,0.3688122831484645,1.0,False
KLHL18,-0.9008176,-0.26613417,0.36768533754506816,1.0,False
Pop2,-0.9017748,-0.20940684,0.36717650816608005,1.0,False
CG1827,-0.90336597,-0.44058692,0.36633169214421046,1.0,False
Ssl1,-0.9034155,-0.3510418,0.366305426616649,1.0,False
CG1572,-0.90658426,-0.77484643,0.3646266721346686,0.9972027260190801,False
peo,-0.9078011,-0.21564424,0.3639833328313329,0.9958577923665513,False
Gcna,-0.90784514,-1.345484,0.36396003380612063,0.9958577923665513,False
TyrRS-m,-0.90865856,-0.3673198,0.3635303954002168,0.9951150672912706,False
JTBR,-0.90915245,-0.31861228,0.36326966192007326,0.9949409394105216,False
slv,-0.9093776,-0.29996398,0.36315086998584645,0.9948508818672316,False
Yif1,-0.9103131,-0.32220212,0.3626573888126875,0.9940927714617286,False
cyp33,-0.9134131,-0.32102618,0.3610253141275036,0.9902526519351366,False
CG32100,-0.91355777,-0.42484775,0.3609492701017991,0.9902526519351366,False
Blos1,-0.91385984,-0.25107035,0.3607905046846195,0.9902147080327036,False
Dtd,-0.9149451,-0.34083462,0.36022044914318896,0.9892699941882229,False
Gos28,-0.9161054,-0.30045262,0.35961160714650187,0.9878043748980312,False
CG5808,-0.916112,-0.43897733,0.35960815888481457,0.9878043748980312,False
MED8,-0.9163762,-0.33801013,0.3594696370814988,0.9878043748980312,False
mxc,-0.9175925,-0.30876836,0.35883222045382046,0.9872299882872974,False
CG16865,-0.9183897,-0.37835476,0.3584148904800625,0.9867861042946786,False
Ostgamma,-0.91897446,-0.263208,0.3581089212162083,0.9865638016147156,False
Orcokinin,-0.91969544,-0.5611513,0.3577319472621111,0.9858706390901292,False
CG44153,-0.92275554,-0.13358858,0.3561346119345743,0.9821542361872488,False
Mcm3,-0.92514116,-1.8067211,0.3548924929137791,0.979756775079826,False
p120ctn,-0.92525333,-0.022772884,0.3548341597692628,0.979756775079826,False
Mob4,-0.92566055,-0.1798902,0.35462240100674447,0.979422650615727,False
CG11180,-0.92584234,-0.37377596,0.3545279095634437,0.979422650615727,False
CG17660,-0.9264241,-0.31020418,0.3542256438066119,0.9791500179349363,False
CG6179,-0.92849135,-0.37524518,0.35315275256324485,0.9768007411984004,False
Ctu1,-0.9293883,-0.382439,0.35268790421156493,0.9759258263306326,False
Rbsn-5,-0.93087965,-0.37778717,0.3519158185319241,0.9745162341637912,False
CG5292,-0.93117905,-0.34052315,0.35176096982750615,0.9745162341637912,False
CG2224,-0.93223333,-0.34665364,0.3512159419862506,0.9734926584352076,False
Atg17,-0.9360349,-0.100564554,0.34925520912800057,0.969489375401575,False
JMJD6,-0.9382805,-0.44457296,0.34810027416873235,0.9666918222424581,False
CG10038,-0.94032615,-0.3950466,0.34705029714034774,0.964999567228377,False
OXA1L,-0.9417498,-0.39033726,0.346320732511638,0.9635826267066345,False
Cnep1r2,-0.94244486,-0.25849316,0.3459649268615298,0.9627965065411611,False
CG9328,-0.9434512,-0.037871026,0.34545014429035603,0.9617712597710951,False
GCS1,-0.9441803,-0.30004066,0.34507751894753635,0.9611570547580409,False
Fip1,-0.9448154,-0.2783648,0.34475313861857926,0.9606448249759859,False
CHMP2B,-0.94746554,-0.3140833,0.343401612854886,0.9576911278705553,False
Swim,-0.9482483,-1.3776155,0.3430030364875585,0.9569857542426764,False
CG6693,-0.94862044,-0.30989292,0.34281369824965213,0.9568187710609756,False
CG3760,-0.9522696,-0.31325006,0.34096026868538243,0.9529049108453022,False
MED10,-0.95319474,-0.2872144,0.34049140115072496,0.9519994686216333,False
TM9SF2,-0.95804757,-0.18661314,0.3380387731959955,0.9467535205815382,False
Srp72,-0.9587329,-0.32360503,0.33769330773216577,0.9459875840776786,False
Vps37B,-0.95905936,-0.3202748,0.3375288430137454,0.9457284703717758,False
Ntmt,-0.9592497,-0.3707275,0.33743299396784254,0.9456615427023712,False
CG13807,-0.96275145,-0.3490316,0.33567226122578986,0.9419323478044213,False
Ubc10,-0.9640897,-0.19769385,0.33500095947765984,0.9402493824211722,False
Inos,-0.9657029,-0.23200037,0.33419286164681505,0.9383821356625633,False
Non3,-0.96715367,-0.30115265,0.3334672097677226,0.9371455525144659,False
Taf6,-0.96973574,-0.3029806,0.33217821730911545,0.9349226715911515,False
Sec5,-0.97035617,-0.47255263,0.33186899956931226,0.934252468581905,False
CG7785,-0.97051203,-0.25330618,0.33179133882649714,0.9342339797555173,False
asRNA:CR45951,-0.9712589,-0.5013201,0.3314193854589095,0.9337869091585612,False
Galm1,-0.9726915,-0.50907516,0.3307066679023527,0.9319786238268962,False
Ptpa,-0.97494596,-0.24333239,0.32958707124859676,0.9296759024688813,False
TBC1d7,-0.97505504,-0.35056117,0.3295329688469283,0.9296759024688813,False
CG17002,-0.9751958,-0.3512155,0.3294631430473345,0.9296759024688813,False
CG16903,-0.9769958,-0.29589012,0.32857121515255516,0.9291487708886867,False
Ref1,-0.9774143,-0.14923085,0.328364076982507,0.9287628789554725,False
CG4951,-0.97996587,-0.4589507,0.32710297953537604,0.92579372260917,False
CG31278,-0.9826709,-0.63240707,0.3257694299782823,0.9230133849384664,False
Chi,-0.9834642,-0.25635582,0.32537903603684526,0.9221060842269104,False
Cbp20,-0.9840118,-0.22997604,0.3251096876894204,0.9215415025726216,False
CG8043,-0.98407143,-0.38948438,0.32508040290380724,0.9215415025726216,False
Cyp9c1,-0.98620176,-0.61586046,0.3240341249935531,0.9194844388987867,False
Adc,-0.9875539,-0.8297744,0.3233711778239581,0.9179997078817527,False
CG10947,-0.98951715,-0.2840578,0.32241018967737767,0.9161448865611694,False
Nle,-0.99284685,-0.48434606,0.3207845981420874,0.9124308234167035,False
Ccz1,-0.9952804,-0.41167662,0.31959990685926276,0.9096518033436369,False
Txl,-0.9963181,-0.3416758,0.3190956089149283,0.9084132142008389,False
CG7011,-0.99660856,-0.34477866,0.3189545439485185,0.9082083774707436,False
PNUTS,-0.9970371,-0.04865699,0.31874649602426297,0.9082063539147528,False
CG10543,-0.9978184,-0.0677992,0.3183674315864117,0.9073230142001812,False
CG11964,-1.0004836,-0.4549697,0.3170765190956578,0.9048213979231357,False
Mgat1,-1.001068,-0.27484816,0.3167939182922671,0.9042113119632238,False
CG31098,-1.0083815,-0.33243385,0.31327136326922056,0.8961033924076681,False
CG8833,-1.0089515,-0.3035086,0.3129978594803363,0.8955159746203134,False
RNaseX25,-1.0096482,-0.2584805,0.31266389363715485,0.8949501690886195,False
ERp60,-1.0104828,-0.22096176,0.312264037231178,0.8943604645659008,False
Su(fu),-1.0109918,-0.4644868,0.31202036069964434,0.8940818927069399,False
ERR,-1.0144684,-0.2512365,0.31035926915024026,0.890014266484235,False
BORCS5,-1.0155584,-0.2334326,0.3098397305827435,0.8888024229617622,False
GAA1,-1.0156888,-0.32458705,0.3097776382939419,0.8888024229617622,False
Ppt1,-1.0233151,-1.042392,0.30615890356394404,0.8799724741324998,False
Rpn3,-1.0249054,-0.25439736,0.3054077963702988,0.8781977794534128,False
Tsp42Ea,-1.0261799,-0.7381007,0.3048068071195553,0.8767941098608426,False
trp,-1.0273719,-1.167342,0.3042453787815321,0.875429937063305,False
Cdc2rk,-1.0304745,-0.45656005,0.30278728382391473,0.8723805517934803,False
Rh7,-1.0318352,-0.25396127,0.30214931322608496,0.8713065887873562,False
CG12106,-1.0333413,-0.33962795,0.3014442006978012,0.8698459028040856,False
AMPdeam,-1.0337297,-0.101205915,0.30126257753684604,0.869737702215967,False
Xbp1,-1.0361775,-0.1466407,0.3001193421472287,0.8675469149046925,False
Ca-Ma2d,-1.0371224,-0.1447974,0.29967882692287295,0.8670045923868855,False
CG5885,-1.0406119,-0.26430133,0.2980557427759739,0.8640526176525641,False
Spp,-1.0424254,-0.23150145,0.29721450141674477,0.8621844951694135,False
CG14270,-1.046085,-0.3303775,0.2955217862472279,0.8584110948441251,False
CNPYb,-1.0505089,-0.27771324,0.2934842069976731,0.8536246047269637,False
asRNA:CR45874,-1.0521643,-0.46442267,0.29272419175998454,0.851602524666362,False
MED28,-1.053668,-0.3306652,0.2920349318342851,0.8504091318186654,False
CG9257,-1.0547788,-0.27185345,0.2915264879287027,0.8494344962020138,False
Ccdc58,-1.0563062,-0.30146363,0.2908283496731141,0.8481525395149562,False
CG11134,-1.0571057,-0.6012524,0.2904633763195297,0.8472761882830054,False
asRNA:CR45520,-1.0577667,-0.4515913,0.2901618484124887,0.8465845581679649,False
CG3420,-1.059692,-0.27414224,0.2892847544639169,0.8449635382107873,False
CG1637,-1.0598099,-0.25764504,0.2892310734054876,0.8449635382107873,False
CG10628,-1.0607575,-0.3600022,0.288800108358478,0.8439231096150233,False
CG42359,-1.0608271,-0.50337565,0.2887684626945256,0.8439231096150233,False
GABA-B-R1,-1.062809,-0.01131713,0.2878685962335621,0.8419499717572312,False
CG1847,-1.0650978,-0.27003738,0.2868316452798657,0.8394776504727651,False
nSMase,-1.0651819,-0.30830884,0.2867936705701163,0.8394776504727651,False
mRpL21,-1.0653001,-0.23025268,0.28674012674819993,0.8394776504727651,False
noc,-1.067574,-0.19780026,0.28571273101061256,0.8367619786517628,False
brn,-1.0677302,-0.750747,0.28564222070637235,0.8367419577134282,False
bsh,-1.0687289,-0.8304446,0.28519186088004567,0.8360124241858091,False
GatB,-1.0688294,-0.39753002,0.28514653756049513,0.8360124241858091,False
Ncoa6,-1.0703143,-0.08050574,0.284477888240532,0.8350064617754815,False
Alms1a,-1.0728058,-0.651403,0.2833582528068961,0.8320917989129434,False
lqfR,-1.0734189,-0.22607855,0.2830832340958249,0.8316462907066832,False
GstD9,-1.0746804,-0.21981277,0.28251780272270366,0.8305517775344629,False
CG1943,-1.0796373,-0.16976522,0.28030370853807296,0.8247807957677602,False
Usf,-1.0799371,-0.19930302,0.28017019841530744,0.8245725817190492,False
Rtn4ip1,-1.0804441,-0.4015419,0.27994444934199125,0.824277393861328,False
Polr3G,-1.0816767,-0.44934332,0.2793961760072823,0.8230318648087193,False
CG18870,-1.0835673,-0.36113796,0.27855669171751085,0.8207429340492848,False
SerRS,-1.0841714,-0.35638696,0.2782887899432144,0.8201627371388525,False
CG1418,-1.0850788,-0.3983302,0.2778867523166536,0.8195039973503467,False
CG13014,-1.0877004,-0.8707799,0.27672741860602723,0.8168182856922291,False
Dhod,-1.0890622,-0.31519687,0.2761264768944204,0.815594073470348,False
f-cup,-1.0903648,-0.32749128,0.2755524816350986,0.8144478545134571,False
Gga,-1.0934211,-0.4332055,0.27420897194262717,0.811572094661726,False
CG11562,-1.0962305,-0.3347215,0.272977889998816,0.8086570001069524,False
mtSSB,-1.0967004,-0.4080932,0.2727723448897841,0.808230300833518,False
CCT5,-1.1005895,-0.3485884,0.2710753749934367,0.8037458264415054,False
cN-IIIB,-1.1013328,-0.41619653,0.27075182671133446,0.802988631873352,False
Golgin97,-1.1045948,-0.20263942,0.2693351821193489,0.7991270327907799,False
CG17593,-1.1092342,-0.26714313,0.26732917805902856,0.7944307392296911,False
indra,-1.1110643,-0.32681334,0.2665406468033079,0.7926251730351368,False
Alg10,-1.1129614,-0.4490608,0.265724977892977,0.7907695187184878,False
Nnk,-1.1154499,-0.27155387,0.2646576547385113,0.7880956811508673,False
Pcd,-1.1180704,-0.15006618,0.2635369616552439,0.7851143081186942,False
Prosalpha5,-1.1201267,-0.22951253,0.262659741267916,0.7830334981855,False
mre11,-1.1203836,-0.36521378,0.2625503336205388,0.7828849408004314,False
Vps25,-1.123595,-0.24282102,0.2611849007144401,0.7794056741304473,False
Ppat-Dpck,-1.1249309,-0.53354806,0.26061833718106286,0.7781834966817421,False
aph-1,-1.1293976,-0.4036052,0.25873011842664584,0.7728966779369295,False
Sap30,-1.1312449,-0.28890014,0.2579520378500908,0.7709228404339421,False
trus,-1.1320226,-0.24234803,0.2576249023769397,0.7703908218986253,False
dgt1,-1.1328222,-0.38665733,0.25728895726104273,0.7697088402635125,False
CG5516,-1.1343784,-0.3112493,0.25663581733378105,0.7687374687903389,False
Fdx2,-1.1345263,-0.29497838,0.2565738743710646,0.7687271507319106,False
CG33695,-1.1354606,-0.3734687,0.2561823499166207,0.7677291357478477,False
uno,-1.1356672,-0.559468,0.25609586867020717,0.7676450296978086,False
CG8892,-1.1419352,-0.40500194,0.2534809515267721,0.7611958830012139,False
l(2)37Bb,-1.1477712,-0.4298397,0.2510630343506681,0.7547973768936467,False
CG4686,-1.1505853,-0.20900355,0.2499028713520095,0.7523421838343086,False
mldr,-1.1525846,-1.075615,0.24908094965967653,0.7503834845203597,False
Obp99b,-1.1534896,-5.8805895,0.24870948881479382,0.7496081175493591,False
SkpA,-1.153714,-0.049645044,0.24861747726742556,0.7495026998786968,False
Spn43Ab,-1.1586622,-0.367824,0.24659388214883515,0.7440850069616172,False
CG9581,-1.1634903,-0.35721397,0.2446306278147834,0.7390094437043836,False
dbe,-1.1640565,-0.4178551,0.2444010991581429,0.7386556679018297,False
CG13408,-1.1655004,-0.33981827,0.24381651685874972,0.7370583961446585,False
CG8520,-1.1675928,-0.33642122,0.24297106310504157,0.7350098389188193,False
Aos1,-1.1702251,-0.31349757,0.2419103779396089,0.7321382488494704,False
Golgin84,-1.1761825,-0.3855567,0.2395219301557182,0.7265830295882486,False
Drp1,-1.176579,-0.22269267,0.23936358194093765,0.7262703371705984,False
CG2685,-1.1770415,-0.3681521,0.23917890995818447,0.725877611030139,False
Bap55,-1.1770451,-0.32052144,0.23917752066715503,0.725877611030139,False
Der-1,-1.1783167,-0.23585972,0.23867034719673375,0.7248363837560153,False
EloA,-1.1783206,-0.24929275,0.2386688058568437,0.7248363837560153,False
CG4842,-1.1796345,-1.4571403,0.23814561912929788,0.7237445839449823,False
Mrm2,-1.1798991,-0.45700052,0.2380403713273498,0.7235920702319463,False
CG13071,-1.1806725,-1.5828394,0.23773281764427512,0.7229916585659383,False
Nprl2,-1.1827492,-0.45988807,0.2369085780846082,0.7209855545645754,False
Prp16,-1.1871718,-0.30174524,0.23515983388468842,0.7163271620488388,False
sgll,-1.1875339,-0.33468726,0.23501709791913772,0.7160583546847644,False
sds22,-1.1877222,-0.3443762,0.23494285678301563,0.7159981634938795,False
Mys45A,-1.1895312,-0.3646302,0.23423071290328357,0.7144329392952417,False
CG10209,-1.191016,-0.41751105,0.233647311116009,0.7130421076115825,False
CG8149,-1.1923399,-0.25086278,0.23312799696821995,0.7116225338349311,False
NHP2,-1.1923914,-0.398103,0.2331078356520614,0.7116225338349311,False
SelR,-1.1978387,-0.11587041,0.23097985280472577,0.7068715057538196,False
CG33107,-1.2067691,-0.3517766,0.2275210646575192,0.697748963982371,False
Nmd3,-1.2069548,-0.5908903,0.22744955641763265,0.697748963982371,False
Srlp,-1.2073667,-0.25088447,0.22729095471697525,0.6976945657406615,False
gammaCOP,-1.2086384,-0.33290792,0.22680179738072492,0.6963557054626416,False
Prx6a,-1.2090015,-0.6399769,0.22666223982797462,0.6960898559428405,False
Abcd3,-1.20969,-0.38504982,0.2263978579677487,0.6954404515086924,False
Ns3,-1.2136127,-0.60143423,0.2248956732712395,0.6914726351093491,False
Cox10,-1.2136266,-0.30012318,0.22489035383602762,0.6914726351093491,False
Idh,-1.2142694,-0.27795637,0.224644871102756,0.6910248715265255,False
Arp5,-1.2155337,-0.3545696,0.22416258813455847,0.6898643022660966,False
CG14340,-1.219519,-0.5118465,0.22264726042761163,0.685682598846788,False
beta4GalT7,-1.2196969,-0.56937206,0.22257978326841876,0.6856354739639688,False
CG12170,-1.222117,-0.40156433,0.2216634007919992,0.6829727432139886,False
Enoph,-1.22232,-0.30701438,0.22158663387879474,0.6828963310978522,False
oya,-1.2263764,-0.38255277,0.22005703999316018,0.6789785307701616,False
vih,-1.2282906,-0.24665777,0.21933790320832292,0.6770776100682573,False
CG8435,-1.2373391,-0.59567976,0.215961225258681,0.6683811731333789,False
CG10866,-1.237462,-0.40847248,0.21591558657102428,0.6683811731333789,False
sax,-1.2410458,-0.37870246,0.21458879809728815,0.6649166224467021,False
nero,-1.2489356,-0.4178313,0.2116886239042276,0.6568595529457981,False
CG7049,-1.2494946,-0.4480839,0.21148426455519942,0.6563804252526867,False
Trmt112,-1.2569739,-0.2858136,0.20876310002115284,0.6488542803637581,False
O-fut2,-1.2570345,-0.71731216,0.20874111194144707,0.6488542803637581,False
CG11454,-1.2579938,-0.26695076,0.20839400692222576,0.648167016559756,False
CCT2,-1.261742,-0.32457545,0.20704165003101827,0.6444183616905759,False
CG7182,-1.2619361,-0.65102994,0.2069717709936464,0.6444183616905759,False
beg,-1.26401,-0.44119826,0.20622644147119085,0.6424897267361117,False
HisRS,-1.264237,-0.28935346,0.20614496574146168,0.642388189425788,False
P32,-1.2650388,-0.27969646,0.20585741996060314,0.6417965256707677,False
CG4820,-1.2666308,-0.49846274,0.20528735358324834,0.6401711232647048,False
mRpL32,-1.2696769,-0.49505594,0.20419972709738365,0.6373844688329497,False
CG4297,-1.2719743,-0.20352024,0.2033822277513333,0.634983572078943,False
CCT8,-1.2722845,-0.3448849,0.2032720344168235,0.6347903527261116,False
CG5515,-1.2724122,-0.27153563,0.20322670564612522,0.6347903527261116,False
mxt,-1.2724652,-0.23362377,0.2032078895006022,0.6347903527261116,False
Brms1,-1.2746257,-0.3360989,0.20244176524379287,0.6326485700520053,False
ohgt,-1.2751602,-0.30485937,0.2022525480562708,0.6322075961007266,False
CG5068,-1.2778904,-0.23451172,0.2012880720696627,0.6294922786928695,False
BORCS6,-1.2825862,-0.31634688,0.19963709351122982,0.6250729201408318,False
Schip1,-1.2892858,-0.15333278,0.1972987392533797,0.6193747569347021,False
CG10508,-1.2935407,-0.15639332,0.19582412405767158,0.6156279459908761,False
sPLA2,-1.294711,-0.2832952,0.1954199278032538,0.6147984848605597,False
Josd,-1.2983518,-0.42488122,0.194166502862004,0.6121741876462558,False
TFAM,-1.2986635,-0.36983067,0.19405945165907257,0.6119835023402622,False
CG18661,-1.302142,-0.41302645,0.19286782555428283,0.6090180683576822,False
CG17726,-1.3068231,-0.58793366,0.19127278200157438,0.6045011131030998,False
Nkap,-1.3077011,-0.37587398,0.19097470481348178,0.6037162879451708,False
Dim1,-1.3116345,-0.31425714,0.18964346297208856,0.6007967085140347,False
CG14881,-1.3118387,-0.45836082,0.18957453554225867,0.6007231665205742,False
CG42340,-1.3125196,-0.110201515,0.18934491077482707,0.6001402490332857,False
CG11110,-1.3191797,-0.37108523,0.18710904783856463,0.5942193911945164,False
CCT1,-1.3213673,-0.41087952,0.18637893739554956,0.5923109108379485,False
l(3)07882,-1.324335,-0.41955397,0.18539182867471438,0.5894589936158775,False
Calr,-1.3268993,-0.13364966,0.18454201728227682,0.5870410673218106,False
CG30291,-1.3283659,-0.3871095,0.1840572692111465,0.585782653113024,False
Dgkepsilon,-1.3289808,-0.24692644,0.1838542932913576,0.5852784079800704,False
CG4896,-1.3308625,-0.2075699,0.18323426767914497,0.5835873755626865,False
CG8173,-1.3318546,-0.69935596,0.18290799269488878,0.5829072904148327,False
CkIalpha,-1.335518,-0.009050705,0.18170685949472132,0.5797062006846644,False
CG3021,-1.3369309,-0.4579034,0.18124519396577554,0.5784535284908054,False
rho-7,-1.3378294,-0.4200016,0.180952066828453,0.5777189286182461,False
MED4,-1.3412079,-0.40188447,0.17985299307660918,0.5751881679288686,False
Gfat2,-1.3416955,-0.35779554,0.17969473951907233,0.5748219503456985,False
CG12877,-1.3433257,-0.32986954,0.1791665146776047,0.5738306530291015,False
sosie,-1.3441805,-0.24053654,0.17889001876233046,0.5730847724416832,False
GIIIspla2,-1.3446254,-0.36426002,0.17874626640050328,0.5729035821387838,False
CG11127,-1.3478652,-0.3978384,0.17770171606366303,0.5699727241378072,False
Ocrl,-1.3501859,-0.23520787,0.17695635825305778,0.5682155488186177,False
adp,-1.3516285,-0.4245136,0.17649416971910425,0.5670684313639973,False
raw,-1.355748,-0.24861759,0.17517934568651294,0.5633949539076032,False
CG10904,-1.356645,-0.4610451,0.17489404565772193,0.5627528535720187,False
Prp19,-1.3574792,-0.45509586,0.17462898747031474,0.5621752876892224,False
CG4291,-1.3585874,-0.44060647,0.17427739211523963,0.5611808894355217,False
CG3104,-1.3589029,-0.23561366,0.17417734865734358,0.5609962104671942,False
CG13625,-1.3612862,-0.33201098,0.17342325789558966,0.5592527685904156,False
Cyp4ae1,-1.3630185,-0.8152866,0.17287666181028793,0.5576269545530176,False
CG12379,-1.3655971,-0.40264913,0.17206543959643283,0.55541929298372,False
Mob3,-1.3663185,-0.30885723,0.17183902213988356,0.5548247149730245,False
lncRNA:CR45979,-1.3671821,-0.4909207,0.17156822159560126,0.5543264882755712,False
ttv,-1.3723761,-0.0891749,0.16994639246310328,0.5503365064952292,False
CG11414,-1.3734555,-0.44117114,0.1696107686817132,0.5496560077056457,False
CG4338,-1.3767651,-0.371772,0.1685848686508875,0.5467358733813704,False
Ero1L,-1.3806379,-0.40280807,0.16739032962745426,0.543264095241881,False
CG13919,-1.3811585,-0.43360066,0.16723023947472582,0.542878601022078,False
CG7550,-1.3835835,-0.5241154,0.16648601586054257,0.5407297910092412,False
CG9471,-1.3910892,-0.36805376,0.16419838239357665,0.5343563504294182,False
MED31,-1.3910923,-0.29629982,0.16419744423913907,0.5343563504294182,False
Trs31,-1.406106,-0.28386012,0.15969266998168108,0.5208541514592383,False
Coq3,-1.4089471,-0.42780912,0.158850795820222,0.5183656091069127,False
Saf-B,-1.4110655,-0.10851548,0.1582253038226925,0.5167094228464221,False
Adk3,-1.411426,-0.19472405,0.1581190522033199,0.5164907941843965,False
CG7706,-1.4143689,-0.42952695,0.1572536171762952,0.5139193691404366,False
U2A,-1.4148663,-0.56713086,0.1571077049967731,0.513570236657362,False
Imzf,-1.4156328,-0.59454215,0.15688302423878075,0.5130910456749174,False
CG31109,-1.4176286,-0.33972758,0.15629922614578268,0.5116911137971426,False
trpl,-1.4178575,-0.98983157,0.15623235327316562,0.5115996397614426,False
Lrpprc2,-1.4182768,-0.6403723,0.15610995988095486,0.5114537478922033,False
mtm,-1.4280564,-0.37386578,0.15327565034300952,0.5040528831725446,False
Ing3,-1.429504,-0.3669509,0.15285942745138278,0.5029358377913423,False
Gk2,-1.433326,-0.76996636,0.1517646779749635,0.4997092541390618,False
Moe,-1.4338965,-0.15359822,0.15160178765687682,0.499423186663078,False
Tango14,-1.4370526,-0.3298384,0.15070305038324558,0.49658695714298645,False
Fbxo42,-1.4404689,-0.4227165,0.14973477288303974,0.4943881031296546,False
Hap40,-1.4471729,-0.31149113,0.14784852550067476,0.48865127605743636,False
CG7694,-1.4485339,-0.37908635,0.14746780060952128,0.4876382405157824,False
eEF2,-1.4569067,-0.0525448,0.14514214332980355,0.4809160124803198,False
CG17029,-1.4584793,-0.34077278,0.14470848143773699,0.47960003898443926,False
Idh3b,-1.458561,-0.12193236,0.1446860042213429,0.47960003898443926,False
CG8531,-1.4586282,-0.38504976,0.1446674705201168,0.47960003898443926,False
mRpL28,-1.4610088,-0.23818453,0.14401303713825334,0.47789780834186546,False
CG3337,-1.4641671,-0.35022888,0.14314828953353292,0.47550851182005965,False
CG4025,-1.4649658,-0.50897276,0.14293024647791347,0.47490426522535045,False
Nup44A,-1.4651847,-0.45948073,0.14287052714542742,0.47490426522535045,False
CG2921,-1.4666722,-0.3362069,0.14246523815954693,0.47411275257367874,False
PMP34,-1.4768795,-0.2671018,0.13970794217635615,0.46620164249352364,False
Lint-O,-1.4775177,-0.60553026,0.13953692615523722,0.46574923713639127,False
CG10343,-1.4781775,-0.36949605,0.13936027542775623,0.4653960303420952,False
Nup58,-1.4802951,-0.53787315,0.13879451977871182,0.46374238098450343,False
CG4036,-1.4802966,-0.5301432,0.13879410708890574,0.46374238098450343,False
CG13148,-1.4839469,-0.37143117,0.1378229948721192,0.46084783094517,False
colt,-1.4854785,-0.4628691,0.13741709848669892,0.46019319347953885,False
CG12391,-1.4869792,-0.2631042,0.13702029670666316,0.4590983475324479,False
sra,-1.4913092,-0.16181754,0.13588035458413558,0.45574368034459567,False
Rae1,-1.493533,-0.6308535,0.13529770874964395,0.4539053333365002,False
RnpS1,-1.4971629,-0.30237812,0.13435087802613765,0.4510743199135092,False
Tim9a,-1.5027255,-0.2809442,0.1329098636748103,0.44703570989267527,False
Uch-L5,-1.5030243,-0.353861,0.13283275259062394,0.44700517331456824,False
Jhbp2,-1.5035968,-0.17732203,0.1326852109460567,0.44662304227513605,False
PDCD-5,-1.5044322,-0.31842244,0.13247010769202072,0.4461275461765362,False
CG9577,-1.5090963,-0.73791325,0.13127417352210088,0.4431219918453449,False
TTLL12,-1.5157994,-0.49140272,0.12957007810123256,0.43804486656246383,False
Gtpbp2,-1.516146,-0.18330501,0.12948244679664916,0.43786125407997084,False
CG1529,-1.5214281,-1.4189738,0.1281524438094631,0.4338506049234844,False
Daao1,-1.5216942,-0.5168036,0.12808572418232417,0.43380786120616543,False
Uba2,-1.5242418,-0.32203656,0.1274483082904697,0.43209448380935556,False
CG14762,-1.524665,-0.06665603,0.12734268262622395,0.4318477915848281,False
Afg3l2,-1.5280697,-0.30858904,0.12649523050638686,0.42956985477436394,False
Vps15,-1.529044,-0.42267883,0.12625353981148105,0.42904002241082817,False
eIF2Bgamma,-1.5290911,-0.35771078,0.12624184340456507,0.42904002241082817,False
Uba3,-1.530098,-0.6279268,0.1259924891257998,0.4284853259839894,False
CG11980,-1.5310196,-0.4149888,0.12576454627882597,0.4278208394123873,False
Set,-1.5317014,-0.27557227,0.12559611562331213,0.42735850735524206,False
TfIIEalpha,-1.5322418,-0.39572436,0.12546277615156298,0.42701536943996093,False
Nup107,-1.5369674,-0.6051189,0.12430130155643548,0.4235010121216279,False
Wdr62,-1.5374373,-0.050855424,0.12418626058350318,0.42321878898542925,False
Nf-YC,-1.5398523,-0.3755893,0.12359636402106224,0.4215364182716789,False
VhaM9.7-b,-1.539978,-0.18457876,0.12356571991478081,0.4215364182716789,False
fws,-1.5419087,-0.4843941,0.12309577129024593,0.4202654015393925,False
CDK2AP1,-1.5509433,-0.30855736,0.12091526992688399,0.41346540778276936,False
Gbeta5,-1.5531243,-0.1291968,0.12039343969441096,0.4120026539125663,False
Hacl,-1.5542811,-0.5419187,0.1201173704994753,0.41116498195717766,False
Atat,-1.5562788,-0.1797782,0.11964180852927003,0.40985740507902435,False
Fak,-1.5602049,-0.18036355,0.1187114648635259,0.4070948224873679,False
Dpit47,-1.5608624,-0.5056834,0.11855621507309774,0.4066685518860813,False
CG7903,-1.5609452,-0.31443268,0.11853668315120573,0.4066685518860813,False
Tfb1,-1.563861,-0.44454718,0.11785020248797058,0.40445795531324663,False
Dnz1,-1.5674913,-0.32594755,0.11699990281528315,0.40174960096567436,False
bigmax,-1.5697644,-0.3944175,0.11646994897659024,0.40045306109402734,False
red,-1.5707583,-0.31536728,0.11623879468954766,0.3997628895617236,False
Slu7,-1.5735879,-0.4284733,0.11558274285833717,0.3977148007073602,False
eEF1alpha1,-1.5861382,-0.09004295,0.11270795115250823,0.3886368895552639,False
CG8778,-1.5888015,-0.39508507,0.11210520253277435,0.3867614771549456,False
nAChRalpha2,-1.589659,-0.2215005,0.11191168496802972,0.3861952342869955,False
lsn,-1.5898249,-0.42389295,0.11187426884865177,0.38616752480696953,False
mRNA-cap,-1.5916493,-0.38973236,0.11146351643100069,0.3851543700814568,False
CG17078,-1.5927547,-0.38178754,0.11121522374103382,0.38454363556679017,False
p47,-1.5954741,-0.31459746,0.11060625387910362,0.38309878287435445,False
mRpL35,-1.5964522,-0.31240925,0.11038785687149233,0.38254399450112886,False
Rtca,-1.5973349,-0.44334066,0.1101910825421106,0.3819628107849843,False
su(w[a]),-1.5981286,-0.15090075,0.11001437758292638,0.3814509065480832,False
Sac1,-1.612367,-0.30487493,0.10688208323508128,0.3723588164878587,False
Rim,-1.619527,0.003781798,0.105333927011189,0.36754995614817704,False
unc79,-1.6281341,-0.07763072,0.1034964408150853,0.3620033880093255,False
CG9154,-1.6305918,-0.50885993,0.10297650107165568,0.3605686652231887,False
Atg3,-1.6308191,-0.26891553,0.1029284909738875,0.3604966151087035,False
CG11779,-1.6321253,-0.33432642,0.1026531041139812,0.3596279501897699,False
CG5065,-1.6372546,-0.06572945,0.10157728369988994,0.3563339789376011,False
Pa1,-1.6400533,-0.3339616,0.1009940922476268,0.35485651503370685,False
Tsf1,-1.6406817,-0.35672727,0.10086349151750025,0.3545872504097033,False
Not10,-1.6445181,-0.37489235,0.10006921981010909,0.3520775415059286,False
Bbd,-1.6448175,-1.5083507,0.10000745151332031,0.35195445108102363,False
Egm,-1.6521611,-0.41580334,0.09850171165852864,0.3470270758457707,False
inaD,-1.6558273,-1.589599,0.09775679590216234,0.34467991815141275,False
GstE12,-1.6630588,-0.32267696,0.09630067526949258,0.3400019273821607,False
CG17141,-1.6640925,-0.5430191,0.09609392755759302,0.33954565798180425,False
eEF5,-1.669048,-0.08494017,0.0951078888365414,0.33624233715388496,False
p38b,-1.6750684,-0.34906906,0.09392082006346408,0.332582456603067,False
Archease,-1.6768309,-0.42589194,0.09357555896147708,0.33144916989562545,False
E2f2,-1.6908633,-0.56013894,0.09086291651459605,0.32307046107623527,False
CG44314,-1.6922294,-1.2829525,0.09060225056419405,0.32254435936746195,False
DCTN6-p27,-1.6933684,-0.30163673,0.09038536612922064,0.3219718341838136,False
Hsp67Ba,-1.6985836,-0.29611352,0.08939766675044018,0.31871262581864745,False
CG31344,-1.7020943,-0.31263304,0.08873768764919979,0.3169616617010423,False
Cpr49Ag,-1.7053648,-1.4815735,0.08812639879850395,0.31529117115565397,False
SP1029,-1.7102633,-0.4568674,0.08721719479419247,0.31263534009560373,False
D,-1.7135288,-0.30599862,0.08661529903937153,0.3108169428389899,False
Ntf-2,-1.71659,-0.19151399,0.08605409432031431,0.3091407472562194,False
CG1523,-1.7169412,-0.5463273,0.08598990180236497,0.30899461295730873,False
Rai1,-1.7191552,-0.60649,0.08558612462488092,0.3076278073565537,False
Cox11,-1.7203015,-0.43699202,0.08537764385987563,0.3069624125752738,False
CG2147,-1.7214576,-0.46205938,0.0851678206100047,0.3066279928106533,False
Cyp12b2,-1.7225568,-0.55629766,0.0849687034299915,0.3060783255958109,False
angel,-1.7265785,-0.4846694,0.08424340163416447,0.3036320737450783,False
orion,-1.7268256,-0.39203072,0.08419899277292489,0.3035552713385476,False
Nubp1,-1.7285691,-0.40179798,0.08388623640196802,0.30259375035911656,False
jus,-1.7327257,-0.053319853,0.0831444231431535,0.3002475582644078,False
Fsn,-1.7355283,-0.29942948,0.08264727317526085,0.29853430917979734,False
Irp-1A,-1.7379607,-0.3888262,0.08221773887381126,0.297309660578083,False
CG5188,-1.7431133,-0.7853033,0.08131383382189782,0.29428396867352224,False
CCT3,-1.7436961,-0.36132124,0.0812120927822218,0.2939967248625831,False
CG11695,-1.7437952,-0.4690151,0.0811948199042334,0.2939967248625831,False
CG10802,-1.7440032,-0.47241127,0.08115852958988332,0.2939967248625831,False
RIC-3,-1.7464913,-0.21172981,0.08072561637503294,0.2926387102853263,False
mRpL30,-1.7468437,-0.2487807,0.0806644618569778,0.2924977078539032,False
CG16953,-1.7468665,-0.26272354,0.08066050254361705,0.2924977078539032,False
Adk2,-1.747121,-0.35080114,0.08061635682778073,0.29248468941851646,False
MRG15,-1.7514997,-0.3684904,0.079859890833444,0.29038152336532586,False
CG10333,-1.7564553,-0.27178484,0.07901070017100723,0.28777151079468016,False
Bdbt,-1.7574362,-0.39700633,0.07884349882236209,0.2873218020035109,False
CG11999,-1.7574486,-0.36877844,0.07884139086664231,0.2873218020035109,False
Rph,-1.7590346,-0.44953197,0.07857162239138929,0.2864899250403015,False
Nup62,-1.7621737,-0.39191425,0.07803995689713938,0.2846303284999469,False
bdg,-1.7655382,-0.5369561,0.07747335613089296,0.28279927025446233,False
CG9643,-1.7746598,-0.5001528,0.075954078217675,0.27787097490491847,False
CG6180,-1.7748439,-0.26821566,0.07592366642999972,0.2778370650394393,False
Vti1b,-1.7785933,-0.27244824,0.0753064722311277,0.27588579637280436,False
CG15561,-1.7809367,-0.5648539,0.07492279434714114,0.2746333167408038,False
HPS1,-1.7897346,-0.3720408,0.07349659491676341,0.27015909197236027,False
Naa20A,-1.7921318,-0.46300092,0.07311186323299859,0.2692721397827451,False
MED7,-1.7966361,-0.3016784,0.07239341217619678,0.2667756111630404,False
eIF2Bdelta,-1.7986364,-0.47649938,0.07207620614267422,0.2656811851110468,False
Nnp-1,-1.804332,-0.34118652,0.07117926998805386,0.26281730455549757,False
Cypl,-1.804465,-0.48352528,0.07115842738635517,0.26281419176056586,False
CG32576,-1.8045064,-0.4895131,0.07115194538801438,0.26281419176056586,False
U2af50,-1.8089218,-0.28391135,0.07046314642033112,0.2606858691186856,False
lncRNA:Hsromega,-1.8108124,-0.0060462984,0.07016989983526985,0.25967407877648013,False
CG17108,-1.8170533,-2.0335112,0.06920895202170298,0.25629254160768156,False
Galt,-1.8208282,-0.48457888,0.06863297900229408,0.2544163546034264,False
Tbcc,-1.8214056,-0.3077439,0.06854522004646642,0.25416273606958667,False
asRNA:CR44961,-1.8223424,-3.6973684,0.06840305040007369,0.25385046182077614,False
CG8237,-1.827215,-0.5174164,0.06766746137929511,0.2514757098374765,False
Chmp1,-1.828149,-0.1919554,0.06752719708151443,0.2510964620396664,False
Upf3,-1.840121,-0.57682514,0.06575046600464339,0.24504449057487773,False
CG5644,-1.8409592,-0.42862374,0.06562753914100918,0.24469314677636847,False
CG8939,-1.8415025,-0.90224016,0.06554793934884902,0.24463660067686027,False
CG9147,-1.8430114,-0.38953906,0.0653273467644816,0.24402122337465965,False
RpS17,-1.8438278,-0.024311429,0.0652082300714666,0.24364553635744746,False
CG3500,-1.8445852,-0.40545577,0.06509790684001514,0.24344097717263485,False
CG11456,-1.8501976,-0.44938192,0.06428507645407165,0.24060671879320866,False
CG31229,-1.851571,-0.3060897,0.0640874491687206,0.23993537593337816,False
Tcs5,-1.8522073,-0.5420869,0.06399606854036839,0.23966153795639242,False
alc,-1.8537501,-0.12383356,0.06377492419930773,0.2390377292935262,False
NC2beta,-1.8582053,-0.3443022,0.0631398682801756,0.23706314544851073,False
Noc3,-1.8632073,-0.44973993,0.06243309461301663,0.2346777163357127,False
CG4660,-1.8639538,-0.34749505,0.06232818559669491,0.23441748337898335,False
CG3706,-1.86679,-5.2169843,0.0619309144420717,0.23325713576476476,False
CG3907,-1.8723309,-0.20542493,0.061160837188377254,0.23055495166163667,False
CG14321,-1.8738675,-0.25693664,0.060948683464557535,0.2298211332590389,False
CG3436,-1.8742551,-0.33436245,0.060895274165854434,0.22972745397106392,False
gpp,-1.8752642,-0.06823532,0.06075638933544905,0.2292934268400735,False
STUB1,-1.8774328,-0.2638702,0.06045880006439874,0.22823587809430163,False
mRpL27,-1.8853984,-0.22628331,0.05937607912579236,0.22479431166581315,False
Prp40,-1.8862283,-0.37072065,0.05926419099864853,0.22443537000381567,False
Sbp2,-1.8874773,-0.4820641,0.059096167186588874,0.2239281237021235,False
Tmem43,-1.8884914,-0.46494454,0.05896002022025063,0.2236056639868149,False
ThrRS,-1.8887489,-0.28592104,0.05892547976811934,0.22353918291941577,False
Vps29,-1.8911926,-0.33652845,0.058598647067839925,0.22249200263463867,False
CG14483,-1.9066185,-0.21234515,0.05657000936651491,0.21547434582184707,False
CG13631,-1.9072462,-0.26726308,0.05648871143324846,0.215227067829608,False
hig,-1.9124321,-0.054779865,0.05582080270468358,0.21299104771842248,False
Gnf1,-1.9182858,-0.38650888,0.05507478180029104,0.21045004583821594,False
Polr2F,-1.9184885,-0.23347707,0.05504910285083943,0.21041348117492864,False
Srrm1,-1.9189724,-0.2546838,0.05498783716851929,0.21030127131301277,False
Tbp,-1.923337,-0.66058594,0.05443773794333169,0.2084400682731124,False
CG13887,-1.9267232,-0.22435594,0.05401413542596089,0.20699905326117005,False
CG42336,-1.9292306,-0.36922908,0.053702237382962995,0.20598397590470421,False
CG12795,-1.9310604,-0.45768836,0.0534755785735268,0.2051744753386031,False
CG6329,-1.9386477,-0.02588389,0.05254424945185151,0.20207315833970751,False
mRpS26,-1.9390256,-0.273007,0.05249822248918778,0.20195525226300254,False
Sec23,-1.9402969,-0.29187247,0.052343617660814294,0.2014194669636195,False
Gpo1,-1.9417995,-0.2698442,0.05216137685177582,0.20089468147983175,False
Srp19,-1.9420161,-0.4111608,0.05213515171640422,0.20085254432872116,False
shop,-1.9432503,-0.76428777,0.05198592564257554,0.2004539462644029,False
Slbp,-1.943837,-0.37464824,0.051915109034701555,0.20023963834018585,False
Nlp,-1.9449784,-0.25607964,0.05177758160692092,0.19982649042483047,False
CG13928,-1.9492452,-0.010078093,0.0512661469422255,0.19802717136031314,False
Prosbeta7,-1.9514738,-0.44619754,0.05100071091117953,0.19717574053657258,False
PSMG1,-1.9516463,-0.43838856,0.05098021326338638,0.19715449749681002,False
sn,-1.9567676,-0.3099904,0.05037480768963849,0.19502253318493756,False
CG1542,-1.9580938,-0.4833167,0.05021901265013697,0.19461163233130344,False
Non1,-1.9634145,-0.19876629,0.049598024204379955,0.1924889651712218,False
LysRS,-1.9745609,-0.49163985,0.04831800133620407,0.18796532136147356,False
CG1703,-1.9787016,-0.27186447,0.04784960698095121,0.18630864750716442,False
CG12093,-1.980238,-0.5319104,0.04767680272362133,0.1856908312362501,False
Sec22,-1.982702,-0.35334635,0.04740072419706236,0.18472506425670118,False
l(3)05822,-1.9839934,-0.26067415,0.047256570911690436,0.1843272776344684,False
CCT4,-1.9845991,-0.41826162,0.04718908974614829,0.18411871388186898,False
CG3918,-1.994003,-0.3791382,0.04615172014992155,0.1803925504134798,False
Vps24,-1.9982425,-0.16558981,0.04569038144706027,0.1787488248275734,False
Lcch3,-2.0004725,-0.20185457,0.04544925927182685,0.17791144357791974,False
CG2701,-2.0011358,-0.5118079,0.04537774878373596,0.1777374058918254,False
CG14543,-2.0025325,-0.47642082,0.04522749065416272,0.1772016859529971,False
Rpn1,-2.0045009,-0.3335677,0.04501644338707264,0.17642740308664526,False
PIG-H,-2.0102358,-0.5057737,0.044406236866399586,0.17429580605177925,False
Hakai,-2.0141916,-0.59358996,0.04398941093379784,0.1729697334174259,False
Ahcy,-2.016259,-0.651927,0.04377290125361855,0.17222146568077887,False
CG2926,-2.0200775,-0.16080804,0.04337534208064683,0.1707595477177292,False
ClpP,-2.0219731,-0.34282637,0.04317912771709364,0.17003803336239962,False
Polr2E,-2.0237174,-0.533889,0.042999230485181054,0.1694819699477397,False
CG3184,-2.0261495,-0.5662784,0.04274946915158024,0.16864928673699067,False
Prx3,-2.031558,-0.25762317,0.04219841474019105,0.1665253357660212,False
CG4390,-2.0341513,-0.48150143,0.04193633599996254,0.1655408204792754,False
Prosalpha6,-2.0342307,-0.4031341,0.04192834490397049,0.1655408204792754,False
SppL,-2.0365071,-0.25394806,0.041699452106079817,0.16475420929825463,False
Hsp70Bc,-2.0448313,-0.61525387,0.04087149684277182,0.16187231465065235,False
Teh1,-2.0474393,-0.17783259,0.04061497576122636,0.1610019295560409,False
CG2004,-2.0486324,-0.74180514,0.04049807022860548,0.16058694655223435,False
ytr,-2.0535073,-0.24350263,0.040023403296187775,0.15884854808674223,False
Amacr,-2.0548184,-0.6045157,0.039896544152217855,0.15847549519632648,False
PTPMT1,-2.0629027,-0.53252184,0.03912187194361591,0.1556465392706802,False
qtc,-2.0672863,-0.15972997,0.03870717761479771,0.15427692479103933,False
mRpL18,-2.0674233,-0.37416017,0.038694285660767276,0.15427233248426664,False
CG31140,-2.0703118,-0.0034395228,0.03842316559203867,0.15323788134900765,False
Prp31,-2.0779114,-0.35604152,0.03771752582467332,0.15097350193787148,False
sbb,-2.0812588,0.0028936786,0.03741022061303642,0.14997184535567773,False
Gclm,-2.086841,-0.348799,0.03690250106685583,0.14811721640792683,False
M1BP,-2.087106,-0.35358787,0.036878550930878766,0.14806631157429814,False
Gtpx,-2.0885544,-0.2676937,0.036747845774308494,0.14767689337008805,False
Tmem70,-2.0888202,-0.4068176,0.036723911503077786,0.14762585532638275,False
CG11593,-2.0910926,-0.35667378,0.03651977522510316,0.14689512281392123,False
Pacs,-2.092308,-0.056989133,0.036410964197459414,0.1465022904221721,False
Vsx2,-2.095748,-0.44909975,0.036104548839697104,0.14544754025213355,False
HP1c,-2.1011608,-0.4566762,0.03562684617980486,0.14361116124196802,False
CG43324,-2.1138837,-0.10277727,0.03452520255236173,0.13964163950156525,False
NaPi-III,-2.11833,-0.07631079,0.03414712940834641,0.13824011939466427,False
AsnRS,-2.119592,-0.3955729,0.03404046483207408,0.1378507699101034,False
Prosbeta6,-2.1253831,-0.37234497,0.033554655391202656,0.1361351424809491,False
Polr2H,-2.1263056,-0.48985833,0.03347782257335246,0.1359073421181417,False
Kyat,-2.1313043,-0.51582325,0.03306408813108139,0.1343522517410453,False
CG1910,-2.1397138,-0.23615867,0.03237790619998407,0.13184941598202374,False
CG15602,-2.139877,-0.51576906,0.032364710016146686,0.13183653264791806,False
CG11191,-2.141609,-0.2494334,0.032224964011896166,0.1313487134244192,False
Uch,-2.156762,-0.39047801,0.0310242269739934,0.12716449365728236,False
CG2246,-2.1647239,-0.26919484,0.030408837200314603,0.12483677902197257,False
Arp6,-2.1682096,-0.49679795,0.03014275381411976,0.1238217967712872,False
alien,-2.168953,-0.37111783,0.030086265483835112,0.12362839734930495,False
Las,-2.1723483,-0.39156383,0.02982940267328411,0.1226880064255482,False
Pdk,-2.1797307,-0.28114763,0.029277439172439794,0.12060652920533897,False
JIL-1,-2.184414,-0.1678948,0.028931842476210116,0.1193324093531437,False
Rlb1,-2.1856844,-0.49845162,0.0288386947608949,0.11898564767752587,False
CSN5,-2.1888366,-0.43918988,0.02860871190111024,0.11818518802027339,False
CG8372,-2.1909156,-0.3319273,0.028457901975821907,0.11767315603029443,False
SmD3,-2.1992266,-0.43332598,0.027861820746792026,0.11528091512392759,False
CG12118,-2.2018802,-0.43953553,0.02767377662293585,0.11457501531253937,False
TfIIEbeta,-2.2086837,-0.51491404,0.027196641213242796,0.11270610601804591,False
CG9164,-2.2131119,-0.32436544,0.026889928779207862,0.11150538153599573,False
OstDelta,-2.2254534,-0.6869445,0.026050816115816187,0.10816233004042354,False
Snr1,-2.2329335,-0.38319767,0.02555332746669675,0.10616385590890358,False
pix,-2.2354476,-0.1823337,0.02538798162394865,0.10554364647906017,False
Sgt,-2.237348,-0.30172962,0.025263595456002104,0.10505978097700115,False
CG1688,-2.2413523,-0.19605681,0.02500325922349614,0.1040430112273473,False
Ythdf,-2.2454057,-0.25460604,0.024742098392794322,0.10308052314808758,False
CG8188,-2.2462075,-0.1590879,0.024690720240148494,0.1029054090313325,False
128up,-2.2494955,-0.5032191,0.024480993114420976,0.10212848587828764,False
Taf10b,-2.2496815,-0.2659228,0.02446917270489837,0.10211159050970768,False
CG7488,-2.2500415,-0.6107401,0.02444630775029677,0.10204858009741101,False
SF2,-2.2520213,-0.12016577,0.024320917842480416,0.101589695285453,False
nvy,-2.2551005,-0.30745393,0.024127020768744213,0.10087597197647716,False
CG4743,-2.2579167,-0.46016398,0.023950860549335096,0.1002351141652269,False
Arpc5,-2.2588603,-0.37709966,0.023892076016624842,0.10002095283034948,False
Bug22,-2.2603424,-0.46467564,0.02380000797800178,0.09969904521482989,False
Polr2C,-2.2634122,-0.47402593,0.023610291208266434,0.09893585356117003,False
HP4,-2.266759,-0.38207027,0.023404956481650342,0.09817667483130836,False
eIF2Balpha,-2.2690475,-0.50443023,0.02326544069031498,0.09767768565860356,False
PPP1R15,-2.2728224,-0.24088107,0.023036889091813666,0.09677997428245633,False
Xpac,-2.2729592,-0.48146638,0.023028636187812417,0.0967762418113345,False
Vamp7,-2.2869573,-0.40859473,0.02219831935931472,0.09346623348309989,False
CG12279,-2.291741,-0.29992417,0.021920603967020547,0.0924153534586516,False
Ddrgk1,-2.2960124,-0.39616674,0.02167517796977419,0.09149807699993659,False
Stt3B,-2.3071861,-0.5589897,0.021044447773346745,0.08900710916947202,False
Vps60,-2.3082204,-0.31680518,0.02098688544233887,0.08879222846032682,False
CG7772,-2.3091815,-0.48745045,0.02093351470000148,0.08859494900892737,False
CG7407,-2.324568,-0.19498684,0.02009507453698585,0.08537313132702395,False
CSN6,-2.3293364,-0.47306788,0.019841249574571843,0.08437989018105133,False
HIPP1,-2.3307145,-0.3104939,0.01976841915953068,0.08412461016042509,False
Cam,-2.3313286,-0.014277098,0.0197360345156903,0.08404122798790868,False
janA,-2.3322012,-0.36331332,0.019690106775183087,0.08387283407866482,False
CG31051,-2.3373008,-0.32660544,0.019423548411123877,0.08276421844052492,False
MrgBP,-2.3381455,-0.31666377,0.019379700672210867,0.08260416689377977,False
e(y)3,-2.3414547,-0.18490177,0.019208755600164277,0.0819020951790262,False
CG16986,-2.3576434,-0.29192868,0.018391351248387235,0.0786209325813457,False
Bet5,-2.3622115,-0.41096917,0.018166273423224737,0.07781062550671325,False
CG12608,-2.3651526,-0.49408475,0.01802264645106221,0.07722060548203734,False
CG7789,-2.3733625,-0.40979278,0.017626954471739755,0.07559915427974286,False
CG12107,-2.3756433,-0.38712582,0.017518389098888983,0.07520717123440056,False
PXo,-2.3811193,-0.36403772,0.017260126534801815,0.07420669193952521,False
CG2931,-2.3815682,-0.43991786,0.017239097111198972,0.07415351068355669,False
Hacd1,-2.3834023,-0.5254298,0.017153437502747598,0.0738333842854917,False
Torsin,-2.3875651,-0.5043876,0.016960398695297845,0.07312224385003575,False
eIF3b,-2.3898335,-0.26539192,0.01685601212090817,0.07276470983680926,False
Men-b,-2.396756,-0.16993555,0.016540937854705496,0.07159567336913206,False
CG2915,-2.3968387,-0.46510786,0.016537202130003443,0.07159567336913206,False
CG13698,-2.3973627,-0.41169932,0.016513565554647752,0.0715478948083172,False
fidipidine,-2.3974013,-0.5517759,0.01651182233427886,0.0715478948083172,False
CG3625,-2.3977723,-0.15647954,0.016495113056637173,0.0715151041495444,False
Grx3,-2.398496,-0.32305223,0.016462556162776854,0.07142107974085528,False
CG9951,-2.3990533,-0.5914614,0.016437520103002267,0.07133601442323408,False
TfIIS,-2.4124622,-0.30622047,0.01584517688765395,0.06899319730969534,False
mthl1,-2.417578,-0.8272228,0.015624181026371451,0.06814383102142291,False
alpha-PheRS,-2.422039,-0.5154249,0.015433689795991625,0.06735772753541214,False
CG5079,-2.4273517,-0.3220495,0.015209500305771895,0.06642341093989647,False
HP5,-2.4461298,-0.30599838,0.014439897782875681,0.06337832223272188,False
Fife,-2.4504123,-0.078037426,0.014269276315115756,0.06271323078827296,False
mnb,-2.4586225,-0.07781263,0.01394711668045608,0.061400020200292574,False
MED22,-2.4591084,-0.34888053,0.013928258208558777,0.06133754729177979,False
SMC1,-2.4619727,-0.3147717,0.01381751632846385,0.06095199129652348,False
Ho,-2.4781208,-0.3428448,0.01320764192337814,0.058438256739095,False
sturkopf,-2.481524,-0.4885567,0.013082190231487918,0.05792219064419903,False
shrb,-2.483029,-0.20328023,0.013027051178111818,0.057736418054491534,False
MBD-like,-2.486169,-0.3519986,0.012912658994336289,0.057306738211608636,False
Jwa,-2.4905705,-0.23162837,0.012753817125114992,0.0566591990673212,False
REG,-2.4926882,-0.28414232,0.012678015128576298,0.05634149367758577,False
CG14647,-2.4986126,-0.32926995,0.01246805018813713,0.055502251870701236,False
CG13398,-2.508653,-0.46756434,0.01211925260203133,0.05400444165591513,False
AdipoR,-2.5173576,-0.23006181,0.011823879002337372,0.052777715342973985,False
Noa36,-2.5367525,-0.42077273,0.011188603052899825,0.050197826124327966,False
RalGPS,-2.5426126,-0.2736964,0.01100271946667983,0.04939758678224791,False
Fbl6,-2.5432537,-0.3291523,0.010982545406909211,0.04934072792895519,False
CG1764,-2.5467181,-0.31679925,0.01087412662390801,0.04892054021389084,False
CG3257,-2.5467477,-0.18534213,0.010873198726699226,0.04892054021389084,False
AIMP1,-2.5497367,-0.5244617,0.01078042879500238,0.0485488741587136,False
RtcB,-2.554793,-0.5228534,0.010625096497188718,0.04789859110447923,False
Pxn,-2.5554628,-0.33396855,0.010604667051445353,0.04785574509719896,False
mRpL9,-2.559633,-0.4689644,0.010478274056162922,0.047317869200012706,False
Rab26,-2.5600855,-0.12168945,0.01046463955086063,0.04727254325811603,False
Srp54,-2.560634,-0.39608693,0.010448136155321855,0.04721422187657651,False
Art1,-2.5624943,-0.5963582,0.010392327324887086,0.04697818141601004,False
CG6843,-2.5660098,-0.41152066,0.010287594430660362,0.04653675676878066,False
Tango9,-2.5667133,-0.33781552,0.010266747199892779,0.046458445232021695,False
CG2124,-2.5684333,-1.2967206,0.010215939191786386,0.04624445639657764,True
CG3548,-2.5739632,-0.3756247,0.010054094632867343,0.04562184308373956,False
La,-2.5791855,-0.3766704,0.00990336069465209,0.045015587301426185,False
CG31345,-2.584678,-0.29342794,0.009746998730678115,0.0443969879791477,False
Hel25E,-2.5919523,-0.31992778,0.0095432990079176,0.04352950095905768,False
scu,-2.6088033,-0.57343215,0.00908594915404624,0.041607457596594136,False
ABCB7,-2.6106458,-0.43977404,0.00903714588009288,0.0414220906907222,False
CG6094,-2.6109579,-0.44678044,0.009028902048991512,0.041398744530983064,False
CG6144,-2.6160796,-0.36849442,0.008894585430694624,0.04079711942225412,False
Ttd14,-2.616484,-0.19068667,0.008884052063203404,0.04076303357631143,False
CG14721,-2.6193342,-0.38824996,0.008810160417864627,0.04049468976955546,False
CG10600,-2.6239924,-0.27692413,0.008690572414515362,0.039958996535740504,False
GstD1,-2.6244152,-0.27798218,0.008679791867616334,0.039923396896165995,False
mRpL15,-2.6370056,-0.50380176,0.008364143204775241,0.03856603714173735,False
Sms,-2.638994,-0.29969692,0.008315243727884617,0.0383674922149339,False
Nmnat,-2.6441846,-0.42376602,0.00818880022273945,0.037823909921623586,False
NdufAF4,-2.6472418,-0.37833765,0.008115127080105273,0.03750998415746162,False
san,-2.6496859,-0.37151977,0.008056662470909954,0.037252850643992856,False
mRpL49,-2.6577861,-0.33274907,0.007865580340085136,0.03645911507903307,False
NdufAF3,-2.6603937,-0.37872282,0.007804936466929008,0.03619077985600356,False
Nanp,-2.6614952,-0.22825016,0.007779444983755663,0.03611080414395378,False
speck,-2.675044,-0.23785809,0.007471940885307232,0.03472021752964014,False
baf,-2.6813679,-0.34849223,0.007332186813264388,0.0341311607910405,False
CG5861,-2.683414,-0.2791394,0.007287474508737277,0.033935046959360934,False
CG11586,-2.6873717,-0.40966406,0.007201676617454499,0.03355930228013105,False
Dlc90F,-2.687616,-0.23656735,0.007196407503875498,0.03354664455779635,False
Tim23,-2.6969376,-0.24777114,0.006998036653273852,0.03266827696649083,False
Prosap,-2.7001565,-0.036649544,0.006930689067785486,0.032388401507741485,False
mRpS35,-2.7050111,-0.43723592,0.006830210293554572,0.03197570127096567,False
Cwc25,-2.7087662,-0.4076941,0.0067533896378685464,0.03166118203040691,False
tko,-2.7105017,-0.22737384,0.006718150170229806,0.031518461759011025,False
ND-23,-2.7130947,-0.18509892,0.006665807011026446,0.03128406068996376,False
CG10470,-2.7167454,-0.3472422,0.006592731150897425,0.030952154360108276,False
CG3894,-2.7192934,-0.45496798,0.006542155176042595,0.030725683048025636,False
CG31388,-2.7211213,-0.46512714,0.006506088985489074,0.030578152846320428,False
CG3862,-2.7262676,-0.66113055,0.0064055036800264396,0.030137745742652145,False
Vps28,-2.7287052,-0.29352084,0.006358354457755698,0.02993734716208084,False
TyrRS,-2.731592,-0.4783792,0.006302915747739218,0.02969760338509898,False
XRCC1,-2.732135,-0.91630393,0.006292536314694246,0.029659332751577148,False
Yod1,-2.7326617,-0.44622466,0.0062824820818165785,0.0296225680075894,False
Sirt2,-2.735178,-0.5388887,0.006234654268891003,0.029418165798023938,False
ALiX,-2.7370338,-0.41860595,0.006199592824363798,0.029275265511020353,False
CG13220,-2.7405503,-0.33570427,0.006133639510633854,0.028983155990377377,False
CG1907,-2.7501526,-0.46428823,0.0059567510584234845,0.028198006361218664,False
5PtaseI,-2.7529683,-0.31757435,0.005905761021635334,0.027986875436462288,False
CG9018,-2.756246,-0.443111,0.005846896840481681,0.027717918968531662,False
Lamtor5,-2.76449,-0.3058051,0.005701188515251523,0.027066227701922064,False
CG16787,-2.7665617,-0.4742355,0.005665085419435545,0.026904549149549147,False
VAChT,-2.7682238,-0.07820015,0.005636275309396219,0.02677740196701942,False
Hsc70-5,-2.7686167,-0.25677007,0.0056294826808357635,0.026754803583675504,False
NdufAF1,-2.771804,-0.5996482,0.005574658487418065,0.02654224173302927,False
Idi,-2.7720048,-0.45117906,0.005571221960462423,0.026535493940716453,False
Rbm13,-2.772997,-1.0272174,0.005554266021536134,0.026464325521757193,True
Hsp67Bc,-2.7733352,-0.4567122,0.005548492493003089,0.02644640545903286,False
blp,-2.7871158,-0.404423,0.005317945697828493,0.025421289347095026,False
CG34159,-2.7909377,-0.24602246,0.00525556084170923,0.02515051894424654,False
osi,-2.792179,-0.09858872,0.005235436861220281,0.02506334272979808,False
CG7943,-2.8008509,-0.34646928,0.005096806502251957,0.02446206510083746,False
RhoGDI,-2.8044953,-0.12071792,0.005039540410914199,0.02422260444031583,False
CG14757,-2.8054936,-0.28224546,0.005023956800157449,0.024156537252421898,False
mRpL11,-2.811557,-0.45014155,0.004930234364471164,0.023740641181207608,False
mRpS29,-2.8125863,-0.46179336,0.004914483920970194,0.02368215372404449,False
CG8042,-2.8130136,-0.3791444,0.004907956816995225,0.023659376570848954,False
CG43078,-2.8154092,-0.30051714,0.004871514546320932,0.02350957497363326,False
mge,-2.8243136,-0.20759907,0.004738201005763476,0.02293359094539147,False
CG8187,-2.8267226,-0.32840025,0.0047027028439722025,0.02277855439463277,False
RhoGAP19D,-2.826809,-0.06966168,0.004701436475065305,0.02277855439463277,False
TfIIA-L,-2.8288999,-0.3592803,0.0046708312669796765,0.02266595039858934,False
CG11151,-2.8338215,-0.25291446,0.004599501498066456,0.02233630790321186,False
Dpck,-2.8382926,-0.44754818,0.004535558839097263,0.02205023259510808,False
CG6443,-2.838383,-0.47931764,0.004534272854304552,0.02205023259510808,False
lin-52,-2.840891,-0.42855382,0.004498770105908114,0.021887574217600344,False
CG5805,-2.8498094,-0.4199392,0.0043745430916693855,0.02131474629871242,False
Tango4,-2.8518152,-0.6584919,0.0043470361559753345,0.021188576456109744,False
CG1265,-2.8608568,-0.40985328,0.004224979035089594,0.020608927060175336,False
Hsp68,-2.862098,-0.59866214,0.00420846891817034,0.02054700384153942,False
CG3556,-2.8661366,-0.1142999,0.0041551496886560015,0.020305995559177583,False
CG3803,-2.8757489,-0.57027423,0.004030701440136108,0.01973451848913137,False
ECSIT,-2.878193,-0.632853,0.003999604121822128,0.01961216499779978,False
rswl,-2.8814137,-0.55773354,0.003958957623234288,0.01943394177322442,False
Moca-cyp,-2.8935392,-0.22128111,0.0038092669705327865,0.018755180689311108,False
Nasp,-2.8944883,-0.36914727,0.0037977697945258747,0.018705582035181603,False
Cpr72Ec,-2.8987231,-2.217522,0.0037468561479166032,0.018468655903890505,True
CG8010,-2.9028542,-0.92230374,0.003697787315484897,0.018233629685848792,False
Sf3b2,-2.9131913,-0.30399263,0.003577552227032436,0.017707199177187664,False
bys,-2.921092,-0.85662067,0.0034880683028051303,0.017290345366715282,False
CG14683,-2.9228003,-0.58028173,0.003468988759713368,0.01721524973239931,False
CG14194,-2.92839,-0.65218306,0.0034072242496658465,0.016921516955728983,False
galla-1,-2.9515262,-0.38797262,0.0031620775351122467,0.015793561721364514,False
CG7368,-2.9790003,-0.4706463,0.0028919040261136384,0.014486229350258022,False
Orp8,-2.9834323,-0.11289646,0.0028503499318826503,0.014285449448844358,False
CG9849,-2.9911032,-0.5572369,0.002779715203615824,0.013952726314253455,False
Roe1,-2.993158,-0.44495872,0.0027610665336402973,0.013864415482830395,False
ghi,-3.0019403,-0.27854562,0.0026826492599294318,0.013491272072228345,False
CG2604,-3.0098093,-0.47818923,0.0026141170865096874,0.01317182232892017,False
Ak2,-3.0131707,-0.15101156,0.0025853337872874258,0.01303178799338092,False
qkr58E-2,-3.0187244,-0.314017,0.0025384131730456293,0.012805100770438622,False
Fundc1,-3.0271525,-0.15292321,0.0024686935113612716,0.012472549570472306,False
CG2258,-3.036048,-0.16443764,0.002397013092208379,0.012129052385333195,False
CG5961,-3.043985,-0.5761555,0.002334669523106477,0.011836378164792521,False
Syx13,-3.0507839,-0.38061884,0.0022824484976354713,0.011585035035700166,False
Srp9,-3.0560365,-0.30055112,0.0022428391863645084,0.011397196344940451,False
Dph5,-3.060411,-0.5209488,0.0022103350446482616,0.011236368596411143,False
Chchd2,-3.06322,-0.03898671,0.0021896899346891072,0.011144351445294173,False
Sfxn1-3,-3.0676668,-0.3337601,0.002157370741961059,0.01098837555043034,False
sqd,-3.0720224,-0.021509353,0.0021261367304286735,0.010841894751479704,False
Mkrn1,-3.0772896,-0.2934293,0.002088922655428966,0.010672835386855381,False
mRpL17,-3.0773249,-0.3649672,0.0020886760006877127,0.010672835386855381,False
CG2790,-3.0786476,-0.40516758,0.0020794254640403883,0.01063257977546877,False
Bx42,-3.087194,-0.33582827,0.002020556896106036,0.010351710788198604,False
CG5174,-3.0913808,-0.25716975,0.0019922796911019404,0.010222783061605076,False
Sys1,-3.0967224,-0.40621942,0.0019567297815861933,0.010063947577230593,False
CG1622,-3.1059062,-0.47518575,0.0018969679887972217,0.009771876260597527,False
Arr1,-3.1080718,-1.1856242,0.0018831227852309502,0.009708166544025076,True
asRNA:CR45600,-3.109967,-0.3274578,0.0018710822930109432,0.009649879282753848,False
cathD,-3.1126976,-0.22992548,0.0018538584769132668,0.009568560190540943,False
CG4199,-3.1162586,-0.59896636,0.0018316156086706744,0.009461187387398323,False
Rpn2,-3.12003,-0.48562312,0.0018083261049988589,0.009351913949543489,False
SdhA,-3.1287034,-0.1846178,0.0017557947594082377,0.009105327124460794,False
Arp3,-3.1373353,-0.41966152,0.001704910397499912,0.008851927117165682,False
CG14777,-3.1631901,-0.30508214,0.0015605039091744204,0.008127856468672635,False
asRNA:CR45479,-3.1699612,-2.1499848,0.00152459243128053,0.007960504287571135,True
retinin,-3.180056,-2.9784417,0.0014724659205162776,0.0077028959639746835,True
eIF3c,-3.196662,-0.31588408,0.001390277381244642,0.007290357169567375,False
CG9646,-3.2029014,-0.18717916,0.0013605056827681989,0.0071399381698310305,False
brv3,-3.2135994,-7.648763,0.0013108240114810639,0.006895731919484652,True
Idit,-3.2186952,-0.2008364,0.0012877531761391681,0.0067879520608282425,False
Rpn9,-3.2224588,-0.39537194,0.0012709544348990058,0.006702091584674091,False
CtsK1,-3.2307255,-0.47310963,0.0012347640622834488,0.006521718063692444,False
pkm,-3.23672,-1.4444238,0.0012091190906676542,0.0063914054587544825,True
ScsbetaA,-3.237132,-0.15285417,0.0012073751117801534,0.006384755067969012,False
Su(var)205,-3.2498038,-0.21975918,0.0011548463403730517,0.006124227505586066,False
CG8248,-3.254726,-0.32493925,0.0011350185762299856,0.006023941482325622,False
ND-B15,-3.2571142,-0.11084263,0.001125511434612958,0.0059807301909619425,False
Fkbp39,-3.2619407,-0.45910496,0.0011065228737375558,0.005884588054951526,False
mRpS33,-3.2619781,-0.23872982,0.00110637644176386,0.005884588054951526,False
CG3527,-3.2770305,-0.76533353,0.0010490501911515238,0.005603889659317957,False
Vta1,-3.280073,-0.38046524,0.0010378027289827678,0.005550576174832134,False
CG12355,-3.2900589,-0.28861028,0.001001664107834776,0.005368216982486457,False
CG14480,-3.3033245,-0.4308589,0.0009554580320747156,0.005131047813442516,False
Dhrs4,-3.3141985,-0.4985765,0.0009190626800237864,0.004943676904704289,False
CCT6,-3.3169386,-0.54746115,0.0009100959111947407,0.0048974489635585945,False
CG3860,-3.317614,-0.33987474,0.0009078986617968255,0.004887626511541206,False
Rpn11,-3.3210113,-0.47135422,0.0008969188514411005,0.004834458829691346,False
kraken,-3.3363085,-0.43363366,0.0008489889042202521,0.004587402627614446,False
Rpt6,-3.3450518,-0.36854225,0.0008226718959277387,0.004452525281872493,False
Rpt4,-3.3508844,-0.3990934,0.000805539376126687,0.004366993787822109,False
ab,-3.3556087,-0.22265781,0.000791905156364552,0.004300175892473793,False
CG13551,-3.3582468,-0.22289158,0.0007843851528131373,0.004262864058361223,False
CG11158,-3.3636546,-1.222806,0.0007691770572010014,0.004183673720479454,True
Nna1,-3.3675263,-0.54092896,0.0007584579159635393,0.004130499574669238,False
CG9410,-3.373524,-0.4169787,0.0007421259055035345,0.004044909383750289,False
Sirup,-3.3779385,-0.25074783,0.0007303139978449733,0.003983834057982895,False
CG17385,-3.381949,-0.35564238,0.0007197351403644813,0.003929389065031013,False
inaE,-3.395081,-0.106368795,0.0006860830415803129,0.003755025926450184,False
Uqcc1,-3.3971455,-0.4179966,0.0006809273564962073,0.0037283609965486084,False
Tango10,-3.401325,-0.40672472,0.0006706004917525289,0.003673347670746137,False
CG15642,-3.401456,-0.50657445,0.0006702788909586333,0.003673117141821268,False
pnut,-3.4172387,-0.25956577,0.0006325979536940745,0.0034753217849054488,False
tun,-3.4247468,-0.23841575,0.0006153729688538518,0.003385226827606087,False
Urod,-3.433318,-0.5394977,0.0005962426290088525,0.003285209386920474,False
Pect,-3.4384804,-0.20820993,0.0005849887064198823,0.003227261373242516,False
CG43795,-3.4431973,-0.26766813,0.0005748800718695471,0.0031741592539654283,False
CG6867,-3.4476175,-0.7160307,0.0005655542536633963,0.0031279244307199877,False
RNASEK,-3.4507926,-0.049620077,0.0005589430367970258,0.003093963962320858,False
Pfk,-3.4556284,-0.20670104,0.0005490117718588998,0.003044119702108777,False
HIP,-3.4559674,-0.8037977,0.0005483213677215112,0.0030415749654826418,False
Hexo1,-3.462167,-0.62898445,0.0005358444094700225,0.0029761332987512956,False
Hou,-3.4841812,-0.3067572,0.0004936450364646983,0.0027522229207393297,False
CG10561,-3.485308,-0.4857257,0.0004915709902978649,0.002741822743422853,False
Grp170,-3.4862583,-0.3097266,0.0004898279350833125,0.0027332606772525734,False
CG3776,-3.4886255,-0.4047501,0.00048551058320059267,0.0027114724070713934,False
Mmp2,-3.4959662,-0.17968038,0.0004723485993220292,0.002642457617578027,False
Mecr,-3.5074673,-0.56821287,0.00045239418332655593,0.0025383911029437534,False
akirin,-3.5111604,-0.20157312,0.00044615505200954186,0.0025063578362003605,False
CG6195,-3.5131593,-0.49688578,0.00044281196707108075,0.0024888759877164553,False
Nuak,-3.523682,-0.18034226,0.0004255944987682329,0.0023962027884804407,False
Mtch,-3.5325105,-0.34539416,0.0004116338118302049,0.0023235738493387987,False
PIG-T,-3.5379057,-0.43101183,0.00040331421775680407,0.0022775900883292488,False
CG11417,-3.5539787,-0.9013009,0.0003794500616357429,0.0021465145329123106,False
Scox,-3.55665,-0.5009353,0.0003756139908165556,0.0021257293080621693,False
CG17272,-3.5643387,-0.35601783,0.0003647747557451871,0.002066165976399786,False
mRpL44,-3.5800853,-0.52107465,0.0003434821547717214,0.0019506045790212581,False
CG8818,-3.5804434,-0.29859608,0.0003430116680157512,0.0019487748938153855,False
Arl6IP1,-3.586318,-0.16593932,0.00033537989936282007,0.001907065018401912,False
Son,-3.5945246,-0.43459255,0.00032498452935004893,0.0018535684462625838,False
CG1927,-3.598926,-0.38142595,0.00031953412087040565,0.0018248578367483705,False
Cyp4d2,-3.6063578,-2.7870963,0.00031052493845124874,0.0017764946522367696,True
HemK1,-3.6300814,-0.43640244,0.0002833317584330723,0.0016287238134597565,False
Ost48,-3.6509652,-0.6667705,0.000261256690073242,0.0015071001599001198,False
CG5500,-3.6623125,-0.40177214,0.00024994858341672286,0.0014450393025425231,False
Agpat3,-3.6626575,-0.35046056,0.0002496120803124383,0.001443729026138095,False
ArfGAP1,-3.670572,-0.4606318,0.00024200820219755196,0.0014022177182883733,False
Rab18,-3.6791916,-0.3300848,0.00023397439314388013,0.0013568656223758731,False
raptor,-3.6829805,-0.30189073,0.0002305228406136143,0.0013374395799132474,False
Sptr,-3.690582,-0.6961055,0.0002237415124577272,0.0012998175133541083,False
Septin2,-3.694697,-0.34343034,0.00022014925054796255,0.00127951406521485,False
Arpc4,-3.702466,-0.33752164,0.0002135140278075992,0.0012420486230277383,False
Dlip3,-3.7089624,-0.45470068,0.00020811022218585425,0.0012127611661837299,False
Rho1,-3.7137806,-0.18534905,0.00020418589261139914,0.0011909484308949827,False
Ubi-p5E,-3.7146335,-0.13870648,0.0002034985338699871,0.0011874663559438279,False
xit,-3.7148237,-1.4238768,0.00020334546092315648,0.001187100267432785,True
CG8677,-3.721249,-0.15302205,0.000198239798608471,0.0011588386092143761,False
vig,-3.7213938,-0.06209585,0.0001981262558903337,0.0011586903109278483,False
CG3226,-3.7298834,-0.6148299,0.00019156846101822718,0.0011223366679627834,False
Ar2,-3.7644796,-0.41514137,0.0001668963300805626,0.0009848157492540067,False
CG3652,-3.7681887,-0.4445053,0.000164436402515385,0.0009720462282747073,False
CG7378,-3.7700367,-0.23720872,0.00016322356999887554,0.0009657455800788939,False
Obp44a,-3.7797678,-0.19817784,0.00015697467876799872,0.0009308683455281007,False
mRpS24,-3.7801893,-0.40221524,0.00015670911532795324,0.0009297130855641687,False
mRpL40,-3.7834015,-0.43361944,0.0001546995572683409,0.0009186203714700713,False
EloC,-3.78843,-0.19768834,0.00015160234882450582,0.0009010431777036775,False
ND-13A,-3.7919092,-0.1599115,0.0001494935179113001,0.0008893138609653213,False
CSN7,-3.7936864,-0.37043878,0.00014842704984394182,0.0008833695027170469,False
CG17982,-3.811734,-1.0355402,0.00013799534248910218,0.000822402174897638,True
mRpS2,-3.8201594,-0.49291453,0.00013336546194382294,0.0007955313369967214,False
Crtc,-3.8356352,-0.14802547,0.000125240171380605,0.0007514982155764978,False
Hsp23,-3.8542752,-0.45139027,0.00011607295722446213,0.0006984041808089088,False
Lpin,-3.8767083,-0.2544729,0.00010587916433306397,0.0006402936486427951,False
lncRNA:CR42862,-3.8921626,-0.014903519,9.935466225243968e-05,0.0006022230704148108,False
mRpS6,-3.9071567,-0.3930479,9.338855106259122e-05,0.0005668447803757557,False
pr,-3.9427423,-0.7709413,8.055517003642491e-05,0.0004912183245701437,False
Taf10,-3.9542453,-0.42395183,7.677660276805645e-05,0.000469047576464449,False
CG7332,-3.9565763,-0.26742768,7.603158340067109e-05,0.0004649283561974029,False
P5cr,-3.9623086,-0.45396432,7.422847457555552e-05,0.00045474889715495345,False
Tecr,-3.9632838,-0.53968143,7.392582540818224e-05,0.0004531060035862513,False
CG45263,-3.9654505,-0.13656493,7.325747116763745e-05,0.00044942877152844246,False
Larp4B,-3.9698029,-0.13758981,7.193214883590656e-05,0.0004415041419209006,False
qless,-3.9706926,-0.4680386,7.166395614171541e-05,0.0004400635736720945,False
side-III,-4.0050254,-0.10849211,6.20107751534043e-05,0.0003829340208133862,False
MED19,-4.011556,-0.3724465,6.0319818671024394e-05,0.0003728423034599866,False
Nplp3,-4.0488954,-2.1498432,5.1459941483739477e-05,0.0003195818010575711,True
RpS30,-4.051935,0.019467304,5.079577773055391e-05,0.00031560629558260474,False
dod,-4.055109,-0.32071477,5.011088091561666e-05,0.0003116455684392421,False
mRpS17,-4.060772,-0.4179472,4.8910732344759086e-05,0.00030475862197367436,False
HINT1,-4.063953,-0.33417982,4.824852069010316e-05,0.0003007750523665302,False
CG3061,-4.068766,-0.29321355,4.726276514720604e-05,0.00029547097849640086,False
Prosalpha7,-4.0867076,-0.41685584,4.375379956622408e-05,0.00027392505007134383,False
CG3702,-4.1190643,-0.49985915,3.804138053269884e-05,0.0002401065233334272,False
mgr,-4.127144,-0.44625098,3.6729633830409667e-05,0.00023227339661473215,False
mRpS22,-4.1279364,-0.5715085,3.660330946918429e-05,0.00023158598446535903,False
CG8929,-4.144719,-0.26610696,3.402302509611053e-05,0.0002159886825062746,False
CG9953,-4.1519747,-0.4898175,3.296187048347509e-05,0.00020965727977896714,False
mRpS7,-4.1645913,-0.4514682,3.1191099650713625e-05,0.00019875268196256328,False
HmgZ,-4.1656923,-0.09845866,3.104091599722346e-05,0.000197917844308352,False
mRpL54,-4.1896005,-0.44389185,2.7944600252857804e-05,0.00017904436466250825,False
CG1789,-4.1925025,-0.51461375,2.758941212047618e-05,0.00017685486081715974,False
Nop56,-4.1959257,-0.57576084,2.7175928589301518e-05,0.00017428934972767753,False
Prosalpha4,-4.2007504,-0.5119479,2.6603185901597016e-05,0.0001708663078850862,False
twr,-4.207893,-0.36334786,2.5776308889470227e-05,0.00016587976254482285,False
Oli,-4.213251,-0.39158836,2.5172093376882597e-05,0.0001621502348360854,False
Pfdn5,-4.2242684,-0.34671623,2.397179524940335e-05,0.00015472169026149772,False
fl(2)d,-4.228444,-0.25501925,2.353128285088605e-05,0.00015202782101450028,False
mRpL4,-4.231544,-0.4186299,2.3209237919816783e-05,0.00015002095204343945,False
CG5989,-4.2317247,-0.66333175,2.3190603623898844e-05,0.0001499742727468773,False
l(2)k14505,-4.232234,-0.47385156,2.3138129173949238e-05,0.00014970859452233723,False
Ubi-p63E,-4.246264,-0.2538156,2.1736459800917853e-05,0.00014126548874572774,False
Cdk12,-4.266873,-0.31706512,1.982319681802037e-05,0.0001290865358699731,False
CG4612,-4.2681108,-0.08031004,1.9713556644387186e-05,0.00012843621609513734,False
CG5532,-4.274016,-0.2962828,1.9198339384166862e-05,0.0001253903468426127,False
bonsai,-4.278374,-0.4701946,1.8826354146762547e-05,0.00012302193925539862,False
Uck,-4.296238,-0.50677556,1.737209824557641e-05,0.00011385872471078286,False
CG31126,-4.307583,-0.45915228,1.6504827610304954e-05,0.00010833663318032837,False
mRpS25,-4.316666,-0.39711735,1.584034510432207e-05,0.00010413105303446539,False
pico,-4.3225303,-0.18582313,1.5424984092988522e-05,0.00010150211114970564,False
Wdfy2,-4.3595843,-0.52177954,1.3030984824045294e-05,8.626708895354115e-05,False
Pgi,-4.378477,-0.29751644,1.195115014092892e-05,7.92781746602458e-05,False
se,-4.410223,-2.134962,1.0326412624393941e-05,6.89529412079069e-05,True
wmd,-4.4127336,-0.41522872,1.0207368746157014e-05,6.822738183786844e-05,False
fabp,-4.412988,-0.31334272,1.0195354499022805e-05,6.820686342206901e-05,False
Gabat,-4.416403,-0.18035474,1.0035707574618715e-05,6.72167345759758e-05,False
CG4789,-4.430378,-0.45469615,9.406797037273283e-06,6.319770954335799e-05,False
EMC3,-4.441007,-0.49319112,8.95388707717638e-06,6.03090876889671e-05,False
KdelR,-4.4518194,-0.34222138,8.51458478347739e-06,5.7409009050629236e-05,False
CG9775,-4.451935,-0.1979156,8.509999376478419e-06,5.7407547128492246e-05,False
CG8314,-4.469775,-0.5119917,7.83019225000623e-06,5.298483849502156e-05,False
Tctp,-4.500788,-0.11193712,6.770194558721861e-06,4.616872168975816e-05,False
CG34125,-4.517903,-0.3288917,6.245514832887752e-06,4.2679308590212136e-05,False
Den1,-4.523239,-0.36746013,6.0900392646793105e-06,4.1703598737441805e-05,False
crol,-4.5598464,-0.10974567,5.119103249137484e-06,3.5201536262122284e-05,False
mRpL38,-4.562643,-0.6066455,5.0513708818855714e-06,3.475396060673209e-05,False
CG1161,-4.5631514,-0.3550846,5.039144246013152e-06,3.46880013288941e-05,False
Prosbeta1,-4.5988607,-0.4312397,4.248075558489119e-06,2.933471409043905e-05,False
Pgm1,-4.5996585,-0.619199,4.231837434653339e-06,2.9253327579578923e-05,False
mRpL24,-4.617706,-0.40298295,3.880058670218999e-06,2.6878150229492816e-05,False
lolal,-4.626964,-0.1297778,3.7106448443080614e-06,2.5731706543035478e-05,False
NUCB1,-4.634794,-0.27604237,3.572923377538193e-06,2.485536585718867e-05,False
mRpL23,-4.644337,-0.30529678,3.411699027800071e-06,2.3784157519533548e-05,False
Tapdelta,-4.6463537,-0.37846032,3.3785329283925684e-06,2.356544650318829e-05,False
mRpS16,-4.6979914,-0.45183477,2.627327846198712e-06,1.8502526916879568e-05,False
cGlr2,-4.6996284,-0.8007588,2.6063534656696674e-06,1.8364659995906216e-05,False
CG4293,-4.7071395,-1.0428327,2.5121706216351467e-06,1.772955646557866e-05,True
CG32428,-4.7095013,-0.41845277,2.4832390914611174e-06,1.7534790381993844e-05,False
ReepB,-4.7128263,-0.37795955,2.443046332371278e-06,1.726025368478009e-05,False
CG32052,-4.713398,-0.2992188,2.4361995899564477e-06,1.7221139758804562e-05,False
Pcmt,-4.732294,-0.45237502,2.2199631411329024e-06,1.571796101165273e-05,False
Apt1,-4.747013,-0.14485459,2.0644253076024082e-06,1.464037397042809e-05,False
jdp,-4.7543035,-0.11539899,1.99131819529134e-06,1.414481751585054e-05,False
SmD2,-4.7617517,-0.41050005,1.9191962554920942e-06,1.3653342401174582e-05,False
mRpS11,-4.7680445,-0.4756946,1.8602263996640253e-06,1.324227254495393e-05,False
SrpRalpha,-4.7941456,-0.62246144,1.6336946071139149e-06,1.1654929876267075e-05,False
Vha55,-4.795423,-0.10841595,1.6233201520872878e-06,1.1593505499227743e-05,False
CG17202,-4.809999,-0.40818298,1.5093098087829684e-06,1.0832244782750947e-05,False
Vha68-1,-4.8197885,-0.12170418,1.437106732716883e-06,1.033662811966752e-05,False
zetaCOP,-4.8315177,-0.4056501,1.354960781533774e-06,9.756460071307028e-06,False
Rab1,-4.8549466,-0.1725118,1.2041928080805819e-06,8.699448978002708e-06,False
und,-4.8610654,-0.47270417,1.1675581378202588e-06,8.448723286947148e-06,False
beat-IIIb,-4.862464,-0.22525287,1.1593340763949111e-06,8.393834213722053e-06,False
CG8617,-4.871535,-0.52361995,1.1073452485747472e-06,8.035131922430013e-06,False
Rpn5,-4.8981605,-0.42765352,9.6738102799266e-07,7.046759472755846e-06,False
mRpL52,-4.904819,-0.44545612,9.351355920625188e-07,6.8156499252876085e-06,False
asRNA:CR45009,-4.910426,-0.5670011,9.087859150671956e-07,6.62727841836738e-06,False
mRpL2,-4.9210167,-0.4947355,8.609587344776801e-07,6.292468703988429e-06,False
Prosbeta2,-4.926368,-0.45317057,8.377205760752184e-07,6.143128398551587e-06,False
Prosalpha3,-4.9340496,-0.4846165,8.054201550162137e-07,5.919477772409432e-06,False
Sec61gamma,-4.936966,-0.27505007,7.934740203370696e-07,5.834942418158607e-06,False
EMC4,-4.942956,-0.3332624,7.694683816596023e-07,5.6647529430749764e-06,False
CG3566,-4.94466,-0.43394062,7.627681247554759e-07,5.624879869479074e-06,False
CG1909,-4.9530873,-0.20447138,7.304525660760698e-07,5.39565889308917e-06,False
dths,-5.0116115,-0.11588612,5.397616011716203e-07,4.009614019783076e-06,False
CG1307,-5.0181603,-0.49211988,5.21686009149598e-07,3.88192290273775e-06,False
Ssb-c31a,-5.0336237,-0.38528907,4.812944458284536e-07,3.5874590542437374e-06,False
TfIIFalpha,-5.037966,-0.52387667,4.7050550242290077e-07,3.509031105186912e-06,False
mRpS10,-5.0452743,-0.40278605,4.5287141997629644e-07,3.383276480903076e-06,False
Muc14A,-5.0503983,-2.577322,4.408892715214733e-07,3.295634765110171e-06,True
CG13623,-5.0515847,-0.40432373,4.381594449065759e-07,3.2770934920417266e-06,False
Pgam1,-5.0700045,-0.12330008,3.978059023718987e-07,2.990599177957163e-06,False
Rpn13,-5.0736337,-0.4676501,3.90289910214265e-07,2.9408255218610416e-06,False
AP-1sigma,-5.0846143,-0.22870691,3.683741399568529e-07,2.7820715937775883e-06,False
Prosbeta4,-5.0936007,-0.420242,3.5132616945059097e-07,2.65484599928132e-06,False
sina,-5.096761,-0.24821986,3.455139506021388e-07,2.612427402107426e-06,False
Coq6,-5.1024776,-0.59327084,3.3523554182269986e-07,2.536171707019055e-06,False
slmo,-5.104497,-1.1777622,3.316757665236512e-07,2.5121332840848995e-06,True
Grx5,-5.1305904,-0.34100044,2.888349109201112e-07,2.1977878195721952e-06,False
Stoml2,-5.1411324,-0.51154095,2.7308789471423714e-07,2.0803756663419074e-06,False
CG8206,-5.1561017,-0.55472714,2.5214398205659347e-07,1.925289987336255e-06,False
CRIF,-5.156805,-0.43015286,2.5119936214078713e-07,1.9191923359837695e-06,False
PPP4R2r,-5.204286,-0.3881925,1.9474354991757395e-07,1.499194487092466e-06,False
Rpn10,-5.210986,-0.46900597,1.8783966594222764e-07,1.4468939332630793e-06,False
CG9205,-5.2192955,-0.4780497,1.7960516402828305e-07,1.3842765164197463e-06,False
Rpt2,-5.2240653,-0.5712792,1.750369347483659e-07,1.3498593659203499e-06,False
CG4882,-5.2385273,-0.6093819,1.6186286628632553e-07,1.2526736901464098e-06,False
Lamtor4,-5.285448,-0.47749683,1.253973869610658e-07,9.76791382368326e-07,False
Argk1,-5.3189845,-0.059146963,1.0434795398164941e-07,8.181601809503908e-07,False
klg,-5.3408313,-0.18390144,9.252130259253757e-08,7.276016980063054e-07,False
Gdh,-5.344494,-0.21118967,9.066994914634706e-08,7.13896825483611e-07,False
Prp39,-5.357827,-0.28670582,8.422874112820018e-08,6.651742110370664e-07,False
asrij,-5.3608184,-0.60693026,8.284573298824685e-08,6.550395771351095e-07,False
CG10340,-5.360857,-0.43484786,8.282799560986767e-08,6.550395771351095e-07,False
CG4230,-5.365247,-0.21902631,8.083869282999601e-08,6.399405195656491e-07,False
dpr6,-5.394589,-0.24455847,6.86805998429432e-08,5.469889469915858e-07,False
Spn,-5.413247,-0.087783344,6.189197573562076e-08,4.944209441591443e-07,False
CG8635,-5.425135,-0.58702105,5.791078471055114e-08,4.6431093464390027e-07,False
Tim8,-5.433253,-0.26160258,5.533591561028968e-08,4.447518452812335e-07,False
VhaAC39-1,-5.4367795,-0.20533222,5.425223824197225e-08,4.363088511246985e-07,False
ChAT,-5.4709725,-0.23167959,4.4757248122024415e-08,3.6261097260883036e-07,False
BicD,-5.4767885,-0.16428524,4.3311444066814606e-08,3.519824900940079e-07,False
CG30116,-5.480157,-0.18174529,4.2494892846837934e-08,3.457742333747971e-07,False
VhaAC45,-5.4856706,-0.27021363,4.1190369003892615e-08,3.357832748636184e-07,False
CG2082,-5.496407,-0.21564941,3.876073306877839e-08,3.167629311298612e-07,False
bai,-5.565644,-0.4490203,2.6118609035564774e-08,2.1600040361004198e-07,False
PheRS-m,-5.6286583,-0.59951043,1.8161698217311015e-08,1.512439013141217e-07,False
Trx2,-5.652432,-0.2584152,1.5819329251935987e-08,1.321562655433508e-07,False
mRpL1,-5.6622643,-0.5659969,1.4938858457561143e-08,1.2503919680943375e-07,False
car,-5.705404,-0.58025795,1.160676056558443e-08,9.770944304442345e-08,False
Task7,-5.720248,-0.48248687,1.0636841839817411e-08,8.96673938461777e-08,False
eIF3e,-5.7239485,-0.4790625,1.0407645537990143e-08,8.806623954586508e-08,False
B52,-5.777428,-0.13094294,7.585109021349948e-09,6.455694148287544e-08,False
Ufc1,-5.7822895,-0.559554,7.369075906790478e-09,6.279962807466515e-08,False
Tina-1,-5.797213,-0.31095788,6.742602740979303e-09,5.761023577321783e-08,False
CG5641,-5.8552756,-0.6082225,4.762191982651998e-09,4.106296905776241e-08,False
eca,-5.8562436,-0.6123122,4.7345404328219475e-09,4.0851343288058574e-08,False
lncRNA:CR45312,-5.860986,-0.36619347,4.6012669519920544e-09,3.972749606841497e-08,False
Gpdh1,-5.8827796,-0.23633558,4.034335437184348e-09,3.5010224537062126e-08,False
CG2889,-5.9022894,-0.9010519,3.584919516613634e-09,3.121897108536764e-08,False
Rab27,-5.9209914,-0.44529128,3.2000637315635993e-09,2.7941553153805486e-08,False
CG2182,-5.9244394,-0.41590005,3.1336421022846995e-09,2.7397997914918986e-08,False
mRpL41,-5.938827,-0.4457675,2.870685195336911e-09,2.5165893363523917e-08,False
MED26,-5.9515767,-0.12561911,2.6557114280423973e-09,2.3296865070697694e-08,False
Ufd1,-5.9574423,-0.47962484,2.5621612945378354e-09,2.249122349467047e-08,False
SelT,-6.0391316,-0.45115954,1.5494576332766065e-09,1.386073707208161e-08,False
ssx,-6.0434604,-0.3148626,1.5084340004348689e-09,1.3512154873697758e-08,False
Mnn1,-6.044881,-0.079567984,1.4952030045999434e-09,1.3402771271110407e-08,False
SC35,-6.0656567,-0.35441092,1.3141550643290626e-09,1.1828295685170008e-08,False
SmB,-6.067352,-0.49545854,1.3003667244703973e-09,1.1712213246240911e-08,False
CG13344,-6.0819783,-0.4449971,1.187087869108505e-09,1.0736078243602797e-08,False
Naa80,-6.0973377,-0.3792573,1.0784964638037275e-09,9.794417436658455e-09,False
Gdi,-6.108612,-0.27895302,1.0050115426314556e-09,9.133372532309792e-09,False
POLDIP2,-6.1429987,-0.56918037,8.097806354327645e-10,7.415559115137252e-09,False
Rab4,-6.1591506,-0.30154815,7.313624963213602e-10,6.7161667115017435e-09,False
Aplip1,-6.1790223,-0.1930166,6.449980179004253e-10,5.931363858103211e-09,False
CG4768,-6.2098207,-0.42433634,5.304506167863745e-10,4.8951204741501035e-09,False
14-3-3epsilon,-6.2732115,-0.047223393,3.536755637209785e-10,3.2962060871328926e-09,False
Mpv17,-6.287966,-0.55066365,3.216527465884093e-10,3.004149781747183e-09,False
ND-75,-6.3206253,-0.3246551,2.6050672627460804e-10,2.443482433957619e-09,False
CG3198,-6.341769,-0.24963804,2.2714109908796864e-10,2.1335676791386673e-09,False
spidey,-6.4004574,-0.28808767,1.5491238910149244e-10,1.4634821748258173e-09,False
norpA,-6.455396,-0.15084569,1.0793629985817496e-10,1.0263320668858735e-09,False
eIF4A,-6.456429,-0.055419777,1.0720241131233485e-10,1.0200918805614716e-09,False
deltaCOP,-6.4588075,-0.56773686,1.0553112337420929e-10,1.0049162987394813e-09,False
eIF3g1,-6.4665766,-0.3684586,1.0024793171598207e-10,9.559927943974749e-10,False
eIF3d1,-6.4773784,-0.5434368,9.332989619732092e-11,8.939126573826488e-10,False
CG42342,-6.4801607,-0.22975573,9.16251011580623e-11,8.788652951226984e-10,False
CG1598,-6.4817657,-0.49726713,9.065541028375829e-11,8.701992304885812e-10,False
CG6999,-6.485968,-1.1589997,8.816373804150038e-11,8.475198841282784e-10,True
Rim2,-6.5224605,-0.47589236,6.916332243523565e-11,6.702619617414688e-10,False
Prosbeta3,-6.5307097,-0.6071511,6.545870783701394e-11,6.367082751193191e-10,False
Ric,-6.577644,-0.11558136,4.77960798396036e-11,4.669801376745212e-10,False
CG42361,-6.6355176,-0.35819277,3.233656959167e-11,3.183032666697644e-10,False
Pis,-6.663814,-0.2599193,2.6681084136569397e-11,2.636211478486154e-10,False
Mob2,-6.7030187,-0.19132513,2.041572781471233e-11,2.0278388451484105e-10,False
RpL27A,-6.7253704,-0.09445859,1.7514610767625678e-11,1.740994705728964e-10,False
Pyk,-6.7364974,-0.14789547,1.622499991797795e-11,1.615247908501123e-10,False
Nlg2,-6.7610397,-0.16401649,1.3700497091092179e-11,1.3670328950193039e-10,False
Rab2,-6.7688913,-0.19037044,1.2977313667942572e-11,1.2958577424804967e-10,False
Ciz1,-6.7837725,-0.24043815,1.1707763161410786e-11,1.1744405778938866e-10,False
mRpL47,-6.81755,-0.5508444,9.260596552183082e-12,9.353843143138962e-11,False
CG32706,-6.926171,-1.3496555,4.323840305662353e-12,4.456438075035998e-11,True
CG1354,-6.9813304,-0.6579869,2.9239741754862183e-12,3.0422759018261595e-11,False
mRpS28,-6.987849,-0.5113159,2.791322013147419e-12,2.9065580487139643e-11,False
Pfdn2,-7.030474,-0.5183366,2.0583253038280225e-12,2.156973908899844e-11,False
mRpL48,-7.0516496,-0.5324424,1.768089151587734e-12,1.858756763281153e-11,False
Pdcd4,-7.062983,-0.13287729,1.6296543994880785e-12,1.7187229906639518e-11,False
AP-2sigma,-7.071653,-0.2619561,1.5309883209111636e-12,1.6172602512133118e-11,False
mRpS9,-7.083548,-0.5610264,1.4050953044752513e-12,1.4878611922731086e-11,False
EMC7,-7.0888214,-0.5443568,1.3525895922684866e-12,1.4334177283871115e-11,False
eIF2A,-7.1189356,-0.5029965,1.0876362146875123e-12,1.1554266367994017e-11,False
Lsm12a,-7.1275215,-0.41056466,1.021922196638209e-12,1.0873748652649963e-11,False
mRpL12,-7.1340365,-0.4184678,9.746754581424271e-13,1.0387842818693947e-11,False
CG5946,-7.1425247,-0.33439365,9.16319528697034e-13,9.773827050817959e-12,False
Ubr3,-7.144834,-0.20356062,9.010455224194837e-13,9.626535943182467e-12,False
kra,-7.1468725,-0.19265333,8.87772489967401e-13,9.492447754810102e-12,False
CG8360,-7.147081,-0.5845518,8.864258297759211e-13,9.485766961795912e-12,False
Eb1,-7.2154,-0.26919436,5.377562450446894e-13,5.835387957169499e-12,False
Rdl,-7.2214036,-0.09420238,5.145370754539553e-13,5.588042734330931e-12,False
Nfs1,-7.247199,-0.72597593,4.254779751073571e-13,4.628481846759751e-12,False
Trxr1,-7.254906,-0.54536945,4.019409019567768e-13,4.386964611805651e-12,False
Act5C,-7.263993,-0.1352491,3.758280955877054e-13,4.112204000098282e-12,False
BI-1,-7.2716665,-0.33385676,3.550798901530404e-13,3.901425448579519e-12,False
Nurf-38,-7.304205,-0.48428482,2.789110759013398e-13,3.079975166739081e-12,False
Pfdn6,-7.317941,-0.3747189,2.518044270840936e-13,2.7900185297740925e-12,False
mEFTu1,-7.352117,-0.6523837,1.9509213466281473e-13,2.174474759630236e-12,False
CG11099,-7.374496,-0.4055327,1.6496821546621334e-13,1.848122181962071e-12,False
CG13369,-7.403186,-0.8228945,1.32955306036619e-13,1.4933039971172735e-12,False
mEFTs,-7.428554,-0.487837,1.0979135140656811e-13,1.2405573076816093e-12,False
tzn,-7.4506006,-0.5462985,9.291627685147893e-14,1.0544151935278797e-12,False
fend,-7.5911174,-0.22744513,3.171585844894673e-14,3.643165173755323e-13,False
CG11699,-7.637345,-0.45409653,2.217469094881586e-14,2.5741838671235796e-13,False
Fkbp59,-7.662394,-0.5200487,1.8249862546055067e-14,2.131746166379641e-13,False
mRpL22,-7.668772,-0.57828325,1.7365036849879874e-14,2.030195277973945e-13,False
side-II,-7.6752386,-0.25793502,1.65110864392029e-14,1.932076463914206e-13,False
sky,-7.676874,-0.17851634,1.6301714813264035e-14,1.9092765985838027e-13,False
Cnx99A,-7.724266,-0.41439262,1.1249958834161914e-14,1.3258807985625267e-13,False
CG14818,-7.7438226,-0.30743763,9.647144966569987e-15,1.1400461511303615e-13,False
CG12237,-7.7520247,-0.611156,9.043884164089431e-15,1.0726144566814008e-13,False
CG5021,-7.780973,-0.50161856,7.19689433824043e-15,8.566520697356656e-14,False
hfp,-7.8841977,-0.17865808,3.165630230485734e-15,3.837596573691239e-14,False
DopEcR,-7.964225,-0.12976797,1.6626245727474147e-15,2.030534341122098e-14,False
CG7220,-7.976268,-0.40991834,1.5082439410421372e-15,1.8454221256270695e-14,False
CG45049,-7.998927,-0.19940084,1.2550786957199676e-15,1.5399616377643413e-14,False
CG8289,-8.008013,-0.6544379,1.1657709885637693e-15,1.4357447573305055e-14,False
nwk,-8.024374,-0.19358543,1.020449649126783e-15,1.2591294684671412e-14,False
CG6878,-8.080908,-0.4331237,6.428658561826756e-16,7.954708301409172e-15,False
Dlst,-8.10185,-0.43208358,5.413004547052051e-16,6.710593655925567e-15,False
Ars2,-8.119721,-0.44367814,4.672550348080902e-16,5.8090808064457075e-15,False
CG3662,-8.121184,-0.112122975,4.616568472068049e-16,5.750362681653671e-15,False
Nlg3,-8.203873,-0.17766818,2.327640656652808e-16,2.9439389671871556e-15,False
Hsc70-3,-8.211404,-0.40127483,2.18617383838383e-16,2.7676792302699338e-15,False
cl,-8.250829,-0.48738506,1.5730024440230348e-16,2.004929691261562e-15,False
Nipped-B,-8.282073,-0.17229384,1.2104944810032193e-16,1.5504003874135774e-15,False
Drat,-8.300702,-0.2402575,1.0349759350025973e-16,1.3307846146642987e-15,False
Ak1,-8.323444,-0.3697217,8.544352431946733e-17,1.1040445949676698e-15,False
barc,-8.365693,-0.38769838,5.976279507800056e-17,7.75264452240874e-16,False
AIMP3,-8.379668,-0.47724053,5.3077284840093155e-17,6.892179842723954e-16,False
Hsp27,-8.393196,-0.90689003,4.731007990780966e-17,6.161563528924943e-16,False
CG42813,-8.408672,-0.56975245,4.14678545396668e-17,5.42217986572897e-16,False
hpRNA:CR18854,-8.418734,-0.40888688,3.805770719804429e-17,4.981238349497011e-16,False
Rpt1,-8.450589,-0.6198583,2.8983751008156454e-17,3.812567287269109e-16,False
Mdh1,-8.567342,-0.45147175,1.0590106509739578e-17,1.4128384735480995e-16,False
Hsp60A,-8.622238,-0.24412729,6.56579478946755e-18,8.831229204543815e-17,False
CG42674,-8.632424,-0.45071834,6.0064953548123254e-18,8.095523636675772e-17,False
CG13585,-8.640298,-0.33985844,5.606675042960711e-18,7.5721805487715e-17,False
Taf12,-8.671532,-0.4113208,4.263444683435435e-18,5.775868720105675e-17,False
CG32425,-8.685351,-0.3782919,3.775721020362567e-18,5.1256973066719526e-17,False
TM4SF,-8.692509,-0.123152025,3.5452308301117156e-18,4.817774388676118e-17,False
COX7C,-8.74103,-0.14674802,2.3099451708193244e-18,3.158687772084989e-17,False
CG3703,-8.787182,-0.68069625,1.533579265278219e-18,2.1146658053537334e-17,False
RpL27,-8.805621,-0.1223517,1.3013038887703978e-18,1.8057480889473915e-17,False
mRpL14,-8.814776,-0.75294924,1.1992421860132775e-18,1.667644610201109e-17,False
CG5504,-8.832435,-0.65948284,1.024211311831226e-18,1.4287856527361082e-17,False
CG4364,-8.853436,-0.5295393,8.48647833413673e-19,1.1863916147754337e-17,False
CG7382,-8.8961,-0.49652264,5.784354656439871e-19,8.120962023533796e-18,False
Idh3g,-8.91006,-0.34248784,5.100480711138132e-19,7.183860345666258e-18,False
Sod2,-8.9476595,-0.44680375,3.631005975734752e-19,5.15281312388017e-18,False
CG15012,-9.032037,-0.4245338,1.6850564905423974e-19,2.4306616182456248e-18,False
TfIIA-S,-9.042748,-0.4791653,1.5278113892162942e-19,2.2111199852082953e-18,False
Rop,-9.198087,-0.36059475,3.643811945898641e-20,5.374111423238389e-19,False
Pomp,-9.198276,-0.45421126,3.6373922580416843e-20,5.370670973362446e-19,False
maf-S,-9.250778,-0.37546763,2.2286466867721382e-20,3.309225549251149e-19,False
RpL11,-9.256121,-0.3074245,2.11995269365572e-20,3.1513912157612915e-19,False
aln,-9.312908,-0.5055163,1.2437900107095905e-20,1.8573459694016736e-19,False
ctp,-9.328891,-0.07320459,1.0698457458563587e-20,1.6030607692472533e-19,False
ND-B18,-9.36647,-0.33012193,7.499876006016972e-21,1.1263528068007888e-19,False
Ssadh,-9.429269,-0.49409848,4.1295698538486304e-21,6.273604329413278e-20,False
Cmpk,-9.473796,-0.34522507,2.6985594440956285e-21,4.104371487831094e-20,False
CG14817,-9.508887,-0.5479258,1.9271224828124708e-21,2.965376644805466e-20,False
Abl,-9.529324,-0.20985577,1.5831170178024448e-21,2.4446228826018714e-20,False
l(2)k09913,-9.529421,-0.41656974,1.5816314767397643e-21,2.4446228826018714e-20,False
Fum1,-9.565921,-0.53308856,1.1120715259159262e-21,1.7212876233287618e-20,False
Nt5c,-9.566116,-0.50175387,1.109969299000942e-21,1.7200597356334174e-20,False
Dlat,-9.581257,-0.53843784,9.587133768674133e-22,1.48742060040315e-20,False
Ctr9,-9.746351,-0.46608678,1.9121818155095284e-22,3.0238244569928658e-21,False
ND-20,-9.769906,-0.27920526,1.5159305489139853e-22,2.4088081430808563e-21,False
DnaJ-H,-9.771734,-0.43849596,1.4888122247831056e-22,2.3685812888468268e-21,False
Hsp26,-9.80189,-0.83827615,1.1049834006235526e-22,1.7622071441254983e-21,False
SRPK,-9.821827,-0.39755237,9.06852781198226e-23,1.4479893557382612e-21,False
Roc1a,-9.822479,-0.48726103,9.010008763829031e-23,1.4403956832783125e-21,False
Tet,-9.896582,-0.18003906,4.307473998274543e-23,6.953871721293092e-22,False
Pde9,-9.920879,-0.21305059,3.377662760138242e-23,5.466239695933083e-22,False
CNBP,-9.922288,-0.27944654,3.3303221275123127e-23,5.396271649523958e-22,False
Pp1alpha-96A,-9.98442,-0.27715856,1.7834138021628163e-23,2.9040694887511236e-22,False
Ype,-9.995314,-0.6179884,1.597813770240514e-23,2.6083069260534903e-22,False
Pdhb,-10.0312195,-0.46675935,1.1113508432697524e-23,1.8278174507394012e-22,False
Kdm4B,-10.050833,-0.48584083,9.109420516401672e-24,1.5038554648999293e-22,False
EMRE,-10.058133,-0.4130186,8.458738169782498e-24,1.3981921797372555e-22,False
Mapmodulin,-10.074864,-0.3187821,7.135909402362117e-24,1.1810199679652464e-22,False
Prps,-10.128741,-0.3940067,4.119179616093703e-24,6.869307022219208e-23,False
CG3719,-10.133141,-0.5770836,3.937935611281681e-24,6.575401762115955e-23,False
lark,-10.181266,-0.5235031,2.4041447690294525e-24,4.050367488437953e-23,False
Task6,-10.250559,-0.37897423,1.1766086883380488e-24,1.995072873993587e-23,False
HIP-R,-10.255381,-0.9669263,1.1193454855566616e-24,1.900428814689934e-23,False
eIF5B,-10.287359,-0.42008972,8.035013266907526e-25,1.371274147278335e-23,False
mRpL16,-10.293156,-0.80773646,7.565570529230881e-25,1.2928369613084917e-23,False
RpS16,-10.330994,-0.16171214,5.102929632715381e-25,8.754255653200107e-24,False
Teh2,-10.376125,-0.3788195,3.1843821157282018e-25,5.498812796686505e-24,False
Chchd3,-10.526703,-0.52149165,6.50740744461359e-26,1.1555924490495565e-24,False
CG30423,-10.581409,-0.43596146,3.6344752505783254e-26,6.506899082813321e-25,False
CG17734,-10.631807,-0.46672413,2.1196377428349295e-26,3.826120821235413e-25,False
CG42260,-10.6777725,-0.20449932,1.2933830611414986e-26,2.341094601440831e-25,False
eIF4E1,-10.679762,-0.29025722,1.2659619048753666e-26,2.2946214333747853e-25,False
Gs1l,-10.6799755,-0.53101933,1.2630432956721042e-26,2.2924933630424202e-25,False
Coq7,-10.701393,-0.5431663,1.002590958935574e-26,1.8222749365660273e-25,False
Pex19,-10.770695,-0.56441575,4.7341443115423376e-27,8.667779306995495e-26,False
Arr2,-10.785451,-1.1856304,4.032588206277466e-27,7.411502324292613e-26,True
CG15628,-10.812694,-0.2556135,2.9973756295991136e-27,5.51659848019075e-26,False
CG8993,-10.8204975,-0.41946036,2.7527819148211045e-27,5.0735353636275083e-26,False
CG7990,-10.913109,-0.43946764,9.978449662384189e-28,1.859954709409796e-26,False
eEF1beta,-10.963851,-0.43244547,5.7020131697313535e-28,1.0719621611364766e-26,False
ATPsyndelta,-11.027792,-0.31524098,2.8067135945943757e-28,5.360904556186728e-27,False
stx,-11.04498,-0.40626556,2.3181811933863193e-28,4.4342385825749084e-27,False
Sdc,-11.078211,-0.18989508,1.6003834182574514e-28,3.083671334211315e-27,False
RpL21,-11.106049,-0.102793,1.1723340282127543e-28,2.2655355095211475e-27,False
gish,-11.106662,-0.20731843,1.1643109489138462e-28,2.2533446509096984e-27,False
scrt,-11.144876,-0.1475349,7.585030306769717e-29,1.4766649372038644e-27,False
Ipp,-11.22918,-0.4548971,2.9318606877392956e-29,5.733271026425905e-28,False
eIF3h,-11.256377,-0.57993615,2.1543437007478967e-29,4.263588941495197e-28,False
RpL5,-11.270645,-0.23277135,1.8322334729748248e-29,3.63706647558341e-28,False
RpS14a,-11.27921,-0.20358337,1.6623254075826772e-29,3.304783385937059e-28,False
CG15772,-11.331225,-0.5147675,9.191027951465056e-30,1.832766286952994e-28,False
Cyp1,-11.487746,-0.20775622,1.5202714319537193e-30,3.0782568393380317e-29,False
CG8229,-11.520892,-0.793773,1.0353302996064532e-30,2.1028246471604948e-29,False
Prosbeta5,-11.54076,-0.6054249,8.219566932448977e-31,1.6746252567335196e-29,False
Hr38,-11.564062,-0.46393955,6.267225119454392e-31,1.278844802713512e-29,False
Pal2,-11.595922,-0.39340612,4.321838962464584e-31,8.901768935070078e-30,False
vib,-11.62218,-0.4089092,3.1791788342291753e-31,6.579147883559935e-30,False
CG16779,-11.677697,-0.21341369,1.6572430682492534e-31,3.4567985968037206e-30,False
Sumo,-11.692295,-0.29584628,1.3956324800149176e-31,2.920383187878349e-30,False
CycG,-11.837573,-0.17574003,2.4957173162237233e-32,5.3414041127843565e-31,False
RpL35,-11.859009,-0.20506431,1.9324956415139303e-32,4.142728421718525e-31,False
RpS6,-11.887762,-0.14490832,1.3702872144477024e-32,2.942311157689094e-31,False
Ggamma1,-11.907085,-0.11932173,1.0871162659579972e-32,2.3457791216673305e-31,False
Dld,-11.908232,-0.49257934,1.0722702995072763e-32,2.3175500009580784e-31,False
MagR,-11.913686,-0.36151057,1.0043755072727388e-32,2.1743819672275225e-31,False
ND-15,-12.0260725,-0.33284888,2.5920134576992035e-33,5.658081203924458e-32,False
CG12091,-12.101771,-0.4664134,1.033561948938166e-33,2.2599064178030684e-32,False
RpL32,-12.128986,-0.12192203,7.416171369926358e-34,1.6269767608047124e-32,False
miple1,-12.26696,-0.14878121,1.3627483197332317e-34,3.0352331643414235e-33,False
14-3-3zeta,-12.294129,-0.10058131,9.740075472890047e-35,2.1767743501572807e-33,False
CG12822,-12.295509,-0.5906229,9.575104673834197e-35,2.1435511161644834e-33,False
nAChRbeta1,-12.308126,-0.16758431,8.190207057748238e-35,1.839786511895207e-33,False
Vha26,-12.338961,-0.2386243,5.587229724529094e-35,1.2680792022458865e-33,False
Prx2,-12.417551,-0.462861,2.0988729383310633e-35,4.788418278230643e-34,False
CG7920,-12.631398,-0.5033217,1.417368729901824e-36,3.273399381307534e-35,False
stv,-12.804221,-0.5172775,1.5527647538477325e-37,3.703245304956997e-36,False
Phb2,-12.813671,-0.68416476,1.3747322854939363e-37,3.2846103570319666e-36,False
RpL34a,-13.034904,-0.4907756,7.746539031722855e-39,1.8781784025068274e-37,False
Fie,-13.0401325,-0.36362484,7.233077350503922e-39,1.7569291952490212e-37,False
Syx1A,-13.112466,-0.17410792,2.7936604930936308e-39,6.861961222381944e-38,False
RpL36,-13.149187,-0.11962486,1.720136635087408e-39,4.264965192770496e-38,False
awd,-13.226774,-0.3745026,6.146954915188923e-40,1.538612086485669e-38,False
bic,-13.229968,-0.33308122,5.891214448427184e-40,1.4774131501294202e-38,False
Pdh,-13.249557,-2.1334043,4.538759275308028e-40,1.1404175073962294e-38,True
COX5B,-13.293719,-0.28298676,2.517478954325895e-40,6.349748740651936e-39,False
LTV1,-13.305191,-0.54194164,2.159395717246442e-40,5.457042138526056e-39,False
cass,-13.326516,-0.3314802,1.6230130654753505e-40,4.109444064241153e-39,False
ND-42,-13.373019,-0.59990203,8.693935403840585e-41,2.2055406398044235e-39,False
ND-B17,-13.470337,-0.43605196,2.337956345536868e-41,6.000602409511715e-40,False
CG13917,-13.507433,-0.22070879,1.4136484700188431e-41,3.6425008910818863e-40,False
Pep,-13.512343,-0.3993635,1.3224421551612252e-41,3.4141871043170252e-40,False
Scsalpha1,-13.580761,-0.39968494,5.20827676728193e-42,1.3606752484861203e-40,False
ND-B14.7,-13.64662,-0.54052794,2.1146077968139546e-42,5.557612211586436e-41,False
Opa1,-13.677447,-0.44729653,1.384680873866989e-42,3.653833607125723e-41,False
CG11267,-13.76209,-0.43213126,4.308869190402294e-43,1.1438959602237686e-41,False
Rsf1,-13.78337,-0.3776431,3.2093438417027024e-43,8.537244417776358e-42,False
Cisd,-13.929139,-0.47337168,4.214028336493847e-44,1.13476529446446e-42,False
cPges,-13.986041,-0.48030576,1.8968092434924895e-44,5.182114400984367e-43,False
eIF3i,-14.181272,-0.57561016,1.1965872457368833e-45,3.3243875256296793e-44,False
Stacl,-14.226102,-0.2989307,6.3102754773156814e-46,1.768088060712268e-44,False
qvr,-14.247787,-0.18847692,4.627076970385028e-46,1.299239710851061e-44,False
Trp1,-14.297634,-0.4746457,2.263745167523727e-46,6.383664215971953e-45,False
CG32278,-14.299234,-0.5029316,2.2122968583260173e-46,6.26547263259961e-45,False
RpLP2,-14.303054,-0.22738342,2.094133836281686e-46,5.956496264627194e-45,False
CG2269,-14.319172,-0.28397366,1.6609001206728326e-46,4.734466048972168e-45,False
alphaTub84D,-14.367219,-0.60209596,8.3101712283474e-47,2.3895833722475533e-45,False
CG31688,-14.407215,-0.49146104,4.6612836622938565e-47,1.34328790803078e-45,False
ND-ASHI,-14.483778,-0.55426466,1.534259663910212e-47,4.460554478638074e-46,False
alphaSnap,-14.655284,-0.2589292,1.2463504145337795e-48,3.672262510625201e-47,False
Alas,-14.89831,-0.7633256,3.3802134524549803e-50,1.0306121804805313e-48,False
Gycalpha99B,-15.136674,-0.52537835,9.278934175060663e-52,2.945277149624931e-50,False
cg,-15.212371,-0.34412518,2.927469856386323e-52,9.405838968893073e-51,False
betaTub56D,-15.262638,-0.43264812,1.3565217494385327e-52,4.369130467983274e-51,False
ninaE,-15.473688,-1.4077792,5.22273889436971e-54,1.7201005466394076e-52,True
QIL1,-15.510472,-0.58106273,2.9470109987791133e-54,9.779462508827356e-53,False
ND-18,-15.513044,-0.43214387,2.831284165238795e-54,9.419216510228608e-53,False
D1,-15.608181,-0.47547415,6.4037204040789636e-55,2.1632722321337187e-53,False
RpL10Ab,-15.635671,-0.25365898,4.160683441211955e-55,1.4128046796115322e-53,False
RpL35A,-15.6972475,-0.27767968,1.5794770186350585e-55,5.405184245282111e-54,False
eIF3l,-15.864035,-0.58573395,1.1243371154337317e-56,3.982456612915005e-55,False
CtsB,-15.924334,-0.7595736,4.295681844520581e-57,1.5297982417031153e-55,False
ATPsynbeta,-16.033852,-0.24972896,7.414066072142577e-58,2.6475065829898264e-56,False
CG6044,-16.10439,-0.44790298,2.3763305661104267e-58,8.532065565370796e-57,False
Scgbeta,-16.19946,-0.6510971,5.087243109972677e-59,1.8416380635854255e-57,False
Hsp83,-16.64087,-0.30196142,3.5246539306184945e-62,1.334797616779759e-60,False
Rab14,-16.699545,-0.49959874,1.320667317973734e-62,5.074529013301999e-61,False
nmo,-16.88827,-0.2827158,5.48888105308387e-64,2.1403378610853157e-62,False
VhaAC45RP,-17.081694,-0.38294142,2.03138591436031e-65,8.089224939578435e-64,False
sesB,-17.158947,-0.22907534,5.388083902079476e-66,2.185333659173654e-64,False
ND-B14,-17.224688,-0.44071084,1.7336327328201518e-66,7.119271169371755e-65,False
ND-30,-17.275206,-0.5876137,7.231418170845179e-67,2.9977307944188166e-65,False
eIF3m,-17.342556,-0.4613138,2.2452542595367564e-67,9.366630547483339e-66,False
Idh3a,-17.360994,-0.51751673,1.6287983430653255e-67,6.816572938287083e-66,False
ND-24,-17.41482,-0.6895239,6.368875738238736e-68,2.691105983157403e-66,False
CG42392,-17.611792,-0.37213737,2.000107034623157e-69,8.533573552591853e-68,False
His3.3A,-17.83761,-0.5482631,3.6080379257075458e-71,1.5699743835007567e-69,False
Cyt-c1,-17.949118,-0.45827788,4.875802751023792e-72,2.1500981191679078e-70,False
ATPsynE,-18.673012,-0.34253967,8.208887328690228e-78,3.8526067280827956e-76,False
ND-B16.6,-18.74289,-0.4729425,2.2128069552977805e-78,1.0422400071529798e-76,False
RpL18,-18.803362,-0.29971015,7.087901601358659e-79,3.362531225395456e-77,False
Cchl,-18.85489,-0.73729974,2.6789208342854997e-79,1.2754963291067303e-77,False
Ip259,-18.887363,-0.47414213,1.4490432103538606e-79,6.924318846276393e-78,False
ND-13B,-19.389622,-0.52947146,9.442904951715897e-84,4.665008044003707e-82,False
SdhC,-19.472076,-0.51504695,1.8943354038662868e-84,9.42934149326018e-83,False
PhKgamma,-19.472536,-0.64036614,1.8774462913929906e-84,9.3808067358157e-83,False
NP15.6,-19.49987,-0.67408746,1.100590249781477e-84,5.520174226098621e-83,False
Gapdh1,-19.868769,-0.56552494,7.583943319244752e-88,3.8628139208602825e-86,False
Vha44,-19.86892,-0.418528,7.561190959750163e-88,3.8628139208602825e-86,False
RpL23A,-19.892586,-0.3331839,4.7177728262163943e-88,2.421728621457408e-86,False
CG2852,-20.061827,-0.5071462,1.5912766609790794e-89,8.33106239120561e-88,False
ND-B14.5A,-20.120039,-0.6212412,4.9269109790117505e-90,2.600182215871221e-88,False
RpL28,-20.18765,-0.27610782,1.257022247491195e-90,6.71484933100886e-89,False
ND-ACP,-20.556524,-0.562842,6.728400702088991e-94,3.762464409623465e-92,False
Mdh2,-20.765066,-0.5721886,8.960361433252583e-96,5.097320761661134e-94,False
Vha14-1,-20.976711,-0.4974923,1.0704616310479034e-97,6.336457789910134e-96,False
Eno,-21.018782,-0.37283993,4.4162617767470046e-98,2.625977194942642e-96,False
Ggamma30A,-21.141376,-0.308787,3.312798466708301e-99,1.9969488372024672e-97,False
lncRNA:mimi,-21.367369,-0.25993246,2.6886234049961246e-101,1.6433116355839102e-99,False
ps,-21.683178,-0.2532725,2.9573813525746656e-104,1.8331579412350794e-102,False
Pgk,-21.809032,-0.6323429,1.9045930137238456e-105,1.1975242484854092e-103,False
RpS3A,-21.82948,-0.38129583,1.217993977855837e-105,7.69502829952094e-104,False
ND-19,-21.857895,-0.6686289,6.539055206477755e-106,4.151194418759622e-104,False
RpS11,-21.861227,-0.324059,6.078884449865188e-106,3.877797114353322e-104,False
Fkbp12,-21.862926,-0.50722975,5.856571983566372e-106,3.7542054846851555e-104,False
RpS15Aa,-21.920843,-0.3687353,1.6438697123503804e-106,1.0589260730390366e-104,False
RpS9,-21.92955,-0.32733715,1.3576040860338009e-106,8.788312952990234e-105,False
COX6B,-22.046064,-0.3352913,1.0420223079699561e-107,6.846607574516596e-106,False
RpL24-like,-22.15889,-0.5066402,8.563640508291251e-109,5.741571424462007e-107,False
eEF1alpha2,-22.194983,-0.39542606,3.839964752395537e-109,2.5877424005758847e-107,False
RpS20,-22.365911,-0.40336037,8.453978379849168e-111,5.786131765083225e-109,False
His4r,-22.735804,-0.29828143,1.983064690825725e-114,1.408619086602208e-112,False
RpL12,-22.904705,-0.38500458,4.170626107884733e-116,3.0113295430611688e-114,False
Nacalpha,-23.304543,-0.4629968,3.9871678029203955e-120,2.960190514021295e-118,False
SdhD,-23.974882,-0.6995183,5.085042800832628e-127,3.930738085043621e-125,False
RpL13A,-24.018703,-0.4078047,1.7734348215696282e-127,1.4038980114606316e-125,False
cpx,-24.205212,-0.32034776,1.960673080597074e-129,1.592817976447164e-127,False
Sod1,-24.20855,-0.5376446,1.808202462740783e-129,1.4850992851797893e-127,False
RpL9,-24.227139,-0.36471292,1.1518990825435642e-129,9.520192354531432e-128,False
CG42541,-24.47191,-0.6263819,2.941941796691446e-132,2.4941972355046643e-130,False
RpS27A,-24.51159,-0.388364,1.111435717163934e-132,9.484010882630686e-131,False
ND-51,-24.727467,-0.71263665,5.41855778270472e-135,4.6539390733674984e-133,False
ND-SGDH,-24.858185,-0.6347621,2.109226230245721e-136,1.8235093349775672e-134,False
Fer2LCH,-25.05832,-0.40576005,1.4169065879985787e-138,1.2413046315259549e-136,False
eIF3f1,-25.190878,-0.7169364,5.042617253065971e-140,4.4473176726536864e-138,False
Tpi,-25.429598,-0.5870156,1.1872046718086039e-142,1.0909829784781023e-140,False
RpS29,-26.0692,-0.35972157,8.15111916752566e-150,7.761873694235848e-148,False
Vha36-1,-26.26342,-0.58276594,5.0222993500201e-152,4.8527967469569214e-150,False
7B2,-26.445972,-0.4324468,4.059565361312875e-154,3.9516109935564805e-152,False
RpL13,-26.73376,-0.4268954,1.9074572339210178e-157,1.870589217235529e-155,False
Hasp,-26.762691,-0.46849316,8.788192094671287e-158,8.683130249328976e-156,False
Mic26-27,-26.785515,-0.6691151,4.765893523911535e-158,4.744591424069808e-156,False
RpL15,-27.233107,-0.37992048,2.634717684421119e-163,2.769826007278234e-161,False
blw,-27.307323,-0.48407647,3.471864302355539e-164,3.7092494957117187e-162,False
RpS3,-27.593239,-0.42692584,1.341249790619121e-167,1.444701926108678e-165,False
porin,-27.930407,-0.48965883,1.1404880174729602e-171,1.2700977150518788e-169,False
RpL24,-28.007778,-0.38755038,1.3063675484517395e-172,1.4672629020687443e-170,False
ND-B17.2,-28.135738,-0.7452733,3.581619136582833e-174,4.092700615116087e-172,False
RpL26,-28.214808,-0.43787673,3.8489441381701703e-175,4.476015479618956e-173,False
RpS26,-28.256111,-0.36065605,1.1973928486760347e-175,1.4049053057546225e-173,False
ND-PDSW,-28.33949,-0.7066852,1.1278365402943417e-176,1.3352162140547698e-174,False
SdhB,-28.349222,-0.80091447,8.556659878335204e-177,1.0222097041927538e-174,False
ATPsynCF6,-28.433262,-0.49768803,7.848876390518097e-178,9.462576573192506e-176,False
RpL10,-28.463203,-0.48035425,3.345206442411319e-178,4.070310912937698e-176,False
alphaTub84B,-28.895666,-0.52329934,1.3534398167655034e-183,1.6622011805715403e-181,False
nSyb,-29.866762,-0.3081985,5.31912356055595e-196,6.721019491275552e-194,False
ND-39,-30.195236,-0.7770939,2.735486969483878e-200,3.559112303563132e-198,False
RpL8,-30.909874,-0.5130653,8.800363551589988e-210,1.2046414315775421e-207,False
Tsp42Ej,-30.944977,-0.6940645,2.968350369759745e-210,4.106009706211874e-208,False
RpL34b,-31.068363,-0.54900646,6.44565663652952e-212,9.107782135552088e-210,False
RpL17,-31.771666,-0.51860374,1.594577320119334e-221,2.3544202880548504e-219,False
Vha13,-32.21725,-0.5245395,1.0119533607936022e-227,1.5111453538850826e-225,False
Srrm234,-32.476818,-0.45065516,2.2660560444595663e-231,3.503322644734489e-229,False
RpL40,-32.614113,-0.5181881,2.5874148411854643e-233,4.047764098573593e-231,False
Jupiter,-32.65981,-0.7319403,5.815058843322683e-234,9.206709428928116e-232,False
Rack1,-32.99213,-0.5941854,1.0532645648814417e-238,1.7087592156922254e-236,False
RpL4,-33.0591,-0.58425397,1.1511260975586102e-239,1.890868506002212e-237,False
RpL18A,-33.164932,-0.52442265,3.4501690733695074e-241,5.812650229890859e-239,False
RpL7A,-33.385704,-0.5197822,2.2107588209614234e-244,3.772932683929099e-242,False
UQCR-C1,-34.62453,-0.79530317,1.080054783725825e-262,1.917972961208252e-260,False
ND-B22,-35.20667,-0.7869571,1.5807549710492659e-271,3.100403145456478e-269,False
COX7A,-35.30121,-0.6194046,5.626613169734726e-273,1.120292782780061e-270,False
RpS12,-35.77312,-0.56664544,2.891901428660017e-280,6.032139154606554e-278,False
RpS8,-35.78355,-0.46780485,1.9909109793771502e-280,4.219767932257279e-278,False
RpS25,-35.82802,-0.4553931,4.045574230680107e-281,8.715228027109392e-279,False
RpLP0,-35.918423,-0.633575,1.5756627940964376e-282,3.4509641295368815e-280,False
Ald1,-36.111618,-0.66919976,1.4904020856336929e-285,3.3195548825953148e-283,False
RpL14,-36.79763,-0.48266417,2.0145008867498578e-296,4.727242170139264e-294,False
ATPsyngamma,-37.523647,-0.8330665,3.791196714422516e-308,9.400021891363449e-306,False
ATPsynD,-37.654037,-0.767853,2.8099068874545e-310,7.240193413341063e-308,False
RpLP1,-37.912678,-0.5928256,0.0,0.0,False
ATPsynC,-38.016754,-0.4714044,0.0,0.0,False
ATPsynO,-38.03147,-0.7877238,0.0,0.0,False
RpL3,-38.07728,-0.70674247,0.0,0.0,False
RpL23,-38.666412,-0.5288366,0.0,0.0,False
RpL19,-40.22624,-0.59129554,0.0,0.0,False
levy,-40.304157,-0.6655786,0.0,0.0,False
RpS7,-40.710403,-0.6225203,0.0,0.0,False
ATPsynF,-40.752228,-0.6396243,0.0,0.0,False
RpS15,-41.249863,-0.55935496,0.0,0.0,False
RpL7,-41.38169,-0.59008926,0.0,0.0,False
sta,-42.53788,-0.6812318,0.0,0.0,False
IscU,-42.758415,-0.76224816,0.0,0.0,False
ATPsynB,-42.9209,-0.78131866,0.0,0.0,False
RpS2,-43.001217,-0.62541884,0.0,0.0,False
RpL6,-43.568985,-0.6453145,0.0,0.0,False
UQCR-C2,-44.32757,-0.9265491,0.0,0.0,False
RpS10b,-45.149326,-0.71477383,0.0,0.0,False
RpS18,-47.679455,-0.59755087,0.0,0.0,False
RFeSP,-48.772182,-0.97800434,0.0,0.0,False
COX5A,-49.41572,-0.8971164,0.0,0.0,False
RpL37-1,-51.057533,-0.66517425,0.0,0.0,False
COX4,-53.17706,-0.84464294,0.0,0.0,False
RpS4,-60.736973,-0.8630331,0.0,0.0,False
lncRNA:roX2,-141.8335,-9.603278,0.0,0.0,True
lncRNA:roX1,-175.87006,-9.109962,0.0,0.0,True
