Gene_set,Term,Overlap,P-value,Adjusted P-value,Old P-value,Old Adjusted P-value,Z-score,Combined Score,Genes
GO_Biological_Process_GeneRIF_Predicted_zscore,autophagosome_maturation_(GO:0097352),4/114,0.0107306218935677,0.7798008127494221,0.0176939776306481,0.8226430015403322,-44.41755129252453,201.41821622848988,galla-2;CG6665;Rep;CG5934
GO_Biological_Process_GeneRIF_Predicted_zscore,mannose_metabolic_process_(GO:0006013),3/154,0.1095387271071878,0.7798008127494221,0.1479213418653852,0.8226430015403322,-82.77854732092581,183.0628634304665,capt;Rep;Cdc42
GO_Biological_Process_GeneRIF_Predicted_zscore,mRNA_splice_site_selection_(GO:0006376),4/195,0.0594150296436599,0.7798008127494221,0.0881982513665049,0.8226430015403322,-52.71701701729437,148.8311073589753,pcs;Nf-YB;Sxl;Bet3
GO_Biological_Process_GeneRIF_Predicted_zscore,meiosis_II_cytokinesis_(GO:0007111),3/200,0.1900326525530107,0.7798008127494221,0.2469660980878513,0.8226430015403322,-78.07797134772582,129.65310660325625,CG10347;MEP-1;Caf1-55
GO_Biological_Process_GeneRIF_Predicted_zscore,methionine_metabolic_process_(GO:0006555),3/200,0.1900326525530107,0.7798008127494221,0.2469660980878513,0.8226430015403322,-73.99673029218648,122.87596354339315,M6;cdm;ogre
GO_Biological_Process_GeneRIF_Predicted_zscore,cellular_amide_metabolic_process_(GO:0043603),3/200,0.1900326525530107,0.7798008127494221,0.2469660980878513,0.8226430015403322,-73.64107102031184,122.285370208361,hoe1;wtrw;AcCoAS
GO_Biological_Process_GeneRIF_Predicted_zscore,metal_ion_transport_(GO:0030001),3/200,0.1900326525530107,0.7798008127494221,0.2469660980878513,0.8226430015403322,-69.91026380972275,116.09014335190922,hoe1;wtrw;Mppe
GO_Biological_Process_GeneRIF_Predicted_zscore,response_to_light_stimulus_(GO:0009416),6/200,0.0040354880741982,0.7798008127494221,0.007883314637393,0.8226430015403322,-19.39060498466904,106.8931924490813,hoe1;zyd;wtrw;Mppe;Rh2;Cpr72Ec
GO_Biological_Process_GeneRIF_Predicted_zscore,meiotic_sister_chromatid_cohesion_(GO:0051177),3/200,0.1900326525530107,0.7798008127494221,0.2469660980878513,0.8226430015403322,-59.89165650607577,99.45365115911176,MEP-1;Clamp;Caf1-55
GO_Biological_Process_GeneRIF_Predicted_zscore,melanin_biosynthetic_process_(GO:0042438),3/200,0.1900326525530107,0.7798008127494221,0.2469660980878513,0.8226430015403322,-58.72455447764988,97.51560895467908,Sara;capt;Cdc42
GO_Biological_Process_GeneRIF_Predicted_zscore,lysosomal_transport_(GO:0007041),3/164,0.1257289603251118,0.7798008127494221,0.1682544726778651,0.8226430015403322,-45.6386575282632,94.6375432533876,Sara;Rep;Cdc42
GO_Biological_Process_GeneRIF_Predicted_zscore,cellular_response_to_radiation_(GO:0071478),6/200,0.0040354880741982,0.7798008127494221,0.007883314637393,0.8226430015403322,-16.660892624798556,91.8453035954344,Pex23;hoe1;wtrw;CG6276;Mppe;Rh2
GO_Biological_Process_GeneRIF_Predicted_zscore,axonal_transport_of_mitochondrion_(GO:0019896),4/200,0.0639858882974155,0.7798008127494221,0.0945178477449789,0.8226430015403322,-30.811268848086748,84.70303473905605,Pex23;CG32085;rg;wtrw
GO_Biological_Process_GeneRIF_Predicted_zscore,fatty_acid_beta-oxidation_(GO:0006635),3/200,0.1900326525530107,0.7798008127494221,0.2469660980878513,0.8226430015403322,-49.98615475512581,83.00497745119705,CG3740;capt;Cdc42
GO_Biological_Process_GeneRIF_Predicted_zscore,endosomal_transport_(GO:0016197),4/200,0.0639858882974155,0.7798008127494221,0.0945178477449789,0.8226430015403322,-29.350772930977385,80.68799605262281,MEP-1;capt;Rep;Cdc42
GO_Biological_Process_GeneRIF_Predicted_zscore,ion_transmembrane_transport_(GO:0034220),5/200,0.0175552857966727,0.7798008127494221,0.0297273413511118,0.8226430015403322,-18.902091129414465,76.40981676201243,hoe1;wtrw;Mppe;Rh2;AcCoAS
GO_Biological_Process_GeneRIF_Predicted_zscore,negative_regulation_of_neuron_apoptotic_process_(GO:0043524),3/200,0.1900326525530107,0.7798008127494221,0.2469660980878513,0.8226430015403322,-45.89036354113672,76.20367298944281,CG10347;CG2124;Caf1-55
GO_Biological_Process_GeneRIF_Predicted_zscore,amide_biosynthetic_process_(GO:0043604),3/200,0.1900326525530107,0.7798008127494221,0.2469660980878513,0.8226430015403322,-45.53091998881313,75.60679563206739,hoe1;wtrw;AcCoAS
GO_Biological_Process_GeneRIF_Predicted_zscore,long-chain_fatty_acid_metabolic_process_(GO:0001676),3/200,0.1900326525530107,0.7798008127494221,0.2469660980878513,0.8226430015403322,-40.77623776420521,67.71136353142722,CG2765;AcCoAS;Pino
GO_Biological_Process_GeneRIF_Predicted_zscore,regulation_of_phosphate_metabolic_process_(GO:0019220),3/200,0.1900326525530107,0.7798008127494221,0.2469660980878513,0.8226430015403322,-38.38621405820983,63.7425872813671,MEP-1;Sara;CG1951
GO_Biological_Process_GeneRIF_Predicted_zscore,ERAD_pathway_(GO:0036503),4/200,0.0639858882974155,0.7798008127494221,0.0945178477449789,0.8226430015403322,-21.101159338607918,58.00904342189884,Sara;AP-2mu;capt;Cdc42
GO_Biological_Process_GeneRIF_Predicted_zscore,apoptotic_cell_clearance_(GO:0043277),3/200,0.1900326525530107,0.7798008127494221,0.2469660980878513,0.8226430015403322,-30.804794758688548,51.153190455633,Sara;capt;Cdc42
GO_Biological_Process_GeneRIF_Predicted_zscore,negative_regulation_of_transcription_from_RNA_polymerase_II_promoter_(GO:0000122),2/189,0.4154041042079848,0.7798008127494221,0.4839768449789976,0.8226430015403322,-57.60391954039078,50.60524420726213,MEP-1;Caf1-55
GO_Biological_Process_GeneRIF_Predicted_zscore,rhodopsin_mediated_signaling_pathway_(GO:0016056),4/200,0.0639858882974155,0.7798008127494221,0.0945178477449789,0.8226430015403322,-17.859117570463923,49.09637001443469,hoe1;wtrw;Mppe;Rh2
GO_Biological_Process_GeneRIF_Predicted_zscore,negative_regulation_of_transcription_elongation_from_RNA_polymerase_II_promoter_(GO:0034244),2/193,0.4257541106460417,0.7798008127494221,0.4949455934849741,0.8226430015403322,-56.67917766752079,48.39797031009944,MEP-1;Caf1-55
GO_Biological_Process_GeneRIF_Predicted_zscore,vesicle_transport_along_microtubule_(GO:0047496),4/200,0.0639858882974155,0.7798008127494221,0.0945178477449789,0.8226430015403322,-17.507950957047406,48.13098043563898,flw;CG7646;CG7582;CG31687
GO_Biological_Process_GeneRIF_Predicted_zscore,response_to_sucrose_(GO:0009744),4/200,0.0639858882974155,0.7798008127494221,0.0945178477449789,0.8226430015403322,-17.408767763980535,47.85831664209984,Patsas;rg;CG11768;Mppe
GO_Biological_Process_GeneRIF_Predicted_zscore,calcium-mediated_signaling_(GO:0019722),2/200,0.4436359549663501,0.7798008127494221,0.5137900612566643,0.8226430015403322,-58.31779460482686,47.397844373378376,rg;CG17724
GO_Biological_Process_GeneRIF_Predicted_zscore,membrane_lipid_biosynthetic_process_(GO:0046467),2/200,0.4436359549663501,0.7798008127494221,0.5137900612566643,0.8226430015403322,-58.04544285881595,47.17649022650578,M6;AcCoAS
GO_Biological_Process_GeneRIF_Predicted_zscore,membrane_lipid_metabolic_process_(GO:0006643),2/200,0.4436359549663501,0.7798008127494221,0.5137900612566643,0.8226430015403322,-57.883869363670776,47.04517121093519,M6;AcCoAS
GO_Biological_Process_GeneRIF_Predicted_zscore,cellular_biogenic_amine_biosynthetic_process_(GO:0042401),2/200,0.4436359549663501,0.7798008127494221,0.5137900612566643,0.8226430015403322,-57.61963788581744,46.83041681991774,CG32085;rg
GO_Biological_Process_GeneRIF_Predicted_zscore,autophagy_of_nucleus_(GO:0044804),3/200,0.1900326525530107,0.7798008127494221,0.2469660980878513,0.8226430015403322,-28.150745154590425,46.74598352759994,MEP-1;capt;Cdc42
GO_Biological_Process_GeneRIF_Predicted_zscore,meiosis_I_(GO:0007127),2/200,0.4436359549663501,0.7798008127494221,0.5137900612566643,0.8226430015403322,-55.53294540446233,45.134455473015535,MEP-1;Caf1-55
GO_Biological_Process_GeneRIF_Predicted_zscore,male_gamete_generation_(GO:0048232),2/200,0.4436359549663501,0.7798008127494221,0.5137900612566643,0.8226430015403322,-54.399309708656375,44.21309195695641,MEP-1;Caf1-55
GO_Biological_Process_GeneRIF_Predicted_zscore,meiosis_I_cytokinesis_(GO:0007110),2/200,0.4436359549663501,0.7798008127494221,0.5137900612566643,0.8226430015403322,-52.99059917985997,43.06816110242946,MEP-1;Rbm13
GO_Biological_Process_GeneRIF_Predicted_zscore,negative_regulation_of_protein_dephosphorylation_(GO:0035308),2/167,0.3569670360721517,0.7798008127494221,0.4212091713860186,0.8226430015403322,-41.16522303022902,42.40478353257058,Sxl;cdm
GO_Biological_Process_GeneRIF_Predicted_zscore,sensory_perception_of_light_stimulus_(GO:0050953),5/200,0.0175552857966727,0.7798008127494221,0.0297273413511118,0.8226430015403322,-10.479874732285708,42.36384760290808,hoe1;wtrw;Mppe;CRMP;Rh2
GO_Biological_Process_GeneRIF_Predicted_zscore,epithelial_fluid_transport_(GO:0042045),3/200,0.1900326525530107,0.7798008127494221,0.2469660980878513,0.8226430015403322,-25.22869564209933,41.89374684158574,Pex23;hoe1;wtrw
GO_Biological_Process_GeneRIF_Predicted_zscore,regulation_of_nurse_cell_apoptotic_process_(GO:0045477),3/200,0.1900326525530107,0.7798008127494221,0.2469660980878513,0.8226430015403322,-25.226641114208796,41.89033517605431,CG17068;Cdc42;Caf1-55
GO_Biological_Process_GeneRIF_Predicted_zscore,negative_regulation_of_transport_(GO:0051051),2/200,0.4436359549663501,0.7798008127494221,0.5137900612566643,0.8226430015403322,-49.1770055955168,39.96865920187146,MEP-1;CG1951
GO_Biological_Process_GeneRIF_Predicted_zscore,cytosolic_calcium_ion_transport_(GO:0060401),4/200,0.0639858882974155,0.7798008127494221,0.0945178477449789,0.8226430015403322,-14.039300888118476,38.595339799263165,hoe1;wtrw;Mppe;Rh2
GO_Biological_Process_GeneRIF_Predicted_zscore,negative_regulation_of_smoothened_signaling_pathway_(GO:0045879),2/200,0.4436359549663501,0.7798008127494221,0.5137900612566643,0.8226430015403322,-47.29612115224644,38.43996853840357,MEP-1;Cdc42
GO_Biological_Process_GeneRIF_Predicted_zscore,regulation_of_postsynaptic_membrane_potential_(GO:0060078),3/200,0.1900326525530107,0.7798008127494221,0.2469660980878513,0.8226430015403322,-22.767287147895868,37.80643191287356,rg;Sxl;CG13375
GO_Biological_Process_GeneRIF_Predicted_zscore,neural_crest_cell_development_(GO:0014032),2/200,0.4436359549663501,0.7798008127494221,0.5137900612566643,0.8226430015403322,-46.28610009550099,37.61907294065589,MEP-1;Cdc42
GO_Biological_Process_GeneRIF_Predicted_zscore,sulfur_compound_transport_(GO:0072348),2/84,0.1311368922942255,0.7798008127494221,0.1650033685509376,0.8226430015403322,-18.2127207944263,36.99938856713632,MEP-1;CG1951
GO_Biological_Process_GeneRIF_Predicted_zscore,neuroblast_differentiation_(GO:0014016),2/200,0.4436359549663501,0.7798008127494221,0.5137900612566643,0.8226430015403322,-43.64189107071984,35.469989479998304,MEP-1;Caf1-55
GO_Biological_Process_GeneRIF_Predicted_zscore,negative_regulation_of_dephosphorylation_(GO:0035305),2/167,0.3569670360721517,0.7798008127494221,0.4212091713860186,0.8226430015403322,-34.11376278312731,35.140990861089186,Sxl;cdm
GO_Biological_Process_GeneRIF_Predicted_zscore,histone_ubiquitination_(GO:0016574),3/200,0.1900326525530107,0.7798008127494221,0.2469660980878513,0.8226430015403322,-20.769018668208364,34.48818847305605,MEP-1;Rbm13;Caf1-55
GO_Biological_Process_GeneRIF_Predicted_zscore,hydrogen_peroxide_metabolic_process_(GO:0042743),3/200,0.1900326525530107,0.7798008127494221,0.2469660980878513,0.8226430015403322,-20.626935072613488,34.25225022762963,CG33941;ND-AGGG;sun
GO_Biological_Process_GeneRIF_Predicted_zscore,regulation_of_mitochondrial_fission_(GO:0090140),4/200,0.0639858882974155,0.7798008127494221,0.0945178477449789,0.8226430015403322,-12.438373806995942,34.194242822841886,Pex23;hoe1;CG6276;Kcmf1
GO_Biological_Process_GeneRIF_Predicted_zscore,hydrogen_peroxide_catabolic_process_(GO:0042744),3/200,0.1900326525530107,0.7798008127494221,0.2469660980878513,0.8226430015403322,-20.390019403275748,33.85883769394804,CG33941;ND-AGGG;sun
GO_Biological_Process_GeneRIF_Predicted_zscore,neuroblast_division_(GO:0055057),2/200,0.4436359549663501,0.7798008127494221,0.5137900612566643,0.8226430015403322,-41.37678614938403,33.62902324870735,MEP-1;Caf1-55
GO_Biological_Process_GeneRIF_Predicted_zscore,positive_regulation_of_ecdysteroid_biosynthetic_process_(GO:0045998),5/200,0.0175552857966727,0.7798008127494221,0.0297273413511118,0.8226430015403322,-8.197782265190497,33.138716581644424,CG7646;rg;CG11768;Sxl;CG13375
GO_Biological_Process_GeneRIF_Predicted_zscore,positive_regulation_of_cell_size_(GO:0045793),2/83,0.128617813240212,0.7798008127494221,0.1620099221159818,0.8226430015403322,-15.30410657233149,31.38734460006677,MEP-1;Rep
GO_Biological_Process_GeneRIF_Predicted_zscore,asymmetric_protein_localization_(GO:0008105),2/200,0.4436359549663501,0.7798008127494221,0.5137900612566643,0.8226430015403322,-38.17517483317731,31.026910532719054,MEP-1;Caf1-55
GO_Biological_Process_GeneRIF_Predicted_zscore,regulation_of_reactive_oxygen_species_metabolic_process_(GO:2000377),3/185,0.1622358991955073,0.7798008127494221,0.2133161485113912,0.8226430015403322,-16.456100662753276,29.928773385492335,CG6276;CG4593;cdm
GO_Biological_Process_GeneRIF_Predicted_zscore,response_to_alcohol_(GO:0097305),5/200,0.0175552857966727,0.7798008127494221,0.0297273413511118,0.8226430015403322,-7.369663419359627,29.791128802393985,CG7646;CG11768;CG31687;CG5934;CG13375
GO_Biological_Process_GeneRIF_Predicted_zscore,mRNA_processing_(GO:0006397),2/200,0.4436359549663501,0.7798008127494221,0.5137900612566643,0.8226430015403322,-36.35409420290373,29.54682547652016,MEP-1;Caf1-55
GO_Biological_Process_GeneRIF_Predicted_zscore,negative_regulation_of_macroautophagy_(GO:0016242),1/72,0.4189992562865458,0.7798008127494221,0.4640603423809137,0.8226430015403322,-33.951321954866295,29.53378420066295,CG1951
GO_Biological_Process_GeneRIF_Predicted_zscore,anesthesia-resistant_memory_(GO:0007615),5/200,0.0175552857966727,0.7798008127494221,0.0297273413511118,0.8226430015403322,-7.296864034472646,29.496844555137063,CG7646;rg;CG11768;Sxl;CG13375
GO_Biological_Process_GeneRIF_Predicted_zscore,regulation_of_exocytosis_(GO:0017157),5/197,0.0165543311204505,0.7798008127494221,0.028134583632066,0.8226430015403322,-7.103963614350882,29.1341185457457,Sara;AP-2mu;capt;Rep;Cdc42
GO_Biological_Process_GeneRIF_Predicted_zscore,asymmetric_stem_cell_division_(GO:0098722),2/200,0.4436359549663501,0.7798008127494221,0.5137900612566643,0.8226430015403322,-34.93054869628843,28.38983747931991,MEP-1;Caf1-55
GO_Biological_Process_GeneRIF_Predicted_zscore,lamellipodium_assembly_(GO:0030032),3/200,0.1900326525530107,0.7798008127494221,0.2469660980878513,0.8226430015403322,-16.828938074663,27.945450740472303,MEP-1;capt;Cdc42
GO_Biological_Process_GeneRIF_Predicted_zscore,amine_transport_(GO:0015837),2/200,0.4436359549663501,0.7798008127494221,0.5137900612566643,0.8226430015403322,-33.88223003309997,27.537815464629357,rg;CG7582
GO_Biological_Process_GeneRIF_Predicted_zscore,hexose_biosynthetic_process_(GO:0019319),3/200,0.1900326525530107,0.7798008127494221,0.2469660980878513,0.8226430015403322,-16.467065479049122,27.34453981251068,AP-2mu;Rep;Cdc42
GO_Biological_Process_GeneRIF_Predicted_zscore,cholesterol_homeostasis_(GO:0042632),5/189,0.0140729493804138,0.7798008127494221,0.0241577835895648,0.8226430015403322,-6.408078693927943,27.320848688670896,CG13603;CG2540;Sara;AP-2mu;capt
GO_Biological_Process_GeneRIF_Predicted_zscore,hexose_metabolic_process_(GO:0019318),3/200,0.1900326525530107,0.7798008127494221,0.2469660980878513,0.8226430015403322,-16.40038919643574,27.233819886923964,AP-2mu;Rep;Cdc42
GO_Biological_Process_GeneRIF_Predicted_zscore,regulation_of_protein_polymerization_(GO:0032271),3/200,0.1900326525530107,0.7798008127494221,0.2469660980878513,0.8226430015403322,-16.222562802272396,26.93852860256602,MEP-1;capt;Cdc42
GO_Biological_Process_GeneRIF_Predicted_zscore,positive_regulation_of_ecdysteroid_metabolic_process_(GO:0045966),5/200,0.0175552857966727,0.7798008127494221,0.0297273413511118,0.8226430015403322,-6.559186235276036,26.51485567993246,CG7646;rg;CG11768;Sxl;CG13375
GO_Biological_Process_GeneRIF_Predicted_zscore,fatty-acyl-CoA_biosynthetic_process_(GO:0046949),2/200,0.4436359549663501,0.7798008127494221,0.5137900612566643,0.8226430015403322,-32.333556337983,26.27912941033498,AcCoAS;Pino
GO_Biological_Process_GeneRIF_Predicted_zscore,lymph_gland_development_(GO:0048542),2/200,0.4436359549663501,0.7798008127494221,0.5137900612566643,0.8226430015403322,-31.859003829234734,25.89343639658057,MEP-1;Cdc42
GO_Biological_Process_GeneRIF_Predicted_zscore,glutamine_metabolic_process_(GO:0006541),5/200,0.0175552857966727,0.7798008127494221,0.0297273413511118,0.8226430015403322,-6.39914695591091,25.867912866711958,MEP-1;Clamp;CG1951;Rbm13;Caf1-55
GO_Biological_Process_GeneRIF_Predicted_zscore,inositol_phosphate_metabolic_process_(GO:0043647),3/200,0.1900326525530107,0.7798008127494221,0.2469660980878513,0.8226430015403322,-15.524314170565502,25.779045297357055,Pex23;Sara;Mppe
GO_Biological_Process_GeneRIF_Predicted_zscore,negative_regulation_of_peptide_hormone_secretion_(GO:0090278),2/200,0.4436359549663501,0.7798008127494221,0.5137900612566643,0.8226430015403322,-31.695003357092546,25.760144853091493,MEP-1;CG1951
GO_Biological_Process_GeneRIF_Predicted_zscore,inositol_phosphate_catabolic_process_(GO:0071545),3/200,0.1900326525530107,0.7798008127494221,0.2469660980878513,0.8226430015403322,-15.425760617900828,25.61539127242273,Pex23;Sara;Mppe
GO_Biological_Process_GeneRIF_Predicted_zscore,lipid_translocation_(GO:0034204),2/200,0.4436359549663501,0.7798008127494221,0.5137900612566643,0.8226430015403322,-31.0819442461187,25.261880463456723,Sara;Cdc42
GO_Biological_Process_GeneRIF_Predicted_zscore,cellular_macromolecular_complex_assembly_(GO:0034622),3/200,0.1900326525530107,0.7798008127494221,0.2469660980878513,0.8226430015403322,-15.20734822358047,25.252704525373755,MEP-1;Rbm13;Caf1-55
GO_Biological_Process_GeneRIF_Predicted_zscore,mitochondrion_organization_(GO:0007005),3/200,0.1900326525530107,0.7798008127494221,0.2469660980878513,0.8226430015403322,-15.079765042182611,25.04084507855373,MEP-1;Sara;capt
GO_Biological_Process_GeneRIF_Predicted_zscore,fatty-acyl-CoA_metabolic_process_(GO:0035337),2/200,0.4436359549663501,0.7798008127494221,0.5137900612566643,0.8226430015403322,-30.60328918544477,24.87285309662836,AcCoAS;Pino
GO_Biological_Process_GeneRIF_Predicted_zscore,negative_regulation_of_protein_phosphorylation_(GO:0001933),2/200,0.4436359549663501,0.7798008127494221,0.5137900612566643,0.8226430015403322,-30.53413990111613,24.81665194843083,MEP-1;CG1951
GO_Biological_Process_GeneRIF_Predicted_zscore,exocyst_localization_(GO:0051601),2/200,0.4436359549663501,0.7798008127494221,0.5137900612566643,0.8226430015403322,-30.342697592383363,24.661057025521227,capt;Cdc42
GO_Biological_Process_GeneRIF_Predicted_zscore,heart_contraction_(GO:0060047),3/200,0.1900326525530107,0.7798008127494221,0.2469660980878513,0.8226430015403322,-14.803531924586244,24.582143587917283,Sara;capt;Cdc42
GO_Biological_Process_GeneRIF_Predicted_zscore,negative_regulation_of_phosphorylation_(GO:0042326),2/200,0.4436359549663501,0.7798008127494221,0.5137900612566643,0.8226430015403322,-30.004407050574404,24.38611105813172,MEP-1;CG1951
GO_Biological_Process_GeneRIF_Predicted_zscore,gonadal_mesoderm_development_(GO:0007506),3/200,0.1900326525530107,0.7798008127494221,0.2469660980878513,0.8226430015403322,-14.317261350245548,23.77466243126377,Sxl;M6;ogre
GO_Biological_Process_GeneRIF_Predicted_zscore,asymmetric_neuroblast_division_(GO:0055059),2/200,0.4436359549663501,0.7798008127494221,0.5137900612566643,0.8226430015403322,-29.125175234962946,23.671514543519592,MEP-1;Caf1-55
GO_Biological_Process_GeneRIF_Predicted_zscore,regulation_of_protein_ubiquitination_(GO:0031396),3/200,0.1900326525530107,0.7798008127494221,0.2469660980878513,0.8226430015403322,-14.175548281683664,23.539339467972365,MEP-1;Clamp;Caf1-55
GO_Biological_Process_GeneRIF_Predicted_zscore,chemical_homeostasis_(GO:0048878),3/200,0.1900326525530107,0.7798008127494221,0.2469660980878513,0.8226430015403322,-14.160479717680897,23.514317222884724,CG10347;CG2124;Rep
GO_Biological_Process_GeneRIF_Predicted_zscore,apoptotic_DNA_fragmentation_(GO:0006309),2/178,0.3864838980210742,0.7798008127494221,0.4530904701650231,0.8226430015403322,-24.69352269837286,23.475269554447777,pcs;cdm
GO_Biological_Process_GeneRIF_Predicted_zscore,negative_regulation_of_protein_polymerization_(GO:0032272),2/200,0.4436359549663501,0.7798008127494221,0.5137900612566643,0.8226430015403322,-28.64202870013273,23.2788367266955,Clamp;Caf1-55
GO_Biological_Process_GeneRIF_Predicted_zscore,negative_regulation_of_mitotic_cell_cycle_(GO:0045930),2/200,0.4436359549663501,0.7798008127494221,0.5137900612566643,0.8226430015403322,-28.33337304565436,23.027976542851743,Clamp;Caf1-55
GO_Biological_Process_GeneRIF_Predicted_zscore,syncytial_blastoderm_mitotic_cell_cycle_(GO:0035186),3/200,0.1900326525530107,0.7798008127494221,0.2469660980878513,0.8226430015403322,-13.60622919922966,22.593951333335244,MEP-1;Clamp;Caf1-55
GO_Biological_Process_GeneRIF_Predicted_zscore,regulation_of_mitotic_sister_chromatid_separation_(GO:0010965),3/200,0.1900326525530107,0.7798008127494221,0.2469660980878513,0.8226430015403322,-13.349889847202316,22.168284621440343,Clamp;Rbm13;Caf1-55
GO_Biological_Process_GeneRIF_Predicted_zscore,positive_regulation_of_neuron_differentiation_(GO:0045666),5/200,0.0175552857966727,0.7798008127494221,0.0297273413511118,0.8226430015403322,-5.477723113582759,22.14314895194691,disco-r;rg;Sxl;M6;ogre
GO_Biological_Process_GeneRIF_Predicted_zscore,actin_nucleation_(GO:0045010),3/200,0.1900326525530107,0.7798008127494221,0.2469660980878513,0.8226430015403322,-13.233040459800852,21.974249276774227,MEP-1;CG1951;Cdc42
GO_Biological_Process_GeneRIF_Predicted_zscore,mitochondrial_respiratory_chain_complex_assembly_(GO:0033108),3/200,0.1900326525530107,0.7798008127494221,0.2469660980878513,0.8226430015403322,-13.127302116693231,21.798664480776797,Cyt-c-p;ND-MNLL;sun
GO_Biological_Process_GeneRIF_Predicted_zscore,negative_regulation_of_mRNA_processing_(GO:0050686),2/200,0.4436359549663501,0.7798008127494221,0.5137900612566643,0.8226430015403322,-26.811124711375776,21.790767726320144,MEP-1;Cdc42
GO_Biological_Process_GeneRIF_Predicted_zscore,adenosine_metabolic_process_(GO:0046085),2/200,0.4436359549663501,0.7798008127494221,0.5137900612566643,0.8226430015403322,-26.115518921106677,21.2254134426781,MEP-1;Cdc42
GO_Biological_Process_GeneRIF_Predicted_zscore,very_long-chain_fatty_acid_metabolic_process_(GO:0000038),3/200,0.1900326525530107,0.7798008127494221,0.2469660980878513,0.8226430015403322,-12.758625685463734,21.186455379858614,CG2765;AcCoAS;Pino
GO_Biological_Process_GeneRIF_Predicted_zscore,cytoskeletal_anchoring_at_plasma_membrane_(GO:0007016),3/200,0.1900326525530107,0.7798008127494221,0.2469660980878513,0.8226430015403322,-12.679249988966566,21.054647323603906,MEP-1;capt;Cdc42
GO_Biological_Process_GeneRIF_Predicted_zscore,regulation_of_humoral_immune_response_(GO:0002920),4/200,0.0639858882974155,0.7798008127494221,0.0945178477449789,0.8226430015403322,-7.402446869804955,20.350012765087424,yki;Sara;capt;Cdc42
GO_Biological_Process_GeneRIF_Predicted_zscore,autophagic_cell_death_(GO:0048102),4/200,0.0639858882974155,0.7798008127494221,0.0945178477449789,0.8226430015403322,-7.21781468921498,19.842441782419783,MEP-1;Sara;capt;Cdc42
GO_Biological_Process_GeneRIF_Predicted_zscore,haltere_disc_development_(GO:0035216),5/200,0.0175552857966727,0.7798008127494221,0.0297273413511118,0.8226430015403322,-4.790987173977609,19.36708745960432,disco-r;rg;Sxl;M6;ogre
GO_Biological_Process_GeneRIF_Predicted_zscore,carboxylic_acid_transport_(GO:0046942),2/200,0.4436359549663501,0.7798008127494221,0.5137900612566643,0.8226430015403322,-23.761040080435585,19.31180847138682,CG32085;rg
GO_Biological_Process_GeneRIF_Predicted_zscore,negative_regulation_of_autophagy_(GO:0010507),1/72,0.4189992562865458,0.7798008127494221,0.4640603423809137,0.8226430015403322,-21.986074119869997,19.125381018719104,CG1951
GO_Biological_Process_GeneRIF_Predicted_zscore,regulation_of_rhodopsin_gene_expression_(GO:0007468),4/200,0.0639858882974155,0.7798008127494221,0.0945178477449789,0.8226430015403322,-6.878785787252354,18.910419897762228,rg;wtrw;Mppe;Rh2
GO_Biological_Process_GeneRIF_Predicted_zscore,rhodopsin_biosynthetic_process_(GO:0016063),3/200,0.1900326525530107,0.7798008127494221,0.2469660980878513,0.8226430015403322,-11.384502340363396,18.904641989051218,wtrw;Mppe;Rh2
GO_Biological_Process_GeneRIF_Predicted_zscore,very_long-chain_fatty_acid_biosynthetic_process_(GO:0042761),3/200,0.1900326525530107,0.7798008127494221,0.2469660980878513,0.8226430015403322,-11.278126386267685,18.727998402155617,CG2765;AcCoAS;Pino
GO_Biological_Process_GeneRIF_Predicted_zscore,ubiquitin-dependent_protein_catabolic_process_(GO:0006511),3/200,0.1900326525530107,0.7798008127494221,0.2469660980878513,0.8226430015403322,-11.273594163733664,18.72047237757775,MEP-1;Clamp;Caf1-55
GO_Biological_Process_GeneRIF_Predicted_zscore,macroautophagy_(GO:0016236),4/200,0.0639858882974155,0.7798008127494221,0.0945178477449789,0.8226430015403322,-6.629694894704785,18.22564593961512,MEP-1;Sara;capt;Cdc42
GO_Biological_Process_GeneRIF_Predicted_zscore,regulation_of_metal_ion_transport_(GO:0010959),4/200,0.0639858882974155,0.7798008127494221,0.0945178477449789,0.8226430015403322,-6.58620001241881,18.10607447557043,wtrw;CG2991;Sara;Mppe
GO_Biological_Process_GeneRIF_Predicted_zscore,glutamate_biosynthetic_process_(GO:0006537),3/200,0.1900326525530107,0.7798008127494221,0.2469660980878513,0.8226430015403322,-10.881439009228972,18.069275462822176,Patsas;CG11768;CG13375
GO_Biological_Process_GeneRIF_Predicted_zscore,adenosine_catabolic_process_(GO:0006154),2/200,0.4436359549663501,0.7798008127494221,0.5137900612566643,0.8226430015403322,-22.22313855453517,18.06187750811655,MEP-1;Cdc42
GO_Biological_Process_GeneRIF_Predicted_zscore,glutamate_catabolic_process_(GO:0006538),3/200,0.1900326525530107,0.7798008127494221,0.2469660980878513,0.8226430015403322,-10.729164978939524,17.816415395619618,Patsas;CG11768;CG13375
GO_Biological_Process_GeneRIF_Predicted_zscore,glutamate_metabolic_process_(GO:0006536),3/200,0.1900326525530107,0.7798008127494221,0.2469660980878513,0.8226430015403322,-10.710734633775871,17.785810713338673,Patsas;CG11768;CG13375
GO_Biological_Process_GeneRIF_Predicted_zscore,regulation_of_oviposition_(GO:0046662),4/200,0.0639858882974155,0.7798008127494221,0.0945178477449789,0.8226430015403322,-6.414279873180173,17.633450073178192,rg;CG11768;Sxl;CG31687
GO_Biological_Process_GeneRIF_Predicted_zscore,courtship_behavior_(GO:0007619),4/200,0.0639858882974155,0.7798008127494221,0.0945178477449789,0.8226430015403322,-6.405740918525575,17.609975695141063,rg;CG11768;Sxl;CG13375
GO_Biological_Process_GeneRIF_Predicted_zscore,fatty_acid_oxidation_(GO:0019395),3/200,0.1900326525530107,0.7798008127494221,0.2469660980878513,0.8226430015403322,-10.496940237155236,17.430792425622347,CG3740;capt;Cdc42
GO_Biological_Process_GeneRIF_Predicted_zscore,negative_regulation_of_chromatin_silencing_(GO:0031936),2/200,0.4436359549663501,0.7798008127494221,0.5137900612566643,0.8226430015403322,-21.02129689290633,17.085079526894344,MEP-1;Caf1-55
GO_Biological_Process_GeneRIF_Predicted_zscore,regulation_of_insulin_secretion_(GO:0050796),4/200,0.0639858882974155,0.7798008127494221,0.0945178477449789,0.8226430015403322,-6.20079918170814,17.046571859397776,CG6356;zyd;PRAS40;ogre
GO_Biological_Process_GeneRIF_Predicted_zscore,rhodopsin_metabolic_process_(GO:0046154),3/200,0.1900326525530107,0.7798008127494221,0.2469660980878513,0.8226430015403322,-10.239933937254666,17.004018207189894,wtrw;Mppe;Rh2
GO_Biological_Process_GeneRIF_Predicted_zscore,eclosion_rhythm_(GO:0008062),2/200,0.4436359549663501,0.7798008127494221,0.5137900612566643,0.8226430015403322,-20.890434445468063,16.978720945263667,CG32085;CG1275
GO_Biological_Process_GeneRIF_Predicted_zscore,glucose_homeostasis_(GO:0042593),3/200,0.1900326525530107,0.7798008127494221,0.2469660980878513,0.8226430015403322,-10.099127794218353,16.770201247574278,hoe1;wtrw;AcCoAS
GO_Biological_Process_GeneRIF_Predicted_zscore,dosage_compensation_(GO:0007549),2/200,0.4436359549663501,0.7798008127494221,0.5137900612566643,0.8226430015403322,-20.49086172736377,16.65396782939417,MEP-1;Caf1-55
GO_Biological_Process_GeneRIF_Predicted_zscore,cofactor_transport_(GO:0051181),3/200,0.1900326525530107,0.7798008127494221,0.2469660980878513,0.8226430015403322,-9.80431050827412,16.28063964212763,MEP-1;capt;Cdc42
GO_Biological_Process_GeneRIF_Predicted_zscore,cleavage_furrow_ingression_(GO:0036090),3/200,0.1900326525530107,0.7798008127494221,0.2469660980878513,0.8226430015403322,-9.74751558456268,16.186328299614782,MEP-1;capt;Cdc42
GO_Biological_Process_GeneRIF_Predicted_zscore,dicarboxylic_acid_metabolic_process_(GO:0043648),2/200,0.4436359549663501,0.7798008127494221,0.5137900612566643,0.8226430015403322,-18.85829189390973,15.32709510694176,AcCoAS;Pino
GO_Biological_Process_GeneRIF_Predicted_zscore,NAD_metabolic_process_(GO:0019674),3/120,0.0616267881989074,0.7798008127494221,0.0862269477169715,0.8226430015403322,-5.496162547019669,15.315928791412473,Pex23;CG6276;cdm
GO_Biological_Process_GeneRIF_Predicted_zscore,regulation_of_protein_dephosphorylation_(GO:0035304),2/180,0.3917894436424241,0.7798008127494221,0.4587827818893055,0.8226430015403322,-16.292603643573063,15.266670074990328,MEP-1;CG1951
GO_Biological_Process_GeneRIF_Predicted_zscore,mitochondrial_transport_(GO:0006839),2/146,0.2993858024505906,0.7798008127494221,0.3579798601296451,0.8226430015403322,-12.583940002224123,15.176511360082218,Rep;cdm
GO_Biological_Process_GeneRIF_Predicted_zscore,dicarboxylic_acid_biosynthetic_process_(GO:0043650),2/200,0.4436359549663501,0.7798008127494221,0.5137900612566643,0.8226430015403322,-18.377068379729327,14.935980227024045,AcCoAS;Pino
GO_Biological_Process_GeneRIF_Predicted_zscore,Golgi_to_plasma_membrane_protein_transport_(GO:0043001),1/42,0.271314430069352,0.7798008127494221,0.3070523335668257,0.8226430015403322,-11.42866006777074,14.90842273777071,Rep
GO_Biological_Process_GeneRIF_Predicted_zscore,rhabdomere_morphogenesis_(GO:0061541),4/200,0.0639858882974155,0.7798008127494221,0.0945178477449789,0.8226430015403322,-5.388898616231708,14.814581929308291,flw;fru;Sara;Mppe
GO_Biological_Process_GeneRIF_Predicted_zscore,positive_regulation_of_insulin_receptor_signaling_pathway_(GO:0046628),4/200,0.0639858882974155,0.7798008127494221,0.0945178477449789,0.8226430015403322,-5.362127371718336,14.740985296037389,CG11768;Myc;fru;CG31687
GO_Biological_Process_GeneRIF_Predicted_zscore,Toll_signaling_pathway_(GO:0008063),3/188,0.1676929903599001,0.7798008127494221,0.219965373807056,0.8226430015403322,-8.236428426102943,14.70713470080862,Sara;capt;Cdc42
GO_Biological_Process_GeneRIF_Predicted_zscore,detection_of_pheromone_(GO:0043695),2/200,0.4436359549663501,0.7798008127494221,0.5137900612566643,0.8226430015403322,-18.04673063713817,14.667497904945757,rg;CG11768
GO_Biological_Process_GeneRIF_Predicted_zscore,regulation_of_Rab_protein_signal_transduction_(GO:0032483),3/96,0.0356246164430593,0.7798008127494221,0.0514805487582453,0.8226430015403322,-4.37994790995975,14.605892916877064,Nf-YB;Rep;CG5934
GO_Biological_Process_GeneRIF_Predicted_zscore,visceral_muscle_development_(GO:0007522),4/200,0.0639858882974155,0.7798008127494221,0.0945178477449789,0.8226430015403322,-5.264793581292348,14.47340568182593,disco-r;rg;Sxl;ogre
GO_Biological_Process_GeneRIF_Predicted_zscore,dephosphorylation_(GO:0016311),2/200,0.4436359549663501,0.7798008127494221,0.5137900612566643,0.8226430015403322,-17.13248603342334,13.924444712696094,MEP-1;CG1951
GO_Biological_Process_GeneRIF_Predicted_zscore,negative_regulation_of_DNA_recombination_(GO:0045910),2/190,0.4180003087149161,0.7798008127494221,0.4867324792713609,0.8226430015403322,-15.952176437643098,13.914654519115404,MEP-1;CG1951
GO_Biological_Process_GeneRIF_Predicted_zscore,anion_transmembrane_transport_(GO:0098656),2/200,0.4436359549663501,0.7798008127494221,0.5137900612566643,0.8226430015403322,-16.380644784762755,13.313385005466502,CG6356;wtrw
GO_Biological_Process_GeneRIF_Predicted_zscore,filopodium_assembly_(GO:0046847),3/200,0.1900326525530107,0.7798008127494221,0.2469660980878513,0.8226430015403322,-7.918600640407517,13.149306459398332,MEP-1;capt;Cdc42
GO_Biological_Process_GeneRIF_Predicted_zscore,negative_regulation_of_cell-cell_adhesion_(GO:0022408),2/200,0.4436359549663501,0.7798008127494221,0.5137900612566643,0.8226430015403322,-16.05246967602514,13.046660366159331,MEP-1;Cdc42
GO_Biological_Process_GeneRIF_Predicted_zscore,negative_regulation_of_cell_cycle_(GO:0045786),2/200,0.4436359549663501,0.7798008127494221,0.5137900612566643,0.8226430015403322,-15.998922195663695,13.003139599334103,MEP-1;Caf1-55
GO_Biological_Process_GeneRIF_Predicted_zscore,negative_regulation_of_cell_cycle_process_(GO:0010948),2/200,0.4436359549663501,0.7798008127494221,0.5137900612566643,0.8226430015403322,-15.93199884140902,12.948747577972496,MEP-1;Caf1-55
GO_Biological_Process_GeneRIF_Predicted_zscore,regulation_of_vesicle_fusion_(GO:0031338),4/200,0.0639858882974155,0.7798008127494221,0.0945178477449789,0.8226430015403322,-4.616055888389178,12.689965616133067,Pex23;Sara;AP-2mu;CG1951
GO_Biological_Process_GeneRIF_Predicted_zscore,"regulation_of_vesicle_targeting,_to,_from_or_within_Golgi_(GO:0048209)",3/135,0.0812935731511365,0.7798008127494221,0.111857494620577,0.8226430015403322,-5.029819972611268,12.623280419786376,MEP-1;Rep;Cdc42
GO_Biological_Process_GeneRIF_Predicted_zscore,regulation_of_hemocyte_differentiation_(GO:0045610),2/198,0.4385576307943335,0.7798008127494221,0.508452116610373,0.8226430015403322,-15.20987486113445,12.536953032964558,MEP-1;Cdc42
GO_Biological_Process_GeneRIF_Predicted_zscore,G-protein_coupled_glutamate_receptor_signaling_pathway_(GO:0007216),2/200,0.4436359549663501,0.7798008127494221,0.5137900612566643,0.8226430015403322,-15.237979068664838,12.384682331618796,CG7582;CG13375
GO_Biological_Process_GeneRIF_Predicted_zscore,lipid_homeostasis_(GO:0055088),1/111,0.5674047786602016,0.7798008127494221,0.6167304635767762,0.8226430015403322,-21.676934014439976,12.283935574537066,MEP-1
GO_Biological_Process_GeneRIF_Predicted_zscore,actin_filament_polymerization_(GO:0030041),3/200,0.1900326525530107,0.7798008127494221,0.2469660980878513,0.8226430015403322,-7.168483792035048,11.903692901205298,MEP-1;capt;Cdc42
GO_Biological_Process_GeneRIF_Predicted_zscore,spermatogenesis_(GO:0007283),2/191,0.4205907509628423,0.7798008127494221,0.4894791804706837,0.8226430015403322,-13.526591994901064,11.715313775767028,CG10347;MEP-1
GO_Biological_Process_GeneRIF_Predicted_zscore,acyl-CoA_biosynthetic_process_(GO:0071616),2/200,0.4436359549663501,0.7798008127494221,0.5137900612566643,0.8226430015403322,-14.274186560314956,11.601359031611585,AcCoAS;Pino
GO_Biological_Process_GeneRIF_Predicted_zscore,acyl-CoA_metabolic_process_(GO:0006637),2/200,0.4436359549663501,0.7798008127494221,0.5137900612566643,0.8226430015403322,-14.222402480549636,11.559271470338611,AcCoAS;Pino
GO_Biological_Process_GeneRIF_Predicted_zscore,membrane_fusion_(GO:0061025),2/99,0.1701253208343003,0.7798008127494221,0.2109004317289235,0.8226430015403322,-6.420707994419901,11.372485978156687,Sara;Cdc42
GO_Biological_Process_GeneRIF_Predicted_zscore,vacuolar_transport_(GO:0007034),2/163,0.3461069543997951,0.7798008127494221,0.4093886188071078,0.8226430015403322,-10.649209098948235,11.298890030094888,Sara;Rep
GO_Biological_Process_GeneRIF_Predicted_zscore,L-cysteine_metabolic_process_(GO:0046439),3/200,0.1900326525530107,0.7798008127494221,0.2469660980878513,0.8226430015403322,-6.726066145978855,11.169032135343125,MEP-1;capt;Cdc42
GO_Biological_Process_GeneRIF_Predicted_zscore,larval_central_nervous_system_remodeling_(GO:0035193),4/200,0.0639858882974155,0.7798008127494221,0.0945178477449789,0.8226430015403322,-4.05327576132722,11.142830868518171,disco-r;CG6356;rg;ogre
GO_Biological_Process_GeneRIF_Predicted_zscore,intracellular_protein_transmembrane_transport_(GO:0065002),2/200,0.4436359549663501,0.7798008127494221,0.5137900612566643,0.8226430015403322,-13.686834450386874,11.123988032118362,MEP-1;Cdc42
GO_Biological_Process_GeneRIF_Predicted_zscore,intracellular_protein_transport_(GO:0006886),2/200,0.4436359549663501,0.7798008127494221,0.5137900612566643,0.8226430015403322,-13.676278511462291,11.1154086824747,MEP-1;Cdc42
GO_Biological_Process_GeneRIF_Predicted_zscore,actomyosin_contractile_ring_assembly_(GO:0000915),3/200,0.1900326525530107,0.7798008127494221,0.2469660980878513,0.8226430015403322,-6.692679289390036,11.11359127793176,Clamp;Rbm13;Caf1-55
GO_Biological_Process_GeneRIF_Predicted_zscore,ion_transport_(GO:0006811),2/200,0.4436359549663501,0.7798008127494221,0.5137900612566643,0.8226430015403322,-13.6328485246145,11.080110918358304,rg;wtrw
GO_Biological_Process_GeneRIF_Predicted_zscore,endocytic_recycling_(GO:0032456),3/200,0.1900326525530107,0.7798008127494221,0.2469660980878513,0.8226430015403322,-6.662961009851602,11.064242310501472,MEP-1;Sara;CG1951
GO_Biological_Process_GeneRIF_Predicted_zscore,cGMP_biosynthetic_process_(GO:0006182),3/200,0.1900326525530107,0.7798008127494221,0.2469660980878513,0.8226430015403322,-6.643576131089066,11.032052568512697,Pex23;rg;Sxl
GO_Biological_Process_GeneRIF_Predicted_zscore,cGMP_metabolic_process_(GO:0046068),3/200,0.1900326525530107,0.7798008127494221,0.2469660980878513,0.8226430015403322,-6.642803244597267,11.030769144609849,Pex23;rg;Sxl
GO_Biological_Process_GeneRIF_Predicted_zscore,endosome_to_lysosome_transport_(GO:0008333),3/200,0.1900326525530107,0.7798008127494221,0.2469660980878513,0.8226430015403322,-6.636627358349689,11.020513718857806,MEP-1;Sara;CG1951
GO_Biological_Process_GeneRIF_Predicted_zscore,carbohydrate_homeostasis_(GO:0033500),3/200,0.1900326525530107,0.7798008127494221,0.2469660980878513,0.8226430015403322,-6.6166929192223005,10.987411399257969,CG2991;fru;Sara
GO_Biological_Process_GeneRIF_Predicted_zscore,inositol_metabolic_process_(GO:0006020),4/200,0.0639858882974155,0.7798008127494221,0.0945178477449789,0.8226430015403322,-3.9186355085273856,10.772692330361611,Sxl;CG2991;M6;ogre
GO_Biological_Process_GeneRIF_Predicted_zscore,lamellipodium_organization_(GO:0097581),2/200,0.4436359549663501,0.7798008127494221,0.5137900612566643,0.8226430015403322,-13.151442683405277,10.688847851970303,MEP-1;Rep
GO_Biological_Process_GeneRIF_Predicted_zscore,epithelial_structure_maintenance_(GO:0010669),3/200,0.1900326525530107,0.7798008127494221,0.2469660980878513,0.8226430015403322,-6.43334067475612,10.682944112424286,MEP-1;Sara;Cdc42
GO_Biological_Process_GeneRIF_Predicted_zscore,lipid_phosphorylation_(GO:0046834),3/200,0.1900326525530107,0.7798008127494221,0.2469660980878513,0.8226430015403322,-6.419286921183333,10.659607020300909,Pex23;rg;Sxl
GO_Biological_Process_GeneRIF_Predicted_zscore,muscle_fiber_development_(GO:0048747),4/200,0.0639858882974155,0.7798008127494221,0.0945178477449789,0.8226430015403322,-3.849024329874246,10.581324746223652,rg;Sxl;M6;ogre
GO_Biological_Process_GeneRIF_Predicted_zscore,muscle_organ_morphogenesis_(GO:0048644),4/200,0.0639858882974155,0.7798008127494221,0.0945178477449789,0.8226430015403322,-3.829289476779401,10.527071805343333,rg;Sxl;M6;ogre
GO_Biological_Process_GeneRIF_Predicted_zscore,cellular_response_to_oxidative_stress_(GO:0034599),3/200,0.1900326525530107,0.7798008127494221,0.2469660980878513,0.8226430015403322,-6.332653637620432,10.515747309869305,MEP-1;Sara;CG1951
GO_Biological_Process_GeneRIF_Predicted_zscore,negative_regulation_of_phosphatidylinositol_3-kinase_signaling_(GO:0014067),3/200,0.1900326525530107,0.7798008127494221,0.2469660980878513,0.8226430015403322,-6.324920255638944,10.50290556998874,MEP-1;Myc;CG1951
GO_Biological_Process_GeneRIF_Predicted_zscore,DNA_replication_checkpoint_(GO:0000076),2/200,0.4436359549663501,0.7798008127494221,0.5137900612566643,0.8226430015403322,-12.898410419718209,10.483195633175823,MEP-1;Caf1-55
GO_Biological_Process_GeneRIF_Predicted_zscore,larval_somatic_muscle_development_(GO:0007526),3/200,0.1900326525530107,0.7798008127494221,0.2469660980878513,0.8226430015403322,-6.3013269839773285,10.4637275417554,hoe1;rg;wtrw
GO_Biological_Process_GeneRIF_Predicted_zscore,DNA_replication_(GO:0006260),2/200,0.4436359549663501,0.7798008127494221,0.5137900612566643,0.8226430015403322,-12.774645202798345,10.382605332562507,MEP-1;Caf1-55
GO_Biological_Process_GeneRIF_Predicted_zscore,positive_regulation_of_Ras_protein_signal_transduction_(GO:0046579),3/200,0.1900326525530107,0.7798008127494221,0.2469660980878513,0.8226430015403322,-6.230337299618792,10.345844956501256,Nf-YB;MED21;Bet3
GO_Biological_Process_GeneRIF_Predicted_zscore,metal_ion_homeostasis_(GO:0055065),3/200,0.1900326525530107,0.7798008127494221,0.2469660980878513,0.8226430015403322,-6.194197911187866,10.285833356559149,CG2991;Sara;CG1951
GO_Biological_Process_GeneRIF_Predicted_zscore,heterochromatin_organization_(GO:0070828),2/200,0.4436359549663501,0.7798008127494221,0.5137900612566643,0.8226430015403322,-12.586990789948024,10.230089025721218,MEP-1;Caf1-55
GO_Biological_Process_GeneRIF_Predicted_zscore,endosome_organization_(GO:0007032),3/200,0.1900326525530107,0.7798008127494221,0.2469660980878513,0.8226430015403322,-6.146831619979681,10.207178818058582,CG10347;Rep;Caf1-55
GO_Biological_Process_GeneRIF_Predicted_zscore,regulation_of_hemocyte_proliferation_(GO:0035206),2/192,0.4231753711118886,0.7798008127494221,0.4922169006818171,0.8226430015403322,-11.840667631764346,10.182602330086958,MEP-1;Cdc42
GO_Biological_Process_GeneRIF_Predicted_zscore,histone_modification_(GO:0016570),2/200,0.4436359549663501,0.7798008127494221,0.5137900612566643,0.8226430015403322,-12.449268774001451,10.118155323103403,MEP-1;Caf1-55
GO_Biological_Process_GeneRIF_Predicted_zscore,male_courtship_behavior_(GO:0008049),3/200,0.1900326525530107,0.7798008127494221,0.2469660980878513,0.8226430015403322,-6.082350863483958,10.100104693929945,rg;CG11768;CG13375
GO_Biological_Process_GeneRIF_Predicted_zscore,mRNA_methylation_(GO:0080009),3/200,0.1900326525530107,0.7798008127494221,0.2469660980878513,0.8226430015403322,-6.07645539350439,10.090314916038135,MEP-1;Rbm13;Caf1-55
GO_Biological_Process_GeneRIF_Predicted_zscore,mitotic_cell_cycle_phase_transition_(GO:0044772),2/200,0.4436359549663501,0.7798008127494221,0.5137900612566643,0.8226430015403322,-12.381039475550535,10.062701894324162,MEP-1;Caf1-55
GO_Biological_Process_GeneRIF_Predicted_zscore,mitotic_cytokinesis_(GO:0000281),2/200,0.4436359549663501,0.7798008127494221,0.5137900612566643,0.8226430015403322,-12.367496927986686,10.051695175599626,MEP-1;Caf1-55
GO_Biological_Process_GeneRIF_Predicted_zscore,mitotic_chromosome_condensation_(GO:0007076),2/200,0.4436359549663501,0.7798008127494221,0.5137900612566643,0.8226430015403322,-12.363468144587722,10.048420777967616,MEP-1;Caf1-55
GO_Biological_Process_GeneRIF_Predicted_zscore,mitotic_nuclear_division_(GO:0140014),2/200,0.4436359549663501,0.7798008127494221,0.5137900612566643,0.8226430015403322,-12.357885029236437,10.043883095527256,MEP-1;Caf1-55
GO_Biological_Process_GeneRIF_Predicted_zscore,"mitotic_cell_cycle,_embryonic_(GO:0045448)",2/200,0.4436359549663501,0.7798008127494221,0.5137900612566643,0.8226430015403322,-12.122499504689298,9.85257328115873,MEP-1;Caf1-55
GO_Biological_Process_GeneRIF_Predicted_zscore,cellular_response_to_superoxide_(GO:0071451),2/200,0.4436359549663501,0.7798008127494221,0.5137900612566643,0.8226430015403322,-12.10702266540858,9.839994464957089,CG13192;Arl1
GO_Biological_Process_GeneRIF_Predicted_zscore,cellular_response_to_unfolded_protein_(GO:0034620),2/200,0.4436359549663501,0.7798008127494221,0.5137900612566643,0.8226430015403322,-12.104175937318994,9.837680783929232,capt;Cdc42
GO_Biological_Process_GeneRIF_Predicted_zscore,hemopoiesis_(GO:0030097),2/200,0.4436359549663501,0.7798008127494221,0.5137900612566643,0.8226430015403322,-12.103626267517148,9.83723403926234,MEP-1;Cdc42
GO_Biological_Process_GeneRIF_Predicted_zscore,positive_regulation_of_muscle_organ_development_(GO:0048636),3/124,0.0666274978956499,0.7798008127494221,0.0927900783086375,0.8226430015403322,-3.631561932108092,9.836586304867836,rg;Sxl;ogre
GO_Biological_Process_GeneRIF_Predicted_zscore,regulation_of_neuromuscular_synaptic_transmission_(GO:1900073),3/200,0.1900326525530107,0.7798008127494221,0.2469660980878513,0.8226430015403322,-5.894993503506269,9.788986675021537,rg;Sxl;CG13375
GO_Biological_Process_GeneRIF_Predicted_zscore,cellular_response_to_starvation_(GO:0009267),2/200,0.4436359549663501,0.7798008127494221,0.5137900612566643,0.8226430015403322,-12.026563746188575,9.774601399984697,MEP-1;CG1951
GO_Biological_Process_GeneRIF_Predicted_zscore,mitotic_sister_chromatid_cohesion_(GO:0007064),2/200,0.4436359549663501,0.7798008127494221,0.5137900612566643,0.8226430015403322,-11.973304396008512,9.731314811245056,Rbm13;Caf1-55
GO_Biological_Process_GeneRIF_Predicted_zscore,cyclic_nucleotide_biosynthetic_process_(GO:0009190),3/200,0.1900326525530107,0.7798008127494221,0.2469660980878513,0.8226430015403322,-5.851500921544183,9.716764660690917,rg;Sxl;CG13375
GO_Biological_Process_GeneRIF_Predicted_zscore,histone_deacetylation_(GO:0016575),2/200,0.4436359549663501,0.7798008127494221,0.5137900612566643,0.8226430015403322,-11.931547186157424,9.697376598262212,MEP-1;Caf1-55
GO_Biological_Process_GeneRIF_Predicted_zscore,cyclic_purine_nucleotide_metabolic_process_(GO:0052652),3/200,0.1900326525530107,0.7798008127494221,0.2469660980878513,0.8226430015403322,-5.832993107113076,9.686031336092318,rg;Sxl;CG13375
GO_Biological_Process_GeneRIF_Predicted_zscore,mitotic_sister_chromatid_segregation_(GO:0000070),2/200,0.4436359549663501,0.7798008127494221,0.5137900612566643,0.8226430015403322,-11.90416408455913,9.675120955763877,MEP-1;Caf1-55
GO_Biological_Process_GeneRIF_Predicted_zscore,cyclic_nucleotide_metabolic_process_(GO:0009187),3/200,0.1900326525530107,0.7798008127494221,0.2469660980878513,0.8226430015403322,-5.817442373408018,9.660208419589514,rg;Sxl;CG13375
GO_Biological_Process_GeneRIF_Predicted_zscore,mitotic_spindle_assembly_(GO:0090307),2/200,0.4436359549663501,0.7798008127494221,0.5137900612566643,0.8226430015403322,-11.87909620575003,9.654747012842757,MEP-1;Caf1-55
GO_Biological_Process_GeneRIF_Predicted_zscore,DNA_endoreduplication_(GO:0042023),3/200,0.1900326525530107,0.7798008127494221,0.2469660980878513,0.8226430015403322,-5.813599326318196,9.653826811750358,Clamp;Rbm13;Caf1-55
GO_Biological_Process_GeneRIF_Predicted_zscore,histone_demethylation_(GO:0016577),2/200,0.4436359549663501,0.7798008127494221,0.5137900612566643,0.8226430015403322,-11.877038261896766,9.65307441697134,MEP-1;Caf1-55
GO_Biological_Process_GeneRIF_Predicted_zscore,histone_lysine_demethylation_(GO:0070076),2/200,0.4436359549663501,0.7798008127494221,0.5137900612566643,0.8226430015403322,-11.813486021707266,9.60142227185006,MEP-1;Caf1-55
GO_Biological_Process_GeneRIF_Predicted_zscore,mitotic_DNA_replication_checkpoint_(GO:0033314),2/200,0.4436359549663501,0.7798008127494221,0.5137900612566643,0.8226430015403322,-11.775887932979856,9.570864388611952,MEP-1;Caf1-55
GO_Biological_Process_GeneRIF_Predicted_zscore,cellular_sodium_ion_homeostasis_(GO:0006883),2/200,0.4436359549663501,0.7798008127494221,0.5137900612566643,0.8226430015403322,-11.76553302151942,9.562448424235594,wtrw;AcCoAS
GO_Biological_Process_GeneRIF_Predicted_zscore,hemocyte_migration_(GO:0035099),2/200,0.4436359549663501,0.7798008127494221,0.5137900612566643,0.8226430015403322,-11.762916499496637,9.56032184341278,capt;Cdc42
GO_Biological_Process_GeneRIF_Predicted_zscore,histone_lysine_methylation_(GO:0034968),2/200,0.4436359549663501,0.7798008127494221,0.5137900612566643,0.8226430015403322,-11.673423619057244,9.487586417659204,MEP-1;Caf1-55
GO_Biological_Process_GeneRIF_Predicted_zscore,regulation_of_eclosion_(GO:0007563),3/200,0.1900326525530107,0.7798008127494221,0.2469660980878513,0.8226430015403322,-5.697206806477491,9.4605501227913,rg;Sxl;CG17724
GO_Biological_Process_GeneRIF_Predicted_zscore,regulation_of_olfactory_learning_(GO:0090328),3/200,0.1900326525530107,0.7798008127494221,0.2469660980878513,0.8226430015403322,-5.58270958970986,9.27042069710173,rg;Sxl;CG13375
GO_Biological_Process_GeneRIF_Predicted_zscore,mitotic_spindle_assembly_checkpoint_(GO:0007094),2/200,0.4436359549663501,0.7798008127494221,0.5137900612566643,0.8226430015403322,-11.334328511222138,9.211986538448205,MEP-1;Caf1-55
GO_Biological_Process_GeneRIF_Predicted_zscore,mitotic_spindle_organization_(GO:0007052),2/200,0.4436359549663501,0.7798008127494221,0.5137900612566643,0.8226430015403322,-11.221134630142142,9.11998810133645,MEP-1;Caf1-55
GO_Biological_Process_GeneRIF_Predicted_zscore,branched-chain_amino_acid_catabolic_process_(GO:0009083),3/200,0.1900326525530107,0.7798008127494221,0.2469660980878513,0.8226430015403322,-5.340960591299947,8.868982133560161,pcs;M6;ogre
GO_Biological_Process_GeneRIF_Predicted_zscore,branched-chain_amino_acid_metabolic_process_(GO:0009081),3/200,0.1900326525530107,0.7798008127494221,0.2469660980878513,0.8226430015403322,-5.328907406481172,8.848967104618675,pcs;M6;ogre
GO_Biological_Process_GeneRIF_Predicted_zscore,antennal_development_(GO:0007469),3/200,0.1900326525530107,0.7798008127494221,0.2469660980878513,0.8226430015403322,-5.281369727643677,8.770027966785033,Sxl;M6;ogre
GO_Biological_Process_GeneRIF_Predicted_zscore,activation_of_MAPKK_activity_(GO:0000186),2/192,0.4231753711118886,0.7798008127494221,0.4922169006818171,0.8226430015403322,-10.18337216035893,8.757380268832227,MEP-1;Cdc42
GO_Biological_Process_GeneRIF_Predicted_zscore,microtubule_severing_(GO:0051013),3/200,0.1900326525530107,0.7798008127494221,0.2469660980878513,0.8226430015403322,-5.268461344482173,8.748592830225702,MEP-1;Myc;Cdc42
GO_Biological_Process_GeneRIF_Predicted_zscore,response_to_endoplasmic_reticulum_stress_(GO:0034976),3/200,0.1900326525530107,0.7798008127494221,0.2469660980878513,0.8226430015403322,-5.220480763951893,8.668918227837871,capt;Rep;Cdc42
GO_Biological_Process_GeneRIF_Predicted_zscore,negative_regulation_of_intracellular_protein_transport_(GO:0090317),1/117,0.5866171797229429,0.7798008127494221,0.6360456965223069,0.8226430015403322,-16.150889702898006,8.614607352377817,MEP-1
GO_Biological_Process_GeneRIF_Predicted_zscore,"regulation_of_synaptic_transmission,_glutamatergic_(GO:0051966)",3/200,0.1900326525530107,0.7798008127494221,0.2469660980878513,0.8226430015403322,-5.17292068083079,8.589941886361247,Patsas;Sxl;CG13375
GO_Biological_Process_GeneRIF_Predicted_zscore,eye-antennal_disc_development_(GO:0035214),3/200,0.1900326525530107,0.7798008127494221,0.2469660980878513,0.8226430015403322,-5.170704593956374,8.586261942545965,Sxl;M6;ogre
GO_Biological_Process_GeneRIF_Predicted_zscore,JNK_cascade_(GO:0007254),3/200,0.1900326525530107,0.7798008127494221,0.2469660980878513,0.8226430015403322,-5.128787926224292,8.516656827350062,CG2991;M6;Sara
GO_Biological_Process_GeneRIF_Predicted_zscore,"regulation_of_development,_heterochronic_(GO:0040034)",3/191,0.1732035180288958,0.7798008127494221,0.2266580386323418,0.8226430015403322,-4.821669572817214,8.453775262711433,MEP-1;Myc;Cdc42
GO_Biological_Process_GeneRIF_Predicted_zscore,centromere_complex_assembly_(GO:0034508),2/200,0.4436359549663501,0.7798008127494221,0.5137900612566643,0.8226430015403322,-10.376861397785582,8.433804209318469,MEP-1;Caf1-55
GO_Biological_Process_GeneRIF_Predicted_zscore,cellular_glucose_homeostasis_(GO:0001678),1/103,0.5404019773595296,0.7798008127494221,0.5893948263405091,0.8226430015403322,-13.534542309758136,8.329725975470161,CG2991
GO_Biological_Process_GeneRIF_Predicted_zscore,regulated_exocytosis_(GO:0045055),4/200,0.0639858882974155,0.7798008127494221,0.0945178477449789,0.8226430015403322,-3.0162499497365767,8.291950764308686,CG6356;CG2991;fru;Sara
GO_Biological_Process_GeneRIF_Predicted_zscore,Golgi_to_plasma_membrane_transport_(GO:0006893),1/45,0.2876219947795162,0.7798008127494221,0.3246039627336798,0.8226430015403322,-6.554176651066328,8.167213132023823,Rep
GO_Biological_Process_GeneRIF_Predicted_zscore,synapsis_(GO:0007129),3/200,0.1900326525530107,0.7798008127494221,0.2469660980878513,0.8226430015403322,-4.858169445268944,8.067278774174799,rg;Sxl;CG13375
GO_Biological_Process_GeneRIF_Predicted_zscore,adult_somatic_muscle_development_(GO:0007527),3/200,0.1900326525530107,0.7798008127494221,0.2469660980878513,0.8226430015403322,-4.851329641530196,8.055920874014511,rg;Sxl;CG2991
GO_Biological_Process_GeneRIF_Predicted_zscore,chemical_synaptic_transmission_(GO:0007268),2/200,0.4436359549663501,0.7798008127494221,0.5137900612566643,0.8226430015403322,-9.884120347902826,8.033328441039245,rg;CG13375
GO_Biological_Process_GeneRIF_Predicted_zscore,TOR_signaling_(GO:0031929),2/149,0.3076832614793093,0.7798008127494221,0.3671758298364114,0.8226430015403322,-6.758015104308562,7.96556695790963,MEP-1;CG1951
GO_Biological_Process_GeneRIF_Predicted_zscore,negative_regulation_of_synaptic_growth_at_neuromuscular_junction_(GO:0045886),3/200,0.1900326525530107,0.7798008127494221,0.2469660980878513,0.8226430015403322,-4.789590671167041,7.953399648528002,MEP-1;caz;Cdc42
GO_Biological_Process_GeneRIF_Predicted_zscore,activation_of_GTPase_activity_(GO:0090630),2/200,0.4436359549663501,0.7798008127494221,0.5137900612566643,0.8226430015403322,-9.721794022580069,7.901397562008478,MEP-1;Cdc42
GO_Biological_Process_GeneRIF_Predicted_zscore,chloride_transport_(GO:0006821),2/200,0.4436359549663501,0.7798008127494221,0.5137900612566643,0.8226430015403322,-9.71503939025965,7.895907728010263,hoe1;wtrw
GO_Biological_Process_GeneRIF_Predicted_zscore,apical_constriction_(GO:0003383),3/200,0.1900326525530107,0.7798008127494221,0.2469660980878513,0.8226430015403322,-4.725564371018341,7.847080176142873,MEP-1;M6;ogre
GO_Biological_Process_GeneRIF_Predicted_zscore,muscle_thin_filament_assembly_(GO:0071689),2/200,0.4436359549663501,0.7798008127494221,0.5137900612566643,0.8226430015403322,-9.57236065083587,7.779945443557922,Cyt-c-p;Kcmf1
GO_Biological_Process_GeneRIF_Predicted_zscore,motile_cilium_assembly_(GO:0044458),2/200,0.4436359549663501,0.7798008127494221,0.5137900612566643,0.8226430015403322,-9.509677313941063,7.728999500435817,kat-60L1;CG6083
GO_Biological_Process_GeneRIF_Predicted_zscore,Bolwig's_organ_development_(GO:0055034),3/200,0.1900326525530107,0.7798008127494221,0.2469660980878513,0.8226430015403322,-4.635801596173426,7.6980237596519645,disco-r;M6;ogre
GO_Biological_Process_GeneRIF_Predicted_zscore,cellular_response_to_hypoxia_(GO:0071456),2/200,0.4436359549663501,0.7798008127494221,0.5137900612566643,0.8226430015403322,-9.413776529472964,7.651056044440867,MEP-1;CG1951
GO_Biological_Process_GeneRIF_Predicted_zscore,ncRNA_processing_(GO:0034470),2/200,0.4436359549663501,0.7798008127494221,0.5137900612566643,0.8226430015403322,-9.377259894460568,7.621377113763099,MEP-1;Caf1-55
GO_Biological_Process_GeneRIF_Predicted_zscore,transcription_from_RNA_polymerase_III_promoter_(GO:0006383),3/200,0.1900326525530107,0.7798008127494221,0.2469660980878513,0.8226430015403322,-4.548010097918803,7.552240764966131,MEP-1;Rbm13;Caf1-55
GO_Biological_Process_GeneRIF_Predicted_zscore,negative_regulation_of_neuromuscular_junction_development_(GO:1904397),3/200,0.1900326525530107,0.7798008127494221,0.2469660980878513,0.8226430015403322,-4.532404414577802,7.526326601330699,MEP-1;caz;Cdc42
GO_Biological_Process_GeneRIF_Predicted_zscore,negative_regulation_of_MAPK_cascade_(GO:0043409),1/89,0.4890582587149903,0.7798008127494221,0.5368505915831349,0.8226430015403322,-10.465055151559351,7.485378280759038,MEP-1
GO_Biological_Process_GeneRIF_Predicted_zscore,Golgi_organization_(GO:0007030),2/200,0.4436359549663501,0.7798008127494221,0.5137900612566643,0.8226430015403322,-9.136727953597203,7.425884544520353,capt;Cdc42
GO_Biological_Process_GeneRIF_Predicted_zscore,positive_regulation_of_catabolic_process_(GO:0009896),3/200,0.1900326525530107,0.7798008127494221,0.2469660980878513,0.8226430015403322,-4.445753132694112,7.382437003618937,Sxl;M6;ogre
GO_Biological_Process_GeneRIF_Predicted_zscore,negative_regulation_of_endopeptidase_activity_(GO:0010951),3/200,0.1900326525530107,0.7798008127494221,0.2469660980878513,0.8226430015403322,-4.434535002053062,7.363808631713424,MEP-1;CG17068;Caf1-55
GO_Biological_Process_GeneRIF_Predicted_zscore,positive_regulation_of_TOR_signaling_(GO:0032008),3/200,0.1900326525530107,0.7798008127494221,0.2469660980878513,0.8226430015403322,-4.410967302750479,7.324673067900389,MEP-1;Sara;Cdc42
GO_Biological_Process_GeneRIF_Predicted_zscore,mitochondrial_DNA_metabolic_process_(GO:0032042),2/200,0.4436359549663501,0.7798008127494221,0.5137900612566643,0.8226430015403322,-9.009931732717,7.32283079248572,MEP-1;Caf1-55
GO_Biological_Process_GeneRIF_Predicted_zscore,mitochondrial_membrane_organization_(GO:0007006),2/200,0.4436359549663501,0.7798008127494221,0.5137900612566643,0.8226430015403322,-8.86712189482762,7.206761957627757,ND-MNLL;sun
GO_Biological_Process_GeneRIF_Predicted_zscore,glutamate_receptor_clustering_(GO:0097688),2/200,0.4436359549663501,0.7798008127494221,0.5137900612566643,0.8226430015403322,-8.809080923573104,7.159589101702003,rg;Sxl
GO_Biological_Process_GeneRIF_Predicted_zscore,glycerol-3-phosphate_metabolic_process_(GO:0006072),2/200,0.4436359549663501,0.7798008127494221,0.5137900612566643,0.8226430015403322,-8.767608497537246,7.125882347042399,CG2765;AcCoAS
GO_Biological_Process_GeneRIF_Predicted_zscore,mitochondrial_fission_(GO:0000266),3/200,0.1900326525530107,0.7798008127494221,0.2469660980878513,0.8226430015403322,-4.278602209916093,7.104872973256837,Sara;AP-2mu;CG1951
GO_Biological_Process_GeneRIF_Predicted_zscore,DNA_packaging_(GO:0006323),2/200,0.4436359549663501,0.7798008127494221,0.5137900612566643,0.8226430015403322,-8.7408724631585,7.104152609057071,MEP-1;Caf1-55
GO_Biological_Process_GeneRIF_Predicted_zscore,transmembrane_receptor_protein_serine/threonine_kinase_signaling_pathway_(GO:0007178),3/200,0.1900326525530107,0.7798008127494221,0.2469660980878513,0.8226430015403322,-4.267703335835694,7.086774745823288,CG2124;MEP-1;Caf1-55
GO_Biological_Process_GeneRIF_Predicted_zscore,sodium_ion_homeostasis_(GO:0055078),3/200,0.1900326525530107,0.7798008127494221,0.2469660980878513,0.8226430015403322,-4.265260726065024,7.082718647291007,hoe1;wtrw;AcCoAS
GO_Biological_Process_GeneRIF_Predicted_zscore,compound_eye_retinal_cell_programmed_cell_death_(GO:0046667),3/200,0.1900326525530107,0.7798008127494221,0.2469660980878513,0.8226430015403322,-4.173511353204687,6.930363366859024,disco-r;M6;ogre
GO_Biological_Process_GeneRIF_Predicted_zscore,small_GTPase_mediated_signal_transduction_(GO:0007264),3/200,0.1900326525530107,0.7798008127494221,0.2469660980878513,0.8226430015403322,-4.055285841556508,6.734042886186182,MEP-1;capt;Cdc42
GO_Biological_Process_GeneRIF_Predicted_zscore,membrane_assembly_(GO:0071709),2/148,0.3049193440436974,0.7798008127494221,0.3641157933358533,0.8226430015403322,-5.642726531986182,6.701911348518602,MEP-1;CG1951
GO_Biological_Process_GeneRIF_Predicted_zscore,axonal_fasciculation_(GO:0007413),3/200,0.1900326525530107,0.7798008127494221,0.2469660980878513,0.8226430015403322,-4.002705619723011,6.646730306351848,Sxl;M6;ogre
GO_Biological_Process_GeneRIF_Predicted_zscore,regulation_of_transmembrane_receptor_protein_serine/threonine_kinase_signaling_pathway_(GO:0090092),3/200,0.1900326525530107,0.7798008127494221,0.2469660980878513,0.8226430015403322,-3.940628435197656,6.543647456170568,CG2124;MEP-1;Caf1-55
GO_Biological_Process_GeneRIF_Predicted_zscore,glial_cell_development_(GO:0021782),3/200,0.1900326525530107,0.7798008127494221,0.2469660980878513,0.8226430015403322,-3.9316137839615193,6.528678092628772,Sxl;M6;ogre
GO_Biological_Process_GeneRIF_Predicted_zscore,sodium_ion_transport_(GO:0006814),3/200,0.1900326525530107,0.7798008127494221,0.2469660980878513,0.8226430015403322,-3.916338673657824,6.503312865146601,hoe1;rg;wtrw
GO_Biological_Process_GeneRIF_Predicted_zscore,meiosis_II_(GO:0007135),1/200,0.7798008127494223,0.7798008127494221,0.8226430015403322,0.8226430015403322,-26.07148068654752,6.48441420946657,MEP-1
GO_Biological_Process_GeneRIF_Predicted_zscore,RNA_splicing_(GO:0008380),2/172,0.3704510922510457,0.7798008127494221,0.4358180380017768,0.8226430015403322,-6.47287233794616,6.427781323291527,MEP-1;Caf1-55
GO_Biological_Process_GeneRIF_Predicted_zscore,regulation_of_embryonic_cell_shape_(GO:0016476),3/200,0.1900326525530107,0.7798008127494221,0.2469660980878513,0.8226430015403322,-3.869983758966068,6.42633777739299,MEP-1;caz;Cdc42
GO_Biological_Process_GeneRIF_Predicted_zscore,N-terminal_protein_amino_acid_modification_(GO:0031365),2/152,0.3159620966970857,0.7798008127494221,0.3763226742172611,0.8226430015403322,-5.565420815134379,6.412105089923517,CG2124;Rep
GO_Biological_Process_GeneRIF_Predicted_zscore,glycosaminoglycan_biosynthetic_process_(GO:0006024),3/200,0.1900326525530107,0.7798008127494221,0.2469660980878513,0.8226430015403322,-3.8338631632411966,6.366357383854932,Sxl;M6;ogre
GO_Biological_Process_GeneRIF_Predicted_zscore,glycosaminoglycan_catabolic_process_(GO:0006027),3/200,0.1900326525530107,0.7798008127494221,0.2469660980878513,0.8226430015403322,-3.827396583867435,6.355619244909558,Sxl;M6;ogre
GO_Biological_Process_GeneRIF_Predicted_zscore,genitalia_development_(GO:0048806),2/200,0.4436359549663501,0.7798008127494221,0.5137900612566643,0.8226430015403322,-7.764212966775795,6.310371651992242,MEP-1;Caf1-55
GO_Biological_Process_GeneRIF_Predicted_zscore,glycosaminoglycan_metabolic_process_(GO:0030203),3/200,0.1900326525530107,0.7798008127494221,0.2469660980878513,0.8226430015403322,-3.798417411967986,6.307497609591702,Sxl;M6;ogre
GO_Biological_Process_GeneRIF_Predicted_zscore,chondroitin_sulfate_metabolic_process_(GO:0030204),3/200,0.1900326525530107,0.7798008127494221,0.2469660980878513,0.8226430015403322,-3.727938013346535,6.190462384097635,M6;CG17724;ogre
GO_Biological_Process_GeneRIF_Predicted_zscore,contractile_ring_contraction_(GO:0036213),2/200,0.4436359549663501,0.7798008127494221,0.5137900612566643,0.8226430015403322,-7.575735316621195,6.157186258229969,capt;Cdc42
GO_Biological_Process_GeneRIF_Predicted_zscore,transmembrane_transport_(GO:0055085),1/77,0.4405409218885268,0.7798008127494221,0.486568295280586,0.8226430015403322,-7.509698229123364,6.156089686095757,Rep
GO_Biological_Process_GeneRIF_Predicted_zscore,regulation_of_glial_cell_proliferation_(GO:0060251),3/200,0.1900326525530107,0.7798008127494221,0.2469660980878513,0.8226430015403322,-3.6858874846246503,6.120634984781368,MEP-1;Myc;Cdc42
GO_Biological_Process_GeneRIF_Predicted_zscore,organelle_fusion_(GO:0048284),6/200,0.0040354880741982,0.7798008127494221,0.007883314637393,0.8226430015403322,-1.0948138517307289,6.035301520581731,MEP-1;Sara;AP-2mu;CG1951;capt;Cdc42
GO_Biological_Process_GeneRIF_Predicted_zscore,metaphase/anaphase_transition_of_cell_cycle_(GO:0044784),1/200,0.7798008127494223,0.7798008127494221,0.8226430015403322,0.8226430015403322,-24.180660785562,6.014135609608639,Caf1-55
GO_Biological_Process_GeneRIF_Predicted_zscore,antennal_morphogenesis_(GO:0048800),3/200,0.1900326525530107,0.7798008127494221,0.2469660980878513,0.8226430015403322,-3.615981426296852,6.004551824881856,Sxl;M6;ogre
GO_Biological_Process_GeneRIF_Predicted_zscore,gene_silencing_by_miRNA_(GO:0035195),2/200,0.4436359549663501,0.7798008127494221,0.5137900612566643,0.8226430015403322,-7.339986242546732,5.965580968628969,MEP-1;Caf1-55
GO_Biological_Process_GeneRIF_Predicted_zscore,microtubule_nucleation_(GO:0007020),2/200,0.4436359549663501,0.7798008127494221,0.5137900612566643,0.8226430015403322,-7.313875391968613,5.944359349386603,MEP-1;Caf1-55
GO_Biological_Process_GeneRIF_Predicted_zscore,R7_cell_development_(GO:0045467),3/200,0.1900326525530107,0.7798008127494221,0.2469660980878513,0.8226430015403322,-3.536863824926749,5.87317235090772,Sxl;M6;ogre
GO_Biological_Process_GeneRIF_Predicted_zscore,chromatin_remodeling_(GO:0006338),2/200,0.4436359549663501,0.7798008127494221,0.5137900612566643,0.8226430015403322,-7.178599128922701,5.834413434821245,MEP-1;Caf1-55
GO_Biological_Process_GeneRIF_Predicted_zscore,cortical_actin_cytoskeleton_organization_(GO:0030866),2/200,0.4436359549663501,0.7798008127494221,0.5137900612566643,0.8226430015403322,-7.163980658042431,5.822532258373217,capt;Cdc42
GO_Biological_Process_GeneRIF_Predicted_zscore,negative_regulation_of_developmental_process_(GO:0051093),3/200,0.1900326525530107,0.7798008127494221,0.2469660980878513,0.8226430015403322,-3.4896110127285063,5.794706251039964,rg;Sxl;ogre
GO_Biological_Process_GeneRIF_Predicted_zscore,regulation_of_cuticle_pigmentation_(GO:0048079),3/200,0.1900326525530107,0.7798008127494221,0.2469660980878513,0.8226430015403322,-3.4761214292976543,5.772305996929818,hoe1;wtrw;AcCoAS
GO_Biological_Process_GeneRIF_Predicted_zscore,regulation_of_response_to_wounding_(GO:1903034),3/200,0.1900326525530107,0.7798008127494221,0.2469660980878513,0.8226430015403322,-3.4656224883588456,5.754871882220326,Sxl;M6;ogre
GO_Biological_Process_GeneRIF_Predicted_zscore,muscle_cell_fate_determination_(GO:0007521),3/200,0.1900326525530107,0.7798008127494221,0.2469660980878513,0.8226430015403322,-3.4605463877198663,5.746442715761282,pcs;Sxl;ogre
GO_Biological_Process_GeneRIF_Predicted_zscore,chromatin_assembly_(GO:0031497),2/200,0.4436359549663501,0.7798008127494221,0.5137900612566643,0.8226430015403322,-7.013727520955643,5.700413874841924,MEP-1;Caf1-55
GO_Biological_Process_GeneRIF_Predicted_zscore,male_germ-line_stem_cell_asymmetric_division_(GO:0048133),1/200,0.7798008127494223,0.7798008127494221,0.8226430015403322,0.8226430015403322,-22.7410829833436,5.656088482613114,MEP-1
GO_Biological_Process_GeneRIF_Predicted_zscore,cortical_cytoskeleton_organization_(GO:0030865),2/200,0.4436359549663501,0.7798008127494221,0.5137900612566643,0.8226430015403322,-6.945570925566347,5.645019535546833,MEP-1;Cdc42
GO_Biological_Process_GeneRIF_Predicted_zscore,cellular_protein_complex_disassembly_(GO:0043624),2/200,0.4436359549663501,0.7798008127494221,0.5137900612566643,0.8226430015403322,-6.924875196240523,5.6281990613772255,MEP-1;Caf1-55
GO_Biological_Process_GeneRIF_Predicted_zscore,male_genitalia_development_(GO:0030539),1/200,0.7798008127494223,0.7798008127494221,0.8226430015403322,0.8226430015403322,-22.595766761144077,5.619945902625979,MEP-1
GO_Biological_Process_GeneRIF_Predicted_zscore,spermatid_development_(GO:0007286),2/184,0.4023388267058191,0.7798008127494221,0.4700664559311142,0.8226430015403322,-6.156249130658719,5.605022848929312,CG10347;MEP-1
GO_Biological_Process_GeneRIF_Predicted_zscore,chondroitin_sulfate_biosynthetic_process_(GO:0030206),3/200,0.1900326525530107,0.7798008127494221,0.2469660980878513,0.8226430015403322,-3.371868732083279,5.599188204135038,M6;CG17724;ogre
GO_Biological_Process_GeneRIF_Predicted_zscore,male_germ-line_stem_cell_population_maintenance_(GO:0036098),1/200,0.7798008127494223,0.7798008127494221,0.8226430015403322,0.8226430015403322,-22.38763583958855,5.568180254123308,MEP-1
GO_Biological_Process_GeneRIF_Predicted_zscore,chromosome_condensation_(GO:0030261),2/200,0.4436359549663501,0.7798008127494221,0.5137900612566643,0.8226430015403322,-6.807673314228702,5.532943117603872,MEP-1;Caf1-55
GO_Biological_Process_GeneRIF_Predicted_zscore,sensory_perception_of_smell_(GO:0007608),3/200,0.1900326525530107,0.7798008127494221,0.2469660980878513,0.8226430015403322,-3.3286330674013613,5.5273928162003,rg;CG11768;CG13375
GO_Biological_Process_GeneRIF_Predicted_zscore,positive_regulation_of_developmental_process_(GO:0051094),3/200,0.1900326525530107,0.7798008127494221,0.2469660980878513,0.8226430015403322,-3.3261678444821725,5.523299167192452,Sxl;M6;ogre
GO_Biological_Process_GeneRIF_Predicted_zscore,chromosome_organization_(GO:0051276),2/200,0.4436359549663501,0.7798008127494221,0.5137900612566643,0.8226430015403322,-6.793403945923412,5.521345674613726,MEP-1;Caf1-55
GO_Biological_Process_GeneRIF_Predicted_zscore,cellular_protein_complex_assembly_(GO:0043623),2/200,0.4436359549663501,0.7798008127494221,0.5137900612566643,0.8226430015403322,-6.785088942850967,5.514587647766818,MEP-1;Caf1-55
GO_Biological_Process_GeneRIF_Predicted_zscore,glial_cell_migration_(GO:0008347),3/200,0.1900326525530107,0.7798008127494221,0.2469660980878513,0.8226430015403322,-3.281178830305344,5.44859223833199,Sxl;M6;ogre
GO_Biological_Process_GeneRIF_Predicted_zscore,positive_regulation_of_protein_metabolic_process_(GO:0051247),3/200,0.1900326525530107,0.7798008127494221,0.2469660980878513,0.8226430015403322,-3.248489030347989,5.394308884838668,Sxl;M6;ogre
GO_Biological_Process_GeneRIF_Predicted_zscore,negative_regulation_of_developmental_growth_(GO:0048640),1/160,0.7016101651601492,0.7798008127494221,0.7490052231232204,0.8226430015403322,-15.19703442522359,5.385484779695162,MEP-1
GO_Biological_Process_GeneRIF_Predicted_zscore,canonical_Wnt_signaling_pathway_(GO:0060070),2/200,0.4436359549663501,0.7798008127494221,0.5137900612566643,0.8226430015403322,-6.57458631890694,5.343501435102304,MEP-1;ogre
GO_Biological_Process_GeneRIF_Predicted_zscore,acidic_amino_acid_transport_(GO:0015800),2/200,0.4436359549663501,0.7798008127494221,0.5137900612566643,0.8226430015403322,-6.562126472035039,5.333374682419829,Pex23;Patsas
GO_Biological_Process_GeneRIF_Predicted_zscore,metaphase/anaphase_transition_of_mitotic_cell_cycle_(GO:0007091),1/200,0.7798008127494223,0.7798008127494221,0.8226430015403322,0.8226430015403322,-21.29168772014969,5.295599588530562,Caf1-55
GO_Biological_Process_GeneRIF_Predicted_zscore,regulation_of_oxidative_phosphorylation_(GO:0002082),1/48,0.3035669843920331,0.7798008127494221,0.3417165844660111,0.8226430015403322,-4.411998605422008,5.259777313604728,Rbm13
GO_Biological_Process_GeneRIF_Predicted_zscore,clathrin-dependent_endocytosis_(GO:0072583),2/200,0.4436359549663501,0.7798008127494221,0.5137900612566643,0.8226430015403322,-6.462328587332953,5.252263854413478,MEP-1;Sara
GO_Biological_Process_GeneRIF_Predicted_zscore,regulation_of_compound_eye_retinal_cell_programmed_cell_death_(GO:0046669),3/200,0.1900326525530107,0.7798008127494221,0.2469660980878513,0.8226430015403322,-3.1382036405118527,5.211173447808352,disco-r;M6;ogre
GO_Biological_Process_GeneRIF_Predicted_zscore,endothelial_cell_development_(GO:0001885),3/200,0.1900326525530107,0.7798008127494221,0.2469660980878513,0.8226430015403322,-3.111159360104923,5.166264814680678,MEP-1;Myc;Cdc42
GO_Biological_Process_GeneRIF_Predicted_zscore,positive_regulation_of_protein_catabolic_process_(GO:0045732),3/200,0.1900326525530107,0.7798008127494221,0.2469660980878513,0.8226430015403322,-3.095411556766605,5.140114652352601,Sxl;M6;ogre
GO_Biological_Process_GeneRIF_Predicted_zscore,cellular_polysaccharide_biosynthetic_process_(GO:0033692),2/144,0.2938455136453202,0.7798008127494221,0.3518236722851029,0.8226430015403322,-4.185027280030873,5.12540757004642,Sara;Cdc42
GO_Biological_Process_GeneRIF_Predicted_zscore,ventral_cord_development_(GO:0007419),3/200,0.1900326525530107,0.7798008127494221,0.2469660980878513,0.8226430015403322,-3.0861511239626376,5.124737153926342,Sxl;M6;ogre
GO_Biological_Process_GeneRIF_Predicted_zscore,Golgi_vesicle_transport_(GO:0048193),2/150,0.3104451082635727,0.7798008127494221,0.3702304062956482,0.8226430015403322,-4.3570340984473,5.096632699089612,Sara;AP-2mu
GO_Biological_Process_GeneRIF_Predicted_zscore,regulation_of_compound_eye_cone_cell_fate_specification_(GO:0042682),3/200,0.1900326525530107,0.7798008127494221,0.2469660980878513,0.8226430015403322,-3.0511617310618364,5.06663518983269,disco-r;M6;ogre
GO_Biological_Process_GeneRIF_Predicted_zscore,cellular_response_to_X-ray_(GO:0071481),2/155,0.324219017529942,0.7798008127494221,0.3854170348361158,0.8226430015403322,-4.489265686317488,5.056421607828527,CG1463;CG11768
GO_Biological_Process_GeneRIF_Predicted_zscore,mRNA_3'-end_processing_(GO:0031124),1/180,0.7436500214450774,0.7798008127494221,0.7889718266508656,0.8226430015403322,-16.93451175013803,5.015744232487735,Caf1-55
GO_Biological_Process_GeneRIF_Predicted_zscore,segmentation_(GO:0035282),3/200,0.1900326525530107,0.7798008127494221,0.2469660980878513,0.8226430015403322,-3.007938634750379,4.994860672423236,Sxl;M6;ogre
GO_Biological_Process_GeneRIF_Predicted_zscore,regulation_of_peptidase_activity_(GO:0052547),2/200,0.4436359549663501,0.7798008127494221,0.5137900612566643,0.8226430015403322,-6.11780461404329,4.972251659515939,MEP-1;Caf1-55
GO_Biological_Process_GeneRIF_Predicted_zscore,axonal_defasciculation_(GO:0007414),2/200,0.4436359549663501,0.7798008127494221,0.5137900612566643,0.8226430015403322,-6.112717988704072,4.968117499816526,MEP-1;Cdc42
GO_Biological_Process_GeneRIF_Predicted_zscore,axonogenesis_(GO:0007409),2/200,0.4436359549663501,0.7798008127494221,0.5137900612566643,0.8226430015403322,-6.07815673467811,4.9400278069402495,CG2991;fru
GO_Biological_Process_GeneRIF_Predicted_zscore,positive_regulation_of_nervous_system_development_(GO:0051962),3/200,0.1900326525530107,0.7798008127494221,0.2469660980878513,0.8226430015403322,-2.920264364613214,4.84927234198581,Sxl;M6;ogre
GO_Biological_Process_GeneRIF_Predicted_zscore,instar_larval_or_pupal_morphogenesis_(GO:0048707),1/107,0.554106376818351,0.7798008127494221,0.6032950105729391,0.8226430015403322,-8.206079508687123,4.84485781033523,MEP-1
GO_Biological_Process_GeneRIF_Predicted_zscore,embryonic_heart_tube_development_(GO:0035050),3/200,0.1900326525530107,0.7798008127494221,0.2469660980878513,0.8226430015403322,-2.885999696017484,4.792373825624744,CG2991;M6;ogre
GO_Biological_Process_GeneRIF_Predicted_zscore,sulfate_transport_(GO:0008272),3/200,0.1900326525530107,0.7798008127494221,0.2469660980878513,0.8226430015403322,-2.8204305294600585,4.683492331974049,Sxl;M6;ogre
GO_Biological_Process_GeneRIF_Predicted_zscore,carbohydrate_phosphorylation_(GO:0046835),3/200,0.1900326525530107,0.7798008127494221,0.2469660980878513,0.8226430015403322,-2.8075008375001733,4.662021810889986,CG1463;Sxl;ogre
GO_Biological_Process_GeneRIF_Predicted_zscore,associative_learning_(GO:0008306),2/200,0.4436359549663501,0.7798008127494221,0.5137900612566643,0.8226430015403322,-5.725948414253613,4.653770151423427,rg;CG13375
GO_Biological_Process_GeneRIF_Predicted_zscore,steroid_biosynthetic_process_(GO:0006694),3/200,0.1900326525530107,0.7798008127494221,0.2469660980878513,0.8226430015403322,-2.7799179014304163,4.616218708056332,rg;Sxl;M6
GO_Biological_Process_GeneRIF_Predicted_zscore,regulation_of_phosphatase_activity_(GO:0010921),2/200,0.4436359549663501,0.7798008127494221,0.5137900612566643,0.8226430015403322,-5.613923929733136,4.56272214250455,MEP-1;CG1951
GO_Biological_Process_GeneRIF_Predicted_zscore,regulation_of_phosphatidylinositol_3-kinase_signaling_(GO:0014066),2/200,0.4436359549663501,0.7798008127494221,0.5137900612566643,0.8226430015403322,-5.548802013856744,4.509794241939704,MEP-1;Cdc42
GO_Biological_Process_GeneRIF_Predicted_zscore,regulation_of_organelle_assembly_(GO:1902115),2/200,0.4436359549663501,0.7798008127494221,0.5137900612566643,0.8226430015403322,-5.518366799095354,4.4850579914949495,MEP-1;Caf1-55
GO_Biological_Process_GeneRIF_Predicted_zscore,steroid_metabolic_process_(GO:0008202),3/200,0.1900326525530107,0.7798008127494221,0.2469660980878513,0.8226430015403322,-2.69418764700227,4.473858531112255,rg;Sxl;M6
GO_Biological_Process_GeneRIF_Predicted_zscore,actin_polymerization_or_depolymerization_(GO:0008154),2/200,0.4436359549663501,0.7798008127494221,0.5137900612566643,0.8226430015403322,-5.458648519654115,4.436521901706542,MEP-1;Cdc42
GO_Biological_Process_GeneRIF_Predicted_zscore,activation_of_adenylate_cyclase_activity_(GO:0007190),2/200,0.4436359549663501,0.7798008127494221,0.5137900612566643,0.8226430015403322,-5.445356532699045,4.42571882636087,rg;CG13375
GO_Biological_Process_GeneRIF_Predicted_zscore,female_meiosis_II_(GO:0007147),2/200,0.4436359549663501,0.7798008127494221,0.5137900612566643,0.8226430015403322,-5.381584210311335,4.373887809218609,MEP-1;Caf1-55
GO_Biological_Process_GeneRIF_Predicted_zscore,organelle_membrane_fusion_(GO:0090174),5/200,0.0175552857966727,0.7798008127494221,0.0297273413511118,0.8226430015403322,-1.0605231872237653,4.287059132919519,Sara;AP-2mu;capt;Rep;Cdc42
GO_Biological_Process_GeneRIF_Predicted_zscore,aerobic_respiration_(GO:0009060),2/200,0.4436359549663501,0.7798008127494221,0.5137900612566643,0.8226430015403322,-5.240294536831066,4.259054489464969,MEP-1;Myc
GO_Biological_Process_GeneRIF_Predicted_zscore,cAMP_metabolic_process_(GO:0046058),2/200,0.4436359549663501,0.7798008127494221,0.5137900612566643,0.8226430015403322,-5.183467860028667,4.212868552538036,rg;CG13375
GO_Biological_Process_GeneRIF_Predicted_zscore,cAMP_biosynthetic_process_(GO:0006171),2/200,0.4436359549663501,0.7798008127494221,0.5137900612566643,0.8226430015403322,-5.181637569373994,4.211380982025535,rg;CG13375
GO_Biological_Process_GeneRIF_Predicted_zscore,amino_acid_transmembrane_transport_(GO:0003333),2/159,0.3351887568747993,0.7798008127494221,0.3974557687209487,0.8226430015403322,-3.823119582277221,4.178904643607525,M6;ogre
GO_Biological_Process_GeneRIF_Predicted_zscore,axoneme_assembly_(GO:0035082),1/134,0.636570406944632,0.7798008127494221,0.6857057267426295,0.8226430015403322,-9.19323238827327,4.152217650940874,Caf1-55
GO_Biological_Process_GeneRIF_Predicted_zscore,regulation_of_calcium_ion_transport_(GO:0051924),4/200,0.0639858882974155,0.7798008127494221,0.0945178477449789,0.8226430015403322,-1.5057996329685344,4.139582801677175,hoe1;wtrw;Mppe;Rh2
GO_Biological_Process_GeneRIF_Predicted_zscore,imaginal_disc_eversion_(GO:0007561),2/200,0.4436359549663501,0.7798008127494221,0.5137900612566643,0.8226430015403322,-5.044885258327609,4.100235408009951,M6;ogre
GO_Biological_Process_GeneRIF_Predicted_zscore,negative_regulation_of_photoreceptor_cell_differentiation_(GO:0046533),2/200,0.4436359549663501,0.7798008127494221,0.5137900612566643,0.8226430015403322,-5.037068864539847,4.093882626344873,Sxl;ogre
GO_Biological_Process_GeneRIF_Predicted_zscore,cytosolic_transport_(GO:0016482),2/147,0.3021534818000692,0.7798008127494221,0.361050426126608,0.8226430015403322,-3.3957957325410697,4.064156835498921,CG2991;Sara
GO_Biological_Process_GeneRIF_Predicted_zscore,histone_phosphorylation_(GO:0016572),2/200,0.4436359549663501,0.7798008127494221,0.5137900612566643,0.8226430015403322,-4.986840537388918,4.05305950452473,MEP-1;Caf1-55
GO_Biological_Process_GeneRIF_Predicted_zscore,adrenergic_receptor_signaling_pathway_(GO:0071875),1/200,0.7798008127494223,0.7798008127494221,0.8226430015403322,0.8226430015403322,-16.24066552850975,4.03932571342607,rg
GO_Biological_Process_GeneRIF_Predicted_zscore,long-term_memory_(GO:0007616),2/200,0.4436359549663501,0.7798008127494221,0.5137900612566643,0.8226430015403322,-4.960146304841037,4.031363741018157,rg;CG13375
GO_Biological_Process_GeneRIF_Predicted_zscore,asparagine_metabolic_process_(GO:0006528),1/144,0.6631034338274052,0.7798008127494221,0.7117271661617502,0.8226430015403322,-9.644210774769636,3.9620760651305726,MEP-1
GO_Biological_Process_GeneRIF_Predicted_zscore,histone_mRNA_metabolic_process_(GO:0008334),2/200,0.4436359549663501,0.7798008127494221,0.5137900612566643,0.8226430015403322,-4.868224331461574,3.95665406761132,MEP-1;Caf1-55
GO_Biological_Process_GeneRIF_Predicted_zscore,cell_morphogenesis_involved_in_neuron_differentiation_(GO:0048667),1/200,0.7798008127494223,0.7798008127494221,0.8226430015403322,0.8226430015403322,-15.771354514598835,3.922600198529121,MEP-1
GO_Biological_Process_GeneRIF_Predicted_zscore,heterochromatin_assembly_(GO:0031507),2/200,0.4436359549663501,0.7798008127494221,0.5137900612566643,0.8226430015403322,-4.824363261388679,3.9210059401837976,MEP-1;Caf1-55
GO_Biological_Process_GeneRIF_Predicted_zscore,female_germ-line_stem_cell_asymmetric_division_(GO:0048132),2/200,0.4436359549663501,0.7798008127494221,0.5137900612566643,0.8226430015403322,-4.80463682734599,3.904973261699765,capt;Cdc42
GO_Biological_Process_GeneRIF_Predicted_zscore,positive_regulation_of_oogenesis_(GO:1905881),3/200,0.1900326525530107,0.7798008127494221,0.2469660980878513,0.8226430015403322,-2.339814499496497,3.885400881946712,M6;cdm;ogre
GO_Biological_Process_GeneRIF_Predicted_zscore,cation_homeostasis_(GO:0055080),1/200,0.7798008127494223,0.7798008127494221,0.8226430015403322,0.8226430015403322,-15.620896201226987,3.885178694285053,Tehao
GO_Biological_Process_GeneRIF_Predicted_zscore,cation_transport_(GO:0006812),1/200,0.7798008127494223,0.7798008127494221,0.8226430015403322,0.8226430015403322,-15.592311711640964,3.878069252643804,Tehao
GO_Biological_Process_GeneRIF_Predicted_zscore,cell_part_morphogenesis_(GO:0032990),1/200,0.7798008127494223,0.7798008127494221,0.8226430015403322,0.8226430015403322,-15.538624905108945,3.8647164440587223,MEP-1
GO_Biological_Process_GeneRIF_Predicted_zscore,GTP_metabolic_process_(GO:0046039),2/200,0.4436359549663501,0.7798008127494221,0.5137900612566643,0.8226430015403322,-4.726349978280315,3.8413455488611534,MEP-1;CG1951
GO_Biological_Process_GeneRIF_Predicted_zscore,male_mating_behavior_(GO:0060179),2/200,0.4436359549663501,0.7798008127494221,0.5137900612566643,0.8226430015403322,-4.669272905787454,3.794956102592882,FucTA;rg
GO_Biological_Process_GeneRIF_Predicted_zscore,cell_morphogenesis_involved_in_differentiation_(GO:0000904),1/200,0.7798008127494223,0.7798008127494221,0.8226430015403322,0.8226430015403322,-15.21241778599646,3.783583266245251,MEP-1
GO_Biological_Process_GeneRIF_Predicted_zscore,embryonic_epithelial_tube_formation_(GO:0001838),2/200,0.4436359549663501,0.7798008127494221,0.5137900612566643,0.8226430015403322,-4.615243026879934,3.7510432658794186,M6;ogre
GO_Biological_Process_GeneRIF_Predicted_zscore,double-strand_break_repair_via_homologous_recombination_(GO:0000724),2/200,0.4436359549663501,0.7798008127494221,0.5137900612566643,0.8226430015403322,-4.595567479775137,3.7350519458037263,MEP-1;Rbm13
GO_Biological_Process_GeneRIF_Predicted_zscore,dorsal_closure_(GO:0007391),2/200,0.4436359549663501,0.7798008127494221,0.5137900612566643,0.8226430015403322,-4.576214530822645,3.719322817690568,MEP-1;Cdc42
GO_Biological_Process_GeneRIF_Predicted_zscore,mRNA_modification_(GO:0016556),2/200,0.4436359549663501,0.7798008127494221,0.5137900612566643,0.8226430015403322,-4.575136945301182,3.718447009008306,MEP-1;Caf1-55
GO_Biological_Process_GeneRIF_Predicted_zscore,mRNA_transport_(GO:0051028),2/200,0.4436359549663501,0.7798008127494221,0.5137900612566643,0.8226430015403322,-4.571031575246244,3.715110365497048,MEP-1;CG1951
GO_Biological_Process_GeneRIF_Predicted_zscore,positive_regulation_of_protein_secretion_(GO:0050714),3/200,0.1900326525530107,0.7798008127494221,0.2469660980878513,0.8226430015403322,-2.230098741737765,3.703211352797729,Sxl;M6;ogre
GO_Biological_Process_GeneRIF_Predicted_zscore,mRNA_polyadenylation_(GO:0006378),1/200,0.7798008127494223,0.7798008127494221,0.8226430015403322,0.8226430015403322,-14.84015007473242,3.6909940471798497,MEP-1
GO_Biological_Process_GeneRIF_Predicted_zscore,negative_regulation_of_insulin_receptor_signaling_pathway_(GO:0046627),2/200,0.4436359549663501,0.7798008127494221,0.5137900612566643,0.8226430015403322,-4.535646257893542,3.68635091434923,MEP-1;CG1951
GO_Biological_Process_GeneRIF_Predicted_zscore,central_nervous_system_neuron_axonogenesis_(GO:0021955),2/200,0.4436359549663501,0.7798008127494221,0.5137900612566643,0.8226430015403322,-4.479410730763821,3.6406454348946142,MEP-1;CG2991
GO_Biological_Process_GeneRIF_Predicted_zscore,long-chain_fatty-acyl-CoA_metabolic_process_(GO:0035336),1/200,0.7798008127494223,0.7798008127494221,0.8226430015403322,0.8226430015403322,-14.636502994046646,3.640343605051467,Pino
GO_Biological_Process_GeneRIF_Predicted_zscore,extracellular_matrix_organization_(GO:0030198),2/200,0.4436359549663501,0.7798008127494221,0.5137900612566643,0.8226430015403322,-4.455087741614361,3.6208769017699742,M6;ogre
GO_Biological_Process_GeneRIF_Predicted_zscore,negative_regulation_of_multicellular_organismal_process_(GO:0051241),2/200,0.4436359549663501,0.7798008127494221,0.5137900612566643,0.8226430015403322,-4.443396615003923,3.611374927228826,capt;Cdc42
GO_Biological_Process_GeneRIF_Predicted_zscore,glycosphingolipid_biosynthetic_process_(GO:0006688),2/200,0.4436359549663501,0.7798008127494221,0.5137900612566643,0.8226430015403322,-4.419791279991781,3.5921896682033694,CG2991;M6
GO_Biological_Process_GeneRIF_Predicted_zscore,ceramide_biosynthetic_process_(GO:0046513),2/200,0.4436359549663501,0.7798008127494221,0.5137900612566643,0.8226430015403322,-4.407360435664088,3.5820864873669507,CG2991;Sara
GO_Biological_Process_GeneRIF_Predicted_zscore,negative_regulation_of_phosphatase_activity_(GO:0010923),2/200,0.4436359549663501,0.7798008127494221,0.5137900612566643,0.8226430015403322,-4.400965166172423,3.5768887258578648,MEP-1;CG1951
GO_Biological_Process_GeneRIF_Predicted_zscore,negative_regulation_of_cell_fate_specification_(GO:0009996),2/200,0.4436359549663501,0.7798008127494221,0.5137900612566643,0.8226430015403322,-4.394709712995323,3.571804600194639,MEP-1;Caf1-55
GO_Biological_Process_GeneRIF_Predicted_zscore,epithelial_cell_morphogenesis_involved_in_gastrulation_(GO:0003381),2/200,0.4436359549663501,0.7798008127494221,0.5137900612566643,0.8226430015403322,-4.393954948179699,3.571191164355512,MEP-1;Cdc42
GO_Biological_Process_GeneRIF_Predicted_zscore,ceramide_metabolic_process_(GO:0006672),2/200,0.4436359549663501,0.7798008127494221,0.5137900612566643,0.8226430015403322,-4.374957799380273,3.555751213163349,CG2991;Sara
GO_Biological_Process_GeneRIF_Predicted_zscore,negative_regulation_of_cell_size_(GO:0045792),2/200,0.4436359549663501,0.7798008127494221,0.5137900612566643,0.8226430015403322,-4.364483267765586,3.5472380273901014,MEP-1;fru
GO_Biological_Process_GeneRIF_Predicted_zscore,negative_regulation_of_phosphoprotein_phosphatase_activity_(GO:0032515),2/200,0.4436359549663501,0.7798008127494221,0.5137900612566643,0.8226430015403322,-4.351896275042357,3.5370079367931044,fru;Sara
GO_Biological_Process_GeneRIF_Predicted_zscore,MAPK_cascade_(GO:0000165),2/200,0.4436359549663501,0.7798008127494221,0.5137900612566643,0.8226430015403322,-4.350516645218811,3.5358866413100976,MEP-1;Cdc42
GO_Biological_Process_GeneRIF_Predicted_zscore,regulation_of_phosphorylation_of_RNA_polymerase_II_C-terminal_domain_(GO:1901407),2/200,0.4436359549663501,0.7798008127494221,0.5137900612566643,0.8226430015403322,-4.33648489667972,3.524482324016399,MEP-1;Caf1-55
GO_Biological_Process_GeneRIF_Predicted_zscore,glycosphingolipid_metabolic_process_(GO:0006687),2/200,0.4436359549663501,0.7798008127494221,0.5137900612566643,0.8226430015403322,-4.303124403264495,3.49736855049618,CG2991;M6
GO_Biological_Process_GeneRIF_Predicted_zscore,G2/M_transition_of_mitotic_cell_cycle_(GO:0000086),2/200,0.4436359549663501,0.7798008127494221,0.5137900612566643,0.8226430015403322,-4.29923738649956,3.4942093738340727,MEP-1;Caf1-55
GO_Biological_Process_GeneRIF_Predicted_zscore,negative_regulation_of_apoptotic_signaling_pathway_(GO:2001234),2/200,0.4436359549663501,0.7798008127494221,0.5137900612566643,0.8226430015403322,-4.28399756821458,3.481823196677602,CG2991;fru
GO_Biological_Process_GeneRIF_Predicted_zscore,defasciculation_of_motor_neuron_axon_(GO:0007415),2/200,0.4436359549663501,0.7798008127494221,0.5137900612566643,0.8226430015403322,-4.270180261326226,3.4705931670444308,Sxl;CG13375
GO_Biological_Process_GeneRIF_Predicted_zscore,negative_regulation_of_circadian_rhythm_(GO:0042754),2/200,0.4436359549663501,0.7798008127494221,0.5137900612566643,0.8226430015403322,-4.26957353210251,3.470100047276831,Pex23;rg
GO_Biological_Process_GeneRIF_Predicted_zscore,cellular_response_to_ionizing_radiation_(GO:0071479),2/200,0.4436359549663501,0.7798008127494221,0.5137900612566643,0.8226430015403322,-4.253787831180835,3.457270203475633,MEP-1;Caf1-55
GO_Biological_Process_GeneRIF_Predicted_zscore,neuroendocrine_cell_differentiation_(GO:0061101),2/200,0.4436359549663501,0.7798008127494221,0.5137900612566643,0.8226430015403322,-4.236719885054452,3.4433982136352537,rg;CG5282
GO_Biological_Process_GeneRIF_Predicted_zscore,cellular_response_to_amino_acid_starvation_(GO:0034198),2/200,0.4436359549663501,0.7798008127494221,0.5137900612566643,0.8226430015403322,-4.192454555759354,3.4074215241310903,MEP-1;CG1951
GO_Biological_Process_GeneRIF_Predicted_zscore,cellular_calcium_ion_homeostasis_(GO:0006874),1/200,0.7798008127494223,0.7798008127494221,0.8226430015403322,0.8226430015403322,-13.684562939929195,3.4035801589053247,CG17724
GO_Biological_Process_GeneRIF_Predicted_zscore,mitochondrial_DNA_replication_(GO:0006264),2/200,0.4436359549663501,0.7798008127494221,0.5137900612566643,0.8226430015403322,-4.179309251066968,3.3967376649373007,Rbm13;Caf1-55
GO_Biological_Process_GeneRIF_Predicted_zscore,regulation_of_necrotic_cell_death_(GO:0010939),2/200,0.4436359549663501,0.7798008127494221,0.5137900612566643,0.8226430015403322,-4.176484949012028,3.39444221069095,CG10347;Rep
GO_Biological_Process_GeneRIF_Predicted_zscore,calcium_ion_homeostasis_(GO:0055074),1/200,0.7798008127494223,0.7798008127494221,0.8226430015403322,0.8226430015403322,-13.634756972370171,3.39119258001639,CG17724
GO_Biological_Process_GeneRIF_Predicted_zscore,chitin_metabolic_process_(GO:0006030),2/200,0.4436359549663501,0.7798008127494221,0.5137900612566643,0.8226430015403322,-4.171543887378152,3.390426358034849,M6;ogre
GO_Biological_Process_GeneRIF_Predicted_zscore,mRNA_catabolic_process_(GO:0006402),1/200,0.7798008127494223,0.7798008127494221,0.8226430015403322,0.8226430015403322,-13.611421701073963,3.385388706941664,MEP-1
GO_Biological_Process_GeneRIF_Predicted_zscore,mitochondrial_RNA_processing_(GO:0000963),2/200,0.4436359549663501,0.7798008127494221,0.5137900612566643,0.8226430015403322,-4.163135994533529,3.3835928349351176,CG10347;Caf1-55
GO_Biological_Process_GeneRIF_Predicted_zscore,phospholipid_translocation_(GO:0045332),3/200,0.1900326525530107,0.7798008127494221,0.2469660980878513,0.8226430015403322,-2.035023440081607,3.379277233548549,MEP-1;Sara;Cdc42
GO_Biological_Process_GeneRIF_Predicted_zscore,chitin_biosynthetic_process_(GO:0006031),2/200,0.4436359549663501,0.7798008127494221,0.5137900612566643,0.8226430015403322,-4.151670560159422,3.3742742919788973,M6;ogre
GO_Biological_Process_GeneRIF_Predicted_zscore,chitin_catabolic_process_(GO:0006032),2/200,0.4436359549663501,0.7798008127494221,0.5137900612566643,0.8226430015403322,-4.144218394307679,3.3682175369236185,M6;ogre
GO_Biological_Process_GeneRIF_Predicted_zscore,DNA_damage_checkpoint_(GO:0000077),2/200,0.4436359549663501,0.7798008127494221,0.5137900612566643,0.8226430015403322,-4.128494631581061,3.3554380334507883,Rbm13;Caf1-55
GO_Biological_Process_GeneRIF_Predicted_zscore,negative_regulation_of_Wnt_signaling_pathway_(GO:0030178),2/200,0.4436359549663501,0.7798008127494221,0.5137900612566643,0.8226430015403322,-4.110588415338068,3.340884738756561,MEP-1;Caf1-55
GO_Biological_Process_GeneRIF_Predicted_zscore,acetyl-CoA_metabolic_process_(GO:0006084),2/200,0.4436359549663501,0.7798008127494221,0.5137900612566643,0.8226430015403322,-4.101050166700104,3.3331325178846942,MEP-1;Sara
GO_Biological_Process_GeneRIF_Predicted_zscore,cell-cell_adhesion_mediated_by_cadherin_(GO:0044331),2/200,0.4436359549663501,0.7798008127494221,0.5137900612566643,0.8226430015403322,-4.09536314997118,3.3285103894984465,M6;ogre
GO_Biological_Process_GeneRIF_Predicted_zscore,regulation_of_small_GTPase_mediated_signal_transduction_(GO:0051056),2/198,0.4385576307943335,0.7798008127494221,0.508452116610373,0.8226430015403322,-4.02593088739454,3.3184300929522625,MEP-1;Cdc42
GO_Biological_Process_GeneRIF_Predicted_zscore,gland_morphogenesis_(GO:0022612),1/90,0.4929074507070227,0.7798008127494221,0.5408143455687947,0.8226430015403322,-4.671043593600179,3.3044543497757566,MEP-1
GO_Biological_Process_GeneRIF_Predicted_zscore,ncRNA_3'-end_processing_(GO:0043628),2/200,0.4436359549663501,0.7798008127494221,0.5137900612566643,0.8226430015403322,-4.054934619277929,3.2956520617954217,Rep;Caf1-55
GO_Biological_Process_GeneRIF_Predicted_zscore,regulation_of_cellular_protein_metabolic_process_(GO:0032268),3/200,0.1900326525530107,0.7798008127494221,0.2469660980878513,0.8226430015403322,-1.9711640000991515,3.2732348423752966,yki;capt;Cdc42
GO_Biological_Process_GeneRIF_Predicted_zscore,N-terminal_protein_amino_acid_acetylation_(GO:0006474),2/200,0.4436359549663501,0.7798008127494221,0.5137900612566643,0.8226430015403322,-4.000715180649566,3.2515851602341894,MEP-1;Caf1-55
GO_Biological_Process_GeneRIF_Predicted_zscore,striated_muscle_tissue_development_(GO:0014706),2/186,0.4075815334413011,0.7798008127494221,0.4756568443919572,0.8226430015403322,-3.607588394411981,3.2378621156808043,MEP-1;Cdc42
GO_Biological_Process_GeneRIF_Predicted_zscore,DNA_conformation_change_(GO:0071103),2/200,0.4436359549663501,0.7798008127494221,0.5137900612566643,0.8226430015403322,-3.96281736931255,3.22078367715316,MEP-1;Caf1-55
GO_Biological_Process_GeneRIF_Predicted_zscore,copulation_(GO:0007620),2/200,0.4436359549663501,0.7798008127494221,0.5137900612566643,0.8226430015403322,-3.8717223749116982,3.1467461317167627,rg;Sxl
GO_Biological_Process_GeneRIF_Predicted_zscore,negative_regulation_of_cell_death_(GO:0060548),1/154,0.6877113264763342,0.7798008127494221,0.7356195514239015,0.8226430015403322,-8.322586003365153,3.115860621482933,MEP-1
GO_Biological_Process_GeneRIF_Predicted_zscore,cellular_respiration_(GO:0045333),2/200,0.4436359549663501,0.7798008127494221,0.5137900612566643,0.8226430015403322,-3.8295352258510262,3.112458485222519,MEP-1;Myc
GO_Biological_Process_GeneRIF_Predicted_zscore,chromatin_silencing_at_telomere_(GO:0006348),2/200,0.4436359549663501,0.7798008127494221,0.5137900612566643,0.8226430015403322,-3.810330340976415,3.0968496963328898,MEP-1;Caf1-55
GO_Biological_Process_GeneRIF_Predicted_zscore,phagocytosis_(GO:0006909),4/200,0.0639858882974155,0.7798008127494221,0.0945178477449789,0.8226430015403322,-1.119254795125818,3.076935203831574,Sara;capt;Rep;Cdc42
GO_Biological_Process_GeneRIF_Predicted_zscore,larval_salivary_gland_morphogenesis_(GO:0007436),1/154,0.6877113264763342,0.7798008127494221,0.7356195514239015,0.8226430015403322,-8.168582614626555,3.0582038914291374,MEP-1
GO_Biological_Process_GeneRIF_Predicted_zscore,cofactor_biosynthetic_process_(GO:0051188),2/200,0.4436359549663501,0.7798008127494221,0.5137900612566643,0.8226430015403322,-3.7616553711601126,3.057289067199616,MEP-1;Caf1-55
GO_Biological_Process_GeneRIF_Predicted_zscore,female_mating_behavior_(GO:0060180),2/200,0.4436359549663501,0.7798008127494221,0.5137900612566643,0.8226430015403322,-3.748434056591978,3.046543430905268,FucTA;rg
GO_Biological_Process_GeneRIF_Predicted_zscore,respiratory_system_development_(GO:0060541),3/200,0.1900326525530107,0.7798008127494221,0.2469660980878513,0.8226430015403322,-1.83034796456058,3.039401455672402,Sxl;M6;ogre
GO_Biological_Process_GeneRIF_Predicted_zscore,induction_of_programmed_cell_death_by_ecdysone_(GO:0035078),2/200,0.4436359549663501,0.7798008127494221,0.5137900612566643,0.8226430015403322,-3.731518644175622,3.032795412986298,M6;ogre
GO_Biological_Process_GeneRIF_Predicted_zscore,chromatin_silencing_by_small_RNA_(GO:0031048),2/200,0.4436359549663501,0.7798008127494221,0.5137900612566643,0.8226430015403322,-3.714754103869075,3.019170016521543,Rbm13;Caf1-55
GO_Biological_Process_GeneRIF_Predicted_zscore,lateral_inhibition_(GO:0046331),2/200,0.4436359549663501,0.7798008127494221,0.5137900612566643,0.8226430015403322,-3.686381464706498,2.996110126403913,M6;ogre
GO_Biological_Process_GeneRIF_Predicted_zscore,leg_disc_development_(GO:0035218),2/200,0.4436359549663501,0.7798008127494221,0.5137900612566643,0.8226430015403322,-3.685612915844653,2.9954854875677928,M6;ogre
GO_Biological_Process_GeneRIF_Predicted_zscore,gland_development_(GO:0048732),1/99,0.5262792711153867,0.7798008127494221,0.5750140517460351,0.8226430015403322,-4.650126630887186,2.985024508904494,MEP-1
GO_Biological_Process_GeneRIF_Predicted_zscore,genital_disc_development_(GO:0035215),2/200,0.4436359549663501,0.7798008127494221,0.5137900612566643,0.8226430015403322,-3.644304758632535,2.9619122425547,MEP-1;Cdc42
GO_Biological_Process_GeneRIF_Predicted_zscore,lipid_modification_(GO:0030258),2/200,0.4436359549663501,0.7798008127494221,0.5137900612566643,0.8226430015403322,-3.6104386222306006,2.934387507204478,pcs;ogre
GO_Biological_Process_GeneRIF_Predicted_zscore,activation_of_MAPK_activity_(GO:0000187),1/104,0.5438668064236671,0.7798008127494221,0.5929142992480984,0.8226430015403322,-4.7948219352823545,2.920290630547381,MEP-1
GO_Biological_Process_GeneRIF_Predicted_zscore,regulation_of_neuroblast_proliferation_(GO:1902692),2/200,0.4436359549663501,0.7798008127494221,0.5137900612566643,0.8226430015403322,-3.583362157338676,2.9123810839879445,MEP-1;Caf1-55
GO_Biological_Process_GeneRIF_Predicted_zscore,imaginal_disc_development_(GO:0007444),2/200,0.4436359549663501,0.7798008127494221,0.5137900612566643,0.8226430015403322,-3.559695597749344,2.893146064627737,MEP-1;ogre
GO_Biological_Process_GeneRIF_Predicted_zscore,Bolwig's_organ_morphogenesis_(GO:0001746),2/200,0.4436359549663501,0.7798008127494221,0.5137900612566643,0.8226430015403322,-3.552622626946721,2.8873975007180106,M6;ogre
GO_Biological_Process_GeneRIF_Predicted_zscore,compound_eye_cone_cell_differentiation_(GO:0042675),2/200,0.4436359549663501,0.7798008127494221,0.5137900612566643,0.8226430015403322,-3.5417055406620834,2.8785246282056614,Sxl;ogre
GO_Biological_Process_GeneRIF_Predicted_zscore,acylglycerol_metabolic_process_(GO:0006639),2/200,0.4436359549663501,0.7798008127494221,0.5137900612566643,0.8226430015403322,-3.534002901291596,2.872264300554032,Sara;CG1951
GO_Biological_Process_GeneRIF_Predicted_zscore,generation_of_neurons_(GO:0048699),2/200,0.4436359549663501,0.7798008127494221,0.5137900612566643,0.8226430015403322,-3.506575261624375,2.8499724596967915,rg;Sxl
GO_Biological_Process_GeneRIF_Predicted_zscore,acylglycerol_catabolic_process_(GO:0046464),2/200,0.4436359549663501,0.7798008127494221,0.5137900612566643,0.8226430015403322,-3.486504133370071,2.833659630656496,Sara;CG1951
GO_Biological_Process_GeneRIF_Predicted_zscore,acylglycerol_biosynthetic_process_(GO:0046463),2/200,0.4436359549663501,0.7798008127494221,0.5137900612566643,0.8226430015403322,-3.4743914763417925,2.823815056857628,Sara;CG1951
GO_Biological_Process_GeneRIF_Predicted_zscore,signal_peptide_processing_(GO:0006465),2/175,0.3784886867982849,0.7798008127494221,0.4444903807454841,0.8226430015403322,-2.9034994158605687,2.820950303052413,MEP-1;CG17068
GO_Biological_Process_GeneRIF_Predicted_zscore,negative_regulation_of_translation_(GO:0017148),1/200,0.7798008127494223,0.7798008127494221,0.8226430015403322,0.8226430015403322,-11.150249701441185,2.773253980946036,MEP-1
GO_Biological_Process_GeneRIF_Predicted_zscore,glycogen_metabolic_process_(GO:0005977),2/200,0.4436359549663501,0.7798008127494221,0.5137900612566643,0.8226430015403322,-3.4105417618703986,2.7719211392239647,Pex23;CG2991
GO_Biological_Process_GeneRIF_Predicted_zscore,cellular_macromolecule_biosynthetic_process_(GO:0034645),2/200,0.4436359549663501,0.7798008127494221,0.5137900612566643,0.8226430015403322,-3.4036246312383067,2.7662992345646438,M6;Papss
GO_Biological_Process_GeneRIF_Predicted_zscore,cellular_macromolecule_catabolic_process_(GO:0044265),2/200,0.4436359549663501,0.7798008127494221,0.5137900612566643,0.8226430015403322,-3.37985114960344,2.7469773142077725,M6;Papss
GO_Biological_Process_GeneRIF_Predicted_zscore,neuron_projection_fasciculation_(GO:0106030),4/200,0.0639858882974155,0.7798008127494221,0.0945178477449789,0.8226430015403322,-0.9972034751685565,2.7414048092457786,rg;Sxl;M6;ogre
GO_Biological_Process_GeneRIF_Predicted_zscore,establishment_of_planar_polarity_(GO:0001736),2/200,0.4436359549663501,0.7798008127494221,0.5137900612566643,0.8226430015403322,-3.3672206131603795,2.736711833410066,M6;ogre
GO_Biological_Process_GeneRIF_Predicted_zscore,autophagy_of_mitochondrion_(GO:0000422),1/200,0.7798008127494223,0.7798008127494221,0.8226430015403322,0.8226430015403322,-10.90614279067637,2.712540500962941,CG10347
GO_Biological_Process_GeneRIF_Predicted_zscore,cellular_response_to_sterol_(GO:0036315),2/200,0.4436359549663501,0.7798008127494221,0.5137900612566643,0.8226430015403322,-3.326353024855273,2.703496661205313,Sara;CG1951
GO_Biological_Process_GeneRIF_Predicted_zscore,neuroblast_development_(GO:0014019),2/200,0.4436359549663501,0.7798008127494221,0.5137900612566643,0.8226430015403322,-3.3146794425942145,2.694008945851213,MEP-1;Caf1-55
GO_Biological_Process_GeneRIF_Predicted_zscore,negative_regulation_of_signal_transduction_(GO:0009968),1/200,0.7798008127494223,0.7798008127494221,0.8226430015403322,0.8226430015403322,-10.584518582460465,2.6325471698998624,MEP-1
GO_Biological_Process_GeneRIF_Predicted_zscore,digestive_system_development_(GO:0055123),2/200,0.4436359549663501,0.7798008127494221,0.5137900612566643,0.8226430015403322,-3.208289366412441,2.6075403077981854,MEP-1;Sara
GO_Biological_Process_GeneRIF_Predicted_zscore,negative_regulation_of_cell_motility_(GO:2000146),2/200,0.4436359549663501,0.7798008127494221,0.5137900612566643,0.8226430015403322,-3.1785112533499684,2.5833381173993204,MEP-1;Caf1-55
GO_Biological_Process_GeneRIF_Predicted_zscore,autophagosome_assembly_(GO:0000045),1/200,0.7798008127494223,0.7798008127494221,0.8226430015403322,0.8226430015403322,-10.379339105369075,2.581515595102164,Bet3
GO_Biological_Process_GeneRIF_Predicted_zscore,adherens_junction_maintenance_(GO:0034334),1/200,0.7798008127494223,0.7798008127494221,0.8226430015403322,0.8226430015403322,-10.366048135076165,2.578209908031256,MEP-1
GO_Biological_Process_GeneRIF_Predicted_zscore,embryonic_hindgut_morphogenesis_(GO:0048619),2/200,0.4436359549663501,0.7798008127494221,0.5137900612566643,0.8226430015403322,-3.1568341628132344,2.5657200409495857,MEP-1;M6
GO_Biological_Process_GeneRIF_Predicted_zscore,nervous_system_development_(GO:0007399),2/200,0.4436359549663501,0.7798008127494221,0.5137900612566643,0.8226430015403322,-3.156770179802215,2.565668038695053,Sxl;ogre
GO_Biological_Process_GeneRIF_Predicted_zscore,negative_regulation_of_lipid_storage_(GO:0010888),2/200,0.4436359549663501,0.7798008127494221,0.5137900612566643,0.8226430015403322,-3.154298975141785,2.563659564700048,Myc;Cdc42
GO_Biological_Process_GeneRIF_Predicted_zscore,negative_regulation_of_cell_migration_(GO:0030336),2/200,0.4436359549663501,0.7798008127494221,0.5137900612566643,0.8226430015403322,-3.136192160147913,2.548943233175638,MEP-1;Caf1-55
GO_Biological_Process_GeneRIF_Predicted_zscore,negative_regulation_of_signaling_(GO:0023057),1/200,0.7798008127494223,0.7798008127494221,0.8226430015403322,0.8226430015403322,-10.03231085125717,2.4952038520483555,MEP-1
GO_Biological_Process_GeneRIF_Predicted_zscore,epithelial_cell_development_(GO:0002064),2/200,0.4436359549663501,0.7798008127494221,0.5137900612566643,0.8226430015403322,-3.0590686666660507,2.486261038721014,MEP-1;ogre
GO_Biological_Process_GeneRIF_Predicted_zscore,cell-cell_junction_organization_(GO:0045216),2/200,0.4436359549663501,0.7798008127494221,0.5137900612566643,0.8226430015403322,-3.052395057095151,2.4808370560413944,Sxl;M6
GO_Biological_Process_GeneRIF_Predicted_zscore,negative_regulation_of_cell_communication_(GO:0010648),2/200,0.4436359549663501,0.7798008127494221,0.5137900612566643,0.8226430015403322,-3.0236473627508262,2.457472339459451,MEP-1;ogre
GO_Biological_Process_GeneRIF_Predicted_zscore,glandular_epithelial_cell_differentiation_(GO:0002067),2/200,0.4436359549663501,0.7798008127494221,0.5137900612566643,0.8226430015403322,-3.0128590599455958,2.44870413584544,MEP-1;ogre
GO_Biological_Process_GeneRIF_Predicted_zscore,epidermis_morphogenesis_(GO:0048730),2/200,0.4436359549663501,0.7798008127494221,0.5137900612566643,0.8226430015403322,-2.9925672827651773,2.432211974175507,MEP-1;M6
GO_Biological_Process_GeneRIF_Predicted_zscore,morphogenesis_of_embryonic_epithelium_(GO:0016331),2/200,0.4436359549663501,0.7798008127494221,0.5137900612566643,0.8226430015403322,-2.983416705343656,2.42477483346244,MEP-1;M6
GO_Biological_Process_GeneRIF_Predicted_zscore,gliogenesis_(GO:0042063),2/200,0.4436359549663501,0.7798008127494221,0.5137900612566643,0.8226430015403322,-2.974871258054232,2.4178295128537024,Sxl;ogre
GO_Biological_Process_GeneRIF_Predicted_zscore,glial_cell_growth_(GO:0042065),2/200,0.4436359549663501,0.7798008127494221,0.5137900612566643,0.8226430015403322,-2.968515490789356,2.4126638568179195,M6;ogre
GO_Biological_Process_GeneRIF_Predicted_zscore,negative_regulation_of_protein_serine/threonine_kinase_activity_(GO:0071901),2/200,0.4436359549663501,0.7798008127494221,0.5137900612566643,0.8226430015403322,-2.956698815150487,2.403059842181614,MEP-1;Cdc42
GO_Biological_Process_GeneRIF_Predicted_zscore,leg_disc_pattern_formation_(GO:0035223),2/200,0.4436359549663501,0.7798008127494221,0.5137900612566643,0.8226430015403322,-2.9503437218814,2.397894733936565,M6;ogre
GO_Biological_Process_GeneRIF_Predicted_zscore,glycoprotein_biosynthetic_process_(GO:0009101),2/200,0.4436359549663501,0.7798008127494221,0.5137900612566643,0.8226430015403322,-2.9494403896321546,2.39716054977104,M6;ogre
GO_Biological_Process_GeneRIF_Predicted_zscore,leg_disc_morphogenesis_(GO:0007478),2/200,0.4436359549663501,0.7798008127494221,0.5137900612566643,0.8226430015403322,-2.929291660113848,2.3807846502278336,M6;ogre
GO_Biological_Process_GeneRIF_Predicted_zscore,imaginal_disc_fusion_(GO:0046528),2/200,0.4436359549663501,0.7798008127494221,0.5137900612566643,0.8226430015403322,-2.922607929671013,2.37535244179969,Caf1-55;ogre
GO_Biological_Process_GeneRIF_Predicted_zscore,glycoprotein_metabolic_process_(GO:0009100),2/200,0.4436359549663501,0.7798008127494221,0.5137900612566643,0.8226430015403322,-2.908726867878776,2.364070595306283,M6;ogre
GO_Biological_Process_GeneRIF_Predicted_zscore,formation_of_animal_organ_boundary_(GO:0010160),2/200,0.4436359549663501,0.7798008127494221,0.5137900612566643,0.8226430015403322,-2.901977376746112,2.3585849398134213,M6;ogre
GO_Biological_Process_GeneRIF_Predicted_zscore,glycolipid_biosynthetic_process_(GO:0009247),2/200,0.4436359549663501,0.7798008127494221,0.5137900612566643,0.8226430015403322,-2.887975257556437,2.347204703802323,M6;ogre
GO_Biological_Process_GeneRIF_Predicted_zscore,glycolipid_metabolic_process_(GO:0006664),2/200,0.4436359549663501,0.7798008127494221,0.5137900612566643,0.8226430015403322,-2.865429845819692,2.328880898451433,M6;ogre
GO_Biological_Process_GeneRIF_Predicted_zscore,negative_regulation_of_BMP_signaling_pathway_(GO:0030514),2/200,0.4436359549663501,0.7798008127494221,0.5137900612566643,0.8226430015403322,-2.8580286028990334,2.322865531057998,cdm;ogre
GO_Biological_Process_GeneRIF_Predicted_zscore,imaginal_disc_pattern_formation_(GO:0007447),2/200,0.4436359549663501,0.7798008127494221,0.5137900612566643,0.8226430015403322,-2.846563641161065,2.31354737223726,M6;ogre
GO_Biological_Process_GeneRIF_Predicted_zscore,RNA_transport_(GO:0050658),2/200,0.4436359549663501,0.7798008127494221,0.5137900612566643,0.8226430015403322,-2.83959504259851,2.3078836369673192,MEP-1;CG1951
GO_Biological_Process_GeneRIF_Predicted_zscore,compound_eye_photoreceptor_development_(GO:0042051),2/200,0.4436359549663501,0.7798008127494221,0.5137900612566643,0.8226430015403322,-2.8065147543204696,2.280997600445299,M6;ogre
GO_Biological_Process_GeneRIF_Predicted_zscore,heparan_sulfate_proteoglycan_biosynthetic_process_(GO:0015012),2/200,0.4436359549663501,0.7798008127494221,0.5137900612566643,0.8226430015403322,-2.787314906801344,2.265392905671248,M6;ogre
GO_Biological_Process_GeneRIF_Predicted_zscore,compound_eye_morphogenesis_(GO:0001745),2/200,0.4436359549663501,0.7798008127494221,0.5137900612566643,0.8226430015403322,-2.77602763717796,2.256219166289731,M6;ogre
GO_Biological_Process_GeneRIF_Predicted_zscore,haltere_development_(GO:0007482),2/200,0.4436359549663501,0.7798008127494221,0.5137900612566643,0.8226430015403322,-2.7677709839658795,2.2495085633486736,M6;ogre
GO_Biological_Process_GeneRIF_Predicted_zscore,heparan_sulfate_proteoglycan_metabolic_process_(GO:0030201),2/200,0.4436359549663501,0.7798008127494221,0.5137900612566643,0.8226430015403322,-2.765685981764096,2.2478139757781395,M6;ogre
GO_Biological_Process_GeneRIF_Predicted_zscore,miRNA_metabolic_process_(GO:0010586),2/200,0.4436359549663501,0.7798008127494221,0.5137900612566643,0.8226430015403322,-2.7267113463502555,2.2161373028797198,Sxl;ogre
GO_Biological_Process_GeneRIF_Predicted_zscore,GPI_anchor_biosynthetic_process_(GO:0006506),2/200,0.4436359549663501,0.7798008127494221,0.5137900612566643,0.8226430015403322,-2.7031744704507865,2.1970076840647748,M6;ogre
GO_Biological_Process_GeneRIF_Predicted_zscore,GPI_anchor_metabolic_process_(GO:0006505),2/200,0.4436359549663501,0.7798008127494221,0.5137900612566643,0.8226430015403322,-2.658546788617997,2.16073649218263,M6;ogre
GO_Biological_Process_GeneRIF_Predicted_zscore,neuroepithelial_cell_differentiation_(GO:0060563),1/200,0.7798008127494223,0.7798008127494221,0.8226430015403322,0.8226430015403322,-8.673107192378138,2.157147121586481,MEP-1
GO_Biological_Process_GeneRIF_Predicted_zscore,border_follicle_cell_migration_(GO:0007298),1/200,0.7798008127494223,0.7798008127494221,0.8226430015403322,0.8226430015403322,-8.435373256822079,2.0980187073500183,MEP-1
GO_Biological_Process_GeneRIF_Predicted_zscore,epithelial_tube_morphogenesis_(GO:0060562),2/200,0.4436359549663501,0.7798008127494221,0.5137900612566643,0.8226430015403322,-2.491827379680154,2.02523513016433,M6;ogre
GO_Biological_Process_GeneRIF_Predicted_zscore,basal_protein_localization_(GO:0045175),1/200,0.7798008127494223,0.7798008127494221,0.8226430015403322,0.8226430015403322,-8.119352947523424,2.0194191598700177,MEP-1
GO_Biological_Process_GeneRIF_Predicted_zscore,mesodermal_cell_migration_(GO:0008078),2/200,0.4436359549663501,0.7798008127494221,0.5137900612566643,0.8226430015403322,-2.480334744576552,2.0158944797887157,Sxl;ogre
GO_Biological_Process_GeneRIF_Predicted_zscore,negative_regulation_of_gene_expression_(GO:0010629),1/200,0.7798008127494223,0.7798008127494221,0.8226430015403322,0.8226430015403322,-8.097195195433047,2.0139081555572163,MEP-1
GO_Biological_Process_GeneRIF_Predicted_zscore,dendrite_self-avoidance_(GO:0070593),2/200,0.4436359549663501,0.7798008127494221,0.5137900612566643,0.8226430015403322,-2.4727048760210653,2.009693296687866,M6;ogre
GO_Biological_Process_GeneRIF_Predicted_zscore,epithelial_tube_formation_(GO:0072175),2/200,0.4436359549663501,0.7798008127494221,0.5137900612566643,0.8226430015403322,-2.4370082305002385,1.980680813268135,M6;ogre
GO_Biological_Process_GeneRIF_Predicted_zscore,fibroblast_growth_factor_receptor_signaling_pathway_(GO:0008543),2/200,0.4436359549663501,0.7798008127494221,0.5137900612566643,0.8226430015403322,-2.436281184280545,1.980089905744852,M6;ogre
GO_Biological_Process_GeneRIF_Predicted_zscore,larval_heart_development_(GO:0007508),2/200,0.4436359549663501,0.7798008127494221,0.5137900612566643,0.8226430015403322,-2.420522819675786,1.9672822795618563,MEP-1;ogre
GO_Biological_Process_GeneRIF_Predicted_zscore,digestive_tract_mesoderm_development_(GO:0007502),2/200,0.4436359549663501,0.7798008127494221,0.5137900612566643,0.8226430015403322,-2.4103601873033718,1.959022590201592,MEP-1;M6
GO_Biological_Process_GeneRIF_Predicted_zscore,positive_regulation_of_programmed_cell_death_(GO:0043068),2/189,0.4154041042079848,0.7798008127494221,0.4839768449789976,0.8226430015403322,-2.224368715168564,1.9541156736595124,MEP-1;Caf1-55
GO_Biological_Process_GeneRIF_Predicted_zscore,morphogenesis_of_follicular_epithelium_(GO:0016333),2/200,0.4436359549663501,0.7798008127494221,0.5137900612566643,0.8226430015403322,-2.3629282933879274,1.9204722722176413,M6;ogre
GO_Biological_Process_GeneRIF_Predicted_zscore,regulation_of_neurotransmitter_secretion_(GO:0046928),2/200,0.4436359549663501,0.7798008127494221,0.5137900612566643,0.8226430015403322,-2.341556785818556,1.903102558622304,rg;CG13375
GO_Biological_Process_GeneRIF_Predicted_zscore,circulatory_system_development_(GO:0072359),2/200,0.4436359549663501,0.7798008127494221,0.5137900612566643,0.8226430015403322,-2.337966359871414,1.9001844364362728,M6;ogre
GO_Biological_Process_GeneRIF_Predicted_zscore,negative_regulation_of_RNA_splicing_(GO:0033119),2/200,0.4436359549663501,0.7798008127494221,0.5137900612566643,0.8226430015403322,-2.318201079190048,1.884120185308813,M6;ogre
GO_Biological_Process_GeneRIF_Predicted_zscore,negative_regulation_of_kinase_activity_(GO:0033673),1/200,0.7798008127494223,0.7798008127494221,0.8226430015403322,0.8226430015403322,-7.518567886991786,1.869993846049743,MEP-1
GO_Biological_Process_GeneRIF_Predicted_zscore,muscle_organ_development_(GO:0007517),2/200,0.4436359549663501,0.7798008127494221,0.5137900612566643,0.8226430015403322,-2.278872774258956,1.8521560671657316,rg;Sxl
GO_Biological_Process_GeneRIF_Predicted_zscore,epithelial_cell_differentiation_(GO:0030855),2/200,0.4436359549663501,0.7798008127494221,0.5137900612566643,0.8226430015403322,-2.273606167980841,1.8478756277829071,MEP-1;ogre
GO_Biological_Process_GeneRIF_Predicted_zscore,UDP-N-acetylglucosamine_metabolic_process_(GO:0006047),2/200,0.4436359549663501,0.7798008127494221,0.5137900612566643,0.8226430015403322,-2.266322756141653,1.8419560277157183,capt;Cdc42
GO_Biological_Process_GeneRIF_Predicted_zscore,negative_regulation_of_microtubule_polymerization_or_depolymerization_(GO:0031111),1/200,0.7798008127494223,0.7798008127494221,0.8226430015403322,0.8226430015403322,-7.302301484118287,1.816204766991156,MEP-1
GO_Biological_Process_GeneRIF_Predicted_zscore,negative_regulation_of_intracellular_signal_transduction_(GO:1902532),1/200,0.7798008127494223,0.7798008127494221,0.8226430015403322,0.8226430015403322,-7.284548917561337,1.8117894061522224,MEP-1
GO_Biological_Process_GeneRIF_Predicted_zscore,glial_cell_differentiation_(GO:0010001),2/200,0.4436359549663501,0.7798008127494221,0.5137900612566643,0.8226430015403322,-2.2191129940019647,1.8035862475488948,MEP-1;ogre
GO_Biological_Process_GeneRIF_Predicted_zscore,multivesicular_body_sorting_pathway_(GO:0071985),1/156,0.6924142839173629,0.7798008127494221,0.7401579375331109,0.8226430015403322,-4.789951857548708,1.7606465623045324,Cdc42
GO_Biological_Process_GeneRIF_Predicted_zscore,insulin_receptor_signaling_pathway_(GO:0008286),1/113,0.5739054784997698,0.7798008127494221,0.6232787301247398,0.8226430015403322,-3.169358155577065,1.759914689853136,MEP-1
GO_Biological_Process_GeneRIF_Predicted_zscore,endoderm_development_(GO:0007492),2/200,0.4436359549663501,0.7798008127494221,0.5137900612566643,0.8226430015403322,-2.1507217362424167,1.748001186183794,M6;ogre
GO_Biological_Process_GeneRIF_Predicted_zscore,apical_protein_localization_(GO:0045176),1/200,0.7798008127494223,0.7798008127494221,0.8226430015403322,0.8226430015403322,-7.021393074162501,1.7463381373594968,MEP-1
GO_Biological_Process_GeneRIF_Predicted_zscore,negative_regulation_of_decapentaplegic_signaling_pathway_(GO:0090099),2/200,0.4436359549663501,0.7798008127494221,0.5137900612566643,0.8226430015403322,-2.145598669671371,1.7438374088377144,M6;ogre
GO_Biological_Process_GeneRIF_Predicted_zscore,axis_elongation_(GO:0003401),1/200,0.7798008127494223,0.7798008127494221,0.8226430015403322,0.8226430015403322,-6.977964842795189,1.73553680835345,MEP-1
GO_Biological_Process_GeneRIF_Predicted_zscore,negative_regulation_of_gene_silencing_(GO:0060969),1/200,0.7798008127494223,0.7798008127494221,0.8226430015403322,0.8226430015403322,-6.932484584309663,1.724225105810758,MEP-1
GO_Biological_Process_GeneRIF_Predicted_zscore,heart_morphogenesis_(GO:0003007),2/200,0.4436359549663501,0.7798008127494221,0.5137900612566643,0.8226430015403322,-2.115553855626903,1.7194184569559343,M6;ogre
GO_Biological_Process_GeneRIF_Predicted_zscore,negative_regulation_of_growth_(GO:0045926),1/200,0.7798008127494223,0.7798008127494221,0.8226430015403322,0.8226430015403322,-6.898811412879985,1.715850023707766,MEP-1
GO_Biological_Process_GeneRIF_Predicted_zscore,negative_regulation_of_epidermal_growth_factor_receptor_signaling_pathway_(GO:0042059),1/200,0.7798008127494223,0.7798008127494221,0.8226430015403322,0.8226430015403322,-6.885202894520402,1.712465357110514,MEP-1
GO_Biological_Process_GeneRIF_Predicted_zscore,negative_regulation_of_neuron_differentiation_(GO:0045665),1/200,0.7798008127494223,0.7798008127494221,0.8226430015403322,0.8226430015403322,-6.8760303043335975,1.7101839801967884,MEP-1
GO_Biological_Process_GeneRIF_Predicted_zscore,Notch_receptor_processing_(GO:0007220),2/200,0.4436359549663501,0.7798008127494221,0.5137900612566643,0.8226430015403322,-2.0989948199646933,1.70596008459105,M6;ogre
GO_Biological_Process_GeneRIF_Predicted_zscore,epidermis_development_(GO:0008544),2/200,0.4436359549663501,0.7798008127494221,0.5137900612566643,0.8226430015403322,-2.0546101033104773,1.669886362894467,M6;ogre
GO_Biological_Process_GeneRIF_Predicted_zscore,negative_regulation_of_cytoskeleton_organization_(GO:0051494),1/200,0.7798008127494223,0.7798008127494221,0.8226430015403322,0.8226430015403322,-6.584603572010948,1.6377012675035094,ogre
GO_Biological_Process_GeneRIF_Predicted_zscore,negative_regulation_of_peptide_secretion_(GO:0002792),1/200,0.7798008127494223,0.7798008127494221,0.8226430015403322,0.8226430015403322,-6.56620170980231,1.6331244159536888,MEP-1
GO_Biological_Process_GeneRIF_Predicted_zscore,Malpighian_tubule_morphogenesis_(GO:0007443),2/200,0.4436359549663501,0.7798008127494221,0.5137900612566643,0.8226430015403322,-1.998435875688052,1.6242307046741182,M6;ogre
GO_Biological_Process_GeneRIF_Predicted_zscore,apical_junction_assembly_(GO:0043297),1/200,0.7798008127494223,0.7798008127494221,0.8226430015403322,0.8226430015403322,-6.509799570097063,1.619096258498952,MEP-1
GO_Biological_Process_GeneRIF_Predicted_zscore,myotube_differentiation_(GO:0014902),2/200,0.4436359549663501,0.7798008127494221,0.5137900612566643,0.8226430015403322,-1.9513658324685363,1.585974481195768,M6;ogre
GO_Biological_Process_GeneRIF_Predicted_zscore,regulation_of_protein_complex_assembly_(GO:0043254),2/200,0.4436359549663501,0.7798008127494221,0.5137900612566643,0.8226430015403322,-1.943622356946408,1.5796809639221137,MEP-1;Caf1-55
GO_Biological_Process_GeneRIF_Predicted_zscore,negative_regulation_of_proteasomal_protein_catabolic_process_(GO:1901799),1/200,0.7798008127494223,0.7798008127494221,0.8226430015403322,0.8226430015403322,-6.190621281085039,1.539711268535926,MEP-1
GO_Biological_Process_GeneRIF_Predicted_zscore,behavioral_response_to_starvation_(GO:0042595),1/78,0.4447530817783365,0.7798008127494221,0.4909566004465413,0.8226430015403322,-1.896013086067473,1.536218102833685,Sara
GO_Biological_Process_GeneRIF_Predicted_zscore,head_involution_(GO:0008258),1/196,0.7730006677261431,0.7798008127494221,0.8163629881471995,0.8226430015403322,-5.964720068922824,1.5357684863155183,MEP-1
GO_Biological_Process_GeneRIF_Predicted_zscore,protein_geranylgeranylation_(GO:0018344),4/200,0.0639858882974155,0.7798008127494221,0.0945178477449789,0.8226430015403322,-0.5578312212605975,1.5335297467277291,flw;Patsas;AP-2mu;CG13375
GO_Biological_Process_GeneRIF_Predicted_zscore,negative_regulation_of_protein_kinase_activity_(GO:0006469),1/200,0.7798008127494223,0.7798008127494221,0.8226430015403322,0.8226430015403322,-6.134798923351094,1.5258273125747024,MEP-1
GO_Biological_Process_GeneRIF_Predicted_zscore,negative_regulation_of_hydrolase_activity_(GO:0051346),1/200,0.7798008127494223,0.7798008127494221,0.8226430015403322,0.8226430015403322,-6.134651866731819,1.525790737128793,MEP-1
GO_Biological_Process_GeneRIF_Predicted_zscore,negative_regulation_of_programmed_cell_death_(GO:0043069),1/200,0.7798008127494223,0.7798008127494221,0.8226430015403322,0.8226430015403322,-6.131135273475683,1.5249161014472543,MEP-1
GO_Biological_Process_GeneRIF_Predicted_zscore,negative_regulation_of_hormone_secretion_(GO:0046888),1/200,0.7798008127494223,0.7798008127494221,0.8226430015403322,0.8226430015403322,-6.130288823286636,1.5247055750985803,MEP-1
GO_Biological_Process_GeneRIF_Predicted_zscore,azole_transport_(GO:0045117),1/200,0.7798008127494223,0.7798008127494221,0.8226430015403322,0.8226430015403322,-6.101655724331621,1.5175840434925616,Pex23
GO_Biological_Process_GeneRIF_Predicted_zscore,regulation_of_smoothened_signaling_pathway_(GO:0008589),2/200,0.4436359549663501,0.7798008127494221,0.5137900612566643,0.8226430015403322,-1.8448259755356708,1.4993841086913866,MEP-1;Caf1-55
GO_Biological_Process_GeneRIF_Predicted_zscore,intracellular_mRNA_localization_(GO:0008298),1/200,0.7798008127494223,0.7798008127494221,0.8226430015403322,0.8226430015403322,-5.988951564290747,1.4895526299483308,MEP-1
GO_Biological_Process_GeneRIF_Predicted_zscore,lamellocyte_differentiation_(GO:0035171),1/200,0.7798008127494223,0.7798008127494221,0.8226430015403322,0.8226430015403322,-5.897712521821513,1.466859950903412,MEP-1
GO_Biological_Process_GeneRIF_Predicted_zscore,larval_lymph_gland_hemopoiesis_(GO:0035167),1/200,0.7798008127494223,0.7798008127494221,0.8226430015403322,0.8226430015403322,-5.846959352992435,1.4542367871833497,Cdc42
GO_Biological_Process_GeneRIF_Predicted_zscore,ecdysone_biosynthetic_process_(GO:0006697),1/173,0.729651702116946,0.7798008127494221,0.7757548898564,0.8226430015403322,-4.606908225490382,1.452042093425118,MEP-1
GO_Biological_Process_GeneRIF_Predicted_zscore,cholesterol_transport_(GO:0030301),2/200,0.4436359549663501,0.7798008127494221,0.5137900612566643,0.8226430015403322,-1.7573001300476017,1.428247392510619,pcs;ogre
GO_Biological_Process_GeneRIF_Predicted_zscore,intestinal_stem_cell_homeostasis_(GO:0036335),1/200,0.7798008127494223,0.7798008127494221,0.8226430015403322,0.8226430015403322,-5.718202850280388,1.4222128869766375,MEP-1
GO_Biological_Process_GeneRIF_Predicted_zscore,RNA_methylation_(GO:0001510),2/200,0.4436359549663501,0.7798008127494221,0.5137900612566643,0.8226430015403322,-1.7265489832608685,1.4032543680045129,MEP-1;Caf1-55
GO_Biological_Process_GeneRIF_Predicted_zscore,ecdysone_metabolic_process_(GO:0008205),1/173,0.729651702116946,0.7798008127494221,0.7757548898564,0.8226430015403322,-4.38995650159527,1.3836615180114815,MEP-1
GO_Biological_Process_GeneRIF_Predicted_zscore,Malpighian_tubule_development_(GO:0072002),2/200,0.4436359549663501,0.7798008127494221,0.5137900612566643,0.8226430015403322,-1.7002093616630205,1.3818468148930112,M6;ogre
GO_Biological_Process_GeneRIF_Predicted_zscore,positive_regulation_of_cellular_protein_metabolic_process_(GO:0032270),2/186,0.4075815334413011,0.7798008127494221,0.4756568443919572,0.8226430015403322,-1.5055882362251551,1.351286948211478,MEP-1;Caf1-55
GO_Biological_Process_GeneRIF_Predicted_zscore,RNA_modification_(GO:0009451),2/200,0.4436359549663501,0.7798008127494221,0.5137900612566643,0.8226430015403322,-1.6511296003729818,1.3419571910951444,MEP-1;Caf1-55
GO_Biological_Process_GeneRIF_Predicted_zscore,inner_mitochondrial_membrane_organization_(GO:0007007),1/200,0.7798008127494223,0.7798008127494221,0.8226430015403322,0.8226430015403322,-5.364351198586957,1.334204050582929,sun
GO_Biological_Process_GeneRIF_Predicted_zscore,R8_cell_development_(GO:0045463),2/200,0.4436359549663501,0.7798008127494221,0.5137900612566643,0.8226430015403322,-1.6319235978198998,1.3263474938112498,M6;ogre
GO_Biological_Process_GeneRIF_Predicted_zscore,heart_process_(GO:0003015),1/95,0.5117255780158855,0.7798008127494221,0.5601362937935014,0.8226430015403322,-1.9024802911702932,1.2745985910155393,Rep
GO_Biological_Process_GeneRIF_Predicted_zscore,R7_cell_differentiation_(GO:0045466),2/200,0.4436359549663501,0.7798008127494221,0.5137900612566643,0.8226430015403322,-1.552561625084462,1.2618459731627438,M6;ogre
GO_Biological_Process_GeneRIF_Predicted_zscore,lipid_transport_(GO:0006869),1/108,0.5574685667137325,0.7798008127494221,0.6066968343674061,0.8226430015403322,-2.151752797154107,1.2573749391437483,Sara
GO_Biological_Process_GeneRIF_Predicted_zscore,anion_transport_(GO:0006820),1/200,0.7798008127494223,0.7798008127494221,0.8226430015403322,0.8226430015403322,-5.045477129244865,1.2548947251505915,Kcmf1
GO_Biological_Process_GeneRIF_Predicted_zscore,dsRNA_transport_(GO:0033227),1/182,0.7475156070591144,0.7798008127494221,0.7926047549868573,0.8226430015403322,-4.246376792394359,1.235696049680064,MEP-1
GO_Biological_Process_GeneRIF_Predicted_zscore,negative_regulation_of_cellular_protein_metabolic_process_(GO:0032269),1/200,0.7798008127494223,0.7798008127494221,0.8226430015403322,0.8226430015403322,-4.947355580869033,1.2304902515346603,MEP-1
GO_Biological_Process_GeneRIF_Predicted_zscore,negative_regulation_of_cellular_process_(GO:0048523),1/200,0.7798008127494223,0.7798008127494221,0.8226430015403322,0.8226430015403322,-4.917576417200811,1.2230836744262157,MEP-1
GO_Biological_Process_GeneRIF_Predicted_zscore,negative_regulation_of_cellular_catabolic_process_(GO:0031330),1/200,0.7798008127494223,0.7798008127494221,0.8226430015403322,0.8226430015403322,-4.849396341708652,1.206126146940944,MEP-1
GO_Biological_Process_GeneRIF_Predicted_zscore,olfactory_learning_(GO:0008355),3/200,0.1900326525530107,0.7798008127494221,0.2469660980878513,0.8226430015403322,-0.7216031994546007,1.1982649514223476,rg;Sxl;CG13375
GO_Biological_Process_GeneRIF_Predicted_zscore,negative_regulation_of_cell_proliferation_(GO:0008285),1/200,0.7798008127494223,0.7798008127494221,0.8226430015403322,0.8226430015403322,-4.787174377710075,1.19065050164315,MEP-1
GO_Biological_Process_GeneRIF_Predicted_zscore,neuromuscular_synaptic_transmission_(GO:0007274),2/200,0.4436359549663501,0.7798008127494221,0.5137900612566643,0.8226430015403322,-1.443503807061536,1.1732091253296293,rg;CG13375
GO_Biological_Process_GeneRIF_Predicted_zscore,hippo_signaling_(GO:0035329),1/200,0.7798008127494223,0.7798008127494221,0.8226430015403322,0.8226430015403322,-4.701148777749754,1.1692544931284354,MEP-1
GO_Biological_Process_GeneRIF_Predicted_zscore,negative_regulation_of_cell_growth_(GO:0030308),1/200,0.7798008127494223,0.7798008127494221,0.8226430015403322,0.8226430015403322,-4.668279780993826,1.1610794227449177,MEP-1
GO_Biological_Process_GeneRIF_Predicted_zscore,histone_acetylation_(GO:0016573),1/200,0.7798008127494223,0.7798008127494221,0.8226430015403322,0.8226430015403322,-4.654458414237514,1.157641817184021,MEP-1
GO_Biological_Process_GeneRIF_Predicted_zscore,negative_regulation_of_immune_response_(GO:0050777),1/136,0.6420380393399655,0.7798008127494221,0.6910890920948115,0.8226430015403322,-2.6048717565694424,1.1542387998955206,Cdc42
GO_Biological_Process_GeneRIF_Predicted_zscore,histone_H3_acetylation_(GO:0043966),1/200,0.7798008127494223,0.7798008127494221,0.8226430015403322,0.8226430015403322,-4.59101853485602,1.1418632559180142,MEP-1
GO_Biological_Process_GeneRIF_Predicted_zscore,histone_H4_acetylation_(GO:0043967),1/200,0.7798008127494223,0.7798008127494221,0.8226430015403322,0.8226430015403322,-4.586280201631179,1.1406847530296762,MEP-1
GO_Biological_Process_GeneRIF_Predicted_zscore,neuromuscular_process_(GO:0050905),2/200,0.4436359549663501,0.7798008127494221,0.5137900612566643,0.8226430015403322,-1.396867270035003,1.1353052344319108,rg;CG13375
GO_Biological_Process_GeneRIF_Predicted_zscore,histone_exchange_(GO:0043486),1/200,0.7798008127494223,0.7798008127494221,0.8226430015403322,0.8226430015403322,-4.553053451749437,1.1324207034477616,MEP-1
GO_Biological_Process_GeneRIF_Predicted_zscore,histone_methylation_(GO:0016571),1/200,0.7798008127494223,0.7798008127494221,0.8226430015403322,0.8226430015403322,-4.507745870382068,1.121151948598455,MEP-1
GO_Biological_Process_GeneRIF_Predicted_zscore,neurotransmitter_biosynthetic_process_(GO:0042136),3/200,0.1900326525530107,0.7798008127494221,0.2469660980878513,0.8226430015403322,-0.6675239488277332,1.1084631452852098,rg;Sxl;CG13375
GO_Biological_Process_GeneRIF_Predicted_zscore,R3/R4_cell_differentiation_(GO:0048056),2/200,0.4436359549663501,0.7798008127494221,0.5137900612566643,0.8226430015403322,-1.3437469419604744,1.0921316360439683,M6;ogre
GO_Biological_Process_GeneRIF_Predicted_zscore,oligosaccharide_biosynthetic_process_(GO:0009312),3/200,0.1900326525530107,0.7798008127494221,0.2469660980878513,0.8226430015403322,-0.6509663812281173,1.080968321328745,wtrw;Rh2;AcCoAS
GO_Biological_Process_GeneRIF_Predicted_zscore,phosphatidylinositol_phosphorylation_(GO:0046854),3/200,0.1900326525530107,0.7798008127494221,0.2469660980878513,0.8226430015403322,-0.6448824162914821,1.0708655363705264,MEP-1;Sara;CG1951
GO_Biological_Process_GeneRIF_Predicted_zscore,oligosaccharide_catabolic_process_(GO:0009313),3/200,0.1900326525530107,0.7798008127494221,0.2469660980878513,0.8226430015403322,-0.6392046210383143,1.061437220284393,wtrw;Rh2;AcCoAS
GO_Biological_Process_GeneRIF_Predicted_zscore,homeostasis_of_number_of_cells_(GO:0048872),1/152,0.6829369478535445,0.7798008127494221,0.7310029318572305,0.8226430015403322,-2.7748475383798343,1.0581957122292034,MEP-1
GO_Biological_Process_GeneRIF_Predicted_zscore,oligosaccharide_metabolic_process_(GO:0009311),3/200,0.1900326525530107,0.7798008127494221,0.2469660980878513,0.8226430015403322,-0.6311648458658675,1.0480866963208908,wtrw;Rh2;AcCoAS
GO_Biological_Process_GeneRIF_Predicted_zscore,RNA_3'-end_processing_(GO:0031123),2/200,0.4436359549663501,0.7798008127494221,0.5137900612566643,0.8226430015403322,-1.2871695166166777,1.046148278482814,MEP-1;Caf1-55
GO_Biological_Process_GeneRIF_Predicted_zscore,gonad_development_(GO:0008406),1/200,0.7798008127494223,0.7798008127494221,0.8226430015403322,0.8226430015403322,-4.201115067608614,1.0448877287610958,MEP-1
GO_Biological_Process_GeneRIF_Predicted_zscore,anterograde_axonal_transport_(GO:0008089),1/200,0.7798008127494223,0.7798008127494221,0.8226430015403322,0.8226430015403322,-4.182914069020312,1.0403608353601634,wtrw
GO_Biological_Process_GeneRIF_Predicted_zscore,microtubule_cytoskeleton_organization_involved_in_mitosis_(GO:1902850),1/200,0.7798008127494223,0.7798008127494221,0.8226430015403322,0.8226430015403322,-4.155394679074764,1.033516301850763,MEP-1
GO_Biological_Process_GeneRIF_Predicted_zscore,negative_regulation_of_cell_differentiation_(GO:0045596),1/200,0.7798008127494223,0.7798008127494221,0.8226430015403322,0.8226430015403322,-4.08984561285231,1.0172131504670572,MEP-1
GO_Biological_Process_GeneRIF_Predicted_zscore,phospholipid_metabolic_process_(GO:0006644),3/200,0.1900326525530107,0.7798008127494221,0.2469660980878513,0.8226430015403322,-0.5980062047815572,0.993024804303016,rg;Sxl;CG2991
GO_Biological_Process_GeneRIF_Predicted_zscore,phosphatidylinositol_biosynthetic_process_(GO:0006661),3/200,0.1900326525530107,0.7798008127494221,0.2469660980878513,0.8226430015403322,-0.5971698597550809,0.9916360037360556,Pex23;CG2991;Sara
GO_Biological_Process_GeneRIF_Predicted_zscore,amino_acid_transport_(GO:0006865),1/120,0.5959030841153686,0.7798008127494221,0.6453397203598655,0.8226430015403322,-1.8928416295911716,0.9798810223943532,MEP-1
GO_Biological_Process_GeneRIF_Predicted_zscore,phospholipid_catabolic_process_(GO:0009395),3/200,0.1900326525530107,0.7798008127494221,0.2469660980878513,0.8226430015403322,-0.5883671940467277,0.9770186547478868,rg;Sxl;CG2991
GO_Biological_Process_GeneRIF_Predicted_zscore,RNA_export_from_nucleus_(GO:0006405),2/200,0.4436359549663501,0.7798008127494221,0.5137900612566643,0.8226430015403322,-1.1985342823543057,0.9741099054950584,MEP-1;Caf1-55
GO_Biological_Process_GeneRIF_Predicted_zscore,phosphatidylinositol_metabolic_process_(GO:0046488),3/200,0.1900326525530107,0.7798008127494221,0.2469660980878513,0.8226430015403322,-0.5820799826887378,0.9665783670410726,Pex23;CG2991;Sara
GO_Biological_Process_GeneRIF_Predicted_zscore,N-acetylglucosamine_metabolic_process_(GO:0006044),1/108,0.5574685667137325,0.7798008127494221,0.6066968343674061,0.8226430015403322,-1.6495970752472806,0.9639406649518604,Rep
GO_Biological_Process_GeneRIF_Predicted_zscore,endocytosis_(GO:0006897),1/189,0.7605947575755696,0.7798008127494221,0.8048404497912051,0.8226430015403322,-3.4150406724046056,0.9345415072199976,MEP-1
GO_Biological_Process_GeneRIF_Predicted_zscore,L-phenylalanine_catabolic_process_(GO:0006559),1/115,0.5803091324530019,0.7798008127494221,0.629716527819559,0.8226430015403322,-1.6611194325767449,0.9039717773933912,MEP-1
GO_Biological_Process_GeneRIF_Predicted_zscore,L-phenylalanine_metabolic_process_(GO:0006558),1/115,0.5803091324530019,0.7798008127494221,0.629716527819559,0.8226430015403322,-1.655889872168358,0.9011258802684492,MEP-1
GO_Biological_Process_GeneRIF_Predicted_zscore,negative_regulation_of_apoptotic_process_(GO:0043066),1/200,0.7798008127494223,0.7798008127494221,0.8226430015403322,0.8226430015403322,-3.481990757110648,0.8660294600870059,MEP-1
GO_Biological_Process_GeneRIF_Predicted_zscore,phospholipid_biosynthetic_process_(GO:0008654),3/200,0.1900326525530107,0.7798008127494221,0.2469660980878513,0.8226430015403322,-0.518852061482043,0.8615846502857426,rg;Sxl;CG2991
GO_Biological_Process_GeneRIF_Predicted_zscore,peptide_transport_(GO:0015833),3/200,0.1900326525530107,0.7798008127494221,0.2469660980878513,0.8226430015403322,-0.5160868163206636,0.8569927965336035,MEP-1;Sara;CG1951
GO_Biological_Process_GeneRIF_Predicted_zscore,cellular_modified_amino_acid_catabolic_process_(GO:0042219),1/88,0.4851800448963466,0.7798008127494221,0.5328530643115249,0.8226430015403322,-1.1312893729455509,0.8181883302254956,MEP-1
GO_Biological_Process_GeneRIF_Predicted_zscore,glycoside_catabolic_process_(GO:0016139),1/200,0.7798008127494223,0.7798008127494221,0.8226430015403322,0.8226430015403322,-3.255943263150666,0.8098076597423581,MEP-1
GO_Biological_Process_GeneRIF_Predicted_zscore,mitotic_recombination_(GO:0006312),1/200,0.7798008127494223,0.7798008127494221,0.8226430015403322,0.8226430015403322,-3.176610606886299,0.7900762984997716,Caf1-55
GO_Biological_Process_GeneRIF_Predicted_zscore,germarium-derived_oocyte_differentiation_(GO:0030706),1/200,0.7798008127494223,0.7798008127494221,0.8226430015403322,0.8226430015403322,-3.104677113013442,0.7721852329552507,MEP-1
GO_Biological_Process_GeneRIF_Predicted_zscore,germline_stem_cell_asymmetric_division_(GO:0098728),1/200,0.7798008127494223,0.7798008127494221,0.8226430015403322,0.8226430015403322,-3.089785672017368,0.7684814819962881,MEP-1
GO_Biological_Process_GeneRIF_Predicted_zscore,germ-line_stem-cell_niche_homeostasis_(GO:0060250),1/200,0.7798008127494223,0.7798008127494221,0.8226430015403322,0.8226430015403322,-3.0881598652226425,0.7680771165976246,MEP-1
GO_Biological_Process_GeneRIF_Predicted_zscore,negative_regulation_of_ERBB_signaling_pathway_(GO:1901185),1/200,0.7798008127494223,0.7798008127494221,0.8226430015403322,0.8226430015403322,-3.078191373570036,0.7655977856499018,MEP-1
GO_Biological_Process_GeneRIF_Predicted_zscore,mitotic_G2_DNA_damage_checkpoint_(GO:0007095),1/200,0.7798008127494223,0.7798008127494221,0.8226430015403322,0.8226430015403322,-3.0493861030798457,0.7584334320974588,Caf1-55
GO_Biological_Process_GeneRIF_Predicted_zscore,membrane_protein_proteolysis_(GO:0033619),1/193,0.7677640370247919,0.7798008127494221,0.8115093942635881,0.8226430015403322,-2.79523927511264,0.7387058119322005,MEP-1
GO_Biological_Process_GeneRIF_Predicted_zscore,cellular_modified_amino_acid_biosynthetic_process_(GO:0042398),1/88,0.4851800448963466,0.7798008127494221,0.5328530643115249,0.8226430015403322,-1.0139191730331292,0.7333020666565735,MEP-1
GO_Biological_Process_GeneRIF_Predicted_zscore,nucleoside_transport_(GO:0015858),2/126,0.2438660190329853,0.7798008127494221,0.2957039261451681,0.8226430015403322,-0.5190386518232187,0.7324342862330656,CG17068;Caf1-55
GO_Biological_Process_GeneRIF_Predicted_zscore,mitotic_spindle_checkpoint_(GO:0071174),1/200,0.7798008127494223,0.7798008127494221,0.8226430015403322,0.8226430015403322,-2.9282696277623543,0.7283097347520109,Caf1-55
GO_Biological_Process_GeneRIF_Predicted_zscore,activation_of_protein_kinase_activity_(GO:0032147),1/200,0.7798008127494223,0.7798008127494221,0.8226430015403322,0.8226430015403322,-2.9218448882740384,0.7267117943614733,MEP-1
GO_Biological_Process_GeneRIF_Predicted_zscore,mitotic_DNA_damage_checkpoint_(GO:0044773),1/200,0.7798008127494223,0.7798008127494221,0.8226430015403322,0.8226430015403322,-2.906690762932206,0.7229427094030835,Caf1-55
GO_Biological_Process_GeneRIF_Predicted_zscore,mitotic_spindle_elongation_(GO:0000022),1/200,0.7798008127494223,0.7798008127494221,0.8226430015403322,0.8226430015403322,-2.891722951325902,0.7192199637933716,MEP-1
GO_Biological_Process_GeneRIF_Predicted_zscore,negative_regulation_of_behavior_(GO:0048521),1/200,0.7798008127494223,0.7798008127494221,0.8226430015403322,0.8226430015403322,-2.881100490226857,0.7165779796836735,Sxl
GO_Biological_Process_GeneRIF_Predicted_zscore,peripheral_nervous_system_development_(GO:0007422),3/200,0.1900326525530107,0.7798008127494221,0.2469660980878513,0.8226430015403322,-0.4284250500196151,0.711425229458353,Sxl;M6;ogre
GO_Biological_Process_GeneRIF_Predicted_zscore,male_gonad_development_(GO:0008584),1/195,0.7712682892089562,0.7798008127494221,0.8147589918425308,0.8226430015403322,-2.685379686083819,0.6974441006971,MEP-1
GO_Biological_Process_GeneRIF_Predicted_zscore,negative_regulation_of_cell_development_(GO:0010721),1/200,0.7798008127494223,0.7798008127494221,0.8226430015403322,0.8226430015403322,-2.757829863953541,0.6859185088915531,MEP-1
GO_Biological_Process_GeneRIF_Predicted_zscore,muscle_tissue_development_(GO:0060537),1/127,0.6167722197596978,0.7798008127494221,0.6661244077134568,0.8226430015403322,-1.417362632408275,0.6849482834208974,MEP-1
GO_Biological_Process_GeneRIF_Predicted_zscore,activation_of_JUN_kinase_activity_(GO:0007257),1/182,0.7475156070591144,0.7798008127494221,0.7926047549868573,0.8226430015403322,-2.2891007069743283,0.6661285230256424,MEP-1
GO_Biological_Process_GeneRIF_Predicted_zscore,regulation_of_protein_export_from_nucleus_(GO:0046825),2/200,0.4436359549663501,0.7798008127494221,0.5137900612566643,0.8226430015403322,-0.8185665327758047,0.6652907468924117,MEP-1;Caf1-55
GO_Biological_Process_GeneRIF_Predicted_zscore,mitochondrion_morphogenesis_(GO:0070584),1/200,0.7798008127494223,0.7798008127494221,0.8226430015403322,0.8226430015403322,-2.6188196168800038,0.6513443306075322,CG1951
GO_Biological_Process_GeneRIF_Predicted_zscore,fluid_transport_(GO:0042044),1/200,0.7798008127494223,0.7798008127494221,0.8226430015403322,0.8226430015403322,-2.6038185635915654,0.6476133172343368,Sara
GO_Biological_Process_GeneRIF_Predicted_zscore,negative_regulation_of_Notch_signaling_pathway_(GO:0045746),1/200,0.7798008127494223,0.7798008127494221,0.8226430015403322,0.8226430015403322,-2.569859414518798,0.6391671076984715,MEP-1
GO_Biological_Process_GeneRIF_Predicted_zscore,actin_cytoskeleton_reorganization_(GO:0031532),1/200,0.7798008127494223,0.7798008127494221,0.8226430015403322,0.8226430015403322,-2.5598014107930136,0.636665513597911,MEP-1
GO_Biological_Process_GeneRIF_Predicted_zscore,morphogenesis_of_an_epithelial_fold_(GO:0060571),1/200,0.7798008127494223,0.7798008127494221,0.8226430015403322,0.8226430015403322,-2.52519949175948,0.6280594363998625,MEP-1
GO_Biological_Process_GeneRIF_Predicted_zscore,female_gamete_generation_(GO:0007292),1/145,0.6656484824219291,0.7798008127494221,0.7142092592164899,0.8226430015403322,-1.5378412392313003,0.625891468290979,Rbm13
GO_Biological_Process_GeneRIF_Predicted_zscore,regulation_of_nucleocytoplasmic_transport_(GO:0046822),2/200,0.4436359549663501,0.7798008127494221,0.5137900612566643,0.8226430015403322,-0.7438387289544518,0.6045556515430469,MEP-1;Caf1-55
GO_Biological_Process_GeneRIF_Predicted_zscore,mitochondrial_protein_processing_(GO:0034982),1/200,0.7798008127494223,0.7798008127494221,0.8226430015403322,0.8226430015403322,-2.416743095630033,0.6010845129336937,CG10347
GO_Biological_Process_GeneRIF_Predicted_zscore,actin_filament_organization_(GO:0007015),1/200,0.7798008127494223,0.7798008127494221,0.8226430015403322,0.8226430015403322,-2.3793471054549,0.5917835034135926,MEP-1
GO_Biological_Process_GeneRIF_Predicted_zscore,regulation_of_organelle_organization_(GO:0033043),2/200,0.4436359549663501,0.7798008127494221,0.5137900612566643,0.8226430015403322,-0.7280560782773182,0.5917282868310717,MEP-1;Caf1-55
GO_Biological_Process_GeneRIF_Predicted_zscore,mitochondrial_translation_(GO:0032543),1/200,0.7798008127494223,0.7798008127494221,0.8226430015403322,0.8226430015403322,-2.3764206007130064,0.5910556326355361,Rep
GO_Biological_Process_GeneRIF_Predicted_zscore,negative_regulation_of_DNA_replication_(GO:0008156),1/200,0.7798008127494223,0.7798008127494221,0.8226430015403322,0.8226430015403322,-2.2686281748548955,0.56424584970411,MEP-1
GO_Biological_Process_GeneRIF_Predicted_zscore,mitochondrial_fusion_(GO:0008053),1/200,0.7798008127494223,0.7798008127494221,0.8226430015403322,0.8226430015403322,-2.265616506294748,0.5634967972570927,CG5412
GO_Biological_Process_GeneRIF_Predicted_zscore,macromolecule_catabolic_process_(GO:0009057),1/200,0.7798008127494223,0.7798008127494221,0.8226430015403322,0.8226430015403322,-2.199038234104785,0.5469376650995896,Papss
GO_Biological_Process_GeneRIF_Predicted_zscore,macromolecule_biosynthetic_process_(GO:0009059),1/200,0.7798008127494223,0.7798008127494221,0.8226430015403322,0.8226430015403322,-2.1796511267200773,0.5421157665615937,Papss
GO_Biological_Process_GeneRIF_Predicted_zscore,actin_filament_depolymerization_(GO:0030042),1/200,0.7798008127494223,0.7798008127494221,0.8226430015403322,0.8226430015403322,-2.1676671307312967,0.539135145905248,CG1951
GO_Biological_Process_GeneRIF_Predicted_zscore,microtubule_nucleation_by_microtubule_organizing_center_(GO:0051418),1/200,0.7798008127494223,0.7798008127494221,0.8226430015403322,0.8226430015403322,-2.1195326902990743,0.5271633038278444,Caf1-55
GO_Biological_Process_GeneRIF_Predicted_zscore,negative_regulation_of_DNA_metabolic_process_(GO:0051053),1/200,0.7798008127494223,0.7798008127494221,0.8226430015403322,0.8226430015403322,-2.102291032107795,0.5228750144623698,MEP-1
GO_Biological_Process_GeneRIF_Predicted_zscore,negative_regulation_of_Toll_signaling_pathway_(GO:0045751),1/200,0.7798008127494223,0.7798008127494221,0.8226430015403322,0.8226430015403322,-2.089651896342005,0.519731449563221,Sara
GO_Biological_Process_GeneRIF_Predicted_zscore,microtubule_polymerization_or_depolymerization_(GO:0031109),1/200,0.7798008127494223,0.7798008127494221,0.8226430015403322,0.8226430015403322,-2.076077247784152,0.5163552069533229,MEP-1
GO_Biological_Process_GeneRIF_Predicted_zscore,female_meiosis_I_(GO:0007144),1/200,0.7798008127494223,0.7798008127494221,0.8226430015403322,0.8226430015403322,-2.0680722517696077,0.5143642302793276,Caf1-55
GO_Biological_Process_GeneRIF_Predicted_zscore,microtubule_polymerization_(GO:0046785),1/200,0.7798008127494223,0.7798008127494221,0.8226430015403322,0.8226430015403322,-2.067892384148578,0.5143194941873638,MEP-1
GO_Biological_Process_GeneRIF_Predicted_zscore,female_somatic_sex_determination_(GO:0019101),1/200,0.7798008127494223,0.7798008127494221,0.8226430015403322,0.8226430015403322,-2.062579046392769,0.5129979780349944,MEP-1
GO_Biological_Process_GeneRIF_Predicted_zscore,misfolded_or_incompletely_synthesized_protein_catabolic_process_(GO:0006515),1/200,0.7798008127494223,0.7798008127494221,0.8226430015403322,0.8226430015403322,-2.051948046294744,0.5103538701331349,Sara
GO_Biological_Process_GeneRIF_Predicted_zscore,instar_larval_development_(GO:0002168),1/200,0.7798008127494223,0.7798008127494221,0.8226430015403322,0.8226430015403322,-2.034437434599737,0.505998687523574,MEP-1
GO_Biological_Process_GeneRIF_Predicted_zscore,imaginal_disc_morphogenesis_(GO:0007560),1/200,0.7798008127494223,0.7798008127494221,0.8226430015403322,0.8226430015403322,-2.024984179736385,0.5036475046008005,MEP-1
GO_Biological_Process_GeneRIF_Predicted_zscore,aromatic_amino_acid_family_catabolic_process_(GO:0009074),1/185,0.7532056783458042,0.7798008127494221,0.7979386831918291,0.8226430015403322,-1.758298434500844,0.4983315676557178,MEP-1
GO_Biological_Process_GeneRIF_Predicted_zscore,intracellular_distribution_of_mitochondria_(GO:0048312),1/200,0.7798008127494223,0.7798008127494221,0.8226430015403322,0.8226430015403322,-1.9821384616570408,0.4929910564124989,hoe1
GO_Biological_Process_GeneRIF_Predicted_zscore,adherens_junction_organization_(GO:0034332),1/200,0.7798008127494223,0.7798008127494221,0.8226430015403322,0.8226430015403322,-1.9539432418310456,0.4859784326848005,MEP-1
GO_Biological_Process_GeneRIF_Predicted_zscore,mRNA_export_from_nucleus_(GO:0006406),1/200,0.7798008127494223,0.7798008127494221,0.8226430015403322,0.8226430015403322,-1.934999431666348,0.4812667895951624,Caf1-55
GO_Biological_Process_GeneRIF_Predicted_zscore,maintenance_of_synapse_structure_(GO:0099558),1/200,0.7798008127494223,0.7798008127494221,0.8226430015403322,0.8226430015403322,-1.9277524781856756,0.4794643508042708,rg
GO_Biological_Process_GeneRIF_Predicted_zscore,regulation_of_neuron_remodeling_(GO:1904799),2/200,0.4436359549663501,0.7798008127494221,0.5137900612566643,0.8226430015403322,-0.5883744220902283,0.4782018846988577,rg;CG13375
GO_Biological_Process_GeneRIF_Predicted_zscore,regulation_of_neuronal_synaptic_plasticity_(GO:0048168),2/200,0.4436359549663501,0.7798008127494221,0.5137900612566643,0.8226430015403322,-0.572143570081895,0.4650102439183498,rg;CG13375
GO_Biological_Process_GeneRIF_Predicted_zscore,mRNA_metabolic_process_(GO:0016071),1/200,0.7798008127494223,0.7798008127494221,0.8226430015403322,0.8226430015403322,-1.840208473238245,0.4576906895205204,MEP-1
GO_Biological_Process_GeneRIF_Predicted_zscore,regulation_of_phosphoprotein_phosphatase_activity_(GO:0043666),2/200,0.4436359549663501,0.7798008127494221,0.5137900612566643,0.8226430015403322,-0.5613655858391916,0.4562504267260842,MEP-1;CG1951
GO_Biological_Process_GeneRIF_Predicted_zscore,glutamate_receptor_signaling_pathway_(GO:0007215),1/200,0.7798008127494223,0.7798008127494221,0.8226430015403322,0.8226430015403322,-1.820060920905117,0.4526796555786576,CG13375
GO_Biological_Process_GeneRIF_Predicted_zscore,histone_deubiquitination_(GO:0016578),1/200,0.7798008127494223,0.7798008127494221,0.8226430015403322,0.8226430015403322,-1.7900821637177684,0.4452234362167823,Caf1-55
GO_Biological_Process_GeneRIF_Predicted_zscore,female_gonad_development_(GO:0008585),1/200,0.7798008127494223,0.7798008127494221,0.8226430015403322,0.8226430015403322,-1.7707674154035655,0.4404195345923721,MEP-1
GO_Biological_Process_GeneRIF_Predicted_zscore,regulation_of_protein_localization_to_nucleus_(GO:1900180),2/200,0.4436359549663501,0.7798008127494221,0.5137900612566643,0.8226430015403322,-0.5392786738915053,0.4382992675253845,MEP-1;Caf1-55
GO_Biological_Process_GeneRIF_Predicted_zscore,muscle_contraction_(GO:0006936),1/200,0.7798008127494223,0.7798008127494221,0.8226430015403322,0.8226430015403322,-1.7583044263796013,0.4373197803401665,Cyt-c-p
GO_Biological_Process_GeneRIF_Predicted_zscore,homologous_chromosome_segregation_(GO:0045143),1/200,0.7798008127494223,0.7798008127494221,0.8226430015403322,0.8226430015403322,-1.7345350937117952,0.4314079489273772,MEP-1
GO_Biological_Process_GeneRIF_Predicted_zscore,cell_junction_maintenance_(GO:0034331),1/186,0.7550739169635085,0.7798008127494221,0.7996863858713837,0.8226430015403322,-1.5151369881429757,0.4256620267609092,MEP-1
GO_Biological_Process_GeneRIF_Predicted_zscore,myofibril_assembly_(GO:0030239),1/200,0.7798008127494223,0.7798008127494221,0.8226430015403322,0.8226430015403322,-1.6745910023468673,0.4164988487311286,Cyt-c-p
GO_Biological_Process_GeneRIF_Predicted_zscore,microtubule_anchoring_(GO:0034453),1/200,0.7798008127494223,0.7798008127494221,0.8226430015403322,0.8226430015403322,-1.672742323727925,0.4160390513744103,MEP-1
GO_Biological_Process_GeneRIF_Predicted_zscore,BMP_signaling_pathway_(GO:0030509),1/200,0.7798008127494223,0.7798008127494221,0.8226430015403322,0.8226430015403322,-1.6501710951678277,0.4104252085336492,MEP-1
GO_Biological_Process_GeneRIF_Predicted_zscore,germarium-derived_female_germ-line_cyst_formation_(GO:0030727),1/200,0.7798008127494223,0.7798008127494221,0.8226430015403322,0.8226430015403322,-1.627478859844204,0.4047812692827041,MEP-1
GO_Biological_Process_GeneRIF_Predicted_zscore,heart_development_(GO:0007507),1/200,0.7798008127494223,0.7798008127494221,0.8226430015403322,0.8226430015403322,-1.6206740398669937,0.4030887965043608,MEP-1
GO_Biological_Process_GeneRIF_Predicted_zscore,aspartate_family_amino_acid_catabolic_process_(GO:0009068),1/200,0.7798008127494223,0.7798008127494221,0.8226430015403322,0.8226430015403322,-1.614368607185968,0.4015205297163998,MEP-1
GO_Biological_Process_GeneRIF_Predicted_zscore,histone_arginine_methylation_(GO:0034969),1/200,0.7798008127494223,0.7798008127494221,0.8226430015403322,0.8226430015403322,-1.603193863229041,0.3987411836035863,MEP-1
GO_Biological_Process_GeneRIF_Predicted_zscore,aspartate_family_amino_acid_biosynthetic_process_(GO:0009067),1/200,0.7798008127494223,0.7798008127494221,0.8226430015403322,0.8226430015403322,-1.595159974964582,0.3967430209427979,MEP-1
GO_Biological_Process_GeneRIF_Predicted_zscore,histone_H3-K4_methylation_(GO:0051568),1/200,0.7798008127494223,0.7798008127494221,0.8226430015403322,0.8226430015403322,-1.5824469596887027,0.3935810809712561,MEP-1
GO_Biological_Process_GeneRIF_Predicted_zscore,female_germ-line_sex_determination_(GO:0019099),1/200,0.7798008127494223,0.7798008127494221,0.8226430015403322,0.8226430015403322,-1.574756331059441,0.3916682927348347,pcs
GO_Biological_Process_GeneRIF_Predicted_zscore,histone_H3-K9_methylation_(GO:0051567),1/200,0.7798008127494223,0.7798008127494221,0.8226430015403322,0.8226430015403322,-1.55270899189606,0.3861847499675179,MEP-1
GO_Biological_Process_GeneRIF_Predicted_zscore,flight_behavior_(GO:0007629),1/200,0.7798008127494223,0.7798008127494221,0.8226430015403322,0.8226430015403322,-1.529089758640278,0.3803102507941923,CG7582
GO_Biological_Process_GeneRIF_Predicted_zscore,negative_regulation_of_ATPase_activity_(GO:0032780),1/200,0.7798008127494223,0.7798008127494221,0.8226430015403322,0.8226430015403322,-1.5275299713008952,0.3799223055405705,MEP-1
GO_Biological_Process_GeneRIF_Predicted_zscore,gastrulation_(GO:0007369),1/200,0.7798008127494223,0.7798008127494221,0.8226430015403322,0.8226430015403322,-1.5187464686502268,0.3777377012182594,MEP-1
GO_Biological_Process_GeneRIF_Predicted_zscore,mesoderm_development_(GO:0007498),1/200,0.7798008127494223,0.7798008127494221,0.8226430015403322,0.8226430015403322,-1.5010892304695374,0.3733460501442229,MEP-1
GO_Biological_Process_GeneRIF_Predicted_zscore,intracellular_steroid_hormone_receptor_signaling_pathway_(GO:0030518),1/200,0.7798008127494223,0.7798008127494221,0.8226430015403322,0.8226430015403322,-1.4474609154365985,0.3600077893752911,Sxl
GO_Biological_Process_GeneRIF_Predicted_zscore,regulation_of_synaptic_vesicle_endocytosis_(GO:1900242),2/200,0.4436359549663501,0.7798008127494221,0.5137900612566643,0.8226430015403322,-0.4310132289659213,0.3503064216989982,Patsas;CG13375
GO_Biological_Process_GeneRIF_Predicted_zscore,ERBB_signaling_pathway_(GO:0038127),1/200,0.7798008127494223,0.7798008127494221,0.8226430015403322,0.8226430015403322,-1.397917943143382,0.3476856218168101,MEP-1
GO_Biological_Process_GeneRIF_Predicted_zscore,brain_morphogenesis_(GO:0048854),1/200,0.7798008127494223,0.7798008127494221,0.8226430015403322,0.8226430015403322,-1.397077460909527,0.3474765797986163,Sxl
GO_Biological_Process_GeneRIF_Predicted_zscore,regulation_of_endopeptidase_activity_(GO:0052548),2/200,0.4436359549663501,0.7798008127494221,0.5137900612566643,0.8226430015403322,-0.4268808284420973,0.3469478091478222,MEP-1;Caf1-55
GO_Biological_Process_GeneRIF_Predicted_zscore,regulation_of_protein_serine/threonine_kinase_activity_(GO:0071900),2/200,0.4436359549663501,0.7798008127494221,0.5137900612566643,0.8226430015403322,-0.4202914469829609,0.3415922829480862,MEP-1;Cdc42
GO_Biological_Process_GeneRIF_Predicted_zscore,cell_morphogenesis_(GO:0000902),1/200,0.7798008127494223,0.7798008127494221,0.8226430015403322,0.8226430015403322,-1.36623622872651,0.3398058484500818,MEP-1
GO_Biological_Process_GeneRIF_Predicted_zscore,catecholamine_biosynthetic_process_(GO:0042423),1/200,0.7798008127494223,0.7798008127494221,0.8226430015403322,0.8226430015403322,-1.284844053911725,0.3195622504261036,rg
GO_Biological_Process_GeneRIF_Predicted_zscore,catecholamine_metabolic_process_(GO:0006584),1/200,0.7798008127494223,0.7798008127494221,0.8226430015403322,0.8226430015403322,-1.2724978331279742,0.316491538392296,rg
GO_Biological_Process_GeneRIF_Predicted_zscore,base-excision_repair_(GO:0006284),1/200,0.7798008127494223,0.7798008127494221,0.8226430015403322,0.8226430015403322,-1.2334791089309909,0.3067869277236458,Caf1-55
GO_Biological_Process_GeneRIF_Predicted_zscore,axon_development_(GO:0061564),1/200,0.7798008127494223,0.7798008127494221,0.8226430015403322,0.8226430015403322,-1.2183657746708445,0.3030279881909373,Sxl
GO_Biological_Process_GeneRIF_Predicted_zscore,cell_cycle_G1/S_phase_transition_(GO:0044843),1/200,0.7798008127494223,0.7798008127494221,0.8226430015403322,0.8226430015403322,-1.2127133364370577,0.3016221320663094,MEP-1
GO_Biological_Process_GeneRIF_Predicted_zscore,female_genitalia_development_(GO:0030540),1/200,0.7798008127494223,0.7798008127494221,0.8226430015403322,0.8226430015403322,-1.1801916833393504,0.2935334518721336,MEP-1
GO_Biological_Process_GeneRIF_Predicted_zscore,negative_regulation_of_cell_morphogenesis_involved_in_differentiation_(GO:0010771),1/200,0.7798008127494223,0.7798008127494221,0.8226430015403322,0.8226430015403322,-1.177234135982544,0.2927978602754683,MEP-1
GO_Biological_Process_GeneRIF_Predicted_zscore,mesoderm_morphogenesis_(GO:0048332),1/200,0.7798008127494223,0.7798008127494221,0.8226430015403322,0.8226430015403322,-1.1665012098363583,0.2901284016571324,ogre
GO_Biological_Process_GeneRIF_Predicted_zscore,anterior_head_development_(GO:0097065),1/200,0.7798008127494223,0.7798008127494221,0.8226430015403322,0.8226430015403322,-1.1660134925326449,0.2900070981894688,ogre
GO_Biological_Process_GeneRIF_Predicted_zscore,negative_regulation_of_hippo_signaling_(GO:0035331),1/200,0.7798008127494223,0.7798008127494221,0.8226430015403322,0.8226430015403322,-1.1651702691083905,0.2897973743912799,MEP-1
GO_Biological_Process_GeneRIF_Predicted_zscore,mesodermal_cell_differentiation_(GO:0048333),1/200,0.7798008127494223,0.7798008127494221,0.8226430015403322,0.8226430015403322,-1.1601340751594575,0.2885447885486607,ogre
GO_Biological_Process_GeneRIF_Predicted_zscore,mesenchyme_development_(GO:0060485),1/200,0.7798008127494223,0.7798008127494221,0.8226430015403322,0.8226430015403322,-1.1539360652369162,0.2870032396011596,MEP-1
GO_Biological_Process_GeneRIF_Predicted_zscore,microtubule_depolymerization_(GO:0007019),1/200,0.7798008127494223,0.7798008127494221,0.8226430015403322,0.8226430015403322,-1.147181583664654,0.2853232868278076,MEP-1
GO_Biological_Process_GeneRIF_Predicted_zscore,C-terminal_protein_amino_acid_modification_(GO:0018410),1/200,0.7798008127494223,0.7798008127494221,0.8226430015403322,0.8226430015403322,-1.133038352148774,0.2818056281066953,MEP-1
GO_Biological_Process_GeneRIF_Predicted_zscore,adherens_junction_assembly_(GO:0034333),1/200,0.7798008127494223,0.7798008127494221,0.8226430015403322,0.8226430015403322,-1.1328750553084908,0.2817650134456323,MEP-1
GO_Biological_Process_GeneRIF_Predicted_zscore,protein_targeting_to_vacuole_(GO:0006623),3/168,0.1324345512278843,0.7798008127494221,0.1766103885442262,0.8226430015403322,-0.1378221718260975,0.2786304964861067,flw;Patsas;Sara
GO_Biological_Process_GeneRIF_Predicted_zscore,midgut_development_(GO:0007494),1/200,0.7798008127494223,0.7798008127494221,0.8226430015403322,0.8226430015403322,-1.110607849303685,0.2762267861098453,MEP-1
GO_Biological_Process_GeneRIF_Predicted_zscore,negative_regulation_of_gene_silencing_by_RNA_(GO:0060967),1/200,0.7798008127494223,0.7798008127494221,0.8226430015403322,0.8226430015403322,-1.1095744287148666,0.2759697570890905,MEP-1
GO_Biological_Process_GeneRIF_Predicted_zscore,mitotic_centrosome_separation_(GO:0007100),1/200,0.7798008127494223,0.7798008127494221,0.8226430015403322,0.8226430015403322,-1.0670707374316903,0.2653983766974268,MEP-1
GO_Biological_Process_GeneRIF_Predicted_zscore,protein_prenylation_(GO:0018342),3/173,0.1409885784856248,0.7798008127494221,0.1872165980696463,0.8226430015403322,-0.132168208694822,0.2589276178939042,flw;Patsas;CG13375
GO_Biological_Process_GeneRIF_Predicted_zscore,regulation_of_synaptic_vesicle_exocytosis_(GO:2000300),2/200,0.4436359549663501,0.7798008127494221,0.5137900612566643,0.8226430015403322,-0.3124634433842826,0.2539549679862611,CG7582;CG13375
GO_Biological_Process_GeneRIF_Predicted_zscore,mismatch_repair_(GO:0006298),1/200,0.7798008127494223,0.7798008127494221,0.8226430015403322,0.8226430015403322,-1.0209845827108122,0.2539359776060727,MEP-1
GO_Biological_Process_GeneRIF_Predicted_zscore,negative_regulation_of_neuron_death_(GO:1901215),1/200,0.7798008127494223,0.7798008127494221,0.8226430015403322,0.8226430015403322,-1.019363891512749,0.2535328845420374,Sxl
GO_Biological_Process_GeneRIF_Predicted_zscore,regulation_of_exit_from_mitosis_(GO:0007096),2/200,0.4436359549663501,0.7798008127494221,0.5137900612566643,0.8226430015403322,-0.3082198795294562,0.2505060073295268,MEP-1;Caf1-55
GO_Biological_Process_GeneRIF_Predicted_zscore,regulation_of_photoreceptor_cell_axon_guidance_(GO:2000289),2/200,0.4436359549663501,0.7798008127494221,0.5137900612566643,0.8226430015403322,-0.2967923241145969,0.2412182505343336,Sxl;M6
GO_Biological_Process_GeneRIF_Predicted_zscore,mitochondrion_distribution_(GO:0048311),1/200,0.7798008127494223,0.7798008127494221,0.8226430015403322,0.8226430015403322,-0.9607281923317416,0.2389492034108188,hoe1
GO_Biological_Process_GeneRIF_Predicted_zscore,cellular_response_to_heat_(GO:0034605),1/142,0.6579554645700529,0.7798008127494221,0.7066989652899924,0.8226430015403322,-0.5680241780962366,0.2377851641149874,MEP-1
GO_Biological_Process_GeneRIF_Predicted_zscore,protein_palmitoylation_(GO:0018345),2/106,0.1889274305903443,0.7798008127494221,0.2327613781107923,0.8226430015403322,-0.1417638253481417,0.2362341473737036,Nf-YB;Rep
GO_Biological_Process_GeneRIF_Predicted_zscore,DNA_recombination_(GO:0006310),1/200,0.7798008127494223,0.7798008127494221,0.8226430015403322,0.8226430015403322,-0.9493784645524582,0.2361263358886248,MEP-1
GO_Biological_Process_GeneRIF_Predicted_zscore,negative_regulation_of_stem_cell_differentiation_(GO:2000737),1/200,0.7798008127494223,0.7798008127494221,0.8226430015403322,0.8226430015403322,-0.9492654313634132,0.2360982226400527,MEP-1
GO_Biological_Process_GeneRIF_Predicted_zscore,regulation_of_protein_transport_(GO:0051223),2/200,0.4436359549663501,0.7798008127494221,0.5137900612566643,0.8226430015403322,-0.2811273830887251,0.2284865544560843,MEP-1;CG1951
GO_Biological_Process_GeneRIF_Predicted_zscore,branching_morphogenesis_of_an_epithelial_tube_(GO:0048754),1/200,0.7798008127494223,0.7798008127494221,0.8226430015403322,0.8226430015403322,-0.9013180217342244,0.2241728982580336,ogre
GO_Biological_Process_GeneRIF_Predicted_zscore,negative_regulation_of_nucleocytoplasmic_transport_(GO:0046823),1/200,0.7798008127494223,0.7798008127494221,0.8226430015403322,0.8226430015403322,-0.8905319594377155,0.2214902237885408,cdm
GO_Biological_Process_GeneRIF_Predicted_zscore,negative_regulation_of_organ_growth_(GO:0046621),1/200,0.7798008127494223,0.7798008127494221,0.8226430015403322,0.8226430015403322,-0.8677111082668735,0.2158142956207676,MEP-1
GO_Biological_Process_GeneRIF_Predicted_zscore,cardioblast_differentiation_(GO:0010002),1/200,0.7798008127494223,0.7798008127494221,0.8226430015403322,0.8226430015403322,-0.8544481001212846,0.2125155632045492,CG2124
GO_Biological_Process_GeneRIF_Predicted_zscore,negative_regulation_of_synaptic_transmission_(GO:0050805),1/200,0.7798008127494223,0.7798008127494221,0.8226430015403322,0.8226430015403322,-0.844650662974093,0.2100787763792276,rg
GO_Biological_Process_GeneRIF_Predicted_zscore,negative_regulation_of_receptor_activity_(GO:2000272),1/200,0.7798008127494223,0.7798008127494221,0.8226430015403322,0.8226430015403322,-0.8383676645458912,0.2085160893659461,MEP-1
GO_Biological_Process_GeneRIF_Predicted_zscore,ATP-dependent_chromatin_remodeling_(GO:0043044),1/200,0.7798008127494223,0.7798008127494221,0.8226430015403322,0.8226430015403322,-0.8099665726851543,0.2014522618127548,MEP-1
GO_Biological_Process_GeneRIF_Predicted_zscore,negative_regulation_of_protein_tyrosine_kinase_activity_(GO:0061099),1/200,0.7798008127494223,0.7798008127494221,0.8226430015403322,0.8226430015403322,-0.7944418207102301,0.1975909957989459,MEP-1
GO_Biological_Process_GeneRIF_Predicted_zscore,regulation_of_multicellular_organism_growth_(GO:0040014),2/200,0.4436359549663501,0.7798008127494221,0.5137900612566643,0.8226430015403322,-0.2398001419082807,0.1948977989291453,MEP-1;Caf1-55
GO_Biological_Process_GeneRIF_Predicted_zscore,negative_regulation_of_protein_kinase_B_signaling_(GO:0051898),1/200,0.7798008127494223,0.7798008127494221,0.8226430015403322,0.8226430015403322,-0.7831280561145645,0.1947770729232671,MEP-1
GO_Biological_Process_GeneRIF_Predicted_zscore,negative_regulation_of_neurogenesis_(GO:0050768),1/200,0.7798008127494223,0.7798008127494221,0.8226430015403322,0.8226430015403322,-0.7742330742233127,0.1925647418454107,MEP-1
GO_Biological_Process_GeneRIF_Predicted_zscore,cell_cycle_G2/M_phase_transition_(GO:0044839),1/200,0.7798008127494223,0.7798008127494221,0.8226430015403322,0.8226430015403322,-0.758812516286054,0.18872939063508,MEP-1
GO_Biological_Process_GeneRIF_Predicted_zscore,cell-matrix_adhesion_(GO:0007160),1/200,0.7798008127494223,0.7798008127494221,0.8226430015403322,0.8226430015403322,-0.7539305350718267,0.1875151600842154,M6
GO_Biological_Process_GeneRIF_Predicted_zscore,regulation_of_proteolysis_(GO:0030162),2/200,0.4436359549663501,0.7798008127494221,0.5137900612566643,0.8226430015403322,-0.2277729444668664,0.1851226824927486,MEP-1;Caf1-55
GO_Biological_Process_GeneRIF_Predicted_zscore,regulation_of_neurogenesis_(GO:0050767),2/200,0.4436359549663501,0.7798008127494221,0.5137900612566643,0.8226430015403322,-0.2254848757503345,0.1832630524145426,MEP-1;ogre
GO_Biological_Process_GeneRIF_Predicted_zscore,regulation_of_endocytic_recycling_(GO:2001135),2/200,0.4436359549663501,0.7798008127494221,0.5137900612566643,0.8226430015403322,-0.2169798366824942,0.1763505736272595,MEP-1;Sara
GO_Biological_Process_GeneRIF_Predicted_zscore,negative_regulation_of_nervous_system_development_(GO:0051961),1/200,0.7798008127494223,0.7798008127494221,0.8226430015403322,0.8226430015403322,-0.7017908691258964,0.17454715129325,MEP-1
GO_Biological_Process_GeneRIF_Predicted_zscore,regulation_of_eye_pigmentation_(GO:0048073),2/200,0.4436359549663501,0.7798008127494221,0.5137900612566643,0.8226430015403322,-0.2112210431372363,0.1716701085636174,MEP-1;Caf1-55
GO_Biological_Process_GeneRIF_Predicted_zscore,negative_regulation_of_feeding_behavior_(GO:2000252),1/200,0.7798008127494223,0.7798008127494221,0.8226430015403322,0.8226430015403322,-0.6451663823227552,0.1604636923886893,MEP-1
GO_Biological_Process_GeneRIF_Predicted_zscore,regulation_of_muscle_organ_development_(GO:0048634),2/200,0.4436359549663501,0.7798008127494221,0.5137900612566643,0.8226430015403322,-0.1937849207141149,0.1574988830794171,MEP-1;ogre
GO_Biological_Process_GeneRIF_Predicted_zscore,cardiac_muscle_tissue_development_(GO:0048738),1/200,0.7798008127494223,0.7798008127494221,0.8226430015403322,0.8226430015403322,-0.63094341936438,0.156926203121515,M6
GO_Biological_Process_GeneRIF_Predicted_zscore,myosin_filament_assembly_(GO:0031034),1/200,0.7798008127494223,0.7798008127494221,0.8226430015403322,0.8226430015403322,-0.6138808949987465,0.1526824673407938,MEP-1
GO_Biological_Process_GeneRIF_Predicted_zscore,morphogenesis_of_a_polarized_epithelium_(GO:0001738),1/200,0.7798008127494223,0.7798008127494221,0.8226430015403322,0.8226430015403322,-0.6107887100235714,0.1519133891118894,M6
GO_Biological_Process_GeneRIF_Predicted_zscore,negative_regulation_of_stem_cell_proliferation_(GO:2000647),1/200,0.7798008127494223,0.7798008127494221,0.8226430015403322,0.8226430015403322,-0.6087750171262905,0.1514125499384792,MEP-1
GO_Biological_Process_GeneRIF_Predicted_zscore,negative_regulation_of_peptidase_activity_(GO:0010466),1/200,0.7798008127494223,0.7798008127494221,0.8226430015403322,0.8226430015403322,-0.5930250517516782,0.1474952695775506,Caf1-55
GO_Biological_Process_GeneRIF_Predicted_zscore,double-strand_break_repair_via_nonhomologous_end_joining_(GO:0006303),1/200,0.7798008127494223,0.7798008127494221,0.8226430015403322,0.8226430015403322,-0.5912959641832175,0.1470652165194547,MEP-1
GO_Biological_Process_GeneRIF_Predicted_zscore,cardiocyte_differentiation_(GO:0035051),1/200,0.7798008127494223,0.7798008127494221,0.8226430015403322,0.8226430015403322,-0.5898711522781712,0.1467108419185649,M6
GO_Biological_Process_GeneRIF_Predicted_zscore,regulation_of_neuron_projection_development_(GO:0010975),2/200,0.4436359549663501,0.7798008127494221,0.5137900612566643,0.8226430015403322,-0.1765809406937149,0.1435163315591623,Sxl;M6
GO_Biological_Process_GeneRIF_Predicted_zscore,ncRNA_metabolic_process_(GO:0034660),1/200,0.7798008127494223,0.7798008127494221,0.8226430015403322,0.8226430015403322,-0.5567485628790024,0.1384726987944147,MEP-1
GO_Biological_Process_GeneRIF_Predicted_zscore,regulation_of_muscle_tissue_development_(GO:1901861),2/200,0.4436359549663501,0.7798008127494221,0.5137900612566643,0.8226430015403322,-0.1692696387492125,0.1375740637817107,MEP-1;ogre
GO_Biological_Process_GeneRIF_Predicted_zscore,ncRNA_catabolic_process_(GO:0034661),1/200,0.7798008127494223,0.7798008127494221,0.8226430015403322,0.8226430015403322,-0.544702016983758,0.1354765209279838,MEP-1
GO_Biological_Process_GeneRIF_Predicted_zscore,negative_regulation_of_retinal_cell_programmed_cell_death_(GO:0046671),1/200,0.7798008127494223,0.7798008127494221,0.8226430015403322,0.8226430015403322,-0.5393733130290056,0.1341511829443968,Caf1-55
GO_Biological_Process_GeneRIF_Predicted_zscore,negative_regulation_of_transforming_growth_factor_beta_receptor_signaling_pathway_(GO:0030512),1/200,0.7798008127494223,0.7798008127494221,0.8226430015403322,0.8226430015403322,-0.5214502617799255,0.1296934197051765,M6
GO_Biological_Process_GeneRIF_Predicted_zscore,ecdysteroid_biosynthetic_process_(GO:0045456),1/200,0.7798008127494223,0.7798008127494221,0.8226430015403322,0.8226430015403322,-0.517398177260415,0.1286855983715063,MEP-1
GO_Biological_Process_GeneRIF_Predicted_zscore,neurogenesis_(GO:0022008),1/200,0.7798008127494223,0.7798008127494221,0.8226430015403322,0.8226430015403322,-0.5056917873273833,0.1257740229939531,MEP-1
GO_Biological_Process_GeneRIF_Predicted_zscore,morphogenesis_of_an_epithelium_(GO:0002009),1/200,0.7798008127494223,0.7798008127494221,0.8226430015403322,0.8226430015403322,-0.5008237545642044,0.1245632616566427,MEP-1
GO_Biological_Process_GeneRIF_Predicted_zscore,ecdysteroid_metabolic_process_(GO:0045455),1/200,0.7798008127494223,0.7798008127494221,0.8226430015403322,0.8226430015403322,-0.4487956214034104,0.1116229929386504,MEP-1
GO_Biological_Process_GeneRIF_Predicted_zscore,cellular_metal_ion_homeostasis_(GO:0006875),1/181,0.7455901070546773,0.7798008127494221,0.7907960755240923,0.8226430015403322,-0.3675682189325312,0.1079104145846338,Sara
GO_Biological_Process_GeneRIF_Predicted_zscore,regulation_of_myoblast_fusion_(GO:1901739),2/200,0.4436359549663501,0.7798008127494221,0.5137900612566643,0.8226430015403322,-0.1313922804366805,0.106789203916254,M6;ogre
GO_Biological_Process_GeneRIF_Predicted_zscore,regulation_of_myotube_differentiation_(GO:0010830),2/200,0.4436359549663501,0.7798008127494221,0.5137900612566643,0.8226430015403322,-0.1217178584362003,0.098926308011353,M6;ogre
GO_Biological_Process_GeneRIF_Predicted_zscore,negative_regulation_of_imaginal_disc_growth_(GO:0045571),1/200,0.7798008127494223,0.7798008127494221,0.8226430015403322,0.8226430015403322,-0.3969107593044954,0.0987183581349962,MEP-1
GO_Biological_Process_GeneRIF_Predicted_zscore,muscle_cell_fate_specification_(GO:0042694),1/200,0.7798008127494223,0.7798008127494221,0.8226430015403322,0.8226430015403322,-0.3723097244037179,0.0925996684373874,ogre
GO_Biological_Process_GeneRIF_Predicted_zscore,DNA_repair_(GO:0006281),1/200,0.7798008127494223,0.7798008127494221,0.8226430015403322,0.8226430015403322,-0.3719606266315114,0.092512841970498,Caf1-55
GO_Biological_Process_GeneRIF_Predicted_zscore,negative_regulation_of_TOR_signaling_(GO:0032007),1/200,0.7798008127494223,0.7798008127494221,0.8226430015403322,0.8226430015403322,-0.3707321780282797,0.0922073062138539,Sara
GO_Biological_Process_GeneRIF_Predicted_zscore,regulation_of_protein_import_into_nucleus_(GO:0042306),2/200,0.4436359549663501,0.7798008127494221,0.5137900612566643,0.8226430015403322,-0.1075390734435396,0.0874024866967846,MEP-1;Caf1-55
GO_Biological_Process_GeneRIF_Predicted_zscore,DNA_replication_initiation_(GO:0006270),1/200,0.7798008127494223,0.7798008127494221,0.8226430015403322,0.8226430015403322,-0.3398309193048199,0.0845216452586556,MEP-1
GO_Biological_Process_GeneRIF_Predicted_zscore,DNA_synthesis_involved_in_DNA_repair_(GO:0000731),1/200,0.7798008127494223,0.7798008127494221,0.8226430015403322,0.8226430015403322,-0.3378587857142452,0.0840311425813648,MEP-1
GO_Biological_Process_GeneRIF_Predicted_zscore,myoblast_fusion_(GO:0007520),1/200,0.7798008127494223,0.7798008127494221,0.8226430015403322,0.8226430015403322,-0.325993929616975,0.0810801540128439,MEP-1
GO_Biological_Process_GeneRIF_Predicted_zscore,DNA_metabolic_process_(GO:0006259),1/200,0.7798008127494223,0.7798008127494221,0.8226430015403322,0.8226430015403322,-0.3067295755555265,0.0762887862837103,MEP-1
GO_Biological_Process_GeneRIF_Predicted_zscore,DNA_catabolic_process_(GO:0006308),1/200,0.7798008127494223,0.7798008127494221,0.8226430015403322,0.8226430015403322,-0.301738537361896,0.0750474314342534,MEP-1
GO_Biological_Process_GeneRIF_Predicted_zscore,regulation_of_synapse_organization_(GO:0050807),2/200,0.4436359549663501,0.7798008127494221,0.5137900612566643,0.8226430015403322,-0.088225695080336,0.0717055196186172,rg;CG11768
GO_Biological_Process_GeneRIF_Predicted_zscore,regulation_of_centrosome_cycle_(GO:0046605),2/200,0.4436359549663501,0.7798008127494221,0.5137900612566643,0.8226430015403322,-0.0834782664342355,0.0678470423619521,MEP-1;Caf1-55
GO_Biological_Process_GeneRIF_Predicted_zscore,negative_regulation_of_MAP_kinase_activity_(GO:0043407),1/200,0.7798008127494223,0.7798008127494221,0.8226430015403322,0.8226430015403322,-0.267514771679391,0.0665354073125242,MEP-1
GO_Biological_Process_GeneRIF_Predicted_zscore,G2_DNA_damage_checkpoint_(GO:0031572),1/200,0.7798008127494223,0.7798008127494221,0.8226430015403322,0.8226430015403322,-0.2509113647263589,0.0624058617272077,Caf1-55
GO_Biological_Process_GeneRIF_Predicted_zscore,motor_neuron_axon_guidance_(GO:0008045),1/200,0.7798008127494223,0.7798008127494221,0.8226430015403322,0.8226430015403322,-0.2408706330367095,0.0599085634715164,M6
GO_Biological_Process_GeneRIF_Predicted_zscore,regulation_of_chromatin_organization_(GO:1902275),2/200,0.4436359549663501,0.7798008127494221,0.5137900612566643,0.8226430015403322,-0.0651280608669281,0.0529328949118915,MEP-1;Caf1-55
GO_Biological_Process_GeneRIF_Predicted_zscore,regulation_of_morphogenesis_of_an_epithelium_(GO:1905330),2/200,0.4436359549663501,0.7798008127494221,0.5137900612566643,0.8226430015403322,-0.0635599667056485,0.0516584248548056,MEP-1;caz
GO_Biological_Process_GeneRIF_Predicted_zscore,regulation_of_chromatin_silencing_(GO:0031935),2/200,0.4436359549663501,0.7798008127494221,0.5137900612566643,0.8226430015403322,-0.0519405754034722,0.0422147532553252,MEP-1;Caf1-55
GO_Biological_Process_GeneRIF_Predicted_zscore,neuron_cell-cell_adhesion_(GO:0007158),2/200,0.4436359549663501,0.7798008127494221,0.5137900612566643,0.8226430015403322,-0.0513453096052416,0.0417309503979552,M6;ogre
GO_Biological_Process_GeneRIF_Predicted_zscore,zonula_adherens_assembly_(GO:0045186),1/200,0.7798008127494223,0.7798008127494221,0.8226430015403322,0.8226430015403322,-0.1402598740709548,0.0348849814622527,MEP-1
GO_Biological_Process_GeneRIF_Predicted_zscore,endocrine_system_development_(GO:0035270),1/200,0.7798008127494223,0.7798008127494221,0.8226430015403322,0.8226430015403322,-0.1189245367879913,0.0295785254958758,MEP-1
GO_Biological_Process_GeneRIF_Predicted_zscore,regulation_of_transcription_elongation_from_RNA_polymerase_II_promoter_(GO:0034243),2/200,0.4436359549663501,0.7798008127494221,0.5137900612566643,0.8226430015403322,-0.036206304598541,0.0294267093316101,MEP-1;Caf1-55
GO_Biological_Process_GeneRIF_Predicted_zscore,G1/S_transition_of_mitotic_cell_cycle_(GO:0000082),1/200,0.7798008127494223,0.7798008127494221,0.8226430015403322,0.8226430015403322,-0.0296607333177922,0.007377121495379,MEP-1
GO_Biological_Process_GeneRIF_Predicted_zscore,double-strand_break_repair_(GO:0006302),1/200,0.7798008127494223,0.7798008127494221,0.8226430015403322,0.8226430015403322,-0.0244650262103048,0.006084862056758,MEP-1
GO_Biological_Process_GeneRIF_Predicted_zscore,cellular_response_to_ecdysone_(GO:0071390),1/162,0.706105164824059,0.7798008127494221,0.7533166757522326,0.8226430015403322,-0.0087693026880365,0.0030516392352187,MEP-1
GO_Biological_Process_GeneRIF_Predicted_zscore,embryonic_axis_specification_(GO:0000578),1/200,0.7798008127494223,0.7798008127494221,0.8226430015403322,0.8226430015403322,0.0607682958549353,-0.0151140936667296,Caf1-55
GO_Biological_Process_GeneRIF_Predicted_zscore,regulation_of_crystal_cell_differentiation_(GO:0042689),2/200,0.4436359549663501,0.7798008127494221,0.5137900612566643,0.8226430015403322,0.0223621607163553,-0.0181748679055596,MEP-1;Cdc42
GO_Biological_Process_GeneRIF_Predicted_zscore,regulation_of_chromosome_organization_(GO:0033044),2/200,0.4436359549663501,0.7798008127494221,0.5137900612566643,0.8226430015403322,0.0341189096362983,-0.0277301770426822,MEP-1;Caf1-55
GO_Biological_Process_GeneRIF_Predicted_zscore,delamination_(GO:0060232),1/200,0.7798008127494223,0.7798008127494221,0.8226430015403322,0.8226430015403322,0.1119245607048477,-0.0278375141231354,MEP-1
GO_Biological_Process_GeneRIF_Predicted_zscore,embryonic_hemopoiesis_(GO:0035162),1/200,0.7798008127494223,0.7798008127494221,0.8226430015403322,0.8226430015403322,0.1133821356035873,-0.0282000374296703,Cdc42
GO_Biological_Process_GeneRIF_Predicted_zscore,dendritic_spine_morphogenesis_(GO:0060997),1/200,0.7798008127494223,0.7798008127494221,0.8226430015403322,0.8226430015403322,0.1216591356500719,-0.0302586660652458,MEP-1
GO_Biological_Process_GeneRIF_Predicted_zscore,regulation_of_protein_serine/threonine_phosphatase_activity_(GO:0080163),2/200,0.4436359549663501,0.7798008127494221,0.5137900612566643,0.8226430015403322,0.0376286735019134,-0.0305827410433785,capt;Cdc42
GO_Biological_Process_GeneRIF_Predicted_zscore,defense_response_to_Gram-negative_bacterium_(GO:0050829),1/200,0.7798008127494223,0.7798008127494221,0.8226430015403322,0.8226430015403322,0.1366723084699937,-0.0339926937690467,Cdc42
GO_Biological_Process_GeneRIF_Predicted_zscore,regulation_of_establishment_of_planar_polarity_(GO:0090175),2/200,0.4436359549663501,0.7798008127494221,0.5137900612566643,0.8226430015403322,0.0421320620747646,-0.0342428744927869,M6;ogre
GO_Biological_Process_GeneRIF_Predicted_zscore,ectoderm_development_(GO:0007398),1/200,0.7798008127494223,0.7798008127494221,0.8226430015403322,0.8226430015403322,0.1395765226601099,-0.0347150205132826,MEP-1
GO_Biological_Process_GeneRIF_Predicted_zscore,decapentaplegic_signaling_pathway_(GO:0008101),1/200,0.7798008127494223,0.7798008127494221,0.8226430015403322,0.8226430015403322,0.1443382891140906,-0.0358993516384529,MEP-1
GO_Biological_Process_GeneRIF_Predicted_zscore,regulation_of_cell_development_(GO:0060284),3/200,0.1900326525530107,0.7798008127494221,0.2469660980878513,0.8226430015403322,0.0233763295862019,-0.0388177830381215,yki;capt;Cdc42
GO_Biological_Process_GeneRIF_Predicted_zscore,JAK-STAT_cascade_(GO:0007259),1/200,0.7798008127494223,0.7798008127494221,0.8226430015403322,0.8226430015403322,0.1759539077338818,-0.0437626858726696,MEP-1
GO_Biological_Process_GeneRIF_Predicted_zscore,cellular_response_to_gamma_radiation_(GO:0071480),1/196,0.7730006677261431,0.7798008127494221,0.8163629881471995,0.8226430015403322,0.1772060168846154,-0.0456261841582174,Rbm13
GO_Biological_Process_GeneRIF_Predicted_zscore,digestive_tract_development_(GO:0048565),1/200,0.7798008127494223,0.7798008127494221,0.8226430015403322,0.8226430015403322,0.1875633377132542,-0.0466501456846815,MEP-1
GO_Biological_Process_GeneRIF_Predicted_zscore,regulation_of_synaptic_growth_at_neuromuscular_junction_(GO:0008582),2/200,0.4436359549663501,0.7798008127494221,0.5137900612566643,0.8226430015403322,0.0604069217346764,-0.0490957844832161,rg;Sxl
GO_Biological_Process_GeneRIF_Predicted_zscore,digestive_tract_morphogenesis_(GO:0048546),1/200,0.7798008127494223,0.7798008127494221,0.8226430015403322,0.8226430015403322,0.2051349719963753,-0.051020505634656,MEP-1
GO_Biological_Process_GeneRIF_Predicted_zscore,dendrite_morphogenesis_(GO:0048813),1/200,0.7798008127494223,0.7798008127494221,0.8226430015403322,0.8226430015403322,0.2269267710424624,-0.0564404912919033,MEP-1
GO_Biological_Process_GeneRIF_Predicted_zscore,regulation_of_transcription_from_RNA_polymerase_III_promoter_(GO:0006359),2/200,0.4436359549663501,0.7798008127494221,0.5137900612566643,0.8226430015403322,0.0842745231939507,-0.0684942008190572,MEP-1;Cdc42
GO_Biological_Process_GeneRIF_Predicted_zscore,embryonic_organ_development_(GO:0048568),1/200,0.7798008127494223,0.7798008127494221,0.8226430015403322,0.8226430015403322,0.2803927200504801,-0.0697383689091532,ogre
GO_Biological_Process_GeneRIF_Predicted_zscore,regulation_of_fibroblast_growth_factor_receptor_signaling_pathway_(GO:0040036),2/200,0.4436359549663501,0.7798008127494221,0.5137900612566643,0.8226430015403322,0.0918720596337984,-0.0746691059614263,M6;ogre
GO_Biological_Process_GeneRIF_Predicted_zscore,regulation_of_cyclin-dependent_protein_kinase_activity_(GO:1904029),2/200,0.4436359549663501,0.7798008127494221,0.5137900612566643,0.8226430015403322,0.0981924324900712,-0.0798059951571393,MEP-1;Caf1-55
GO_Biological_Process_GeneRIF_Predicted_zscore,engulfment_of_apoptotic_cell_(GO:0043652),1/200,0.7798008127494223,0.7798008127494221,0.8226430015403322,0.8226430015403322,0.3507816951085445,-0.087245286738021,Sara
GO_Biological_Process_GeneRIF_Predicted_zscore,N-terminal_peptidyl-methionine_acetylation_(GO:0017196),1/200,0.7798008127494223,0.7798008127494221,0.8226430015403322,0.8226430015403322,0.3612674095490056,-0.0898532596618304,Caf1-55
GO_Biological_Process_GeneRIF_Predicted_zscore,cellular_protein_complex_localization_(GO:0034629),1/200,0.7798008127494223,0.7798008127494221,0.8226430015403322,0.8226430015403322,0.4234284379872895,-0.1053137492644883,MEP-1
GO_Biological_Process_GeneRIF_Predicted_zscore,cellular_response_to_reactive_oxygen_species_(GO:0034614),1/200,0.7798008127494223,0.7798008127494221,0.8226430015403322,0.8226430015403322,0.4274748809884985,-0.106320167458004,MEP-1
GO_Biological_Process_GeneRIF_Predicted_zscore,cellular_response_to_virus_(GO:0098586),1/200,0.7798008127494223,0.7798008127494221,0.8226430015403322,0.8226430015403322,0.435218358546674,-0.1082461001088039,Sara
GO_Biological_Process_GeneRIF_Predicted_zscore,cellular_protein_localization_(GO:0034613),1/200,0.7798008127494223,0.7798008127494221,0.8226430015403322,0.8226430015403322,0.4768288614813319,-0.1185953295881932,MEP-1
GO_Biological_Process_GeneRIF_Predicted_zscore,regulation_of_striated_muscle_tissue_development_(GO:0016202),2/200,0.4436359549663501,0.7798008127494221,0.5137900612566643,0.8226430015403322,0.147963049160761,-0.1202571123386038,M6;ogre
GO_Biological_Process_GeneRIF_Predicted_zscore,central_nervous_system_segmentation_(GO:0035283),1/200,0.7798008127494223,0.7798008127494221,0.8226430015403322,0.8226430015403322,0.5020351352802872,-0.1248645523436919,ogre
GO_Biological_Process_GeneRIF_Predicted_zscore,dopamine_metabolic_process_(GO:0042417),1/200,0.7798008127494223,0.7798008127494221,0.8226430015403322,0.8226430015403322,0.5103196924406398,-0.126925060560145,rg
GO_Biological_Process_GeneRIF_Predicted_zscore,central_nervous_system_development_(GO:0007417),1/200,0.7798008127494223,0.7798008127494221,0.8226430015403322,0.8226430015403322,0.5169471104194788,-0.1285734104882038,Sxl
GO_Biological_Process_GeneRIF_Predicted_zscore,phospholipid_transport_(GO:0015914),2/183,0.3997093736417458,0.7798008127494221,0.4672583112791298,0.8226430015403322,0.1475415826921669,-0.1352982224313759,MEP-1;Sara
GO_Biological_Process_GeneRIF_Predicted_zscore,enzyme_linked_receptor_protein_signaling_pathway_(GO:0007167),1/200,0.7798008127494223,0.7798008127494221,0.8226430015403322,0.8226430015403322,0.5562405354598311,-0.1383463438606356,MEP-1
GO_Biological_Process_GeneRIF_Predicted_zscore,cellular_response_to_nutrient_levels_(GO:0031669),1/200,0.7798008127494223,0.7798008127494221,0.8226430015403322,0.8226430015403322,0.560032961036665,-0.1392895836633313,PRAS40
GO_Biological_Process_GeneRIF_Predicted_zscore,cellular_response_to_acid_chemical_(GO:0071229),1/200,0.7798008127494223,0.7798008127494221,0.8226430015403322,0.8226430015403322,0.5624941246229525,-0.139901716296787,M6
GO_Biological_Process_GeneRIF_Predicted_zscore,regulation_of_terminal_button_organization_(GO:2000331),2/200,0.4436359549663501,0.7798008127494221,0.5137900612566643,0.8226430015403322,0.1737383307579947,-0.1412059975648734,Pex23;rg
GO_Biological_Process_GeneRIF_Predicted_zscore,epidermal_cell_differentiation_(GO:0009913),1/200,0.7798008127494223,0.7798008127494221,0.8226430015403322,0.8226430015403322,0.5871222495738755,-0.1460271437439011,MEP-1
GO_Biological_Process_GeneRIF_Predicted_zscore,epithelial_cell_migration_(GO:0010631),1/200,0.7798008127494223,0.7798008127494221,0.8226430015403322,0.8226430015403322,0.5987286663829969,-0.1489138541299703,MEP-1
GO_Biological_Process_GeneRIF_Predicted_zscore,regulation_of_transcription_from_RNA_polymerase_II_promoter_(GO:0006357),2/200,0.4436359549663501,0.7798008127494221,0.5137900612566643,0.8226430015403322,0.1835915468328735,-0.149214208527908,MEP-1;Caf1-55
GO_Biological_Process_GeneRIF_Predicted_zscore,eye_morphogenesis_(GO:0048592),1/200,0.7798008127494223,0.7798008127494221,0.8226430015403322,0.8226430015403322,0.6004297003328455,-0.1493369297829337,ogre
GO_Biological_Process_GeneRIF_Predicted_zscore,cellular_response_to_alcohol_(GO:0097306),1/200,0.7798008127494223,0.7798008127494221,0.8226430015403322,0.8226430015403322,0.6090015950464326,-0.1514689036647054,rg
GO_Biological_Process_GeneRIF_Predicted_zscore,cellular_response_to_UV_(GO:0034644),1/200,0.7798008127494223,0.7798008127494221,0.8226430015403322,0.8226430015403322,0.6103015596931194,-0.1517922266599785,MEP-1
GO_Biological_Process_GeneRIF_Predicted_zscore,cellular_response_to_misfolded_protein_(GO:0071218),1/200,0.7798008127494223,0.7798008127494221,0.8226430015403322,0.8226430015403322,0.6316158013311712,-0.1570934357858991,CG1951
GO_Biological_Process_GeneRIF_Predicted_zscore,extracellular_matrix_assembly_(GO:0085029),1/200,0.7798008127494223,0.7798008127494221,0.8226430015403322,0.8226430015403322,0.6426079566718632,-0.1598273690496368,M6
GO_Biological_Process_GeneRIF_Predicted_zscore,cellular_protein_modification_process_(GO:0006464),1/200,0.7798008127494223,0.7798008127494221,0.8226430015403322,0.8226430015403322,0.6464709928017918,-0.1607881708803328,MEP-1
GO_Biological_Process_GeneRIF_Predicted_zscore,eye_development_(GO:0001654),1/200,0.7798008127494223,0.7798008127494221,0.8226430015403322,0.8226430015403322,0.6958334535755406,-0.1730654421985166,MEP-1
GO_Biological_Process_GeneRIF_Predicted_zscore,eye_photoreceptor_cell_development_(GO:0042462),1/200,0.7798008127494223,0.7798008127494221,0.8226430015403322,0.8226430015403322,0.7116938665549547,-0.1770101927298812,MEP-1
GO_Biological_Process_GeneRIF_Predicted_zscore,xanthine_metabolic_process_(GO:0046110),1/200,0.7798008127494223,0.7798008127494221,0.8226430015403322,0.8226430015403322,0.7195208490487295,-0.1789568944577224,AcCoAS
GO_Biological_Process_GeneRIF_Predicted_zscore,epithelium_development_(GO:0060429),1/200,0.7798008127494223,0.7798008127494221,0.8226430015403322,0.8226430015403322,0.7205663276680079,-0.1792169225127473,MEP-1
GO_Biological_Process_GeneRIF_Predicted_zscore,epithelial_cell_morphogenesis_(GO:0003382),1/200,0.7798008127494223,0.7798008127494221,0.8226430015403322,0.8226430015403322,0.734104944162267,-0.1825842033445257,MEP-1
GO_Biological_Process_GeneRIF_Predicted_zscore,eye_photoreceptor_cell_differentiation_(GO:0001754),1/200,0.7798008127494223,0.7798008127494221,0.8226430015403322,0.8226430015403322,0.7353740361460657,-0.1828998477911072,MEP-1
GO_Biological_Process_GeneRIF_Predicted_zscore,establishment_of_epithelial_cell_polarity_(GO:0090162),1/200,0.7798008127494223,0.7798008127494221,0.8226430015403322,0.8226430015403322,0.762611235378314,-0.1896741957405428,MEP-1
GO_Biological_Process_GeneRIF_Predicted_zscore,compound_eye_photoreceptor_cell_differentiation_(GO:0001751),1/200,0.7798008127494223,0.7798008127494221,0.8226430015403322,0.8226430015403322,0.7641656585233165,-0.1900608068291174,ogre
GO_Biological_Process_GeneRIF_Predicted_zscore,chondroitin_sulfate_proteoglycan_biosynthetic_process_(GO:0050650),1/200,0.7798008127494223,0.7798008127494221,0.8226430015403322,0.8226430015403322,0.7663079462263506,-0.1905936296859905,M6
GO_Biological_Process_GeneRIF_Predicted_zscore,establishment_of_body_hair_or_bristle_planar_orientation_(GO:0048104),1/200,0.7798008127494223,0.7798008127494221,0.8226430015403322,0.8226430015403322,0.7747402707551387,-0.1926908901235813,ogre
GO_Biological_Process_GeneRIF_Predicted_zscore,cuticle_pattern_formation_(GO:0035017),1/200,0.7798008127494223,0.7798008127494221,0.8226430015403322,0.8226430015403322,0.7949548743054357,-0.1977186008269444,ogre
GO_Biological_Process_GeneRIF_Predicted_zscore,compound_eye_development_(GO:0048749),1/200,0.7798008127494223,0.7798008127494221,0.8226430015403322,0.8226430015403322,0.8071309900715585,-0.2007470048918772,ogre
GO_Biological_Process_GeneRIF_Predicted_zscore,regulation_of_compound_eye_photoreceptor_development_(GO:0045314),2/200,0.4436359549663501,0.7798008127494221,0.5137900612566643,0.8226430015403322,0.2478339065112514,-0.2014272489360296,M6;ogre
GO_Biological_Process_GeneRIF_Predicted_zscore,establishment_of_protein_localization_to_membrane_(GO:0090150),1/200,0.7798008127494223,0.7798008127494221,0.8226430015403322,0.8226430015403322,0.8217169344426886,-0.2043747737200376,M6
GO_Biological_Process_GeneRIF_Predicted_zscore,cytoskeleton_organization_(GO:0007010),1/200,0.7798008127494223,0.7798008127494221,0.8226430015403322,0.8226430015403322,0.8539677401700343,-0.2123960896337537,MEP-1
GO_Biological_Process_GeneRIF_Predicted_zscore,neuron_remodeling_(GO:0016322),2/200,0.4436359549663501,0.7798008127494221,0.5137900612566643,0.8226430015403322,0.2615512041249305,-0.2125759959337883,rg;CG13375
GO_Biological_Process_GeneRIF_Predicted_zscore,Notch_signaling_pathway_(GO:0007219),1/200,0.7798008127494223,0.7798008127494221,0.8226430015403322,0.8226430015403322,0.918106991533797,-0.2283485964333515,MEP-1
GO_Biological_Process_GeneRIF_Predicted_zscore,regulation_of_glucose_metabolic_process_(GO:0010906),2/200,0.4436359549663501,0.7798008127494221,0.5137900612566643,0.8226430015403322,0.2840358281359824,-0.230850396001406,Sara;capt
GO_Biological_Process_GeneRIF_Predicted_zscore,neuron_fate_commitment_(GO:0048663),2/200,0.4436359549663501,0.7798008127494221,0.5137900612566643,0.8226430015403322,0.2935880737696093,-0.238613992945133,M6;ogre
GO_Biological_Process_GeneRIF_Predicted_zscore,neurotransmitter_transport_(GO:0006836),2/200,0.4436359549663501,0.7798008127494221,0.5137900612566643,0.8226430015403322,0.2948602648987924,-0.2396479675246385,rg;CG13375
GO_Biological_Process_GeneRIF_Predicted_zscore,regulation_of_decapentaplegic_signaling_pathway_(GO:0090097),2/200,0.4436359549663501,0.7798008127494221,0.5137900612566643,0.8226430015403322,0.3177529477216593,-0.2582540177890556,MEP-1;ogre
GO_Biological_Process_GeneRIF_Predicted_zscore,"nuclear-transcribed_mRNA_catabolic_process,_nonsense-mediated_decay_(GO:0000184)",2/200,0.4436359549663501,0.7798008127494221,0.5137900612566643,0.8226430015403322,0.3231363497587637,-0.262629383038771,MEP-1;Caf1-55
GO_Biological_Process_GeneRIF_Predicted_zscore,nuclear_envelope_organization_(GO:0006998),2/200,0.4436359549663501,0.7798008127494221,0.5137900612566643,0.8226430015403322,0.3298557489119285,-0.2680905812459808,MEP-1;Caf1-55
GO_Biological_Process_GeneRIF_Predicted_zscore,nuclear_import_(GO:0051170),2/200,0.4436359549663501,0.7798008127494221,0.5137900612566643,0.8226430015403322,0.3321965131498865,-0.2699930396605575,MEP-1;Caf1-55
GO_Biological_Process_GeneRIF_Predicted_zscore,nuclear_export_(GO:0051168),2/200,0.4436359549663501,0.7798008127494221,0.5137900612566643,0.8226430015403322,0.3454025413584417,-0.280726251951266,MEP-1;Caf1-55
GO_Biological_Process_GeneRIF_Predicted_zscore,regulation_of_neuron_death_(GO:1901214),1/145,0.6656484824219291,0.7798008127494221,0.7142092592164899,0.8226430015403322,0.7088226022107841,-0.2884862285766894,M6
GO_Biological_Process_GeneRIF_Predicted_zscore,cellular_response_to_metal_ion_(GO:0071248),1/200,0.7798008127494223,0.7798008127494221,0.8226430015403322,0.8226430015403322,1.1639735503185973,-0.2894997303710355,CG17724
GO_Biological_Process_GeneRIF_Predicted_zscore,nuclear_body_organization_(GO:0030575),2/200,0.4436359549663501,0.7798008127494221,0.5137900612566643,0.8226430015403322,0.3579505563538113,-0.2909246633619767,MEP-1;Caf1-55
GO_Biological_Process_GeneRIF_Predicted_zscore,neuron_maturation_(GO:0042551),2/200,0.4436359549663501,0.7798008127494221,0.5137900612566643,0.8226430015403322,0.3626121544751043,-0.2947133817759956,rg;Sxl
GO_Biological_Process_GeneRIF_Predicted_zscore,regulation_of_mitotic_nuclear_division_(GO:0007088),2/200,0.4436359549663501,0.7798008127494221,0.5137900612566643,0.8226430015403322,0.3711174816089802,-0.3016260946892297,MEP-1;Caf1-55
GO_Biological_Process_GeneRIF_Predicted_zscore,regulation_of_transforming_growth_factor_beta_receptor_signaling_pathway_(GO:0017015),2/200,0.4436359549663501,0.7798008127494221,0.5137900612566643,0.8226430015403322,0.376214256999602,-0.3057685038528088,M6;ogre
GO_Biological_Process_GeneRIF_Predicted_zscore,nucleocytoplasmic_transport_(GO:0006913),2/200,0.4436359549663501,0.7798008127494221,0.5137900612566643,0.8226430015403322,0.3958497744699235,-0.3217272898040871,MEP-1;Caf1-55
GO_Biological_Process_GeneRIF_Predicted_zscore,covalent_chromatin_modification_(GO:0016569),1/200,0.7798008127494223,0.7798008127494221,0.8226430015403322,0.8226430015403322,1.2996382950869083,-0.3232418261605242,MEP-1
GO_Biological_Process_GeneRIF_Predicted_zscore,regulation_of_membrane_potential_in_photoreceptor_cell_(GO:0016057),2/200,0.4436359549663501,0.7798008127494221,0.5137900612566643,0.8226430015403322,0.4018405165233267,-0.3265962712436692,wtrw;Mppe
GO_Biological_Process_GeneRIF_Predicted_zscore,notum_cell_fate_specification_(GO:0035310),2/200,0.4436359549663501,0.7798008127494221,0.5137900612566643,0.8226430015403322,0.4026936440153145,-0.3272896514438275,MEP-1;Caf1-55
GO_Biological_Process_GeneRIF_Predicted_zscore,enteroendocrine_cell_differentiation_(GO:0035883),1/200,0.7798008127494223,0.7798008127494221,0.8226430015403322,0.8226430015403322,1.3275329948652137,-0.3301797055155919,MEP-1
GO_Biological_Process_GeneRIF_Predicted_zscore,chorion-containing_eggshell_formation_(GO:0007304),1/200,0.7798008127494223,0.7798008127494221,0.8226430015403322,0.8226430015403322,1.3456837838767703,-0.3346941109532662,pcs
GO_Biological_Process_GeneRIF_Predicted_zscore,regulation_of_mitotic_cell_cycle_(GO:0007346),2/200,0.4436359549663501,0.7798008127494221,0.5137900612566643,0.8226430015403322,0.4170475899811776,-0.3389558350099933,MEP-1;Caf1-55
GO_Biological_Process_GeneRIF_Predicted_zscore,chromatin_assembly_or_disassembly_(GO:0006333),1/200,0.7798008127494223,0.7798008127494221,0.8226430015403322,0.8226430015403322,1.3871162084517463,-0.3449990493599771,MEP-1
GO_Biological_Process_GeneRIF_Predicted_zscore,cuticle_chitin_biosynthetic_process_(GO:0006035),1/200,0.7798008127494223,0.7798008127494221,0.8226430015403322,0.8226430015403322,1.4018568527108115,-0.3486652946430651,M6
GO_Biological_Process_GeneRIF_Predicted_zscore,R8_cell_differentiation_(GO:0045465),1/200,0.7798008127494223,0.7798008127494221,0.8226430015403322,0.8226430015403322,1.4217111327781309,-0.353603386857125,ogre
GO_Biological_Process_GeneRIF_Predicted_zscore,cuticle_chitin_metabolic_process_(GO:0006034),1/200,0.7798008127494223,0.7798008127494221,0.8226430015403322,0.8226430015403322,1.4298373112315017,-0.355624503634696,M6
GO_Biological_Process_GeneRIF_Predicted_zscore,R8_cell_fate_specification_(GO:0045464),1/200,0.7798008127494223,0.7798008127494221,0.8226430015403322,0.8226430015403322,1.441871506088032,-0.3586176095907931,ogre
GO_Biological_Process_GeneRIF_Predicted_zscore,cytoplasmic_microtubule_organization_(GO:0031122),1/200,0.7798008127494223,0.7798008127494221,0.8226430015403322,0.8226430015403322,1.488404253658169,-0.3701910838087346,MEP-1
GO_Biological_Process_GeneRIF_Predicted_zscore,citrate_transport_(GO:0015746),1/200,0.7798008127494223,0.7798008127494221,0.8226430015403322,0.8226430015403322,1.508478504547073,-0.3751838864528733,ND-MNLL
GO_Biological_Process_GeneRIF_Predicted_zscore,cytoplasmic_translation_(GO:0002181),1/200,0.7798008127494223,0.7798008127494221,0.8226430015403322,0.8226430015403322,1.5086187997309244,-0.3752187802164697,MEP-1
GO_Biological_Process_GeneRIF_Predicted_zscore,cilium_assembly_(GO:0060271),1/200,0.7798008127494223,0.7798008127494221,0.8226430015403322,0.8226430015403322,1.5787358416728954,-0.392658063721717,Caf1-55
GO_Biological_Process_GeneRIF_Predicted_zscore,epidermal_growth_factor_receptor_signaling_pathway_(GO:0007173),1/200,0.7798008127494223,0.7798008127494221,0.8226430015403322,0.8226430015403322,1.6164034180346236,-0.4020266212782576,MEP-1
GO_Biological_Process_GeneRIF_Predicted_zscore,regulation_of_mitochondrion_organization_(GO:0010821),2/200,0.4436359549663501,0.7798008127494221,0.5137900612566643,0.8226430015403322,0.495811535073634,-0.4029713081091179,MEP-1;Sara
GO_Biological_Process_GeneRIF_Predicted_zscore,neuron_differentiation_(GO:0030182),1/200,0.7798008127494223,0.7798008127494221,0.8226430015403322,0.8226430015403322,1.638298861778157,-0.4074723851088637,MEP-1
GO_Biological_Process_GeneRIF_Predicted_zscore,coenzyme_biosynthetic_process_(GO:0009108),1/200,0.7798008127494223,0.7798008127494221,0.8226430015403322,0.8226430015403322,1.6435288775247745,-0.4087731776810553,AcCoAS
GO_Biological_Process_GeneRIF_Predicted_zscore,coenzyme_metabolic_process_(GO:0006732),1/200,0.7798008127494223,0.7798008127494221,0.8226430015403322,0.8226430015403322,1.6651068286520985,-0.4141399757767765,AcCoAS
GO_Biological_Process_GeneRIF_Predicted_zscore,"regulation_of_mitotic_cell_cycle,_embryonic_(GO:0009794)",2/200,0.4436359549663501,0.7798008127494221,0.5137900612566643,0.8226430015403322,0.5146400571005314,-0.4182742077276461,MEP-1;Caf1-55
GO_Biological_Process_GeneRIF_Predicted_zscore,nucleosome_mobilization_(GO:0042766),2/200,0.4436359549663501,0.7798008127494221,0.5137900612566643,0.8226430015403322,0.5170661502486344,-0.4202460172970633,MEP-1;Caf1-55
GO_Biological_Process_GeneRIF_Predicted_zscore,regulation_of_lamellocyte_differentiation_(GO:0035203),2/200,0.4436359549663501,0.7798008127494221,0.5137900612566643,0.8226430015403322,0.5173610511803817,-0.4204856983166086,MEP-1;caz
GO_Biological_Process_GeneRIF_Predicted_zscore,non-canonical_Wnt_signaling_pathway_(GO:0035567),2/200,0.4436359549663501,0.7798008127494221,0.5137900612566643,0.8226430015403322,0.519273395143663,-0.4220399577356107,M6;ogre
GO_Biological_Process_GeneRIF_Predicted_zscore,notum_morphogenesis_(GO:0048802),2/200,0.4436359549663501,0.7798008127494221,0.5137900612566643,0.8226430015403322,0.5226329466034101,-0.4247704364571135,M6;ogre
GO_Biological_Process_GeneRIF_Predicted_zscore,nucleoside_transmembrane_transport_(GO:1901642),2/200,0.4436359549663501,0.7798008127494221,0.5137900612566643,0.8226430015403322,0.5306593757024863,-0.4312939245260618,rg;Sxl
GO_Biological_Process_GeneRIF_Predicted_zscore,regulation_of_mitochondrial_membrane_potential_(GO:0051881),2/200,0.4436359549663501,0.7798008127494221,0.5137900612566643,0.8226430015403322,0.5565099741568981,-0.4523040236013703,Clamp;Kcmf1
GO_Biological_Process_GeneRIF_Predicted_zscore,neuron_fate_specification_(GO:0048665),1/200,0.7798008127494223,0.7798008127494221,0.8226430015403322,0.8226430015403322,1.8262614846541527,-0.4542218397056104,ogre
GO_Biological_Process_GeneRIF_Predicted_zscore,neuron_projection_extension_(GO:1990138),1/200,0.7798008127494223,0.7798008127494221,0.8226430015403322,0.8226430015403322,1.8933085057984445,-0.4708975575843721,MEP-1
GO_Biological_Process_GeneRIF_Predicted_zscore,neuropeptide_signaling_pathway_(GO:0007218),1/200,0.7798008127494223,0.7798008127494221,0.8226430015403322,0.8226430015403322,1.894203908542703,-0.4711202592539808,CG13375
GO_Biological_Process_GeneRIF_Predicted_zscore,neuron_development_(GO:0048666),1/200,0.7798008127494223,0.7798008127494221,0.8226430015403322,0.8226430015403322,1.9230638036575936,-0.4782981988661054,Sxl
GO_Biological_Process_GeneRIF_Predicted_zscore,nucleus_localization_(GO:0051647),2/200,0.4436359549663501,0.7798008127494221,0.5137900612566643,0.8226430015403322,0.5911860723060415,-0.4804870561506337,MEP-1;Caf1-55
GO_Biological_Process_GeneRIF_Predicted_zscore,nucleotide_phosphorylation_(GO:0046939),2/200,0.4436359549663501,0.7798008127494221,0.5137900612566643,0.8226430015403322,0.5942590403207882,-0.482984613898047,MEP-1;Caf1-55
GO_Biological_Process_GeneRIF_Predicted_zscore,nucleus_organization_(GO:0006997),2/200,0.4436359549663501,0.7798008127494221,0.5137900612566643,0.8226430015403322,0.6001659036133181,-0.4877854227930215,MEP-1;Caf1-55
GO_Biological_Process_GeneRIF_Predicted_zscore,octopamine_or_tyramine_signaling_pathway_(GO:0007211),2/200,0.4436359549663501,0.7798008127494221,0.5137900612566643,0.8226430015403322,0.6099959758434043,-0.4957748235736561,rg;CG13375
GO_Biological_Process_GeneRIF_Predicted_zscore,nuclear_division_(GO:0000280),1/200,0.7798008127494223,0.7798008127494221,0.8226430015403322,0.8226430015403322,2.014981803157569,-0.5011597459040121,MEP-1
GO_Biological_Process_GeneRIF_Predicted_zscore,neuron_migration_(GO:0001764),1/200,0.7798008127494223,0.7798008127494221,0.8226430015403322,0.8226430015403322,2.040220968846066,-0.507437149423714,M6
GO_Biological_Process_GeneRIF_Predicted_zscore,regulation_of_intracellular_mRNA_localization_(GO:1904580),2/200,0.4436359549663501,0.7798008127494221,0.5137900612566643,0.8226430015403322,0.6351530531094276,-0.5162212626275318,MEP-1;CG1951
GO_Biological_Process_GeneRIF_Predicted_zscore,neuron_projection_development_(GO:0031175),1/200,0.7798008127494223,0.7798008127494221,0.8226430015403322,0.8226430015403322,2.127768459010013,-0.529211677539225,M6
GO_Biological_Process_GeneRIF_Predicted_zscore,Ras_protein_signal_transduction_(GO:0007265),1/200,0.7798008127494223,0.7798008127494221,0.8226430015403322,0.8226430015403322,2.1496985685221537,-0.5346660633274882,MEP-1
GO_Biological_Process_GeneRIF_Predicted_zscore,nuclear_mRNA_surveillance_(GO:0071028),1/200,0.7798008127494223,0.7798008127494221,0.8226430015403322,0.8226430015403322,2.167889403920601,-0.5391904289727668,MEP-1
GO_Biological_Process_GeneRIF_Predicted_zscore,nuclear_migration_(GO:0007097),1/200,0.7798008127494223,0.7798008127494221,0.8226430015403322,0.8226430015403322,2.168350152555868,-0.539305024880588,MEP-1
GO_Biological_Process_GeneRIF_Predicted_zscore,nuclear_transport_(GO:0051169),1/200,0.7798008127494223,0.7798008127494221,0.8226430015403322,0.8226430015403322,2.2213841664179275,-0.552495472987727,MEP-1
GO_Biological_Process_GeneRIF_Predicted_zscore,neuron_projection_morphogenesis_(GO:0048812),1/200,0.7798008127494223,0.7798008127494221,0.8226430015403322,0.8226430015403322,2.257536523022334,-0.5614871699952652,MEP-1
GO_Biological_Process_GeneRIF_Predicted_zscore,RNA_polymerase_II_transcriptional_preinitiation_complex_assembly_(GO:0051123),1/200,0.7798008127494223,0.7798008127494221,0.8226430015403322,0.8226430015403322,2.283028893447102,-0.5678275497766346,MEP-1
GO_Biological_Process_GeneRIF_Predicted_zscore,nuclear_pore_organization_(GO:0006999),1/200,0.7798008127494223,0.7798008127494221,0.8226430015403322,0.8226430015403322,2.332449876372791,-0.5801193765348479,MEP-1
GO_Biological_Process_GeneRIF_Predicted_zscore,nucleotide-sugar_biosynthetic_process_(GO:0009226),1/158,0.6970468816098601,0.7798008127494221,0.7446193990291293,0.8226430015403322,1.6290059424143322,-0.5879124938622925,Rep
GO_Biological_Process_GeneRIF_Predicted_zscore,nucleotide-sugar_metabolic_process_(GO:0009225),1/158,0.6970468816098601,0.7798008127494221,0.7446193990291293,0.8226430015403322,1.6332275719523888,-0.5894360909746535,Rep
GO_Biological_Process_GeneRIF_Predicted_zscore,STAT_cascade_(GO:0097696),1/200,0.7798008127494223,0.7798008127494221,0.8226430015403322,0.8226430015403322,2.395794985561757,-0.5958743668656075,MEP-1
GO_Biological_Process_GeneRIF_Predicted_zscore,nucleosome_assembly_(GO:0006334),1/200,0.7798008127494223,0.7798008127494221,0.8226430015403322,0.8226430015403322,2.4046041063225343,-0.5980653428412668,MEP-1
GO_Biological_Process_GeneRIF_Predicted_zscore,establishment_or_maintenance_of_cytoskeleton_polarity_involved_in_gastrulation_(GO:0003380),1/200,0.7798008127494223,0.7798008127494221,0.8226430015403322,0.8226430015403322,2.4074885931348886,-0.598782763056019,MEP-1
GO_Biological_Process_GeneRIF_Predicted_zscore,organelle_assembly_(GO:0070925),2/200,0.4436359549663501,0.7798008127494221,0.5137900612566643,0.8226430015403322,0.7464813167652617,-0.6067034173604702,MEP-1;Caf1-55
GO_Biological_Process_GeneRIF_Predicted_zscore,organelle_disassembly_(GO:1903008),2/200,0.4436359549663501,0.7798008127494221,0.5137900612566643,0.8226430015403322,0.7533380309207331,-0.6122762184695655,MEP-1;Caf1-55
GO_Biological_Process_GeneRIF_Predicted_zscore,Wnt_signaling_pathway_(GO:0016055),1/200,0.7798008127494223,0.7798008127494221,0.8226430015403322,0.8226430015403322,2.623456639066156,-0.652497635742557,MEP-1
GO_Biological_Process_GeneRIF_Predicted_zscore,TORC1_signaling_(GO:0038202),1/200,0.7798008127494223,0.7798008127494221,0.8226430015403322,0.8226430015403322,2.6240207649582867,-0.6526379433067818,MEP-1
GO_Biological_Process_GeneRIF_Predicted_zscore,nucleosome_organization_(GO:0034728),1/200,0.7798008127494223,0.7798008127494221,0.8226430015403322,0.8226430015403322,2.67391446682791,-0.6650473431892062,MEP-1
GO_Biological_Process_GeneRIF_Predicted_zscore,organelle_fission_(GO:0048285),1/200,0.7798008127494223,0.7798008127494221,0.8226430015403322,0.8226430015403322,2.7394276850225654,-0.6813415785675792,Sara
GO_Biological_Process_GeneRIF_Predicted_zscore,receptor_clustering_(GO:0043113),3/200,0.1900326525530107,0.7798008127494221,0.2469660980878513,0.8226430015403322,0.4110982033047665,-0.6826529718619858,rg;Sxl;fru
GO_Biological_Process_GeneRIF_Predicted_zscore,nucleotide-excision_repair_(GO:0006289),1/200,0.7798008127494223,0.7798008127494221,0.8226430015403322,0.8226430015403322,2.751052947411015,-0.6842329761650825,Caf1-55
GO_Biological_Process_GeneRIF_Predicted_zscore,establishment_or_maintenance_of_apical/basal_cell_polarity_(GO:0035088),1/200,0.7798008127494223,0.7798008127494221,0.8226430015403322,0.8226430015403322,2.7742583593508003,-0.6900045510413998,MEP-1
GO_Biological_Process_GeneRIF_Predicted_zscore,pentose_metabolic_process_(GO:0019321),1/190,0.76240742661501,0.7798008127494221,0.8065292055913533,0.8226430015403322,2.5485033650733326,-0.6913431748313581,MEP-1
GO_Biological_Process_GeneRIF_Predicted_zscore,RNA_catabolic_process_(GO:0006401),1/200,0.7798008127494223,0.7798008127494221,0.8226430015403322,0.8226430015403322,2.8184058237442406,-0.7009847653555202,MEP-1
GO_Biological_Process_GeneRIF_Predicted_zscore,oocyte_development_(GO:0048599),1/200,0.7798008127494223,0.7798008127494221,0.8226430015403322,0.8226430015403322,2.821999639082024,-0.7018786074630207,MEP-1
GO_Biological_Process_GeneRIF_Predicted_zscore,oocyte_fate_determination_(GO:0030716),1/200,0.7798008127494223,0.7798008127494221,0.8226430015403322,0.8226430015403322,2.8301905567520267,-0.703915825968809,pcs
GO_Biological_Process_GeneRIF_Predicted_zscore,oogenesis_(GO:0048477),1/200,0.7798008127494223,0.7798008127494221,0.8226430015403322,0.8226430015403322,2.835428593193598,-0.705218613422264,MEP-1
GO_Biological_Process_GeneRIF_Predicted_zscore,RNA_interference_(GO:0016246),1/200,0.7798008127494223,0.7798008127494221,0.8226430015403322,0.8226430015403322,2.850799822087418,-0.7090416956727278,MEP-1
GO_Biological_Process_GeneRIF_Predicted_zscore,regulation_of_developmental_growth_(GO:0048638),1/180,0.7436500214450774,0.7798008127494221,0.7889718266508656,0.8226430015403322,2.3994749730757583,-0.7106879096827401,MEP-1
GO_Biological_Process_GeneRIF_Predicted_zscore,RNA_polyadenylation_(GO:0043631),1/200,0.7798008127494223,0.7798008127494221,0.8226430015403322,0.8226430015403322,2.857962196527667,-0.7108230982387062,MEP-1
GO_Biological_Process_GeneRIF_Predicted_zscore,regulation_of_organ_morphogenesis_(GO:2000027),1/200,0.7798008127494223,0.7798008127494221,0.8226430015403322,0.8226430015403322,2.870972661715718,-0.7140590189887194,MEP-1
GO_Biological_Process_GeneRIF_Predicted_zscore,regulation_of_JNK_cascade_(GO:0046328),3/200,0.1900326525530107,0.7798008127494221,0.2469660980878513,0.8226430015403322,0.4320636826224842,-0.7174673949066438,M6;Sara;capt
GO_Biological_Process_GeneRIF_Predicted_zscore,Wnt_protein_secretion_(GO:0061355),1/200,0.7798008127494223,0.7798008127494221,0.8226430015403322,0.8226430015403322,2.88558331940295,-0.717692934432794,MEP-1
GO_Biological_Process_GeneRIF_Predicted_zscore,establishment_or_maintenance_of_actin_cytoskeleton_polarity_(GO:0030950),1/200,0.7798008127494223,0.7798008127494221,0.8226430015403322,0.8226430015403322,2.89894018375223,-0.7210150104599173,MEP-1
GO_Biological_Process_GeneRIF_Predicted_zscore,oxidative_phosphorylation_(GO:0006119),2/200,0.4436359549663501,0.7798008127494221,0.5137900612566643,0.8226430015403322,0.8909222854922152,-0.7240979553955814,CG5412;Rep
GO_Biological_Process_GeneRIF_Predicted_zscore,establishment_or_maintenance_of_epithelial_cell_apical/basal_polarity_(GO:0045197),1/200,0.7798008127494223,0.7798008127494221,0.8226430015403322,0.8226430015403322,2.935947979181398,-0.7302194694404827,MEP-1
GO_Biological_Process_GeneRIF_Predicted_zscore,establishment_of_protein_localization_to_organelle_(GO:0072594),1/200,0.7798008127494223,0.7798008127494221,0.8226430015403322,0.8226430015403322,2.940062788713689,-0.7312428915361141,MEP-1
GO_Biological_Process_GeneRIF_Predicted_zscore,establishment_or_maintenance_of_microtubule_cytoskeleton_polarity_(GO:0030951),1/200,0.7798008127494223,0.7798008127494221,0.8226430015403322,0.8226430015403322,3.0481498083302903,-0.7581259448727212,MEP-1
GO_Biological_Process_GeneRIF_Predicted_zscore,regulation_of_locomotor_rhythm_(GO:1904059),2/200,0.4436359549663501,0.7798008127494221,0.5137900612566643,0.8226430015403322,0.9343302255960786,-0.7593778009993717,rg;CG13375
GO_Biological_Process_GeneRIF_Predicted_zscore,organelle_transport_along_microtubule_(GO:0072384),1/200,0.7798008127494223,0.7798008127494221,0.8226430015403322,0.8226430015403322,3.148084328027414,-0.7829813348419842,MEP-1
GO_Biological_Process_GeneRIF_Predicted_zscore,establishment_or_maintenance_of_cytoskeleton_polarity_involved_in_ameboidal_cell_migration_(GO:0003371),1/200,0.7798008127494223,0.7798008127494221,0.8226430015403322,0.8226430015403322,3.1523622149745765,-0.7840453170239009,MEP-1
GO_Biological_Process_GeneRIF_Predicted_zscore,protein_N-linked_glycosylation_(GO:0006487),3/200,0.1900326525530107,0.7798008127494221,0.2469660980878513,0.8226430015403322,0.4936209694148194,-0.8196869240379718,MEP-1;CG17068;Caf1-55
GO_Biological_Process_GeneRIF_Predicted_zscore,RNA_processing_(GO:0006396),1/200,0.7798008127494223,0.7798008127494221,0.8226430015403322,0.8226430015403322,3.354943347884954,-0.8344306400750652,MEP-1
GO_Biological_Process_GeneRIF_Predicted_zscore,organophosphate_biosynthetic_process_(GO:0090407),2/200,0.4436359549663501,0.7798008127494221,0.5137900612566643,0.8226430015403322,1.0738584390391113,-0.8727794923918821,M6;ogre
GO_Biological_Process_GeneRIF_Predicted_zscore,regulation_of_immune_response_(GO:0050776),1/166,0.7148943576682943,0.7798008127494221,0.7617214260762771,0.8226430015403322,2.600748849657552,-0.8728646259606012,MEP-1
GO_Biological_Process_GeneRIF_Predicted_zscore,regulation_of_transcription_initiation_from_RNA_polymerase_II_promoter_(GO:0060260),1/141,0.6553522538505723,0.7798008127494221,0.7041524959041829,0.8226430015403322,2.124994316565869,-0.8979851892856059,MEP-1
GO_Biological_Process_GeneRIF_Predicted_zscore,regulation_of_heterochromatin_assembly_(GO:0031445),2/200,0.4436359549663501,0.7798008127494221,0.5137900612566643,0.8226430015403322,1.1239281917648092,-0.9134737326934476,MEP-1;Caf1-55
GO_Biological_Process_GeneRIF_Predicted_zscore,pattern_recognition_receptor_signaling_pathway_(GO:0002221),1/200,0.7798008127494223,0.7798008127494221,0.8226430015403322,0.8226430015403322,3.7471927987449463,-0.9319896526755428,CG6356
GO_Biological_Process_GeneRIF_Predicted_zscore,regulation_of_ion_transport_(GO:0043269),2/200,0.4436359549663501,0.7798008127494221,0.5137900612566643,0.8226430015403322,1.1472292391463252,-0.9324116816507012,hoe1;wtrw
GO_Biological_Process_GeneRIF_Predicted_zscore,regulation_of_nervous_system_development_(GO:0051960),1/200,0.7798008127494223,0.7798008127494221,0.8226430015403322,0.8226430015403322,3.77154397179123,-0.938046197542209,Sxl
GO_Biological_Process_GeneRIF_Predicted_zscore,regulation_of_neuron_differentiation_(GO:0045664),1/200,0.7798008127494223,0.7798008127494221,0.8226430015403322,0.8226430015403322,3.821135129193633,-0.950380349544936,MEP-1
GO_Biological_Process_GeneRIF_Predicted_zscore,regulation_of_histone_methylation_(GO:0031060),2/200,0.4436359549663501,0.7798008127494221,0.5137900612566643,0.8226430015403322,1.176171717603831,-0.9559347092103748,MEP-1;Caf1-55
GO_Biological_Process_GeneRIF_Predicted_zscore,phosphatidylinositol_dephosphorylation_(GO:0046856),2/200,0.4436359549663501,0.7798008127494221,0.5137900612566643,0.8226430015403322,1.1833022161261804,-0.961730028830348,capt;Cdc42
GO_Biological_Process_GeneRIF_Predicted_zscore,eye_pigment_metabolic_process_(GO:0042441),1/200,0.7798008127494223,0.7798008127494221,0.8226430015403322,0.8226430015403322,3.880825923242363,-0.9652264504533375,MEP-1
GO_Biological_Process_GeneRIF_Predicted_zscore,postsynaptic_membrane_organization_(GO:0001941),3/200,0.1900326525530107,0.7798008127494221,0.2469660980878513,0.8226430015403322,0.5823797968638614,-0.9670762262776472,rg;fru;CG13375
GO_Biological_Process_GeneRIF_Predicted_zscore,"phagocytosis,_engulfment_(GO:0006911)",2/200,0.4436359549663501,0.7798008127494221,0.5137900612566643,0.8226430015403322,1.2067153454851949,-0.980759072523994,CG2991;Sara
GO_Biological_Process_GeneRIF_Predicted_zscore,AMP_biosynthetic_process_(GO:0006167),2/200,0.4436359549663501,0.7798008127494221,0.5137900612566643,0.8226430015403322,1.2108937463125902,-0.9841550718667076,rg;Sxl
GO_Biological_Process_GeneRIF_Predicted_zscore,regulation_of_phagocytosis_(GO:0050764),1/111,0.5674047786602016,0.7798008127494221,0.6167304635767762,0.8226430015403322,1.7468645982901476,-0.9899173088104324,MEP-1
GO_Biological_Process_GeneRIF_Predicted_zscore,eye_pigment_biosynthetic_process_(GO:0006726),1/200,0.7798008127494223,0.7798008127494221,0.8226430015403322,0.8226430015403322,4.027729698165278,-1.0017638814104504,MEP-1
GO_Biological_Process_GeneRIF_Predicted_zscore,peptide_biosynthetic_process_(GO:0043043),2/200,0.4436359549663501,0.7798008127494221,0.5137900612566643,0.8226430015403322,1.2331072339621898,-1.0022091055924365,MEP-1;Caf1-55
GO_Biological_Process_GeneRIF_Predicted_zscore,regulation_of_histone_modification_(GO:0031056),2/200,0.4436359549663501,0.7798008127494221,0.5137900612566643,0.8226430015403322,1.237783646236824,-1.006009864224014,MEP-1;Caf1-55
GO_Biological_Process_GeneRIF_Predicted_zscore,regulation_of_regulated_secretory_pathway_(GO:1903305),1/200,0.7798008127494223,0.7798008127494221,0.8226430015403322,0.8226430015403322,4.052846729567756,-1.0080109080862265,ogre
GO_Biological_Process_GeneRIF_Predicted_zscore,regulation_of_endocytosis_(GO:0030100),1/159,0.6993371228959189,0.7798008127494221,0.7468216861466339,0.8226430015403322,2.8310382295365493,-1.0124425725773645,MEP-1
GO_Biological_Process_GeneRIF_Predicted_zscore,open_tracheal_system_development_(GO:0007424),2/200,0.4436359549663501,0.7798008127494221,0.5137900612566643,0.8226430015403322,1.2467479387190188,-1.01329560167118,M6;ogre
GO_Biological_Process_GeneRIF_Predicted_zscore,peptidyl-glutamic_acid_modification_(GO:0018200),2/200,0.4436359549663501,0.7798008127494221,0.5137900612566643,0.8226430015403322,1.2547445855584158,-1.0197948841795628,MEP-1;Caf1-55
GO_Biological_Process_GeneRIF_Predicted_zscore,regulation_of_photoreceptor_cell_differentiation_(GO:0046532),1/200,0.7798008127494223,0.7798008127494221,0.8226430015403322,0.8226430015403322,4.231710799693301,-1.0524974001205498,MEP-1
GO_Biological_Process_GeneRIF_Predicted_zscore,primary_miRNA_processing_(GO:0031053),2/188,0.4128021984678579,0.7798008127494221,0.4812123269655981,0.8226430015403322,1.2113450137858286,-1.0717820046522402,MEP-1;Caf1-55
GO_Biological_Process_GeneRIF_Predicted_zscore,Rho_protein_signal_transduction_(GO:0007266),1/200,0.7798008127494223,0.7798008127494221,0.8226430015403322,0.8226430015403322,4.395193891982098,-1.0931583851789088,MEP-1
GO_Biological_Process_GeneRIF_Predicted_zscore,fat_body_development_(GO:0007503),1/200,0.7798008127494223,0.7798008127494221,0.8226430015403322,0.8226430015403322,4.396495432810222,-1.0934821001969226,MEP-1
GO_Biological_Process_GeneRIF_Predicted_zscore,pre-miRNA_processing_(GO:0031054),2/188,0.4128021984678579,0.7798008127494221,0.4812123269655981,0.8226430015403322,1.2547873225487565,-1.110219183360836,MEP-1;Caf1-55
GO_Biological_Process_GeneRIF_Predicted_zscore,regulation_of_neuromuscular_junction_development_(GO:1904396),1/200,0.7798008127494223,0.7798008127494221,0.8226430015403322,0.8226430015403322,4.666160504765486,-1.1605523232274773,CG13375
GO_Biological_Process_GeneRIF_Predicted_zscore,regulation_of_cellular_protein_localization_(GO:1903827),1/200,0.7798008127494223,0.7798008127494221,0.8226430015403322,0.8226430015403322,4.914050956842259,-1.2222068333476916,MEP-1
GO_Biological_Process_GeneRIF_Predicted_zscore,regulation_of_feeding_behavior_(GO:0060259),1/172,0.7275909111639723,0.7798008127494221,0.7738012297841329,0.8226430015403322,3.8732411667165296,-1.2317539175898518,Sxl
GO_Biological_Process_GeneRIF_Predicted_zscore,regulation_of_cell_maturation_(GO:1903429),1/173,0.729651702116946,0.7798008127494221,0.7757548898564,0.8226430015403322,4.020671939791129,-1.267267463268925,MEP-1
GO_Biological_Process_GeneRIF_Predicted_zscore,regulation_of_embryonic_pattern_specification_(GO:1902875),1/200,0.7798008127494223,0.7798008127494221,0.8226430015403322,0.8226430015403322,5.139406740824589,-1.2782565938277135,ogre
GO_Biological_Process_GeneRIF_Predicted_zscore,regulation_of_neuron_apoptotic_process_(GO:0043523),1/200,0.7798008127494223,0.7798008127494221,0.8226430015403322,0.8226430015403322,5.2132812448443415,-1.2966304211274475,MEP-1
GO_Biological_Process_GeneRIF_Predicted_zscore,regulation_of_cellular_component_organization_(GO:0051128),1/200,0.7798008127494223,0.7798008127494221,0.8226430015403322,0.8226430015403322,5.216720844370395,-1.297485907177886,MEP-1
GO_Biological_Process_GeneRIF_Predicted_zscore,proteolysis_involved_in_cellular_protein_catabolic_process_(GO:0051603),3/200,0.1900326525530107,0.7798008127494221,0.2469660980878513,0.8226430015403322,0.7824498835838462,-1.2993044826459454,MEP-1;Clamp;Caf1-55
GO_Biological_Process_GeneRIF_Predicted_zscore,postsynaptic_membrane_assembly_(GO:0097104),3/200,0.1900326525530107,0.7798008127494221,0.2469660980878513,0.8226430015403322,0.7897476084865988,-1.3114227880840308,rg;Sxl;M6
GO_Biological_Process_GeneRIF_Predicted_zscore,regulation_of_cellular_response_to_stress_(GO:0080135),1/83,0.4653459846624468,0.7798008127494221,0.5123488061469285,0.8226430015403322,1.714470535295125,-1.3115255496176297,MEP-1
GO_Biological_Process_GeneRIF_Predicted_zscore,regulation_of_cellular_pH_(GO:0030641),2/200,0.4436359549663501,0.7798008127494221,0.5137900612566643,0.8226430015403322,1.6394890345783113,-1.332496309906263,capt;Cdc42
GO_Biological_Process_GeneRIF_Predicted_zscore,regulation_of_dendrite_morphogenesis_(GO:0048814),1/200,0.7798008127494223,0.7798008127494221,0.8226430015403322,0.8226430015403322,5.377058725831894,-1.3373646255891949,Sxl
GO_Biological_Process_GeneRIF_Predicted_zscore,regulation_of_eye_photoreceptor_cell_development_(GO:0042478),1/200,0.7798008127494223,0.7798008127494221,0.8226430015403322,0.8226430015403322,5.46843887470573,-1.3600924001619072,ogre
GO_Biological_Process_GeneRIF_Predicted_zscore,regulation_of_actin_polymerization_or_depolymerization_(GO:0008064),3/200,0.1900326525530107,0.7798008127494221,0.2469660980878513,0.8226430015403322,0.8542903594648363,-1.4185998577312509,MEP-1;capt;Cdc42
GO_Biological_Process_GeneRIF_Predicted_zscore,regulation_of_cell_size_(GO:0008361),1/200,0.7798008127494223,0.7798008127494221,0.8226430015403322,0.8226430015403322,5.727960707894951,-1.4246398297088343,MEP-1
GO_Biological_Process_GeneRIF_Predicted_zscore,regulation_of_organ_growth_(GO:0046620),1/200,0.7798008127494223,0.7798008127494221,0.8226430015403322,0.8226430015403322,5.732767280182517,-1.4258353047957713,MEP-1
GO_Biological_Process_GeneRIF_Predicted_zscore,regulation_of_actin_filament_polymerization_(GO:0030833),3/200,0.1900326525530107,0.7798008127494221,0.2469660980878513,0.8226430015403322,0.8680079611685073,-1.441378749719956,MEP-1;capt;Cdc42
GO_Biological_Process_GeneRIF_Predicted_zscore,regulation_of_innate_immune_response_(GO:0045088),1/200,0.7798008127494223,0.7798008127494221,0.8226430015403322,0.8226430015403322,5.995967230608401,-1.4912975437453653,MEP-1
GO_Biological_Process_GeneRIF_Predicted_zscore,synaptic_target_recognition_(GO:0008039),2/200,0.4436359549663501,0.7798008127494221,0.5137900612566643,0.8226430015403322,1.8460162154584725,-1.5003514773480755,Sxl;M6
GO_Biological_Process_GeneRIF_Predicted_zscore,regulation_of_peptide_secretion_(GO:0002791),1/200,0.7798008127494223,0.7798008127494221,0.8226430015403322,0.8226430015403322,6.051514485452844,-1.5051130770071957,MEP-1
GO_Biological_Process_GeneRIF_Predicted_zscore,regulation_of_muscle_contraction_(GO:0006937),1/200,0.7798008127494223,0.7798008127494221,0.8226430015403322,0.8226430015403322,6.100456913829501,-1.517285879228404,ogre
GO_Biological_Process_GeneRIF_Predicted_zscore,protein_dephosphorylation_(GO:0006470),2/191,0.4205907509628423,0.7798008127494221,0.4894791804706837,0.8226430015403322,1.780874867678139,-1.5424068293101187,MEP-1;CG1951
GO_Biological_Process_GeneRIF_Predicted_zscore,protein_maturation_(GO:0051604),1/71,0.4145930622392569,0.7798008127494221,0.4594432346774282,0.8226430015403322,1.7529508785875842,-1.543399296410699,MEP-1
GO_Biological_Process_GeneRIF_Predicted_zscore,peripheral_nervous_system_neuron_development_(GO:0048935),2/200,0.4436359549663501,0.7798008127494221,0.5137900612566643,0.8226430015403322,1.902464700694828,-1.5462300387113044,Sxl;M6
GO_Biological_Process_GeneRIF_Predicted_zscore,positive_regulation_of_signal_transduction_(GO:0009967),1/197,0.7747200122995018,0.7798008127494221,0.8179532720215756,0.8226430015403322,6.067406932060591,-1.5487273974942637,MEP-1
GO_Biological_Process_GeneRIF_Predicted_zscore,regulation_of_cell_morphogenesis_involved_in_differentiation_(GO:0010769),1/200,0.7798008127494223,0.7798008127494221,0.8226430015403322,0.8226430015403322,6.228740293566869,-1.5491921058216869,MEP-1
GO_Biological_Process_GeneRIF_Predicted_zscore,regulation_of_cellular_localization_(GO:0060341),1/200,0.7798008127494223,0.7798008127494221,0.8226430015403322,0.8226430015403322,6.387940832514875,-1.5887879480878244,MEP-1
GO_Biological_Process_GeneRIF_Predicted_zscore,regulation_of_tube_diameter_(GO:0035296),2/200,0.4436359549663501,0.7798008127494221,0.5137900612566643,0.8226430015403322,1.9825354550925245,-1.6113076223462466,M6;ogre
GO_Biological_Process_GeneRIF_Predicted_zscore,regulation_of_synaptic_activity_(GO:0060025),1/200,0.7798008127494223,0.7798008127494221,0.8226430015403322,0.8226430015403322,6.520238174233167,-1.6216925143004906,CG13375
GO_Biological_Process_GeneRIF_Predicted_zscore,renal_tubule_morphogenesis_(GO:0061333),2/200,0.4436359549663501,0.7798008127494221,0.5137900612566643,0.8226430015403322,2.034644093562272,-1.6536589690224002,M6;ogre
GO_Biological_Process_GeneRIF_Predicted_zscore,regulation_of_axon_regeneration_(GO:0048679),3/200,0.1900326525530107,0.7798008127494221,0.2469660980878513,0.8226430015403322,0.9968217879348404,-1.6552817562328836,CG2124;Rep;Caf1-55
GO_Biological_Process_GeneRIF_Predicted_zscore,regulation_of_short-term_neuronal_synaptic_plasticity_(GO:0048172),1/200,0.7798008127494223,0.7798008127494221,0.8226430015403322,0.8226430015403322,6.658984937738462,-1.6562011598050574,CG13375
GO_Biological_Process_GeneRIF_Predicted_zscore,regulation_of_dendrite_development_(GO:0050773),1/200,0.7798008127494223,0.7798008127494221,0.8226430015403322,0.8226430015403322,6.687758999312783,-1.6633577511770568,fru
GO_Biological_Process_GeneRIF_Predicted_zscore,protein_glycosylation_(GO:0006486),2/178,0.3864838980210742,0.7798008127494221,0.4530904701650231,0.8226430015403322,1.756434902050007,-1.6697813140763818,AP-2mu;capt
GO_Biological_Process_GeneRIF_Predicted_zscore,regulation_of_programmed_cell_death_(GO:0043067),1/200,0.7798008127494223,0.7798008127494221,0.8226430015403322,0.8226430015403322,6.82192275139317,-1.6967265249281502,MEP-1
GO_Biological_Process_GeneRIF_Predicted_zscore,transmembrane_receptor_protein_tyrosine_kinase_signaling_pathway_(GO:0007169),1/154,0.6877113264763342,0.7798008127494221,0.7356195514239015,0.8226430015403322,4.589430516006459,-1.7182190504339103,MEP-1
GO_Biological_Process_GeneRIF_Predicted_zscore,protein_transport_(GO:0015031),2/181,0.3944346114652345,0.7798008127494221,0.4616164134120759,0.8226430015403322,1.8516609781843132,-1.722603731418159,MEP-1;Caf1-55
GO_Biological_Process_GeneRIF_Predicted_zscore,"regulation_of_gene_expression,_epigenetic_(GO:0040029)",1/200,0.7798008127494223,0.7798008127494221,0.8226430015403322,0.8226430015403322,6.988294201350463,-1.7381058929480604,MEP-1
GO_Biological_Process_GeneRIF_Predicted_zscore,regulation_of_mitotic_cell_cycle_phase_transition_(GO:1901990),1/200,0.7798008127494223,0.7798008127494221,0.8226430015403322,0.8226430015403322,7.020076595300846,-1.7460107070021802,MEP-1
GO_Biological_Process_GeneRIF_Predicted_zscore,regulation_of_microtubule_polymerization_or_depolymerization_(GO:0031110),1/200,0.7798008127494223,0.7798008127494221,0.8226430015403322,0.8226430015403322,7.04590978979143,-1.752435855440991,MEP-1
GO_Biological_Process_GeneRIF_Predicted_zscore,regulation_of_microtubule_depolymerization_(GO:0031114),1/200,0.7798008127494223,0.7798008127494221,0.8226430015403322,0.8226430015403322,7.06504059942024,-1.7571940084314983,Sara
GO_Biological_Process_GeneRIF_Predicted_zscore,superoxide_metabolic_process_(GO:0006801),2/200,0.4436359549663501,0.7798008127494221,0.5137900612566643,0.8226430015403322,2.187767125149747,-1.778109862104738,Vsp37A;CG6276
GO_Biological_Process_GeneRIF_Predicted_zscore,renal_tubule_development_(GO:0061326),2/200,0.4436359549663501,0.7798008127494221,0.5137900612566643,0.8226430015403322,2.206966909990856,-1.7937145059371695,M6;ogre
GO_Biological_Process_GeneRIF_Predicted_zscore,regulation_of_tube_size_(GO:0035150),2/200,0.4436359549663501,0.7798008127494221,0.5137900612566643,0.8226430015403322,2.2198421182358063,-1.8041788439802011,M6;ogre
GO_Biological_Process_GeneRIF_Predicted_zscore,regulation_of_receptor-mediated_endocytosis_(GO:0048259),1/200,0.7798008127494223,0.7798008127494221,0.8226430015403322,0.8226430015403322,7.428926752708269,-1.8476985935518413,MEP-1
GO_Biological_Process_GeneRIF_Predicted_zscore,regulation_of_cytokinesis_(GO:0032465),1/200,0.7798008127494223,0.7798008127494221,0.8226430015403322,0.8226430015403322,7.478425377943421,-1.8600097312537172,MEP-1
GO_Biological_Process_GeneRIF_Predicted_zscore,ubiquinone_biosynthetic_process_(GO:0006744),1/113,0.5739054784997698,0.7798008127494221,0.6232787301247398,0.8226430015403322,3.350153643534606,-1.8603087190213887,CG10347
GO_Biological_Process_GeneRIF_Predicted_zscore,ubiquinone_metabolic_process_(GO:0006743),1/113,0.5739054784997698,0.7798008127494221,0.6232787301247398,0.8226430015403322,3.381039228970787,-1.877459193295872,CG10347
GO_Biological_Process_GeneRIF_Predicted_zscore,response_to_insecticide_(GO:0017085),2/200,0.4436359549663501,0.7798008127494221,0.5137900612566643,0.8226430015403322,2.310620902619118,-1.8779593894168172,rg;CG17724
GO_Biological_Process_GeneRIF_Predicted_zscore,protein_localization_to_Golgi_apparatus_(GO:0034067),2/131,0.2577458075995794,0.7798008127494221,0.3113953938897269,0.8226430015403322,1.3862561603449088,-1.8794603477636505,Rep;Cdc42
GO_Biological_Process_GeneRIF_Predicted_zscore,sterol_transport_(GO:0015918),1/200,0.7798008127494223,0.7798008127494221,0.8226430015403322,0.8226430015403322,7.583841639728769,-1.8862285223553088,ogre
GO_Biological_Process_GeneRIF_Predicted_zscore,regulation_of_Toll_signaling_pathway_(GO:0008592),2/168,0.35967224673064,0.7798008127494221,0.4241460628747444,0.8226430015403322,1.8472836182647576,-1.8889621937645524,MEP-1;Cdc42
GO_Biological_Process_GeneRIF_Predicted_zscore,regulation_of_epithelial_cell_migration_(GO:0010632),1/200,0.7798008127494223,0.7798008127494221,0.8226430015403322,0.8226430015403322,7.609458245422553,-1.892599801530288,MEP-1
GO_Biological_Process_GeneRIF_Predicted_zscore,positive_regulation_of_cellular_biosynthetic_process_(GO:0031328),1/184,0.7513232849488276,0.7798008127494221,0.7961759292744708,0.8226430015403322,6.620054728038697,-1.892801064328781,MEP-1
GO_Biological_Process_GeneRIF_Predicted_zscore,positive_regulation_of_peptide_secretion_(GO:0002793),1/199,0.778119988487523,0.7798008127494221,0.8210931644527272,0.8226430015403322,7.546552672670646,-1.893237929193185,MEP-1
GO_Biological_Process_GeneRIF_Predicted_zscore,regulation_of_ecdysteroid_biosynthetic_process_(GO:0007554),1/200,0.7798008127494223,0.7798008127494221,0.8226430015403322,0.8226430015403322,7.648069178285012,-1.9022029876593856,MEP-1
GO_Biological_Process_GeneRIF_Predicted_zscore,positive_regulation_of_cellular_catabolic_process_(GO:0031331),1/184,0.7513232849488276,0.7798008127494221,0.7961759292744708,0.8226430015403322,6.673620114777866,-1.908116439381748,MEP-1
GO_Biological_Process_GeneRIF_Predicted_zscore,regulation_of_mRNA_stability_(GO:0043488),1/200,0.7798008127494223,0.7798008127494221,0.8226430015403322,0.8226430015403322,7.671964191413063,-1.9081460779090649,MEP-1
GO_Biological_Process_GeneRIF_Predicted_zscore,regulation_of_cytoplasmic_translation_(GO:2000765),1/200,0.7798008127494223,0.7798008127494221,0.8226430015403322,0.8226430015403322,7.722260397073565,-1.920655587230317,MEP-1
GO_Biological_Process_GeneRIF_Predicted_zscore,regulation_of_cytoskeleton_organization_(GO:0051493),1/200,0.7798008127494223,0.7798008127494221,0.8226430015403322,0.8226430015403322,7.747296761485585,-1.926882550673573,MEP-1
GO_Biological_Process_GeneRIF_Predicted_zscore,regulation_of_gastrulation_(GO:0010470),1/200,0.7798008127494223,0.7798008127494221,0.8226430015403322,0.8226430015403322,7.7711695927352284,-1.93282012391832,MEP-1
GO_Biological_Process_GeneRIF_Predicted_zscore,rRNA_catabolic_process_(GO:0016075),3/200,0.1900326525530107,0.7798008127494221,0.2469660980878513,0.8226430015403322,1.1686685969368522,-1.9406435844461136,Clamp;Rbm13;Caf1-55
GO_Biological_Process_GeneRIF_Predicted_zscore,regulation_of_gene_silencing_by_miRNA_(GO:0060964),1/177,0.7377411493075641,0.7798008127494221,0.7834043354033765,0.8226430015403322,6.4571464747838645,-1.9640202785020349,MEP-1
GO_Biological_Process_GeneRIF_Predicted_zscore,synapse_assembly_(GO:0007416),2/200,0.4436359549663501,0.7798008127494221,0.5137900612566643,0.8226430015403322,2.4219328453764586,-1.9684282793236068,rg;Sxl
GO_Biological_Process_GeneRIF_Predicted_zscore,protein_polymerization_(GO:0051258),3/200,0.1900326525530107,0.7798008127494221,0.2469660980878513,0.8226430015403322,1.1981572780278615,-1.9896112900241023,MEP-1;capt;Cdc42
GO_Biological_Process_GeneRIF_Predicted_zscore,regulation_of_macroautophagy_(GO:0016241),1/166,0.7148943576682943,0.7798008127494221,0.7617214260762771,0.8226430015403322,5.963674349674631,-2.001531359425574,MEP-1
GO_Biological_Process_GeneRIF_Predicted_zscore,regulation_of_cell_proliferation_(GO:0042127),2/200,0.4436359549663501,0.7798008127494221,0.5137900612566643,0.8226430015403322,2.464861850955037,-2.0033188704254346,MEP-1;Myc
GO_Biological_Process_GeneRIF_Predicted_zscore,regulation_of_cellular_amide_metabolic_process_(GO:0034248),2/200,0.4436359549663501,0.7798008127494221,0.5137900612566643,0.8226430015403322,2.478537826909506,-2.014434033204417,CG2991;Sara
GO_Biological_Process_GeneRIF_Predicted_zscore,sphingolipid_biosynthetic_process_(GO:0030148),2/200,0.4436359549663501,0.7798008127494221,0.5137900612566643,0.8226430015403322,2.496859357183824,-2.029324874782168,CG2991;M6
GO_Biological_Process_GeneRIF_Predicted_zscore,sphingolipid_catabolic_process_(GO:0030149),2/200,0.4436359549663501,0.7798008127494221,0.5137900612566643,0.8226430015403322,2.519967724630617,-2.048106222934783,CG2991;M6
GO_Biological_Process_GeneRIF_Predicted_zscore,sphingolipid_metabolic_process_(GO:0006665),2/200,0.4436359549663501,0.7798008127494221,0.5137900612566643,0.8226430015403322,2.558627401816265,-2.079526913226434,CG2991;M6
GO_Biological_Process_GeneRIF_Predicted_zscore,rRNA_metabolic_process_(GO:0016072),3/200,0.1900326525530107,0.7798008127494221,0.2469660980878513,0.8226430015403322,1.2612593602111253,-2.09439604361046,Clamp;Rbm13;Caf1-55
GO_Biological_Process_GeneRIF_Predicted_zscore,regulation_of_cell_division_(GO:0051302),1/200,0.7798008127494223,0.7798008127494221,0.8226430015403322,0.8226430015403322,8.46542463056413,-2.1054929876661146,MEP-1
GO_Biological_Process_GeneRIF_Predicted_zscore,regulation_of_cell_motility_(GO:2000145),2/200,0.4436359549663501,0.7798008127494221,0.5137900612566643,0.8226430015403322,2.5957840930670173,-2.109726050235416,MEP-1;Cdc42
GO_Biological_Process_GeneRIF_Predicted_zscore,positive_regulation_of_secretion_by_cell_(GO:1903532),1/200,0.7798008127494223,0.7798008127494221,0.8226430015403322,0.8226430015403322,8.656828655546047,-2.1530983766451244,Caf1-55
GO_Biological_Process_GeneRIF_Predicted_zscore,stress-activated_MAPK_cascade_(GO:0051403),2/200,0.4436359549663501,0.7798008127494221,0.5137900612566643,0.8226430015403322,2.684155391399813,-2.1815499090393047,MEP-1;CG1951
GO_Biological_Process_GeneRIF_Predicted_zscore,positive_regulation_of_signaling_(GO:0023056),1/200,0.7798008127494223,0.7798008127494221,0.8226430015403322,0.8226430015403322,8.773818429109628,-2.1821956941001086,MEP-1
GO_Biological_Process_GeneRIF_Predicted_zscore,positive_regulation_of_toll-like_receptor_signaling_pathway_(GO:0034123),1/200,0.7798008127494223,0.7798008127494221,0.8226430015403322,0.8226430015403322,8.796362865288641,-2.187802873226649,CG6356
GO_Biological_Process_GeneRIF_Predicted_zscore,regulation_of_translation_(GO:0006417),1/200,0.7798008127494223,0.7798008127494221,0.8226430015403322,0.8226430015403322,8.903746399309941,-2.2145109579051594,MEP-1
GO_Biological_Process_GeneRIF_Predicted_zscore,posttranscriptional_gene_silencing_by_RNA_(GO:0035194),1/200,0.7798008127494223,0.7798008127494221,0.8226430015403322,0.8226430015403322,8.944965881683586,-2.2247629340174493,MEP-1
GO_Biological_Process_GeneRIF_Predicted_zscore,regulation_of_cell_fate_specification_(GO:0042659),1/200,0.7798008127494223,0.7798008127494221,0.8226430015403322,0.8226430015403322,8.993159228657507,-2.2367494271390576,ogre
GO_Biological_Process_GeneRIF_Predicted_zscore,regulation_of_cell_growth_(GO:0001558),1/200,0.7798008127494223,0.7798008127494221,0.8226430015403322,0.8226430015403322,9.187245139792374,-2.285021846153202,MEP-1
GO_Biological_Process_GeneRIF_Predicted_zscore,protein_targeting_to_membrane_(GO:0006612),2/184,0.4023388267058191,0.7798008127494221,0.4700664559311142,0.8226430015403322,2.51273322401746,-2.2877448321157683,MEP-1;M6
GO_Biological_Process_GeneRIF_Predicted_zscore,response_to_UV_(GO:0009411),2/200,0.4436359549663501,0.7798008127494221,0.5137900612566643,0.8226430015403322,2.816594517718657,-2.289189937966036,CG2991;fru
GO_Biological_Process_GeneRIF_Predicted_zscore,positive_regulation_of_stem_cell_proliferation_(GO:2000648),1/200,0.7798008127494223,0.7798008127494221,0.8226430015403322,0.8226430015403322,9.256800501373036,-2.302321430338728,MEP-1
GO_Biological_Process_GeneRIF_Predicted_zscore,positive_regulation_of_retinal_cell_programmed_cell_death_(GO:0046670),1/200,0.7798008127494223,0.7798008127494221,0.8226430015403322,0.8226430015403322,9.279758054705614,-2.308031358625277,Caf1-55
GO_Biological_Process_GeneRIF_Predicted_zscore,posttranscriptional_regulation_of_gene_expression_(GO:0010608),1/200,0.7798008127494223,0.7798008127494221,0.8226430015403322,0.8226430015403322,9.344084773649396,-2.324030491754016,MEP-1
GO_Biological_Process_GeneRIF_Predicted_zscore,pre-mRNA_cleavage_required_for_polyadenylation_(GO:0098789),1/200,0.7798008127494223,0.7798008127494221,0.8226430015403322,0.8226430015403322,9.359668861548124,-2.327906515606556,Caf1-55
GO_Biological_Process_GeneRIF_Predicted_zscore,positive_regulation_of_cell_migration_(GO:0030335),2/200,0.4436359549663501,0.7798008127494221,0.5137900612566643,0.8226430015403322,2.873650650658571,-2.3355623655922515,M6;ogre
GO_Biological_Process_GeneRIF_Predicted_zscore,presynaptic_membrane_organization_(GO:0097090),1/200,0.7798008127494223,0.7798008127494221,0.8226430015403322,0.8226430015403322,9.43326770216717,-2.3462117807983662,CG13375
GO_Biological_Process_GeneRIF_Predicted_zscore,terminal_region_determination_(GO:0007362),2/200,0.4436359549663501,0.7798008127494221,0.5137900612566643,0.8226430015403322,2.893492170949417,-2.3516885805365817,MEP-1;CG1951
GO_Biological_Process_GeneRIF_Predicted_zscore,succinate_transport_(GO:0015744),2/200,0.4436359549663501,0.7798008127494221,0.5137900612566643,0.8226430015403322,2.89442258704506,-2.3524447771246493,CG13192;Rbm13
GO_Biological_Process_GeneRIF_Predicted_zscore,torso_signaling_pathway_(GO:0008293),1/200,0.7798008127494223,0.7798008127494221,0.8226430015403322,0.8226430015403322,9.46054218131267,-2.3529954008870457,MEP-1
GO_Biological_Process_GeneRIF_Predicted_zscore,trunk_segmentation_(GO:0035290),2/200,0.4436359549663501,0.7798008127494221,0.5137900612566643,0.8226430015403322,2.9111506864468004,-2.3660405562085254,M6;ogre
GO_Biological_Process_GeneRIF_Predicted_zscore,telomere_capping_(GO:0016233),2/200,0.4436359549663501,0.7798008127494221,0.5137900612566643,0.8226430015403322,2.913538616959924,-2.367981349059188,Rbm13;Caf1-55
GO_Biological_Process_GeneRIF_Predicted_zscore,proteasomal_protein_catabolic_process_(GO:0010498),1/200,0.7798008127494223,0.7798008127494221,0.8226430015403322,0.8226430015403322,9.562522475306096,-2.378359609211345,MEP-1
GO_Biological_Process_GeneRIF_Predicted_zscore,positive_regulation_of_transferase_activity_(GO:0051347),1/200,0.7798008127494223,0.7798008127494221,0.8226430015403322,0.8226430015403322,9.59204903353952,-2.385703359114444,MEP-1
GO_Biological_Process_GeneRIF_Predicted_zscore,proteasome_assembly_(GO:0043248),1/200,0.7798008127494223,0.7798008127494221,0.8226430015403322,0.8226430015403322,9.60127863845364,-2.387998916546429,Caf1-55
GO_Biological_Process_GeneRIF_Predicted_zscore,regulation_of_axon_guidance_(GO:1902667),3/200,0.1900326525530107,0.7798008127494221,0.2469660980878513,0.8226430015403322,1.4475734326701617,-2.4037816216582923,Sxl;M6;ogre
GO_Biological_Process_GeneRIF_Predicted_zscore,protein_acylation_(GO:0043543),1/200,0.7798008127494223,0.7798008127494221,0.8226430015403322,0.8226430015403322,9.730530545525614,-2.4201460321205217,MEP-1
GO_Biological_Process_GeneRIF_Predicted_zscore,protein_acetylation_(GO:0006473),1/200,0.7798008127494223,0.7798008127494221,0.8226430015403322,0.8226430015403322,9.759563917062406,-2.427367118226269,MEP-1
GO_Biological_Process_GeneRIF_Predicted_zscore,regulation_of_embryonic_development_(GO:0045995),1/200,0.7798008127494223,0.7798008127494221,0.8226430015403322,0.8226430015403322,9.765910398845577,-2.4289455946139245,MEP-1
GO_Biological_Process_GeneRIF_Predicted_zscore,phosphorylation_of_RNA_polymerase_II_C-terminal_domain_(GO:0070816),1/200,0.7798008127494223,0.7798008127494221,0.8226430015403322,0.8226430015403322,9.815900566191502,-2.441378987077084,MEP-1
GO_Biological_Process_GeneRIF_Predicted_zscore,synaptonemal_complex_assembly_(GO:0007130),1/200,0.7798008127494223,0.7798008127494221,0.8226430015403322,0.8226430015403322,9.830422275268964,-2.444990779511114,MEP-1
GO_Biological_Process_GeneRIF_Predicted_zscore,regulation_of_transferase_activity_(GO:0051338),1/200,0.7798008127494223,0.7798008127494221,0.8226430015403322,0.8226430015403322,9.91171651665191,-2.465210019849212,MEP-1
GO_Biological_Process_GeneRIF_Predicted_zscore,response_to_disaccharide_(GO:0034285),1/145,0.6656484824219291,0.7798008127494221,0.7142092592164899,0.8226430015403322,6.0631389450696895,-2.4676584552243988,Patsas
GO_Biological_Process_GeneRIF_Predicted_zscore,trachea_development_(GO:0060438),2/200,0.4436359549663501,0.7798008127494221,0.5137900612566643,0.8226430015403322,3.036494602511317,-2.4679139460894937,M6;ogre
GO_Biological_Process_GeneRIF_Predicted_zscore,somatic_muscle_development_(GO:0007525),1/200,0.7798008127494223,0.7798008127494221,0.8226430015403322,0.8226430015403322,9.99808232571104,-2.486690644068766,ogre
GO_Biological_Process_GeneRIF_Predicted_zscore,protein_localization_to_kinetochore_(GO:0034501),1/200,0.7798008127494223,0.7798008127494221,0.8226430015403322,0.8226430015403322,10.188271617855673,-2.533993908632002,Caf1-55
GO_Biological_Process_GeneRIF_Predicted_zscore,protein_localization_to_organelle_(GO:0033365),1/200,0.7798008127494223,0.7798008127494221,0.8226430015403322,0.8226430015403322,10.21566584605964,-2.540807312318538,MEP-1
GO_Biological_Process_GeneRIF_Predicted_zscore,protein_localization_to_membrane_(GO:0072657),1/200,0.7798008127494223,0.7798008127494221,0.8226430015403322,0.8226430015403322,10.223824982402547,-2.542836626275617,MEP-1
GO_Biological_Process_GeneRIF_Predicted_zscore,protein_localization_to_nuclear_envelope_(GO:0090435),1/200,0.7798008127494223,0.7798008127494221,0.8226430015403322,0.8226430015403322,10.25471772695064,-2.5505201696127022,Caf1-55
GO_Biological_Process_GeneRIF_Predicted_zscore,protein_localization_to_cell_cortex_(GO:0072697),1/200,0.7798008127494223,0.7798008127494221,0.8226430015403322,0.8226430015403322,10.265566673613172,-2.5532184844779784,MEP-1
GO_Biological_Process_GeneRIF_Predicted_zscore,protein_methylation_(GO:0006479),1/200,0.7798008127494223,0.7798008127494221,0.8226430015403322,0.8226430015403322,10.345917072079478,-2.57320297526373,MEP-1
GO_Biological_Process_GeneRIF_Predicted_zscore,protein_localization_to_cell_surface_(GO:0034394),1/200,0.7798008127494223,0.7798008127494221,0.8226430015403322,0.8226430015403322,10.357043294560889,-2.575970253272354,MEP-1
GO_Biological_Process_GeneRIF_Predicted_zscore,protein_localization_to_microtubule_end_(GO:1905725),1/200,0.7798008127494223,0.7798008127494221,0.8226430015403322,0.8226430015403322,10.364052083642026,-2.577713456585403,MEP-1
GO_Biological_Process_GeneRIF_Predicted_zscore,protein_localization_to_cell_periphery_(GO:1990778),1/200,0.7798008127494223,0.7798008127494221,0.8226430015403322,0.8226430015403322,10.365925232851298,-2.578179340188068,MEP-1
GO_Biological_Process_GeneRIF_Predicted_zscore,response_to_sterol_(GO:0036314),1/200,0.7798008127494223,0.7798008127494221,0.8226430015403322,0.8226430015403322,10.372744520281554,-2.5798754112644606,Sara
GO_Biological_Process_GeneRIF_Predicted_zscore,protein_localization_to_synapse_(GO:0035418),1/200,0.7798008127494223,0.7798008127494221,0.8226430015403322,0.8226430015403322,10.404554554682536,-2.587787099961903,rg
GO_Biological_Process_GeneRIF_Predicted_zscore,protein_localization_to_plasma_membrane_(GO:0072659),1/200,0.7798008127494223,0.7798008127494221,0.8226430015403322,0.8226430015403322,10.409318046827776,-2.5889718602954126,MEP-1
GO_Biological_Process_GeneRIF_Predicted_zscore,protein_ubiquitination_(GO:0016567),1/200,0.7798008127494223,0.7798008127494221,0.8226430015403322,0.8226430015403322,10.410534506879465,-2.589274414298357,MEP-1
GO_Biological_Process_GeneRIF_Predicted_zscore,protein_localization_to_microtubule_cytoskeleton_(GO:0072698),1/200,0.7798008127494223,0.7798008127494221,0.8226430015403322,0.8226430015403322,10.417779748581577,-2.5910764273412314,MEP-1
GO_Biological_Process_GeneRIF_Predicted_zscore,protein_localization_to_microtubule_(GO:0035372),1/200,0.7798008127494223,0.7798008127494221,0.8226430015403322,0.8226430015403322,10.42995240777953,-2.5941039716997274,MEP-1
GO_Biological_Process_GeneRIF_Predicted_zscore,trachea_morphogenesis_(GO:0060439),2/200,0.4436359549663501,0.7798008127494221,0.5137900612566643,0.8226430015403322,3.213742100425541,-2.611972022678929,M6;ogre
GO_Biological_Process_GeneRIF_Predicted_zscore,positive_regulation_of_JUN_kinase_activity_(GO:0043507),1/200,0.7798008127494223,0.7798008127494221,0.8226430015403322,0.8226430015403322,10.562711406626065,-2.627123359777644,Myc
GO_Biological_Process_GeneRIF_Predicted_zscore,regulation_of_cell_migration_(GO:0030334),2/200,0.4436359549663501,0.7798008127494221,0.5137900612566643,0.8226430015403322,3.252764705640521,-2.643687683079954,MEP-1;Cdc42
GO_Biological_Process_GeneRIF_Predicted_zscore,regulation_of_epidermal_growth_factor_receptor_signaling_pathway_(GO:0042058),1/200,0.7798008127494223,0.7798008127494221,0.8226430015403322,0.8226430015403322,10.786841140839568,-2.682868181131344,MEP-1
GO_Biological_Process_GeneRIF_Predicted_zscore,rhabdomere_development_(GO:0042052),2/200,0.4436359549663501,0.7798008127494221,0.5137900612566643,0.8226430015403322,3.315183790553248,-2.694418855146211,fru;Mppe
GO_Biological_Process_GeneRIF_Predicted_zscore,spliceosomal_snRNP_assembly_(GO:0000387),1/200,0.7798008127494223,0.7798008127494221,0.8226430015403322,0.8226430015403322,10.88430768893638,-2.70710974519996,Caf1-55
GO_Biological_Process_GeneRIF_Predicted_zscore,positive_regulation_of_ERBB_signaling_pathway_(GO:1901186),2/200,0.4436359549663501,0.7798008127494221,0.5137900612566643,0.8226430015403322,3.340360387217616,-2.7148811586101056,MEP-1;caz
GO_Biological_Process_GeneRIF_Predicted_zscore,protein_complex_localization_(GO:0031503),1/200,0.7798008127494223,0.7798008127494221,0.8226430015403322,0.8226430015403322,10.921180833090515,-2.7162807141516447,MEP-1
GO_Biological_Process_GeneRIF_Predicted_zscore,positive_regulation_of_BMP_signaling_pathway_(GO:0030513),2/200,0.4436359549663501,0.7798008127494221,0.5137900612566643,0.8226430015403322,3.345628407525282,-2.7191627472468247,M6;ogre
GO_Biological_Process_GeneRIF_Predicted_zscore,striated_muscle_cell_development_(GO:0055002),1/200,0.7798008127494223,0.7798008127494221,0.8226430015403322,0.8226430015403322,10.96656370378062,-2.727568194717378,MEP-1
GO_Biological_Process_GeneRIF_Predicted_zscore,spliceosomal_complex_assembly_(GO:0000245),1/200,0.7798008127494223,0.7798008127494221,0.8226430015403322,0.8226430015403322,11.031772383028695,-2.743786686155609,Caf1-55
GO_Biological_Process_GeneRIF_Predicted_zscore,positive_regulation_of_synaptic_transmission_(GO:0050806),2/200,0.4436359549663501,0.7798008127494221,0.5137900612566643,0.8226430015403322,3.4055190961396398,-2.7678389627586304,rg;CG13375
GO_Biological_Process_GeneRIF_Predicted_zscore,wing_disc_pattern_formation_(GO:0035222),2/200,0.4436359549663501,0.7798008127494221,0.5137900612566643,0.8226430015403322,3.4217699091391576,-2.781046826854168,M6;ogre
GO_Biological_Process_GeneRIF_Predicted_zscore,protein_complex_subunit_organization_(GO:0071822),1/200,0.7798008127494223,0.7798008127494221,0.8226430015403322,0.8226430015403322,11.232893599938825,-2.7938089036290554,MEP-1
GO_Biological_Process_GeneRIF_Predicted_zscore,tube_fusion_(GO:0035146),2/200,0.4436359549663501,0.7798008127494221,0.5137900612566643,0.8226430015403322,3.448878220684498,-2.8030791334692875,Sara;Cdc42
GO_Biological_Process_GeneRIF_Predicted_zscore,positive_regulation_of_smoothened_signaling_pathway_(GO:0045880),2/200,0.4436359549663501,0.7798008127494221,0.5137900612566643,0.8226430015403322,3.45389899468039,-2.807159772425266,MEP-1;Caf1-55
GO_Biological_Process_GeneRIF_Predicted_zscore,transforming_growth_factor_beta_receptor_signaling_pathway_(GO:0007179),1/200,0.7798008127494223,0.7798008127494221,0.8226430015403322,0.8226430015403322,11.302953343532224,-2.8112339360746827,M6
GO_Biological_Process_GeneRIF_Predicted_zscore,regulation_of_cell_differentiation_(GO:0045595),1/200,0.7798008127494223,0.7798008127494221,0.8226430015403322,0.8226430015403322,11.368066935165508,-2.8274287776294287,MEP-1
GO_Biological_Process_GeneRIF_Predicted_zscore,positive_regulation_of_endocytosis_(GO:0045807),2/200,0.4436359549663501,0.7798008127494221,0.5137900612566643,0.8226430015403322,3.5079280817595357,-2.851071965579447,MEP-1;Sara
GO_Biological_Process_GeneRIF_Predicted_zscore,response_to_axon_injury_(GO:0048678),1/200,0.7798008127494223,0.7798008127494221,0.8226430015403322,0.8226430015403322,11.49346379446018,-2.8586170782100098,rg
GO_Biological_Process_GeneRIF_Predicted_zscore,response_to_ethanol_(GO:0045471),2/200,0.4436359549663501,0.7798008127494221,0.5137900612566643,0.8226430015403322,3.546109991352828,-2.88210434979501,rg;CG13375
GO_Biological_Process_GeneRIF_Predicted_zscore,positive_regulation_of_synaptic_growth_at_neuromuscular_junction_(GO:0045887),1/200,0.7798008127494223,0.7798008127494221,0.8226430015403322,0.8226430015403322,11.721388348102249,-2.915305734757451,rg
GO_Biological_Process_GeneRIF_Predicted_zscore,protein_localization_to_cilium_(GO:0061512),3/200,0.1900326525530107,0.7798008127494221,0.2469660980878513,0.8226430015403322,1.7567011192976811,-2.9171064969914315,Sxl;M6;ogre
GO_Biological_Process_GeneRIF_Predicted_zscore,protein_transport_along_microtubule_(GO:0098840),1/200,0.7798008127494223,0.7798008127494221,0.8226430015403322,0.8226430015403322,11.745829303074078,-2.9213846098937624,MEP-1
GO_Biological_Process_GeneRIF_Predicted_zscore,positive_regulation_of_neuromuscular_junction_development_(GO:1904398),1/200,0.7798008127494223,0.7798008127494221,0.8226430015403322,0.8226430015403322,11.779003340849338,-2.9296355490913304,rg
GO_Biological_Process_GeneRIF_Predicted_zscore,photoreceptor_cell_differentiation_(GO:0046530),1/200,0.7798008127494223,0.7798008127494221,0.8226430015403322,0.8226430015403322,11.782305730889489,-2.9304569088429693,MEP-1
GO_Biological_Process_GeneRIF_Predicted_zscore,tRNA_catabolic_process_(GO:0016078),1/200,0.7798008127494223,0.7798008127494221,0.8226430015403322,0.8226430015403322,11.794689460607136,-2.933536949977293,Caf1-55
GO_Biological_Process_GeneRIF_Predicted_zscore,protein_modification_process_(GO:0036211),1/200,0.7798008127494223,0.7798008127494221,0.8226430015403322,0.8226430015403322,11.810440219299595,-2.937454427649667,MEP-1
GO_Biological_Process_GeneRIF_Predicted_zscore,tRNA_metabolic_process_(GO:0006399),1/200,0.7798008127494223,0.7798008127494221,0.8226430015403322,0.8226430015403322,11.846520702190944,-2.946428248460151,Caf1-55
GO_Biological_Process_GeneRIF_Predicted_zscore,regulation_of_wound_healing_(GO:0061041),2/200,0.4436359549663501,0.7798008127494221,0.5137900612566643,0.8226430015403322,3.642096436112756,-2.960117426275588,MEP-1;Cdc42
GO_Biological_Process_GeneRIF_Predicted_zscore,protein_O-linked_glycosylation_(GO:0006493),1/200,0.7798008127494223,0.7798008127494221,0.8226430015403322,0.8226430015403322,11.91660017358478,-2.963858187540388,M6
GO_Biological_Process_GeneRIF_Predicted_zscore,response_to_ionizing_radiation_(GO:0010212),2/200,0.4436359549663501,0.7798008127494221,0.5137900612566643,0.8226430015403322,3.677412778348363,-2.9888208178297964,MEP-1;Caf1-55
GO_Biological_Process_GeneRIF_Predicted_zscore,response_to_insulin_(GO:0032868),1/90,0.4929074507070227,0.7798008127494221,0.5408143455687947,0.8226430015403322,4.232767393168806,-2.9944029302379653,Cdc42
GO_Biological_Process_GeneRIF_Predicted_zscore,positive_regulation_of_decapentaplegic_signaling_pathway_(GO:0090098),2/200,0.4436359549663501,0.7798008127494221,0.5137900612566643,0.8226430015403322,3.687788866485562,-2.997253993570819,M6;ogre
GO_Biological_Process_GeneRIF_Predicted_zscore,protein_monoubiquitination_(GO:0006513),1/200,0.7798008127494223,0.7798008127494221,0.8226430015403322,0.8226430015403322,12.195939195160388,-3.033334483978664,MEP-1
GO_Biological_Process_GeneRIF_Predicted_zscore,triglyceride_homeostasis_(GO:0070328),2/200,0.4436359549663501,0.7798008127494221,0.5137900612566643,0.8226430015403322,3.735983741104922,-3.03642442486511,AcCoAS;Pino
GO_Biological_Process_GeneRIF_Predicted_zscore,protein_deneddylation_(GO:0000338),1/200,0.7798008127494223,0.7798008127494221,0.8226430015403322,0.8226430015403322,12.342886049924395,-3.0698826296142827,Sf3b5
GO_Biological_Process_GeneRIF_Predicted_zscore,positive_regulation_of_translation_(GO:0045727),2/200,0.4436359549663501,0.7798008127494221,0.5137900612566643,0.8226430015403322,3.7802293451443143,-3.072385082648484,MEP-1;Caf1-55
GO_Biological_Process_GeneRIF_Predicted_zscore,positive_regulation_of_ATPase_activity_(GO:0032781),2/200,0.4436359549663501,0.7798008127494221,0.5137900612566643,0.8226430015403322,3.7871611900635274,-3.0780189463589958,MEP-1;Caf1-55
GO_Biological_Process_GeneRIF_Predicted_zscore,positive_regulation_of_neuron_remodeling_(GO:1904801),2/200,0.4436359549663501,0.7798008127494221,0.5137900612566643,0.8226430015403322,3.8248349104118953,-3.108638299270712,rg;Sxl
GO_Biological_Process_GeneRIF_Predicted_zscore,positive_regulation_of_steroid_hormone_biosynthetic_process_(GO:0090031),2/200,0.4436359549663501,0.7798008127494221,0.5137900612566643,0.8226430015403322,3.829992368328694,-3.1128300282165524,rg;Sxl
GO_Biological_Process_GeneRIF_Predicted_zscore,potassium_ion_homeostasis_(GO:0055075),2/200,0.4436359549663501,0.7798008127494221,0.5137900612566643,0.8226430015403322,3.8321516552908954,-3.1145849907984773,hoe1;wtrw
GO_Biological_Process_GeneRIF_Predicted_zscore,potassium_ion_transport_(GO:0006813),2/200,0.4436359549663501,0.7798008127494221,0.5137900612566643,0.8226430015403322,3.8369605130553888,-3.118493394630956,hoe1;wtrw
GO_Biological_Process_GeneRIF_Predicted_zscore,skeletal_muscle_tissue_development_(GO:0007519),2/200,0.4436359549663501,0.7798008127494221,0.5137900612566643,0.8226430015403322,3.850944397191623,-3.1298588100846074,rg;Sxl
GO_Biological_Process_GeneRIF_Predicted_zscore,protein_K48-linked_ubiquitination_(GO:0070936),1/200,0.7798008127494223,0.7798008127494221,0.8226430015403322,0.8226430015403322,12.692450514169709,-3.1568251706356087,ogre
GO_Biological_Process_GeneRIF_Predicted_zscore,retinal_cell_programmed_cell_death_(GO:0046666),1/200,0.7798008127494223,0.7798008127494221,0.8226430015403322,0.8226430015403322,12.715571050992262,-3.162575635647748,MEP-1
GO_Biological_Process_GeneRIF_Predicted_zscore,protein_targeting_to_ER_(GO:0045047),1/200,0.7798008127494223,0.7798008127494221,0.8226430015403322,0.8226430015403322,12.782673196127211,-3.179265063786875,capt
GO_Biological_Process_GeneRIF_Predicted_zscore,positive_regulation_of_cell_motility_(GO:2000147),1/200,0.7798008127494223,0.7798008127494221,0.8226430015403322,0.8226430015403322,12.871087156304409,-3.2012550975168743,ogre
GO_Biological_Process_GeneRIF_Predicted_zscore,wing_disc_anterior/posterior_pattern_formation_(GO:0048100),1/200,0.7798008127494223,0.7798008127494221,0.8226430015403322,0.8226430015403322,12.912887495921913,-3.211651542560985,MEP-1
GO_Biological_Process_GeneRIF_Predicted_zscore,protein_depolymerization_(GO:0051261),1/200,0.7798008127494223,0.7798008127494221,0.8226430015403322,0.8226430015403322,12.9475640526324,-3.2202761834002325,MEP-1
GO_Biological_Process_GeneRIF_Predicted_zscore,respiratory_electron_transport_chain_(GO:0022904),1/200,0.7798008127494223,0.7798008127494221,0.8226430015403322,0.8226430015403322,13.013943436229544,-3.2367858486312926,ND-MNLL
GO_Biological_Process_GeneRIF_Predicted_zscore,protein_stabilization_(GO:0050821),1/200,0.7798008127494223,0.7798008127494221,0.8226430015403322,0.8226430015403322,13.029310255103608,-3.240607834035931,MEP-1
GO_Biological_Process_GeneRIF_Predicted_zscore,salivary_gland_cell_autophagic_cell_death_(GO:0035071),2/200,0.4436359549663501,0.7798008127494221,0.5137900612566643,0.8226430015403322,3.9872593865734425,-3.240648950491314,pcs;Sxl
GO_Biological_Process_GeneRIF_Predicted_zscore,positive_regulation_of_transport_(GO:0051050),2/200,0.4436359549663501,0.7798008127494221,0.5137900612566643,0.8226430015403322,3.990031069763391,-3.2429016387038856,MEP-1;Caf1-55
GO_Biological_Process_GeneRIF_Predicted_zscore,protein_processing_involved_in_protein_targeting_to_mitochondrion_(GO:0006627),1/200,0.7798008127494223,0.7798008127494221,0.8226430015403322,0.8226430015403322,13.069022510479442,-3.2504849375324687,Rep
GO_Biological_Process_GeneRIF_Predicted_zscore,protein_oligomerization_(GO:0051259),1/150,0.678090070890327,0.7798008127494221,0.7263067480308887,0.8226430015403322,8.40316824552895,-3.264422060996289,MEP-1
GO_Biological_Process_GeneRIF_Predicted_zscore,positive_regulation_of_hemocyte_differentiation_(GO:0045612),2/200,0.4436359549663501,0.7798008127494221,0.5137900612566643,0.8226430015403322,4.018099835785645,-3.2657145556307112,MEP-1;Caf1-55
GO_Biological_Process_GeneRIF_Predicted_zscore,positive_regulation_of_MAP_kinase_activity_(GO:0043406),1/200,0.7798008127494223,0.7798008127494221,0.8226430015403322,0.8226430015403322,13.171185946548873,-3.275894696360565,ogre
GO_Biological_Process_GeneRIF_Predicted_zscore,protein-DNA_complex_assembly_(GO:0065004),2/200,0.4436359549663501,0.7798008127494221,0.5137900612566643,0.8226430015403322,4.039472868225516,-3.283085508566032,MEP-1;Caf1-55
GO_Biological_Process_GeneRIF_Predicted_zscore,presynaptic_membrane_assembly_(GO:0097105),2/200,0.4436359549663501,0.7798008127494221,0.5137900612566643,0.8226430015403322,4.046902502283353,-3.289123950883865,rg;CG13375
GO_Biological_Process_GeneRIF_Predicted_zscore,ribosomal_protein_import_into_nucleus_(GO:0006610),1/200,0.7798008127494223,0.7798008127494221,0.8226430015403322,0.8226430015403322,13.315821783315217,-3.311868053087085,MEP-1
GO_Biological_Process_GeneRIF_Predicted_zscore,stem_cell_development_(GO:0048864),2/200,0.4436359549663501,0.7798008127494221,0.5137900612566643,0.8226430015403322,4.079506873028135,-3.315623184967132,MEP-1;Caf1-55
GO_Biological_Process_GeneRIF_Predicted_zscore,production_of_siRNA_involved_in_RNA_interference_(GO:0030422),2/200,0.4436359549663501,0.7798008127494221,0.5137900612566643,0.8226430015403322,4.095415881387055,-3.328553247008065,MEP-1;Caf1-55
GO_Biological_Process_GeneRIF_Predicted_zscore,positive_regulation_of_hippo_signaling_(GO:0035332),2/200,0.4436359549663501,0.7798008127494221,0.5137900612566643,0.8226430015403322,4.107547352282228,-3.338413111795578,MEP-1;Cdc42
GO_Biological_Process_GeneRIF_Predicted_zscore,segment_polarity_determination_(GO:0007367),2/200,0.4436359549663501,0.7798008127494221,0.5137900612566643,0.8226430015403322,4.111788798631265,-3.34186035144742,pcs;ogre
GO_Biological_Process_GeneRIF_Predicted_zscore,protein-DNA_complex_subunit_organization_(GO:0071824),2/200,0.4436359549663501,0.7798008127494221,0.5137900612566643,0.8226430015403322,4.113671859806816,-3.3433908112521693,MEP-1;CG1951
GO_Biological_Process_GeneRIF_Predicted_zscore,positive_regulation_of_protein_transport_(GO:0051222),2/200,0.4436359549663501,0.7798008127494221,0.5137900612566643,0.8226430015403322,4.133522003876525,-3.3595240351811717,MEP-1;Caf1-55
GO_Biological_Process_GeneRIF_Predicted_zscore,positive_regulation_of_cell_cycle_(GO:0045787),2/200,0.4436359549663501,0.7798008127494221,0.5137900612566643,0.8226430015403322,4.1421172205979815,-3.366509805944274,MEP-1;Caf1-55
GO_Biological_Process_GeneRIF_Predicted_zscore,retrograde_axonal_transport_(GO:0008090),2/200,0.4436359549663501,0.7798008127494221,0.5137900612566643,0.8226430015403322,4.146110965807631,-3.3697557262537887,Pex23;rg
GO_Biological_Process_GeneRIF_Predicted_zscore,positive_regulation_of_Wnt_protein_secretion_(GO:0061357),2/200,0.4436359549663501,0.7798008127494221,0.5137900612566643,0.8226430015403322,4.150579743101688,-3.373387729352641,MEP-1;Caf1-55
GO_Biological_Process_GeneRIF_Predicted_zscore,protein_autophosphorylation_(GO:0046777),2/200,0.4436359549663501,0.7798008127494221,0.5137900612566643,0.8226430015403322,4.161054621946305,-3.3819011973373527,MEP-1;CG1951
GO_Biological_Process_GeneRIF_Predicted_zscore,protein_complex_assembly_(GO:0006461),2/200,0.4436359549663501,0.7798008127494221,0.5137900612566643,0.8226430015403322,4.162952686096497,-3.383443850824356,MEP-1;Caf1-55
GO_Biological_Process_GeneRIF_Predicted_zscore,tyrosine_metabolic_process_(GO:0006570),1/200,0.7798008127494223,0.7798008127494221,0.8226430015403322,0.8226430015403322,13.701270077716917,-3.407735504087776,MEP-1
GO_Biological_Process_GeneRIF_Predicted_zscore,regulation_of_transport_(GO:0051049),1/200,0.7798008127494223,0.7798008127494221,0.8226430015403322,0.8226430015403322,13.705547860397436,-3.408799460336831,MEP-1
GO_Biological_Process_GeneRIF_Predicted_zscore,transcription_from_RNA_polymerase_II_promoter_(GO:0006366),2/200,0.4436359549663501,0.7798008127494221,0.5137900612566643,0.8226430015403322,4.1957893430121365,-3.41013187571926,MEP-1;Caf1-55
GO_Biological_Process_GeneRIF_Predicted_zscore,regulation_of_transposition_(GO:0010528),1/200,0.7798008127494223,0.7798008127494221,0.8226430015403322,0.8226430015403322,13.793115682397474,-3.4305790453207434,Caf1-55
GO_Biological_Process_GeneRIF_Predicted_zscore,positive_regulation_of_epidermal_growth_factor_receptor_signaling_pathway_(GO:0045742),1/200,0.7798008127494223,0.7798008127494221,0.8226430015403322,0.8226430015403322,13.797737212417012,-3.43172849729428,MEP-1
GO_Biological_Process_GeneRIF_Predicted_zscore,positive_regulation_of_hydrolase_activity_(GO:0051345),2/200,0.4436359549663501,0.7798008127494221,0.5137900612566643,0.8226430015403322,4.222660186047988,-3.43197117957197,MEP-1;Caf1-55
GO_Biological_Process_GeneRIF_Predicted_zscore,ribosome_assembly_(GO:0042255),2/200,0.4436359549663501,0.7798008127494221,0.5137900612566643,0.8226430015403322,4.228125777713832,-3.4364133445225065,Rbm13;Caf1-55
GO_Biological_Process_GeneRIF_Predicted_zscore,positive_regulation_of_Wnt_signaling_pathway_(GO:0030177),2/200,0.4436359549663501,0.7798008127494221,0.5137900612566643,0.8226430015403322,4.236118337608148,-3.442909305362293,MEP-1;Caf1-55
GO_Biological_Process_GeneRIF_Predicted_zscore,ribosome_biogenesis_(GO:0042254),1/200,0.7798008127494223,0.7798008127494221,0.8226430015403322,0.8226430015403322,13.894540057170314,-3.4558049872175767,Rbm13
GO_Biological_Process_GeneRIF_Predicted_zscore,ribosome_localization_(GO:0033750),1/200,0.7798008127494223,0.7798008127494221,0.8226430015403322,0.8226430015403322,13.902255503455295,-3.4577239480209245,Caf1-55
GO_Biological_Process_GeneRIF_Predicted_zscore,transport_along_microtubule_(GO:0010970),1/200,0.7798008127494223,0.7798008127494221,0.8226430015403322,0.8226430015403322,13.92277862279614,-3.462828391772177,MEP-1
GO_Biological_Process_GeneRIF_Predicted_zscore,wing_disc_morphogenesis_(GO:0007472),2/200,0.4436359549663501,0.7798008127494221,0.5137900612566643,0.8226430015403322,4.302341545307117,-3.496732281928726,M6;ogre
GO_Biological_Process_GeneRIF_Predicted_zscore,vesicle_organization_(GO:0016050),1/200,0.7798008127494223,0.7798008127494221,0.8226430015403322,0.8226430015403322,14.19571761361614,-3.530712893295862,CG13375
GO_Biological_Process_GeneRIF_Predicted_zscore,snRNA_processing_(GO:0016180),1/200,0.7798008127494223,0.7798008127494221,0.8226430015403322,0.8226430015403322,14.206970324019776,-3.5335116309707035,Caf1-55
GO_Biological_Process_GeneRIF_Predicted_zscore,stem_cell_differentiation_(GO:0048863),1/200,0.7798008127494223,0.7798008127494221,0.8226430015403322,0.8226430015403322,14.218462732559692,-3.5363699855894226,Sxl
GO_Biological_Process_GeneRIF_Predicted_zscore,positive_regulation_of_microtubule_polymerization_or_depolymerization_(GO:0031112),1/200,0.7798008127494223,0.7798008127494221,0.8226430015403322,0.8226430015403322,14.255083650924984,-3.5454782217600727,MEP-1
GO_Biological_Process_GeneRIF_Predicted_zscore,positive_regulation_of_proteolysis_(GO:0045862),2/200,0.4436359549663501,0.7798008127494221,0.5137900612566643,0.8226430015403322,4.380761986665048,-3.5604685720330025,Clamp;Caf1-55
GO_Biological_Process_GeneRIF_Predicted_zscore,regulation_of_mitochondrial_fusion_(GO:0010635),1/200,0.7798008127494223,0.7798008127494221,0.8226430015403322,0.8226430015403322,14.341422581757962,-3.5669521609143,CG6083
GO_Biological_Process_GeneRIF_Predicted_zscore,positive_regulation_of_protein_ubiquitination_(GO:0031398),2/200,0.4436359549663501,0.7798008127494221,0.5137900612566643,0.8226430015403322,4.447181547546142,-3.614451134839479,MEP-1;Cdc42
GO_Biological_Process_GeneRIF_Predicted_zscore,positive_regulation_of_gene_expression_(GO:0010628),2/200,0.4436359549663501,0.7798008127494221,0.5137900612566643,0.8226430015403322,4.4477884685629325,-3.6149444104870874,MEP-1;Caf1-55
GO_Biological_Process_GeneRIF_Predicted_zscore,positive_regulation_of_growth_(GO:0045927),1/192,0.7659919648425801,0.7798008127494221,0.8098635566925925,0.8226430015403322,13.910832757989017,-3.708399862521535,MEP-1
GO_Biological_Process_GeneRIF_Predicted_zscore,protein_import_into_nucleus_(GO:0006606),2/200,0.4436359549663501,0.7798008127494221,0.5137900612566643,0.8226430015403322,4.638715291398884,-3.770120371731907,MEP-1;Caf1-55
GO_Biological_Process_GeneRIF_Predicted_zscore,semaphorin-plexin_signaling_pathway_(GO:0071526),2/200,0.4436359549663501,0.7798008127494221,0.5137900612566643,0.8226430015403322,4.657033208872767,-3.785008277002585,Sxl;M6
GO_Biological_Process_GeneRIF_Predicted_zscore,"protein_import_into_nucleus,_translocation_(GO:0000060)",2/200,0.4436359549663501,0.7798008127494221,0.5137900612566643,0.8226430015403322,4.667168562441977,-3.7932457954889713,MEP-1;Caf1-55
GO_Biological_Process_GeneRIF_Predicted_zscore,positive_regulation_of_neurogenesis_(GO:0050769),2/200,0.4436359549663501,0.7798008127494221,0.5137900612566643,0.8226430015403322,4.670341235319238,-3.7958243884605176,Sxl;ogre
GO_Biological_Process_GeneRIF_Predicted_zscore,regulation_of_cell_cycle_process_(GO:0010564),2/200,0.4436359549663501,0.7798008127494221,0.5137900612566643,0.8226430015403322,4.671188113396812,-3.796512689443023,MEP-1;Caf1-55
GO_Biological_Process_GeneRIF_Predicted_zscore,snRNA_3'-end_processing_(GO:0034472),1/200,0.7798008127494223,0.7798008127494221,0.8226430015403322,0.8226430015403322,15.29674189957542,-3.804556086579703,Caf1-55
GO_Biological_Process_GeneRIF_Predicted_zscore,proteolysis_(GO:0006508),1/200,0.7798008127494223,0.7798008127494221,0.8226430015403322,0.8226430015403322,15.39917445042322,-3.830032778763592,MEP-1
GO_Biological_Process_GeneRIF_Predicted_zscore,snRNA_transcription_from_RNA_polymerase_II_promoter_(GO:0042795),2/200,0.4436359549663501,0.7798008127494221,0.5137900612566643,0.8226430015403322,4.715958630237204,-3.8328999706167353,Clamp;Caf1-55
GO_Biological_Process_GeneRIF_Predicted_zscore,production_of_small_RNA_involved_in_gene_silencing_by_RNA_(GO:0070918),2/200,0.4436359549663501,0.7798008127494221,0.5137900612566643,0.8226430015403322,4.716107438943241,-3.8330209150375234,MEP-1;Caf1-55
GO_Biological_Process_GeneRIF_Predicted_zscore,protein_localization_to_nucleus_(GO:0034504),2/200,0.4436359549663501,0.7798008127494221,0.5137900612566643,0.8226430015403322,4.753586480482338,-3.863482042557364,MEP-1;Caf1-55
GO_Biological_Process_GeneRIF_Predicted_zscore,regulation_of_microtubule_cytoskeleton_organization_(GO:0070507),1/200,0.7798008127494223,0.7798008127494221,0.8226430015403322,0.8226430015403322,15.550416148676302,-3.867649123957295,MEP-1
GO_Biological_Process_GeneRIF_Predicted_zscore,positive_regulation_of_peptidase_activity_(GO:0010952),1/200,0.7798008127494223,0.7798008127494221,0.8226430015403322,0.8226430015403322,15.576850428807806,-3.8742237724693065,Caf1-55
GO_Biological_Process_GeneRIF_Predicted_zscore,response_to_anesthetic_(GO:0072347),1/200,0.7798008127494223,0.7798008127494221,0.8226430015403322,0.8226430015403322,15.627655148063509,-3.886859757644464,CG17724
GO_Biological_Process_GeneRIF_Predicted_zscore,sensory_neuron_axon_guidance_(GO:0097374),2/200,0.4436359549663501,0.7798008127494221,0.5137900612566643,0.8226430015403322,4.805473634658773,-3.905653377658376,Sxl;M6
GO_Biological_Process_GeneRIF_Predicted_zscore,positive_regulation_of_intracellular_protein_transport_(GO:0090316),1/200,0.7798008127494223,0.7798008127494221,0.8226430015403322,0.8226430015403322,15.724153760194906,-3.9108605798157,MEP-1
GO_Biological_Process_GeneRIF_Predicted_zscore,signal_transduction_in_response_to_DNA_damage_(GO:0042770),2/200,0.4436359549663501,0.7798008127494221,0.5137900612566643,0.8226430015403322,4.823319847239041,-3.920157904317273,Rbm13;Caf1-55
GO_Biological_Process_GeneRIF_Predicted_zscore,protein_modification_by_small_protein_conjugation_(GO:0032446),2/200,0.4436359549663501,0.7798008127494221,0.5137900612566643,0.8226430015403322,4.849736323212172,-3.9416279208971514,MEP-1;Caf1-55
GO_Biological_Process_GeneRIF_Predicted_zscore,protein_complex_disassembly_(GO:0043241),2/200,0.4436359549663501,0.7798008127494221,0.5137900612566643,0.8226430015403322,4.8737269708791615,-3.961126343158174,MEP-1;Caf1-55
GO_Biological_Process_GeneRIF_Predicted_zscore,short-term_memory_(GO:0007614),2/200,0.4436359549663501,0.7798008127494221,0.5137900612566643,0.8226430015403322,4.876966616249453,-3.963759368088669,CG17724;CG1951
GO_Biological_Process_GeneRIF_Predicted_zscore,positive_regulation_of_axon_guidance_(GO:1902669),1/200,0.7798008127494223,0.7798008127494221,0.8226430015403322,0.8226430015403322,16.076311489503567,-3.998448109321872,Ac78C
GO_Biological_Process_GeneRIF_Predicted_zscore,protein_phosphorylation_(GO:0006468),1/200,0.7798008127494223,0.7798008127494221,0.8226430015403322,0.8226430015403322,16.174382095940274,-4.022839912823747,MEP-1
GO_Biological_Process_GeneRIF_Predicted_zscore,snRNA_modification_(GO:0040031),2/200,0.4436359549663501,0.7798008127494221,0.5137900612566643,0.8226430015403322,4.982583346104005,-4.049599468160919,Rbm13;Caf1-55
GO_Biological_Process_GeneRIF_Predicted_zscore,regulation_of_kinase_activity_(GO:0043549),1/200,0.7798008127494223,0.7798008127494221,0.8226430015403322,0.8226430015403322,16.50275435369277,-4.104511596905104,MEP-1
GO_Biological_Process_GeneRIF_Predicted_zscore,regulation_of_ion_homeostasis_(GO:2000021),1/200,0.7798008127494223,0.7798008127494221,0.8226430015403322,0.8226430015403322,16.514691680033497,-4.107480610037786,AcCoAS
GO_Biological_Process_GeneRIF_Predicted_zscore,regulation_of_intracellular_protein_transport_(GO:0033157),1/200,0.7798008127494223,0.7798008127494221,0.8226430015403322,0.8226430015403322,16.523621088790392,-4.1097015036541285,MEP-1
GO_Biological_Process_GeneRIF_Predicted_zscore,regulation_of_lamellipodium_organization_(GO:1902743),1/200,0.7798008127494223,0.7798008127494221,0.8226430015403322,0.8226430015403322,16.5348116288695,-4.112484778527275,Rep
GO_Biological_Process_GeneRIF_Predicted_zscore,serine_family_amino_acid_biosynthetic_process_(GO:0009070),1/200,0.7798008127494223,0.7798008127494221,0.8226430015403322,0.8226430015403322,16.586703032423962,-4.125391040300559,MEP-1
GO_Biological_Process_GeneRIF_Predicted_zscore,regulation_of_intracellular_transport_(GO:0032386),1/200,0.7798008127494223,0.7798008127494221,0.8226430015403322,0.8226430015403322,16.594872161861506,-4.12742283970776,MEP-1
GO_Biological_Process_GeneRIF_Predicted_zscore,regulation_of_cell_cycle_G2/M_phase_transition_(GO:1902749),1/200,0.7798008127494223,0.7798008127494221,0.8226430015403322,0.8226430015403322,16.603598330224536,-4.129593184031803,MEP-1
GO_Biological_Process_GeneRIF_Predicted_zscore,pteridine_metabolic_process_(GO:0019889),1/200,0.7798008127494223,0.7798008127494221,0.8226430015403322,0.8226430015403322,16.70717225757339,-4.15535375568118,AcCoAS
GO_Biological_Process_GeneRIF_Predicted_zscore,regulation_of_autophagy_(GO:0010506),1/166,0.7148943576682943,0.7798008127494221,0.7617214260762771,0.8226430015403322,12.387318805832402,-4.157438115384085,MEP-1
GO_Biological_Process_GeneRIF_Predicted_zscore,positive_regulation_of_protein_serine/threonine_kinase_activity_(GO:0071902),1/200,0.7798008127494223,0.7798008127494221,0.8226430015403322,0.8226430015403322,16.73269683169721,-4.161702145062244,Caf1-55
GO_Biological_Process_GeneRIF_Predicted_zscore,regulation_of_intracellular_signal_transduction_(GO:1902531),1/200,0.7798008127494223,0.7798008127494221,0.8226430015403322,0.8226430015403322,16.74280497369973,-4.1642162093925545,MEP-1
GO_Biological_Process_GeneRIF_Predicted_zscore,positive_regulation_of_mitotic_nuclear_division_(GO:0045840),1/200,0.7798008127494223,0.7798008127494221,0.8226430015403322,0.8226430015403322,16.746255679472846,-4.16507445775278,Caf1-55
GO_Biological_Process_GeneRIF_Predicted_zscore,protein_deacetylation_(GO:0006476),2/200,0.4436359549663501,0.7798008127494221,0.5137900612566643,0.8226430015403322,5.180653349207889,-4.210581056126788,MEP-1;Caf1-55
GO_Biological_Process_GeneRIF_Predicted_zscore,positive_regulation_of_mitotic_cell_cycle_phase_transition_(GO:1901992),1/200,0.7798008127494223,0.7798008127494221,0.8226430015403322,0.8226430015403322,17.179717854020016,-4.272883765466947,Caf1-55
GO_Biological_Process_GeneRIF_Predicted_zscore,protein_import_(GO:0017038),2/200,0.4436359549663501,0.7798008127494221,0.5137900612566643,0.8226430015403322,5.269918077041179,-4.283131050627508,MEP-1;Caf1-55
GO_Biological_Process_GeneRIF_Predicted_zscore,positive_regulation_of_hh_target_transcription_factor_activity_(GO:0007228),2/200,0.4436359549663501,0.7798008127494221,0.5137900612566643,0.8226430015403322,5.296748259107152,-4.30493730723734,MEP-1;Caf1-55
GO_Biological_Process_GeneRIF_Predicted_zscore,positive_regulation_of_dendrite_development_(GO:1900006),1/200,0.7798008127494223,0.7798008127494221,0.8226430015403322,0.8226430015403322,17.474630823435653,-4.346233563755215,CG17724
GO_Biological_Process_GeneRIF_Predicted_zscore,protein_tetramerization_(GO:0051262),2/200,0.4436359549663501,0.7798008127494221,0.5137900612566643,0.8226430015403322,5.357306567469701,-4.354156131349828,capt;Cdc42
GO_Biological_Process_GeneRIF_Predicted_zscore,positive_regulation_of_nucleocytoplasmic_transport_(GO:0046824),1/200,0.7798008127494223,0.7798008127494221,0.8226430015403322,0.8226430015403322,17.50799234989433,-4.354531134530693,Caf1-55
GO_Biological_Process_GeneRIF_Predicted_zscore,regulation_of_intracellular_pH_(GO:0051453),1/200,0.7798008127494223,0.7798008127494221,0.8226430015403322,0.8226430015403322,17.62133634984331,-4.382721686983903,MEP-1
GO_Biological_Process_GeneRIF_Predicted_zscore,sevenless_signaling_pathway_(GO:0045500),1/200,0.7798008127494223,0.7798008127494221,0.8226430015403322,0.8226430015403322,18.148872387480612,-4.513928741143511,MEP-1
GO_Biological_Process_GeneRIF_Predicted_zscore,protein_neddylation_(GO:0045116),2/200,0.4436359549663501,0.7798008127494221,0.5137900612566643,0.8226430015403322,5.581874043324543,-4.536673566105655,CG10347;Caf1-55
GO_Biological_Process_GeneRIF_Predicted_zscore,positive_regulation_of_hemocyte_proliferation_(GO:0035208),2/200,0.4436359549663501,0.7798008127494221,0.5137900612566643,0.8226430015403322,5.584456837892672,-4.538772734906844,MEP-1;Caf1-55
GO_Biological_Process_GeneRIF_Predicted_zscore,sensory_organ_precursor_cell_division_(GO:0045035),2/200,0.4436359549663501,0.7798008127494221,0.5137900612566643,0.8226430015403322,5.631002742409305,-4.576602964143855,MEP-1;Caf1-55
GO_Biological_Process_GeneRIF_Predicted_zscore,regulation_of_retinal_cell_programmed_cell_death_(GO:0046668),1/200,0.7798008127494223,0.7798008127494221,0.8226430015403322,0.8226430015403322,18.50396225832078,-4.602245543391788,MEP-1
GO_Biological_Process_GeneRIF_Predicted_zscore,regulation_of_meiotic_cell_cycle_(GO:0051445),1/200,0.7798008127494223,0.7798008127494221,0.8226430015403322,0.8226430015403322,18.613953808801725,-4.629602285474639,MEP-1
GO_Biological_Process_GeneRIF_Predicted_zscore,protein_export_from_nucleus_(GO:0006611),2/200,0.4436359549663501,0.7798008127494221,0.5137900612566643,0.8226430015403322,5.726325571877886,-4.65407668664995,MEP-1;Caf1-55
GO_Biological_Process_GeneRIF_Predicted_zscore,protein_deubiquitination_(GO:0016579),2/200,0.4436359549663501,0.7798008127494221,0.5137900612566643,0.8226430015403322,5.731224033711664,-4.658057916277024,MEP-1;Caf1-55
GO_Biological_Process_GeneRIF_Predicted_zscore,regulation_of_insulin_receptor_signaling_pathway_(GO:0046626),1/200,0.7798008127494223,0.7798008127494221,0.8226430015403322,0.8226430015403322,18.75453142275951,-4.664566294172125,MEP-1
GO_Biological_Process_GeneRIF_Predicted_zscore,sensory_organ_morphogenesis_(GO:0090596),1/200,0.7798008127494223,0.7798008127494221,0.8226430015403322,0.8226430015403322,18.787448943495047,-4.672753433282642,ogre
GO_Biological_Process_GeneRIF_Predicted_zscore,positive_regulation_of_intracellular_signal_transduction_(GO:1902533),1/200,0.7798008127494223,0.7798008127494221,0.8226430015403322,0.8226430015403322,18.80122878278227,-4.676180710265968,MEP-1
GO_Biological_Process_GeneRIF_Predicted_zscore,positive_regulation_of_innate_immune_response_(GO:0045089),1/200,0.7798008127494223,0.7798008127494221,0.8226430015403322,0.8226430015403322,18.814536387874995,-4.679490534690392,CG6356
GO_Biological_Process_GeneRIF_Predicted_zscore,regulation_of_autophagy_of_mitochondrion_(GO:1903146),1/200,0.7798008127494223,0.7798008127494221,0.8226430015403322,0.8226430015403322,18.911967830434826,-4.703723367423586,CG10347
GO_Biological_Process_GeneRIF_Predicted_zscore,protein_targeting_to_mitochondrion_(GO:0006626),2/200,0.4436359549663501,0.7798008127494221,0.5137900612566643,0.8226430015403322,5.807547760427723,-4.720090099513676,Sara;Rep
GO_Biological_Process_GeneRIF_Predicted_zscore,regulation_of_protein_phosphorylation_(GO:0001932),1/200,0.7798008127494223,0.7798008127494221,0.8226430015403322,0.8226430015403322,18.98203997417045,-4.721151483992412,MEP-1
GO_Biological_Process_GeneRIF_Predicted_zscore,positive_regulation_of_mitotic_cell_cycle_(GO:0045931),1/200,0.7798008127494223,0.7798008127494221,0.8226430015403322,0.8226430015403322,19.21823897728481,-4.77989813480488,Caf1-55
GO_Biological_Process_GeneRIF_Predicted_zscore,positive_regulation_of_immune_system_process_(GO:0002684),1/200,0.7798008127494223,0.7798008127494221,0.8226430015403322,0.8226430015403322,19.238515740833424,-4.784941305741637,CG6356
GO_Biological_Process_GeneRIF_Predicted_zscore,regulation_of_protein_kinase_activity_(GO:0045859),1/200,0.7798008127494223,0.7798008127494221,0.8226430015403322,0.8226430015403322,19.35549333703876,-4.8140355944835305,MEP-1
GO_Biological_Process_GeneRIF_Predicted_zscore,positive_regulation_of_GTPase_activity_(GO:0043547),1/102,0.5369110059859368,0.7798008127494221,0.5858453191222182,0.8226430015403322,7.770902252977398,-4.832902240628646,MEP-1
GO_Biological_Process_GeneRIF_Predicted_zscore,protein_sumoylation_(GO:0016925),2/200,0.4436359549663501,0.7798008127494221,0.5137900612566643,0.8226430015403322,5.982713034488131,-4.862455846637594,MEP-1;Caf1-55
GO_Biological_Process_GeneRIF_Predicted_zscore,pole_cell_migration_(GO:0007280),1/200,0.7798008127494223,0.7798008127494221,0.8226430015403322,0.8226430015403322,19.62527064047711,-4.881133731364948,MEP-1
GO_Biological_Process_GeneRIF_Predicted_zscore,regulation_of_protein_localization_(GO:0032880),1/200,0.7798008127494223,0.7798008127494221,0.8226430015403322,0.8226430015403322,19.71307468192025,-4.902972068083441,MEP-1
GO_Biological_Process_GeneRIF_Predicted_zscore,positive_regulation_of_kinase_activity_(GO:0033674),2/200,0.4436359549663501,0.7798008127494221,0.5137900612566643,0.8226430015403322,6.039312925208492,-4.908457462955435,MEP-1;Caf1-55
GO_Biological_Process_GeneRIF_Predicted_zscore,sensory_organ_development_(GO:0007423),1/200,0.7798008127494223,0.7798008127494221,0.8226430015403322,0.8226430015403322,19.76522927541558,-4.915943789606131,ogre
GO_Biological_Process_GeneRIF_Predicted_zscore,regulation_of_protein_kinase_B_signaling_(GO:0051896),1/200,0.7798008127494223,0.7798008127494221,0.8226430015403322,0.8226430015403322,19.814413983116548,-4.92817685075594,MEP-1
GO_Biological_Process_GeneRIF_Predicted_zscore,toll-like_receptor_signaling_pathway_(GO:0002224),1/97,0.5190571051981534,0.7798008127494221,0.5676383415796303,0.8226430015403322,7.547270169896831,-4.949057300481699,Sara
GO_Biological_Process_GeneRIF_Predicted_zscore,protein_processing_(GO:0016485),2/200,0.4436359549663501,0.7798008127494221,0.5137900612566643,0.8226430015403322,6.098299662146444,-4.956398990861689,MEP-1;Caf1-55
GO_Biological_Process_GeneRIF_Predicted_zscore,ring_gland_development_(GO:0035271),1/127,0.6167722197596978,0.7798008127494221,0.6661244077134568,0.8226430015403322,10.28448333427482,-4.970033105580862,MEP-1
GO_Biological_Process_GeneRIF_Predicted_zscore,positive_regulation_of_DNA_metabolic_process_(GO:0051054),1/200,0.7798008127494223,0.7798008127494221,0.8226430015403322,0.8226430015403322,20.002626902270094,-4.974988558231925,MEP-1
GO_Biological_Process_GeneRIF_Predicted_zscore,regulation_of_calcium-mediated_signaling_(GO:0050848),1/200,0.7798008127494223,0.7798008127494221,0.8226430015403322,0.8226430015403322,20.09404639658919,-4.997726118676309,rg
GO_Biological_Process_GeneRIF_Predicted_zscore,positive_regulation_of_behavior_(GO:0048520),1/200,0.7798008127494223,0.7798008127494221,0.8226430015403322,0.8226430015403322,20.10516862983904,-5.000492404496184,rg
GO_Biological_Process_GeneRIF_Predicted_zscore,wing_disc_development_(GO:0035220),1/200,0.7798008127494223,0.7798008127494221,0.8226430015403322,0.8226430015403322,20.35541331603706,-5.062732452099741,MEP-1
GO_Biological_Process_GeneRIF_Predicted_zscore,protein_localization_to_lysosome_(GO:0061462),1/81,0.4572014752548214,0.7798008127494221,0.503900566744593,0.8226430015403322,6.488976215620138,-5.0784747255559735,CG1951
GO_Biological_Process_GeneRIF_Predicted_zscore,regulation_of_actin_cytoskeleton_organization_(GO:0032956),1/200,0.7798008127494223,0.7798008127494221,0.8226430015403322,0.8226430015403322,20.49574282825932,-5.097634753737372,MEP-1
GO_Biological_Process_GeneRIF_Predicted_zscore,regulation_of_mRNA_processing_(GO:0050684),1/200,0.7798008127494223,0.7798008127494221,0.8226430015403322,0.8226430015403322,20.5004802159776,-5.09881302146238,MEP-1
GO_Biological_Process_GeneRIF_Predicted_zscore,regulation_of_imaginal_disc_growth_(GO:0045570),1/200,0.7798008127494223,0.7798008127494221,0.8226430015403322,0.8226430015403322,20.572856611505387,-5.116814244071595,MEP-1
GO_Biological_Process_GeneRIF_Predicted_zscore,regulation_of_hydrolase_activity_(GO:0051336),1/200,0.7798008127494223,0.7798008127494221,0.8226430015403322,0.8226430015403322,20.86057651858146,-5.188375007198991,MEP-1
GO_Biological_Process_GeneRIF_Predicted_zscore,regulation_of_histone_acetylation_(GO:0035065),1/200,0.7798008127494223,0.7798008127494221,0.8226430015403322,0.8226430015403322,20.922794844478027,-5.203849747639839,MEP-1
GO_Biological_Process_GeneRIF_Predicted_zscore,sterol_metabolic_process_(GO:0016125),2/200,0.4436359549663501,0.7798008127494221,0.5137900612566643,0.8226430015403322,6.427816978723869,-5.22421451089813,AcCoAS;Pino
GO_Biological_Process_GeneRIF_Predicted_zscore,somatic_stem_cell_division_(GO:0048103),1/200,0.7798008127494223,0.7798008127494221,0.8226430015403322,0.8226430015403322,21.04841893905641,-5.235094565443983,MEP-1
GO_Biological_Process_GeneRIF_Predicted_zscore,regulation_of_antimicrobial_peptide_biosynthetic_process_(GO:0002805),1/200,0.7798008127494223,0.7798008127494221,0.8226430015403322,0.8226430015403322,21.154754407979,-5.261541978766684,MEP-1
GO_Biological_Process_GeneRIF_Predicted_zscore,regulation_of_hippo_signaling_(GO:0035330),1/200,0.7798008127494223,0.7798008127494221,0.8226430015403322,0.8226430015403322,21.213292908619827,-5.276101484991894,MEP-1
GO_Biological_Process_GeneRIF_Predicted_zscore,positive_regulation_of_phosphorylation_(GO:0042327),1/200,0.7798008127494223,0.7798008127494221,0.8226430015403322,0.8226430015403322,21.258901737461628,-5.287445165137054,MEP-1
GO_Biological_Process_GeneRIF_Predicted_zscore,positive_regulation_of_protein_kinase_activity_(GO:0045860),2/200,0.4436359549663501,0.7798008127494221,0.5137900612566643,0.8226430015403322,6.509022392054787,-5.290214289686337,MEP-1;Caf1-55
GO_Biological_Process_GeneRIF_Predicted_zscore,regulation_of_signal_transduction_(GO:0009966),1/200,0.7798008127494223,0.7798008127494221,0.8226430015403322,0.8226430015403322,21.33739045738792,-5.306966625267837,MEP-1
GO_Biological_Process_GeneRIF_Predicted_zscore,positive_regulation_of_protein_localization_to_nucleus_(GO:1900182),2/200,0.4436359549663501,0.7798008127494221,0.5137900612566643,0.8226430015403322,6.531462126243111,-5.308452205506805,capt;Cdc42
GO_Biological_Process_GeneRIF_Predicted_zscore,positive_regulation_of_apoptotic_process_(GO:0043065),1/192,0.7659919648425801,0.7798008127494221,0.8098635566925925,0.8226430015403322,19.92033500011768,-5.310434598776568,MEP-1
GO_Biological_Process_GeneRIF_Predicted_zscore,synaptic_vesicle_localization_(GO:0097479),2/200,0.4436359549663501,0.7798008127494221,0.5137900612566643,0.8226430015403322,6.583333465310085,-5.350610686862197,rg;CG13375
GO_Biological_Process_GeneRIF_Predicted_zscore,polyamine_catabolic_process_(GO:0006598),1/200,0.7798008127494223,0.7798008127494221,0.8226430015403322,0.8226430015403322,21.540827838213524,-5.357564911526387,rg
GO_Biological_Process_GeneRIF_Predicted_zscore,snRNA_transcription_(GO:0009301),2/200,0.4436359549663501,0.7798008127494221,0.5137900612566643,0.8226430015403322,6.670332728287881,-5.421319422594787,MEP-1;Caf1-55
GO_Biological_Process_GeneRIF_Predicted_zscore,regulation_of_nuclear_division_(GO:0051783),1/200,0.7798008127494223,0.7798008127494221,0.8226430015403322,0.8226430015403322,21.80375610443817,-5.422959578061656,MEP-1
GO_Biological_Process_GeneRIF_Predicted_zscore,positive_regulation_of_cell_adhesion_(GO:0045785),1/200,0.7798008127494223,0.7798008127494221,0.8226430015403322,0.8226430015403322,22.096722477425025,-5.495825225192778,ogre
GO_Biological_Process_GeneRIF_Predicted_zscore,positive_regulation_of_peptide_hormone_secretion_(GO:0090277),1/200,0.7798008127494223,0.7798008127494221,0.8226430015403322,0.8226430015403322,22.10482746307965,-5.497841070966107,MEP-1
GO_Biological_Process_GeneRIF_Predicted_zscore,positive_regulation_of_posttranscriptional_gene_silencing_(GO:0060148),1/200,0.7798008127494223,0.7798008127494221,0.8226430015403322,0.8226430015403322,22.23052379875192,-5.529103856341075,MEP-1
GO_Biological_Process_GeneRIF_Predicted_zscore,"synaptic_transmission,_cholinergic_(GO:0007271)",2/200,0.4436359549663501,0.7798008127494221,0.5137900612566643,0.8226430015403322,6.809722107473706,-5.534608276309512,rg;CG13375
GO_Biological_Process_GeneRIF_Predicted_zscore,sterol_biosynthetic_process_(GO:0016126),2/200,0.4436359549663501,0.7798008127494221,0.5137900612566643,0.8226430015403322,6.8675443658740045,-5.58160337314995,AcCoAS;Pino
GO_Biological_Process_GeneRIF_Predicted_zscore,salivary_gland_morphogenesis_(GO:0007435),1/200,0.7798008127494223,0.7798008127494221,0.8226430015403322,0.8226430015403322,22.60425686611562,-5.622057534028095,MEP-1
GO_Biological_Process_GeneRIF_Predicted_zscore,positive_regulation_of_organ_growth_(GO:0046622),2/200,0.4436359549663501,0.7798008127494221,0.5137900612566643,0.8226430015403322,6.955120916100367,-5.652781299656158,MEP-1;Cdc42
GO_Biological_Process_GeneRIF_Predicted_zscore,regulation_of_cell_cycle_G1/S_phase_transition_(GO:1902806),1/200,0.7798008127494223,0.7798008127494221,0.8226430015403322,0.8226430015403322,23.04016821944456,-5.730475993553965,MEP-1
GO_Biological_Process_GeneRIF_Predicted_zscore,regulation_of_Wnt_protein_secretion_(GO:0061356),1/200,0.7798008127494223,0.7798008127494221,0.8226430015403322,0.8226430015403322,23.37080794427965,-5.812711634701921,MEP-1
GO_Biological_Process_GeneRIF_Predicted_zscore,plasma_membrane_invagination_(GO:0099024),1/200,0.7798008127494223,0.7798008127494221,0.8226430015403322,0.8226430015403322,23.65044618267318,-5.882262351377742,MEP-1
GO_Biological_Process_GeneRIF_Predicted_zscore,regulation_of_apoptotic_signaling_pathway_(GO:2001233),1/200,0.7798008127494223,0.7798008127494221,0.8226430015403322,0.8226430015403322,23.80194055524016,-5.919941540908179,MEP-1
GO_Biological_Process_GeneRIF_Predicted_zscore,regulation_of_anatomical_structure_morphogenesis_(GO:0022603),1/200,0.7798008127494223,0.7798008127494221,0.8226430015403322,0.8226430015403322,24.110048105947765,-5.996573052707324,MEP-1
GO_Biological_Process_GeneRIF_Predicted_zscore,positive_regulation_of_protein_localization_to_plasma_membrane_(GO:1903078),1/200,0.7798008127494223,0.7798008127494221,0.8226430015403322,0.8226430015403322,24.222436356068005,-6.024525894159585,MEP-1
GO_Biological_Process_GeneRIF_Predicted_zscore,phototaxis_(GO:0042331),2/200,0.4436359549663501,0.7798008127494221,0.5137900612566643,0.8226430015403322,7.460619866068026,-6.063626063657062,Pex23;Mppe
GO_Biological_Process_GeneRIF_Predicted_zscore,regulation_of_primary_metabolic_process_(GO:0080090),1/200,0.7798008127494223,0.7798008127494221,0.8226430015403322,0.8226430015403322,24.41012397701697,-6.071206951167997,MEP-1
GO_Biological_Process_GeneRIF_Predicted_zscore,regulation_of_cell_death_(GO:0010941),2/200,0.4436359549663501,0.7798008127494221,0.5137900612566643,0.8226430015403322,7.515705667358598,-6.108397102315943,MEP-1;Caf1-55
GO_Biological_Process_GeneRIF_Predicted_zscore,positive_regulation_of_protein_phosphorylation_(GO:0001934),1/200,0.7798008127494223,0.7798008127494221,0.8226430015403322,0.8226430015403322,24.605030705520814,-6.119683521218855,MEP-1
GO_Biological_Process_GeneRIF_Predicted_zscore,positive_regulation_of_MAPK_cascade_(GO:0043410),1/153,0.685333131763714,0.7798008127494221,0.733321103448412,0.8226430015403322,16.26329610451607,-6.145090258126404,Rep
GO_Biological_Process_GeneRIF_Predicted_zscore,synaptic_target_inhibition_(GO:0016201),2/200,0.4436359549663501,0.7798008127494221,0.5137900612566643,0.8226430015403322,7.605487225153375,-6.181367150871313,CG32085;CG17724
GO_Biological_Process_GeneRIF_Predicted_zscore,positive_regulation_of_cell_proliferation_(GO:0008284),2/200,0.4436359549663501,0.7798008127494221,0.5137900612566643,0.8226430015403322,7.655589059941588,-6.222087465900438,MEP-1;Caf1-55
GO_Biological_Process_GeneRIF_Predicted_zscore,salivary_gland_development_(GO:0007431),1/200,0.7798008127494223,0.7798008127494221,0.8226430015403322,0.8226430015403322,25.03132989720668,-6.225711275042528,MEP-1
GO_Biological_Process_GeneRIF_Predicted_zscore,regulation_of_sodium_ion_transport_(GO:0002028),1/200,0.7798008127494223,0.7798008127494221,0.8226430015403322,0.8226430015403322,25.09032228004502,-6.240383669377407,CG17724
GO_Biological_Process_GeneRIF_Predicted_zscore,positive_regulation_of_cell_growth_(GO:0030307),1/200,0.7798008127494223,0.7798008127494221,0.8226430015403322,0.8226430015403322,25.160581743418007,-6.257858375479557,MEP-1
GO_Biological_Process_GeneRIF_Predicted_zscore,plasma_membrane_organization_(GO:0007009),1/200,0.7798008127494223,0.7798008127494221,0.8226430015403322,0.8226430015403322,25.60939905654008,-6.369486763512196,MEP-1
GO_Biological_Process_GeneRIF_Predicted_zscore,piRNA_metabolic_process_(GO:0034587),2/200,0.4436359549663501,0.7798008127494221,0.5137900612566643,0.8226430015403322,7.87369538354604,-6.399353592870849,MEP-1;Caf1-55
GO_Biological_Process_GeneRIF_Predicted_zscore,tryptophan_metabolic_process_(GO:0006568),2/200,0.4436359549663501,0.7798008127494221,0.5137900612566643,0.8226430015403322,7.874288302421406,-6.399835488264374,hoe1;wtrw
GO_Biological_Process_GeneRIF_Predicted_zscore,secondary_alcohol_biosynthetic_process_(GO:1902653),1/200,0.7798008127494223,0.7798008127494221,0.8226430015403322,0.8226430015403322,25.772596772170097,-6.4100767706125525,FucTA
GO_Biological_Process_GeneRIF_Predicted_zscore,skeletal_myofibril_assembly_(GO:0014866),1/200,0.7798008127494223,0.7798008127494221,0.8226430015403322,0.8226430015403322,25.98941829158128,-6.464003916457916,Cyt-c-p
GO_Biological_Process_GeneRIF_Predicted_zscore,polarized_epithelial_cell_differentiation_(GO:0030859),1/200,0.7798008127494223,0.7798008127494221,0.8226430015403322,0.8226430015403322,26.05908334060728,-6.481330781749478,M6
GO_Biological_Process_GeneRIF_Predicted_zscore,sensory_organ_precursor_cell_fate_determination_(GO:0016360),1/200,0.7798008127494223,0.7798008127494221,0.8226430015403322,0.8226430015403322,26.21554790671078,-6.520246141713788,MEP-1
GO_Biological_Process_GeneRIF_Predicted_zscore,regulation_of_stem_cell_differentiation_(GO:2000736),1/200,0.7798008127494223,0.7798008127494221,0.8226430015403322,0.8226430015403322,26.277726682767653,-6.535711045446643,MEP-1
GO_Biological_Process_GeneRIF_Predicted_zscore,trehalose_metabolic_process_(GO:0005991),2/200,0.4436359549663501,0.7798008127494221,0.5137900612566643,0.8226430015403322,8.07195502794532,-6.560489311984284,CG7582;CG13375
GO_Biological_Process_GeneRIF_Predicted_zscore,regulation_of_G1/S_transition_of_mitotic_cell_cycle_(GO:2000045),1/200,0.7798008127494223,0.7798008127494221,0.8226430015403322,0.8226430015403322,26.50067484781044,-6.591161990744271,MEP-1
GO_Biological_Process_GeneRIF_Predicted_zscore,sensory_perception_(GO:0007600),1/200,0.7798008127494223,0.7798008127494221,0.8226430015403322,0.8226430015403322,26.51082699051606,-6.593686998786904,CG11768
GO_Biological_Process_GeneRIF_Predicted_zscore,positive_regulation_of_chromatin_assembly_or_disassembly_(GO:0045799),2/200,0.4436359549663501,0.7798008127494221,0.5137900612566643,0.8226430015403322,8.132859387716111,-6.609989389715915,MEP-1;Caf1-55
GO_Biological_Process_GeneRIF_Predicted_zscore,snRNA_metabolic_process_(GO:0016073),2/200,0.4436359549663501,0.7798008127494221,0.5137900612566643,0.8226430015403322,8.167700870740543,-6.638306838983673,MEP-1;Caf1-55
GO_Biological_Process_GeneRIF_Predicted_zscore,photoreceptor_cell_fate_specification_(GO:0043704),1/200,0.7798008127494223,0.7798008127494221,0.8226430015403322,0.8226430015403322,26.728283725195617,-6.647772133315834,ogre
GO_Biological_Process_GeneRIF_Predicted_zscore,stem_cell_fate_determination_(GO:0048867),2/200,0.4436359549663501,0.7798008127494221,0.5137900612566643,0.8226430015403322,8.190482177759838,-6.656822368455244,MEP-1;Caf1-55
GO_Biological_Process_GeneRIF_Predicted_zscore,smoothened_signaling_pathway_(GO:0007224),2/200,0.4436359549663501,0.7798008127494221,0.5137900612566643,0.8226430015403322,8.197711180026282,-6.662697747089185,MEP-1;Caf1-55
GO_Biological_Process_GeneRIF_Predicted_zscore,tRNA_processing_(GO:0008033),2/200,0.4436359549663501,0.7798008127494221,0.5137900612566643,0.8226430015403322,8.204336590284427,-6.668082555730411,MEP-1;Caf1-55
GO_Biological_Process_GeneRIF_Predicted_zscore,purine_nucleotide_metabolic_process_(GO:0006163),2/200,0.4436359549663501,0.7798008127494221,0.5137900612566643,0.8226430015403322,8.231999038819772,-6.690565237723951,Pex23;Sxl
GO_Biological_Process_GeneRIF_Predicted_zscore,positive_regulation_of_Toll_signaling_pathway_(GO:0045752),1/200,0.7798008127494223,0.7798008127494221,0.8226430015403322,0.8226430015403322,26.906828986080026,-6.692179332148586,CG6356
GO_Biological_Process_GeneRIF_Predicted_zscore,tetrahydrobiopterin_metabolic_process_(GO:0046146),1/200,0.7798008127494223,0.7798008127494221,0.8226430015403322,0.8226430015403322,26.987477158282097,-6.712237884253164,CG10347
GO_Biological_Process_GeneRIF_Predicted_zscore,"phototransduction,_UV_(GO:0007604)",1/134,0.636570406944632,0.7798008127494221,0.6857057267426295,0.8226430015403322,14.972603993424215,-6.762530082601437,Rep
GO_Biological_Process_GeneRIF_Predicted_zscore,proteoglycan_metabolic_process_(GO:0006029),2/200,0.4436359549663501,0.7798008127494221,0.5137900612566643,0.8226430015403322,8.346149187337723,-6.783340882127417,M6;ogre
GO_Biological_Process_GeneRIF_Predicted_zscore,regulation_of_blood_circulation_(GO:1903522),2/200,0.4436359549663501,0.7798008127494221,0.5137900612566643,0.8226430015403322,8.37834422667896,-6.809507431713716,MEP-1;Caf1-55
GO_Biological_Process_GeneRIF_Predicted_zscore,regulation_of_Wnt_signaling_pathway_(GO:0030111),1/200,0.7798008127494223,0.7798008127494221,0.8226430015403322,0.8226430015403322,27.391697290476785,-6.81277420593236,MEP-1
GO_Biological_Process_GeneRIF_Predicted_zscore,regulation_of_canonical_Wnt_signaling_pathway_(GO:0060828),1/200,0.7798008127494223,0.7798008127494221,0.8226430015403322,0.8226430015403322,27.46125655949564,-6.830074761963254,ogre
GO_Biological_Process_GeneRIF_Predicted_zscore,sister_chromatid_segregation_(GO:0000819),2/200,0.4436359549663501,0.7798008127494221,0.5137900612566643,0.8226430015403322,8.417649649293175,-6.8414529522314655,MEP-1;Caf1-55
GO_Biological_Process_GeneRIF_Predicted_zscore,regulation_of_stem_cell_proliferation_(GO:0072091),1/200,0.7798008127494223,0.7798008127494221,0.8226430015403322,0.8226430015403322,27.53793629204736,-6.849146296615025,MEP-1
GO_Biological_Process_GeneRIF_Predicted_zscore,regulation_of_TOR_signaling_(GO:0032006),1/200,0.7798008127494223,0.7798008127494221,0.8226430015403322,0.8226430015403322,27.936690899703603,-6.948323250738332,MEP-1
GO_Biological_Process_GeneRIF_Predicted_zscore,proteoglycan_biosynthetic_process_(GO:0030166),2/200,0.4436359549663501,0.7798008127494221,0.5137900612566643,0.8226430015403322,8.586582045391395,-6.978752921720069,M6;ogre
GO_Biological_Process_GeneRIF_Predicted_zscore,positive_regulation_of_cell_development_(GO:0010720),1/184,0.7513232849488276,0.7798008127494221,0.7961759292744708,0.8226430015403322,24.41668367671456,-6.981199816207068,MEP-1
GO_Biological_Process_GeneRIF_Predicted_zscore,transcription_elongation_from_RNA_polymerase_II_promoter_(GO:0006368),2/200,0.4436359549663501,0.7798008127494221,0.5137900612566643,0.8226430015403322,8.61261157645245,-6.999908448445727,MEP-1;Caf1-55
GO_Biological_Process_GeneRIF_Predicted_zscore,vesicle_docking_(GO:0048278),2/200,0.4436359549663501,0.7798008127494221,0.5137900612566643,0.8226430015403322,8.706275947694756,-7.076034257412888,rg;CG13375
GO_Biological_Process_GeneRIF_Predicted_zscore,positive_regulation_of_Notch_signaling_pathway_(GO:0045747),1/200,0.7798008127494223,0.7798008127494221,0.8226430015403322,0.8226430015403322,28.47350417885706,-7.08183771035125,MEP-1
GO_Biological_Process_GeneRIF_Predicted_zscore,positive_regulation_of_cell_cycle_process_(GO:0090068),2/200,0.4436359549663501,0.7798008127494221,0.5137900612566643,0.8226430015403322,8.728368221324837,-7.093989774326177,MEP-1;Caf1-55
GO_Biological_Process_GeneRIF_Predicted_zscore,telomere_organization_(GO:0032200),1/200,0.7798008127494223,0.7798008127494221,0.8226430015403322,0.8226430015403322,28.60537883227651,-7.114637146899662,MEP-1
GO_Biological_Process_GeneRIF_Predicted_zscore,selective_autophagy_(GO:0061912),2/200,0.4436359549663501,0.7798008127494221,0.5137900612566643,0.8226430015403322,8.76012164386485,-7.119797399427094,Sara;capt
GO_Biological_Process_GeneRIF_Predicted_zscore,regulation_of_antifungal_peptide_biosynthetic_process_(GO:0002810),2/200,0.4436359549663501,0.7798008127494221,0.5137900612566643,0.8226430015403322,8.777706738255096,-7.134089702022692,MEP-1;Caf1-55
GO_Biological_Process_GeneRIF_Predicted_zscore,regulation_of_actin_nucleation_(GO:0051125),2/200,0.4436359549663501,0.7798008127494221,0.5137900612566643,0.8226430015403322,8.83964279351102,-7.184428291264855,MEP-1;CG1951
GO_Biological_Process_GeneRIF_Predicted_zscore,positive_regulation_of_endopeptidase_activity_(GO:0010950),1/200,0.7798008127494223,0.7798008127494221,0.8226430015403322,0.8226430015403322,28.898893815458365,-7.187639242581087,MEP-1
GO_Biological_Process_GeneRIF_Predicted_zscore,positive_regulation_of_cellular_protein_localization_(GO:1903829),2/200,0.4436359549663501,0.7798008127494221,0.5137900612566643,0.8226430015403322,8.847813179277253,-7.191068780255265,MEP-1;Caf1-55
GO_Biological_Process_GeneRIF_Predicted_zscore,regulation_of_antimicrobial_peptide_production_(GO:0002784),2/200,0.4436359549663501,0.7798008127494221,0.5137900612566643,0.8226430015403322,8.876305173862356,-7.2142256766088195,CG2991;Sara
GO_Biological_Process_GeneRIF_Predicted_zscore,sensory_perception_of_bitter_taste_(GO:0050913),2/200,0.4436359549663501,0.7798008127494221,0.5137900612566643,0.8226430015403322,8.890371291703524,-7.225657927586261,Patsas;CG11768
GO_Biological_Process_GeneRIF_Predicted_zscore,vesicle_fusion_(GO:0006906),2/200,0.4436359549663501,0.7798008127494221,0.5137900612566643,0.8226430015403322,8.933559777539589,-7.260759411520125,Patsas;CG13375
GO_Biological_Process_GeneRIF_Predicted_zscore,regulation_of_neural_precursor_cell_proliferation_(GO:2000177),1/200,0.7798008127494223,0.7798008127494221,0.8226430015403322,0.8226430015403322,29.40428064816366,-7.313337418249432,Caf1-55
GO_Biological_Process_GeneRIF_Predicted_zscore,photoreceptor_cell_axon_guidance_(GO:0072499),1/200,0.7798008127494223,0.7798008127494221,0.8226430015403322,0.8226430015403322,29.433752335264916,-7.320667520782309,MEP-1
GO_Biological_Process_GeneRIF_Predicted_zscore,photoreceptor_cell_development_(GO:0042461),1/200,0.7798008127494223,0.7798008127494221,0.8226430015403322,0.8226430015403322,29.581292854230025,-7.357363320654661,MEP-1
GO_Biological_Process_GeneRIF_Predicted_zscore,transcription_initiation_from_RNA_polymerase_II_promoter_(GO:0006367),2/200,0.4436359549663501,0.7798008127494221,0.5137900612566643,0.8226430015403322,9.092602078355098,-7.390021196433603,MEP-1;Caf1-55
GO_Biological_Process_GeneRIF_Predicted_zscore,regulation_of_MAP_kinase_activity_(GO:0043405),1/181,0.7455901070546773,0.7798008127494221,0.7907960755240923,0.8226430015403322,25.19443962278688,-7.396565548615874,MEP-1
GO_Biological_Process_GeneRIF_Predicted_zscore,regulation_of_Ras_protein_signal_transduction_(GO:0046578),1/200,0.7798008127494223,0.7798008127494221,0.8226430015403322,0.8226430015403322,29.75087572850012,-7.399541423725215,MEP-1
GO_Biological_Process_GeneRIF_Predicted_zscore,positive_regulation_of_cell_death_(GO:0010942),1/181,0.7455901070546773,0.7798008127494221,0.7907960755240923,0.8226430015403322,25.31268491243791,-7.431279916103845,MEP-1
GO_Biological_Process_GeneRIF_Predicted_zscore,regulation_of_cell_fate_commitment_(GO:0010453),2/200,0.4436359549663501,0.7798008127494221,0.5137900612566643,0.8226430015403322,9.197420366107025,-7.475212361909167,M6;ogre
GO_Biological_Process_GeneRIF_Predicted_zscore,ribonucleoprotein_complex_assembly_(GO:0022618),2/200,0.4436359549663501,0.7798008127494221,0.5137900612566643,0.8226430015403322,9.22822695842018,-7.500250449820884,MEP-1;Caf1-55
GO_Biological_Process_GeneRIF_Predicted_zscore,synaptic_vesicle_endocytosis_(GO:0048488),1/200,0.7798008127494223,0.7798008127494221,0.8226430015403322,0.8226430015403322,30.295094217252505,-7.534897683078038,CG13375
GO_Biological_Process_GeneRIF_Predicted_zscore,translational_termination_(GO:0006415),2/200,0.4436359549663501,0.7798008127494221,0.5137900612566643,0.8226430015403322,9.273150457915383,-7.536762067796318,Nf-YB;Bet3
GO_Biological_Process_GeneRIF_Predicted_zscore,positive_regulation_of_chromatin_silencing_(GO:0031937),2/200,0.4436359549663501,0.7798008127494221,0.5137900612566643,0.8226430015403322,9.28059790557092,-7.542814988133033,MEP-1;Caf1-55
GO_Biological_Process_GeneRIF_Predicted_zscore,response_to_unfolded_protein_(GO:0006986),2/200,0.4436359549663501,0.7798008127494221,0.5137900612566643,0.8226430015403322,9.284572580099516,-7.546045408727944,capt;Cdc42
GO_Biological_Process_GeneRIF_Predicted_zscore,synaptic_vesicle_membrane_organization_(GO:0048499),1/200,0.7798008127494223,0.7798008127494221,0.8226430015403322,0.8226430015403322,30.444499537509223,-7.572057290286018,CG13375
GO_Biological_Process_GeneRIF_Predicted_zscore,tetrahydrobiopterin_biosynthetic_process_(GO:0006729),1/200,0.7798008127494223,0.7798008127494221,0.8226430015403322,0.8226430015403322,30.50209675651515,-7.586382683992579,CG10347
GO_Biological_Process_GeneRIF_Predicted_zscore,regulation_of_TORC1_signaling_(GO:1903432),1/200,0.7798008127494223,0.7798008127494221,0.8226430015403322,0.8226430015403322,30.544882298574173,-7.597024165396066,MEP-1
GO_Biological_Process_GeneRIF_Predicted_zscore,synaptic_vesicle_recycling_(GO:0036465),1/200,0.7798008127494223,0.7798008127494221,0.8226430015403322,0.8226430015403322,30.557319534268544,-7.600117514363571,CG13375
GO_Biological_Process_GeneRIF_Predicted_zscore,synaptic_vesicle_transport_(GO:0048489),1/200,0.7798008127494223,0.7798008127494221,0.8226430015403322,0.8226430015403322,30.632277390163814,-7.618760789431921,CG13375
GO_Biological_Process_GeneRIF_Predicted_zscore,regulation_of_peptide_hormone_secretion_(GO:0090276),1/200,0.7798008127494223,0.7798008127494221,0.8226430015403322,0.8226430015403322,30.908850097018888,-7.687549057035264,MEP-1
GO_Biological_Process_GeneRIF_Predicted_zscore,regulation_of_RNA_splicing_(GO:0043484),1/160,0.7016101651601492,0.7798008127494221,0.7490052231232204,0.8226430015403322,21.764696115365805,-7.712915321784462,MEP-1
GO_Biological_Process_GeneRIF_Predicted_zscore,synaptic_vesicle_cycle_(GO:0099504),1/200,0.7798008127494223,0.7798008127494221,0.8226430015403322,0.8226430015403322,31.158038797976804,-7.749526463411104,CG13375
GO_Biological_Process_GeneRIF_Predicted_zscore,regulation_of_axon_extension_(GO:0030516),2/200,0.4436359549663501,0.7798008127494221,0.5137900612566643,0.8226430015403322,9.602252186684863,-7.80423981843702,MEP-1;Sara
GO_Biological_Process_GeneRIF_Predicted_zscore,regulation_of_oocyte_development_(GO:0060281),1/200,0.7798008127494223,0.7798008127494221,0.8226430015403322,0.8226430015403322,31.52291594832832,-7.840277526110427,MEP-1
GO_Biological_Process_GeneRIF_Predicted_zscore,transcription_from_mitochondrial_promoter_(GO:0006390),1/200,0.7798008127494223,0.7798008127494221,0.8226430015403322,0.8226430015403322,31.55870490255431,-7.849178838855764,Caf1-55
GO_Biological_Process_GeneRIF_Predicted_zscore,"retrograde_transport,_endosome_to_Golgi_(GO:0042147)",1/107,0.554106376818351,0.7798008127494221,0.6032950105729391,0.8226430015403322,13.315039878983573,-7.861180833591433,M6
GO_Biological_Process_GeneRIF_Predicted_zscore,regulation_of_G2/M_transition_of_mitotic_cell_cycle_(GO:0010389),1/200,0.7798008127494223,0.7798008127494221,0.8226430015403322,0.8226430015403322,31.73429406151196,-7.892850805594529,Caf1-55
GO_Biological_Process_GeneRIF_Predicted_zscore,xanthine_catabolic_process_(GO:0009115),1/200,0.7798008127494223,0.7798008127494221,0.8226430015403322,0.8226430015403322,31.77996590540793,-7.904210158639805,AcCoAS
GO_Biological_Process_GeneRIF_Predicted_zscore,vacuolar_acidification_(GO:0007035),1/200,0.7798008127494223,0.7798008127494221,0.8226430015403322,0.8226430015403322,31.79172134284292,-7.907133932953139,Sara
GO_Biological_Process_GeneRIF_Predicted_zscore,"synaptic_transmission,_glutamatergic_(GO:0035249)",1/200,0.7798008127494223,0.7798008127494221,0.8226430015403322,0.8226430015403322,32.03991430702023,-7.968863682902915,CG13375
GO_Biological_Process_GeneRIF_Predicted_zscore,spindle_assembly_(GO:0051225),2/200,0.4436359549663501,0.7798008127494221,0.5137900612566643,0.8226430015403322,9.83979119420458,-7.997299878189251,MEP-1;Caf1-55
GO_Biological_Process_GeneRIF_Predicted_zscore,positive_regulation_of_developmental_growth_(GO:0048639),1/200,0.7798008127494223,0.7798008127494221,0.8226430015403322,0.8226430015403322,32.328474801714385,-8.040633514259328,MEP-1
GO_Biological_Process_GeneRIF_Predicted_zscore,sensory_perception_of_taste_(GO:0050909),1/200,0.7798008127494223,0.7798008127494221,0.8226430015403322,0.8226430015403322,32.39875005983063,-8.058112148778848,CG17724
GO_Biological_Process_GeneRIF_Predicted_zscore,positive_regulation_of_circadian_rhythm_(GO:0042753),2/200,0.4436359549663501,0.7798008127494221,0.5137900612566643,0.8226430015403322,10.0228248774213,-8.146060682519707,hoe1;wtrw
GO_Biological_Process_GeneRIF_Predicted_zscore,regulation_of_gene_silencing_by_RNA_(GO:0060966),1/200,0.7798008127494223,0.7798008127494221,0.8226430015403322,0.8226430015403322,32.90606830275137,-8.18429069853856,MEP-1
GO_Biological_Process_GeneRIF_Predicted_zscore,regulation_of_ATPase_activity_(GO:0043462),1/200,0.7798008127494223,0.7798008127494221,0.8226430015403322,0.8226430015403322,33.001079674012345,-8.207921618978895,MEP-1
GO_Biological_Process_GeneRIF_Predicted_zscore,signal_transduction_downstream_of_smoothened_(GO:0007227),2/200,0.4436359549663501,0.7798008127494221,0.5137900612566643,0.8226430015403322,10.105465586243133,-8.213226999116301,MEP-1;Caf1-55
GO_Biological_Process_GeneRIF_Predicted_zscore,regulation_of_ATP_metabolic_process_(GO:1903578),1/200,0.7798008127494223,0.7798008127494221,0.8226430015403322,0.8226430015403322,33.05724817125827,-8.22189166563811,MEP-1
GO_Biological_Process_GeneRIF_Predicted_zscore,pupal_development_(GO:0035209),1/127,0.6167722197596978,0.7798008127494221,0.6661244077134568,0.8226430015403322,17.021760876218146,-8.22585951285909,MEP-1
GO_Biological_Process_GeneRIF_Predicted_zscore,regulation_of_cell-matrix_adhesion_(GO:0001952),1/200,0.7798008127494223,0.7798008127494221,0.8226430015403322,0.8226430015403322,33.11116008795624,-8.23530046289435,M6
GO_Biological_Process_GeneRIF_Predicted_zscore,positive_regulation_of_crystal_cell_differentiation_(GO:0042691),2/200,0.4436359549663501,0.7798008127494221,0.5137900612566643,0.8226430015403322,10.257621420188649,-8.336891801372973,capt;Cdc42
GO_Biological_Process_GeneRIF_Predicted_zscore,regulation_of_phosphorylation_(GO:0042325),1/200,0.7798008127494223,0.7798008127494221,0.8226430015403322,0.8226430015403322,33.59643781699791,-8.355997167449344,MEP-1
GO_Biological_Process_GeneRIF_Predicted_zscore,regulation_of_gene_silencing_(GO:0060968),1/200,0.7798008127494223,0.7798008127494221,0.8226430015403322,0.8226430015403322,33.7392734813667,-8.391522791129379,MEP-1
GO_Biological_Process_GeneRIF_Predicted_zscore,regulation_of_cell_cycle_(GO:0051726),2/200,0.4436359549663501,0.7798008127494221,0.5137900612566643,0.8226430015403322,10.40219226896884,-8.454391899547872,MEP-1;Caf1-55
GO_Biological_Process_GeneRIF_Predicted_zscore,pyruvate_metabolic_process_(GO:0006090),1/200,0.7798008127494223,0.7798008127494221,0.8226430015403322,0.8226430015403322,34.331604933084854,-8.538845550753729,Sara
GO_Biological_Process_GeneRIF_Predicted_zscore,regulation_of_Rho_protein_signal_transduction_(GO:0035023),1/200,0.7798008127494223,0.7798008127494221,0.8226430015403322,0.8226430015403322,34.45582687510355,-8.56974162971595,MEP-1
GO_Biological_Process_GeneRIF_Predicted_zscore,transepithelial_transport_(GO:0070633),1/200,0.7798008127494223,0.7798008127494221,0.8226430015403322,0.8226430015403322,34.58094437186208,-8.600860448151625,CG2991
GO_Biological_Process_GeneRIF_Predicted_zscore,regulation_of_BMP_signaling_pathway_(GO:0030510),1/200,0.7798008127494223,0.7798008127494221,0.8226430015403322,0.8226430015403322,34.67168529154075,-8.623429235709901,MEP-1
GO_Biological_Process_GeneRIF_Predicted_zscore,regulation_of_DNA_endoreduplication_(GO:0032875),1/200,0.7798008127494223,0.7798008127494221,0.8226430015403322,0.8226430015403322,34.7223884320125,-8.636039956539014,Caf1-55
GO_Biological_Process_GeneRIF_Predicted_zscore,regulation_of_DNA_metabolic_process_(GO:0051052),1/200,0.7798008127494223,0.7798008127494221,0.8226430015403322,0.8226430015403322,35.108218346997674,-8.732002322974843,MEP-1
GO_Biological_Process_GeneRIF_Predicted_zscore,quinone_biosynthetic_process_(GO:1901663),1/200,0.7798008127494223,0.7798008127494221,0.8226430015403322,0.8226430015403322,35.7702875581605,-8.896670032190519,CG1275
GO_Biological_Process_GeneRIF_Predicted_zscore,sex_comb_development_(GO:0045498),1/200,0.7798008127494223,0.7798008127494221,0.8226430015403322,0.8226430015403322,36.60034192192238,-9.103118464319062,MEP-1
GO_Biological_Process_GeneRIF_Predicted_zscore,telomere_maintenance_(GO:0000723),1/200,0.7798008127494223,0.7798008127494221,0.8226430015403322,0.8226430015403322,36.90610378238731,-9.179166563640662,MEP-1
GO_Biological_Process_GeneRIF_Predicted_zscore,spindle_assembly_checkpoint_(GO:0071173),1/200,0.7798008127494223,0.7798008127494221,0.8226430015403322,0.8226430015403322,38.01496247247198,-9.454958304536513,Caf1-55
GO_Biological_Process_GeneRIF_Predicted_zscore,regulation_of_apoptotic_process_(GO:0042981),2/200,0.4436359549663501,0.7798008127494221,0.5137900612566643,0.8226430015403322,12.002569540622076,-9.75510008603738,MEP-1;M6
GO_Biological_Process_GeneRIF_Predicted_zscore,regulation_of_ERBB_signaling_pathway_(GO:1901184),1/200,0.7798008127494223,0.7798008127494221,0.8226430015403322,0.8226430015403322,39.76052151954296,-9.889108095427764,MEP-1
GO_Biological_Process_GeneRIF_Predicted_zscore,regulation_of_cell-cell_adhesion_(GO:0022407),2/200,0.4436359549663501,0.7798008127494221,0.5137900612566643,0.8226430015403322,12.45908245383152,-10.126131400944956,M6;ogre
GO_Biological_Process_GeneRIF_Predicted_zscore,regulation_of_cell_communication_(GO:0010646),2/200,0.4436359549663501,0.7798008127494221,0.5137900612566643,0.8226430015403322,12.50767820808685,-10.165627647553883,M6;ogre
GO_Biological_Process_GeneRIF_Predicted_zscore,regulation_of_DNA_recombination_(GO:0000018),1/200,0.7798008127494223,0.7798008127494221,0.8226430015403322,0.8226430015403322,41.51779374313449,-10.326171149634636,MEP-1
GO_Biological_Process_GeneRIF_Predicted_zscore,regulation_of_DNA_binding_(GO:0051101),1/200,0.7798008127494223,0.7798008127494221,0.8226430015403322,0.8226430015403322,41.69337008479156,-10.369839928495926,MEP-1
GO_Biological_Process_GeneRIF_Predicted_zscore,recombinational_repair_(GO:0000725),2/200,0.4436359549663501,0.7798008127494221,0.5137900612566643,0.8226430015403322,12.94138948382946,-10.518126909398848,MEP-1;Rbm13
GO_Biological_Process_GeneRIF_Predicted_zscore,regulation_of_Notch_signaling_pathway_(GO:0008593),1/200,0.7798008127494223,0.7798008127494221,0.8226430015403322,0.8226430015403322,42.49922376175512,-10.570269244209848,MEP-1
GO_Biological_Process_GeneRIF_Predicted_zscore,protein_polyubiquitination_(GO:0000209),2/200,0.4436359549663501,0.7798008127494221,0.5137900612566643,0.8226430015403322,13.043308329618457,-10.600961550594649,MEP-1;ogre
GO_Biological_Process_GeneRIF_Predicted_zscore,receptor_internalization_(GO:0031623),1/200,0.7798008127494223,0.7798008127494221,0.8226430015403322,0.8226430015403322,42.82808620306206,-10.652062845156758,MEP-1
GO_Biological_Process_GeneRIF_Predicted_zscore,purine_ribonucleotide_transport_(GO:0015868),2/200,0.4436359549663501,0.7798008127494221,0.5137900612566643,0.8226430015403322,13.420678750582836,-10.907669727836067,capt;Rep
GO_Biological_Process_GeneRIF_Predicted_zscore,regulation_of_GTPase_activity_(GO:0043087),1/200,0.7798008127494223,0.7798008127494221,0.8226430015403322,0.8226430015403322,44.212819890630016,-10.996469321641456,MEP-1
GO_Biological_Process_GeneRIF_Predicted_zscore,receptor-mediated_endocytosis_(GO:0006898),2/200,0.4436359549663501,0.7798008127494221,0.5137900612566643,0.8226430015403322,13.5715750824882,-11.030310868582704,disco-r;ogre
GO_Biological_Process_GeneRIF_Predicted_zscore,purine_ribonucleotide_metabolic_process_(GO:0009150),2/200,0.4436359549663501,0.7798008127494221,0.5137900612566643,0.8226430015403322,13.588353877570777,-11.043947850630564,Pex23;Sxl
GO_Biological_Process_GeneRIF_Predicted_zscore,regulation_of_STAT_cascade_(GO:1904892),2/200,0.4436359549663501,0.7798008127494221,0.5137900612566643,0.8226430015403322,13.80449252752993,-11.219614748929017,MEP-1;cdm
GO_Biological_Process_GeneRIF_Predicted_zscore,purine_ribonucleotide_biosynthetic_process_(GO:0009152),2/200,0.4436359549663501,0.7798008127494221,0.5137900612566643,0.8226430015403322,13.847156904407598,-11.254290262796395,Pex23;Sxl
GO_Biological_Process_GeneRIF_Predicted_zscore,receptor_localization_to_synapse_(GO:0097120),2/200,0.4436359549663501,0.7798008127494221,0.5137900612566643,0.8226430015403322,14.003688231807038,-11.381511251619983,rg;Sxl
GO_Biological_Process_GeneRIF_Predicted_zscore,receptor_metabolic_process_(GO:0043112),2/200,0.4436359549663501,0.7798008127494221,0.5137900612566643,0.8226430015403322,14.091182755741594,-11.452622511177625,MEP-1;Cdc42
GO_Biological_Process_GeneRIF_Predicted_zscore,regulation_of_JUN_kinase_activity_(GO:0043506),1/200,0.7798008127494223,0.7798008127494221,0.8226430015403322,0.8226430015403322,46.17787768096215,-11.485212128820317,MEP-1
GO_Biological_Process_GeneRIF_Predicted_zscore,rRNA_transcription_(GO:0009303),2/200,0.4436359549663501,0.7798008127494221,0.5137900612566643,0.8226430015403322,15.48355730750776,-12.584276284460108,MEP-1;Cdc42
GO_Biological_Process_GeneRIF_Predicted_zscore,regulation_of_MAPK_cascade_(GO:0043408),1/126,0.6138577923108492,0.7798008127494221,0.6632304976933024,0.8226430015403322,26.004802410216605,-12.69013518084176,MEP-1
GO_Biological_Process_GeneRIF_Predicted_zscore,regulation_of_DNA_replication_(GO:0006275),2/200,0.4436359549663501,0.7798008127494221,0.5137900612566643,0.8226430015403322,16.931908602998476,-13.76142521073257,MEP-1;Caf1-55
GO_Biological_Process_GeneRIF_Predicted_zscore,regulation_of_DNA_repair_(GO:0006282),2/200,0.4436359549663501,0.7798008127494221,0.5137900612566643,0.8226430015403322,17.021281884411323,-13.834063432260818,MEP-1;Caf1-55
GO_Biological_Process_GeneRIF_Predicted_zscore,regulation_of_RNA_metabolic_process_(GO:0051252),2/200,0.4436359549663501,0.7798008127494221,0.5137900612566643,0.8226430015403322,18.20121274430613,-14.793053388030025,MEP-1;Cdc42
GO_Biological_Process_GeneRIF_Predicted_zscore,regulation_of_JAK-STAT_cascade_(GO:0046425),2/200,0.4436359549663501,0.7798008127494221,0.5137900612566643,0.8226430015403322,18.961397611390343,-15.410894379261077,MEP-1;cdm
GO_Biological_Process_GeneRIF_Predicted_zscore,rRNA_processing_(GO:0006364),2/200,0.4436359549663501,0.7798008127494221,0.5137900612566643,0.8226430015403322,19.671269187532708,-15.987843194268144,MEP-1;Rbm13
GO_Biological_Process_GeneRIF_Predicted_zscore,regulation_of_RNA_export_from_nucleus_(GO:0046831),2/200,0.4436359549663501,0.7798008127494221,0.5137900612566643,0.8226430015403322,19.967996213462257,-16.229008373638973,MEP-1;Caf1-55
GO_Biological_Process_GeneRIF_Predicted_zscore,regulation_of_G-protein_coupled_receptor_protein_signaling_pathway_(GO:0008277),1/200,0.7798008127494223,0.7798008127494221,0.8226430015403322,0.8226430015403322,75.64583371966496,-18.81438668390788,MEP-1
KEGG_2019,Glyoxylate and dicarboxylate metabolism,1/33,0.2201334824766927,0.4261481866512424,0.2539189832190577,0.4851397779052307,-82.45154475376324,124.7921591511185,AcCoAS
KEGG_2019,Galactose metabolism,1/37,0.2433071109219324,0.4261481866512424,0.2793431935786353,0.4851397779052307,-80.50500577686667,113.7882549324767,CG6083
KEGG_2019,AGE-RAGE signaling pathway in diabetic complications,1/31,0.2082836784909968,0.4261481866512424,0.2408851384727533,0.4851397779052307,-61.70154714761605,96.80073691535458,Cdc42
KEGG_2019,Glycerolipid metabolism,1/42,0.271314430069352,0.4261481866512424,0.3099518598982894,0.4851397779052307,-70.75230535808555,92.29474598905696,CG6083
KEGG_2019,Folate biosynthesis,1/40,0.2602372536536108,0.4261481866512424,0.2978616938347551,0.4851397779052307,-61.42105263157895,82.68265941328707,CG6083
KEGG_2019,Selenocompound metabolism,1/11,0.0794939619466175,0.3709475280499648,0.0978923540227285,0.4803472215339083,-32.04277330826109,81.13467992877197,Papss
KEGG_2019,Sulfur metabolism,1/8,0.0584583682884511,0.3709475280499648,0.0743223292385635,0.4803472215339083,-27.86133391715018,79.11059799370801,Papss
KEGG_2019,Glycolysis / Gluconeogenesis,1/54,0.3344010963667676,0.452542137336719,0.3783906555223929,0.5117186663734848,-66.2337972990274,72.55343672747989,AcCoAS
KEGG_2019,Longevity regulating pathway,1/55,0.3394066030025392,0.452542137336719,0.3837889997801136,0.5117186663734848,-57.73601663413658,62.38702640937581,Ac78C
KEGG_2019,Basal transcription factors,1/39,0.2546361021849479,0.4261481866512424,0.2917403718240783,0.4851397779052307,-43.6053069553139,59.64856291248572,Trf
KEGG_2019,TGF-beta signaling pathway,2/41,0.0378636826108133,0.3709475280499648,0.0511001989459791,0.4803472215339083,-18.05187657678981,59.097563248538606,Myc;Sara
KEGG_2019,N-Glycan biosynthesis,1/38,0.2489928261465382,0.4261481866512424,0.2855676765507455,0.4851397779052307,-40.67025051037659,56.54511793565296,FucT6
KEGG_2019,Pantothenate and CoA biosynthesis,1/10,0.0725344908913629,0.3709475280499648,0.0901006373117569,0.4803472215339083,-19.462543197266683,51.06374017475667,CRMP
KEGG_2019,beta-Alanine metabolism,1/19,0.133334085559518,0.4261481866512424,0.1579546520984054,0.4851397779052307,-16.427122966660423,33.098967007764465,CRMP
KEGG_2019,Fructose and mannose metabolism,1/29,0.1962550392645768,0.4261481866512424,0.2276321706623266,0.4851397779052307,-19.26220062209674,31.36541647768163,CG6083
KEGG_2019,Hippo signaling pathway,2/63,0.0811447717609298,0.3709475280499648,0.1050759547105424,0.4803472215339083,-7.377184967061797,18.52795064225641,yki;Myc
KEGG_2019,Propanoate metabolism,1/22,0.1527074120849478,0.4261481866512424,0.1794695847759907,0.4851397779052307,-9.054018687156985,17.01459736982555,AcCoAS
KEGG_2019,Pentose and glucuronate interconversions,1/45,0.2876219947795162,0.4261481866512424,0.3277119884887685,0.4851397779052307,-6.707599698672481,8.358394846505112,CG6083
KEGG_2019,Endocytosis,4/121,0.0131261827825146,0.3709475280499648,0.0201328596012001,0.4803472215339083,-1.4900278818251615,6.456508889153682,Vsp37A;Sara;AP-2mu;Cdc42
KEGG_2019,Oxidative phosphorylation,4/144,0.0232881695858753,0.3709475280499648,0.0348663849690284,0.4803472215339083,-1.126488133081379,4.235381111586392,CG40472;ND-AGGG;ND-MNLL;sun
KEGG_2019,Pyrimidine metabolism,1/38,0.2489928261465382,0.4261481866512424,0.2855676765507455,0.4851397779052307,-2.7405392797543326,3.8102572478982073,CRMP
KEGG_2019,Pyruvate metabolism,1/46,0.2929768783227292,0.4261481866512424,0.3335335973098461,0.4851397779052307,-2.93036856775927,3.5975009253740478,AcCoAS
KEGG_2019,Glutathione metabolism,1/77,0.4405409218885268,0.5221225740901059,0.4917464748078622,0.5828106368093182,1.052618593314255,-0.8628861331024409,CG2540
KEGG_2019,Purine metabolism,2/99,0.1701253208343003,0.4261481866512424,0.2124728319346716,0.4851397779052307,0.6892737376188588,-1.2208553827700337,Ac78C;Papss
KEGG_2019,Apoptosis,1/69,0.4056808521446705,0.5192714907451783,0.4547855939925743,0.5821255603104951,1.5510514127819115,-1.3993407583213204,Cyt-c-p
KEGG_2019,Ribosome biogenesis in eukaryotes,1/178,0.7397256534712621,0.7397256534712621,0.7938390501644162,0.7938390501644162,5.5865634205500445,-1.6842142355464371,prage
KEGG_2019,mRNA surveillance pathway,1/73,0.4233725055508866,0.5210738529857066,0.4735783171760278,0.5828106368093182,2.470021647749593,-2.1229906697150844,flw
KEGG_2019,Drug metabolism,1/96,0.5154051139955195,0.565173174343858,0.5701126298776092,0.6240629175306717,3.597795728209666,-2.3846264144731206,CRMP
KEGG_2019,Spliceosome,1/127,0.6167722197596978,0.6366680978164622,0.6736226663327562,0.6953524297628451,5.760085087419642,-2.783592781956398,Sf3b5
KEGG_2019,Wnt signaling pathway,1/91,0.4967278365266941,0.565173174343858,0.5506995995693902,0.6240629175306717,5.857497645075807,-4.098567340534246,Myc
KEGG_2019,Ubiquitin mediated proteolysis,1/100,0.5298498509473669,0.565173174343858,0.5850589851850047,0.6240629175306717,7.183716864238571,-4.562821188471192,CG31687
KEGG_2019,Ribosome,4/240,0.1068072170070193,0.4261481866512424,0.1500397377061708,0.4851397779052307,5.827434198364005,-13.03439561111362,RpL29;RpL39;RpL22;RpL41
