names,scores,logfoldchanges,pvals,pvals_adj,significant
lncRNA:CR34335,108.02406,1.5369552,0.0,0.0,True
lncRNA:noe,83.45511,0.57126933,0.0,0.0,False
RpL41,76.44068,1.1503875,0.0,0.0,True
RpL39,65.74689,1.324701,0.0,0.0,True
Dsp1,65.30681,1.3297988,0.0,0.0,True
Hex-A,63.05015,1.2868507,0.0,0.0,True
UQCR-6.4,56.92301,1.3297122,0.0,0.0,True
stai,54.92798,0.9996119,0.0,0.0,False
Neb-cGP,51.33849,1.0656317,0.0,0.0,True
RpL29,50.769127,0.8640916,0.0,0.0,False
nrv3,50.678608,0.42983407,0.0,0.0,False
cype,50.290054,0.8972477,0.0,0.0,False
bel,49.91818,1.1258532,0.0,0.0,True
TP53INP,48.00337,1.0490016,0.0,0.0,True
Dhit,47.03782,0.93646634,0.0,0.0,False
egh,46.328705,1.103042,0.0,0.0,True
unc-119,46.23678,1.1723202,0.0,0.0,True
Rdh,45.29399,1.0756307,0.0,0.0,True
Sxl,44.995243,1.0523067,0.0,0.0,True
Cp110,42.95842,1.2299674,0.0,0.0,True
capu,42.765064,1.2456689,0.0,0.0,True
Pitslre,42.272186,0.9333665,0.0,0.0,False
NdufA3,41.10148,1.0305024,0.0,0.0,True
sif,41.014946,0.82378006,0.0,0.0,False
Lk6,40.6263,0.76438445,0.0,0.0,False
pcs,40.51498,1.2666477,0.0,0.0,True
Tom6,39.62766,1.2402676,0.0,0.0,True
CG17124,39.423748,1.0335273,0.0,0.0,True
Cbp53E,39.156593,0.9829395,0.0,0.0,False
fru,39.03078,1.2718434,0.0,0.0,True
Liprin-gamma,38.23447,0.84111947,0.0,0.0,False
fs(1)h,38.210987,0.7726513,0.0,0.0,False
sun,38.1951,0.9457582,0.0,0.0,False
Vap33,38.03127,0.79825634,0.0,0.0,False
mei-P26,37.36946,0.48867226,1.22489155695938e-305,3.4991956413050464e-303,False
numb,36.980404,1.0484682,2.365238709592052e-299,6.475333725572742e-297,True
Top1,36.753284,0.9917707,1.030312661773204e-295,2.763130344563607e-293,False
ox,36.594883,1.0161037,3.44980971786611e-293,9.066789900495711e-291,True
Mnn1,36.46189,0.7208951,4.458285098989795e-291,1.1266600862658634e-288,False
RpS21,36.199368,0.7487389,6.228735941597858e-287,1.5443739435573104e-284,False
RhoGAP93B,35.592255,0.92708415,1.8461530991361393e-277,4.332196049240715e-275,False
heca,34.66609,0.86086714,2.5565051094570452e-263,5.893865551469303e-261,False
tow,34.524323,0.9410507,3.4623494357495488e-261,7.583122322530804e-259,False
Frq2,34.284035,1.1003485,1.357347893000484e-257,2.8312553431618035e-255,True
COX7B,34.16337,0.6955521,8.466999397872186e-256,1.7385131107412248e-253,False
COX8,34.085506,0.7331121,1.209556206294685e-254,2.4453504779874544e-252,False
glec,33.41433,0.88977593,8.490894952463189e-245,1.665355978661474e-242,False
Smr,33.17686,0.7735738,2.322004948817988e-241,4.4872745635907615e-239,False
flw,32.71729,0.7726433,8.86783632376084e-235,1.5963320154868657e-232,False
Polr2A,32.408447,1.1707567,2.0869389420135435e-230,3.65659528493333e-228,True
lqf,32.356884,0.8263691,1.110068909940373e-229,1.9193967823061108e-227,False
CG42613,32.326263,0.717278,2.9912604336519255e-229,5.104954981638955e-227,False
Fim,32.1636,0.79709965,5.700778612522312e-227,9.604350223994322e-225,False
Tom7,32.15654,0.8872328,7.155491825316506e-227,1.1902571908415723e-224,False
cindr,32.13158,0.7640181,1.5974573859304953e-226,2.6240234385640797e-224,False
UQCR-Q,32.06389,0.7245316,1.4058376449046875e-225,2.280754628604012e-223,False
Yp3,31.411263,5.1897717,1.4200426847077696e-216,2.2757049902127805e-214,True
Imp,31.253885,1.4434931,1.977018417839025e-214,3.1301203649183886e-212,True
fax,30.949484,0.7129918,2.5815951279460323e-210,3.944737392597536e-208,False
MESK2,30.888401,0.6360847,1.7098321668998777e-209,2.5826327017507233e-207,False
rin,30.822807,0.7455275,1.296797974685329e-208,1.9365025210613533e-206,False
14-3-3zeta,30.723057,0.34997743,2.801468361719696e-207,4.136415251838037e-205,False
CG16711,30.650932,0.7759958,2.568111032694452e-206,3.708521657212944e-204,False
GluRIA,30.631617,1.003273,4.644326427158486e-206,6.56248318056878e-204,True
gro,30.399454,0.8620632,5.584785164870391e-203,7.725227563322294e-201,False
CG15431,30.30306,0.9213173,1.0447016274288346e-201,1.430044175629408e-199,False
Ubr1,30.190355,1.0821979,3.1702514521870224e-200,4.294873642596873e-198,True
Ih,30.085707,0.5017757,7.452805193098561e-199,9.892657883081636e-197,False
ND-MWFE,29.961494,0.7714491,3.1170226424426887e-197,4.096079454433937e-195,False
Eip63E,29.82504,0.72885084,1.8502565364544254e-195,2.40734862827204e-193,False
Caper,29.802248,0.72722644,3.653201795728125e-195,4.706541646829734e-193,False
Cdc14,29.770832,0.8649319,9.322382832741557e-195,1.1893731340296777e-192,False
Tmtc1,29.732279,0.9781693,2.939240020405468e-194,3.7138993373219474e-192,False
hrg,29.675983,0.8739089,1.5677794637482295e-193,1.9621133269633794e-191,False
MtnA,29.57667,0.88012505,2.982407991991187e-192,3.69734183233549e-190,False
CG42594,29.240574,1.025973,5.917312054713965e-188,7.2672334309342255e-186,True
mrva,29.176117,0.9440442,3.897072686192622e-187,4.7417992749312267e-185,False
nAChRalpha6,29.084461,0.6455645,5.644527698671968e-186,6.80502187965581e-184,False
Ctdnep1,29.039572,0.82841194,2.083923999626288e-185,2.4895313890080955e-183,False
msi,29.026758,0.69282275,3.024387655264277e-185,3.580493529534042e-183,False
Gprk2,28.97129,0.74752045,1.5136270647589196e-184,1.775944040892586e-182,False
Fas2,28.906073,0.95061976,1.0015108498261177e-183,1.1646773519969037e-181,False
CG17931,28.780933,1.304788,3.7162402766689635e-182,4.283781883833934e-180,True
Con,28.532818,0.7404867,4.589673072269161e-179,5.244599464581656e-177,False
cdi,28.431042,0.7542105,8.360843446588761e-178,9.471538252726112e-176,False
Pat1,28.375687,1.0663863,4.03576636533982e-177,4.5328210091393656e-175,True
PAN3,28.291286,0.68922627,4.4235240225736685e-176,4.926231286494963e-174,False
Cip4,28.29084,0.79460675,4.4798172810329664e-176,4.9469982260549765e-174,False
CG13364,28.274588,0.97606325,7.097882177460527e-176,7.772772474500732e-174,False
CG34250,28.216845,1.169014,3.633815737723572e-175,3.946444017307889e-173,True
ari-1,28.037066,0.76300997,5.743775132266596e-173,6.186799099435684e-171,False
CG10804,27.55787,0.78849846,3.561477266369696e-167,3.774304254626143e-165,False
Ten-a,27.489647,0.5458221,2.3346351500223258e-166,2.4543552405154708e-164,False
HDAC4,27.40965,0.70484555,2.104474246136528e-165,2.1948330213079458e-163,False
Drep2,27.16409,0.6888537,1.726101047379173e-162,1.7860388868984023e-160,False
Tsp66E,27.016836,0.73924595,9.37311588642476e-161,9.622821551836545e-159,False
nkd,26.962881,0.84501106,4.0289847792697315e-160,4.072683768029503e-158,False
Pde4,26.743372,0.58388287,1.474618971503802e-157,1.4792341911856078e-155,False
sty,26.723785,0.7507912,2.4911735932517876e-157,2.4800388021910407e-155,False
Dmtn,26.492373,0.9065795,1.1866456878198932e-154,1.1550897024919418e-152,False
Pacs,26.439186,0.6460278,4.8586480394123314e-154,4.6946686680821645e-152,False
Mic10b,26.354406,0.6738366,4.568942722986472e-153,4.382516519909871e-151,False
CG32982,26.19851,1.0659398,2.7634465915780916e-151,2.631482004342587e-149,True
Pits,26.033745,0.5637398,2.0556561048441213e-149,1.943408408183928e-147,False
ND-B12,25.994741,0.6353782,5.678715221825849e-149,5.330285480715249e-147,False
CG32486,25.908566,0.61739653,5.33272281793923e-148,4.9700220248609525e-146,False
sdt,25.832504,0.6062153,3.8264139434077286e-147,3.5410496922761244e-145,False
Dp,25.599623,0.89193976,1.5403541960390843e-144,1.3959858269068696e-142,False
swm,25.546957,0.86129814,5.93526980069355e-144,5.305808193939724e-142,False
Wdr62,25.2515,0.62355614,1.0904275557476694e-140,9.616985577234982e-139,False
Socs36E,25.223604,0.788035,2.2070784580726933e-140,1.933547867835551e-138,False
CG5758,25.105593,0.74744457,4.321011411062348e-139,3.76042456640863e-137,False
tipE,25.097765,0.7858343,5.2606866360534946e-139,4.548071255551248e-137,False
Snap25,24.969,0.40019765,1.3280065444692118e-137,1.1332035065499943e-135,False
luna,24.855177,0.75344574,2.2732587658808484e-136,1.9272834478993698e-134,False
Tmep,24.818943,0.7063466,5.5990226559413366e-136,4.716458764213148e-134,False
CG7646,24.81281,0.55972344,6.52099027624341e-136,5.458110396185646e-134,False
CASK,24.797615,0.55529207,9.512258968757646e-136,7.911430070154698e-134,False
CG8671,24.673634,0.64345163,2.0526536424834232e-134,1.6858700947421664e-132,False
SPR,24.648605,0.9236795,3.80910379493103e-134,3.1090331036763145e-132,False
CG42524,24.626074,1.0434368,6.642094616876836e-134,5.387886750640648e-132,True
emb,24.497272,0.7646173,1.5793905986496243e-132,1.273298886923602e-130,False
CG44774,24.46154,0.66754735,3.793108995396132e-132,3.039344226128083e-130,False
Marf,24.430357,0.6873352,8.139751203779977e-132,6.4826951859922835e-130,False
beat-Ic,24.428112,0.73150396,8.599694148599606e-132,6.807745831731773e-130,False
Gbeta13F,24.16499,0.4808643,5.1951426192437227e-129,4.039607642572885e-127,False
Eip78C,24.159645,1.0731851,5.912443828612905e-129,4.570319079517776e-127,True
Toll-6,24.098372,0.68270063,2.5999568626842805e-128,1.998013633481528e-126,False
tou,24.086252,0.6406045,3.483300460940906e-128,2.6612820556525838e-126,False
Ac3,24.05988,0.6300003,6.579242522603842e-128,4.997562195926999e-126,False
Pkc53E,23.964209,0.6050615,6.570272959281414e-127,4.962066491834314e-125,False
shi,23.944351,0.4235279,1.05810950540269e-126,7.945495434569571e-125,False
CG44242,23.921686,0.6196975,1.8218632544748964e-126,1.3526048037883963e-124,False
CG31221,23.902077,0.62973607,2.9142396052131746e-126,2.1514619467475466e-124,False
UQCR-11,23.894005,0.57580835,3.535347979151775e-126,2.5954194298342725e-124,False
mbl,23.84593,0.6391699,1.1160273664116302e-125,8.147619790008463e-124,False
CG33303,23.793858,0.9211897,3.8663523034843604e-125,2.8070572165794463e-123,False
RhoGAP71E,23.538809,0.61909586,1.634576757781011e-122,1.1610796310270413e-120,False
elff,23.408213,0.673669,3.5250090036680724e-121,2.4771199634867452e-119,False
hrm,23.361618,0.7380826,1.0501219327834936e-120,7.340240595057387e-119,False
SKIP,23.195602,0.6787567,5.04308017537849e-119,3.5064082849020495e-117,False
CG13739,23.027555,0.70859766,2.469267054975818e-117,1.7078230720756431e-115,False
Psi,22.964142,0.65503716,1.0643360231178587e-116,7.3227432878491e-115,False
dpr10,22.961613,0.825075,1.128127594538351e-116,7.721210791577329e-115,False
Bsg,22.938562,0.50670403,1.9165692812949654e-116,1.3049552811138415e-114,False
GluRIB,22.778036,0.61340296,7.570757754744692e-115,5.101914238723077e-113,False
Calx,22.6766,0.7527351,7.625996669959766e-114,5.112919502037821e-112,False
RASSF8,22.644894,0.67483985,1.5665320058922598e-113,1.0449643192604156e-111,False
Rbfox1,22.428398,0.4173478,2.0799006926236772e-111,1.3804027778670576e-109,False
Frq1,22.371397,0.5373963,7.475817066273388e-111,4.936668948135607e-109,False
CG6770,21.774225,0.5228849,4.072976411300858e-105,2.6366001488130333e-103,False
CG14478,21.682692,0.5920542,2.988805577638057e-104,1.91589727296301e-102,False
CG13751,21.66364,1.0999205,4.5207067472452345e-104,2.8838158915315357e-102,True
CG42337,21.6575,0.6496501,5.1652672043467686e-104,3.279071320401975e-102,False
ssp3,21.565968,0.770349,3.7498872068599945e-103,2.3690994127570765e-101,False
da,21.553017,0.6067912,4.960740411312407e-103,3.119095203112744e-101,False
MtnF,21.497225,0.8445521,1.652810167800218e-102,1.034265638812508e-100,False
futsch,21.244589,0.39190394,3.69919909066451e-100,2.3038471682664606e-98,False
CG3744,21.14946,0.8124942,2.791206579400103e-99,1.7301530971649413e-97,False
mtgo,21.075998,0.5426871,1.3209046009510275e-98,8.111218393036192e-97,False
apolpp,21.030575,1.1607667,3.4444694520588766e-98,2.1052917706746833e-96,True
mbt,20.97264,0.62924147,1.1661117709977866e-97,7.094386473463849e-96,False
CG1677,20.927418,0.5440159,3.013840293990369e-97,1.825109460982831e-95,False
mir-9381,20.881655,1.062353,7.862153792776713e-97,4.7392918803155403e-95,True
Rbp6,20.792358,0.38877583,5.075357520736613e-96,3.045446263926933e-94,False
CG6700,20.678894,0.51238316,5.3657832863110515e-95,3.2050799166097056e-93,False
mamo,20.656992,0.5564411,8.446519295955881e-95,5.022430319826074e-93,False
Met,20.488735,0.67475986,2.713539592483306e-93,1.6062443146316722e-91,False
CG44422,20.456665,0.5893247,5.240267159100226e-93,3.087997790929869e-91,False
CG4080,20.430311,0.71689,8.992721877560606e-93,5.275596347902853e-91,False
ND-MLRQ,20.41164,0.5063641,1.3178615050155705e-92,7.696896905515383e-91,False
CtBP,20.325394,0.49392307,7.667271273544379e-92,4.458212911754277e-90,False
Tm1,20.291086,0.5301285,1.5414936553372048e-91,8.923686398584233e-90,False
CG42238,20.255175,0.6105529,3.1981039922825573e-91,1.843258094850223e-89,False
ct,20.12314,0.56645566,4.628075369444845e-90,2.655787704361341e-88,False
lbk,20.061022,0.84336054,1.617294629869266e-89,9.20037607407447e-88,False
alpha-Cat,19.994366,0.5574578,6.1657932816158404e-89,3.4924435135221444e-87,False
wdb,19.950468,0.4631136,1.484892742494109e-88,8.37466760906227e-87,False
RpL38,19.948545,0.4303435,1.5431504401658587e-88,8.66604270693143e-87,False
wry,19.898798,0.5160653,4.168014907728537e-88,2.330718463934498e-86,False
Yp1,19.81854,7.6621323,2.0599624561546652e-87,1.1470324845901886e-85,True
Mnt,19.737366,0.5190889,1.0301209394058181e-86,5.687739186862125e-85,False
Ptp99A,19.670485,0.49062878,3.8607277106673596e-86,2.122754093969865e-84,False
Tlk,19.578997,0.49189797,2.33579900955597e-85,1.2789472826906252e-83,False
Eph,19.506687,0.5122856,9.632425468546402e-85,5.209041279101574e-83,False
fne,19.483767,0.3486629,1.5076902127278412e-84,8.119900444859247e-83,False
CG6966,19.463398,0.60471386,2.244039682483641e-84,1.2036296109190827e-82,False
CG45049,19.413471,0.47776836,5.93765984366427e-84,3.1718206506338285e-82,False
CG33181,19.36988,0.5031559,1.3858057940837368e-83,7.372823457511897e-82,False
dlg1,19.306297,0.4805349,4.754699665854408e-83,2.5194156576206764e-81,False
Rok,19.286154,1.1125796,7.020649565333459e-83,3.705154856949678e-81,True
Lar,19.21218,0.45265952,2.9271816167424936e-82,1.5386437450245244e-80,False
CG43737,19.195454,0.49478456,4.039348986114207e-82,2.1147842640050516e-80,False
ReepA,19.135706,0.649613,1.2734354444906148e-81,6.640561577798083e-80,False
betaTub56D,19.093609,0.49586248,2.853564705624019e-81,1.4821618101424993e-79,False
pros,18.993546,0.5778094,1.9286026455020905e-80,9.977861167142902e-79,False
beat-IIIc,18.98172,0.6153828,2.415572537583631e-80,1.2448250477014313e-78,False
Ptp36E,18.975803,0.6662573,2.7034493928735176e-80,1.3877354871777694e-78,False
Rgk1,18.890783,0.73496294,1.3581412575438725e-79,6.917571420691484e-78,False
yrt,18.82318,0.72670436,4.876936907063699e-79,2.464916457527849e-77,False
lncRNA:CR40469,18.79918,0.9036083,7.669467486511888e-79,3.846735581689035e-77,False
mahe,18.771025,0.48418957,1.3034555458260557e-78,6.512817234866996e-77,False
BtbVII,18.734709,0.5950446,2.5804584185713276e-78,1.284462275698705e-76,False
Nup153,18.560476,0.5636144,6.710684282870464e-77,3.3277397041962554e-75,False
Galphao,18.484411,0.45549622,2.75689835477297e-76,1.3619699729350225e-74,False
dpr9,18.481869,0.4770764,2.889922921611606e-76,1.4223399667752104e-74,False
Obp44a,18.358175,0.62198615,2.8399253648111694e-75,1.3925171350367005e-73,False
CG18467,18.319641,1.1111304,5.769110104781471e-75,2.818285348956629e-73,True
Cipc,18.288261,0.5298633,1.0263595445097754e-74,4.99532991644554e-73,False
CG11768,18.256142,1.2118726,1.8490185288434836e-74,8.966034128240671e-73,True
psq,18.214066,0.4516418,3.991767138417628e-74,1.9214583137709175e-72,False
CG13954,18.209171,0.5293304,4.364963859370643e-74,2.0934302947441468e-72,False
side-VIII,18.208052,0.6612232,4.45522216438884e-74,2.1289481622630452e-72,False
hth,18.126957,0.4680819,1.9526921214369987e-73,9.297219988334638e-72,False
mRpL33,18.110178,1.013694,2.6488671912938673e-73,1.2566340707867405e-71,True
CG31650,18.061066,0.6260222,6.456328788425083e-73,3.0518926837659718e-71,False
CG17776,18.031752,0.95081276,1.0975997527823468e-72,5.169734176097784e-71,False
dally,17.98616,0.5124638,2.500995011268847e-72,1.1695934321382176e-70,False
CG43759,17.962576,0.79562443,3.82633327475023e-72,1.7830441689181834e-70,False
Stat92E,17.925219,0.6331802,7.495424017786291e-72,3.480472332781966e-70,False
eIF2beta,17.869007,0.6439008,2.056245312944459e-71,9.514478752606739e-70,False
CG3961,17.842201,1.0069827,3.3233953923897567e-71,1.5323768018032908e-69,True
5-HT1A,17.83321,0.58958596,3.903488612185905e-71,1.7935574773683559e-69,False
Aps,17.76768,0.4578137,1.2578767553177152e-70,5.759497714853692e-69,False
CG43736,17.723797,0.44430193,2.747279058975981e-70,1.2535414622917835e-68,False
fok,17.722881,0.49452832,2.792346296485891e-70,1.2696962865785844e-68,False
AMPdeam,17.708588,0.68889683,3.599976787011358e-70,1.6312860330384915e-68,False
Pdk1,17.699654,0.6085259,4.218930887279647e-70,1.905187999647486e-68,False
jeb,17.6558,0.4705123,9.182352531375646e-70,4.132373103246827e-68,False
Sin3A,17.643448,0.44384992,1.142712569781067e-69,5.125046375253585e-68,False
dpr13,17.581955,0.49074674,3.3869561777995715e-69,1.5087454621174295e-67,False
CG14442,17.508287,0.4788827,1.2386627257470176e-68,5.480561238734532e-67,False
Mkp3,17.497372,0.44021007,1.5003294221546571e-68,6.616049978702802e-67,False
tth,17.440363,0.7053342,4.074844548086744e-68,1.7908873647628062e-66,False
AP-1gamma,17.406466,0.49625745,7.3695090095422855e-68,3.228090596479839e-66,False
Rip11,17.394653,0.8097785,9.057296509901688e-68,3.954217057694953e-66,False
Prp4k,17.344442,0.72341096,2.172783383107141e-67,9.454485575301636e-66,False
Ucp4A,17.332647,0.72600466,2.6676130733870674e-67,1.1569341055240743e-65,False
Gdap2,17.301441,0.43435115,4.587732130172999e-67,1.9766356695935536e-65,False
Cngl,17.282915,0.41557053,6.326743577405537e-67,2.7169848807413775e-65,False
AstC-R2,17.25305,0.9112311,1.0614498786831213e-66,4.54348952956837e-65,False
sbb,17.219948,0.37872887,1.8816068140300685e-66,8.027985436093872e-65,False
CG4612,17.18734,0.4422811,3.3034595519125894e-66,1.4048790282098167e-64,False
Msp300,17.130693,0.41227323,8.760443405356815e-66,3.7135802190256104e-64,False
Usp7,17.105198,0.4334448,1.3573839052352149e-65,5.735492571927961e-64,False
RSG7,17.045212,0.43993255,3.793678102304972e-65,1.5927387841019053e-63,False
hang,17.044872,0.5451269,3.8157424437343315e-65,1.5969003647488168e-63,False
Rga,17.009981,0.5973836,6.926026354525844e-65,2.889362296026163e-63,False
Rgl,16.9406,0.7097878,2.258148812137393e-64,9.360988498516555e-63,False
pyd,16.904177,0.5745818,4.1913507831625245e-64,1.7320295799226017e-62,False
Asap,16.89935,0.7392212,4.54898714690111e-64,1.8739260218629306e-62,False
sno,16.80079,0.42627808,2.408083426135421e-63,9.888945094639239e-62,False
mspo,16.790806,0.51142323,2.8494739034151683e-63,1.1665089272516736e-61,False
milt,16.768208,0.43790886,4.1689605436475443e-63,1.7013761026109435e-61,False
roh,16.610916,0.42613673,5.8099281028696215e-62,2.3637233807990617e-60,False
Unc-115a,16.609398,0.75541216,5.958808802032591e-62,2.4168119280095766e-60,False
CG2924,16.568657,0.43836772,1.1742011565758603e-61,4.747746891865655e-60,False
fend,16.53771,0.42955488,1.9634579692052895e-61,7.914662936603286e-60,False
Ptp10D,16.535309,0.5867761,2.0432947045291696e-61,8.211295324837253e-60,False
jvl,16.455635,0.47231308,7.641581004426324e-61,3.0615248774136074e-59,False
cyri,16.326563,0.5930038,6.388436626832091e-60,2.5439529004000152e-58,False
heph,16.279512,0.43326816,1.3796553348247685e-59,5.460858661124181e-58,False
tei,16.262632,0.42988685,1.817609808408273e-59,7.172735883571507e-58,False
CG1695,16.236572,0.4206931,2.7803031330817382e-59,1.0938911219109916e-57,False
ed,16.235323,0.53423285,2.837489332617828e-59,1.1130581289531605e-57,False
MYPT-75D,16.218464,0.49852285,3.734231746861922e-59,1.460462481711682e-57,False
Reph,16.163092,0.40950054,9.183900885556678e-59,3.570581110565098e-57,False
Rac1,16.117823,0.4957289,1.9122994956967526e-58,7.412840021519476e-57,False
jigr1,16.115149,0.5549711,1.9968052575554114e-58,7.717652320451664e-57,False
Polr2K,16.081875,1.0035399,3.4187594258454265e-58,1.317475589883717e-56,True
CG9932,16.058508,0.4660845,4.984015412589678e-58,1.9150569162818994e-56,False
FBXO11,16.056362,0.53783506,5.159411611878843e-58,1.9766713700204044e-56,False
CG2865,16.00392,0.4682162,1.1997825946134909e-57,4.583239266225548e-56,False
CG9705,15.985372,0.9060533,1.6160072253425217e-57,6.155348100935095e-56,False
cmpy,15.950446,0.46906826,2.828673806970567e-57,1.0712277376772398e-55,False
B4,15.862534,0.47361696,1.1515241112952878e-56,4.3358677210691626e-55,False
UBL3,15.832957,0.4267206,1.8434840425110492e-56,6.921492515039342e-55,False
CG12991,15.756594,0.47979662,6.187990893064013e-56,2.3167062201069573e-54,False
side-VI,15.741637,0.40211746,7.838922228146205e-56,2.926456732956514e-54,False
cic,15.73433,0.40279672,8.798336396042901e-56,3.2753240391048094e-54,False
CG31635,15.673498,0.42239767,2.295885302820699e-55,8.498655989962481e-54,False
lncRNA:CR43651,15.665645,0.61567384,2.5978323872538865e-55,9.589358258680709e-54,False
Rala,15.662457,0.68415314,2.731346484728043e-55,1.0053956346165605e-53,False
bi,15.659668,0.6493759,2.8538481092397428e-55,1.0475535755173033e-53,False
InR,15.613695,0.56248534,5.8734269980173944e-55,2.143964005026294e-53,False
alt,15.613242,0.43323517,5.915268395565105e-55,2.1532560106958736e-53,False
CHES-1-like,15.609995,0.43744752,6.224153583370705e-55,2.2594365259412825e-53,False
rdgB,15.574285,0.39221781,1.0886378259440442e-54,3.940988890008453e-53,False
AnxB10,15.546106,0.6734519,1.690768913393285e-54,6.103954475522296e-53,False
ben,15.513683,0.3963623,2.803246690738681e-54,1.0092456099451234e-52,False
qm,15.449327,0.61302876,7.623423247239669e-54,2.7296840570020843e-52,False
trn,15.4002905,0.60562253,1.629356636453041e-53,5.818308575986253e-52,False
Syn,15.348024,0.4012482,3.6513580850845016e-53,1.3003386611407978e-51,False
CG8860,15.283292,0.6549423,9.882002921305752e-53,3.500253379754148e-51,False
CG45002,15.2647085,0.43729624,1.3141349280417803e-52,4.642216959515332e-51,False
Pde6,15.216158,0.39202976,2.762881264836136e-52,9.733786246973637e-51,False
Klp98A,15.200305,0.5405951,3.519801905028308e-52,1.2367303966304007e-50,False
bin3,15.1635895,0.443392,6.160801886771129e-52,2.1589092691749175e-50,False
Pgant9,15.081424,0.466652,2.1459011522574418e-51,7.440445129766502e-50,False
RabX1,15.070781,1.0858986,2.5211479807916645e-51,8.718527793574543e-50,True
Trf2,15.057933,0.38222292,3.062110311986692e-51,1.0561467614125228e-49,False
Atg13,15.047166,0.8657113,3.603442486153222e-51,1.2396030814277355e-49,False
Dbp80,15.019823,0.42148998,5.445320522338735e-51,1.8683278585914704e-49,False
CG18508,14.998445,0.86363524,7.516010697889074e-51,2.5720806401291755e-49,False
CG12084,14.99028,0.57796735,8.499380665408874e-51,2.901048346081507e-49,False
brp,14.984259,0.35234785,9.305785918579652e-51,3.1680656154418447e-49,False
SLO2,14.965587,0.38964197,1.2323191061601025e-50,4.184471672881113e-49,False
Paf-AHalpha,14.958862,0.78357345,1.3633708927992122e-50,4.617540438730528e-49,False
Chc,14.94648,0.42937934,1.6420321820080892e-50,5.547029538243779e-49,False
CG6340,14.827318,0.45295286,9.755340641848716e-50,3.2702788615952546e-48,False
RhoGAP19D,14.825259,0.37106717,1.0059102537653738e-49,3.3635284083284416e-48,False
dths,14.824841,0.3850321,1.0122032905754358e-49,3.3759805688963963e-48,False
Eip93F,14.729447,0.40787476,4.1710507412722404e-49,1.3876399440774306e-47,False
Rab8,14.727218,0.6819519,4.310944340194261e-49,1.430558575113454e-47,False
Actbeta,14.716782,0.42546913,5.030373334894098e-49,1.6650915867466835e-47,False
NdufV3,14.700174,0.38867265,6.429373959489802e-49,2.1228242010466204e-47,False
Cad87A,14.669863,0.90858674,1.005489056683724e-48,3.311561828040305e-47,False
CG42258,14.64899,0.39992732,1.36733559932765e-48,4.48083718472934e-47,False
GEFmeso,14.647493,1.1307153,1.3977833372199835e-48,4.5692216005989555e-47,True
Kap-alpha3,14.643953,0.46752664,1.4725216270041157e-48,4.801589751975455e-47,False
Sec63,14.606423,0.6341615,2.5558891434993203e-48,8.313598820476378e-47,False
schlank,14.604623,0.44386816,2.62431725086007e-48,8.515099504580786e-47,False
CG4629,14.561542,0.6093008,4.933250592867961e-48,1.5928217700461395e-46,False
kuz,14.551914,0.38062954,5.679106522040233e-48,1.8291455589737918e-46,False
beat-IIa,14.517954,0.40195173,9.32527731689025e-48,2.9961728415954713e-46,False
E2f1,14.45882,0.4622402,2.2054423330410086e-47,7.068711633778511e-46,False
Rad23,14.439295,0.4417219,2.928239367277603e-47,9.362528838295615e-46,False
CG34117,14.4365,0.641398,3.049396286541919e-47,9.726241893555184e-46,False
CG46301,14.431624,0.56974524,3.272823330496888e-47,1.0413600819869153e-45,False
C3G,14.393539,0.48831266,5.68123960599958e-47,1.8033132768705427e-45,False
clu,14.387312,0.57776606,6.216590294431563e-47,1.9684870616656665e-45,False
CG32369,14.370069,0.40247127,7.975195582936239e-47,2.519279931619354e-45,False
lncRNA:alphagamma-element:CR32865,14.365581,0.9671572,8.509076303927555e-47,2.6814813359691128e-45,False
CG8369,14.364903,0.5279013,8.592599979539616e-47,2.701324314141868e-45,False
CG3726,14.284188,0.45832637,2.745917670443715e-46,8.591453358881157e-45,False
app,14.274198,0.46550757,3.169163538576898e-46,9.892156308892877e-45,False
Pvf3,14.26367,0.37834796,3.685511795305279e-46,1.1476613863058452e-44,False
Rgk3,14.25199,0.6617257,4.356821338210322e-46,1.35349856277593e-44,False
rsh,14.226598,0.3818782,6.26569036863983e-46,1.941920687129623e-44,False
inaE,14.141392,0.35127574,2.1106872268625374e-45,6.510925081737231e-44,False
5-HT2A,14.11703,0.6302502,2.9830099327613974e-45,9.180265462861248e-44,False
kairos,14.065419,0.5254783,6.195462341596485e-45,1.90220959418036e-43,False
Lim1,14.05929,0.75731975,6.756052780121907e-45,2.0694939296872255e-43,False
ckn,14.005986,0.49466324,1.4327621057738142e-44,4.378587635342719e-43,False
CG32683,14.004518,0.6655557,1.46270286433478e-44,4.4597165522559964e-43,False
mRpL34,13.969883,1.0061493,2.3801694998504164e-44,7.223512101047188e-43,True
side-III,13.968818,0.35829133,2.4160527151241723e-44,7.315518140425518e-43,False
CG42346,13.949963,0.6094475,3.147718657611617e-44,9.509004799925119e-43,False
robo2,13.925357,1.0682372,4.443193757614475e-44,1.3391745222204545e-42,True
ab,13.822978,0.39793712,1.852458332301158e-43,5.5577979325957804e-42,False
Dyb,13.800836,0.39244154,2.5191424667038762e-43,7.540786140081011e-42,False
CG46339,13.781767,0.5250694,3.2813989954826738e-43,9.800196409008595e-42,False
CG8668,13.778385,0.51663435,3.438790495605209e-43,1.0223788665780104e-41,False
alpha-Spec,13.755266,0.34994176,4.7353680523192865e-43,1.4046833312760214e-41,False
ens,13.744583,0.35515332,5.488852839295257e-43,1.624527368495022e-41,False
Dop2R,13.735786,0.40087822,6.197966593550619e-43,1.8302804270977232e-41,False
ND-B18,13.722413,0.36162153,7.454243312385793e-43,2.1963276091493657e-41,False
CG10011,13.6862545,0.35333726,1.2267214244475822e-42,3.6063414404173775e-41,False
Drak,13.67866,0.4413963,1.3617854981638074e-42,3.994469471288079e-41,False
Nadsyn,13.662985,0.52205753,1.6891480380790417e-42,4.943673578707502e-41,False
Dscam4,13.652711,0.36706865,1.9450576876609073e-42,5.680000683011552e-41,False
LPCAT,13.641037,0.77519345,2.2829125924777572e-42,6.651830238969004e-41,False
eff,13.6339655,0.35741338,2.515317842382949e-42,7.31278578910494e-41,False
DIP-delta,13.530785,0.5460319,1.0291862212722895e-41,2.9724255238987155e-40,False
DIP-kappa,13.4372015,0.6708367,3.660169206472987e-41,1.0547869197864369e-39,False
hwt,13.4260435,0.334436,4.255461847117552e-41,1.2236547950322048e-39,False
Ehbp1,13.40277,0.47091785,5.824782612657567e-41,1.6712547666579275e-39,False
wge,13.385469,0.42217067,7.353142389592683e-41,2.1051774322796827e-39,False
CG7945,13.316929,0.3897002,1.8454315221857425e-40,5.2719164419658346e-39,False
beta-Spec,13.303041,0.3351798,2.222406361254035e-40,6.335063339097457e-39,False
zfh2,13.282117,0.61446774,2.9396602093197224e-40,8.343428684810037e-39,False
sau,13.262291,0.45353347,3.8301525208111445e-40,1.0847421180167942e-38,False
jdp,13.24869,0.36346388,4.5915080714152604e-40,1.2947855700958785e-38,False
Rlip,13.248077,0.42721182,4.629113702695477e-40,1.302594928632147e-38,False
Myc,13.208012,0.6755273,7.88802448075673e-40,2.214883113282568e-38,False
mgl,13.186192,0.55119133,1.0537551263537184e-39,2.9525364851629454e-38,False
CG43867,13.124559,0.3350286,2.381624411629556e-39,6.644782673720592e-38,False
kmr,13.063856,0.34538534,5.297506284982809e-39,1.4717659638680568e-37,False
svr,13.059313,0.33680245,5.623320382939485e-39,1.5557063821517425e-37,False
Sirt1,13.049725,0.32542974,6.377737672904422e-39,1.7607111504125425e-37,False
EndoA,13.037844,0.3348054,7.453519279401471e-39,2.05338987108207e-37,False
unk,13.033337,0.39678305,7.907258624382365e-39,2.173834426422775e-37,False
NFAT,13.010368,0.32473296,1.0682573149470214e-38,2.924576953274752e-37,False
retm,13.007674,0.5190756,1.1065881209746897e-38,3.023217151294885e-37,False
sd,13.002406,0.32580066,1.1855302465785563e-38,3.2321686660350223e-37,False
Rap1,12.965253,0.3262788,1.9259405844991924e-38,5.239914124410742e-37,False
CG5445,12.958289,0.70586556,2.1090010233149225e-38,5.726112075905248e-37,False
Adcy1,12.92806,0.35895976,3.1260879935487557e-38,8.470087076953443e-37,False
Dscam1,12.91852,0.4408323,3.538846105073688e-38,9.568719478759945e-37,False
5-HT1B,12.884949,0.6987811,5.47120586514955e-38,1.4763268228733106e-36,False
lawc,12.880332,0.52230936,5.808501918766374e-38,1.5641295843137074e-36,False
AGO2,12.874864,0.5129677,6.234923186669745e-38,1.6755240408185504e-36,False
amon,12.874363,0.32719684,6.275509960108111e-38,1.682989313995524e-36,False
CG1607,12.864853,0.5697278,7.097690498792691e-38,1.8996079601758606e-36,False
Sema2b,12.762936,0.42593938,2.6405709535599356e-37,7.052793272506324e-36,False
CG12071,12.755008,0.38837463,2.923468325975597e-37,7.792555227514264e-36,False
CG15201,12.750079,0.49988458,3.114278720542792e-37,8.284359649120006e-36,False
CG14989,12.74846,0.39266893,3.179663859115168e-37,8.441204600531803e-36,False
CG43902,12.739322,0.3613269,3.5749133851023713e-37,9.471358224522231e-36,False
Pgant2,12.734746,0.553504,3.790772107262705e-37,1.0023045525460604e-35,False
sr,12.723277,0.4460615,4.390539037262803e-37,1.1585556925435841e-35,False
CG2269,12.676134,0.3448532,8.019088093352553e-37,2.1118003333616414e-35,False
RpS14b,12.667988,0.34157434,8.896695538808977e-37,2.3382295215097755e-35,False
SCAP,12.651197,0.4447669,1.1018236857590015e-36,2.8871781992357646e-35,False
endos,12.651118,0.37997654,1.1029323917634533e-36,2.8871781992357646e-35,False
CG11122,12.650328,0.3127989,1.1140856411656178e-36,2.9105764235700563e-35,False
Polr2L,12.642574,0.67011124,1.2296137625555037e-36,3.2060227090757687e-35,False
drn,12.638677,0.3276265,1.2921013098777938e-36,3.3622778837829875e-35,False
upSET,12.634828,0.31582958,1.3569185387198886e-36,3.523965714884991e-35,False
aop,12.605279,0.35412267,1.974721075501314e-36,5.118305651511395e-35,False
mGluR,12.582499,0.36360964,2.6356053128262977e-36,6.817812877135901e-35,False
CARPB,12.579255,0.77772856,2.7460836309307014e-36,7.089643417300657e-35,False
Mob2,12.551831,0.31989178,3.884210547176274e-36,1.00083158432242e-34,False
eIF4G1,12.541842,0.30639213,4.406282212890989e-36,1.1331302262152738e-34,False
Ciz1,12.520908,0.30780122,5.737476992897742e-36,1.4725817414779147e-34,False
CG42342,12.510671,0.3110884,6.527052590050693e-36,1.6719687736034336e-34,False
vvl,12.484357,0.5528825,9.087444985280363e-36,2.3233096216258613e-34,False
Octbeta2R,12.458636,0.33246863,1.2549782818310106e-35,3.2022659420468564e-34,False
kirre,12.453042,0.31872475,1.3461462436859083e-35,3.428237943464442e-34,False
CG17075,12.450315,0.53666186,1.392937175557678e-35,3.540539153579003e-34,False
dsd,12.443791,0.37822452,1.5115418878194148e-35,3.8345891791187125e-34,False
CG9171,12.395484,0.52492243,2.764725417667881e-35,6.986780137225697e-34,False
CG4502,12.387961,0.34440628,3.036635488800637e-35,7.659199032308862e-34,False
NK7.1,12.360566,0.4598552,4.2713988711410895e-35,1.075296026162166e-33,False
ND-18,12.352196,0.3204647,4.7399671104221846e-35,1.1909733804599987e-33,False
nAChRbeta1,12.317756,0.3015456,7.26894729722411e-35,1.819452122529943e-33,False
tral,12.315771,0.3029458,7.449925062741791e-35,1.861206563678515e-33,False
CG6329,12.312193,0.24999593,7.787783789189843e-35,1.941921570659274e-33,False
wts,12.280459,0.44155613,1.1534156131541078e-34,2.8706504872079793e-33,False
CG43901,12.258201,0.31351537,1.518344297285037e-34,3.7717509282840595e-33,False
eys,12.222905,0.3092779,2.3454930705251894e-34,5.8154951773153804e-33,False
Patronin,12.203066,0.4271348,2.9933740070158364e-34,7.393971395901336e-33,False
AP-2alpha,12.190808,0.30619338,3.479547312200889e-34,8.57874882357071e-33,False
Pi3K68D,12.187804,0.7586749,3.610171867531886e-34,8.884132680006838e-33,False
drongo,12.176678,0.3659264,4.137946609667852e-34,1.0163879700494436e-32,False
Arp2,12.167699,0.8068619,4.619231129750237e-34,1.1324872439561168e-32,False
dtn,12.139103,0.30494556,6.554062264788739e-34,1.603853486435546e-32,False
Golgin97,12.137842,0.57308,6.655834750134605e-34,1.6257309377605732e-32,False
UQCR-14,12.131278,0.33063874,7.211502947346567e-34,1.7581885015042902e-32,False
Mef2,12.11936,0.3354602,8.340795865394983e-34,2.029748119762138e-32,False
CG9917,12.114671,0.56581396,8.831849376752594e-34,2.1452741711627697e-32,False
Gprk1,12.1013975,0.3089775,1.0382813588341774e-33,2.517353383106997e-32,False
haf,12.093942,0.5733208,1.136979709029891e-33,2.7515746512636824e-32,False
SiaT,12.082513,0.8757272,1.3066450102836967e-33,3.156364352966555e-32,False
Diap1,12.077033,0.306961,1.3966822050212652e-33,3.367669881868706e-32,False
CG32448,12.065181,0.68398726,1.6130820918270093e-33,3.8681590818793307e-32,False
Pdcd4,12.053601,0.32903528,1.8565698974563024e-33,4.443931698082563e-32,False
smog,12.02744,0.30133224,2.5494289254884554e-33,6.091281001789781e-32,False
crc,12.00504,0.4159475,3.343023917949311e-33,7.972899692517585e-32,False
SP2353,11.981604,0.31272015,4.4365736309674594e-33,1.0561777913866557e-31,False
Pkn,11.976205,0.580592,4.735107092279929e-33,1.125208721512668e-31,False
CG10132,11.880101,0.4167917,1.5018567439007402e-32,3.5560179228107435e-31,False
Yp2,11.878981,5.2183833,1.522126326864154e-32,3.597529147719757e-31,True
Pdha1,11.877433,0.31155542,1.550565297105559e-32,3.6581649136919482e-31,False
Ald1,11.845813,0.34456736,2.2621452592442067e-32,5.317862406391435e-31,False
trv,11.845088,0.32125115,2.2817913897556458e-32,5.3544679737105255e-31,False
CG13365,11.828142,0.422194,2.7925321017987024e-32,6.5412948930012025e-31,False
Nmdar2,11.751553,0.36670005,6.933290128905326e-32,1.6211808822765995e-30,False
NaCP60E,11.74268,0.3240713,7.700690590312283e-32,1.7942336001293212e-30,False
CG42450,11.734065,0.33131897,8.526366476291444e-32,1.983097024158334e-30,False
Corin,11.702336,0.29354534,1.239921521011585e-31,2.8787647893309608e-30,False
CG42724,11.699834,0.31734258,1.2770396709206837e-31,2.959713988636456e-30,False
Sirup,11.661084,0.47579286,2.0146016399647865e-31,4.6608943927424754e-30,False
Mnr,11.659958,0.48320118,2.0414296999471405e-31,4.714662159403405e-30,False
mRpS21,11.634246,0.5341649,2.7601820454549693e-31,6.363430220933992e-30,False
Pli,11.615894,0.4160502,3.421885450632879e-31,7.861363060623542e-30,False
mRpS5,11.607069,0.30937153,3.794000738134835e-31,8.701040785310622e-30,False
Sf3b5,11.598758,0.64840555,4.181015750359426e-31,9.571903828479655e-30,False
CG42674,11.593048,0.3199372,4.469390777391538e-31,1.0214306818382991e-29,False
tna,11.542351,0.31475997,8.068942914443413e-31,1.8376772762339842e-29,False
RapGAP1,11.541171,0.30487043,8.180396683858847e-31,1.8598372460655553e-29,False
arm,11.482549,0.28989968,1.6145020649564314e-30,3.6642783481161425e-29,False
EcR,11.475334,0.27616486,1.7549760285543074e-30,3.976231032971061e-29,False
tws,11.444146,0.32131284,2.5156839011528323e-30,5.689948734087671e-29,False
Khc-73,11.442767,0.28189018,2.5560207301784177e-30,5.771248868603881e-29,False
CG43102,11.420856,0.37497362,3.289745081963449e-30,7.415186984919671e-29,False
Hr38,11.41048,0.29764012,3.7068004732141845e-30,8.340935790840342e-29,False
lncRNA:CR45758,11.407239,0.4442531,3.847467175374963e-30,8.642660880615793e-29,False
SoxN,11.40011,0.32244474,4.175890450793412e-30,9.36439870543963e-29,False
CG1552,11.337324,0.7920585,8.57252655893371e-30,1.915843052907277e-28,False
lncRNA:CR43334,11.329104,1.130301,9.416229842288899e-30,2.0972657009748887e-28,True
Pal2,11.295601,0.2863796,1.37957362966146e-29,3.0675088100475883e-28,False
Snap24,11.288296,0.5207762,1.4991468711195669e-29,3.3277515259091603e-28,False
dpr8,11.238254,0.28438798,2.645654398196859e-29,5.862823684098637e-28,False
CG9686,11.229607,0.5960294,2.917742931568643e-29,6.454892232953457e-28,False
unc-13-4A,11.215166,0.34759408,3.435401163721186e-29,7.587328855875648e-28,False
Sh3beta,11.2029085,0.39358595,3.9456197197050164e-29,8.699561868564366e-28,False
sgg,11.175859,0.31998485,5.352979796506596e-29,1.1782832078039058e-27,False
Kdm2,11.163006,0.53028405,6.186421460638613e-29,1.3594609433821406e-27,False
Ptpmeg2,11.119687,0.2784287,1.0062454138456163e-28,2.2038451638908737e-27,False
Pcd,11.117719,0.39145282,1.0286834409902057e-28,2.249239450591064e-27,False
NetB,11.103415,0.3443326,1.2074142005724157e-28,2.635652825535235e-27,False
olf413,11.102546,0.29995745,1.2192109377743231e-28,2.6569902045260995e-27,False
Ca-alpha1T,11.096689,0.2973592,1.3017717155268985e-28,2.8275342336758638e-27,False
dpr17,11.086189,0.4022148,1.463918248417947e-28,3.1744801489208317e-27,False
Mi-2,11.079774,0.37566307,1.5726850128852576e-28,3.404720552607112e-27,False
Sag1,11.071406,0.5843782,1.7266939308552621e-28,3.731987655488322e-27,False
Shab,11.068294,0.27896878,1.787727107344396e-28,3.851233101247985e-27,False
LpR1,11.055143,0.32325405,2.070051544704519e-28,4.452135408995431e-27,False
hzg,11.034779,0.5350071,2.5968953539373867e-28,5.576111412759999e-27,False
Cmtr1,10.993431,0.82665336,4.109974921033707e-28,8.796283458844291e-27,False
Dora,10.992772,0.30411872,4.140134713869639e-28,8.846424434952995e-27,False
Ppcs,10.984541,0.36087403,4.535375295620272e-28,9.67522187658214e-27,False
mlt,10.960856,0.28154805,5.893867599465517e-28,1.2532575101064136e-26,False
pdm3,10.954564,0.370367,6.318188227861894e-28,1.341313594544962e-26,False
Nulp1,10.931885,0.5748677,8.114546437060728e-28,1.7198912053131458e-26,False
bsd,10.926935,0.48972604,8.569392032055029e-28,1.8133716697783434e-26,False
Pka-R1,10.910049,0.26274204,1.0319989119531797e-27,2.1803050967808256e-26,False
CG7065,10.9018755,0.57003284,1.1290566440105043e-27,2.3815302341801022e-26,False
CG32795,10.865176,0.65001017,1.6889689390391824e-27,3.5568494916528684e-26,False
CG17841,10.856503,0.283454,1.857271031532649e-27,3.9050237800592865e-26,False
Dek,10.845997,0.25943473,2.0835116718624667e-27,4.3737103642084145e-26,False
Tl,10.835256,0.38070747,2.3430979194060897e-27,4.9107894352337196e-26,False
Hsp23,10.828409,0.62847686,2.525030465975414e-27,5.28366645754505e-26,False
COX7C,10.771873,0.3152938,4.673934260897859e-27,9.764732928848771e-26,False
Akap200,10.757849,0.51015097,5.4425848307565475e-27,1.1352540835074887e-25,False
dati,10.727097,0.34784755,7.594507827715755e-27,1.5816074067196946e-25,False
Myo81F,10.709178,0.94269747,9.217650094571808e-27,1.9166003147589895e-25,False
CG32700,10.698386,0.2750807,1.0356645834012879e-26,2.150026586173195e-25,False
Cpsf6,10.694547,0.36367345,1.0794619749379491e-26,2.237414796949462e-25,False
Gad1,10.688993,0.3310412,1.1460818282528103e-26,2.3717576858378236e-25,False
Pp2C1,10.648828,0.33365774,1.7657519810025916e-26,3.648387858860858e-25,False
CanB,10.633255,0.30204046,2.0869812224337332e-26,4.305340697645477e-25,False
sina,10.618993,0.26452044,2.4316991811352738e-26,5.008614253808563e-25,False
BNIP3,10.607369,0.39491546,2.753947182203861e-26,5.663477295984497e-25,False
CG15765,10.582517,0.27631852,3.5917774991274475e-26,7.37492939313028e-25,False
CG33774,10.569244,1.1908412,4.138142129519088e-26,8.483514153511754e-25,True
Nrg,10.504949,0.31458673,8.196763292190637e-26,1.677782966085314e-24,False
CG5151,10.469417,0.26973256,1.193761718694632e-25,2.4396924953913156e-24,False
CG42271,10.456435,0.60971767,1.3691029702845763e-25,2.7936928777188847e-24,False
Spt5,10.4500475,0.3564676,1.4645114179777918e-25,2.9837433401001802e-24,False
CG34355,10.439233,0.29356438,1.6413182738432117e-25,3.338786909686323e-24,False
Cph,10.430591,0.33774474,1.797675240830663e-25,3.651197888679404e-24,False
Ca-Ma2d,10.396756,0.3244737,2.5651849232377516e-25,5.2020208451029774e-24,False
CG33170,10.370146,0.2618826,3.3900656134824716e-25,6.853669573349716e-24,False
CG32767,10.355928,0.2982868,3.933503410425037e-25,7.927939925827518e-24,False
UbcE2H,10.352675,0.30066133,4.069515972626733e-25,8.189511392999677e-24,False
gcl,10.333072,0.7879977,4.993537826903431e-25,1.0033651465342199e-23,False
bru3,10.331012,0.31754497,5.101973717988377e-25,1.0235883454669506e-23,False
Frl,10.304656,0.25308016,6.713138542636233e-25,1.3447767315363223e-23,False
fkh,10.282427,0.6008265,8.457079136668716e-25,1.691544549999446e-23,False
nolo,10.257103,0.27468556,1.099565734562355e-24,2.1959564312893477e-23,False
Rab35,10.243101,0.2534791,1.2709557717571554e-24,2.5343899539697694e-23,False
X11Lbeta,10.240351,0.25082418,1.307611889112272e-24,2.6035345204279343e-23,False
DIP-theta,10.237442,0.4380765,1.347513682206607e-24,2.6748757247548375e-23,False
5-HT7,10.227165,0.635209,1.498415529933342e-24,2.9699364221499316e-23,False
l(1)G0196,10.215075,0.29193082,1.6974824620868555e-24,3.359430276247495e-23,False
Msr-110,10.211872,0.5334478,1.7544640853598484e-24,3.4669793301825214e-23,False
htk,10.20931,0.6796096,1.801415611876541e-24,3.5544147981485926e-23,False
Phm,10.1866045,0.4293105,2.2757510016360666e-24,4.4836047844826914e-23,False
Baldspot,10.181068,0.27965188,2.4090153322082182e-24,4.7390524671479336e-23,False
FoxK,10.167383,0.35509613,2.7725661532893217e-24,5.446082484360983e-23,False
CG32813,10.15821,0.64346325,3.0461949436520012e-24,5.974633993213574e-23,False
Psc,10.154538,0.6453893,3.163045461933444e-24,6.194572342066674e-23,False
ref(2)P,10.152491,0.3845575,3.2301199524635356e-24,6.316518793946923e-23,False
GCS2alpha,10.149633,0.34382868,3.326093032629827e-24,6.494530243950751e-23,False
tay,10.140806,0.29771882,3.640822372426567e-24,7.094617424925709e-23,False
Cdc37,10.140716,0.54380965,3.644217914789478e-24,7.094617424925709e-23,False
Ssdp,10.130076,0.288297,4.06330300222333e-24,7.898796560978813e-23,False
Paip2,10.106106,0.2786081,5.1906800524708275e-24,1.0075439670534587e-22,False
Chchd2,10.096875,0.2894133,5.703075423197496e-24,1.1053704149887655e-22,False
Saft,10.083967,0.33184585,6.504547299483991e-24,1.2588550230120635e-22,False
su(sable),10.0814705,0.770765,6.671971302408449e-24,1.2893584541904328e-22,False
CG30428,10.071878,0.36320454,7.355951470381456e-24,1.4194501948940194e-22,False
RpS27,10.068375,0.2834997,7.622753951224645e-24,1.4687772679331826e-22,False
osa,10.051231,0.24107882,9.072663061568408e-24,1.7455909998839012e-22,False
gol,10.026154,0.3312238,1.1698547774393666e-23,2.2475236301653092e-22,False
CG13995,9.987563,0.2915832,1.727761408836227e-23,3.3145273975937024e-22,False
Mbs,9.983416,0.25673625,1.8015655063724802e-23,3.4510746821050674e-22,False
lncRNA:let7C,9.95522,0.75194645,2.392920120960861e-23,4.577199899497332e-22,False
Unc-76,9.950802,0.23747723,2.5015840115492707e-23,4.778098182524559e-22,False
Hsp27,9.950236,0.6686436,2.515839670905606e-23,4.798352556657558e-22,False
mAChR-A,9.924877,0.24150978,3.245015715633224e-23,6.18010891581684e-22,False
Ran,9.874776,0.2593802,5.355249076930113e-23,1.0184273244564197e-21,False
CG3558,9.86794,0.4405884,5.732986376785585e-23,1.0886874852216673e-21,False
hts,9.852132,0.23890726,6.710496930930672e-23,1.2724767701206344e-21,False
Pp2B-14D,9.83468,0.23281465,7.98210563785739e-23,1.5114243542807487e-21,False
oaf,9.823255,0.38474295,8.940939520056013e-23,1.6905451256554829e-21,False
IA-2,9.788793,0.21530995,1.2578844230218769e-22,2.3749797705359893e-21,False
Pfk,9.779852,0.25398502,1.3741119427967399e-22,2.5907037360533657e-21,False
br,9.7759075,0.44322148,1.428704760577524e-22,2.6897721001073414e-21,False
Xrp1,9.76622,0.28585836,1.572086112634638e-22,2.955476910748466e-21,False
CG1578,9.751878,0.2666623,1.810876525158923e-22,3.399532631016201e-21,False
ubl,9.740673,0.95797145,2.0221007392522117e-22,3.790645622612456e-21,False
Nrt,9.740408,0.34482026,2.0273956191787011e-22,3.795157525872836e-21,False
CG30419,9.732704,0.45304653,2.1870008356927414e-22,4.0881049760794186e-21,False
Smox,9.726043,0.2516288,2.3350010904876137e-22,4.3585581434797915e-21,False
aPKC,9.723679,0.22783126,2.3898794221837194e-22,4.4546674449526605e-21,False
nrv2,9.718973,0.3469576,2.5029193602506347e-22,4.6587625089311035e-21,False
E(Pc),9.702911,0.22075689,2.9301486735860524e-22,5.4462636095607234e-21,False
Fis1,9.698162,0.25612313,3.069778157869897e-22,5.697733724939028e-21,False
bnb,9.696203,0.63345987,3.129258649739667e-22,5.799941878170516e-21,False
S,9.686464,0.28483447,3.442390630884583e-22,6.371331729641451e-21,False
tyf,9.660595,0.23649803,4.432824331006426e-22,8.19293172064071e-21,False
shot,9.650284,0.22187077,4.90198583209373e-22,9.047330873531419e-21,False
dpr14,9.640983,0.22980702,5.36719157000053e-22,9.892042695845295e-21,False
CG11537,9.615893,0.26825115,6.851215322316587e-22,1.2609498676549338e-20,False
chb,9.60613,0.3140413,7.5327425440052e-22,1.3844443324583543e-20,False
Pde11,9.589498,0.40192842,8.851487540243037e-22,1.6245446615409742e-20,False
CG17321,9.584784,0.28203818,9.265192833013856e-22,1.6957367551341933e-20,False
Tao,9.581495,0.27663758,9.564990834113121e-22,1.7481716905574483e-20,False
Gug,9.563395,0.23389386,1.1395631881499172e-21,2.07986109103862e-20,False
Su(var)3-3,9.54622,0.7186076,1.3451497696430604e-21,2.4516800447821716e-20,False
TyrR,9.544599,0.5904036,1.3663611345022375e-21,2.4868908128107897e-20,False
pico,9.514022,0.22370152,1.8343067810660947e-21,3.333973085752358e-20,False
tara,9.511003,0.24149,1.8883359958819462e-21,3.427434160481306e-20,False
LIMK1,9.5009,0.36858046,2.080840809314385e-21,3.771631596579357e-20,False
stau,9.494805,0.25837886,2.2062275822748e-21,3.987900503256279e-20,False
Fs(2)Ket,9.494346,0.23187537,2.2159871051632226e-21,4.000039361119493e-20,False
Snx27,9.489589,0.32171196,2.319475294202473e-21,4.1811008012503014e-20,False
Ip6k,9.485089,0.23463705,2.421753637654268e-21,4.359488294851334e-20,False
CG1998,9.47279,0.47466713,2.7246786865812467e-21,4.898085173784427e-20,False
OtopLc,9.444258,0.23384836,3.579307596032598e-21,6.416873276870992e-20,False
smal,9.425915,0.25118947,4.263744816299411e-21,7.623111650474906e-20,False
l(1)G0320,9.425031,0.2889229,4.2997991104753496e-21,7.677127732439751e-20,False
loaf,9.419445,0.22662085,4.534769450022682e-21,8.085672366722939e-20,False
hig,9.387011,0.24494742,6.172739454715803e-21,1.0976450497215204e-19,False
CG43689,9.38275,0.8686648,6.427430568246775e-21,1.1413900688828495e-19,False
CG1648,9.374478,0.30403453,6.951847783597068e-21,1.2328506305566675e-19,False
Atx2,9.365132,0.21699,7.595499201425795e-21,1.3433708614527102e-19,False
nuf,9.360183,0.45147616,7.95986192667796e-21,1.4059213115386433e-19,False
CG40228,9.35197,0.25098008,8.603050537324686e-21,1.5165233087193503e-19,False
RhoGAPp190,9.351894,0.26263422,8.609134680044405e-21,1.5165233087193503e-19,False
nAChRalpha3,9.348477,0.23371354,8.891866023197541e-21,1.564230407106277e-19,False
klar,9.337811,0.2132535,9.83454579360865e-21,1.7277508860135195e-19,False
MED6,9.324055,0.693435,1.1197707826170683e-20,1.964607190169679e-19,False
Spar,9.295405,0.23891895,1.4664681398903548e-20,2.566026341717597e-19,False
Atg1,9.27817,0.21905679,1.7241515997269754e-20,3.012909065427152e-19,False
wcy,9.274787,0.23853688,1.7797388297145754e-20,3.1059160639149054e-19,False
Cnx99A,9.264859,0.26195827,1.953341672809838e-20,3.4043584777710985e-19,False
Arglu1,9.258161,0.23745304,2.0798390395982072e-20,3.620021830378813e-19,False
Naa30A,9.251501,0.58789897,2.2136079229359237e-20,3.847754195145631e-19,False
sqz,9.246164,0.8104976,2.3269339606363585e-20,4.039397513437568e-19,False
acj6,9.24201,0.5527577,2.4190859539955045e-20,4.1938269817222853e-19,False
Cs1,9.241769,0.22359917,2.424548199870719e-20,4.1977586158763003e-19,False
CLIP-190,9.23786,0.21177216,2.51476120924437e-20,4.3482206645631925e-19,False
plum,9.216471,0.32378048,3.070391617898499e-20,5.295015256011047e-19,False
Ccn,9.213796,0.32781997,3.147922805065022e-20,5.421605973965852e-19,False
CG34370,9.209687,0.2839838,3.2707705724756225e-20,5.625811006924366e-19,False
Eip75B,9.2008,0.26565352,3.552945584765202e-20,6.1031709711633355e-19,False
CkIIbeta,9.199714,0.21439803,3.5890351158456525e-20,6.157116247692913e-19,False
CG30172,9.19928,0.23753141,3.603560306463687e-20,6.173974704985568e-19,False
CG12384,9.185236,0.23680803,4.106256619965523e-20,7.026083104552987e-19,False
DIP1,9.184459,0.26954713,4.1360080172862186e-20,7.06778691224424e-19,False
Fili,9.17362,0.48058453,4.5739462739278405e-20,7.806003634504643e-19,False
SK,9.121794,0.25829178,7.389108673463733e-20,1.2577756098184833e-18,False
Parp1,9.112878,0.20546709,8.02253110368531e-20,1.3638302876265028e-18,False
d4,9.090803,0.24819773,9.830970186489154e-20,1.666951989943922e-18,False
gce,9.077854,0.21273851,1.107361211936453e-19,1.8752362997496045e-18,False
Su(Tpl),9.068973,0.19992548,1.2014438344703378e-19,2.031939952223257e-18,False
CG31522,9.051327,0.41498473,1.4124194753294283e-19,2.385681789884835e-18,False
CG9003,9.0508795,0.23197587,1.4182156443405526e-19,2.3923968911783314e-18,False
CG15312,9.040211,0.25817817,1.563698974387437e-19,2.6344318233878605e-18,False
g,9.029484,0.32661346,1.7248278533060755e-19,2.902171936017303e-18,False
kek3,9.017357,0.2898488,1.9268156948078246e-19,3.2378881132314095e-18,False
CG5065,9.006553,0.21655224,2.1263497306685938e-19,3.5686285837440604e-18,False
Pp1alpha-96A,9.002618,0.22557199,2.2039753330697407e-19,3.694188756616003e-18,False
CG10508,8.992747,0.27213645,2.4112613295948026e-19,4.036482182446535e-18,False
Df31,8.978098,0.22227319,2.7548894214971465e-19,4.605852657492875e-18,False
Helz,8.932584,0.21388173,4.161719626525175e-19,6.949067040936128e-18,False
Vha26,8.894207,0.2637715,5.883809034170163e-19,9.799636821043106e-18,False
CG14535,8.886436,0.5281553,6.310013678599947e-19,1.0496188576010367e-17,False
CG7378,8.883004,0.23635358,6.50786799118847e-19,1.0811617354261401e-17,False
Rcd1,8.859164,0.46503985,8.061639010784142e-19,1.3376009878878083e-17,False
tau,8.8532095,0.19582705,8.5037745449842655e-19,1.4091816052413397e-17,False
Mapmodulin,8.825378,0.20431261,1.0909054432263188e-18,1.805489726629352e-17,False
Fas3,8.8143835,0.2503175,1.203452265326746e-18,1.9892536124099082e-17,False
PIP5K59B,8.7983055,0.20057586,1.3889729338931268e-18,2.2930267995338666e-17,False
Kdm5,8.73789,0.2174296,2.375043443184138e-18,3.911083444471523e-17,False
Evi5,8.732815,0.21535097,2.484119135247549e-18,4.085583173502884e-17,False
Set8,8.72312,0.44726232,2.706396445229817e-18,4.445594460845628e-17,False
orb,8.711205,0.544015,3.006617333103392e-18,4.932579072947775e-17,False
Moe,8.705263,0.23010054,3.1683975729083114e-18,5.191510287479816e-17,False
REPTOR,8.694476,0.20011202,3.484341914314889e-18,5.694992176120889e-17,False
CG12994,8.693512,0.7918281,3.514059886357226e-18,5.736429933741652e-17,False
CG8910,8.681395,0.35074437,3.909463890489983e-18,6.373978285971324e-17,False
Pka-C3,8.6740055,0.484413,4.171811953950073e-18,6.793281398619319e-17,False
Rab5,8.663294,0.19253525,4.583264406802743e-18,7.45404425368748e-17,False
ND-B16.6,8.654231,0.21665286,4.9624435770348676e-18,8.060750438296068e-17,False
CG42795,8.643612,0.19947962,5.446321279166455e-18,8.824920829781306e-17,False
Orp8,8.643169,0.19818476,5.4674828845272234e-18,8.848299579503971e-17,False
eEF1alpha1,8.631489,0.18930295,6.055864895726543e-18,9.788452717680504e-17,False
Pka-R2,8.623804,0.1940886,6.476595139308957e-18,1.0455643332390542e-16,False
fz2,8.619297,0.20865078,6.736650966360927e-18,1.086212642318392e-16,False
Ubi-p5E,8.613027,0.20482995,7.115652060861379e-18,1.1459164673012178e-16,False
cact,8.611529,0.3366668,7.209247357318544e-18,1.159568170410318e-16,False
CG12594,8.604374,0.3404615,7.673474450013631e-18,1.2327277230761507e-16,False
LRP1,8.603357,0.4180915,7.7417713281039e-18,1.242180916027025e-16,False
CG42322,8.60143,0.21700284,7.872922577466244e-18,1.2616838486644378e-16,False
CG43658,8.586073,0.27529815,8.999288190291987e-18,1.4404341791550184e-16,False
Gdi,8.585435,0.2045992,9.049354629778528e-18,1.4466857565683653e-16,False
CG3198,8.580049,0.19797412,9.483335528757855e-18,1.5142225052661844e-16,False
Mtmr6,8.572761,0.21958469,1.0103376426630207e-17,1.6112678352226646e-16,False
Rab3,8.541869,0.22532754,1.3206775380588669e-17,2.1010924367592699e-16,False
puc,8.541305,0.28303728,1.3271452704319487e-17,2.1088290204046237e-16,False
AhcyL1,8.498039,0.35408545,1.9281944306660774e-17,3.0565021729050567e-16,False
CG1737,8.492934,0.30622587,2.0148475241974173e-17,3.1900134115034045e-16,False
mnb,8.464448,0.19789223,2.573683941140456e-17,4.0698893707011713e-16,False
Mhcl,8.459589,0.24318233,2.6832186820220575e-17,4.2380020072658484e-16,False
l(1)G0469,8.456012,0.42900938,2.7667769814888956e-17,4.364731850389625e-16,False
CG2852,8.453736,0.22285168,2.8212497156826124e-17,4.445328838583359e-16,False
PRAS40,8.424838,0.7644951,3.6124921420178606e-17,5.685240627336132e-16,False
GABA-B-R1,8.416206,0.229735,3.888713838737695e-17,6.112630209910532e-16,False
ND-15,8.395815,0.2062494,4.626728792295774e-17,7.255351200424675e-16,False
Alk,8.393989,0.26460004,4.6992114921522664e-17,7.360231015300708e-16,False
CG31140,8.391107,0.26942557,4.815865033839775e-17,7.533962191629581e-16,False
Ca-alpha1D,8.380956,0.19424641,5.249986045459783e-17,8.203337291722594e-16,False
RpL30,8.362779,0.19599168,6.125826740131546e-17,9.54916835018608e-16,False
bab2,8.346853,0.5149957,7.010570533597102e-17,1.0915391869905155e-15,False
CG14995,8.338228,0.3615283,7.541178546608816e-17,1.1727648198933307e-15,False
CG46385,8.322842,0.19802867,8.587915252755116e-17,1.3339692001945033e-15,False
CG31760,8.315264,0.25749603,9.154844809482035e-17,1.420352014656475e-15,False
CG12851,8.312932,0.28213292,9.336626107068471e-17,1.446846741426731e-15,False
Bili,8.302669,0.29298443,1.0179830241195529e-16,1.5756554676036566e-15,False
qkr58E-1,8.269112,0.27093333,1.3496060751916347e-16,2.0840391814445676e-15,False
CG4678,8.250681,0.20016252,1.5749462773394208e-16,2.429151294661658e-15,False
CG17378,8.24066,0.32359666,1.7126323500772606e-16,2.635328069363616e-15,False
FASN1,8.237569,0.3073821,1.75745402872634e-16,2.701134899589805e-15,False
beat-VII,8.229915,0.18485889,1.873463531479252e-16,2.8760729284075763e-15,False
Atf6,8.206899,0.1799122,2.2697516043531103e-16,3.480374076173188e-15,False
Lcch3,8.206742,0.23269124,2.272706059796852e-16,3.480842696012871e-15,False
Mp,8.20599,0.18098043,2.286982120162297e-16,3.4986300397034623e-15,False
Spf30,8.203376,0.18832669,2.337286127128767e-16,3.571427557744084e-15,False
cnc,8.184107,0.40038082,2.743299562658854e-16,4.186956974785134e-15,False
Dcp-1,8.17001,0.8559404,3.083656898678382e-16,4.7009669727996075e-15,False
Ref1,8.168729,0.24399477,3.1165486397234987e-16,4.745604365539571e-15,False
Atg18b,8.148005,0.48131615,3.6997775152215707e-16,5.627173186056326e-15,False
CG1812,8.137229,0.6269633,4.0442642749763687e-16,6.144008882943868e-15,False
akirin,8.134866,0.1860736,4.123940788808383e-16,6.250600450488e-15,False
bma,8.131724,0.28022727,4.232273531112574e-16,6.407408579763863e-15,False
CG13551,8.128474,0.20470573,4.347270176255232e-16,6.573932955830841e-15,False
Nep3,8.085716,0.3146325,6.180003286968212e-16,9.334646344143595e-15,False
Calr,8.069787,0.22122641,7.042062929784655e-16,1.0624540638381188e-14,False
CG40472,8.069319,1.3338226,7.069128886200725e-16,1.0653144804307767e-14,True
CG2082,8.059361,0.18316156,7.669386572299048e-16,1.1531282488167252e-14,False
mtt,8.05304,0.35539266,8.076262398939873e-16,1.2129161621082155e-14,False
Lnk,8.039558,0.42024255,9.016250024159618e-16,1.3525404288525292e-14,False
sni,8.003628,0.83127815,1.2080603307025028e-15,1.810162007498471e-14,False
Gyf,7.9999027,0.1832298,1.2451749220408459e-15,1.863649618512387e-14,False
metro,7.9925914,0.25918838,1.3213157320314919e-15,1.9753595033704023e-14,False
syd,7.984191,0.23044959,1.4144677650984923e-15,2.1122182842226463e-14,False
cPges,7.978305,0.18067947,1.4835686840191923e-15,2.2128917226669925e-14,False
Sytbeta,7.964631,0.4488869,1.6571718429479437e-15,2.4690357356211936e-14,False
Nf1,7.963459,0.21947329,1.6729564176787976e-15,2.4897304965704505e-14,False
Hsp67Ba,7.961823,0.50708777,1.6952281245282342e-15,2.520021808192933e-14,False
CG2246,7.959546,0.30553892,1.7267129643575251e-15,2.56392486605901e-14,False
bves,7.9555774,0.24825431,1.7829811240763983e-15,2.6415056315093518e-14,False
Atet,7.9513407,0.20021825,1.8450346902792483e-15,2.7303604577657208e-14,False
Dscam3,7.934693,0.24387781,2.110170311449799e-15,3.119206756216176e-14,False
Gapdh1,7.927356,0.1903608,2.238612166127933e-15,3.305348592706423e-14,False
salr,7.9208045,0.82048935,2.359783698478714e-15,3.480349896937013e-14,False
kud,7.9182754,0.71958894,2.4082768612022417e-15,3.547888591150074e-14,False
Chro,7.8952203,0.28916264,2.8980299143113452e-15,4.264614905259282e-14,False
lncRNA:CR44024,7.8898034,0.30007622,3.026624055095088e-15,4.44886652214816e-14,False
l(3)neo43,7.8852468,0.3379754,3.1391512239810997e-15,4.609115780372696e-14,False
l(3)psg2,7.861109,0.25897008,3.807480544913829e-15,5.584163151865248e-14,False
CG12099,7.841674,0.39166528,4.4457932717456634e-15,6.513062361651033e-14,False
Pkc98E,7.8395143,0.23139653,4.522929828419803e-15,6.618688293459312e-14,False
Sem1,7.827074,0.3953641,4.993547312368105e-15,7.298758055550981e-14,False
Ac78C,7.8269424,0.90217406,4.998768929302095e-15,7.298758055550981e-14,False
CG42324,7.8194385,0.30517924,5.305948877273719e-15,7.738676381382236e-14,False
CG6051,7.8138566,0.30109674,5.546413487432806e-15,8.080423463232208e-14,False
mRpS14,7.813716,0.35389495,5.552609726702964e-15,8.080492183677037e-14,False
Brd7-9,7.795982,0.3817289,6.390949664033622e-15,9.290206806976308e-14,False
ChAT,7.787429,0.18806301,6.838660686389499e-15,9.930037577883359e-14,False
alphaTub84D,7.7795644,0.19614607,7.277461827264982e-15,1.055553265696348e-13,False
qkr54B,7.769569,0.3165878,7.87537273427345e-15,1.1410173440031689e-13,False
Hmt4-20,7.7654285,0.22495559,8.13697017778136e-15,1.1776203205531372e-13,False
Not1,7.763528,0.18288724,8.259892010955757e-15,1.1940950595816237e-13,False
Klp10A,7.7613807,0.25504598,8.400986386170113e-15,1.213157825281994e-13,False
Cals,7.750764,0.23587029,9.134126164179047e-15,1.317580152837287e-13,False
ND-B15,7.7489734,0.18455161,9.263841938119437e-15,1.3348261722459158e-13,False
ND-AGGG,7.741129,0.43951526,9.853807921825245e-15,1.4167274606204108e-13,False
Crtc,7.7405777,0.16817105,9.896604678808471e-15,1.4213254872592583e-13,False
Tomosyn,7.738076,0.24249081,1.0093250090649319e-14,1.4479847100570164e-13,False
Su(z)2,7.7370887,0.28503802,1.0171892297952273e-14,1.4576754273434112e-13,False
Ae2,7.7358027,0.1818668,1.0275292487358695e-14,1.470889091245976e-13,False
Rcd-1,7.703676,0.36527613,1.3220670325890295e-14,1.8904551550873162e-13,False
didum,7.7008514,0.33544236,1.3516279430462462e-14,1.9306242173446434e-13,False
Cbl,7.690598,0.22039121,1.464489524844599e-14,2.0895610039069352e-13,False
lilli,7.6752334,0.1603382,1.6511762173684662e-14,2.353373825644145e-13,False
Cirl,7.67221,0.17331837,1.690576186589213e-14,2.406918923940287e-13,False
CG17778,7.645825,0.21749762,2.0761039401335864e-14,2.952606263776565e-13,False
nocte,7.634601,0.2341123,2.2652028151497257e-14,3.2180573182575727e-13,False
Gtpx,7.62719,0.38246343,2.399252847842578e-14,3.4048144355830797e-13,False
CG17168,7.623925,0.45877418,2.460756537019404e-14,3.488328117904206e-13,False
kek1,7.6173415,0.19885494,2.5895396089777613e-14,3.6669331898250815e-13,False
Plc21C,7.61578,0.18654267,2.621040243724321e-14,3.707544654766556e-13,False
e(r),7.6140666,0.2329905,2.6560411105384914e-14,3.753014648772722e-13,False
myd,7.6133113,0.54406285,2.6716099024840262e-14,3.77095872487031e-13,False
Su(dx),7.6093974,0.405866,2.7537677629024115e-14,3.8827534519635824e-13,False
SCaMC,7.608391,0.2464708,2.7752952154005538e-14,3.9089125858069324e-13,False
Flo1,7.5844436,0.22155333,3.339167462197388e-14,4.693048087779238e-13,False
CG1688,7.5447974,0.21459098,4.529907176278488e-14,6.359776731140556e-13,False
Ypel,7.5427237,0.42023736,4.6025663423030155e-14,6.454890534066588e-13,False
Lrp4,7.542522,0.1772172,4.6096769825161616e-14,6.457970706529306e-13,False
lolal,7.541662,0.18054612,4.640181825895783e-14,6.493783745910168e-13,False
S6kII,7.5358186,0.2986336,4.852817181416146e-14,6.78413516819038e-13,False
Hsp70Ab,7.5283093,0.44418284,5.140142065325644e-14,7.178172888463792e-13,False
LpR2,7.503185,0.32041138,6.228571323545749e-14,8.688923117061007e-13,False
m-cup,7.495475,0.82764727,6.605889635500174e-14,9.205513860032639e-13,False
Octbeta1R,7.4862747,0.16979268,7.085601788260169e-14,9.863547997831237e-13,False
NAT1,7.463201,0.17074835,8.444522755482896e-14,1.1730388322389085e-12,False
atos,7.457184,0.15435793,8.839119193845941e-14,1.2265561280499421e-12,False
PIG-T,7.453523,0.32174504,9.08801401427596e-14,1.2597636303966287e-12,False
kek5,7.4513087,0.30768284,9.241890055156024e-14,1.2797437008936282e-12,False
side,7.449975,0.16811757,9.335792844197694e-14,1.2913858291115988e-12,False
CG15891,7.44178,0.33806375,9.933737501029929e-14,1.372652413260087e-12,False
NUCB1,7.435512,0.18080398,1.0416381499597354e-13,1.4378326605694205e-12,False
Atg17,7.435137,0.14928475,1.0445963358001925e-13,1.4404029851784186e-12,False
Invadolysin,7.4347653,0.30467135,1.0475375086443074e-13,1.442944486487929e-12,False
Sams,7.420734,0.17138787,1.1647292257972916e-13,1.6026918069321685e-12,False
nAChRalpha7,7.4110026,0.20993625,1.2534797974600423e-13,1.723010252973056e-12,False
oys,7.396304,0.4402656,1.4002721425476183e-13,1.9227770350280304e-12,False
mge,7.3858557,0.19871858,1.514761892500611e-13,2.0778169132933744e-12,False
CG13784,7.3645425,0.15686747,1.777552578724647e-13,2.435747490825921e-12,False
stv,7.3583016,0.15477952,1.8626444829190144e-13,2.549688661462372e-12,False
CG15760,7.3545074,0.17860207,1.9163269242352802e-13,2.6204424673648094e-12,False
ogre,7.3412557,0.772785,2.1159884787785175e-13,2.890457858589241e-12,False
VGlut1,7.3340874,0.1944682,2.232371413547978e-13,3.0462713131291775e-12,False
corto,7.3289404,0.17610651,2.3197926659236235e-13,3.162281682873686e-12,False
rdx,7.3140755,0.15210946,2.5915982298412417e-13,3.529139102419042e-12,False
CG42240,7.3138204,0.37503597,2.596525576501558e-13,3.532188675031777e-12,False
CG32052,7.3067484,0.16236024,2.7368465150912545e-13,3.719224411045934e-12,False
CG34384,7.303287,0.1605118,2.8082123496249404e-13,3.808480576467484e-12,False
Trp1,7.303282,0.15526703,2.8083233228802923e-13,3.808480576467484e-12,False
SNF4Agamma,7.2973495,0.1881245,2.9349157933419023e-13,3.9760544783820555e-12,False
wech,7.29278,0.15908389,3.0362428933411364e-13,4.104862948703279e-12,False
AcCoAS,7.2890553,0.18457061,3.12136007730786e-13,4.21560049084302e-12,False
CG13743,7.2853317,0.24709035,3.208794356339789e-13,4.32923682101244e-12,False
cora,7.284837,0.24413306,3.220605430177522e-13,4.336849251612156e-12,False
dco,7.2848186,0.16029568,3.221037112528319e-13,4.336849251612156e-12,False
CG11367,7.2815976,0.78380644,3.2988928191826243e-13,4.43712902117491e-12,False
sol,7.2807493,0.230578,3.319711713334705e-13,4.460565605821202e-12,False
MAPk-Ak2,7.270594,0.60341597,3.579097434315117e-13,4.804179712393764e-12,False
Ubc6,7.2695293,0.17393512,3.6074183601787716e-13,4.8372535378682895e-12,False
CG6356,7.25582,0.85956454,3.99235859802603e-13,5.34796986102549e-12,False
Mdh1,7.2429223,0.20853296,4.391178401894859e-13,5.876219488727123e-12,False
dpr1,7.238395,0.14760797,4.5402488341332535e-13,6.069522881927272e-12,False
Hers,7.233733,0.151076,4.698943837224496e-13,6.275286683431616e-12,False
CG7220,7.230757,0.15375604,4.803089031921312e-13,6.407857154160198e-12,False
Vha100-1,7.229194,0.14990813,4.858681797604105e-13,6.475450050944781e-12,False
RhoGAP100F,7.228254,0.18765971,4.892434632641784e-13,6.513828116266026e-12,False
Sidpn,7.2070684,0.80148375,5.716924046332197e-13,7.603856163244068e-12,False
Shaw,7.1973724,0.19621716,6.138402358792895e-13,8.156192658938061e-12,False
SkpA,7.1922073,0.1642362,6.375203570827441e-13,8.462277790327618e-12,False
Nanp,7.186739,0.18642932,6.635718192286403e-13,8.79918998636081e-12,False
Arf6,7.179374,0.21350189,7.003122900858268e-13,9.26767754684577e-12,False
scyl,7.175285,0.18617775,7.215681708547773e-13,9.539363514288359e-12,False
CG18265,7.1745744,0.40780357,7.253246153496498e-13,9.579387708854016e-12,False
Nt5b,7.167624,0.43259525,7.631054264376315e-13,1.0068241374314171e-11,False
bif,7.165985,0.18764946,7.722904351743075e-13,1.0179206227307497e-11,False
CG9123,7.1617026,0.5720923,7.968100433079795e-13,1.0491864508126412e-11,False
Hsp26,7.1577954,0.34810194,8.198491340372508e-13,1.078442189227579e-11,False
Edc3,7.1569324,0.17630045,8.250231803657257e-13,1.0841629613186002e-11,False
dpr6,7.1494923,0.14216167,8.709937650957466e-13,1.1434294772350855e-11,False
fz,7.145166,0.15995018,8.988722232010404e-13,1.1788502879326219e-11,False
Pgi,7.1431355,0.18971835,9.122566151157675e-13,1.1952107855669292e-11,False
Pdfr,7.1341963,0.40842864,9.735431490818892e-13,1.274236107777401e-11,False
MFS17,7.1323123,0.15610811,9.869651180813584e-13,1.2905182703191176e-11,False
Proc,7.1317263,0.53127104,9.91177304584023e-13,1.294737669934259e-11,False
tud,7.124486,0.17934448,1.0446966586690583e-12,1.3632928293515487e-11,False
Mgat2,7.1187005,0.20283262,1.0894946382547515e-12,1.4203421667961994e-11,False
Tom5,7.117769,0.18490706,1.0968836200256815e-12,1.428557745367441e-11,False
raskol,7.1023736,0.17114411,1.22632175284419e-12,1.595553876646089e-11,False
GluClalpha,7.1005764,0.227929,1.2423780531685245e-12,1.614845697001739e-11,False
l(2)k09913,7.093161,0.16291828,1.3108286516853514e-12,1.7021343193475496e-11,False
larp,7.0676622,0.15470515,1.5756547175697106e-12,2.0439959174317443e-11,False
regucalcin,7.063482,0.8164582,1.623814853093681e-12,2.1023202940398092e-11,False
Septin4,7.0553393,0.15257914,1.7217983030815128e-12,2.226983415432496e-11,False
rgn,7.0542974,0.16444498,1.7347490719700684e-12,2.241527783162111e-11,False
tko,7.0264053,0.24304177,2.119226057382402e-12,2.7329489322926542e-11,False
Shal,7.013053,0.14915782,2.3317353016977087e-12,3.0040523136872146e-11,False
Bckdhb,7.012082,0.56622815,2.3479763969996227e-12,3.022013499801375e-11,False
qvr,7.0109744,0.22011428,2.3666409923619377e-12,3.0430557026055017e-11,False
tok,7.0104394,0.33292964,2.3757088865428466e-12,3.0517292744926246e-11,False
CG7766,7.003899,0.28929573,2.4893519153962368e-12,3.194587257834175e-11,False
TM4SF,6.9971967,0.25257775,2.6113498137764048e-12,3.347877844179096e-11,False
tun,6.9890685,0.16813165,2.767176181136737e-12,3.544197095157686e-11,False
crp,6.981854,0.1364335,2.9130986631092062e-12,3.7238355575795797e-11,False
CNMaR,6.9588227,0.52868253,3.43128111505554e-12,4.381969400674913e-11,False
wit,6.929119,0.34097725,4.234692779490976e-12,5.402727943232128e-11,False
AP-1-2beta,6.9281855,0.2526414,4.262726524198399e-12,5.433219132346379e-11,False
Pp2A-29B,6.9130177,0.23001803,4.7445093655926405e-12,6.041433873377218e-11,False
Nop17l,6.9073524,0.35555407,4.9378267200097594e-12,6.281508318262172e-11,False
CG5973,6.9049964,0.8217658,5.020466411280164e-12,6.380459295032169e-11,False
CG13293,6.904522,0.20119706,5.037271945324336e-12,6.395631945266386e-11,False
CG13907,6.8982034,0.35207394,5.266430849952529e-12,6.680132026952334e-11,False
Hipk,6.8867755,0.1893758,5.707113291606572e-12,7.23212881051128e-11,False
Nmdar1,6.871681,0.30289388,6.344966485446525e-12,8.024947505799113e-11,False
shakB,6.87053,0.17422253,6.396381964909705e-12,8.08219763469985e-11,False
grp,6.86433,0.1847626,6.680421656589712e-12,8.432989528265649e-11,False
Rbp9,6.855913,0.19824526,7.0858449447797904e-12,8.936188907807219e-11,False
G9a,6.8504205,0.13509728,7.363315274065119e-12,9.277212465627012e-11,False
vsg,6.844256,0.21995403,7.687430579333855e-12,9.676295521362662e-11,False
tty,6.8346524,0.14090307,8.220418959982648e-12,1.0337275172548515e-10,False
Dop1R1,6.834219,0.16864195,8.24530202550071e-12,1.0358653338155337e-10,False
Cyt-b5,6.8279076,0.19177121,8.61619982084303e-12,1.081427715813737e-10,False
CG31145,6.82697,0.22009507,8.672670678616886e-12,1.087476768966646e-10,False
crq,6.825267,0.3565729,8.776190822079547e-12,1.0994082325352462e-10,False
shrb,6.8143554,0.16933927,9.46873041736173e-12,1.1850341563290524e-10,False
CG6154,6.8088245,0.20313606,9.839948625656817e-12,1.2303212644125238e-10,False
CG3662,6.8012733,0.26491186,1.0369837687758988e-11,1.2945804314280555e-10,False
ITP,6.7974725,1.4871144,1.0647049901907942e-11,1.3274467055120707e-10,True
Gs1l,6.7894554,0.18246616,1.1255776215144373e-11,1.4020109501726275e-10,False
Uhg1,6.789303,0.3710052,1.1267667803512186e-11,1.4021630928594095e-10,False
Cul1,6.7884903,0.22544107,1.133131630455815e-11,1.40874955116555e-10,False
CG42671,6.7824636,0.17427862,1.1814355423283458e-11,1.4674144103720976e-10,False
Pis,6.7753005,0.15098698,1.2414777708471844e-11,1.540534408564953e-10,False
mnd,6.7730923,1.1103722,1.2605846391753342e-11,1.562768183339912e-10,True
eEF1gamma,6.7710094,0.22701325,1.278870144946518e-11,1.5839427497400748e-10,False
Zyx,6.769332,0.15285754,1.2937829496399196e-11,1.6009041187587743e-10,False
Ttd14,6.765707,0.15879601,1.326599569595541e-11,1.639966598688147e-10,False
CG4829,6.7625313,0.8624314,1.356015051501974e-11,1.6747550556191202e-10,False
Mekk1,6.762198,0.84110516,1.3591401058176969e-11,1.6770385099108313e-10,False
Smg5,6.7570453,0.15969437,1.408343788156321e-11,1.7361206116474874e-10,False
lovit,6.7547812,1.0645777,1.4305109759300668e-11,1.7617942581721658e-10,True
L2HGDH,6.753492,0.51911414,1.4432871598096479e-11,1.7758648471028636e-10,False
CG3907,6.7460566,0.20295133,1.519173356250118e-11,1.8674889686139196e-10,False
usp,6.74204,0.33632442,1.5617782393220708e-11,1.9180680227038628e-10,False
l(3)L1231,6.734801,0.15577841,1.641543894140402e-11,2.014148301857985e-10,False
Polr2F,6.733676,0.21882328,1.6542959372495477e-11,2.0279013909884613e-10,False
EloC,6.7171745,0.15017839,1.8528225723206284e-11,2.269146451338805e-10,False
Trf4-1,6.7127314,0.16480246,1.9101462719815107e-11,2.3371724543863157e-10,False
eIF4G2,6.710494,0.14239411,1.9396629531140095e-11,2.371080080639181e-10,False
cnn,6.7077484,0.1969529,1.9765036232350414e-11,2.413869341350528e-10,False
l(1)G0289,6.693364,0.20790966,2.1809733290144454e-11,2.660723829303732e-10,False
Cul3,6.6932497,0.31155556,2.1826803804804983e-11,2.660723829303732e-10,False
lncRNA:CR45333,6.6929398,1.0483692,2.1873113201550726e-11,2.6638978737866365e-10,True
CG2021,6.6883802,0.56671333,2.2565419619532948e-11,2.7456683261137265e-10,False
Ten-m,6.6842594,0.13686877,2.3209551832421282e-11,2.821431273171583e-10,False
CG34126,6.6781526,0.21649863,2.4197319072677444e-11,2.9387890012389494e-10,False
Dlic,6.6775594,0.13166006,2.4295417549952724e-11,2.9479785967121766e-10,False
GlcAT-P,6.6602473,0.13900673,2.7336723152757535e-11,3.3139472227895457e-10,False
ZAP3,6.6596785,0.16142288,2.744269847311206e-11,3.323728116453139e-10,False
east,6.6524954,0.13766271,2.8816477053475316e-11,3.4868998615075423e-10,False
CG43795,6.647174,0.18454103,2.987742576448065e-11,3.6119526400279686e-10,False
TBC1D16,6.6448054,0.16170149,3.036175871860919e-11,3.6671311702320157e-10,False
Axn,6.6398983,0.23526853,3.138993675416543e-11,3.787834333209255e-10,False
Zip102B,6.635956,0.24090672,3.224066232408415e-11,3.88692241835587e-10,False
CG6765,6.6320233,0.2875159,3.311163411270287e-11,3.988267496563047e-10,False
CG34353,6.626711,0.14001863,3.432491336710148e-11,4.1287916147508664e-10,False
lgs,6.626641,0.13238221,3.434114020944142e-11,4.1287916147508664e-10,False
slim,6.6264358,0.32660845,3.43888757681257e-11,4.130751521653929e-10,False
nord,6.5905824,0.80206716,4.381039849049157e-11,5.25285078981341e-10,False
Bx,6.586998,0.17816667,4.488080740454533e-11,5.37628705654631e-10,False
eIF3g1,6.576707,0.15807837,4.8098151800568965e-11,5.756446382616364e-10,False
CG33639,6.560369,0.35144332,5.3674860329167026e-11,6.412193996232581e-10,False
Pcl,6.5593033,0.40937948,5.405971093798384e-11,6.452303918583521e-10,False
CG9240,6.5563936,0.3980569,5.5124657762181574e-11,6.573440359826026e-10,False
prtp,6.554872,0.27874464,5.568958518367363e-11,6.634785484121986e-10,False
nAChRalpha5,6.5542254,0.25502852,5.593139727617381e-11,6.657558800780798e-10,False
Spred,6.550582,0.18668301,5.7313347344596606e-11,6.815879614980489e-10,False
Aef1,6.5327253,0.306227,6.458344916781183e-11,7.673518133039922e-10,False
CG12239,6.5277886,1.3338066,6.674781093790253e-11,7.916362667283187e-10,True
Mgstl,6.5139985,0.6902499,7.31761484941993e-11,8.670944701192723e-10,False
CG10433,6.5096273,0.5879483,7.533751978288868e-11,8.919012139341802e-10,False
CG7518,6.50192,0.23644859,7.930126219646496e-11,9.379818960609776e-10,False
PVRAP,6.501296,0.21074341,7.963092293565248e-11,9.410341351595407e-10,False
Drl-2,6.485764,0.30810633,8.828325086880525e-11,1.0414095149613732e-09,False
Vsp37A,6.485543,0.339668,8.841281550022915e-11,1.0420025188237769e-09,False
ewg,6.4829507,0.13769357,8.994581504934095e-11,1.0591200318668365e-09,False
CG32069,6.4816284,0.63771325,9.073801328872368e-11,1.0674917033367214e-09,False
Eip74EF,6.4793572,0.26911098,9.21142537030785e-11,1.082713245001927e-09,False
lark,6.477196,0.1531787,9.344265809180243e-11,1.0973458176804072e-09,False
Tmem214,6.473595,0.14599,9.569817667560668e-11,1.1228301247269173e-09,False
mirr,6.469521,0.64337873,9.83139217941424e-11,1.1524917451354374e-09,False
Tpst,6.4665017,0.37720615,1.0029761416392401e-10,1.1746978143744434e-09,False
l(3)neo38,6.456229,0.14183687,1.0734408027882743e-10,1.2561073543580332e-09,False
Gbs-76A,6.449212,0.20627944,1.1243315668117028e-10,1.314487644081191e-09,False
tinc,6.448476,0.23025627,1.1298059401481897e-10,1.3197137652877653e-09,False
GlyRS,6.4427047,0.67212653,1.1736277884618784e-10,1.369684082431398e-09,False
CG12848,6.439906,0.26505932,1.1954735270097313e-10,1.3939412261255439e-09,False
Cep97,6.4347577,0.34934765,1.2367037825031808e-10,1.4407379792441755e-09,False
Tom40,6.4285645,0.19046782,1.2881457479717826e-10,1.4980109092121413e-09,False
slpr,6.4280157,0.17700785,1.292803897172923e-10,1.5020986748673194e-09,False
Not3,6.423853,0.1256264,1.3286755087854692e-10,1.5424138569743684e-09,False
beat-IIb,6.41933,0.2642097,1.3687518832187933e-10,1.5875347305717706e-09,False
shep,6.403783,0.15193208,1.5157355328048007e-10,1.7564621372652457e-09,False
Atxn7,6.387052,0.41924003,1.691138475387292e-10,1.9579956568338684e-09,False
Zdhhc8,6.3822703,0.11389457,1.7448133801057994e-10,2.0183620271100623e-09,False
Dg,6.378796,0.17738612,1.7848573998676288e-10,2.062868169890986e-09,False
CG15916,6.377996,0.63779646,1.7942036819429963e-10,2.071848030264755e-09,False
CG15097,6.37166,0.5867796,1.8699287972884707e-10,2.1573954631402804e-09,False
CG32204,6.3709664,0.18812503,1.8784076303282193e-10,2.1652767254511517e-09,False
sxc,6.3703303,0.12914325,1.8862136091599153e-10,2.172369240838777e-09,False
ND-MNLL,6.368347,1.6692985,1.9107575027933578e-10,2.1987096623649316e-09,True
HSPC300,6.367373,0.96665126,1.9229308093250982e-10,2.210781606766502e-09,False
stas,6.359852,0.20077878,2.0194843279180945e-10,2.3197590518506714e-09,False
CG15922,6.356228,0.5663376,2.0676852753043632e-10,2.3730525941287893e-09,False
alphaTub84B,6.3474803,0.24461302,2.1887014389145725e-10,2.5097491805215006e-09,False
hiw,6.3404922,0.1133874,2.2903224013654884e-10,2.623986632636781e-09,False
Dad,6.3342576,0.31990576,2.3848693789967917e-10,2.729927570504951e-09,False
Lim3,6.331542,0.4218046,2.427229236110566e-10,2.775998206416793e-09,False
dome,6.3150363,0.3834298,2.700978913021736e-10,3.0863968605233597e-09,False
Mpped,6.3021846,0.4967711,2.9347920526913787e-10,3.3506605008181935e-09,False
ND-B14.5B,6.301426,0.13999492,2.949200743004286e-10,3.3641881044982052e-09,False
wde,6.2967186,0.12316895,3.040120798999726e-10,3.464893965278005e-09,False
MSBP,6.284076,0.19545513,3.2980840517131515e-10,3.75564319961547e-09,False
CG42340,6.2791376,0.122270025,3.4045658116235843e-10,3.873541067579699e-09,False
Eaat1,6.2744303,0.62625045,3.5091721465200736e-10,3.989103043029437e-09,False
plx,6.2633467,0.17995387,3.768015467573582e-10,4.279644879808508e-09,False
elB,6.2607236,0.17970991,3.8319560821421205e-10,4.348509056600139e-09,False
CG31191,6.2581744,0.46422046,3.8951060262699764e-10,4.416357919863137e-09,False
Tina-1,6.2429824,0.1341727,4.29304608032048e-10,4.863355046680295e-09,False
CG2258,6.236053,0.11907306,4.4874880405925124e-10,5.079248952749889e-09,False
CG7546,6.2312474,0.291361,4.6273594122070104e-10,5.233057662290217e-09,False
hppy,6.22663,0.10776573,4.765748353711069e-10,5.384926837155387e-09,False
hbt,6.222395,0.12698725,4.896225451217219e-10,5.527602977186038e-09,False
CG2063,6.2172475,0.43163967,5.05951026362382e-10,5.707040718822371e-09,False
zld,6.212841,0.25899026,5.203505921681254e-10,5.864431502299602e-09,False
sbm,6.2062507,0.16931795,5.426360235745402e-10,6.110351316018023e-09,False
lncRNA:CR43264,6.1923137,1.9562457,5.928740990476995e-10,6.6646351886961674e-09,True
CG43347,6.1871614,0.11038361,6.125724881542977e-10,6.8801838178082276e-09,False
Ank2,6.184138,0.22475006,6.244283466452983e-10,7.001376197325824e-09,False
Nlg2,6.1832666,0.16632614,6.278844513486047e-10,7.034125810035819e-09,False
NP15.6,6.179234,0.14241765,6.441330961443141e-10,7.210011087250793e-09,False
witty,6.1752205,0.5774934,6.607117106013447e-10,7.389287309797678e-09,False
CG43066,6.1744533,0.13053292,6.639287386874603e-10,7.41895200262918e-09,False
Desat1,6.166941,0.11703794,6.962366160019883e-10,7.771459973488999e-09,False
Pak3,6.1668453,0.26526102,6.966577770923097e-10,7.771459973488999e-09,False
CG3719,6.163955,0.18053472,7.095009410916934e-10,7.908016850624209e-09,False
CG42748,6.1475296,0.1226571,7.869910601706338e-10,8.756858189417696e-09,False
Tnpo,6.1341076,0.108224034,8.563854146321995e-10,9.52094816724343e-09,False
Spf45,6.133531,0.28347424,8.594958048538666e-10,9.547450863554236e-09,False
CG13594,6.1306353,0.25268555,8.752878460898137e-10,9.71466012286e-09,False
CG7139,6.1233654,0.5294911,9.161925350725907e-10,1.0160072661087692e-08,False
PI31,6.1185594,0.16802107,9.442496788135996e-10,1.046238198085119e-08,False
CG15209,6.1163297,0.49066046,9.57551754307672e-10,1.0600832016307599e-08,False
spi,6.109963,0.19334333,9.965419549174288e-10,1.1013925844886403e-08,False
hbn,6.1064444,0.67038,1.0187506349857967e-09,1.1240471951593917e-08,False
ChT,6.104579,0.20330366,1.0307197485774833e-09,1.1362993469846231e-08,False
PDZ-GEF,6.088551,0.21137884,1.139371966040046e-09,1.2550282485944882e-08,False
Flo2,6.0826106,0.15782493,1.182412360541916e-09,1.3013468031726396e-08,False
msl-1,6.0788555,0.36213914,1.2104320738303432e-09,1.331070115665652e-08,False
px,6.0714765,0.12143511,1.2673943767470268e-09,1.392544272979321e-08,False
CG7379,6.065025,0.42699626,1.3193309931393232e-09,1.4483983776811901e-08,False
Sema1a,6.0504274,0.19642359,1.4446216482273698e-09,1.5846221268243628e-08,False
Akt,6.049334,0.315262,1.454456228227602e-09,1.5940791739064986e-08,False
DIP-beta,6.0480146,0.35800913,1.46641803338817e-09,1.6058499480628283e-08,False
CG17065,6.039215,0.11854431,1.5486586691621893e-09,1.6944982157752145e-08,False
fmt,6.031336,0.119444996,1.6260983720509664e-09,1.7777503084127914e-08,False
SppL,6.007528,0.2039939,1.883733793329294e-09,2.057701228440586e-08,False
cass,6.0061183,0.1440407,1.9001776497058228e-09,2.0739397420917124e-08,False
disco-r,5.969511,0.8038463,2.3796587638985898e-09,2.5929598521054202e-08,False
CG31808,5.96789,0.1290624,2.403419101357587e-09,2.6166802328864997e-08,False
NfI,5.9661236,0.117493704,2.429566106560512e-09,2.6429576329728217e-08,False
Sfxn2,5.962061,0.1757195,2.490762748913554e-09,2.7072881127769238e-08,False
Coq7,5.9604278,0.16144378,2.5157882478364466e-09,2.7299730276481212e-08,False
Ubc2,5.958114,0.2585155,2.5516560737441655e-09,2.766609939362383e-08,False
na,5.957788,0.15729772,2.5567492858555458e-09,2.7698468561770592e-08,False
Dld,5.9556494,0.12965488,2.590411613687905e-09,2.80400321379512e-08,False
CG34220,5.951193,4.432412,2.66195084453273e-09,2.879069633580626e-08,True
klg,5.940049,0.12713362,2.8493639046057323e-09,3.0792344630282833e-08,False
msn,5.92154,0.13352038,3.189407140762448e-09,3.443878326767406e-08,False
Srp14,5.916604,0.24722387,3.286570798424453e-09,3.5458806947533444e-08,False
fabp,5.9147353,0.052228704,3.3240993169114648e-09,3.583428147951892e-08,False
Mdh2,5.9126334,0.13828711,3.3668086066618404e-09,3.6264944180445284e-08,False
Pink1,5.906004,0.29987916,3.5050539025409917e-09,3.7692236770287375e-08,False
Sema2a,5.90497,0.3046963,3.5271056295581714e-09,3.7898360652513434e-08,False
CG44838,5.90085,0.10681439,3.616336963989153e-09,3.8825395460605765e-08,False
Lis-1,5.8998575,0.16670996,3.638155735333159e-09,3.902775879021473e-08,False
alpha-Catr,5.8953676,0.24806601,3.7384858189011484e-09,4.003866515581092e-08,False
Piezo,5.8948793,0.38966972,3.7495481646937795e-09,4.012444009140143e-08,False
AdipoR,5.8831615,0.138229,4.025026306027355e-09,4.303732358625343e-08,False
dac,5.8812575,0.46216643,4.07161057303159e-09,4.350002808147002e-08,False
Acsl,5.8786383,0.15981641,4.136554860757825e-09,4.41579751626471e-08,False
CtsL1,5.863542,0.14823994,4.5309647628810175e-09,4.832906489368461e-08,False
brat,5.8541083,0.12014816,4.795765183321023e-09,5.107062420909365e-08,False
Btk,5.851487,0.23851635,4.8719637972482875e-09,5.184006174869615e-08,False
spidey,5.8502293,0.11069263,4.908960919655902e-09,5.2191468806794665e-08,False
CG12531,5.8467784,0.12790364,5.011848773049788e-09,5.324228353003013e-08,False
dpr2,5.841027,0.23913737,5.188005380020862e-09,5.506912657419559e-08,False
Dys,5.837239,0.14121142,5.307307634289445e-09,5.629001583712477e-08,False
z,5.831724,0.42786345,5.485755405612389e-09,5.813573531060678e-08,False
Ssadh,5.8314853,0.16411364,5.493613529138255e-09,5.8172099424984535e-08,False
MEP-1,5.821095,1.0249964,5.846333366181706e-09,6.185721961754734e-08,True
Jupiter,5.8072596,0.17651862,6.350360348001501e-09,6.71360300346643e-08,False
Src64B,5.799898,0.2414865,6.6355161916453305e-09,7.009430729454284e-08,False
NKAIN,5.7993875,0.18720002,6.655762711615466e-09,7.02517090709549e-08,False
btsz,5.7906713,0.26515558,7.010560010169511e-09,7.39372143608648e-08,False
Nin,5.785561,0.23413976,7.227060748254875e-09,7.615942685871476e-08,False
pasha,5.7844296,0.5363978,7.275877303562723e-09,7.661242279336358e-08,False
Hsp67Bc,5.7809505,0.43429378,7.427965836947927e-09,7.815124024286046e-08,False
flfl,5.776549,0.13236463,7.624839423434932e-09,8.013058929164474e-08,False
Pcb,5.7764726,0.41969442,7.628290632664757e-09,8.013058929164474e-08,False
Rh2,5.771979,0.78211737,7.834589903875014e-09,8.223190569234949e-08,False
pnut,5.7690735,0.12931141,7.970863072600792e-09,8.359546020514525e-08,False
pix,5.767215,0.13852063,8.059222812831482e-09,8.445474241101954e-08,False
Ufd4,5.7662506,0.12428652,8.10545354341355e-09,8.48715259075677e-08,False
CG3655,5.754523,0.1947673,8.68867658033928e-09,9.09059704954128e-08,False
Usp2,5.754252,0.09288696,8.702627045363738e-09,9.097949244480898e-08,False
zip,5.7533383,0.1048333,8.749818071690073e-09,9.14001266137355e-08,False
e(y)3,5.7524967,0.11705069,8.79349624588782e-09,9.178342666180449e-08,False
sima,5.741951,0.09666378,9.359180635936151e-09,9.761031169590235e-08,False
CG30423,5.7373953,0.12819818,9.614355398361671e-09,1.0011271338341579e-07,False
Adk3,5.736647,0.17534362,9.656910891108745e-09,1.0047622012673002e-07,False
CG43078,5.73291,0.20926599,9.872202165915152e-09,1.026349752075087e-07,False
GC1,5.72113,0.20182894,1.058178640735527e-08,1.0992510290834435e-07,False
beat-Ib,5.71604,0.08824578,1.0903502963791054e-08,1.1317767175922452e-07,False
bbc,5.712771,0.15876502,1.1115127347556299e-08,1.1528325846427571e-07,False
Sap-r,5.705613,0.15249076,1.1592497411679585e-08,1.2013959659848694e-07,False
Prps,5.704169,0.09899797,1.1691223936909013e-08,1.210672764026173e-07,False
Optix,5.7012224,0.6680369,1.1895139232971277e-08,1.2308190918147679e-07,False
Oamb,5.690064,0.22344284,1.2699192273853345e-08,1.3129825780543417e-07,False
Sec61gamma,5.67876,0.13661803,1.3567467450843178e-08,1.40165164914725e-07,False
Men,5.6728816,0.16878673,1.4041547062408008e-08,1.4494891590503034e-07,False
Tmtc3,5.6588964,0.68048966,1.5234933995139718e-08,1.5714463707231634e-07,False
HUWE1,5.650277,0.11228159,1.6018948810097926e-08,1.6484338787274616e-07,False
CG8188,5.649881,0.10291884,1.6055904714826894e-08,1.6509440051450722e-07,False
drk,5.64032,0.20010401,1.697348248497874e-08,1.743929111298715e-07,False
Sesn,5.639412,0.52010477,1.7063196453367342e-08,1.751777067138283e-07,False
CG7781,5.6345067,0.18694334,1.7556034468842685e-08,1.7995620043296545e-07,False
simj,5.62586,0.096458115,1.845859961118706e-08,1.8906037216727135e-07,False
crol,5.6234846,0.14132947,1.8714367909932852e-08,1.915307700190246e-07,False
CG17883,5.613057,0.10044605,1.9878288807942714e-08,2.0328450834643984e-07,False
msk,5.600931,0.38547525,2.132031010313239e-08,2.178617379978715e-07,False
DIP-zeta,5.5774145,0.5292177,2.4411991586096822e-08,2.4926028083364285e-07,False
Hk,5.5745277,0.22197622,2.4820214497387843e-08,2.532317070731162e-07,False
lncRNA:CR45102,5.5742025,0.25626656,2.486662605562119e-08,2.5350840418690304e-07,False
CG31211,5.5725784,0.11951897,2.509964375218039e-08,2.5568559577318024e-07,False
snama,5.5709867,0.22538833,2.5330039887507978e-08,2.578327297922094e-07,False
Dscam2,5.552835,0.17978817,2.810732261361888e-08,2.8588105763588673e-07,False
tsr,5.5404034,0.108939156,3.017754093085192e-08,3.0622630530681476e-07,False
Kdm4B,5.5332346,0.099199966,3.143786637806423e-08,3.1876929172387506e-07,False
sano,5.528442,0.33261558,3.230875183588324e-08,3.273471918853829e-07,False
Fur1,5.5258346,0.11944797,3.2792316102808705e-08,3.3199062088367424e-07,False
Sdb,5.518214,0.5470443,3.4246209205622196e-08,3.464429831955976e-07,False
Scamp,5.5143313,0.14523399,3.501086624126257e-08,3.5390599482802415e-07,False
CG6766,5.5102925,0.3965895,3.5823787640681724e-08,3.6184503719154387e-07,False
faf,5.50834,0.11639272,3.6223341305195056e-08,3.6559979116095873e-07,False
ome,5.504957,0.41738302,3.692576108394868e-08,3.724032435949114e-07,False
CG6912,5.5019774,0.21277261,3.755545565759226e-08,3.784633763776226e-07,False
CARPA,5.497565,0.49447328,3.8507188231392086e-08,3.8775705789174204e-07,False
hep,5.493717,0.11449838,3.9356016392601714e-08,3.9600108071606365e-07,False
CG17059,5.4923706,0.16375077,3.965739884651785e-08,3.9872829245760597e-07,False
Dyrk2,5.492223,0.08755979,3.969067846401448e-08,3.9875780251958274e-07,False
Hsc70-3,5.4836974,0.108309686,4.165265459833575e-08,4.1814937668199396e-07,False
unc79,5.483341,0.1061999,4.173670105878986e-08,4.1867327375080735e-07,False
CG31345,5.477928,0.23039898,4.3033496334406535e-08,4.313525364839331e-07,False
CG14312,5.475887,0.21269634,4.3532562228194715e-08,4.356903276776137e-07,False
EMRE,5.4647865,0.110091835,4.6346422566431445e-08,4.63499496914365e-07,False
Axud1,5.456755,0.17001009,4.849143937876319e-08,4.845825132139369e-07,False
msps,5.4559145,0.106442064,4.872137950449319e-08,4.865103708727546e-07,False
Drep3,5.4553013,0.32081968,4.8889848220524605e-08,4.878219403689551e-07,False
Mid1,5.454732,0.17947508,4.904675403930841e-08,4.890162328001152e-07,False
CG5937,5.4541135,0.27096733,4.921778494167198e-08,4.903494404234356e-07,False
Trpm,5.4501977,0.24501409,5.031388068012125e-08,5.008899288011162e-07,False
CG17698,5.4401293,0.08771826,5.324191302510833e-08,5.296381370650633e-07,False
CG1902,5.4366393,0.22867006,5.429486584998099e-08,5.397041090276855e-07,False
Hecw,5.4339366,0.24041377,5.512423731653645e-08,5.471618512119479e-07,False
alph,5.433731,0.09534237,5.5187790605993374e-08,5.473379293232898e-07,False
CG15236,5.4174004,0.08258506,6.047175425713085e-08,5.988389771612332e-07,False
Nedd4,5.4087677,0.12169187,6.34599257412533e-08,6.27956991088712e-07,False
Vha36-1,5.400903,0.1644411,6.630626069482423e-08,6.556287221901318e-07,False
salm,5.398524,0.79871714,6.719142891403208e-08,6.638816295934552e-07,False
dpr3,5.3932633,0.1967409,6.918951324675706e-08,6.831099876601312e-07,False
CG1927,5.388734,0.27530617,7.095585583641696e-08,7.000231993591256e-07,False
disco,5.3807673,0.6881556,7.4169092159126e-08,7.311748237532444e-07,False
Mgat4a,5.3770747,0.183225,7.570568556738007e-08,7.45763428816298e-07,False
CG14657,5.3707366,0.3869735,7.841577689826919e-08,7.713036857935295e-07,False
CG31637,5.3685956,0.15460631,7.935210298631292e-08,7.794447510557626e-07,False
MagR,5.368573,0.115731046,7.936207875447915e-08,7.794447510557626e-07,False
Pdhb,5.362456,0.11781503,8.209802337453942e-08,8.057133122963574e-07,False
oc,5.3605347,0.5290637,8.297608612775378e-08,8.137229461229943e-07,False
SRPK,5.3584876,0.08399035,8.392146883749058e-08,8.223803295998984e-07,False
CG42232,5.3566203,0.20883124,8.479297379636116e-08,8.303013924426096e-07,False
CG3224,5.3546124,0.4420223,8.574007655012042e-08,8.38950369281558e-07,False
CG11317,5.3535304,0.17921016,8.625462725102744e-08,8.433571850489222e-07,False
lncRNA:CR44997,5.3434787,0.53860843,9.117962375278446e-08,8.908486511043424e-07,False
Egfrap,5.342436,1.1212434,9.17058413889642e-08,8.953242657447093e-07,True
CG33947,5.3174253,0.360714,1.0524603268642016e-07,1.0259926673087888e-06,False
CG9921,5.2957506,0.22015376,1.185284491992441e-07,1.1537647043905679e-06,False
Rab6,5.2942567,0.20752205,1.1950153724683532e-07,1.1615160510064075e-06,False
CG14229,5.282919,0.35843465,1.2714174683932947e-07,1.233951030439903e-06,False
CG14234,5.2769957,0.18393941,1.3131883888515277e-07,1.2735504515053821e-06,False
Scp2,5.2722807,0.10109685,1.3473873478772964e-07,1.3057534762872827e-06,False
CG12576,5.2660904,0.16138805,1.3935972381037908e-07,1.3485464879176667e-06,False
lncRNA:CR45668,5.2627563,1.6606265,1.4191161176759687e-07,1.372229941308308e-06,True
Clc,5.2552443,0.096601196,1.4782808553894839e-07,1.4283888765200887e-06,False
Ras85D,5.2543745,0.0947502,1.4852837692409106e-07,1.4341009560319474e-06,False
CG4393,5.25187,0.33304834,1.5056249373106213e-07,1.4526738106607104e-06,False
HtrA2,5.2475533,0.77738947,1.5413237262461162e-07,1.4860260518415416e-06,False
nAChRalpha2,5.221462,0.19161616,1.7751608928629276e-07,1.7102191563864905e-06,False
sra,5.209218,0.10073937,1.8963797165198788e-07,1.8256648977866467e-06,False
Jhbp2,5.1902537,0.3083823,2.100078130472667e-07,2.0188095620000964e-06,False
beat-IV,5.1871905,0.10070419,2.1349053340203348e-07,2.050788815377282e-06,False
anchor,5.182651,0.34268463,2.1875420152739296e-07,2.0998166269331416e-06,False
CG1440,5.1821117,0.32427785,2.193877695960995e-07,2.1043610804834627e-06,False
Slmap,5.1804605,0.14373761,2.2133864834134272e-07,2.12152529383923e-06,False
ClpX,5.173509,0.2425073,2.297378764457673e-07,2.198824059995505e-06,False
CG33169,5.1629333,0.78336823,2.431095703456001e-07,2.3251112546663256e-06,False
Rpn10,5.141737,0.18979895,2.7221034052117343e-07,2.601538970755447e-06,False
prage,5.137228,1.0282944,2.788202807736198e-07,2.6608404572593595e-06,True
Acbp1,5.1329913,0.13189444,2.8517290311967824e-07,2.719489927355364e-06,False
Sumo,5.1286798,0.12757725,2.917810202150278e-07,2.7804890403521975e-06,False
CG44247,5.1264873,0.092782356,2.951977523495641e-07,2.8110099011779867e-06,False
chn,5.093709,0.16355345,3.511259099388408e-07,3.3411626231037704e-06,False
Tsp86D,5.089267,0.36734238,3.5945042787963257e-07,3.4179001973706596e-06,False
trol,5.088406,0.39913547,3.6108582996132937e-07,3.4309681066679892e-06,False
S6KL,5.083483,0.2616934,3.705753763658217e-07,3.5160512785727533e-06,False
mEFTs,5.0656896,0.13314913,4.069245276955196e-07,3.858149508258891e-06,False
Hrb87F,5.0632386,0.17728795,4.121936270420533e-07,3.905289439769014e-06,False
Wdr20,5.05975,0.35752577,4.198064977260301e-07,3.974551287188589e-06,False
par-1,5.0590124,0.08715453,4.214335748041944e-07,3.987083230022979e-06,False
CG7879,5.0579567,0.36505285,4.2377223963615797e-07,4.006324461193346e-06,False
ERp60,5.0558043,0.2448278,4.285810793265101e-07,4.048874164938655e-06,False
Socs16D,5.0468464,0.17290732,4.491626480949442e-07,4.240263188660677e-06,False
sNPF,5.0440817,0.094804905,4.557049422138184e-07,4.298936572599991e-06,False
CG14767,5.0429053,0.090652816,4.585163293951687e-07,4.322355153932505e-06,False
CG6878,5.0426207,0.109677255,4.591988209370326e-07,4.325685810705051e-06,False
CG2059,5.039333,0.44523975,4.6715758593168805e-07,4.39750561370223e-06,False
Ctl2,5.0372806,0.856783,4.7219221231701645e-07,4.4417164366914195e-06,False
CG17646,5.0369368,0.38104424,4.7304134850125803e-07,4.444640238748926e-06,False
CG32815,5.036805,0.2655486,4.733661754453709e-07,4.444640238748926e-06,False
Su(H),5.0367436,0.45291525,4.735177181529941e-07,4.444640238748926e-06,False
Nplp2,5.035333,0.91812193,4.770179079937001e-07,4.474298593108646e-06,False
Tim8,5.031103,0.09373497,4.876652435182683e-07,4.570905110608818e-06,False
hoe1,5.026914,0.52405757,4.9843573059471e-07,4.668527395399204e-06,False
AstA-R1,5.019018,0.25601923,5.193629919941991e-07,4.861074841734879e-06,False
CG7115,5.0105543,0.15722875,5.42734860091971e-07,5.076212666525687e-06,False
Cf2,5.00914,0.11280866,5.467372180099664e-07,5.110009802182765e-06,False
Vmat,5.007701,0.3331102,5.508410062641613e-07,5.144706228370536e-06,False
dlp,5.0064106,0.54334795,5.545437768487986e-07,5.175610633217374e-06,False
CG4452,5.0050673,0.3479391,5.5842458873047e-07,5.2081316682094436e-06,False
CG3556,5.000419,0.10413233,5.720575013355808e-07,5.331494769539622e-06,False
jp,4.999514,0.08485876,5.747496617680303e-07,5.352789018634788e-06,False
tapas,4.995077,0.12546238,5.88122551272967e-07,5.473454990281912e-06,False
Pfrx,4.9947233,0.2365722,5.892010910519416e-07,5.479611845374072e-06,False
CG32647,4.990437,0.07478749,6.024280073529192e-07,5.598660851926953e-06,False
skd,4.984911,0.14033909,6.19903285205384e-07,5.756995809811981e-06,False
CD98hc,4.979321,0.12470262,6.380780251710772e-07,5.921598396026219e-06,False
Gycalpha99B,4.9705095,0.084387876,6.677716682788704e-07,6.192792867221338e-06,False
alpha-Man-IIb,4.9654493,0.20165974,6.854217413566751e-07,6.351993725788482e-06,False
euc,4.9611034,0.1891424,7.009384604230681e-07,6.491213748005312e-06,False
Ubqn,4.9565973,0.211943,7.173841625034201e-07,6.63883470384327e-06,False
exd,4.9528604,0.0810515,7.313052667496425e-07,6.762901133256194e-06,False
CG34354,4.95224,0.077369,7.33639922161052e-07,6.779720265202802e-06,False
Ndf,4.9513307,0.16800497,7.370775241035964e-07,6.806701155478117e-06,False
Syn2,4.9471774,0.14846084,7.52973264152216e-07,6.948610719258617e-06,False
rg,4.945976,0.90676266,7.576329136916556e-07,6.986704644787401e-06,False
Su(var)205,4.936396,0.09389937,7.95793270883917e-07,7.3334637957121694e-06,False
CG3168,4.933346,0.7323073,8.083289906179258e-07,7.4437640264261824e-06,False
Gclc,4.922983,0.31670654,8.523471863288472e-07,7.843623512288081e-06,False
CG32206,4.91633,0.072512425,8.818178788500491e-07,8.109145378564377e-06,False
Rnp4F,4.913226,0.36924145,8.958986297926457e-07,8.221371434430976e-06,False
Cyp28d1,4.907809,0.9418655,9.209959542145838e-07,8.445783555013151e-06,False
eIF3j,4.9068084,0.11289742,9.257047946855293e-07,8.477133593702119e-06,False
CG44837,4.903019,0.13288264,9.437490315276151e-07,8.636355169432025e-06,False
dpr19,4.90285,0.07855847,9.445599429562429e-07,8.637760758794704e-06,False
Vha55,4.8989286,0.15819028,9.63605587426994e-07,8.805045236968407e-06,False
Dhpr,4.898809,0.38348126,9.641929910963806e-07,8.805045236968407e-06,False
CG42361,4.894655,0.10404707,9.847826017685716e-07,8.986825117945e-06,False
Nt5c,4.892266,0.10446467,9.968174425768444e-07,9.09033866266642e-06,False
Shawl,4.891713,0.10448459,9.99621397402521e-07,9.109587228340172e-06,False
Rox8,4.8897533,0.07523739,1.0096241621616448e-06,9.194366677038236e-06,False
bol,4.883141,0.22358339,1.0440901196667699e-06,9.501653921427301e-06,False
HmgD,4.8805866,0.1506835,1.0577068848846177e-06,9.618910847244818e-06,False
RabX4,4.8768883,0.1681657,1.077725188068407e-06,9.794181671097467e-06,False
CG30197,4.876176,0.45272776,1.081621293523372e-06,9.822795727844251e-06,False
Col4a1,4.8759165,0.993583,1.0830435379733805e-06,9.82891929040621e-06,False
hid,4.873349,0.6108476,1.0972196346400714e-06,9.9506992538338e-06,False
Bicra,4.872531,0.08989767,1.10177634173198e-06,9.985133039103414e-06,False
CG3618,4.871926,0.23498167,1.1051552657125928e-06,1.0008852754465321e-05,False
C1GalTA,4.867084,0.14438197,1.1325682803252624e-06,1.0250054939224706e-05,False
osi,4.8668504,0.107357964,1.1339086217493348e-06,1.0255122641712325e-05,False
spen,4.862471,0.1453098,1.159293318031873e-06,1.0477492085458627e-05,False
Fak,4.8622217,0.09228123,1.1607555175056235e-06,1.0483497082846321e-05,False
wnd,4.8606215,0.20056398,1.1701774827058672e-06,1.0561333997416071e-05,False
CG14762,4.855418,0.10582315,1.2013290964607278e-06,1.0835048494571327e-05,False
CG7888,4.855266,0.6630174,1.2022531190886877e-06,1.0835945293514708e-05,False
ATPsyndelta,4.8500543,0.1011499,1.2342783250964953e-06,1.1116964681352326e-05,False
elav,4.8491163,0.18194579,1.2401275807768045e-06,1.1161997629443828e-05,False
TM9SF2,4.847524,0.10404686,1.2501171650963955e-06,1.1244209217338627e-05,False
prim,4.8452897,0.2062833,1.2642706235817244e-06,1.1363734791031082e-05,False
Tango5,4.8369527,0.14823367,1.3184466301090296e-06,1.1842588630391496e-05,False
kibra,4.83064,0.49389467,1.3609497411445437e-06,1.2216011303538558e-05,False
CG4101,4.829411,0.1134292,1.369374130232229e-06,1.2283239211864656e-05,False
BI-1,4.8276815,0.10129697,1.3813184145371096e-06,1.2381927206979643e-05,False
QIL1,4.8199196,0.082355976,1.4361606734380783e-06,1.2864749427164134e-05,False
CG42813,4.819772,0.13532156,1.4372246347762928e-06,1.2865510167299225e-05,False
CG9609,4.814368,0.2859244,1.4766646482648438e-06,1.3209564426717707e-05,False
beat-VI,4.810642,0.06569818,1.5044644474375188e-06,1.3448864387580744e-05,False
SPARC,4.810509,0.71917236,1.505462256611466e-06,1.3448864387580744e-05,False
CG32425,4.8028755,0.070120856,1.5640295071454146e-06,1.3962575919427915e-05,False
Rab4,4.7968493,0.08609637,1.6118072725677972e-06,1.437933426260246e-05,False
Vha44,4.7950087,0.16539298,1.626677434970921e-06,1.4502149371067077e-05,False
Neto,4.7921505,0.4436311,1.6500300952184139e-06,1.47003698178069e-05,False
Gpat4,4.7917733,0.28255427,1.6531370722753491e-06,1.4718071996456886e-05,False
cno,4.7911544,0.16045995,1.6582429342518777e-06,1.4753534461072393e-05,False
Xpc,4.782569,0.17183156,1.7306920950767116e-06,1.5387702856159043e-05,False
CG13887,4.782163,0.11059703,1.734189488067527e-06,1.540837326754251e-05,False
CG3061,4.780776,0.09988697,1.7461992115097562e-06,1.54941281826129e-05,False
CG11638,4.77661,0.1060265,1.7827506725634723e-06,1.5807777724802015e-05,False
Jwa,4.776111,0.12340432,1.7871766231496426e-06,1.583633715765978e-05,False
Sf3b2,4.7759213,0.13518895,1.7888611253616124e-06,1.584058224284161e-05,False
Xe7,4.7650037,0.089733854,1.8885025109895367e-06,1.6700411505325372e-05,False
cib,4.76171,0.20009707,1.919590643483486e-06,1.6963914355088423e-05,False
2mit,4.760595,0.061962146,1.9302338749558335e-06,1.7037751260819382e-05,False
CG1909,4.760563,0.07684902,1.9305388956213424e-06,1.7037751260819382e-05,False
CG6495,4.7535605,0.14123452,1.998651508254189e-06,1.7627033201321005e-05,False
Nlp,4.7512083,0.18318917,2.0220462619155294e-06,1.781648074298374e-05,False
FucTA,4.7511287,0.31429428,2.0228437157394214e-06,1.781648074298374e-05,False
CG18766,4.7504053,0.26848257,2.03009132061417e-06,1.7868338944535035e-05,False
CG11699,4.743536,0.11402451,2.100193582604107e-06,1.847298786412354e-05,False
WASp,4.743142,0.36499864,2.1042840179882264e-06,1.8496586140724604e-05,False
Pdk,4.7422194,0.23732564,2.113896357934376e-06,1.8568657780491733e-05,False
CG42458,4.7238245,0.2815291,2.314502599935228e-06,2.0317220217601088e-05,False
drl,4.71726,0.2571247,2.390423115864128e-06,2.0969659656589124e-05,False
sca,4.7164845,0.1855248,2.399544953111866e-06,2.103563724405806e-05,False
CG8613,4.7151833,0.19596261,2.4149329847986146e-06,2.1156422902159064e-05,False
Mgtor,4.708353,0.22631888,2.4972642631637495e-06,2.1863124371908616e-05,False
Sec23,4.694058,0.1731214,2.678383476793182e-06,2.3433180604886285e-05,False
CG7607,4.6867166,0.8228527,2.7762305109522583e-06,2.4273083928425566e-05,False
kay,4.6859236,0.18188603,2.78700207676984e-06,2.4351060033798182e-05,False
CG8861,4.678181,0.07370378,2.8943106247791843e-06,2.5271851109782897e-05,False
Acly,4.674824,0.08861054,2.942054332952407e-06,2.567167064364381e-05,False
CG5823,4.6683526,0.1755376,3.036246152911203e-06,2.6475985862910496e-05,False
Agps,4.6654906,0.19694114,3.0788129015799683e-06,2.682936362046576e-05,False
CG10353,4.6647644,0.34838426,3.089707390112042e-06,2.6906457795535017e-05,False
Rpt5,4.6631465,0.40880084,3.114111302053061e-06,2.7101017629324023e-05,False
svp,4.659162,0.4653597,3.174989944925375e-06,2.761253664213392e-05,False
Srp9,4.658133,0.13128726,3.190901736970981e-06,2.7732565956042103e-05,False
VhaSFD,4.6542974,0.07447264,3.250876186884369e-06,2.8235138117546263e-05,False
spab,4.6525135,0.1532137,3.2791306466751497e-06,2.8461727759549632e-05,False
Dh44,4.6501737,0.7282944,3.316554404621915e-06,2.8767552099760123e-05,False
Nhe2,4.647487,0.14297798,3.3600312074504587e-06,2.9125442016561e-05,False
Bruce,4.645764,0.08035995,3.3882059090187548e-06,2.935030576823695e-05,False
Rab1,4.6453266,0.08445762,3.395389798390728e-06,2.939316030346018e-05,False
CG4133,4.6447234,0.14561169,3.405322180057606e-06,2.9459735857891375e-05,False
Hou,4.644427,0.13323556,3.410216885068732e-06,2.9482671109663294e-05,False
Clic,4.6419706,0.2613832,3.451020682174168e-06,2.9815820371105027e-05,False
woc,4.6365356,0.1420585,3.542973852061557e-06,3.059015728642636e-05,False
dao,4.627384,0.09940364,3.7031330149406947e-06,3.195198355176341e-05,False
CG7920,4.6264067,0.07551872,3.7206454889538568e-06,3.206098516088041e-05,False
CG7668,4.6256475,0.37520105,3.734302720473215e-06,3.215758325670938e-05,False
CG11883,4.62511,0.3016333,3.743993122189474e-06,3.2219917235554604e-05,False
CG33144,4.619883,0.098989606,3.839562900727273e-06,3.299914720631595e-05,False
CG2519,4.617468,0.10778885,3.884509161720471e-06,3.334182553505468e-05,False
Rbcn-3B,4.617284,0.05840737,3.887951645821788e-06,3.334959045544655e-05,False
Polr1G,4.6168017,0.12645106,3.896992940414285e-06,3.340533870188136e-05,False
CG1703,4.608975,0.20302218,4.046587949552269e-06,3.466506665258563e-05,False
CG13375,4.6006,0.17924081,4.2127640704016825e-06,3.606510270302834e-05,False
Hs6st,4.594916,0.17518124,4.329238735197439e-06,3.70381030073109e-05,False
Pcyt2,4.5936494,0.68360364,4.355612639347847e-06,3.723949622229672e-05,False
Rac2,4.586716,1.1063721,4.502721338791579e-06,3.847221138690516e-05,True
CG6184,4.584748,0.17777692,4.545342755798963e-06,3.881114305000271e-05,False
Hsp110,4.5832067,0.080143996,4.5789882144480045e-06,3.9073041640299495e-05,False
rn,4.5815353,0.36584577,4.615741855581094e-06,3.936110559649004e-05,False
cbt,4.580273,0.1532341,4.643691001700534e-06,3.9573763588421994e-05,False
smash,4.5795574,0.05277834,4.65960836594628e-06,3.9683676951976706e-05,False
CG5273,4.578438,0.22833954,4.684613673035103e-06,3.987079551642117e-05,False
TppII,4.577436,0.31909448,4.707092816415644e-06,4.0029261449954994e-05,False
tbc,4.576904,0.05670928,4.719078097227951e-06,4.008623482590336e-05,False
Cmpk,4.5765047,0.07931526,4.7280902368667e-06,4.013684354177345e-05,False
ncm,4.5702815,0.17793866,4.870698739352722e-06,4.1320756703572704e-05,False
Rim2,4.569376,0.1270775,4.891782651268883e-06,4.147284891633832e-05,False
ScsbetaA,4.566658,0.07238052,4.955618731285314e-06,4.198696695539672e-05,False
meng,4.563753,0.21342896,5.0247214258805615e-06,4.2545015629830194e-05,False
Nap1,4.5580564,0.065907344,5.162918084009405e-06,4.3686997129406043e-05,False
ThrRS,4.5543084,0.14960556,5.255817124753508e-06,4.444446128467558e-05,False
Spt6,4.5518074,0.11291247,5.318699416420482e-06,4.494728555059907e-05,False
robo3,4.551433,0.14976774,5.328177063679521e-06,4.4998441384198314e-05,False
side-V,4.5382953,0.08529995,5.671080429428056e-06,4.786362743937963e-05,False
Mad,4.533775,0.15391433,5.7938821908632135e-06,4.886868155977759e-05,False
CG3009,4.531049,0.087940365,5.869160613085243e-06,4.9471866335184846e-05,False
Manf,4.530089,0.20806682,5.895887716978834e-06,4.9665295185140294e-05,False
HINT1,4.529743,0.12363792,5.905545485804708e-06,4.971478105634828e-05,False
PRL-1,4.527014,0.19469783,5.982301732655714e-06,5.032869850757282e-05,False
Usf,4.5257215,0.15712696,6.018974272865532e-06,5.06048246447383e-05,False
CG42376,4.523791,0.2115924,6.07417818568419e-06,5.103630149493347e-05,False
Naa60,4.5202546,0.35002548,6.176525592330512e-06,5.18630816669746e-05,False
pds5,4.5152845,0.20772217,6.323179960272724e-06,5.306060527327195e-05,False
alpha-Man-Ia,4.5143075,0.042415857,6.352402486050987e-06,5.3271806681044044e-05,False
lap,4.50753,0.100630604,6.55865901158356e-06,5.4966414586236966e-05,False
PlexB,4.5044084,0.06182237,6.65580876363298e-06,5.574504968954811e-05,False
twr,4.5017753,0.15326525,6.738822590420249e-06,5.6368470821586565e-05,False
alc,4.501457,0.061679292,6.748908612672068e-06,5.641692625898451e-05,False
GlyT,4.4995413,0.15651475,6.810023751317085e-06,5.689162245140357e-05,False
zfh1,4.497773,0.56041986,6.866895874870547e-06,5.7330291417836e-05,False
Rilpl,4.494945,0.06195867,6.958784020043699e-06,5.806055924279e-05,False
sws,4.4943967,0.09295552,6.976742362307047e-06,5.814189395539724e-05,False
CG12391,4.494377,0.13542774,6.977381231843958e-06,5.814189395539724e-05,False
Bap60,4.493616,0.32483423,7.002387459424702e-06,5.831329125747782e-05,False
CG9919,4.493301,0.068979435,7.012757099713023e-06,5.836266057462244e-05,False
gprs,4.4917808,0.08302032,7.063015864889641e-06,5.874372878513593e-05,False
CG11030,4.4901066,0.079505675,7.118756385912077e-06,5.916987834741973e-05,False
ND-42,4.4877477,0.08122787,7.198014932342983e-06,5.979084337921564e-05,False
rb,4.482818,0.35740176,7.366371919513705e-06,6.115065912465546e-05,False
rudhira,4.477924,0.17420468,7.537239922149356e-06,6.252958953091205e-05,False
CG13124,4.462485,0.6974827,8.101466441096264e-06,6.716805709933502e-05,False
CG3107,4.4590764,0.14251572,8.231357511804877e-06,6.817957866142903e-05,False
side-VII,4.4590116,0.08758451,8.233847601833032e-06,6.817957866142903e-05,False
RIC-3,4.452285,0.08755412,8.496140511794762e-06,7.026292162712081e-05,False
Acf,4.4516273,0.14351667,8.52219143265363e-06,7.043403623679331e-05,False
mts,4.44737,0.13972956,8.692797653027111e-06,7.179890255086692e-05,False
CG8360,4.4399343,0.1528337,8.998633480262745e-06,7.427829306792257e-05,False
Ndfip,4.4317,0.1574702,9.349292685208982e-06,7.707594427624292e-05,False
Coa8,4.428922,0.1114691,9.470520113835922e-06,7.797750928315654e-05,False
Taf3,4.4275846,0.11580048,9.529418422516434e-06,7.841332967457011e-05,False
nvy,4.42028,0.17608702,9.85731345306202e-06,8.10606733959249e-05,False
noc,4.4162292,0.12605892,1.0043761887197603e-05,8.254226076276655e-05,False
CG13204,4.408962,0.321584,1.038672636670275e-05,8.525419811670258e-05,False
tmod,4.407779,0.10849299,1.0443588621064987e-05,8.566741452522784e-05,False
rst,4.407164,0.52705663,1.0473278461857747e-05,8.585736261214763e-05,False
Cox17,4.4036274,0.074325725,1.0645565395366697e-05,8.721532098535772e-05,False
Paip1,4.3986816,0.117759064,1.0891056103429936e-05,8.917094595337869e-05,False
CG4230,4.3972363,0.063872725,1.0963800889080759e-05,8.971065223126416e-05,False
cdm,4.3929477,0.2397884,1.1182404049995651e-05,9.144242166832162e-05,False
Ocrl,4.3889303,0.19753128,1.1390961096161602e-05,9.308993766458931e-05,False
CG2993,4.3868537,0.055753436,1.1500212360162314e-05,9.392435713169233e-05,False
Eb1,4.3859305,0.061851848,1.1549109774801964e-05,9.426512518675317e-05,False
Ube4B,4.376254,0.27313825,1.2073639059189637e-05,9.848522090428989e-05,False
BicD,4.3760138,0.09273627,1.2086945436348082e-05,9.853259924258695e-05,False
nebu,4.375494,0.060458697,1.2115784587678762e-05,9.870646327754904e-05,False
CG31224,4.37374,0.07149623,1.2213560175795781e-05,9.944138430615387e-05,False
phol,4.371278,0.30655766,1.2352160882552785e-05,0.00010050758276014004,False
Rheb,4.3616385,0.11980176,1.2909189612789218e-05,0.00010497503756291035,False
CG1161,4.361315,0.1169018,1.2928313916771514e-05,0.00010506553690803616,False
CG15099,4.358885,0.31669533,1.3072694904536846e-05,0.00010617322851700785,False
lncRNA:CR44417,4.356661,0.38705996,1.3206171871327976e-05,0.00010719104667147681,False
l(2)41Ab,4.3461466,0.70599407,1.3854991655402208e-05,0.00011231859675733524,False
ghi,4.3456693,0.112579525,1.3885174963061395e-05,0.0001124906529192631,False
AP-1sigma,4.34554,0.06440204,1.3893336099837457e-05,0.0001124906529192631,False
CG16854,4.344337,0.4680517,1.3969697595081765e-05,0.00011303928331094179,False
PsGEF,4.336245,0.054500293,1.4493744017471947e-05,0.00011720756315913775,False
CG9776,4.3299055,0.13249578,1.4917345857862377e-05,0.00012055894336910792,False
Mitofilin,4.3237095,0.1162904,1.534272435728454e-05,0.0001238444353679829,False
CG15522,4.323341,0.38436168,1.536840844403533e-05,0.0001239756018189492,False
CG12343,4.3222423,0.17066042,1.5445136248012572e-05,0.00012451811989885474,False
Oct-TyrR,4.3211784,0.17672902,1.5519811357653997e-05,0.00012496681436944312,False
twin,4.320272,0.09009451,1.5583717096986148e-05,0.00012540454768615735,False
CG32944,4.3187485,0.2508527,1.5691666009591135e-05,0.0001261959504480031,False
Sod1,4.3159766,0.15932347,1.5889862892114813e-05,0.00012771173594206776,False
promL,4.310969,0.07480628,1.6254088416025173e-05,0.00013055927620720466,False
CG43373,4.305849,0.3580173,1.663464873870745e-05,0.00013345294204844606,False
nsl1,4.2994437,0.040328894,1.712275013254357e-05,0.0001372849661328585,False
sdk,4.2977977,0.2906333,1.7250343482430343e-05,0.00013822363640403484,False
CG8745,4.29473,0.12619738,1.7490591822193317e-05,0.00014006329502464496,False
HDAC6,4.291371,0.18292035,1.7757333552961408e-05,0.00014211274069394998,False
Cka,4.28827,0.05061782,1.800700193911339e-05,0.00014399407602290346,False
mRpS10,4.28818,0.11653186,1.8014326229484308e-05,0.00014399407602290346,False
Sara,4.2842526,0.21107349,1.8335445845973523e-05,0.00014647178958172527,False
CtsF,4.283763,0.11819009,1.8375864644747262e-05,0.00014670549045967424,False
CG8128,4.2831326,0.5195377,1.8428019307829092e-05,0.00014703254506629148,False
Rpt2,4.2814646,0.18798542,1.856672424715878e-05,0.00014804934668198637,False
CG12541,4.280466,0.44108474,1.865022205444432e-05,0.00014862496544417998,False
Dap160,4.2794924,0.06692255,1.873201995509558e-05,0.0001491863480181279,False
Synj,4.2792296,0.09259131,1.87541271926573e-05,0.00014927194757038736,False
Scgbeta,4.2773137,0.06980687,1.8916225438730536e-05,0.00015047101603532566,False
pygo,4.273465,0.26815152,1.9245841577907154e-05,0.00015290786225833006,False
CG13018,4.272324,0.36154413,1.9344632307383996e-05,0.00015359988710050338,False
wds,4.2709126,0.44501054,1.9467462148694505e-05,0.00015448183580675994,False
Cpr,4.267928,0.3356848,1.9729697072882113e-05,0.00015646828559731071,False
GAPcenA,4.267443,0.1750826,1.9772629853107753e-05,0.0001566197280890229,False
CycT,4.266568,0.037600745,1.9850284400449634e-05,0.00015714011283512566,False
l(2)SH0834,4.266027,0.10782547,1.9898456594293084e-05,0.0001574266213760418,False
Flad1,4.259092,0.4088345,2.052593296615109e-05,0.00016229319200252197,False
Amun,4.254365,0.039154813,2.0964325626697862e-05,0.0001656597733376047,False
mys,4.253453,0.24832784,2.1049928269612667e-05,0.000166236242422464,False
CrebB,4.2506948,0.09659228,2.131086121425581e-05,0.00016819581214206342,False
CG15160,4.2473125,0.2864468,2.1634987831599983e-05,0.00017054911523398643,False
HnRNP-K,4.24626,0.06165822,2.173683024610748e-05,0.0001712492123885482,False
Fie,4.2451315,0.0963877,2.1846549613570252e-05,0.0001720104903966008,False
Crk,4.2444544,0.08903102,2.1912613286174e-05,0.00017242733604407937,False
TrissinR,4.234635,0.2491037,2.2892328055185214e-05,0.00018002877496899397,False
CG15537,4.229738,0.43514585,2.339631796788399e-05,0.00018386664994085963,False
Kul,4.229623,0.13722092,2.3408333106389023e-05,0.00018386664994085963,False
CG10470,4.228869,0.16793178,2.3486907584858126e-05,0.0001842635537746989,False
Tapdelta,4.2282104,0.13463955,2.3555754807984406e-05,0.0001846934212003121,False
CG43367,4.2172394,0.11580408,2.4731116581608436e-05,0.00019379344245612192,False
cactin,4.216771,0.5336684,2.4782519929056732e-05,0.0001940805091702828,False
CG15012,4.215986,0.082340315,2.4868951792180887e-05,0.0001946413910071763,False
SmD2,4.2126727,0.12250611,2.523667501180679e-05,0.00019728350986460524,False
kug,4.212539,0.080035366,2.5251568647155164e-05,0.00019728350986460524,False
uzip,4.2092576,0.13147336,2.5621093777340566e-05,0.00020005157060489146,False
yps,4.208728,0.052056707,2.5681259913523355e-05,0.00020040227822067127,False
wrd,4.2059183,0.045588184,2.600239865117524e-05,0.00020278784609797855,False
Pi3K92E,4.204397,0.25638652,2.61779039209436e-05,0.0002040354895759904,False
CG11444,4.202265,0.2437161,2.64257696578118e-05,0.00020584531065400409,False
ND-20,4.1876774,0.094604716,2.8182375832302595e-05,0.0002193984601968533,False
Tango1,4.183363,0.12531248,2.872282296222825e-05,0.00022336696383968522,False
Uch,4.1833367,0.28638616,2.8726137195728488e-05,0.00022336696383968522,False
Nak,4.1825056,0.15110137,2.8831396001922977e-05,0.00022405285325917791,False
S6k,4.1820693,0.12459574,2.8886774273538436e-05,0.00022435053234548974,False
Nagk,4.176135,0.1131567,2.965037071825251e-05,0.0002301450216234827,False
CG8677,4.1757436,0.06318729,2.970141712709715e-05,0.00023040514903611788,False
Nav,4.1742764,0.16179106,2.989345814589312e-05,0.00023175807285851413,False
Myb,4.171932,0.23039165,3.020272952881965e-05,0.00023401772920885556,False
SNRPG,4.1712236,0.13940537,3.0296818460231063e-05,0.0002346084215591611,False
Acbp2,4.1652036,0.5758882,3.1107511779874676e-05,0.00024074429464036108,False
CG8321,4.1594768,0.20790851,3.189774982678892e-05,0.00024656960616107834,False
eIF3d1,4.157554,0.14124966,3.216728630816132e-05,0.000248506942607612,False
CG2076,4.1463976,0.24233754,3.377472155495012e-05,0.00026077180725828406,False
Ubc4,4.1406436,0.1298,3.4633269829707886e-05,0.0002672435694845516,False
eIF4H1,4.136354,0.044108357,3.528676462537123e-05,0.00027212639315845266,False
Dgk,4.1310205,0.25703773,3.6115611549236275e-05,0.00027835498613989085,False
hb,4.128337,1.1596256,3.653966504577907e-05,0.0002814582288198023,True
VGAT,4.122931,0.12735356,3.7408211444311e-05,0.00028781106943190333,False
N,4.120449,0.92414904,3.781343782382353e-05,0.00029075856433169396,False
CG10543,4.1145782,0.060904387,3.87888327844346e-05,0.0002979100243251052,False
PH4alphaEFB,4.113762,0.2096941,3.892626627736974e-05,0.00029879092590590875,False
CG34159,4.107177,0.07193885,4.0052441281118534e-05,0.00030725576816998166,False
RyR,4.105884,0.13956612,4.0277144951754085e-05,0.000308799277602684,False
mRpL30,4.1054916,0.17405982,4.034554965389291e-05,0.00030914336326635965,False
nudE,4.099595,0.10302643,4.13873501101849e-05,0.00031694123997548935,False
c12.1,4.0971236,0.23226698,4.1831574482106166e-05,0.00032015650568978284,False
Graf,4.090191,0.055776186,4.31018463569711e-05,0.0003296864743754116,False
Pex19,4.0875583,0.06558561,4.359371292673643e-05,0.00033325478858071175,False
wap,4.0796,0.17939547,4.511328170989299e-05,0.0003446707179940138,False
lncRNA:CR44832,4.071488,0.9546713,4.67138292448794e-05,0.00035669170837127263,False
CG1910,4.0672617,0.06734615,4.756884500636852e-05,0.0003630094031525487,False
TfIIFalpha,4.0663133,0.17953032,4.776276438847217e-05,0.0003642777056464961,False
Cys,4.063168,0.4431067,4.841110990530795e-05,0.00036900834992207183,False
DIP-gamma,4.0569115,0.10239107,4.972590153857532e-05,0.0003788104765903874,False
Chmp1,4.0565224,0.06682658,4.9808835907713926e-05,0.0003792224291212449,False
Nipped-A,4.053661,0.04110759,5.042231313046315e-05,0.0003836708841038889,False
Gpdh1,4.048594,0.06491159,5.1526189914888036e-05,0.00039184355420806926,False
CG41099,4.041634,0.058578406,5.307998091743826e-05,0.00040342627486180234,False
Lmpt,4.039493,0.26817968,5.356682827149105e-05,0.000406891150471482,False
Past1,4.0288143,0.16185041,5.605885614483114e-05,0.0004255744821485997,False
Adss,4.0271316,0.12748227,5.6461474126866864e-05,0.0004283835054856567,False
Act42A,4.0263324,0.32716933,5.6653569101440074e-05,0.00042959293223428967,False
sNPF-R,4.0260296,0.21278916,5.6726565064448004e-05,0.0004298983803413559,False
eEF5,4.025397,0.052297704,5.68793330307149e-05,0.0004308076745571323,False
GlcAT-I,4.02465,0.45478725,5.706014511653775e-05,0.0004319282067836535,False
Phb2,4.0225897,0.089289755,5.7561748758240184e-05,0.00043522378620945587,False
CG14645,4.016537,8.624665,5.905960038005091e-05,0.00044629224185983266,True
babo,4.0161552,0.046623476,5.9155258998787795e-05,0.0004467581945419945,False
RpL36A,4.0141907,0.20497364,5.9650089992248476e-05,0.00045023654944752276,False
Eno,4.013099,0.20729975,5.992672713638247e-05,0.0004520649376000012,False
Treh,4.01097,0.29586196,6.0469762738297326e-05,0.00045589968568213716,False
18w,4.008272,0.39065123,6.116462838094667e-05,0.00046087407199198405,False
CG13868,4.005072,0.06737701,6.199850299556076e-05,0.0004668895861688619,False
CG17233,4.002656,0.16816337,6.263534631064737e-05,0.00047141528400241527,False
Hsp68,4.0017366,0.32750186,6.287928677662506e-05,0.00047298037065348025,False
Nubpl,3.9930649,0.064433806,6.522470130225737e-05,0.000490341990739682,False
CG14777,3.9923124,0.08922017,6.543210036707338e-05,0.0004916199147648435,False
ALiX,3.9907548,0.20588511,6.586333438763525e-05,0.0004945771869645227,False
Jarid2,3.9884622,0.03513539,6.650301603347267e-05,0.0004990954504259648,False
detr,3.98528,0.12237466,6.740056842883651e-05,0.0005055427338603543,False
CG31998,3.9833736,0.03858198,6.79438191277334e-05,0.0005093267125827408,False
wun,3.9799945,0.23184344,6.891684105559586e-05,0.0005163262305083155,False
Galphas,3.9787514,0.06286454,6.92781567883267e-05,0.0005187374691483767,False
nrm,3.9771216,0.04356257,6.975452616001933e-05,0.000522006963706614,False
CG5071,3.9740696,0.29667222,7.065492636899297e-05,0.0005281467094494438,False
lva,3.9740682,0.14726548,7.065534702169715e-05,0.0005281467094494438,False
Pka-C1,3.9700987,0.16824138,7.184283149577381e-05,0.0005367178218794562,False
CG2926,3.9688916,0.03603984,7.220769065403896e-05,0.0005391370811845034,False
Tsp42Ej,3.9681823,0.13689394,7.242290372366206e-05,0.0005404368982581733,False
CG10375,3.9626594,0.1820978,7.411947272306521e-05,0.0005524696489244469,False
CG14903,3.9618006,0.19647175,7.438664956310819e-05,0.0005541468038031773,False
phyl,3.9596858,0.070367955,7.504844963459647e-05,0.0005587601567412081,False
Crag,3.9510698,0.14209096,7.780264378894645e-05,0.0005789380192698444,False
wkd,3.95061,0.15341423,7.795230614813498e-05,0.0005797234041271317,False
Gpo1,3.9493322,0.13520266,7.836951591604524e-05,0.0005824964981067595,False
Mrp5,3.9473977,0.17831573,7.90052514933407e-05,0.0005868897738123178,False
EloA,3.9456854,0.15363012,7.957204709784584e-05,0.0005907662547529899,False
Gabat,3.9433615,0.067574695,8.03474118692833e-05,0.0005961859623795888,False
Mrgn1,3.9416864,0.20458485,8.091075072346657e-05,0.0005996887621303295,False
CG14441,3.9385877,0.12687336,8.19626865575592e-05,0.00060714298988325,False
rhea,3.9285295,0.066960424,8.546686301466181e-05,0.0006327436883806597,False
trus,3.9218462,0.19674851,8.787306261830375e-05,0.0006501913940693297,False
Kcmf1,3.9192898,0.191499,8.881023169119452e-05,0.000656755911454129,False
Klc,3.9181838,0.13236898,8.921867369931821e-05,0.0006594052818238136,False
Rbp,3.9142113,0.15348925,9.070018369334868e-05,0.0006692257798508114,False
CG4887,3.913895,0.072796576,9.081917496613832e-05,0.0006697277094444578,False
Nol9,3.9125407,0.62868667,9.133012034658946e-05,0.0006731178415448862,False
cta,3.9106555,0.0772197,9.204598283650019e-05,0.0006780135989094446,False
wtrw,3.9022818,0.7452449,9.529011768799541e-05,0.0007011239846237109,False
CG17839,3.8989677,0.0129963625,9.660368066561286e-05,0.0007103911402500384,False
Prestin,3.8985844,0.53356344,9.67567221308493e-05,0.0007111186160634736,False
CG42855,3.8971436,0.9269797,9.733387881408122e-05,0.0007149605933459147,False
AnxB9,3.89671,0.56916946,9.750825754220614e-05,0.0007158413476883413,False
CG14408,3.8944368,0.03559449,9.842715683611683e-05,0.0007221838458868852,False
CG10418,3.8940127,0.37731162,9.859949352553046e-05,0.0007230446118409574,False
rdgA,3.8908732,0.056688953,9.988413393814476e-05,0.0007320565555388513,False
Cdc7,3.8886528,0.44282162,0.00010080222575132713,0.0007383734942018894,False
CG8924,3.8832674,0.25376752,0.00010306216793135317,0.0007545069352567755,False
CG5021,3.8700516,0.10730201,0.000108812286135212,0.0007961593831307466,False
beat-Ia,3.8655272,0.06831605,0.00011084949852326622,0.0008106139455171071,False
beat-Vc,3.8599298,0.16965432,0.0001134195734509035,0.0008289469492315479,False
Trx2,3.8576524,0.04104106,0.00011448130524539704,0.0008362417077430586,False
thoc7,3.8568828,0.14904378,0.00011484217484906139,0.0008384116776063977,False
unc80,3.8539765,0.03977377,0.00011621477286174922,0.0008479613160334516,False
CG31706,3.8447886,0.38843995,0.00012065640878286362,0.000879881169708996,False
CG10089,3.8420162,0.09975363,0.00012202780120608135,0.0008893884279806516,False
lncRNA:CR45358,3.8380861,0.7619773,0.00012399695877656375,0.0009032394874073306,False
Sfxn1-3,3.835379,0.17041035,0.0001253708453454448,0.0009127414286340666,False
CG8641,3.8347003,0.27120438,0.00012571741291153476,0.0009147577647123356,False
CrebA,3.8337612,0.793252,0.00012619866879085706,0.000917751359480162,False
Gycbeta100B,3.8333356,0.039083228,0.00012641726637801685,0.0009188325760362385,False
ReepB,3.8309467,0.11446803,0.0001276512217646519,0.0009272883942561031,False
Cdc27,3.8266237,0.1457045,0.0001299128841639617,0.0009431962490600114,False
CG34228,3.8252065,0.36229905,0.00013066253463063341,0.0009481150566433759,False
Inos,3.8236153,0.1455023,0.00013150906173034054,0.000953731004524506,False
Galphai,3.8202581,1.0330752,0.0001333120261840114,0.0009659902890601437,True
ena,3.8201945,0.069525845,0.00013334650211970934,0.0009659902890601437,False
Pop2,3.818765,0.13480943,0.00013412154606591808,0.0009710695519846995,False
CG42402,3.8153524,0.038913533,0.000135988661264028,0.0009840457035631012,False
MED26,3.8151517,0.11137837,0.0001360993425234692,0.00098430460104618,False
CG3760,3.8142982,0.31436288,0.0001365705384139228,0.0009871691118247302,False
LRR,3.8099427,0.09527342,0.0001389990517097476,0.0010041707193610737,False
TMEM216,3.8018892,0.28520915,0.00014359692296112253,0.0010364908671700954,False
CG33298,3.8018312,0.12264378,0.00014363061175837026,0.0010364908671700954,False
CG4467,3.798727,0.12300676,0.00014544115006964888,0.0010489803255023357,False
slmb,3.7925518,0.06732236,0.00014910709708491868,0.0010742414269698005,False
sordd1,3.7908378,0.10109488,0.0001501400253089373,0.0010810904507313672,False
mam,3.7885046,0.030385775,0.00015155677162503493,0.0010906941598710755,False
CG3356,3.7858753,0.40596956,0.00015316846124639678,0.0011016895179194856,False
ClC-c,3.783071,0.12657931,0.0001549052101058148,0.0011135718632387923,False
Sulf1,3.7803502,0.5324118,0.00015660787591744327,0.0011251963353915374,False
CG17508,3.7768862,0.110297695,0.00015880122745074427,0.0011403316556995796,False
temp,3.7736788,0.4059611,0.00016085790618538225,0.001154469549526001,False
chm,3.7725127,0.31656316,0.00016161175463055323,0.0011592467617904476,False
dom,3.7708178,0.08958797,0.00016271352562079194,0.0011665130606562067,False
Nelf-E,3.770597,0.20926176,0.00016285752357798747,0.0011669087880797893,False
Amph,3.7699738,0.044099335,0.0001632647399188027,0.0011691890720833711,False
cwo,3.7648559,0.09868,0.00016664524516295552,0.0011927479121385612,False
CG8405,3.764598,0.19426729,0.00016681734702277817,0.0011933297535254917,False
Start1,3.7586763,0.4182776,0.0001708146452645829,0.0012212596590978693,False
sbr,3.7563672,0.10320145,0.00017239761291077814,0.0012319070316805522,False
scf,3.7470222,0.3035033,0.0001789463014949518,0.0012773130624362638,False
Vps26,3.745292,0.17545104,0.00018018403796455246,0.0012854497518415763,False
Ubr3,3.744959,0.07235879,0.00018042322998656075,0.0012864577673648372,False
Usp10,3.7437515,0.13555956,0.00018129293391354575,0.0012912576935273196,False
Haspin,3.7400174,0.014661621,0.0001840074391368474,0.0013098817755673412,False
CG7059,3.7394817,0.54754895,0.00018440000108505865,0.001311965573502304,False
Ntf-2,3.732766,0.04476957,0.00018938857817450203,0.0013467290615752875,False
IntS6,3.7282093,0.10796493,0.00019284526751037992,0.0013705676908349932,False
Cen,3.726906,0.20604482,0.00019384466415725817,0.001376181918795532,False
Zif,3.72486,0.27421698,0.00019542368951737732,0.0013866429286975462,False
Ndae1,3.721927,0.06145427,0.00019770818658185446,0.0014020956718144358,False
Dpm3,3.719071,0.11037438,0.00019995689284731162,0.0014172780630563764,False
CG44245,3.7155313,0.41768217,0.00020277706128517882,0.001435718406437788,False
zyd,3.7123215,0.7713744,0.00020536696127495253,0.0014532726107238294,False
CG13924,3.7119594,0.09415812,0.00020566105343123044,0.0014545704537889126,False
Vamp7,3.711399,0.24193226,0.00020611678364977848,0.0014570094964721566,False
ksh,3.7083354,0.17193843,0.0002086261469651622,0.0014739549447683855,False
sns,3.705262,0.07598234,0.00021117244746969102,0.001491143004943154,False
CG7029,3.6988468,0.028793087,0.00021658126975819322,0.0015285147507478074,False
Sod3,3.6873095,0.41295364,0.00022663760638374204,0.0015977708076656406,False
Octbeta3R,3.6866317,0.044355094,0.0002272418160722073,0.0016011714235951077,False
CG4409,3.6831954,0.32203025,0.00023032852182310756,0.001622050967458444,False
RhoGEF3,3.681324,0.031206015,0.0002320260243475899,0.001633130147804863,False
nej,3.6773405,0.072985835,0.0002356784108085134,0.001657949676892224,False
Hmbs,3.6751633,0.06375613,0.00023769739967601712,0.0016710200370093774,False
poe,3.6749609,0.07211678,0.00023788582805617464,0.0016710200370093774,False
rho-5,3.6749265,0.1262233,0.00023791785170417358,0.0016710200370093774,False
CG32547,3.6716454,0.29299593,0.00024099398143932312,0.0016917211058195217,False
Dip-B,3.6711042,0.6841612,0.0002415047585603621,0.0016944015121418677,False
Rab10,3.6707065,0.16431172,0.00024188104676393807,0.0016961359848051817,False
Lam,3.6688113,0.10130783,0.00024368091950916211,0.0017078458470772796,False
Ak1,3.6669512,0.041146193,0.000245459691231745,0.0017193954170982733,False
CG34404,3.6645882,0.06483825,0.00024773680438255555,0.0017344216017001397,False
Spp,3.6644378,0.21586831,0.0002478825890875614,0.0017345181593182344,False
ras,3.6637337,0.13538973,0.00024856524364407146,0.0017383692744687295,False
Dh31,3.6633961,0.13565063,0.00024889328203609156,0.0017397375634235527,False
CG4768,3.6595156,0.048992947,0.00025269240338259756,0.001765353999389003,False
Rpn1,3.658458,0.15509921,0.00025373725750970955,0.0017717116370537158,False
Blimp-1,3.652072,0.018759524,0.00026013287687850687,0.0018154042140522883,False
lncRNA:CR45919,3.6483498,0.11609664,0.00026393022623666856,0.001840927337036126,False
Pef,3.644232,0.033894584,0.0002681914631808259,0.0018695593238532158,False
Usp30,3.644109,0.1650383,0.0002683196777100042,0.0018695593238532158,False
ova,3.6438246,0.1344492,0.0002686166020114545,0.0018706363365302194,False
nmd,3.6386392,0.12399082,0.00027408242239296125,0.0019076891486577879,False
CG15747,3.637678,0.18890856,0.00027510704644745815,0.0019138071452440696,False
dikar,3.636416,0.033534855,0.0002764577653171503,0.0019221859756786625,False
Svil,3.6355143,0.16381758,0.00027742663927752794,0.0019279024149899495,False
Rpt1,3.6350477,0.10190668,0.0002779292657859086,0.0019303744617825713,False
Tango9,3.6348174,0.14984706,0.0002781776494621683,0.0019310789707249621,False
lncRNA:CR44831,3.6335223,1.2548988,0.0002795782079198948,0.0019387531558181198,True
CG9119,3.6302779,0.6435349,0.0002831161453499537,0.0019622517225969098,False
Surf6,3.627854,0.49510917,0.0002857865926207889,0.001979716190632466,False
x16,3.62602,0.07389032,0.00028782314959026746,0.00199277345035074,False
CG10803,3.6209056,0.09220557,0.0002935737101074038,0.0020315177064356995,False
mRpS7,3.620268,0.12761925,0.00029429788383779197,0.0020354571007960127,False
Aldh-III,3.6191719,0.20205818,0.0002955472648332622,0.002043022939070962,False
scny,3.6180513,0.12097752,0.0002968296427401495,0.002050808798763567,False
PAPLA1,3.617128,0.15362896,0.00029789010945399294,0.0020570540874066848,False
bur,3.6084225,0.17328262,0.0003080643699053871,0.002126194267293431,False
lt,3.6043143,0.1452863,0.0003129779597034284,0.0021589728968308412,False
Usp47,3.6037054,0.07391175,0.0003137126314699702,0.0021629053988178795,False
CG32278,3.6018655,0.050202858,0.0003159418502032318,0.002177132592302396,False
Nplp1,3.6013634,0.065039314,0.0003165527014060406,0.0021801986630905555,False
mask,3.5960603,0.056575004,0.00032307309437155983,0.002223941085980444,False
Pi4KIIIalpha,3.5938482,0.02959461,0.0003258296577392356,0.0022417421635347093,False
snf,3.5893364,0.08782817,0.0003315206643131101,0.002279703322730811,False
path,3.5866296,0.18309155,0.00033497959455049315,0.0023022839184037814,False
speck,3.5849133,0.0746271,0.0003371901262428013,0.0023162652634378736,False
CG8929,3.5805936,0.024124479,0.0003428144302955832,0.0023536700253470526,False
SdhB,3.580189,0.060379654,0.00034334571854914423,0.0023548793911307665,False
DCP2,3.5801866,0.022538409,0.00034334897750601547,0.0023548793911307665,False
CG1598,3.5789225,0.10891395,0.0003450138861090681,0.002365063890119595,False
Spase25,3.5712407,0.16878234,0.0003552941980690159,0.00243426541023198,False
Camta,3.546848,0.030559737,0.0003898692408649963,0.002668370674066102,False
PPP4R2r,3.5374827,0.07546419,0.0004039605285721339,0.002763376005188137,False
bon,3.532252,0.098119326,0.0004120362524500865,0.0028156881921199096,False
bchs,3.530899,0.022955362,0.0004141497531994624,0.0028286600347162865,False
ND-SGDH,3.5242963,0.08685408,0.00042460927544743727,0.002898592461638843,False
Ide,3.518753,0.19367376,0.00043358000823527274,0.0029582943344858355,False
CG14024,3.5114846,0.039790552,0.0004456114162099105,0.00303880623789021,False
inc,3.5110934,0.12648402,0.0004462676319782806,0.0030411593769821515,False
Syx17,3.511003,0.14898568,0.0004464193317250263,0.0030411593769821515,False
Ack-like,3.5104833,0.07551246,0.00044729298675764257,0.0030441456789798626,False
vir-1,3.5104666,0.34393144,0.0004473210034327764,0.0030441456789798626,False
Nmda1,3.5088165,0.017738663,0.0004501051741113953,0.0030615072945123422,False
X11L,3.5009255,0.06024661,0.0004636454468414001,0.0031519735214396473,False
Chchd3,3.4967256,0.04490513,0.0004710061316638815,0.003200357588518649,False
CG5532,3.4960492,0.058874253,0.00047220165833662496,0.003206822734987901,False
Syx5,3.495658,0.2073582,0.0004728943385596712,0.0032098680284156195,False
CG14321,3.4941213,0.10230514,0.0004756246789186922,0.0032267340762367237,False
REPTOR-BP,3.48343,0.042897247,0.0004950328033953595,0.003356669798461517,False
CG3860,3.4823854,0.107767865,0.0004969679326095691,0.0033680534308521645,False
Eip63F-1,3.478558,0.010434621,0.0005041190283209563,0.003414756778951385,False
lncRNA:CR42549,3.4774034,0.3476984,0.0005062953041782001,0.0034277313715640016,False
Cdep,3.4736488,0.10237212,0.0005134323980694725,0.003474261144712121,False
l(3)mbt,3.473352,0.22668472,0.0005140007750187054,0.003476317130479057,False
SmB,3.47215,0.08517833,0.0005163074098864375,0.0034901212311304916,False
Vrp1,3.4713938,0.060807522,0.0005177642007792342,0.003498169338015381,False
CG31705,3.4705243,0.38028723,0.000519443389622892,0.003507710988198573,False
CG13921,3.4665742,0.13486244,0.0005271363800875709,0.0035578321369957727,False
Dh44-R2,3.4614134,0.5425348,0.0005373471743008533,0.0036248866619545757,False
Upf1,3.4608772,0.23544581,0.000538418289835245,0.0036302487156105465,False
lncRNA:CR30055,3.459936,0.01586576,0.0005403041060609443,0.0036410955167932666,False
Ca-beta,3.4540527,0.03021031,0.0005522296721643618,0.0037176486280286265,False
fry,3.45032,0.09039967,0.0005599224633255377,0.0037675069588125397,False
CG10395,3.448534,0.009089219,0.0005636386652024774,0.0037905709823059137,False
jus,3.4483871,0.08510119,0.0005639448825572391,0.003790690384493442,False
Fer1,3.4478543,0.383195,0.0005650586286463417,0.0037962348870355708,False
Nedd8,3.4470544,0.10913383,0.0005667345756252336,0.0038036052391681283,False
Ptp4E,3.4442925,0.14535308,0.0005725558698836142,0.0038407129587241322,False
sov,3.4435537,0.041567754,0.0005741223561961506,0.0038492560626395994,False
mab-21,3.443124,0.47338155,0.0005750355333777852,0.003853412516123139,False
mod,3.4420185,0.09893735,0.0005773905653748847,0.003867221926397227,False
JIL-1,3.4379835,0.016294062,0.0005860636218853559,0.003923312305244759,False
Rpn6,3.4372876,0.13131665,0.0005875714706464138,0.003931403612914728,False
CG1090,3.4360907,0.028856808,0.0005901733597806841,0.003946803114950621,False
TSG101,3.4352198,0.2134062,0.0005920733603717592,0.0039574954367473485,False
Nep1,3.4287834,0.44303194,0.000606292970535262,0.004050480897714224,False
mRpL40,3.427338,0.13098444,0.0006095300359311539,0.004070037704355332,False
galla-1,3.4270697,0.14873847,0.0006101324045842187,0.004071990822062579,False
Idit,3.426883,0.008228292,0.000610552082041706,0.0040727233046243955,False
nAChRbeta2,3.4248629,0.03179942,0.0006151100902010844,0.004101046014882014,False
dve,3.4228985,0.6517552,0.0006195721394920844,0.004128700550236045,False
CG42788,3.4184537,0.024628788,0.000629780304638161,0.0041945985723517865,False
Pp1-87B,3.418133,0.027984694,0.0006305227427653531,0.0041974160905164665,False
Hel25E,3.4174705,0.11491972,0.0006320594215957145,0.00420551537174141,False
Fmr1,3.4164972,0.03996233,0.0006343230971050049,0.004218441203976148,False
Cyt-c1,3.4132476,0.103007965,0.0006419360622683165,0.004266910366346964,False
Tret1,3.4102855,1.0085793,0.0006489489968432369,0.004309165622797866,True
CG13408,3.409749,0.26975933,0.0006502266380449495,0.004315468813408425,False
vib,3.4041677,0.027173435,0.0006636598628324389,0.004402399928057082,False
Ykt6,3.4008472,0.20955141,0.0006717737109505125,0.004453974942280871,False
CG31663,3.399718,0.7593119,0.0006745538170830136,0.004470152148405387,False
CdGAPr,3.3987117,0.18247041,0.0006770402345838369,0.0044843678037632066,False
Ugp,3.3981552,0.2914359,0.0006784193011000972,0.00449123830516694,False
pxb,3.393518,0.19923383,0.000690010215189523,0.004564188762434711,False
Agpat3,3.3927698,0.09045172,0.0006918977890767784,0.0045735557576750225,False
CG12237,3.3896964,0.08649458,0.0006997005107999114,0.004618880181731931,False
pns,3.389654,0.1455308,0.0006998090283713778,0.004618880181731931,False
CG4615,3.388951,0.42195028,0.0007016054540447066,0.004628412284940506,False
CYLD,3.388545,0.19163968,0.0007026450587975891,0.004632944665157611,False
Lpin,3.384958,0.02491665,0.0007118915213381264,0.0046892062565936435,False
sei,3.3792334,0.14069007,0.0007268825404141484,0.004785552837466095,False
Pgk,3.376529,0.060137298,0.0007340662264720987,0.004828010151186111,False
CG5282,3.3763497,0.06049289,0.000734544763953814,0.004828740741929499,False
Vha13,3.3739355,0.20995808,0.0007410172306606518,0.004868853714055813,False
Sgip1,3.373619,0.09783435,0.0007418693863811031,0.004872016794819628,False
CG4896,3.3733494,0.079889655,0.0007425962977500317,0.004874354619746836,False
Grp170,3.3714097,0.04510993,0.0007478455793784397,0.004904467501800753,False
CG15894,3.3712428,0.025113093,0.0007482987674393636,0.004904467501800753,False
CG14483,3.371241,0.036988296,0.0007483035797207602,0.004904467501800753,False
gb,3.368847,0.8009945,0.0007548332246134432,0.004944797310391454,False
Pak,3.3679123,0.035465162,0.0007573967926911879,0.004959118710889337,False
CG32333,3.3644557,0.07172431,0.0007669479237116688,0.005019154713891952,False
CG14669,3.3633325,0.018558845,0.000770075347573349,0.005037113062449666,False
Non2,3.3557792,0.060385782,0.0007914175149246694,0.005174138091355762,False
CG9922,3.3486323,0.19203357,0.0008121146512988105,0.005306811851177359,False
PolrMT,3.3477445,0.2705473,0.0008147208026804363,0.005321195858858655,False
GstD1,3.3461626,0.12358785,0.0008193834840311931,0.005348990742003928,False
CG1513,3.3411274,0.026004298,0.0008343889633030525,0.005441541124945614,False
Hydr2,3.338882,0.28119585,0.0008411631481892305,0.005477906718257437,False
CG18135,3.3388646,0.020695206,0.0008412157185483227,0.005477906718257437,False
CadN,3.336778,0.10014067,0.000847556055492209,0.00551646068609367,False
sip3,3.3335552,0.2642437,0.0008574363289310244,0.0055779087429619935,False
Grx5,3.3334224,0.05045619,0.0008578459454779841,0.0055779087429619935,False
Ube3a,3.3273578,0.37714398,0.0008767373664755147,0.00569510911164347,False
CG31715,3.3214178,0.07981826,0.0008956135396616018,0.005814850555678414,False
CG17528,3.3127246,0.06456378,0.000923919195768106,0.005990007431919001,False
Ddc,3.311379,0.025975564,0.00092837408131372,0.0060156626245284,False
Got2,3.3078225,0.16200383,0.0009402442007352506,0.006089575673662853,False
EMC7,3.3067598,0.09325983,0.0009438177578774174,0.006109708943973962,False
Rap2l,3.3056517,0.057276495,0.0009475584313195282,0.006130903666159488,False
YL-1,3.3034403,0.17150305,0.0009550629089556175,0.006176418152847327,False
CG31323,3.3026342,0.19769734,0.0009578121419143014,0.006188106861797362,False
His3.3B,3.3013723,0.20678273,0.0009621313817127035,0.0062129574875118615,False
CG8635,3.299195,0.11166793,0.0009696251665876444,0.0062582732387663235,False
SERCA,3.2964654,0.07446099,0.0009790965020252556,0.0063163019799282695,False
fred,3.2944853,-0.0020194782,0.000986021186133131,0.006357852996553225,False
mAChR-B,3.29394,0.1338536,0.000987935930210233,0.006367075065665852,False
caup,3.2885103,0.6890295,0.0010071912153878492,0.006487990079123396,False
twz,3.2867937,0.1923915,0.0010133506821409994,0.006524469041653539,False
mod(mdg4),3.2811782,0.016443612,0.0010337439908717566,0.006652512137142876,False
p24-1,3.2776282,0.16733873,0.0010468322430887385,0.00673344224494817,False
Lsd-2,3.2732959,0.93338096,0.0010630109796527629,0.006834162076133541,False
VhaAC39-1,3.272541,0.04345159,0.0010658542737803864,0.006849090959290003,False
CAH7,3.2716455,0.26193812,0.0010692350497310977,0.006864644379538399,False
mRpL55,3.2716234,0.032716166,0.0010693194616022451,0.006864644379538399,False
RhoBTB,3.269552,0.14322701,0.0010771792281704265,0.006911724725286902,False
dpr16,3.2679963,0.21349071,0.001083117897504441,0.0069464384046392675,False
hfp,3.2651515,0.09314026,0.0010940552092143715,0.007013160733798076,False
MBD-like,3.2642534,0.135803,0.001097529610626775,0.007032002249266919,False
RpL22,3.263146,0.101401664,0.001101828069335173,0.007056102660396447,False
Alg-2,3.2623606,0.06399301,0.001104884641155612,0.007072230428361373,False
CG14764,3.2618601,0.17303933,0.001106837711234885,0.0070812825527447045,False
CG9121,3.261583,0.08191542,0.0011079199753185737,0.007084757370151522,False
mgr,3.258447,0.124561556,0.0011202378919484776,0.007160041895960576,False
CG10527,3.2577806,0.19718453,0.0011228719359982402,0.0071733884836912365,False
AnxB11,3.2567055,0.65070134,0.0011271326443440682,0.007192975662682761,False
Inx2,3.256593,0.35273868,0.00112758008257564,0.007192975662682761,False
Pdzd8,3.255975,0.16995963,0.0011300368787705373,0.007205150229948389,False
Slik,3.250336,0.021274226,0.001152687713687376,0.007346008363513971,False
Lamtor5,3.2449965,0.065502904,0.0011745206317136177,0.0074783789951234775,False
Prp6,3.2449782,0.2916971,0.0011745966247572375,0.0074783789951234775,False
ths,3.2429564,0.019293627,0.0011829630565052417,0.007527998801712049,False
Scgalpha,3.2415621,0.1374888,0.001188764798827164,0.007561257609577814,False
Hs3st-A,3.2413056,0.13276146,0.0011898351196483116,0.007564404115770906,False
RhoGAP68F,3.2351384,0.12348862,0.001215838224652386,0.00772598167802563,False
Lsm12a,3.233955,0.04864116,0.0012208872480472196,0.00775431576925496,False
bc10,3.2335577,0.058041856,0.0012225861813203235,0.007761355076681338,False
Snrnp48,3.2321892,0.44754612,0.0012284574983488623,0.007794862378465668,False
SelG,3.2209795,0.14516598,0.001277532730191765,0.008102344405139954,False
GramD1B,3.2175496,0.027159475,0.0012929071820877926,0.008195896420557493,False
Snx17,3.2167647,0.09080906,0.0012964487590954798,0.008214384350662343,False
CG9143,3.2159722,0.35590953,0.0013000345978413292,0.008233134771196582,False
BuGZ,3.2135303,0.0069584236,0.0013111398749990758,0.008299464883122764,False
dsh,3.2063308,0.4509759,0.0013443936462056167,0.00850586273701878,False
Eaat2,3.20607,0.020406673,0.0013456125889019595,0.008509477878133132,False
CG4168,3.2051597,0.07857028,0.0013498752900920309,0.008532328613323415,False
snz,3.2018983,0.19005899,0.0013652514924970731,0.008622614464326515,False
Galphaq,3.2000623,0.010201259,0.001373978513390818,0.00867216697620977,False
lncRNA:CR45223,3.199284,0.20685458,0.0013776939946427529,0.008691443487086134,False
CG3918,3.1982522,0.19203179,0.0013826329372382793,0.008718416232364792,False
CG42673,3.1961188,0.13887072,0.0013928967732291602,0.008778923979378607,False
Lamp1,3.194117,0.022449587,0.001402592030593374,0.008835791885919238,False
CG12155,3.1905239,0.3058148,0.0014201516982403175,0.008942124325144232,False
side-II,3.190339,0.03835628,0.0014210591977316751,0.008943553121356295,False
Sms,3.1898332,0.049025405,0.0014235492891323325,0.008954935954278593,False
Chd1,3.1894517,-0.0039350926,0.0014254299805209845,0.008962476255514955,False
Mkk4,3.1884737,0.016471038,0.001430260040781377,0.008988544809138247,False
CG2186,3.1855755,0.05977415,0.0014446639804338247,0.009074727230822605,False
CG14982,3.184627,0.025567878,0.0014494067981839743,0.009100169486352417,False
vkg,3.1816335,0.84679466,0.0014644701041695734,0.009181584751379944,False
scu,3.1808486,0.35534808,0.0014684429175787256,0.009202102231712939,False
SCAR,3.1784048,0.024475189,0.0014808788509151649,0.009275609618625443,False
CG8209,3.174635,0.22004014,0.0015002513831708405,0.009388471574305,False
Ubc10,3.1746204,0.05575781,0.00150032648246256,0.009388471574305,False
Den1,3.17417,0.07565424,0.0015026562790552045,0.009395181814578539,False
Ufm1,3.1741366,0.21428691,0.0015028287173155838,0.009395181814578539,False
dpr11,3.1736789,-0.0011585786,0.0015052006741805965,0.009405535929342472,False
PTP-ER,3.17183,0.0481005,0.0015148172780286193,0.009461128255976278,False
PXo,3.1659894,0.16750677,0.0015455638402616333,0.009643995453408416,False
Gs1,3.163242,0.01477746,0.001560224744165625,0.00973085589135286,False
Vav,3.1625924,0.1562107,0.0015637110615996344,0.009747972988842883,False
EMC6,3.1600368,0.14454143,0.0015774922128012647,0.009829220089341593,False
CG13229,3.159865,0.42356205,0.0015784228537431737,0.00983035768769623,False
CG9346,3.1597002,0.14881097,0.0015793155923621517,0.009831258265860274,False
CG5191,3.1593678,0.22987624,0.0015811178433869355,0.009837817035960095,False
CG5196,3.1557784,0.4397984,0.0016007043367446197,0.00995026286147637,False
lncRNA:CR46348,3.1521835,0.13540469,0.001620543455606033,0.010068823427952189,False
CG16953,3.1517801,0.0983907,0.0016227846869598273,0.0100779837293663,False
Toll-7,3.147339,0.059222497,0.0016476371980793597,0.01022749193196073,False
Ssb-c31a,3.1469157,0.03823158,0.0016500248488927093,0.01023747711959353,False
CG4911,3.1459415,0.0034810018,0.0016555315413058493,0.01026412300099966,False
eIF5B,3.1457732,0.009522895,0.0016564844081344544,0.01026412300099966,False
CG4645,3.145604,0.22268958,0.0016574438024595753,0.01026412300099966,False
Kaz,3.14371,0.2568711,0.0016682066347409952,0.010325908331197087,False
Nurf-38,3.142598,0.041522477,0.0016745573394722996,0.010355462587296702,False
CG5079,3.141568,0.13356696,0.001680458499937252,0.010387067331926354,False
mRpS26,3.1354501,0.08429204,0.0017159062940833535,0.010601186934908016,False
Gapdh2,3.1298647,0.110445544,0.0017488677330973813,0.010799751353680774,False
vig2,3.1260455,0.04492861,0.001771742072747262,0.01093586781492333,False
kuk,3.1247327,0.089857444,0.00177966709364432,0.010979626890882633,False
CG13893,3.11418,0.19243675,0.0018445690155203538,0.011374697997631614,False
zetaCOP,3.1113598,0.07998734,0.0018622790790388808,0.011473022226041964,False
Pdi,3.1112244,0.051585026,0.0018631328993511567,0.011473022226041964,False
XNP,3.108948,0.010896981,0.0018775476173960698,0.011556371541078104,False
CG9257,3.1045728,0.20021106,0.0019055410929661606,0.011717695602558875,False
CG9344,3.0984938,0.28417525,0.0019450700942403253,0.011938424151523642,False
CG17272,3.0979993,0.073921494,0.0019483193131950485,0.011952784357934702,False
GABA-B-R2,3.095151,0.020170726,0.0019671274255519595,0.012062539197003407,False
Epac,3.094854,0.0013462264,0.0019690975799892593,0.0120687810994598,False
CG4049,3.0947208,0.17755783,0.001969982151916998,0.0120687810994598,False
Setd3,3.0929627,0.3366996,0.0019816898992207725,0.01213484947141667,False
Gadd45,3.0919085,0.26218045,0.001988742320528892,0.012172362754573902,False
Ripalpha,3.0909736,0.20068927,0.001995013013712282,0.012205058665359916,False
CG7407,3.0874102,0.02912623,0.0020190883742295315,0.012346598569451033,False
CngA,3.0790718,0.64042044,0.0020764659025653037,0.01269155275609798,False
Mtl,3.0778959,0.23366794,0.00208467712546088,0.012729898747993228,False
cerv,3.0777192,0.32428613,0.0020859142263336392,0.012731536854737739,False
axed,3.077385,0.099271014,0.002088253913097912,0.012739900033435312,False
CG30022,3.071866,0.4168131,0.002127252078005844,0.012965779015340814,False
kra,3.066314,0.068747245,0.0021671558768818692,0.013202872219798167,False
Sar1,3.0660455,0.01844456,0.0021691034196004997,0.013208613548178946,False
CG10226,3.0654044,0.9699892,0.0021737578004710767,0.013230825037512932,False
CG14200,3.0649445,0.097105525,0.0021771030674613153,0.013245051578476455,False
asRNA:CR45621,3.0589094,0.5748774,0.002221443411501798,0.013502307063156858,False
Naprt,3.0566187,0.19685131,0.002238487673841105,0.01359961466571704,False
Motor,3.0559182,0.0045589088,0.0022437236921755968,0.013625126173234529,False
comm,3.0548384,0.103325434,0.002251818209446691,0.013662477327403182,False
prd1,3.0548203,0.020601738,0.002251953876505235,0.013662477327403182,False
Smg6,3.0540812,0.16013312,0.0022575093469700542,0.013686973705119268,False
RhoGEF2,3.054006,0.10243945,0.0022580746512973573,0.013686973705119268,False
Sln,3.0507338,0.11257514,0.0022828289911745866,0.013830638899504493,False
Sox21b,3.0476644,0.0999374,0.00230627326252617,0.013960315327768634,False
hyd,3.0476534,0.08206827,0.0023063575509158895,0.013960315327768634,False
puf,3.0433264,0.050396852,0.0023397848379855964,0.014156129169414697,False
CG6686,3.0418959,0.057260606,0.0023509313953397224,0.014217022303800871,False
c11.1,3.0407598,0.25055695,0.0023598208727061806,0.014264216231937405,False
CG14853,3.0380104,0.0058538695,0.0023814582822221696,0.01438177540748232,False
Pde8,3.037425,0.0736855,0.0023860879817647557,0.01440311537361996,False
CG10555,3.0371869,0.049471315,0.002387973605791846,0.014407879317589831,False
Teh1,3.0360746,-0.0018823746,0.002396799684104854,0.014454495020111008,False
Ufc1,3.034532,0.10966484,0.002409091477349258,0.014521959221947984,False
SP1029,3.032185,0.2848274,0.002427902414572583,0.014628640820677812,False
Surf4,3.0299354,0.10392727,0.0024460613524640916,0.014731297998501662,False
CG42750,3.0274682,0.037934884,0.0024661160740933144,0.014845273169793973,False
Syx16,3.0269027,0.12810479,0.0024707339916775956,0.014866261623001503,False
CG14621,3.0263085,0.5522747,0.0024755948008420865,0.014888691660350508,False
CG32276,3.0226274,0.03147034,0.002505905914298059,0.015064094062118385,False
Tsr1,3.0187187,0.63629425,0.0025384612702152734,0.01525282101138496,False
l(2)05714,3.0183332,0.3614545,0.0025416928177947862,0.015265258372322342,False
sigmar,3.0173557,0.10532014,0.00254990439887145,0.015307580495920388,False
mRpS16,3.0155828,0.06627109,0.0025648596850760467,0.01539032927926225,False
Rab14,3.0125952,0.038764518,0.0025902416841224085,0.015535539010065071,False
Ankrd11,3.0093544,0.11207209,0.002618035519693548,0.01568826591292032,False
CG15628,3.0093477,0.10150117,0.0026180935352738952,0.01568826591292032,False
Nt5a,3.007421,0.19694911,0.0026347465948363584,0.015780859162600087,False
CG5554,3.004125,0.05662021,0.0026634572013877087,0.015945554024344364,False
pdgy,2.99097,0.81254274,0.002780929994390971,0.016633682774825558,False
CG5098,2.9904997,0.12619692,0.0027852146626770923,0.0166517315205822,False
Ythdc1,2.9897697,0.011771165,0.002791878015459565,0.016683978627173322,False
mRpL42,2.986098,0.09061512,0.0028256199368897833,0.01687794163212211,False
Dip-C,2.9832463,0.24727242,0.0028520839518799434,0.017028275879897473,False
Dark,2.9820926,0.20612228,0.0028628533722554533,0.01708481206394592,False
Atg3,2.9808533,0.089446664,0.0028744645785128337,0.01714631821436094,False
ZnT49B,2.9805639,0.14257023,0.0028771827011658526,0.017154744952822355,False
aux,2.9750633,0.1955323,0.0029292816204100334,0.017457455679731632,False
MRP,2.9722803,0.09925159,0.0029559681919368577,0.017608512243990137,False
Gp93,2.9702995,0.19249721,0.0029750945652147654,0.017714416711140567,False
Rab7,2.9644797,0.02120787,0.0030319518921791307,0.01804478252496647,False
Afti,2.95974,0.059055243,0.0030789891948792537,0.018308143443397408,False
bru1,2.9584913,0.09384859,0.003091489888246167,0.01837416038961686,False
aay,2.9574125,0.20175052,0.0031023286750961722,0.01843024462904105,False
CG34150,2.9535444,0.0856382,0.0031414735300612983,0.018654362249677144,False
CG15019,2.9518027,0.21588191,0.003159247320262248,0.018751431362044355,False
HP1b,2.9507172,0.13930625,0.0031703715269087757,0.018803939359805847,False
Dlip3,2.9506066,0.10551491,0.0031715062795291227,0.018803939359805847,False
Pect,2.9505208,-2.4557557e-05,0.003172386695128952,0.018803939359805847,False
CG18598,2.9492776,0.344992,0.0031851777791025277,0.018871244903149825,False
eRF1,2.947923,0.12895194,0.0031991669504011053,0.0189455849009558,False
CG6282,2.9469054,0.054707263,0.0032097130168651598,0.018999476916497775,False
CG11790,2.9459276,0.27645737,0.0032198776581669757,0.019051063622679977,False
Ddr,2.944883,0.11918892,0.0032307670639420264,0.01910549130264682,False
Pisd,2.9447665,0.3214757,0.0032319844125853346,0.01910549130264682,False
spri,2.9426353,0.20567757,0.0032543146011228463,0.019228843603127394,False
scrib,2.9423945,-0.005356856,0.0032568478684107524,0.019235163073611547,False
drpr,2.942032,0.09367639,0.0032606623301535942,0.019249040287757584,False
Iswi,2.9398887,0.1568658,0.003283300553246532,0.019373979600454727,False
CG12730,2.9358635,0.26073477,0.0033262061712137077,0.019618346183087672,False
kek2,2.935505,0.033422515,0.003330052722445583,0.01963222199446272,False
CG1265,2.9350042,0.15459552,0.003335430227920093,0.019655107006770377,False
nkt,2.9311635,0.3851933,0.0033769481900437605,0.01989084543494624,False
CG6180,2.9267294,0.09760846,0.003425466411371702,0.020158555356845295,False
stj,2.9259243,0.0010097559,0.0034343461816012458,0.02020176507270455,False
CG10365,2.922885,0.4978288,0.003468046322451068,0.020390871017149658,False
qtc,2.922721,0.020333307,0.003469873829314313,0.020392491945894178,False
Dif,2.9215932,0.35368192,0.0034824611883766416,0.02045731894343203,False
Magi,2.9206607,0.57442445,0.0034929009579764505,0.020509477877019008,False
CG2818,2.9196906,0.35811812,0.0035037913909789983,0.020564235225035737,False
CG16985,2.9179945,0.45399168,0.0035229060095940006,0.020667191014319092,False
HPS1,2.9158106,0.20365502,0.003547658762005757,0.02080170176026805,False
RabGGTb,2.9156926,0.15960786,0.0035490004829557085,0.02080170176026805,False
mir-990,2.913459,0.98236805,0.003574487758289766,0.020941749278504597,False
Got1,2.907952,0.063132994,0.0036380415021403057,0.021282126272644995,False
SMSr,2.907864,0.24917139,0.003639063825784438,0.021282126272644995,False
raptor,2.90732,0.009687147,0.003645401458714771,0.021309706658794843,False
CG9368,2.901627,0.021851676,0.003712303276009144,0.02169114155181688,False
CG32772,2.901287,0.010159593,0.0037163313109966427,0.02170502655902528,False
CG3625,2.899264,0.020183763,0.0037403970761231025,0.02183587648926419,False
eas,2.8944852,0.030014683,0.003797808048836807,0.022161188086041065,False
CG2182,2.891332,0.02210208,0.0038361277353706324,0.02237485777652263,False
CG12056,2.8889053,0.36790648,0.003865855491941249,0.022538246237621986,False
CG13409,2.8840144,0.194002,0.003926407941584991,0.022880320699567646,False
jing,2.8838859,0.047644097,0.003928011833058718,0.022880320699567646,False
CG42239,2.8827345,0.56149864,0.0039423938429825715,0.022953920022434193,False
Pde1c,2.8782969,0.022787815,0.003998285568026958,0.023269030402764505,False
Oatp74D,2.8780377,0.8330064,0.004001574198276003,0.023277860353937564,False
Adk2,2.874592,0.15319549,0.004045499013541328,0.02352296572431265,False
shn,2.8742285,0.08435368,0.004050158569059112,0.023539643412651835,False
Tpr2,2.8716767,0.012188871,0.0040830036413555,0.02372004900577039,False
MTA1-like,2.8686626,0.08711184,0.0041221115355302715,0.023936662699250242,False
Wnt4,2.8616488,0.1397197,0.0042144356409061735,0.024461969415701425,False
CG3078,2.8602192,0.08906667,0.004233482543964707,0.02455876452000417,False
RhoGAP1A,2.8601167,0.08006321,0.004234849737640168,0.02455876452000417,False
Rpn7,2.8577116,0.2372295,0.004267082382206401,0.024734772644276277,False
Ctl1,2.8563015,0.5502208,0.004286077030715748,0.024833923395341996,False
lncRNA:CR45312,2.8554268,-0.014427591,0.004297901871283028,0.02489146253438972,False
Syp,2.8536437,0.12161178,0.004322098196056827,0.025020569336732496,False
CG14683,2.8521783,0.2960586,0.004342074538598533,0.025114085172413435,False
Syn1,2.851508,0.007491201,0.004351240525155563,0.025156028042705347,False
Nos,2.8495965,0.042352967,0.004377473553708736,0.02529656111226319,False
Tango11,2.8417783,0.06605516,0.00448626765642426,0.025907920246747658,False
foxo,2.8330107,1.0141996,0.004611184979656231,0.026600343203539302,True
Wnt5,2.8309216,0.200168,0.004641408748029878,0.026762945308407473,False
CG8248,2.8277433,0.09090529,0.004687739618684389,0.027018239618040157,False
CadN2,2.8241909,0.038412903,0.00474001418156779,0.027307552108716496,False
myo,2.8221838,0.13206159,0.0047697836718567236,0.02746701456260701,False
Snx6,2.8195014,0.099651426,0.004809833335885081,0.02768551023515806,False
CG4789,2.8181655,0.06762355,0.004829889446390653,0.027788781617784402,False
CG7991,2.816537,0.20656799,0.004854447506695965,0.027917853254044497,False
Lerp,2.8140593,0.044503912,0.004892022146313052,0.028121637368635093,False
mRpL52,2.8114989,0.084826246,0.004931124936829604,0.02833402395928195,False
Trxr1,2.8106363,0.035482097,0.004944365244909571,0.028397685176292254,False
Men-b,2.80802,-0.004068678,0.0049847125478926285,0.028616910262934482,False
Vps60,2.8073287,0.061548017,0.0049954227180346485,0.028665873335237256,False
tutl,2.8043356,0.1619921,0.005042039215606918,0.02892074959942842,False
AstC,2.7942684,0.5671724,0.005201729212874776,0.029823701390221394,False
CG14073,2.790613,0.009194861,0.005260833515115454,0.030147095083033523,False
CG10576,2.7896676,0.084135674,0.005276216425628657,0.030211224422303347,False
mRpL49,2.7862408,0.090722255,0.0053323235769304885,0.030505905147776905,False
U4-U6-60K,2.7842047,0.14994228,0.005365916506814,0.030684729684962043,False
Arl6IP1,2.781454,0.023097241,0.005411596963932484,0.03093249051893726,False
dock,2.7773612,0.037773296,0.005480223483655022,0.03131113773856985,False
rogdi,2.7771342,0.1350794,0.005484054350933873,0.03131940818149588,False
CG4593,2.7764843,0.50282115,0.005495028408877541,0.03136844844529095,False
Gdh,2.7739553,0.025231905,0.005537928814493639,0.031599618997507996,False
Kat60,2.7711067,0.3068165,0.005586612145219159,0.03185955785163812,False
mld,2.7710063,0.21221954,0.00558833276371858,0.03185955785163812,False
gek,2.7707372,0.12968889,0.0055929558724501114,0.03187208721590066,False
CG32225,2.7684045,0.1556642,0.005633151260143905,0.03208723047661511,False
CG12236,2.7649636,0.114948556,0.0056929127576581,0.03241359035891902,False
mRpL2,2.7617145,0.06480311,0.0057498754921925166,0.03272373921303676,False
Ar1,2.7614326,0.14886434,0.0057548375077214374,0.03273780073115472,False
Glyp,2.7611978,0.03623692,0.0057589785939788874,0.032747182043910236,False
CG34125,2.7602348,0.03300614,0.005775983275699626,0.03282966964791037,False
Syx1A,2.7593856,0.15884173,0.005791017232990337,0.032900889519552966,False
Rs1,2.7565854,0.30120435,0.005840835015225979,0.03315525396763913,False
Picot,2.7547693,0.72725236,0.005873353771827178,0.033325449877193845,False
Cul2,2.753252,0.07013038,0.005900643290887053,0.033450624636318864,False
und,2.7531185,0.069837905,0.005903051406409211,0.033450624636318864,False
Efa6,2.752207,-0.0074542747,0.005919510300903226,0.033529433131107456,False
CG11360,2.750635,0.0005211547,0.0059479899572368366,0.033659685845065616,False
CG42663,2.7506006,0.09709707,0.005948613945462947,0.033659685845065616,False
mPges2,2.7505138,0.14382578,0.005950190260869601,0.033659685845065616,False
CG42404,2.7489855,0.013578364,0.0059780015541853046,0.03380246059533093,False
CG14562,2.7481837,0.18413956,0.00599264074189482,0.033870663221178425,False
vap,2.7460566,0.13094886,0.006031636852890341,0.03407641439545656,False
Ets65A,2.744427,0.014530775,0.006061661922413143,0.034231327598810105,False
beat-IIIb,2.7439163,-0.0051213037,0.006071103862859038,0.03426992090284821,False
eEF2,2.7416584,0.06930437,0.006112985308639846,0.03447671242095975,False
CG10631,2.7415133,0.04859348,0.006115689017873353,0.03447716404284587,False
Cap-G,2.7383277,0.5270104,0.00617525079552564,0.0347980148816477,False
mRpS22,2.7325644,0.16174932,0.006284335272062712,0.035397535280829874,False
pst,2.732357,0.9031035,0.006288297327743099,0.03540467659977381,False
CG43707,2.731497,-0.003809822,0.0063047306800401905,0.035481998229725115,False
Pax,2.730925,0.30336744,0.006315680553944895,0.035528406746314155,False
Hpf1,2.7265055,0.42991465,0.00640088701463529,0.03599232189102368,False
CG3040,2.726036,0.18328996,0.0064099982244552565,0.03602813801007978,False
Sarm,2.7245672,0.43744862,0.0064385831477030125,0.03617333097219551,False
HP1c,2.7234335,0.19012457,0.006460724162210461,0.036282212057952,False
Spase12,2.722793,0.06320175,0.006473257154171961,0.036321550923558384,False
atl,2.7216165,0.069221415,0.00649634799617158,0.03643555655898025,False
SCCRO,2.719284,0.062307198,0.006542338568561963,0.036677846044996916,False
Ugt35B1,2.7151167,0.39493236,0.006625240541011563,0.03712677439208228,False
hpRNA:CR18854,2.711888,-0.019152654,0.006690119704969614,0.03747436617348922,False
Uba1,2.7075036,0.021007486,0.006779136701723416,0.037956810991626504,False
Hsf,2.705991,0.028731035,0.006810090924576581,0.03811388621799866,False
smg,2.70459,0.07858209,0.006838874340839529,0.03824240328211585,False
SelR,2.7030547,-0.0014424801,0.006870542204024522,0.03840314551386059,False
Ilp2,2.7009552,0.69583863,0.006914065857108465,0.0386299912535129,False
PheRS-m,2.7005496,0.12310742,0.006922503833291898,0.03866069820369267,False
Slip1,2.6971333,0.004519706,0.00699392745112459,0.039026412159332585,False
trbd,2.6962507,0.16687946,0.007012486917880242,0.03911336612388126,False
Pep,2.6948984,0.055640038,0.007041011712190358,0.03925580607123186,False
par-6,2.6926491,0.09189695,0.007088681700113172,0.03950482028040169,False
TM9SF4,2.6913655,0.12639755,0.007116018135339836,0.03964035367380279,False
axo,2.689678,0.38126555,0.007152100138467073,0.039807601829561966,False
nAChRalpha1,2.6829894,0.042790107,0.007296730881261101,0.04055829882500846,False
Trim9,2.6829557,0.06982613,0.007297465297112973,0.04055829882500846,False
stmA,2.6828706,0.00051604223,0.007299320958918272,0.04055829882500846,False
Ankle2,2.6809485,0.33183244,0.0073413797572258995,0.04077475544788907,False
CG18428,2.6799784,0.028556267,0.007362689299756136,0.04087583442674077,False
Sodh2,2.6761398,0.74128485,0.007447554314910308,0.04131207735425765,False
Rpn9,2.664575,0.117533565,0.007708566778635752,0.042723861677795204,False
CG4297,2.6631114,0.05430523,0.007742177970023733,0.04289205763241225,False
Ac13E,2.66285,0.16442436,0.007748196391102196,0.04290731090411882,False
Gucy2d,2.6621807,0.029443838,0.007763620368564174,0.04297461468546833,False
Hmgs,2.6610336,0.25651214,0.007790114950679058,0.04310025620118091,False
Snoo,2.6609144,-0.025662806,0.0077928779190324805,0.04310025620118091,False
CG17385,2.6593232,0.0568459,0.007829782272453815,0.04326794316329503,False
CG17029,2.65902,0.20169617,0.007836834107845905,0.04328870828549938,False
CG10283,2.658363,0.14228283,0.00785212710299105,0.043354958932943444,False
CG10600,2.6574988,-0.0031165155,0.007872286273846871,0.04344801088812336,False
Psa,2.6568317,0.19144279,0.007887881613563923,0.043515807004132455,False
Cyp4g15,2.6556997,0.410836,0.007914406492437328,0.043643816918639916,False
CG3335,2.6545851,0.2980609,0.007940602605632747,0.043769907231803656,False
CG6923,2.654317,0.32799047,0.007946917572593557,0.043786349610671675,False
Etfb,2.653824,0.2518714,0.007958533155107419,0.04383197158058113,False
CG4686,2.652113,0.032766983,0.007998975952933892,0.044036255968791065,False
CG16952,2.6485922,0.064044885,0.008082777630850389,0.04447897020393842,False
Dp1,2.6481867,0.038612846,0.008092484081714884,0.044513743540316154,False
CG34155,2.6471984,0.024995055,0.008116170808714069,0.04462535589845673,False
GILT1,2.6450639,0.5788728,0.008167552559804706,0.04488908748991787,False
Usp1,2.644061,0.057011034,0.008191787396808148,0.04500346077820062,False
DENR,2.6369739,0.091882385,0.008364926933644396,0.04591625097536383,False
CG7523,2.636067,0.3636806,0.00838732012536785,0.046019947293302256,False
PIP4K,2.6338603,-0.004804294,0.008442022621708642,0.04630075929543959,False
Gmppb,2.6262121,0.21550724,0.008634097150045456,0.04733444749634849,False
Tudor-SN,2.625414,0.14113626,0.008654368022964968,0.04742579240608116,False
koi,2.6239135,0.103334956,0.008692586666713121,0.04761537365038646,False
Sou,2.6194408,0.37072763,0.00880740815537087,0.04822422940405358,False
Srpk79D,2.6190488,0.07579396,0.008817532042606668,0.048259553757556944,False
Droj2,2.6180882,0.008441603,0.008842391454905117,0.04835533337865507,False
mmd,2.6165268,0.12768707,0.008882936540671856,0.048548499623005906,False
CG7556,2.6164436,0.16591832,0.00888510323364502,0.048548499623005906,False
bigmax,2.6161945,0.21798135,0.008891587691321413,0.04856373809295706,False
Tim17b,2.615775,0.014411365,0.008902518438776628,0.04860323838968162,False
Plp,2.6130383,0.13700417,0.00897412181852427,0.04897381014004462,False
Timp,2.6122887,0.5454271,0.008993827196981406,0.049060972683907286,False
SsRbeta,2.6092608,0.14731635,0.009073806073237533,0.04947671602008897,False
Uev1A,2.6080303,-0.00492464,0.009106489650669071,0.04961375642597109,False
CG15445,2.6013963,0.59488314,0.009284514025046993,0.05054175592507976,False
CG14411,2.6004372,0.07749975,0.009310507011059989,0.05066226610034755,False
bbx,2.600023,0.8161633,0.00932175196956547,0.050702459698700256,False
Dref,2.5997608,0.2413465,0.009328876511235163,0.05072021772202784,False
CG2200,2.59863,0.23541687,0.0093596640250411,0.05086656118819896,False
Tango10,2.5956647,0.06147529,0.009440815620789174,0.05126518928627708,False
sw,2.5908363,0.14456983,0.009574305754388487,0.05196280283842012,False
CG3164,2.5907323,0.46894193,0.009577194161376876,0.05196280283842012,False
Sec61alpha,2.5893712,0.13725232,0.009615140721596497,0.05214715816033824,False
TfIIA-L,2.5874367,0.08185327,0.009669298508301418,0.05241924574983042,False
whd,2.5871637,0.47691453,0.009676957983376,0.05243913602455423,False
CG34133,2.5797343,0.22186455,0.0098876343219407,0.05355869852622537,False
Kank,2.5762148,-0.0026136213,0.00998886068182383,0.05406244572481341,False
Duba,2.5759156,0.046979636,0.009997503344767771,0.05408694584338958,False
mle,2.5722616,-0.00421342,0.01010364891998418,0.05459377074733228,False
Iqsec,2.570388,-0.009641235,0.010158463401152012,0.05484344733460232,False
CG42709,2.5701907,0.30678564,0.010164252550863912,0.05484344733460232,False
CG8726,2.5701504,-0.012392149,0.0101654377658112,0.05484344733460232,False
Als2,2.5692441,0.20884092,0.010192064702438913,0.05495852369911767,False
Tsp42Ee,2.568599,0.055765603,0.010211057816781405,0.05503835552515359,False
Dh44-R1,2.5672798,0.28506488,0.010249986968094343,0.0552255345419138,False
Glut4EF,2.5645914,0.121547125,0.010329739338556732,0.05563241993769427,False
CG34417,2.5642579,0.6845851,0.010339667948121703,0.05566307927335817,False
CG10550,2.5635173,1.0633115,0.01036175018616008,0.055759115150012126,False
dbo,2.562993,-0.006635151,0.010377412741132516,0.05582054065952615,False
TORIP,2.5605247,0.34341225,0.010451426526942264,0.056195661207261986,False
shv,2.5600462,0.28344792,0.010465822424144157,0.056250050092301995,False
SmE,2.5596728,0.07940937,0.010477074148119245,0.05628750260851799,False
Vps24,2.557772,-0.012807112,0.010534513886640607,0.056572965665853785,False
SelT,2.5566957,0.019023674,0.010567163946232116,0.05672512312803767,False
NTPase,2.555248,0.17235845,0.0106112190195663,0.056938354077631995,False
CG1907,2.5522938,0.12990883,0.010701626052792047,0.057400027738669514,False
CG13631,2.549639,0.013737934,0.010783454560366917,0.0578153310394866,False
CG17078,2.5487783,0.19552293,0.010810099971767387,0.05793455290742057,False
CG5087,2.5484233,0.16834998,0.010821108655833255,0.05796990984358125,False
Pdf,2.546486,0.7088368,0.01088135974593597,0.05826892763705973,False
ltl,2.544635,0.60922015,0.010939200548392859,0.05855480016555216,False
CG31688,2.5420263,0.0054757386,0.011021188553138307,0.058969641195761605,False
Dic1,2.5418606,0.049219128,0.011026418203005563,0.05897361074712907,False
puml,2.5392935,0.14762896,0.011107658931840025,0.059383948748295265,False
CG5149,2.5350292,0.050376885,0.011243798676676678,0.06008733566905581,False
cin,2.5331073,0.21135035,0.011305632646465552,0.06039321894601781,False
PICK1,2.532428,0.20765002,0.011327558681141655,0.060485757264885205,False
CG2991,2.5261087,0.069561504,0.011533377821910286,0.061559755466175085,False
Usp15-31,2.5239174,0.09357177,0.011605520948302554,0.06191967145011931,False
RasGAP1,2.5158556,0.0658563,0.01187438639005221,0.0633284543635049,False
grn,2.5147274,0.4490335,0.011912446336363245,0.06350566219316406,False
CG4766,2.5137024,0.44299933,0.011947121560797752,0.06366468955005809,False
mRpL37,2.5122576,0.25388965,0.01199615205520199,0.06390005438079017,False
CG14186,2.5119255,-0.0017509625,0.012007442937511227,0.0639342818646009,False
Hgsnat,2.511574,0.13125065,0.012019406837082434,0.06397206368817346,False
Idh3g,2.5108356,0.007595586,0.012044575097559454,0.06405413247957457,False
Uck,2.5021,0.111435555,0.012345908126037171,0.06552406247344687,False
ATP8A,2.501555,-0.018523246,0.01236492415074004,0.06559849344564993,False
CG9399,2.4975362,0.13522442,0.012505973492798425,0.06632001520131724,False
TER94,2.4961214,0.027945852,0.012555964133977077,0.06655825925155012,False
ND-B17.2,2.4929407,0.062458135,0.012668998823392822,0.06713036836217946,False
CDK2AP1,2.4898558,0.21602966,0.012779493358341342,0.06763404036325557,False
Ppa,2.4896479,0.028949257,0.012786973164515056,0.06764638259053637,False
CG6357,2.4892297,0.36220136,0.012802020954286725,0.06769873535625023,False
Octalpha2R,2.4889789,0.0062660994,0.012811057148097145,0.06771926869796645,False
CG13999,2.480183,0.16735622,0.01313150079405651,0.0693573359866144,False
MESR4,2.4786155,-0.020880016,0.013189342151130988,0.0696348514294947,False
CG16974,2.47731,0.00864272,0.013237693341793201,0.06983401373123423,False
lncRNA:CR44922,2.4747405,-0.018705068,0.013333305299317661,0.07031017854668274,False
CG13148,2.4721034,0.2738608,0.013432069679814867,0.07080257828417456,False
Ask1,2.4683456,0.3632782,0.01357392219799064,0.07146466124885172,False
CG6693,2.4679525,0.15144579,0.013588830946563058,0.07151414796507215,False
Syx8,2.4677231,0.120468885,0.013597548974537885,0.07153138153498893,False
san,2.4655645,0.06662815,0.013679751084358586,0.07193501760686521,False
firl,2.4621785,0.5362433,0.013809592547383774,0.07257090169622382,False
KaiR1D,2.4621232,0.19596256,0.013811720960524753,0.07257090169622382,False
CG42784,2.4601498,-0.01304366,0.0138879062871616,0.07294203697825363,False
Bx42,2.4585798,0.06501374,0.013948777335140253,0.07323247421537278,False
CG11586,2.4582918,0.078292064,0.013959971492640399,0.07324161668921778,False
Pten,2.4582481,0.07572956,0.01396166576413443,0.07324161668921778,False
Pcif1,2.4569223,0.09611429,0.014013297024250235,0.07348313495437843,False
CG12316,2.4556334,0.1341508,0.014063654813120467,0.07368839230431262,False
EMC3,2.454303,0.09504804,0.014115799570073789,0.0739321331806854,False
Rpn13,2.4493277,0.06986253,0.01431231245902689,0.07493151315700095,False
Trabd,2.4480016,0.02802469,0.014365100131961952,0.07516477817780177,False
Rab39,2.4479213,0.1274851,0.01436830703771692,0.07516477817780177,False
CG8475,2.445516,0.2331098,0.01446449562548242,0.07563785794447453,False
CG10654,2.444176,0.037809655,0.014518348246057538,0.0758892658319181,False
Hexim,2.4435704,0.1523946,0.01454273450961589,0.07598651061266894,False
PLCXD,2.4422448,0.77228636,0.014596242120171507,0.07623577810062551,False
bai,2.4416664,0.016429283,0.01461965332402902,0.07632771725509152,False
corn,2.440873,-0.020987084,0.014651806141441105,0.07646520433069005,False
GstO2,2.4335217,0.14514253,0.014952732228161075,0.0779726532544952,False
Srlp,2.4333832,0.06461479,0.014958455129334329,0.0779726532544952,False
Vps2,2.4329305,0.117881104,0.014977174136601478,0.07803927253333863,False
CG14104,2.4251015,0.6139656,0.01530411013129785,0.07962529377697124,False
pic,2.4250615,0.27207503,0.015305798042814803,0.07962529377697124,False
kcc,2.4248872,0.03154172,0.015313149090079657,0.07963201115660339,False
lncRNA:CR42491,2.4240782,1.2726603,0.015347300430634073,0.07976353157660407,False
RunxA,2.4240005,0.48968247,0.015350579967828301,0.07976353157660407,False
Su(var)2-HP2,2.4220874,-0.0019591313,0.015431640647460713,0.0801441846232626,False
CG34348,2.421024,0.28730834,0.015476852040857936,0.08032437309198821,False
Aldh,2.418553,0.17591037,0.015582368935713475,0.08084007508259407,False
cg,2.418168,0.08069585,0.015598872181018115,0.08089375664197279,False
maf-S,2.4179041,-0.0085243285,0.015610191933130688,0.08092052552002776,False
CG9646,2.4176774,-0.0043637482,0.015619922054601195,0.0809390361670009,False
RalGPS,2.416318,-0.006970505,0.015678369146046117,0.0811778758661119,False
otk2,2.4138265,0.75270945,0.015785983621332846,0.0817028793887101,False
CG13937,2.4079034,0.04188178,0.01604442472045341,0.08300778946908592,False
CG10019,2.407342,0.2732603,0.01606912045309209,0.08310283820310238,False
Cep162,2.4032638,0.18545343,0.016249461197351982,0.08400064284925554,False
tey,2.4031277,0.4821304,0.016255508314866208,0.08400064284925554,False
wapl,2.4025364,0.05298516,0.016281814211370257,0.08410350650613858,False
sog,2.4017017,0.6799866,0.016319011909031584,0.08426252868235129,False
Usp14,2.3973668,0.22752273,0.016513387366459405,0.08523268789577496,False
Rgk2,2.3964338,0.084120795,0.01655548232380656,0.08541640880139066,False
Map205,2.3945365,0.0061886786,0.01664138596052331,0.08582592343298147,False
mim,2.3923385,0.02183417,0.016741398253913027,0.08630785188492393,False
robo1,2.3865073,0.011007282,0.01700927232881272,0.08765445006781487,False
dcma,2.385142,0.029139394,0.017072525300801947,0.0879114635493097,False
Cndp2,2.384984,0.15328431,0.01707986039365283,0.08791478473677707,False
CG3632,2.3822496,0.16837202,0.017207232341517786,0.08850107248527797,False
CG1764,2.380213,0.06715778,0.017302633522250414,0.08895692766662469,False
cue,2.3800564,0.19346482,0.01730998869167713,0.08895993797314398,False
Zir,2.3788967,0.03239624,0.01736453893886424,0.08920539726177286,False
tnc,2.3777294,0.58210933,0.017419608071893522,0.08945332929767595,False
CG17202,2.369091,0.008045061,0.017831866353530974,0.09146313651512511,False
CG3776,2.3685815,0.07867625,0.017856446280261007,0.0915534766168201,False
CG5674,2.3668454,0.10605421,0.01794042569329568,0.09194818020109147,False
CG31183,2.36625,0.64664,0.017969298177803683,0.09202832834951871,False
Cdc42,2.3662343,0.13078488,0.017970072107332074,0.09202832834951871,False
Cyp40,2.36609,0.1638699,0.017977073196348416,0.09202832834951871,False
tamo,2.365136,0.106633596,0.018023457590641976,0.09219394947396894,False
Ptp69D,2.3641307,0.17127481,0.018072435601552476,0.09240851215564244,False
CRIF,2.3601744,0.044114035,0.018266339628402524,0.09336365968760699,False
Urod,2.359527,0.18308091,0.018298239330953106,0.09346168325183667,False
Aduk,2.3594968,0.1575131,0.018299742105393483,0.09346168325183667,False
CG31122,2.3587453,0.058186155,0.018336838924575723,0.09361476313436269,False
Mical,2.3556533,0.012264034,0.018490169886744623,0.09436090193464508,False
tant,2.3554807,0.1880556,0.018498759299736347,0.0943680884929485,False
CG10383,2.354589,0.4324544,0.018543208315938756,0.09455812979423794,False
CG15432,2.3543649,0.092635274,0.018554383802709365,0.09457841642800767,False
Rcd5,2.3515978,0.25557548,0.018692973125335695,0.0952109921860606,False
Lztr1,2.350525,0.077302024,0.01874694845212962,0.095448914997844,False
Naa80,2.350032,0.0027951305,0.018771789256359157,0.09553837436786045,False
Ythdf,2.348233,-0.008040345,0.01886271794294228,0.09596398625172456,False
CG10809,2.3476102,0.0669282,0.018894287031213847,0.09608739391531779,False
DAT,2.3468618,0.24378102,0.018932274125540268,0.0962061153456012,False
chif,2.3458452,-0.008261433,0.018983983833983153,0.0964315931822082,False
Shmt,2.3449988,0.61312354,0.019027136402652006,0.09661344647111669,False
Zcchc7,2.340938,0.017343856,0.01923535149385124,0.09763296793383512,False
cv-c,2.3393939,0.33143803,0.019315063808478937,0.09799971177885008,False
CG17996,2.3379972,0.122062504,0.0193873989297171,0.0983287569800897,False
Dhc64C,2.3346653,-0.01341479,0.019560917555527413,0.09917053148039573,False
ACC,2.33102,0.021127425,0.019752299775100086,0.10010218717492873,False
eIF3a,2.3282268,-0.0013062193,0.01990006630688675,0.10081217090932874,False
CCT3,2.3238113,0.13655917,0.020135604858335984,0.10196608225178928,False
Gel,2.3224013,0.43154776,0.020211339831828636,0.10231017593607862,False
mop,2.3220243,0.13145459,0.020231628626010523,0.10237344311682876,False
TfIIA-S,2.3193598,-0.008753141,0.020375530398272813,0.10306191107147923,False
Su(z)12,2.319006,0.18538742,0.020394714160196288,0.10311925308931875,False
jagn,2.318545,0.06324755,0.020419720834867105,0.10320598134268792,False
Ant2,2.3170881,1.4550227,0.020498934001774213,0.10352670703970597,False
CG14431,2.3162224,0.034344133,0.02054612251075644,0.10372516170336166,False
Scr,2.31554,1.2175812,0.020583391501254277,0.10387340542165226,False
CG33203,2.3137426,0.039321385,0.02068183865083833,0.10433015036877791,False
CCAP-R,2.3127928,0.5343522,0.020734032021050824,0.10455330575158438,False
Spase22-23,2.3113263,0.07325893,0.02081483502804448,0.10488027112865511,False
cv-2,2.3100328,0.35965806,0.020886338837187997,0.10520022179359428,False
Mic26-27,2.3091388,0.06114531,0.02093587608272843,0.10540932858357636,False
CG6144,2.307542,0.08543744,0.021024622562249542,0.10581561282670289,False
CG7564,2.3073251,0.020404369,0.021036698579818724,0.1058358560633223,False
Crz,2.3026366,0.661264,0.021299295047271075,0.107115972528201,False
Wnk,2.302219,-0.0031247546,0.021322829117199703,0.10719330429576178,False
Rab18,2.300656,0.041909315,0.02141107825541198,0.10755576320553113,False
Apoltp,2.300446,0.5424274,0.021422966391913763,0.10757325233325898,False
mri,2.29637,0.13369761,0.021654732205340275,0.10861253279022007,False
VhaM9.7-b,2.294483,-0.008285542,0.021762769772968087,0.10911276519899794,False
CG15803,2.2940934,0.002569611,0.021785141557192945,0.10918327429560355,False
CG14480,2.2938051,0.059193272,0.021801689199497272,0.10922455118970402,False
CG1344,2.291689,0.11688698,0.02192359819975782,0.10979344662462558,False
Rfx,2.2903051,0.20425078,0.022003640073702983,0.11015231779372606,False
RnpS1,2.2898612,0.12019672,0.02202937038846332,0.11023913034074505,False
Phb1,2.2893987,0.109723866,0.022056196343552728,0.1103313574992868,False
Srrm1,2.2875783,0.019946553,0.022162090918343702,0.11080987750890477,False
Lpt,2.2874646,0.2726178,0.022168721404072035,0.11080987750890477,False
pyd3,2.285415,1.5887716,0.022288510796250677,0.11136628151084796,False
Schip1,2.284094,-0.02266544,0.022366003985748648,0.11171100660460775,False
wake,2.2834609,-0.018027505,0.02240323298035737,0.11182694197429813,False
Sur-8,2.2834098,-0.029855102,0.02240623531073183,0.11182694197429813,False
Cep104,2.281109,0.045705568,0.022541996156974803,0.11246179631693466,False
CG3420,2.2806604,0.097028114,0.022568545741645067,0.11255152166639765,False
Sec31,2.278417,0.18402098,0.022701743902555787,0.11317284393910683,False
CG13850,2.277735,0.3000736,0.022742372829854668,0.11333239338533188,False
ced-6,2.2765095,0.42384624,0.02281553704268233,0.11365389396432468,False
Vps28,2.2719233,0.03239865,0.02309114388370061,0.11498322158988622,False
Nfs1,2.2679665,0.07224966,0.02333125452430014,0.11613485443326824,False
cos,2.2668946,0.22876985,0.023396663538983134,0.11641634061559158,False
Cks85A,2.2653346,0.15960883,0.02349215321841475,0.11684723143194103,False
Agpat1,2.265139,0.025223792,0.02350414849788308,0.11686266190339825,False
toy,2.2647953,-0.030712493,0.02352524003690704,0.11692329021368963,False
Vha68-2,2.2619662,0.77294624,0.023699489715679003,0.11774479937759462,False
stck,2.2597554,0.09885076,0.023836438170875468,0.11838043613132067,False
pzg,2.257032,0.06329897,0.02400608697237806,0.11917793309558748,False
CG7231,2.256476,0.25849864,0.02404084250953119,0.1193054046139537,False
CG31176,2.2542052,1.1849526,0.024183264303780604,0.11996688418874327,False
AsnRS,2.2537205,0.11579557,0.024213758764180707,0.12007283166796176,False
rho-7,2.2529924,0.31264073,0.024259629975996868,0.12025492173314781,False
Dsor1,2.252375,0.084455684,0.024298595821752464,0.12037312068340165,False
CG11562,2.252324,0.14386605,0.02430179508203825,0.12037312068340165,False
Prp8,2.251003,0.1571546,0.024385350942924367,0.12074148332365076,False
CG10947,2.2502515,0.0869454,0.024432987274461828,0.12092629548689898,False
Fit1,2.250124,0.06686977,0.024441080649357256,0.12092629548689898,False
CG32147,2.2490258,0.27660573,0.024510847250729252,0.12122583504773546,False
Utx,2.2467191,0.033464953,0.024657989233834346,0.12186184148996508,False
mats,2.2465603,0.081506066,0.02466814165718598,0.1218661840289778,False
CG8066,2.24571,0.40858525,0.024722591322673862,0.12208927943301662,False
CG2225,2.245537,-0.04185658,0.024733675482099406,0.12209813279874843,False
not,2.2436147,0.028425876,0.024857208919344644,0.1226618784863342,False
CG8032,2.242619,0.1465758,0.02492139378999036,0.12293244586871747,False
mfas,2.2414165,0.43167767,0.024999109466348094,0.1232695300177412,False
CG11658,2.2396348,0.009744041,0.02511464909843274,0.12374638312804823,False
Vta1,2.2381463,0.055137295,0.025211519796062898,0.12415289500136927,False
NLaz,2.2380767,0.0889821,0.02521604723831174,0.12415289500136927,False
ics,2.2375445,0.14949644,0.025250765595273884,0.12424542115336429,False
pyr,2.237499,0.3040827,0.02525374932658367,0.12424542115336429,False
rho,2.2351375,0.06642203,0.02540832452485702,0.12495912896000975,False
dnr1,2.2339346,0.33819166,0.025487375879707154,0.12525415349111133,False
Ggt-1,2.2336972,0.5786839,0.02550300170532314,0.12528409174192576,False
robl,2.2332482,-0.003192968,0.025532573498986147,0.12538249190963263,False
EDTP,2.2324412,0.1472762,0.025585816665527106,0.12559701785644067,False
mRpL24,2.2266583,0.05883754,0.025970124089288605,0.12743592257555697,False
eIF2Bbeta,2.2255905,0.23913994,0.026041633065109475,0.1277391191148203,False
Eps-15,2.2248116,-0.013804837,0.026093889218231255,0.12794768590178243,False
lncRNA:CR45347,2.2243946,0.17943501,0.02612190894522204,0.12799866468247034,False
Arl4,2.224367,-0.011248082,0.02612376673604638,0.12799866468247034,False
CG32176,2.2241416,0.19121517,0.02613891913923325,0.12802517197490276,False
Esyt2,2.2218807,0.18764871,0.026291364413710966,0.12872385236981215,False
Miox,2.2202938,0.8587469,0.02639882833657422,0.1292018633783694,False
Nuak,2.2199154,-0.018334756,0.026424508654047704,0.12927939993404353,False
PhLP2,2.2169976,-0.0006687154,0.02662324704198012,0.13020323385882426,False
CG2162,2.2164865,0.02864258,0.026658204118995575,0.13032569208620567,False
FER,2.2147653,0.49913168,0.026776182066749313,0.130756524912357,False
CG31109,2.214498,0.14356294,0.02679453353808626,0.13079753537295377,False
Snrnp20,2.2133577,0.36646867,0.02687300241627099,0.1311318695700769,False
csw,2.2125459,0.10082313,0.026928970422131618,0.13135619907840818,False
cm,2.2097878,0.25089175,0.02711988219316974,0.13218930708473425,False
lama,2.2090046,0.8549491,0.02717432215271668,0.13240554965103815,False
kn,2.207278,0.2583961,0.027294639832549372,0.1329424989027173,False
CG13532,2.2070644,0.12913164,0.027309560224744435,0.13296588770410026,False
gzl,2.2067926,-0.028904008,0.02732854873627822,0.13299198709563853,False
otp,2.206698,0.57812613,0.027335161490397962,0.13299198709563853,False
Vti1b,2.20431,0.06006703,0.027502548101819166,0.13370735649500765,False
Ptpmeg,2.201712,0.03986332,0.027685665323108344,0.13449808798926682,False
CG12107,2.1998625,0.12084478,0.027816657190938926,0.13508451298822188,False
mtm,2.1992583,0.22273073,0.02785955846833351,0.13524287322954218,False
Hacd2,2.198773,0.12509224,0.02789407178575982,0.13536041260586035,False
Cht2,2.198346,4.695952,0.027924458853022645,0.135457849312503,False
Rme-8,2.196678,0.20339854,0.028043456484643833,0.13598489360321203,False
gish,2.195868,0.12797107,0.028101394028137664,0.13621557319209038,False
CngB,2.193585,0.16494222,0.028265269637128203,0.13695940571589296,False
CG3104,2.188804,-0.009315405,0.028611101194691103,0.1385840327310858,False
Lrch,2.1835246,0.02231408,0.028997194051435533,0.14035069135540124,False
Pfdn6,2.1831784,-0.012087658,0.02902266627708076,0.140422259774344,False
hry,2.1823285,1.1222285,0.029085294435265308,0.14067348331756402,False
CG2701,2.1772227,0.19509695,0.029463960396481824,0.1424525031531154,False
CG2915,2.1758535,0.20501977,0.029566209650085547,0.1428909231637691,False
egl,2.1757176,0.22718641,0.02957638771824458,0.1428909231637691,False
nAChRalpha4,2.1745937,-0.008194135,0.02966057811812629,0.14324500442862828,False
CG34242,2.1742926,0.22477537,0.029683173579187358,0.14330146363119067,False
CG2233,2.1735399,1.0070982,0.02973970036594379,0.14352163147589694,False
fog,2.1720583,0.91895306,0.02985126803379679,0.143978028533923,False
Tsp97E,2.171993,0.005981375,0.02985618505098091,0.143978028533923,False
Elk,2.1700797,0.091996714,0.03000079921391149,0.14462234133162544,False
EMC1,2.1682754,0.07350219,0.030137743095620572,0.1451665106136581,False
SpdS,2.1682336,0.18363973,0.03014092231297592,0.1451665106136581,False
Cchl,2.168156,-0.005567487,0.030146823488674604,0.1451665106136581,False
Polr1D,2.1657593,0.35175258,0.030329575825512742,0.1459863665879053,False
brm,2.1656322,0.028742893,0.03033930196724521,0.1459863665879053,False
Nlg4,2.1644464,-0.038101602,0.03043010897286393,0.14636971523148057,False
vari,2.1621137,0.11099857,0.03060942011401194,0.14712450245729,False
CG30392,2.1612325,0.08829569,0.03067738773996404,0.1473972768887998,False
DCTN2-p50,2.1585093,0.0969615,0.0308882594496229,0.14835621981999067,False
CG13625,2.1579328,0.11673011,0.030933056766246376,0.1485170986354562,False
Xbp1,2.1555004,-0.027872616,0.03112269020908879,0.149318463686614,False
Tbh,2.1546817,0.12012313,0.031186751544861956,0.1495712051281135,False
CG3257,2.1527152,-0.03039,0.031341060884351464,0.1502564323536164,False
Mkrn1,2.1476226,-0.018912409,0.03174375657311249,0.1520489968168698,False
CG1146,2.1475825,1.6462826,0.03174693982633446,0.1520489968168698,False
scaf6,2.1475482,-0.0039353073,0.03174967257175944,0.1520489968168698,False
step,2.1456497,0.008477206,0.03190093514792359,0.15271773726005972,False
Cdc50,2.1422544,0.12537093,0.03217301526139587,0.15396416371085328,False
Letm1,2.141058,0.03403124,0.03226936760893004,0.15436904250052771,False
CG5455,2.1402798,0.055169847,0.03233215632210351,0.15461312453739529,False
HisRS,2.133142,0.15305685,0.032913077960588774,0.15733385139326922,False
P32,2.1304848,0.082193695,0.033131615829121476,0.15832093222199464,False
Tango14,2.1299407,0.13493304,0.03317649602037279,0.15847776597736052,False
Gapvd1,2.1292598,0.034526095,0.03323276463254868,0.15868886629226822,False
mRNA-cap,2.1290314,0.13492514,0.03325166599245148,0.1587214467151489,False
Hs3st-B,2.1279263,0.12966803,0.03334319637288105,0.1591005604705991,False
MFS14,2.1274068,1.279946,0.033386292127381624,0.15924837199488998,False
Hexo2,2.12217,0.55211,0.033823475686687685,0.16121664635428468,False
ttv,2.1219928,-0.017882694,0.033838349581977484,0.16122906158693479,False
Tis11,2.121544,0.7327473,0.03387606507681833,0.16135026138980416,False
Nep4,2.1192064,0.5683135,0.03407302293924244,0.1621708056662749,False
Rab40,2.1170554,0.16507353,0.03425514078718719,0.16297856809718567,False
AP-2mu,2.1163065,0.06349213,0.03431875151843836,0.16322211860434258,False
Taf1,2.1150167,0.075357325,0.03442851646547001,0.16362572689791732,False
Fdx2,2.1140592,0.041036963,0.0345102199302583,0.16395473611841083,False
Cpsf5,2.113538,-0.012425529,0.03455475334424969,0.16402108321173434,False
zda,2.1134574,0.024387466,0.03456162996828951,0.16402108321173434,False
BRWD3,2.1116455,0.1073911,0.034716861031866005,0.16469829271471162,False
CG31729,2.1099148,-0.016977444,0.03486569667193661,0.16528503606274136,False
SF2,2.1080647,-0.01369631,0.03502540218449553,0.16598226112746328,False
fng,2.1057467,0.77005035,0.03522635845616635,0.1668743967096186,False
Noc2,2.104472,0.5173089,0.035337300183669595,0.1672793449976953,False
CG31248,2.1019032,0.2667632,0.0355617546326336,0.1682812450945042,False
CG4596,2.1010888,0.024430597,0.03563318342973737,0.16855855415773174,False
kek6,2.1002228,-0.04405648,0.03570925147842136,0.16885760117953766,False
sm,2.098507,0.14125822,0.03586039621262895,0.16951131893171117,False
Rpt6,2.0954804,0.041795053,0.03612831254966188,0.17071634491733434,False
gukh,2.0951095,0.360162,0.036161268373741756,0.17074807854520688,False
trio,2.0950785,-0.008438048,0.03616400797612852,0.17074807854520688,False
Vps13,2.0948458,0.10361276,0.03618470241129055,0.17074807854520688,False
CG3191,2.09482,0.05815213,0.03618700241598061,0.17074807854520688,False
CG7289,2.0940485,0.17540902,0.03625565026332522,0.17101058869718477,False
CG9331,2.09346,0.29301894,0.03630810158797986,0.17119654214841884,False
CG3939,2.091701,0.563519,0.03646527291043509,0.1718759509741849,False
spdi,2.0911295,0.04398405,0.036516458415036805,0.17205549660523436,False
pre-rRNA:CR45845,2.0908868,3.0072105,0.03653821410711985,0.17209629805794333,False
CG4278,2.089695,0.25434816,0.03664521555961637,0.17253843700068747,False
Exn,2.0888102,0.1363192,0.036724812160140945,0.17285127385258314,False
CtsK1,2.0875723,0.089441106,0.03683643721153332,0.17331457980549922,False
Uggt,2.0864382,0.2526446,0.03693895511867655,0.17373472054922282,False
eIF3h,2.0829298,-0.02688668,0.03725762453568406,0.17503140150548596,False
mRpS33,2.0828168,-0.020336755,0.037267929488802205,0.17503140150548596,False
CG9915,2.0772471,0.08904066,0.03777876164487214,0.17736716926590382,False
osp,2.0742137,0.06590925,0.03805945397701999,0.1785574026105033,False
Bet1,2.0737803,0.10074942,0.038099730218646016,0.17868256773848226,False
FeCH,2.0727296,0.22280861,0.03819744506990813,0.17907692674408232,False
CG8507,2.0712335,0.19978692,0.03833698651807033,0.17966702561838882,False
Plod,2.0699224,0.36716443,0.03845960231460632,0.1801774096314587,False
Golgin104,2.0688844,0.24283728,0.038556937119352395,0.18051560471987385,False
La,2.0688596,0.038816396,0.038559265082466015,0.18051560471987385,False
Aptx,2.065118,0.047732096,0.03891182588720219,0.18210124785745155,False
Nbr,2.0642536,0.13113324,0.03899367714383841,0.18241933476225725,False
tio,2.063984,0.40532205,0.03901923524297637,0.1824739396184884,False
CG12118,2.0637696,0.12852623,0.03903956425081093,0.18250406041263126,False
Alg14,2.0634558,0.23498999,0.039069351559815835,0.18257836018760307,False
dl,2.0624137,1.2849443,0.039168366364221725,0.1829760051163305,False
CG34132,2.061288,0.023896623,0.03927556594787128,0.18341158923986373,False
Pgm2a,2.060998,0.22746162,0.03930324132192456,0.18347562849428442,False
TfAP-2,2.0590665,0.13164905,0.03948786185687233,0.18427201443933214,False
CG7394,2.0548975,0.021023601,0.03988891069727262,0.18607744958212974,False
Las,2.0537112,0.10992108,0.040003648499211696,0.1865464673272324,False
CG15547,2.0513551,0.28008202,0.040232378154845684,0.18754653470479854,False
nec,2.0497885,0.9062177,0.04038508798221657,0.1881916458064922,False
CG5727,2.0495484,0.18341355,0.04040851090240987,0.1882340452919419,False
Heatr5,2.047543,-0.030773437,0.040604787294539174,0.1890813287872216,False
Qsox1,2.0455027,0.08311284,0.04080532570075176,0.189947851588232,False
CAHbeta,2.0444138,0.7414241,0.04091267592524878,0.19038012547227134,False
Raf,2.042944,0.19015442,0.04105799404972978,0.19098870789645986,False
Hmg-2,2.0421753,0.28742,0.04113413686687436,0.19127519199136445,False
lncRNA:CR44320,2.0410986,0.10698012,0.04124102226047214,0.19170437691010414,False
CG5521,2.0398307,-0.00035428206,0.0413672017071572,0.19221334905643214,False
mRpL54,2.0397046,0.03453592,0.041379770525884374,0.19221334905643214,False
CG5026,2.0389519,0.46958914,0.04145482700013498,0.19249395109850664,False
chic,2.038561,0.026035815,0.041493849526062415,0.1926070917068125,False
gammaTub23C,2.038328,0.18912958,0.041517143412493164,0.1926471686382672,False
CG5504,2.0341432,0.031920496,0.04193715201776628,0.19452739663447463,False
rno,2.0332813,-0.049491737,0.04202411667087639,0.19486200323641026,False
CG9394,2.032099,0.21869482,0.04214364187398147,0.19534730083456456,False
CAH3,2.031353,0.15023027,0.04221918695629184,0.195628468192042,False
Rpt3,2.0288064,0.0058824727,0.042478016912753096,0.1967584139057062,False
Drgx,2.0282998,0.13497242,0.042529668975839596,0.19692825229440034,False
Sec16,2.025826,-0.020600975,0.04278262451108191,0.198029752976445,False
Rho1,2.0236044,-0.025460545,0.0430108674432561,0.198946078518771,False
Dop1R2,2.021992,-0.031448558,0.04317717858320263,0.19964507521529407,False
Tpi,2.021465,0.070597954,0.043231636969911905,0.1998265710241338,False
cyc,2.0202813,0.31350732,0.04335420611386575,0.20032265208941977,False
Arfrp1,2.0189805,0.1734458,0.0434892569897358,0.20087603729424186,False
Acyp2,2.0184143,0.08381333,0.04354814001468925,0.20107733940022188,False
Dlg5,2.0172968,0.075249165,0.04366455609296818,0.20154405747021245,False
CG8617,2.016312,0.07584857,0.043767385433657234,0.20187687328314835,False
MICAL-like,2.016146,0.043754105,0.04378471636745247,0.20188595009989227,False
CG3402,2.0149806,0.12301282,0.043906677866417464,0.20230633023933797,False
ph-p,2.01467,0.025183646,0.04393924685776407,0.20238543391443312,False
SREBP,2.0144892,0.02721945,0.043958196014101406,0.20240177078532115,False
RhoGAP5A,2.0101748,0.46041545,0.04441268813260982,0.20442281427342404,False
Gfrl,2.0092874,0.04255735,0.04450667440443754,0.20470893941765503,False
CG2811,2.0092564,0.051574983,0.04450994161132338,0.20470893941765503,False
vlc,2.0091467,0.0682712,0.04452158502820623,0.20470893941765503,False
CG5986,2.006218,-0.004494608,0.04483300023073932,0.2060525727856377,False
BaraC,2.0061038,0.53491616,0.044845168416933555,0.2060525727856377,False
CG14322,2.0037987,0.06396107,0.045091623561276946,0.20711255687477817,False
Rpp25,2.003195,0.123767756,0.04515636153695281,0.20733743779073965,False
Spn43Ab,2.0025973,0.22279759,0.04522053082553837,0.20755955137212703,False
RtGEF,2.0011199,0.18679425,0.045379477191248054,0.20821637910970345,False
mor,2.0006795,0.11577707,0.04542694717216644,0.20836143552860006,False
ergic53,1.9986871,0.08948269,0.04564221189462695,0.20927575244497304,False
aln,1.9975485,-0.012784663,0.04576563871365845,0.20976848913016594,False
RanBPM,1.9966949,-0.01872286,0.04585833549015494,0.21012007903630614,False
Pfdn5,1.9941695,-0.0017161437,0.046133543192016443,0.2113073862273573,False
CG5687,1.9903036,1.3730397,0.04655750337130571,0.21310071466469116,False
CG15743,1.9892647,0.14650796,0.04667198722060913,0.21355034264137346,False
KdelR,1.9883946,-0.022480574,0.046768067274543704,0.2139154793090076,False
CG9281,1.9868622,-0.039578207,0.04693766824967849,0.21461652695512354,False
Hem,1.9838517,0.16413485,0.047272377599911805,0.21605657361760552,False
CG42542,1.983734,0.030470395,0.04728549621217818,0.21605657361760552,False
hbs,1.982575,0.0902865,0.04741490991123113,0.21657258642457014,False
Max,1.9811682,0.020684851,0.04757241849740246,0.21721652240248981,False
Kr-h2,1.9803087,0.038267866,0.047668861384342516,0.21758128080988015,False
eIF2alpha,1.9796035,0.013759447,0.047748094237634556,0.21786725915859573,False
Arpc1,1.9773551,0.020022748,0.04800150315012313,0.21894750187288026,False
Tailor,1.9760991,0.13938381,0.04814355365730059,0.2195192361591211,False
Sgt,1.9744643,0.02459455,0.048328968537425,0.22028823293454802,False
DnaJ-1,1.9742079,0.016379276,0.04835811705368098,0.22034466581221282,False
Sp1,1.9736456,1.0714605,0.04842206194120251,0.2205595549287148,False
Cnot4,1.9723576,-0.036196448,0.04856879441879777,0.22115125691525347,False
baf,1.9700196,0.026425779,0.048836127638163494,0.222214526763541,False
CG15111,1.9674484,0.09531041,0.04913154228578392,0.22340401286418218,False
Cnep1r2,1.966028,0.00685454,0.049295380908382265,0.22406781943811985,False
CG1532,1.9658873,0.1795734,0.04931163030325261,0.22406781943811985,False
CG13384,1.9598347,0.024814297,0.05001511483798092,0.22718583618593408,False
Ptp61F,1.9584253,0.05557863,0.050180132687540874,0.22785664258706795,False
CG42700,1.9551997,0.073551245,0.050559508371030445,0.2294999998285703,False
CG30122,1.9523734,-0.035343487,0.050893892973898916,0.23093806891229476,False
pb,1.9510664,0.8432284,0.05104915587333394,0.23148273199844074,False
CG12290,1.9491556,0.00776047,0.0512768504747697,0.23243500934423894,False
HDAC1,1.9488041,0.07043619,0.051318825551737494,0.23247813429398761,False
CG7985,1.9487796,0.056660917,0.051321746258797506,0.23247813429398761,False
CDase,1.9472349,0.6883353,0.05150658348418971,0.23323501501231458,False
PKD,1.946038,0.049673013,0.05165017271108036,0.23380465711205892,False
Herp,1.945808,0.12519446,0.051677798191689946,0.2338491549714179,False
mRpL1,1.9415628,0.036564212,0.052190052119139144,0.23600463692278303,False
ADD1,1.9409081,0.031036371,0.052269434460660645,0.2362822972987759,False
Dred,1.9369785,-0.025440944,0.0527479815919678,0.2382935529951956,False
CG1307,1.9369568,0.029630272,0.052750623671183626,0.2382935529951956,False
abs,1.9345918,0.3153278,0.053040405441693646,0.2393688072339739,False
Rtf1,1.9345837,0.026804395,0.053041406235453906,0.2393688072339739,False
Dpck,1.93442,0.13585997,0.05306151247793668,0.2393688072339739,False
Rpn5,1.9322909,-0.001635601,0.05332360473229678,0.2404685963579657,False
Ing3,1.9310204,0.13496387,0.05348052849406265,0.2410657434769682,False
mRpS9,1.9307004,-0.005663151,0.05352010460328357,0.2410657434769682,False
CG3548,1.9306253,0.026248537,0.05352939954842045,0.2410657434769682,False
per,1.929858,0.3588291,0.053624443095700004,0.24141103347742163,False
CG5567,1.9289573,0.15613793,0.05373616511010829,0.2417483552591349,False
Ddx56,1.9284436,0.06435054,0.053799980240132314,0.24195261476234728,False
CG12288,1.9279943,0.48433855,0.05385583731306982,0.24212095728055094,False
lncRNA:CR46349,1.9257426,2.1725366,0.054136513258385296,0.24329956249262694,False
CG14647,1.9253281,0.005639522,0.0541883204953093,0.24344913491584938,False
CG15536,1.9243736,0.2158103,0.05430776729630522,0.24390238210551843,False
unc-104,1.9239229,0.17100982,0.054364241645073266,0.24407259974646664,False
Dhx15,1.9230092,0.25627777,0.05447889466119007,0.24450380967988342,False
CG4328,1.9196479,0.3527428,0.05490238952248379,0.24632034848581752,False
Atf3,1.9194548,0.065945365,0.05492680119001423,0.24634576601978736,False
Rh7,1.9190141,0.008608789,0.05498255640779376,0.24651169353627356,False
mre11,1.9169321,0.15001741,0.05524655287338548,0.24761082923231875,False
CG11151,1.914769,-0.01015522,0.05552195606863056,0.2487603220926949,False
wmd,1.912419,0.0013973517,0.055822473595143945,0.2500215151717064,False
Prx3,1.910762,-0.0052381805,0.05603518525220571,0.2508887118907105,False
CG8520,1.910368,0.13609603,0.056085858617852195,0.25103006406580236,False
Abp1,1.9088086,0.1859036,0.056286784832322065,0.25184359532909234,False
Pcmt,1.9072402,0.017118983,0.05648950231752847,0.25260650326448963,False
Rbpn-5,1.9071919,0.09582988,0.0564957395247192,0.25260650326448963,False
CG9067,1.9069651,0.17807466,0.05652509878443769,0.2526518105871754,False
mRpL12,1.9059186,-0.02804888,0.05666077474525093,0.253172132243231,False
CG7272,1.90391,0.17032559,0.056921908662647694,0.25416608961462905,False
eIF3b,1.9037601,-0.02763722,0.0569414335968498,0.2541669085924603,False
CG31997,1.9030082,0.027190356,0.0570394654811531,0.2545180359551215,False
Ssrp,1.9023436,0.37543866,0.0571262495796653,0.25481875279239025,False
Pyk,1.8983991,0.09937061,0.05764352687828976,0.2570061641252568,False
PAN2,1.8983063,0.17836495,0.05765574703913378,0.2570061641252568,False
CG32085,1.897418,0.0395807,0.057772787054274084,0.2574405543167907,False
lncRNA:CR45706,1.8959901,0.27269742,0.057961342616753425,0.2581932214666972,False
CG10479,1.8956288,0.49031347,0.058009147376141004,0.25831860578443544,False
CG9896,1.8953277,-0.09320889,0.05804900970039749,0.2584085489406922,False
Creld,1.8938779,0.14839704,0.05824123030735552,0.25917643327766976,False
CG4660,1.890982,0.11290978,0.05862673785395367,0.26071538481854656,False
CG18659,1.889112,0.09824175,0.05887681714812412,0.26173892224069656,False
CG11858,1.8864594,0.19748677,0.059233080739320466,0.26323365370152524,False
Diap2,1.8852866,0.00022283877,0.05939115410416504,0.2638469087501125,False
CG7453,1.8845882,0.25756708,0.05948544794612643,0.26409857370469314,False
CCT4,1.8845674,0.07341833,0.05948827245575659,0.26409857370469314,False
Csas,1.8839672,0.32449406,0.05956941686866325,0.2642814676134719,False
CG5644,1.883541,0.17187755,0.05962709759938901,0.2644480896232099,False
CG1504,1.8804752,0.23268124,0.06004335313064866,0.2662043534041343,False
Trc8,1.8795207,0.057232644,0.060173439750274706,0.26669112032322423,False
CG7611,1.8791564,0.05391855,0.06022314089295912,0.2668214074424733,False
meigo,1.8746727,0.3520603,0.06083777048639007,0.2693914243154847,False
Oatp30B,1.8746259,0.12893556,0.06084420876404828,0.2693914243154847,False
ebd1,1.873209,0.23036523,0.06103952707509294,0.2701626911753303,False
MrgBP,1.873061,0.03226809,0.061059972890037936,0.2701626911753303,False
DIP-alpha,1.8729153,0.2686129,0.06108008184170965,0.2701626911753303,False
CG32264,1.8724122,0.15714575,0.0611496002452115,0.27037917120535815,False
caly,1.8717712,0.28658506,0.061238257681951826,0.2706801023203932,False
CG12054,1.8699781,0.03422346,0.06148685832534945,0.2716875606097569,False
Polr3I,1.8690091,0.2054739,0.0616215512769954,0.27219119506924255,False
mib2,1.8669693,0.009010845,0.06190586959887415,0.2733551856178781,False
Pdp,1.865583,0.25855625,0.062099738195839436,0.27411913323195364,False
Synd,1.8652418,-0.02347016,0.06214752673810987,0.2742379613383149,False
ste24a,1.8644407,0.18455781,0.0622598476742301,0.2746413757257663,False
Prosbeta1,1.8641601,0.027168406,0.06229923198705653,0.2747228884368825,False
DAAM,1.863652,-0.03140786,0.06237059390238877,0.27494531179848736,False
Galm1,1.8620547,0.36791942,0.0625953715974117,0.2758436546484196,False
Prosbeta3,1.8618414,0.03763165,0.06262543913622945,0.2758836391851127,False
CG10338,1.8599477,0.34521934,0.06289292506105093,0.27696914484828095,False
barc,1.8591225,-0.037872568,0.06300977295125659,0.27739076259713996,False
Cep164,1.8577801,-0.025309587,0.06320025368957906,0.2781361465956994,False
pippin,1.8572369,0.85128164,0.0632774558244485,0.2783826739166648,False
PpV,1.8554852,0.14673708,0.0635269676215036,0.27919996037263506,False
Ing5,1.854886,0.15026113,0.06361249465992268,0.2794823779090752,False
5PtaseI,1.8542668,0.005878049,0.06370100459636811,0.27968423033774586,False
Cyfip,1.8520077,0.10736999,0.06402471587986183,0.28101162036648775,False
CG5953,1.851281,0.38060915,0.06412913402523372,0.2812838137504878,False
CG14687,1.8512782,0.23163195,0.06412954158712894,0.2812838137504878,False
Lmx1a,1.8509643,0.38901213,0.06417469230297228,0.2812940732332751,False
pes,1.848583,0.8481008,0.06451805099352377,0.2827048043033997,False
su(Hw),1.84789,0.11391715,0.0646182623930845,0.2830495287025078,False
GckIII,1.8389848,0.062975794,0.06591741575770055,0.28864403881104395,False
Edem2,1.8382571,0.10703693,0.06602452989810165,0.28901677128279607,False
CG12024,1.837113,0.04436216,0.06619320911422338,0.28961165278424694,False
CG5877,1.8370365,0.37539998,0.0662045053621397,0.28961165278424694,False
AspRS,1.8363836,0.15866043,0.06630095415662776,0.28993705110557255,False
Yip1d1,1.8338974,0.08160578,0.06666923121407985,0.2913784589742598,False
phtf,1.8338591,0.024095114,0.06667491257405062,0.2913784589742598,False
Fip1,1.8331658,0.018191162,0.06677793000711775,0.2917316416966537,False
CG34393,1.8301853,0.08067366,0.06722223529471769,0.29347753953750333,False
mRpS23,1.8264403,0.109243676,0.06778396832593367,0.2958316598376268,False
CG40470,1.8260006,0.6087412,0.06785017268764261,0.2960222839602628,False
strat,1.8243456,0.12686251,0.06809983627823402,0.2970129268278371,False
PDCD-5,1.8239917,0.10000539,0.06815333047852515,0.29713848828290335,False
Dgkepsilon,1.823856,0.016385438,0.06817384842652413,0.29713848828290335,False
CG42806,1.8202311,0.46690318,0.06872382278668211,0.2994362583686305,False
esn,1.8186449,0.096046366,0.06896563115437106,0.3003154387325515,False
CG10333,1.8186077,0.0088967895,0.06897131071416486,0.3003154387325515,False
AspRS-m,1.8147584,0.068043746,0.06956103593325844,0.30278289937030445,False
cer,1.8134489,0.15698478,0.06976260549760104,0.30355973471654807,False
CG3735,1.8112668,0.45866284,0.07009956533016144,0.30475017948700706,False
Nup358,1.8112267,0.03512539,0.07010576003266283,0.30475017948700706,False
Nepl5,1.8096919,0.2940382,0.0703435808332589,0.3056828689582854,False
CG42676,1.8081028,0.24774109,0.07059049808669486,0.3066544579693412,False
cathD,1.8072429,-0.03536572,0.07072441033840297,0.30713465837969384,False
Mtch,1.8045775,-0.013440953,0.07114082402105538,0.30884095423214036,False
eIF2A,1.8033509,-0.036691416,0.07133312708451049,0.30953863321526304,False
Snr1,1.803252,0.102399796,0.07134864317852764,0.30953863321526304,False
Uch-L5,1.8014114,0.102670714,0.07163805958444176,0.31069166369608886,False
Tbcc,1.8008622,0.02367344,0.07172459704632572,0.31088865776471947,False
CG6621,1.8008229,0.11847551,0.07173079753006845,0.31088865776471947,False
CG13698,1.799349,0.059156794,0.0719634928444915,0.3117943486546201,False
Su(var)2-10,1.7984625,0.04308162,0.07210374317417019,0.3122141165985663,False
Syx7,1.7984363,-0.029123504,0.07210789467138336,0.3122141165985663,False
kri,1.7962368,0.055244803,0.07245686932422223,0.31362177858682616,False
GABA-B-R3,1.794477,-0.009215324,0.07273707743546372,0.3146273649043544,False
Mob3,1.792957,0.107636355,0.07297980655201305,0.31557342477788863,False
CG31550,1.7891768,-0.003720699,0.07358633563391259,0.3180914593964623,False
CG7565,1.7867906,0.06424444,0.07397133618471967,0.3195454729794218,False
Clbn,1.7865402,0.027036473,0.0740118465626203,0.31961540442963965,False
CG13920,1.785796,-0.017284261,0.07413228136132183,0.3200303250227103,False
alpha-Man-IIa,1.7832469,0.21422787,0.07454612899348423,0.3217112253213058,False
Abcd1,1.7829698,-0.044544008,0.07459122218184758,0.32180014796180534,False
IntS3,1.7790622,-0.005159801,0.07522957426518327,0.32444759941541623,False
Oatp58Dc,1.7787248,0.47700816,0.07528488395426113,0.3245796128749821,False
Tmx3,1.7764243,0.028711036,0.07566300289564623,0.3261028275013733,False
Glo1,1.7749621,0.21553048,0.07590414275502048,0.3270348655553194,False
MED1,1.7731059,0.08045329,0.0762111594049116,0.3281424789449356,False
DCTN4-p62,1.7729326,0.23198715,0.07623986746432933,0.32815856480470085,False
CG6195,1.7712419,0.06928466,0.07652048382387723,0.3291507947396303,False
Tsp42Ek,1.7707019,0.24303457,0.07661027952266783,0.32942921570922057,False
HP5,1.7700025,-0.015132948,0.07672671739237852,0.3298219801286379,False
Best1,1.7656404,0.28113958,0.0774562099298438,0.3328489387469187,False
Cat,1.7636654,0.19654763,0.07778832541454211,0.3340763911503184,False
CG9775,1.7634993,-0.029321982,0.07781632264305051,0.3340763911503184,False
CG6236,1.7634887,0.16665854,0.07781811378975151,0.3340763911503184,False
Gs2,1.7631719,-0.066170454,0.07787150537126027,0.33419642458645693,False
Arms,1.7618971,0.09176146,0.07808668727787185,0.33501049870013516,False
teq,1.7614574,0.5258542,0.07816101868325365,0.33518483737581983,False
Gk1,1.7605592,0.18861985,0.07831303501255123,0.3356528353228753,False
unmet,1.7601153,0.39740786,0.07838826248122262,0.3358657180520856,False
Ncoa6,1.759777,-0.025297219,0.07844563814879106,0.3360019983420024,False
MsrA,1.7565811,0.060703002,0.07898924043979981,0.33822013966093495,False
CG7368,1.7563459,0.018960493,0.07902937807064032,0.3382771931852163,False
CG4287,1.7557888,0.0066218013,0.079124468834658,0.3384683089050263,False
CG7058,1.754199,0.05049622,0.07939640082644706,0.339521022863762,False
Tmf,1.7533551,0.12280167,0.0795410690257142,0.34002901368474636,False
Ipp,1.7526001,-0.024578573,0.07967067456432031,0.3404242813216078,False
GAA1,1.7516658,0.16124114,0.07983129217035509,0.34093695495958276,False
snRNA:U12,1.7450105,0.2794362,0.08098303947242876,0.3455188706841514,False
CG6254,1.7403121,0.04862574,0.08180423764622537,0.3486829344499019,False
pbl,1.7400584,0.8416697,0.08184876804012556,0.3487596176443871,False
hyx,1.7395535,0.26939312,0.08193745198429488,0.34902432950587325,False
CG6126,1.739296,0.5744669,0.08198272636966274,0.34910402048727734,False
Phgdh,1.7364955,0.024742281,0.08247626358574583,0.3508645450891182,False
sli,1.7349004,-0.0058438107,0.0827584499350147,0.3518214867669768,False
velo,1.7348862,-0.03881958,0.08276096064645101,0.3518214867669768,False
CG45263,1.734698,0.010070329,0.08279429619030322,0.3518214867669768,False
Pfdn2,1.734619,-0.00449407,0.0828082991073936,0.3518214867669768,False
Madm,1.7341995,0.054053195,0.08288267858532951,0.3520236843212072,False
coro,1.7337956,0.23207878,0.08295434511099914,0.3522142323436639,False
CG32473,1.7330204,0.30636388,0.08309203521838547,0.35252322268466507,False
CG34015,1.7327852,0.1849512,0.0831338571198835,0.35252322268466507,False
Pvr,1.732782,0.4325379,0.08313442410012761,0.35252322268466507,False
CG42327,1.732388,0.3226776,0.08320450176903554,0.35270656701512776,False
snRNP-U1-70K,1.7311972,-0.056693982,0.0834166012122069,0.3534916338373463,False
CG6712,1.7300825,0.2542964,0.08361552944285403,0.35422039729482424,False
BOD1,1.7294487,0.10829101,0.08372882292841341,0.35458603354891416,False
E23,1.727703,1.0494146,0.08404148177970039,0.35579546136180507,False
Grx3,1.7245893,0.024355289,0.08460149868424782,0.3580509804218037,False
CG5886,1.7239814,0.18929711,0.08471120263207786,0.35839984346044274,False
Art1,1.7216444,0.23990387,0.08513395690426667,0.35984713359453885,False
Snrnp59,1.7216363,0.178419,0.0851354340115228,0.35984713359453885,False
CG9098,1.7205963,0.23982093,0.08532409586114759,0.360412710932607,False
bmm,1.7188712,0.15694079,0.08563782061643462,0.3616216583292311,False
MED10,1.7185651,0.053683795,0.08569358808954258,0.36174090622700905,False
Lkb1,1.7176464,0.14935242,0.08586113129214759,0.3622942947166437,False
gry,1.717544,0.15163647,0.08587982102140972,0.3622942947166437,False
Agbe,1.7168673,0.16932026,0.08600342404832398,0.362699292496478,False
Alg12,1.7152056,0.16153659,0.08630754079140285,0.3638650604875922,False
p130CAS,1.7149395,0.0039455923,0.08635631895901792,0.3639539408083562,False
CG10254,1.7144127,0.024137437,0.08645296671936509,0.3641904252428037,False
Ccdc6,1.7143315,0.027536886,0.08646785836371262,0.3641904252428037,False
Stip1,1.7125806,0.13209717,0.08678973680025172,0.3653196048176917,False
CG12502,1.71248,-0.014939574,0.08680826341706022,0.3653196048176917,False
chico,1.7123885,0.048727382,0.08682509670276758,0.3653196048176917,False
cl,1.7112696,-0.04285044,0.08703135495442274,0.36597729134594215,False
slv,1.7106651,0.22800496,0.08714294324912222,0.3663293081371449,False
CCT6,1.7078565,0.03840693,0.08766295858319284,0.36827971187395686,False
CG1309,1.7053888,0.12829374,0.08812192954028468,0.37008957369411344,False
CG8301,1.7022976,0.019031126,0.08869961054021835,0.37239667160032247,False
CG5895,1.7007265,0.56042874,0.08899435245258185,0.37351478300203705,False
Acat2,1.699604,0.17447406,0.08920542225906773,0.37416165142240954,False
sgll,1.6986421,0.11882107,0.08938663137876454,0.3748020813491847,False
Alg11,1.6963828,0.017207857,0.08981342189591375,0.3763514595453452,False
pasi2,1.6954439,0.1618323,0.08999125903046122,0.37697645359237836,False
Pnn,1.6952546,-0.0144507885,0.0900271291792732,0.3770065342717748,False
Bgb,1.6892835,-0.00891885,0.09116511315028256,0.38149915263149775,False
TH1,1.689169,0.25937852,0.09118703587364237,0.38149915263149775,False
Pc,1.6885607,-0.032822262,0.09130364361545946,0.38186542990157635,False
CG2116,1.687975,0.20492911,0.0914160181090402,0.3822137747282524,False
ClpP,1.6877171,0.034066144,0.09146554436437614,0.3822396385957279,False
CG32809,1.6876398,-0.016594956,0.09148037922407459,0.3822396385957279,False
Rad60,1.6861221,0.053477645,0.09177229724693112,0.38333749463506733,False
CG13894,1.6856426,0.5314553,0.09186464802168687,0.38360131542834036,False
CG15141,1.6852653,0.10772718,0.09193739348942928,0.3837831282860833,False
Vps8,1.6837815,0.23705311,0.09222390630908806,0.3848568919681569,False
TkR86C,1.683611,0.31401852,0.0922568587318166,0.38487218431581016,False
mRpL43,1.68294,0.06866705,0.09238670512078295,0.38529155569413165,False
CG12822,1.6824759,-0.03094322,0.09247660022805018,0.3855441001258907,False
Coq9,1.6817234,0.2778229,0.09262250307782531,0.3860299121299405,False
Gtpbp2,1.6815234,-0.03262678,0.09266127668150521,0.38606906685848447,False
Girdin,1.6805938,-0.0008903643,0.09284184157233286,0.38669877657750434,False
Idh,1.6802005,0.051473852,0.09291830878777371,0.3868946437833125,False
Hexo1,1.6785558,0.11282742,0.09323864123591312,0.38810547497026743,False
MCTS1,1.6771358,0.058481287,0.09351593532046475,0.3891364490330042,False
CG11191,1.6743559,-0.013224334,0.0940606770309835,0.39127931524664583,False
side-IV,1.6740448,-0.04626174,0.09412179386170134,0.3914096497267776,False
Arpc3A,1.6691349,0.03540385,0.09509066109636008,0.39518860767465774,False
HDAC11,1.6683047,0.04910182,0.09525525623465925,0.39574749357561084,False
Mocs1,1.667617,1.0434345,0.09539178372955961,0.3960642748784022,False
SMC1,1.6667702,-0.039517112,0.0955601085469763,0.3966378352545217,False
Rae1,1.6662958,0.49153805,0.09565451659740934,0.3968504356789048,False
Cdk5alpha,1.6662093,-0.045708835,0.09567172819654292,0.3968504356789048,False
Atg5,1.6658962,0.20132071,0.09573410573897413,0.39688146082442716,False
MetRS,1.6658685,0.14082281,0.09573961120260513,0.39688146082442716,False
tweek,1.6639099,-0.051535074,0.09613043926907143,0.39837593895770035,False
CG5033,1.6628548,0.69737583,0.09634151162775516,0.39912478067475743,False
Ugt316A1,1.6619272,0.15793428,0.09652737432618205,0.3997687444123411,False
STUB1,1.6614021,0.018614227,0.09663271474742323,0.40007892391174815,False
CG1636,1.6609429,-0.029955193,0.09672490965665773,0.4003345000939021,False
eIF2Bdelta,1.6597588,0.079296425,0.09696297766322333,0.40119347905302827,False
tho2,1.6588858,-0.014318847,0.09713880107837314,0.40172294942165326,False
Stam,1.6588199,-0.011633624,0.09715208380351678,0.40172294942165326,False
CG1545,1.6578339,0.48857075,0.09735099825729156,0.40241883236837633,False
Kr,1.6576015,0.59091115,0.09739793312877205,0.40242652608224316,False
smid,1.6575214,0.111482054,0.09741410695286626,0.40242652608224316,False
vito,1.6559082,0.21730044,0.09774040261841599,0.4035207762515251,False
CG14721,1.6551192,0.01347769,0.09790032074281828,0.4040540561813364,False
Med,1.6538692,-0.020375378,0.0981540899146277,0.4049128028870799,False
CkIIalpha-i3,1.653747,0.025156418,0.09817893395512102,0.4049128028870799,False
Reps,1.6536393,-0.031609803,0.0982008296781922,0.4049128028870799,False
dia,1.6527003,0.26680693,0.09839186223376507,0.40557323137199086,False
rnh1,1.6521568,0.39660892,0.09850258040227637,0.4059022919618419,False
CG17163,1.6515882,0.10452493,0.09861852955295838,0.40625269493900507,False
Asx,1.6510875,-0.04986573,0.09872069832844589,0.40641876464101107,False
TyrRS,1.6502815,0.07590618,0.09888537265692948,0.40696920829461647,False
e,1.649653,0.40860882,0.09901393453578498,0.407370730662101,False
fz4,1.6489882,0.30060378,0.099150033456484,0.40780300145591747,False
GstE13,1.6483467,0.20347938,0.09928155838016879,0.40821619482909827,False
mRpL36,1.6474141,-0.016454775,0.09947295705884834,0.40887523575549767,False
HERC2,1.6463002,-0.029395796,0.09970197402967002,0.4096884430030937,False
CSN8,1.645919,0.07731256,0.09978044913973437,0.40988273902633615,False
CG6689,1.6446247,0.10951003,0.10004723827423141,0.4108502369255234,False
ey,1.6430427,0.043475237,0.10037410227666954,0.41199673823457605,False
sds22,1.6429701,0.10992922,0.10038912988563371,0.41199673823457605,False
Prosbeta2,1.6416141,0.021721046,0.10066999907860535,0.41302043643208025,False
gammaCOP,1.6406182,0.04840779,0.10087670117910787,0.413610212229222,False
CG12253,1.6403649,0.13746138,0.10092933139750039,0.4136969257313015,False
jub,1.638204,0.19756822,0.10137916056111661,0.41515224335731793,False
Otud6,1.6364955,0.23169121,0.10173593413663955,0.41648346121170726,False
Arpc5,1.6348352,0.020184502,0.10208360226526178,0.41777658591336186,False
Naus,1.6340214,-0.0072498983,0.10225436848041598,0.41832426798839323,False
BCL7-like,1.6338038,0.39029056,0.10230005365646176,0.41832426798839323,False
Gat,1.6337425,0.3084774,0.10231292879649158,0.41832426798839323,False
CG17816,1.6316153,0.09973288,0.1027605625712907,0.42002381111954307,False
Rpi,1.6304092,0.2955518,0.103015042059998,0.42093304344229904,False
CG6833,1.629543,0.24433269,0.1031981367712855,0.4214191160072911,False
Ibf1,1.6289005,0.23093033,0.10333407092261884,0.42184312705627036,False
CG7484,1.6279875,0.007634862,0.10352753277770789,0.42250164851921096,False
ctp,1.6273352,0.10333058,0.10366591748197604,0.422898890482891,False
CG11999,1.6272254,0.074572675,0.10368923408689405,0.422898890482891,False
CG4022,1.6269203,0.0037508025,0.103754015940562,0.42303180995188494,False
rl,1.6260871,0.054709923,0.10393114494922605,0.4234912172954355,False
CG31111,1.624707,0.59793156,0.10422500553575949,0.42455697388264585,False
Lint-1,1.6238106,0.32654783,0.10441623620641378,0.42508362725403503,False
CG17724,1.623654,0.027872624,0.10444967346075039,0.42508362725403503,False
Hsc70-4,1.6236463,0.035537105,0.10445133798061633,0.42508362725403503,False
Sap30,1.6196026,0.072377995,0.1053176895135226,0.42847670523133147,False
Prosbeta7,1.617043,0.08598302,0.1058689979061026,0.43045312545918757,False
Wwox,1.6167333,0.2358219,0.10593585321970449,0.4305917250727302,False
CG10702,1.6155761,1.0206805,0.10618597735741497,0.4313415543906616,False
Sema1b,1.6117281,0.035159126,0.10702112803736351,0.43433126730666893,False
CG32428,1.6109865,-0.03277765,0.10718266463086581,0.4348525458209965,False
UbcE2M,1.6092111,0.008136974,0.10757019569837968,0.43629010545444674,False
Tspo,1.6078438,0.016330238,0.10786939122947907,0.4373048110871802,False
Ype,1.6077638,-0.04431575,0.10788693383643849,0.4373048110871802,False
Cand1,1.6056298,0.120355554,0.10835528479723906,0.4390677759853588,False
otk,1.6050338,0.31053135,0.10848636480627925,0.439463415511503,False
Ns4,1.6048383,0.37794214,0.10852941007509334,0.439502304405794,False
Fbxl4,1.6034763,0.2657376,0.10882954218130426,0.4405819512644853,False
VepD,1.6032627,0.042603374,0.10887668277460227,0.4406370459935474,False
vg,1.601213,0.29389355,0.10932975656967571,0.442334461540058,False
FMRFaR,1.6010529,0.07802379,0.10936521932463883,0.44234175042938717,False
CAH1,1.6008431,-0.071657136,0.10941167987414291,0.44239350314649595,False
ND-19,1.5987127,-0.0014447855,0.10988446871332819,0.4441685030334807,False
alphaCOP,1.5974407,0.088935114,0.11016751124506707,0.44517566582762186,False
Nubp2,1.5965436,0.20109084,0.11036748517322707,0.445744704899202,False
CG42747,1.5964833,0.29787058,0.11038092180799197,0.445744704899202,False
CG12279,1.5963526,0.0044697076,0.11041009165565044,0.445744704899202,False
Der-1,1.5955427,0.01698728,0.11059093814625662,0.44633768985870953,False
Slh,1.5951724,0.19595164,0.1106736864428289,0.4465345144443398,False
CG18809,1.593194,0.025194407,0.11111668431427633,0.4481842690527641,False
CG7084,1.5926232,0.32506597,0.11124475029835865,0.44842906205155486,False
CG13255,1.5925165,0.40818667,0.11126869111903656,0.44842906205155486,False
RhoGAP18B,1.5924673,0.51046354,0.11127974821932275,0.44842906205155486,False
Pdss2,1.5889951,0.018832337,0.11206150187226711,0.45144089396182163,False
ND-30,1.5885936,-0.019791244,0.11215216081473496,0.4516676510163752,False
Adf1,1.5866815,-0.015814075,0.11258480529366005,0.45327111714582924,False
Sap130,1.5864246,0.08827248,0.1126430242192467,0.45336660988211974,False
Sps2,1.5850517,0.5196258,0.11295459683930621,0.45448143204694513,False
alpha-Est9,1.5837053,-0.008853359,0.11326079821107636,0.4554345622067792,False
Hcs,1.5829223,0.11474442,0.11343917901988858,0.45587902661059737,False
Tsf1,1.5829155,-0.048444122,0.11344071356948887,0.45587902661059737,False
CG11590,1.5817792,0.36121157,0.11369996378725135,0.4567811752150015,False
mRpL4,1.5813481,0.0011002579,0.11379846672068084,0.4570371794549104,False
SmF,1.5811483,0.28875574,0.11384413917776545,0.45708091443171883,False
disp,1.5793211,0.07370515,0.11426242029838891,0.45862017872361904,False
ari-2,1.5783383,0.07561894,0.11448791758935785,0.45938495421122183,False
CG10737,1.5773065,0.024326026,0.11472500948104705,0.4600788674174604,False
Ssu72,1.574909,0.21213971,0.1152774632619434,0.4621296963774247,False
H,1.5738747,-0.034340985,0.1155164135898238,0.46280524115362026,False
CG31051,1.5733641,0.0045420337,0.11563451782858182,0.46313721389375,False
CG7149,1.5714155,0.40493095,0.11608617020349754,0.4646629188681575,False
Nelf-A,1.571075,-0.037693635,0.1161652282772326,0.4648377785600224,False
l(2)k01209,1.5696079,0.17859623,0.11650637775381695,0.4660609771881,False
sPLA2,1.5691476,0.048900627,0.11661355574658247,0.46634775899751685,False
TfIIB,1.5682994,0.08923812,0.11681128295589925,0.4669963703448349,False
CG3270,1.5679561,0.34773397,0.11689139021319218,0.4671745008490141,False
Tbc1d8-9,1.5668552,-0.033309035,0.11714853694493861,0.4680598735157915,False
kraken,1.5666674,-0.0010182859,0.117192446000181,0.46809298871987187,False
Prosalpha1,1.5639609,1.30686,0.11782675251357017,0.47034063024933953,False
olf186-M,1.5629529,1.2702409,0.11806367517566578,0.4711432600921421,False
CG42336,1.5626302,0.032200087,0.1181396193365616,0.471303199059428,False
CG2790,1.5613394,-0.030379532,0.11844369568084866,0.47237286948164864,False
CG7381,1.5600249,0.23052996,0.1187539948724657,0.4734667010373398,False
Hrd3,1.5595164,0.09841889,0.11887418704773707,0.4738021510446808,False
Ddrgk1,1.5578839,0.06407638,0.11926078696646397,0.47505486557329585,False
Coa7,1.5568393,-0.028574767,0.11950863327822238,0.47575369582221155,False
CG32112,1.5556276,0.079310656,0.11979666732216966,0.4766115668424558,False
D1,1.5539061,-0.003915426,0.12020682933996306,0.4780986514396049,False
Rpn2,1.5495272,0.01373275,0.12125504309871363,0.48212179163697305,False
Ubi-p63E,1.5492122,-0.04426146,0.12133071736140631,0.48227675645681795,False
CG6094,1.5489334,0.08673268,0.12139773990941187,0.4823146784403835,False
sosie,1.5487105,-0.12803136,0.12145132766803396,0.4823146784403835,False
cv-d,1.5485401,0.9605035,0.12149231902385972,0.4823146784403835,False
CG9801,1.5484728,0.11557068,0.12150851401635213,0.4823146784403835,False
ERR,1.5484093,0.046139564,0.12152377294849022,0.4823146784403835,False
CAH8,1.5471891,0.37639207,0.12181765009591339,0.4831891759463923,False
CG10904,1.5469669,0.18948519,0.12187121185707249,0.483255761923292,False
ebi,1.5464412,0.02375222,0.1219980565933101,0.4836128089570704,False
Rab26,1.5449815,-0.02555842,0.12235075415936005,0.48486467442947834,False
Isha,1.5444578,-0.0035443772,0.12247747415347743,0.48522052693724654,False
CG1371,1.5438505,0.10961178,0.12262455658980172,0.48565681077353356,False
Fhos,1.5431961,0.4122546,0.12278320651129274,0.48613863114338596,False
CG9743,1.5419167,1.1614326,0.12309384011676669,0.48722173282362374,False
Tpc1,1.5417349,0.061893165,0.1231380203078921,0.4872498418747395,False
CG7747,1.5399188,0.13316135,0.12358015806653086,0.4888521544708856,False
icln,1.5395145,0.21161611,0.12367874224676363,0.48909489974863707,False
AP-1mu,1.5386517,-0.024511851,0.12388933532491413,0.4897803115236753,False
Oser1,1.5370315,0.043842573,0.12428559134169112,0.4911990844574926,False
Gmap,1.536166,0.11860307,0.12449768508642435,0.4917371788337517,False
ABCB7,1.536082,0.034224782,0.12451827571018707,0.4917371788337517,False
Fkbp59,1.5357652,-0.03885944,0.12459597057863682,0.4918340791150095,False
Src42A,1.5354881,-0.016815182,0.12466396285804329,0.4919546954707348,False
CG5355,1.5347041,0.18620963,0.12485653260539047,0.49245699380950425,False
CG4806,1.5346648,0.0010886997,0.12486619765415631,0.49245699380950425,False
CG31817,1.5340999,0.54306686,0.12500505558546823,0.4928567163062221,False
Sirt4,1.5332426,0.048158266,0.1252160988485917,0.4935407183471336,False
Sec24AB,1.5328978,0.06041674,0.1253010304342448,0.4937273885866299,False
pod1,1.5318501,-0.03728305,0.12555941774108326,0.4945240784049379,False
Brms1,1.5317729,0.032093957,0.12557848334504815,0.4945240784049379,False
CG12929,1.5313449,0.194771,0.12568417216673647,0.49479200312854527,False
Tusp,1.530643,-0.040662725,0.12585764133832741,0.4953265243566818,False
CG13707,1.5296212,0.21483646,0.12611051638882365,0.49617314247471,False
MED28,1.5292332,0.055015143,0.12620663182391278,0.4963532374377896,False
kel,1.5291315,0.10475962,0.12623183315707273,0.4963532374377896,False
CG13630,1.5269341,0.39553332,0.12677738577145584,0.49834927502922555,False
Aos1,1.5247414,0.09920277,0.12732362265327196,0.5003468078010307,False
CG16986,1.5240873,0.0012792785,0.12748690338550608,0.5007842378324203,False
Tim9a,1.5239903,0.04831135,0.12751115286411066,0.5007842378324203,False
Chrac-16,1.5232334,0.3296172,0.12770031562645887,0.5013773073341189,False
Not10,1.5225319,0.061635368,0.12787585799560486,0.5019165621028205,False
SIDL,1.5206587,0.24687901,0.12834551113306786,0.5034125881708184,False
AMPKalpha,1.5205691,-0.04211522,0.1283680191220304,0.5034125881708184,False
PrBP,1.5205535,-0.024086218,0.12837193386807794,0.5034125881708184,False
cpb,1.518339,0.083693266,0.12892894913140285,0.505446098011863,False
E(z),1.5171258,0.10474081,0.12923489952427067,0.5064944272736179,False
Liprin-alpha,1.5168506,-0.066155955,0.12930440654468214,0.5066157443064008,False
Hacd1,1.5164081,0.12541334,0.12941619746318395,0.5069026083051268,False
Khc,1.5162356,-0.04290492,0.12945980640883042,0.5069223230090706,False
dre4,1.5155472,0.13662076,0.12963390805658112,0.5074528405634592,False
Hakai,1.5152849,0.17500596,0.12970026320935948,0.5075613933395452,False
CG13315,1.5140367,0.574739,0.13001652921593485,0.5086475767867222,False
Septin1,1.511705,0.09015009,0.13060892042393693,0.5106832723105901,False
dbr,1.5116827,0.096222356,0.13061460149424647,0.5106832723105901,False
CG6503,1.5089195,0.5263498,0.13131936381487358,0.51328606778443,False
mRpS30,1.5061598,0.11312557,0.132026161449415,0.5158952683933281,False
ND-ASHI,1.5057534,-0.038526688,0.1321304922468238,0.5160120666557527,False
Indy,1.503146,0.81627285,0.13280138500182187,0.5182531261141265,False
VGlut2,1.5028701,0.50239176,0.13287255764621797,0.5182531261141265,False
Sys1,1.5028538,0.017353369,0.1328767613186804,0.5182531261141265,False
CG7083,1.5027418,0.03959512,0.13290564150404127,0.5182531261141265,False
Tip60,1.5004987,0.22618398,0.13348527509632419,0.520358943945653,False
CG5377,1.4998443,0.3074913,0.13365474491644735,0.5207803441675226,False
ph-d,1.4997522,0.0855804,0.13367861434198605,0.5207803441675226,False
Septin2,1.4996094,-0.032617703,0.13371561846922364,0.5207803441675226,False
Sdhaf3,1.4989642,0.08875961,0.13388292451934336,0.5211361111103943,False
Unc50,1.4982885,0.11002189,0.13405830543140104,0.5216483660381002,False
CkIalpha,1.4981514,0.11989352,0.134093918307336,0.5216483660381002,False
Etf-QO,1.4974098,0.4806783,0.1342866491163629,0.5222435205794984,False
l(2)37Bb,1.4939926,0.21169803,0.13517756371584155,0.525397327651545,False
CG8034,1.4932524,0.479201,0.13537112628403622,0.5259433995683466,False
glob1,1.4931493,-0.038764514,0.13539810674527938,0.5259433995683466,False
Es2,1.492253,0.30720562,0.1356328542295793,0.5266849187988734,False
SerRS,1.4921144,0.10246549,0.13566916141345303,0.5266849187988734,False
Atg101,1.4909366,0.019231932,0.13597812212277655,0.5274955800101747,False
CG12926,1.4908594,0.25780252,0.13599840385621123,0.5274955800101747,False
CHMP2B,1.4904853,0.055057246,0.13609668237911252,0.527721010074924,False
eIF2gamma,1.4890606,0.048832577,0.13647140586059028,0.5289888192233052,False
deltaCOP,1.4889363,-0.026867187,0.1365041538685205,0.5289888192233052,False
Prp3,1.4882355,0.06459239,0.13668881302089003,0.5293921874174818,False
nemy,1.4855466,0.3807829,0.13739908438188086,0.5319862604190619,False
CG34376,1.4846878,0.2497176,0.13762655064381377,0.5325531513575844,False
Nmt,1.4827373,0.2753225,0.13814421385569742,0.5343989150066882,False
rdog,1.4822116,0.21943109,0.13828401839641408,0.5347823089309234,False
GCS2beta,1.4810448,0.27168053,0.13859463439631875,0.5357897795009346,False
CG3803,1.4809269,0.14053118,0.13862607490321724,0.5357897795009346,False
Prosalpha3,1.4804109,-0.015271369,0.13876360904017912,0.5361636537480134,False
Ace,1.4783036,0.08071825,0.1393265505236496,0.538068881494027,False
skl,1.4782585,0.14477889,0.13933858943186775,0.538068881494027,False
CG17600,1.4774529,0.007935138,0.13955428781638524,0.538743506520305,False
Golgin84,1.4761763,0.08044299,0.13989657347357548,0.5399062766567564,False
p47,1.4747406,0.05909864,0.14028228556589187,0.5412359115153802,False
CG9586,1.473277,0.052435838,0.14067635927816108,0.5425970171042896,False
Mdr49,1.4719657,0.8320952,0.1410301358891335,0.5436424217421834,False
kumpel,1.4697591,0.5919207,0.14162701031379715,0.545783150303111,False
DIP-lambda,1.4686413,0.0998327,0.1419301165438163,0.5467908711528262,False
Hnf4,1.4681661,0.52643156,0.14205909949935067,0.5471273817470594,False
qless,1.4666252,-0.001718936,0.1424780238448381,0.5485800502036382,False
Mdr65,1.4641147,1.1894914,0.14316262479933906,0.5510544969209474,False
Fkbp39,1.4630833,0.024227267,0.14344459605267482,0.5518322421158763,False
CG12299,1.4630684,0.083597265,0.14344866745817164,0.5518322421158763,False
CG31974,1.4617515,0.5466725,0.14380933802045245,0.5530578024368643,False
CG32532,1.4602311,0.45572147,0.14422656965317743,0.5541758338632762,False
Mtpbeta,1.4586838,0.20325859,0.14465214316196945,0.5556485861711314,False
CG9641,1.4577839,0.12431696,0.14490011382886728,0.5564384558226606,False
ATP8B,1.4564152,0.040148184,0.14527786811945795,0.5577261072035632,False
Agl,1.4562339,0.49575815,0.14532799203006366,0.5577555909074376,False
Rhau,1.4543103,0.43751344,0.14586029675112713,0.5594717336855112,False
ZnT63C,1.4531075,-0.011642515,0.14619392871016354,0.5605878077561304,False
Mad1,1.452324,0.16959116,0.1464115209347998,0.5612584004096278,False
CG30389,1.4518479,-0.06490666,0.1465439097014019,0.5616020756448301,False
Set2,1.4508013,0.0091323005,0.14683521099679495,0.5621837960965502,False
Idgf3,1.4507899,0.39654246,0.14683836901941955,0.5621837960965502,False
CG3065,1.4504427,0.15067145,0.14693510861967762,0.5621837960965502,False
CG1983,1.4504328,0.040910337,0.1469378733242646,0.5621837960965502,False
Capr,1.4503807,-0.027002161,0.14695238867602545,0.5621837960965502,False
SrpRbeta,1.4499339,0.06338225,0.14707694977315672,0.5624965648920408,False
Arp1,1.4491597,-0.02502044,0.14729297435700445,0.5631077090871942,False
RabGGTa,1.4489433,0.12647957,0.14735342552557143,0.5631077090871942,False
raw,1.4489007,-0.055558555,0.14736530032348077,0.5631077090871942,False
CG16743,1.4485595,0.2375701,0.14746062206981425,0.5633081495986711,False
Prosbeta4,1.4480331,-0.021360608,0.1476078049987438,0.5637065287673618,False
bsk,1.4469769,-0.041069098,0.14790340078060968,0.5645044170265532,False
lncRNA:CR46006,1.4469322,-0.061029516,0.1479159048889505,0.5645044170265532,False
CG1635,1.4466891,0.026664892,0.14798399698294867,0.5645044170265532,False
pcx,1.4466729,0.015832668,0.14798856378178799,0.5645044170265532,False
Sec5,1.4442321,0.16231538,0.14867370786035783,0.5669533357495538,False
jet,1.4424807,0.089891754,0.1491668034721169,0.5686686870980818,False
Alr,1.4406784,0.100631475,0.1496755663115968,0.5704427543215469,False
tzn,1.4383318,-0.016249677,0.15033993058034878,0.5724766814709833,False
Rb97D,1.4377823,-0.0668979,0.15049583844681208,0.5729043490815636,False
CG12177,1.4371806,-0.0004174644,0.15066666418745253,0.5733885415833518,False
PNUTS,1.4360206,-0.0002066666,0.1509964591590603,0.5744772639864537,False
apt,1.4350641,0.6986338,0.15126884790242034,0.5751805353835954,False
cag,1.4324571,0.08553098,0.15201305783318386,0.5776759956581461,False
Acbp7,1.4312953,0.004276627,0.1523456021816103,0.5787723498897198,False
mxc,1.4307926,0.046540532,0.1524896835842183,0.5791522924798302,False
CG31908,1.4303075,0.091274,0.15262878638826544,0.5792881335796053,False
fzr,1.4301194,-0.046744876,0.15268276678177814,0.5792881335796053,False
CG8031,1.4300811,0.28750497,0.15269374762244653,0.5792881335796053,False
Brr2,1.4300531,0.08159408,0.1527017802845866,0.5792881335796053,False
CG5498,1.4293424,0.45327637,0.15290585665371864,0.5797895840630966,False
CG4991,1.4292445,1.1059468,0.152933951188065,0.5797895840630966,False
CG5989,1.4291319,0.11851019,0.15296632584634012,0.5797895840630966,False
CG4617,1.4288464,0.06610983,0.15304840572371928,0.5799334197276225,False
a,1.4279495,0.32781953,0.15330637062200558,0.5805760854016644,False
CG17746,1.4250779,0.028383495,0.15413467453159943,0.5835447300546668,False
CG9953,1.424374,0.054588806,0.15433825744612098,0.5839789925423196,False
Nop56,1.4241974,0.042721346,0.15438931325274652,0.5840040199926143,False
Trl,1.420181,0.19283196,0.15555497285445777,0.5877366010006985,False
Thor,1.4197956,0.80464023,0.15566720024610067,0.5879915718407615,False
Ttc19,1.4194802,0.058983307,0.15575904958770476,0.5881694455839162,False
Npc1a,1.4175465,-0.04016773,0.15632322311751198,0.5901302714700446,False
mthl8,1.4168017,0.010476812,0.15654091212682436,0.5907022564054559,False
128up,1.415123,0.12124638,0.15703243570108907,0.5922971405132066,False
Capa,1.4146929,1.1943337,0.15715856503425446,0.5926027842511157,False
TwdlG,1.4115126,0.32592493,0.15809351634056856,0.5959572284083222,False
fws,1.4109688,0.13649842,0.1582538247653521,0.5963904534675916,False
CG1105,1.4101223,0.1251909,0.1585035658947691,0.5971603668070988,False
CG12112,1.409852,0.6719343,0.1585833911734419,0.5972002031004647,False
rad50,1.4097435,0.13406318,0.15861541352990405,0.5972002031004647,False
CG8132,1.4096249,0.03104902,0.15865047629736873,0.5972002031004647,False
Hip14,1.4080564,0.016104871,0.15911437938610162,0.5987749311319477,False
dpr15,1.4047401,0.049170967,0.16009858726578907,0.6022492123148195,False
Gle1,1.4046161,0.06716743,0.16013547898137137,0.6022492123148195,False
CG10413,1.4043645,0.16072738,0.16021033620312197,0.6022492123148195,False
Urm1,1.4038287,0.22018884,0.16036983860205145,0.6024642793223437,False
CG4676,1.4030557,0.49008426,0.16060023152583147,0.6031573713863823,False
CG5726,1.40239,-0.005922414,0.1607988316636183,0.6036205711655329,False
CAP,1.4023343,-0.024475442,0.16081543411083865,0.6036205711655329,False
CG13685,1.4021732,-0.08479691,0.16086355679917197,0.6036287835231064,False
CenG1A,1.4009585,-0.048429184,0.16122646613098557,0.6046452601105256,False
Hug,1.400573,0.6263205,0.161341777737681,0.6049050788162242,False
CG8314,1.399316,0.022175277,0.1617182450207536,0.6059707607122108,False
CG3793,1.3989167,0.039199874,0.1618379661765289,0.606246497584312,False
Atg2,1.3982619,0.15956129,0.16203442391234857,0.6064897129054183,False
elgi,1.3982247,0.118417345,0.16204559168543842,0.6064897129054183,False
CG9135,1.3982226,0.111583985,0.1620462298614469,0.6064897129054183,False
Gbeta5,1.3980851,-0.033350587,0.162087502604355,0.6064897129054183,False
comt,1.3970077,-0.0076433294,0.16241125785530464,0.6075281353477251,False
CG3436,1.3958349,0.030246189,0.16276420607700604,0.6085019721359705,False
CG8545,1.3950782,0.30535254,0.16299227658627502,0.6091222748389588,False
CG10492,1.3949769,0.049841322,0.16302283240306048,0.6091222748389588,False
mEFTu1,1.3929608,-0.04102459,0.16363164180702072,0.6109556427289485,False
PpD3,1.3928471,0.05805212,0.16366603864061902,0.6109556427289485,False
Psn,1.3927366,0.10907333,0.16369947629926396,0.6109556427289485,False
trr,1.390104,0.036451545,0.16449728615072046,0.6136457009764106,False
lig,1.3899992,-0.05531248,0.16452913024086835,0.6136457009764106,False
pkaap,1.3897426,0.015285641,0.16460703872930882,0.6136457009764106,False
CG12170,1.3882985,0.15511596,0.16504616916378723,0.6151082555250506,False
beat-Va,1.3877603,-0.08335398,0.16521004495829383,0.615544428918894,False
Nab2,1.3872448,-0.046767883,0.1653671309879594,0.6159550647145052,False
Spt-I,1.3870192,-0.02793135,0.16543593872722362,0.6160367443509338,False
CG4069,1.3862233,0.25349912,0.16567872003066164,0.6165913508702704,False
CG12746,1.38602,0.1808814,0.16574080953000658,0.6166477854002878,False
tj,1.3854924,0.36536112,0.165901956054598,0.6170726307708668,False
lov,1.3839458,0.09977651,0.16637503587300717,0.6186571438616829,False
CG13339,1.3821595,0.0069854823,0.16692275083440467,0.6199808457010312,False
CG12091,1.382113,-0.03310547,0.16693699946963558,0.6199808457010312,False
Rab30,1.3820156,0.07637174,0.16696691370032335,0.6199808457010312,False
mav,1.3817517,0.023031745,0.16704797431061802,0.6201066187615343,False
Nasp,1.3814926,-0.0396784,0.16712754037610889,0.6202267743808095,False
Iru,1.38014,0.027423969,0.16754357537206999,0.6215951789848593,False
Nsf2,1.379679,-0.0053208894,0.16768551865633852,0.6216709745658343,False
Polr2B,1.3796201,0.052568186,0.16770363628557106,0.6216709745658343,False
Teh4,1.3796127,0.12025924,0.16770592837956644,0.6216709745658343,False
Mo25,1.3793561,-0.064853005,0.16778496543802834,0.6217885591712156,False
Pgam1,1.3781679,0.044967424,0.16815147725264257,0.6229711199822318,False
Dis3l2,1.3769944,0.050303414,0.16851398897589642,0.6241381987407708,False
Jheh2,1.3767768,0.78349406,0.16858125814672553,0.6242114154145169,False
Etl1,1.3764378,0.07559432,0.1686861462050604,0.6242828897805085,False
CG5793,1.3764073,0.19143815,0.16869557427977977,0.6242828897805085,False
Tecr,1.3754903,0.037828833,0.16897947857983464,0.6251574684734253,False
GlcAT-S,1.3750266,-0.0438867,0.1691232126655433,0.6253878920278434,False
TTLL5,1.3749822,0.03300716,0.16913694302313032,0.6253878920278434,False
FAM21,1.3747729,0.032642204,0.16920187147641175,0.6254519811734252,False
dpr18,1.3743707,-0.020937148,0.16932661729376863,0.6257370860116461,False
CG6013,1.3738633,0.034490768,0.16948410424608507,0.6261429895692449,False
Sox102F,1.3735594,-0.05727111,0.16957851705278604,0.626315708991192,False
HP4,1.3729568,0.05942153,0.16976580867495084,0.6268312705247342,False
CG10465,1.3714534,-0.037146743,0.17023366754183478,0.6283821980806884,False
Cdk9,1.3711692,0.16929425,0.170322209394972,0.6285324778599627,False
CG10340,1.370433,-0.01661797,0.17055178386185588,0.6292029735341517,False
CG17486,1.3700691,0.00070217426,0.17066533091839442,0.6294451623908563,False
enok,1.3688262,-0.022817535,0.1710536091065784,0.6305232755314296,False
bwa,1.3680651,0.07674551,0.17129168387626648,0.6312237851424615,False
CG4238,1.367893,-0.03333441,0.1713455843554148,0.6312453950138789,False
Ugt49B1,1.3664622,0.825613,0.1717939152875172,0.6323652215107181,False
CG14715,1.3658783,0.22527203,0.17197714142915888,0.6328623958332615,False
tsh,1.3635722,0.44169474,0.17270224742165374,0.6351749883481533,False
CG13185,1.3632814,0.19953074,0.1727938693782477,0.6353341459148162,False
CG31673,1.3625861,0.48790216,0.17301297185687026,0.6359618078800369,False
bonsai,1.3622369,-0.014807567,0.1731231598474563,0.6361703735034839,False
CG12121,1.3620993,0.002485721,0.17316653420759165,0.6361703735034839,False
Ire1,1.3603697,0.014122404,0.17371298528415735,0.6378212739924872,False
Adi1,1.3561577,0.17644654,0.17504901745518464,0.6422583613990643,False
VhaAC45,1.3560978,-0.048757643,0.17506806563666755,0.6422583613990643,False
pita,1.3550799,0.1347017,0.17539212142525384,0.6432240739560852,False
CG15478,1.3549381,0.28390238,0.17543727430105682,0.6432240739560852,False
CG12159,1.3548099,0.33005252,0.17547814512841986,0.6432240739560852,False
Mcad,1.3531269,0.25444826,0.17601509186144437,0.6446528211123859,False
CG3568,1.3525732,0.49422374,0.176192043213796,0.6451211033358856,False
asRNA:CR43906,1.3523436,0.71034145,0.1762654438806719,0.6452100830183591,False
CG31229,1.3507506,-0.007852883,0.1767753455224731,0.6468963563104481,False
mRpS18A,1.3497443,-0.031365007,0.177098002365485,0.6476868669316531,False
CG40439,1.3496115,0.7288757,0.17714063947035508,0.6476868669316531,False
slgA,1.3495034,0.1035257,0.1771753232874247,0.6476868669316531,False
AstA,1.3494623,0.4618022,0.17718851583740147,0.6476868669316531,False
CG12877,1.3487864,0.057575893,0.17740561555021717,0.6483001095510023,False
Nmnat,1.3485447,0.023068763,0.17748326422279803,0.6483668363135396,False
Snx16,1.3484224,0.29109743,0.1775225536151066,0.6483668363135396,False
CG5180,1.3480713,0.21882087,0.17763544699288325,0.6485988910623726,False
Epg5,1.3474704,0.22707361,0.17782877703082367,0.649124433045015,False
qkr58E-2,1.3467579,-0.06442704,0.17805821741264893,0.6496181388376061,False
Stim,1.3467433,0.010752813,0.17806289750346682,0.6496181388376061,False
Irk2,1.3462473,0.05707098,0.17822276042937069,0.6500208978080378,False
CG8839,1.3458183,0.29824212,0.17836112799597303,0.6503450563249394,False
Sqor,1.3454958,0.29207954,0.17846515621647463,0.6504092911794283,False
Sec10,1.3447791,0.10507334,0.1786965806777875,0.6510262729932923,False
CG33941,1.343087,0.12653129,0.17924382472513023,0.6528389968716565,False
Meltrin,1.3425342,-0.05785758,0.17942284249500362,0.6533099399353955,False
Ero1L,1.3421828,0.090565816,0.1795367485522903,0.6535436046331432,False
CG10948,1.3420137,0.010757281,0.17959153904721514,0.6535620090333575,False
Naa35,1.3414954,0.1970505,0.17975966372530816,0.6539927300703972,False
Taf6,1.3409958,0.091971315,0.17992180843202532,0.6544014626640589,False
Trs20,1.3404629,-0.005065246,0.180094882555078,0.6545941999078606,False
Cfp1,1.3403726,0.12907691,0.18012423916496645,0.6545941999078606,False
Bub3,1.340109,0.05632107,0.18020991171125833,0.6547244815586524,False
Arpc2,1.3383995,0.04253109,0.18076625150571313,0.6565642097945208,False
CG31098,1.337576,0.11379696,0.18103467168804244,0.6573574525152158,False
fipi,1.3371576,-0.059803583,0.1811711896057121,0.6575258986337076,False
drosha,1.3371272,0.17259824,0.1811811337761704,0.6575258986337076,False
Ork1,1.3365362,0.9560289,0.18137408457556292,0.658044407898253,False
Tmem208,1.3353142,0.08935674,0.18177354141156143,0.659311649928051,False
Ravus,1.3346591,0.12707874,0.18198795776434018,0.6599072166062897,False
mRpL11,1.3316779,0.035127487,0.18296604368478697,0.6631841639656763,False
Irk3,1.3315972,0.6380466,0.1829926016695489,0.6631841639656763,False
KCNQ,1.3303645,0.090412505,0.18339819837126947,0.6644708367236979,False
CG9795,1.3295858,0.021109814,0.18365479371576632,0.6650117041039177,False
CG11791,1.3294845,0.03566318,0.18368820100516847,0.6650117041039177,False
CG9391,1.3294507,-0.009103815,0.18369929882788383,0.6650117041039177,False
CG5446,1.328317,-0.03852592,0.18407341038747527,0.665999087528032,False
Nop60B,1.3272271,0.110484965,0.1844335566126899,0.6671184606241007,False
mRpS6,1.3262305,-0.02993958,0.1847633664575693,0.6681275175065817,False
Appl,1.3251456,0.10810613,0.18512286614831153,0.6691849905924535,False
CG4004,1.3250407,0.006866462,0.18515764597779172,0.6691849905924535,False
Hydr1,1.3245698,0.16964641,0.1853138622855428,0.6695654287309096,False
Ulp1,1.3241043,-0.0076368707,0.18546841124867242,0.6699396350244101,False
CG34347,1.3233503,0.05723496,0.1857189027428401,0.670660099187596,False
Hacl,1.3229365,0.2909129,0.18585649683831895,0.6709725892726235,False
santa-maria,1.3217688,0.19389121,0.18624518245054655,0.6721911405060786,False
AIMP1,1.3212255,0.099228665,0.1864261682633297,0.6722904163414971,False
Cerk,1.3201255,0.078291945,0.18679314235143596,0.673428994139978,False
CaBP1,1.3189846,0.05615787,0.18717427141488918,0.6746179650748927,False
NdufAF4,1.3180602,0.030584633,0.187483501549372,0.6753620323081955,False
CG4853,1.3162731,0.083387144,0.18808240770936624,0.6773337680758514,False
Obp99c,1.3161105,0.42240307,0.1881369776904941,0.6773446640632282,False
CCT5,1.311935,0.118692435,0.189542085926801,0.682029723757966,False
Mpv17,1.3116848,-0.011979547,0.1896265061307073,0.6821467060124896,False
Ge-1,1.3102113,0.06774303,0.19012438247021513,0.683750550093349,False
CG12769,1.3088539,-0.05856944,0.1905838450534697,0.685027983546949,False
Lap1,1.3081952,0.08647446,0.19080709451582345,0.6856428846137369,False
Hykk,1.3068701,-0.0070767673,0.19125681856018262,0.6870710368232257,False
CG9467,1.3061523,0.03283161,0.1915007645855712,0.687759373440555,False
CG12171,1.3045626,0.16605061,0.1920418487057537,0.6895141895744015,False
CG17574,1.3043993,0.09510473,0.19209750398571301,0.689525621381113,False
Ldaf1,1.3021933,0.23035933,0.19285031409337705,0.6920387704809032,False
CG3847,1.3016998,0.008849729,0.1930190435676178,0.692455160120684,False
CG11779,1.3010857,0.012315784,0.1932291074837229,0.692830477883657,False
spt4,1.2982382,0.018936995,0.19420550019121907,0.6958909318602577,False
MESR6,1.2981333,0.21813616,0.19424152941659123,0.6958909318602577,False
wal,1.2977141,0.025652416,0.19438557357982467,0.6960911455618467,False
Hap40,1.2976625,0.024729516,0.194403356229509,0.6960911455618467,False
CG9426,1.2969861,-0.022857979,0.1946359803225972,0.6967342460962271,False
Lnpk,1.2949127,0.054484922,0.19535035714731086,0.6991010466429226,False
CG31344,1.2942809,0.0074098213,0.1955683966545716,0.6996907978322149,False
Nhe1,1.293979,0.1548655,0.19567264900212633,0.6998732391227388,False
Ada3,1.2927716,0.17877115,0.19609006575779098,0.7011753888770424,False
CG11309,1.2914639,0.156092,0.19654288033877798,0.7026033706561157,False
PTPMT1,1.2901849,0.15548357,0.19698649817154246,0.703997708042491,False
Aatf,1.290018,0.07023214,0.19704443141700645,0.7040132879964334,False
Echs1,1.2891616,0.08420706,0.19734191993268713,0.7047914918011673,False
foi,1.2890822,0.010147176,0.1973695068737764,0.7047914918011673,False
CG2698,1.2884569,-0.026786419,0.19758697593850383,0.7053763789209124,False
ken,1.2868909,1.1288607,0.19813234195788898,0.7071312074059259,False
CG13623,1.2862229,-0.036943734,0.19836525912326386,0.7077702606947626,False
Cyp9f2,1.2856897,0.554846,0.19855136586870958,0.7082419920957417,False
Dad1,1.2847781,-0.03316317,0.19886983603826625,0.709044304488799,False
MED7,1.284737,-0.006793103,0.19888420259841055,0.709044304488799,False
aph-1,1.2837658,0.087340295,0.19922389528491724,0.7100627089609703,False
NKCC,1.2823447,0.7718543,0.19972174316515834,0.7116440962400613,False
anne,1.2816474,0.10456422,0.1999663446240335,0.712322508729852,False
Sf3b3,1.2780432,0.76620907,0.20123422893740484,0.7162473988454102,False
CG7694,1.2777412,0.14410152,0.20134068117608594,0.7162473988454102,False
Atpalpha,1.2753164,0.04607086,0.2021972879652767,0.718905454857062,False
TFAM,1.2749741,0.091858506,0.20231840777780474,0.7191415192340093,False
Inx3,1.2745769,0.16007265,0.20245902819841377,0.7194467521783005,False
rux,1.2737237,0.066716366,0.2027613331754603,0.7203262176963298,False
CG7903,1.2718934,0.0033424455,0.20341099197405188,0.7224388771705448,False
CG34232,1.2698643,0.59107727,0.20413297004729136,0.7247068323416826,False
NdufAF1,1.2697889,0.073325664,0.20415985795060565,0.7247068323416826,False
CG6791,1.2692968,0.12938544,0.20433526056986906,0.725133583350972,False
CG10898,1.2690171,0.13186346,0.2044349441281741,0.7251463556586798,False
CG13760,1.2681937,-0.020990873,0.20472876765053805,0.7259419146507611,False
lncRNA:CR45674,1.2674586,0.688343,0.2049913694855069,0.7265824251230376,False
RPA1,1.2673784,0.19021761,0.20501998572073843,0.7265824251230376,False
dod,1.2671684,-0.04893134,0.20509508549101996,0.7266070486087917,False
mio,1.2670497,0.4292867,0.20513752000141672,0.7266070486087917,False
Pld3,1.265067,0.4598757,0.20584731035525317,0.7289246848230617,False
JhI-21,1.2645282,0.36158457,0.20604054031166852,0.7294123761410657,False
CG8001,1.2641175,0.10612071,0.20618786971028713,0.7297373541241269,False
dpr20,1.2634612,-0.045224044,0.2064234504556065,0.7301778095389301,False
lncRNA:CR45911,1.2626411,0.047589503,0.20671820116077932,0.7310236494762652,False
mRpL44,1.2622981,0.05076668,0.20684153951815876,0.7312630268517956,False
Wdr37,1.2608653,0.0033020684,0.20735738616896582,0.7328895674143033,False
CG31717,1.2604234,0.0033548109,0.20751663977124934,0.7331816553392783,False
SA1,1.2601223,0.089236915,0.2076252435892264,0.7331816553392783,False
Archease,1.2600238,0.11278181,0.2076607723717735,0.7331816553392783,False
Sf3b1,1.260017,0.083533034,0.20766320075890676,0.7331816553392783,False
CG10628,1.2589393,0.08655163,0.20805226401641053,0.7343579912542709,False
MED19,1.2574416,-0.085922375,0.2085937625358225,0.736071598679711,False
Rel,1.2553909,0.24110754,0.20933688834581732,0.7384955838261438,False
Mettl1,1.2543801,0.19578804,0.20970389194962014,0.7395917456011696,False
Lkr,1.253202,0.650448,0.21013220017530632,0.7409034726331366,False
vtd,1.2525787,-0.06338535,0.21035904079920242,0.7415043334609225,False
Mpi,1.2523344,0.09321319,0.21044807156453982,0.7416192299355371,False
blp,1.2515715,-0.024790924,0.21072604861772748,0.742304488430085,False
conu,1.2514907,-0.03260042,0.21075550158531675,0.742304488430085,False
Fam114A,1.249029,0.047514748,0.21165447055098374,0.7451507388506403,False
Usp8,1.2489673,0.10019271,0.21167701911037518,0.7451507388506403,False
CG6843,1.2484777,-0.026824115,0.21185617335521367,0.7455816748957855,False
CG13654,1.2482616,0.1510528,0.21193528496867053,0.745660396190977,False
CG11927,1.2479944,0.15165336,0.21203310160987077,0.7458048683766895,False
mRpL27,1.2461531,-0.028068237,0.21270819734395796,0.7479792403791682,False
Karybeta3,1.2458661,-0.04635205,0.2128135568513868,0.7481495319914592,False
CG6178,1.2456422,0.33701003,0.21289578944950693,0.7482384512318724,False
spas,1.2422224,0.05328178,0.21415450993827467,0.7524610735558469,False
PMP34,1.2415417,-0.023178982,0.21440566729855415,0.7529680079326773,False
CG4119,1.2415209,0.011193191,0.214413384497685,0.7529680079326773,False
CG4020,1.2408127,2.7774549,0.2146749720316119,0.7536852277497762,False
CG9215,1.2403443,0.2550396,0.21484809422773865,0.7540915614975195,False
CG9154,1.2386712,0.17021313,0.21546728422362704,0.7560629057363639,False
Rpt4,1.2384444,-0.015278514,0.21555130545429435,0.7561558208688953,False
Pih1D1,1.2382457,-0.0073674363,0.21562497472312026,0.7562123813281354,False
CG34279,1.2375385,1.3158474,0.2158872320381734,0.7568498715599977,False
Awh,1.237445,0.5583132,0.21592193657091785,0.7568498715599977,False
Vps20,1.2368863,-0.0067480155,0.2161293272465138,0.7573747971590501,False
Bet3,1.2351968,-0.006672049,0.21675723734454722,0.7593726622086631,False
CG8407,1.2343059,0.49426198,0.21708897243938163,0.7603321393459259,False
mfrn,1.2292633,-0.036504555,0.21897309264454656,0.7665224854666985,False
Muc68D,1.2280133,8.864398,0.21944196213859246,0.7679592075800915,False
fidipidine,1.2269831,0.054899074,0.2198289754412135,0.769108776962989,False
CG1275,1.2260406,0.021616207,0.22018341219772208,0.7701437901757429,False
CG5646,1.2243572,0.097532414,0.22081748791152023,0.7721560959673462,False
repo,1.2241379,0.16116214,0.22090019689936424,0.772239821083944,False
goe,1.2236267,0.7806327,0.22109309261409493,0.7727085984153781,False
Pex13,1.2227387,0.016833901,0.2214283737017061,0.7736746234549641,False
CG3587,1.2221624,0.4583728,0.22164624718084003,0.7742300197244602,False
Saf-B,1.2212986,-0.04505126,0.22197301006884773,0.7751653800995822,False
CG3955,1.220619,-0.0342308,0.22223032023242406,0.7758577678465155,False
Myd88,1.2200081,0.69243294,0.22246178645518677,0.7761448019247259,False
CG16758,1.2195348,0.31391636,0.22264127802234202,0.7764673658417187,False
alpha4GT1,1.2187415,-0.01780772,0.22294232002696068,0.7772046597721297,False
CG30183,1.2186661,0.47849032,0.22297097384833187,0.7772046597721297,False
Gnpat,1.2172445,0.023683926,0.22351118048348073,0.7788810455405517,False
Iml1,1.2165855,0.017282613,0.2237619425975702,0.7795481674641225,False
mRpS35,1.2137227,0.004320061,0.2248536100637798,0.7831437290877631,False
CG14450,1.2127931,0.15607645,0.22520894892650178,0.7841735023431796,False
Gp210,1.2122166,0.17025091,0.22542947660588286,0.7845945182997217,False
spin,1.2121649,0.06853629,0.22544927335056308,0.7845945182997217,False
lncRNA:CR45308,1.2114209,0.3298175,0.2257341583992235,0.785377965455175,False
Srp19,1.2110265,0.047718618,0.22588525162899897,0.7856956304014493,False
AANATL7,1.2099239,0.5584426,0.22630809841380828,0.7869581162360029,False
CG14650,1.2089736,0.077535875,0.2266729712902822,0.7880183904035974,False
SLC5A11,1.2086328,0.42583779,0.22680394883925636,0.7882651921969499,False
CG9662,1.2078055,0.021624273,0.22712208660547994,0.789146304998539,False
Rab3GAP1,1.2076613,0.10141894,0.22717757185978793,0.789146304998539,False
Nf-YC,1.2069031,0.058975298,0.22746947150672636,0.7899514601136076,False
Prosbeta6,1.2060889,-0.0004175554,0.22778322018644948,0.7907328016442187,False
atms,1.205793,0.044962395,0.2278973000788581,0.7907328016442187,False
CalpA,1.2057788,0.010291264,0.22790276600546744,0.7907328016442187,False
GMF,1.2056949,0.11223988,0.2279351535368922,0.7907328016442187,False
lncRNA:CR45660,1.2052644,0.60660446,0.2281012423805726,0.7909340747470601,False
RagC-D,1.2052325,0.044349056,0.2281135486866569,0.7909340747470601,False
CG9016,1.2014642,0.5108539,0.22957121279353143,0.7957782398627793,False
Afg3l2,1.2008657,0.010326838,0.22980329866341864,0.79637266554219,False
Coq3,1.2004951,0.0725531,0.22994711341424678,0.796616892346668,False
GatB,1.199779,0.18977204,0.2302251624023307,0.7969939038801442,False
Mecr,1.1993712,0.0336587,0.23038362367601906,0.7973324199964621,False
lncRNA:CR44978,1.1988682,0.08711651,0.23057922572481382,0.7977992641521271,False
mon2,1.197627,0.012618015,0.2310622614077783,0.7992601150722861,False
fuss,1.1961428,0.75136703,0.23164083440046934,0.8010505802254125,False
CG6006,1.195938,0.07214442,0.23172074684738297,0.8011161100556327,False
asRNA:CR44107,1.1941746,0.12757885,0.2324096611662816,0.8032865221951885,False
CG8837,1.1925367,0.96485025,0.23305087589628537,0.8052909703268699,False
hop,1.191478,0.09810446,0.23346598147455588,0.8065132656564508,False
CG32808,1.1901639,0.38553166,0.23398198026473527,0.8080833646935311,False
Cth,1.1894748,0.25115922,0.23425289288363815,0.8086492904979417,False
CG11597,1.189434,0.33248883,0.23426891780881698,0.8086492904979417,False
MICU1,1.1888824,0.022997838,0.23448595780585268,0.8091859168925185,False
CG15237,1.1882322,-0.020450508,0.23474193276743094,0.8096440258521811,False
CG5404,1.1880692,0.3775225,0.234806131887206,0.809648430346823,False
Bhmt,1.1879162,0.4427674,0.23486643455460687,0.809648430346823,False
Ptpa,1.1874539,0.03643776,0.23504866545901515,0.81006412609413,False
CG12012,1.186612,-0.00080984435,0.23538070837794944,0.8109957757720592,False
sowah,1.18561,0.043404993,0.23577635027088883,0.8120320075716428,False
Rexo5,1.1855373,0.0444501,0.23580504839003036,0.8120320075716428,False
Vha14-1,1.1849089,0.04440059,0.23605349534441833,0.8126746089392197,False
CG11504,1.1843898,0.07310056,0.236258806699154,0.8131684072377114,False
CG1965,1.183679,-0.09164569,0.23654014091163622,0.8139235380256118,False
CG30460,1.183036,0.34616804,0.23679489210409588,0.8145868264764199,False
Tmem131,1.1813424,0.18710516,0.23746673487051684,0.8164705292866201,False
asRNA:CR45629,1.180401,5.7418556,0.23784076564262935,0.8173288444847783,False
Nop10,1.1802285,0.58783686,0.23790936662050388,0.8173508462117756,False
CkIIalpha-i1,1.1798611,0.3193765,0.23805548958684786,0.8176390979249263,False
CG12567,1.1792889,-0.00964402,0.23828318431474216,0.8182072968591655,False
SdhC,1.1788782,0.027341718,0.2384466834943837,0.8185548243990847,False
CG6610,1.1781869,0.27091366,0.23872208827208097,0.8190723138337901,False
Pask,1.1775361,0.011740623,0.23898160581771077,0.8197487032238417,False
CCT7,1.1761557,0.16188993,0.23953266193946376,0.8214245069275817,False
Gnpda,1.1735618,0.11813556,0.2405705776373589,0.824553458720014,False
CG30010,1.1730106,0.10505612,0.24079158313307025,0.8250957480969169,False
Arlr,1.1713984,0.33297583,0.24143865991777957,0.8270973487955008,False
bsf,1.1711196,-0.018981243,0.24155070692543645,0.8272655302859422,False
Bre1,1.1701332,-0.032664947,0.24194736515815285,0.8284081098341028,False
CG1662,1.1695706,0.124978915,0.2421738250860469,0.8289675007699251,False
CG9213,1.168475,0.2536831,0.24261519368168782,0.8302620469195469,False
Gale,1.1679993,0.0737256,0.24280707677114943,0.8307023680941615,False
CG32091,1.167832,1.1393722,0.24287453979400409,0.8307168993839166,False
CG10265,1.166637,0.054657687,0.24335702671141102,0.8321505823613459,False
pck,1.1651248,0.059637062,0.24396850269437131,0.8340244781234999,False
CG8180,1.1649121,0.4896935,0.24405455107892582,0.8341016529852183,False
put,1.1635321,-0.07171034,0.24461366680207508,0.8357951626224827,False
CG34039,1.1615757,0.27619562,0.24540787350089277,0.838072990040341,False
Cbp80,1.1613159,0.1327471,0.24551343372240853,0.8382156488818319,False
CG17271,1.1610516,0.051799603,0.2456208987837173,0.8383647353030724,False
CG11593,1.1592638,-0.04631033,0.2463486667626229,0.8405604717440192,False
Kap-alpha1,1.1591572,0.005403868,0.24639212671470678,0.8405604717440192,False
Golgin245,1.1588408,-0.054072004,0.2465210943345978,0.8407821699068128,False
CG7627,1.1581924,0.19743031,0.24678553185458296,0.841465665309049,False
nSMase,1.1543156,0.07815673,0.2483708121845687,0.8464891577838801,False
Topors,1.1542745,0.14365527,0.24838765637429738,0.8464891577838801,False
Chpf,1.1540506,0.97560287,0.2484794422039982,0.8465824086084367,False
CG7632,1.1527977,0.15837726,0.24899341580598822,0.8481136539933881,False
Vps11,1.1525345,-0.07195455,0.24910150865360015,0.8482619655913344,False
CG1317,1.1521986,-0.058071967,0.24923947285899872,0.8482921297177162,False
park,1.1512303,0.16484658,0.2496375103545937,0.8494268574753278,False
Sps1,1.149778,0.1590759,0.2502353260824739,0.8512405954050711,False
CG13001,1.1495551,0.03913059,0.25032715054652743,0.8512723712157589,False
Mpc1,1.1493607,-0.048299145,0.2504073154524814,0.8512723712157589,False
CG8611,1.1492838,0.3139879,0.2504390067057396,0.8512723712157589,False
Rrp6,1.1482623,0.242217,0.25086031341985926,0.8523720787600794,False
PIG-B,1.1480557,0.08672678,0.2509455701239124,0.8523720787600794,False
mew,1.1480277,0.023459686,0.2509571244747544,0.8523720787600794,False
Swt1,1.1475774,0.07447321,0.25114306893285276,0.8526801647183024,False
Ppt2,1.1474937,0.1144065,0.251177605785294,0.8526801647183024,False
EMC5,1.144918,-0.06005877,0.25224314025143424,0.8556342555612022,False
CG30116,1.1431766,-0.0019253778,0.2529652947428507,0.8578624356685938,False
Use1,1.142441,0.11740923,0.25327075093807283,0.8584552329319617,False
CG6231,1.1419231,0.30008182,0.2534860191724583,0.8589633259270949,False
mEFG1,1.1414918,0.02438705,0.25366531018653393,0.8593492758858577,False
spz,1.1404009,0.23055457,0.25411930915958314,0.860665423109815,False
CG6959,1.1394805,-0.0990402,0.25450282423188086,0.8611877413300791,False
CG15027,1.139365,0.115137726,0.25455097655792736,0.8611877413300791,False
ClC-a,1.1391442,0.1431724,0.25464301534867895,0.8611877413300791,False
Gos28,1.1390358,0.02963503,0.2546882306786906,0.8611877413300791,False
CG11141,1.139022,0.1865467,0.2546939938180256,0.8611877413300791,False
Txl,1.1389302,-0.026330985,0.25473226927555115,0.8611877413300791,False
GXIVsPLA2,1.1385312,0.059897598,0.25489871796150565,0.8615288201471568,False
Taf2,1.136979,0.29456085,0.25554705003536016,0.863498016074741,False
CG10151,1.136449,0.040476758,0.2557687012133949,0.8640049841342169,False
CG4462,1.1363058,1.0787648,0.2558285817872489,0.8640049841342169,False
CG7530,1.135958,0.64819866,0.25597417369617714,0.8642745674566967,False
CG43324,1.1352305,-0.02401374,0.25627873865215234,0.8650806330921998,False
CG9205,1.1348585,-0.061248124,0.25643460462622025,0.8653844733932101,False
Hmt-1,1.1344925,0.04588071,0.25658801128524755,0.8656798604106388,False
CG13579,1.1338044,0.1006354,0.25687658234133404,0.8662407469056039,False
5-HT2B,1.1337818,0.053423364,0.25688609624009884,0.8662407469056039,False
PGAP3,1.1332992,0.06853897,0.2570886218911652,0.866676015623218,False
Rhp,1.13316,0.3534363,0.25714708050490276,0.866676015623218,False
T48,1.1323677,0.642109,0.25747986028572334,0.8675750882088951,False
Prp40,1.131562,-0.047632694,0.2578186018624957,0.8683956837122365,False
ash2,1.1314741,0.06256521,0.25785556333955917,0.8683956837122365,False
her,1.130677,0.01264179,0.25819106724492824,0.8688575709771067,False
Amacr,1.1303793,0.15777408,0.2583163995926795,0.8690266038100437,False
mura,1.1302437,0.0150121115,0.2583735591725014,0.8690266038100437,False
CG4972,1.1299709,0.06319073,0.2584885018309727,0.8691907376051209,False
HisT,1.1296846,-0.09227486,0.2586091550901537,0.8693739849167843,False
CG30291,1.129224,0.07686812,0.25880335734039384,0.8697616816007597,False
Pgant1,1.1290971,0.1884906,0.2588568553946101,0.8697616816007597,False
RN-tre,1.1286362,-0.037664276,0.25905133602885844,0.8701926397636065,False
Sol1,1.1268728,0.21063232,0.25979625957715724,0.8719434170219704,False
Nph,1.1267127,0.03802103,0.2598639852504814,0.8719434170219704,False
Sf3a1,1.1267112,0.017685132,0.25986458464727835,0.8719434170219704,False
CG14805,1.1266173,0.09042795,0.2599042968172177,0.8719434170219704,False
Miga,1.1245638,0.019125998,0.2607739203201511,0.8746269859133657,False
AIMP2,1.1244143,0.033557244,0.2608373151049753,0.8746269859133657,False
Myo95E,1.1224426,-0.023469951,0.2616743122662072,0.8769860080311728,False
Nsun6,1.121319,0.14074665,0.2621520720636734,0.8783631766926906,False
CG18048,1.1209195,0.28638965,0.2623221677855916,0.8787090509483709,False
AsnS,1.1200521,0.6295867,0.2626915738903608,0.8796846129673254,False
Dcr-2,1.1199213,0.12043653,0.2627472875653871,0.8796846129673254,False
GluProRS,1.119622,0.18437639,0.26287490110286593,0.8798876911341725,False
mEFTu2,1.1194504,0.19128378,0.2629480149915405,0.8799082925907395,False
CG14340,1.1187809,0.15787208,0.2632336561393268,0.8806398867940157,False
Atg16,1.1184846,0.27811232,0.26336007151556495,0.8808385593754234,False
CG10444,1.1175148,0.35255313,0.26377423885117623,0.8819993060415539,False
Mctp,1.1171259,-0.04984107,0.26394051622273607,0.8822299134137127,False
Nup62,1.1170394,0.036410876,0.26397747656515624,0.8822299134137127,False
Ufl1,1.116323,0.08648241,0.26428390003670255,0.883029425472237,False
P5CDh1,1.115715,-0.036924932,0.2645441431285126,0.8834497039013428,False
Taldo,1.1150444,-0.10080551,0.2648314343331021,0.8841844203687232,False
Dhrs4,1.1148448,0.009943224,0.2649169195122426,0.8842451712751792,False
DUBAI,1.1145564,-0.02876468,0.26504054981776026,0.8844331805879094,False
Phax,1.1123346,0.08138804,0.26599432196482253,0.8873905521553016,False
CG2909,1.1113681,0.04107114,0.26640996693349306,0.8885516181403635,False
Akr2E3,1.1096326,-0.08395101,0.2671573597138276,0.8908182857141357,False
Ltn1,1.108378,-0.0016881594,0.267698583113148,0.8918247908903304,False
CG15715,1.1083252,-0.02479361,0.26772137349747793,0.8918247908903304,False
pnt,1.1081555,0.52528685,0.2677946482639082,0.8918247908903304,False
eEF1beta,1.1081474,-0.044467386,0.26779816702325776,0.8918247908903304,False
Scsalpha1,1.1080989,-0.0051174155,0.2678191272481605,0.8918247908903304,False
asRNA:CR45131,1.1079893,0.2228078,0.2678664066390788,0.8918247908903304,False
CG1647,1.1038982,-0.040801875,0.2696372998880828,0.8972660820028606,False
colt,1.1031201,0.08227629,0.2699749940538565,0.8981623789523363,False
Scgdelta,1.10266,0.39973396,0.2701748867907059,0.8985998955496498,False
CG10055,1.1023576,0.01674054,0.27030620334092414,0.8988091644997682,False
or,1.1018571,0.07203712,0.2705238263298104,0.8993052369845784,False
NiPp1,1.1000189,0.055682223,0.2713238853123834,0.9017367670435079,False
nst,1.0997273,0.04190802,0.27145095172251754,0.901930962474236,False
Cox10,1.0964326,-0.046221364,0.27288949536818763,0.9064815112824453,False
CG2604,1.0960531,0.014827337,0.2730555119916823,0.906574654644441,False
CG44325,1.0955873,0.26866972,0.27325944571959515,0.9068892787324722,False
CG7741,1.0947334,0.21939582,0.2736334652709138,0.9076061862324201,False
CG42390,1.0943699,0.3713272,0.27379280132232475,0.9078756503095305,False
Drep4,1.0940938,0.014793813,0.2739138210373375,0.9080478108606591,False
Rab19,1.0931188,0.05450117,0.2743416441845189,0.9087125822440699,False
CG1537,1.093111,0.7387699,0.2743450661204443,0.9087125822440699,False
PPP1R15,1.0927864,-0.050297104,0.2744875689693319,0.9088035131836711,False
lute,1.0925541,-0.06295195,0.2745896544742883,0.9089125061578394,False
CG17026,1.0919291,0.20863727,0.2748642934839731,0.9095924655434124,False
CG2247,1.0914557,-0.009376674,0.275072421497389,0.9095960091846251,False
Nadk1a,1.0912969,0.00030176222,0.27514223700699225,0.9095960091846251,False
CG5946,1.0909976,-0.050279323,0.2752739531985935,0.9097999702562524,False
CG8372,1.0905107,-0.0058289836,0.2754882202725827,0.9100529669688309,False
Ufd1,1.0899297,-0.044817712,0.2757441174079297,0.9106276506376846,False
caps,1.0898011,-0.07982724,0.27580077996636365,0.9106276506376846,False
dbe,1.0885997,0.1400275,0.2763304824731082,0.91214741777923,False
mRpS11,1.088145,-0.028434578,0.2765310785428797,0.9125803373008495,False
Gyc89Db,1.0868565,0.5163633,0.27710026018395617,0.9142291034590431,False
Obp18a,1.0861706,0.50398725,0.27740356478932815,0.9150000614700203,False
CG12402,1.0853517,-0.008257525,0.27776591497874525,0.9159653422172375,False
CG30373,1.0851023,-0.025808876,0.27787636174368,0.9160996662503008,False
Prp5,1.0847459,-0.011719252,0.2780342395471709,0.9163902537971841,False
CG4968,1.0841336,0.0037208805,0.2783055677827557,0.9170545301487444,False
Prp16,1.0834615,-0.028533759,0.27860363961618473,0.9178065751306802,False
CG14043,1.083064,0.07338615,0.27878003943598006,0.9181575183529358,False
CG1418,1.0828726,0.07199989,0.2788649648232664,0.9182054303514691,False
CG33217,1.0819178,-0.07017947,0.2792890684797954,0.9191429123198074,False
RluA-2,1.0816453,0.096250154,0.27941016397010754,0.9193112079947879,False
CG31676,1.0807216,0.117980205,0.27982095747247404,0.9200754463001932,False
Lgr3,1.0806618,0.919862,0.27984760151380417,0.9200754463001932,False
Spg7,1.0806508,0.04643366,0.27985248906946747,0.9200754463001932,False
CG1824,1.0803294,0.016538505,0.2799955151677138,0.9203154239166901,False
CG14646,1.0799414,0.30199572,0.2801682534198362,0.9206529177769611,False
Fum1,1.0795801,-0.06686784,0.28032922540626093,0.9209515877659188,False
CG11737,1.077534,0.4156311,0.2812417956403718,0.9233900652049066,False
Pgant5,1.0774326,-0.051398505,0.28128704193565457,0.9233900652049066,False
Gyg,1.0773139,0.20471126,0.2813400465008523,0.9233900652049066,False
CG11563,1.0772859,0.1074522,0.2813525470725551,0.9233900652049066,False
CG13404,1.0760204,0.044488676,0.2819181566526652,0.9250153549494814,False
CG9410,1.0744543,-0.034010928,0.2826191100615334,0.9267481712216301,False
mRpL19,1.0743679,-0.011814811,0.2826578396055318,0.9267481712216301,False
Ac76E,1.0737801,-0.009340493,0.2829212641419171,0.9270231465461598,False
Snp,1.073666,0.016096741,0.2829724122275269,0.9270231465461598,False
tra,1.0726434,0.08157585,0.2834311186062183,0.9281199023965929,False
Trmt112,1.0724901,-0.0052259997,0.2834999838840213,0.9281199023965929,False
dos,1.0720114,0.044725526,0.2837149227485416,0.9285922291005194,False
lncRNA:CR46064,1.0715171,-0.085505955,0.2839369776119779,0.9290876052786358,False
Sec8,1.0695901,0.018929567,0.2848038763056797,0.931692242602175,False
Mmp1,1.0690324,1.1029341,0.2850550830512705,0.9322819428513552,False
Tbcb,1.0675205,0.01514597,0.2857368399142539,0.9342791274728068,False
Roe1,1.0667825,-0.040574014,0.28607004971717165,0.9344678820524523,False
CG13252,1.0652958,0.82978547,0.2867420651383257,0.9364009637134041,False
sens-2,1.0650256,0.7213899,0.2868643787665467,0.9365676525145813,False
beg,1.0646641,0.21635476,0.2870279461015197,0.9368689120020046,False
CG5885,1.0616508,-0.00057148933,0.28839425993994383,0.9409084594341595,False
stl,1.0616189,1.0791599,0.28840874169399544,0.9409084594341595,False
CG13506,1.0604851,-0.031175548,0.2889239671209799,0.9421299566472042,False
CG10513,1.0604794,0.22982095,0.2889265448054359,0.9421299566472042,False
Cog1,1.059953,0.07716968,0.2891660148045797,0.9426769041297399,False
Pldn,1.0591381,0.09650451,0.2895369250793258,0.9436519673778325,False
Gbs-70E,1.0575057,0.35553175,0.29028083776184666,0.9458419263645989,False
LysRS,1.0555708,0.07140218,0.2911643142813306,0.9484107156101649,False
CG15514,1.0554632,-0.031738974,0.2912135482449597,0.9484107156101649,False
CG5174,1.0550649,-0.05138106,0.29139563295517934,0.9487685858929662,False
asRNA:CR43957,1.0540296,0.16383313,0.29186934645148666,0.9500755713943488,False
Scox,1.0510751,-0.035038754,0.29322410628620055,0.9540128696971927,False
CG5787,1.0507485,0.05942849,0.2933741537336527,0.9540789304785828,False
Sdr,1.0507147,0.7749131,0.2933896170811927,0.9540789304785828,False
Pdxk,1.0499101,0.0776755,0.2937594352769325,0.9548471138017997,False
Ifrd1,1.0498846,-0.064415045,0.2937711651396907,0.9548471138017997,False
CG8768,1.04949,0.18458858,0.2939526922171387,0.9552008725087585,False
elm,1.0491005,-0.04834285,0.29413184873147113,0.9553105843253243,False
tsu,1.048815,-0.021939406,0.29426328757152276,0.9555013249264593,False
CG33523,1.0485744,0.09922694,0.2943740463811221,0.9556248378197443,False
CG30491,1.0483629,0.028954117,0.29447145239621864,0.9557049533066705,False
Tmem43,1.0478878,0.048981003,0.29469032758210334,0.956179159199116,False
DCTN6-p27,1.0473566,-0.019632785,0.2949351202148758,0.9564608133612358,False
Vti1a,1.0472691,-0.03089762,0.2949754693630644,0.9564608133612358,False
Rdl,1.0471749,0.13433203,0.2950189264277169,0.9564608133612358,False
neur,1.0470679,0.4092003,0.2950682700986569,0.9564608133612358,False
Vps4,1.0468259,-0.0768679,0.2951798856126463,0.9565866527338558,False
REG,1.0465627,-0.04166647,0.29530133840994033,0.956744301786249,False
CG14710,1.045387,0.26444265,0.2958441161246391,0.9582665836810162,False
htt,1.0443592,-0.0553318,0.2963192254524858,0.9595689851333454,False
CG6567,1.0439149,0.19286859,0.2965247564176514,0.9599249730000787,False
Dbx,1.0438058,0.56357664,0.2965752522928483,0.9599249730000787,False
Cda5,1.0431145,0.00033785967,0.2968952477738802,0.9607214078771141,False
Tollo,1.0428853,0.85235256,0.2970014171775174,0.9607214078771141,False
CG17660,1.0428007,0.043911535,0.2970406422802462,0.9607214078771141,False
CG6443,1.0426316,0.008223267,0.2971189387193499,0.9607381825076223,False
GlnRS,1.0424626,0.09865825,0.29719724895619337,0.9607549934891358,False
CG5281,1.0411538,-0.0328994,0.2978041690124429,0.9622435665091005,False
CG40045,1.0409267,-0.051101662,0.2979095688547264,0.9623475035201474,False
CG13288,1.0389773,0.4767708,0.2988152895341062,0.9647989483458697,False
dind,1.0382655,0.1075112,0.2991464619853049,0.9656309646153013,False
CG14352,1.0361946,0.36367097,0.30011137010972444,0.9682699520284529,False
CG9436,1.0347706,0.7111941,0.3007760399052345,0.970176224937331,False
sll,1.0337347,0.15832432,0.30126023245219513,0.971499561878355,False
Bap111,1.0325598,0.06170084,0.30180996508374525,0.9729659915855573,False
Gmppa,1.0324464,0.21192355,0.30186305058171503,0.9729659915855573,False
Gls,1.0308255,0.0029588914,0.3026226868658285,0.9748785174541957,False
sicily,1.0305785,0.053816665,0.30273852875442697,0.9748785174541957,False
mRpS18C,1.0305473,-0.011682047,0.3027531565124856,0.9748785174541957,False
Sirt2,1.0298324,0.036969204,0.3030887265752016,0.975719979403411,False
CG33310,1.0293505,0.05179749,0.30331501827008134,0.9762093203740237,False
Grip84,1.027974,0.16297252,0.30396206555255956,0.9780522780181649,False
CG4098,1.0274255,0.079990275,0.30422014042712187,0.9786430514939555,False
WDR79,1.0271658,0.29210144,0.30434239329642077,0.9787967181371182,False
CG44098,1.0269568,0.023145093,0.3044408197078682,0.9788736999709067,False
CG15456,1.025456,0.008934061,0.3051481085030765,0.9806512874187661,False
CG11178,1.025175,0.09663057,0.3052806374945487,0.9806512874187661,False
Sik2,1.0251505,-0.052808296,0.30529217082643423,0.9806512874187661,False
Reg-5,1.0240681,1.0543429,0.30580310299339486,0.9820524380342625,False
CG13300,1.0237174,-0.062900014,0.3059687966873438,0.9823444801535267,False
CG17803,1.0229208,0.22546136,0.3063452595099775,0.9830526272705751,False
IPIP,1.0229173,0.0018923912,0.3063469348521689,0.9830526272705751,False
pcm,1.022776,0.14794183,0.3064137859599936,0.9830526272705751,False
how,1.0216854,0.36478072,0.3069298194253316,0.9844678440488852,False
Sbds,1.0212227,0.162064,0.30714894702663254,0.9849302862071689,False
Vps15,1.0203387,0.010000714,0.30756785928542474,0.9860329931372935,False
HBS1,1.0189158,0.049217105,0.30824294245264316,0.9879562211634595,False
Idgf6,1.0183398,0.47051644,0.30851654900517256,0.9885920435203542,False
CG42518,1.0167758,1.100992,0.3092601010756767,0.9907330541773446,False
wrapper,1.0163946,0.44687366,0.3094415360136883,0.9908949194192292,False
Pgm1,1.0158287,0.006103435,0.309710951514401,0.9912194835905812,False
su(f),1.0157834,-0.038298577,0.3097325519478421,0.9912194835905812,False
pea,1.0156647,-0.008624007,0.30978908904242575,0.9912194835905812,False
Syb,1.0152154,0.039355244,0.31000314789057415,0.9916629421689471,False
CG7656,1.0145954,-0.033940397,0.31029873650171924,0.992366925375783,False
Cyp6w1,1.0136377,0.9406412,0.3107556597590211,0.993586405083527,False
brun,1.0132419,0.058784284,0.31094461038635324,0.9939487047159008,False
sip1,1.0100982,0.27581143,0.3124482504769813,0.9982695014631683,False
Prx4,1.0094339,0.4911373,0.31276660458621564,0.9990437410956392,False
ssp,1.0090551,0.053916756,0.3129482044620314,0.9993415232912793,False
CG7872,1.0078412,0.21884613,0.3135306751703565,1.0,False
rump,1.006942,-0.086281784,0.31396263248507883,1.0,False
Srp68,1.0065452,0.2554414,0.31415337638610175,1.0,False
Hr51,1.0063425,0.34160787,0.3142508214178662,1.0,False
CtIP,1.0049951,0.017383922,0.31489919996131266,1.0,False
hay,1.0047592,0.24709146,0.3150128375946417,1.0,False
CG9231,1.0038592,-0.025473591,0.31544647771812717,1.0,False
lncRNA:CR43242,1.0031056,0.22764687,0.3158099101619144,1.0,False
CG5131,1.002922,0.14406626,0.31589846047933556,1.0,False
CG3348,1.0028619,0.9707515,0.3159275249469755,1.0,False
CG7191,1.0026978,0.38302112,0.31600669178170293,1.0,False
CG34183,1.0022056,0.13193405,0.3162442704234645,1.0,False
CG18622,1.001857,0.20575187,0.3164126476018627,1.0,False
Taf10,0.99831253,-0.033364862,0.3181278212100811,1.0,False
Mcr,0.9982771,0.058344807,0.3181449967793192,1.0,False
Rrp5,0.99763864,0.09975884,0.3184546046448048,1.0,False
Srp72,0.9973627,0.043274224,0.3185885084068196,1.0,False
Ptx1,0.9953931,0.29736432,0.3195451254761341,1.0,False
Ppn,0.99493814,0.9177672,0.3197663487050164,1.0,False
Abca3,0.99489206,0.04384433,0.31978875227891934,1.0,False
KLHL18,0.9944492,-0.039637834,0.32000422365459436,1.0,False
SIFaR,0.99196696,0.14429677,0.3212136545021309,1.0,False
CSN5,0.99195915,0.012612661,0.3212174570114915,1.0,False
Gpb5,0.9918759,-0.023264665,0.32125807655950933,1.0,False
tim,0.9918642,0.2009601,0.3212637808497667,1.0,False
ago,0.99174196,-0.013458593,0.32132342057251817,1.0,False
sel,0.99150527,0.27875188,0.32143891745828246,1.0,False
dop,0.99082357,-0.09902334,0.32177172762339246,1.0,False
Coq6,0.99080056,-0.0030410262,0.32178297513679777,1.0,False
Dus1,0.9904849,0.111987956,0.32193717846104386,1.0,False
CG12116,0.9904016,1.3597916,0.3219778574083516,1.0,False
CG3277,0.9893033,0.34193793,0.3225147873122408,1.0,False
Sac1,0.98853266,-0.006767281,0.32289185272054854,1.0,False
Mur2B,0.988392,0.18573152,0.32296070900449736,1.0,False
Pxn,0.98820597,-0.06801899,0.3230517805043085,1.0,False
CG4716,0.9880051,0.24665688,0.3231501565287277,1.0,False
CG1074,0.9877801,0.047202293,0.3232603539171216,1.0,False
Kap3,0.9859097,-0.07715135,0.32417741548348367,1.0,False
Bdbt,0.9858435,0.042257678,0.3242099319419558,1.0,False
Ostgamma,0.98559016,0.023685945,0.32433427916321145,1.0,False
TfIIFbeta,0.98515683,0.10515158,0.3245470457602717,1.0,False
PPO2,0.9843387,0.5327413,0.324948992586225,1.0,False
Noc1,0.98413604,-0.019986661,0.32504861542586727,1.0,False
Sph35,0.98307776,0.4156138,0.3255691715074549,1.0,False
Fkbp14,0.9830565,0.2872533,0.3255796334919615,1.0,False
lncRNA:CR45018,0.9830129,0.37610635,0.32560108124371845,1.0,False
Acox3,0.98295975,0.15806732,0.32562723828204887,1.0,False
mip120,0.9822494,0.100342795,0.32597700189963186,1.0,False
MTF-1,0.98212576,0.16389804,0.3260379083939484,1.0,False
CG2218,0.9820843,0.016324319,0.3260583285590922,1.0,False
CG16865,0.9820269,0.0720095,0.32608660400636336,1.0,False
ATPsyngamma,0.9818476,0.072086774,0.3261749314078567,1.0,False
CG5515,0.9813863,-0.018710447,0.3264022801144628,1.0,False
CG7369,0.98124707,0.014526751,0.3264709240294361,1.0,False
mtd,0.981218,0.15906139,0.32648524786106026,1.0,False
scramb2,0.9796247,0.037578687,0.32727141299403073,1.0,False
Nrk,0.9789721,0.35162875,0.32759378579808607,1.0,False
Csp,0.97857946,-0.052388098,0.32778779875583197,1.0,False
Pino,0.9777391,-0.013066515,0.32820339119182185,1.0,False
Wdfy2,0.9771194,-0.042251438,0.32851004811554574,1.0,False
CG7011,0.97629565,0.07397562,0.32891798424787355,1.0,False
mRpL20,0.97532874,-0.023540514,0.329397223474312,1.0,False
MFS16,0.9750556,0.18986334,0.32953270057155926,1.0,False
CG11180,0.97376126,0.051882174,0.33017508198353873,1.0,False
CG10038,0.97344524,0.12567887,0.3303320635781618,1.0,False
CG9853,0.9726629,0.003898138,0.3307208535841234,1.0,False
CG7943,0.97232383,-0.0535657,0.3308894564049363,1.0,False
Arp5,0.9720624,0.0649569,0.33101951410246544,1.0,False
Taf7,0.97192633,0.047462046,0.331087199477199,1.0,False
Idi,0.97108483,-0.03443008,0.33150602534589957,1.0,False
Naa20A,0.97093993,0.058609225,0.33157818612740364,1.0,False
March5,0.97062033,-0.015711438,0.3317373638862542,1.0,False
CG10435,0.9703008,0.18921404,0.3318965910288568,1.0,False
Wnt10,0.9701686,0.24415353,0.3319624499453302,1.0,False
SP1173,0.9693615,0.23704824,0.3323648493305893,1.0,False
CG11357,0.96929526,-0.08715874,0.33239789610450166,1.0,False
Tsp42Ef,0.9686943,0.41613674,0.3326977113509477,1.0,False
kto,0.96747303,0.059610605,0.33330760257546765,1.0,False
P5cr,0.9666932,-0.01597543,0.33369741133678876,1.0,False
CG7849,0.96628225,0.062294096,0.3339029717766221,1.0,False
Ilp3,0.96605545,1.9059651,0.3340164193852808,1.0,False
mbc,0.96489406,0.04130098,0.33459787350829606,1.0,False
CG11583,0.964651,-0.015176021,0.33471963920625614,1.0,False
Ugt35C1,0.9640756,1.1494107,0.3350080146645076,1.0,False
mRRF1,0.96259606,0.13218276,0.33575028629268067,1.0,False
Ephrin,0.96220416,-0.08390418,0.3359470517184613,1.0,False
Trs33,0.9614839,0.12303231,0.3363089307313545,1.0,False
zf30C,0.9611448,-0.06699841,0.3364793658780102,1.0,False
Nprl3,0.96019775,0.106071785,0.3369557031491228,1.0,False
trh,0.9601832,0.5374092,0.33696301285676034,1.0,False
asRNA:CR45528,0.9583557,1.4837555,0.33788342294198603,1.0,False
sky,0.95793796,0.02113425,0.3380940340416918,1.0,False
CSN3,0.95771015,0.10432771,0.33820893210613423,1.0,False
daw,0.95682156,1.1966652,0.33865732777150304,1.0,False
Bug22,0.9566331,0.017476719,0.3387524910369528,1.0,False
Nup44A,0.9552456,0.0939789,0.339453506591442,1.0,False
Ets21C,0.95521975,1.391939,0.3394665833800632,1.0,False
CG34408,0.95383865,-0.026244003,0.34016531726659205,1.0,False
CG17270,0.9535602,-0.0367316,0.340306322864652,1.0,False
CG10738,0.95340997,0.5930266,0.340382402502836,1.0,False
CG31549,0.9533047,0.15250133,0.34043570062632744,1.0,False
Set,0.9531853,-0.028534194,0.34049618342381427,1.0,False
Rchy1,0.9515176,0.3702188,0.3413416879045348,1.0,False
CG3529,0.95113426,-0.048967127,0.3415362341777316,1.0,False
Tps1,0.95065594,1.0497464,0.341779066998833,1.0,False
Dfd,0.95031613,1.0299239,0.3419516353346719,1.0,False
Prp19,0.9492724,0.12822455,0.34248210518088296,1.0,False
CG11241,0.948422,0.91743684,0.3429146485515313,1.0,False
Polr2I,0.94830793,0.030320823,0.34297270800585955,1.0,False
cert,0.94776446,-0.039989118,0.3432493880490378,1.0,False
pont,0.9471334,0.10220747,0.3435707971064259,1.0,False
Ccdc58,0.9464613,-0.0145293325,0.3439133514923224,1.0,False
ifc,0.9450717,0.06393333,0.344622265295516,1.0,False
Zip48C,0.94484603,0.37314057,0.3447374929889865,1.0,False
Atg7,0.9444712,0.33222434,0.34492893018032855,1.0,False
Ect3,0.94401413,0.6152595,0.34516243775259603,1.0,False
CG30089,0.94397515,-0.10143297,0.3451823539139435,1.0,False
CG13012,0.9437363,0.25514868,0.3453044016655561,1.0,False
l(3)76BDm,0.94294834,0.07826004,0.34570731816791944,1.0,False
mRpL50,0.94211537,-0.017645808,0.3461335685691336,1.0,False
Top2,0.941912,-0.054509927,0.3462376890377066,1.0,False
CG32104,0.94166327,0.44688928,0.34636505512310445,1.0,False
NdufAF3,0.9405323,-0.03617336,0.3469445660333659,1.0,False
lic,0.9395952,-0.010192651,0.3474252357993327,1.0,False
Cp190,0.9395913,-0.09966387,0.34742723568820744,1.0,False
CG1738,0.9384972,0.122623004,0.34798894862567364,1.0,False
CG7382,0.9384193,-0.065604,0.3480289890560049,1.0,False
CG6654,0.93778473,-0.04978926,0.34835506353624135,1.0,False
Rx,0.93647164,0.33387977,0.34903040462442836,1.0,False
DCTN1-p150,0.93630195,-0.023947489,0.34911775301193926,1.0,False
CG14314,0.9360525,0.05195857,0.34924615662800174,1.0,False
ZIPIC,0.93579173,0.22239912,0.34938042883062637,1.0,False
jumu,0.93495417,0.074926525,0.349811926967338,1.0,False
PGS1,0.93467885,0.26137003,0.3499538256767639,1.0,False
Ced-12,0.93441385,0.09100894,0.3500904627935093,1.0,False
LManII,0.9335752,0.29499394,0.3505230655202788,1.0,False
fliI,0.9322951,0.03596153,0.3511840456789471,1.0,False
PSMG1,0.93125767,0.03426203,0.3517202875672263,1.0,False
CG32243,0.93107414,0.022609577,0.35181520945796274,1.0,False
Cdk2,0.9302791,0.11560858,0.3522266028307537,1.0,False
CG7706,0.9289136,0.005348461,0.3529338684186901,1.0,False
Zpr1,0.9279212,0.20310451,0.3534484563446971,1.0,False
Ms,0.9278071,0.06775488,0.35350764321342387,1.0,False
Vps52,0.9272469,0.13697848,0.3537983379617591,1.0,False
Tmem186,0.9272296,0.07626464,0.3538073498894143,1.0,False
ebd2,0.9272069,0.24492177,0.35381912078891686,1.0,False
HLH3B,0.9271722,0.5730662,0.3538371454584037,1.0,False
Nup205,0.926235,0.27591807,0.3543238467831642,1.0,False
CG44153,0.92616135,-0.11262012,0.3543621383859489,1.0,False
Cyp28a5,0.9251512,0.5418871,0.3548872544943128,1.0,False
lncRNA:CR46004,0.9248362,-0.040045142,0.3550510968344831,1.0,False
boca,0.92465556,-0.034652106,0.35514511117530523,1.0,False
Pex16,0.9242509,0.0962151,0.3553556865337716,1.0,False
Acaa,0.92384416,0.42264658,0.3555674476276012,1.0,False
Sply,0.92344946,0.049715705,0.3557730131385143,1.0,False
Alg9,0.9230222,0.24511898,0.3559956398117037,1.0,False
Ssl1,0.9225308,0.09505607,0.35625178752672837,1.0,False
Sytalpha,0.92177325,-0.10048939,0.3566468555674104,1.0,False
Taf12,0.92137647,-0.06437711,0.35685392371343905,1.0,False
Panx,0.9194494,0.13762806,0.35786057506190394,1.0,False
CG4751,0.91930306,0.065722615,0.3579370861272759,1.0,False
Fdh,0.9189193,0.1745596,0.35813776814373754,1.0,False
Glg1,0.9186742,0.011501288,0.35826603415478697,1.0,False
Nup58,0.91816574,0.094643034,0.3585321113902832,1.0,False
CG5608,0.91674674,0.09281029,0.35927537440583357,1.0,False
CG5516,0.9165643,0.025057327,0.35937102025922163,1.0,False
GATAd,0.91651535,-0.08855849,0.35939665235123186,1.0,False
emei,0.9155088,-0.021579055,0.3599245943383078,1.0,False
Hel89B,0.91401434,-0.07141389,0.3607093214959831,1.0,False
sturkopf,0.9136838,0.022931598,0.3608830440064821,1.0,False
mRpS2,0.91207415,-0.0014500377,0.36172969025197865,1.0,False
Fatp1,0.91167307,-0.0792997,0.3619408465509285,1.0,False
Coq8,0.91152036,0.06837732,0.3620212629316134,1.0,False
CstF64,0.9105241,0.15882604,0.3625462032647483,1.0,False
DIP2,0.91043085,-0.08653517,0.36259532411129336,1.0,False
POSH,0.90993947,0.29542416,0.36285444481649953,1.0,False
S2P,0.9098502,0.1365513,0.36290153614608056,1.0,False
SLIRP2,0.90898955,0.0698048,0.363355640385555,1.0,False
Tfb1,0.9086377,0.033383053,0.3635413851757783,1.0,False
CG5910,0.9085229,0.32205197,0.3636020035769696,1.0,False
ohgt,0.90649736,-0.0057156556,0.36467265890405454,1.0,False
for,0.9054596,0.40496925,0.365221951862408,1.0,False
TfIIS,0.9051776,-0.068078354,0.3653713197638987,1.0,False
CG30394,0.90430105,0.15363412,0.3658358046577581,1.0,False
TfIIEbeta,0.9023764,0.022939205,0.3668569358473953,1.0,False
asRNA:CR43259,0.9019867,0.17164305,0.36706393480525445,1.0,False
fd102C,0.90187436,0.420598,0.367123601650745,1.0,False
peg,0.901767,0.8789104,0.3671806390171043,1.0,False
Rab3-GEF,0.90101165,-0.07460422,0.367582127361048,1.0,False
CG17162,0.90012693,0.60586864,0.36805269835825827,1.0,False
Daao1,0.89958274,0.13931589,0.36834235077346233,1.0,False
CG31999,0.8988766,0.4614009,0.36871839374019333,1.0,False
D2hgdh,0.8987097,0.2676233,0.3688072977823904,1.0,False
Usp5,0.89805424,0.09802527,0.36915662529210613,1.0,False
Idgf4,0.89777684,0.38890746,0.3693045377535492,1.0,False
Zw10,0.8976507,0.050737333,0.3693718000478018,1.0,False
Sos,0.89754546,-0.0123256,0.3694279207667217,1.0,False
asl,0.8969598,0.67453325,0.36974036626108275,1.0,False
CG31126,0.8963908,-0.06407228,0.3700440851868031,1.0,False
salsa,0.8958459,0.06780437,0.3703350895346702,1.0,False
CG31342,0.8948099,-0.022710044,0.3708887302248808,1.0,False
CG10171,0.89477336,0.055445764,0.3709082419787707,1.0,False
CG4598,0.8946632,0.32900828,0.3709671599756629,1.0,False
GIIIspla2,0.89306813,0.022358485,0.3718207006428188,1.0,False
CG17193,0.89195985,-0.041002758,0.3724144590910896,1.0,False
CG16700,0.8900987,0.8177892,0.3734129071317367,1.0,False
Rpn3,0.8893791,-0.050190337,0.37379938709132265,1.0,False
CG8067,0.88907045,0.16615061,0.3739652059061539,1.0,False
AIF,0.88904285,0.009663962,0.3739800575721419,1.0,False
Alg13,0.88897127,0.2646582,0.37401852127508406,1.0,False
HPS4,0.8888377,-0.022921877,0.37409031403882276,1.0,False
Dbp73D,0.8886329,0.5067695,0.3742004001336504,1.0,False
Dcps,0.8878467,0.09682244,0.37462321779770336,1.0,False
CG12093,0.8861875,0.09106677,0.37551650541694637,1.0,False
mip40,0.88510436,0.103062674,0.3761003407875543,1.0,False
az2,0.8837509,0.15659253,0.3768306833155245,1.0,False
Arl5,0.883594,0.0018183889,0.3769154366730795,1.0,False
lncRNA:CR45418,0.88309616,0.79421204,0.3771843145841125,1.0,False
Yod1,0.8820492,-0.06616741,0.3777502051654714,1.0,False
ocm,0.88145715,-0.047658302,0.3780704376630595,1.0,False
CG8097,0.87941885,0.3212898,0.3791742279617688,1.0,False
l(2)gl,0.87907016,0.62689716,0.3793632199327204,1.0,False
ana,0.8787733,0.57800436,0.3795242160873141,1.0,False
Tsp3A,0.87860924,0.04888128,0.3796131854417435,1.0,False
Dpy-30L1,0.8766581,-0.028283793,0.3806723851656988,1.0,False
Upf3,0.87656313,0.060463227,0.38072397775269406,1.0,False
CG34324,0.8761978,8.9377,0.38092249524173116,1.0,False
Gyc89Da,0.87609047,0.8141341,0.3809808495158076,1.0,False
agt,0.8731855,0.13657694,0.38256196466191994,1.0,False
CG7483,0.8722087,0.039282065,0.38309453360834445,1.0,False
TrpRS-m,0.8721021,0.26423892,0.3831527051844217,1.0,False
CG13054,0.87192136,0.5141324,0.38325128067000724,1.0,False
AIMP3,0.87180585,-0.06480503,0.3833142998040664,1.0,False
tank,0.87170523,0.1409641,0.3833692050810027,1.0,False
DEF8,0.8714909,0.23583823,0.38348618484493036,1.0,False
CG6836,0.87144023,0.43285796,0.3835138378006988,1.0,False
Ance,0.8711433,1.5375481,0.38367591253072897,1.0,False
NPF,0.87100476,0.45904619,0.38375154885596663,1.0,False
e(y)2,0.8701626,0.07089024,0.38421155993767786,1.0,False
arr,0.8700843,0.010062533,0.38425434629919175,1.0,False
Dph5,0.86955386,-0.0054251202,0.3845442474050085,1.0,False
CG10584,0.86887753,0.27879456,0.38491412825987015,1.0,False
CG3652,0.86714923,-0.049804937,0.38586025925907996,1.0,False
Sfmbt,0.8667878,0.026697569,0.3860582766361015,1.0,False
grim,0.8658578,0.35371464,0.3865681654364025,1.0,False
CG33331,0.8658436,0.16474731,0.38657593834819226,1.0,False
SC35,0.8649596,-0.06456838,0.38706096222757236,1.0,False
Alp4,0.863694,0.35564777,0.38775599888972867,1.0,False
CG5913,0.8635052,0.16472092,0.3878597747495497,1.0,False
Hsdl2,0.8631176,0.2671727,0.3880728311260022,1.0,False
CG8366,0.8615147,0.143741,0.38895463648356876,1.0,False
clt,0.8596415,0.21384256,0.3899867077427881,1.0,False
PK2-R2,0.85854346,0.45344466,0.39059243444321856,1.0,False
CG17598,0.85833764,-0.03889486,0.39070605957999627,1.0,False
mtTFB2,0.8580283,0.26172495,0.3908768283875228,1.0,False
pps,0.8578699,-0.08501087,0.3909642842581367,1.0,False
CG12341,0.85705256,0.10438152,0.3914158393763211,1.0,False
mino,0.8569158,0.3093112,0.39149142306634843,1.0,False
Pi3K59F,0.85677016,0.12058025,0.39157191181070117,1.0,False
Task7,0.8557817,-0.045053422,0.39211856070921935,1.0,False
FoxP,0.85561264,-0.0352115,0.3922120663501424,1.0,False
Ugt302C1,0.8535641,1.462077,0.393346578861982,1.0,False
CG2006,0.8531417,0.46600938,0.39358071350641866,1.0,False
CSN1b,0.8528345,0.020776216,0.3937510641094879,1.0,False
CG2100,0.85197926,0.21511997,0.39422560876430635,1.0,False
CCKLR-17D3,0.85115516,0.012533527,0.3946831815985662,1.0,False
CG11808,0.85032284,0.24564391,0.3951456048685985,1.0,False
Prosalpha2,0.8502286,-0.05223163,0.39519799016633106,1.0,False
tef,0.8500678,0.15701139,0.39528740935594286,1.0,False
Trs31,0.84983355,-0.04738825,0.3954176208304835,1.0,False
ASPP,0.8495583,-0.003668141,0.395570716475258,1.0,False
TBC1D23,0.8492819,0.028671259,0.3957244392407224,1.0,False
CG6928,0.848191,0.85078335,0.39633160232599685,1.0,False
CG12355,0.84786826,-0.06299175,0.39651135463866594,1.0,False
mbo,0.8474643,0.20614648,0.3967363609750848,1.0,False
klu,0.8464627,0.49932632,0.3972946695627455,1.0,False
crim,0.84600955,0.06728143,0.39754741684257944,1.0,False
Chd64,0.8456921,-0.12346173,0.3977245359970618,1.0,False
beta-Man,0.8452393,0.9182611,0.3979772502978586,1.0,False
CG5274,0.84416395,0.050157025,0.39857778495712637,1.0,False
CG31125,0.84393436,0.0869238,0.3987060752077254,1.0,False
CG10139,0.84319353,-0.06181124,0.39912021836734035,1.0,False
CG10343,0.8423779,0.016493496,0.3995764514317407,1.0,False
CCT1,0.8417969,0.05384493,0.3999016740818878,1.0,False
Noc3,0.84152544,0.0053305393,0.40005363137414185,1.0,False
ck,0.84103477,0.5928774,0.40032847255416437,1.0,False
PolI,0.84096175,0.12016927,0.4003693611515666,1.0,False
Aven,0.8404232,0.077160835,0.40067114100081946,1.0,False
Agpat2,0.840279,0.31414542,0.4007519697155346,1.0,False
CG16903,0.8399615,-0.006785982,0.4009299465611369,1.0,False
CG10428,0.83990663,0.008532667,0.4009607397821525,1.0,False
CG10257,0.83901024,0.025654603,0.4014635654021822,1.0,False
grau,0.8385751,0.05740438,0.40170776101715433,1.0,False
CG5742,0.83855283,-0.02292505,0.4017202913713248,1.0,False
CG13796,0.83791685,0.9051716,0.40207740555153704,1.0,False
CG17002,0.83772165,0.050379794,0.40218706485966205,1.0,False
Sry-delta,0.83756536,0.0051251817,0.40227484503190647,1.0,False
CG13919,0.836439,0.09370356,0.40290795851629524,1.0,False
Blm,0.8363746,0.04529533,0.40294422277368924,1.0,False
CG2608,0.83575135,0.007589677,0.40329481163683645,1.0,False
mRpL15,0.83566487,-0.03188857,0.4033434580605598,1.0,False
psidin,0.83487374,0.008961917,0.40378881582910087,1.0,False
Dsk,0.8343614,0.63746357,0.4040773683910064,1.0,False
bbg,0.8339993,1.7525972,0.40428138521068624,1.0,False
CG3609,0.8339568,0.06447943,0.40430534426145104,1.0,False
Wdr82,0.8333948,0.016932791,0.40462208285638357,1.0,False
Dlc90F,0.83243823,-0.071500994,0.4051616386287641,1.0,False
CG33199,0.8311315,-0.040879644,0.4058993263639181,1.0,False
Snap29,0.83024365,-0.05344063,0.4064010433951166,1.0,False
boil,0.8295616,0.37680516,0.40678669182295235,1.0,False
CG31388,0.8280427,-0.025077153,0.4076463200678525,1.0,False
CG4820,0.82775927,0.05718413,0.4078068556805621,1.0,False
ric8a,0.8262708,0.0006303201,0.40865048651515457,1.0,False
Acn,0.8259353,-0.037018392,0.4088408033160924,1.0,False
CG45071,0.8251796,0.073005795,0.4092696614932362,1.0,False
CG7974,0.8249163,0.038222082,0.40941911092593586,1.0,False
CG4281,0.8244706,-0.04863255,0.4096722231303991,1.0,False
loco,0.8235884,0.5481841,0.410173490575619,1.0,False
CG2962,0.82259417,3.4476218,0.41073880931683826,1.0,False
rdgC,0.82211655,-0.07456948,0.4110105524328195,1.0,False
CG31815,0.82159436,0.04690166,0.411307818018101,1.0,False
M1BP,0.8214643,-0.0062619955,0.4113818517429154,1.0,False
CG12379,0.82118654,0.008151101,0.4115400320225878,1.0,False
E(spl)mbeta-HLH,0.8209644,0.76792055,0.41166656186432304,1.0,False
CG1943,0.82049066,-0.08614698,0.41193644818408826,1.0,False
CG8915,0.8201892,0.27222058,0.41210828536971955,1.0,False
Vhl,0.8198189,-0.03517462,0.41231935391704244,1.0,False
Dpit47,0.8192435,0.12376033,0.4126474957415628,1.0,False
Taf4,0.8189696,-0.09774891,0.41280374075125414,1.0,False
CG5543,0.8189016,0.1141879,0.4128425547777268,1.0,False
CG13807,0.8179751,0.05346829,0.4133714089823185,1.0,False
Uqcc1,0.8178394,-0.045574468,0.4134489000712126,1.0,False
bdl,0.8160512,-0.111354865,0.4144708456466356,1.0,False
CG5254,0.8150556,0.25225112,0.41504047742703565,1.0,False
Tkt,0.81343645,0.059242036,0.4159678767502232,1.0,False
ush,0.8128486,0.3566122,0.41630484340576435,1.0,False
Hrs,0.8124373,0.07561935,0.4165407549146577,1.0,False
Tk,0.81191045,-0.13068667,0.4168430237598525,1.0,False
AdamTS-B,0.8114693,0.9291718,0.41709619969962874,1.0,False
Ubc7,0.8114658,-0.004796446,0.41709823360827625,1.0,False
stan,0.80966485,-0.02831745,0.41813282609285785,1.0,False
Elys,0.80930454,-0.035803005,0.4183400072894732,1.0,False
fand,0.8090416,0.0910841,0.4184912041652932,1.0,False
nonC,0.808732,-0.03154123,0.41866933985141674,1.0,False
Cbs,0.8086781,-0.04985521,0.41870032452537875,1.0,False
pit,0.8081633,0.10106687,0.4189965816471626,1.0,False
Ogdh1,0.80567145,-0.025131794,0.42043230603868575,1.0,False
CG4572,0.80363595,0.034412496,0.42160723787306786,1.0,False
CG12065,0.8034705,0.054785542,0.42170283037970935,1.0,False
Polr2E,0.8030351,0.073182255,0.42195446111272095,1.0,False
Not11,0.8026127,-0.017308492,0.42219860037727364,1.0,False
CG14459,0.8024558,-0.12259018,0.4222893544395563,1.0,False
spir,0.8023679,-0.090415545,0.42234016531650587,1.0,False
Acox1,0.801885,0.21919861,0.42261948420240947,1.0,False
Ho,0.8016122,-0.037132755,0.42277732772845256,1.0,False
Rdh1,0.8015013,0.20429513,0.4228414999659753,1.0,False
CG8300,0.8010577,-0.06341497,0.4230982459550733,1.0,False
Pop5,0.80093086,0.09346907,0.4231716773201577,1.0,False
prt,0.800821,-0.036707662,0.4232352691661154,1.0,False
CG8206,0.80070126,-0.060612895,0.42330461116602647,1.0,False
nop5,0.80043024,0.10686997,0.4234615784135063,1.0,False
MFS15,0.7997606,0.18181129,0.42384952585321456,1.0,False
MBD-R2,0.79964864,0.032443546,0.4239144093028786,1.0,False
L,0.7992316,0.8439033,0.4241561307330074,1.0,False
D,0.7992114,-0.12410956,0.42416783891426524,1.0,False
subdued,0.7969672,0.07834218,0.4254700617522591,1.0,False
CG18335,0.7966958,1.1531315,0.4256277036531897,1.0,False
Ilp6,0.79638225,0.0815183,0.42580987805864745,1.0,False
Kr-h1,0.7961952,-0.13607387,0.42591858683126005,1.0,False
dpr7,0.7949725,-0.012521167,0.4266295044537165,1.0,False
CG42394,0.7949324,0.0192903,0.42665279452608074,1.0,False
CG13197,0.7946253,-0.01959637,0.42683151381278495,1.0,False
GC,0.794565,0.04080487,0.4268665619265294,1.0,False
CG4707,0.79410833,0.027751531,0.42713236366883267,1.0,False
CLS,0.79354286,0.005883919,0.4274616047719303,1.0,False
Sox14,0.7931028,0.5905285,0.4277179209575406,1.0,False
CG9471,0.7929572,-0.014065101,0.427802760268327,1.0,False
ema,0.79256076,-0.05630694,0.42803379577494294,1.0,False
Lgr1,0.79242647,0.38911185,0.42811206286815984,1.0,False
YME1L,0.79195595,-0.061574545,0.4283863731758636,1.0,False
Bub1,0.79123384,-0.0290238,0.4288075391769598,1.0,False
Mes2,0.7911414,0.5499645,0.4288614939183626,1.0,False
dmt,0.79103047,0.5699726,0.4289262034689171,1.0,False
CG15210,0.7904076,0.86550915,0.4292897574736413,1.0,False
CG32109,0.7900437,0.0005743363,0.42950222368842006,1.0,False
kat80,0.7900161,-0.026950689,0.4295183628590571,1.0,False
CG1582,0.7899994,0.0434823,0.4295280879140596,1.0,False
Patj,0.78988963,0.020846227,0.42959223509862443,1.0,False
wda,0.7898517,0.20196906,0.4296143775156547,1.0,False
lncRNA:CR42651,0.789784,0.9459512,0.42965390441286777,1.0,False
CG11906,0.789716,0.09938561,0.42969364038644187,1.0,False
Mul1,0.78941274,0.08220959,0.4298708225755784,1.0,False
ash1,0.78889155,-0.109739326,0.4301754018094399,1.0,False
TkR99D,0.7887126,-0.056083605,0.4302799939237991,1.0,False
CG16972,0.78801036,-0.008805971,0.43069063472587943,1.0,False
CycK,0.7877783,-0.06463505,0.43082639091841524,1.0,False
Irbp18,0.78765714,0.09018715,0.4308972841681329,1.0,False
Nup98-96,0.7876274,-0.019184079,0.43091469758035206,1.0,False
Eato,0.78727627,0.091196105,0.4311201651973584,1.0,False
CG16890,0.78662294,0.05769655,0.43150263957319557,1.0,False
del,0.78657156,0.20397052,0.43153272317491975,1.0,False
CG13398,0.78625375,-0.018273668,0.4317188535802102,1.0,False
Art4,0.7861393,0.24340083,0.4317858885175069,1.0,False
red,0.785892,-0.03131256,0.43193077099300126,1.0,False
CG8777,0.78573257,0.37099615,0.43202419153091676,1.0,False
CG11007,0.78568435,0.0151809985,0.4320524275966494,1.0,False
CG31793,0.7856344,0.116125956,0.43208170288170855,1.0,False
Stt3B,0.78533465,0.011022476,0.4322573787205084,1.0,False
GstE2,0.7848606,-0.05262621,0.43253530507910276,1.0,False
CG11601,0.78457147,0.04094447,0.4327048535429925,1.0,False
Tgi,0.78407544,0.10983051,0.4329958351172054,1.0,False
mahj,0.78406304,0.02143085,0.4330031111069431,1.0,False
CG12213,0.78404534,-0.09340909,0.4330135055007167,1.0,False
CG3156,0.78318685,0.087356985,0.4335173908203209,1.0,False
CG6695,0.78301924,0.023171876,0.4336157950976248,1.0,False
Ars2,0.7820393,-0.09360601,0.4341915002025707,1.0,False
CG8441,0.7816013,0.04804879,0.43444889941428255,1.0,False
RYBP,0.78098166,0.012311985,0.43481328235680516,1.0,False
CG14440,0.7806624,-0.08692474,0.43500106362397495,1.0,False
CG7824,0.7790316,0.6774418,0.4359611247184343,1.0,False
CG9004,0.77837044,0.05993322,0.43635066950609913,1.0,False
CG17361,0.7776707,0.023588117,0.4367631874778267,1.0,False
Dtd,0.7761744,0.03566395,0.43764599816513516,1.0,False
dare,0.7761475,0.07575172,0.43766189523014953,1.0,False
Rcd2,0.7756341,1.0906872,0.4379650488730832,1.0,False
Ski8,0.7754304,0.3104604,0.4380853814024881,1.0,False
mRpL28,0.77474445,-0.05143176,0.4384906755487745,1.0,False
Mip,0.77456445,0.47562903,0.4385970590782954,1.0,False
CG43850,0.7738626,-0.02205195,0.4390120546429883,1.0,False
tea,0.77328223,0.037863176,0.4393553661465208,1.0,False
BicDR,0.77294385,0.10681709,0.43955559751278506,1.0,False
indra,0.77265793,-0.030092616,0.43972483908761306,1.0,False
CG5721,0.77114826,0.0012823474,0.44061906282161,1.0,False
dpr4,0.7708489,-0.097307846,0.4407965203541133,1.0,False
Bap170,0.7700952,0.050515965,0.4412433906101758,1.0,False
Spn42Da,0.76866454,0.15346117,0.44209246442789585,1.0,False
ssh,0.76849943,-0.07044053,0.44219051080145577,1.0,False
CG1407,0.7679262,-0.007220214,0.44253103449469755,1.0,False
holn1,0.7671662,-0.018025044,0.4429827015590875,1.0,False
Uhg5,0.7669809,-0.088768125,0.4430928682545161,1.0,False
Pgam5,0.7667492,0.084069364,0.44323065131720996,1.0,False
Mal-A5,0.76652706,0.7488718,0.44336276907498173,1.0,False
cry,0.76590556,0.12874624,0.44373248115316943,1.0,False
CG15535,0.764916,0.033201337,0.4443215592648654,1.0,False
bumpel,0.7644189,0.260084,0.44461763758032347,1.0,False
Acbp8,0.7643222,-0.033203192,0.444675262477091,1.0,False
RagA-B,0.76416916,0.031517386,0.44476645783168234,1.0,False
Six4,0.76404476,0.8391364,0.44484056191187593,1.0,False
Tom70,0.7630942,0.013556382,0.44540723680299343,1.0,False
Sec13,0.76281106,-0.03927592,0.4455760726088446,1.0,False
be,0.76277,0.52428657,0.44560058747177866,1.0,False
mora,0.762765,0.13413584,0.4456035462141078,1.0,False
CTCF,0.76260984,-0.0024921692,0.44569611823479205,1.0,False
glu,0.7625216,-0.016622808,0.4457487496792596,1.0,False
Egm,0.7621457,0.05678614,0.44597305427408684,1.0,False
Spn27A,0.7618977,0.6805323,0.44612107553201763,1.0,False
Mst85C,0.7613269,0.010107629,0.446461842147153,1.0,False
S1P,0.7607444,0.027866818,0.4468097417798901,1.0,False
Spt20,0.76040393,-0.029366352,0.44701317788232964,1.0,False
Cbp20,0.76033235,-0.05778083,0.4470559463858257,1.0,False
Polr2J,0.7592248,-0.08840936,0.4477180962007121,1.0,False
bor,0.7588843,-0.023711262,0.4479217673317568,1.0,False
Usp32,0.7587575,-0.0027722674,0.44799765411280335,1.0,False
rush,0.7582912,0.11074463,0.44827667499227486,1.0,False
PIG-U,0.7575794,0.12409497,0.44870281735978024,1.0,False
Ns2,0.75652957,-0.089367315,0.4493317384924188,1.0,False
CG1722,0.7563007,0.21050361,0.4494689236670807,1.0,False
Dus4,0.75537384,0.28751063,0.4500247026999302,1.0,False
CG3511,0.75490725,0.019979317,0.45030465162448774,1.0,False
List,0.7548743,0.31482273,0.45032442395599115,1.0,False
CG14591,0.75481194,-0.08714984,0.4503618439079118,1.0,False
Pfdn1,0.7547499,-0.046110466,0.4503990529928267,1.0,False
wgn,0.75463337,0.6027576,0.45046901078652024,1.0,False
CG32590,0.75408345,-0.008861936,0.4507991074344665,1.0,False
CG30094,0.75254434,-0.019310683,0.451723765476604,1.0,False
TyrRS-m,0.7524129,0.116603926,0.45180278572312416,1.0,False
koko,0.75222903,0.25146434,0.45191334198547517,1.0,False
Su(fu),0.75192004,0.051986255,0.4520991279808765,1.0,False
ftz-f1,0.7513684,-0.024006419,0.4524309655904942,1.0,False
CG33695,0.75068635,0.043577205,0.45284142385445747,1.0,False
rk,0.750365,0.43481606,0.45303489185461765,1.0,False
Rrp4,0.7502566,0.22466145,0.4531001738341053,1.0,False
CG16896,0.75014573,0.11244225,0.45316695468613155,1.0,False
Mondo,0.7500738,-0.061598297,0.45321026919922314,1.0,False
Uvrag,0.74933153,0.03208107,0.4536574199923239,1.0,False
Phyhd1,0.74815875,0.16003336,0.4543644038928021,1.0,False
rdgBbeta,0.7480567,-0.04765102,0.4544259472532961,1.0,False
CG34136,0.7475341,0.056463532,0.45474121692070923,1.0,False
Hml,0.7473205,0.96497893,0.45487013891232875,1.0,False
ssp7,0.74618137,0.4006131,0.4555578564726438,1.0,False
CG33493,0.7455539,0.30542487,0.4559369391973035,1.0,False
geminin,0.74548125,0.018524583,0.45598083092352404,1.0,False
amn,0.7453881,0.16431946,0.4560371442770462,1.0,False
mei-9,0.7453041,0.30914235,0.45608789388156645,1.0,False
Mettl14,0.74491155,0.16866839,0.45632519576833763,1.0,False
bnl,0.74486333,0.23307562,0.45635432785837293,1.0,False
CG3408,0.74244595,0.1695934,0.457817200584523,1.0,False
CG31689,0.7413118,0.49281928,0.45850441096863226,1.0,False
Stoml2,0.7410882,-0.044227306,0.4586399461464058,1.0,False
Sbat,0.74093837,0.0811414,0.45873081669193305,1.0,False
Dh31-R,0.7402634,0.01721835,0.4591401814285575,1.0,False
rept,0.7390244,0.07740512,0.4598921828746002,1.0,False
CG8728,0.7380288,-0.0030216353,0.4604969497567618,1.0,False
Alg7,0.7367919,0.12909816,0.46124890029639964,1.0,False
Lsm10,0.7351054,0.44683945,0.46227529408464507,1.0,False
caz,0.7337428,-0.0056941463,0.4631055330821665,1.0,False
Pura,0.7330246,0.28720716,0.4635434373946924,1.0,False
CG33090,0.73267454,-0.04985895,0.46375696423708546,1.0,False
fusl,0.7322001,0.7172637,0.4640464367128583,1.0,False
CG8353,0.73175937,0.15340978,0.4643154616811116,1.0,False
Ogg1,0.7310245,0.37782955,0.4647641737378768,1.0,False
Rnb,0.73026204,0.043667387,0.4652300160495517,1.0,False
mip130,0.7300339,0.005662219,0.4653694728367833,1.0,False
MME1,0.7299896,0.21646373,0.46539654400493624,1.0,False
Ent2,0.7282553,0.1032333,0.46645733891845975,1.0,False
CG3386,0.728228,0.062041808,0.46647403629437867,1.0,False
Wdr59,0.7281082,0.19908349,0.4665473351932349,1.0,False
Ssk,0.7279963,0.27462733,0.46661586893893414,1.0,False
ple,0.7270797,-0.06423668,0.4671771447918731,1.0,False
iPLA2-VIA,0.72699255,0.021229202,0.4672305364691678,1.0,False
Galt,0.72693795,0.056779694,0.46726396224923694,1.0,False
CG4036,0.7266269,0.021802627,0.4674545579316606,1.0,False
CG12948,0.72643447,0.016920865,0.467572453590988,1.0,False
Sgf29,0.7258598,0.011933711,0.46792471885280607,1.0,False
CG31957,0.7249946,0.05939044,0.4684553485548918,1.0,False
Grip91,0.7249021,0.0876577,0.4685120817469802,1.0,False
yata,0.72483623,-0.07454217,0.4685525146185937,1.0,False
CG8202,0.72464067,0.18072961,0.46867252031837936,1.0,False
Atg4a,0.7237453,-0.026152754,0.46922211136416603,1.0,False
Grasp65,0.72374034,0.059671152,0.46922515718239577,1.0,False
CG9628,0.7236865,0.14778514,0.4692582267698435,1.0,False
CG12321,0.72364324,0.19545284,0.46928477039743566,1.0,False
CG11454,0.72308666,-0.04902637,0.4696266481715252,1.0,False
Pym,0.7230498,-0.006865154,0.46964928529421157,1.0,False
CG8858,0.72250736,0.04334364,0.46998259964375855,1.0,False
RanGAP,0.7219384,0.44310284,0.4703323826744915,1.0,False
eIF2Bgamma,0.72131586,0.018165633,0.4707152177715138,1.0,False
Mfe2,0.7212786,0.06771998,0.47073810180845577,1.0,False
U2A,0.72096646,0.068339236,0.47093013396506467,1.0,False
CG3328,0.7209396,0.3512444,0.47094670176084796,1.0,False
LBR,0.72078896,0.43855643,0.4710393565469715,1.0,False
BORCS5,0.72036415,-0.067359455,0.4713008062542754,1.0,False
TTLL4A,0.72006404,-0.10421614,0.47148554831640177,1.0,False
Act79B,0.7193831,1.0141368,0.47190491037640747,1.0,False
CG8778,0.7190334,0.0074306424,0.47212034422098104,1.0,False
CG9674,0.7187751,-0.0010345927,0.4722794988373161,1.0,False
CG10731,0.7185841,0.020754546,0.47239719182812967,1.0,False
pirk,0.7185544,1.0765169,0.47241553504772316,1.0,False
lncRNA:CR43837,0.7184059,1.6747699,0.4725070386324337,1.0,False
dgt1,0.7181462,-0.07718878,0.47266713877916233,1.0,False
Zip99C,0.71798253,-0.032484993,0.47276806308225783,1.0,False
CG3294,0.7177983,0.08414106,0.47288167172504414,1.0,False
Pus7,0.7176197,0.26933935,0.472991799056275,1.0,False
GCC185,0.7175687,-0.032538954,0.47302326660035465,1.0,False
TfIIEalpha,0.71741176,0.021825867,0.47312008022688834,1.0,False
CG11267,0.71506023,-0.020514589,0.4745718408566033,1.0,False
IntS4,0.71477675,0.28014377,0.47474699590888847,1.0,False
Grik,0.71422404,0.41334483,0.47508865033256276,1.0,False
CG6701,0.71324015,0.51264405,0.4756971727833115,1.0,False
Alh,0.7116553,-0.10100472,0.476678236840008,1.0,False
CG6425,0.71147466,0.24488853,0.47679016558392695,1.0,False
CCHa2,0.7113049,0.35353354,0.4768953039210536,1.0,False
DPCoAC,0.7098406,0.07767484,0.47780300584358437,1.0,False
eIF3c,0.70930946,-0.11879817,0.478132454074108,1.0,False
mRpS29,0.7090554,-0.008067737,0.47829007927280154,1.0,False
MED31,0.70862955,-0.092998244,0.4785543905160222,1.0,False
CG13151,0.7079004,0.16408168,0.4790071152806996,1.0,False
twit,0.70786035,0.3437523,0.4790319801166555,1.0,False
Obp49a,0.70777565,0.56439954,0.47908457266629145,1.0,False
asRNA:CR45134,0.7074295,0.9015741,0.4792995967457021,1.0,False
pn,0.7064577,-0.0028561593,0.47990357424242536,1.0,False
Glys,0.70645165,-0.0005029154,0.47990731874336623,1.0,False
CG11964,0.70614266,0.05153681,0.4800994109831579,1.0,False
asRNA:CR44291,0.7055673,0.22184344,0.48045727245897496,1.0,False
CG31937,0.7052222,0.10898341,0.4806719709161693,1.0,False
Gsc,0.70472157,0.6547032,0.4809835308712854,1.0,False
CG8675,0.70459825,-0.005095521,0.48106028013344504,1.0,False
FMRFa,0.70456356,0.8773938,0.4810818946347095,1.0,False
opm,0.70451146,-0.022880776,0.481114317378065,1.0,False
mRpL32,0.70387405,0.057937954,0.48151120635767786,1.0,False
dan,0.70275694,0.13199511,0.4822072395695979,1.0,False
Ugt36D1,0.70265704,0.5026862,0.4822695184650506,1.0,False
Ets96B,0.70160615,0.54979706,0.48292481588397684,1.0,False
omd,0.700793,0.0737267,0.4834321966654297,1.0,False
CG4338,0.7003119,0.022718484,0.48373256080266114,1.0,False
CG11123,0.70011485,0.29406175,0.48385556678596875,1.0,False
Roc1a,0.6987745,-0.08577721,0.48469294448934186,1.0,False
Glt,0.69867784,0.8777802,0.48475340417265256,1.0,False
CG6607,0.6978834,-0.05746083,0.4852500810942201,1.0,False
Datp,0.6975958,0.03131483,0.4854300338136882,1.0,False
CG4390,0.6972071,-0.007782423,0.48567320463708274,1.0,False
CG7685,0.6966579,0.02401184,0.48601690383079554,1.0,False
CG1231,0.696029,0.12319875,0.4864106563826789,1.0,False
Grip75,0.69534236,0.09546258,0.4868407644845355,1.0,False
CG7275,0.6949165,0.16209565,0.48710763237221666,1.0,False
kon,0.6946437,0.7569435,0.4872786291845018,1.0,False
JMJD5,0.69375616,0.17343406,0.48783514819134366,1.0,False
Tmem63,0.6937012,0.017303962,0.48786959476242664,1.0,False
CG4554,0.69320554,0.25482655,0.4881805622155856,1.0,False
GILT3,0.6919818,0.40712106,0.4889487692860881,1.0,False
EndoGI,0.69191164,0.08641392,0.48899282636305763,1.0,False
Nrx-1,0.69175893,0.11685689,0.48908873577813017,1.0,False
SIFa,0.69147724,0.5600028,0.48926567183596503,1.0,False
lncRNA:CR43496,0.69115305,0.08844446,0.4894693578842201,1.0,False
GABPI,0.69063115,-0.048157666,0.4897973549105116,1.0,False
DNAlig3,0.6905469,0.10494016,0.4898503621328406,1.0,False
lin-28,0.68987435,0.90181375,0.49027319403972613,1.0,False
retn,0.6895629,0.39861932,0.49046908204099005,1.0,False
asRNA:CR42254,0.6888373,0.15942684,0.4909256486747372,1.0,False
sp3,0.688719,-0.07856123,0.49100012992448716,1.0,False
SecS,0.68855846,0.012449231,0.4911011576070482,1.0,False
NPFR,0.68788564,0.11096687,0.4915247925005395,1.0,False
GstZ2,0.68722594,-0.03602275,0.49194036373931704,1.0,False
CenB1A,0.68692195,-0.026123192,0.492131920255498,1.0,False
polybromo,0.6858817,0.016631357,0.49278771229536755,1.0,False
CoRest,0.6853672,-0.08347418,0.49311220752012175,1.0,False
lectin-28C,0.68527263,1.2131364,0.4931718895538817,1.0,False
CCKLR-17D1,0.6852025,0.05784011,0.49321615063921354,1.0,False
Naxe,0.68404603,0.2485612,0.4939460944666818,1.0,False
Atf-2,0.68384373,0.18184172,0.4940738492913852,1.0,False
Ntmt,0.683167,0.10418704,0.49450131873364356,1.0,False
TrpRS,0.6829388,0.016614879,0.4946454943577826,1.0,False
Snx21,0.6824371,0.008252831,0.4949625806384589,1.0,False
sea,0.68184793,1.1746712,0.4953351165144414,1.0,False
CG46387,0.68161196,0.7533478,0.49548435206022934,1.0,False
CG43783,0.6812785,0.0010530361,0.4956952498078072,1.0,False
mid,0.68096006,0.79429597,0.49589677922751396,1.0,False
Tif-IA,0.68062484,-0.07177848,0.4961088918723445,1.0,False
CG5746,0.67993647,-0.080300346,0.49654470417164576,1.0,False
Wdr92,0.67982733,0.05365046,0.4966138068980074,1.0,False
CycY,0.6796406,-0.07348858,0.4967320562455081,1.0,False
Pde9,0.6792225,0.082942754,0.49699688149724686,1.0,False
Zfrp8,0.6788413,0.05256782,0.49723843178076754,1.0,False
Tmtc2,0.67876583,-0.09589252,0.49728625537514093,1.0,False
CG12672,0.6787006,-0.016665712,0.4973275697481173,1.0,False
Slc25A46a,0.6785259,0.018889885,0.4974382743339074,1.0,False
NC2alpha,0.6783325,0.035129867,0.49756089553722993,1.0,False
lqfR,0.67745066,-0.07682122,0.4981200813862642,1.0,False
Fer2,0.6773372,0.20532548,0.49819199774833667,1.0,False
CG17806,0.6770113,0.17654529,0.49839878805257953,1.0,False
CG3815,0.6766538,0.041573353,0.4986256355462647,1.0,False
AOX1,0.6766506,0.58033425,0.49862765920992613,1.0,False
CRMP,0.67631084,-0.07025867,0.4988433168342963,1.0,False
l(2)37Cb,0.67469376,0.11345835,0.49987033721848273,1.0,False
CG34134,0.6739752,-0.035371713,0.500327050555957,1.0,False
CG33635,0.6738041,0.015822817,0.5004358566223113,1.0,False
CG42360,0.67336655,-0.017208593,0.5007141238027075,1.0,False
dup,0.67336124,0.20640779,0.5007175040701255,1.0,False
CG7966,0.6732131,0.9085434,0.5008117057207515,1.0,False
CG9667,0.6731281,-0.0069984472,0.5008657970376047,1.0,False
CG12219,0.6728592,0.09245953,0.5010368812051043,1.0,False
Sf3b6,0.6724468,-0.072868675,0.5012993154878176,1.0,False
Dpm1,0.6709984,0.045928415,0.5022215684672323,1.0,False
cyst,0.6706887,-0.08049664,0.5024188592976379,1.0,False
GlcT,0.67046726,0.090666935,0.5025599676879231,1.0,False
UQCR-C1,0.6695266,0.06195183,0.5031596296282304,1.0,False
Sk1,0.6692552,0.81670105,0.5033327096739959,1.0,False
Fbxo42,0.6690947,0.01032014,0.5034350812061759,1.0,False
Vsx1,0.66876763,-0.092615455,0.5036437000483025,1.0,False
CG2224,0.668667,0.035876807,0.5037078996419624,1.0,False
CG32708,0.6685154,0.029840806,0.5038046593025367,1.0,False
tkv,0.6664629,0.006163003,0.5051152702539825,1.0,False
Hyls1,0.6662659,0.41828158,0.5052411543516939,1.0,False
DMAP1,0.6641872,-0.08841814,0.5065705098514004,1.0,False
Bap55,0.6640405,-0.032718044,0.5066643841331461,1.0,False
hpRNA:LINR-2,0.6629953,0.3004419,0.5073335597321685,1.0,False
wdn,0.66269416,-0.010791272,0.5075264591438953,1.0,False
CG8531,0.662557,-0.003954611,0.5076142978674433,1.0,False
CG8401,0.6625039,0.6796142,0.5076483460303847,1.0,False
Rab11,0.66154015,-0.09393681,0.5082659606334614,1.0,False
CG1468,0.6615097,1.1435101,0.5082854945792887,1.0,False
Nrx-IV,0.6611341,-0.102165386,0.5085262941502542,1.0,False
CG42495,0.66088897,0.028678315,0.5086835276421018,1.0,False
P58IPK,0.6603263,0.0018598186,0.5090444430113779,1.0,False
Nnf1a,0.66017467,0.39627993,0.5091417403778984,1.0,False
Neurl4,0.6600897,0.03207904,0.5091963039115197,1.0,False
miple2,0.6597789,0.033964045,0.5093957141996106,1.0,False
mael,0.65948236,0.69081527,0.5095860675085672,1.0,False
Tcs5,0.6593644,0.0015499484,0.5096618098235544,1.0,False
AdoR,0.65825826,0.22639808,0.5103722089706979,1.0,False
CG7218,0.6574844,0.06490691,0.510869477442571,1.0,False
bisc,0.6565016,-0.0056545357,0.5115014460739954,1.0,False
INPP5E,0.6562337,-0.005322477,0.5116737476362556,1.0,False
Uba2,0.65620893,-0.051576782,0.5116897030168331,1.0,False
CG32856,0.6551265,-0.03940637,0.5123862943019333,1.0,False
CG14341,0.6550734,-0.05197943,0.5124205095504648,1.0,False
sax,0.6549841,-0.03904002,0.5124779938496129,1.0,False
CG31301,0.65490085,-0.038726874,0.5125316032689626,1.0,False
spartin,0.65440905,0.22217162,0.5128483006472655,1.0,False
Uhg2,0.65437293,-0.06290435,0.512871577818846,1.0,False
lncRNA:CR31044,0.65398705,0.57559186,0.5131201301653043,1.0,False
CG5890,0.6537111,-0.10446734,0.513297966885204,1.0,False
PIG-G,0.65363634,0.06779647,0.5133461412761781,1.0,False
pinta,0.6527913,0.10929707,0.5138908353675513,1.0,False
CG7120,0.65260744,-0.05236505,0.5140094061079534,1.0,False
PGRP-LE,0.6525922,0.031893782,0.5140192305263427,1.0,False
sv,0.6519498,0.35865167,0.5144335442867853,1.0,False
CG31200,0.6517936,0.72212565,0.5145343495541757,1.0,False
asRNA:CR44690,0.6512993,0.35659677,0.5148532909564199,1.0,False
CG11414,0.65129894,-0.052554484,0.5148535196250865,1.0,False
Ctu1,0.6498998,0.029764256,0.5157569435668106,1.0,False
CG17249,0.64969325,0.11438779,0.5158903877800121,1.0,False
PGAP2,0.64957494,-0.070316926,0.5159668458789866,1.0,False
CG5773,0.64941794,1.3562701,0.5160682649401114,1.0,False
Catsup,0.64941156,0.13602132,0.5160723860234742,1.0,False
nom,0.6487373,0.15325174,0.5165081723839305,1.0,False
CG5126,0.64810663,0.06361656,0.5169159643593682,1.0,False
CG11426,0.64715004,0.7280348,0.517534843422206,1.0,False
CG2906,0.64696085,0.16210869,0.5176572893537194,1.0,False
crb,0.6469304,0.005470752,0.5176770105118953,1.0,False
CG32344,0.64670503,0.06152385,0.5178228674234647,1.0,False
ICA69,0.64664763,-0.03388032,0.5178600230526604,1.0,False
Ak6,0.6461633,0.067117676,0.518173607253805,1.0,False
beat-Vb,0.64574414,-0.10509765,0.5184450618363899,1.0,False
bdg,0.6456084,-0.021919021,0.5185329618653447,1.0,False
lncRNA:CR44708,0.6445813,1.385694,0.5191985436259134,1.0,False
Nthl1,0.64404136,0.2032593,0.5195486157729267,1.0,False
CG1792,0.6433338,0.0066213757,0.5200075232239045,1.0,False
crm,0.643179,0.06143169,0.5201079730027949,1.0,False
CG6724,0.6430844,0.11658002,0.5201693511320181,1.0,False
CG11127,0.64140636,0.010598454,0.5212586860609039,1.0,False
Gmd,0.6413575,0.35522714,0.5212904452587501,1.0,False
run,0.6412962,0.17998482,0.5213302607324746,1.0,False
mTor,0.6407006,0.009904203,0.521717219730261,1.0,False
DIP-eta,0.64019215,-0.06821507,0.5220476674363035,1.0,False
CG43107,0.6401156,0.5971542,0.5220974166162691,1.0,False
Npl4,0.6399807,-0.018884722,0.5221851745827901,1.0,False
Kpc1,0.6396423,0.22717276,0.5224051786567171,1.0,False
mRpL41,0.63931525,-0.07191617,0.5226178561205708,1.0,False
lncRNA:CR44813,0.639153,0.5501101,0.5227234048918272,1.0,False
tex,0.639137,0.19333623,0.5227337759949824,1.0,False
CG1492,0.63771737,-0.01975983,0.52365768861773,1.0,False
twf,0.6375058,-0.014927588,0.5237954133405599,1.0,False
ATP7,0.6374732,0.025914894,0.5238166389026435,1.0,False
Proc-R,0.63715327,0.40492946,0.5240249958164256,1.0,False
alpha-Est8,0.63708454,0.06677116,0.5240697646394898,1.0,False
fid,0.636917,-0.09087244,0.5241789257083973,1.0,False
form3,0.6358009,-0.019153392,0.5249061939922974,1.0,False
fl(2)d,0.6356535,-0.084670626,0.5250022781838883,1.0,False
CG5500,0.6355476,-0.064521074,0.5250713442573096,1.0,False
CG6961,0.6351642,0.22024474,0.5253213145254854,1.0,False
Ice1,0.63449776,0.1424752,0.5257560195555272,1.0,False
Vps25,0.6340779,-0.06394439,0.5260299711975155,1.0,False
Hr39,0.6340269,-0.110248685,0.526063266494613,1.0,False
meep,0.6338547,0.99973106,0.5261756460737206,1.0,False
Egfr,0.6330143,0.70023024,0.5267243084088142,1.0,False
l(2)k05819,0.632885,-0.032296367,0.5268087617175943,1.0,False
Asm,0.6326993,0.945861,0.52693001636077,1.0,False
Chrac-14,0.6321923,-0.0556068,0.5272612251668196,1.0,False
Atg4b,0.6311088,-0.0054894066,0.5279693633327027,1.0,False
CG12129,0.63021386,-0.042968668,0.5285546720929946,1.0,False
lncRNA:CR43995,0.63013273,0.7063473,0.5286077508559103,1.0,False
CG16798,0.6299956,0.54283327,0.5286974578156209,1.0,False
mute,0.6297912,0.09423171,0.5288312213420195,1.0,False
CG10866,0.6297497,0.041146483,0.5288583470690933,1.0,False
CG4424,0.629242,0.20147046,0.5291906367069534,1.0,False
Cdk7,0.62900674,0.06646315,0.5293446436214584,1.0,False
Scot,0.6286585,0.44544727,0.5295726806421962,1.0,False
Eaf,0.628651,-0.09646835,0.5295775527815716,1.0,False
stwl,0.6284692,0.20118088,0.5296965792640367,1.0,False
Lamtor3,0.6283357,-0.028515706,0.5297840596355778,1.0,False
Sec24CD,0.62745416,-0.03276235,0.5303615677555318,1.0,False
Nup160,0.6268214,0.31401816,0.5307763264719787,1.0,False
Ziz,0.6265415,-0.07835672,0.530959838869175,1.0,False
CCT8,0.6264756,-0.05656426,0.5310030502667873,1.0,False
G6p,0.62552,0.014255188,0.5316298159551328,1.0,False
Polr1A,0.62534714,0.11595517,0.5317432641071356,1.0,False
IleRS,0.6253411,0.0012293151,0.5317472164155213,1.0,False
CROT,0.62514305,0.23585272,0.5318771859070972,1.0,False
Slc45-1,0.62428564,0.74324226,0.5324400301285716,1.0,False
Vps13D,0.62378854,-0.068438455,0.5327664782462507,1.0,False
ND-75,0.62371516,-0.07611187,0.5328146512943087,1.0,False
mRpL38,0.62367654,-0.066961385,0.532840018664273,1.0,False
Nup93-2,0.62292224,0.16785803,0.5333356194158967,1.0,False
Zasp52,0.6227979,0.4774147,0.5334173495671735,1.0,False
Tab2,0.62237024,0.18485764,0.5336984471418202,1.0,False
CG6179,0.62126976,0.0084456215,0.5344221457410134,1.0,False
ECSIT,0.6212687,0.013031449,0.5344228449809416,1.0,False
Elmod,0.6206802,-0.0026786511,0.5348100617090901,1.0,False
CrzR,0.62057,0.17174941,0.5348825785803735,1.0,False
Vps51,0.61944157,0.057884723,0.5356255206277765,1.0,False
Rrp1,0.618644,0.04328455,0.5361509085750114,1.0,False
RpS15Ab,0.61838853,-0.039045863,0.5363192462671922,1.0,False
beta4GalNAcTB,0.61807746,0.04327961,0.5365242759279802,1.0,False
CG34293,0.61722535,-0.013818313,0.5370860909307255,1.0,False
CG17544,0.6167807,0.074704215,0.5373793799580697,1.0,False
Hip1,0.61652774,-0.07194624,0.5375462751191042,1.0,False
CG6171,0.61636406,-0.024995357,0.5376542799777722,1.0,False
orion,0.61605686,-0.1497539,0.5378569938328489,1.0,False
CG1360,0.6154588,0.2741324,0.5382517763033552,1.0,False
spn-A,0.61528873,0.21883002,0.5383640632660843,1.0,False
POLDIP2,0.61501235,-0.020762026,0.538546554640907,1.0,False
CG15117,0.61466795,0.68970776,0.5387740103812844,1.0,False
CG11134,0.6145493,0.052982874,0.5388524142078475,1.0,False
CG15459,0.6145369,2.0158288,0.5388606059824022,1.0,False
gpp,0.6144476,-0.018045543,0.5389195886020005,1.0,False
CG10512,0.6144228,0.07353617,0.5389359732372911,1.0,False
Dyrk3,0.6138063,0.02311518,0.5393433286803506,1.0,False
CG6040,0.61378366,0.074804775,0.5393583148093497,1.0,False
CG31678,0.6134548,-0.06754659,0.5395756371162328,1.0,False
CG11555,0.612956,-0.03349513,0.5399054512237016,1.0,False
ttk,0.61238766,0.10501548,0.5402812998563111,1.0,False
CG15107,0.6123852,-0.017236914,0.5402829403802576,1.0,False
Gyc32E,0.6121446,0.6393611,0.5404420830448259,1.0,False
Mrm2,0.61212087,0.07432723,0.5404577876416445,1.0,False
CCHa2-R,0.61199224,0.25968137,0.5405428777081744,1.0,False
CG14795,0.61134315,0.514915,0.5409724151552395,1.0,False
CG32533,0.61106044,0.16470009,0.541159570475416,1.0,False
MED11,0.61071074,-0.005417633,0.5413910967872728,1.0,False
Marc,0.6107072,0.4040392,0.5413934427983265,1.0,False
Sobp,0.61056226,0.410618,0.5414893989998064,1.0,False
CG17786,0.6097761,0.055718586,0.5420101504065684,1.0,False
CG4607,0.6088974,0.48958728,0.5425924483677663,1.0,False
CG34219,0.60850763,0.052841492,0.5428508254710227,1.0,False
CG15908,0.6080396,-0.0751447,0.5431611938698068,1.0,False
ecd,0.60791737,-0.0086273495,0.5432422660258398,1.0,False
E(bx),0.6079075,-0.05781384,0.5432488460593545,1.0,False
Brat1,0.6077799,0.18704881,0.543333450025131,1.0,False
H15,0.6075284,1.0626802,0.5435003270696181,1.0,False
Ets97D,0.6072998,0.027930474,0.5436519487482084,1.0,False
CG15706,0.60565335,0.25592127,0.5447449517244303,1.0,False
pdm2,0.60494125,0.33246288,0.5452180540357094,1.0,False
CG15082,0.60343647,0.9148158,0.5462183588790299,1.0,False
Pmvk,0.6030273,0.06477059,0.5464905556868649,1.0,False
CG3764,0.6025904,-0.07561512,0.5467812087534716,1.0,False
CG4951,0.6024161,0.055431273,0.5468972084676937,1.0,False
CG10324,0.6021624,-0.04086401,0.547066042823368,1.0,False
Membrin,0.6017475,0.035057954,0.5473422227512895,1.0,False
D12,0.6016522,0.059118263,0.5474056760456087,1.0,False
CG15279,0.60140735,2.3795872,0.5475686898473178,1.0,False
janA,0.60112005,-0.099012904,0.5477600434657908,1.0,False
Blos1,0.60058147,-0.06218747,0.5481187730577143,1.0,False
CG12499,0.60034585,0.17584889,0.5482757537492311,1.0,False
CG34367,0.59914124,0.37819025,0.5490787086887572,1.0,False
CG42365,0.5990778,-0.010765727,0.5491209979755104,1.0,False
CG4404,0.59887373,-0.09728624,0.5492570906061898,1.0,False
CG11200,0.59849995,0.3542325,0.5495064006227897,1.0,False
CG42233,0.5984854,0.04152056,0.5495160905742353,1.0,False
Dim1,0.59844077,-0.08966205,0.5495458699766687,1.0,False
Orct2,0.5976535,0.56386775,0.55007115806671,1.0,False
Enoph,0.5973442,-0.032134637,0.55027760578635,1.0,False
CG2278,0.5971961,-0.054742765,0.5503764682580764,1.0,False
CG18476,0.5969913,-0.05698998,0.5505131872294038,1.0,False
Trs23,0.59655017,0.013819935,0.5508077338309567,1.0,False
sced,0.59653103,-0.045198783,0.550820511100514,1.0,False
ScpX,0.5960634,0.05483103,0.5511328897002411,1.0,False
RhoL,0.5954979,0.585128,0.5515107001344967,1.0,False
CG4291,0.59549755,0.01117304,0.5515109368977231,1.0,False
ATPsynG,0.5953289,0.15995929,0.5516236418642447,1.0,False
Pgant7,0.5951383,0.053003374,0.5517510405126601,1.0,False
CG3184,0.595083,-0.016751213,0.5517879840878952,1.0,False
Sin1,0.5947914,0.032325562,0.5519829052427792,1.0,False
MRG15,0.59354,-0.039925568,0.5528198157644222,1.0,False
udd,0.5934199,0.0074241413,0.5529001748345075,1.0,False
Rint1,0.59337634,0.20732903,0.5529293330814329,1.0,False
Pex3,0.59276444,-0.024611712,0.5533388134332815,1.0,False
CG4537,0.59264576,0.142532,0.5534182608168248,1.0,False
CG8060,0.59219754,0.077854216,0.5537183140142169,1.0,False
CG11696,0.5918595,0.014551591,0.5539446518793385,1.0,False
CG7420,0.5917121,0.14581463,0.554043362654197,1.0,False
mthl10,0.5913104,1.1823999,0.5543124881471957,1.0,False
CG8243,0.59098226,-0.05185658,0.5545322976634257,1.0,False
gogo,0.59038526,-0.06457187,0.5549323843591705,1.0,False
CG10209,0.5903339,0.002913076,0.5549668197766764,1.0,False
CG10602,0.5902595,0.04260131,0.5550166936121947,1.0,False
Rbbp5,0.5901709,0.05670312,0.5550760700818527,1.0,False
CG30349,0.589964,0.053400896,0.5552147856090281,1.0,False
CG17593,0.5894134,-0.03272726,0.555583984400074,1.0,False
ProRS-m,0.589176,0.16038945,0.5557431997469965,1.0,False
Polr3F,0.58894145,0.012768712,0.5559005358875597,1.0,False
Gyc88E,0.58837956,-0.05059585,0.5562775655580252,1.0,False
Vps45,0.5883055,0.026053455,0.5563272590948762,1.0,False
Poxn,0.5879909,0.45970854,0.5565384213221296,1.0,False
CG33506,0.5877627,0.024871282,0.5566915859370622,1.0,False
nbs,0.58768296,0.15620415,0.5567451032615848,1.0,False
BHD,0.587565,0.21359864,0.5568243135032341,1.0,False
Bcat,0.58742076,1.2113185,0.55692113347805,1.0,False
l(3)07882,0.58712745,-0.03696371,0.5571181291584544,1.0,False
CG5815,0.5861099,-0.024158187,0.5578016910991097,1.0,False
IP3K2,0.58578604,0.38800305,0.5580193169183159,1.0,False
wcd,0.58562165,0.23117156,0.5581298123474955,1.0,False
Brf,0.585301,-0.013065597,0.5583453566700493,1.0,False
rumpel,0.58447546,-0.045489494,0.5589004801115829,1.0,False
scaf,0.584243,0.11241744,0.5590568207207636,1.0,False
Rtca,0.5839135,0.028649647,0.5592784985171051,1.0,False
CG7550,0.5838965,0.04577293,0.5592899411094898,1.0,False
Elal,0.58326477,0.49842322,0.5597150662229815,1.0,False
Ugt49C1,0.5826231,0.5184565,0.5601470278275171,1.0,False
Tbcd,0.5821976,0.04806223,0.560433580676719,1.0,False
coil,0.58175045,0.054036696,0.5607347643326213,1.0,False
Rsph3,0.5815521,0.28672603,0.5608684366977306,1.0,False
Hmx,0.58100146,-0.012118293,0.5612394582927294,1.0,False
CG30159,0.5803173,0.5654991,0.561700655020043,1.0,False
CG3149,0.57981986,-0.029476052,0.5620360989714641,1.0,False
CG8944,0.57968915,0.014397471,0.56212427658307,1.0,False
fat-spondin,0.5786539,0.2838987,0.5628227644763784,1.0,False
CG33116,0.5786078,-0.020313568,0.5628538499843472,1.0,False
Srp54,0.57846856,-0.078751184,0.5629478289038236,1.0,False
CG2685,0.57838845,-0.03613827,0.5630018761892331,1.0,False
Gp150,0.57803875,-0.02120818,0.5632379438895165,1.0,False
mIF3,0.5780136,0.11416718,0.5632549272968164,1.0,False
asRNA:CR45875,0.5779031,0.7776259,0.5633295615345831,1.0,False
spag,0.57773584,-0.089772336,0.5634424788029639,1.0,False
NSD,0.57684654,0.09142907,0.5640431330920681,1.0,False
LeuRS,0.57659566,0.006921902,0.5642126164202785,1.0,False
CG14135,0.57632643,-0.042617496,0.5643945749588815,1.0,False
SWIP,0.57606775,0.35855767,0.5645693775137182,1.0,False
lncRNA:CR43870,0.5759842,0.17019713,0.5646258945964258,1.0,False
Polr3E,0.57564366,0.15594481,0.5648560621798522,1.0,False
SMC6,0.57521176,-0.06399485,0.5651480878432421,1.0,False
Arv1,0.5746796,0.006162582,0.5655080092330484,1.0,False
GPHR,0.5744773,-0.023519136,0.5656448657567172,1.0,False
CG16749,0.5743179,0.50067663,0.5657527323684859,1.0,False
beta4GalT7,0.5742038,0.08365818,0.565829922984634,1.0,False
CG5199,0.5736089,0.17643794,0.5662324988248763,1.0,False
CG11902,0.5733616,-0.0066785673,0.566399899557574,1.0,False
lin-52,0.5727862,-0.11997509,0.5667894739194963,1.0,False
Mys45A,0.5724138,-0.060415853,0.5670416622312585,1.0,False
CG2841,0.5721697,0.24724226,0.5672070175216339,1.0,False
Adck1,0.5720652,0.4417812,0.5672778225674304,1.0,False
lbm,0.57174844,0.5996476,0.5674924237130328,1.0,False
CG1637,0.5717445,-0.0702378,0.5674950644613914,1.0,False
pira,0.571437,-0.04453471,0.5677034620636071,1.0,False
cu,0.57128394,-0.0009675718,0.5678071943374393,1.0,False
NT5E-2,0.5702742,0.6703545,0.5684917664405021,1.0,False
RtcB,0.56981677,-0.019822085,0.5688019953880318,1.0,False
CG6805,0.5697824,-0.023111362,0.5688253078786762,1.0,False
eEF1delta,0.56943554,-0.0877912,0.5690606213514271,1.0,False
AstC-R1,0.5691712,-0.024276415,0.5692399619046695,1.0,False
CG6230,0.568999,0.1043696,0.5693568122227682,1.0,False
Vha100-2,0.5687666,0.5645025,0.569514554265521,1.0,False
tefu,0.5683531,0.13668258,0.5697952231328882,1.0,False
Tep2,0.5665869,0.47677565,0.5709948808766425,1.0,False
CG16787,0.5658269,-0.056782905,0.5715114524105068,1.0,False
Vps16A,0.56534576,-0.008136632,0.5718386088417444,1.0,False
Uba3,0.56488943,0.06878087,0.5721489837802138,1.0,False
CG7806,0.56422615,-0.0266342,0.5726002303858148,1.0,False
Hmu,0.5636536,-0.024966078,0.5729899038929618,1.0,False
mRpS28,0.5635863,-0.06337336,0.5730357277313421,1.0,False
mRpL47,0.5632589,-0.07830075,0.5732586010764488,1.0,False
Mtpalpha,0.56264985,0.123866804,0.5736733416789659,1.0,False
CG13008,0.56240857,0.80754656,0.5738376848650706,1.0,False
capt,0.56240433,-0.069608726,0.5738405809802261,1.0,False
Acer,0.56223106,0.051402185,0.57395860356327,1.0,False
Orai,0.56166804,-0.0811774,0.5743421959866879,1.0,False
CG3703,0.5615398,-0.09865241,0.574429601539131,1.0,False
CG2812,0.5610916,0.49823695,0.5747350874997637,1.0,False
CG15772,0.56096053,-0.06315421,0.5748244536495096,1.0,False
CG8312,0.5598303,0.09836597,0.5755952072566417,1.0,False
hoip,0.55945116,0.040467855,0.5758538451893858,1.0,False
Strip,0.55899626,-0.04592306,0.5761642831227716,1.0,False
Ntan1,0.55862105,-0.03922441,0.576420381301767,1.0,False
Cenp-C,0.5584899,0.30622616,0.5765098711308672,1.0,False
CG14196,0.5579847,0.7535194,0.5768548310483737,1.0,False
CG8237,0.55771863,0.032271612,0.5770365425914818,1.0,False
Hr96,0.5575645,-0.02022676,0.5771418072848125,1.0,False
ctrip,0.55752975,-0.0968806,0.5771655233379069,1.0,False
Ivd,0.5570763,0.6356176,0.5774753261836836,1.0,False
PIG-S,0.55676484,0.05921413,0.5776881189444705,1.0,False
JTBR,0.5567308,-0.02005566,0.5777113613448515,1.0,False
blo,0.55672514,0.04395631,0.5777152351210393,1.0,False
hob,0.5566706,-0.014749098,0.5777525208419682,1.0,False
nub,0.5565859,0.4106195,0.5778103885865726,1.0,False
CG5846,0.5565129,0.053534348,0.5778602684127434,1.0,False
CG10098,0.5565115,-0.08626895,0.5778612369731104,1.0,False
CG16799,0.5552427,0.85322684,0.5787286469475141,1.0,False
CG15643,0.5550231,0.12206517,0.578878888943582,1.0,False
CG8388,0.5546741,0.061993763,0.5791176175247701,1.0,False
Hsl,0.55341166,-0.030258913,0.5799815464105178,1.0,False
CG6028,0.55338615,-0.026638346,0.5799990106446513,1.0,False
spict,0.5526981,-0.090333365,0.5804701528277134,1.0,False
Gnpnat,0.5506828,5.8624857e-05,0.5818511301924625,1.0,False
Tsp26A,0.54897964,-0.05735511,0.5830194071755825,1.0,False
CG34310,0.5479104,0.61460114,0.5837534502622734,1.0,False
hoe2,0.54737216,0.19190393,0.5841230668067885,1.0,False
CSN6,0.5472553,-0.023051897,0.5842033797337574,1.0,False
CG10311,0.5472354,-0.06514793,0.5842170091041465,1.0,False
pHCl-1,0.54711103,-0.07409464,0.5843024394211975,1.0,False
Alg1,0.5465619,0.050120443,0.5846797653060425,1.0,False
CG30344,0.54631776,0.0036790904,0.5848475291198094,1.0,False
opa,0.5462384,0.3025228,0.584902075440993,1.0,False
CG4849,0.5461264,-0.04896555,0.5849790287365032,1.0,False
Cyp12e1,0.545708,0.7140891,0.5852666711518096,1.0,False
mbf1,0.54546034,-0.073054425,0.5854369493884874,1.0,False
CG34174,0.5450033,0.283898,0.5857512571740868,1.0,False
Nup54,0.5449051,0.1965982,0.5858187582843782,1.0,False
Alas,0.54385567,-0.07466102,0.586540782755899,1.0,False
Trm1,0.54309285,0.15264837,0.5870658621211335,1.0,False
cav,0.5429742,0.28207207,0.5871475823783023,1.0,False
Cdc23,0.5425033,0.2664577,0.5874718319398613,1.0,False
Prim1,0.5424441,0.9465041,0.5875125824774963,1.0,False
vls,0.54158634,0.061735705,0.5881034901365287,1.0,False
Pex6,0.54067683,0.17532156,0.588730332776687,1.0,False
CG12773,0.54034877,-0.0104766525,0.5889565309005984,1.0,False
lncRNA:CR44506,0.54028714,0.02788664,0.5889990391281712,1.0,False
Sf3a2,0.5401415,0.0019289261,0.5890994521152346,1.0,False
pch2,0.54000616,0.1548281,0.5891927870830809,1.0,False
CG2614,0.5398301,0.21449664,0.5893142304855435,1.0,False
CHKov1,0.539643,0.5937155,0.5894432614759473,1.0,False
CG41520,0.5380964,0.41725633,0.5905104652367175,1.0,False
Smyd4-4,0.5378608,0.021731358,0.5906731298704013,1.0,False
mib1,0.5372472,-0.0055812453,0.5910968884956114,1.0,False
ana1,0.5367398,0.06497785,0.5914473533481042,1.0,False
Parg,0.5362835,0.08327017,0.5917626574642997,1.0,False
Blos3,0.5362473,0.033950444,0.5917876304986263,1.0,False
Kdm3,0.5360415,0.06862738,0.5919298880897863,1.0,False
tgo,0.53563404,-0.045101028,0.5922115113609512,1.0,False
CG14883,0.53515357,-0.045839418,0.5925436609009791,1.0,False
CG5641,0.53430784,-0.041145455,0.5931285593400111,1.0,False
CG7737,0.534136,0.009196012,0.5932474336173046,1.0,False
bib,0.53409,0.13120106,0.5932792986800761,1.0,False
CG10341,0.53399074,0.18774654,0.5933479337853551,1.0,False
Hen1,0.53263766,0.45805416,0.5942844303954415,1.0,False
parvin,0.53263515,-0.0337927,0.5942861475583592,1.0,False
Nrd1,0.5323365,-0.009869364,0.5944929596190995,1.0,False
Cog4,0.53193116,-0.049317528,0.5947736681987355,1.0,False
vn,0.53165126,-0.07855468,0.5949675494920882,1.0,False
betaCOP,0.5311237,-0.04310971,0.5953330573516353,1.0,False
Cyp6a20,0.53102523,0.3260892,0.5954013099266424,1.0,False
Hsepi,0.53076977,-0.06992087,0.5955783413333744,1.0,False
MFS3,0.5303393,0.9209315,0.5958767217961742,1.0,False
I-3,0.5303131,0.25716498,0.5958948969640878,1.0,False
Rab27,0.53011143,-0.05967512,0.5960346577102145,1.0,False
Fic,0.52991444,-0.04781577,0.5961712397576979,1.0,False
CG7997,0.5295449,0.35763603,0.5964274923810062,1.0,False
P5CS,0.5295226,0.5474127,0.5964429723337361,1.0,False
Mat89Ba,0.52675265,0.051024094,0.5983653791573718,1.0,False
CG30466,0.52656484,0.34801072,0.5984958052046343,1.0,False
Ist1,0.5264706,-0.07533421,0.5985612691761235,1.0,False
Sugb,0.5262867,0.08005487,0.598689007103401,1.0,False
CG9839,0.525705,0.07897531,0.5990932227678958,1.0,False
dunk,0.52505445,0.6095026,0.599545342361903,1.0,False
CG13605,0.52480465,-0.028795503,0.5997189914229368,1.0,False
moody,0.52383775,0.060593843,0.6003913879360534,1.0,False
CG1116,0.5234551,0.015187984,0.6006575825334648,1.0,False
CG7600,0.5232872,-0.0032976312,0.6007744292236672,1.0,False
C15,0.52322763,0.7707709,0.6008158457054183,1.0,False
rtet,0.5231061,0.4592898,0.6009004083607509,1.0,False
stumps,0.52273977,0.18452823,0.6011553615453489,1.0,False
pad,0.52191496,0.09675579,0.6017295547568724,1.0,False
Mvl,0.5215238,-0.053809877,0.6020019390096778,1.0,False
CG2310,0.52131474,0.23654406,0.6021475294677423,1.0,False
pen-2,0.52117836,-0.031217488,0.6022425419659727,1.0,False
RfC4,0.5207968,0.049218547,0.6025083660496283,1.0,False
LeuRS-m,0.520773,0.0530402,0.6025249046697827,1.0,False
bgm,0.520395,1.8054829,0.6027883159173834,1.0,False
CG5160,0.5201739,0.3156628,0.6029423873763621,1.0,False
CG32485,0.5200722,-0.10020919,0.6030132563206656,1.0,False
CG5080,0.52004844,0.7674812,0.6030298011782982,1.0,False
wuho,0.52000415,-0.021082118,0.6030606689959974,1.0,False
Sec22,0.51966155,-0.100079335,0.6032994864521516,1.0,False
Cyp28d2,0.51925236,0.33790192,0.6035847895020966,1.0,False
lncRNA:CR32658,0.51909006,1.1372252,0.603697939449443,1.0,False
lncRNA:CR44334,0.5187524,0.8897488,0.603933410826725,1.0,False
htl,0.51857525,0.39044884,0.6040569694964831,1.0,False
Chsy,0.5174709,0.9101809,0.6048274900901514,1.0,False
CG15356,0.5155619,-0.10473639,0.6061604389152855,1.0,False
CG5961,0.51536065,-0.06206426,0.6063010341873092,1.0,False
CG15561,0.5152122,-0.008795344,0.6064047572995641,1.0,False
cher,0.5145532,0.2080442,0.6068652945559377,1.0,False
Fen1,0.51433986,0.3996188,0.607014383626802,1.0,False
CG18549,0.51430196,-0.08744472,0.6070408845591739,1.0,False
Atg9,0.51424104,0.028767811,0.6070834852716505,1.0,False
Exo70,0.5140341,-0.047341175,0.6072281395124937,1.0,False
SCCRO4,0.5137666,-0.05907658,0.6074151725072445,1.0,False
CG13901,0.5134609,0.0013208509,0.6076289913751471,1.0,False
CG45676,0.5130562,0.48279193,0.6079119875299172,1.0,False
MAN1,0.51228774,0.014102334,0.6084496437174275,1.0,False
CG32280,0.5121641,0.115282625,0.6085361743354553,1.0,False
Rabex-5,0.5120975,-0.050908756,0.6085827890885953,1.0,False
CG13458,0.512045,0.5779962,0.6086194869277605,1.0,False
mRpS34,0.5117928,-0.017499086,0.6087960470605449,1.0,False
PolZ2,0.5111717,0.039090123,0.609230849135769,1.0,False
Elp1,0.51091516,0.107566595,0.6094104654146704,1.0,False
unc-5,0.51087654,-0.059494283,0.6094375091311722,1.0,False
Secp43,0.5107869,0.034154586,0.609500282382847,1.0,False
Dbp45A,0.5096471,0.02451502,0.6102987208328381,1.0,False
lncRNA:CR45440,0.5092333,0.9271136,0.6105887256681757,1.0,False
Lgr4,0.5090887,1.1646605,0.6106900431331944,1.0,False
Ttc1,0.50865823,-0.07730201,0.6109918047428979,1.0,False
CG17027,0.5085367,0.1921971,0.6110770053742167,1.0,False
cGlr2,0.5082646,-0.04407091,0.6112677943939961,1.0,False
CG10195,0.50807184,0.54027885,0.6114029525828486,1.0,False
sinu,0.5078302,-0.09227414,0.6115724159223488,1.0,False
CG30109,0.50762224,-0.011219229,0.6117182903176794,1.0,False
Der-2,0.50760734,-0.063370734,0.611728728258406,1.0,False
CG16753,0.507309,0.050492052,0.6119380007498634,1.0,False
Rbsn-5,0.50723463,0.022639263,0.6119901995372117,1.0,False
CG11095,0.50718784,0.08982971,0.6120230112118978,1.0,False
CG1789,0.50648206,-0.08382875,0.6125182636788848,1.0,False
Oseg4,0.5064286,1.0040402,0.6125558126291824,1.0,False
Fcp1,0.50637156,-0.053240538,0.6125958493855878,1.0,False
MTPAP,0.5056491,0.09327007,0.6131029987773373,1.0,False
CG7789,0.505586,-0.061840583,0.6131472805469731,1.0,False
CG2126,0.5054918,0.081653886,0.6132134570590007,1.0,False
Cubn,0.50539297,0.19082747,0.6132828711490868,1.0,False
rngo,0.50539225,0.004926383,0.6132833687536499,1.0,False
Cont,0.5051584,-0.065458186,0.613447587991088,1.0,False
unc-4,0.5046269,0.5574227,0.6138208856685708,1.0,False
Fdx1,0.5044133,-0.09671773,0.61397097955548,1.0,False
CG8043,0.50420994,0.047981165,0.6141138700245214,1.0,False
PolD1,0.50349885,0.3786475,0.6146136039495412,1.0,False
IleRS-m,0.5030067,0.23433155,0.6149595634621247,1.0,False
Nup154,0.50284445,0.12996145,0.6150736567253234,1.0,False
CG13876,0.50133723,0.0883417,0.6161338234052023,1.0,False
ort,0.50127095,-0.09298658,0.6161804452785082,1.0,False
hook,0.50076324,-0.089073196,0.6165377648163005,1.0,False
CG13603,0.50025445,-0.026327716,0.6168959235508522,1.0,False
ValRS,0.5000532,-0.088213705,0.6170376159608755,1.0,False
Idua,0.49949908,0.16066544,0.6174278426823936,1.0,False
CG2493,0.49932334,0.46561143,0.6175516200143005,1.0,False
CG2003,0.4992592,1.8238249,0.6175967914636092,1.0,False
CG12811,0.49905336,0.6542518,0.6177417990918634,1.0,False
mv,0.498563,0.05577179,0.6180872817406304,1.0,False
bab1,0.49848825,-0.088547684,0.6181399602894154,1.0,False
CG9727,0.49791673,-0.065845475,0.6185427289275746,1.0,False
shg,0.49764073,0.069830306,0.6187372875070001,1.0,False
Asph,0.49723896,0.16521248,0.6190205566184438,1.0,False
CG4565,0.49715003,0.27986696,0.6190832631647798,1.0,False
CG8461,0.4969633,-0.025282342,0.6192149309503712,1.0,False
CG10660,0.49601233,1.1266849,0.6198857017374442,1.0,False
DCP1,0.49589613,-0.042849038,0.619967695435705,1.0,False
CG12716,0.49559498,0.33482602,0.6201802010927784,1.0,False
NO66,0.4955149,-0.00034990616,0.6202367079355107,1.0,False
ara,0.49522436,0.1857293,0.620441751586845,1.0,False
Wdr33,0.49506742,0.029997163,0.6205525374450369,1.0,False
Acsx3,0.49483037,0.21032977,0.6207198579129394,1.0,False
Fibp,0.49452072,-0.06322434,0.6209384795416379,1.0,False
sktl,0.4942277,0.31039014,0.6211453754587986,1.0,False
Ak3,0.4939347,0.1690793,0.6213523013395854,1.0,False
aurA,0.49299648,0.36735675,0.6220150659118067,1.0,False
Alg10,0.49263155,0.06941075,0.6222729461630108,1.0,False
dlt,0.4923807,0.25692654,0.6224502344300715,1.0,False
Mtap,0.49198282,-0.018021958,0.6227314865788123,1.0,False
CG3740,0.4916544,0.20131123,0.6229636925727039,1.0,False
Jhbp16,0.49158671,1.0912062,0.6230115411859722,1.0,False
Or43b,0.49125862,0.2845372,0.6232435418426653,1.0,False
Swip-1,0.4909174,-0.105693355,0.6234848521707965,1.0,False
Dronc,0.49073887,0.1919168,0.623611161541997,1.0,False
IM33,0.49054435,0.7788657,0.623748761131261,1.0,False
CG3036,0.49030837,0.39668882,0.6239157028483289,1.0,False
CG4301,0.49030483,0.9818952,0.6239182096279257,1.0,False
Rrp47,0.4891048,-0.08324285,0.624767506242142,1.0,False
cana,0.48900664,0.49360853,0.6248369865827756,1.0,False
CG11396,0.4884224,-0.044962928,0.6252506768122501,1.0,False
vex,0.48774213,-0.07209971,0.6257325024921184,1.0,False
ktub,0.4875168,-0.025913727,0.6258921425116598,1.0,False
Dis3,0.48457286,0.21547797,0.6279793630356658,1.0,False
asRNA:CR44892,0.48439535,0.48786378,0.6281053096044897,1.0,False
GILT2,0.4839004,0.6915146,0.6284565591251747,1.0,False
TBC1d7,0.48374593,0.03648501,0.6285662004009755,1.0,False
CG6834,0.4837321,1.1501913,0.6285760081620655,1.0,False
Pyroxd1,0.48365346,-0.06576283,0.628631838204607,1.0,False
Oatp33Ea,0.48334095,0.92860496,0.6288536704339548,1.0,False
IKKepsilon,0.48328993,0.019286053,0.6288898911232307,1.0,False
Psat,0.48316982,0.10930081,0.6289751641886034,1.0,False
CG33969,0.48266387,-0.05972625,0.6293344218622918,1.0,False
wwk,0.48212144,-0.118286684,0.6297196898415043,1.0,False
Kua,0.48169944,0.97925615,0.6300194683263101,1.0,False
CG17294,0.48114532,-0.046346832,0.6304132246483278,1.0,False
Nct,0.4810114,0.083026014,0.6305084065766059,1.0,False
CG9630,0.48074636,0.1313178,0.6306967740721474,1.0,False
Fem-1,0.4806638,-0.085724905,0.6307554549463719,1.0,False
CG43114,0.48007601,1.6816183,0.6311733401408689,1.0,False
CG7099,0.4800073,0.08627865,0.6312222144681803,1.0,False
CG10581,0.47960302,0.18605404,0.6315096986796125,1.0,False
Fntb,0.47925296,-0.030574564,0.631758678333718,1.0,False
CG12947,0.47882852,0.20517723,0.6320606347978088,1.0,False
Miro,0.4785748,-0.089565165,0.6322411322408272,1.0,False
CG7182,0.47779748,0.043250576,0.6327943571981043,1.0,False
ida,0.4777539,0.47234237,0.6328253781747217,1.0,False
Dr,0.47651774,0.19572313,0.633705583487415,1.0,False
asRNA:CR45190,0.47631684,1.3716539,0.6338486753300019,1.0,False
CG17739,0.47582647,-0.079891086,0.6341980081504925,1.0,False
CG5808,0.4755912,-0.018960526,0.6343656360744347,1.0,False
CG9356,0.47545305,0.010993282,0.6344641009786368,1.0,False
dpr12,0.4748284,-0.004807871,0.6349092935395773,1.0,False
Myo31DF,0.47477207,0.15104254,0.6349494506958859,1.0,False
betaTub97EF,0.47449818,0.017736534,0.6351446954433726,1.0,False
Epp,0.47408327,0.07143985,0.6354405155722296,1.0,False
Rab9,0.4736078,0.048086654,0.6357796055852383,1.0,False
CG10970,0.473532,1.6303234,0.6358336851227289,1.0,False
Drp1,0.47350222,-0.10679809,0.6358549131354128,1.0,False
CG31687,0.47324324,0.037275866,0.6360396600163463,1.0,False
CG6073,0.4726338,0.0004220682,0.6364744478712883,1.0,False
His2Av,0.47232556,-0.067640856,0.6366944173413838,1.0,False
CREG,0.4721477,0.26743916,0.6368213568271663,1.0,False
mRpL39,0.47199607,-0.020093774,0.6369295925370277,1.0,False
gig,0.47176826,0.0012305519,0.6370922135506705,1.0,False
CG13096,0.47174913,0.0020683059,0.6371058714765859,1.0,False
ru,0.47144407,0.16298349,0.6373236561673519,1.0,False
Elp3,0.47094202,0.05759557,0.6376821458503139,1.0,False
CG30105,0.47066566,0.40819797,0.6378795157994257,1.0,False
CG3552,0.47065893,0.41974163,0.637884323849317,1.0,False
bark,0.4702635,0.77357334,0.6381667602366947,1.0,False
Jra,0.4702511,-0.060910683,0.6381756188583143,1.0,False
pall,0.46969804,-0.048057392,0.6385707658975948,1.0,False
CG11398,0.46960062,0.015837576,0.638640389243545,1.0,False
sle,0.4688679,-0.030933483,0.6391640588236773,1.0,False
wdp,0.4683407,0.03205865,0.6395409691507039,1.0,False
Git,0.46803743,0.17733447,0.6397578360865741,1.0,False
CG15673,0.4676211,0.38446015,0.6400555715551968,1.0,False
lncRNA:CR44938,0.46599555,0.29985523,0.6412186882363725,1.0,False
CG17760,0.46569476,0.21594255,0.6414340173079195,1.0,False
CG15812,0.46568376,-0.001960479,0.6414418803066775,1.0,False
Mct1,0.4656586,0.26831004,0.6414598892618228,1.0,False
Grip71,0.46522954,0.19096416,0.6417670885658121,1.0,False
asRNA:CR45951,0.46487063,-0.04220437,0.6420241075112819,1.0,False
CG3337,0.46481112,-0.037063695,0.6420667367150984,1.0,False
Acadvl,0.46446142,0.021299884,0.6423172071028788,1.0,False
Pss,0.46438983,0.03453316,0.6423684735358156,1.0,False
CG13601,0.46426654,-0.09385786,0.6424567979214512,1.0,False
PHDP,0.46390584,0.3803827,0.6427152011548567,1.0,False
CG12081,0.46350583,-0.00063218886,0.6430018305550248,1.0,False
noi,0.46345127,0.05066625,0.6430409320423278,1.0,False
babos,0.4631586,0.4766435,0.6432506750739533,1.0,False
CG5555,0.46313453,-0.11757319,0.6432679433216217,1.0,False
CG7069,0.462934,0.4667523,0.6434116835648138,1.0,False
slp2,0.46254745,0.28964806,0.6436887894208974,1.0,False
dUTPase,0.4621297,0.02203909,0.6439883023253854,1.0,False
ci,0.4617453,0.38620496,0.6442639865842943,1.0,False
Gorab,0.4615118,0.16419356,0.6444314537259916,1.0,False
Uros1,0.4614608,-0.07799035,0.6444680498593228,1.0,False
Setx,0.46131516,-0.04566335,0.6445725060620502,1.0,False
CG8204,0.46103206,0.081446,0.6447755930660011,1.0,False
Opbp,0.46057644,0.12397292,0.6451025196741005,1.0,False
lncRNA:CR30009,0.4585987,0.8329687,0.6465223689587214,1.0,False
lncRNA:CR44965,0.45842794,2.5318737,0.6466450319850514,1.0,False
CG5645,0.45831844,0.08475145,0.646723673707342,1.0,False
lncRNA:CR45736,0.45830852,0.12318462,0.6467308000130995,1.0,False
beag,0.45786422,-0.0908018,0.6470499899183484,1.0,False
Argp,0.45752516,0.15388179,0.6472936259070587,1.0,False
CG32409,0.45748794,0.049845923,0.6473203594299168,1.0,False
TTLL15,0.4570812,0.067831144,0.6476126756220721,1.0,False
Adck5,0.4569221,0.1640064,0.6477270196523719,1.0,False
Tsen15,0.45688245,0.38436234,0.6477555432893475,1.0,False
mTTF,0.45682824,-0.015375543,0.6477945094506106,1.0,False
CG31142,0.4567496,0.06813701,0.6478510503024179,1.0,False
GalT1,0.45669714,0.0058939243,0.6478887453321543,1.0,False
Tdc2,0.45593998,0.39189938,0.6484331315795161,1.0,False
Cp7Fb,0.455253,1.269585,0.6489272413240517,1.0,False
CG7970,0.45488983,0.071447834,0.6491885015597916,1.0,False
MED4,0.45481613,-0.007593333,0.6492415235401805,1.0,False
CG6163,0.45470133,0.5361133,0.6493241190113921,1.0,False
scb,0.45453978,0.6453929,0.6494403717931256,1.0,False
JMJD6,0.45391408,-0.009622561,0.6498906769184283,1.0,False
CG1236,0.45378226,0.24429093,0.6499855479932535,1.0,False
CG1847,0.45343965,-0.03308204,0.6502321883250541,1.0,False
GstT2,0.45278347,0.10474363,0.6507046612502996,1.0,False
APC10,0.45259216,-0.04558124,0.6508424497774432,1.0,False
CG9588,0.45192146,0.0065875044,0.6513255693171658,1.0,False
CG7987,0.45137617,-0.11327047,0.6517184511501694,1.0,False
CG5535,0.45121425,0.94430214,0.6518351344928206,1.0,False
Pgant6,0.4508713,0.10836636,0.6520823168569205,1.0,False
NimB4,0.45034868,1.2566615,0.6524590370307954,1.0,False
FucT6,0.45031857,-0.041338086,0.6524807490319444,1.0,False
mRpL45,0.44978818,0.092025846,0.652863183932456,1.0,False
Cyp4p3,0.44963157,0.26658145,0.6529761180348992,1.0,False
vri,0.44916388,0.32986623,0.6533134346286682,1.0,False
EMC2A,0.44908452,-0.08277287,0.653370683267358,1.0,False
Arc42,0.44840425,0.1882898,0.6538614695552614,1.0,False
RIOK1,0.44829372,-0.015930928,0.6539412364742709,1.0,False
Uhg4,0.44812968,-0.053768113,0.6540596158222685,1.0,False
CG5181,0.44801557,-0.0659352,0.6541419495710915,1.0,False
Tmem126,0.44733107,0.10266262,0.6546360404103164,1.0,False
Pmm2,0.44731265,-0.03394838,0.6546493410135139,1.0,False
porin,0.44714186,0.14825405,0.65477263259041,1.0,False
RYa-R,0.44705117,0.6450041,0.6548381190820265,1.0,False
Sgf11,0.44613385,-0.003259141,0.6555005515408385,1.0,False
mr,0.44612926,-0.026683088,0.6555038784602061,1.0,False
D19A,0.44585857,-0.07780307,0.6556994109570327,1.0,False
QC,0.44579053,0.36324972,0.6557485537249824,1.0,False
Uba5,0.44550532,0.03833414,0.6559546112387304,1.0,False
Ptcd3,0.44545075,0.015273569,0.6559940339211642,1.0,False
Rbp1,0.44391945,-0.08997861,0.6571008193966048,1.0,False
Dso2,0.44310772,0.14382377,0.6576878081114319,1.0,False
CG4630,0.44291997,0.668199,0.657823632183395,1.0,False
CG32354,0.44273925,0.002459187,0.6579543414845916,1.0,False
botv,0.44268152,-0.0129134385,0.6579961194078137,1.0,False
lncRNA:CR45643,0.44257414,0.9646954,0.6580737830479272,1.0,False
Hr78,0.4425079,-0.043163087,0.6581217159148296,1.0,False
Kaz1-ORFB,0.44230062,0.7500793,0.6582716754014339,1.0,False
SMC2,0.44218937,0.29031527,0.6583521721467587,1.0,False
Wee1,0.44210187,-0.08749156,0.658415495617761,1.0,False
mIF2,0.44201612,0.007427314,0.6584775396132614,1.0,False
MCPH1,0.44192293,0.2909356,0.6585449702582362,1.0,False
CG11885,0.44151798,0.014593925,0.6588380566059405,1.0,False
sba,0.44146162,-0.11217366,0.6588788313009688,1.0,False
Socs44A,0.4410988,-0.059076175,0.6591414548856656,1.0,False
Ostm1,0.43992606,-0.032681774,0.6599906524850307,1.0,False
CG13367,0.43954766,-0.056862667,0.6602647469597991,1.0,False
CG34163,0.43926743,0.030047202,0.6604677807783381,1.0,False
Caf1-55,0.43918025,-0.059638742,0.6605309291355972,1.0,False
CG3702,0.43905485,-0.09853141,0.6606218054038986,1.0,False
ebo,0.43877208,-0.025350058,0.6608266804308955,1.0,False
CG6428,0.43864313,-0.036864042,0.6609201406396663,1.0,False
CG42354,0.43810174,0.61943024,0.6613125257770565,1.0,False
PEK,0.43793344,-0.027263785,0.6614345231098315,1.0,False
CG4250,0.43749872,0.19933014,0.661749703089722,1.0,False
l(2)k14505,0.4373152,-0.079553224,0.6618827799565569,1.0,False
CG4558,0.43702254,-0.028925298,0.6620950057035329,1.0,False
fray,0.43689498,-0.07350402,0.6621875096808133,1.0,False
isoQC,0.43645316,0.06933083,0.6625079730266998,1.0,False
CNPYb,0.4362806,-0.030236835,0.6626331426969807,1.0,False
CG6424,0.4353481,0.5556052,0.6633097873685223,1.0,False
CG6310,0.43487722,0.31665522,0.6636515562186889,1.0,False
gammaSnap1,0.4347922,-0.055208903,0.6637132826612637,1.0,False
mus201,0.43462777,-0.043097533,0.6638326269211821,1.0,False
Vps35,0.4337739,-0.071907125,0.6644526340060681,1.0,False
SMC5,0.43361977,-0.0941473,0.6645645684797816,1.0,False
CG7148,0.4335337,-0.008762592,0.664627100649558,1.0,False
asRNA:CR45620,0.4333073,0.34098443,0.6647915482340269,1.0,False
CG15011,0.4330171,0.11697598,0.6650023426711028,1.0,False
CG17726,0.4328311,0.078269966,0.665137481243197,1.0,False
JhI-26,0.43252036,0.3134355,0.6653632512774064,1.0,False
kar,0.43222558,0.15578108,0.6655774648094666,1.0,False
Polr2H,0.43146065,-0.05119557,0.6661334659037704,1.0,False
CG5003,0.43040055,-0.034628537,0.6669042904642376,1.0,False
CG33080,0.4295853,0.25157914,0.6674973330422671,1.0,False
SerT,0.4291456,0.45398816,0.667817265377789,1.0,False
CG8155,0.4279633,-0.05112367,0.6686778500965129,1.0,False
ATbp,0.4277468,0.12735,0.6688354691513485,1.0,False
CalpB,0.42757958,-0.07989081,0.6689572405093844,1.0,False
Tsp96F,0.42744565,-0.13437295,0.6690547670710745,1.0,False
Dyro,0.42700773,0.38481733,0.6693737024156248,1.0,False
PIG-F,0.4269755,-0.08268849,0.6693971862592932,1.0,False
CG14331,0.42688692,1.5438015,0.6694617039773564,1.0,False
Rpp30,0.4267767,0.17497012,0.6695419674236943,1.0,False
Nipsnap,0.42597067,-0.08445395,0.6701292183114564,1.0,False
Cftr,0.42504168,0.32129458,0.670806291227316,1.0,False
Prp31,0.42460907,-0.113566056,0.671121678479787,1.0,False
Alp12,0.42444006,0.29153898,0.6712449044743345,1.0,False
CG32432,0.42398763,-0.0939752,0.6715748423051817,1.0,False
DCTN3-p24,0.4239791,-0.07343233,0.6715810437789675,1.0,False
Galk,0.42388913,0.028859815,0.6716466774135559,1.0,False
mdlc,0.4236046,0.24621893,0.6718541891907861,1.0,False
Sr-CI,0.42286375,1.401179,0.6723946640816842,1.0,False
CG5068,0.42269406,-0.09991907,0.6725184982953138,1.0,False
nudC,0.42225862,0.016104156,0.672836268046717,1.0,False
magu,0.42209315,0.36077258,0.6729570307041463,1.0,False
Son,0.42195675,-0.14038761,0.6730565951266329,1.0,False
CG7988,0.4216127,-0.049085505,0.6733077298086954,1.0,False
CG43861,0.4208102,-0.021321766,0.673893679866109,1.0,False
r-l,0.4207932,0.22436427,0.673906099493362,1.0,False
CG18528,0.420587,0.22185916,0.674056694545049,1.0,False
CG1271,0.42048106,0.06742099,0.674134067185062,1.0,False
ry,0.4204644,0.7902188,0.6741462297529994,1.0,False
angel,0.42044455,-0.052291814,0.6741607214344891,1.0,False
Rab3-GAP,0.4203528,0.058979213,0.6742277470338388,1.0,False
CG8112,0.41961157,0.20016545,0.6747692222924199,1.0,False
Mon1,0.41958004,0.0395099,0.6747922620227739,1.0,False
Rtn4ip1,0.41895682,0.0068939356,0.675247682813887,1.0,False
CG32650,0.41852918,0.40134168,0.6755602546915276,1.0,False
Paics,0.4183623,-0.07887902,0.6756822428235997,1.0,False
vir,0.4182284,-0.01444404,0.6757801502876273,1.0,False
NHP2,0.4180459,-0.031687472,0.6759135515575763,1.0,False
Snrk,0.4170308,-0.10205358,0.6766558627404032,1.0,False
PhKgamma,0.416972,-0.06020797,0.676698882381753,1.0,False
CG15073,0.41681045,0.08197003,0.6768170622475475,1.0,False
CG9581,0.4167325,-0.033060838,0.6768740816957199,1.0,False
APP-BP1,0.4165915,0.00016609643,0.676977239767209,1.0,False
EloB,0.41619927,-0.076386936,0.677264196217231,1.0,False
CG17328,0.41611317,0.06160396,0.6773271929291267,1.0,False
lncRNA:CR44828,0.41408584,0.46601963,0.6788112484304938,1.0,False
PK2-R1,0.4140146,0.3091225,0.6788634023951554,1.0,False
IntS11,0.4138137,0.068449266,0.6790105315669936,1.0,False
Ciao1,0.41314834,-0.054712612,0.6794979356175125,1.0,False
CG5245,0.41273415,0.70046264,0.6798013980457462,1.0,False
CG3342,0.41259208,0.040893406,0.6799055061779464,1.0,False
slou,0.41234726,0.11473163,0.6800849187989189,1.0,False
CG6153,0.4118771,0.052378125,0.6804295145158679,1.0,False
CG4239,0.41091585,-0.06831289,0.6811342347131061,1.0,False
Ctr1A,0.41078264,-0.02037956,0.6812319252484513,1.0,False
CG15014,0.40975302,0.068238266,0.6819871285976119,1.0,False
CG10616,0.40972078,-0.05590876,0.682010782578603,1.0,False
lsn,0.40953547,-0.033457022,0.6821467340438088,1.0,False
Fib,0.4095259,0.049034376,0.6821537528507955,1.0,False
Rcc1,0.40925133,-0.08326469,0.6823552303269156,1.0,False
CG32022,0.4089183,-0.08379675,0.682599633392855,1.0,False
Lint-O,0.40869364,-0.024966538,0.6827644942590627,1.0,False
CG5188,0.40845415,0.064992025,0.6829402931803595,1.0,False
Nse4,0.40737882,0.036351033,0.6837297797520332,1.0,False
CG14253,0.4073317,0.9235031,0.6837643846095669,1.0,False
Usp20-33,0.40716836,-0.06049444,0.68388433591079,1.0,False
Him,0.40679422,1.6292897,0.6841591351146795,1.0,False
ksr,0.40661848,-0.03773786,0.6842882219071206,1.0,False
Trpgamma,0.40643635,0.87279665,0.68442200303361,1.0,False
asRNA:CR45874,0.40582377,0.013319584,0.6848720904150227,1.0,False
Ptr,0.40498585,0.43689874,0.6854879203447363,1.0,False
Zip71B,0.40475306,0.58775425,0.6856590357939154,1.0,False
slp1,0.4042365,0.20674603,0.6860388290274894,1.0,False
CG10274,0.40407136,-0.052256655,0.6861602337190319,1.0,False
Cog3,0.40405473,0.02386857,0.6861724788479294,1.0,False
Fkbp12,0.40397924,0.046672914,0.6862279737626942,1.0,False
Kyat,0.40263715,-0.03870935,0.6872151797600488,1.0,False
CG15611,0.40249684,0.8432526,0.6873184137550693,1.0,False
BTBD9,0.4014045,-0.043831564,0.6881223261500432,1.0,False
CG10561,0.40034196,-0.11065712,0.6889046732890769,1.0,False
ZC3H3,0.40015808,-0.061629795,0.6890400982829404,1.0,False
Hat1,0.39930382,-0.032774758,0.6896693419220075,1.0,False
CG8460,0.39918017,0.21004564,0.6897604447566975,1.0,False
nonA-l,0.39908132,-0.059943825,0.6898332780510126,1.0,False
p115,0.3985938,0.06615337,0.6901925265677813,1.0,False
CG17754,0.39834225,-0.06830304,0.6903779219364296,1.0,False
CG14183,0.39831,0.11002818,0.6904016852214534,1.0,False
Hs2st,0.39827883,-0.0026586892,0.6904246653917272,1.0,False
MAGE,0.39798087,0.46380123,0.6906442970934137,1.0,False
CG13284,0.397431,0.096865706,0.691049678667458,1.0,False
CG30060,0.39741078,-0.012740704,0.6910645687245434,1.0,False
Lk,0.3963443,1.7012227,0.6918510378867396,1.0,False
CG10674,0.3961048,-0.099873684,0.6920277125907508,1.0,False
CG7840,0.39536715,0.0753206,0.6925719550465783,1.0,False
CG34325,0.3949976,0.42237738,0.6928446587815313,1.0,False
CG30271,0.39492744,0.78227586,0.6928964325396927,1.0,False
CG5321,0.3947326,0.52394027,0.6930402560601996,1.0,False
Cep135,0.39440873,0.28712696,0.6932792890686599,1.0,False
CG13376,0.39432514,1.4087207,0.6933410137117919,1.0,False
CG3308,0.39270523,-0.06736832,0.6945371990902713,1.0,False
if,0.3922744,0.2191665,0.6948554728888885,1.0,False
CG14434,0.3921713,0.100477345,0.6949316467194127,1.0,False
nes,0.39105842,-0.065357774,0.6957540488156759,1.0,False
Dus3,0.390601,-0.021671949,0.6960921727629894,1.0,False
lncRNA:CR45825,0.39059746,0.099027075,0.6960947920844406,1.0,False
Cyp12a4,0.39043343,0.24074565,0.6962160706364258,1.0,False
lncRNA:CR43963,0.3895434,0.4793109,0.6968742010465419,1.0,False
Tgt,0.38930744,0.035873704,0.6970487277353221,1.0,False
COX6B,0.38916713,0.15652622,0.6971525079625706,1.0,False
Gfat2,0.38892126,-0.060808275,0.6973343990983889,1.0,False
mRF1,0.38882807,0.0028319485,0.6974033335701786,1.0,False
kat-60L1,0.38874763,0.040174913,0.697462834152952,1.0,False
wun2,0.38834408,0.30076575,0.6977614136148166,1.0,False
TRAM,0.38694033,-0.042195883,0.6988003834988036,1.0,False
CG43155,0.38662252,0.30599788,0.6990356855499132,1.0,False
CG12768,0.38541186,0.034659587,0.6999323015307116,1.0,False
CG3163,0.38526306,-0.0800205,0.7000425378396233,1.0,False
CG14879,0.38509688,2.3102818,0.7001656425202443,1.0,False
lncRNA:CR45918,0.38433158,0.6391629,0.7007327081528534,1.0,False
su(r),0.38423556,0.73973805,0.7008038656706159,1.0,False
CG7544,0.38332713,0.19455384,0.7014772349058561,1.0,False
CG18599,0.38314995,0.38323918,0.7016085745007664,1.0,False
Ilp5,0.3830752,0.5106556,0.7016640024849348,1.0,False
CG34231,0.3827535,0.27800426,0.7019025448112981,1.0,False
dgt2,0.38273188,0.08550033,0.7019185712851346,1.0,False
CG5439,0.38185957,-0.044252697,0.702565520860101,1.0,False
CG8891,0.38180786,-0.043070793,0.7026038926371362,1.0,False
CG7702,0.38122892,0.54353917,0.703033392839667,1.0,False
CG15382,0.38058904,0.116486914,0.7035082138833256,1.0,False
Syx4,0.38004518,0.16802134,0.7039118764046612,1.0,False
CG5039,0.3794882,-0.032978084,0.7043253553845518,1.0,False
CG15814,0.37934223,-0.08383632,0.7044337371089437,1.0,False
RIOK2,0.37928554,0.012549829,0.7044758287170627,1.0,False
Gfat1,0.37922424,0.05497947,0.7045213412866602,1.0,False
Galm2,0.37903577,0.3291345,0.7046613056433086,1.0,False
eRF3,0.37875375,-0.10237436,0.704870744670194,1.0,False
SLC22A,0.3787261,0.47183502,0.7048912687937361,1.0,False
GstD11,0.3783966,0.03438352,0.7051359960434154,1.0,False
Ric,0.37838137,0.09492846,0.7051473121276233,1.0,False
Vps29,0.37832752,-0.054569446,0.705187313692319,1.0,False
senju,0.37754592,-0.017125074,0.7057679544158112,1.0,False
CG43693,0.37749702,-0.021518227,0.7058042830607649,1.0,False
CG10650,0.37742862,0.47373325,0.7058550916381335,1.0,False
Nsun2,0.3764079,-0.006105612,0.7066136904789855,1.0,False
CG9536,0.37635687,-0.078714654,0.7066516149108704,1.0,False
CG31278,0.3759657,0.016049583,0.706942393075562,1.0,False
Ack,0.37543532,-0.08515994,0.7073367502482442,1.0,False
CG42319,0.3750431,0.8653831,0.70762841959536,1.0,False
Dph4,0.37457398,0.013929169,0.7079773198564516,1.0,False
CG14543,0.37430933,-0.083173245,0.7081741962315931,1.0,False
CG3407,0.37417787,0.061813284,0.7082719827789454,1.0,False
Shrm,0.37354827,0.20155822,0.7087404232840233,1.0,False
Fpps,0.3734271,0.037979856,0.7088305916178224,1.0,False
srl,0.37223345,-0.041659202,0.7097190466850587,1.0,False
slow,0.37221643,0.9409128,0.7097317078495724,1.0,False
CG8064,0.37196487,-0.017714888,0.7099189969336126,1.0,False
Gip,0.37188977,-0.04831339,0.7099749232695964,1.0,False
CG33296,0.37142774,1.3996589,0.710318957344175,1.0,False
Cln3,0.37128073,0.47308713,0.7104284591044254,1.0,False
lncRNA:CR43641,0.37086016,0.3921682,0.7107416935203759,1.0,False
Lamtor1,0.3703397,-0.07839297,0.7111294118439788,1.0,False
CG14367,0.3703273,0.27150136,0.7111386504287198,1.0,False
asRNA:CR44998,0.3696867,0.4176063,0.711615946995041,1.0,False
ValRS-m,0.3695779,0.18505223,0.7116970036062579,1.0,False
Reck,0.36922398,0.049593326,0.7119607901773803,1.0,False
Su(var)3-7,0.36905283,-0.05505699,0.7120883389931665,1.0,False
His2B:CG33868,0.3686578,0.30905557,0.7123828147398228,1.0,False
Arc2,0.36801544,0.15850517,0.712861726495915,1.0,False
CG8281,0.36789143,-0.034241226,0.7129541935472876,1.0,False
ine,0.36784855,0.14667982,0.7129861617092708,1.0,False
CG13877,0.36757043,0.4709242,0.713193570705156,1.0,False
CBP,0.367225,0.22435986,0.7134512101277055,1.0,False
CG12259,0.36696136,-0.05172711,0.7136478308138756,1.0,False
CG10384,0.36660177,-0.1428632,0.7139161007286481,1.0,False
CG5850,0.3655158,0.054024905,0.7147264111253157,1.0,False
Acph-1,0.36549562,-0.01574553,0.71474148356886,1.0,False
CG13003,0.36543822,0.9565262,0.7147843216474039,1.0,False
CG13126,0.36523697,0.0974888,0.7149345264523637,1.0,False
CG14130,0.3649135,0.09468866,0.715175987944042,1.0,False
GstT3,0.36412373,0.55592203,0.7157656122066287,1.0,False
CG14194,0.3640458,-0.10164326,0.7158238167128166,1.0,False
zormin,0.3638449,0.13883969,0.7159738332122904,1.0,False
lncRNA:CR44043,0.3636192,0.63699967,0.7161423833468377,1.0,False
CG1671,0.36268738,0.04360938,0.7168384274504549,1.0,False
Trm7-34,0.36250207,-0.034033153,0.7169768703665833,1.0,False
Grip,0.3621754,0.010121028,0.7172209549030069,1.0,False
Charon,0.3618562,-0.007834863,0.7174595079310361,1.0,False
lncRNA:CR44498,0.36182678,0.4900398,0.717481484790782,1.0,False
CG14868,0.3616351,-0.08794202,0.7176247372801043,1.0,False
asRNA:CR45907,0.36163083,0.52026004,0.7176279148970814,1.0,False
Prp38,0.36139488,-0.0696359,0.7178042802980535,1.0,False
uri,0.36139205,0.0871912,0.7178063988928048,1.0,False
smo,0.36039716,-0.03692904,0.7185501596086914,1.0,False
Fancm,0.35987562,0.14822505,0.7189401578668877,1.0,False
CG9393,0.35977995,0.04366522,0.7190117008214787,1.0,False
CG9945,0.35949758,-0.053560603,0.7192228993844367,1.0,False
CG14933,0.35889277,1.1133597,0.7196753127173794,1.0,False
HLH4C,0.35764596,0.64883184,0.7206082777311934,1.0,False
CG4942,0.35710707,0.10711255,0.721011657464649,1.0,False
Tsp42En,0.35683355,0.39873055,0.7212164269200643,1.0,False
Pngl,0.35680377,-0.07518897,0.721238708740315,1.0,False
CG4822,0.35672972,0.69642407,0.7212941490578919,1.0,False
l(2)k10201,0.35645124,-0.024292266,0.7215026602026209,1.0,False
CG31643,0.3564119,0.20812485,0.7215321081012945,1.0,False
Adgf-D,0.35623723,0.15239462,0.7216629042061883,1.0,False
mia,0.3562075,0.4423813,0.7216851907638808,1.0,False
CG10286,0.35610545,-0.044685822,0.7217616036124334,1.0,False
CG8547,0.35595486,0.11873377,0.7218743707004189,1.0,False
Pex11c,0.35577452,0.08094998,0.722009433825987,1.0,False
CG7376,0.35572457,0.17433174,0.7220468497021937,1.0,False
Pdrg1,0.35569942,0.06557151,0.7220656905724223,1.0,False
dyw,0.35552013,0.61410487,0.7221999698247841,1.0,False
lncRNA:marge,0.35539576,1.961714,0.7222931211325501,1.0,False
CHKov2,0.35525617,1.2470059,0.7223976890435384,1.0,False
tst,0.3547463,0.034792185,0.7227796448241319,1.0,False
CG5611,0.35463223,-0.02987311,0.7228651231967178,1.0,False
Apc,0.35441965,-0.109231606,0.7230244088927236,1.0,False
nompB,0.3538921,0.41660646,0.7234197547306465,1.0,False
CG4622,0.3536274,-0.09363936,0.7236181192388165,1.0,False
Eglp4,0.35316718,-0.077048935,0.7239631105636255,1.0,False
NimB2,0.35307968,0.9324333,0.7240287157234715,1.0,False
lncRNA:CR43431,0.35268816,0.5740218,0.7243222373053142,1.0,False
Ube4A,0.35266975,-0.054124516,0.7243360510845265,1.0,False
CG11679,0.35215598,0.2582877,0.7247212791364561,1.0,False
Cypl,0.35091487,-0.06387919,0.7256522243963692,1.0,False
dnk,0.35053647,-0.05348327,0.725936133139478,1.0,False
CG8042,0.35034442,-0.1079507,0.7260802285765128,1.0,False
Usp16-45,0.34940904,-0.054649286,0.7267822341798398,1.0,False
CkIIalpha,0.34920782,-0.077114515,0.726933301764142,1.0,False
CG6574,0.34918335,0.053877257,0.7269516540073743,1.0,False
Gmer,0.34913447,0.07691237,0.7269883589638244,1.0,False
Atg8a,0.3488266,0.12917946,0.7272195081910855,1.0,False
CG5013,0.34838405,0.08327725,0.7275517788116781,1.0,False
Irp-1B,0.3482583,-0.10973386,0.727646228572544,1.0,False
CG3223,0.34803435,-0.038149685,0.7278143859908086,1.0,False
CG7137,0.34795958,0.03810927,0.7278705300726261,1.0,False
Mthfs,0.3475982,0.44271788,0.7281419580724287,1.0,False
Atu,0.3474051,-0.072582774,0.7282869997573356,1.0,False
hng3,0.34722158,0.04637624,0.7284248649099561,1.0,False
brwl,0.3469902,-0.1219861,0.7285986726882447,1.0,False
mRpL17,0.34698418,-0.07849277,0.7286031977325786,1.0,False
mir-4942,0.3462281,0.6618534,0.7291712989431336,1.0,False
Ubx,0.34602615,0.6084499,0.7293230662475707,1.0,False
CG1602,0.3456421,0.11435649,0.7296117196443798,1.0,False
alrm,0.34523854,-0.11038834,0.7299150600257869,1.0,False
Polr1B,0.34477296,0.14270087,0.7302650592011608,1.0,False
CG12535,0.34466845,0.41009912,0.7303436436055859,1.0,False
Timmdc1,0.34405267,-0.052217934,0.7308066830695095,1.0,False
LSm3,0.34362146,0.016739232,0.7311309756748747,1.0,False
CG32407,0.34352615,-0.19553305,0.7312026622852139,1.0,False
DppIII,0.34342128,-0.032590464,0.7312815469181843,1.0,False
rictor,0.3432374,-0.08825966,0.7314198683857407,1.0,False
wb,0.34313396,0.55848104,0.7314976947065179,1.0,False
CG31102,0.34282675,1.1551534,0.7317287911899788,1.0,False
Alg3,0.34175748,0.080005944,0.7325334205429539,1.0,False
IFT43,0.34145984,0.6606702,0.7327574254010825,1.0,False
CG30054,0.34133938,0.085313015,0.7328481005072828,1.0,False
Gpdh3,0.3411112,-0.074524105,0.733019860044735,1.0,False
Syt14,0.34092167,-0.11892051,0.7331625586470131,1.0,False
AsnRS-m,0.34075904,0.10601575,0.7332849933960582,1.0,False
CG17141,0.34058046,-0.052971333,0.733419439367263,1.0,False
Dab,0.34049508,-0.0887164,0.7334837309062527,1.0,False
CG9147,0.34011844,-0.057685096,0.7337673295794134,1.0,False
CG11307,0.34002244,0.07002734,0.7338396357127678,1.0,False
CG17612,0.3397404,0.025746156,0.7340520319519586,1.0,False
Dbp21E2,0.33967805,0.103175335,0.7340989966824626,1.0,False
CG4882,0.3395349,-0.06659559,0.7342068058489186,1.0,False
trem,0.33944032,0.024448283,0.7342780588422273,1.0,False
CG3631,0.3385733,-0.042417843,0.7349311843515642,1.0,False
RabX6,0.33741367,-0.08356317,0.7358050761009163,1.0,False
CG9338,0.33737046,0.55829906,0.7358376567469205,1.0,False
Sec3,0.33720288,-0.06699795,0.735963978005284,1.0,False
asRNA:CR43152,0.33718762,0.4431564,0.735975462110077,1.0,False
Mtp,0.33707282,0.032750126,0.7360619954011379,1.0,False
lncRNA:CR44347,0.3369109,0.25607994,0.7361840557660648,1.0,False
CG3437,0.3367529,-0.035612904,0.7363031845556751,1.0,False
CG10466,0.33579698,-0.059453,0.7370239686758446,1.0,False
Polr2C,0.33572894,-0.08965901,0.7370752712575412,1.0,False
asRNA:CR44027,0.3355252,0.3235881,0.7372289188096419,1.0,False
mtSSB,0.33544517,-0.060905132,0.7372893118535859,1.0,False
CG42489,0.33492467,-0.038975883,0.7376819061646898,1.0,False
eco,0.33406973,0.8308594,0.7383269355901703,1.0,False
Lrr47,0.33353722,-0.045901038,0.7387288021479853,1.0,False
Cse1,0.33314607,0.009486485,0.739024031047524,1.0,False
Moca-cyp,0.333145,-0.11137451,0.7390248333524034,1.0,False
ImpL2,0.3327039,-0.21622524,0.7393578143913081,1.0,False
CG6204,0.33251503,0.08354968,0.7395003826628539,1.0,False
CG9360,0.33217067,0.41375187,0.7397603988803264,1.0,False
CG31156,0.3319655,-0.07242327,0.73991529922276,1.0,False
PNPase,0.33165407,0.113400996,0.7401504789720486,1.0,False
mh,0.33132884,0.03157324,0.7403961192507136,1.0,False
Wdr24,0.3308002,0.092004046,0.7407954080660402,1.0,False
lncRNA:CR44178,0.33046716,0.24302003,0.7410470065867876,1.0,False
Hmgcr,0.33041048,-0.021908613,0.7410898346255949,1.0,False
tup,0.33011,-0.17729777,0.7413168366211234,1.0,False
Acsf2,0.32998425,0.66970664,0.7414118736245456,1.0,False
mAcon1,0.32997006,-0.07712463,0.7414225822665926,1.0,False
unc-45,0.32967386,-0.060387865,0.7416464043431027,1.0,False
Dmel_CR45557,0.32966217,0.07466816,0.7416552398736047,1.0,False
CG31038,0.32959804,-0.1275331,0.7417037020253234,1.0,False
CG4953,0.32924515,-0.057411622,0.7419703960556125,1.0,False
Rev1,0.32903612,0.068077244,0.7421283920761081,1.0,False
lncRNA:CR45267,0.32867083,0.29476377,0.7424045095116114,1.0,False
PolD3,0.32855424,0.044485137,0.742492627680183,1.0,False
CG5466,0.32764298,-0.09591231,0.7431816190817373,1.0,False
Apl,0.32678804,0.055839572,0.7438282043823627,1.0,False
RNF220,0.32660982,0.0826797,0.7439630105782669,1.0,False
CG14301,0.32653683,0.95180815,0.744018221742683,1.0,False
CG14561,0.32649538,0.1807499,0.7440495801258793,1.0,False
Rab21,0.32641426,-0.06236713,0.7441109580186909,1.0,False
Tcs3,0.3263636,0.01233852,0.7441492865229817,1.0,False
trc,0.3257464,-0.12776864,0.7446162482532068,1.0,False
asRNA:CR45813,0.32546684,0.79854673,0.7448277790448798,1.0,False
ApepP,0.32480747,0.10921537,0.7453267890994919,1.0,False
SmydA-4,0.32470506,0.4044096,0.7454042913874285,1.0,False
CG4866,0.32456407,-0.057431895,0.7455110288598938,1.0,False
CG4619,0.3243458,0.05599751,0.7456762402072726,1.0,False
Sras,0.32394367,-0.060330406,0.745980678101263,1.0,False
CG4186,0.3237991,-0.053812683,0.7460901245002132,1.0,False
lncRNA:CR46204,0.32355395,0.7729338,0.7462757658889443,1.0,False
CG31075,0.3234303,0.19615874,0.7463693969743683,1.0,False
Dtymk,0.3230852,0.0894072,0.7466307253094704,1.0,False
naz,0.32303134,0.29579192,0.7466715101839383,1.0,False
Eaf6,0.32249528,-0.06201731,0.7470775193422776,1.0,False
ea,0.3224942,0.49488533,0.7470783244533353,1.0,False
SMC3,0.3215181,-0.102696285,0.7478178011681671,1.0,False
Inx7,0.32114714,2.0234892,0.7480988900625516,1.0,False
CG14937,0.32104474,0.45196074,0.7481764840137164,1.0,False
CG10053,0.32006085,0.003138949,0.7489222139319167,1.0,False
mRpS17,0.31990883,-0.076454096,0.7490374376783315,1.0,False
OXA1L,0.31973878,-0.05332945,0.749166365994165,1.0,False
wash,0.3196045,0.0031796924,0.7492681705970115,1.0,False
Ugt50B3,0.31936073,1.4315499,0.7494529880054303,1.0,False
l(2)gd1,0.31843704,-0.01543842,0.7501534367688041,1.0,False
Ama,0.31833395,2.38307,0.7502316354429246,1.0,False
muskelin,0.31824538,-0.013669539,0.7502988184841268,1.0,False
Trmt6,0.3180831,0.16746204,0.7504219027281354,1.0,False
cni,0.31784678,-0.08227762,0.7506011655991286,1.0,False
Dera,0.31784502,0.82618195,0.7506025094496218,1.0,False
CG3906,0.3174815,21.947502,0.7508782835739038,1.0,False
Cyp9f3,0.31742552,0.48323694,0.7509207545429001,1.0,False
Cyp18a1,0.31730363,1.8587904,0.7510132255918706,1.0,False
Rca1,0.31698087,0.0075391284,0.7512581298575741,1.0,False
CG31548,0.31687775,-0.14886889,0.7513363647125683,1.0,False
Sym,0.31683418,0.09358799,0.7513694338219108,1.0,False
CRAT,0.3167743,0.083078735,0.7514148709851081,1.0,False
lncRNA:CR44785,0.31649652,0.18001997,0.7516256676754921,1.0,False
Tango6,0.31619605,0.030885415,0.7518536931226452,1.0,False
Ublcp1,0.31613937,-0.109773904,0.7518967192218502,1.0,False
PIG-N,0.31609687,0.39889094,0.7519289893022976,1.0,False
Cyp6a13,0.31595513,0.3733579,0.7520365593690574,1.0,False
CG32452,0.31560048,0.010944165,0.7523057745668054,1.0,False
Spt3,0.3154591,-0.066381484,0.7524130925228082,1.0,False
Rpp21,0.31506371,0.23596759,0.7527132854469638,1.0,False
CG13609,0.31500313,0.21496588,0.7527592860552531,1.0,False
CG42382,0.3149677,0.010696673,0.7527861874026047,1.0,False
Bka,0.31488195,-0.0785387,0.7528512899054527,1.0,False
AlaRS-m,0.31471932,0.05356444,0.7529747742741557,1.0,False
CG9018,0.313892,-0.077544846,0.7536030550784348,1.0,False
CG43845,0.31349093,0.031024583,0.7539077022126951,1.0,False
mTerf5,0.313374,0.06331133,0.7539965199862861,1.0,False
cliff,0.31277418,0.05518529,0.7544522332306101,1.0,False
sl,0.31264663,-0.03921443,0.7545491472532702,1.0,False
Pex10,0.312563,-0.013100366,0.7546126818765895,1.0,False
CG6479,0.31209886,0.10391278,0.7549653830583989,1.0,False
lncRNA:CR45242,0.31205282,0.7722965,0.7550003867270092,1.0,False
crok,0.31182075,0.00069311436,0.7551767590171474,1.0,False
CG1368,0.3116149,2.081305,0.7553332159598355,1.0,False
lncRNA:CR44914,0.3115412,0.44665512,0.7553892305239251,1.0,False
sev,0.31130132,0.23797294,0.7555715560616684,1.0,False
ppan,0.3112117,0.049365327,0.7556396959838156,1.0,False
eIF6,0.3111947,-0.04783314,0.7556526239306315,1.0,False
lncRNA:CR45177,0.31070787,1.9198861,0.7560227154056224,1.0,False
RanBP3,0.30907947,0.009146034,0.7572610696859473,1.0,False
CG15343,0.3087652,0.5177421,0.7575001363782954,1.0,False
CG4957,0.30847573,-0.02965675,0.7577203570026908,1.0,False
CG10565,0.3084591,-0.10671603,0.7577330263517668,1.0,False
CG5276,0.30826917,-0.0105723245,0.7578775154455328,1.0,False
c12.2,0.3077877,0.0030016622,0.7582438978971968,1.0,False
stum,0.307388,0.18158922,0.7585480446645588,1.0,False
sals,0.307112,0.21977438,0.7587581111010215,1.0,False
sgl,0.30669817,-0.07640473,0.7590731092854012,1.0,False
Mipp2,0.30618054,0.32913014,0.7594671829854153,1.0,False
CG7800,0.30568805,1.0948154,0.7598421639286647,1.0,False
Itpr,0.3050627,-0.087428495,0.7603183901423496,1.0,False
Ice2,0.3049479,0.031281386,0.7604058205803969,1.0,False
Polr3A,0.3044884,0.15981291,0.7607558428185643,1.0,False
bero,0.30436155,0.22717436,0.7608524651410653,1.0,False
IntS1,0.3040189,-0.07258091,0.7611134720116226,1.0,False
CG5854,0.30272534,0.014720003,0.7620991730275706,1.0,False
CG7322,0.30260065,0.31121877,0.7621942268058794,1.0,False
superdeath,0.30228177,0.5896561,0.76243727834307,1.0,False
Nmdmc,0.30165392,0.09003657,0.7629158882687039,1.0,False
CG10472,0.3011101,0.10044086,0.7633305587489932,1.0,False
CG15118,0.30070686,-0.09538351,0.7636380260496921,1.0,False
Strump,0.30053398,-0.042043824,0.7637698863688365,1.0,False
CG4553,0.30008578,0.047360282,0.7641117283107304,1.0,False
Ldh,0.29998514,0.20695357,0.76418848017579,1.0,False
Nost,0.29946786,0.08011123,0.7645830861774929,1.0,False
blot,0.2987199,0.11474866,0.7651537512850713,1.0,False
asRNA:CR43730,0.29861966,0.64968556,0.7652302641705028,1.0,False
armi,0.2983309,0.11040479,0.7654506232627084,1.0,False
CG1233,0.29781184,-0.022869505,0.7658467765911509,1.0,False
CG5969,0.29741856,-0.06411025,0.7661469745060281,1.0,False
Tbce,0.2973725,-0.10171218,0.7661821351183599,1.0,False
CG12547,0.29720032,-0.12817173,0.7663135859803021,1.0,False
AOX3,0.29677054,0.16772804,0.7666417015261628,1.0,False
MED27,0.29638433,-0.0070195715,0.7669365813716107,1.0,False
MED24,0.2959606,-0.11751317,0.7672601764419927,1.0,False
Rlb1,0.29582736,-0.13838245,0.7673619170593201,1.0,False
Vinc,0.2957661,-0.0820348,0.7674087299137136,1.0,False
CG9109,0.29527962,-0.09827322,0.7677802862912004,1.0,False
Polr3H,0.2949076,0.011613182,0.7680644695787535,1.0,False
Naglu,0.29439527,0.48139814,0.7684558815923673,1.0,False
CG31161,0.2943779,0.23780884,0.7684691462430743,1.0,False
CG9664,0.29389215,0.6179429,0.7688403132264165,1.0,False
CG10903,0.29366434,-0.029029815,0.7690144090717013,1.0,False
l(2)k09848,0.29343936,-0.028206121,0.7691863503036023,1.0,False
CG15098,0.29311907,-0.09655229,0.7694311492139163,1.0,False
NitFhit,0.2930815,0.11105054,0.7694598550168659,1.0,False
wisp,0.2925908,0.4320173,0.76983495514334,1.0,False
CG31251,0.29258582,0.032053746,0.7698387470442751,1.0,False
CG10907,0.29253906,-0.024655936,0.7698744995236364,1.0,False
CG4854,0.29249796,0.07174587,0.7699059187729483,1.0,False
CG3032,0.292307,0.21568601,0.7700519148942137,1.0,False
papi,0.29074663,-0.04206831,0.7712451083332578,1.0,False
Cht6,0.29046246,-0.022542574,0.7714624557759499,1.0,False
CG18787,0.28994945,0.13574381,0.7718549190264217,1.0,False
lncRNA:CR45464,0.28960752,1.489941,0.7721165032735693,1.0,False
edl,0.28906864,0.6065013,0.7725288559965651,1.0,False
Ip259,0.28906828,0.026918406,0.7725291271240357,1.0,False
Gal,0.28898075,0.55698293,0.772596096459697,1.0,False
Cpsf73,0.2888447,0.105066754,0.7727002140936258,1.0,False
CG8620,0.2887239,-0.044538677,0.7727926761518273,1.0,False
CG42578,0.28856304,1.1747552,0.7729157831351667,1.0,False
CG4743,0.28839546,-0.062717445,0.7730440482509185,1.0,False
CG3091,0.28788704,0.079303615,0.7734332202958534,1.0,False
CG2065,0.28746966,0.8683264,0.7737527365140202,1.0,False
CG8249,0.2866682,1.1860784,0.7743663801949341,1.0,False
pll,0.2864234,0.18004525,0.7745538653488413,1.0,False
GstE11,0.2863373,0.31351635,0.7746198003010295,1.0,False
KFase,0.28631604,-0.10287216,0.7746360807863824,1.0,False
CG14881,0.2861761,0.010866103,0.7747432631215218,1.0,False
CG6845,0.28608856,0.46632877,0.7748102881810331,1.0,False
Gr28b,0.28563613,1.1079929,0.7751568372070206,1.0,False
synr,0.28549227,0.12980315,0.7752670258456134,1.0,False
CG8765,0.28539836,-0.039805908,0.7753389494422684,1.0,False
CG6136,0.28531513,-0.016969915,0.7754027323573673,1.0,False
ETHR,0.28525913,0.4296553,0.775445617041524,1.0,False
vih,0.28516665,-0.10607571,0.775516459696939,1.0,False
ems,0.28485134,1.1914783,0.7757580444809076,1.0,False
Mrp4,0.28440562,0.58887494,0.7760995575114507,1.0,False
CG14075,0.28413066,0.47490218,0.7763102421513283,1.0,False
Pus1,0.28393617,-0.030902456,0.7764593060461803,1.0,False
tai,0.2837955,-0.08427967,0.776567104192695,1.0,False
CG7810,0.28339726,-0.0706664,0.776872329330268,1.0,False
RluA-1,0.2824796,0.056472935,0.7775757816742935,1.0,False
CG15602,0.28234142,-0.073547594,0.7776817227423002,1.0,False
l(2)10685,0.2821937,0.21735337,0.7777950027642548,1.0,False
sstn,0.28205693,-0.012718187,0.7778998656991087,1.0,False
CG12836,0.28198782,0.42787045,0.7779528420358562,1.0,False
CG13097,0.2819733,-0.059829224,0.7779639807815757,1.0,False
asRNA:CR46194,0.28195345,0.09753729,0.777979194751885,1.0,False
v,0.28173342,0.9035999,0.7781479125193321,1.0,False
asRNA:CR45139,0.2815212,-0.006172673,0.7783106630774882,1.0,False
Set1,0.28116512,-0.08505531,0.7785837472071113,1.0,False
Syx13,0.2804831,-0.119372286,0.7791068951129477,1.0,False
lncRNA:CR44628,0.28034136,0.023329673,0.7792156137382622,1.0,False
Bdp1,0.27965048,-0.045242704,0.7797456788567059,1.0,False
E2f2,0.27960017,-0.07435032,0.7797842824741092,1.0,False
CG11168,0.27940813,0.016417734,0.779931633667078,1.0,False
CG12825,0.27905065,0.32447734,0.7802059671838624,1.0,False
Lst8,0.27871475,-0.019948754,0.7804637405591817,1.0,False
CG31365,0.27854043,-0.07239624,0.7805975311920238,1.0,False
Fpgs1,0.27845716,0.5330144,0.780661437547193,1.0,False
CG12655,0.27828604,0.3587029,0.7807927901544726,1.0,False
CR42875,0.27795017,0.28407022,0.7810506184256985,1.0,False
Papss,0.27758592,-0.045736346,0.7813302315604094,1.0,False
croc,0.27708566,0.24310993,0.7817143377025711,1.0,False
CG3857,0.2767675,-0.026255017,0.7819586482107599,1.0,False
Veneno,0.27575985,0.27938506,0.7827325306965397,1.0,False
lncRNA:CR44500,0.27521846,1.1538891,0.7831484045225071,1.0,False
snRNA:U6atac,0.27521846,1.1344976,0.7831484045225071,1.0,False
Tsp42Ed,0.27443898,0.12010059,0.7837472845505463,1.0,False
asRNA:CR45124,0.27378637,0.5426858,0.7842488090260474,1.0,False
CG9706,0.273527,-0.00521464,0.7844481368071533,1.0,False
Tsf2,0.2734434,-0.06898812,0.7845124039702078,1.0,False
scro,0.27339202,-0.1352027,0.7845518908796952,1.0,False
lncRNA:CR44597,0.27335694,1.0268257,0.7845788512261593,1.0,False
Ufsp2,0.2733137,0.019222578,0.7846120754430234,1.0,False
Klp68D,0.27277374,-0.122337215,0.7850271388823302,1.0,False
CG15293,0.27272025,0.4913047,0.785068267265146,1.0,False
CG13502,0.27242512,1.0180471,0.7852951650875051,1.0,False
BomS6,0.27238402,1.3063642,0.7853267633507002,1.0,False
CG33155,0.27197868,0.26537067,0.7856384065404304,1.0,False
CG3097,0.27185434,0.4916483,0.7857340312273807,1.0,False
asRNA:CR46104,0.2718019,0.25033203,0.7857743525772676,1.0,False
nito,0.27165803,-0.054280914,0.7858849667982155,1.0,False
Cwc25,0.27160063,-0.12682278,0.7859291047136865,1.0,False
Orct,0.27131367,-0.10582874,0.7861498046095585,1.0,False
bip1,0.27124882,0.03169703,0.7861996688183633,1.0,False
ex,0.27116096,0.7325389,0.7862672457576728,1.0,False
CG5541,0.2708984,0.57790416,0.786469168703444,1.0,False
cort,0.2708938,0.5521178,0.7864727113394918,1.0,False
asRNA:CR44116,0.2705005,1.2147019,0.786775214250381,1.0,False
Cp7Fa,0.27033257,0.9437932,0.7869044009773338,1.0,False
Elp5,0.2702419,0.007555236,0.7869741751512027,1.0,False
CG17032,0.2700789,0.2460565,0.7870995549171771,1.0,False
Lon,0.26996908,-0.1300401,0.7871840530899843,1.0,False
CG11257,0.26995808,0.07186041,0.7871925030450875,1.0,False
RhoGAP16F,0.26981387,0.15589686,0.7873034451017027,1.0,False
Mtkl,0.269765,0.55619293,0.7873410627987325,1.0,False
DNAlig1,0.26971608,0.1733189,0.7873786809919412,1.0,False
lncRNA:CR44727,0.26957542,1.3701305,0.7874869042124657,1.0,False
CG33914,0.26953715,0.9603575,0.7875163460002117,1.0,False
lncRNA:CR44816,0.26949218,-0.026899597,0.787550967750216,1.0,False
CG11975,0.2694266,-0.04334609,0.7876014017593016,1.0,False
lncRNA:CR44663,0.26925266,0.18778075,0.7877352606639355,1.0,False
CG3713,0.26921794,0.1817628,0.7877619786705999,1.0,False
veli,0.26908508,-0.10734157,0.7878642182470874,1.0,False
Heatr1,0.26813447,0.2801274,0.7885958148697993,1.0,False
Tsp5D,0.26708856,-0.0030069395,0.7894009774913956,1.0,False
CG17359,0.26695427,-0.028075974,0.789504366646632,1.0,False
CG4752,0.26666623,1.1596433,0.7897261611606071,1.0,False
lectin-24Db,0.26661274,1.093431,0.7897673573442044,1.0,False
btd,0.26654363,0.8369159,0.7898205585831418,1.0,False
Nup188,0.26576027,0.033885803,0.7904238472595687,1.0,False
P5cr-2,0.26573724,1.2887622,0.7904415849212891,1.0,False
CG6550,0.26572978,0.047065154,0.7904473155736615,1.0,False
Gfr,0.26565006,0.012870607,0.7905087161314849,1.0,False
CG33158,0.2656437,-0.036062345,0.790513628232289,1.0,False
Map60,0.26560968,-0.1074041,0.7905398262437864,1.0,False
CG34334,0.2654063,0.7088319,0.7906964734581952,1.0,False
CG13531,0.2650102,0.07855263,0.7910016050179576,1.0,False
CG14696,0.26427785,0.46735016,0.7915658279247374,1.0,False
CapaR,0.26421335,0.5471602,0.7916155131646593,1.0,False
CG42369,0.2640348,0.41678768,0.7917531074771532,1.0,False
CG14629,0.26382363,0.31297988,0.7919158265834385,1.0,False
Slbp,0.2635841,-0.11790525,0.792100398152501,1.0,False
CG1227,0.26347995,0.006774574,0.7921806740394857,1.0,False
MESR3,0.26309022,-0.076686375,0.7924810455341985,1.0,False
CG6984,0.26304948,0.006308495,0.7925124497877206,1.0,False
Sema5c,0.26257434,0.29260564,0.7928786755258174,1.0,False
CG32095,0.26230755,-0.007483127,0.793084339097792,1.0,False
CG33958,0.26227602,0.005351191,0.7931086482270142,1.0,False
Arts,0.26179028,0.089679934,0.7934831434605133,1.0,False
Marcal1,0.2610402,0.36190045,0.7940615056952054,1.0,False
GstE12,0.26097077,-0.25756994,0.7941150584274521,1.0,False
aru,0.2608117,0.16701743,0.7942377415586934,1.0,False
CG11334,0.26079255,-0.015039936,0.7942524966657778,1.0,False
cold,0.26072627,-0.029203841,0.7943035936240146,1.0,False
CG14397,0.26063132,0.6761529,0.7943768250282356,1.0,False
Rad9,0.2605229,0.17104883,0.7944604422057692,1.0,False
ClC-b,0.26021928,-0.105850674,0.7946946375216809,1.0,False
Ugt37D1,0.26018208,0.39289623,0.794723332503096,1.0,False
CG32641,0.26014984,1.8827633,0.7947482017116589,1.0,False
CG31683,0.2599911,1.1896889,0.7948706377792837,1.0,False
CG30053,0.2597282,0.77044934,0.7950734336296117,1.0,False
csul,0.25940225,0.034652382,0.7953248978467701,1.0,False
CG5853,0.2591011,1.4095771,0.7955572478157595,1.0,False
obe,0.2589505,-0.0320462,0.7956734296006764,1.0,False
Spn88Ea,0.25893918,-0.055502243,0.7956821775890847,1.0,False
CG7488,0.25883004,-0.12642135,0.7957663782905713,1.0,False
PolH,0.25869364,-0.089494675,0.7958716325117967,1.0,False
Nop53,0.25859335,0.06446217,0.7959490035677452,1.0,False
Cda9,0.25814232,0.32308862,0.7962970614196238,1.0,False
hng1,0.258013,-0.07674561,0.7963968655330798,1.0,False
Cyp6a9,0.25793895,0.8028275,0.7964540151413582,1.0,False
Karl,0.2578674,0.7935121,0.7965092516852874,1.0,False
dap,0.25784966,0.15537964,0.7965229242545577,1.0,False
BORCS6,0.25699934,-0.040377513,0.7971792809526121,1.0,False
Naa15-16,0.2568236,-0.07259872,0.7973149459051303,1.0,False
CG11836,0.2564406,0.4044348,0.7976106401259172,1.0,False
CG11170,0.256284,-0.03977244,0.7977315521437355,1.0,False
aub,0.2559428,0.45706514,0.7979950039517225,1.0,False
Vps36,0.2555591,-0.03997055,0.7982913121305069,1.0,False
lncRNA:CR43910,0.254972,0.22753571,0.7987447226066099,1.0,False
CG9577,0.25489017,0.014662717,0.7988079373067413,1.0,False
PolZ1,0.25486642,0.0661512,0.7988262725530834,1.0,False
Cyt-b5-r,0.25485438,0.1949195,0.7988355770488818,1.0,False
tld,0.2543796,0.111379966,0.7992023063832985,1.0,False
lncRNA:CR44900,0.25426057,0.063410066,0.7992942693441594,1.0,False
Nup133,0.2540423,0.17936304,0.7994628753346417,1.0,False
cyp33,0.2537057,-0.03850508,0.7997229191305872,1.0,False
CG30338,0.25323802,0.23109685,0.8000842800013332,1.0,False
CG43103,0.25307575,0.20748785,0.8002096712784696,1.0,False
FucTB,0.25305662,0.05344574,0.800224455742278,1.0,False
Ror,0.25288126,-0.05884374,0.8003599833286786,1.0,False
Rpe,0.25277886,0.02423646,0.8004391123150827,1.0,False
Clk,0.25220203,-0.01053874,0.8008849013883015,1.0,False
sprt,0.25212267,0.06748717,0.8009462435385868,1.0,False
Dbct,0.25193313,0.22073945,0.8010927576582297,1.0,False
ctg,0.25171736,0.14904493,0.8012595457975522,1.0,False
CG15877,0.25168085,-0.0022073041,0.801287755524847,1.0,False
CG18368,0.2512596,-0.06633598,0.8016134186024633,1.0,False
CG1463,0.25101086,-0.063451655,0.801805710215945,1.0,False
CG31381,0.25095204,0.5198717,0.8018511826379104,1.0,False
asRNA:CR45789,0.25091058,0.53880054,0.8018832328807289,1.0,False
Hsp70Bb,0.25087693,0.14640576,0.8019092568273957,1.0,False
FASN3,0.2508238,0.46288294,0.8019503477169128,1.0,False
CG10307,0.2505857,0.35325307,0.80213444162421,1.0,False
CG43740,0.2505765,-0.118844844,0.8021415645259173,1.0,False
BBS4,0.25012794,0.24682975,0.8024884149281843,1.0,False
dhd,0.24978815,6.283616,0.8027511813867956,1.0,False
CG7101,0.24973288,0.008865548,0.8027939275712109,1.0,False
CG10208,0.24972828,0.31587046,0.8027974897798809,1.0,False
GluRS-m,0.24862427,0.33439776,0.803651441827779,1.0,False
CG31777,0.24840565,0.87201744,0.8038205609394542,1.0,False
CG9300,0.24807154,0.026303103,0.80407905408227,1.0,False
rig,0.24805525,-0.08045285,0.8040916640521587,1.0,False
CG16863,0.2480308,0.025276128,0.8041105791025787,1.0,False
CG7655,0.24741678,-0.021929396,0.804585685999946,1.0,False
asRNA:CR44137,0.24723609,0.19589628,0.8047255177102643,1.0,False
E5,0.24722405,0.62481505,0.8047348400464508,1.0,False
SPoCk,0.24683714,-0.031992067,0.8050342663082906,1.0,False
Oat,0.2467964,0.06358214,0.8050658009588496,1.0,False
Spt7,0.24665503,0.19130346,0.8051752149440147,1.0,False
asRNA:CR43629,0.24632128,0.046570316,0.8054335458011972,1.0,False
CG9263,0.24551204,0.21083274,0.8060599902704962,1.0,False
CG11279,0.2453781,-0.06881854,0.8061636782966403,1.0,False
Aldh7A1,0.24528563,0.07453398,0.8062352743987365,1.0,False
eag,0.24528386,-0.077426426,0.8062366459874291,1.0,False
Tektin-C,0.24525587,0.5665674,0.8062583171678674,1.0,False
lncRNA:CR43724,0.24516942,0.46809107,0.8063252518796185,1.0,False
CG3520,0.24503975,0.20739025,0.8064256566071604,1.0,False
CG33777,0.24458942,0.771651,0.8067743546224261,1.0,False
ranshi,0.24448986,0.007861756,0.8068514519747689,1.0,False
CG32512,0.24385637,0.077290356,0.8073420655363543,1.0,False
Taf13,0.24368382,-0.096229784,0.8074757077634674,1.0,False
CG8323,0.24360764,0.03440621,0.8075347097135854,1.0,False
Ankrd49,0.24352686,-0.01639161,0.8075972804196873,1.0,False
CG8079,0.24325015,-0.124438055,0.8078116218589457,1.0,False
mdy,0.24252878,0.6392254,0.8083704593965892,1.0,False
sim,0.24251354,0.03979637,0.8083822630128537,1.0,False
lncRNA:CR44206,0.24185453,-0.012689762,0.8088928797501889,1.0,False
CG33494,0.2417656,0.8996355,0.8089617917945999,1.0,False
AdamTS-A,0.24172698,0.81343144,0.8089917182036247,1.0,False
Vps39,0.2415718,-0.05847968,0.809111975764579,1.0,False
CG9386,0.24077177,-0.025071507,0.8097320051624801,1.0,False
Brd8,0.24069631,-0.047447644,0.8097904994917923,1.0,False
Atac1,0.24069454,0.025081046,0.8097918726108793,1.0,False
CG2794,0.24066052,0.03917981,0.8098182366108836,1.0,False
Jabba,0.24002631,0.27108333,0.8103098548566398,1.0,False
CG6225,0.23962843,0.18436871,0.8106183217284268,1.0,False
p38b,0.23918094,-0.0851373,0.8109652790921589,1.0,False
CG32645,0.23906225,1.2772946,0.8110573128139595,1.0,False
dimm,0.23901229,0.9213421,0.8110960501763418,1.0,False
RhoGAP54D,0.23891982,0.87034076,0.8111677567271716,1.0,False
Cyp6v1,0.23847835,0.41046456,0.8115101017795701,1.0,False
CG34002,0.23817506,1.6005607,0.8117453131717014,1.0,False
CG2611,0.23807515,-0.020398354,0.8118228047586654,1.0,False
CG32221,0.23762873,-0.04315266,0.8121690662718496,1.0,False
Delta,0.23605916,0.12249294,0.8133867689707053,1.0,False
CG7878,0.23581114,-0.094796754,0.8135792238484454,1.0,False
msl-3,0.2356928,0.04988851,0.8136710562860129,1.0,False
CG8607,0.2353718,0.14599542,0.8139201715404536,1.0,False
tra2,0.23506674,-0.10334299,0.8141569309644363,1.0,False
nerfin-2,0.23505257,0.28641546,0.8141679306536818,1.0,False
Cp7Fc,0.23431455,1.3607112,0.8147407900597085,1.0,False
mei-218,0.23421605,0.9826547,0.8148172521515276,1.0,False
Atac3,0.23378557,-0.15459311,0.8151514506913943,1.0,False
CG10126,0.23364526,0.004860069,0.8152603819306531,1.0,False
Ugt317A1,0.2335744,0.3494241,0.8153153990653904,1.0,False
MED15,0.23332073,0.061252832,0.8155123678713196,1.0,False
Targ2,0.23331009,-0.060408123,0.8155206210088164,1.0,False
lncRNA:CR42721,0.2330355,0.60805696,0.8157338341520686,1.0,False
Ent1,0.23288316,-0.06662785,0.8158521389434074,1.0,False
bdwf,0.23284595,-0.076865576,0.8158810279604206,1.0,False
CG31174,0.23266667,0.37851438,0.8160202490171645,1.0,False
Surf1,0.23239988,-0.07585301,0.8162274405098785,1.0,False
Gcn2,0.23202573,0.012571717,0.8165180255159883,1.0,False
CG45218,0.23185354,0.44918162,0.8166517691400001,1.0,False
CG5888,0.23162714,0.040146142,0.816827625363343,1.0,False
Gclm,0.23153183,-0.09050625,0.8169016583632784,1.0,False
O-fut1,0.23153147,-0.026437007,0.81690193358194,1.0,False
CG9948,0.23149994,-0.012017925,0.816926428133225,1.0,False
BomS3,0.23130295,-0.0149382865,0.8170794543206855,1.0,False
CG42494,0.23024605,0.73421896,0.8179005752499127,1.0,False
Irp-1A,0.23009087,-0.110890105,0.8180211589643838,1.0,False
gt,0.22994667,0.025729576,0.8181332120745161,1.0,False
CG17721,0.22865097,-0.022892207,0.8191402045963689,1.0,False
Corp,0.22860456,1.3207732,0.8191762823374575,1.0,False
nAChRbeta3,0.22857869,1.2265078,0.8191963868936294,1.0,False
Tbc1d22,0.22833245,-0.13605212,0.8193877992353193,1.0,False
IP3K1,0.228308,0.22771013,0.8194068033502424,1.0,False
LanA,0.22816132,0.53387326,0.8195208302668987,1.0,False
Gr59d,0.22772375,1.3829756,0.8198610056885207,1.0,False
Mtr3,0.22751896,0.0775503,0.8200202249435291,1.0,False
HisCl1,0.22747786,0.15230082,0.8200521798749129,1.0,False
AGO3,0.22747786,0.81032676,0.8200521798749129,1.0,False
rost,0.2274481,0.6963183,0.8200753198393144,1.0,False
IntS10,0.22670229,0.0023724977,0.8206552474234934,1.0,False
CG8272,0.22669166,-0.04360595,0.8206635131341515,1.0,False
TrpA1,0.22594549,0.39207423,0.8212438157453318,1.0,False
lncRNA:CR43857,0.22587356,0.34471676,0.8212997570220295,1.0,False
CG42323,0.22580838,1.4764804,0.8213504632008977,1.0,False
Ranbp21,0.2256376,-0.00902944,0.8214832948816443,1.0,False
CG13895,0.22519436,-0.06363404,0.8218280748392244,1.0,False
Mcm5,0.22515291,0.51410973,0.8218603222076463,1.0,False
GstE6,0.22515042,-0.1681062,0.8218622515469238,1.0,False
ppk5,0.22506292,0.36330006,0.8219303303510523,1.0,False
Dph2,0.22500622,-0.03473603,0.8219744306969139,1.0,False
Muc12Ea,0.22465333,-0.15049966,0.822248967994468,1.0,False
lncRNA:CR44268,0.22465192,0.930852,0.8222500705977991,1.0,False
Hus1-like,0.22421612,0.03737489,0.8225891377628279,1.0,False
Spn55B,0.22410664,0.10737591,0.8226743232603461,1.0,False
Pof,0.22391851,-0.08398955,0.822820714870455,1.0,False
CG3368,0.22386004,-0.09531792,0.822866205045002,1.0,False
CG6000,0.22382993,1.207923,0.8228896396096917,1.0,False
NimB5,0.22379734,1.2102095,0.8229150042577276,1.0,False
lncRNA:CR44384,0.22369671,0.29947925,0.8229933049905096,1.0,False
CG6414,0.22302742,2.393159,0.8235141599590537,1.0,False
CG10562,0.22259836,0.71048766,0.8238481105437647,1.0,False
Boh1,0.2222026,0.026016867,0.824156167563348,1.0,False
Sur,0.22199038,1.3456888,0.8243213767155242,1.0,False
O-fut2,0.22168177,0.022983495,0.8245616196023913,1.0,False
blow,0.22083604,0.11104459,0.8252200961689297,1.0,False
CG17292,0.22058591,-0.005679091,0.8254148765468226,1.0,False
Adsl,0.22014338,0.019202368,0.825759493081002,1.0,False
CG4631,0.21937595,0.00929848,0.8263572022751121,1.0,False
Rep,0.2192119,-0.047024973,0.8264849805108883,1.0,False
Debcl,0.21894476,0.091667905,0.8266930784429203,1.0,False
Plap,0.21803916,-0.030982379,0.8273986043584465,1.0,False
lncRNA:Irar,0.21670449,0.48150352,0.8284386532186773,1.0,False
Top3alpha,0.21651457,0.048197653,0.8285866644864299,1.0,False
Fs,0.21633282,-0.10366887,0.8287283302243789,1.0,False
CG11099,0.21624814,-0.106596395,0.8287943323438856,1.0,False
lncRNA:CR43492,0.21589667,0.13846014,0.8290682954778639,1.0,False
GluRIIA,0.21533827,0.23976669,0.8295035860976785,1.0,False
Orcokinin,0.21461762,-0.18369168,0.8300654535011343,1.0,False
CG13088,0.2143402,0.11527655,0.8302817707727733,1.0,False
CG33096,0.21421762,0.09592746,0.8303773633467231,1.0,False
Hyccin,0.21420875,-0.10379166,0.8303842704218719,1.0,False
Irk1,0.214151,0.7549188,0.8304293048731006,1.0,False
Spps,0.21414958,-0.080707856,0.8304304100200104,1.0,False
Tmc,0.21414816,0.81535774,0.8304315151672554,1.0,False
CG3253,0.21406278,-0.118152045,0.8304981009075794,1.0,False
Dtwd2,0.21400715,0.07611178,0.8305414789947987,1.0,False
CG11970,0.2136284,-0.030365696,0.830836850520611,1.0,False
yem,0.21344735,-0.06907875,0.8309780515288931,1.0,False
ca,0.21247123,-0.11213825,0.8317394150574746,1.0,False
asRNA:CR44894,0.21233696,1.0904597,0.8318441667318669,1.0,False
Cap-D3,0.21203545,0.013204405,0.8320793851973466,1.0,False
PCID2,0.21158476,-0.0032104517,0.8324309971165373,1.0,False
CG5397,0.21141541,1.1833415,0.8325631366819095,1.0,False
ais,0.2111224,-0.09753338,0.8327917658886109,1.0,False
ana2,0.2108471,0.18350823,0.8330065851768095,1.0,False
CG1542,0.2105927,-0.08371106,0.8332051036613122,1.0,False
Ir76a,0.21018313,-0.07982598,0.8335247462922644,1.0,False
dmrt99B,0.20973387,0.052956942,0.833875389403884,1.0,False
CG32816,0.2096577,0.2981625,0.8339348471527048,1.0,False
MED23,0.20963715,0.33653304,0.8339508870801553,1.0,False
PIG-Wa,0.20946743,0.29301783,0.8340833573980702,1.0,False
asRNA:CR44969,0.20945007,0.9175365,0.8340969089070221,1.0,False
Oseg1,0.20938559,0.8131944,0.8341472435145231,1.0,False
PIG-V,0.20911278,-0.08876062,0.8343602051408523,1.0,False
lncRNA:CR45759,0.20861001,1.3514135,0.8347526948097909,1.0,False
nol,0.20829432,0.6118203,0.8349991628570446,1.0,False
CG13578,0.20811044,0.48469448,0.8351427358912397,1.0,False
CG11755,0.20792797,-0.008901755,0.8352852078205885,1.0,False
CG31077,0.20779936,2.645441,0.8353856330305346,1.0,False
St3,0.20778802,-0.09191222,0.8353944860703579,1.0,False
lncRNA:CR42746,0.20771645,1.6029909,0.8354503713655685,1.0,False
NimB1,0.20768811,1.5415318,0.835472504385438,1.0,False
Ugt302K1,0.20755878,0.8833282,0.8355734879416865,1.0,False
Sp7,0.20748898,0.17205848,0.8356279925217401,1.0,False
Had2,0.20714355,0.3424409,0.835897760308188,1.0,False
Polr3B,0.20709924,0.022411032,0.8359323473186051,1.0,False
CG18343,0.20660499,0.93897253,0.8363183598652648,1.0,False
CG31904,0.20637682,0.6468934,0.8364965753783467,1.0,False
CG9886,0.2060257,-0.056974437,0.8367708333423911,1.0,False
lncRNA:CR44753,0.20585777,2.1988544,0.8369020192436474,1.0,False
Art7,0.2054985,0.04032371,0.8371826726620081,1.0,False
BomBc2,0.2054039,0.54047835,0.8372565759744245,1.0,False
CG31915,0.20516899,0.124731325,0.8374400949029354,1.0,False
CG9992,0.20498121,-0.07689854,0.8375868056873143,1.0,False
Cnx14D,0.20473532,0.031943236,0.8377789223090579,1.0,False
Prip,0.20451671,0.6048886,0.8379497315198592,1.0,False
lncRNA:CR43411,0.20446712,0.059712376,0.837988489940543,1.0,False
lncRNA:CR43461,0.20397179,0.27178302,0.8383755420019767,1.0,False
CG15473,0.20395584,2.2796226,0.83838800140946,1.0,False
LSm1,0.20358099,-0.12430525,0.8386809475909247,1.0,False
lncRNA:CR45961,0.20258823,-0.022486009,0.8394568921685356,1.0,False
Gcn5,0.2025652,-0.09438622,0.8394748941655426,1.0,False
CG11961,0.20253119,0.5573299,0.8395014818839598,1.0,False
CG10376,0.20191115,-0.104611404,0.8399861859057898,1.0,False
Cyp4ac3,0.20190655,1.0871737,0.8399897867915344,1.0,False
Samuel,0.20189981,0.13152239,0.8399950496305695,1.0,False
CG12818,0.20146154,-0.11867523,0.8403377035329321,1.0,False
RhoGAP15B,0.2013393,-0.015066462,0.8404332752989027,1.0,False
Ski6,0.20105338,0.019667443,0.8406568393088412,1.0,False
trbl,0.2009205,1.0257102,0.8407607303053285,1.0,False
ast,0.20089607,0.040144052,0.8407798465508387,1.0,False
Rbcn-3A,0.20077667,-0.107683405,0.8408732127509524,1.0,False
fal,0.20075186,-0.050842475,0.8408926066044682,1.0,False
C901,0.20072246,0.18308711,0.8409156022987612,1.0,False
CG44257,0.20002802,-0.004089569,0.8414586725593569,1.0,False
CG15525,0.19970205,-0.12606706,0.8417136091217239,1.0,False
CG42741,0.19963722,0.6048526,0.8417643213089303,1.0,False
CG13203,0.19958088,0.20889701,0.8418083832504327,1.0,False
Alkbh8,0.19956423,-0.15468882,0.8418214079443631,1.0,False
Sirt7,0.19955643,-0.099079885,0.8418275046244796,1.0,False
Cp18,0.19950612,0.46408406,0.8418668561515456,1.0,False
CG31778,0.19897324,0.9732827,0.8422836740185397,1.0,False
Nep2,0.19852221,-0.11488628,0.8426365071922701,1.0,False
fd59A,0.19830397,-0.11290939,0.8428072532096844,1.0,False
Hf,0.19746639,0.30798262,0.8434625873011986,1.0,False
CG42445,0.19734414,0.27263904,0.8435582352342703,1.0,False
asRNA:CR43481,0.19709755,0.7186257,0.8437512015638527,1.0,False
CG42266,0.19699125,0.69803524,0.8438343795992052,1.0,False
CG34001,0.19690941,0.11311988,0.8438984278733181,1.0,False
hfw,0.1966412,0.4638807,0.8441083249036438,1.0,False
rgr,0.19664049,-0.07240111,0.8441088794679308,1.0,False
gbb,0.19614412,-0.033932865,0.844497370721848,1.0,False
lncRNA:CR45902,0.19607112,0.81171155,0.8445544968249077,1.0,False
ssp6,0.19600345,-0.13138837,0.8446074639906679,1.0,False
CG10621,0.19598857,0.735516,0.8446191113150742,1.0,False
Gcat,0.19570902,0.09599468,0.8448379209338145,1.0,False
CG31869,0.19570513,-0.07616387,0.844840971596168,1.0,False
Drep1,0.19567005,-0.13273546,0.844868427662052,1.0,False
Ppox,0.19564843,0.15670377,0.8448853451298093,1.0,False
Smug,0.19497845,-0.048402783,0.8454098220741397,1.0,False
CG9689,0.19481511,-0.10508312,0.8455376927941918,1.0,False
lncRNA:CR44127,0.19479953,0.45758796,0.8455498975876113,1.0,False
Nepl15,0.19471662,0.42521405,0.8456148055206958,1.0,False
exex,0.19462237,0.40540192,0.8456885910248881,1.0,False
lncRNA:CR45641,0.19459261,0.3857584,0.8457118919916308,1.0,False
arx,0.19441509,0.12419355,0.8458508684166406,1.0,False
CG3894,0.19436301,-0.0917092,0.8458916468408382,1.0,False
CG10184,0.19399914,-0.15097456,0.8461765525121812,1.0,False
CG15890,0.19367212,0.06468763,0.8464326241378679,1.0,False
brk,0.19339009,-0.061111245,0.8466534746655217,1.0,False
CG42867,0.19328168,0.999739,0.846738377697807,1.0,False
CG43843,0.19273108,0.35506278,0.8471695793609885,1.0,False
LanB1,0.19242142,0.20674723,0.8474121157251773,1.0,False
swi2,0.19221379,0.7565287,0.8475747397346107,1.0,False
CG12910,0.19216454,0.24165294,0.8476133153242293,1.0,False
stc,0.19204621,-0.08626229,0.8477060092405837,1.0,False
thoc6,0.19182016,-0.04453737,0.8478830771266901,1.0,False
PGRP-LA,0.1916749,0.106481865,0.8479968708870482,1.0,False
crn,0.19147542,-0.085467495,0.8481531343104377,1.0,False
Snm1,0.19139606,0.0056747403,0.8482153082739619,1.0,False
CG8654,0.19138189,1.0509421,0.8482264108668415,1.0,False
srp,0.19131953,0.8409583,0.8482752626332338,1.0,False
lncRNA:CR31781,0.19130677,0.75231177,0.8482852551118005,1.0,False
lncRNA:CR44332,0.19107187,0.02042842,0.8484692876166519,1.0,False
net,0.19086106,0.2591973,0.8486344520259705,1.0,False
Cpes,0.19084689,-0.13506015,0.8486455557541522,1.0,False
mRpS24,0.19054466,-0.10755084,0.8488823499031314,1.0,False
dy,0.19053333,1.4309218,0.8488912334192509,1.0,False
mars,0.190235,0.23599061,0.849124987829507,1.0,False
rumi,0.1901443,0.23267426,0.8491960606848368,1.0,False
CG17260,0.19005784,-0.03473917,0.8492638031410114,1.0,False
Opa1,0.18987608,-0.049817868,0.8494062325083332,1.0,False
S-Lap1,0.18985341,0.07973879,0.8494240018192067,1.0,False
bru2,0.1892192,-0.14235024,0.8499210181905893,1.0,False
Arf1,0.1889269,-0.034672674,0.850150110074422,1.0,False
Ndg,0.188664,1.8508354,0.8503561647332913,1.0,False
barr,0.18857543,0.044882488,0.85042559245998,1.0,False
RNaseZ,0.1884174,0.071277976,0.8505494544039301,1.0,False
Cpsf160,0.18830934,-0.06737057,0.8506341603231977,1.0,False
CG8389,0.18826328,-0.043359518,0.8506702650094915,1.0,False
CG5381,0.18818145,0.44101065,0.8507344210321282,1.0,False
CG7386,0.18803298,-0.0203208,0.8508507931356561,1.0,False
Cib2,0.18788524,0.3269562,0.8509666129890208,1.0,False
CG9663,0.18785122,0.20249334,0.8509932770077582,1.0,False
ball,0.18783918,0.081041306,0.8510027205552505,1.0,False
Vang,0.18755007,-0.09985334,0.8512293721026498,1.0,False
dx,0.18749516,0.88819927,0.8512724261758264,1.0,False
Edg78E,0.18737468,0.63386655,0.851366868921197,1.0,False
asrij,0.18726698,-0.09105854,0.8514513136516592,1.0,False
CG15638,0.18715572,0.37857196,0.8515385379575586,1.0,False
mad2,0.18705864,0.40606087,0.8516146523708026,1.0,False
ver,0.18702959,0.33609593,0.8516374314055678,1.0,False
unpg,0.1866558,1.0876147,0.8519305141674341,1.0,False
CG31855,0.186237,-0.1067677,0.8522589022702001,1.0,False
lncRNA:CR44619,0.18622142,0.37580267,0.8522711270260364,1.0,False
CG2931,0.18606128,-0.078532346,0.8523967106630835,1.0,False
CG11474,0.18603435,-0.061587445,0.8524178268634424,1.0,False
Nubp1,0.1859525,-0.1293262,0.8524820096480563,1.0,False
CG15021,0.18574488,1.298949,0.85264483269491,1.0,False
Lapsyn,0.1856308,0.012640057,0.8527343046878175,1.0,False
CG30158,0.18550006,-0.13701904,0.8528368385871696,1.0,False
CG4282,0.18547915,-0.031817216,0.852853233126911,1.0,False
CG10916,0.185257,-0.067972735,0.8530274637716875,1.0,False
lncRNA:CR45967,0.18520634,0.31822324,0.8530672015898972,1.0,False
CG6685,0.18515886,-0.0011393003,0.8531044387649654,1.0,False
Sas-6,0.18493778,0.14502634,0.853277846039583,1.0,False
CG17266,0.18469295,0.14788915,0.8534698806373,1.0,False
Hsc20,0.18465929,-0.104162954,0.8534962825998617,1.0,False
Tnks,0.18438718,-0.146882,0.8537097276466851,1.0,False
Boot,0.18433474,0.43038613,0.8537508615171452,1.0,False
Cyp9c1,0.18345748,-0.032077625,0.8544390789348424,1.0,False
CycB3,0.18341815,0.46722332,0.8544699345754716,1.0,False
CG14966,0.18334445,-0.044477202,0.854527754753591,1.0,False
CG15728,0.18318644,0.36678374,0.8546517371917945,1.0,False
Hpr1,0.1830394,-0.061834514,0.8547671052401196,1.0,False
lncRNA:CR45251,0.18281406,0.21443109,0.8549439162738306,1.0,False
l(3)72Dr,0.18276127,0.5286633,0.8549853400379921,1.0,False
Scm,0.18243602,-0.15840735,0.8552405637195658,1.0,False
Prp18,0.18236162,-0.08547768,0.8552989503513537,1.0,False
Boh2,0.18233292,0.05533438,0.8553214711210637,1.0,False
Elba2,0.18189499,1.1795288,0.8556651359931933,1.0,False
Mesh1,0.18181846,0.024705231,0.8557251967439226,1.0,False
CG1674,0.18166399,0.16448931,0.8558464330271662,1.0,False
GstO1,0.18122748,0.23932673,0.8561890273273542,1.0,False
hd,0.18094616,0.12464079,0.8564098370460103,1.0,False
CG9890,0.18086609,-0.115991876,0.8564726892231939,1.0,False
Cyp12b2,0.18086219,-0.13273455,0.8564757484231932,1.0,False
lncRNA:CR45910,0.18064216,-0.071464725,0.8566484576644638,1.0,False
CG10514,0.18041682,-0.08980397,0.8568253457417595,1.0,False
lncRNA:CR46117,0.18020105,0.32838455,0.8569947311597008,1.0,False
Gk2,0.18015322,-0.016213074,0.8570322805434558,1.0,False
lncRNA:CR45597,0.18012452,0.22312297,0.8570548103290243,1.0,False
CG5323,0.18008201,-0.08064287,0.8570881880031984,1.0,False
CG6962,0.18004552,0.30856773,0.8571168373773488,1.0,False
sav,0.17996651,0.008279536,0.8571788653080414,1.0,False
CG2736,0.17992505,0.89842415,0.8572114094630361,1.0,False
CycC,0.17964692,-0.064273074,0.8574297675472887,1.0,False
CG9117,0.17960688,0.145807,0.8574612008836036,1.0,False
CG11788,0.17946693,0.004236206,0.8575710802508391,1.0,False
Mocs3,0.17938438,0.11566917,0.857635896462976,1.0,False
CG33107,0.17925116,-0.09104718,0.8577404946062215,1.0,False
Mipp1,0.17901272,0.004621938,0.8579277203905066,1.0,False
CG13436,0.17887099,0.20292488,0.8580390025042576,1.0,False
asRNA:CR45161,0.17869525,-0.10296351,0.8581769962429281,1.0,False
CG10669,0.17855778,-0.024680777,0.85828494597892,1.0,False
casp,0.17841855,-0.120066516,0.8583942895210059,1.0,False
asRNA:CR45135,0.17801392,0.8911454,0.858712041125592,1.0,False
Kmn2,0.17791933,0.63408446,0.8587863348650209,1.0,False
CG15642,0.17788284,-0.11792948,0.8588149953309835,1.0,False
bug,0.1776699,-0.057110153,0.8589822314674285,1.0,False
PolD2,0.17753561,-0.0070270393,0.8590876964442641,1.0,False
Ncc69,0.1774761,-0.06305805,0.8591344468953725,1.0,False
ptc,0.1773776,0.04273081,0.8592118088456132,1.0,False
idc,0.17720929,-0.08494512,0.8593439951612555,1.0,False
CG3345,0.17704454,0.25283882,0.8594734024258153,1.0,False
CG30096,0.17689466,-0.06261066,0.8595911245710345,1.0,False
Damm,0.17683055,0.4680881,0.8596414983574674,1.0,False
hdly,0.17654745,0.27473477,0.8598638734430353,1.0,False
CG5167,0.17643726,0.24373776,0.8599504329591307,1.0,False
Mms19,0.17634904,-0.08564186,0.8600197374504063,1.0,False
snoRNA:Or-ACA9,0.17632104,2.2038648,0.8600417258476758,1.0,False
betaggt-I,0.17595576,-0.0319327,0.8603286982921143,1.0,False
Dtg,0.17530206,0.24022676,0.8608422885945426,1.0,False
bocks,0.17524396,-0.079302035,0.8608879439174197,1.0,False
Trhn,0.17495272,0.14284892,0.8611167843057315,1.0,False
Mulk,0.17437024,0.031343043,0.8615745000448349,1.0,False
Aralar,0.17432879,-0.13921745,0.8616070764789515,1.0,False
CG32237,0.17423914,0.9728188,0.8616775203422001,1.0,False
nopo,0.1742388,0.16617621,0.8616777987786256,1.0,False
CG31659,0.17413215,0.77662766,0.8617616089237876,1.0,False
squ,0.17410876,0.4298038,0.8617799861072226,1.0,False
lin,0.1740673,0.041435033,0.8618125640253709,1.0,False
CG9377,0.17355995,-0.0769517,0.8622113144973217,1.0,False
CG18259,0.17350644,-0.03156722,0.8622533635577087,1.0,False
Tsc1,0.17294593,-0.103217684,0.8626939274891201,1.0,False
RunxB,0.17253175,-0.053355243,0.8630195043905758,1.0,False
wac,0.17247754,-0.06427572,0.86306211797494,1.0,False
CG30156,0.1723252,0.03496365,0.8631818837764432,1.0,False
Pld,0.17218666,0.16651252,0.8632907898278714,1.0,False
mol,0.17217532,0.13834183,0.8632997029701313,1.0,False
CG5001,0.17179833,-0.013750218,0.8635960748507079,1.0,False
sisRNA:CR46364,0.17171825,0.28663817,0.8636590284937937,1.0,False
asRNA:CR45601,0.17161162,20.258648,0.8637428751767066,1.0,False
CG2712,0.17075348,0.015746122,0.8644176042587868,1.0,False
y,0.17055792,1.6697658,0.8645713961680415,1.0,False
lncRNA:CR43716,0.17042398,1.0070878,0.8646767131525559,1.0,False
CG16789,0.17013912,-0.014907628,0.8649007286986296,1.0,False
Lhr,0.16995133,-0.05624812,0.865048406576984,1.0,False
CG12863,0.16991661,0.1049903,0.8650757135690585,1.0,False
MED22,0.16990031,-0.097853534,0.8650885311923278,1.0,False
asRNA:CR45141,0.16970687,0.1121786,0.8652406735176001,1.0,False
CG12857,0.16947232,0.94784707,0.8654251458196653,1.0,False
CG5577,0.16937134,-0.14571373,0.8655045659122116,1.0,False
asRNA:CR45185,0.1690025,0.07444088,0.8657946697860934,1.0,False
CG11594,0.16873962,-0.15362734,0.866001459956999,1.0,False
CG13970,0.16868788,2.2701502,0.8660421502086386,1.0,False
Obp99a,0.1686723,1.6625291,0.8660544130938331,1.0,False
fit,0.16864537,1.6461065,0.8660755945169356,1.0,False
PQBP1,0.16862729,-0.054568026,0.866089808420581,1.0,False
Sec15,0.1685621,-0.031636715,0.8661410903152723,1.0,False
CG13659,0.16841117,-0.120887995,0.8662598212120649,1.0,False
lncRNA:CR44330,0.1682691,0.5700469,0.8663715870908558,1.0,False
CG8012,0.16824783,-0.16014132,0.8663883103948558,1.0,False
Snmp2,0.16807388,0.011410206,0.8665251650127764,1.0,False
CCHa1-R,0.16789919,-0.05917075,0.8666625811093212,1.0,False
GLaz,0.16773339,-0.12141896,0.8667930325727866,1.0,False
imd,0.1677015,-0.11627204,0.8668181198087535,1.0,False
Ugt301D1,0.1674712,0.1660604,0.8669993093836106,1.0,False
Wsck,0.16741416,0.07845035,0.8670441897277488,1.0,False
asRNA:CR43609,0.16725685,0.44327587,0.8671679613443842,1.0,False
Vsx2,0.16722815,-0.23098494,0.867190541652814,1.0,False
nclb,0.16705489,-0.022102691,0.8673268621123722,1.0,False
CG12935,0.16678952,0.0021651634,0.8675356714466294,1.0,False
CysRS,0.16674061,-0.057981703,0.8675741446691598,1.0,False
dwg,0.1667151,-0.08850092,0.867594217779349,1.0,False
Polr1E,0.16660562,-0.046942092,0.8676803658464565,1.0,False
CG2641,0.16655496,0.76172525,0.8677202342541014,1.0,False
CG2961,0.16636576,0.45363528,0.8678691164557768,1.0,False
l(2)efl,0.16599055,0.18128364,0.8681643854657237,1.0,False
Krn,0.16566283,0.007968775,0.8684223078174487,1.0,False
shf,0.16561003,0.7174214,0.8684638555389569,1.0,False
ncd,0.16531205,0.0835323,0.8686983699562916,1.0,False
CG16790,0.16505589,0.066082954,0.8688999890889476,1.0,False
CG30467,0.16492161,-0.029751642,0.8690056821929135,1.0,False
CG5359,0.16487661,0.044695765,0.8690410996670023,1.0,False
PolQ,0.16486102,0.14727505,0.8690533703492374,1.0,False
lncRNA:CR46003,0.1648171,-0.21795881,0.8690879515324732,1.0,False
CG8818,0.16477706,-0.10399318,0.8691194652481717,1.0,False
Wbp2,0.16476572,-0.106885195,0.8691283895240212,1.0,False
Arf4,0.16462576,-0.11250808,0.8692385499266679,1.0,False
lncRNA:CR44589,0.16460627,0.695234,0.8692538889182628,1.0,False
COX5BL,0.16424772,0.32598495,0.8695361351393602,1.0,False
Pkcdelta,0.16388704,1.7636377,0.8698200715276857,1.0,False
lncRNA:CR43423,0.16387287,1.6346811,0.8698312285067127,1.0,False
Tig,0.16374142,0.9003901,0.8699347107215926,1.0,False
Exd2,0.16367906,0.049421813,0.8699838027939504,1.0,False
Stard7,0.16287692,-0.04878511,0.8706153499751229,1.0,False
Nup214,0.16259028,-0.04058254,0.8708410421225763,1.0,False
asRNA:CR45865,0.16249816,0.4145569,0.8709135782979572,1.0,False
MED16,0.16198725,-0.058648136,0.8713158947804343,1.0,False
Irc,0.16179061,-0.086727,0.8714707480759837,1.0,False
betaTub65B,0.16178246,0.15653877,0.8714771655261178,1.0,False
Trissin,0.1616457,-0.010192779,0.8715848683426983,1.0,False
pie,0.1614813,0.40490875,0.8717143380920238,1.0,False
tej,0.16130947,0.3679574,0.8718496711375321,1.0,False
CG9512,0.160795,-0.032555077,0.872254855574044,1.0,False
ptch,0.16066286,-0.12673569,0.8723589476250116,1.0,False
CG14864,0.1604974,-0.07000181,0.8724892751047095,1.0,False
CG31710,0.16022174,-0.043758944,0.8727064022303683,1.0,False
asRNA:CR45145,0.16016293,0.2629995,0.8727527313679695,1.0,False
CG3566,0.16010979,-0.115642555,0.8727945954218794,1.0,False
asun,0.15999322,0.15099545,0.872886418494154,1.0,False
mtsh,0.15987913,0.7802996,0.872976289542286,1.0,False
CG3603,0.15966088,0.46932492,0.8731482213314701,1.0,False
Pus10,0.15952447,0.14952902,0.873255681742676,1.0,False
natalisin,0.15889628,0.7765545,0.8737505880205354,1.0,False
Smyd4-1,0.1588318,0.18162087,0.8738013933817046,1.0,False
lncRNA:CR45805,0.15861921,0.20842633,0.8739688872676414,1.0,False
Cdc2rk,0.15748508,-0.0481923,0.8748625624116209,1.0,False
lncRNA:CR45180,0.1572445,0.028831039,0.87505215042637,1.0,False
CG18249,0.15713255,1.0042818,0.875140385291844,1.0,False
nero,0.15671447,-0.09478077,0.8754698836283719,1.0,False
asRNA:CR44843,0.15669958,-0.023214139,0.8754816119334884,1.0,False
Vha68-1,0.15629072,0.032974318,0.8758038717690029,1.0,False
Gpa2,0.15619434,1.2723356,0.8758798320275978,1.0,False
CG11125,0.15617166,1.1029979,0.875897705195816,1.0,False
lncRNA:CR44023,0.1558854,-0.081439294,0.876123359385367,1.0,False
scat,0.15584713,-0.15851197,0.876153521847348,1.0,False
Mal-B2,0.15574934,0.37391046,0.8762306045117378,1.0,False
CSN7,0.15537024,-0.12366098,0.8765294505704841,1.0,False
CG8152,0.15516898,-0.061063346,0.8766880975025797,1.0,False
ImpE1,0.15492381,0.044215847,0.8768813853179898,1.0,False
CG3663,0.1547339,0.36610836,0.8770311046260961,1.0,False
GAPsec,0.15461238,-0.11201945,0.8771269161190675,1.0,False
Dic61B,0.15429562,0.20435631,0.8773766489927858,1.0,False
Rtel1,0.15416524,0.040381152,0.8774794508597199,1.0,False
Pex1,0.15364547,0.121135384,0.8778892820840996,1.0,False
Klp31E,0.15363449,-0.10974824,0.8778979428111309,1.0,False
asRNA:CR45164,0.15337974,0.19597657,0.8780988199008267,1.0,False
frm,0.15325573,0.971934,0.878196607138898,1.0,False
BomS4,0.15324086,0.8306259,0.8782083417323829,1.0,False
fon,0.15322526,0.7466776,0.8782206351447345,1.0,False
Elp4,0.15313599,-0.14203785,0.878291043435639,1.0,False
lncRNA:CR44766,0.15305626,0.54264796,0.8783539087945972,1.0,False
CG7720,0.15304492,0.49853128,0.8783628497079619,1.0,False
atilla,0.1526272,-0.042420216,0.8786922772911635,1.0,False
CG9451,0.15218467,0.5653021,0.8790412866741316,1.0,False
CG8089,0.15213966,0.5097131,0.8790767757352858,1.0,False
mthl15,0.1518913,0.3747402,0.8792726685448069,1.0,False
BEAF-32,0.151734,-0.10705643,0.8793967471292777,1.0,False
CG6484,0.15151538,1.6034156,0.8795691765656156,1.0,False
udt,0.15137969,-0.10401911,0.8796762142432191,1.0,False
asRNA:CR45175,0.15132548,0.74648905,0.8797189740346507,1.0,False
CG32755,0.1511926,-0.05412981,0.879823778928217,1.0,False
OstDelta,0.15106258,-0.054445527,0.8799263500225327,1.0,False
CycD,0.15071784,0.20936434,0.8801982989381569,1.0,False
CG5339,0.15069623,-0.0644716,0.8802153486217843,1.0,False
Jheh1,0.15064768,0.098505355,0.8802536407365874,1.0,False
asRNA:CR45549,0.1505042,1.4045144,0.8803668416911381,1.0,False
lncRNA:CR44565,0.15039825,0.82015646,0.8804504163103648,1.0,False
CG7131,0.15021083,0.13577604,0.8805982823596513,1.0,False
CG17167,0.15002623,0.061224118,0.8807439163185014,1.0,False
CG1137,0.15000959,0.08206297,0.8807570543212548,1.0,False
CG10516,0.14967193,0.006155807,0.8810234553663783,1.0,False
CG43925,0.14952843,1.2315927,0.8811366729003891,1.0,False
CG32695,0.14949371,1.0239741,0.8811640691132424,1.0,False
Pez,0.14927192,0.5779893,0.8813390727657473,1.0,False
ArfGAP3,0.14922373,-0.09882979,0.8813770934950085,1.0,False
Cep290,0.14915216,0.44557145,0.8814335659650916,1.0,False
CG2765,0.14882053,-0.14177293,0.8816952482448037,1.0,False
CG14174,0.14877306,0.27775598,0.8817327123637128,1.0,False
CG9967,0.14869228,0.17189866,0.8817964578905837,1.0,False
CG4860,0.14860228,1.2814835,0.8818674735458288,1.0,False
Ercc1,0.14854772,0.025809985,0.8819105307441862,1.0,False
gcm2,0.14851193,0.99176747,0.8819387697456009,1.0,False
CG12817,0.14844285,-0.08311609,0.881993291014471,1.0,False
Gtf3c3,0.1483819,-0.022744257,0.882041382033711,1.0,False
Cyp12c1,0.14832522,0.3458522,0.8820861182559794,1.0,False
kek4,0.14831635,-0.11277048,0.8820931083246918,1.0,False
CG3225,0.14821786,0.1745887,0.8821708385074756,1.0,False
lncRNA:CR45243,0.14762086,1.0276809,0.8826419971459399,1.0,False
Fatp3,0.14745645,0.49124292,0.8827717478324278,1.0,False
CG6847,0.14736292,0.5725047,0.8828455729030247,1.0,False
CG7110,0.14676343,0.028473837,0.8833187486254563,1.0,False
asRNA:CR45822,0.14668725,-0.0978887,0.8833788773668532,1.0,False
CG9449,0.14667627,1.136441,0.8833875471477871,1.0,False
beta3GalTII,0.1465923,-0.069087185,0.8834538294828747,1.0,False
Pgant3,0.14644384,-0.09948818,0.8835710141725835,1.0,False
MFS12,0.14636803,0.4814238,0.8836308660472596,1.0,False
Nemp,0.14631063,-0.08720844,0.8836761749175078,1.0,False
IntS8,0.14590956,-0.05124429,0.8839927882511309,1.0,False
HGTX,0.14581424,0.21888755,0.8840680285984887,1.0,False
CG30385,0.14580326,2.0500917,0.8840766994863949,1.0,False
CG6362,0.14564383,0.9370128,0.8842025687773265,1.0,False
lncRNA:CR13130,0.14537704,0.041959338,0.8844131965934386,1.0,False
Cds,0.14512229,-0.10239362,0.8846143216149145,1.0,False
Rnmt,0.14499545,-0.04202546,0.884714467306071,1.0,False
DNaseII,0.14476444,-0.0130840745,0.8848968602787408,1.0,False
Rift,0.14448453,-0.08467484,0.8851178660708909,1.0,False
CCHa1,0.14427337,0.07508637,0.8852846054706419,1.0,False
Nep6,0.14387088,1.714912,0.8856024315436913,1.0,False
lncRNA:CR46083,0.14358956,0.43700618,0.8858245849936152,1.0,False
CG6674,0.14331639,-0.0333468,0.8860403118559846,1.0,False
roq,0.143169,-0.13112947,0.8861567127380966,1.0,False
aft,0.14310628,-0.004969237,0.8862062398199918,1.0,False
ppk28,0.14303365,0.2366199,0.8862636022500057,1.0,False
ath,0.14302267,-0.0010174777,0.8862722766205703,1.0,False
Nup37,0.14289016,0.047174145,0.8863769297777414,1.0,False
CG6023,0.14242248,0.023697833,0.8867463096885664,1.0,False
ana3,0.14241433,0.3752198,0.8867527460720035,1.0,False
loj,0.14234772,-0.075845346,0.8868053567905589,1.0,False
Ada2a,0.14231725,-0.11211251,0.8868294235621594,1.0,False
Usp39,0.14228395,-0.1578166,0.8868557292225892,1.0,False
Dph3,0.14214045,-0.042675186,0.8869690688655864,1.0,False
hdm,0.14171244,0.4983384,0.8873071425596976,1.0,False
cutlet,0.1416554,0.58548117,0.8873522019446958,1.0,False
CG9084,0.14161608,0.5173594,0.8873832679439253,1.0,False
CG7049,0.141384,-0.042420894,0.8875665888480538,1.0,False
Regnase-1,0.14118418,0.019783765,0.8877244455610148,1.0,False
CG5116,0.14102049,0.12266682,0.8878537570380679,1.0,False
Chi,0.14055882,-0.1212985,0.8882184762567036,1.0,False
Antp,0.14007945,0.20049153,0.8885972158868549,1.0,False
elg1,0.13999477,1.1042125,0.8886641208026547,1.0,False
rempA,0.13952461,0.18648401,0.8890356114649662,1.0,False
GstE1,0.13948989,-0.14102232,0.8890630473116519,1.0,False
CG7246,0.13911219,-0.05934945,0.8893614907109632,1.0,False
shams,0.1390346,-0.0008989288,0.8894228051347312,1.0,False
Balat,0.13891768,-0.020900888,0.8895151979814081,1.0,False
lncRNA:CR44129,0.13891697,0.68914384,0.8895157579426309,1.0,False
CG17834,0.1388493,0.57849175,0.8895692344933704,1.0,False
Phf5a,0.13855736,-0.087913625,0.8897999453696827,1.0,False
CG43673,0.13823529,4.5929923,0.8900544661306181,1.0,False
lok,0.13804112,0.9246655,0.8902079120659154,1.0,False
CG14961,0.13803333,0.9071833,0.8902140723901004,1.0,False
chas,0.13800924,0.043235358,0.8902331134340301,1.0,False
asRNA:CR45943,0.1378746,0.6564977,0.8903395204329186,1.0,False
Polr3C,0.13780268,0.017600873,0.890396364981365,1.0,False
CG14257,0.13778213,0.41180804,0.8904126063844168,1.0,False
CG8586,0.13732614,0.06727628,0.8907730093368847,1.0,False
Cyp317a1,0.13691692,0.48037708,0.8910964671016544,1.0,False
Prat,0.13688928,0.3605857,0.8911183116565448,1.0,False
CG14495,0.1368124,0.43290076,0.8911790847631917,1.0,False
asRNA:CR43889,0.13681097,0.39451435,0.8911802050107904,1.0,False
asRNA:CR44340,0.13633692,0.19448955,0.8915549400067585,1.0,False
Ate1,0.1363022,-0.091896705,0.891582387917586,1.0,False
CG14565,0.13626394,1.8768126,0.8916126367861016,1.0,False
Icmt,0.13617854,0.06017166,0.8916801371446327,1.0,False
CG44158,0.136113,0.15377524,0.8917319533050889,1.0,False
CG14563,0.13608181,0.6845464,0.8917566011544897,1.0,False
lncRNA:CR43838,0.13606587,0.06500616,0.8917692052088013,1.0,False
CG42711,0.13604923,0.615927,0.8917823694724978,1.0,False
NtR,0.13598828,0.5853744,0.8918305453300674,1.0,False
CG32536,0.13595569,0.6016213,0.8918563139759214,1.0,False
Rassf,0.13579376,-0.099766605,0.8919843186152752,1.0,False
Spt,0.13558154,0.052752193,0.8921521013867407,1.0,False
lncRNA:CR44218,0.13555178,0.23713437,0.8921756305755767,1.0,False
CG34437,0.13530765,1.8358523,0.8923686295265125,1.0,False
CG31752,0.13528214,1.3486475,0.8923887981449234,1.0,False
CG30039,0.13522936,1.1046299,0.8924305362012922,1.0,False
CG8149,0.13519959,-0.09330894,0.8924540665120705,1.0,False
Tti1,0.13519038,0.18355589,0.8924613497226912,1.0,False
Traf6,0.1351004,-0.09243168,0.8925325015650217,1.0,False
lncRNA:CR46254,0.13500296,0.6110211,0.8926095370152913,1.0,False
ste24b,0.1349654,0.5048875,0.8926392309503705,1.0,False
asRNA:CR44806,0.13492714,0.08877577,0.8926694853031754,1.0,False
CG1827,0.13483891,-0.040628847,0.8927392389895167,1.0,False
egr,0.13476947,-0.09046893,0.8927941460893463,1.0,False
Ugt35A1,0.13476628,0.24132478,0.8927966673460681,1.0,False
CG8490,0.13414554,-0.09596751,0.8932874925916432,1.0,False
Pgant4,0.13413598,0.7007198,0.8932950569996064,1.0,False
Dmel_CG43885,0.13407716,0.029128319,0.8933415643136816,1.0,False
CG4950,0.1340357,0.44321373,0.8933743437855162,1.0,False
asRNA:CR44429,0.13353968,0.070616245,0.8937665908947633,1.0,False
ima,0.13353649,-0.10460154,0.8937691125674783,1.0,False
GstE3,0.13340788,-0.16223064,0.893870820928418,1.0,False
CG18094,0.13321371,0.6908697,0.8940243674342688,1.0,False
Mccc2,0.13288562,0.2730216,0.8942838364283536,1.0,False
CG34213,0.13272406,-0.046071082,0.8944116136554516,1.0,False
CG4259,0.13246576,1.7313142,0.8946158947811572,1.0,False
CG6763,0.13236693,0.14876673,0.8946940782966545,1.0,False
lab,0.1322468,0.6994648,0.8947890768479964,1.0,False
CG15399,0.13208985,0.5465812,0.8949132217718667,1.0,False
Hey,0.13193007,0.41326833,0.8950396112345077,1.0,False
dpa,0.1318514,0.07445557,0.8951018260951232,1.0,False
mt:tRNA:Ala-TGC,0.13144183,1.2601938,0.8954258021847258,1.0,False
Agxt,0.1313529,0.8514663,0.8954961487806308,1.0,False
BomT2,0.13125618,0.53273845,0.8955726621465493,1.0,False
lncRNA:CR45938,0.13120693,0.5657171,0.8956116198746156,1.0,False
RYa,0.13049017,1.2507998,0.8961786374126928,1.0,False
CG43351,0.13046819,1.1092365,0.8961960159518987,1.0,False
CG18367,0.13042639,1.0099308,0.8962290913737907,1.0,False
snRNP-U1-C,0.1301798,-0.06666389,0.8964241839702344,1.0,False
scaRNA:MeU5-C46,0.13010573,0.15678439,0.8964827690335049,1.0,False
T3dh,0.13009688,0.2806809,0.8964897768539947,1.0,False
CG31473,0.12991902,0.15143682,0.8966304955978244,1.0,False
spn-F,0.12960546,-0.08159451,0.8968785833716975,1.0,False
asRNA:CR45501,0.12946515,0.97664726,0.8969895954047705,1.0,False
CG4935,0.12942973,-0.04257164,0.8970176290654457,1.0,False
CG14855,0.12917852,0.08487878,0.8972163914044894,1.0,False
CG5618,0.12901661,-0.062609784,0.8973445110282975,1.0,False
CG17036,0.12892307,0.2565729,0.8974185244597302,1.0,False
CG13053,0.12862368,1.8223678,0.8976554295083051,1.0,False
CG13287,0.12845431,0.8272954,0.8977894461096819,1.0,False
CG3770,0.12843023,0.67755467,0.8978085114698613,1.0,False
PolE1,0.12809789,0.25246358,0.898071507305823,1.0,False
CG6729,0.12763056,-0.1284738,0.898441346611723,1.0,False
ldbr,0.12746261,0.08926816,0.898574258623464,1.0,False
CG3246,0.12710477,0.19563878,0.8988574772480058,1.0,False
ham,0.12706685,-0.24733666,0.8988874823526323,1.0,False
CG5114,0.12686206,-0.02040608,0.8990495685001064,1.0,False
Bckdha,0.12678377,-0.054253038,0.8991115437285473,1.0,False
CG32187,0.12672496,-0.009226747,0.8991580956622538,1.0,False
PIG-X,0.1265928,-0.018930826,0.8992626985619104,1.0,False
lncRNA:CR43256,0.12592883,-0.092849374,0.8997882634373418,1.0,False
lncRNA:CR45593,0.12578002,1.5785685,0.8999060588267654,1.0,False
Pms2,0.12573998,-0.04832928,0.8999377517723307,1.0,False
CG7236,0.12555893,0.5319589,0.9000810731901102,1.0,False
grass,0.12538071,0.13189183,0.900222154010356,1.0,False
CG42514,0.124959804,0.07572351,0.9005553752940341,1.0,False
Cdc16,0.12452259,-0.017360356,0.9009015176427303,1.0,False
Pzl,0.12447724,0.14500773,0.9009374232774378,1.0,False
CG6583,0.12428166,-0.11126178,0.9010922686480761,1.0,False
CG13295,0.124274574,-0.08701472,0.9010978790582826,1.0,False
CG4730,0.124096006,-0.09550977,0.9012392630257615,1.0,False
CG14185,0.12379768,1.1007795,0.9014754710062022,1.0,False
CG8191,0.123775,0.9710269,0.901493425413979,1.0,False
CG6813,0.12377217,-0.013013466,0.9014956697184946,1.0,False
Rtnl1,0.12360494,0.14520393,0.9016280850779285,1.0,False
Eogt,0.123520255,-0.010342762,0.9016951354248064,1.0,False
CG11983,0.12304903,0.000864562,0.902068273583448,1.0,False
CG4880,0.122921124,0.11389748,0.9021695576776434,1.0,False
CG4945,0.122831486,0.8446429,0.9022405416623611,1.0,False
Klp54D,0.12270996,0.14055055,0.9023367781149078,1.0,False
CG8736,0.122688346,0.4672285,0.902353893202883,1.0,False
CG1172,0.12243998,-0.1296614,0.9025505796824408,1.0,False
Nup75,0.12219338,0.034834433,0.9027458691802721,1.0,False
Mettl3,0.12212145,-0.05668152,0.9028028297261402,1.0,False
lncRNA:CR43856,0.12205945,0.022542598,0.9028519340465626,1.0,False
CG18336,0.12199603,0.1006137,0.9029021611359176,1.0,False
MtnE,0.12156519,0.2509059,0.9032433789024361,1.0,False
CG15784,0.121541105,0.33979174,0.9032624606873403,1.0,False
tobi,0.12153968,0.28076223,0.903263583147016,1.0,False
CG11275,0.121028066,0.075717635,0.9036688037057347,1.0,False
CG11668,0.1209898,-0.18511365,0.9036991120703648,1.0,False
trk,0.12072832,0.447124,0.9039062229818597,1.0,False
CG6454,0.120617785,-0.12996861,0.903993784033525,1.0,False
asRNA:CR43460,0.12001156,1.20264,0.904473987324697,1.0,False
Polr2D,0.11991449,0.86504275,0.90455089045881,1.0,False
Ag5r,0.1197926,-0.019498775,0.9046474416464679,1.0,False
CG14877,0.11974513,0.3506793,0.9046850520837199,1.0,False
Hil,0.11972741,0.39719132,0.9046990858837447,1.0,False
mus304,0.11952262,0.010751161,0.9048613187718249,1.0,False
Cyp6d5,0.11906769,-0.005727566,0.9052217257534432,1.0,False
Sik3,0.11900179,-0.13775553,0.9052739358620449,1.0,False
CG1213,0.118837394,-0.07016207,0.9054041822183019,1.0,False
Polr2M,0.11872614,-0.07848126,0.9054923245153231,1.0,False
Abi,0.11817378,-0.12684025,0.9059299654318627,1.0,False
mthl2,0.118152164,1.7744194,0.9059470898723103,1.0,False
Ance-4,0.118133746,1.2522527,0.905961687790498,1.0,False
aos,0.11812489,-0.25642774,0.9059687060317057,1.0,False
CG15196,0.11786872,0.4412674,0.9061716767422519,1.0,False
lncRNA:CR45530,0.11777093,0.39429566,0.9062491609541675,1.0,False
EndoU,0.1174354,0.17965887,0.9065150284170507,1.0,False
CG4610,0.11730679,-0.040029816,0.9066169423777822,1.0,False
CG12814,0.11704,-0.15777357,0.906828355577582,1.0,False
lds,0.116760805,0.054133065,0.9070496024888478,1.0,False
by,0.1165872,-0.12288965,0.9071871835208832,1.0,False
CG11626,0.11623927,1.6762218,0.9074629155187952,1.0,False
Fmo-2,0.116175495,1.134008,0.9075134582358974,1.0,False
Alp6,0.116049364,0.703535,0.9076134216011363,1.0,False
Pp1-13C,0.116026685,0.061319593,0.9076313926984196,1.0,False
Tep3,0.11592217,0.43243736,0.9077142288360669,1.0,False
Tre1,0.11591189,0.038705833,0.9077223721037952,1.0,False
CG10359,0.11586477,0.4467443,0.9077597189386334,1.0,False
out,0.11584741,0.059558604,0.9077734783502421,1.0,False
CG12375,0.11559798,-0.088937216,0.9079711676434533,1.0,False
Idgf2,0.1153078,0.1291385,0.9082011571041458,1.0,False
neb,0.11522808,1.2122054,0.9082643423702046,1.0,False
CG32262,0.11519371,-0.07749707,0.9082915824195322,1.0,False
CG17048,0.114919834,0.4130437,0.9085086641897765,1.0,False
ppk29,0.1146417,0.20132923,0.9087291229152133,1.0,False
CG6983,0.11426933,-0.12761572,0.9090242958551333,1.0,False
CG12493,0.11412938,0.50905704,0.9091352347005157,1.0,False
TTLL6B,0.11411273,0.5709053,0.9091484351368346,1.0,False
ZnT41F,0.114026986,0.42993307,0.9092164037378689,1.0,False
lncRNA:CR45922,0.11394939,0.39289734,0.9092779130859896,1.0,False
Tace,0.11391998,-0.105585314,0.9093012249901988,1.0,False
Cog7,0.11349198,-0.11392087,0.9096405203292675,1.0,False
CG34291,0.11344167,3.9238799,0.9096804054677841,1.0,False
CG3397,0.113425374,2.5888178,0.909693326054434,1.0,False
hmw,0.113353804,1.4123077,0.9097500645654605,1.0,False
CG44006,0.113153264,0.6036336,0.9099090472007347,1.0,False
Gart,0.11314937,-0.020753967,0.9099121370050226,1.0,False
PCNA,0.11308382,0.37390968,0.9099641020994396,1.0,False
CG10958,0.11303882,-0.09986887,0.9099997756575104,1.0,False
Cyp6a2,0.113029964,0.26590234,0.9100067980328386,1.0,False
Shark,0.11290454,0.35934043,0.9101062356218486,1.0,False
CG10799,0.11269373,-0.17190886,0.9102733725942361,1.0,False
asRNA:CR44996,0.112375915,1.0275757,0.9105253496169441,1.0,False
lncRNA:CR44657,0.11231037,0.7752993,0.9105773192424419,1.0,False
CG6908,0.112232424,0.44306538,0.9106391214572275,1.0,False
CG3430,0.11222427,0.049618743,0.910645582629087,1.0,False
Cyp6t1,0.11219061,0.40039143,0.9106722701406746,1.0,False
TAF1B,0.11205314,-0.08917416,0.9107812686024346,1.0,False
CG14273,0.1119837,0.36152864,0.9108363303194956,1.0,False
Polr1H,0.11197484,-0.0110115055,0.9108433535284891,1.0,False
Tsen34,0.111236826,0.03563698,0.9114285517188497,1.0,False
Bem46,0.1107741,-0.07065337,0.9117954839899816,1.0,False
Acat1,0.11075922,0.02491012,0.911807284574678,1.0,False
Jheh3,0.11068553,-0.021090837,0.9118657258521776,1.0,False
CG11110,0.11047825,-0.079913214,0.9120300944999274,1.0,False
RpS5b,0.11046196,0.43516475,0.9120430193738178,1.0,False
mrt,0.11045239,-0.1606685,0.9120506057236778,1.0,False
CG17490,0.11040987,0.72887427,0.9120843229311394,1.0,False
asRNA:CR33945,0.11034149,0.72955745,0.9121385517717744,1.0,False
AlaRS,0.1103259,-0.07813553,0.9121509148808091,1.0,False
CG5707,0.1103213,0.21137159,0.9121545676216388,1.0,False
mdu,0.109958135,0.3115768,0.912442578023383,1.0,False
CG14968,0.10987948,0.14458776,0.9125049583781691,1.0,False
hebe,0.10969524,0.13378628,0.9126510766342675,1.0,False
lncRNA:CR44217,0.109570526,1.6491464,0.9127499891301833,1.0,False
Oadh,0.10941534,0.42571992,0.912873069634448,1.0,False
CG6067,0.109410025,0.5967528,0.9128772847572385,1.0,False
CG2211,0.10911099,-0.043568972,0.9131144596115165,1.0,False
hpRNA:LINR-3,0.1087705,-0.19171117,0.9133845223914625,1.0,False
lncRNA:CR44499,0.108613186,1.3614584,0.9135092998341462,1.0,False
sisRNA:CR46357,0.10861248,1.6301633,0.9135098618995244,1.0,False
CG31806,0.108587675,0.13804527,0.9135295342150165,1.0,False
asRNA:CR45152,0.108506545,0.7422929,0.9135938911600836,1.0,False
Josd,0.108434975,-0.032185182,0.9136506606387311,1.0,False
CG1092,0.10836659,0.46629894,0.9137049011957397,1.0,False
Oseg6,0.108352065,0.47147566,0.9137164238528852,1.0,False
GNBP3,0.108309194,0.2531724,0.91375042984922,1.0,False
asRNA:CR44018,0.10788048,-0.107497096,0.914090498486945,1.0,False
snoRNA:Tudor-SN-a,0.107830174,-0.102243535,0.9141304084007998,1.0,False
AttB,0.107672155,1.5541357,0.914255760664502,1.0,False
hec,0.10765373,-0.07743997,0.9142703758655276,1.0,False
amx,0.10731041,-0.043063715,0.9145427298132254,1.0,False
wfs1,0.10727604,-0.12349429,0.9145699938677279,1.0,False
CysRS-m,0.10726683,0.018035777,0.9145773017757092,1.0,False
CG15435,0.10719384,-0.0013703894,0.9146352031480056,1.0,False
E(spl)m3-HLH,0.10719065,0.28832722,0.9146377328299412,1.0,False
fs(1)M3,0.1067467,2.734121,0.9149899291990257,1.0,False
Grl58a,0.10674387,2.1256845,0.9149921779127,1.0,False
Idgf1,0.106608175,0.75918055,0.9150998358755286,1.0,False
lncRNA:CR44317,0.1065118,-0.1259009,0.9151762936514426,1.0,False
tomb,0.106482394,0.2844342,0.9151996246732008,1.0,False
Iris,0.106482394,0.4902874,0.9151996246732008,1.0,False
CG13337,0.10637787,-0.07194421,0.9152825487754161,1.0,False
CG34195,0.10633252,0.36736608,0.9153185296896917,1.0,False
CG15861,0.106258474,0.3121878,0.9153772801492022,1.0,False
TBC1D5,0.106155016,-0.11565996,0.9154593629049438,1.0,False
CG7203,0.10582764,-0.02030793,0.915719110163497,1.0,False
Fer3,0.10576174,0.20605496,0.9157713980382987,1.0,False
CG32548,0.105550565,0.4452726,0.9159389465854572,1.0,False
CG31759,0.105513014,0.02595793,0.9159687458795089,1.0,False
Septin5,0.10542727,0.5063554,0.9160367786725506,1.0,False
CG11777,0.10525366,-0.1391966,0.9161745329048542,1.0,False
lncRNA:CR44943,0.10506092,0.15586483,0.9163274711642568,1.0,False
CG2533,0.10484621,2.564309,0.9164978435333421,1.0,False
CG9008,0.10479236,-0.10269275,0.9165405777988312,1.0,False
vnd,0.10477499,1.3513559,0.9165543540279326,1.0,False
Acox57D-p,0.10475373,1.0858872,0.9165712229140216,1.0,False
CG15353,0.104365766,0.31099838,0.9168790866760982,1.0,False
Gen,0.10432432,0.27226448,0.9169119824461543,1.0,False
asRNA:CR44431,0.10390588,3.2944217,0.9172440408674438,1.0,False
Mec2,0.10381305,1.2525115,0.9173177086232948,1.0,False
Obp83cd,0.10378258,0.8597234,0.9173418897971808,1.0,False
His2B:CG17949,0.10371952,0.8219535,0.917391939446498,1.0,False
Acp53C14b,0.10371314,0.7187884,0.9173970006652212,1.0,False
CG7183,0.10348071,-0.081517324,0.9175814562523311,1.0,False
CG17977,0.10341765,-0.07318184,0.9176315074669068,1.0,False
CG30356,0.10338115,0.26074773,0.9176604698356914,1.0,False
Uhg8,0.10315192,0.24363633,0.9178424009991333,1.0,False
Spn43Ad,0.1028752,1.3243517,0.9180620176079322,1.0,False
lncRNA:CR45181,0.10266404,0.563786,0.918229616563563,1.0,False
CG31897,0.10261727,0.012309859,0.9182667362870819,1.0,False
DCAF12,0.102610536,-0.047628652,0.918272079292257,1.0,False
Pex12,0.10257688,-0.07352525,0.9182987943734882,1.0,False
Vkor,0.10233949,0.24336952,0.9184872086164924,1.0,False
CG31337,0.10191822,1.1239587,0.9188215848566281,1.0,False
CG16713,0.10191256,0.9716419,0.9188260845508237,1.0,False
CG5112,0.10181087,-0.08319219,0.9189067982568525,1.0,False
Sgp,0.10178855,0.57786965,0.9189245160115136,1.0,False
Arg,0.10178111,0.16888899,0.9189304219386801,1.0,False
Cyp301a1,0.101633005,-0.022614846,0.9190479789428514,1.0,False
RPA2,0.10158341,0.11126947,0.9190873524978376,1.0,False
lncRNA:CR43859,0.101569586,0.34455895,0.9190983208806339,1.0,False
Tap42,0.10147038,-0.06699766,0.9191770686961755,1.0,False
CG11085,0.10143637,-0.16694534,0.9192040681297431,1.0,False
Theg,0.100760706,0.51134807,0.919740419891981,1.0,False
CG13192,0.100677796,-0.03821873,0.9198062358952891,1.0,False
CG5096,0.10052119,0.21170944,0.9199305565111726,1.0,False
pug,0.10036672,-0.1381742,0.9200531914342932,1.0,False
Rrp46,0.10026822,-0.037723053,0.9201313862542898,1.0,False
CG13016,0.100216135,-0.027230915,0.9201727341871261,1.0,False
Dhod,0.10021224,-0.09978297,0.9201758282588078,1.0,False
CG34423,0.09990577,0.5282994,0.9204191385847161,1.0,False
lncRNA:CR44441,0.09988451,0.050844375,0.9204360158781038,1.0,False
ZnT86D,0.099372536,0.01267677,0.9208424881673507,1.0,False
Drice,0.09933817,-0.113825805,0.9208697745923147,1.0,False
ArfGAP1,0.099203885,-0.11169076,0.9209763894547943,1.0,False
Cyp6d4,0.09909972,1.8284898,0.9210590943105681,1.0,False
Srg3,0.099088386,1.4596467,0.9210680962511676,1.0,False
CG34057,0.09872912,-0.014354003,0.9213533504753839,1.0,False
Clamp,0.09862601,-0.14092281,0.9214352152441752,1.0,False
lncRNA:CR45364,0.09815621,2.0409222,0.9218082590465946,1.0,False
CG31195,0.098125026,-0.08120483,0.9218330167109833,1.0,False
CG7560,0.098064795,0.94915193,0.9218808442316663,1.0,False
DIP-iota,0.09800527,0.9151332,0.921928109353171,1.0,False
CG30008,0.09794574,0.48689154,0.9219753747504027,1.0,False
Dnaaf3,0.09781359,0.41441274,0.9220803161707707,1.0,False
Cht9,0.097219065,3.0065262,0.9225524286423258,1.0,False
CG13599,0.097107455,0.76925766,0.9226410582857566,1.0,False
lncRNA:CR44855,0.09698239,0.4895506,0.9227403809004971,1.0,False
r-cup,0.096900545,0.33460507,0.9228053773714464,1.0,False
LanB2,0.09687716,0.39665756,0.9228239478864156,1.0,False
CG14270,0.096771225,-0.11727557,0.9229080784735115,1.0,False
CG9522,0.09671028,-0.2083272,0.9229564750549186,1.0,False
stw,0.09654269,0.21268317,0.9230895671239707,1.0,False
PGRP-LB,0.0964605,-0.08071741,0.9231548477422272,1.0,False
dgt5,0.096275546,3.483257,0.9233017310251468,1.0,False
Art2,0.09622595,1.7202476,0.9233411254540693,1.0,False
lncRNA:CR45939,0.095888644,0.2341785,0.923609012552458,1.0,False
Hsp70Ba,0.095533274,0.09727198,0.9238912601179611,1.0,False
resilin,0.09526436,1.8073078,0.9241048516358783,1.0,False
CG4702,0.09520271,0.8112973,0.9241538180518617,1.0,False
CG13689,0.09510598,-0.09665393,0.9242306452491583,1.0,False
asRNA:CR45384,0.095099606,0.47781846,0.9242357108034939,1.0,False
Glos,0.09507126,-0.07092566,0.9242582244154862,1.0,False
lncRNA:CR44901,0.09498552,-0.06276545,0.9243263284610279,1.0,False
CG15475,0.094821475,0.2927643,0.9244566282422344,1.0,False
PH4alphaNE1,0.09461633,0.023409138,0.9246195761767055,1.0,False
CG43402,0.09438639,19.39162,0.9248022279660733,1.0,False
CG5493,0.09426025,0.816159,0.924902420770566,1.0,False
CG13377,0.09419719,0.7995571,0.9249525176196228,1.0,False
lncRNA:CR45444,0.0938769,0.2549468,0.9252069466561916,1.0,False
asRNA:CR45896,0.09383438,0.05542652,0.9252407209978359,1.0,False
GstZ1,0.093823045,0.22757544,0.9252497275117004,1.0,False
cnk,0.09373411,-0.14385706,0.9253203726870296,1.0,False
CG10031,0.093453504,0.08482357,0.9255432888114996,1.0,False
CG15145,0.09337024,1.7442473,0.9256094329788833,1.0,False
Cyp12a5,0.09336315,1.7287167,0.9256150622934748,1.0,False
ND-B8,0.093353234,1.2896428,0.9256229433401596,1.0,False
CG32640,0.09334686,1.2878093,0.9256280097311683,1.0,False
asRNA:ASTR,0.09328131,0.94976944,0.9256800811468552,1.0,False
CG32191,0.093235955,0.60958236,0.9257161091235303,1.0,False
fra,0.09320336,-0.15273069,0.9257420043258663,1.0,False
tn,0.093169704,0.6154294,0.9257687440195351,1.0,False
DhpD,0.093146674,-0.14136988,0.9257870396477316,1.0,False
CG12278,0.0931162,0.47592914,0.9258112462315049,1.0,False
GstS1,0.09310805,-0.12110842,0.925817720096946,1.0,False
CheB42c,0.09293976,-0.008332366,0.9259514205895333,1.0,False
CG4459,0.092684306,0.23648892,0.9261543678586164,1.0,False
CG42703,0.09242778,2.0344796,0.9263581644036643,1.0,False
COX7AL2,0.092403695,1.3436432,0.926377305764063,1.0,False
CG31955,0.09213088,0.2347098,0.926594056492162,1.0,False
Ntl,0.09207065,0.28479972,0.9266419112837602,1.0,False
Cpr67B,0.09203592,0.33682635,0.9266694982842228,1.0,False
CG2260,0.0914584,-0.036913943,0.9271283561942686,1.0,False
CG3288,0.0914584,1.286948,0.9271283561942686,1.0,False
snoRNA:lola-d,0.09145628,1.5758296,0.9271300452866557,1.0,False
CG8159,0.0914538,-0.08007043,0.9271320158948555,1.0,False
CG15322,0.091401,1.1363757,0.9271739618039614,1.0,False
lncRNA:CR31386,0.091311015,0.75021327,0.9272454673772943,1.0,False
lncRNA:CR44050,0.0913096,-0.079201,0.9272465934540164,1.0,False
Noa36,0.09122881,-0.09935752,0.9273107800679828,1.0,False
CG14722,0.090763256,-0.13488606,0.9276807068648836,1.0,False
CG31627,0.09069806,0.21017954,0.9277325091270805,1.0,False
CG14022,0.09051666,1.518201,0.9278766561636146,1.0,False
Dysb,0.09050745,0.1563851,0.927883976193503,1.0,False
asRNA:CR46044,0.09050462,1.2316262,0.9278862285116197,1.0,False
Coprox,0.09046564,-0.085876,0.927917197944307,1.0,False
CG4199,0.09045997,-0.13454594,0.927921702598159,1.0,False
Tbp,0.09040824,-0.09939141,0.927962807671252,1.0,False
shtd,0.09039549,0.030579126,0.9279729431982755,1.0,False
CG32694,0.09038911,0.66296613,0.9279780109661697,1.0,False
CG9760,0.09036005,-0.03392074,0.9280010975013191,1.0,False
Tmem18,0.09030372,-0.11935544,0.9280458630287395,1.0,False
CG9313,0.09025731,0.20641829,0.9280827454897412,1.0,False
CG14984,0.0901496,0.36327994,0.9281683359180819,1.0,False
CG43448,0.089570664,1.6691161,0.9286283986845508,1.0,False
cid,0.08948386,0.92995894,0.9286973820044004,1.0,False
asRNA:CR44390,0.089476064,0.91547877,0.9287035764511845,1.0,False
lncRNA:CR44517,0.088997394,0.06470527,0.9290839800611503,1.0,False
CG44002,0.088959485,-0.07634206,0.9291141089460243,1.0,False
Ance-5,0.08895417,0.08679445,0.9291183326295955,1.0,False
CG6276,0.08863211,-0.105793305,0.9293742915765527,1.0,False
lncRNA:CR45745,0.08848578,0.7894149,0.9294905877710959,1.0,False
dany,0.08841988,0.5022153,0.9295429637889058,1.0,False
Mccc1,0.08827355,0.16124758,0.9296592621666138,1.0,False
CG10344,0.08786574,0.16453315,0.9299833849352589,1.0,False
l(2)dtl,0.08786007,-0.046035625,0.9299878906334746,1.0,False
TyrRII,0.08783704,0.13729638,0.930006195055552,1.0,False
Orc5,0.08777965,-0.04036747,0.9300518154686201,1.0,False
alpha-Man-Ic,0.08768717,2.3886049,0.9301253155064126,1.0,False
CG34221,0.08755856,0.5144481,0.9302275406876584,1.0,False
asRNA:CR45925,0.087441996,0.31274143,0.9303201920530801,1.0,False
PGRP-SC2,0.08741152,0.14628108,0.9303444111067775,1.0,False
Tg,0.08737857,0.38332117,0.9303706015513943,1.0,False
CG15701,0.087204255,0.21812654,0.9305091587059617,1.0,False
BomS2,0.087047294,-0.049787834,0.9306339182712947,1.0,False
AP-2sigma,0.086888924,-0.06310555,0.9307598060615463,1.0,False
Trmt61,0.08675074,0.13766514,0.9308696424615215,1.0,False
CG14285,0.0866774,0.028335059,0.9309279407780519,1.0,False
lncRNA:CR44197,0.0866526,0.85321575,0.9309476552684767,1.0,False
Gba1b,0.08649174,0.2624915,0.9310755188486282,1.0,False
CG1628,0.08647722,-0.057244554,0.9310870660877689,1.0,False
Tpp,0.0864634,0.27190307,0.9310980500604132,1.0,False
Ccz1,0.08641451,-0.14636777,0.9311369165305134,1.0,False
Ar2,0.08637978,-0.10832861,0.931164517456829,1.0,False
CG1638,0.08633018,0.29162455,0.9312039474951603,1.0,False
Rpn13R,0.08630148,0.34694698,0.9312267606658786,1.0,False
Ppat-Dpck,0.08575833,-0.12794423,0.9316585316780344,1.0,False
dpp,0.08571652,-0.16342485,0.9316917673335248,1.0,False
lncRNA:CR46094,0.0857027,0.9397246,0.9317027520255131,1.0,False
CG11723,0.08567153,-0.10096013,0.9317275380449678,1.0,False
stet,0.0856198,-0.040119637,0.9317686604505481,1.0,False
Cap-H2,0.08540792,-0.11434276,0.9319370952168065,1.0,False
Art3,0.08535938,-0.08766504,0.9319756835441635,1.0,False
Cyp28c1,0.085231125,0.14982925,0.9320776476308554,1.0,False
CG42556,0.085208096,0.128357,0.9320959562175485,1.0,False
CG10469,0.084996924,0.13041656,0.9322638335477872,1.0,False
Gas8,0.08477903,1.4135597,0.9324370658308168,1.0,False
CG6749,0.084684074,0.8404302,0.932512556672836,1.0,False
halo,0.084684074,0.8281444,0.932512556672836,1.0,False
CycA,0.08465998,0.5970379,0.9325317111621654,1.0,False
CG6071,0.08465856,0.5302411,0.9325328378980486,1.0,False
mago,0.084651835,-0.083116405,0.9325381898953402,1.0,False
pim,0.08461038,0.33876196,0.9325711469984999,1.0,False
CG6985,0.08432127,0.296358,0.9328010048780345,1.0,False
BBS9,0.08426883,0.17679219,0.9328426953884578,1.0,False
Mtr4,0.0842582,-0.079654865,0.9328511461900573,1.0,False
Naam,0.08419088,-0.0793446,0.9329046681092396,1.0,False
CG2617,0.084167495,-0.011136365,0.9329232600047965,1.0,False
lncRNA:CR44603,0.08380504,-0.057391524,0.933211439058943,1.0,False
Idgf5,0.08371824,0.7063948,0.9332804568486395,1.0,False
AstCC,0.083709024,0.523418,0.9332877812149523,1.0,False
CG33288,0.08366651,0.26465124,0.9333215860557299,1.0,False
PIG-O,0.08359069,-0.08259492,0.9333818716535185,1.0,False
CG5835,0.08357722,-0.1336692,0.9333925766127096,1.0,False
MsR1,0.0834766,-0.1786555,0.933472582478486,1.0,False
lncRNA:CR45279,0.08347306,0.19538318,0.9334753995986886,1.0,False
Gem3,0.08332779,-0.10342215,0.933590902243946,1.0,False
B-H1,0.08330122,0.25397754,0.9336120309279561,1.0,False
CG34208,0.08295577,-0.103127815,0.9338867080707307,1.0,False
CG14086,0.08283495,0.013827906,0.9339827765002608,1.0,False
CG13056,0.08279704,0.91739255,0.9340129213376812,1.0,False
CG12885,0.08278925,0.8564252,0.9340191193533658,1.0,False
CG13526,0.08266985,0.3446194,0.9341140621842025,1.0,False
SmD1,0.08250509,-0.08132805,0.9342450679254213,1.0,False
CG11619,0.08241439,0.2309826,0.9343171922765663,1.0,False
CG5916,0.08239739,-0.1026382,0.9343307156524456,1.0,False
yin,0.08216815,-0.1727793,0.9345130013374904,1.0,False
Cyp4s3,0.08214512,0.14796893,0.9345313146179092,1.0,False
bsh,0.08208453,-0.090216346,0.9345794927979837,1.0,False
CG1620,0.081979305,-0.10563093,0.934663171259055,1.0,False
CG33172,0.08179542,0.0766596,0.9348093989890173,1.0,False
CG8568,0.081741564,0.5413319,0.934852225253331,1.0,False
yki,0.081643775,-0.05581771,0.9349299892151443,1.0,False
CG9752,0.081618264,0.39146215,0.9349502755681887,1.0,False
Tfb4,0.08159027,0.015166478,0.9349725342541536,1.0,False
CG3014,0.08153536,0.25381318,0.935016206507221,1.0,False
CG31370,0.081305765,0.1483309,0.9351987868168645,1.0,False
Naxd,0.081044644,-0.04078648,0.9354064478851499,1.0,False
CG16926,0.08100355,2.1978614,0.935439133067237,1.0,False
yellow-c,0.081001066,-0.042039294,0.9354411054523966,1.0,False
asRNA:CR45538,0.080989376,1.4360774,0.9354504038449144,1.0,False
lncRNA:CR45740,0.080983706,1.3174678,0.9354549121596077,1.0,False
CG15412,0.0809093,0.95157677,0.9355140839817565,1.0,False
eater,0.08085261,0.44762325,0.9355591675139318,1.0,False
kin17,0.08076403,-0.10865448,0.9356296109465824,1.0,False
CG44405,0.08068113,0.3250762,0.9356955464561475,1.0,False
CG42561,0.08031973,0.15840335,0.9359829627971725,1.0,False
CG3919,0.08005649,-0.056907147,0.9361923311311402,1.0,False
CG13724,0.080055065,2.2608836,0.9361934582942868,1.0,False
RecQ5,0.079989165,-0.13520922,0.9362458715217945,1.0,False
CG34112,0.07996756,1.0033194,0.9362630608662595,1.0,False
CG7497,0.079931416,0.522425,0.9362918037709126,1.0,False
Psf2,0.07993071,0.55567473,0.9362923673581085,1.0,False
CG18596,0.07977942,0.020804122,0.9364126939548972,1.0,False
CG43394,0.07971033,0.051325183,0.9364676445233062,1.0,False
His1:CG33801,0.079624586,0.3841817,0.9365358400084837,1.0,False
Orc4,0.07928126,-0.029806152,0.936808908408223,1.0,False
betaNACtes6,0.079108715,2.2005792,0.9369461499274163,1.0,False
Adc,0.079054154,-0.3068881,0.936989549073027,1.0,False
CG7768,0.07887559,0.32405302,0.9371315839486534,1.0,False
CG7900,0.07884299,0.4099863,0.937157511165812,1.0,False
lncRNA:CR44598,0.07870197,0.19252218,0.9372696753290742,1.0,False
CG34305,0.078170866,4.3333845,0.9376921339229194,1.0,False
CG11458,0.078164496,2.3245249,0.9376972069147779,1.0,False
GstO3,0.078156695,-0.109941676,0.9377034072415946,1.0,False
CG1971,0.078079104,0.008059887,0.9377651288826175,1.0,False
CG4783,0.07807769,1.2485987,0.937766256222005,1.0,False
Zasp67,0.07807556,1.0305039,0.9377679472313203,1.0,False
CG3777,0.078069896,0.9785738,0.9377724565908662,1.0,False
mkg-p,0.078038715,0.427851,0.9377972581040382,1.0,False
CG11294,0.077709205,-0.10302446,0.938059368688736,1.0,False
lncRNA:CR43126,0.07746261,-0.1639672,0.9382555332607473,1.0,False
Gr10b,0.07722523,18.678812,0.9384443733858355,1.0,False
CG13437,0.077129565,0.82353425,0.9385204741169713,1.0,False
CG8292,0.07705941,0.84669673,0.9385762816767107,1.0,False
CG42364,0.077032484,0.60714406,0.9385977028403868,1.0,False
lncRNA:CR45673,0.07700981,0.47422513,0.9386157417495257,1.0,False
spd-2,0.07693257,0.4238313,0.9386771870201152,1.0,False
CG43329,0.07690989,0.35468987,0.9386952260679831,1.0,False
ImpE3,0.07687588,0.21506245,0.9387222846987691,1.0,False
AhcyL2,0.076848246,0.17448542,0.9387442698883817,1.0,False
CG14892,0.07679297,-0.019420696,0.9387882404076646,1.0,False
lili,0.07652264,-0.11655691,0.9390033040311658,1.0,False
CG14286,0.07637879,-0.1007251,0.9391177433701254,1.0,False
SmydA-7,0.07627108,0.002341664,0.9392034327625266,1.0,False
CG9302,0.07625868,0.0037693805,0.9392132983627803,1.0,False
CG3823,0.07619101,0.049933933,0.9392671365170719,1.0,False
CG4476,0.07618144,1.0810313,0.9392747471686123,1.0,False
CG32284,0.076169044,0.792343,0.9392846128362712,1.0,False
yellow-f,0.07616656,0.5336073,0.9392865859709212,1.0,False
Tret1l,0.07616089,0.3959512,0.9392910959943781,1.0,False
lncRNA:CR43437,0.07607834,0.49368775,0.9393567734315411,1.0,False
Megf8,0.07606204,-0.15824983,0.9393697398412968,1.0,False
Gr61a,0.07601846,0.4485303,0.9394044109724133,1.0,False
frma,0.07601598,0.120626055,0.9394063841296717,1.0,False
CG30099,0.075970985,0.39306927,0.9394421829045182,1.0,False
CG13690,0.07592138,0.4774235,0.9394816462626896,1.0,False
Phk-3,0.07589233,0.09546814,0.9395047605843544,1.0,False
CG32195,0.07571907,-0.23081276,0.9396426019259412,1.0,False
CG7079,0.07569958,0.12385693,0.9396581056665271,1.0,False
CG7054,0.075595416,-0.0743241,0.9397409805948418,1.0,False
CG17652,0.07532792,-0.036269624,0.939953808653525,1.0,False
CG15767,0.075113565,0.3348764,0.940124356087837,1.0,False
CG13875,0.07511286,0.48244545,0.9401249198855663,1.0,False
CtsK2,0.075076714,0.22536871,0.9401536736095522,1.0,False
CG3589,0.074777685,-0.018365862,0.9403915995706148,1.0,False
Prosalpha5,0.07470186,-0.14513399,0.9404519276156298,1.0,False
CG14857,0.0742937,1.1472553,0.9407766900564424,1.0,False
CG8046,0.07428874,0.998104,0.9407806368828937,1.0,False
CG4914,0.074167214,0.47220758,0.9408773345850243,1.0,False
CG5958,0.073960654,-0.03188961,0.9410416944858321,1.0,False
GstE4,0.07392203,0.1929423,0.9410724241457735,1.0,False
CG15365,0.073834516,0.22346355,0.9411420595713097,1.0,False
CG31326,0.07383239,-0.08541742,0.941143751125708,1.0,False
CG3902,0.073627956,-0.20011982,0.9413064235129929,1.0,False
CG14439,0.0734664,-0.14636235,0.9414349843592205,1.0,False
CG13323,0.07334841,1.1061128,0.9415288685730195,1.0,False
CG31288,0.07326267,0.7225152,0.9415970972502473,1.0,False
row,0.07323291,-0.14521717,0.9416207800318276,1.0,False
Spn28Dc,0.07312945,0.34148246,0.9417031062930592,1.0,False
CG31436,0.073005445,0.16217308,0.9418017858514917,1.0,False
Pdha2,0.07274538,0.2359306,0.9420087338820946,1.0,False
CG4496,0.07247859,-0.11677762,0.9422210429463941,1.0,False
CG34446,0.07242226,1.9992918,0.9422658736726898,1.0,False
CG5435,0.07238824,0.027756503,0.9422929413695829,1.0,False
Ilp1,0.07232766,0.99362165,0.9423411558697374,1.0,False
Traf4,0.072265655,0.7681748,0.9423904984132063,1.0,False
lncRNA:CR44526,0.07219905,0.31625283,0.9424435066490932,1.0,False
Spn77Ba,0.0721544,-0.15028267,0.9424790335881809,1.0,False
lncRNA:CR44493,0.07186812,0.29318434,0.9427068598509843,1.0,False
Gbp1,0.0718497,-0.27206817,0.9427215220979428,1.0,False
Ir68a,0.071640305,-0.02899773,0.942888165536608,1.0,False
lncRNA:CR45670,0.07147272,2.0220683,0.9430215384826028,1.0,False
NimC2,0.071472004,1.871216,0.9430221024308005,1.0,False
CG32572,0.07147059,1.9437181,0.9430232303272817,1.0,False
CG14866,0.07138343,0.80723685,0.9430925961803469,1.0,False
CG4210,0.07137918,0.9005732,0.9430959798915404,1.0,False
CG14105,0.0712495,0.27648267,0.943199183575948,1.0,False
asRNA:CR43159,0.07120982,0.35014632,0.9432307652219083,1.0,False
l(3)72Dn,0.07120557,-0.17970029,0.9432341489749838,1.0,False
CG34386,0.07103409,0.30375028,0.9433706278689271,1.0,False
Hibch,0.070923544,-0.10597024,0.943458606880421,1.0,False
Cog6,0.07064435,-0.11930658,0.9436808133498525,1.0,False
Sfp77F,0.07053239,2.6905346,0.9437699227600825,1.0,False
lncRNA:CR44060,0.07052955,2.229016,0.9437721787036564,1.0,False
lncRNA:CR44991,0.07052884,2.1556113,0.9437727426896203,1.0,False
Cyp4d20,0.07052601,2.0807397,0.9437749986337578,1.0,False
asRNA:CR44106,0.07043991,0.9458978,0.9438435231517419,1.0,False
CecC,0.07042503,0.7044255,0.9438553669377265,1.0,False
pyx,0.07040307,0.307235,0.9438728506444833,1.0,False
mthl3,0.07039456,0.38136342,0.9438796185382297,1.0,False
Hex-C,0.070077814,-0.005652227,0.9441317254621775,1.0,False
CG10700,0.069954515,0.08999868,0.9442298625578468,1.0,False
CG8197,0.06958639,3.1376524,0.9445228688595702,1.0,False
CG14300,0.069584265,2.0623307,0.9445245609293463,1.0,False
asRNA:CR46107,0.069512695,1.3570383,0.9445815274244939,1.0,False
lncRNA:CR44568,0.069481514,0.67537695,0.9446063446001322,1.0,False
TTLL3B,0.06943121,0.6425116,0.944646390610546,1.0,False
ihog,0.06936672,0.30471548,0.9446977173918059,1.0,False
CG7457,0.06936247,0.37459195,0.9447011015832558,1.0,False
CG15864,0.06933413,0.028474644,0.9447236628850906,1.0,False
CG18547,0.06927247,0.30330446,0.944772733869649,1.0,False
CG1143,0.06921295,0.014215257,0.9448201129501416,1.0,False
CG9928,0.06919524,0.11689657,0.9448342139046536,1.0,False
CG12990,0.06864464,18.665691,0.9452724801659267,1.0,False
CG34214,0.068545796,0.85876304,0.945351166793007,1.0,False
Cnb,0.06854509,0.9169074,0.9453517308567755,1.0,False
CG17177,0.06853871,0.88824177,0.9453568074319247,1.0,False
lncRNA:CR44741,0.06853871,0.82660496,0.9453568074319247,1.0,False
Vps13B,0.068534456,-0.18074545,0.9453601918165904,1.0,False
lncRNA:CR32730,0.0685302,0.64848024,0.9453635762022422,1.0,False
CG10337,0.068523824,0.41757035,0.9453686527825688,1.0,False
CG9518,0.06849371,0.04200811,0.9453926255529705,1.0,False
Cyt-c-d,0.06847848,-0.15854333,0.9454047529733047,1.0,False
asRNA:CR45873,0.06844942,0.5278385,0.9454278797169159,1.0,False
snRNA:U11,0.068331085,0.39751154,0.9455220793670882,1.0,False
Pex5,0.06825987,-0.11330112,0.9455787687453351,1.0,False
CG4611,0.06820566,-0.0009866628,0.9456219205463484,1.0,False
CG14142,0.068052955,-0.10479563,0.9457434797451169,1.0,False
Lrrk,0.067977846,-0.091453366,0.9458032726685169,1.0,False
Dso1,0.067820534,-0.18360256,0.9459285003460268,1.0,False
lncRNA:CR43611,0.06761787,1.356188,0.9460898316652276,1.0,False
Sodq,0.06761362,1.1989152,0.946093216262058,1.0,False
ACXD,0.06758881,0.66676354,0.9461129597629581,1.0,False
CG13912,0.06758598,0.65880233,0.9461152161651685,1.0,False
CG8870,0.067430794,0.42716858,0.9462387548453868,1.0,False
CG8136,0.067158684,0.10598789,0.9464553737323046,1.0,False
Nha1,0.06694114,-0.030367352,0.9466285588677851,1.0,False
CG6321,0.06686178,-0.33862516,0.946691741043896,1.0,False
phu,0.06666939,1.038185,0.9468449027989823,1.0,False
CG14990,0.06666018,1.033784,0.946852236560342,1.0,False
CG8563,0.06665734,0.82903904,0.9468544931032049,1.0,False
NimB3,0.06665593,0.79609066,0.9468556213747963,1.0,False
lncRNA:CR45321,0.06664034,0.45973364,0.9468680323693349,1.0,False
CG13950,0.06663538,0.2402609,0.9468719813248467,1.0,False
fd96Ca,0.066562034,0.523339,0.9469303696050442,1.0,False
betaTub60D,0.066481605,0.4637099,0.9469943995926371,1.0,False
Clp,0.06641889,-0.03957679,0.9470443262963093,1.0,False
CG17028,0.0664026,0.40301266,0.9470573016318823,1.0,False
CG14247,0.066375315,0.077056944,0.9470790212467659,1.0,False
ms(3)76Ba,0.066363975,-0.050966777,0.9470880475917938,1.0,False
Sas-4,0.06604121,-0.059282746,0.9473450191962438,1.0,False
p38a,0.06596716,0.058852617,0.9474039739382395,1.0,False
pain,0.06589984,0.034642823,0.9474575694081498,1.0,False
rec,0.065844215,-0.1066952,0.9475018563705978,1.0,False
CG18004,0.06584315,-0.08819484,0.9475027026198677,1.0,False
Cyp6a22,0.06570603,0.7703841,0.947611869271949,1.0,False
Obp56h,0.065632336,0.672797,0.9476705432278819,1.0,False
Tim10,0.06555085,-0.059142273,0.9477354234133957,1.0,False
lncRNA:CR44771,0.065517545,0.32038248,0.9477619397629182,1.0,False
lncRNA:CR45693,0.06549841,0.28987098,0.947777172585621,1.0,False
CG16868,0.06543322,-0.09253281,0.9478290771618385,1.0,False
CG18327,0.0652674,0.26920095,0.9479610963203446,1.0,False
CG9578,0.06492514,-0.070883945,0.9482336019180633,1.0,False
nenya,0.06478874,2.0244212,0.9483422109109207,1.0,False
lncRNA:CR44514,0.06477669,1.315119,0.9483518024006015,1.0,False
asRNA:CR31514,0.06477173,0.77263296,0.9483557518397042,1.0,False
snoRNA:Psi28S-1135a,0.064768896,1.0729003,0.9483580086626184,1.0,False
CG3038,0.064677835,0.6512304,0.948430509319083,1.0,False
eve,0.064668626,0.65250194,0.9484378440396393,1.0,False
jtb,0.06465799,0.4909584,0.9484463071841722,1.0,False
gas,0.064645946,0.1649193,0.9484558987550076,1.0,False
Cyp4ac1,0.06463815,0.16864417,0.9484621050695284,1.0,False
CG7208,0.06457651,0.4699933,0.9485111914854213,1.0,False
lncRNA:CR32218,0.06441849,-0.099171385,0.9486370115813406,1.0,False
CG8051,0.064388014,-0.007077233,0.9486612730028329,1.0,False
CG33912,0.06437562,0.18406145,0.9486711468507902,1.0,False
achi,0.064361446,-0.14387743,0.9486824312581075,1.0,False
Amnionless,0.064081185,0.13887797,0.9489055825242236,1.0,False
Adat1,0.063880295,-0.062173445,0.9490655429784279,1.0,False
cyr,0.06383955,1.6061884,0.9490979867073996,1.0,False
CG31832,0.06383246,1.3648,0.9491036291036631,1.0,False
CG30371,0.063831754,1.4740921,0.9491041933434298,1.0,False
asRNA:CR44067,0.0637446,0.97463524,0.9491735950292762,1.0,False
blanks,0.063739635,0.6333101,0.9491775447303161,1.0,False
Rer1,0.06367338,-0.1212835,0.9492303015710494,1.0,False
CG13455,0.06363618,0.36338967,0.9492599244936448,1.0,False
CG16984,0.06361173,0.26496765,0.9492793910238235,1.0,False
Gbp2,0.0633662,-0.18216108,0.9494749043734064,1.0,False
Nepl19,0.06336407,0.19690949,0.9494765971429794,1.0,False
danr,0.063223414,-0.10161631,0.9495886025693664,1.0,False
CG17329,0.062896036,2.2423522,0.9498492941152511,1.0,False
CtsL2,0.06289178,2.0060525,0.9498526797551126,1.0,False
CG13258,0.06288895,1.6668708,0.9498549368488565,1.0,False
CG43996,0.062888235,1.6341597,0.9498555011223553,1.0,False
CG12206,0.06281277,1.0648553,0.9499155963938705,1.0,False
GluRIIE,0.06281206,0.74835414,0.9499161606700709,1.0,False
CG33632,0.06280639,0.8330684,0.9499206748805784,1.0,False
lncRNA:CR46075,0.0627908,0.6859328,0.9499330889677609,1.0,False
CG10993,0.06267069,0.24500632,0.9500287342739893,1.0,False
CG3534,0.06257361,-0.10990082,0.9501060410358918,1.0,False
RAF2,0.0623628,-0.103513755,0.9502739168247895,1.0,False
uncNacbeta,0.062155887,0.12248005,0.9504386911739403,1.0,False
CG16824,0.061953224,3.3575604,0.9506000818031413,1.0,False
lncRNA:CR45339,0.06195181,2.5859227,0.9506012104160824,1.0,False
CG45095,0.06195039,2.5192666,0.9506023390291225,1.0,False
lncRNA:CR42715,0.061948266,2.075699,0.9506040319488686,1.0,False
Nepl4,0.061946847,1.5822583,0.9506051605621564,1.0,False
TwdlC,0.06194472,1.7330167,0.950606853482274,1.0,False
CG15221,0.061867483,1.1302218,0.9506683630643495,1.0,False
bap,0.06184268,0.68491447,0.9506881139099456,1.0,False
CG14342,0.061841264,0.5379182,0.9506892425306089,1.0,False
lncRNA:CR45169,0.061837014,0.49992314,0.9506926283931928,1.0,False
CG31875,0.061836302,0.3837011,0.95069319270371,1.0,False
lncRNA:CR45200,0.0617208,0.24808006,0.9507851756483072,1.0,False
CG13679,0.061514594,0.14617664,0.9509493922280292,1.0,False
CG32032,0.06140972,-0.22033581,0.9510329121128013,1.0,False
lncRNA:CR43635,0.06133,0.13733555,0.9510963988715845,1.0,False
CG7910,0.06100758,3.517081,0.9513531707026405,1.0,False
CG11034,0.061004747,2.503775,0.9513554280598542,1.0,False
CG10694,0.06100404,2.403305,0.9513559923992185,1.0,False
CG10063,0.06100404,2.3896823,0.9513559923992185,1.0,False
Mer,0.061002266,-0.046120837,0.9513574032477363,1.0,False
Ipo9,0.0609803,-0.012577341,0.9513748977820223,1.0,False
Dmel_CG30456,0.060925737,1.2096269,0.951418352049208,1.0,False
CG4653,0.060911566,0.80437076,0.9514296388954921,1.0,False
CG7458,0.06090448,0.86372745,0.951435282322288,1.0,False
CG13658,0.06090377,0.58556426,0.9514358466651016,1.0,False
CG17118,0.060800668,0.38339671,0.9515179588039062,1.0,False
CG31769,0.060797833,0.3841504,0.9515202161895666,1.0,False
nahoda,0.06077374,-0.3953669,0.9515394039833841,1.0,False
Dmel_CR43051,0.060741853,-0.06788385,0.9515647996360462,1.0,False
asRNA:CR31845,0.060718115,0.3012625,0.9515837053205245,1.0,False
l(3)72Dp,0.060479667,-0.05932208,0.951773610198299,1.0,False
CG42260,0.06042262,0.06553395,0.9518190410434684,1.0,False
Fign,0.060064066,19.041025,0.9521046099355401,1.0,False
topi,0.060064066,18.976355,0.9521046099355401,1.0,False
CG11672,0.060064066,19.217878,0.9521046099355401,1.0,False
CG42656,0.060064066,18.55231,0.9521046099355401,1.0,False
CG43915,0.059962735,0.7022645,0.9521853153038838,1.0,False
CG33120,0.059962027,0.71995926,0.9521858796788166,1.0,False
asRNA:CR43471,0.05995919,0.7307403,0.9521881371787875,1.0,False
Gr2a,0.05995423,0.49209127,0.9521920878046596,1.0,False
CG4927,0.059927303,0.27662942,0.9522135340798918,1.0,False
asRNA:CR44095,0.0599025,0.71717715,0.9522332872587496,1.0,False
CG30187,0.059876993,0.5812582,0.9522536048447622,1.0,False
lncRNA:CR44595,0.059860695,0.38246518,0.9522665855409631,1.0,False
lncRNA:CR46124,0.059828807,0.035056617,0.952291982591894,1.0,False
CG14050,0.059742354,0.104732364,0.9523608370625336,1.0,False
Mppe,0.059301954,-0.10119725,0.9527116053055166,1.0,False
dor,0.059270773,-0.07511041,0.9527364388035008,1.0,False
CG44008,0.059190348,0.107045576,0.9528004981521635,1.0,False
RpL37-2,0.05917405,0.025451979,0.9528134793789339,1.0,False
HHEX,0.059038702,1.313385,0.9529212804845866,1.0,False
asRNA:CR43767,0.059016738,0.8600926,0.9529387770804181,1.0,False
CG34025,0.059013903,0.6209217,0.952941034707339,1.0,False
CG44102,0.059013195,0.58417046,0.9529415991141282,1.0,False
CG12985,0.05901107,0.5301257,0.9529432923346376,1.0,False
asRNA:CR45132,0.059008233,0.5364485,0.9529455499623138,1.0,False
asRNA:CR44984,0.059006106,0.3717583,0.9529472431833189,1.0,False
CG7408,0.058927808,0.38912103,0.9530096103049271,1.0,False
CG15040,0.058927096,0.505891,0.953010174714582,1.0,False
CG3651,0.058922492,-0.1603501,0.953013843377913,1.0,False
CG5280,0.058908675,0.3760163,0.9530248493738792,1.0,False
lncRNA:CR43890,0.058898754,0.20017181,0.9530327511200981,1.0,False
CG12011,0.058663495,0.34414196,0.9532201367388412,1.0,False
sage,0.058151167,-0.07969228,0.9536282173668841,1.0,False
Vps33B,0.0581044,-0.057178386,0.9536654701475896,1.0,False
CG13154,0.05809129,1.041854,0.9536759122330769,1.0,False
Acox57D-d,0.05808562,1.186393,0.9536804277319668,1.0,False
Gr43a,0.058080662,0.95506066,0.9536843787947151,1.0,False
ACXB,0.058078535,0.87525636,0.9536860721076701,1.0,False
CG34008,0.058073577,0.81202704,0.9536900231720445,1.0,False
Abd-B,0.0580672,0.4538049,0.9536951031136269,1.0,False
asRNA:CR43936,0.057985708,0.49257192,0.9537600136438139,1.0,False
E(spl)m6-BFM,0.057982165,0.54849607,0.9537628358477394,1.0,False
scpr-C,0.057958778,0.06973409,0.953781462408187,1.0,False
CG8160,0.057931144,0.40549117,0.953803475648535,1.0,False
Nha2,0.057852488,0.002642642,0.953866128910058,1.0,False
CG12075,0.05784186,0.1831464,0.9538745955888958,1.0,False
Jhbp1,0.057821307,0.08726709,0.953890964516075,1.0,False
mir-4962,0.05771431,-0.04558302,0.9539761961406994,1.0,False
CG10874,0.057650886,-0.08951165,0.9540267144713488,1.0,False
asRNA:CR43468,0.05749145,-0.09733988,0.9541537166766554,1.0,False
PGRP-LF,0.057138916,1.2024039,0.954434536792123,1.0,False
niki,0.05713183,0.6650112,0.9544401814756703,1.0,False
Dnaaf6,0.05713041,0.63887733,0.9544413104126541,1.0,False
CG1774,0.057065573,0.7867755,0.9544929593773734,1.0,False
TpnC73F,0.05704148,0.55978894,0.9545121513911159,1.0,False
Dhc98D,0.057036523,0.47265676,0.9545161026913374,1.0,False
eggpl,0.057023056,0.42814696,0.9545268276547161,1.0,False
Fancd2,0.0570142,0.68681985,0.9545338835561663,1.0,False
CG44815,0.056879565,0.095020086,0.9546411336966044,1.0,False
lncRNA:CR45036,0.05681508,0.238535,0.9546925011601389,1.0,False
CG42534,0.05674351,0.21685897,0.9547495136202264,1.0,False
Cad96Cb,0.056200005,1.3481312,0.9551824771635569,1.0,False
CG30377,0.05619292,-0.07598313,0.9551881221474333,1.0,False
CG34330,0.056186542,0.721664,0.955193202634844,1.0,False
ppk13,0.05609017,0.28523713,0.955269974666093,1.0,False
lncRNA:CR45640,0.05599947,0.29506946,0.9553422310746083,1.0,False
CG9812,0.055942778,0.14931136,0.955387391516341,1.0,False
CG7342,0.05591727,-0.00207577,0.9554077137618546,1.0,False
CG9330,0.055872273,-0.15224764,0.9554435600155681,1.0,False
CG43342,0.05539254,-0.08269771,0.9558257374735878,1.0,False
CG8306,0.055338334,-0.10598617,0.9558689236020987,1.0,False
CG15439,0.055307154,-0.1389425,0.9558937627412427,1.0,False
asRNA:CR44897,0.055256844,1.5890172,0.9559338441697198,1.0,False
IFT54,0.055256136,1.7001375,0.9559344086976775,1.0,False
CG11828,0.055251174,1.1423542,0.9559383603939999,1.0,False
lncRNA:CR45517,0.055250466,1.1565695,0.9559389249221344,1.0,False
5.8SrRNA-Psi:CR45849,0.055249047,1.1687479,0.9559400539784697,1.0,False
Agpat4,0.055246923,1.1435257,0.9559417475631383,1.0,False
lncRNA:CR45996,0.055246923,0.8823871,0.9559417475631383,1.0,False
Mst36Fa,0.055167913,0.59654325,0.9560046926009999,1.0,False
Osi4,0.05516295,0.6775308,0.95600864431657,1.0,False
Strn-Mlck,0.054644957,-0.05536027,0.9564213222621778,1.0,False
Sfp53D,0.054317933,2.427078,0.9566818629929614,1.0,False
CG32971,0.054316513,2.254152,0.9566829921069787,1.0,False
CG13075,0.05431297,1.9818116,0.9566858148924022,1.0,False
lncRNA:CR44170,0.054312263,1.6959075,0.9566863794495521,1.0,False
CecB,0.05430447,0.9509839,0.9566925895796349,1.0,False
lncRNA:CR45402,0.054223686,0.76422316,0.956756949264302,1.0,False
lncRNA:CR32652,0.054184712,0.27676943,0.9567880000902019,1.0,False
Cap-D2,0.054149993,0.48200092,0.9568156636085104,1.0,False
Porin2,0.054094367,0.24748233,0.9568599818023598,1.0,False
CG15614,0.054091178,0.2437867,0.9568625223398078,1.0,False
Adgf-C,0.054079838,0.23277019,0.9568715553653943,1.0,False
mt:tRNA:Arg-TCG,0.054056454,0.14119335,0.9568901859981568,1.0,False
CG17122,0.05398772,0.19454664,0.956944948903498,1.0,False
Zmynd8,0.053973902,-0.09595881,0.956955957965711,1.0,False
CG46335,0.05396717,0.13802989,0.9569613213579686,1.0,False
CG12420,0.053960793,0.21561055,0.9569664024682207,1.0,False
CG15717,0.05395158,0.10128491,0.9569737418527829,1.0,False
Gar1,0.053588063,-0.098963946,0.9572633681646837,1.0,False
lncRNA:CR44655,0.05337477,3.4820023,0.9574333074794693,1.0,False
CG14069,0.053372644,3.3207684,0.9574350012365429,1.0,False
CG12310,0.05337123,2.7838147,0.957436130408032,1.0,False
asRNA:CR45366,0.05337123,2.7615309,0.957436130408032,1.0,False
lncRNA:CR45622,0.053370517,2.4377053,0.9574366949938086,1.0,False
RnrS,0.05336556,1.5684222,0.9574406470948427,1.0,False
Spn31A,0.05336485,1.7779537,0.95744121168079,1.0,False
Tim17b1,0.05336343,0.96505564,0.9574423408527489,1.0,False
rols,0.05335351,-0.098748386,0.9574502450588519,1.0,False
CG5921,0.05327096,0.70396787,0.9575160195075374,1.0,False
Gbp3,0.053141635,0.15243848,0.9576190573153299,1.0,False
CG3597,0.053101245,-0.0019909113,0.9576512391320061,1.0,False
Cul4,0.052946415,-0.09514636,0.9577746034015692,1.0,False
Cyp6a23,0.052941453,-0.016829913,0.9577785555916991,1.0,False
NimC4,0.052921966,0.08160103,0.9577940820629706,1.0,False
CG8908,0.05288937,-0.0012953319,0.9578200536507057,1.0,False
CG11700,0.052693795,0.0381833,0.957975884116424,1.0,False
eIF2Balpha,0.052614074,-0.14954165,0.9580394024303444,1.0,False
lncRNA:CR44125,0.052428775,3.4238348,0.9581870482509389,1.0,False
CG18635,0.052428063,4.1851034,0.9581876128648639,1.0,False
CG5506,0.052426647,3.5158575,0.9581887420927768,1.0,False
CG45061,0.05242594,2.8114364,0.9581893067067647,1.0,False
CG14455,0.052423812,2.1102002,0.9581910005488543,1.0,False
CG13168,0.052391924,-0.11033682,0.9582164082028464,1.0,False
lncRNA:CR44272,0.052337363,0.9076682,0.958259883620342,1.0,False
CG10560,0.052324608,0.6545837,0.9582700467228596,1.0,False
Incenp,0.052317522,0.34769008,0.9582756928938561,1.0,False
SmydA-5,0.052317522,0.3722506,0.9582756928938561,1.0,False
Or1a,0.05231256,0.27207693,0.9582796452147989,1.0,False
Gldc,0.052066673,0.028508496,0.9584755686936421,1.0,False
stac,0.05200821,-0.014808703,0.9585221502937199,1.0,False
CG32099,0.051675517,-0.12728928,0.9587872446367564,1.0,False
CG14834,0.05164434,0.018632295,0.958812088643081,1.0,False
lncRNA:CR45482,0.051483486,18.408487,0.9589402617652987,1.0,False
CG34199,0.051483486,18.368464,0.9589402617652987,1.0,False
asRNA:CR43866,0.051483486,18.655224,0.9589402617652987,1.0,False
CG34409,0.051463287,-0.007844262,0.958956354060556,1.0,False
CG33307,0.051398806,0.9883194,0.9590077365889187,1.0,False
lncRNA:CR46111,0.051378965,0.63198507,0.9590235466319175,1.0,False
AkhR,0.051356997,0.07905075,0.9590410506268942,1.0,False
pre-rRNA:CR45856,0.051299244,0.54653764,0.959087069288514,1.0,False
alka,0.051293932,-0.119458705,0.959091304141528,1.0,False
Ada,0.051268775,0.22834417,0.9591113491281239,1.0,False
CG9547,0.05125177,-0.116251536,0.959124900683005,1.0,False
lms,0.05121669,0.39189377,0.9591528508022474,1.0,False
CG44085,0.05096372,-0.16721423,0.9593544319349674,1.0,False
CG6345,0.050687004,-0.035187904,0.9595749319199858,1.0,False
CG14667,0.05063315,-0.123971164,0.9596178464896701,1.0,False
rpr,0.05046273,-0.12417906,0.9597536492865852,1.0,False
tw,0.05044466,0.5872938,0.9597680484042875,1.0,False
Rbp4,0.050441824,0.73524284,0.9597703070906083,1.0,False
otu,0.050441824,0.5887707,0.9597703070906083,1.0,False
Mkp,0.050431196,0.488337,0.9597787771671873,1.0,False
LManI,0.050339784,0.4518642,0.9598516200130907,1.0,False
Pvf1,0.05033766,0.40426767,0.9598533140367534,1.0,False
exp,0.050293725,0.42642832,0.9598883238996923,1.0,False
prod,0.050095312,-0.11239878,0.9600464339206944,1.0,False
Fam92,0.050070513,0.2055571,0.960066197783946,1.0,False
Rsph1,0.05006201,0.20432322,0.9600729739712827,1.0,False
CG14100,0.04984659,-0.06341632,0.9602446383446609,1.0,False
Cln7,0.049741007,-0.16351426,0.9603287771486699,1.0,False
sisRNA:1,0.049667668,-0.19420156,0.9603872228196437,1.0,False
CG3358,0.04956527,-0.14571208,0.960468821238059,1.0,False
CG12507,0.04950185,0.9392694,0.9605193616426735,1.0,False
Spc105R,0.049499724,0.7232898,0.9605210557371978,1.0,False
Nepl14,0.049499016,0.75920165,0.9605216204354122,1.0,False
CG34396,0.049494766,0.72943914,0.9605250086251145,1.0,False
CG11425,0.049484137,0.31239372,0.9605334791024894,1.0,False
Osi17,0.04941788,0.3827492,0.960586278511861,1.0,False
CG5768,0.049294937,0.22958408,0.960684254344323,1.0,False
asRNA:CR43933,0.049280055,-0.01897628,0.9606961131309293,1.0,False
GrlHz,0.049280055,0.21720006,0.9606961131309293,1.0,False
bt,0.049094755,0.12870097,0.9608437839869315,1.0,False
CG6293,0.048733007,-0.033052202,0.9611320707292337,1.0,False
lncRNA:CR43941,0.048564006,1.153342,0.9612667568769523,1.0,False
CG31445,0.048562586,0.8659788,0.9612678863252183,1.0,False
lncRNA:CR45478,0.04854558,0.4123176,0.9612814397104722,1.0,False
asRNA:CR46058,0.04845417,0.40932006,0.9613542893478249,1.0,False
alpha-Est10,0.04843362,0.089667365,0.9613706664425266,1.0,False
Coop,0.048398897,-0.32301018,0.9613983381223333,1.0,False
CG9389,0.048377994,0.32884628,0.9614149976254612,1.0,False
CG12640,0.04834079,0.15804285,0.9614446459354065,1.0,False
CG6125,0.048328746,0.12939474,0.9614542463519615,1.0,False
Rab23,0.048302528,0.101184115,0.961475141395547,1.0,False
asRNA:CR44114,0.048277725,-0.17620502,0.9614949070016725,1.0,False
CG8319,0.048162222,-0.16044906,0.9615869585646221,1.0,False
lncRNA:CR45556,0.047833424,-0.19668472,0.9618489977150605,1.0,False
Lrpprc2,0.047807205,-0.07584241,0.9618698932561422,1.0,False
PolA1,0.04762332,1.6041665,0.9620164451510986,1.0,False
asRNA:CR45831,0.04762332,1.3261566,0.9620164451510986,1.0,False
lncRNA:CR43436,0.047620486,1.311397,0.962018704149902,1.0,False
CG9747,0.04761907,0.8444252,0.9620198336494179,1.0,False
CG32939,0.04761765,1.1301945,0.9620209631490102,1.0,False
lncRNA:CR44219,0.0476134,1.0263554,0.9620243516482442,1.0,False
lncRNA:CR44701,0.0476134,0.9602049,0.9620243516482442,1.0,False
CG43291,0.0476134,1.0887653,0.9620243516482442,1.0,False
psh,0.047611274,0.8710121,0.9620260458981185,1.0,False
CG14400,0.047608443,0.66749185,0.9620283048982176,1.0,False
CG1951,0.04755388,-0.097232655,0.9620717907095185,1.0,False
CG13488,0.04752447,0.5528521,0.9620952279143594,1.0,False
beat-IIIa,0.0475188,0.426605,0.9620997459335168,1.0,False
NELF-B,0.04750569,-0.09844307,0.9621101938574794,1.0,False
NimC1,0.047497544,0.30040112,0.9621166885161951,1.0,False
CG9254,0.047496833,0.08605205,0.9621172532692458,1.0,False
CG14410,0.047491875,0.03170026,0.9621212065411323,1.0,False
BomBc3,0.047490455,-0.17548218,0.9621223360475566,1.0,False
Sil1,0.047311533,-0.114448324,0.962264936843521,1.0,False
CG31371,0.047250237,0.071510114,0.962313788483139,1.0,False
PPO1,0.047200635,0.13731717,0.9623533217054894,1.0,False
GstE8,0.04710214,-0.08772309,0.962431823664156,1.0,False
wek,0.046696812,-0.07312328,0.9627548715203097,1.0,False
lncRNA:CR43899,0.04668193,2.3700848,0.9627667317855613,1.0,False
CG7222,0.04668193,-0.094881244,0.9627667317855613,1.0,False
CG13314,0.04667768,1.5800011,0.9627701204342894,1.0,False
CG14417,0.04667272,1.0739244,0.9627740738586555,1.0,False
asRNA:CR46262,0.04667201,1.1699061,0.9627746386336397,1.0,False
CG34124,0.046670593,0.9742208,0.9627757681836641,1.0,False
asRNA:CR46136,0.046669886,0.91298926,0.9627763329587042,1.0,False
lncRNA:CR45566,0.04656997,0.42128366,0.9628559664262212,1.0,False
bez,0.04655367,0.04355761,0.9628689563177962,1.0,False
Muc91C,0.04654942,0.09177092,0.9628723449867848,1.0,False
Lst,0.046540916,0.16377386,0.9628791223267736,1.0,False
uno,0.04597084,-0.059199132,0.9633334925881378,1.0,False
CG18011,0.045923363,-0.13310288,0.9633713337830161,1.0,False
CG32365,0.04589927,-0.12442108,0.9633905368089949,1.0,False
lncRNA:CR44281,0.04573983,2.7214425,0.9635176161921096,1.0,False
lncRNA:CR44634,0.04573487,1.7865758,0.9635215697877989,1.0,False
snoRNA:Psi28S-1060,0.045732036,1.717051,0.9635238289857384,1.0,False
CG12702,0.04573133,1.3078312,0.963524393785269,1.0,False
Amy-d,0.0457292,1.267876,0.9635260881839707,1.0,False
CG17687,0.0457292,1.0351268,0.9635260881839707,1.0,False
CG7227,0.045727786,1.2695687,0.9635272177831966,1.0,False
CG10793,0.045727786,0.87704265,0.9635272177831966,1.0,False
CG31019,0.04567145,1.0803698,0.9635721194116943,1.0,False
CG4269,0.04565161,0.82004964,0.9635879338492482,1.0,False
CG33767,0.0456424,0.6200879,0.9635952762715536,1.0,False
CG15130,0.04561476,0.26240802,0.96361730355699,1.0,False
Hmgcl,0.045502447,0.10336292,0.9637068249897799,1.0,False
snoRNA:CD67,0.04548402,0.09873871,0.9637215099372912,1.0,False
Slimp,0.045366038,0.008482958,0.9638155503734493,1.0,False
lncRNA:CR46080,0.04535966,-0.040971182,0.9638206336546198,1.0,False
lncRNA:CR45742,0.04479277,2.2978323,0.9642724867203606,1.0,False
lncRNA:CR44313,0.044791356,2.5571945,0.9642736163674636,1.0,False
asRNA:CR45144,0.044789936,2.3478134,0.9642747460146381,1.0,False
CG13033,0.04478852,2.2446923,0.9642758756618844,1.0,False
lncRNA:CR45577,0.0447871,1.6440744,0.9642770053092025,1.0,False
Psf1,0.044784978,1.4125066,0.964278699780314,1.0,False
CG34247,0.04478356,0.7580555,0.9642798294278112,1.0,False
CG31626,0.04478356,0.83699805,0.9642798294278112,1.0,False
lncRNA:CR46247,0.04478356,1.0593449,0.9642798294278112,1.0,False
lncRNA:CR44974,0.044710927,0.83821285,0.964337723957991,1.0,False
lncRNA:CR44133,0.044683646,0.36870804,0.9643594697569396,1.0,False
CG5783,0.04468081,0.22533676,0.9643617290622469,1.0,False
Cyt-c1L,0.044640422,0.7361032,0.9643939241939573,1.0,False
CG42566,0.044629082,0.58468395,0.9644029614343478,1.0,False
CG8646,0.044499405,0.24705562,0.9645063251962755,1.0,False
CG33293,0.044393115,-0.12541571,0.9645910500361984,1.0,False
CG44004,0.044346347,0.10257905,0.9646283290924729,1.0,False
CG11686,0.04409798,0.024874693,0.9648263047682686,1.0,False
asRNA:CR43820,0.044088766,0.046396818,0.9648336477024447,1.0,False
CG5662,0.043847837,3.5175135,0.9650256947303306,1.0,False
lncRNA:CR44760,0.043845713,2.88026,0.9650273892719757,1.0,False
snoRNA:CD9b,0.043845713,2.9652882,0.9650273892719757,1.0,False
PGRP-SB1,0.043845713,2.9295485,0.9650273892719757,1.0,False
CG8664,0.043845,2.7550013,0.9650279541192258,1.0,False
Ptp52F,0.043843586,2.0550675,0.9650290838137787,1.0,False
CG44261,0.043843586,1.6088879,0.9650290838137787,1.0,False
asRNA:CR45908,0.043843586,1.767595,0.9650290838137787,1.0,False
Poc1,0.043843586,1.3180878,0.9650290838137787,1.0,False
CG15870,0.04373765,0.35136196,0.9651135286801814,1.0,False
pre-mod(mdg4)-B,0.04365864,0.39796108,0.9651765095543889,1.0,False
CG16736,0.04365864,0.4657617,0.9651765095543889,1.0,False
CG8435,0.043627813,-0.08262642,0.9652010806270269,1.0,False
Mink,0.04362746,0.1314313,0.9652013630533414,1.0,False
asRNA:CR44054,0.043624625,0.10692899,0.9652036224640137,1.0,False
CG42807,0.043603722,-0.050789185,0.9652202856263496,1.0,False
CG3505,0.043564394,-0.19852236,0.965251635006821,1.0,False
CG45081,0.04352648,0.1466544,0.9652818547307309,1.0,False
Cdk4,0.043501683,0.07929025,0.9653016246705542,1.0,False
CG13067,0.043279532,-0.060486935,0.9654787077955727,1.0,False
Muc11A,0.042902905,17.960938,0.9657789339488443,1.0,False
hpRNA:LINR-1,0.042902905,18.416447,0.9657789339488443,1.0,False
Sclp,0.042902905,17.71176,0.9657789339488443,1.0,False
CG15550,0.042902905,19.508501,0.9657789339488443,1.0,False
asRNA:CR43257,0.042902905,18.046965,0.9657789339488443,1.0,False
lncRNA:CR43144,0.042902905,18.265491,0.9657789339488443,1.0,False
CG14983,0.042902905,17.841913,0.9657789339488443,1.0,False
snoRNA:CD11c,0.042902905,18.420525,0.9657789339488443,1.0,False
lncRNA:CR46063,0.042902905,18.019125,0.9657789339488443,1.0,False
asRNA:CR43916,0.042810783,0.631457,0.9658523672381135,1.0,False
Ppm1,0.04280866,0.674342,0.9658540618559024,1.0,False
fzr2,0.042805824,0.5036852,0.9658563213465273,1.0,False
asRNA:CR45535,0.042803697,0.59560394,0.9658580159646759,1.0,False
lncRNA:CR44748,0.042800862,0.3777134,0.9658602754557807,1.0,False
asRNA:CR45162,0.042697407,0.3271916,0.9659427470685523,1.0,False
CG43813,0.042664103,-0.018995583,0.9659692962269338,1.0,False
snoRNA:2R:9445410,0.04265914,-0.18389739,0.9659732503601338,1.0,False
CG34115,0.042536553,-0.072136655,0.9660709742034146,1.0,False
Obsc,0.042500414,-0.1971728,0.966099783063784,1.0,False
CG30001,0.04233247,-0.08909622,0.9662336601125491,1.0,False
CG13482,0.04231263,-0.0009856027,0.9662494768732326,1.0,False
Roc1b,0.04215036,-0.33092776,0.9663788358780916,1.0,False
CAH13,0.04186337,0.68597096,0.9666076170681599,1.0,False
lncRNA:CR43363,0.041861244,0.5913265,0.9666093117539207,1.0,False
CG13716,0.04185841,0.6384779,0.9666115713351698,1.0,False
CG5966,0.041845653,0.13723135,0.9666217394541078,1.0,False
CG8854,0.04183928,0.13162497,0.966626823515612,1.0,False
CG42831,0.041762393,0.20555753,0.9666881148082224,1.0,False
Klp67A,0.041751057,0.16558523,0.9666971531721787,1.0,False
asRNA:CR45151,0.041662123,0.26273224,0.966768047987764,1.0,False
Ids,0.041527487,0.03718914,0.9668753792839402,1.0,False
CG14511,0.041223846,-0.085565835,0.9671174418017303,1.0,False
CG16734,0.041097715,-0.013109602,0.9672179960850468,1.0,False
Strica,0.04092446,0.99725074,0.9673561178460914,1.0,False
CG45603,0.04092446,1.062457,0.9673561178460914,1.0,False
CG14642,0.040921625,0.67663807,0.9673583775149572,1.0,False
Adgf-A,0.040920917,0.7957438,0.9673589424322145,1.0,False
CG7309,0.040918082,0.51481783,0.9673612021014079,1.0,False
CG7194,0.04091454,0.6194506,0.967364026688268,1.0,False
CG12105,0.040907454,0.47375518,0.9673696758632168,1.0,False
TwdlW,0.040851474,0.6567533,0.9674143044028571,1.0,False
fzy,0.040785927,0.48743802,0.9674665594682131,1.0,False
lncRNA:CR45217,0.04075581,0.4081294,0.9674905685991472,1.0,False
CG17129,0.040702663,0.15974627,0.967532937725611,1.0,False
CG5050,0.0406644,0.25530174,0.9675634435534228,1.0,False
CG43273,0.040305488,-0.13909893,0.9678495792244457,1.0,False
CG7881,0.039978463,0.83102804,0.9681102967724932,1.0,False
CG13563,0.039974213,0.50323445,0.9681136864055917,1.0,False
Gyc76C,0.039971378,0.56636125,0.9681159461613107,1.0,False
dpr21,0.03990583,-0.13466562,0.9681682030836924,1.0,False
Uaf1,0.039888114,-0.093433745,0.968182326599701,1.0,False
Mcm7,0.03987607,0.12567732,0.9681919305962878,1.0,False
snoRNA:Psi28S-1175b,0.039871816,0.20669694,0.9681953202432435,1.0,False
CG30324,0.039871108,0.34409314,0.9681958851844586,1.0,False
modSP,0.03985481,0.18782277,0.9682088788368118,1.0,False
CG9396,0.039752416,0.08934515,0.9682905130630192,1.0,False
PIG-C,0.039656755,-0.062388677,0.9683667806334311,1.0,False
Dhc36C,0.03965392,0.25672397,0.9683690404177121,1.0,False
Uxt,0.039098367,-0.15227859,0.9688119630176147,1.0,False
CG4563,0.039045222,1.5928463,0.9688543349461616,1.0,False
CG10853,0.039038844,1.0776471,0.9688594195834981,1.0,False
Ccdc39,0.03903459,0.86677533,0.9688628093424259,1.0,False
lncRNA:CR45020,0.03903176,0.8391525,0.9688650691820235,1.0,False
snoRNA:Psi28S-2996,0.039026797,0.37538013,0.968869023901921,1.0,False
Nepl9,0.03902538,0.3314981,0.9688701538220323,1.0,False
CG30384,0.039023962,0.31199244,0.9688712837422062,1.0,False
CG10877,0.038928654,0.26841497,0.9689472710171925,1.0,False
CG18371,0.038868777,0.33832252,0.9689950103788076,1.0,False
Mps1,0.03885354,-0.033019677,0.969007157098022,1.0,False
CG5509,0.038447507,0.086978376,0.9693308839296357,1.0,False
Xpd,0.03842058,-0.04234689,0.9693523529040273,1.0,False
NaPi-T,0.038099933,1.9260657,0.9696080048938249,1.0,False
DZIP1,0.038099226,1.6188701,0.9696085698740664,1.0,False
b6,0.038095683,1.367431,0.9696113947755022,1.0,False
CG11159,0.038094264,1.3122196,0.9696125247361832,1.0,False
CG30148,0.038093556,1.2194452,0.9696130897165467,1.0,False
ect,0.038092136,1.0625527,0.9696142196773192,1.0,False
CG14545,0.03809143,0.99537647,0.9696147846577284,1.0,False
Hgd,0.03809143,0.5242634,0.9696147846577284,1.0,False
prc,0.038090013,0.7744099,0.9696159146185925,1.0,False
upd2,0.038089305,0.4288917,0.9696164795990474,1.0,False
asRNA:CR45952,0.038088594,0.8908459,0.9696170445795176,1.0,False
tilB,0.038087886,0.4238346,0.969617609560003,1.0,False
asRNA:CR45611,0.038087886,0.8071447,0.969617609560003,1.0,False
MESK4,0.038083635,0.10508197,0.9696209994432358,1.0,False
mesh,0.03801667,0.6513143,0.969674390176513,1.0,False
asRNA:CR45804,0.03799612,0.43217608,0.9696907746616106,1.0,False
CG14245,0.037993286,0.40516582,0.9696930345915936,1.0,False
Wnt6,0.037938014,-0.25481686,0.9697371032748859,1.0,False
CG15544,0.037896562,0.19999419,0.9697701548480051,1.0,False
Ugt35E2,0.03787743,0.17653199,0.9697854094377297,1.0,False
lncRNA:CR44396,0.037853334,-0.1316222,0.9698046189368115,1.0,False
TTLL3A,0.037835974,0.23289853,0.9698184610867165,1.0,False
mu2,0.037551112,-0.18103282,0.970045586637819,1.0,False
Lcp65Ad,0.03715748,2.8557642,0.9703594419845125,1.0,False
lncRNA:CR45937,0.03715748,2.6581645,0.9703594419845125,1.0,False
CG14957,0.037155353,2.2462313,0.9703611369853901,1.0,False
lncRNA:CR44232,0.037153937,1.5454528,0.9703622669860495,1.0,False
lncRNA:CR45165,0.03715323,2.0811284,0.9703628319864015,1.0,False
BaraB,0.037152518,1.8826125,0.9703633969867684,1.0,False
CG1494,0.037151102,1.4658611,0.9703645269875468,1.0,False
Obp83ef,0.037149683,1.5347271,0.9703656569883847,1.0,False
lncRNA:CR45412,0.03714756,0.8621921,0.9703673519897532,1.0,False
Crtp,0.03714685,0.80340344,0.970367916990239,1.0,False
CG33766,0.03714685,0.80377007,0.970367916990239,1.0,False
CG8343,0.03714331,-0.036278497,0.9703707419928915,1.0,False
CG13330,0.03707953,0.94518614,0.9704215921041754,1.0,False
asRNA:CR44119,0.037062526,0.015884383,0.9704351521541682,1.0,False
Cpr47Eg,0.03704481,0.3495593,0.9704492772153326,1.0,False
timeout,0.037042685,0.25980553,0.9704509722232952,1.0,False
Cpr11B,0.03703843,0.20092343,0.9704543622396212,1.0,False
CG6569,0.037027095,-0.022096487,0.9704634022857667,1.0,False
iav,0.03697324,0.3877437,0.9705063425567642,1.0,False
CG10680,0.036897063,0.029033663,0.9705670805860567,1.0,False
scra,0.036811676,0.014356507,0.9706351638822691,1.0,False
ssp2,0.036750026,-0.14067486,0.9706843195901884,1.0,False
lncRNA:CR44566,0.036731604,0.21765016,0.9706990098233733,1.0,False
Rcd7,0.036596257,-0.01029375,0.9708069268408289,1.0,False
Paris,0.036289785,-0.106790386,0.9710512958816591,1.0,False
Gpo2,0.03621219,3.4549243,0.9711131654697267,1.0,False
lncRNA:CR44714,0.036210064,2.545093,0.9711148605293823,1.0,False
CCAP,0.036209356,2.3594034,0.9711154255492965,1.0,False
CG13309,0.03620794,1.499252,0.9711165555891684,1.0,False
CG13607,0.03620794,1.5851675,0.9711165555891684,1.0,False
Or24a,0.03620723,1.6505455,0.9711171206091261,1.0,False
CG7715,0.03620723,1.475531,0.9711171206091261,1.0,False
CG31807,0.03620652,1.4708616,0.9711176856290984,1.0,False
CG30037,0.036205813,1.4002675,0.9711182506490851,1.0,False
asRNA:CR46091,0.036205105,1.1845218,0.9711188156690863,1.0,False
Rsph9,0.036204398,1.0764478,0.971119380689102,1.0,False
ZnT35C,0.03612326,0.67863184,0.9711840755766781,1.0,False
CG34266,0.03611334,0.4517116,0.9711919858816268,1.0,False
CG16800,0.03611192,0.48426473,0.9711931159254223,1.0,False
asRNA:CR43243,0.036106255,0.38948363,0.9711976361011826,1.0,False
lncRNA:CR46351,0.036100585,0.22795784,0.971202156277868,1.0,False
Ir25a,0.036079325,0.028251462,0.9712191069486759,1.0,False
CG34045,0.036047086,0.5465598,0.9712448154908773,1.0,False
Osi3,0.036045667,0.4481987,0.9712459455373741,1.0,False
betaTub85D,0.035991814,-0.09609547,0.9712888873470081,1.0,False
NijA,0.035954963,-0.16645634,0.9713182686331446,1.0,False
aurB,0.03594398,0.28961203,0.9713270265240448,1.0,False
CG15080,0.035929456,0.33663613,0.971338609546352,1.0,False
Polr1C,0.035781,-0.081032865,0.9714569827302317,1.0,False
LKRSDH,0.035638217,0.07733128,0.9715708362903205,1.0,False
CG1314,0.03545929,0.02676145,0.9717135072018221,1.0,False
CG43175,0.035266902,2.9743605,0.9718669147560562,1.0,False
CG13738,0.035266902,3.551994,0.9718669147560562,1.0,False
CG15169,0.035266194,3.0027816,0.9718674797950159,1.0,False
CG15115,0.035266194,3.2712,0.9718674797950159,1.0,False
Ir11a,0.035266194,2.721479,0.9718674797950159,1.0,False
Or2a,0.035265487,2.7197576,0.9718680448339896,1.0,False
asRNA:CR43868,0.035264775,2.4386196,0.9718686098729774,1.0,False
CG7384,0.035264775,2.0872695,0.9718686098729774,1.0,False
CG14424,0.035264775,2.3985481,0.9718686098729774,1.0,False
CG14515,0.035264775,2.0467236,0.9718686098729774,1.0,False
Tim17a2,0.035264067,1.9533868,0.9718691749119793,1.0,False
CG7916,0.03526336,1.3925674,0.9718697399509955,1.0,False
Srg1,0.03526336,1.3204279,0.9718697399509955,1.0,False
CG33285,0.03526336,1.766264,0.9718697399509955,1.0,False
pnr,0.03526336,1.8837036,0.9718697399509955,1.0,False
lncRNA:CR45436,0.03526336,1.5628294,0.9718697399509955,1.0,False
Jhbp12,0.03520313,1.2689418,0.9719177683189378,1.0,False
CG43680,0.035182577,0.9868087,0.9719341544913085,1.0,False
Dhc1,0.035172656,0.5379121,0.9719420650615211,1.0,False
CG46304,0.03517124,0.48439184,0.9719431951432055,1.0,False
Prim2,0.035170533,0.32555395,0.9719437601840687,1.0,False
kipf,0.035163444,0.13328965,0.9719494105934758,1.0,False
CG11842,0.035156358,0.12956989,0.971955061004291,1.0,False
CG5104,0.035076287,0.28933722,0.9720189107442582,1.0,False
CG6761,0.03506778,0.15742585,0.972025691258158,1.0,False
CG4000,0.03503235,-0.0024050726,0.9720539434211651,1.0,False
asRNA:CR45195,0.034841735,0.18296425,0.9722059406590845,1.0,False
Ets98B,0.034539867,-0.24835059,0.9724466521025638,1.0,False
drd,0.03445944,-0.1337801,0.9725107857401193,1.0,False
jar,0.034381848,-0.10988097,0.9725726593298377,1.0,False
Or22b,0.03432232,17.171932,0.9726201241133039,1.0,False
CG45063,0.03432232,17.757559,0.9726201241133039,1.0,False
CG15625,0.03432232,17.405367,0.9726201241133039,1.0,False
Fancl,0.03432232,17.537855,0.9726201241133039,1.0,False
polyph,0.03432232,17.249382,0.9726201241133039,1.0,False
FASN2,0.03432232,17.658667,0.9726201241133039,1.0,False
eIF4E7,0.03432232,18.333385,0.9726201241133039,1.0,False
lncRNA:CR45247,0.03432232,18.122707,0.9726201241133039,1.0,False
cuff,0.03432232,18.125816,0.9726201241133039,1.0,False
CG42615,0.03432232,18.58982,0.9726201241133039,1.0,False
CG14540,0.03432232,18.064186,0.9726201241133039,1.0,False
CG18747,0.03432232,18.326748,0.9726201241133039,1.0,False
ppk23,0.03432232,17.906174,0.9726201241133039,1.0,False
snoRNA:Psi18S-841b,0.03432232,18.02318,0.9726201241133039,1.0,False
asRNA:CR45046,0.03432232,18.083893,0.9726201241133039,1.0,False
lncRNA:CR45150,0.03432232,17.742182,0.9726201241133039,1.0,False
to,0.03432232,18.234587,0.9726201241133039,1.0,False
CG34138,0.03432232,17.617428,0.9726201241133039,1.0,False
dgt3,0.03432232,17.541403,0.9726201241133039,1.0,False
CG9411,0.03432232,18.003006,0.9726201241133039,1.0,False
CG7691,0.03432232,18.342403,0.9726201241133039,1.0,False
Grip163,0.034280162,-0.12568471,0.9726537450602725,1.0,False
ftz,0.034237646,0.8018264,0.9726876485854147,1.0,False
CG17440,0.034236226,0.8585634,0.9726887787037698,1.0,False
CG43085,0.03423552,0.94683,0.9726893437629678,1.0,False
CG18095,0.034219928,0.4101786,0.9727017750687933,1.0,False
CG42763,0.034218512,0.28709626,0.9727029051878336,1.0,False
CG16820,0.03421426,0.22970518,0.9727062955452833,1.0,False
CG16756,0.03420788,0.112815954,0.9727113810823826,1.0,False
AttC,0.03411045,0.13818103,0.9727890769258997,1.0,False
CG31776,0.03410053,0.041944187,0.9727969877899182,1.0,False
asRNA:CR45815,0.034025416,-0.24843365,0.9728568844185582,1.0,False
Zasp66,0.03395845,-0.18428761,0.9729102829571337,1.0,False
CG34027,0.033930108,0.24100402,0.9729328855497351,1.0,False
Csl4,0.03382771,-0.114587456,0.9730145375964797,1.0,False
CG5023,0.03329129,0.89141315,0.9734422972116002,1.0,False
CG12708,0.033275705,0.28591964,0.9734547289136538,1.0,False
asRNA:CR45926,0.033270743,0.1811646,0.9734586844565689,1.0,False
sug,0.033178624,0.18158028,0.9735321446578088,1.0,False
Oatp26F,0.033167284,0.099831335,0.973541185928876,1.0,False
CG3494,0.03315949,-0.031332616,0.9735474018047069,1.0,False
lncRNA:CR32657,0.033133272,-0.1493641,0.9735683097624723,1.0,False
Sh,0.03312548,0.075311884,0.9735745256453112,1.0,False
mth,0.03307942,0.1987705,0.9736112558948364,1.0,False
CG14695,0.032987297,0.32511565,0.9736847165616991,1.0,False
CG17219,0.032981984,0.14546226,0.9736889546839118,1.0,False
Pabp2,0.032920334,-0.075974025,0.9737381169558386,1.0,False
CG6951,0.032848764,-0.076265134,0.973795190523099,1.0,False
lncRNA:CR45409,0.032647166,-0.11418934,0.973955957875983,1.0,False
Pstk,0.03235628,1.474586,0.9741879280988982,1.0,False
Spn42De,0.03235557,1.4122217,0.974188493193467,1.0,False
CG32500,0.03234565,0.819982,0.9741964045187905,1.0,False
CG1246,0.0323414,0.7205828,0.9741997950875636,1.0,False
asRNA:CR46133,0.03234069,0.7248134,0.9742003601824044,1.0,False
Pvf2,0.032229792,0.0234674,0.9742887976844169,1.0,False
RecQ4,0.03222625,0.49996188,0.9742916231689309,1.0,False
RnrL,0.03198603,0.26948115,0.97448319176958,1.0,False
Sting,0.031888243,0.21053353,0.9745611758699084,1.0,False
Ir56a,0.031702586,-0.29781133,0.9747092333085939,1.0,False
lncRNA:CR43855,0.03140851,2.0735881,0.9749437535519673,1.0,False
asRNA:CR43981,0.031400718,0.99791795,0.9749499697807474,1.0,False
lncRNA:CR45699,0.031397175,0.77760214,0.9749527953397868,1.0,False
lncRNA:CR43978,0.031397175,0.6347849,0.9749527953397868,1.0,False
CG15347,0.031396464,0.5934791,0.9749533604516325,1.0,False
CG12398,0.03139434,0.5675154,0.9749550557872447,1.0,False
CG30380,0.03139363,0.56921506,0.9749556208991406,1.0,False
Ttc26,0.031317808,0.45357555,0.9750160879445813,1.0,False
CG42633,0.03131285,0.299583,0.9750200437376084,1.0,False
CG6220,0.031263247,-0.25341985,0.9750596017016566,1.0,False
asRNA:CR44046,0.031134987,-0.09422866,0.9751618875785532,1.0,False
eIF4E6,0.031058457,-0.039358966,0.9752229202301683,1.0,False
CG33278,0.030946141,-0.002361537,0.9753124915601623,1.0,False
Shc,0.030755525,-0.087310165,0.9754645092296386,1.0,False
Gr98a,0.030464286,1.4508791,0.9756967758638944,1.0,False
lncRNA:CR45461,0.030460034,1.2446623,0.9757001666329886,1.0,False
CG7071,0.030458616,1.0091766,0.9757012968894511,1.0,False
lncRNA:CR45876,0.0304572,1.0415293,0.9757024271459622,1.0,False
CG17782,0.0304572,0.9602461,0.9757024271459622,1.0,False
asRNA:CR45270,0.030454366,0.786316,0.9757046876591309,1.0,False
Rtnl2,0.030452948,0.34308812,0.9757058179157884,1.0,False
BomBc1,0.030452948,0.5051118,0.9757058179157884,1.0,False
CG9550,0.03044657,0.2337869,0.9757109040713509,1.0,False
lncRNA:CR44999,0.030443735,-0.34490818,0.9757131645852511,1.0,False
fd96Cb,0.030359766,0.37297842,0.9757801323979566,1.0,False
lbe,0.030351263,0.21507992,0.9757869139581378,1.0,False
spz5,0.030349845,0.19783588,0.9757880442183382,1.0,False
Cyp9h1,0.030322209,-0.1219985,0.9758100843019595,1.0,False
CG12158,0.030257372,0.47778004,0.9758617938013846,1.0,False
lncRNA:CR43700,0.03021521,0.3133979,0.975895419158735,1.0,False
Sbp2,0.030095454,-0.08753319,0.9759909267096804,1.0,False
UK114,0.030095099,-0.36113253,0.9759912092769105,1.0,False
Asciz,0.030025655,-0.10566741,0.9760465925121449,1.0,False
mRpL13,0.029814135,-0.07800003,0.976215286036026,1.0,False
CG13671,0.029758863,-0.07119482,0.9762593669314538,1.0,False
Spn42Dc,0.029516518,1.1880612,0.9764526455578284,1.0,False
Cyp313a4,0.029513683,1.113789,0.9764549061347598,1.0,False
CG7912,0.029513683,0.8359234,0.9764549061347598,1.0,False
lncRNA:CR44733,0.029512975,0.7806695,0.9764554712790222,1.0,False
lncRNA:CR32690,0.029511558,0.65227973,0.9764566015675824,1.0,False
CG42486,0.029510848,0.5900368,0.9764571667118802,1.0,False
CG14759,0.029510848,0.87789667,0.9764571667118802,1.0,False
CG32845,0.02950943,0.5368941,0.9764582970005113,1.0,False
lncRNA:CR43874,0.02950943,0.68961114,0.9764582970005113,1.0,False
lncRNA:CR45574,0.02950943,0.781353,0.9764582970005113,1.0,False
CheB53a,0.029508723,0.46818256,0.9764588621448447,1.0,False
Galphaf,0.029507305,0.45865074,0.9764599924335468,1.0,False
Vago,0.02950518,0.3441197,0.9764616878666884,1.0,False
Fgop2,0.029483568,-0.1253886,0.9764789247763308,1.0,False
sncRNA:CR43603,0.029436445,0.59950775,0.9765165069288674,1.0,False
PK1-R,0.029417312,0.35006648,0.9765317658628269,1.0,False
lncRNA:CR45226,0.029401723,0.20687562,0.9765441990746255,1.0,False
Adh,0.029401014,0.08336453,0.9765447642207518,1.0,False
Arpc3B,0.029393928,0.16266844,0.9765504156826621,1.0,False
Est-Q,0.029388968,-0.09318253,0.9765543717066997,1.0,False
CG12869,0.029309602,0.068849586,0.9766176681696664,1.0,False
Khk,0.029307477,0.10369765,0.9766193636126653,1.0,False
asRNA:CR44840,0.028913135,-0.053132303,0.9769338701079979,1.0,False
Or43a,0.028573709,1.5271428,0.9772045802792985,1.0,False
lncRNA:CR45159,0.028571583,1.50969,0.9772062757584058,1.0,False
CG33191,0.028570166,1.3131697,0.9772074060778679,1.0,False
asRNA:CR44321,0.028569458,1.078648,0.9772079712376163,1.0,False
Eh,0.028568748,1.0898162,0.9772085363973759,1.0,False
CG12723,0.028568748,1.0471054,0.9772085363973759,1.0,False
Gr36a,0.028568748,0.94769144,0.9772085363973759,1.0,False
asRNA:CR45160,0.028568748,1.281742,0.9772085363973759,1.0,False
Obp28a,0.028568748,0.8693467,0.9772085363973759,1.0,False
CG10919,0.02856804,0.700284,0.977209101557147,1.0,False
CG30479,0.02856804,0.91739607,0.977209101557147,1.0,False
CG16826,0.02856804,0.77797854,0.977209101557147,1.0,False
CG13010,0.02856804,1.3882642,0.977209101557147,1.0,False
CG30036,0.02856804,0.6902623,0.977209101557147,1.0,False
CG8539,0.02856804,0.528252,0.977209101557147,1.0,False
dgo,0.028567333,0.69973034,0.9772096667169295,1.0,False
shd,0.028566623,0.5290467,0.9772102318767236,1.0,False
ppk15,0.028565915,0.7471556,0.977210797036529,1.0,False
CG31300,0.02853757,-0.26185483,0.9772334034381245,1.0,False
CG6325,0.028536508,-0.120518506,0.9772342511785401,1.0,False
ckd,0.028491864,0.61041975,0.9772698562992055,1.0,False
CG11362,0.028481236,0.5152565,0.9772783337155654,1.0,False
lncRNA:CR44442,0.028479818,0.44984704,0.9772794640379406,1.0,False
lncRNA:CR45531,0.02847344,0.38336802,0.9772845504891938,1.0,False
Trap1,0.028472733,-0.09992647,0.9772851156505012,1.0,False
thr,0.028465645,-0.027873697,0.977290767264202,1.0,False
Hao,0.02844864,-0.10113754,0.9773043311417348,1.0,False
CG13795,0.028344829,0.061111756,0.9773871274529857,1.0,False
PolA2,0.027933124,0.037127145,0.9777154892756679,1.0,False
CG12868,0.027858365,-0.11399432,0.9777751147638019,1.0,False
CG15452,0.027630193,2.5443325,0.9779571004324679,1.0,False
asp,0.027630193,2.6201644,0.9779571004324679,1.0,False
CG7016,0.027629483,2.0641932,0.9779576656071439,1.0,False
asRNA:CR45481,0.027628776,1.8252316,0.9779582307818311,1.0,False
CG15286,0.027628776,1.6210432,0.9779582307818311,1.0,False
CG12920,0.027627358,1.3621477,0.9779593611312385,1.0,False
asRNA:CR44035,0.027627358,1.5592533,0.9779593611312385,1.0,False
snoRNA:Psi28S-3385a,0.02762665,1.0868751,0.9779599263059587,1.0,False
CG14079,0.02762665,1.3164916,0.9779599263059587,1.0,False
asRNA:CR45806,0.02762665,1.3613068,0.9779599263059587,1.0,False
solo,0.02762594,0.83635074,0.9779604914806902,1.0,False
CG31698,0.02762594,0.9979799,0.9779604914806902,1.0,False
lncRNA:CR44636,0.027625233,1.0771356,0.9779610566554325,1.0,False
CG17217,0.027624523,0.7691904,0.9779616218301861,1.0,False
Nep7,0.027624523,0.1580603,0.9779616218301861,1.0,False
asRNA:CR45870,0.027623815,0.62771267,0.9779621870049506,1.0,False
CG7730,0.027623815,0.5389161,0.9779621870049506,1.0,False
CG43244,0.027623815,0.39902517,0.9779621870049506,1.0,False
CG31029,0.027558623,0.9766822,0.9780141831305815,1.0,False
lncRNA:CR43907,0.027546577,0.65810776,0.97802379112055,1.0,False
asRNA:CR45198,0.027538782,0.5136833,0.9780300080569345,1.0,False
CG31802,0.027523901,0.2216789,0.9780418767573741,1.0,False
EbpIII,0.02745623,-0.33324912,0.9780958511468439,1.0,False
krz,0.026767459,-0.14041589,0.9786452087098317,1.0,False
Cyp6u1,0.026755765,-0.14239897,0.9786545343121805,1.0,False
Sld5,0.026745137,-0.18776612,0.9786630121350293,1.0,False
CG42568,0.026685968,4.5891566,0.9787102053929096,1.0,False
CG42564,0.026685968,3.3378513,0.9787102053929096,1.0,False
Gr39b,0.026685968,3.9698954,0.9787102053929096,1.0,False
Cpr65Az,0.026685968,3.3592975,0.9787102053929096,1.0,False
asRNA:CR43971,0.026685968,2.77811,0.9787102053929096,1.0,False
lncRNA:CR46225,0.026685258,2.9961128,0.9787107705820787,1.0,False
CG34205,0.026685258,2.2581863,0.9787107705820787,1.0,False
CG31528,0.026685258,2.3972194,0.9787107705820787,1.0,False
Smyd4-2,0.026685258,3.1386185,0.9787107705820787,1.0,False
asRNA:CR46101,0.026685258,2.4510505,0.9787107705820787,1.0,False
yellow-d2,0.026685258,2.5760345,0.9787107705820787,1.0,False
CG15905,0.02668455,2.1326377,0.9787113357712585,1.0,False
CG30195,0.02668455,2.6986277,0.9787113357712585,1.0,False
CG44625,0.02668384,1.408531,0.9787119009604488,1.0,False
CG14111,0.02668384,1.7472371,0.9787119009604488,1.0,False
Sid,0.02668384,1.6043642,0.9787119009604488,1.0,False
lncRNA:CR44553,0.02668384,1.8886778,0.9787119009604488,1.0,False
lncRNA:CR44759,0.02668384,1.657889,0.9787119009604488,1.0,False
gNacalpha,0.026683133,1.6566834,0.9787124661496499,1.0,False
CG17298,0.026683133,1.4743292,0.9787124661496499,1.0,False
CG14564,0.026683133,0.95430464,0.9787124661496499,1.0,False
CG7367,0.026683133,0.5515505,0.9787124661496499,1.0,False
Sgs8,0.026683133,0.76531416,0.9787124661496499,1.0,False
asRNA:CR43469,0.026683133,1.4907578,0.9787124661496499,1.0,False
CG17855,0.026683133,1.2735873,0.9787124661496499,1.0,False
pre-mod(mdg4)-O,0.026683133,1.3373178,0.9787124661496499,1.0,False
lncRNA:CR44558,0.026683133,1.445145,0.9787124661496499,1.0,False
mt:tRNA:Tyr-GTA,0.026683133,1.3711245,0.9787124661496499,1.0,False
snoRNA:Psi28S-1135e,0.02660058,0.74169207,0.9787783107646438,1.0,False
Gr39a,0.026587825,0.38007072,0.9787884841944602,1.0,False
snoRNA:Psi28S-1175c,0.026587825,0.3845555,0.9787884841944602,1.0,False
lncRNA:CR33942,0.02655948,-0.38273782,0.978811091828624,1.0,False
Loxl1,0.026351858,-0.042935494,0.9789766932666331,1.0,False
Kebab,0.026329182,-0.2183637,0.9789947794855203,1.0,False
CG9372,0.026303671,-0.15924191,0.9790151264946749,1.0,False
ko,0.02581225,-0.08807623,0.9794070916673299,1.0,False
CG42815,0.025741743,17.535349,0.9794633293300005,1.0,False
asRNA:CR46105,0.025741743,17.381145,0.9794633293300005,1.0,False
asRNA:CR44891,0.025741743,17.35686,0.9794633293300005,1.0,False
CG7126,0.025741743,17.542633,0.9794633293300005,1.0,False
CG32181,0.025741743,17.588812,0.9794633293300005,1.0,False
SkpB,0.025741743,17.564854,0.9794633293300005,1.0,False
Odc2,0.025741743,17.644014,0.9794633293300005,1.0,False
CG42826,0.025741743,16.831419,0.9794633293300005,1.0,False
dsx-c73A,0.025741743,17.486311,0.9794633293300005,1.0,False
mir-954,0.025741743,17.44312,0.9794633293300005,1.0,False
CG13965,0.025741743,17.430805,0.9794633293300005,1.0,False
GluRIIC,0.025741743,17.58068,0.9794633293300005,1.0,False
CG6244,0.025741743,17.873875,0.9794633293300005,1.0,False
snoRNA:CD61,0.025741743,17.708704,0.9794633293300005,1.0,False
CtsL3,0.025741743,16.94785,0.9794633293300005,1.0,False
lky,0.025741743,17.553488,0.9794633293300005,1.0,False
karr,0.025741743,17.030964,0.9794633293300005,1.0,False
CG11470,0.025741743,17.459778,0.9794633293300005,1.0,False
Or67b,0.025741743,17.439344,0.9794633293300005,1.0,False
Ugt37A3,0.025741743,17.21892,0.9794633293300005,1.0,False
CG17666,0.025741743,17.630014,0.9794633293300005,1.0,False
CG10348,0.025741743,17.148777,0.9794633293300005,1.0,False
sisRNA:2,0.025741743,17.578733,0.9794633293300005,1.0,False
lncRNA:CR43681,0.025741743,16.727846,0.9794633293300005,1.0,False
CG4995,0.025741743,17.15063,0.9794633293300005,1.0,False
Tsp42Eo,0.025741743,17.836876,0.9794633293300005,1.0,False
asRNA:CR44019,0.025741743,17.9626,0.9794633293300005,1.0,False
CG14566,0.025741743,17.668076,0.9794633293300005,1.0,False
CG14125,0.025741743,18.084352,0.9794633293300005,1.0,False
CG33062,0.025741743,17.298914,0.9794633293300005,1.0,False
Nepl12,0.025741743,17.630865,0.9794633293300005,1.0,False
CG30391,0.025741743,17.191349,0.9794633293300005,1.0,False
snoRNA:Psi28S-1192d,0.025741743,17.66395,0.9794633293300005,1.0,False
snoRNA:Psi28S-1192c,0.025741743,17.05403,0.9794633293300005,1.0,False
snoRNA:Edc3-a,0.025741743,17.182777,0.9794633293300005,1.0,False
lncRNA:CR45269,0.025741743,17.324057,0.9794633293300005,1.0,False
lncRNA:CR45647,0.025741743,17.543009,0.9794633293300005,1.0,False
lncRNA:CR45625,0.025741743,17.541231,0.9794633293300005,1.0,False
Jon74E,0.025741743,17.623613,0.9794633293300005,1.0,False
CG15140,0.025741743,17.51172,0.9794633293300005,1.0,False
CG5172,0.025741743,17.548231,0.9794633293300005,1.0,False
CG10232,0.025741743,17.6086,0.9794633293300005,1.0,False
Jhbp7,0.025741743,17.687212,0.9794633293300005,1.0,False
CG43333,0.025741743,17.50997,0.9794633293300005,1.0,False
asRNA:CR44021,0.025741743,17.40788,0.9794633293300005,1.0,False
Dmel_CR45045,0.02566096,0.7981837,0.9795277625563983,1.0,False
Cpr5C,0.025637576,0.19446556,0.9795464143047758,1.0,False
Fbw5,0.025578761,-0.10209592,0.979593326327376,1.0,False
Est17,0.025570966,0.39846188,0.9795995435886832,1.0,False
Mos,0.025537662,0.16526943,0.9796261082645866,1.0,False
CG9933,0.02553589,-0.10508173,0.9796275212798954,1.0,False
CG4928,0.02547743,-0.5110485,0.9796741508209206,1.0,False
CG6465,0.02539771,-0.2800611,0.9797377366705764,1.0,False
kermit,0.025005495,0.026496675,0.9800505809180774,1.0,False
tmn,0.024938177,-0.09254675,0.9801042762658794,1.0,False
Oli,0.024830468,-0.10023452,0.9801901890097595,1.0,False
CG34309,0.024713546,0.8036506,0.9802834498141595,1.0,False
CG5882,0.024710003,0.59956294,0.9802862759033545,1.0,False
sut2,0.024707168,0.740448,0.9802885367748886,1.0,False
Pex7,0.024702918,0.65640646,0.9802919280824868,1.0,False
CtsL4,0.024700083,0.35455126,0.9802941889544167,1.0,False
COX4L,0.024698665,0.2669085,0.980295319390441,1.0,False
lncRNA:CR46118,0.02469087,-0.0061671524,0.9803015367892821,1.0,False
pre-mod(mdg4)-AB,0.024623198,0.25967303,0.9803555151658337,1.0,False
Npc2e,0.024602648,0.2838385,0.980371906523125,1.0,False
CG11741,0.024592727,-0.018258829,0.9803798195951287,1.0,False
ro,0.02459202,0.09532327,0.9803803848146314,1.0,False
asRNA:CR45960,0.024574304,-0.14828774,0.9803945153053997,1.0,False
CG6660,0.024431165,0.14215931,0.9805086898960833,1.0,False
CG8993,0.024333023,-0.088520505,0.9805869732002724,1.0,False
Mau2,0.024320975,-0.09494401,0.9805965819941889,1.0,False
CG11400,0.024233816,-0.17572631,0.9806661045280755,1.0,False
Ipk2,0.024036823,-0.13987963,0.9808232372993356,1.0,False
asRNA:CR46139,0.02377251,0.9439824,0.9810340676889913,1.0,False
CG13457,0.023771802,1.0483407,0.981034632919705,1.0,False
asRNA:CR45807,0.023752669,0.18410313,0.9810498941525758,1.0,False
Dmel_CR44404,0.023750544,-0.44063988,0.9810515898455453,1.0,False
BomT1,0.023749126,-0.12598628,0.9810527203075725,1.0,False
CG32812,0.023646377,-0.07868199,0.9811346789057753,1.0,False
Polr3D,0.023596775,-0.12505566,0.9811742451969206,1.0,False
Odc1,0.023582602,0.27482876,0.981185549860044,1.0,False
CG34180,0.023553548,-0.040689293,0.9812087244312561,1.0,False
CG16721,0.02339659,-0.13115518,0.9813339239129113,1.0,False
CG43117,0.023280734,-0.10897453,0.9814263400782336,1.0,False
Est-6,0.02317019,-0.30502284,0.9815145172023163,1.0,False
CG32829,0.023073819,0.062242642,0.9815913897512119,1.0,False
ppl,0.023046182,-0.10056833,0.9816134341166555,1.0,False
CG10214,0.02295796,-0.11114065,0.9816838066079013,1.0,False
CG13947,0.022828639,1.474497,0.9817869633284195,1.0,False
CG32459,0.022825096,1.1386102,0.9817897895442346,1.0,False
lncRNA:CR45329,0.02282297,1.1036482,0.9817914852738332,1.0,False
CG33666,0.022819428,0.6314313,0.981794311490014,1.0,False
CG6481,0.0228173,0.55730826,0.9817960072198321,1.0,False
CG12898,0.0228173,0.5436148,0.9817960072198321,1.0,False
lncRNA:CR43174,0.022814468,0.19887602,0.9817982681930508,1.0,False
CecA2,0.022813758,0.23077421,0.9817988334363784,1.0,False
CG4546,0.02281305,0.20241106,0.9817993986797151,1.0,False
asRNA:CR44995,0.02281305,0.22999,0.9817993986797151,1.0,False
CG8526,0.022810215,0.11459482,0.9818016596531531,1.0,False
CG16965,0.022808798,-0.033707798,0.981802790139927,1.0,False
asRNA:CR45142,0.022806672,-0.24380788,0.9818044858701562,1.0,False
Cyp305a1,0.022735102,-0.28136894,0.9818615755024708,1.0,False
asRNA:CR44049,0.022705695,0.0629827,0.981885033150612,1.0,False
lncRNA:CR45480,0.022701444,-0.049514655,0.9818884246191097,1.0,False
mus301,0.022667784,0.40296537,0.9819152737562643,1.0,False
lncRNA:CR44496,0.022471853,-0.09692044,0.9820715644024747,1.0,False
spoon,0.022379024,-0.15117827,0.9821456119293569,1.0,False
lncRNA:CR44713,0.0218791,1.1163907,0.9825443972317058,1.0,False
asRNA:CR46144,0.021876264,0.7344294,0.9825466582523282,1.0,False
CG18810,0.021875557,0.6714092,0.9825472235075057,1.0,False
lncRNA:CR44908,0.021875557,0.9649738,0.9825472235075057,1.0,False
lncRNA:CR40341,0.021874847,0.68233204,0.982547788762692,1.0,False
CG1077,0.021872014,0.38697898,0.9825500497835247,1.0,False
CG9514,0.021870596,0.08738225,0.9825511802939935,1.0,False
CG8519,0.021869887,0.15992823,0.9825517455492411,1.0,False
CG14567,0.021869887,-0.04864344,0.9825517455492411,1.0,False
asRNA:CR45167,0.021867054,-0.14196701,0.9825540065703191,1.0,False
Root,0.021867054,0.058260344,0.9825540065703191,1.0,False
Nepl18,0.021865636,-0.12465856,0.9825551370809106,1.0,False
CG13869,0.021863509,-0.31984097,0.9825568328468636,1.0,False
CG18473,0.021815678,-0.13984162,0.9825949876016281,1.0,False
CG14006,0.021802569,0.6820158,0.9826054448376667,1.0,False
CG34301,0.021783436,0.29883638,0.9826207067550866,1.0,False
CG18268,0.0217721,0.096863,0.9826297508573004,1.0,False
lncRNA:sphinx,0.021769973,-0.03629291,0.982631446626714,1.0,False
CG30484,0.021769265,-0.025972594,0.9826320118832027,1.0,False
lncRNA:CR45734,0.021762887,0.007976473,0.9826370991919929,1.0,False
asRNA:CR45604,0.021650217,-0.07430688,0.9827269750968564,1.0,False
Trf4-2,0.021545343,-0.073328435,0.9828106333688569,1.0,False
CG7924,0.021529399,-0.09245954,0.9828233517038115,1.0,False
CG42562,0.021268984,-0.02275662,0.9830310851237197,1.0,False
Mettl4,0.021045063,-0.063390106,0.9832097085223445,1.0,False
lncRNA:CR34044,0.020935936,1.1694403,0.9832967594716024,1.0,False
Gr66a,0.020935936,1.48732,0.9832967594716024,1.0,False
CG17764,0.020935936,0.9712334,0.9832967594716024,1.0,False
CG15545,0.02093381,0.9062989,0.9832984552712934,1.0,False
Osi5,0.02093381,0.9348824,0.9832984552712934,1.0,False
CG2861,0.020933103,0.7462457,0.983299020537874,1.0,False
Gr5a,0.020932393,0.9024748,0.9832995858044628,1.0,False
lncRNA:CR44679,0.020932393,0.71736795,0.9832995858044628,1.0,False
CG10553,0.020931685,0.6869274,0.9833001510710601,1.0,False
lncRNA:CR43751,0.020930976,0.69580925,0.9833007163376657,1.0,False
lncRNA:CR45245,0.020930976,0.5889411,0.9833007163376657,1.0,False
CG14421,0.020930976,0.3329166,0.9833007163376657,1.0,False
asRNA:CR45885,0.020930976,0.33812308,0.9833007163376657,1.0,False
CG33253,0.020930976,0.69112253,0.9833007163376657,1.0,False
CG15153,0.02092956,0.5038848,0.983301846870902,1.0,False
CG8642,0.02092956,0.22397834,0.983301846870902,1.0,False
CG14851,0.02092956,0.46823958,0.983301846870902,1.0,False
w-cup,0.020928143,-0.060873765,0.9833029774041719,1.0,False
CG43072,0.020928143,0.026756767,0.9833029774041719,1.0,False
lncRNA:CR44185,0.020928143,0.69074726,0.9833029774041719,1.0,False
CG13331,0.020928143,0.4506973,0.9833029774041719,1.0,False
CG14763,0.020927433,-0.035728745,0.9833035426708194,1.0,False
lncRNA:CR42868,0.020927433,-0.038320422,0.9833035426708194,1.0,False
lncRNA:CR44781,0.020927433,0.05483578,0.9833035426708194,1.0,False
asRNA:CR46140,0.020847715,0.36645627,0.9833671352221174,1.0,False
lncRNA:CR44717,0.020842046,0.30748406,0.9833716573631284,1.0,False
piwi,0.020823622,-0.16011591,0.9833863543251032,1.0,False
mt:tRNA:Val-TAC,0.020790316,-0.3594697,0.9834129219245172,1.0,False
Phs,0.020596158,-0.025190985,0.9835678057417028,1.0,False
drm,0.020568168,0.13341962,0.9835901339344493,1.0,False
Mt2,0.020240434,-0.1122681,0.9838515725860987,1.0,False
asRNA:CR43944,0.020219885,-0.13873348,0.9838679655542204,1.0,False
lncRNA:CR43253,0.019993482,1.5040182,0.9840485712903224,1.0,False
dysf,0.019992067,1.2828239,0.9840497018452455,1.0,False
5.8SrRNA-Psi:CR45857,0.019991357,0.95881087,0.984050267122719,1.0,False
Or83a,0.019991357,1.4520531,0.984050267122719,1.0,False
lncRNA:CR45595,0.019991357,1.3183138,0.984050267122719,1.0,False
lncRNA:CR44761,0.019991357,1.0863454,0.984050267122719,1.0,False
CG15824,0.019991357,1.2714089,0.984050267122719,1.0,False
SmydA-2,0.019991357,1.6550621,0.984050267122719,1.0,False
bgcn,0.019991357,1.2093377,0.984050267122719,1.0,False
Ass,0.01999065,1.3548037,0.9840508324002006,1.0,False
CG10841,0.01998994,0.9037323,0.9840513976776902,1.0,False
CheB38c,0.01998994,0.8717625,0.9840513976776902,1.0,False
asRNA:TS15,0.01998994,0.92129123,0.9840513976776902,1.0,False
CG9624,0.019989232,0.93023956,0.9840519629551878,1.0,False
CG14260,0.019989232,0.7602424,0.9840519629551878,1.0,False
CG8072,0.019989232,1.2251793,0.9840519629551878,1.0,False
CG7953,0.019989232,0.5583328,0.9840519629551878,1.0,False
snoRNA:CD51a,0.019989232,0.6402047,0.9840519629551878,1.0,False
CG8661,0.019988522,0.6794178,0.9840525282326934,1.0,False
edin,0.019988522,0.82612634,0.9840525282326934,1.0,False
lncRNA:CR44567,0.019988522,0.82456964,0.9840525282326934,1.0,False
CG32718,0.019988522,0.65797293,0.9840525282326934,1.0,False
antr,0.019988522,0.59855145,0.9840525282326934,1.0,False
CG8665,0.019987814,0.43336266,0.984053093510207,1.0,False
lncRNA:CR43656,0.019987106,0.23068449,0.9840536587877285,1.0,False
CG32846,0.019987106,-0.14126278,0.9840536587877285,1.0,False
CG7848,0.019986397,0.5367144,0.9840542240652582,1.0,False
robls54B,0.019985689,0.21459408,0.9840547893427958,1.0,False
Spn88Eb,0.01998498,0.08624739,0.9840553546203414,1.0,False
asRNA:CR43786,0.019895695,0.2652512,0.9841265796550449,1.0,False
CG34244,0.0198879,0.16958682,0.9841327977196433,1.0,False
ImpL1,0.0198879,0.25794357,0.9841327977196433,1.0,False
snoRNA:CD20,0.019875854,-0.17118317,0.9841424074577367,1.0,False
lncRNA:CR44620,0.019871602,-0.31286824,0.9841457991305544,1.0,False
lncRNA:CR44834,0.019868767,-0.49769148,0.9841480602459254,1.0,False
CG7794,0.019773105,-0.16956535,0.9842243729642526,1.0,False
lncRNA:CR45414,0.019681694,0.018308848,0.9842972941410877,1.0,False
asRNA:CR45214,0.01951517,-0.075942166,0.9844301353813858,1.0,False
JMJD4,0.019183895,-0.16010167,0.9846944059373305,1.0,False
CG10864,0.019140314,-0.28502986,0.9847291710665727,1.0,False
Mst27D,0.019049613,3.6146865,0.984801527851238,1.0,False
lncRNA:CR43498,0.019049613,1.5244781,0.984801527851238,1.0,False
CG14627,0.019048903,1.8653872,0.9848020931391112,1.0,False
Dic4,0.019048195,1.4163637,0.984802658426992,1.0,False
lncRNA:CR43285,0.019047486,1.5077282,0.9848032237148804,1.0,False
tRNA:Gln-CTG-1-1,0.019047486,1.247692,0.9848032237148804,1.0,False
CG31230,0.019047486,1.2588401,0.9848032237148804,1.0,False
lncRNA:CR33938,0.019047486,1.2592243,0.9848032237148804,1.0,False
CG34382,0.019047486,1.471246,0.9848032237148804,1.0,False
CG13445,0.019047486,1.5128258,0.9848032237148804,1.0,False
CG12934,0.019047486,1.4998771,0.9848032237148804,1.0,False
CG4781,0.019047486,1.5231733,0.9848032237148804,1.0,False
CG11333,0.019047486,1.6163144,0.9848032237148804,1.0,False
CG15483,0.019046778,1.5474669,0.9848037890027764,1.0,False
lncRNA:CR44048,0.019046778,0.7126006,0.9848037890027764,1.0,False
asRNA:CR45140,0.019046778,0.9741433,0.9848037890027764,1.0,False
CG2574,0.019046778,0.6842582,0.9848037890027764,1.0,False
CG6938,0.019046778,0.903494,0.9848037890027764,1.0,False
lncRNA:CR44126,0.019046778,1.5330707,0.9848037890027764,1.0,False
lncRNA:CR46253,0.019046778,1.1388153,0.9848037890027764,1.0,False
CG15676,0.019046778,1.1592665,0.9848037890027764,1.0,False
CG42470,0.019046778,1.2839222,0.9848037890027764,1.0,False
CG7742,0.019046778,1.2693139,0.9848037890027764,1.0,False
mir-4968,0.019046778,1.194751,0.9848037890027764,1.0,False
Pif1,0.019046068,0.67617667,0.98480435429068,1.0,False
CG11131,0.019046068,0.86234826,0.98480435429068,1.0,False
asRNA:CR44959,0.019046068,0.9408785,0.98480435429068,1.0,False
Cpr47Ee,0.019046068,1.081864,0.98480435429068,1.0,False
CG5892,0.019046068,0.72958916,0.98480435429068,1.0,False
CG30222,0.01904536,0.4331389,0.9848049195785914,1.0,False
CG11951,0.01904536,0.5627356,0.9848049195785914,1.0,False
CG33773,0.01904536,0.8129396,0.9848049195785914,1.0,False
asRNA:CR46109,0.01904536,0.6579026,0.9848049195785914,1.0,False
Ir60a,0.019044653,0.6316852,0.9848054848665103,1.0,False
CG5731,0.019044653,-0.28001827,0.9848054848665103,1.0,False
CG14626,0.019043943,0.03981308,0.9848060501544369,1.0,False
CG17570,0.019043943,0.13318047,0.9848060501544369,1.0,False
lncRNA:CR45884,0.019043943,-0.2691118,0.9848060501544369,1.0,False
GstD4,0.019043943,0.2564779,0.9848060501544369,1.0,False
snoRNA:Psi28S-3405b,0.019043943,-0.32346815,0.9848060501544369,1.0,False
CG44329,0.019043943,0.2663965,0.9848060501544369,1.0,False
Gr68a,0.019043943,0.24093165,0.9848060501544369,1.0,False
CG30026,0.019043943,0.46006256,0.9848060501544369,1.0,False
CG6865,0.018968476,0.65882266,0.9848662533622263,1.0,False
lncRNA:CR45327,0.018942965,0.13550107,0.9848866037618308,1.0,False
wus,0.018927377,-0.24500187,0.9848990401219865,1.0,False
CG14237,0.018923124,-0.21195227,0.9849024318572115,1.0,False
CG30203,0.01868822,0.11893765,0.9850898256506992,1.0,False
Argk2,0.018681489,-0.030891152,0.9850951959224158,1.0,False
PGRP-SA,0.018658813,-0.27839312,0.985113285263692,1.0,False
CG10939,0.018428514,-0.13112907,0.9852970055680179,1.0,False
CG31612,0.018162075,-0.16091774,0.9855095568000138,1.0,False
CG7173,0.018105032,2.356101,0.9855550632485016,1.0,False
CheA87a,0.018105032,3.2756302,0.9855550632485016,1.0,False
c-cup,0.018105032,2.7766457,0.9855550632485016,1.0,False
asRNA:CR44807,0.018105032,3.0344565,0.9855550632485016,1.0,False
lncRNA:CR43151,0.018105032,3.0905962,0.9855550632485016,1.0,False
Cpr47Ea,0.018105032,2.2394278,0.9855550632485016,1.0,False
Mur89F,0.018105032,1.855824,0.9855550632485016,1.0,False
CG13481,0.018105032,2.8754108,0.9855550632485016,1.0,False
Cda4,0.018105032,2.3936915,0.9855550632485016,1.0,False
CG30485,0.018105032,5.233331,0.9855550632485016,1.0,False
CG15128,0.018105032,2.8607047,0.9855550632485016,1.0,False
spz6,0.018105032,4.255023,0.9855550632485016,1.0,False
Cdk1,0.018105032,3.28888,0.9855550632485016,1.0,False
CG11630,0.018105032,2.0869908,0.9855550632485016,1.0,False
lncRNA:CR46220,0.018104324,2.3476276,0.9855556285462942,1.0,False
CG3769,0.018104324,2.1148708,0.9855556285462942,1.0,False
spo,0.018104324,1.8502657,0.9855556285462942,1.0,False
snRNA:U4:38AB,0.018104324,1.9227792,0.9855556285462942,1.0,False
lncRNA:CR44803,0.018104324,1.7238891,0.9855556285462942,1.0,False
CG42544,0.018104324,2.1498322,0.9855556285462942,1.0,False
Vml,0.018104324,3.1922266,0.9855556285462942,1.0,False
Ir56c,0.018104324,1.879353,0.9855556285462942,1.0,False
CG12729,0.018103614,1.643646,0.9855561938440941,1.0,False
CG15306,0.018103614,1.6916776,0.9855561938440941,1.0,False
mir-317,0.018103614,1.4892098,0.9855561938440941,1.0,False
CG32639,0.018103614,1.5877931,0.9855561938440941,1.0,False
CG42460,0.018103614,1.575016,0.9855561938440941,1.0,False
Spn43Aa,0.018103614,1.5747744,0.9855561938440941,1.0,False
GstD7,0.018103614,1.346288,0.9855561938440941,1.0,False
lncRNA:CR45174,0.018103614,1.7430297,0.9855561938440941,1.0,False
ase,0.018103614,1.4560461,0.9855561938440941,1.0,False
CG33722,0.018102907,0.48453242,0.9855567591419011,1.0,False
CG13074,0.018102907,1.4739838,0.9855567591419011,1.0,False
CG43295,0.018102907,1.0316042,0.9855567591419011,1.0,False
CG13949,0.018102907,0.92020947,0.9855567591419011,1.0,False
lncRNA:CR45949,0.018102907,1.1897045,0.9855567591419011,1.0,False
CG43165,0.018102907,-0.77788794,0.9855567591419011,1.0,False
lncRNA:CR45118,0.018102907,0.94835377,0.9855567591419011,1.0,False
Lsp1gamma,0.018102907,0.8816547,0.9855567591419011,1.0,False
CG32568,0.018102907,0.73131704,0.9855567591419011,1.0,False
snoRNA:CD58a,0.018102907,0.8767901,0.9855567591419011,1.0,False
CG30383,0.018102907,0.63338727,0.9855567591419011,1.0,False
Vm34Ca,0.018102907,1.3065547,0.9855567591419011,1.0,False
CG3457,0.018102907,0.9217349,0.9855567591419011,1.0,False
CG12224,0.018102907,0.88131255,0.9855567591419011,1.0,False
CG13442,0.018102907,0.95897,0.9855567591419011,1.0,False
CG13144,0.018102907,1.002071,0.9855567591419011,1.0,False
CG14693,0.018102907,0.99548465,0.9855567591419011,1.0,False
lncRNA:CR44430,0.018102907,0.9661701,0.9855567591419011,1.0,False
kni,0.018102907,1.2453986,0.9855567591419011,1.0,False
elfless,0.018102907,0.99442303,0.9855567591419011,1.0,False
CG32107,0.018102907,0.67709386,0.9855567591419011,1.0,False
CG5235,0.018102907,0.84501016,0.9855567591419011,1.0,False
CG13069,0.018012205,0.30230996,0.9856291173209788,1.0,False
CG31272,0.018007245,0.30383068,0.9856330744123117,1.0,False
CG43317,0.018006535,0.12071862,0.9856336397111024,1.0,False
Nuf2,0.018005118,0.25519606,0.9856347703087055,1.0,False
CG17190,0.0180037,0.14869514,0.9856359009063373,1.0,False
Dmel_CR43428,0.017990237,-0.12650073,0.9856466415852788,1.0,False
CG34454,0.017935675,0.38278463,0.9856901696265512,1.0,False
lncRNA:CR44450,0.017897408,0.09690873,0.9857206958107854,1.0,False
CG34450,0.017888905,-0.10894149,0.9857274794101225,1.0,False
asRNA:CR44179,0.017461613,-0.18999982,0.9860683565951666,1.0,False
CG6678,0.017398192,-0.11055931,0.9861189513541682,1.0,False
Cdk8,0.017213598,-0.07547836,0.9862662135115943,1.0,False
lncRNA:CR45346,0.01716116,16.520376,0.9863080462253677,1.0,False
Kaz-m1,0.01716116,17.7252,0.9863080462253677,1.0,False
asRNA:CR45924,0.01716116,17.727272,0.9863080462253677,1.0,False
Cpr35B,0.01716116,17.450043,0.9863080462253677,1.0,False
CG10510,0.01716116,16.899525,0.9863080462253677,1.0,False
CG30065,0.01716116,15.708974,0.9863080462253677,1.0,False
lncRNA:CR45355,0.01716116,15.9413805,0.9863080462253677,1.0,False
lncRNA:CR45338,0.01716116,17.552078,0.9863080462253677,1.0,False
lncRNA:CR45959,0.01716116,16.637947,0.9863080462253677,1.0,False
CG10752,0.01716116,17.11926,0.9863080462253677,1.0,False
eloF,0.01716116,17.216274,0.9863080462253677,1.0,False
CG14072,0.01716116,16.737473,0.9863080462253677,1.0,False
Cyp316a1,0.01716116,16.93996,0.9863080462253677,1.0,False
CG33927,0.01716116,17.297508,0.9863080462253677,1.0,False
asRNA:CR43463,0.01716116,17.025328,0.9863080462253677,1.0,False
insb,0.01716116,16.053753,0.9863080462253677,1.0,False
lncRNA:CR45652,0.01716116,17.262259,0.9863080462253677,1.0,False
CG1801,0.01716116,16.808813,0.9863080462253677,1.0,False
Gr47a,0.01716116,16.32634,0.9863080462253677,1.0,False
CG34217,0.01716116,14.374719,0.9863080462253677,1.0,False
pHCl-2,0.01716116,16.531704,0.9863080462253677,1.0,False
CG13423,0.01716116,16.872942,0.9863080462253677,1.0,False
Jig,0.01716116,16.864304,0.9863080462253677,1.0,False
Gpo3,0.01716116,17.131569,0.9863080462253677,1.0,False
Osi1,0.01716116,17.237188,0.9863080462253677,1.0,False
CG6299,0.01716116,15.372914,0.9863080462253677,1.0,False
lncRNA:CR44712,0.01716116,15.19149,0.9863080462253677,1.0,False
ATPsynGL,0.01716116,15.927214,0.9863080462253677,1.0,False
CG8907,0.01716116,17.570305,0.9863080462253677,1.0,False
CG10486,0.01716116,16.74121,0.9863080462253677,1.0,False
lncRNA:CR44256,0.01716116,16.15328,0.9863080462253677,1.0,False
Spn28B,0.01716116,17.41767,0.9863080462253677,1.0,False
snoRNA:Psi18S-996,0.01716116,16.326029,0.9863080462253677,1.0,False
CG9961,0.01716116,16.679008,0.9863080462253677,1.0,False
lncRNA:CR45578,0.01716116,16.498758,0.9863080462253677,1.0,False
AQP,0.01716116,17.619722,0.9863080462253677,1.0,False
HP6,0.01716116,16.622555,0.9863080462253677,1.0,False
CG13059,0.01716116,16.588514,0.9863080462253677,1.0,False
asRNA:CR46081,0.01716116,16.879955,0.9863080462253677,1.0,False
SkpC,0.01716116,16.815765,0.9863080462253677,1.0,False
CG8087,0.01716116,16.008621,0.9863080462253677,1.0,False
Osi20,0.01716116,17.034977,0.9863080462253677,1.0,False
lncRNA:CR44665,0.01716116,16.742338,0.9863080462253677,1.0,False
lncRNA:CR45215,0.01716116,16.93599,0.9863080462253677,1.0,False
asRNA:CR45210,0.01716116,15.945228,0.9863080462253677,1.0,False
Chs2,0.01716116,16.443148,0.9863080462253677,1.0,False
CG15308,0.01716116,16.812454,0.9863080462253677,1.0,False
Sgs3,0.01716116,16.318096,0.9863080462253677,1.0,False
CG14826,0.01716116,17.186731,0.9863080462253677,1.0,False
CG32642,0.01716116,16.62043,0.9863080462253677,1.0,False
mir-4953,0.01716116,17.038244,0.9863080462253677,1.0,False
lncRNA:CR44971,0.01716116,16.802492,0.9863080462253677,1.0,False
lncRNA:CR43682,0.01716116,16.243916,0.9863080462253677,1.0,False
CG18266,0.01716116,16.108488,0.9863080462253677,1.0,False
Cht4,0.01716116,17.641447,0.9863080462253677,1.0,False
CG14187,0.01716116,17.705017,0.9863080462253677,1.0,False
lncRNA:CR44537,0.01716116,17.464268,0.9863080462253677,1.0,False
snoRNA:Psi28S-2179,0.01716116,17.19198,0.9863080462253677,1.0,False
p-cup,0.01716116,16.789543,0.9863080462253677,1.0,False
snoRNA:Psi28S-1232,0.01716116,17.10931,0.9863080462253677,1.0,False
CG10588,0.01716116,16.330061,0.9863080462253677,1.0,False
CG13062,0.01716116,16.227139,0.9863080462253677,1.0,False
CG11211,0.01716116,17.231245,0.9863080462253677,1.0,False
Vha16-4,0.01716116,16.438215,0.9863080462253677,1.0,False
lncRNA:CR45754,0.01716116,16.703024,0.9863080462253677,1.0,False
asRNA:CR43433,0.01716116,17.08469,0.9863080462253677,1.0,False
CG32651,0.01716116,16.63643,0.9863080462253677,1.0,False
CG15919,0.01716116,16.74999,0.9863080462253677,1.0,False
snoRNA:Psi18S-525f,0.01716116,16.66252,0.9863080462253677,1.0,False
lncRNA:CR44504,0.01716116,16.866596,0.9863080462253677,1.0,False
lncRNA:CR43848,0.01716116,17.073751,0.9863080462253677,1.0,False
asRNA:CR45830,0.01716116,17.60066,0.9863080462253677,1.0,False
CG31106,0.01716116,16.705889,0.9863080462253677,1.0,False
CG34161,0.01716116,17.068947,0.9863080462253677,1.0,False
CG11249,0.01716116,16.461662,0.9863080462253677,1.0,False
CG30411,0.01716116,17.058722,0.9863080462253677,1.0,False
CG15879,0.01716116,16.933573,0.9863080462253677,1.0,False
snoRNA:Psi18S-841c,0.01716116,17.633137,0.9863080462253677,1.0,False
CG31910,0.01716116,16.388186,0.9863080462253677,1.0,False
lncRNA:CR44752,0.01716116,17.357029,0.9863080462253677,1.0,False
CG17030,0.017133527,-0.14073198,0.9863300932112954,1.0,False
CG3339,0.017061602,0.14203805,0.986387471954337,1.0,False
PGRP-SD,0.017048847,-0.33667684,0.9863976475023339,1.0,False
Aasdh,0.01702936,-0.14400077,0.9864131934827126,1.0,False
lncRNA:CR44472,0.016946098,0.009168893,0.9864796172750978,1.0,False
lncRNA:CR45819,0.016835554,-0.13369061,0.9865678056037687,1.0,False
CG32055,0.016717926,0.10052618,0.9866616472106483,1.0,False
asRNA:CR44165,0.016664779,0.022619536,0.9867040455876113,1.0,False
CG31223,0.01643625,-0.18549852,0.986886359034942,1.0,False
Ssl2,0.0161358,0.7786214,0.9871260527937713,1.0,False
CG15873,0.016135091,0.8521858,0.9871266181106223,1.0,False
CG43331,0.01613084,0.6162974,0.9871300100118641,1.0,False
Myo61F,0.016127298,0.6856029,0.9871328365964099,1.0,False
CG12589,0.016123045,0.41577703,0.9871362284980781,1.0,False
stg,0.016122337,0.3169607,0.9871367938150454,1.0,False
CG32161,0.016122337,0.28528267,0.9871367938150454,1.0,False
lncRNA:CR44363,0.016122337,0.19032341,0.9871367938150454,1.0,False
CG13501,0.016121628,0.2934423,0.9871373591320192,1.0,False
CG15674,0.016117377,-0.0012519106,0.9871407510339973,1.0,False
CG13051,0.016117377,-0.030844204,0.9871407510339973,1.0,False
Xkr,0.01611596,0.03579388,0.9871418816680417,1.0,False
CG8925,0.016113125,-0.12433807,0.987144142936208,1.0,False
Skel,0.016109582,-0.08755534,0.9871469695215611,1.0,False
snRNA:U4:39B,0.016033052,0.16409384,0.9872080238045056,1.0,False
lncRNA:CR45921,0.016030926,0.13794912,0.9872097197578806,1.0,False
CG43229,0.016003998,-0.029482339,0.9872312018389646,1.0,False
BomS5,0.01598841,-0.14425287,0.9872436388375087,1.0,False
CG5704,0.015980614,-0.17836717,0.9872498573379433,1.0,False
lncRNA:CR43951,0.015899124,-0.09202494,0.987314868979706,1.0,False
ato,0.015882118,-0.13233297,0.9873284366373205,1.0,False
Rpn11,0.01586263,-0.116627336,0.9873439829161754,1.0,False
CG32228,0.01580488,-0.1462786,0.9873900564617114,1.0,False
CG14505,0.015771927,0.14351943,0.9874163438408998,1.0,False
Ilp7,0.015738977,0.123578615,0.9874426312337494,1.0,False
Orc6,0.015692918,-0.05617504,0.9874793770745525,1.0,False
CG10646,0.015268459,-0.17102598,0.9878180053707005,1.0,False
Or45b,0.015185906,0.702099,0.9878838657218506,1.0,False
lncRNA:CR43937,0.01517882,0.297125,0.9878895189747305,1.0,False
CG32260,0.015177403,0.33644503,0.9878906496253794,1.0,False
comm2,0.015176694,0.25087744,0.9878912149507131,1.0,False
snoRNA:CD54b,0.015174569,-0.104244456,0.9878929109267504,1.0,False
OS9,0.015169608,-0.1448263,0.9878968682043834,1.0,False
CG17781,0.015168191,-0.22894527,0.9878979988551904,1.0,False
ND-PDSW,0.015168191,0.008140748,0.9878979988551904,1.0,False
pre-lola-G,0.015083157,-0.24456589,0.9879658379480071,1.0,False
CG43779,0.014961276,-0.0765369,0.988063074132654,1.0,False
CG2930,0.014957733,0.028901363,0.9880659007685878,1.0,False
ENGase,0.0147738485,-0.2381349,0.988212603378361,1.0,False
CG5346,0.014749046,0.12620045,0.9882323898881326,1.0,False
gfzf,0.014702633,-0.26200107,0.9882694189472853,1.0,False
CG14671,0.0145091815,-0.08179663,0.9884237540757524,1.0,False
Pfas,0.0144450525,-0.2890299,0.9884749165493926,1.0,False
asRNA:CR45371,0.014250184,1.7558514,0.9886303829194552,1.0,False
mthl11,0.014244515,0.80488026,0.988634905583984,1.0,False
Npc2f,0.014242389,0.7867629,0.9886366015832766,1.0,False
asRNA:CR45149,0.0142416805,0.6208495,0.9886371669163855,1.0,False
CG15927,0.014240972,0.6474101,0.9886377322495001,1.0,False
mir-4955,0.014240264,0.56357867,0.9886382975826205,1.0,False
CG6800,0.014237429,0.57605827,0.9886405589151588,1.0,False
CG43679,0.01423672,0.36056998,0.9886411242483076,1.0,False
CG33477,0.014235303,0.1937999,0.9886422549146224,1.0,False
CG7886,0.014234595,0.29063082,0.9886428202477885,1.0,False
RhoGEF4,0.014234595,-0.006622845,0.9886428202477885,1.0,False
CG11475,0.014233886,-0.12321394,0.9886433855809601,1.0,False
insc,0.0142331775,0.18398204,0.9886439509141375,1.0,False
CG15199,0.01423176,0.012856826,0.9886450815805093,1.0,False
Pig1,0.014231051,-0.05943102,0.9886456469137037,1.0,False
lncRNA:CR44333,0.014228926,-0.49494126,0.9886473429133213,1.0,False
Dnaaf4,0.014228926,-0.26105776,0.9886473429133213,1.0,False
lncRNA:CR44949,0.0142268,-0.40746275,0.9886490389129903,1.0,False
CG9876,0.014163025,0.34415254,0.9886999189268747,1.0,False
CG14354,0.014162316,0.47605878,0.9887004842606208,1.0,False
CG33234,0.014125468,-0.038527623,0.9887298816232316,1.0,False
Obp56a,0.014124051,-0.0028678086,0.9887310122913302,1.0,False
Cyp6g2,0.0141162565,-0.15419114,0.9887372309662766,1.0,False
Obp83a,0.014031577,-0.24815366,0.9888047884335733,1.0,False
CG6652,0.01398658,-0.2385349,0.9888406872041162,1.0,False
Spn42Dd,0.01398658,-0.18771136,0.9888406872041162,1.0,False
CG8560,0.013883123,-0.11801629,0.9889232261951877,1.0,False
GstD2,0.013842024,-0.24117857,0.9889560156903461,1.0,False
Gr77a,0.013615268,0.01052258,0.9891369235837131,1.0,False
lncRNA:CR44474,0.013365128,-0.1257022,0.9893364882511047,1.0,False
CG13014,0.013312691,-0.108179115,0.9893783234221941,1.0,False
CG6106,0.013303833,1.1481978,0.9893853901769537,1.0,False
Xrcc2,0.013302416,1.3358529,0.9893865208577926,1.0,False
CG34288,0.013299582,0.73189706,0.9893887822195342,1.0,False
CG13694,0.013299582,1.071799,0.9893887822195342,1.0,False
CG16995,0.013297455,0.8479276,0.9893904782408963,1.0,False
asRNA:CR45467,0.013296747,0.5712802,0.989391043581361,1.0,False
CG34212,0.013296747,0.8190787,0.989391043581361,1.0,False
CG15564,0.013296038,0.41540948,0.989391608921831,1.0,False
ppk9,0.01329533,0.4858065,0.9893921742623064,1.0,False
CG17109,0.013293913,0.45775855,0.989393304943273,1.0,False
CG14418,0.013291786,0.23244523,0.9893950009647631,1.0,False
CG33655,0.013290369,0.30242914,0.989396131645783,1.0,False
LUBEL,0.013290369,0.04391975,0.989396131645783,1.0,False
CG32811,0.013289661,-0.026566004,0.989396696986301,1.0,False
CG31087,0.013288952,-0.23491769,0.9893972623268242,1.0,False
asRNA:CR45892,0.013288244,-0.24911061,0.9893978276673528,1.0,False
CG13358,0.013286826,-0.12938465,0.9893989583484261,1.0,False
CG31495,0.013286826,-0.3145703,0.9893989583484261,1.0,False
lncRNA:CR45680,0.013283992,-0.23853073,0.9894012197106362,1.0,False
Obp57e,0.013213485,0.3005158,0.9894574711229713,1.0,False
Gagr,0.013189392,9.43326e-05,0.9894766927231333,1.0,False
CG30274,0.013187975,0.123639405,0.9894778234056861,1.0,False
Elovl7,0.01317522,-0.080755286,0.989487999549612,1.0,False
asRNA:CR43959,0.012892839,-0.19474337,0.9897132885043337,1.0,False
lncRNA:CR44392,0.012793632,-0.22042304,0.9897924366388733,1.0,False
Sgs4,0.012773083,-0.27818757,0.9898088316221846,1.0,False
CG15539,0.0124807805,-0.026140124,0.9900420365888293,1.0,False
CG31321,0.012356773,1.424825,0.9901409722874073,1.0,False
lncRNA:CR45687,0.012356773,1.0417359,0.9901409722874073,1.0,False
CG15333,0.012356064,0.8438921,0.9901415376346934,1.0,False
PGRP-LD,0.012356064,1.033628,0.9901415376346934,1.0,False
CG6661,0.0123553565,0.75014794,0.9901421029819845,1.0,False
dec2,0.012353939,0.63030076,0.9901432336765813,1.0,False
Cby,0.012353939,0.83743215,0.9901432336765813,1.0,False
asRNA:CR45518,0.012353939,0.72360003,0.9901432336765813,1.0,False
lncRNA:CR45014,0.01235323,0.73963726,0.9901437990238873,1.0,False
CG12963,0.01235323,0.98268944,0.9901437990238873,1.0,False
lncRNA:CR44066,0.01235323,0.5769911,0.9901437990238873,1.0,False
lncRNA:CR45732,0.01235323,0.8012691,0.9901437990238873,1.0,False
CG14655,0.0123525215,0.61514956,0.9901443643711981,1.0,False
CG5819,0.0123525215,0.6375655,0.9901443643711981,1.0,False
CanA1,0.012351813,0.3413336,0.9901449297185139,1.0,False
lncRNA:CR44552,0.012351104,0.3503957,0.9901454950658346,1.0,False
CG14212,0.012351104,0.31699654,0.9901454950658346,1.0,False
lncRNA:CR46085,0.012350395,0.09370658,0.9901460604131602,1.0,False
Unc-115b,0.0123496875,0.29122782,0.990146625760491,1.0,False
CG14107,0.012348979,0.19414149,0.9901471911078265,1.0,False
CG9570,0.012348979,0.024038509,0.9901471911078265,1.0,False
GstD8,0.012348979,0.06483712,0.9901471911078265,1.0,False
CG14456,0.012348979,0.27140146,0.9901471911078265,1.0,False
lncRNA:CR46043,0.012347561,-0.0021593561,0.9901483218025124,1.0,False
asRNA:CR46251,0.012345435,-0.47289154,0.9901500178445786,1.0,False
trabl,0.012270323,0.40898776,0.9902099446927622,1.0,False
lncRNA:CR45112,0.012249065,0.01421731,0.9902269051315361,1.0,False
CG14837,0.012232058,-0.23676117,0.9902404734857353,1.0,False
hkb,0.012131435,-0.05242144,0.990320752972371,1.0,False
CG43366,0.012125057,-0.12459493,0.9903258411121588,1.0,False
lncRNA:CR45380,0.012120806,-0.24358918,0.9903292332055693,1.0,False
Duox,0.012098839,-0.12590574,0.9903467590243069,1.0,False
sut1,0.012064117,-0.44478676,0.9903744611343888,1.0,False
TwdlE,0.011946487,-0.08167305,0.9904683091852043,1.0,False
CG34331,0.011571632,-0.395669,0.9907673800519373,1.0,False
lncRNA:CR45558,0.0114359325,-0.28741416,0.9908756451584126,1.0,False
snoRNA:Psi28S-3436b,0.011413257,0.9199505,0.9908937364720153,1.0,False
asRNA:CR43833,0.011411839,1.3845223,0.990894867179271,1.0,False
CG14313,0.01141113,1.1218189,0.9908954325329058,1.0,False
CG31551,0.01141113,1.373686,0.9908954325329058,1.0,False
Gr47b,0.01141113,1.2982157,0.9908954325329058,1.0,False
Dmel_CG43189,0.01141113,0.9450685,0.9908954325329058,1.0,False
CG4744,0.011410422,0.5668169,0.990895997886545,1.0,False
asRNA:CR45396,0.011410422,0.6359929,0.990895997886545,1.0,False
CG12057,0.011409714,1.0919181,0.9908965632401889,1.0,False
Amy-p,0.011409714,0.93809307,0.9908965632401889,1.0,False
Itgbn,0.011409005,0.5477159,0.9908971285938373,1.0,False
CG30393,0.011409005,0.40514672,0.9908971285938373,1.0,False
shu,0.011409005,0.5031907,0.9908971285938373,1.0,False
Alms1b,0.011408296,0.49728048,0.9908976939474904,1.0,False
CG14325,0.011408296,0.31716964,0.9908976939474904,1.0,False
CG9312,0.011408296,0.14263296,0.9908976939474904,1.0,False
lncRNA:CR43761,0.011408296,0.29913852,0.9908976939474904,1.0,False
CG13031,0.011408296,0.4472402,0.9908976939474904,1.0,False
CG45066,0.011407588,0.25040603,0.9908982593011479,1.0,False
TwdlD,0.011407588,0.4040778,0.9908982593011479,1.0,False
CG34203,0.011407588,-0.08312261,0.9908982593011479,1.0,False
CG10750,0.011407588,0.35219654,0.9908982593011479,1.0,False
CG14644,0.011406879,0.29779527,0.99089882465481,1.0,False
CG15120,0.011406879,0.36126223,0.99089882465481,1.0,False
Cyp4p2,0.011406879,0.38012856,0.99089882465481,1.0,False
lncRNA:CR45378,0.011406879,0.11330196,0.99089882465481,1.0,False
CG1387,0.011406879,0.272321,0.99089882465481,1.0,False
CG32240,0.01140617,-0.11028828,0.9908993900084768,1.0,False
CG7142,0.01140617,0.060763575,0.9908993900084768,1.0,False
CG6576,0.0114054615,-0.10080717,0.990899955362148,1.0,False
CG45105,0.0114054615,-0.34491464,0.990899955362148,1.0,False
CG42792,0.0114054615,-0.02232847,0.990899955362148,1.0,False
CecA1,0.011404754,-0.43638587,0.9909005207158239,1.0,False
CG17264,0.011404754,-0.85698503,0.9909005207158239,1.0,False
CG9445,0.011404754,-0.46435347,0.9909005207158239,1.0,False
CG31788,0.011391644,-0.22276954,0.990910979759651,1.0,False
CG16710,0.0113271605,0.41097146,0.9909624269709092,1.0,False
CG10177,0.011320783,0.27426875,0.9909675151586835,1.0,False
CG34222,0.01131724,0.306299,0.990970341929828,1.0,False
lncRNA:CR45563,0.011315114,0.18756212,0.9909720379925692,1.0,False
CG6753,0.011299524,-0.10149287,0.99098447578725,1.0,False
CG15695,0.011298816,-0.18805425,0.9909850411416058,1.0,False
CG12923,0.011226892,0.029609904,0.991042424632212,1.0,False
Grip128,0.011195004,-0.100524314,0.9910678656034815,1.0,False
Caf1-180,0.0111935865,-0.15184736,0.9910689963135267,1.0,False
CG32115,0.011172328,-0.18104108,0.9910859569663557,1.0,False
l(3)73Ah,0.011133709,-0.14297605,0.9911167688292958,1.0,False
GstE7,0.0110291885,0.041967534,0.9912001587999002,1.0,False
CG10927,0.011027063,-0.12427218,0.9912018548680995,1.0,False
CG9777,0.011009702,-0.31940046,0.9912157060932146,1.0,False
lncRNA:CR46095,0.010971082,-0.06463286,0.9912465180116331,1.0,False
CG2209,0.010783301,0.17947263,0.9913963376166889,1.0,False
Try29F,0.010484266,-0.10438548,0.9916349188948381,1.0,False
asRNA:CR44989,0.010471157,0.051417872,0.99164537804397,1.0,False
lncRNA:CR44183,0.010468323,1.9967355,0.991647639481809,1.0,False
tomboy20,0.010468323,3.7153177,0.991647639481809,1.0,False
lmd,0.010468323,2.2088225,0.991647639481809,1.0,False
lncRNA:CR45610,0.010468323,1.7948295,0.991647639481809,1.0,False
lncRNA:CR46039,0.010467614,1.6637955,0.9916482048412791,1.0,False
lncRNA:CR45940,0.010467614,1.7162158,0.9916482048412791,1.0,False
lncRNA:CR44470,0.010467614,1.4869062,0.9916482048412791,1.0,False
Spn42Db,0.010467614,1.2086337,0.9916482048412791,1.0,False
CG44088,0.010467614,1.6194417,0.9916482048412791,1.0,False
CG32241,0.010467614,1.3282574,0.9916482048412791,1.0,False
Vha16-5,0.010466905,1.09541,0.9916487702007536,1.0,False
CG13405,0.010466905,0.89813375,0.9916487702007536,1.0,False
yl,0.010466905,0.70027554,0.9916487702007536,1.0,False
CG15594,0.010466905,0.6420342,0.9916487702007536,1.0,False
CG8927,0.010466905,1.2669672,0.9916487702007536,1.0,False
CG15212,0.010466905,1.1955086,0.9916487702007536,1.0,False
snoRNA:Psi28S-2876,0.010466905,0.93472713,0.9916487702007536,1.0,False
asRNA:CR44375,0.010466905,0.7478949,0.9916487702007536,1.0,False
mms4,0.010466905,0.81711596,0.9916487702007536,1.0,False
lncRNA:CR45655,0.010466197,1.2920879,0.9916493355602322,1.0,False
CG12446,0.010466197,1.056683,0.9916493355602322,1.0,False
CG10205,0.010466197,0.8293959,0.9916493355602322,1.0,False
asRNA:CR46092,0.010466197,0.6632084,0.9916493355602322,1.0,False
Esp,0.010466197,0.53455454,0.9916493355602322,1.0,False
krimp,0.010466197,0.8644763,0.9916493355602322,1.0,False
CG42692,0.010466197,0.41209316,0.9916493355602322,1.0,False
CG34054,0.010466197,0.27604908,0.9916493355602322,1.0,False
AttD,0.010466197,0.7189906,0.9916493355602322,1.0,False
CG43997,0.010466197,0.8474154,0.9916493355602322,1.0,False
Cpr47Ef,0.010466197,0.8183742,0.9916493355602322,1.0,False
Sfp26Ad,0.010466197,-0.16093965,0.9916493355602322,1.0,False
CG14383,0.010466197,0.86176157,0.9916493355602322,1.0,False
CG42571,0.010466197,0.59224033,0.9916493355602322,1.0,False
snoRNA:CD68,0.010466197,0.7412874,0.9916493355602322,1.0,False
lncRNA:CR43974,0.010466197,0.9976041,0.9916493355602322,1.0,False
snoRNA:Psi18S-525a,0.010465488,0.104435265,0.991649900919715,1.0,False
CG10064,0.010465488,0.33493125,0.991649900919715,1.0,False
CG10912,0.010465488,-0.14785287,0.991649900919715,1.0,False
vanin-like,0.010465488,0.42874798,0.991649900919715,1.0,False
ppk,0.010465488,0.19201191,0.991649900919715,1.0,False
CG6055,0.010465488,0.53214514,0.991649900919715,1.0,False
CG8252,0.010465488,0.038635295,0.991649900919715,1.0,False
CG10116,0.010465488,0.65483975,0.991649900919715,1.0,False
CG15125,0.010465488,0.18854009,0.991649900919715,1.0,False
CG10920,0.010465488,0.32919917,0.991649900919715,1.0,False
CG43139,0.010465488,0.19913937,0.991649900919715,1.0,False
CG43185,0.010465488,0.10747691,0.991649900919715,1.0,False
lncRNA:CR44494,0.01046478,0.00043139406,0.9916504662792021,1.0,False
asRNA:CR44386,0.01046478,0.21065,0.9916504662792021,1.0,False
CG9416,0.01046478,0.13077496,0.9916504662792021,1.0,False
lncRNA:CR43752,0.01046478,0.25282735,0.9916504662792021,1.0,False
lncRNA:CR43803,0.01046478,0.45527792,0.9916504662792021,1.0,False
upd3,0.01046478,0.29608476,0.9916504662792021,1.0,False
lncRNA:CR43626,0.010464071,-0.27945724,0.9916510316386932,1.0,False
asRNA:CR45974,0.010464071,-0.3533044,0.9916510316386932,1.0,False
lncRNA:CR43826,0.010464071,-0.7017935,0.9916510316386932,1.0,False
CG32235,0.010464071,-0.35422313,0.9916510316386932,1.0,False
CG42716,0.010464071,-0.43901557,0.9916510316386932,1.0,False
lncRNA:CR43420,0.010464071,-0.36727905,0.9916510316386932,1.0,False
asRNA:CR43614,0.010464071,-0.14992088,0.9916510316386932,1.0,False
l(2)34Fc,0.010464071,-0.33626586,0.9916510316386932,1.0,False
CG14835,0.010464071,0.31109598,0.9916510316386932,1.0,False
slbo,0.010464071,0.18065766,0.9916510316386932,1.0,False
Idh3a,0.010432538,-0.03367446,0.991676190140291,1.0,False
lncRNA:CR42767,0.010383289,0.53745216,0.9917154826480982,1.0,False
lncRNA:CR44410,0.010378329,0.31238946,0.9917194401679855,1.0,False
asRNA:CR45828,0.010359905,-0.13322432,0.9917341395293499,1.0,False
Nplp4,0.010355653,-0.09192337,0.9917375316900633,1.0,False
St1,0.010347859,-0.4940902,0.9917437506517591,1.0,False
CG7906,0.010284084,0.15162931,0.9917946330844422,1.0,False
CG15909,0.010281249,0.11814627,0.9917968945266709,1.0,False
MetRS-m,0.010252905,-0.071208246,0.9918195089525792,1.0,False
lncRNA:CR44017,0.01024511,-0.18553305,0.9918257279208569,1.0,False
Tsp42Ep,0.009952808,-0.41514945,0.9920589395864607,1.0,False
lncRNA:CR44931,0.009524098,2.4306915,0.9924009845843453,1.0,False
CG34167,0.009524098,1.5295246,0.9924009845843453,1.0,False
mir-4967,0.009524098,2.173043,0.9924009845843453,1.0,False
CG30375,0.009524098,1.6576635,0.9924009845843453,1.0,False
Cyp6a17,0.009524098,1.366469,0.9924009845843453,1.0,False
thw,0.009524098,1.5250674,0.9924009845843453,1.0,False
CG6432,0.009524098,3.003987,0.9924009845843453,1.0,False
CG13742,0.009524098,3.6300771,0.9924009845843453,1.0,False
lncRNA:CR46077,0.009524098,1.5130807,0.9924009845843453,1.0,False
lncRNA:CR46087,0.009524098,2.1773984,0.9924009845843453,1.0,False
Rab9E,0.009524098,1.4397498,0.9924009845843453,1.0,False
lncRNA:CR45605,0.009524098,2.3058841,0.9924009845843453,1.0,False
snRNA:U4atac,0.009524098,2.127912,0.9924009845843453,1.0,False
CG4367,0.009524098,1.4239029,0.9924009845843453,1.0,False
lncRNA:CR44646,0.009524098,2.4056978,0.9924009845843453,1.0,False
lncRNA:CR44805,0.009524098,1.9251246,0.9924009845843453,1.0,False
Gdap1,0.009524098,1.6114117,0.9924009845843453,1.0,False
snoRNA:Psi28S-3316e,0.009524098,2.252128,0.9924009845843453,1.0,False
lncRNA:CR45755,0.009524098,1.6127957,0.9924009845843453,1.0,False
CG6893,0.009524098,3.675423,0.9924009845843453,1.0,False
lncRNA:CR45372,0.009524098,2.4639657,0.9924009845843453,1.0,False
m,0.009524098,3.0965316,0.9924009845843453,1.0,False
Or22c,0.009524098,2.8084185,0.9924009845843453,1.0,False
CG13230,0.009524098,2.2419775,0.9924009845843453,1.0,False
Spn53F,0.009524098,4.05211,0.9924009845843453,1.0,False
tRNA:SeC-TCA-1-1,0.009524098,1.8065715,0.9924009845843453,1.0,False
lncRNA:CR43424,0.009524098,2.067745,0.9924009845843453,1.0,False
CG34269,0.009524098,1.6511717,0.9924009845843453,1.0,False
lncRNA:CR45685,0.009524098,1.5439296,0.9924009845843453,1.0,False
5.8SrRNA-Psi:CR45863,0.009524098,1.4192886,0.9924009845843453,1.0,False
CG33263,0.009524098,2.7062588,0.9924009845843453,1.0,False
CG43111,0.009524098,1.5509846,0.9924009845843453,1.0,False
CG18577,0.009524098,1.7427435,0.9924009845843453,1.0,False
asRNA:CR44176,0.009524098,1.7903563,0.9924009845843453,1.0,False
Cfap299,0.009523389,1.100341,0.9924015499491516,1.0,False
sa,0.009523389,1.1284181,0.9924015499491516,1.0,False
lncRNA:CR42836,0.009523389,1.3616954,0.9924015499491516,1.0,False
CG8564,0.009523389,1.2000487,0.9924015499491516,1.0,False
Ntf-2r,0.009523389,0.8756999,0.9924015499491516,1.0,False
CG18131,0.009523389,1.0650979,0.9924015499491516,1.0,False
mir-4969,0.009523389,1.9080664,0.9924015499491516,1.0,False
CG44037,0.009523389,1.6847391,0.9924015499491516,1.0,False
CG11911,0.009523389,1.2499,0.9924015499491516,1.0,False
snoRNA:CD38b,0.009523389,1.3081486,0.9924015499491516,1.0,False
CG43131,0.009523389,1.3737333,0.9924015499491516,1.0,False
Cpr60D,0.009523389,1.3017285,0.9924015499491516,1.0,False
lncRNA:CR46216,0.009523389,1.4906482,0.9924015499491516,1.0,False
CG10663,0.009523389,1.8299507,0.9924015499491516,1.0,False
mir-210,0.009523389,1.8228058,0.9924015499491516,1.0,False
asRNA:CR44224,0.009523389,0.98189676,0.9924015499491516,1.0,False
lncRNA:CR45415,0.009523389,1.4898331,0.9924015499491516,1.0,False
asRNA:CR46195,0.009523389,1.1630725,0.9924015499491516,1.0,False
CG15142,0.009523389,0.9427295,0.9924015499491516,1.0,False
CG42464,0.009523389,1.4802723,0.9924015499491516,1.0,False
CG9568,0.009523389,1.3240103,0.9924015499491516,1.0,False
CG3515,0.009523389,1.0716559,0.9924015499491516,1.0,False
Ir48c,0.009523389,1.0616446,0.9924015499491516,1.0,False
CG15554,0.009523389,2.8123085,0.9924015499491516,1.0,False
Dmel_CG43337,0.009523389,1.1497545,0.9924015499491516,1.0,False
CG15256,0.009523389,1.2557503,0.9924015499491516,1.0,False
lncRNA:CR44284,0.009523389,0.5919222,0.9924015499491516,1.0,False
asRNA:CR44124,0.009523389,1.2799063,0.9924015499491516,1.0,False
asRNA:CR44600,0.009523389,2.6904655,0.9924015499491516,1.0,False
CG17732,0.009523389,1.4906175,0.9924015499491516,1.0,False
CG34332,0.009523389,1.1885803,0.9924015499491516,1.0,False
dib,0.009523389,0.8579636,0.9924015499491516,1.0,False
CG12477,0.009523389,0.93657887,0.9924015499491516,1.0,False
asRNA:CR45686,0.009523389,0.6134706,0.9924015499491516,1.0,False
CG15597,0.009523389,0.76727206,0.9924015499491516,1.0,False
TotB,0.00952268,0.6990167,0.9924021153139618,1.0,False
CG30151,0.00952268,1.0370868,0.9924021153139618,1.0,False
CG14931,0.00952268,0.15082292,0.9924021153139618,1.0,False
lncRNA:CR46221,0.00952268,0.06034629,0.9924021153139618,1.0,False
CG8260,0.00952268,0.5828256,0.9924021153139618,1.0,False
CG15458,0.00952268,0.5856253,0.9924021153139618,1.0,False
snoRNA:Or-aca4,0.00952268,0.7815167,0.9924021153139618,1.0,False
Tex9,0.00952268,-0.29910597,0.9924021153139618,1.0,False
CG12917,0.00952268,1.0107927,0.9924021153139618,1.0,False
CG15756,0.00952268,0.19041848,0.9924021153139618,1.0,False
asRNA:CR44115,0.00952268,0.42607298,0.9924021153139618,1.0,False
Btnd,0.00952268,0.8601556,0.9924021153139618,1.0,False
CG43125,0.00952268,0.9639834,0.9924021153139618,1.0,False
polo,0.00952268,-0.568887,0.9924021153139618,1.0,False
snoRNA:Psi28S-3405c,0.00952268,0.29734975,0.9924021153139618,1.0,False
lncRNA:CR43193,0.00952268,0.07443253,0.9924021153139618,1.0,False
lncRNA:CR44538,0.00952268,1.0001795,0.9924021153139618,1.0,False
CG3942,0.00952268,-0.28407854,0.9924021153139618,1.0,False
CG11068,0.00952268,0.47085404,0.9924021153139618,1.0,False
CG31525,0.00952268,-0.045851454,0.9924021153139618,1.0,False
asRNA:CR45330,0.00952268,-0.7994659,0.9924021153139618,1.0,False
CG12496,0.00952268,-0.67869234,0.9924021153139618,1.0,False
CG30286,0.00952268,0.43421888,0.9924021153139618,1.0,False
asRNA:CR43413,0.00952268,-0.02993396,0.9924021153139618,1.0,False
CG14106,0.00952268,1.1183201,0.9924021153139618,1.0,False
mud,0.00952268,0.8420014,0.9924021153139618,1.0,False
lncRNA:TS18,0.00952268,0.59582937,0.9924021153139618,1.0,False
whip,0.00952268,0.21982712,0.9924021153139618,1.0,False
CG17821,0.00952268,0.47581485,0.9924021153139618,1.0,False
lncRNA:CR44677,0.00952268,0.20207888,0.9924021153139618,1.0,False
Cpr76Bc,0.00952268,0.23295797,0.9924021153139618,1.0,False
CG2336,0.00952268,0.030448686,0.9924021153139618,1.0,False
lncRNA:CR45239,0.00952268,-0.13592565,0.9924021153139618,1.0,False
lncRNA:CR45562,0.00952268,0.48290804,0.9924021153139618,1.0,False
lncRNA:CR46350,0.00952268,0.30514792,0.9924021153139618,1.0,False
Elo68alpha,0.00952268,0.45913666,0.9924021153139618,1.0,False
CG43168,0.00952268,0.73635805,0.9924021153139618,1.0,False
Dmel_CR34530,0.00952268,0.7170222,0.9924021153139618,1.0,False
CG43055,0.00952268,-0.04527027,0.9924021153139618,1.0,False
CG31816,0.00952268,0.24958058,0.9924021153139618,1.0,False
lncRNA:CR44226,0.00952268,0.042925444,0.9924021153139618,1.0,False
c(2)M,0.00952268,0.6293143,0.9924021153139618,1.0,False
Cyp312a1,0.00952268,0.384432,0.9924021153139618,1.0,False
CG44163,0.00952268,0.03651581,0.9924021153139618,1.0,False
CG12607,0.00952268,0.2578491,0.9924021153139618,1.0,False
lncRNA:CR45004,0.00952268,-0.07256217,0.9924021153139618,1.0,False
He,0.00952268,0.69220036,0.9924021153139618,1.0,False
CG2901,0.00952268,-1.0466068,0.9924021153139618,1.0,False
CG31697,0.00952268,0.07942019,0.9924021153139618,1.0,False
lncRNA:CR44338,0.00952268,0.23552689,0.9924021153139618,1.0,False
lncRNA:CR44853,0.00952268,0.560987,0.9924021153139618,1.0,False
lncRNA:CR45537,0.00952268,0.85438454,0.9924021153139618,1.0,False
lncRNA:CR44209,0.00952268,0.08835612,0.9924021153139618,1.0,False
E(spl)malpha-BFM,0.00952268,-0.74386513,0.9924021153139618,1.0,False
CG13170,0.00952268,-0.3268253,0.9924021153139618,1.0,False
Or88a,0.00952268,0.6467963,0.9924021153139618,1.0,False
CG14329,0.00952268,0.41720703,0.9924021153139618,1.0,False
sunn,0.00952268,0.9354603,0.9924021153139618,1.0,False
CG31231,0.00944367,0.5384983,0.992465153514152,1.0,False
Whamy,0.009429498,0.24282938,0.992476460819621,1.0,False
wupA,0.009426664,0.053118132,0.9924787222808963,1.0,False
et,0.00941816,-0.21945348,0.9924855066650844,1.0,False
Skp2,0.00941816,-0.35980463,0.9924855066650844,1.0,False
CG43647,0.009417451,-0.17239982,0.9924860720304579,1.0,False
Lip4,0.009412491,-0.45071384,0.9924900295881783,1.0,False
asRNA:CR45104,0.009357573,0.20928599,0.9925338454181227,1.0,False
Snmp1,0.009350488,0.20785464,0.9925394990752423,1.0,False
aspr,0.009327812,0.00015677039,0.9925575907805411,1.0,False
rau,0.009315765,-0.032326754,0.9925672020005379,1.0,False
Ctns,0.009300885,-0.16408285,0.9925790746855526,1.0,False
CG1575,0.009279626,-0.16350088,0.9925960356669948,1.0,False
Fit2,0.009202033,-0.12547103,0.9926579432775955,1.0,False
lncRNA:CR45199,0.009156328,0.09651853,0.9926944094250987,1.0,False
alphaTub67C,0.009110268,-0.06976046,0.9927311582713545,1.0,False
RpL22-like,0.00858058,15.613307,0.9931537710920291,1.0,False
CG34051,0.00858058,17.013296,0.9931537710920291,1.0,False
lncRNA:CR44645,0.00858058,16.097546,0.9931537710920291,1.0,False
GluRIID,0.00858058,15.879052,0.9931537710920291,1.0,False
CG15605,0.00858058,15.837823,0.9931537710920291,1.0,False
Dmel_CR34687,0.00858058,16.490154,0.9931537710920291,1.0,False
Spn77Bc,0.00858058,15.716863,0.9931537710920291,1.0,False
CG4520,0.00858058,14.509684,0.9931537710920291,1.0,False
CG14861,0.00858058,15.695715,0.9931537710920291,1.0,False
CG43672,0.00858058,15.359047,0.9931537710920291,1.0,False
lncRNA:CR44833,0.00858058,16.093348,0.9931537710920291,1.0,False
Prosalpha4T2,0.00858058,14.54624,0.9931537710920291,1.0,False
CG15880,0.00858058,14.72371,0.9931537710920291,1.0,False
Ir41a,0.00858058,13.64991,0.9931537710920291,1.0,False
snoRNA:Psi28S-3327a,0.00858058,16.353058,0.9931537710920291,1.0,False
CG33796,0.00858058,15.642848,0.9931537710920291,1.0,False
CG34198,0.00858058,16.206932,0.9931537710920291,1.0,False
Mal-A4,0.00858058,16.333258,0.9931537710920291,1.0,False
lncRNA:CR45483,0.00858058,13.778829,0.9931537710920291,1.0,False
Srg2,0.00858058,16.619698,0.9931537710920291,1.0,False
CG14507,0.00858058,13.470744,0.9931537710920291,1.0,False
CG15563,0.00858058,15.8229685,0.9931537710920291,1.0,False
CG15696,0.00858058,14.736231,0.9931537710920291,1.0,False
Jon99Ciii,0.00858058,15.4236145,0.9931537710920291,1.0,False
CG13992,0.00858058,16.295479,0.9931537710920291,1.0,False
CG33290,0.00858058,15.808303,0.9931537710920291,1.0,False
slam,0.00858058,16.130116,0.9931537710920291,1.0,False
CG31872,0.00858058,17.04029,0.9931537710920291,1.0,False
lncRNA:CR44886,0.00858058,16.880304,0.9931537710920291,1.0,False
mir-2a-2,0.00858058,13.214692,0.9931537710920291,1.0,False
CG43230,0.00858058,16.836811,0.9931537710920291,1.0,False
CG32198,0.00858058,16.211325,0.9931537710920291,1.0,False
Alp13,0.00858058,15.855612,0.9931537710920291,1.0,False
CG42249,0.00858058,16.861343,0.9931537710920291,1.0,False
CG15213,0.00858058,16.086823,0.9931537710920291,1.0,False
CG31279,0.00858058,14.512205,0.9931537710920291,1.0,False
tgy,0.00858058,15.664503,0.9931537710920291,1.0,False
CG43062,0.00858058,16.218393,0.9931537710920291,1.0,False
lncRNA:CR45942,0.00858058,15.675299,0.9931537710920291,1.0,False
lncRNA:CR44970,0.00858058,16.031301,0.9931537710920291,1.0,False
lncRNA:CR45111,0.00858058,16.121744,0.9931537710920291,1.0,False
lncRNA:CR43440,0.00858058,15.401579,0.9931537710920291,1.0,False
CG8543,0.00858058,15.735159,0.9931537710920291,1.0,False
CG13930,0.00858058,14.650244,0.9931537710920291,1.0,False
scaRNA:MeU2-48,0.00858058,16.244745,0.9931537710920291,1.0,False
CG32633,0.00858058,16.368095,0.9931537710920291,1.0,False
CG15754,0.00858058,16.078527,0.9931537710920291,1.0,False
Gr93d,0.00858058,16.930733,0.9931537710920291,1.0,False
CG43318,0.00858058,16.384426,0.9931537710920291,1.0,False
CG12540,0.00858058,15.74662,0.9931537710920291,1.0,False
lncRNA:CR45550,0.00858058,15.894879,0.9931537710920291,1.0,False
lncRNA:CR44588,0.00858058,15.046598,0.9931537710920291,1.0,False
lncRNA:CR46228,0.00858058,15.783474,0.9931537710920291,1.0,False
Trxr2,0.00858058,15.756644,0.9931537710920291,1.0,False
Mcm2,0.00858058,14.944673,0.9931537710920291,1.0,False
CG13362,0.00858058,14.7334385,0.9931537710920291,1.0,False
CG42329,0.00858058,16.349335,0.9931537710920291,1.0,False
CG40298,0.00858058,14.638237,0.9931537710920291,1.0,False
Def,0.00858058,16.760616,0.9931537710920291,1.0,False
Cyp6a18,0.00858058,14.614296,0.9931537710920291,1.0,False
CG9184,0.00858058,15.663428,0.9931537710920291,1.0,False
HP1D3csd,0.00858058,16.31663,0.9931537710920291,1.0,False
CG9400,0.00858058,14.366233,0.9931537710920291,1.0,False
asRNA:CR45868,0.00858058,16.129303,0.9931537710920291,1.0,False
CG32106,0.00858058,16.113705,0.9931537710920291,1.0,False
CG5011,0.00858058,15.932174,0.9931537710920291,1.0,False
CG33772,0.00858058,16.147617,0.9931537710920291,1.0,False
CG33225,0.00858058,16.082926,0.9931537710920291,1.0,False
lncRNA:CR44295,0.00858058,16.458078,0.9931537710920291,1.0,False
lncRNA:CR46113,0.00858058,15.559416,0.9931537710920291,1.0,False
lncRNA:CR43753,0.00858058,15.67259,0.9931537710920291,1.0,False
CG44406,0.00858058,16.361572,0.9931537710920291,1.0,False
His1:CG33807,0.00858058,15.990808,0.9931537710920291,1.0,False
lncRNA:CR32661,0.00858058,16.529985,0.9931537710920291,1.0,False
lncRNA:CR44522,0.00858058,15.777546,0.9931537710920291,1.0,False
lncRNA:CR45392,0.00858058,15.706984,0.9931537710920291,1.0,False
CG43449,0.00858058,15.451601,0.9931537710920291,1.0,False
CG14630,0.00858058,16.144314,0.9931537710920291,1.0,False
CG16723,0.00858058,16.30737,0.9931537710920291,1.0,False
CG12951,0.00858058,15.86791,0.9931537710920291,1.0,False
lncRNA:CR45450,0.00858058,16.808413,0.9931537710920291,1.0,False
Neurochondrin,0.00858058,15.575451,0.9931537710920291,1.0,False
CG30379,0.00858058,16.932112,0.9931537710920291,1.0,False
CG6333,0.00858058,15.531327,0.9931537710920291,1.0,False
pal,0.00858058,15.973802,0.9931537710920291,1.0,False
lncRNA:CR45246,0.00858058,15.965164,0.9931537710920291,1.0,False
CG14369,0.00858058,16.423437,0.9931537710920291,1.0,False
CG30033,0.00858058,16.383026,0.9931537710920291,1.0,False
brv2,0.00858058,13.383259,0.9931537710920291,1.0,False
CG13202,0.00858058,14.888494,0.9931537710920291,1.0,False
CG12689,0.00858058,13.682296,0.9931537710920291,1.0,False
lncRNA:CR45295,0.00858058,15.366483,0.9931537710920291,1.0,False
lncRNA:CR45667,0.00858058,16.010017,0.9931537710920291,1.0,False
CG34345,0.00858058,15.346935,0.9931537710920291,1.0,False
SkpF,0.00858058,16.226107,0.9931537710920291,1.0,False
PpY-55A,0.00858058,15.530365,0.9931537710920291,1.0,False
CG14499,0.00858058,15.510634,0.9931537710920291,1.0,False
CG4377,0.00858058,15.225406,0.9931537710920291,1.0,False
CG7557,0.00858058,16.330936,0.9931537710920291,1.0,False
snoRNA:CD40,0.00858058,16.162338,0.9931537710920291,1.0,False
conv,0.00858058,15.6706085,0.9931537710920291,1.0,False
lncRNA:CR44056,0.00858058,16.772701,0.9931537710920291,1.0,False
CG12448,0.00858058,12.770566,0.9931537710920291,1.0,False
nan,0.00858058,15.528121,0.9931537710920291,1.0,False
lncRNA:CR44113,0.00858058,16.148445,0.9931537710920291,1.0,False
CG14327,0.00858058,16.28121,0.9931537710920291,1.0,False
CG15336,0.00858058,15.720612,0.9931537710920291,1.0,False
Osi18,0.00858058,16.364313,0.9931537710920291,1.0,False
lncRNA:CR44146,0.00858058,16.818346,0.9931537710920291,1.0,False
mir-4980,0.00858058,15.487489,0.9931537710920291,1.0,False
lncRNA:CR45653,0.00858058,15.402303,0.9931537710920291,1.0,False
CG5715,0.00858058,14.510721,0.9931537710920291,1.0,False
lncRNA:CR45903,0.00858058,15.933077,0.9931537710920291,1.0,False
Cpr100A,0.00858058,15.637756,0.9931537710920291,1.0,False
lncRNA:CR45082,0.00858058,14.812119,0.9931537710920291,1.0,False
CG31437,0.00858058,15.778729,0.9931537710920291,1.0,False
lncRNA:CR45352,0.00858058,16.3764,0.9931537710920291,1.0,False
CG15418,0.00858058,16.099386,0.9931537710920291,1.0,False
CG31821,0.00858058,16.840439,0.9931537710920291,1.0,False
wuc,0.00858058,16.076721,0.9931537710920291,1.0,False
lncRNA:CR45936,0.00858058,16.912401,0.9931537710920291,1.0,False
Oseg5,0.00858058,15.60033,0.9931537710920291,1.0,False
asRNA:CR45468,0.00858058,15.794421,0.9931537710920291,1.0,False
CG16888,0.00858058,16.075434,0.9931537710920291,1.0,False
CG10104,0.00858058,15.694244,0.9931537710920291,1.0,False
lncRNA:CR43939,0.00858058,15.491835,0.9931537710920291,1.0,False
Mal-A3,0.00858058,15.618468,0.9931537710920291,1.0,False
Gr28a,0.00858058,15.39451,0.9931537710920291,1.0,False
alpha-Est4,0.00858058,16.24111,0.9931537710920291,1.0,False
CG14420,0.00858058,16.884802,0.9931537710920291,1.0,False
ng3,0.00858058,16.766361,0.9931537710920291,1.0,False
CG43120,0.00858058,16.760616,0.9931537710920291,1.0,False
CG13471,0.00858058,13.684767,0.9931537710920291,1.0,False
Rsod,0.00858058,17.057547,0.9931537710920291,1.0,False
CG15252,0.00858058,16.77049,0.9931537710920291,1.0,False
CG12115,0.00858058,15.904748,0.9931537710920291,1.0,False
mir-2282,0.00858058,15.0334635,0.9931537710920291,1.0,False
CG6980,0.00858058,15.304017,0.9931537710920291,1.0,False
bora,0.00858058,15.334937,0.9931537710920291,1.0,False
CG15282,0.00858058,15.701058,0.9931537710920291,1.0,False
Dna2,0.00858058,16.101759,0.9931537710920291,1.0,False
lncRNA:CR45956,0.00858058,16.660938,0.9931537710920291,1.0,False
lncRNA:CR46259,0.00858058,13.866339,0.9931537710920291,1.0,False
CG13991,0.00858058,16.127407,0.9931537710920291,1.0,False
asRNA:CR45778,0.00858058,16.076721,0.9931537710920291,1.0,False
28SrRNA-Psi:CR45853,0.00849413,0.3015006,0.9932227462127785,1.0,False
lncRNA:CR44754,0.008487753,0.30846784,0.9932278345433707,1.0,False
l(2)03659,0.008487044,0.20119768,0.9932283999134536,1.0,False
CG6733,0.008483501,0.11152129,0.9932312267639186,1.0,False
ppk26,0.008478541,-0.14101398,0.9932351843547125,1.0,False
CR43309,0.008477123,-0.36915967,0.9932363150949698,1.0,False
lncRNA:CR45602,0.008475706,-0.26349556,0.9932374458352408,1.0,False
CG43191,0.008474289,-0.36765066,0.9932385765755253,1.0,False
CG18304,0.0084686205,-0.4127563,0.9932430995367992,1.0,False
CG9294,0.008467912,-0.847608,0.9932436649069738,1.0,False
SamDC,0.008442756,-0.065294504,0.9932637355503648,1.0,False
CG8236,0.00842256,0.36048567,0.9932798486051867,1.0,False
Srr,0.008381461,-0.048602365,0.9933126400936324,1.0,False
CG30082,0.008355242,-0.2951896,0.9933335588076838,1.0,False
CG12964,0.008243281,-0.18199305,0.9934228874217791,1.0,False
CG42846,0.008131321,-0.17580143,0.9935122161183179,1.0,False
Plzf,0.00809093,-0.0781502,0.9935444423136712,1.0,False
mbm,0.007882953,-0.16310638,0.9937103791167251,1.0,False
mtDNA-helicase,0.0076363557,-0.47538608,0.9939071290681974,1.0,False
lncRNA:CR44109,0.0075538023,0.6952167,0.9939729951554369,1.0,False
Tmhs,0.0075530936,0.75575584,0.9939735605297547,1.0,False
lncRNA:CR45266,0.007550968,0.35617852,0.9939752566527263,1.0,False
asRNA:CR45827,0.0075481334,0.46469435,0.9939775181500643,1.0,False
tbrd-1,0.0075474246,0.49463576,0.9939780835244063,1.0,False
CG33509,0.0075410474,0.06929308,0.9939831718936206,1.0,False
lncRNA:CR42719,0.0075346697,-0.3540802,0.9939882602630796,1.0,False
sti,0.007531835,-0.21138977,0.9939905217606955,1.0,False
Cyp4e2,0.0075275837,-0.71299297,0.9939939140072097,1.0,False
CG42326,0.0074287322,-0.121955596,0.9940727837691447,1.0,False
CG30108,0.007230321,-0.06974953,0.9942310888416624,1.0,False
l(2)37Cd,0.0070630885,-0.221533,0.9943645175794121,1.0,False
CG15892,0.007062734,-0.21697892,0.9943648002675844,1.0,False
CG5262,0.0067782267,-0.20432596,0.9945917990952535,1.0,False
cnir,0.006676895,-0.060432393,0.9946726480994542,1.0,False
FarO,0.0066070966,0.65816677,0.9947283378300179,1.0,False
CG7094,0.0066063884,0.7031808,0.9947289032081253,1.0,False
Rpt6R,0.006604262,0.47889522,0.9947305993424634,1.0,False
snoRNA:Psi28S-2444,0.006603554,0.6527482,0.9947311647205814,1.0,False
lncRNA:CR44265,0.0066000107,0.3555577,0.9947339916112111,1.0,False
Dnali1,0.0066000107,0.255491,0.9947339916112111,1.0,False
lncRNA:CR44953,0.0065985937,0.18384852,0.9947351223674815,1.0,False
asRNA:CR45798,0.0065985937,0.12429368,0.9947351223674815,1.0,False
CG30046,0.006597885,0.1437096,0.9947356877456207,1.0,False
lncRNA:CR43989,0.006597885,-0.027964048,0.9947356877456207,1.0,False
CG11825,0.006597176,-0.024681069,0.9947362531237625,1.0,False
lncRNA:CR45991,0.006597176,-0.09446919,0.9947362531237625,1.0,False
CG2898,0.0065964675,-0.078572914,0.9947368185019069,1.0,False
Edg84A,0.0065964675,0.0029954042,0.9947368185019069,1.0,False
Cyp4ac2,0.0065964675,-0.022924306,0.9947368185019069,1.0,False
lncRNA:CR43631,0.006595759,-0.11581452,0.994737383880054,1.0,False
qua,0.006595759,-0.2586266,0.994737383880054,1.0,False
Or94a,0.0065943417,-0.05949913,0.9947385146363561,1.0,False
lncRNA:CR32385,0.0065907985,-0.79806113,0.9947413415271575,1.0,False
lncRNA:CR43990,0.0065907985,-0.24783042,0.9947413415271575,1.0,False
CG15020,0.00659009,-0.29797536,0.9947419069053258,1.0,False
CG14662,0.006511434,0.19148973,0.9948046638983448,1.0,False
Acp53Ea,0.006491593,-0.12022392,0.9948204944962703,1.0,False
lncRNA:CR46021,0.006479547,-0.29406723,0.9948301059317202,1.0,False
CG34171,0.006352705,-0.18568537,0.9949313087384911,1.0,False
asRNA:CR31144,0.006345619,-0.34571734,0.9949369625289991,1.0,False
CG17637,0.0063204635,-0.116329834,0.9949570334873538,1.0,False
CG15579,0.00614083,-0.10966119,0.99510035718338,1.0,False
lncRNA:CR44779,0.006117446,-0.13835725,0.9951190147176683,1.0,False
CG13643,0.0056653516,0.80499727,0.9954797275595938,1.0,False
CG6431,0.005662517,0.33791298,0.9954819890851051,1.0,False
FANCI,0.0056618084,0.7966744,0.9954825544664886,1.0,False
lncRNA:CR45542,0.0056611,0.4331552,0.9954831198478744,1.0,False
Gr63a,0.0056603914,0.31204382,0.9954836852292624,1.0,False
asRNA:CR44083,0.0056582657,0.007556665,0.9954853813734401,1.0,False
CG34283,0.005656848,0.08840205,0.9954865121362366,1.0,False
CG14258,0.00565614,0.12183763,0.9954870775176382,1.0,False
CG13711,0.00565614,0.09820146,0.9954870775176382,1.0,False
CG31924,0.005655431,0.15925209,0.9954876428990421,1.0,False
lncRNA:CR44034,0.0056540137,-0.101720035,0.9954887736618567,1.0,False
CG34457,0.0056540137,-0.08495628,0.9954887736618567,1.0,False
lncRNA:CR43904,0.0056533054,-0.34372,0.9954893390432674,1.0,False
Fam161,0.0056525967,-0.16812737,0.9954899044246803,1.0,False
snoRNA:Psi28S-1175a,0.005651888,-0.03378694,0.9954904698060956,1.0,False
CG8630,0.0056511792,-0.2822865,0.9954910351875131,1.0,False
Hayan,0.0056483448,-0.60717934,0.9954932967132057,1.0,False
lncRNA:CR44868,0.0056483448,-0.61552006,0.9954932967132057,1.0,False
COX6CL,0.0056476365,-0.42399815,0.9954938620946345,1.0,False
CG8157,0.0056469277,-0.83968955,0.9954944274760655,1.0,False
CG45428,0.0056469277,-0.7559951,0.9954944274760655,1.0,False
snoRNA:Psi28S-3305c,0.0055409903,-0.26489145,0.9955789520253039,1.0,False
up,0.005537447,-0.17798725,0.9955817789341679,1.0,False
OdsH,0.0054832385,0.1409145,0.995625030646682,1.0,False
Odj,0.0054825298,-0.15046647,0.9956255960286303,1.0,False
CG8483,0.005464106,-0.039604176,0.995640295960057,1.0,False
CG43675,0.0054074167,-0.4685234,0.9956855265275535,1.0,False
Non3,0.005388639,-0.11077481,0.9957005091561009,1.0,False
Mrtf,0.0049680774,-0.18816881,0.9960360638846726,1.0,False
dgt6,0.0049400874,-0.29719812,0.9960583965332588,1.0,False
CG31674,0.0048302524,-0.11983313,0.9961460310067469,1.0,False
Nnf1b,0.0047186464,0.60018605,0.9962350789871026,1.0,False
Tsp2A,0.004717229,0.53240794,0.996236209755411,1.0,False
CG31220,0.00471652,0.37104943,0.9962367751395681,1.0,False
lncRNA:CR45976,0.00471652,0.66715235,0.9962367751395681,1.0,False
Cpr78Ca,0.004715103,0.27372497,0.9962379059078877,1.0,False
lncRNA:CR44097,0.004713686,0.14094268,0.996239036676215,1.0,False
CG2839,0.004713686,0.19121957,0.996239036676215,1.0,False
ppk30,0.0047129774,-0.020649008,0.9962396020603815,1.0,False
spz3,0.0047129774,-0.07539931,0.9962396020603815,1.0,False
alpha-Est2,0.0047129774,-0.2138574,0.9962396020603815,1.0,False
CG5561,0.0047129774,-0.07348819,0.9962396020603815,1.0,False
CG13086,0.0047129774,-0.098387934,0.9962396020603815,1.0,False
lncRNA:CR44582,0.0047122687,0.06328541,0.9962401674445499,1.0,False
NijC,0.0047122687,0.14603294,0.9962401674445499,1.0,False
CG5418,0.0047122687,-0.07257908,0.9962401674445499,1.0,False
asRNA:CR45264,0.00471156,-0.45169538,0.9962407328287202,1.0,False
CG17290,0.00471156,-0.092514284,0.9962407328287202,1.0,False
CG5386,0.0047108517,-0.2790946,0.9962412982128923,1.0,False
lncRNA:CR45553,0.004710143,-0.519728,0.9962418635970663,1.0,False
CG3108,0.004710143,-0.24713258,0.9962418635970663,1.0,False
asRNA:CR45927,0.004710143,-0.72859305,0.9962418635970663,1.0,False
lncRNA:CR45973,0.004709434,-0.36010593,0.9962424289812423,1.0,False
Cyp313b1,0.004709434,-0.4041909,0.9962424289812423,1.0,False
CG12766,0.004709434,-0.40832123,0.9962424289812423,1.0,False
TbCMF46,0.0047087255,-0.4767262,0.9962429943654201,1.0,False
lncRNA:CR43495,0.004708017,-0.49555677,0.9962435597495998,1.0,False
CG16898,0.0047065997,-1.315175,0.9962446905179648,1.0,False
lncRNA:CR43945,0.0047065997,-0.5706282,0.9962446905179648,1.0,False
CG1631,0.004705891,-0.9376631,0.9962452559021501,1.0,False
Daao2,0.004705891,-0.6919817,0.9962452559021501,1.0,False
dtr,0.0047051827,-0.93692285,0.9962458212863373,1.0,False
CG7568,0.004625818,0.2251066,0.9963091443271695,1.0,False
CG34041,0.004620858,0.079486854,0.9963131020179976,1.0,False
lncRNA:CR33963,0.004617669,-0.09806975,0.9963156462478636,1.0,False
Prx6b,0.004576924,-0.6111434,0.9963481558549948,1.0,False
lncRNA:CR45972,0.0045074797,-0.031263083,0.9964035635471785,1.0,False
CG42733,0.0045067715,-0.0053933025,0.9964041289318825,1.0,False
CPT2,0.0044840956,-0.27507028,0.9964222212433611,1.0,False
ec,0.004481261,-0.2568876,0.9964244827824255,1.0,False
Nkap,0.0042034853,-0.1523054,0.9966461137472329,1.0,False
ouib,0.0037740667,0.7889537,0.9969887376296334,1.0,False
AOX2,0.0037740667,0.6932328,0.9969887376296334,1.0,False
Mcm10,0.0037740667,0.66559094,0.9969887376296334,1.0,False
CG32985,0.003773358,0.42963818,0.9969893030160542,1.0,False
CG33500,0.0037726494,0.20359844,0.9969898684024765,1.0,False
CG10041,0.0037726494,0.33800232,0.9969898684024765,1.0,False
lncRNA:CR33218,0.0037726494,0.25569808,0.9969898684024765,1.0,False
lncRNA:CR45552,0.0037719407,0.28072286,0.9969904337889004,1.0,False
lncRNA:CR43263,0.0037719407,0.18166812,0.9969904337889004,1.0,False
sna,0.0037719407,0.44538936,0.9969904337889004,1.0,False
CG15461,0.0037712322,0.20625637,0.9969909991753257,1.0,False
TTLL1B,0.0037712322,-0.28808093,0.9969909991753257,1.0,False
CG17104,0.0037712322,-0.08347446,0.9969909991753257,1.0,False
CG6602,0.0037712322,0.17367947,0.9969909991753257,1.0,False
hh,0.0037705237,-0.12968898,0.9969915645617526,1.0,False
Ir85a,0.0037705237,-0.2762258,0.9969915645617526,1.0,False
asRNA:CR45818,0.0037705237,-0.066481486,0.9969915645617526,1.0,False
Mst89B,0.003769815,-0.1881617,0.9969921299481811,1.0,False
Pepck2,0.003769815,-0.80135506,0.9969921299481811,1.0,False
CG9021,0.003769815,-0.23353669,0.9969921299481811,1.0,False
lncRNA:CR45833,0.003769815,-0.28781933,0.9969921299481811,1.0,False
CG13575,0.003769815,-0.2585376,0.9969921299481811,1.0,False
CG3526,0.0037691065,-0.4009902,0.996992695334611,1.0,False
lncRNA:CR46008,0.0037691065,-0.08521756,0.996992695334611,1.0,False
CG13996,0.0037691065,-0.5927673,0.996992695334611,1.0,False
CG42272,0.0037683977,-0.4985462,0.9969932607210423,1.0,False
Nepl6,0.0037676892,-0.38305673,0.9969938261074752,1.0,False
sphinx1,0.0037676892,-0.4023183,0.9969938261074752,1.0,False
Or35a,0.0037669805,-0.9724451,0.9969943914939097,1.0,False
CG43110,0.0037669805,-0.8215999,0.9969943914939097,1.0,False
lncRNA:CR45029,0.003766272,-1.2121407,0.9969949568803457,1.0,False
lncRNA:CR44993,0.0037386362,-0.24711058,0.9970170069525215,1.0,False
CG11263,0.0036695465,-0.065142244,0.9970721321428914,1.0,False
lncRNA:CR44103,0.0036560828,-0.2070519,0.9970828744893168,1.0,False
ms(3)76Cc,0.0036546655,-0.3975639,0.9970840052626555,1.0,False
Nse1,0.0036475793,-0.7537862,0.9970896591294369,1.0,False
lncRNA:CR43966,0.0035735294,-0.1136127,0.9971487420459922,1.0,False
CG9380,0.0035565228,-0.043683168,0.9971623113304828,1.0,False
lncRNA:CR45471,0.0032808727,0.057733424,0.9973822469282841,1.0,False
lncRNA:CR46036,0.0031784785,-0.22020619,0.9974639454216987,1.0,False
Syt12,0.003114349,-0.12991418,0.9975151130038343,1.0,False
Art8,0.003085296,-0.026558232,0.9975382939007748,1.0,False
DIP-epsilon,0.00285606,-0.17345023,0.997721196902813,1.0,False
CG15422,0.002831613,1.5456784,0.997740702794346,1.0,False
CG7091,0.002831613,0.9362704,0.997740702794346,1.0,False
CG33463,0.002831613,2.32719,0.997740702794346,1.0,False
CG31268,0.0028309042,0.5494507,0.9977412681825266,1.0,False
Tsp42Eh,0.0028309042,0.7477921,0.9977412681825266,1.0,False
CG43376,0.0028309042,0.94025725,0.9977412681825266,1.0,False
lncRNA:CR45588,0.0028301957,0.44150847,0.9977418335707083,1.0,False
CG15330,0.0028301957,0.6882266,0.9977418335707083,1.0,False
CG13407,0.0028301957,0.6212656,0.9977418335707083,1.0,False
CheB42a,0.0028301957,1.1504687,0.9977418335707083,1.0,False
CG14292,0.0028301957,0.7194779,0.9977418335707083,1.0,False
lncRNA:CR46214,0.0028301957,0.60514444,0.9977418335707083,1.0,False
Pburs,0.0028301957,0.59227663,0.9977418335707083,1.0,False
lncRNA:CR44948,0.0028301957,0.45234063,0.9977418335707083,1.0,False
CG13786,0.002829487,-0.09449736,0.9977423989588912,1.0,False
CG9864,0.002829487,0.5327925,0.9977423989588912,1.0,False
Ilp4,0.002829487,0.6450731,0.9977423989588912,1.0,False
lncRNA:CR43973,0.002829487,0.54472524,0.9977423989588912,1.0,False
CG14356,0.002829487,0.76054066,0.9977423989588912,1.0,False
Muc68Ca,0.002829487,1.1220983,0.9977423989588912,1.0,False
lncRNA:CR44236,0.002829487,0.47289154,0.9977423989588912,1.0,False
Twdlbeta,0.002829487,0.78524286,0.9977423989588912,1.0,False
CG33127,0.0028287785,0.07970434,0.9977429643470751,1.0,False
DptB,0.0028287785,0.18372622,0.9977429643470751,1.0,False
CG34185,0.0028287785,0.38076738,0.9977429643470751,1.0,False
CG14052,0.0028287785,0.14950784,0.9977429643470751,1.0,False
snoRNA:Psi28S-1192a,0.0028287785,0.22586949,0.9977429643470751,1.0,False
CG11382,0.0028287785,0.22888981,0.9977429643470751,1.0,False
CG44426,0.0028287785,0.1220838,0.9977429643470751,1.0,False
GstD5,0.0028287785,0.57331336,0.9977429643470751,1.0,False
lncRNA:CR44581,0.0028287785,0.22812848,0.9977429643470751,1.0,False
CG13065,0.00282807,0.19251236,0.9977435297352603,1.0,False
lncRNA:CR45375,0.00282807,0.12398717,0.9977435297352603,1.0,False
asRNA:CR45834,0.00282807,0.30106592,0.9977435297352603,1.0,False
Est-P,0.00282807,0.2787653,0.9977435297352603,1.0,False
CG12229,0.0028273612,-0.37127402,0.9977440951234464,1.0,False
CG44250,0.0028273612,-0.20203625,0.9977440951234464,1.0,False
spz4,0.0028273612,-0.1726231,0.9977440951234464,1.0,False
CG31787,0.0028273612,-0.043598082,0.9977440951234464,1.0,False
mil,0.0028273612,-0.1586533,0.9977440951234464,1.0,False
CG13177,0.0028273612,-0.29989037,0.9977440951234464,1.0,False
CG15822,0.0028273612,-0.15991439,0.9977440951234464,1.0,False
lncRNA:CR45575,0.0028266527,-0.56505835,0.9977446605116338,1.0,False
asRNA:CR43637,0.0028266527,-0.5150932,0.9977446605116338,1.0,False
CG32086,0.0028266527,-0.33969265,0.9977446605116338,1.0,False
lncRNA:CR44149,0.0028266527,-0.22147508,0.9977446605116338,1.0,False
CG5111,0.002825944,-0.94380754,0.9977452258998223,1.0,False
CG32119,0.002825944,-0.8767211,0.9977452258998223,1.0,False
CG10934,0.002825944,-0.13214324,0.9977452258998223,1.0,False
Act87E,0.002825944,-0.69134706,0.9977452258998223,1.0,False
CG15531,0.002825944,-0.4928561,0.9977452258998223,1.0,False
CG32762,0.002825944,-0.3844337,0.9977452258998223,1.0,False
moat,0.0028252355,-0.42717123,0.997745791288012,1.0,False
asRNA:CR45485,0.0028252355,-0.74948436,0.997745791288012,1.0,False
CG1979,0.0028252355,-0.9526751,0.997745791288012,1.0,False
lncRNA:CR44904,0.0027324073,0.09288287,0.9978198571505342,1.0,False
lncRNA:CR45504,0.002728864,-0.08581151,0.9978226840922281,1.0,False
lncRNA:CR44357,0.0027231954,-0.242166,0.9978272071989952,1.0,False
qsm,0.0027217781,-0.1916877,0.9978283379756978,1.0,False
Nlg1,0.002711149,-0.46325377,0.9978368188011069,1.0,False
asRNA:CR43806,0.0027083145,-0.74912995,0.9978390803545906,1.0,False
Dcr-1,0.0027051256,-0.15154149,0.9978416246022805,1.0,False
CG1698,0.0026434765,0.01542648,0.9978908133952352,1.0,False
Fadd,0.0026381619,-0.17545456,0.997895053808799,1.0,False
CG34201,0.0026084,-0.20421277,0.9979188001258511,1.0,False
CG34253,0.0023635747,-0.17073846,0.9981141419210631,1.0,False
inv,0.00230228,0.078418806,0.9981630480616039,1.0,False
Obp8a,0.002282793,-0.28414863,0.9981785962580282,1.0,False
CG10194,0.0021332758,-0.08382399,0.9982978933513498,1.0,False
gny,0.0020794214,-0.081345506,0.9983408629299688,1.0,False
Tdp1,0.0019911993,-0.07304352,0.9984112538947577,1.0,False
Obp56i,0.0018870333,1.0072141,0.9984943661341203,1.0,False
narya,0.0018870333,1.4219773,0.9984943661341203,1.0,False
betaNACtes2,0.0018870333,2.234453,0.9984943661341203,1.0,False
CG43109,0.0018870333,0.73998654,0.9984943661341203,1.0,False
PH4alphaSG2,0.0018870333,1.1874477,0.9984943661341203,1.0,False
CG34299,0.0018870333,0.76402336,0.9984943661341203,1.0,False
Cyp318a1,0.0018870333,1.1746907,0.9984943661341203,1.0,False
swa,0.0018870333,1.3632594,0.9984943661341203,1.0,False
CG33795,0.0018870333,0.85884374,0.9984943661341203,1.0,False
CG31668,0.0018863247,0.29200214,0.9984949315235607,1.0,False
CG8100,0.0018863247,0.9984533,0.9984949315235607,1.0,False
CG11409,0.0018863247,0.92649686,0.9984949315235607,1.0,False
CG7366,0.0018863247,0.9226722,0.9984949315235607,1.0,False
Doc3,0.0018863247,0.9464469,0.9984949315235607,1.0,False
Cpr72Ea,0.0018863247,0.47729293,0.9984949315235607,1.0,False
CG43153,0.0018863247,0.816177,0.9984949315235607,1.0,False
CG14323,0.0018863247,1.2752134,0.9984949315235607,1.0,False
lncRNA:CR43853,0.0018863247,0.7444221,0.9984949315235607,1.0,False
lncRNA:CR44523,0.0018863247,1.04437,0.9984949315235607,1.0,False
Cralbp,0.0018863247,0.68153346,0.9984949315235607,1.0,False
CG33140,0.0018863247,0.24008906,0.9984949315235607,1.0,False
CG3216,0.0018863247,0.5898777,0.9984949315235607,1.0,False
CG3927,0.0018863247,0.94476426,0.9984949315235607,1.0,False
CG13324,0.0018863247,0.20292196,0.9984949315235607,1.0,False
lncRNA:CR45681,0.0018856161,0.3934105,0.9984954969130019,1.0,False
CG33771,0.0018856161,0.20677538,0.9984954969130019,1.0,False
FDY,0.0018856161,0.34538752,0.9984954969130019,1.0,False
CG43814,0.0018856161,0.24129662,0.9984954969130019,1.0,False
CG34202,0.0018856161,0.22711301,0.9984954969130019,1.0,False
lncRNA:CR43620,0.0018856161,0.0078067672,0.9984954969130019,1.0,False
Dmel_CR34702,0.0018856161,0.11231457,0.9984954969130019,1.0,False
lncRNA:CR44899,0.0018856161,-0.017274134,0.9984954969130019,1.0,False
CG1946,0.0018856161,-0.69654185,0.9984954969130019,1.0,False
Or9a,0.0018856161,-0.011378427,0.9984954969130019,1.0,False
CG31128,0.0018856161,0.6214302,0.9984954969130019,1.0,False
lncRNA:CR45984,0.0018856161,0.07816658,0.9984954969130019,1.0,False
lncRNA:CR45746,0.0018856161,-0.7006168,0.9984954969130019,1.0,False
CG10182,0.0018856161,0.18704267,0.9984954969130019,1.0,False
CG31089,0.0018856161,0.23810673,0.9984954969130019,1.0,False
E(spl)mdelta-HLH,0.0018856161,0.04042518,0.9984954969130019,1.0,False
CG42523,0.0018856161,-0.051817983,0.9984954969130019,1.0,False
lncRNA:CR46062,0.0018856161,-0.50048053,0.9984954969130019,1.0,False
lncRNA:CR43410,0.0018856161,0.23410115,0.9984954969130019,1.0,False
Bro,0.0018856161,0.13721043,0.9984954969130019,1.0,False
lncRNA:CR44817,0.0018856161,0.76570624,0.9984954969130019,1.0,False
lncRNA:CR46030,0.0018856161,0.31713298,0.9984954969130019,1.0,False
lncRNA:CR44260,0.0018856161,-0.0069809174,0.9984954969130019,1.0,False
lncRNA:CR42646,0.0018856161,-0.14783694,0.9984954969130019,1.0,False
CG12974,0.0018849075,-0.33150116,0.9984960623024438,1.0,False
CG13044,0.0018849075,-0.08495235,0.9984960623024438,1.0,False
CG6059,0.0018849075,-0.03896782,0.9984960623024438,1.0,False
NijB,0.0018849075,-0.10787827,0.9984960623024438,1.0,False
CG4650,0.0018849075,-0.23878306,0.9984960623024438,1.0,False
CG8750,0.0018849075,-0.16690734,0.9984960623024438,1.0,False
CG43124,0.0018849075,-0.19395642,0.9984960623024438,1.0,False
asRNA:CR44201,0.0018849075,-0.64454895,0.9984960623024438,1.0,False
CG8997,0.0018849075,-0.7256064,0.9984960623024438,1.0,False
Fa2h,0.0018849075,-0.5949952,0.9984960623024438,1.0,False
betaNACtes3,0.0018849075,-0.6668676,0.9984960623024438,1.0,False
Tsp33B,0.0018849075,-0.34846896,0.9984960623024438,1.0,False
asRNA:CR44976,0.0018849075,-0.13790211,0.9984960623024438,1.0,False
CG40198,0.0018849075,-0.49763912,0.9984960623024438,1.0,False
CG32984,0.0018849075,-0.6701979,0.9984960623024438,1.0,False
CG13545,0.0018849075,-0.15159413,0.9984960623024438,1.0,False
CG43106,0.0018849075,-0.40994665,0.9984960623024438,1.0,False
CG5103,0.0018849075,-0.6554543,0.9984960623024438,1.0,False
esg,0.0018849075,-0.5732234,0.9984960623024438,1.0,False
CG30398,0.0018849075,-0.26391116,0.9984960623024438,1.0,False
CG42753,0.0018849075,-0.17753094,0.9984960623024438,1.0,False
CG7333,0.0018849075,-0.6162319,0.9984960623024438,1.0,False
asRNA:CR46134,0.0018841989,-1.1848841,0.9984966276918864,1.0,False
wbl,0.0018841989,-1.017963,0.9984966276918864,1.0,False
lncRNA:CR43992,0.0018841989,-0.76640785,0.9984966276918864,1.0,False
snoRNA:Psi18S-1389b,0.0018841989,-0.9749077,0.9984966276918864,1.0,False
lncRNA:CR45393,0.0018841989,-1.2233685,0.9984966276918864,1.0,False
CG11370,0.0018841989,-0.6268842,0.9984966276918864,1.0,False
CG34286,0.0018841989,-1.475234,0.9984966276918864,1.0,False
CG34206,0.0018841989,-0.77455443,0.9984966276918864,1.0,False
CG11269,0.0018841989,-0.9444786,0.9984966276918864,1.0,False
CG30178,0.0018841989,-0.12702744,0.9984966276918864,1.0,False
CG30340,0.0018841989,-1.5488137,0.9984966276918864,1.0,False
Mal-A7,0.0018841989,-0.85794955,0.9984966276918864,1.0,False
Obp19a,0.0018841989,-0.8376068,0.9984966276918864,1.0,False
Ts,0.0018841989,-0.89552236,0.9984966276918864,1.0,False
snoRNA:Psi18S-640c,0.0018841989,-0.2940153,0.9984966276918864,1.0,False
lncRNA:CR44772,0.0018841989,-0.9245946,0.9984966276918864,1.0,False
Dmel_CR44541,0.0018841989,-0.9574917,0.9984966276918864,1.0,False
lncRNA:CR44964,0.0018841989,-0.8803281,0.9984966276918864,1.0,False
CG32182,0.0018841989,-0.562329,0.9984966276918864,1.0,False
CG16837,0.0018841989,-1.1475996,0.9984966276918864,1.0,False
Acsx4,0.0018841989,-1.0353936,0.9984966276918864,1.0,False
asRNA:CR46048,0.0018841989,-1.3198267,0.9984966276918864,1.0,False
CG1571,0.0018841989,-1.054184,0.9984966276918864,1.0,False
lcs,0.0018841989,-0.16828291,0.9984966276918864,1.0,False
lncRNA:CR43452,0.0018841989,-0.900484,0.9984966276918864,1.0,False
Bfc,0.0018841989,-0.93963766,0.9984966276918864,1.0,False
lncRNA:CR45541,0.0018841989,-0.14459112,0.9984966276918864,1.0,False
CG33308,0.0018841989,-0.4439012,0.9984966276918864,1.0,False
lncRNA:CR44411,0.0017981025,0.26410368,0.9985653225147019,1.0,False
Ir93a,0.0017867647,-0.15445551,0.9985743687473163,1.0,False
CG2652,0.0017782614,-0.35244772,0.9985811534218976,1.0,False
Klp3A,0.001775427,-0.48143387,0.998583414980114,1.0,False
snoRNA:lola-a,0.0017527514,-0.9425562,0.9986015074462548,1.0,False
lncRNA:CR43883,0.0017056287,0.030069357,0.9986391058547424,1.0,False
Arl1,0.0016925194,-0.06924138,0.9986495655629076,1.0,False
CG31861,0.0015926051,0.005272438,0.9987292855083104,1.0,False
CG4666,0.0015833932,-0.1251671,0.9987366355748494,1.0,False
lncRNA:CR45030,0.001581976,-0.18087025,0.9987377663543265,1.0,False
CG34056,0.0015628434,-0.10654789,0.9987530318775142,1.0,False
CG4741,0.001533436,0.04133631,0.9987764955529315,1.0,False
fzo,0.0014856047,-0.5679551,0.9988146593645961,1.0,False
PolE4,0.0014165151,-0.12344346,0.9988697848750987,1.0,False
CG34234,0.0013456539,0.0038440574,0.9989263238658315,1.0,False
Mterf4,0.0011490141,-0.09915384,0.9990832195924734,1.0,False
CG31097,0.00094316236,0.48432532,0.99924746542707,1.0,False
Gr64a,0.00094316236,1.046572,0.99924746542707,1.0,False
Jhe,0.00094316236,1.9441434,0.99924746542707,1.0,False
asRNA:CR46070,0.00094316236,0.24450977,0.99924746542707,1.0,False
asRNA:CR45305,0.00094316236,0.6504863,0.99924746542707,1.0,False
Gr22a,0.00094316236,0.8817646,0.99924746542707,1.0,False
lncRNA:CR44073,0.00094316236,0.83907384,0.99924746542707,1.0,False
lncRNA:CR45410,0.00094316236,1.739861,0.99924746542707,1.0,False
CG18493,0.00094316236,1.9324186,0.99924746542707,1.0,False
lncRNA:CR43719,0.00094316236,0.68428254,0.99924746542707,1.0,False
CG31404,0.00094316236,0.85260683,0.99924746542707,1.0,False
CG4907,0.00094316236,1.4405327,0.99924746542707,1.0,False
tum,0.00094316236,2.802257,0.99924746542707,1.0,False
Ccp84Ag,0.00094316236,0.7578797,0.99924746542707,1.0,False
Cht7,0.00094316236,1.1193148,0.99924746542707,1.0,False
corolla,0.00094316236,0.18438603,0.99924746542707,1.0,False
cn,0.00094316236,0.8712025,0.99924746542707,1.0,False
CG32148,0.00094316236,0.1682503,0.99924746542707,1.0,False
lncRNA:CR44670,0.00094316236,0.73517233,0.99924746542707,1.0,False
lncRNA:CR46249,0.00094316236,2.2125638,0.99924746542707,1.0,False
Mco1,0.00094316236,0.938172,0.99924746542707,1.0,False
mthl9,0.00094316236,1.032763,0.99924746542707,1.0,False
lncRNA:CR44560,0.00094316236,0.55433404,0.99924746542707,1.0,False
CG14631,0.00094316236,0.5716097,0.99924746542707,1.0,False
CG44569,0.00094316236,1.5132781,0.99924746542707,1.0,False
CG18223,0.00094316236,0.50929457,0.99924746542707,1.0,False
cysu,0.00094316236,0.5479011,0.99924746542707,1.0,False
mfr,0.00094316236,0.5780548,0.99924746542707,1.0,False
CG9447,0.00094316236,2.9740157,0.99924746542707,1.0,False
CG17991,0.00094316236,1.8300682,0.99924746542707,1.0,False
CG43198,0.00094316236,0.9360628,0.99924746542707,1.0,False
CG43050,0.00094316236,0.7110766,0.99924746542707,1.0,False
Alp8,0.00094316236,1.0475073,0.99924746542707,1.0,False
Tsp42Er,0.00094316236,0.18320045,0.99924746542707,1.0,False
lncRNA:CR43830,0.00094316236,0.3377249,0.99924746542707,1.0,False
CG43829,0.00094316236,2.091885,0.99924746542707,1.0,False
Cad89D,0.00094316236,1.6036359,0.99924746542707,1.0,False
CG12003,0.00094316236,1.8033273,0.99924746542707,1.0,False
lncRNA:CR46257,0.00094316236,1.722322,0.99924746542707,1.0,False
CG14339,0.00094316236,2.8580196,0.99924746542707,1.0,False
CG13946,0.00094316236,1.3026748,0.99924746542707,1.0,False
CG12035,0.00094316236,0.36262769,0.99924746542707,1.0,False
snoRNA:Psi28S-2949,0.00094316236,1.6889913,0.99924746542707,1.0,False
lncRNA:CR44923,0.00094316236,1.254868,0.99924746542707,1.0,False
Ppi1,0.00094316236,0.9801021,0.99924746542707,1.0,False
CG31867,0.00094316236,1.4424639,0.99924746542707,1.0,False
CG9101,0.00094316236,2.1520388,0.99924746542707,1.0,False
CG34428,0.00094316236,0.2768449,0.99924746542707,1.0,False
CG11498,0.00094316236,0.36302876,0.99924746542707,1.0,False
Sfp78E,0.00094316236,1.0006237,0.99924746542707,1.0,False
CG13983,0.00094316236,0.2463354,0.99924746542707,1.0,False
CG17636,0.00094316236,0.9709651,0.99924746542707,1.0,False
Su(Ste):CR42407,0.00094316236,1.474987,0.99924746542707,1.0,False
CG31219,0.00094316236,0.28133404,0.99924746542707,1.0,False
CG9029,0.00094316236,0.7182305,0.99924746542707,1.0,False
CG43400,0.00094316236,1.0265759,0.99924746542707,1.0,False
CG7329,0.00094316236,1.0880567,0.99924746542707,1.0,False
asRNA:CR44130,0.00094316236,1.5934713,0.99924746542707,1.0,False
CG4576,0.00094316236,0.4127656,0.99924746542707,1.0,False
CG9626,0.00094316236,0.28180313,0.99924746542707,1.0,False
CG14518,0.00094316236,0.23461385,0.99924746542707,1.0,False
CG33769,0.00094316236,0.7169615,0.99924746542707,1.0,False
Mal-A2,0.00094316236,0.3490799,0.99924746542707,1.0,False
CG34284,0.00094316236,0.41795048,0.99924746542707,1.0,False
CG30339,0.00094316236,0.41977328,0.99924746542707,1.0,False
FipoQ,0.00094316236,1.3355111,0.99924746542707,1.0,False
Cpr11A,0.00094316236,0.43658438,0.99924746542707,1.0,False
CG14932,0.00094316236,1.1699269,0.99924746542707,1.0,False
ND-B14.5AL,0.00094316236,0.31498668,0.99924746542707,1.0,False
CG7542,0.00094316236,1.9573886,0.99924746542707,1.0,False
Obp47a,0.00094316236,0.47315466,0.99924746542707,1.0,False
asRNA:CR44982,0.00094316236,1.3758574,0.99924746542707,1.0,False
yip7,0.00094316236,0.3643271,0.99924746542707,1.0,False
lncRNA:CR45276,0.00094316236,0.2644773,0.99924746542707,1.0,False
CG10591,0.00094316236,0.33852926,0.99924746542707,1.0,False
CG18233,0.00094316236,1.2412369,0.99924746542707,1.0,False
CG11550,0.00094316236,1.0345262,0.99924746542707,1.0,False
mir-3645,0.00094316236,1.0120282,0.99924746542707,1.0,False
lncRNA:CR43881,0.00094316236,0.18926086,0.99924746542707,1.0,False
mir-2491,0.00094245374,-0.29105031,0.9992480308172654,1.0,False
snRNA:U5:63BC,0.00094245374,-1.3816637,0.9992480308172654,1.0,False
CG14384,0.00094245374,-0.7165264,0.9992480308172654,1.0,False
CG13058,0.00094245374,-0.09321731,0.9992480308172654,1.0,False
GstE10,0.00094245374,-2.3515718,0.9992480308172654,1.0,False
lncRNA:CR46114,0.00094245374,0.01496912,0.9992480308172654,1.0,False
CG14054,0.00094245374,-1.1330584,0.9992480308172654,1.0,False
Or92a,0.00094245374,-1.370709,0.9992480308172654,1.0,False
Dmel_CR44198,0.00094245374,-0.34484416,0.9992480308172654,1.0,False
CG30088,0.00094245374,-1.1095853,0.9992480308172654,1.0,False
CG14095,0.00094245374,0.043460507,0.9992480308172654,1.0,False
kmg,0.00094245374,-3.6670349,0.9992480308172654,1.0,False
lncRNA:CR45294,0.00094245374,-0.06121991,0.9992480308172654,1.0,False
Alp1,0.00094245374,0.09907328,0.9992480308172654,1.0,False
spirit,0.00094245374,-2.1059566,0.9992480308172654,1.0,False
alpha4GT2,0.00094245374,-0.46938932,0.9992480308172654,1.0,False
lncRNA:CR45762,0.00094245374,-0.6119935,0.9992480308172654,1.0,False
Spindly,0.00094245374,-1.5934227,0.9992480308172654,1.0,False
CG17375,0.00094245374,-0.36808553,0.9992480308172654,1.0,False
Ir31a,0.00094245374,-0.27591273,0.9992480308172654,1.0,False
CG43919,0.00094245374,-0.9108779,0.9992480308172654,1.0,False
lncRNA:CR44530,0.00094245374,-0.7201292,0.9992480308172654,1.0,False
Obp50e,0.00094245374,-0.4484421,0.9992480308172654,1.0,False
salt,0.00094245374,-1.4320618,0.9992480308172654,1.0,False
Cyp9b1,0.00094245374,-1.5794144,0.9992480308172654,1.0,False
CG12164,0.00094245374,-0.7777821,0.9992480308172654,1.0,False
lncRNA:CR45720,0.00094245374,-0.35931328,0.9992480308172654,1.0,False
Sgs7,0.00094245374,-0.20658325,0.9992480308172654,1.0,False
CG14963,0.00094245374,-0.19718766,0.9992480308172654,1.0,False
mir-4974,0.00094245374,-0.5650136,0.9992480308172654,1.0,False
asRNA:CR44169,0.00094245374,-1.5804371,0.9992480308172654,1.0,False
CG7335,0.00094245374,0.08475445,0.9992480308172654,1.0,False
lncRNA:CR45178,0.00094245374,-0.38115102,0.9992480308172654,1.0,False
CG12831,0.00094245374,0.01698645,0.9992480308172654,1.0,False
Edg91,0.00094245374,-0.44688043,0.9992480308172654,1.0,False
snoRNA:Psi28S-1135c,0.00094245374,-0.62383115,0.9992480308172654,1.0,False
lncRNA:CR44671,0.00094245374,-0.75504196,0.9992480308172654,1.0,False
CG6048,0.00094245374,-2.724695,0.9992480308172654,1.0,False
CG6793,0.00094245374,-2.4676802,0.9992480308172654,1.0,False
Npc2d,0.00094245374,0.02370445,0.9992480308172654,1.0,False
asRNA:CR44108,0.00094245374,-0.42353684,0.9992480308172654,1.0,False
asRNA:CR43472,0.00094245374,-1.1442889,0.9992480308172654,1.0,False
lncRNA:CR32027,0.00094245374,-0.70793027,0.9992480308172654,1.0,False
sisRNA:CR46363,0.00094245374,-1.549914,0.9992480308172654,1.0,False
CG11404,0.00094245374,-2.9406579,0.9992480308172654,1.0,False
Ir75a,0.00094245374,-0.883789,0.9992480308172654,1.0,False
CG10164,0.00094245374,-1.0857184,0.9992480308172654,1.0,False
lncRNA:CR44151,0.00094245374,-0.3728146,0.9992480308172654,1.0,False
Muc30E,0.00094245374,-0.008605841,0.9992480308172654,1.0,False
CG13443,0.00094245374,-0.28894773,0.9992480308172654,1.0,False
SteXh:CG42398,0.00094245374,-0.3437692,0.9992480308172654,1.0,False
lncRNA:CR43234,0.00094245374,-0.4774069,0.9992480308172654,1.0,False
CG42812,0.00094245374,-0.8598652,0.9992480308172654,1.0,False
lncRNA:CR43763,0.00094245374,-0.05428781,0.9992480308172654,1.0,False
wor,0.00094245374,-0.67635864,0.9992480308172654,1.0,False
lncRNA:CR45617,0.00094245374,-0.5247126,0.9992480308172654,1.0,False
Nepl10,0.00094245374,-3.1616542,0.9992480308172654,1.0,False
EAChm,0.00094245374,-0.21496159,0.9992480308172654,1.0,False
lncRNA:CR44196,0.00094245374,-1.0295641,0.9992480308172654,1.0,False
Sfp33A3,0.00094245374,-1.2856308,0.9992480308172654,1.0,False
CG13539,0.00094245374,-0.8627033,0.9992480308172654,1.0,False
CG2616,0.00094245374,-0.6281416,0.9992480308172654,1.0,False
CG9632,0.00094245374,-0.3161397,0.9992480308172654,1.0,False
snoRNA:CD13,0.00094245374,-1.052359,0.9992480308172654,1.0,False
TwdlY,0.00094245374,0.057481512,0.9992480308172654,1.0,False
lncRNA:CR44543,0.00094245374,-1.0992578,0.9992480308172654,1.0,False
CG11529,0.00094245374,-3.3449652,0.9992480308172654,1.0,False
CG13842,0.00094245374,-0.13040024,0.9992480308172654,1.0,False
snoRNA:CD60,0.00094245374,-0.19043146,0.9992480308172654,1.0,False
Or65a,0.00094245374,-1.1020243,0.9992480308172654,1.0,False
CG2577,0.00094245374,-1.0125821,0.9992480308172654,1.0,False
ndl,0.00094245374,-0.3058403,0.9992480308172654,1.0,False
lncRNA:CR44112,0.00094245374,-0.8201561,0.9992480308172654,1.0,False
reb,0.00094245374,-0.4059766,0.9992480308172654,1.0,False
sisRNA:CR46361,0.00094245374,-1.5286587,0.9992480308172654,1.0,False
glob2,0.00094245374,-0.31374466,0.9992480308172654,1.0,False
lncRNA:CR43605,0.00094245374,-1.2812176,0.9992480308172654,1.0,False
CG31178,0.00094245374,0.13617788,0.9992480308172654,1.0,False
CG31446,0.00094245374,-0.814416,0.9992480308172654,1.0,False
CG31296,0.00094245374,-3.1589956,0.9992480308172654,1.0,False
CG13449,0.00094245374,-0.8232427,0.9992480308172654,1.0,False
CG4213,0.00094245374,-0.7036103,0.9992480308172654,1.0,False
CG9521,0.00094245374,-0.19870435,0.9992480308172654,1.0,False
lncRNA:CR43839,0.00094245374,-0.24483605,0.9992480308172654,1.0,False
Mur82C,0.00094245374,0.12837124,0.9992480308172654,1.0,False
CG32945,0.00094245374,-1.9068261,0.9992480308172654,1.0,False
lncRNA:CR45432,0.00094245374,-0.997827,0.9992480308172654,1.0,False
scaRNA:PsiU6-40,0.00094245374,0.056272734,0.9992480308172654,1.0,False
CG13577,0.00094245374,-0.4528247,0.9992480308172654,1.0,False
ppk19,0.00094245374,-0.8391837,0.9992480308172654,1.0,False
asRNA:CR45466,0.00094245374,-0.8911923,0.9992480308172654,1.0,False
CatB,0.00094245374,-1.0528713,0.9992480308172654,1.0,False
CG43450,0.00094245374,-1.5273259,0.9992480308172654,1.0,False
CG44038,0.00094245374,-0.2535864,0.9992480308172654,1.0,False
CG17207,0.00094245374,-1.4331878,0.9992480308172654,1.0,False
lncRNA:CR44688,0.00094245374,-0.3272864,0.9992480308172654,1.0,False
Pgcl,0.00094245374,-0.74340415,0.9992480308172654,1.0,False
CG14610,0.00094245374,-0.69250363,0.9992480308172654,1.0,False
sro,0.0008595462,0.27198353,0.9993141814726547,1.0,False
CG7387,0.0008591919,0.31714693,0.9993144641677736,1.0,False
CG13231,0.00085246004,0.16893461,0.9993198353750499,1.0,False
CG30062,0.00085246004,0.14034326,0.9993198353750499,1.0,False
GNBP1,0.0008510428,0.10929153,0.999320966155533,1.0,False
CG15631,0.0008496256,-0.0981797,0.9993220969360175,1.0,False
Ttc30,0.0008425395,-0.40251052,0.9993277508384604,1.0,False
Nprl2,0.00084005937,-0.09333299,0.9993297297043233,1.0,False
Antdh,0.00083899644,-0.19109827,0.9993305777896945,1.0,False
asRNA:CR43842,0.00083545333,-0.45342663,0.9993334047409369,1.0,False
CG13559,0.0008326189,-0.56600225,0.9993356663019369,1.0,False
Polr3G,0.0008209268,-0.09684403,0.9993449952411183,1.0,False
CG8509,0.0007369563,-0.23110776,0.9994119939887017,1.0,False
CG13692,0.00071357214,-0.32961893,0.9994306518685339,1.0,False
Rcd6,0.0006143665,-0.18822256,0.9995098065135856,1.0,False
CG5292,0.00055767753,-0.11116139,0.9995550377415453,1.0,False
asRNA:CR46137,0.00045209436,-0.31615075,0.9996392809073208,1.0,False
Hdc,0.00033375618,-0.005496383,0.9997337011045686,1.0,False
CG32638,0.00025935195,-0.15985489,0.9997930670988434,1.0,False
Dmel_CR42735,0.00018211325,-0.47190073,0.9998546946560124,1.0,False
SdhAL,0.0001431396,-0.035495564,0.9998857911301653,1.0,False
CG8329,0.0,0.0,1.0,1.0,False
lncRNA:CR44515,0.0,0.0,1.0,1.0,False
lncRNA:CR44955,0.0,0.0,1.0,1.0,False
Ir10a,0.0,0.0,1.0,1.0,False
CG43134,0.0,0.0,1.0,1.0,False
CG17350,0.0,0.0,1.0,1.0,False
snoRNA:Psi18S-1295,0.0,0.0,1.0,1.0,False
CG11977,0.0,0.0,1.0,1.0,False
lncRNA:CR43929,0.0,0.0,1.0,1.0,False
lncRNA:CR44888,0.0,0.0,1.0,1.0,False
MtnB,0.0,0.0,1.0,1.0,False
asRNA:CR45024,0.0,0.0,1.0,1.0,False
lncRNA:CR45097,0.0,0.0,1.0,1.0,False
Gem4c,0.0,0.0,1.0,1.0,False
CG14500,0.0,0.0,1.0,1.0,False
CG10910,0.0,0.0,1.0,1.0,False
CG43678,0.0,0.0,1.0,1.0,False
snoRNA:Psi18S-841a,0.0,0.0,1.0,1.0,False
CG33483,0.0,0.0,1.0,1.0,False
CG43192,0.0,0.0,1.0,1.0,False
lncRNA:CR45590,0.0,0.0,1.0,1.0,False
lncRNA:CR44715,0.0,0.0,1.0,1.0,False
asRNA:CR44968,0.0,0.0,1.0,1.0,False
lncRNA:CR44842,0.0,0.0,1.0,1.0,False
mir-956,0.0,0.0,1.0,1.0,False
lncRNA:CR46233,0.0,0.0,1.0,1.0,False
CG9040,0.0,0.0,1.0,1.0,False
CG34230,0.0,0.0,1.0,1.0,False
lncRNA:CR45971,0.0,0.0,1.0,1.0,False
CG15649,0.0,0.0,1.0,1.0,False
PH4alphaSG1,0.0,0.0,1.0,1.0,False
lncRNA:CR43766,0.0,0.0,1.0,1.0,False
CG7179,0.0,0.0,1.0,1.0,False
lncRNA:CR45362,0.0,0.0,1.0,1.0,False
asRNA:CR44374,0.0,0.0,1.0,1.0,False
snoRNA:Psi28S-291,0.0,0.0,1.0,1.0,False
lncRNA:CR45166,0.0,0.0,1.0,1.0,False
snoRNA:Or-aca1,0.0,0.0,1.0,1.0,False
lncRNA:CR43166,0.0,0.0,1.0,1.0,False
CG17575,0.0,0.0,1.0,1.0,False
CG12374,0.0,0.0,1.0,1.0,False
Sgs5bis,0.0,0.0,1.0,1.0,False
CG42579,0.0,0.0,1.0,1.0,False
CAH6,0.0,0.0,1.0,1.0,False
CG14841,0.0,0.0,1.0,1.0,False
sphe,0.0,0.0,1.0,1.0,False
Lcp1,0.0,0.0,1.0,1.0,False
asRNA:CR44266,0.0,0.0,1.0,1.0,False
CG15404,0.0,0.0,1.0,1.0,False
CG14053,0.0,0.0,1.0,1.0,False
CG42714,0.0,0.0,1.0,1.0,False
lncRNA:CR44764,0.0,0.0,1.0,1.0,False
Gr36c,0.0,0.0,1.0,1.0,False
betaTry,0.0,0.0,1.0,1.0,False
alphaTry,0.0,0.0,1.0,1.0,False
nompA,0.0,0.0,1.0,1.0,False
lncRNA:CR45115,0.0,0.0,1.0,1.0,False
lncRNA:CR45626,0.0,0.0,1.0,1.0,False
CG11905,0.0,0.0,1.0,1.0,False
CG9698,0.0,0.0,1.0,1.0,False
Gr58b,0.0,0.0,1.0,1.0,False
CG30395,0.0,0.0,1.0,1.0,False
whe,0.0,0.0,1.0,1.0,False
mAChR-C,0.0,0.0,1.0,1.0,False
CG14731,0.0,0.0,1.0,1.0,False
CG6441,0.0,0.0,1.0,1.0,False
CG13023,0.0,0.0,1.0,1.0,False
CG13810,0.0,0.0,1.0,1.0,False
CG33469,0.0,0.0,1.0,1.0,False
lncRNA:CR45025,0.0,0.0,1.0,1.0,False
CG31274,0.0,0.0,1.0,1.0,False
lncRNA:CR44032,0.0,0.0,1.0,1.0,False
CG44476,0.0,0.0,1.0,1.0,False
lncRNA:CR45695,0.0,0.0,1.0,1.0,False
CG17752,0.0,0.0,1.0,1.0,False
CG3088,0.0,0.0,1.0,1.0,False
CG42570,0.0,0.0,1.0,1.0,False
CG13613,0.0,0.0,1.0,1.0,False
CG32847,0.0,0.0,1.0,1.0,False
asRNA:CR43467,0.0,0.0,1.0,1.0,False
CG12209,0.0,0.0,1.0,1.0,False
lncRNA:CR45241,0.0,0.0,1.0,1.0,False
CG7567,0.0,0.0,1.0,1.0,False
lncRNA:CR43717,0.0,0.0,1.0,1.0,False
CG13073,0.0,0.0,1.0,1.0,False
CG17134,0.0,0.0,1.0,1.0,False
CG43694,0.0,0.0,1.0,1.0,False
CG43403,0.0,0.0,1.0,1.0,False
CG45078,0.0,0.0,1.0,1.0,False
lncRNA:CR45743,0.0,0.0,1.0,1.0,False
lncRNA:CR44889,0.0,0.0,1.0,1.0,False
lncRNA:CR45395,0.0,0.0,1.0,1.0,False
CG34210,0.0,0.0,1.0,1.0,False
asRNA:CR43877,0.0,0.0,1.0,1.0,False
lncRNA:CR42790,0.0,0.0,1.0,1.0,False
CG9395,-5.491742e-05,-0.13905787,0.9999561822404062,1.0,False
LysX,-8.538773e-05,0.18401477,0.9999318704512606,1.0,False
dmrt93B,-8.609634e-05,0.37961423,0.9999313050608161,1.0,False
Marf1,-9.247384e-05,0.107966825,0.9999262165468165,1.0,False
CG32266,-9.459968e-05,-0.009013895,0.9999245203754838,1.0,False
CG42818,-9.530829e-05,-0.18074068,0.9999239549850398,1.0,False
lncRNA:CR44423,-9.743413e-05,-0.08523083,0.9999222588137077,1.0,False
Jon44E,-9.814274e-05,-0.08338718,0.9999216934232638,1.0,False
asRNA:CR44599,-0.00010239441,-0.48197,0.9999183010806009,1.0,False
mthl13,-0.00010593747,-0.54328644,0.9999154741283829,1.0,False
CG13516,-0.000107354696,-0.90023315,0.9999143433474961,1.0,False
Mst36Fb,-0.00020974911,-0.25939566,0.9998326444290168,1.0,False
azot,-0.00022817301,-0.39519268,0.9998179442777563,1.0,False
Rbf2,-0.00030045141,-0.0061970926,0.9997602744542242,1.0,False
twe,-0.00034438536,0.045549847,0.9997252202483563,1.0,False
Rrp42,-0.0009771758,-0.1403443,0.9992203266981418,1.0,False
P5CDh2,-0.0010267786,0.6140354,0.9991807493867468,1.0,False
CG5267,-0.0010338647,0.13331124,0.9991750954852813,1.0,False
PeriA,-0.0010352819,0.25457776,0.9991739647049931,1.0,False
CG32461,-0.0010359905,-0.0334567,0.9991733993148496,1.0,False
lncRNA:CR43821,-0.0010416594,-0.16629699,0.999168876193717,1.0,False
Lip3,-0.001042368,-0.19567658,0.9991683108035773,1.0,False
CG16704,-0.0010437852,-0.24097213,0.9991671800232991,1.0,False
CG7362,-0.0010437852,-0.44240412,0.9991671800232991,1.0,False
CG13674,-0.0010437852,-0.46998492,0.9991671800232991,1.0,False
snoRNA:Psi28S-3436a,-0.0010444939,-0.46785977,0.9991666146331606,1.0,False
CG5861,-0.0010462654,-0.10882101,0.9991652011578164,1.0,False
CG42366,-0.0010466197,-0.5184844,0.9991649184627478,1.0,False
CG17047,-0.0010473283,-0.43558106,0.999164353072611,1.0,False
Mnat9,-0.0011057887,-0.14440867,0.9991177083877986,1.0,False
CG43338,-0.0011557459,-0.21628588,0.9990778483867966,1.0,False
lncRNA:CR46110,-0.0011614148,-0.33051,0.999073325266259,1.0,False
CG3788,-0.0016216582,-0.15284713,0.998706104529935,1.0,False
CG31008,-0.00197809,0.1628416,0.9984217135974214,1.0,False
CG12362,-0.00197809,0.34443787,0.9984217135974214,1.0,False
CG33752,-0.0019787985,0.0954292,0.9984211482080813,1.0,False
lncRNA:CR45877,-0.0019795073,0.05137577,0.9984205828187419,1.0,False
btv,-0.0019802158,-0.1607072,0.9984200174294033,1.0,False
saturn,-0.001981633,-0.33848152,0.9984188866507286,1.0,False
Vha14-2,-0.001981633,-0.21197326,0.9984188866507286,1.0,False
CG31675,-0.001981633,-0.10462399,0.9984188866507286,1.0,False
CG13708,-0.0019823415,-0.1760909,0.9984183212613925,1.0,False
lncRNA:CR44913,-0.0019830503,-0.18001612,0.9984177558720572,1.0,False
Cpr49Ac,-0.0019837588,-0.1520646,0.9984171904827226,1.0,False
lncRNA:CR45196,-0.0019858847,-0.664769,0.9984154943147237,1.0,False
CG15650,-0.0019865932,-0.41637737,0.9984149289253923,1.0,False
lncRNA:CR45564,-0.0019865932,-0.34570822,0.9984149289253923,1.0,False
CG9826,-0.001987302,-1.0167297,0.9984143635360617,1.0,False
phr6-4,-0.001987302,-0.46719855,0.9984143635360617,1.0,False
CG30281,-0.0019887192,-0.66664696,0.9984132327574029,1.0,False
CG12998,-0.001990845,-0.95163566,0.9984115365894207,1.0,False
Sp212,-0.001990845,-1.1230069,0.9984115365894207,1.0,False
DptA,-0.0019915535,-0.9167175,0.9984109712000949,1.0,False
Cyp309a1,-0.0019936794,-1.2639991,0.9984092750321223,1.0,False
asRNA:CR43809,-0.0020762328,0.00878059,0.9983434071814865,1.0,False
CG8738,-0.0020861533,-0.17796047,0.9983354917323757,1.0,False
Prx6c,-0.0020875705,-0.28506675,0.9983343609539447,1.0,False
nerfin-1,-0.0021779186,-0.009497668,0.9982622738359683,1.0,False
ZnT77C,-0.0023316874,-0.23806913,0.9981395844210499,1.0,False
CG31988,-0.002334876,-0.37764677,0.9981370401709656,1.0,False
CG3700,-0.002461009,-0.036024243,0.9980364009608721,1.0,False
t-cup,-0.0025233668,-0.1258533,0.9979866467560863,1.0,False
lncRNA:CR32111,-0.0026796157,-0.18630601,0.9978619785845879,1.0,False
PIG-A,-0.0028553514,-0.07622738,0.9977217622909543,1.0,False
CG30427,-0.0029187722,0.36360088,0.9976711600568754,1.0,False
CG31244,-0.002920898,0.2143064,0.9976694638927658,1.0,False
lncRNA:CR33987,-0.0029223152,-0.007029099,0.9976683331166984,1.0,False
Cyp4d8,-0.0029223152,-0.0718505,0.9976683331166984,1.0,False
Rpn12R,-0.0029237324,-0.2166199,0.9976672023406359,1.0,False
Or67a,-0.0029251496,-0.18782464,0.997666071564578,1.0,False
lncRNA:CR44605,-0.0029251496,-0.19110785,0.997666071564578,1.0,False
CG13527,-0.0029258584,-0.59492123,0.9976655061765508,1.0,False
Lip1,-0.0029258584,-0.31739777,0.9976655061765508,1.0,False
CG31704,-0.0029272756,-0.4787778,0.9976643754004999,1.0,False
asRNA:CR46089,-0.0029272756,-0.43683967,0.9976643754004999,1.0,False
CG43060,-0.0029286928,-0.49454924,0.9976632446244538,1.0,False
CG34026,-0.0029286928,-0.66446847,0.9976632446244538,1.0,False
CG7264,-0.0029294014,-0.6006306,0.9976626792364324,1.0,False
CG33667,-0.0029301099,-0.770713,0.9976621138484123,1.0,False
Dhc62B,-0.0029322358,-1.3397167,0.9976604176843589,1.0,False
lncRNA:CR45256,-0.0029329443,-1.0421996,0.9976598522963434,1.0,False
asRNA:CR43964,-0.0029343616,-1.4172021,0.997658721520316,1.0,False
asRNA:CR45275,-0.0030130176,0.030748073,0.9975959634582333,1.0,False
vnc,-0.0030236468,-0.1518289,0.9975874826401651,1.0,False
CG13461,-0.0030420707,-0.47602934,0.9975727825561598,1.0,False
CG34263,-0.0030945078,0.04399408,0.9975309438600555,1.0,False
lncRNA:CR43818,-0.0031150577,-0.04140871,0.9975145476161302,1.0,False
asRNA:CR45121,-0.0031533227,0.22615929,0.9974840166819678,1.0,False
CG17186,-0.0031653692,-0.09537401,0.9974744050923438,1.0,False
lncRNA:CR44353,-0.0032847703,-0.35208058,0.9973791372975837,1.0,False
CG13135,-0.0034828272,-0.1601808,0.9972211115727087,1.0,False
Ote,-0.0036720266,-0.23399588,0.9970701532896603,1.0,False
CG14856,-0.0038622888,0.27685994,0.9969183470321433,1.0,False
CG7213,-0.0038622888,0.2588947,0.9969183470321433,1.0,False
lncRNA:CR43909,-0.003863706,0.08320643,0.9969172162596871,1.0,False
alphaTub85E,-0.0038644148,0.17700121,0.9969166508734614,1.0,False
CG18088,-0.0038644148,-0.08024294,0.9969166508734614,1.0,False
CG32719,-0.0038651233,-0.11668003,0.9969160854872372,1.0,False
Obp57b,-0.0038651233,0.059515774,0.9969160854872372,1.0,False
lncRNA:CR44673,-0.0038651233,0.20261313,0.9969160854872372,1.0,False
lncRNA:CR44068,-0.0038665405,-0.113316834,0.9969149547147934,1.0,False
asRNA:CR45016,-0.0038665405,-0.50418943,0.9969149547147934,1.0,False
lncRNA:CR46112,-0.0038665405,-0.064702034,0.9969149547147934,1.0,False
lncRNA:CR44845,-0.0038665405,-0.15018746,0.9969149547147934,1.0,False
asRNA:CR45133,-0.0038665405,-0.19009481,0.9969149547147934,1.0,False
Tim13,-0.003867249,-0.16834846,0.9969143893285738,1.0,False
lncRNA:CR45337,-0.003867249,-0.12646236,0.9969143893285738,1.0,False
lncRNA:CR45898,-0.003867249,-0.36925957,0.9969143893285738,1.0,False
asRNA:CR45682,-0.0038679577,-0.50578314,0.9969138239423558,1.0,False
lncRNA:CR44660,-0.0038679577,-0.33814535,0.9969138239423558,1.0,False
asRNA:CR45969,-0.0038679577,-0.56268543,0.9969138239423558,1.0,False
lncRNA:CR43404,-0.0038679577,-0.22938159,0.9969138239423558,1.0,False
CG30325,-0.0038679577,-0.2333669,0.9969138239423558,1.0,False
lncRNA:CR45658,-0.0038686662,-0.44383752,0.9969132585561393,1.0,False
pon,-0.003869375,-0.5160782,0.9969126931699244,1.0,False
Cyp4c3,-0.0038700835,-0.54363924,0.9969121277837111,1.0,False
CG13840,-0.0038715007,-0.9211218,0.9969109970112889,1.0,False
asRNA:CR46263,-0.0038722095,-1.241417,0.9969104316250802,1.0,False
lncRNA:CR45966,-0.0038722095,-1.1230261,0.9969104316250802,1.0,False
lncRNA:CR46010,-0.003872918,-0.9102853,0.9969098662388731,1.0,False
lncRNA:CR45463,-0.003872918,-0.76511997,0.9969098662388731,1.0,False
Cluap1,-0.003872918,-0.82754225,0.9969098662388731,1.0,False
CG34107,-0.003954054,0.03447198,0.9968451295284839,1.0,False
Brca2,-0.0039547626,-0.18758477,0.9968445641424579,1.0,False
CG17994,-0.003963266,-0.09367202,0.9968377795102688,1.0,False
lncRNA:CR44322,-0.0039661005,-0.1432365,0.9968355179662565,1.0,False
CG12231,-0.0039823987,-0.46073687,0.9968225140886798,1.0,False
CG43071,-0.0039916104,-0.5633731,0.9968151640712922,1.0,False
Cyp9b2,-0.0041003823,-0.3622317,0.9967283773481291,1.0,False
CG15617,-0.0041843527,-0.15906361,0.9966613791550405,1.0,False
lncRNA:CR44951,-0.004324658,-0.0138327945,0.9965494328598586,1.0,False
Yif1,-0.004415006,-0.07551032,0.9964773462662,1.0,False
Rad17,-0.004648848,-0.12309434,0.9962907693352305,1.0,False
lncRNA:CR44676,-0.004805097,0.47059068,0.9961661021346759,1.0,False
CG9672,-0.0048058056,0.77577627,0.9961655367507574,1.0,False
asRNA:CR43723,-0.0048072226,-0.0931107,0.996164405982926,1.0,False
CG15705,-0.0048072226,-0.22016679,0.996164405982926,1.0,False
CG14736,-0.0048072226,0.6417768,0.996164405982926,1.0,False
cad,-0.0048072226,0.18813203,0.996164405982926,1.0,False
CG13871,-0.0048079314,0.10548315,0.9961638405990132,1.0,False
Ser8,-0.00480864,-0.26183727,0.9961632752151023,1.0,False
scaRNA:PsiU2-38.40.42,-0.00480864,-0.3079408,0.9961632752151023,1.0,False
spdt,-0.00480864,0.108077265,0.9961632752151023,1.0,False
Jon99Cii,-0.00480864,-0.2405688,0.9961632752151023,1.0,False
gwl,-0.00480864,0.00021547904,0.9961632752151023,1.0,False
spn-E,-0.0048093484,-0.34934846,0.9961627098311933,1.0,False
asRNA:CR45053,-0.0048093484,-0.18309024,0.9961627098311933,1.0,False
asRNA:CR44030,-0.0048093484,-0.213209,0.9961627098311933,1.0,False
CG34282,-0.0048093484,-0.26579478,0.9961627098311933,1.0,False
CNT2,-0.0048093484,-0.40270758,0.9961627098311933,1.0,False
Wnt2,-0.0048093484,-0.32255432,0.9961627098311933,1.0,False
lncRNA:CR44564,-0.0048093484,-0.33757186,0.9961627098311933,1.0,False
asRNA:CR46138,-0.0048093484,-0.44646448,0.9961627098311933,1.0,False
CG8960,-0.004810057,-0.16849102,0.9961621444472862,1.0,False
CG9308,-0.004810057,-0.44694877,0.9961621444472862,1.0,False
CG1324,-0.004810057,-0.53525144,0.9961621444472862,1.0,False
lncRNA:CR45306,-0.004810057,-0.2656585,0.9961621444472862,1.0,False
rho-6,-0.004810057,-0.72851026,0.9961621444472862,1.0,False
CG32040,-0.004810057,-0.69159067,0.9961621444472862,1.0,False
knrl,-0.004810766,-0.54120445,0.9961615790633812,1.0,False
ItgaPS4,-0.004810766,-0.5992808,0.9961615790633812,1.0,False
CG4267,-0.004810766,-0.5446364,0.9961615790633812,1.0,False
CG32201,-0.004810766,-0.9147304,0.9961615790633812,1.0,False
CG8541,-0.004810766,-0.6478018,0.9961615790633812,1.0,False
CG8028,-0.004810766,-0.77088153,0.9961615790633812,1.0,False
Ser,-0.004810766,-0.76725465,0.9961615790633812,1.0,False
CG9497,-0.0048114746,-0.7744081,0.996161013679478,1.0,False
CG17564,-0.0048114746,-0.61796767,0.996161013679478,1.0,False
lncRNA:CR44957,-0.0048114746,-0.8379111,0.996161013679478,1.0,False
Cubn2,-0.0048114746,-0.7127115,0.996161013679478,1.0,False
asRNA:CR44847,-0.0048114746,-1.0928924,0.996161013679478,1.0,False
Cpr97Ea,-0.0048114746,-0.96368146,0.996161013679478,1.0,False
CG10962,-0.0048114746,-0.60348547,0.996161013679478,1.0,False
NimA,-0.0048114746,-0.60868096,0.996161013679478,1.0,False
CG32712,-0.0048114746,-1.358046,0.996161013679478,1.0,False
Mst33A,-0.0048114746,-0.62334245,0.996161013679478,1.0,False
snoRNA:CG32479-b,-0.0048114746,-0.563612,0.996161013679478,1.0,False
asRNA:CR45968,-0.0048114746,-0.61678034,0.996161013679478,1.0,False
Cpr31A,-0.0048114746,-1.0182284,0.996161013679478,1.0,False
CG32199,-0.0048114746,-0.68592757,0.996161013679478,1.0,False
lncRNA:CR41257,-0.004812183,-0.7323839,0.9961604482955767,1.0,False
CG12995,-0.004812183,-0.9427044,0.9961604482955767,1.0,False
mthl4,-0.004812183,-1.2844719,0.9961604482955767,1.0,False
Acbp6,-0.004812183,-1.3592211,0.9961604482955767,1.0,False
mex1,-0.004812183,-0.9784463,0.9961604482955767,1.0,False
BG642312,-0.004812183,-0.8534745,0.9961604482955767,1.0,False
mir-4975,-0.0048128916,-1.2993816,0.9961598829116773,1.0,False
CG32236,-0.0048128916,-0.7284301,0.9961598829116773,1.0,False
tHMG2,-0.0048136003,-0.8944975,0.99615931752778,1.0,False
cGlr1,-0.004887296,0.34551236,0.9961005176130333,1.0,False
CG5697,-0.0048972163,0.0073443186,0.9960926022415046,1.0,False
CG30154,-0.0049021766,0.06913303,0.9960886445558845,1.0,False
Tpl94D,-0.004914932,-0.31216556,0.9960784676504462,1.0,False
Takl2,-0.0049206004,-0.58542347,0.9960739445815672,1.0,False
lncRNA:CR32636,-0.0049496535,0.26260585,0.9960507638555456,1.0,False
rha,-0.005014846,-0.15807931,0.9959987485800491,1.0,False
asRNA:CR45944,-0.0050283098,-0.29726836,0.9959880062970037,1.0,False
lncRNA:CR45048,-0.0050424817,-0.3822579,0.9959766986314256,1.0,False
Cpr73D,-0.005046025,-0.4378788,0.9959738717151573,1.0,False
CG9631,-0.0050633857,-0.44879496,0.9959600198261737,1.0,False
CG10366,-0.0051108627,-0.13819811,0.9959221391564083,1.0,False
lncRNA:CR45388,-0.005634527,-0.16301036,0.9955043216514753,1.0,False
CG15731,-0.0057500307,0.20636873,0.9954121645017733,1.0,False
CG2854,-0.0057500307,1.3726921,0.9954121645017733,1.0,False
lncRNA:CR45125,-0.0057500307,0.013251236,0.9954121645017733,1.0,False
CG2150,-0.0057500307,0.30447042,0.9954121645017733,1.0,False
Sox100B,-0.0057507395,0.28021187,0.9954115991206745,1.0,False
mt:tRNA:Cys-GCA,-0.0057507395,0.3369046,0.9954115991206745,1.0,False
asRNA:CR44704,-0.0057507395,0.6244361,0.9954115991206745,1.0,False
CG8008,-0.0057507395,-0.012756582,0.9954115991206745,1.0,False
lncRNA:CR44220,-0.0057507395,0.32709688,0.9954115991206745,1.0,False
Takl1,-0.005751448,-0.14376938,0.9954110337395778,1.0,False
alpha-Est5,-0.005751448,-0.077609,0.9954110337395778,1.0,False
CG15878,-0.005751448,-0.44307777,0.9954110337395778,1.0,False
CG13029,-0.005751448,-0.5278761,0.9954110337395778,1.0,False
pre-mod(mdg4)-E,-0.005751448,0.24180122,0.9954110337395778,1.0,False
lncRNA:CR46123,-0.005751448,-0.10600624,0.9954110337395778,1.0,False
CG10505,-0.005751448,-0.5321577,0.9954110337395778,1.0,False
snoRNA:CD3a,-0.005751448,-0.21204145,0.9954110337395778,1.0,False
lncRNA:CR44473,-0.005751448,-0.046285737,0.9954110337395778,1.0,False
lncRNA:CR44078,-0.005751448,-0.22296697,0.9954110337395778,1.0,False
CG11656,-0.005751448,-0.03388592,0.9954110337395778,1.0,False
snRNA:U7,-0.005751448,-0.7124371,0.9954110337395778,1.0,False
lncRNA:CR34052,-0.005751448,-0.061252683,0.9954110337395778,1.0,False
Toll-4,-0.0057521565,0.25570518,0.9954104683584837,1.0,False
CG14668,-0.0057521565,-0.46688825,0.9954104683584837,1.0,False
lncRNA:CR44377,-0.0057521565,-0.35561055,0.9954104683584837,1.0,False
CG12609,-0.0057521565,-0.46368438,0.9954104683584837,1.0,False
lncRNA:CR43606,-0.0057521565,-0.29373443,0.9954104683584837,1.0,False
CG10481,-0.0057521565,-0.35998747,0.9954104683584837,1.0,False
asRNA:CR45445,-0.0057521565,-0.07720443,0.9954104683584837,1.0,False
lncRNA:CR45314,-0.0057521565,-0.038274817,0.9954104683584837,1.0,False
CG5849,-0.0057521565,-0.7729713,0.9954104683584837,1.0,False
Cpr78Cb,-0.0057521565,-0.03804686,0.9954104683584837,1.0,False
clumsy,-0.0057521565,-0.5377651,0.9954104683584837,1.0,False
CG42284,-0.0057521565,-0.72130084,0.9954104683584837,1.0,False
lncRNA:CR44188,-0.0057521565,-0.3715917,0.9954104683584837,1.0,False
Sfp33A4,-0.0057521565,-0.8436406,0.9954104683584837,1.0,False
CG42682,-0.0057521565,-0.63392824,0.9954104683584837,1.0,False
CG42828,-0.005752865,-0.7443475,0.9954099029773916,1.0,False
CCDC151,-0.005752865,-0.8748961,0.9954099029773916,1.0,False
CG14854,-0.005752865,-0.57147586,0.9954099029773916,1.0,False
LManVI,-0.005752865,-0.74913764,0.9954099029773916,1.0,False
Andorra,-0.005752865,-0.5909111,0.9954099029773916,1.0,False
Chd3,-0.005752865,-0.5912099,0.9954099029773916,1.0,False
lncRNA:CR44339,-0.005752865,-0.7844543,0.9954099029773916,1.0,False
snoRNA:Psi28S-2566,-0.005752865,-0.90081424,0.9954099029773916,1.0,False
CG43179,-0.005752865,-1.2585343,0.9954099029773916,1.0,False
Mov10,-0.005752865,-1.1537572,0.9954099029773916,1.0,False
CG33269,-0.005752865,-0.8322968,0.9954099029773916,1.0,False
Acp33A,-0.005752865,-0.8329615,0.9954099029773916,1.0,False
CG10764,-0.005752865,-0.59778965,0.9954099029773916,1.0,False
CG6614,-0.005752865,-1.296246,0.9954099029773916,1.0,False
CG13581,-0.005752865,-0.8185591,0.9954099029773916,1.0,False
Inx5,-0.005753574,-0.81043017,0.995409337596302,1.0,False
Ir67c,-0.005753574,-1.3999964,0.995409337596302,1.0,False
CG4835,-0.005753574,-1.1889292,0.995409337596302,1.0,False
CG13428,-0.005753574,-1.3366863,0.995409337596302,1.0,False
lncRNA:CR43278,-0.005753574,-1.4335177,0.995409337596302,1.0,False
CG11291,-0.005753574,-1.7827766,0.995409337596302,1.0,False
SPH93,-0.005753574,-0.7915959,0.995409337596302,1.0,False
CG31805,-0.005753574,-0.9949445,0.995409337596302,1.0,False
CG32523,-0.005753574,-0.73318344,0.995409337596302,1.0,False
Lasp,-0.005753574,-0.7428373,0.995409337596302,1.0,False
CheA29a,-0.005753574,-0.71967226,0.995409337596302,1.0,False
lncRNA:CR46032,-0.005753574,-1.275212,0.995409337596302,1.0,False
CG15403,-0.005754282,-2.2131941,0.9954087722152146,1.0,False
snoRNA:Pi4KIIalpha-a,-0.005754282,-1.7119071,0.9954087722152146,1.0,False
snoRNA:Psi28S-1180,-0.005754282,-1.7305819,0.9954087722152146,1.0,False
lncRNA:CR45698,-0.005754282,-1.8713411,0.9954087722152146,1.0,False
CG15506,-0.005754282,-1.8251835,0.9954087722152146,1.0,False
CG13676,-0.005754282,-1.8097337,0.9954087722152146,1.0,False
CG13476,-0.005754282,-1.6222644,0.9954087722152146,1.0,False
CG30431,-0.005754282,-0.8075876,0.9954087722152146,1.0,False
lncRNA:CR46019,-0.005754282,-1.6164597,0.9954087722152146,1.0,False
CG8170,-0.005754282,-0.9835864,0.9954087722152146,1.0,False
Cyp310a1,-0.005754282,-1.1919395,0.9954087722152146,1.0,False
CG33136,-0.005754282,-1.4504098,0.9954087722152146,1.0,False
lncRNA:CR44138,-0.0058191204,0.6103203,0.9953570398555145,1.0,False
CG13562,-0.005833293,0.18300448,0.9953457322384999,1.0,False
lncRNA:CR45639,-0.00583967,0.08186656,0.9953406438111481,1.0,False
Cht5,-0.0058432133,0.01609996,0.9953378169071456,1.0,False
snoRNA:CD71,-0.005847465,-0.062120225,0.9953344246224199,1.0,False
CG33468,-0.0058495905,-0.19812265,0.9953327284800888,1.0,False
CG9270,-0.005851008,-0.114290625,0.9953315977185464,1.0,False
CG32655,-0.005854551,-0.055782057,0.9953287708147314,1.0,False
asRNA:CR44047,-0.005854551,-0.24008523,0.9953287708147314,1.0,False
exu,-0.0058552595,-0.29486048,0.9953282054339754,1.0,False
ppk21,-0.0058573857,-0.56495446,0.9953265092917215,1.0,False
CG12744,-0.0058680144,-0.89880055,0.9953180285807693,1.0,False
TwdlV,-0.0058981306,0.19382887,0.9952939999026137,1.0,False
IKKbeta,-0.0060671344,-0.18077786,0.9951591566944149,1.0,False
CG5597,-0.0062524364,-0.6321689,0.9950113098977248,1.0,False
CG15186,-0.0063622715,-0.10891081,0.9949236761217091,1.0,False
lncRNA:CR43943,-0.006520646,-0.313244,0.9947973139785743,1.0,False
CG43799,-0.006694256,-0.049153253,0.9946587963430802,1.0,False
CG14017,-0.006694256,-0.5492535,0.9946587963430802,1.0,False
snoRNA:Psi28S-1837b,-0.006694256,0.36659825,0.9946587963430802,1.0,False
lncRNA:CR43642,-0.006694256,0.20059608,0.9946587963430802,1.0,False
Cyp4ad1,-0.006694256,0.38561404,0.9946587963430802,1.0,False
lncRNA:CR45183,-0.006694256,-0.044366967,0.9946587963430802,1.0,False
lncRNA:CR45117,-0.006694256,-0.069272995,0.9946587963430802,1.0,False
Cpr64Aa,-0.006694256,0.16631205,0.9946587963430802,1.0,False
Ugt37B1,-0.006694256,-0.33848336,0.9946587963430802,1.0,False
CG7294,-0.006694256,-0.18003576,0.9946587963430802,1.0,False
asRNA:Eig63F-2,-0.006694256,0.26283434,0.9946587963430802,1.0,False
CG13460,-0.006694256,-0.55271655,0.9946587963430802,1.0,False
COX7AL,-0.006694256,0.15810652,0.9946587963430802,1.0,False
CG4763,-0.006694256,0.47594345,0.9946587963430802,1.0,False
CG5681,-0.006694256,-0.12554927,0.9946587963430802,1.0,False
lncRNA:CR45039,-0.006694256,-0.31672862,0.9946587963430802,1.0,False
Mco3,-0.006694256,0.052286096,0.9946587963430802,1.0,False
Ugt303A1,-0.006694256,0.28455105,0.9946587963430802,1.0,False
CG14720,-0.006694256,-0.24323735,0.9946587963430802,1.0,False
CG11192,-0.006694256,0.09919497,0.9946587963430802,1.0,False
lncRNA:CR45006,-0.006694256,-0.4740705,0.9946587963430802,1.0,False
tono,-0.006694256,0.6927538,0.9946587963430802,1.0,False
lncRNA:CR44511,-0.006694256,1.2593125,0.9946587963430802,1.0,False
lncRNA:CR45052,-0.006694256,0.2780115,0.9946587963430802,1.0,False
ChLD3,-0.006694256,0.63840157,0.9946587963430802,1.0,False
CG9897,-0.006694256,0.80074835,0.9946587963430802,1.0,False
lncRNA:CR45791,-0.006694256,-0.3892019,0.9946587963430802,1.0,False
CG18605,-0.006694256,-0.5369515,0.9946587963430802,1.0,False
Dnai2,-0.006694256,-0.30243513,0.9946587963430802,1.0,False
CG14238,-0.006694256,0.3229367,0.9946587963430802,1.0,False
lectin-37Db,-0.006694256,1.3587221,0.9946587963430802,1.0,False
CG31559,-0.006694256,0.0401692,0.9946587963430802,1.0,False
CG15599,-0.006694256,0.07267187,0.9946587963430802,1.0,False
Sgs1,-0.0066949646,-1.5122656,0.9946582309653031,1.0,False
lncRNA:CR44274,-0.0066949646,-1.2543634,0.9946582309653031,1.0,False
Act57B,-0.0066949646,-1.1153563,0.9946582309653031,1.0,False
CG15764,-0.0066949646,-2.8016572,0.9946582309653031,1.0,False
CG3650,-0.0066949646,-0.36140302,0.9946582309653031,1.0,False
Cpr92F,-0.0066949646,-0.89543194,0.9946582309653031,1.0,False
ItgaPS5,-0.0066949646,-0.98725206,0.9946582309653031,1.0,False
BigH1,-0.0066949646,-0.985839,0.9946582309653031,1.0,False
Prosalpha4T1,-0.0066949646,-1.1728055,0.9946582309653031,1.0,False
CG31380,-0.0066949646,-0.97881997,0.9946582309653031,1.0,False
lncRNA:CR44720,-0.0066949646,-1.5406145,0.9946582309653031,1.0,False
lncRNA:CR45824,-0.0066949646,-1.1012552,0.9946582309653031,1.0,False
Mst98Cb,-0.0066949646,-0.9162236,0.9946582309653031,1.0,False
CG14634,-0.0066949646,-0.99851924,0.9946582309653031,1.0,False
CG11786,-0.0066949646,-0.3236624,0.9946582309653031,1.0,False
ppk12,-0.0066949646,-0.7895748,0.9946582309653031,1.0,False
snoRNA:Psi28S-3405d,-0.0066949646,-0.9513259,0.9946582309653031,1.0,False
CG3473,-0.0066949646,-0.9983613,0.9946582309653031,1.0,False
CG7214,-0.0066949646,-1.2490906,0.9946582309653031,1.0,False
CG4815,-0.0066949646,-0.762726,0.9946582309653031,1.0,False
lncRNA:TS9,-0.0066949646,-0.54269886,0.9946582309653031,1.0,False
CG13021,-0.0066949646,-0.7806053,0.9946582309653031,1.0,False
CG43207,-0.0066949646,-0.84381044,0.9946582309653031,1.0,False
lncRNA:CR43807,-0.0066949646,-0.86358166,0.9946582309653031,1.0,False
snoRNA:Psi18S-1347b,-0.0066949646,-0.5673164,0.9946582309653031,1.0,False
CG32483,-0.0066949646,-1.3008713,0.9946582309653031,1.0,False
lncRNA:CR45119,-0.0066949646,-0.36988783,0.9946582309653031,1.0,False
RabX2,-0.0066949646,-0.95787066,0.9946582309653031,1.0,False
lncRNA:CR44524,-0.0066949646,-0.7468217,0.9946582309653031,1.0,False
CG11044,-0.0066949646,-1.1760943,0.9946582309653031,1.0,False
CG7140,-0.0066949646,-0.88023114,0.9946582309653031,1.0,False
lncRNA:CR44058,-0.0066949646,-0.61741686,0.9946582309653031,1.0,False
mir-4976,-0.0066949646,-0.47065815,0.9946582309653031,1.0,False
Cpr12A,-0.0066949646,-0.9281638,0.9946582309653031,1.0,False
PpN58A,-0.0066949646,-0.6532802,0.9946582309653031,1.0,False
CG10953,-0.0066949646,-1.0463622,0.9946582309653031,1.0,False
lncRNA:CR44075,-0.0066949646,-1.160194,0.9946582309653031,1.0,False
dokb,-0.0066949646,-1.1559405,0.9946582309653031,1.0,False
Cpr65Eb,-0.0066949646,-0.27203366,0.9946582309653031,1.0,False
asRNA:CR44793,-0.0066949646,-0.5985611,0.9946582309653031,1.0,False
sand,-0.0066949646,-1.0264455,0.9946582309653031,1.0,False
bam,-0.0066949646,-0.5795315,0.9946582309653031,1.0,False
glob3,-0.0066949646,-0.35656926,0.9946582309653031,1.0,False
mAcon2,-0.0066949646,-0.35969415,0.9946582309653031,1.0,False
CG13239,-0.0066949646,-1.0301566,0.9946582309653031,1.0,False
Fer3HCH,-0.0066949646,-0.8865008,0.9946582309653031,1.0,False
CG42816,-0.0066949646,-1.1254811,0.9946582309653031,1.0,False
CG1724,-0.0066956733,-1.5115236,0.9946576655875289,1.0,False
snoRNA:Psi18S-1854b,-0.0066956733,-1.4563229,0.9946576655875289,1.0,False
lncRNA:CR46336,-0.0066956733,-1.4641024,0.9946576655875289,1.0,False
Ugt305A1,-0.0066956733,-3.3165348,0.9946576655875289,1.0,False
asRNA:CR43898,-0.0066956733,-1.5413048,0.9946576655875289,1.0,False
CG8785,-0.0066956733,-2.9591508,0.9946576655875289,1.0,False
RpS19b,-0.0066956733,-1.7129351,0.9946576655875289,1.0,False
CG34175,-0.0066956733,-1.6892773,0.9946576655875289,1.0,False
CG9459,-0.0066956733,-0.9720957,0.9946576655875289,1.0,False
CG8838,-0.0066956733,-1.0168314,0.9946576655875289,1.0,False
CG4734,-0.0066956733,-1.0660747,0.9946576655875289,1.0,False
CG31373,-0.0066956733,-3.5545158,0.9946576655875289,1.0,False
CG14689,-0.0066956733,-1.9159805,0.9946576655875289,1.0,False
Ir21a,-0.0066956733,-3.1931639,0.9946576655875289,1.0,False
CG5421,-0.0066956733,-1.1626077,0.9946576655875289,1.0,False
CG13705,-0.0066956733,-1.4464399,0.9946576655875289,1.0,False
CG31327,-0.0066956733,-1.1644621,0.9946576655875289,1.0,False
CG17717,-0.0066956733,-2.238332,0.9946576655875289,1.0,False
CG18480,-0.0066956733,-1.6504297,0.9946576655875289,1.0,False
CG34007,-0.0066956733,-1.3649068,0.9946576655875289,1.0,False
snoRNA:Psi18S-525i,-0.0066956733,-2.069516,0.9946576655875289,1.0,False
UQCR-14L,-0.0066956733,-2.709793,0.9946576655875289,1.0,False
CG12637,-0.0066956733,-3.3045702,0.9946576655875289,1.0,False
NimC3,-0.0066956733,-1.8870373,0.9946576655875289,1.0,False
CG6931,-0.0066956733,-2.7369785,0.9946576655875289,1.0,False
bb8,-0.0066956733,-1.683903,0.9946576655875289,1.0,False
lncRNA:CR43932,-0.0066956733,-1.4478393,0.9946576655875289,1.0,False
Sfp33A2,-0.0066956733,-3.3030775,0.9946576655875289,1.0,False
CG42751,-0.0066956733,-1.3914512,0.9946576655875289,1.0,False
lncRNA:CR45638,-0.0066956733,-2.3369434,0.9946576655875289,1.0,False
asRNA:CR44975,-0.0066956733,-2.163846,0.9946576655875289,1.0,False
CG42866,-0.0066956733,-3.5492423,0.9946576655875289,1.0,False
CG6012,-0.0066956733,-1.353055,0.9946576655875289,1.0,False
snoRNA:CD29,-0.0066956733,-1.4553033,0.9946576655875289,1.0,False
CG33268,-0.0066956733,-3.580623,0.9946576655875289,1.0,False
snoRNA:Psi28S-1837c,-0.0066956733,-1.2520258,0.9946576655875289,1.0,False
CG18130,-0.0066956733,-5.8490753,0.9946576655875289,1.0,False
lncRNA:CR45403,-0.0066956733,-1.111868,0.9946576655875289,1.0,False
CG14282,-0.0066956733,-4.054956,0.9946576655875289,1.0,False
asRNA:CR43429,-0.0066956733,-1.4599315,0.9946576655875289,1.0,False
CG43935,-0.0066956733,-1.5461298,0.9946576655875289,1.0,False
CG13855,-0.0066956733,-1.5580201,0.9946576655875289,1.0,False
CG1924,-0.0066956733,-1.5814767,0.9946576655875289,1.0,False
mthl6,-0.0066956733,-1.9523132,0.9946576655875289,1.0,False
Fum3,-0.0066956733,-1.7328551,0.9946576655875289,1.0,False
d-cup,-0.0066956733,-4.785211,0.9946576655875289,1.0,False
lncRNA:CR46217,-0.0066956733,-1.6222306,0.9946576655875289,1.0,False
asRNA:CR45056,-0.0066956733,-1.7555555,0.9946576655875289,1.0,False
CG15468,-0.0066956733,-1.3712995,0.9946576655875289,1.0,False
sad,-0.0066956733,-2.208986,0.9946576655875289,1.0,False
scpr-B,-0.0066956733,-2.5804622,0.9946576655875289,1.0,False
lncRNA:CR44298,-0.0066956733,-1.363423,0.9946576655875289,1.0,False
asRNA:bsAS,-0.0066956733,-1.6672484,0.9946576655875289,1.0,False
lncRNA:CR45005,-0.0066956733,-2.2873752,0.9946576655875289,1.0,False
CG43920,-0.0066956733,-1.9323862,0.9946576655875289,1.0,False
asRNA:CR44160,-0.0066956733,-1.0670793,0.9946576655875289,1.0,False
Osi21,-0.0066956733,-1.247635,0.9946576655875289,1.0,False
CG18530,-0.0066956733,-1.5337839,0.9946576655875289,1.0,False
eIF4E5,-0.0066956733,-1.2586957,0.9946576655875289,1.0,False
Obp93a,-0.0066956733,-1.2708179,0.9946576655875289,1.0,False
CG43348,-0.0066956733,-2.8338292,0.9946576655875289,1.0,False
CG4115,-0.0066956733,-1.2170085,0.9946576655875289,1.0,False
CG32037,-0.0066956733,-2.470305,0.9946576655875289,1.0,False
CG34300,-0.0066956733,-2.3117678,0.9946576655875289,1.0,False
flz,-0.0066956733,-1.0722672,0.9946576655875289,1.0,False
Vm26Ab,-0.0066956733,-2.2405825,0.9946576655875289,1.0,False
lncRNA:CR44080,-0.0066956733,-1.7433511,0.9946576655875289,1.0,False
Obp56g,-0.0066956733,-1.4142053,0.9946576655875289,1.0,False
CG33299,-0.0066956733,-2.447434,0.9946576655875289,1.0,False
lncRNA:CR44241,-0.0066956733,-3.0242686,0.9946576655875289,1.0,False
lncRNA:CR46023,-0.006767243,0.4007879,0.9946005624461872,1.0,False
CG32036,-0.006778581,0.13693878,0.9945915164065247,1.0,False
CG11617,-0.006787793,-0.027858503,0.9945841664998106,1.0,False
asRNA:CR43979,-0.006792753,-0.21486524,0.9945802088579242,1.0,False
CG40006,-0.0067948787,-0.42896172,0.994578512725728,1.0,False
lncRNA:CR44448,-0.0067991307,-0.3813967,0.994575120461409,1.0,False
Hph,-0.0068497965,-0.14381807,0.994534695985839,1.0,False
CG33137,-0.0068813297,-0.09538679,0.9945095367039242,1.0,False
CG32668,-0.006893376,-0.12464434,0.9944999252942954,1.0,False
lncRNA:CR46084,-0.007555928,-0.384658,0.9939712990325016,1.0,False
lectin-33A,-0.0076377727,-15.855499,0.9939059983202799,1.0,False
CG43922,-0.0076377727,-15.1840105,0.9939059983202799,1.0,False
CG18540,-0.0076377727,-14.518818,0.9939059983202799,1.0,False
CG16853,-0.0076377727,-16.178709,0.9939059983202799,1.0,False
CG14658,-0.0076377727,-16.369497,0.9939059983202799,1.0,False
lncRNA:CR44633,-0.0076377727,-14.542698,0.9939059983202799,1.0,False
E(spl)m7-HLH,-0.0076377727,-16.386261,0.9939059983202799,1.0,False
Sfp24C1,-0.0076377727,-14.880769,0.9939059983202799,1.0,False
CG43797,-0.0076377727,-15.838947,0.9939059983202799,1.0,False
lncRNA:CR44848,-0.0076377727,-16.727257,0.9939059983202799,1.0,False
lncRNA:CR44076,-0.0076377727,-13.066108,0.9939059983202799,1.0,False
CG4960,-0.0076377727,-15.713066,0.9939059983202799,1.0,False
lncRNA:CR43297,-0.0076377727,-16.731192,0.9939059983202799,1.0,False
Inx6,-0.0076377727,-14.452384,0.9939059983202799,1.0,False
CG16782,-0.0076377727,-16.196728,0.9939059983202799,1.0,False
CG14810,-0.0076377727,-16.874796,0.9939059983202799,1.0,False
CG42814,-0.0076377727,-16.25405,0.9939059983202799,1.0,False
Rcd-1r,-0.0076377727,-16.508045,0.9939059983202799,1.0,False
Tango8,-0.0076377727,-15.230477,0.9939059983202799,1.0,False
CG43049,-0.0076377727,-15.66886,0.9939059983202799,1.0,False
CG11854,-0.0076377727,-15.574098,0.9939059983202799,1.0,False
CG14676,-0.0076377727,-16.499765,0.9939059983202799,1.0,False
Decay,-0.0076377727,-15.8250265,0.9939059983202799,1.0,False
lncRNA:CR44216,-0.0076377727,-15.639771,0.9939059983202799,1.0,False
Erk7,-0.0076377727,-14.204947,0.9939059983202799,1.0,False
Mco4,-0.0076377727,-14.979325,0.9939059983202799,1.0,False
CG7573,-0.0076377727,-15.361158,0.9939059983202799,1.0,False
lncRNA:CR42755,-0.0076377727,-15.707687,0.9939059983202799,1.0,False
Cyp4aa1,-0.0076377727,-14.696744,0.9939059983202799,1.0,False
lncRNA:CR45654,-0.0076377727,-16.019613,0.9939059983202799,1.0,False
lncRNA:CR45803,-0.0076377727,-16.238129,0.9939059983202799,1.0,False
CG31050,-0.0076377727,-15.884584,0.9939059983202799,1.0,False
asRNA:CR43876,-0.0076377727,-16.314001,0.9939059983202799,1.0,False
CG15269,-0.0076377727,-16.973272,0.9939059983202799,1.0,False
Myst5,-0.0076377727,-15.876051,0.9939059983202799,1.0,False
lncRNA:CR46237,-0.0076377727,-15.108262,0.9939059983202799,1.0,False
CG33679,-0.0076377727,-16.112654,0.9939059983202799,1.0,False
Cpr67Fb,-0.0076377727,-16.788027,0.9939059983202799,1.0,False
lncRNA:CR43607,-0.0076377727,-16.275463,0.9939059983202799,1.0,False
CG7631,-0.0076377727,-14.201326,0.9939059983202799,1.0,False
CG33784,-0.0076377727,-15.234018,0.9939059983202799,1.0,False
CG11353,-0.0076377727,-13.989882,0.9939059983202799,1.0,False
PpD6,-0.0076377727,-16.525866,0.9939059983202799,1.0,False
CG31533,-0.0076377727,-16.713655,0.9939059983202799,1.0,False
CG13639,-0.0076377727,-16.617613,0.9939059983202799,1.0,False
lncRNA:CR44692,-0.0076377727,-16.303152,0.9939059983202799,1.0,False
Spn38F,-0.0076377727,-15.02278,0.9939059983202799,1.0,False
CG33710,-0.0076377727,-15.746556,0.9939059983202799,1.0,False
CG42780,-0.0076377727,-14.892944,0.9939059983202799,1.0,False
Tb,-0.0076377727,-12.120616,0.9939059983202799,1.0,False
ng4,-0.0076377727,-15.724555,0.9939059983202799,1.0,False
Prosbeta4R2,-0.0076377727,-16.464668,0.9939059983202799,1.0,False
cocoon,-0.0076377727,-16.309723,0.9939059983202799,1.0,False
Hr83,-0.0076377727,-16.585093,0.9939059983202799,1.0,False
CG14628,-0.0076377727,-16.067154,0.9939059983202799,1.0,False
snoRNA:Psi18S-640b,-0.0076377727,-15.009106,0.9939059983202799,1.0,False
lncRNA:CR43863,-0.0076377727,-15.437854,0.9939059983202799,1.0,False
CG43184,-0.0076377727,-16.44903,0.9939059983202799,1.0,False
sisA,-0.0076377727,-16.04958,0.9939059983202799,1.0,False
CG17929,-0.0076377727,-16.885464,0.9939059983202799,1.0,False
snoRNA:CD7,-0.0076377727,-16.634123,0.9939059983202799,1.0,False
CG33459,-0.0076377727,-15.607849,0.9939059983202799,1.0,False
shps,-0.0076377727,-15.054462,0.9939059983202799,1.0,False
CG18808,-0.0076377727,-16.920334,0.9939059983202799,1.0,False
CG33775,-0.0076377727,-15.82312,0.9939059983202799,1.0,False
CG44475,-0.0076377727,-15.072318,0.9939059983202799,1.0,False
CG13722,-0.0076377727,-16.367838,0.9939059983202799,1.0,False
lncRNA:CR44744,-0.0076377727,-16.341715,0.9939059983202799,1.0,False
PH4alphaMP,-0.0076377727,-16.648653,0.9939059983202799,1.0,False
Acp95EF,-0.0076377727,-14.171123,0.9939059983202799,1.0,False
CG13244,-0.0076377727,-16.078335,0.9939059983202799,1.0,False
Lime,-0.0076377727,-16.595963,0.9939059983202799,1.0,False
Act88F,-0.0076377727,-15.874303,0.9939059983202799,1.0,False
lncRNA:CR46211,-0.0076377727,-16.328146,0.9939059983202799,1.0,False
CG5217,-0.0076377727,-14.548196,0.9939059983202799,1.0,False
CG11162,-0.0076377727,-13.503971,0.9939059983202799,1.0,False
CG45413,-0.0076377727,-16.413345,0.9939059983202799,1.0,False
Pgant8,-0.0076377727,-16.203272,0.9939059983202799,1.0,False
CG4983,-0.0076377727,-15.220417,0.9939059983202799,1.0,False
CG30457,-0.0076377727,-14.720281,0.9939059983202799,1.0,False
CG18469,-0.0076377727,-15.0280695,0.9939059983202799,1.0,False
Gr22c,-0.0076377727,-16.515917,0.9939059983202799,1.0,False
mei-P22,-0.0076377727,-16.623833,0.9939059983202799,1.0,False
lncRNA:CR45618,-0.0076377727,-16.137505,0.9939059983202799,1.0,False
lncRNA:CR45905,-0.0076377727,-13.862267,0.9939059983202799,1.0,False
lncRNA:CR44350,-0.0076377727,-14.586072,0.9939059983202799,1.0,False
Cyp6a16,-0.0076377727,-15.800265,0.9939059983202799,1.0,False
CG13028,-0.0076377727,-14.812902,0.9939059983202799,1.0,False
lncRNA:CR44302,-0.0076377727,-15.163998,0.9939059983202799,1.0,False
CG31482,-0.0076377727,-16.317125,0.9939059983202799,1.0,False
lncRNA:CR45417,-0.0076377727,-15.910085,0.9939059983202799,1.0,False
CG17110,-0.0076377727,-16.18513,0.9939059983202799,1.0,False
lncRNA:CR45127,-0.0076377727,-16.187166,0.9939059983202799,1.0,False
asRNA:CR45272,-0.0076377727,-14.399091,0.9939059983202799,1.0,False
Dmel_CR34659,-0.0076377727,-15.904422,0.9939059983202799,1.0,False
Jon65Aiii,-0.0076377727,-14.45882,0.9939059983202799,1.0,False
asRNA:CR45701,-0.0076377727,-15.488724,0.9939059983202799,1.0,False
CG15450,-0.0076377727,-16.356722,0.9939059983202799,1.0,False
lncRNA:CR43754,-0.0076377727,-14.800606,0.9939059983202799,1.0,False
lncRNA:CR45354,-0.0076377727,-16.63932,0.9939059983202799,1.0,False
sip2,-0.0076377727,-16.208124,0.9939059983202799,1.0,False
lncRNA:CR44610,-0.0076377727,-16.042225,0.9939059983202799,1.0,False
CG13198,-0.0076377727,-14.006447,0.9939059983202799,1.0,False
mthl12,-0.0076377727,-15.714145,0.9939059983202799,1.0,False
Or67c,-0.0076377727,-15.484106,0.9939059983202799,1.0,False
Jon65Aiv,-0.0076377727,-14.261952,0.9939059983202799,1.0,False
CG6688,-0.0076377727,-14.278628,0.9939059983202799,1.0,False
CG11693,-0.0076377727,-16.873169,0.9939059983202799,1.0,False
lncRNA:CR45400,-0.0076377727,-16.13912,0.9939059983202799,1.0,False
lncRNA:CR43918,-0.0076377727,-15.352855,0.9939059983202799,1.0,False
CG15249,-0.0076377727,-14.445579,0.9939059983202799,1.0,False
lncRNA:CR44732,-0.0076377727,-15.519546,0.9939059983202799,1.0,False
asRNA:CR45189,-0.0076377727,-14.643553,0.9939059983202799,1.0,False
CG42704,-0.0076377727,-16.614243,0.9939059983202799,1.0,False
snoRNA:Psi28S-3316d,-0.0076377727,-15.533134,0.9939059983202799,1.0,False
lncRNA:CR44503,-0.0076377727,-14.687748,0.9939059983202799,1.0,False
lncRNA:CR45351,-0.0076377727,-13.221304,0.9939059983202799,1.0,False
CG14860,-0.0076377727,-15.369035,0.9939059983202799,1.0,False
Or69a,-0.0076377727,-12.46006,0.9939059983202799,1.0,False
CG31871,-0.0076377727,-16.466063,0.9939059983202799,1.0,False
CG31493,-0.0076377727,-16.534422,0.9939059983202799,1.0,False
RacGAP84C,-0.0076377727,-15.5961,0.9939059983202799,1.0,False
Muc4B,-0.0076377727,-15.496937,0.9939059983202799,1.0,False
lncRNA:CR44354,-0.0076377727,-15.13382,0.9939059983202799,1.0,False
Osi13,-0.0076377727,-15.473868,0.9939059983202799,1.0,False
CG17672,-0.0076377727,-16.120867,0.9939059983202799,1.0,False
Osi15,-0.0076377727,-16.268393,0.9939059983202799,1.0,False
lncRNA:CR43648,-0.0076377727,-15.521556,0.9939059983202799,1.0,False
lncRNA:CR44400,-0.0076377727,-15.210861,0.9939059983202799,1.0,False
CG33177,-0.0076377727,-14.551297,0.9939059983202799,1.0,False
CG15577,-0.0076377727,-13.628286,0.9939059983202799,1.0,False
CG18814,-0.0076377727,-15.374692,0.9939059983202799,1.0,False
CG15641,-0.0076377727,-16.29167,0.9939059983202799,1.0,False
lncRNA:CR45722,-0.0076377727,-15.653405,0.9939059983202799,1.0,False
asRNA:CR45146,-0.0076377727,-13.844341,0.9939059983202799,1.0,False
CG13955,-0.0076377727,-14.8563175,0.9939059983202799,1.0,False
Ir56b,-0.0076377727,-16.234549,0.9939059983202799,1.0,False
CG14227,-0.0076377727,-16.882162,0.9939059983202799,1.0,False
asRNA:CR44653,-0.0076377727,-13.456762,0.9939059983202799,1.0,False
lncRNA:CR44695,-0.0076377727,-16.097977,0.9939059983202799,1.0,False
Or22a,-0.0076377727,-15.423101,0.9939059983202799,1.0,False
Mst77Y-7,-0.0076377727,-14.654025,0.9939059983202799,1.0,False
lncRNA:CR31526,-0.0076377727,-16.436367,0.9939059983202799,1.0,False
frac,-0.0076377727,-16.29053,0.9939059983202799,1.0,False
fs(1)Ya,-0.0076377727,-16.787313,0.9939059983202799,1.0,False
lncRNA:CR46022,-0.0076377727,-16.563274,0.9939059983202799,1.0,False
CG14020,-0.0076377727,-16.188526,0.9939059983202799,1.0,False
CG31928,-0.0076377727,-15.264853,0.9939059983202799,1.0,False
CG33768,-0.0076377727,-15.145104,0.9939059983202799,1.0,False
lut,-0.0076377727,-14.233638,0.9939059983202799,1.0,False
Eo,-0.0076377727,-15.683266,0.9939059983202799,1.0,False
snoRNA:Psi28S-3327c,-0.0076377727,-14.597804,0.9939059983202799,1.0,False
asRNA:CR44087,-0.0076377727,-13.899137,0.9939059983202799,1.0,False
a5,-0.0076377727,-15.159487,0.9939059983202799,1.0,False
lncRNA:CR45964,-0.0076377727,-15.407528,0.9939059983202799,1.0,False
asRNA:CR45869,-0.0076377727,-16.329334,0.9939059983202799,1.0,False
CG18180,-0.0076377727,-15.615549,0.9939059983202799,1.0,False
CG33703,-0.0076377727,-14.210261,0.9939059983202799,1.0,False
lncRNA:CR43942,-0.0076377727,-15.654224,0.9939059983202799,1.0,False
CG31664,-0.007723869,0.18179488,0.9938373054073317,1.0,False
ATPsynepsilonL,-0.0077245776,0.06448366,0.9938367400337514,1.0,False
snRNA:U2:34ABa,-0.007728121,-0.07164241,0.9938339131658964,1.0,False
CG9593,-0.007729538,-0.0020666441,0.9938327824187762,1.0,False
lncRNA:CR44947,-0.0077352067,-0.17456445,0.9938282594304186,1.0,False
asRNA:CR45812,-0.0077352067,-0.3647643,0.9938282594304186,1.0,False
spok,-0.0077359155,-0.30033123,0.993827694056888,1.0,False
CG15046,-0.0077359155,-0.3639608,0.993827694056888,1.0,False
ttm2,-0.0077394587,-0.3431707,0.9938248671892808,1.0,False
CNMa,-0.0077408757,-0.4954141,0.9938237364422595,1.0,False
CG30345,-0.007828389,-0.12511884,0.9937539128378245,1.0,False
yellow-b,-0.007851419,-0.38353223,0.9937355382130072,1.0,False
erm,-0.00793291,-0.21858753,0.9936705203365513,1.0,False
CG42259,-0.008015108,-0.11218453,0.9936049371298389,1.0,False
asRNA:CR45350,-0.008026092,-0.10443401,0.993596173859791,1.0,False
rt,-0.008070026,-0.1554463,0.9935611207873353,1.0,False
CG11986,-0.008447362,-0.10425784,0.9932600606435092,1.0,False
AANATL2,-0.0084657855,-0.123734884,0.9932453610175177,1.0,False
RpLP0-like,-0.008600067,-0.15001677,0.9931382234284165,1.0,False
meru,-0.00866774,0.093671374,0.9930842306532353,1.0,False
lncRNA:CR45878,-0.0086727,-0.18889378,0.9930802730688626,1.0,False
lncRNA:CR42765,-0.0086727,0.013292365,0.9930802730688626,1.0,False
CG12590,-0.008673409,-0.110854775,0.9930797076996805,1.0,False
CG15172,-0.0086748265,-0.29115668,0.9930785769613265,1.0,False
lncRNA:CR43884,-0.0086776605,-0.36861804,0.9930763154846602,1.0,False
CG15109,-0.008678369,-0.36671716,0.9930757501155024,1.0,False
CG42762,-0.008679787,-0.5059117,0.9930746193771971,1.0,False
asRNA:CR44382,-0.008683329,-0.597615,0.9930717925314947,1.0,False
CG4408,-0.008684038,-0.53237456,0.9930712271623647,1.0,False
CG31041,-0.008684747,-0.49061882,0.9930706617932381,1.0,False
asRNA:CR30267,-0.008689707,-0.8380846,0.9930667042094496,1.0,False
lncRNA:CR43695,-0.008692541,-0.8344054,0.9930644427330757,1.0,False
CG43789,-0.008783598,-0.19161054,0.9929917928343085,1.0,False
CG4594,-0.008803793,-0.5472362,0.9929756798295931,1.0,False
CG5107,-0.008826469,0.17579432,0.9929575880382393,1.0,False
lncRNA:CR45821,-0.009058894,-0.4196422,0.9927721473872898,1.0,False
CG10165,-0.00908653,-0.4233896,0.9927500980673745,1.0,False
lz,-0.009334544,-0.5019921,0.9925522198051306,1.0,False
Thg,-0.0093519045,-0.058932558,0.9925383683437884,1.0,False
CG5399,-0.009610194,0.4493366,0.9923322927888591,1.0,False
scaRNA:MeU4-A65,-0.009611611,0.3199198,0.9923311620601895,1.0,False
lncRNA:CR44041,-0.009615154,-0.07564415,0.9923283352385825,1.0,False
lncRNA:CR45475,-0.009618697,-0.44717324,0.992325508417072,1.0,False
CG43093,-0.009618697,-0.27453262,0.992325508417072,1.0,False
asRNA:CR44958,-0.0096194055,-0.3099881,0.9923249430527814,1.0,False
snoRNA:Psi28S-3091a,-0.0096194055,-0.37157616,0.9923249430527814,1.0,False
Zip89B,-0.0096194055,-0.4346065,0.9923249430527814,1.0,False
CG10345,-0.00962224,-0.3912846,0.9923226815956577,1.0,False
snoRNA:Psi18S-1389a,-0.009622949,-0.6204141,0.9923221162313864,1.0,False
can,-0.009628618,-0.9036572,0.9923175933173549,1.0,False
rib,-0.009630035,-1.6581446,0.9923164625888856,1.0,False
CG34109,-0.009635704,-1.6692303,0.9923119396751627,1.0,False
lncRNA:CR44985,-0.0097196745,-0.26217315,0.9922449440446542,1.0,False
asRNA:CR46055,-0.009847579,-0.26491264,0.9921428959532075,1.0,False
CG1208,-0.009852539,-0.29465702,0.9921389384120731,1.0,False
CG11655,-0.010005954,-0.097687416,0.9920165374143937,1.0,False
Saf6,-0.010125709,-0.18730146,0.9919209912695017,1.0,False
CG30496,-0.010173894,-0.13148157,0.9918825466994343,1.0,False
lncRNA:CR45454,-0.010550521,0.38189685,0.9915820578117959,1.0,False
lncRNA:CR44447,-0.01055619,-0.08057777,0.9915775349400933,1.0,False
CG14154,-0.01055619,0.09026639,0.9915775349400933,1.0,False
Sardh,-0.01055619,-0.19358088,0.9915775349400933,1.0,False
CG1441,-0.010557608,-0.12569274,0.9915764042222099,1.0,False
CG5084,-0.010559734,-0.15814658,0.9915747081454166,1.0,False
lncRNA:CR32773,-0.010561859,-0.42207643,0.9915730120686613,1.0,False
dah,-0.010562568,-0.3141218,0.9915724467097514,1.0,False
CG32371,-0.010563277,-0.8886133,0.9915718813508456,1.0,False
pre-mod(mdg4)-L,-0.010563277,-0.6141508,0.9915718813508456,1.0,False
bcd,-0.010563985,-0.6625723,0.9915713159919441,1.0,False
CG15484,-0.010563985,-0.54961985,0.9915713159919441,1.0,False
CG43091,-0.010563985,-0.34703672,0.9915713159919441,1.0,False
asRNA:CR45623,-0.010564694,-0.7350583,0.9915707506330469,1.0,False
Dmel_CR45484,-0.010568237,-0.8383716,0.9915679238386241,1.0,False
CG12715,-0.010568237,-0.938571,0.9915679238386241,1.0,False
asRNA:CR46097,-0.010568237,-0.82502955,0.9915679238386241,1.0,False
dmGlut,-0.010568237,-0.8867358,0.9915679238386241,1.0,False
CG40813,-0.010568946,-1.1475567,0.9915673584797522,1.0,False
CG32669,-0.010634138,0.06351914,0.9915153454816915,1.0,False
CG10445,-0.010646893,0.07531076,0.9915051690297598,1.0,False
lncRNA:CR45340,-0.01065327,-0.027342813,0.9915000808043122,1.0,False
borr,-0.010658231,-0.07881237,0.9914961232958697,1.0,False
lncRNA:CR46024,-0.010676655,-0.4401937,0.99148142398063,1.0,False
lncRNA:CR45540,-0.010865854,-0.16715628,0.9913304734884837,1.0,False
Akh,-0.011013599,-0.76957226,0.9912125966342847,1.0,False
Irbp,-0.011163116,-0.09086622,0.991093306583833,1.0,False
CG32110,-0.011344875,-0.4555239,0.9909482931179097,1.0,False
mir-4984,-0.011499353,0.55081993,0.9908250460406194,1.0,False
Drsl4,-0.011501479,0.12709147,0.9908233499814432,1.0,False
dpn,-0.011501479,-0.1808763,0.9908233499814432,1.0,False
lncRNA:CR45425,-0.011502188,-0.4540632,0.9908227846283936,1.0,False
lncRNA:CR44230,-0.011502188,-0.24474911,0.9908227846283936,1.0,False
Hesr,-0.011503604,-0.5080452,0.9908216539223084,1.0,False
CG6553,-0.011505022,-0.5123612,0.9908205232162416,1.0,False
CG7255,-0.011505022,-0.32683286,0.9908205232162416,1.0,False
lncRNA:CR44301,-0.01150573,-0.5728556,0.9908199578632151,1.0,False
CG30047,-0.011506439,-0.8212389,0.9908193925101931,1.0,False
CG43137,-0.011506439,-0.7129552,0.9908193925101931,1.0,False
snoRNA:Psi18S-1854a,-0.011507148,-0.7092882,0.990818827157176,1.0,False
lncRNA:CR44867,-0.011507148,-0.61383706,0.990818827157176,1.0,False
asRNA:CR45895,-0.011507857,-0.6321394,0.9908182618041632,1.0,False
CG30280,-0.011507857,-0.85198945,0.9908182618041632,1.0,False
lncRNA:CR46122,-0.011508564,-0.8856206,0.9908176964511552,1.0,False
CG3491,-0.011508564,-1.3056846,0.9908176964511552,1.0,False
asRNA:CR45044,-0.011509982,-1.0882294,0.990816565745153,1.0,False
Cpr66D,-0.011509982,-1.1164501,0.990816565745153,1.0,False
eIF3g2,-0.011510691,-1.7506977,0.9908160003921588,1.0,False
IntS9,-0.011540452,-0.09464338,0.9907922555705692,1.0,False
Ag5r2,-0.011588284,-0.12073763,0.9907540942672524,1.0,False
CG12853,-0.0116031645,-0.30409878,0.9907422218660858,1.0,False
Taf12L,-0.011605999,-0.39841878,0.9907399604565722,1.0,False
Osi24,-0.011607416,-0.3065415,0.9907388297518432,1.0,False
CG14416,-0.011609542,-0.33152497,0.9907371336947848,1.0,False
CG31457,-0.011927354,-0.116453476,0.9904835736397084,1.0,False
GstD3,-0.012142773,-0.30748597,0.9903117073914981,1.0,False
asRNA:CR44031,-0.012286266,-0.26570573,0.9901972243665847,1.0,False
CG14598,-0.012443933,-0.07726442,0.9900714346090571,1.0,False
CG15876,-0.012444641,0.039445024,0.990070869262387,1.0,False
vas,-0.012446767,-0.46225515,0.9900691732224066,1.0,False
CG13193,-0.012446767,-0.76531106,0.9900691732224066,1.0,False
CG11226,-0.012446767,-0.5817367,0.9900691732224066,1.0,False
Cpr62Bc,-0.012446767,-0.44447595,0.9900691732224066,1.0,False
snoRNA:Psi28S-3385b,-0.012446767,-0.21094093,0.9900691732224066,1.0,False
Trf5,-0.012447475,-0.78627515,0.9900686078757565,1.0,False
lncRNA:CR43792,-0.012447475,-0.7889583,0.9900686078757565,1.0,False
snoRNA:Psi28S-2626,-0.012447475,-0.6384943,0.9900686078757565,1.0,False
CG43277,-0.012447475,-0.63537925,0.9900686078757565,1.0,False
CG43646,-0.012447475,-0.58020514,0.9900686078757565,1.0,False
Sox21a,-0.01244783,-0.118882954,0.9900683252024333,1.0,False
CG34303,-0.012448184,-0.8700802,0.9900680425291113,1.0,False
CG42694,-0.012448184,-0.9614973,0.9900680425291113,1.0,False
CG12617,-0.012448184,-0.9489544,0.9900680425291113,1.0,False
Cpr97Eb,-0.012448184,-0.54501814,0.9900680425291113,1.0,False
CG13068,-0.012448184,-0.8065343,0.9900680425291113,1.0,False
Cyp313a3,-0.012448893,-0.7814443,0.9900674771824711,1.0,False
lncRNA:CR44763,-0.012448893,-1.086258,0.9900674771824711,1.0,False
CG42471,-0.012448893,-1.21332,0.9900674771824711,1.0,False
CG44438,-0.012448893,-0.92742246,0.9900674771824711,1.0,False
Spc25,-0.012448893,-0.92629117,0.9900674771824711,1.0,False
lncRNA:CR45811,-0.012448893,-0.78274083,0.9900674771824711,1.0,False
hiro,-0.012449602,-1.1773233,0.990066911835836,1.0,False
asRNA:CR44207,-0.012449602,-1.4937629,0.990066911835836,1.0,False
CG2444,-0.012449602,-0.90968794,0.990066911835836,1.0,False
asRNA:CR32252,-0.012449602,-1.1966374,0.990066911835836,1.0,False
asRNA:CR45367,-0.01245031,-1.0265002,0.9900663464892058,1.0,False
lncRNA:CR44161,-0.01245031,-1.261166,0.9900663464892058,1.0,False
CG5327,-0.012451018,-1.6713483,0.9900657811425805,1.0,False
Ance-3,-0.012451018,-1.1415894,0.9900657811425805,1.0,False
Ir100a,-0.012451018,-1.1257557,0.9900657811425805,1.0,False
CG15147,-0.012452436,-2.1558962,0.9900646504493451,1.0,False
lncRNA:CR46265,-0.012532509,-0.054952037,0.9900007663140231,1.0,False
lncRNA:CR44186,-0.012541012,-0.2709439,0.9899939821618181,1.0,False
CG46025,-0.01256227,-0.89835656,0.9899770217844717,1.0,False
CG8501,-0.012569357,-0.61040276,0.9899713683263623,1.0,False
CG11893,-0.012577861,-0.9280587,0.9899645841772958,1.0,False
lncRNA:CR45559,-0.012638801,-0.16894001,0.9899159644635823,1.0,False
Pos,-0.012645887,-0.19987987,0.9899103110109263,1.0,False
CG42697,-0.012658642,-0.370566,0.9899001347974222,1.0,False
lncRNA:CR44905,-0.012658642,-0.29060212,0.9899001347974222,1.0,False
CG43341,-0.012671397,-0.20070055,0.9898899585855612,1.0,False
emp,-0.0126813175,-0.46704423,0.9898820437552507,1.0,False
Muc96D,-0.012701867,0.008014974,0.989865648752776,1.0,False
lncRNA:CR43287,-0.0128542185,-0.105787985,0.9897440997304314,1.0,False
Cpr64Ad,-0.012925789,-0.2106264,0.9896870000391478,1.0,False
CG8892,-0.013357688,-0.15074117,0.9893424243208959,1.0,False
CG13066,-0.013387095,0.2860809,0.9893189627151663,1.0,False
lncRNA:CR44613,-0.013387804,0.4066669,0.9893183973753831,1.0,False
Obp22a,-0.013387804,-0.032635637,0.9893183973753831,1.0,False
sens,-0.013387804,-0.074303426,0.9893183973753831,1.0,False
lncRNA:CR46248,-0.013388512,-0.32895106,0.9893178320356053,1.0,False
CG7968,-0.013388512,-1.1219662,0.9893178320356053,1.0,False
CG15865,-0.013388512,-0.4128082,0.9893178320356053,1.0,False
CG14302,-0.013388512,-0.42808518,0.9893178320356053,1.0,False
lncRNA:CR42858,-0.013388512,-0.9959346,0.9893178320356053,1.0,False
Cs2,-0.013388512,-0.43049845,0.9893178320356053,1.0,False
lncRNA:CR44478,-0.013388512,0.0766202,0.9893178320356053,1.0,False
lncRNA:CR43279,-0.013388512,-0.012741246,0.9893178320356053,1.0,False
CG9702,-0.01338922,-0.7488071,0.9893172666958328,1.0,False
CG15773,-0.01338922,-0.48870197,0.9893172666958328,1.0,False
lncRNA:CR46100,-0.01338922,-0.62847286,0.9893172666958328,1.0,False
CG33919,-0.01338922,0.2511927,0.9893172666958328,1.0,False
lncRNA:CR43970,-0.01338922,-0.52845764,0.9893172666958328,1.0,False
lncRNA:CR44344,-0.01338922,-0.16367237,0.9893172666958328,1.0,False
Ir51b,-0.01338922,-0.41043696,0.9893172666958328,1.0,False
lncRNA:CR45650,-0.01338922,-0.5422746,0.9893172666958328,1.0,False
CG32686,-0.01338922,-0.5248666,0.9893172666958328,1.0,False
Loxl2,-0.01338922,-0.16503668,0.9893172666958328,1.0,False
CG16956,-0.01338922,-0.6649711,0.9893172666958328,1.0,False
Spag1,-0.01338922,-0.47081104,0.9893172666958328,1.0,False
snoRNA:Psi18S-525j,-0.013389929,-0.72419477,0.9893167013560656,1.0,False
lncRNA:CR44177,-0.013389929,-0.71958405,0.9893167013560656,1.0,False
CG4704,-0.013389929,-0.75586003,0.9893167013560656,1.0,False
asRNA:CR45894,-0.013389929,-0.49913827,0.9893167013560656,1.0,False
CG33640,-0.013389929,-0.90533257,0.9893167013560656,1.0,False
lncRNA:CR45881,-0.013389929,-1.1208705,0.9893167013560656,1.0,False
CG33460,-0.013389929,-0.8127578,0.9893167013560656,1.0,False
CG31810,-0.013389929,-0.4158561,0.9893167013560656,1.0,False
CG13285,-0.013389929,-1.0612612,0.9893167013560656,1.0,False
lncRNA:CR43455,-0.013389929,-1.4402202,0.9893167013560656,1.0,False
lncRNA:CR46208,-0.013390638,-1.2668643,0.9893161360163039,1.0,False
Gem4b,-0.013390638,-1.1314983,0.9893161360163039,1.0,False
ProtB,-0.013390638,-1.2665672,0.9893161360163039,1.0,False
snoRNA:Psi28S-1135f,-0.013390638,-1.1396677,0.9893161360163039,1.0,False
fs(1)N,-0.013390638,-0.9695625,0.9893161360163039,1.0,False
lncRNA:CR45240,-0.013390638,-1.2988948,0.9893161360163039,1.0,False
Cpr64Ac,-0.013391347,-1.5685965,0.9893155706765475,1.0,False
Tdc1,-0.013391347,-1.102078,0.9893155706765475,1.0,False
Mdr50,-0.013391347,-1.4608216,0.9893155706765475,1.0,False
CG31546,-0.013391347,-1.673463,0.9893155706765475,1.0,False
CG42537,-0.013391347,-1.1365889,0.9893155706765475,1.0,False
CG43703,-0.013391347,-1.3512026,0.9893155706765475,1.0,False
CG33645,-0.013391347,-1.1623939,0.9893155706765475,1.0,False
TTLL4B,-0.013391347,-1.7879649,0.9893155706765475,1.0,False
CG4286,-0.013392055,-1.8694402,0.9893150053367965,1.0,False
CheB42b,-0.013392055,-1.4658475,0.9893150053367965,1.0,False
CG1941,-0.013392055,-1.360637,0.9893150053367965,1.0,False
snoRNA:CD56a,-0.013392055,-1.8270079,0.9893150053367965,1.0,False
jhamt,-0.013392055,-1.2203054,0.9893150053367965,1.0,False
CG13243,-0.013392055,-1.6871622,0.9893150053367965,1.0,False
Ir64a,-0.013392764,-1.2449595,0.9893144399970508,1.0,False
CG33235,-0.013392764,-2.5157957,0.9893144399970508,1.0,False
CG6738,-0.013392764,-1.3688154,0.9893144399970508,1.0,False
asRNA:CR45202,-0.013392764,-2.514422,0.9893144399970508,1.0,False
CG12971,-0.013392764,-1.9905031,0.9893144399970508,1.0,False
CG44303,-0.013392764,-1.8617661,0.9893144399970508,1.0,False
CG3610,-0.013392764,-2.8752997,0.9893144399970508,1.0,False
CG34169,-0.013392764,-1.83233,0.9893144399970508,1.0,False
Cpr65Ec,-0.013470356,0.08742386,0.9892525353274213,1.0,False
CG32507,-0.013493032,-0.39844722,0.9892344444772645,1.0,False
TotM,-0.013510039,-0.7664649,0.9892208763432787,1.0,False
CG8219,-0.013517833,-1.060152,0.9892146576162435,1.0,False
CG34316,-0.013590466,-0.21237831,0.9891567104186028,1.0,False
CG5290,-0.0136871915,-0.10187923,0.989079541800361,1.0,False
lncRNA:CR44895,-0.014331674,-0.94148535,0.9885653696572972,1.0,False
CG43396,-0.014331674,-0.63403916,0.9885653696572972,1.0,False
asRNA:CR46145,-0.014331674,-0.5064207,0.9885653696572972,1.0,False
lncRNA:CR45567,-0.014331674,-0.7052783,0.9885653696572972,1.0,False
CG10950,-0.014331674,-0.21706301,0.9885653696572972,1.0,False
CG31294,-0.014331674,-0.59644777,0.9885653696572972,1.0,False
CG6209,-0.014331674,-0.64353424,0.9885653696572972,1.0,False
lncRNA:CR45356,-0.014331674,-0.48307064,0.9885653696572972,1.0,False
CG2955,-0.014331674,-1.0435803,0.9885653696572972,1.0,False
CG7330,-0.014331674,-0.53017926,0.9885653696572972,1.0,False
CG42264,-0.014331674,-1.0484685,0.9885653696572972,1.0,False
lncRNA:CR46235,-0.014332383,-1.7778572,0.9885648043249152,1.0,False
CG3987,-0.014332383,-1.5707002,0.9885648043249152,1.0,False
CG33306,-0.014332383,-1.702354,0.9885648043249152,1.0,False
lncRNA:CR43488,-0.014332383,-1.5585494,0.9885648043249152,1.0,False
CG14829,-0.014332383,-0.9801006,0.9885648043249152,1.0,False
CG13313,-0.014332383,-1.15261,0.9885648043249152,1.0,False
CG32391,-0.014332383,-1.4248544,0.9885648043249152,1.0,False
snoRNA:Psi18S-1347a,-0.014332383,-0.5859458,0.9885648043249152,1.0,False
lncRNA:CR45571,-0.014332383,-1.4027144,0.9885648043249152,1.0,False
CycB,-0.014332383,-1.1366186,0.9885648043249152,1.0,False
Dmel_CR46042,-0.014332383,-1.3103585,0.9885648043249152,1.0,False
Vm26Ac,-0.014332383,-0.97070247,0.9885648043249152,1.0,False
Vha100-3,-0.014332383,-1.048455,0.9885648043249152,1.0,False
CG7963,-0.014332383,-1.0431224,0.9885648043249152,1.0,False
CG17107,-0.014332383,-1.0500433,0.9885648043249152,1.0,False
Prosalpha3T,-0.014332383,-1.7460182,0.9885648043249152,1.0,False
CG32832,-0.014332383,-1.6808956,0.9885648043249152,1.0,False
Grl43a,-0.014332383,-0.967407,0.9885648043249152,1.0,False
CG14326,-0.014332383,-1.3677089,0.9885648043249152,1.0,False
Grl36b,-0.014332383,-0.6190588,0.9885648043249152,1.0,False
CG3868,-0.014332383,-1.2983154,0.9885648043249152,1.0,False
CG15446,-0.014332383,-1.5472327,0.9885648043249152,1.0,False
CG4770,-0.014332383,-1.0794871,0.9885648043249152,1.0,False
CG18581,-0.014332383,-1.5521458,0.9885648043249152,1.0,False
Adk1,-0.014332383,-0.6247937,0.9885648043249152,1.0,False
CAH4,-0.014332383,-1.3623784,0.9885648043249152,1.0,False
CAH9,-0.014332383,-1.1225337,0.9885648043249152,1.0,False
CG12645,-0.014332383,-1.5851997,0.9885648043249152,1.0,False
snoRNA:Psi28S-2622,-0.014332383,-0.8923947,0.9885648043249152,1.0,False
CG13872,-0.014332383,-0.7264512,0.9885648043249152,1.0,False
lncRNA:CR43793,-0.014332383,-0.9381811,0.9885648043249152,1.0,False
asRNA:CR42738,-0.014332383,-1.3500994,0.9885648043249152,1.0,False
CG5781,-0.014332383,-1.7263952,0.9885648043249152,1.0,False
CG13282,-0.014332383,-1.2233642,0.9885648043249152,1.0,False
CG31809,-0.014332383,-0.9784285,0.9885648043249152,1.0,False
CG6034,-0.014333092,-2.4175115,0.9885642389925389,1.0,False
Erasp,-0.014333092,-2.00121,0.9885642389925389,1.0,False
CG14664,-0.014333092,-1.7215588,0.9885642389925389,1.0,False
Amt,-0.014333092,-1.3256199,0.9885642389925389,1.0,False
TwdlF,-0.014333092,-2.0434892,0.9885642389925389,1.0,False
CG15498,-0.014333092,-2.0844584,0.9885642389925389,1.0,False
CG6280,-0.014333092,-1.6853817,0.9885642389925389,1.0,False
CG18179,-0.014333092,-1.3184494,0.9885642389925389,1.0,False
Skadu,-0.014333092,-2.7984574,0.9885642389925389,1.0,False
CG5639,-0.014333092,-1.9544607,0.9885642389925389,1.0,False
ppk7,-0.014333092,-1.4034953,0.9885642389925389,1.0,False
CG7856,-0.014333092,-1.6697291,0.9885642389925389,1.0,False
CG15708,-0.014333092,-2.3105931,0.9885642389925389,1.0,False
Prosbeta2R2,-0.014333092,-1.8712354,0.9885642389925389,1.0,False
lncRNA:CR44412,-0.014333092,-1.9136398,0.9885642389925389,1.0,False
CG17267,-0.014333092,-1.7120373,0.9885642389925389,1.0,False
Scsalpha2,-0.014333092,-2.7087722,0.9885642389925389,1.0,False
lncRNA:CR44539,-0.014333092,-2.1862102,0.9885642389925389,1.0,False
CG42355,-0.014333092,-2.1532214,0.9885642389925389,1.0,False
CG31347,-0.014333092,-1.9952528,0.9885642389925389,1.0,False
lncRNA:CR46106,-0.014333092,-1.7133238,0.9885642389925389,1.0,False
lncRNA:CR45982,-0.014333092,-1.6702607,0.9885642389925389,1.0,False
CG13793,-0.0143338,-3.122386,0.9885636736601683,1.0,False
B9d1,-0.0143338,-2.7274985,0.9885636736601683,1.0,False
CG4374,-0.0143338,-2.893764,0.9885636736601683,1.0,False
CG8303,-0.0143338,-1.9393481,0.9885636736601683,1.0,False
CG14262,-0.0143338,-3.4567695,0.9885636736601683,1.0,False
Z600,-0.0143338,-1.9895422,0.9885636736601683,1.0,False
CG32462,-0.0143338,-2.2634137,0.9885636736601683,1.0,False
CG43296,-0.0143338,-2.460871,0.9885636736601683,1.0,False
CG31245,-0.0143338,-3.30313,0.9885636736601683,1.0,False
MtnD,-0.0143338,-4.9162607,0.9885636736601683,1.0,False
Obp83b,-0.0143338,-2.029664,0.9885636736601683,1.0,False
CG12307,-0.0143338,-2.2521887,0.9885636736601683,1.0,False
lncRNA:CR44131,-0.0143338,-2.7590542,0.9885636736601683,1.0,False
lncRNA:CR45963,-0.0143338,-2.1776853,0.9885636736601683,1.0,False
mt:tRNA:Ile-GAT,-0.0143338,-2.2572494,0.9885636736601683,1.0,False
CG1835,-0.0143338,-3.5371764,0.9885636736601683,1.0,False
lncRNA:CR46007,-0.0143338,-2.626828,0.9885636736601683,1.0,False
CG34434,-0.0143338,-3.1179013,0.9885636736601683,1.0,False
CG12020,-0.0143338,-3.7463405,0.9885636736601683,1.0,False
lncRNA:CR44642,-0.0143338,-4.1016154,0.9885636736601683,1.0,False
PPO3,-0.0143338,-2.255361,0.9885636736601683,1.0,False
asRNA:CR46074,-0.0143338,-2.3616462,0.9885636736601683,1.0,False
snoRNA:Psi18S-525g,-0.0143338,-3.675334,0.9885636736601683,1.0,False
CG33017,-0.0143338,-3.0429935,0.9885636736601683,1.0,False
Fatp2,-0.0143338,-2.149431,0.9885636736601683,1.0,False
CG16964,-0.0143338,-1.8108147,0.9885636736601683,1.0,False
Lip2,-0.0143338,-2.4451187,0.9885636736601683,1.0,False
Mst84B,-0.0143338,-2.0104797,0.9885636736601683,1.0,False
Pgd,-0.014408913,-0.17035851,0.9885037484615086,1.0,False
lncRNA:CR46250,-0.014427337,-0.217951,0.9884890498377672,1.0,False
apn,-0.014429463,-0.35739926,0.9884873538429715,1.0,False
CG6974,-0.014438675,-0.6084067,0.9884800045327911,1.0,False
asRNA:CR46067,-0.01444151,-0.5953382,0.9884777432067784,1.0,False
asRNA:CR44351,-0.014454973,-1.107337,0.9884670019094823,1.0,False
lncRNA:CR43661,-0.014541424,-0.39454788,0.9883980315241025,1.0,False
snsl,-0.014578272,-0.56537235,0.9883686343369857,1.0,False
ArgRS,-0.0146176,-0.16873774,0.9883372585104663,1.0,False
obst-E,-0.014649841,-0.2325271,0.9883115359994754,1.0,False
mt:tRNA:Trp-TCA,-0.014823806,-0.31644717,0.988172747716415,1.0,False
CG3842,-0.014837624,-0.07996817,0.9881617238151259,1.0,False
Faa,-0.014919822,-0.25405145,0.9880961457824481,1.0,False
MFS10,-0.015077842,-0.27257103,0.9879700778942021,1.0,False
CG15515,-0.015275545,-15.550458,0.987812352125537,1.0,False
CG13653,-0.015275545,-17.154402,0.987812352125537,1.0,False
CG6739,-0.015275545,-17.639645,0.987812352125537,1.0,False
lncRNA:CR44614,-0.015275545,-17.219116,0.987812352125537,1.0,False
lncRNA:CR45259,-0.015275545,-16.85112,0.987812352125537,1.0,False
CG31798,-0.015275545,-16.914167,0.987812352125537,1.0,False
CG11598,-0.015275545,-16.087523,0.987812352125537,1.0,False
CG42854,-0.015275545,-16.396952,0.987812352125537,1.0,False
CG16998,-0.015275545,-17.26734,0.987812352125537,1.0,False
Sdic2,-0.015275545,-16.355972,0.987812352125537,1.0,False
CheA7a,-0.015275545,-16.607483,0.987812352125537,1.0,False
Pebp1,-0.015275545,-15.700015,0.987812352125537,1.0,False
CG3502,-0.015275545,-16.383339,0.987812352125537,1.0,False
asRNA:CR44071,-0.015275545,-17.74445,0.987812352125537,1.0,False
CG44812,-0.015275545,-17.721067,0.987812352125537,1.0,False
CG14974,-0.015275545,-17.330019,0.987812352125537,1.0,False
lncRNA:CR44343,-0.015275545,-17.629333,0.987812352125537,1.0,False
dls,-0.015275545,-17.141169,0.987812352125537,1.0,False
CG43630,-0.015275545,-16.418608,0.987812352125537,1.0,False
CG14115,-0.015275545,-16.912836,0.987812352125537,1.0,False
ich,-0.015275545,-17.019114,0.987812352125537,1.0,False
Mia40,-0.015275545,-17.129694,0.987812352125537,1.0,False
CG33003,-0.015275545,-16.641232,0.987812352125537,1.0,False
lncRNA:CR34046,-0.015275545,-16.60672,0.987812352125537,1.0,False
lncRNA:CR44554,-0.015275545,-17.074028,0.987812352125537,1.0,False
lncRNA:CR45176,-0.015275545,-16.391048,0.987812352125537,1.0,False
lncRNA:CR44373,-0.015275545,-16.759491,0.987812352125537,1.0,False
snoRNA:Psi28S-3378,-0.015275545,-16.733942,0.987812352125537,1.0,False
CG1773,-0.015275545,-17.094093,0.987812352125537,1.0,False
CG16852,-0.015275545,-17.180176,0.987812352125537,1.0,False
CG10996,-0.015275545,-17.013655,0.987812352125537,1.0,False
CG12133,-0.015275545,-14.81397,0.987812352125537,1.0,False
CG33644,-0.015275545,-17.150324,0.987812352125537,1.0,False
asRNA:CR46256,-0.015275545,-17.156178,0.987812352125537,1.0,False
CAH5,-0.015275545,-16.347971,0.987812352125537,1.0,False
mir-998,-0.015275545,-16.300869,0.987812352125537,1.0,False
mir-971,-0.015275545,-17.383064,0.987812352125537,1.0,False
Dmel_CR34689,-0.015275545,-17.046206,0.987812352125537,1.0,False
CG33262,-0.015275545,-16.989544,0.987812352125537,1.0,False
kl-3,-0.015275545,-15.636447,0.987812352125537,1.0,False
Tpt,-0.015275545,-16.669378,0.987812352125537,1.0,False
lncRNA:CR40629,-0.015275545,-14.948099,0.987812352125537,1.0,False
snoRNA:Psi28S-2149,-0.015275545,-16.342379,0.987812352125537,1.0,False
CG31091,-0.015275545,-15.592455,0.987812352125537,1.0,False
asRNA:CR44992,-0.015275545,-17.614199,0.987812352125537,1.0,False
CG6118,-0.015275545,-16.073076,0.987812352125537,1.0,False
asRNA:CR46269,-0.015275545,-16.51117,0.987812352125537,1.0,False
Spn85F,-0.015275545,-17.126265,0.987812352125537,1.0,False
CG33758,-0.015275545,-16.150438,0.987812352125537,1.0,False
CG9106,-0.015275545,-15.838254,0.987812352125537,1.0,False
Sfp65A,-0.015275545,-16.942308,0.987812352125537,1.0,False
Os-C,-0.015275545,-17.643631,0.987812352125537,1.0,False
CG33647,-0.015275545,-17.07038,0.987812352125537,1.0,False
scaRNA:PsiU1-6,-0.015275545,-17.410028,0.987812352125537,1.0,False
CG11356,-0.015275545,-16.705784,0.987812352125537,1.0,False
lncRNA:CR43960,-0.015275545,-15.653278,0.987812352125537,1.0,False
asRNA:CR44062,-0.015275545,-16.41888,0.987812352125537,1.0,False
Mst77Y-4,-0.015275545,-16.913015,0.987812352125537,1.0,False
CG17362,-0.015275545,-16.026308,0.987812352125537,1.0,False
CG33939,-0.015275545,-17.662395,0.987812352125537,1.0,False
lncRNA:CR43632,-0.015275545,-15.786157,0.987812352125537,1.0,False
CG2663,-0.015275545,-16.649769,0.987812352125537,1.0,False
CG10943,-0.015275545,-16.706652,0.987812352125537,1.0,False
CG43702,-0.015275545,-16.659061,0.987812352125537,1.0,False
Tim17b2,-0.015275545,-17.679348,0.987812352125537,1.0,False
lncRNA:CR44602,-0.015275545,-16.171146,0.987812352125537,1.0,False
lncRNA:CR45211,-0.015275545,-16.462856,0.987812352125537,1.0,False
Alp11,-0.015275545,-17.492517,0.987812352125537,1.0,False
Reepl1,-0.015275545,-16.796616,0.987812352125537,1.0,False
CG4970,-0.015275545,-16.782875,0.987812352125537,1.0,False
lncRNA:CR45319,-0.015275545,-16.830948,0.987812352125537,1.0,False
alpha-Est6,-0.015275545,-17.50529,0.987812352125537,1.0,False
lncRNA:CR44491,-0.015275545,-14.994187,0.987812352125537,1.0,False
lncRNA:CR43282,-0.015275545,-16.391048,0.987812352125537,1.0,False
asRNA:CR46068,-0.015275545,-17.580982,0.987812352125537,1.0,False
Gr23a,-0.015275545,-14.950654,0.987812352125537,1.0,False
CG9173,-0.015275545,-17.4159,0.987812352125537,1.0,False
eIF3f2,-0.015275545,-16.709482,0.987812352125537,1.0,False
Ubc87F,-0.015275545,-17.52594,0.987812352125537,1.0,False
CG31735,-0.015275545,-16.63136,0.987812352125537,1.0,False
CG17199,-0.015275545,-16.121826,0.987812352125537,1.0,False
gsb-n,-0.015275545,-16.741188,0.987812352125537,1.0,False
lncRNA:CR46241,-0.015275545,-17.046696,0.987812352125537,1.0,False
CG12268,-0.015275545,-17.56025,0.987812352125537,1.0,False
CG7031,-0.015275545,-16.24915,0.987812352125537,1.0,False
COX6AL2,-0.015275545,-16.874203,0.987812352125537,1.0,False
asRNA:CR45801,-0.015275545,-16.57777,0.987812352125537,1.0,False
CG10589,-0.015275545,-17.104836,0.987812352125537,1.0,False
CG13251,-0.015275545,-16.923086,0.987812352125537,1.0,False
CG13675,-0.015275545,-17.09973,0.987812352125537,1.0,False
Fst,-0.015275545,-16.694582,0.987812352125537,1.0,False
snoRNA:Psi28S-2648,-0.015275545,-16.288021,0.987812352125537,1.0,False
lncRNA:CR44994,-0.015275545,-17.09226,0.987812352125537,1.0,False
CG32189,-0.015275545,-15.913702,0.987812352125537,1.0,False
CG8565,-0.015275545,-17.406397,0.987812352125537,1.0,False
CG4440,-0.015275545,-16.497831,0.987812352125537,1.0,False
Adgf-A2,-0.015275545,-17.081236,0.987812352125537,1.0,False
CG33669,-0.015275545,-16.109941,0.987812352125537,1.0,False
Cpr30B,-0.015275545,-16.557299,0.987812352125537,1.0,False
Mal-A6,-0.015275545,-17.607336,0.987812352125537,1.0,False
kkv,-0.015275545,-16.76814,0.987812352125537,1.0,False
CG10801,-0.015275545,-17.406507,0.987812352125537,1.0,False
CG17154,-0.015275545,-17.225166,0.987812352125537,1.0,False
lncRNA:CR44507,-0.015275545,-17.191084,0.987812352125537,1.0,False
CG13359,-0.015275545,-17.289494,0.987812352125537,1.0,False
Mst84Dc,-0.015275545,-17.218033,0.987812352125537,1.0,False
snRNA:U1:95Cc,-0.015275545,-16.852324,0.987812352125537,1.0,False
CG30083,-0.015275545,-17.580376,0.987812352125537,1.0,False
yellow-e,-0.015275545,-17.613983,0.987812352125537,1.0,False
CG11588,-0.015275545,-16.977293,0.987812352125537,1.0,False
lncRNA:CR43415,-0.015275545,-16.599165,0.987812352125537,1.0,False
Lcp4,-0.015275545,-16.78487,0.987812352125537,1.0,False
CG32450,-0.015275545,-16.21639,0.987812352125537,1.0,False
CG13712,-0.015275545,-17.112986,0.987812352125537,1.0,False
lncRNA:CR44446,-0.015275545,-16.727564,0.987812352125537,1.0,False
CG7714,-0.015275545,-17.060686,0.987812352125537,1.0,False
CG31949,-0.015275545,-17.466793,0.987812352125537,1.0,False
CG6497,-0.015275545,-16.79876,0.987812352125537,1.0,False
CG13733,-0.015275545,-14.949862,0.987812352125537,1.0,False
CG17751,-0.015275545,-16.935398,0.987812352125537,1.0,False
CG14280,-0.015275545,-16.242361,0.987812352125537,1.0,False
Obp73a,-0.015275545,-16.410812,0.987812352125537,1.0,False
CG42288,-0.015275545,-17.358725,0.987812352125537,1.0,False
CG14131,-0.015275545,-16.14506,0.987812352125537,1.0,False
upd1,-0.015275545,-16.893007,0.987812352125537,1.0,False
CG34236,-0.015275545,-16.217987,0.987812352125537,1.0,False
CG18675,-0.015275545,-16.805742,0.987812352125537,1.0,False
ssp5,-0.015275545,-17.136131,0.987812352125537,1.0,False
Cdlc2,-0.015275545,-16.646732,0.987812352125537,1.0,False
lncRNA:CR46132,-0.015275545,-16.830997,0.987812352125537,1.0,False
fj,-0.015275545,-17.112944,0.987812352125537,1.0,False
CG13026,-0.015275545,-17.612606,0.987812352125537,1.0,False
CG10211,-0.015275545,-17.328533,0.987812352125537,1.0,False
CG13032,-0.015275545,-17.215479,0.987812352125537,1.0,False
Gr59c,-0.015275545,-15.4412775,0.987812352125537,1.0,False
CG4830,-0.015275545,-15.839374,0.987812352125537,1.0,False
GstD6,-0.015275545,-15.492454,0.987812352125537,1.0,False
CG3085,-0.015275545,-16.995068,0.987812352125537,1.0,False
GstE5,-0.015275545,-16.006283,0.987812352125537,1.0,False
CG18823,-0.015275545,-17.459297,0.987812352125537,1.0,False
CG33704,-0.015275545,-17.157385,0.987812352125537,1.0,False
asRNA:CR44990,-0.015275545,-16.862595,0.987812352125537,1.0,False
CG32681,-0.015275545,-16.714195,0.987812352125537,1.0,False
CG13321,-0.015275545,-17.382822,0.987812352125537,1.0,False
lncRNA:TS20,-0.015275545,-16.752464,0.987812352125537,1.0,False
lncRNA:CR46252,-0.015275545,-16.760393,0.987812352125537,1.0,False
lncRNA:CR44925,-0.015275545,-16.827099,0.987812352125537,1.0,False
mir-4946,-0.015275545,-16.850506,0.987812352125537,1.0,False
UQCR-6.4L,-0.015275545,-17.108143,0.987812352125537,1.0,False
CG15930,-0.015275545,-17.427242,0.987812352125537,1.0,False
CG13634,-0.015275545,-17.022486,0.987812352125537,1.0,False
CG4017,-0.015275545,-16.313301,0.987812352125537,1.0,False
CG34216,-0.015275545,-16.362473,0.987812352125537,1.0,False
Obp58d,-0.015275545,-16.63543,0.987812352125537,1.0,False
CG45764,-0.015275545,-16.932064,0.987812352125537,1.0,False
lncRNA:CR44111,-0.015368019,-0.1720403,0.9877385773323579,1.0,False
Ir76b,-0.015368728,-0.18602107,0.9877380120086763,1.0,False
CG15629,-0.015384317,-0.68484384,0.9877255748892372,1.0,False
Sox15,-0.015385735,-0.8093985,0.9877244442421633,1.0,False
EB-SUN,-0.015395655,-1.6985288,0.9877165297133368,1.0,False
CG14118,-0.015459076,-0.054434374,0.9876659332897934,1.0,False
pho,-0.015460139,-0.09808446,0.9876650853054634,1.0,False
wat,-0.015468288,-0.12668903,0.9876585840927294,1.0,False
Nepl3,-0.015554384,-0.075524755,0.9875898974170391,1.0,False
CG13896,-0.01559265,-0.0674915,0.9875593700351164,1.0,False
CG18764,-0.015645795,-0.22073874,0.9875169709237833,1.0,False
CG15096,-0.01586759,-0.5060499,0.9873400256811017,1.0,False
CG8679,-0.015887786,-0.060246654,0.9873239140843749,1.0,False
Jhbp6,-0.015923925,-0.11193138,0.9872950828189286,1.0,False
Ctr1B,-0.016275397,-0.49838263,0.9870146855005489,1.0,False
His1:CG33834,-0.01629949,0.21297297,0.9869954647749769,1.0,False
CG32454,-0.016305158,0.016512135,0.9869909422524095,1.0,False
CG44259,-0.016306575,-0.017446496,0.9869898116218329,1.0,False
lncRNA:flam,-0.016310828,-0.27020848,0.98698641973026,1.0,False
lncRNA:CR46148,-0.01631437,-0.3593826,0.986983593154129,1.0,False
lncRNA:CR45401,-0.016315078,-0.29232875,0.9869830278389223,1.0,False
CG13318,-0.016315788,-0.4150725,0.9869824625237222,1.0,False
Hsp60C,-0.016317913,-0.5133909,0.9869807665781613,1.0,False
RpL7-like,-0.016318623,-0.60810983,0.9869802012629874,1.0,False
snoRNA:Psi18S-1377a,-0.016318623,-0.5810759,0.9869802012629874,1.0,False
CG12824,-0.016320748,-0.47539252,0.9869785053175048,1.0,False
lncRNA:CR46079,-0.016324999,-0.8805606,0.9869751134267162,1.0,False
asRNA:CR43875,-0.016432,-0.4336787,0.9868897509195501,1.0,False
Dnah3,-0.016452549,-0.68811136,0.9868733568128074,1.0,False
CG33514,-0.01652908,-0.23427564,0.9868123029468548,1.0,False
CG12780,-0.016573014,-0.008489436,0.986777253540161,1.0,False
Cyp311a1,-0.016857522,-0.2864369,0.9865502809868935,1.0,False
Remo,-0.017248321,-0.10909485,0.9862385134921654,1.0,False
Desat2,-0.017252218,-0.33243597,0.9862354043073461,1.0,False
CG34445,-0.01725576,-0.33641005,0.9862325777758736,1.0,False
lncRNA:CR44757,-0.01725647,-0.4404482,0.9862320124695998,1.0,False
CG14760,-0.01725647,-0.41939136,0.9862320124695998,1.0,False
CG33700,-0.017259303,-0.65161747,0.9862297512445738,1.0,False
CG13332,-0.017259303,-0.59563315,0.9862297512445738,1.0,False
CG11041,-0.017263556,-0.919533,0.9862263594072423,1.0,False
CG10657,-0.017265681,-1.1302366,0.9862246634886699,1.0,False
snoRNA:SC35-a,-0.017265681,-0.6707996,0.9862246634886699,1.0,False
CG31226,-0.017267099,-1.0151832,0.9862235328763229,1.0,False
SecCl,-0.017352842,-0.23177657,0.9861551308808841,1.0,False
asRNA:CR44065,-0.017363824,-0.4331758,0.986146368649142,1.0,False
CG11413,-0.017469762,-0.3052558,0.9860618555966713,1.0,False
CG3982,-0.017626012,-0.32627702,0.9859372061963279,1.0,False
Pbp45,-0.017666755,-0.18678623,0.9859047013069688,1.0,False
lncRNA:CR43785,-0.01775923,-0.047816332,0.9858309294275823,1.0,False
lncRNA:CR45381,-0.017768797,-0.2973054,0.9858232978607567,1.0,False
SCCRO3,-0.017880756,-0.107373916,0.9857339803604555,1.0,False
tfc,-0.017883945,-0.098703906,0.9857314365102123,1.0,False
snoRNA:gcl-a,-0.018193608,-0.10100103,0.9854844010816337,1.0,False
asRNA:CR45000,-0.018193608,-0.08598183,0.9854844010816337,1.0,False
CG43064,-0.018197153,-0.26584128,0.9854815745973239,1.0,False
ETH,-0.018199986,-0.44570744,0.9854793134100073,1.0,False
AOX4,-0.018202113,-0.7442826,0.9854776175195963,1.0,False
snoRNA:Psi28S-3305b,-0.018204238,-1.0454603,0.985475921629251,1.0,False
snoRNA:Psi18S-920,-0.018204946,-0.8683941,0.9854753563324838,1.0,False
CG30110,-0.018205656,-0.94270116,0.9854747910357239,1.0,False
yellow-g,-0.018206364,-1.1019206,0.9854742257389714,1.0,False
CG11841,-0.018206364,-1.1919864,0.9854742257389714,1.0,False
lncRNA:CR32835,-0.018207781,-1.2338988,0.985473095145488,1.0,False
CG43445,-0.018211324,-1.7006667,0.9854702686619073,1.0,False
CG17010,-0.018297067,-0.21793854,0.9854018678149484,1.0,False
CG10918,-0.018298484,-0.3077391,0.9854007372233368,1.0,False
lncRNA:CR44606,-0.018302027,-0.34984478,0.9853979107444361,1.0,False
CG33642,-0.018308405,-0.44177493,0.9853928230828768,1.0,False
asRNA:CR45171,-0.018328954,0.10520063,0.985376429510783,1.0,False
ymp,-0.01833604,-0.7397886,0.98537077655632,1.0,False
lncRNA:CR44809,-0.01838139,-0.11344176,0.9853345976651616,1.0,False
lncRNA:CR46127,-0.018398399,-0.21579424,0.9853210305887488,1.0,False
lncRNA:CR43828,-0.01851461,0.040858276,0.9852283223470794,1.0,False
lectin-46Cb,-0.018644994,0.018991444,0.9851243084597857,1.0,False
CG18178,-0.018743493,-0.11981011,0.9850457329190149,1.0,False
CG17928,-0.018816479,-0.48163843,0.9849875079715432,1.0,False
lncRNA:CR45187,-0.019000718,-0.1412865,0.9848405327323717,1.0,False
lncRNA:CR45551,-0.019137835,-0.6344843,0.9847311495707356,1.0,False
Drsl2,-0.019140668,-0.42159814,0.9847288884231284,1.0,False
CG3347,-0.019141378,-0.678042,0.9847283231362458,1.0,False
CG17470,-0.019141378,-0.39781943,0.9847283231362458,1.0,False
ds,-0.019141378,-0.6388611,0.9847283231362458,1.0,False
CG14419,-0.019142795,-0.63797134,0.9847271925625036,1.0,False
CG14221,-0.019142795,-0.78044426,0.9847271925625036,1.0,False
CG14244,-0.019143503,-0.74269074,0.984726627275644,1.0,False
Cyp303a1,-0.019144211,-0.7668705,0.9847260619887921,1.0,False
CG42246,-0.019144211,-0.9477255,0.9847260619887921,1.0,False
mElo,-0.019144211,-0.7714441,0.9847260619887921,1.0,False
mt:tRNA:Ser-GCT,-0.01914492,-1.1794504,0.9847254967019478,1.0,False
Tppl,-0.01914492,-0.9497968,0.9847254967019478,1.0,False
CG17224,-0.01914492,-0.8151846,0.9847254967019478,1.0,False
CG10814,-0.019146338,-1.0858566,0.9847243661282822,1.0,False
CG14062,-0.019146338,-1.1497746,0.9847243661282822,1.0,False
CG9458,-0.019147756,-1.6655415,0.9847232355546474,1.0,False
alpha-Est1,-0.019147756,-1.2359377,0.9847232355546474,1.0,False
asRNA:CR45271,-0.019147756,-1.0717427,0.9847232355546474,1.0,False
Pcp,-0.019151298,-1.3678046,0.9847204091206944,1.0,False
Uros2,-0.019221095,0.04074719,0.9846647284109705,1.0,False
Cad88C,-0.019226765,-0.13807441,0.9846602061231018,1.0,False
CG18636,-0.019237394,-0.26887557,0.9846517268346764,1.0,False
asRNA:CR44069,-0.019250859,-0.49342918,0.9846409864051601,1.0,False
snoRNA:Psi28S-1135d,-0.019251566,-0.6096827,0.9846404211194731,1.0,False
lbl,-0.019368488,0.09255896,0.9845471490869534,1.0,False
RpS10a,-0.019386558,-0.47465718,0.9845327343371034,1.0,False
Rh50,-0.019537138,-0.23271355,0.9844126116185066,1.0,False
Drsl5,-0.019804284,-0.2327439,0.9841995006549813,1.0,False
Achl,-0.019968327,-0.2903225,0.9840686386449674,1.0,False
Mics1,-0.019989232,-0.2756871,0.9840519629551878,1.0,False
lncRNA:CR45387,-0.020078516,0.7443131,0.9839807380536415,1.0,False
CG42710,-0.020080643,-0.08442352,0.9839790422242063,1.0,False
CG43315,-0.020080643,-0.03092225,0.9839790422242063,1.0,False
Prosbeta2R1,-0.02008135,-0.43555444,0.983978476947744,1.0,False
asRNA:CR46069,-0.02008206,-0.08045767,0.9839779116712898,1.0,False
CG43108,-0.02008206,-0.7339972,0.9839779116712898,1.0,False
snoRNA:Psi28S-3316c,-0.020083476,-0.44555575,0.9839767811184054,1.0,False
tin,-0.020084186,-0.7591049,0.9839762158419753,1.0,False
lncRNA:CR44022,-0.020084186,-0.6089459,0.9839762158419753,1.0,False
CG12395,-0.020084893,-0.7166868,0.9839756505655531,1.0,False
lncRNA:CR45188,-0.020084893,-0.6637788,0.9839756505655531,1.0,False
NAAT1,-0.020084893,-0.97000015,0.9839756505655531,1.0,False
CG15124,-0.020084893,-1.1520323,0.9839756505655531,1.0,False
CG10734,-0.020085603,-1.0026226,0.983975085289139,1.0,False
Sans,-0.02008631,-1.2196106,0.9839745200127331,1.0,False
CG11664,-0.02008631,-1.0273578,0.9839745200127331,1.0,False
CG6052,-0.02008631,-1.0317075,0.9839745200127331,1.0,False
CG42237,-0.02008702,-1.3728032,0.9839739547363351,1.0,False
CG14143,-0.02008702,-1.2925175,0.9839739547363351,1.0,False
CG8813,-0.020087728,-1.1238394,0.9839733894599452,1.0,False
BBS5,-0.020087728,-1.1874269,0.9839733894599452,1.0,False
js,-0.020087728,-1.4558022,0.9839733894599452,1.0,False
lncRNA:CR45906,-0.020087728,-1.4343565,0.9839733894599452,1.0,False
Tpc2,-0.020088438,-1.3322848,0.9839728241835634,1.0,False
tap,-0.020088438,-1.3569524,0.9839728241835634,1.0,False
CG13678,-0.020089854,-1.585033,0.9839716936308238,1.0,False
lncRNA:CR46352,-0.020089854,-1.9319836,0.9839716936308238,1.0,False
asRNA:CR45867,-0.020091271,-1.5112833,0.9839705630781164,1.0,False
CG14137,-0.020188352,-0.3672251,0.9838931202944089,1.0,False
CG8399,-0.020281889,-0.24340925,0.983818504033231,1.0,False
CG14246,-0.020532029,-0.2173159,0.9836189627592842,1.0,False
spdo,-0.020583756,-0.16469367,0.9835776979774085,1.0,False
CycJ,-0.020819724,-0.07019348,0.9833894632985514,1.0,False
Pif1A,-0.020821497,-0.34499615,0.983388050128771,1.0,False
CG15529,-0.020833896,-0.47347447,0.9833781579417676,1.0,False
Mlh1,-0.020869328,-0.16210388,0.9833498945644172,1.0,False
pre-mod(mdg4)-I,-0.021024158,-0.1684842,0.9832263838510723,1.0,False
CG14491,-0.021024868,-0.32651395,0.9832258185855717,1.0,False
hll,-0.021026285,-0.7783347,0.9832246880545956,1.0,False
CG15368,-0.021026993,-1.0908195,0.9832241227891202,1.0,False
lncRNA:CR45357,-0.021026993,-1.0515693,0.9832241227891202,1.0,False
mei-38,-0.021026993,-1.0044999,0.9832241227891202,1.0,False
Gba1a,-0.021026993,-0.90633494,0.9832241227891202,1.0,False
CG34207,-0.021027703,-1.2463503,0.9832235575236532,1.0,False
CG16741,-0.02102841,-1.3640082,0.9832229922581948,1.0,False
CG33346,-0.02102841,-1.4422536,0.9832229922581948,1.0,False
CG34189,-0.02102841,-1.6076026,0.9832229922581948,1.0,False
CG4362,-0.02102841,-1.4263027,0.9832229922581948,1.0,False
lncRNA:CR43878,-0.02102841,-1.5404438,0.9832229922581948,1.0,False
Traf-like,-0.02102841,-1.3485675,0.9832229922581948,1.0,False
lncRNA:CR46245,-0.02102841,-1.4118698,0.9832229922581948,1.0,False
CG42300,-0.02102841,-1.3042909,0.9832229922581948,1.0,False
CG42269,-0.02102841,-1.523443,0.9832229922581948,1.0,False
lncRNA:CR45823,-0.02102841,-1.480569,0.9832229922581948,1.0,False
CG43999,-0.02102841,-1.1584471,0.9832229922581948,1.0,False
CG13250,-0.021029118,-1.6877891,0.9832224269927445,1.0,False
Nep5,-0.021029828,-2.0250356,0.9832218617273029,1.0,False
CG45076,-0.021029828,-1.6300774,0.9832218617273029,1.0,False
CG1273,-0.021029828,-1.5930067,0.9832218617273029,1.0,False
snoRNA:CD66,-0.021030536,-2.0409708,0.9832212964618696,1.0,False
Listericin,-0.021030536,-1.9525714,0.9832212964618696,1.0,False
CG33476,-0.021030536,-1.9278749,0.9832212964618696,1.0,False
CG32726,-0.021031246,-2.0300949,0.9832207311964448,1.0,False
Pgam2,-0.021031246,-2.3426886,0.9832207311964448,1.0,False
Cad74A,-0.021031246,-2.5673425,0.9832207311964448,1.0,False
scpr-A,-0.021031246,-2.773902,0.9832207311964448,1.0,False
CG6830,-0.021031246,-3.0423121,0.9832207311964448,1.0,False
CG8006,-0.021031246,-3.5340078,0.9832207311964448,1.0,False
CG32202,-0.021035852,-0.13347146,0.9832170569713886,1.0,False
CG34302,-0.021111673,-0.079997115,0.983156573625533,1.0,False
kappaB-Ras,-0.021115215,-0.14534451,0.9831537473033254,1.0,False
CG30376,-0.021125136,-0.3102344,0.983145833602269,1.0,False
lncRNA:CR45522,-0.021135056,-0.5850193,0.9831379199028711,1.0,False
CG42521,-0.021187847,0.060760997,0.9830958077447169,1.0,False
lncRNA:CR44718,-0.021339137,-0.24092692,0.9829751241702563,1.0,False
Tm2,-0.02161585,-0.17489293,0.9827543901178148,1.0,False
sncRNA:CR43701,-0.021668997,-0.6731264,0.9827119957641236,1.0,False
CG7744,-0.021866344,-0.26350003,0.9825545718256105,1.0,False
AgmNAT,-0.021969093,-1.5941372,0.9824726098999423,1.0,False
Tsp42Ec,-0.021969093,-1.410614,0.9824726098999423,1.0,False
CG13847,-0.0219698,-1.1561301,0.982472044645924,1.0,False
lncRNA:CR43406,-0.0219698,-1.6753138,0.982472044645924,1.0,False
mir-4964,-0.0219698,-1.8295898,0.982472044645924,1.0,False
gdrd,-0.0219698,-1.428474,0.982472044645924,1.0,False
lncRNA:CR44419,-0.0219698,-1.4119906,0.982472044645924,1.0,False
Lectin-galC1,-0.0219698,-1.0575286,0.982472044645924,1.0,False
Osi19,-0.0219698,-0.6926944,0.982472044645924,1.0,False
asRNA:CR45712,-0.0219698,-1.5070688,0.982472044645924,1.0,False
CG43231,-0.0219698,-1.8090854,0.982472044645924,1.0,False
lncRNA:CR45224,-0.0219698,-1.4697304,0.982472044645924,1.0,False
CG32679,-0.0219698,-1.8487737,0.982472044645924,1.0,False
CG2750,-0.0219698,-1.7787783,0.982472044645924,1.0,False
CG9289,-0.0219698,-1.315995,0.982472044645924,1.0,False
lncRNA:CR45168,-0.0219698,-1.9072369,0.982472044645924,1.0,False
CG15719,-0.02197051,-1.8094856,0.9824714793919144,1.0,False
lncRNA:dntRL,-0.02197051,-1.9308589,0.9824714793919144,1.0,False
lncRNA:CR43961,-0.02197051,-1.689356,0.9824714793919144,1.0,False
CG34461,-0.02197051,-1.9488444,0.9824714793919144,1.0,False
CG7295,-0.02197051,-1.9143692,0.9824714793919144,1.0,False
snoRNA:Irbp-a,-0.02197051,-1.7863855,0.9824714793919144,1.0,False
CG8851,-0.02197051,-2.291157,0.9824714793919144,1.0,False
Qsox3,-0.02197051,-1.3430686,0.9824714793919144,1.0,False
lncRNA:CR45335,-0.02197051,-2.2086601,0.9824714793919144,1.0,False
Mgat4b,-0.021971218,-2.4476151,0.9824709141379135,1.0,False
CG15646,-0.021971218,-2.2416956,0.9824709141379135,1.0,False
CG18231,-0.021971218,-2.312377,0.9824709141379135,1.0,False
rhi,-0.021971218,-2.0661838,0.9824709141379135,1.0,False
lncRNA:CR43912,-0.021971218,-2.402733,0.9824709141379135,1.0,False
lncRNA:CR44804,-0.021971218,-2.1610632,0.9824709141379135,1.0,False
CG43149,-0.021971218,-2.4964697,0.9824709141379135,1.0,False
CG3323,-0.021971218,-2.341318,0.9824709141379135,1.0,False
CG34327,-0.021971218,-2.1207352,0.9824709141379135,1.0,False
CG7896,-0.021971218,-2.6801603,0.9824709141379135,1.0,False
S-Lap3,-0.021971218,-2.0238357,0.9824709141379135,1.0,False
CG2291,-0.021971218,-2.785926,0.9824709141379135,1.0,False
CG45080,-0.021971218,-2.0222638,0.9824709141379135,1.0,False
CG43312,-0.021971218,-2.3896475,0.9824709141379135,1.0,False
mir-4982,-0.021971218,-2.8237808,0.9824709141379135,1.0,False
lncRNA:CR44283,-0.021971928,-4.7695103,0.9824703488839215,1.0,False
CG12826,-0.021971928,-2.5940962,0.9824703488839215,1.0,False
mah,-0.021971928,-3.1577868,0.9824703488839215,1.0,False
CG33792,-0.021971928,-3.2977326,0.9824703488839215,1.0,False
CG15200,-0.021971928,-3.345184,0.9824703488839215,1.0,False
CG31391,-0.021971928,-3.501489,0.9824703488839215,1.0,False
CG17237,-0.021971928,-3.2037432,0.9824703488839215,1.0,False
Bace,-0.021971928,-3.741124,0.9824703488839215,1.0,False
Grl62c,-0.021971928,-2.459176,0.9824703488839215,1.0,False
Acp1,-0.021971928,-3.3414197,0.9824703488839215,1.0,False
APC7,-0.021971928,-4.687557,0.9824703488839215,1.0,False
S-Lap5,-0.021971928,-2.3436518,0.9824703488839215,1.0,False
CG14756,-0.021971928,-3.1660802,0.9824703488839215,1.0,False
Dmel_CR43610,-0.021971928,-2.0315576,0.9824703488839215,1.0,False
CG14406,-0.021971928,-2.1378536,0.9824703488839215,1.0,False
CG14891,-0.021971928,-4.4679413,0.9824703488839215,1.0,False
snoRNA:Psi18S-525h,-0.021971928,-2.824904,0.9824703488839215,1.0,False
CG1750,-0.022004524,-0.0908998,0.9824443472098077,1.0,False
CG10252,-0.02206334,-0.30632752,0.9823974311928493,1.0,False
CG11760,-0.022066882,-0.49191922,0.98239460492871,1.0,False
dob,-0.022066882,-0.5321321,0.98239460492871,1.0,False
lncRNA:CR44299,-0.02208247,-1.0975335,0.982382169369123,1.0,False
Glyat,-0.022083888,-0.71529716,0.9823810388639183,1.0,False
hlk,-0.02208743,-0.97226495,0.9823782126010611,1.0,False
lncRNA:CR45897,-0.022094518,-1.4722983,0.9823725600760105,1.0,False
CG15425,-0.022094518,-0.8474823,0.9823725600760105,1.0,False
CG12320,-0.022140577,-0.14280868,0.9823358186847652,1.0,False
lncRNA:CR45170,-0.022174591,0.17956482,0.9823086866045073,1.0,False
CG14752,-0.022187345,-0.32916257,0.9822985120796849,1.0,False
CG13085,-0.02220577,-0.6343451,0.982283815548914,1.0,False
SPE,-0.022245452,-0.9087632,0.982252161503066,1.0,False
CG8086,-0.022280527,-0.32162273,0.982224181610804,1.0,False
asRNA:CR45928,-0.022320565,-0.38958356,0.9821922449928268,1.0,False
Cht8,-0.022448115,-0.21892141,0.9820905002057436,1.0,False
tous,-0.02246335,-0.36734396,0.9820783473756194,1.0,False
CstF50,-0.022469373,-0.13544866,0.982073542769508,1.0,False
CG44385,-0.02248638,-0.13465856,0.982059976826351,1.0,False
CG2321,-0.022514015,-0.21341011,0.9820379321797876,1.0,False
fz3,-0.022773366,-0.1543785,0.981831052321144,1.0,False
CG30432,-0.022913318,-18.023073,0.9817194168385397,1.0,False
lncRNA:CR45651,-0.022913318,-16.883017,0.9817194168385397,1.0,False
CG17930,-0.022913318,-18.084044,0.9817194168385397,1.0,False
CG10339,-0.022913318,-17.90069,0.9817194168385397,1.0,False
CG14949,-0.022913318,-17.744167,0.9817194168385397,1.0,False
lncRNA:CR44573,-0.022913318,-17.028944,0.9817194168385397,1.0,False
snoRNA:CD74,-0.022913318,-17.115152,0.9817194168385397,1.0,False
CG31639,-0.022913318,-17.616606,0.9817194168385397,1.0,False
gsb,-0.022913318,-17.75578,0.9817194168385397,1.0,False
lncRNA:CR44039,-0.022913318,-17.792149,0.9817194168385397,1.0,False
Mst84Db,-0.022913318,-18.032703,0.9817194168385397,1.0,False
CG43638,-0.022913318,-18.130232,0.9817194168385397,1.0,False
Prtl99C,-0.022913318,-18.204882,0.9817194168385397,1.0,False
Cpr30F,-0.022913318,-17.58678,0.9817194168385397,1.0,False
CG31862,-0.022913318,-17.717236,0.9817194168385397,1.0,False
asRNA:CR45326,-0.022913318,-17.108181,0.9817194168385397,1.0,False
kl-2,-0.022913318,-17.232435,0.9817194168385397,1.0,False
lncRNA:CR45253,-0.022913318,-17.566706,0.9817194168385397,1.0,False
lncRNA:CR45280,-0.022913318,-17.350298,0.9817194168385397,1.0,False
Dmel_CR34568,-0.022913318,-17.587492,0.9817194168385397,1.0,False
CG34241,-0.022913318,-18.124971,0.9817194168385397,1.0,False
robl22E,-0.022913318,-17.861631,0.9817194168385397,1.0,False
asRNA:CR44267,-0.022913318,-16.77163,0.9817194168385397,1.0,False
Gr9a,-0.022913318,-17.904871,0.9817194168385397,1.0,False
wg,-0.022913318,-17.369251,0.9817194168385397,1.0,False
lncRNA:CR43905,-0.022913318,-17.870724,0.9817194168385397,1.0,False
CG14402,-0.022913318,-17.775564,0.9817194168385397,1.0,False
CG8708,-0.022913318,-17.529411,0.9817194168385397,1.0,False
CG15155,-0.022913318,-17.39022,0.9817194168385397,1.0,False
alphaKap4,-0.022913318,-17.019825,0.9817194168385397,1.0,False
asRNA:CR45205,-0.022913318,-16.862206,0.9817194168385397,1.0,False
Drsl6,-0.022913318,-17.669497,0.9817194168385397,1.0,False
Mal-B1,-0.022913318,-17.298578,0.9817194168385397,1.0,False
CG5762,-0.022913318,-18.17646,0.9817194168385397,1.0,False
CG14718,-0.022913318,-18.130531,0.9817194168385397,1.0,False
CG8349,-0.022913318,-17.798296,0.9817194168385397,1.0,False
Cdc6,-0.022913318,-16.97776,0.9817194168385397,1.0,False
Ir60e,-0.022913318,-17.075018,0.9817194168385397,1.0,False
Osi9,-0.022913318,-17.559849,0.9817194168385397,1.0,False
Diedel,-0.022913318,-17.789555,0.9817194168385397,1.0,False
lncRNA:CR45435,-0.022913318,-16.927376,0.9817194168385397,1.0,False
CG3306,-0.022913318,-17.727028,0.9817194168385397,1.0,False
CG18568,-0.022913318,-17.342728,0.9817194168385397,1.0,False
CG18649,-0.022913318,-17.486927,0.9817194168385397,1.0,False
Spn28Db,-0.022913318,-17.998997,0.9817194168385397,1.0,False
lncRNA:CR45232,-0.022913318,-16.59141,0.9817194168385397,1.0,False
CG31496,-0.022913318,-17.048521,0.9817194168385397,1.0,False
Prm,-0.022913318,-17.844652,0.9817194168385397,1.0,False
asRNA:CR46246,-0.022913318,-17.44593,0.9817194168385397,1.0,False
CG14391,-0.022913318,-17.421982,0.9817194168385397,1.0,False
CG43089,-0.022913318,-17.954878,0.9817194168385397,1.0,False
Cp19,-0.022913318,-17.313066,0.9817194168385397,1.0,False
CG13131,-0.022913318,-17.749273,0.9817194168385397,1.0,False
Vha100-5,-0.022913318,-16.61525,0.9817194168385397,1.0,False
Mur29B,-0.022913318,-17.858923,0.9817194168385397,1.0,False
lncRNA:CR44909,-0.022913318,-17.758556,0.9817194168385397,1.0,False
Sprn,-0.022913318,-17.529089,0.9817194168385397,1.0,False
lncRNA:CR43097,-0.022913318,-17.364069,0.9817194168385397,1.0,False
CG15177,-0.022913318,-18.074986,0.9817194168385397,1.0,False
CG15369,-0.022913318,-17.947819,0.9817194168385397,1.0,False
CG6337,-0.022913318,-18.313164,0.9817194168385397,1.0,False
CG9030,-0.022913318,-18.074171,0.9817194168385397,1.0,False
atk,-0.022913318,-17.323349,0.9817194168385397,1.0,False
CG43190,-0.022913318,-17.461649,0.9817194168385397,1.0,False
Alp5,-0.022913318,-17.792635,0.9817194168385397,1.0,False
CG15414,-0.022913318,-17.543732,0.9817194168385397,1.0,False
lncRNA:CR43928,-0.022913318,-17.150383,0.9817194168385397,1.0,False
djl,-0.022913318,-17.924145,0.9817194168385397,1.0,False
eIF4E4,-0.022913318,-17.415236,0.9817194168385397,1.0,False
CG14355,-0.022913318,-18.114555,0.9817194168385397,1.0,False
CG8492,-0.022913318,-18.162151,0.9817194168385397,1.0,False
klhl10,-0.022913318,-17.941849,0.9817194168385397,1.0,False
CG32087,-0.022913318,-17.334349,0.9817194168385397,1.0,False
asRNA:CR44907,-0.022913318,-17.803017,0.9817194168385397,1.0,False
CG10405,-0.022913318,-17.65397,0.9817194168385397,1.0,False
CG32246,-0.022913318,-17.813398,0.9817194168385397,1.0,False
lncRNA:CR44710,-0.022913318,-17.299183,0.9817194168385397,1.0,False
CG32219,-0.022913318,-17.067682,0.9817194168385397,1.0,False
CG11251,-0.022913318,-17.445173,0.9817194168385397,1.0,False
lush,-0.022913318,-16.957258,0.9817194168385397,1.0,False
CG34034,-0.022913318,-17.977137,0.9817194168385397,1.0,False
Jon99Ci,-0.022913318,-16.612514,0.9817194168385397,1.0,False
lncRNA:CR46205,-0.022913318,-17.489784,0.9817194168385397,1.0,False
cd,-0.022913318,-17.312527,0.9817194168385397,1.0,False
CG13884,-0.022913318,-17.30474,0.9817194168385397,1.0,False
snoRNA:Psi18S-640g,-0.022913318,-16.978933,0.9817194168385397,1.0,False
ATPsynbetaL,-0.022913318,-16.045805,0.9817194168385397,1.0,False
lncRNA:CR44150,-0.022913318,-17.023611,0.9817194168385397,1.0,False
CG42841,-0.022913318,-18.000439,0.9817194168385397,1.0,False
Smyd5,-0.022936702,-0.08245717,0.9817007638560388,1.0,False
CG13841,-0.023002958,-0.27622613,0.9816479137933176,1.0,False
fiz,-0.023010043,-0.42173275,0.9816422613849562,1.0,False
CG14811,-0.023010753,-0.4192104,0.9816416961441708,1.0,False
Orc1,-0.023018546,-0.8683149,0.9816354784961393,1.0,False
Acp36DE,-0.023022799,-0.8320151,0.9816320870522286,1.0,False
CG33281,-0.023024216,-0.883072,0.9816309565709987,1.0,False
CG42808,-0.02303768,-1.5239623,0.9816202170011559,1.0,False
lncRNA:CR44814,-0.023083385,-0.033817757,0.9815837590126018,1.0,False
CG17919,-0.023120942,-0.38929355,0.9815538013143581,1.0,False
ss,-0.023128737,-0.5333605,0.981547583682132,1.0,False
lncRNA:CR44784,-0.023168065,-0.046047367,0.9815162129184578,1.0,False
CG14615,-0.02324176,-0.39088172,0.9814574281410086,1.0,False
lncRNA:CR44854,-0.023270104,-0.41110295,0.9814348186380132,1.0,False
Pkg21D,-0.0234384,-0.48173767,0.9813005750217321,1.0,False
lncRNA:CR45430,-0.023472058,-0.21397558,0.9812737263618981,1.0,False
lncRNA:CR44157,-0.023634331,-0.11708405,0.9811442878579333,1.0,False
pk,-0.023747,-0.29886177,0.9810544160006845,1.0,False
ZnT33D,-0.023772156,-0.17909963,0.9810343503043469,1.0,False
asRNA:CR43454,-0.023947537,-0.48894474,0.980894455995021,1.0,False
Jhbp15,-0.023949662,-0.45028296,0.9808927603100185,1.0,False
asRNA:CR45797,-0.02395108,-0.4859271,0.9808916298533982,1.0,False
CG12896,-0.023952497,-0.5717375,0.9808904993968162,1.0,False
snoRNA:Psi28S-3305a,-0.023953207,-0.7273768,0.9808899341685395,1.0,False
Cad86C,-0.023960292,-0.7414179,0.9808842818863011,1.0,False
lncRNA:CR45262,-0.023962418,-0.97601765,0.9808825862018167,1.0,False
lncRNA:CR44042,-0.023962418,-1.2393417,0.9808825862018167,1.0,False
enc,-0.023981197,-0.012054321,0.9808676076592902,1.0,False
vret,-0.024043908,-0.27603856,0.9808175850284394,1.0,False
mi,-0.024068002,-0.11813176,0.9807983673145975,1.0,False
dsb,-0.024077212,-0.60514444,0.9807910193681317,1.0,False
lncRNA:acal,-0.0240843,-0.62239367,0.9807853671027286,1.0,False
Gasp,-0.024106266,-0.8176737,0.9807678450861103,1.0,False
lncRNA:CR45290,-0.024131777,-0.17558925,0.9807474969494242,1.0,False
Dmac2,-0.024767047,-0.021659931,0.9802407758974147,1.0,False
Nadk2,-0.024821965,-0.11055633,0.9801969716046017,1.0,False
CG42857,-0.024884323,-0.2743862,0.9801472326090359,1.0,False
CG31104,-0.024887865,-0.18403971,0.9801444065320578,1.0,False
Lrt,-0.024887865,-0.08417196,0.9801444065320578,1.0,False
Orc2,-0.024888573,-0.6798333,0.9801438413166921,1.0,False
CG18754,-0.024889283,-0.29734612,0.9801432761013363,1.0,False
asRNA:CR45028,-0.024899203,-0.8928914,0.9801353630874027,1.0,False
btl,-0.024899911,-1.0113237,0.9801347978721965,1.0,False
asRNA:CR45137,-0.024903454,-1.0323821,0.9801319717963152,1.0,False
CG18744,-0.024904871,-1.1965519,0.9801308413660325,1.0,False
CG13833,-0.024909124,-1.3907558,0.9801274500754237,1.0,False
Cpr50Cb,-0.024911959,-1.7026665,0.9801251892152173,1.0,False
gom,-0.024984237,-0.21124853,0.9800675373339459,1.0,False
CG34342,-0.025010101,-0.65807503,0.9800469070291604,1.0,False
Cht10,-0.025021438,-0.7462739,0.9800378636120909,1.0,False
asRNA:CR44093,-0.025076356,-0.32576674,0.9799940595969907,1.0,False
Argl,-0.025151115,-0.40388083,0.9799344297121224,1.0,False
lncRNA:CR44360,-0.025211347,-0.21954949,0.9798863867584617,1.0,False
Obp69a,-0.025261657,-0.4193586,0.9798462568177874,1.0,False
asRNA:CR43787,-0.02557947,-0.20202948,0.979592761121864,1.0,False
CG12883,-0.025667338,-0.138247,0.9795226757178738,1.0,False
M7BP,-0.025667338,-0.28851327,0.9795226757178738,1.0,False
fs(1)K10,-0.025757331,-0.19972283,0.9794508948631236,1.0,False
lncRNA:CR46061,-0.025833862,-0.44639745,0.979389853007295,1.0,False
CG43968,-0.02583528,-0.6014786,0.9793887226036945,1.0,False
CG7778,-0.025838114,-0.8116131,0.9793864617966176,1.0,False
Cpr65Ea,-0.025838114,-0.6103006,0.9793864617966176,1.0,False
asRNA:CR43476,-0.02584024,-0.8710984,0.9793847661914186,1.0,False
CG13473,-0.0258452,-1.3653963,0.9793808097796498,1.0,False
CG30056,-0.025939444,-0.42313564,0.9793056380525232,1.0,False
Tmlh,-0.026072664,-0.47314826,0.9791993805864586,1.0,False
CG34338,-0.026093923,-0.57136124,0.9791824246419286,1.0,False
asRNA:CR46354,-0.026369927,-0.37564683,0.9789622808186942,1.0,False
lncRNA:CR43654,-0.026541056,-0.4137124,0.9788257867999582,1.0,False
CG12182,-0.026583219,-0.22536354,0.9787921579338529,1.0,False
lncRNA:CR45237,-0.026607312,-0.44155356,0.9787729414558545,1.0,False
Send2,-0.026777733,-0.64389753,0.9786370134859346,1.0,False
Dmel_CG6279,-0.02677844,-0.75926954,0.9786364482981627,1.0,False
CG17258,-0.02677915,-0.7933032,0.9786358831104015,1.0,False
inaF-C,-0.026779858,-0.8858533,0.9786353179226511,1.0,False
pot,-0.026780568,-0.9156504,0.9786347527349114,1.0,False
CG15034,-0.026781276,-1.1872512,0.9786341875471825,1.0,False
CG32436,-0.026781276,-1.0331783,0.9786341875471825,1.0,False
asRNA:CR44304,-0.026781984,-1.3228768,0.9786336223594642,1.0,False
CG34430,-0.026782693,-1.0688438,0.9786330571717566,1.0,False
lncRNA:CR44977,-0.026782693,-1.2184577,0.9786330571717566,1.0,False
CG9701,-0.026782693,-1.0730612,0.9786330571717566,1.0,False
CG34188,-0.026783401,-1.0294352,0.9786324919840599,1.0,False
CG12911,-0.026784819,-1.4349877,0.9786313616086985,1.0,False
CG12693,-0.026785528,-1.4671645,0.9786307964210339,1.0,False
CG4306,-0.026785528,-1.5625933,0.9786307964210339,1.0,False
Nepl20,-0.026785528,-1.4223106,0.9786307964210339,1.0,False
snoRNA:Psi18S-1377e,-0.026791196,-1.5874131,0.9786262749201031,1.0,False
lncRNA:CR45985,-0.026872333,-0.31062338,0.978561561013353,1.0,False
CG13360,-0.026882254,-0.34574643,0.978553648405606,1.0,False
CG8888,-0.026885087,-0.56976384,0.9785513876609229,1.0,False
asRNA:CR45882,-0.026902094,-0.7667369,0.9785378231964431,1.0,False
CG8003,-0.026923353,-0.11975943,0.978520867624571,1.0,False
knk,-0.026939297,0.0070076818,0.978508150952035,1.0,False
CG13898,-0.027094837,-0.2225639,0.9783840930336765,1.0,False
Prosalpha6,-0.027579527,-0.10055351,0.9779975104496776,1.0,False
CG15546,-0.027717352,-0.35101768,0.9778875840317879,1.0,False
CG8958,-0.027720187,-0.6006488,0.9778853233386474,1.0,False
lectin-24A,-0.027720895,-0.97752804,0.9778847581653901,1.0,False
lncRNA:CR43196,-0.027721604,-0.9896891,0.9778841929921438,1.0,False
snoRNA:Psi28S-1192b,-0.027722312,-1.0825775,0.9778836278189087,1.0,False
snoRNA:Psi18S-1377c,-0.02772373,-1.2264535,0.9778824974724717,1.0,False
lncRNA:CR43417,-0.02772373,-1.1620263,0.9778824974724717,1.0,False
Phlpp,-0.02772373,-1.3635029,0.9778824974724717,1.0,False
lncRNA:CR45225,-0.02772373,-1.3487713,0.9778824974724717,1.0,False
asRNA:CR44873,-0.027724437,-1.4532944,0.9778819322992699,1.0,False
fan,-0.027724437,-1.4442612,0.9778819322992699,1.0,False
lncRNA:CR45179,-0.027725855,-1.4409695,0.9778808019528995,1.0,False
lncRNA:CR45628,-0.027725855,-1.5696663,0.9778808019528995,1.0,False
lncRNA:CR30121,-0.027726565,-1.625859,0.977880236779731,1.0,False
CG2816,-0.027726565,-1.3800471,0.977880236779731,1.0,False
CG15296,-0.027727982,-1.9511968,0.9778791064334272,1.0,False
CG30002,-0.02772869,-1.8121704,0.9778785412602921,1.0,False
CG8840,-0.027729398,-1.9874654,0.977877976087168,1.0,False
fln,-0.027802385,-0.118419215,0.9778197633149165,1.0,False
lncRNA:CR44596,-0.027817976,-0.28233156,0.9778073295342011,1.0,False
lobo,-0.027820809,-0.537469,0.9778050688473775,1.0,False
CG9498,-0.027843485,-0.6819825,0.9777869833592081,1.0,False
Mcm6,-0.027905488,-0.30837107,0.977737530910821,1.0,False
CG13373,-0.027957572,-0.5910737,0.9776959909202922,1.0,False
asRNA:CR46096,-0.027957572,-0.5102973,0.9776959909202922,1.0,False
sqa,-0.02810638,-0.1857668,0.9775773055667464,1.0,False
lncRNA:CR44331,-0.02822826,-0.43974808,0.9774800969801782,1.0,False
CG43897,-0.02826688,-0.16763334,0.9774492954919318,1.0,False
asRNA:CR43425,-0.028414272,-0.14846511,0.9773317414976084,1.0,False
Cul5,-0.028517375,-0.14507437,0.9772495105104181,1.0,False
CG18537,-0.02866264,-0.84759796,0.9771336528290028,1.0,False
geko,-0.028664058,-1.1757338,0.9771325225125318,1.0,False
CG31207,-0.028664058,-1.1789248,0.9771325225125318,1.0,False
CG43095,-0.028664766,-1.2161808,0.9771319573543136,1.0,False
CG33641,-0.028664766,-1.3695889,0.9771319573543136,1.0,False
CG17780,-0.028665476,-1.5220559,0.9771313921961068,1.0,False
CG3604,-0.028665476,-1.3751663,0.9771313921961068,1.0,False
CG31205,-0.028666183,-1.7298481,0.9771308270379114,1.0,False
asRNA:CR44896,-0.028666183,-1.6202539,0.9771308270379114,1.0,False
S-Lap2,-0.028666183,-1.8071448,0.9771308270379114,1.0,False
lncRNA:CR45880,-0.028666891,-1.625039,0.9771302618797276,1.0,False
lncRNA:CR43991,-0.028666891,-1.7342536,0.9771302618797276,1.0,False
boly,-0.028666891,-1.5694009,0.9771302618797276,1.0,False
Mzt1,-0.028666891,-1.6599641,0.9771302618797276,1.0,False
Mlc1,-0.028666891,-1.6644912,0.9771302618797276,1.0,False
CG13838,-0.0286676,-1.9088622,0.9771296967215553,1.0,False
CG32074,-0.028668309,-2.2427478,0.9771291315633944,1.0,False
asRNA:CR45912,-0.028668309,-2.0906286,0.9771291315633944,1.0,False
CG30270,-0.028669726,-2.523881,0.9771280012471072,1.0,False
dmrt11E,-0.028739525,-0.07433377,0.9770723332268341,1.0,False
CG34375,-0.028789837,-1.089195,0.9770322071088722,1.0,False
CG33098,-0.028911717,-0.6136059,0.9769350004163642,1.0,False
Ser7,-0.028926244,-0.67277473,0.9769234147578071,1.0,False
Drip,-0.028947148,-0.24550995,0.9769067427211103,1.0,False
SmD3,-0.02897124,-0.10010602,0.9768875275048898,1.0,False
eIF2D,-0.029125718,-0.13079204,0.9767643243788792,1.0,False
CG43219,-0.02920721,-0.20439903,0.9766993321272996,1.0,False
CG14971,-0.029309602,-0.14438172,0.9766176681696664,1.0,False
CG10710,-0.029583126,-0.17314024,0.9763995220544254,1.0,False
CG33552,-0.029606512,-1.5453569,0.9763808723386825,1.0,False
CG14423,-0.029606512,-1.6833099,0.9763808723386825,1.0,False
CheB74a,-0.029606512,-0.82466584,0.9763808723386825,1.0,False
Adgf-B,-0.029606512,-1.0862381,0.9763808723386825,1.0,False
CG33342,-0.029606512,-1.2627252,0.9763808723386825,1.0,False
asRNA:CR46082,-0.029606512,-1.4520123,0.9763808723386825,1.0,False
seq,-0.029606512,-1.3976827,0.9763808723386825,1.0,False
CG43074,-0.029606512,-1.7026173,0.9763808723386825,1.0,False
yellow-d,-0.02960722,-1.8276397,0.9763803071959827,1.0,False
CG31624,-0.02960722,-1.6938759,0.9763803071959827,1.0,False
CG45546,-0.02960722,-1.9594424,0.9763803071959827,1.0,False
CG33770,-0.02960722,-2.1314244,0.9763803071959827,1.0,False
CG13806,-0.02960722,-1.5910962,0.9763803071959827,1.0,False
Ir56d,-0.02960722,-1.0401175,0.9763803071959827,1.0,False
gudu,-0.02960793,-2.110576,0.9763797420532948,1.0,False
lncRNA:CR9162,-0.02960793,-2.4978218,0.9763797420532948,1.0,False
scaRNA:MeU2-G25,-0.029608637,-2.2925127,0.9763791769106187,1.0,False
CG9903,-0.029608637,-2.3754625,0.9763791769106187,1.0,False
Hsp70Bbb,-0.029608637,-2.145658,0.9763791769106187,1.0,False
lncRNA:CR45615,-0.029608637,-2.5638556,0.9763791769106187,1.0,False
lncRNA:CR45047,-0.029608637,-2.4042437,0.9763791769106187,1.0,False
Cyp309a2,-0.029608637,-2.4267569,0.9763791769106187,1.0,False
CG5326,-0.029608637,-2.6886444,0.9763791769106187,1.0,False
CG13558,-0.029608637,-2.1930609,0.9763791769106187,1.0,False
CG43938,-0.029608637,-2.6346579,0.9763791769106187,1.0,False
Tsp47F,-0.029608637,-2.371556,0.9763791769106187,1.0,False
CG14265,-0.029609345,-2.9643478,0.9763786117679545,1.0,False
CG4691,-0.029609345,-2.753156,0.9763786117679545,1.0,False
lncRNA:CR43686,-0.029609345,-2.5693388,0.9763786117679545,1.0,False
CG15482,-0.029609345,-4.447677,0.9763786117679545,1.0,False
CG11106,-0.029610055,-3.0611076,0.9763780466253021,1.0,False
CG1791,-0.029610055,-2.414799,0.9763780466253021,1.0,False
lncRNA:CR44528,-0.029610055,-3.4346564,0.9763780466253021,1.0,False
lncRNA:CR44775,-0.029610055,-3.1259234,0.9763780466253021,1.0,False
CG3513,-0.029610055,-5.4342103,0.9763780466253021,1.0,False
CG9452,-0.029610055,-3.2151027,0.9763780466253021,1.0,False
CG31709,-0.029610055,-3.6915796,0.9763780466253021,1.0,False
asRNA:CR45130,-0.029610055,-3.3866453,0.9763780466253021,1.0,False
CG4218,-0.029610055,-3.2798436,0.9763780466253021,1.0,False
Atg10,-0.02966391,-0.3570993,0.9763350958184392,1.0,False
betaNACtes4,-0.029691545,-0.09708995,0.9763130552994439,1.0,False
lncRNA:CR44661,-0.029699339,-0.33154416,0.9763068387460734,1.0,False
CG6294,-0.029700048,-0.44734105,0.9763062736049292,1.0,False
lncRNA:CR44492,-0.029709969,-0.6873611,0.97629836163016,1.0,False
Ptth,-0.029722724,-1.0330012,0.9762881890945979,1.0,False
Rpt3R,-0.029778704,-0.15631233,0.9762435430119254,1.0,False
asRNA:CR17025,-0.029799255,-0.21511374,0.9762271539622702,1.0,False
snoRNA:2R:9445205,-0.02981059,-0.30735022,0.9762181117322734,1.0,False
CG7352,-0.029882161,-0.08884844,0.9761610327260016,1.0,False
plh,-0.029884286,-0.14316021,0.9761593373118391,1.0,False
link,-0.029900584,-0.2596516,0.9761463391401721,1.0,False
TwdlT,-0.029900584,-0.25682008,0.9761463391401721,1.0,False
Ufsp1,-0.030245678,-0.041902747,0.9758711184760178,1.0,False
CG42764,-0.030292802,-0.3643445,0.9758335372317366,1.0,False
Amus,-0.030294219,-0.1944155,0.9758324069695813,1.0,False
r,-0.03037075,-0.19716214,0.9757713728853138,1.0,False
CG32797,-0.030435942,-0.44363153,0.9757193809994829,1.0,False
PolG1,-0.030521683,-0.26939902,0.9756510005241308,1.0,False
Jhbp11,-0.03055109,-17.54844,0.9756275477576564,1.0,False
CG44094,-0.03055109,-17.923569,0.9756275477576564,1.0,False
CG9861,-0.03055109,-18.190191,0.9756275477576564,1.0,False
CheB98a,-0.03055109,-18.472006,0.9756275477576564,1.0,False
CG42383,-0.03055109,-18.44372,0.9756275477576564,1.0,False
CG45011,-0.03055109,-18.41365,0.9756275477576564,1.0,False
CG18536,-0.03055109,-17.830927,0.9756275477576564,1.0,False
CG13196,-0.03055109,-17.42454,0.9756275477576564,1.0,False
CG17377,-0.03055109,-18.325018,0.9756275477576564,1.0,False
CG30369,-0.03055109,-18.438032,0.9756275477576564,1.0,False
sowi,-0.03055109,-18.280968,0.9756275477576564,1.0,False
CG10730,-0.03055109,-17.593487,0.9756275477576564,1.0,False
CG32445,-0.03055109,-18.157284,0.9756275477576564,1.0,False
Sfp24Bc,-0.03055109,-18.172037,0.9756275477576564,1.0,False
CG32806,-0.03055109,-17.806265,0.9756275477576564,1.0,False
lncRNA:CR44164,-0.03055109,-18.298912,0.9756275477576564,1.0,False
CG17658,-0.03055109,-17.746853,0.9756275477576564,1.0,False
CG15219,-0.03055109,-18.207531,0.9756275477576564,1.0,False
CG31741,-0.03055109,-17.305466,0.9756275477576564,1.0,False
CG18539,-0.03055109,-18.128286,0.9756275477576564,1.0,False
CG14304,-0.03055109,-18.114855,0.9756275477576564,1.0,False
Or49b,-0.03055109,-18.046043,0.9756275477576564,1.0,False
CG5089,-0.03055109,-18.116205,0.9756275477576564,1.0,False
CG15025,-0.03055109,-17.484825,0.9756275477576564,1.0,False
CG14297,-0.03055109,-17.927235,0.9756275477576564,1.0,False
CG31454,-0.03055109,-18.181982,0.9756275477576564,1.0,False
CG6403,-0.03055109,-17.00862,0.9756275477576564,1.0,False
CG30430,-0.03055109,-18.107037,0.9756275477576564,1.0,False
CG11756,-0.03055109,-17.784054,0.9756275477576564,1.0,False
CG31141,-0.03055109,-18.491539,0.9756275477576564,1.0,False
CG46059,-0.03055109,-18.130806,0.9756275477576564,1.0,False
CG18641,-0.03055109,-18.185385,0.9756275477576564,1.0,False
inaF-A,-0.03055109,-18.154533,0.9756275477576564,1.0,False
CG7402,-0.03055109,-18.069315,0.9756275477576564,1.0,False
CG3581,-0.03055109,-17.614311,0.9756275477576564,1.0,False
Atg8b,-0.03055109,-18.281927,0.9756275477576564,1.0,False
CG6262,-0.03055109,-18.17488,0.9756275477576564,1.0,False
CG30098,-0.03055109,-16.948967,0.9756275477576564,1.0,False
lncRNA:CR46013,-0.03055109,-17.511623,0.9756275477576564,1.0,False
CG6696,-0.03055109,-17.84538,0.9756275477576564,1.0,False
Mst98Ca,-0.03055109,-18.216652,0.9756275477576564,1.0,False
CG44403,-0.03055109,-18.456738,0.9756275477576564,1.0,False
CG31189,-0.03055109,-18.69617,0.9756275477576564,1.0,False
CG31954,-0.03055109,-17.78381,0.9756275477576564,1.0,False
CG13670,-0.03055109,-18.36418,0.9756275477576564,1.0,False
Cyp4e3,-0.03055109,-18.456799,0.9756275477576564,1.0,False
asRNA:CR45129,-0.03055109,-18.172247,0.9756275477576564,1.0,False
CG31913,-0.03055109,-18.519566,0.9756275477576564,1.0,False
mt:tRNA:His-GTG,-0.03055109,-18.485338,0.9756275477576564,1.0,False
Lcp3,-0.030627975,-0.09071901,0.9755662315882898,1.0,False
asRNA:CR45163,-0.030638605,-0.32252342,0.9755577547098679,1.0,False
lncRNA:CR42736,-0.030649234,-0.591889,0.9755492778342068,1.0,False
loh,-0.0307534,-0.24105817,0.9754662045990175,1.0,False
Gr32a,-0.030830638,-0.16230801,0.9754046062494593,1.0,False
lncRNA:CR45659,-0.030839141,-0.25808227,0.9753978247887399,1.0,False
OSCP1,-0.030971298,-0.30792278,0.9752924298156231,1.0,False
CG9107,-0.031274937,-0.079540245,0.9750502773188874,1.0,False
CG15580,-0.031580705,-0.432168,0.974806431795923,1.0,False
snoRNA:Psi28S-3571,-0.0315885,-0.51494586,0.9748002156023802,1.0,False
asRNA:CR43872,-0.031589206,-0.6270784,0.9747996504939522,1.0,False
Cpr50Ca,-0.03159417,-0.799872,0.9747956947353105,1.0,False
CG17707,-0.03159629,-0.8851111,0.974793999410368,1.0,False
lectin-46Ca,-0.03159842,-0.7643422,0.9747923040855395,1.0,False
bond,-0.03160267,-1.0189071,0.9747889134362241,1.0,False
baz,-0.03166113,-0.19678864,0.9747422920543619,1.0,False
lncRNA:CR44544,-0.031703293,-0.5534758,0.9747086682022061,1.0,False
CG34256,-0.03228648,-0.21338227,0.9742435899760961,1.0,False
snoRNA:Psi18S-176,-0.032520678,-0.45499212,0.9740568265097137,1.0,False
asRNA:CR44205,-0.03252989,-0.69391817,0.97404948032068,1.0,False
CG13101,-0.032531306,-0.6045518,0.974048350137947,1.0,False
snoRNA:Psi28S-3186,-0.032532725,-0.8127735,0.9740472199552662,1.0,False
Dhc93AB,-0.03253627,-0.9657889,0.9740443944987922,1.0,False
CG13700,-0.03253839,-1.008581,0.9740426992250641,1.0,False
a10,-0.03254052,-1.1990408,0.9740410039514533,1.0,False
snoRNA:Psi18S-1086,-0.032541227,-1.1074157,0.9740404388602758,1.0,False
CG3640,-0.032541227,-1.2381926,0.9740404388602758,1.0,False
CG11898,-0.032541934,-1.3080466,0.9740398737691113,1.0,False
CG5565,-0.032652833,-0.6248952,0.973951437162643,1.0,False
BomS1,-0.032797035,-0.49906212,0.9738364417988322,1.0,False
Targ3,-0.032857977,0.12947457,0.9737878444128524,1.0,False
CG6142,-0.033223268,-0.17449729,0.9734965446860535,1.0,False
CG10336,-0.033355422,-0.07177212,0.9733911577778643,1.0,False
asRNA:CR45835,-0.033358965,-0.17821348,0.9733883323979718,1.0,False
AstA-R2,-0.033385538,-0.19446534,0.973367142059425,1.0,False
PGRP-LC,-0.033408567,-0.63259906,0.9733487771145569,1.0,False
CG11997,-0.033463486,-0.29867613,0.9733049838415262,1.0,False
sphinx2,-0.03346703,-0.69504875,0.9733021584718348,1.0,False
ddbt,-0.033469155,-0.6620042,0.9733004632501808,1.0,False
CG3557,-0.033469863,-0.6367425,0.9732998981763229,1.0,False
CG10936,-0.03347128,-0.8530326,0.9732987680286473,1.0,False
CG3588,-0.03347624,-0.9072008,0.9732948125122052,1.0,False
Ugt36A1,-0.033479784,-1.2480322,0.97329198714372,1.0,False
Or42b,-0.03348049,-1.1456852,0.9732914220700633,1.0,False
CG4325,-0.0334812,-1.3611286,0.9732908569964198,1.0,False
Nepl13,-0.033484034,-1.5410616,0.9732885967019803,1.0,False
CG8468,-0.033581823,-0.55814785,0.9732106166753073,1.0,False
Gcst,-0.033642057,-1.1319966,0.9731625856268518,1.0,False
asRNA:CR46005,-0.03366721,0.1754069,0.9731425256295344,1.0,False
mtrm,-0.033679612,-0.3048023,0.9731326369047135,1.0,False
CG13870,-0.033693075,-0.3722019,0.9731219005795841,1.0,False
Sgsh,-0.03372638,-0.67538637,0.9730953423225617,1.0,False
lncRNA:CR45233,-0.03378165,-0.23324144,0.9730512669831392,1.0,False
Spn47C,-0.03379157,-0.94937307,0.9730433560334885,1.0,False
asRNA:CR46093,-0.033948176,-0.026104424,0.9729184763944388,1.0,False
sas,-0.034050927,-0.23862,0.9728365421501387,1.0,False
CG31460,-0.03423481,-0.054817464,0.9726899088221796,1.0,False
CG32026,-0.03434252,-0.11027299,0.9726040199794649,1.0,False
CG43092,-0.034409128,-0.3061886,0.972550904669869,1.0,False
lncRNA:CR45793,-0.034415506,-0.8222219,0.9725458191678857,1.0,False
CG3492,-0.034415506,-1.0114008,0.9725458191678857,1.0,False
CG34453,-0.034417633,-1.0239568,0.9725441240008059,1.0,False
AttA,-0.034419756,-1.3192955,0.9725424288338502,1.0,False
CG9733,-0.034420464,-1.1258304,0.9725418637782259,1.0,False
CG32170,-0.03442401,-1.5284928,0.9725390385003109,1.0,False
Vajk3,-0.03442401,-1.6567547,0.9725390385003109,1.0,False
CG3746,-0.03442472,-1.6883571,0.9725384734447693,1.0,False
CG5162,-0.034426134,-2.0130796,0.9725373433337273,1.0,False
CG7460,-0.03450798,-0.2933474,0.9724720795146635,1.0,False
h-cup,-0.034549788,-0.79794115,0.9724387413578431,1.0,False
CG31415,-0.034767687,-0.423542,0.972264988185775,1.0,False
CG13978,-0.035086915,-0.3726937,0.9720104351047274,1.0,False
mthl5,-0.03509967,-0.23940624,0.9720002643414631,1.0,False
pip,-0.035354063,-0.21700165,0.9717974150717988,1.0,False
snoRNA:Psi18S-1397,-0.035356186,-0.466167,0.971795719960222,1.0,False
CG17300,-0.035356898,-0.7313789,0.9717951549230579,1.0,False
lncRNA:CR43817,-0.03536115,-1.2662625,0.9717917647003712,1.0,False
CG31287,-0.035362564,-2.050741,0.9717906346262556,1.0,False
Cpr62Ba,-0.035363276,-1.5720203,0.971790069589219,1.0,False
asRNA:CR45999,-0.035363276,-1.7291781,0.971790069589219,1.0,False
CG6527,-0.035363983,-1.9530323,0.9717895045521966,1.0,False
Cyp4e1,-0.03536894,-1.7201178,0.9717855492934362,1.0,False
CG30323,-0.035459645,-0.56503737,0.9717132246842698,1.0,False
lectin-30A,-0.03546248,-0.42675784,0.9717109645439784,1.0,False
CG33258,-0.035464607,-0.6275811,0.971709269438909,1.0,False
CG32259,-0.035473816,-0.75647694,0.971701923985085,1.0,False
CG12674,-0.035480194,-0.8629452,0.9716968386723054,1.0,False
CG42493,-0.035541844,-0.23927982,0.9716476807081227,1.0,False
Ctf4,-0.035586488,-0.008104222,0.9716120836288744,1.0,False
Mitf,-0.03561731,-0.22813345,0.9715875047262034,1.0,False
CG42830,-0.03575903,-0.05569326,0.9714744986247505,1.0,False
CG42331,-0.035777457,-0.5307776,0.971459807873578,1.0,False
Ndc1,-0.035986144,-0.17649417,0.9712934075423401,1.0,False
Tsp42El,-0.036285885,-0.51248235,0.9710544034823868,1.0,False
CG13042,-0.036298286,0.4514703,0.9710445156634152,1.0,False
CG6927,-0.036298994,-1.0079925,0.9710439506453227,1.0,False
Sr-CII,-0.036298994,-0.76692384,0.9710439506453227,1.0,False
CG2887,-0.036300413,-1.2816275,0.9710428206091811,1.0,False
CG7634,-0.03630112,-0.99763405,0.9710422555911322,1.0,False
TwdlM,-0.03630112,-1.1604463,0.9710422555911322,1.0,False
asRNA:CR45026,-0.03630254,-1.5130352,0.9710411255550779,1.0,False
lncRNA:CR45043,-0.036304664,-2.0281212,0.9710394305011056,1.0,False
CG33110,-0.036304664,-1.8406787,0.9710394305011056,1.0,False
CG33673,-0.036306083,-2.8568711,0.9710383004651967,1.0,False
grnd,-0.036306083,-2.0772846,0.9710383004651967,1.0,False
Pgm2b,-0.036308207,-2.1383948,0.9710366054114423,1.0,False
Gli,-0.03639643,-0.35412773,0.9709662607961065,1.0,False
Hsc70-1,-0.03639785,-0.6595753,0.9709651307639671,1.0,False
CG15144,-0.036415562,-0.7760866,0.9709510053671441,1.0,False
asRNA:CR44911,-0.036424775,-1.0923134,0.970943660164397,1.0,False
lncRNA:CR44221,-0.036435403,-1.4856684,0.9709351849335208,1.0,False
Ipk1,-0.036503784,-0.45649236,0.9708806610267394,1.0,False
Gld,-0.03652221,-0.50142,0.9708659706709744,1.0,False
mRpL48,-0.0366572,-0.1110244,0.970758335866173,1.0,False
Oseg2,-0.03667952,-0.5358836,0.9707405380363282,1.0,False
CG7102,-0.036819827,-0.09310061,0.970628666297037,1.0,False
gskt,-0.03724393,-1.6199155,0.9702905120623451,1.0,False
CG33272,-0.03724393,-1.8003739,0.9702905120623451,1.0,False
CG15239,-0.037244637,-1.9858572,0.9702899470638994,1.0,False
CG30440,-0.037244637,-2.368828,0.9702899470638994,1.0,False
Gr33a,-0.037244637,-1.6516755,0.9702899470638994,1.0,False
Su(Ste):CR42439,-0.037244637,-1.6503811,0.9702899470638994,1.0,False
CG11816,-0.037245348,-1.7958682,0.9702893820654686,1.0,False
CG10317,-0.037246056,-2.667197,0.9702888170670527,1.0,False
CG43077,-0.037246056,-3.2793415,0.9702888170670527,1.0,False
CG7882,-0.037246056,-2.5489488,0.9702888170670527,1.0,False
snoRNA:Psi28S-2562,-0.037246056,-2.5563104,0.9702888170670527,1.0,False
CG14000,-0.037246764,-2.4013104,0.9702882520686518,1.0,False
lncRNA:CR43836,-0.037246764,-2.6175935,0.9702882520686518,1.0,False
CG8192,-0.037246764,-2.8384893,0.9702882520686518,1.0,False
CG30355,-0.037246764,-2.5381422,0.9702882520686518,1.0,False
CG42749,-0.037246764,-2.4174893,0.9702882520686518,1.0,False
IFT20,-0.03724747,-3.7350512,0.9702876870702657,1.0,False
CG13566,-0.03724747,-3.5686836,0.9702876870702657,1.0,False
CG18302,-0.037248183,-2.8665807,0.9702871220718945,1.0,False
Or98a,-0.037248183,-3.5385752,0.9702871220718945,1.0,False
Pop4,-0.03728255,-0.20977241,0.9702597196688009,1.0,False
dila,-0.03732967,-0.39453018,0.9702221473587544,1.0,False
CG10035,-0.037331797,-0.49039698,0.9702204523688812,1.0,False
CG1394,-0.037337467,-0.5049988,0.9702159323965436,1.0,False
Acp53C14a,-0.037338175,-0.54126227,0.9702153674000686,1.0,False
snoRNA:Psi28S-2442a,-0.037348803,-0.75107867,0.9702068924547387,1.0,False
CG5612,-0.0373566,-0.97688615,0.9702006774969681,1.0,False
Tsp74F,-0.037360143,-0.8520165,0.9701978525167616,1.0,False
Blos2,-0.03736829,-0.14873426,0.9701913550637058,1.0,False
lncRNA:CR45231,-0.03743667,-0.3881853,0.9701368330356314,1.0,False
CG31431,-0.03745297,-0.5184287,0.9701238381686991,1.0,False
lncRNA:CR44776,-0.037609573,-0.5212888,0.9699989748520979,1.0,False
btz,-0.037749525,-0.13927068,0.9698873894786736,1.0,False
CG13982,-0.037985846,-0.1418086,0.9696989669089572,1.0,False
Pbp95,-0.038161937,-0.1947413,0.969558569181793,1.0,False
Obp83g,-0.038188864,-18.587303,0.9695370999947016,1.0,False
lncRNA:CR42657,-0.038188864,-17.57732,0.9695370999947016,1.0,False
CG5614,-0.038188864,-18.399212,0.9695370999947016,1.0,False
Cyp4d21,-0.038188864,-18.468079,0.9695370999947016,1.0,False
CG13049,-0.038188864,-18.754444,0.9695370999947016,1.0,False
CG17625,-0.038188864,-17.462051,0.9695370999947016,1.0,False
fig,-0.038188864,-18.19809,0.9695370999947016,1.0,False
lncRNA:CR44395,-0.038188864,-18.227362,0.9695370999947016,1.0,False
lncRNA:CR45123,-0.038188864,-17.929312,0.9695370999947016,1.0,False
lncRNA:CR44826,-0.038188864,-18.46615,0.9695370999947016,1.0,False
dj,-0.038188864,-18.841938,0.9695370999947016,1.0,False
CG17744,-0.038188864,-18.768772,0.9695370999947016,1.0,False
Xport-B,-0.038188864,-17.28374,0.9695370999947016,1.0,False
Sfp24Ba,-0.038188864,-18.447084,0.9695370999947016,1.0,False
moon,-0.038188864,-18.367607,0.9695370999947016,1.0,False
CG12521,-0.038188864,-18.49914,0.9695370999947016,1.0,False
lncRNA:CR43458,-0.038188864,-18.229198,0.9695370999947016,1.0,False
snoRNA:Psi28S-3091b,-0.038188864,-18.266077,0.9695370999947016,1.0,False
CG15375,-0.038188864,-18.467098,0.9695370999947016,1.0,False
lncRNA:CR45888,-0.038188864,-18.214985,0.9695370999947016,1.0,False
CG13891,-0.038283464,-0.6396651,0.969461675525703,1.0,False
CG1299,-0.0382863,-0.7100215,0.969459415620731,1.0,False
asRNA:CR43466,-0.0382863,-0.7694983,0.969459415620731,1.0,False
CG32192,-0.038307555,-1.2393068,0.9694424663412595,1.0,False
CG13737,-0.03840393,-0.14680691,0.9693656297808856,1.0,False
lncRNA:CR44440,-0.038613323,-0.34126896,0.9691986807356583,1.0,False
sud1,-0.038826615,-0.28405496,0.9690286257356113,1.0,False
CG34166,-0.03883689,-0.50181437,0.9690204337528294,1.0,False
lncRNA:CR43399,-0.039217412,-0.2496249,0.9687170502173478,1.0,False
CG6138,-0.039218124,-0.42503005,0.9687164852615286,1.0,False
CG34328,-0.039220955,-0.6690073,0.9687142254384091,1.0,False
lncRNA:CR43765,-0.039226625,-0.671661,0.9687097057929239,1.0,False
CG7370,-0.039233003,-0.9401875,0.9687046211929543,1.0,False
Nek2,-0.039234422,-0.9117399,0.9687034912820227,1.0,False
Cyp4g1,-0.039237965,-0.84984344,0.9687006665049686,1.0,False
lncRNA:CR46125,-0.039244343,-1.475822,0.9686955819072609,1.0,False
serp,-0.039251428,-1.4335355,0.9686899323557449,1.0,False
CG12713,-0.039865084,-0.20932737,0.9682006871854318,1.0,False
CG14220,-0.040030193,-0.15309918,0.9680690562826284,1.0,False
asRNA:CR42871,-0.040159866,-0.5806201,0.9679656729644693,1.0,False
Fum2,-0.040161993,-0.49244472,0.9679639781604557,1.0,False
lncRNA:CR44632,-0.0401627,-0.535675,0.9679634132258166,1.0,False
CG18063,-0.040169787,-0.91810477,0.96795776388031,1.0,False
lncRNA:CR44822,-0.040171206,-0.9185675,0.9679566340114016,1.0,False
lncRNA:CR43684,-0.04017404,-1.0171967,0.967954374273778,1.0,False
asRNA:CR44053,-0.040176164,-1.21048,0.9679526794707289,1.0,False
asRNA:CR42860,-0.040255174,-0.36184287,0.9678896893934749,1.0,False
lncRNA:CR44702,-0.04026793,-0.49333525,0.9678795206105372,1.0,False
CG32817,-0.04048831,-0.3110513,0.9677038274647752,1.0,False
eIF4E3,-0.041105155,-0.4032343,0.9672120644976718,1.0,False
Atx-1,-0.041110825,-1.0332724,0.9672075451942227,1.0,False
obst-B,-0.04111366,-1.0311688,0.9672052855428932,1.0,False
ppk27,-0.041116495,-1.2816792,0.9672030258918269,1.0,False
CG11052,-0.041121453,-1.8896201,0.9671990715030947,1.0,False
CG31797,-0.04112216,-1.5821632,0.9671985065904845,1.0,False
CG32447,-0.041125704,-1.7750309,0.9671956820276804,1.0,False
CG30414,-0.041296482,-0.28048155,0.9670595385891917,1.0,False
Sec71,-0.04159941,-0.11297349,0.9668180417009345,1.0,False
lncRNA:CR43301,-0.041894548,0.020143852,0.9665827616943324,1.0,False
amd,-0.041956905,-0.3300945,0.9665330510441017,1.0,False
snoRNA:Psi28S-2442b,-0.042054694,-1.0787922,0.9664550959682136,1.0,False
CG30334,-0.04205895,-1.5637283,0.9664517066243549,1.0,False
Apc2,-0.042059656,-1.3957067,0.9664511417337708,1.0,False
asRNA:CR46135,-0.04231263,-0.80720586,0.9662494768732326,1.0,False
lncRNA:CR45684,-0.04247632,-0.5932747,0.9661189889952817,1.0,False
Obp57a,-0.04299148,-0.91057336,0.9657083252905402,1.0,False
CG43255,-0.042995732,-0.9793907,0.9657049360817,1.0,False
CG4194,-0.04299786,-1.2864096,0.9657032414775123,1.0,False
CG7251,-0.042998567,-1.4829154,0.9657026766094842,1.0,False
lncRNA:CR45953,-0.042999275,-1.5390909,0.9657021117414732,1.0,False
CG30284,-0.042999983,-1.5839335,0.9657015468734795,1.0,False
CG11060,-0.043001402,-1.8583082,0.9657004171375436,1.0,False
CG34431,-0.043002818,-1.8956444,0.9656992874016767,1.0,False
lncRNA:CR43704,-0.043003526,-2.082937,0.965698722533769,1.0,False
CG31909,-0.043080058,-0.32220095,0.9656377169011159,1.0,False
l(3)mbn,-0.043085016,-0.41442513,0.9656337628392696,1.0,False
flr,-0.043093167,-0.119966075,0.9656272668823566,1.0,False
CG15143,-0.043106277,-0.80619514,0.9656168168695007,1.0,False
lncRNA:CR45156,-0.043121863,-1.0487555,0.9656043898348725,1.0,False
IntS2,-0.04329087,-0.16507639,0.9654696700190208,1.0,False
CG17068,-0.04330894,-0.11760274,0.9654552660718105,1.0,False
JMJD7,-0.043363854,-0.1280442,0.965411489438713,1.0,False
UQCR-11L,-0.043765992,-0.38378912,0.9650909346976152,1.0,False
cv,-0.043778393,-0.35596234,0.9650810498390551,1.0,False
CG15198,-0.04393606,-1.2981012,0.9649553713914477,1.0,False
Sb,-0.043940313,-1.5187762,0.9649519823217555,1.0,False
Mp20,-0.04394102,-1.9558637,0.9649514174768683,1.0,False
Nox,-0.04394102,-1.8205351,0.9649514174768683,1.0,False
snoRNA:SC35-b,-0.04394102,-1.7183516,0.9649514174768683,1.0,False
Tsp42Ei,-0.04394173,-2.1323078,0.9649508526319988,1.0,False
pav,-0.043943144,-2.1594348,0.9649497229423124,1.0,False
asRNA:CR45970,-0.043943856,-2.789115,0.9649491580974956,1.0,False
Mayo,-0.043944564,-3.125221,0.9649485932526963,1.0,False
fw,-0.043944564,-2.134186,0.9649485932526963,1.0,False
ProtA,-0.04394527,-2.4119225,0.9649480284079147,1.0,False
comm3,-0.0440342,-0.6289852,0.9648771405275359,1.0,False
Hsp70Aa,-0.044053335,-0.99286735,0.9648618897847564,1.0,False
CG15657,-0.044059005,-0.9892182,0.9648573710486233,1.0,False
lncRNA:CR43146,-0.044134118,-0.399777,0.9647974979014656,1.0,False
CycE,-0.044458307,-0.04097266,0.9645390854202457,1.0,False
fdl,-0.044746358,-0.122192256,0.9643094827002506,1.0,False
eEFSec,-0.044813674,-0.11268213,0.9642558244339238,1.0,False
Ccdc114,-0.044882055,-1.8207425,0.9642013190975428,1.0,False
Eglp2,-0.044882055,-1.9719082,0.9642013190975428,1.0,False
CG33189,-0.044882767,-1.9941131,0.9642007542762794,1.0,False
asRNA:CR31429,-0.044883475,-2.3252268,0.9642001894550339,1.0,False
asRNA:CR43903,-0.044883475,-2.4971268,0.9642001894550339,1.0,False
CG17127,-0.044884183,-2.6330123,0.9641996246338065,1.0,False
CG11069,-0.04488489,-3.0511267,0.964199059812597,1.0,False
CG45062,-0.044885598,-3.462134,0.9641984949914055,1.0,False
CG31468,-0.044885598,-3.2703347,0.9641984949914055,1.0,False
Npc1b,-0.04488631,-5.048458,0.9641979301702319,1.0,False
CG3679,-0.04488631,-3.6990504,0.9641979301702319,1.0,False
GC2,-0.045001812,-1.3189237,0.9641058645592698,1.0,False
CG13693,-0.04500252,-1.4274464,0.9641052997410464,1.0,False
snoRNA:Psi18S-531,-0.045014568,-1.4076806,0.9640956978340034,1.0,False
Cad96Ca,-0.04509535,-0.65276176,0.9640313087096063,1.0,False
mt:tRNA:Leu-TAG,-0.045108102,-0.6455846,0.9640211420271853,1.0,False
CG34425,-0.045381982,-0.19162744,0.9638028421769579,1.0,False
Nepl21,-0.04544682,-0.5955696,0.9637511622726572,1.0,False
CG4733,-0.045464534,-0.49750578,0.9637370421067041,1.0,False
Lamtor4,-0.045621492,-0.1475887,0.9636119379336198,1.0,False
Tssk,-0.045826636,-18.860224,0.9634484284128353,1.0,False
Fbp1,-0.045826636,-18.238907,0.9634484284128353,1.0,False
CG31948,-0.045826636,-19.1623,0.9634484284128353,1.0,False
S-Lap8,-0.045826636,-18.887087,0.9634484284128353,1.0,False
lncRNA:CR43608,-0.045826636,-18.131992,0.9634484284128353,1.0,False
CG5391,-0.045826636,-18.049145,0.9634484284128353,1.0,False
Cyp6a21,-0.045826636,-18.957535,0.9634484284128353,1.0,False
CG42688,-0.045826636,-18.895779,0.9634484284128353,1.0,False
CG12523,-0.045826636,-18.934032,0.9634484284128353,1.0,False
Spn100A,-0.045826636,-17.923414,0.9634484284128353,1.0,False
nmdyn-D7,-0.045911316,-0.5115262,0.9633809352933503,1.0,False
knon,-0.04592478,-0.90986854,0.9633702041939143,1.0,False
asRNA:CR45612,-0.04593895,-1.219126,0.9633589083069392,1.0,False
CG42393,-0.045941077,-1.3580658,0.9633572139245272,1.0,False
lncRNA:CR44365,-0.045946036,-1.522608,0.9633532603662094,1.0,False
IFT57,-0.046024337,-0.46623674,0.9632908507436317,1.0,False
Nsun5,-0.046024695,-0.06995325,0.9632905683476604,1.0,False
soti,-0.04613382,-0.48348308,0.9632035906077769,1.0,False
CG14153,-0.046174917,-0.45534834,0.9631708328711489,1.0,False
CG17597,-0.046270937,-0.42737558,0.9630943042632837,1.0,False
lncRNA:CR44738,-0.04651718,-0.3622638,0.962898042415103,1.0,False
lncRNA:CR45810,-0.046844203,-0.3377376,0.9626373988623668,1.0,False
cDIP,-0.046868294,-1.03646,0.9626181966780307,1.0,False
CG13622,-0.046869714,-1.1737164,0.9626170671384507,1.0,False
BBS8,-0.04687255,-0.989642,0.9626148080595159,1.0,False
CycH,-0.04688672,-0.16970915,0.9626035126693445,1.0,False
lncRNA:CR46238,-0.047009308,-0.8804605,0.9625058078578611,1.0,False
bowl,-0.047118437,-0.6485721,0.9624188341062605,1.0,False
lncRNA:CR44082,-0.04716662,-0.9962852,0.9623804302543163,1.0,False
CG18563,-0.04725945,-0.5453935,0.9623064466091868,1.0,False
feo,-0.04772997,-0.31247982,0.9619314505428578,1.0,False
lncRNA:CR45128,-0.047755122,-0.28444245,0.9619114020438068,1.0,False
CG9083,-0.04779339,-0.49219912,0.9618809057815769,1.0,False
snoRNA:lola-b,-0.047794096,-0.25903368,0.9618803410365059,1.0,False
CG9616,-0.047804724,-0.9593079,0.961871869862736,1.0,False
CG44014,-0.047819607,-1.4434841,0.9618600102266897,1.0,False
TfIIA-S-2,-0.047820315,-1.5815016,0.9618594454823266,1.0,False
asRNA:CR43865,-0.047821023,-1.5535265,0.9618588807379825,1.0,False
Or67d,-0.04785114,-0.05682624,0.9618348791210557,1.0,False
twy,-0.047909956,-0.6098818,0.9617880054748114,1.0,False
CG9649,-0.047924127,-0.76836836,0.9617767106400364,1.0,False
CG15601,-0.0479383,-0.10276524,0.9617654158129328,1.0,False
CG12945,-0.048194107,-0.1894408,0.9615615455052227,1.0,False
Mvb12,-0.048200842,-0.09685464,0.961556180531008,1.0,False
B-H2,-0.04828375,-0.3786847,0.9614901067808658,1.0,False
CG7006,-0.0483291,-0.1498454,0.9614539639866889,1.0,False
lncRNA:CR44915,-0.048740447,-0.48991168,0.9611261411758684,1.0,False
l(2)34Fd,-0.048814144,-0.09658514,0.961067410477764,1.0,False
CG43232,-0.048843198,-0.5130758,0.9610442570875192,1.0,False
CG4438,-0.04900618,-0.4350269,0.9609143728250997,1.0,False
Ku80,-0.049088024,-0.094844736,0.9608491487278611,1.0,False
ATPsynCF6L,-0.049210258,-0.34503257,0.9607517366031691,1.0,False
Cpr49Ae,-0.049247105,-0.32873598,0.9607223719036443,1.0,False
Cyp6g1,-0.04931159,-0.5127989,0.9606709838077205,1.0,False
Gnf1,-0.049337808,-0.15697223,0.9606500897934547,1.0,False
Vm32E,-0.049437366,-0.11074315,0.9605707492558546,1.0,False
CG6511,-0.049487326,-0.100985534,0.9605309379588091,1.0,False
CG7992,-0.04968113,-0.30460218,0.9603764936466899,1.0,False
asRNA:CR46050,-0.04969105,-1.3076742,0.960368587944895,1.0,False
CG30076,-0.049692467,-1.1694307,0.9603674585592424,1.0,False
lncRNA:CR44830,-0.049693886,-1.4189498,0.9603663291736694,1.0,False
CG32591,-0.0496953,-1.4583648,0.9603651997881758,1.0,False
mwh,-0.0497031,-1.6436033,0.9603589881693835,1.0,False
CG46298,-0.049703807,-2.2869172,0.9603584234768853,1.0,False
dachs,-0.04970593,-2.404126,0.9603567293995101,1.0,False
lncRNA:CR44051,-0.049757306,-0.14091368,0.9603157892507307,1.0,False
lncRNA:CR44979,-0.049794864,-0.74064195,0.9602858606564539,1.0,False
qin,-0.049915683,-0.6872323,0.9601895813132098,1.0,False
lncRNA:CR44300,-0.049919225,-0.6480446,0.9601867578808154,1.0,False
CG12942,-0.049930207,-0.1527117,0.9601780052435666,1.0,False
asRNA:CR45136,-0.04995253,-0.7955465,0.9601602176407226,1.0,False
lncRNA:CR44986,-0.049986895,-0.4220048,0.960132830417981,1.0,False
MP1,-0.050114445,-0.17848714,0.9600311875286777,1.0,False
asRNA:CR46029,-0.05035927,-0.27125496,0.9598360914712969,1.0,False
CG14113,-0.05062819,-0.76308894,0.9596217991532915,1.0,False
lncRNA:CR45406,-0.05063173,-1.3496568,0.959618975822032,1.0,False
mir-4978,-0.050635274,-1.5708789,0.9596161524912791,1.0,False
ND-51L2,-0.0506374,-1.57985,0.9596144584930704,1.0,False
lncRNA:CR45431,-0.05063882,-1.9630551,0.9596133291610326,1.0,False
snoRNA:Psi18S-640f,-0.050640237,-1.9736528,0.9596121998290759,1.0,False
TpnC25D,-0.050641652,-2.22256,0.9596110704972002,1.0,False
CG30350,-0.050642364,-2.4679096,0.9596105058312927,1.0,False
Cpr65Au,-0.050644487,-2.026649,0.9596088118336918,1.0,False
asRNA:CR43683,-0.050733775,-0.61498636,0.959537664099241,1.0,False
CG7724,-0.050738025,-0.7197085,0.9595342761199206,1.0,False
Acp53C14c,-0.05074936,-1.0329404,0.9595252415119725,1.0,False
CG13305,-0.05075149,-0.89843976,0.959523547523561,1.0,False
CG43788,-0.05075716,-1.046431,0.9595190302220236,1.0,False
GstT4,-0.050957695,-0.38038653,0.9593592315174735,1.0,False
CG11674,-0.05157596,-1.6922423,0.9588665762060888,1.0,False
Cyp6a8,-0.051576667,-1.803052,0.9588660115671445,1.0,False
CG33458,-0.051578086,-1.8562108,0.9588648822893174,1.0,False
CG9806,-0.051578086,-1.667868,0.9588648822893174,1.0,False
CG31068,-0.0515795,-2.2783728,0.958863753011573,1.0,False
ODA-Dnal1,-0.05158021,-2.3290255,0.9588631883727318,1.0,False
CG13082,-0.051580917,-2.4059978,0.9588626237339112,1.0,False
CG12347,-0.05158163,-2.859162,0.9588620590951111,1.0,False
lncRNA:CR44055,-0.051583044,-2.8699546,0.9588609298175731,1.0,False
CG9095,-0.051583752,-2.847099,0.9588603651788351,1.0,False
COX7CL,-0.051678352,-0.79115015,0.9587849860927113,1.0,False
asRNA:CR45208,-0.05177933,-0.45538923,0.9587045256770725,1.0,False
CG34028,-0.051801298,-0.6353952,0.958687022063391,1.0,False
lncRNA:CR43685,-0.052011754,-0.10222787,0.9585193271624092,1.0,False
CG31262,-0.052096434,-0.21674809,0.9584518544789665,1.0,False
CG42359,-0.05238732,-0.12185463,0.9582200782008209,1.0,False
CG11837,-0.052410703,-0.04808839,0.9582014459125778,1.0,False
nullo,-0.0525216,-2.9464037,0.9581130840082328,1.0,False
snoRNA:Psi28S-1135b,-0.05252231,-3.0327668,0.9581125193970791,1.0,False
f,-0.052523017,-3.9529548,0.9581119547859465,1.0,False
CG9673,-0.05252373,-3.5908158,0.9581113901748348,1.0,False
sisRNA:3,-0.052760404,-0.6909989,0.9579228112409436,1.0,False
CG43750,-0.052902125,-0.24974333,0.9578098908501711,1.0,False
mof,-0.053050935,-0.13404591,0.9576913253510623,1.0,False
CG43980,-0.05346441,-18.62001,0.9573618875645354,1.0,False
Vha36-2,-0.05346441,-18.862123,0.9573618875645354,1.0,False
pwn,-0.05346441,-18.839842,0.9573618875645354,1.0,False
CG12783,-0.05346441,-18.790783,0.9573618875645354,1.0,False
lncRNA:CR44166,-0.05346441,-18.52623,0.9573618875645354,1.0,False
CG3330,-0.05346441,-18.658876,0.9573618875645354,1.0,False
CG12861,-0.05346441,-19.191826,0.9573618875645354,1.0,False
CG5024,-0.05346441,-18.668077,0.9573618875645354,1.0,False
CG12592,-0.053566802,-1.0653834,0.957280305550896,1.0,False
ft,-0.053580977,-1.6083809,0.9572690139579444,1.0,False
CG10462,-0.053857334,-0.39749172,0.9570488296119826,1.0,False
Grx1,-0.05421518,-0.11548834,0.9567637239843579,1.0,False
cN-IIIB,-0.054463197,-0.060282204,0.9565661292676496,1.0,False
lncRNA:CR44444,-0.054497212,-0.77310604,0.9565390307714905,1.0,False
robl62A,-0.054500755,-0.8151094,0.956536208014362,1.0,False
lncRNA:CR42874,-0.054501463,-0.9527864,0.9565356434630017,1.0,False
Pen,-0.054510675,-1.2881844,0.9565283042973023,1.0,False
CG15071,-0.054620508,-0.82328343,0.9564407991442165,1.0,False
nompC,-0.054623343,-0.6970005,0.9564385409536615,1.0,False
CG43293,-0.054658066,-0.24627014,0.956410878147743,1.0,False
CG18324,-0.05482636,-0.12693016,0.956276798965611,1.0,False
Targ1,-0.05503611,-0.14024562,0.9561096956960835,1.0,False
Nazo,-0.055433996,-0.5984782,0.9557927128745713,1.0,False
lncRNA:CR44222,-0.055438954,-0.69909406,0.9557887612182331,1.0,False
CG43330,-0.055445332,-1.016446,0.9557836805188236,1.0,False
Obp57c,-0.055446044,-1.1175568,0.9557831159967778,1.0,False
trsn,-0.055548437,-0.1041194,0.9557015427944768,1.0,False
CG45067,-0.05555623,-0.83110756,0.9556953330887277,1.0,False
CG4582,-0.05558812,-1.0875137,0.955669929775033,1.0,False
inaF-D,-0.055675633,-0.57350606,0.9556002120233386,1.0,False
Efhc1.2,-0.055717796,-0.283897,0.9555666234301781,1.0,False
CG4375,-0.055786178,-0.19251792,0.9555121479804896,1.0,False
CG17261,-0.055825505,-0.61839473,0.9554808176346239,1.0,False
ND-51L1,-0.055980336,-0.2825899,0.9553574727076727,1.0,False
Sas10,-0.05610009,-0.14577515,0.9552620716437031,1.0,False
Osbp,-0.056177683,-0.1365539,0.955200258870379,1.0,False
CG3222,-0.05639629,-1.8021502,0.9550261120047697,1.0,False
CG33284,-0.056497622,-0.71842736,0.9549453898742277,1.0,False
grk,-0.056506835,-0.83122945,0.9549380515216271,1.0,False
asRNA:CR46066,-0.05658549,-0.4685251,0.9548753934358082,1.0,False
nesd,-0.056654226,-0.27593678,0.9548206383999452,1.0,False
CG44437,-0.05695149,-0.26625317,0.9545838394403247,1.0,False
asf1,-0.057124745,-0.12282679,0.954445826161503,1.0,False
CG42878,-0.05733166,-1.4370693,0.954281002277112,1.0,False
Cc2d2a,-0.057332367,-1.5538603,0.95428043781511,1.0,False
lncRNA:CR43419,-0.057333075,-1.6145115,0.9542798733531308,1.0,False
asRNA:CR46020,-0.057333075,-1.4878064,0.9542798733531308,1.0,False
GNBP-like3,-0.057333782,-1.4510604,0.9542793088911747,1.0,False
CG43742,-0.057334494,-1.5797435,0.9542787444292414,1.0,False
asRNA:CR43430,-0.05733591,-1.7451118,0.9542776155054439,1.0,False
Jhbp5,-0.057338037,-1.9384636,0.9542759221199194,1.0,False
sing,-0.05734016,-2.0041268,0.9542742287346013,1.0,False
CG17211,-0.057342287,-2.088451,0.9542725353494897,1.0,False
CG4793,-0.057342287,-2.3609738,0.9542725353494897,1.0,False
CG4984,-0.057391535,-0.18008524,0.9542333053188706,1.0,False
lncRNA:CR44851,-0.0574298,-0.7475755,0.9542028245083116,1.0,False
CG16772,-0.057439722,-0.84755546,0.9541949220868768,1.0,False
CG8478,-0.057452478,-0.9243877,0.9541847618373632,1.0,False
lncRNA:CR44208,-0.0574546,-1.1905544,0.9541830684631681,1.0,False
Kal1,-0.057456728,-1.074133,0.9541813750891799,1.0,False
Vajk2,-0.05747161,-1.1029246,0.9541695214770537,1.0,False
Or13a,-0.05750527,-0.33900607,0.9541427097727417,1.0,False
Kif19A,-0.05767888,-0.20837575,0.9540044186490056,1.0,False
CG8757,-0.05773096,-0.39450744,0.9539629315817295,1.0,False
dsf,-0.057797216,-0.033658918,0.9539101556968467,1.0,False
lncRNA:CR45941,-0.057949215,-0.22973831,0.9537890823720103,1.0,False
CG30357,-0.058043104,-0.38102758,0.953714294021025,1.0,False
CG13005,-0.05814479,-0.3223868,0.9536332972855618,1.0,False
CG10431,-0.058205023,-0.18683638,0.9535853203509734,1.0,False
SmydA-3,-0.058206793,-0.1823503,0.9535839092672074,1.0,False
ppk25,-0.05826915,-1.2411934,0.9535342392113787,1.0,False
lncRNA:CR45761,-0.058271986,-1.547153,0.953531981485855,1.0,False
CG42449,-0.058273405,-1.8825963,0.9535308526232331,1.0,False
CG5002,-0.05827482,-1.7032031,0.9535297237607043,1.0,False
Dmel_CG12688,-0.05827907,-2.385105,0.9535263371736774,1.0,False
CG4669,-0.05828474,-2.9999478,0.9535218217256136,1.0,False
Acsx2,-0.05828545,-2.7048278,0.9535212572947105,1.0,False
CG2157,-0.058364816,-0.6248105,0.9534580411811504,1.0,False
nvd,-0.058373317,-0.96832514,0.9534512680434867,1.0,False
CG15553,-0.058373317,-0.8310451,0.9534512680434867,1.0,False
lncRNA:CR44608,-0.058377568,-0.8398433,0.9534478814759156,1.0,False
lncRNA:CR45582,-0.058388907,-0.9798213,0.9534388506331688,1.0,False
asRNA:CR45832,-0.059211604,-1.5614347,0.952783566136066,1.0,False
CG43844,-0.05921586,-1.9730768,0.9527801797354037,1.0,False
CG12539,-0.059216566,-2.1964364,0.9527796153353763,1.0,False
CG34456,-0.059217274,-2.4456894,0.9527790509353724,1.0,False
CG32006,-0.05921869,-2.5246327,0.9527779221354359,1.0,False
CG13138,-0.05921869,-2.561947,0.9527779221354359,1.0,False
Ktch,-0.0592194,-2.2604709,0.9527773577355032,1.0,False
CG7296,-0.0592194,-2.5182447,0.9527773577355032,1.0,False
CG1632,-0.059221525,-2.898014,0.9527756645358471,1.0,False
CG13024,-0.059311874,-0.78872895,0.9527037037476042,1.0,False
CG14490,-0.05931577,-0.8138816,0.9527005995654106,1.0,False
lncRNA:CR44973,-0.059317544,-0.9305484,0.9526991885737417,1.0,False
CG42789,-0.059318252,-0.8390646,0.9526986241771156,1.0,False
CG10185,-0.059319668,-0.8982975,0.9526974953839347,1.0,False
lncRNA:CR44716,-0.059322856,-0.18363783,0.9526949555996245,1.0,False
lncRNA:CR43887,-0.059326045,-1.2447151,0.9526924158157947,1.0,False
Dlish,-0.05934022,-1.2795311,0.9526811278934758,1.0,False
alpha-PheRS,-0.0594621,-0.14119321,0.9525840521536394,1.0,False
TAF1C-like,-0.059463516,-0.1991801,0.952582923370102,1.0,False
alpha-Est3,-0.059471667,-0.8464389,0.952576432866608,1.0,False
CG31886,-0.05977814,-0.10062254,0.9523323357835716,1.0,False
CG11035,-0.05990817,-0.12312201,0.9522287722438515,1.0,False
Targ,-0.060156893,-2.8693366,0.9520306774767406,1.0,False
CG34292,-0.060158312,-2.8598735,0.9520295487401097,1.0,False
CG7695,-0.060159728,-3.379176,0.952028420003575,1.0,False
CG4962,-0.060162563,-4.0265284,0.9520261625307943,1.0,False
lncRNA:CR45954,-0.06027523,-1.374114,0.9519364282997343,1.0,False
odd,-0.060498446,-0.4162414,0.9517586547369673,1.0,False
Acsf3,-0.06110218,-19.058792,0.9512778316296612,1.0,False
CG14205,-0.06110218,-18.924782,0.9512778316296612,1.0,False
CG31740,-0.06110218,-19.158451,0.9512778316296612,1.0,False
lncRNA:CR9284,-0.06110218,-19.077934,0.9512778316296612,1.0,False
S-Lap7,-0.06110218,-19.264837,0.9512778316296612,1.0,False
nxf2,-0.06120245,-1.0159986,0.9511979783310971,1.0,False
byn,-0.061219458,-1.1788024,0.95118443435731,1.0,False
CG14820,-0.061272956,-0.5262103,0.9511418273650776,1.0,False
CG32295,-0.061491918,-0.31879175,0.9509674505358695,1.0,False
Sptz,-0.06155711,-0.19526859,0.9509155329687284,1.0,False
CG4592,-0.06199007,-0.59307986,0.950570737901462,1.0,False
CG43272,-0.06213321,-0.954675,0.950456748765832,1.0,False
Or71a,-0.062264305,-0.8399125,0.9503523536646183,1.0,False
spag4,-0.0623543,-0.52274853,0.9502806883315391,1.0,False
CG43245,-0.062357843,-0.53868574,0.9502778668699571,1.0,False
Ret,-0.06237272,-0.28567848,0.9502660167381198,1.0,False
lncRNA:CR45120,-0.063085236,-1.2737856,0.9496986340588796,1.0,False
asRNA:CR44368,-0.063102946,-1.859744,0.9496845274040141,1.0,False
CG14947,-0.06328223,-0.5300336,0.9495417689448442,1.0,False
lncRNA:CR46258,-0.0633173,-0.589709,0.9495138381312589,1.0,False
lncRNA:CR45439,-0.064026624,-1.3303688,0.9489490283700901,1.0,False
CG43163,-0.06402733,-1.5005008,0.9489484641373526,1.0,False
lncRNA:CR43940,-0.064029455,-1.5193107,0.9489467714392935,1.0,False
asRNA:CR43864,-0.064032294,-1.50916,0.9489445145089065,1.0,False
CG4570,-0.06403583,-1.957794,0.9489416933464988,1.0,False
Notum,-0.06413929,-0.78057605,0.948859315686561,1.0,False
S-Lap4,-0.06445604,-0.3611311,0.9486071080343275,1.0,False
Npc2b,-0.06452336,-0.3993575,0.9485535075180435,1.0,False
CG15406,-0.06496801,-1.4121011,0.9481994678617256,1.0,False
lncRNA:CR45013,-0.06497651,-2.171133,0.9481926974816826,1.0,False
CG13856,-0.06497723,-1.9422936,0.9481921332835146,1.0,False
lncRNA:CR46041,-0.06506545,-0.8499741,0.9481218908146286,1.0,False
CG4975,-0.06508529,-0.95339835,0.9481060933671042,1.0,False
CG8476,-0.065148,-0.41628313,0.948056162283205,1.0,False
lncRNA:CR43849,-0.06518874,-0.12013001,0.9480237212928112,1.0,False
Ns1,-0.06526421,-0.12163711,0.9479636351643298,1.0,False
CG43094,-0.06591082,-1.7961608,0.9474488248678736,1.0,False
Vajk1,-0.06592074,-2.8679368,0.9474409265788718,1.0,False
Tdh,-0.06595121,-0.31891015,0.9474166675806652,1.0,False
CG14445,-0.066326775,-0.40848017,0.9471176653341143,1.0,False
Glug,-0.06644901,-0.4977099,0.9470203501697095,1.0,False
CG12096,-0.06645681,-0.12397876,0.9470141445918169,1.0,False
Fbxl7,-0.06648055,-0.5705803,0.9469952458062201,1.0,False
CG34043,-0.066856466,-2.9926338,0.9466959720051709,1.0,False
asRNA:CR44962,-0.066860005,-3.6366944,0.9466931513641539,1.0,False
CG9815,-0.06686071,-2.971057,0.9466925872360307,1.0,False
CG12860,-0.06686142,-3.1239274,0.9466920231079341,1.0,False
lncRNA:CR45473,-0.067103416,-0.29359567,0.9464993749279393,1.0,False
Teh3,-0.067155145,-0.19994606,0.9464581943168704,1.0,False
Tmtc4,-0.067361,-0.16112514,0.9462943194679648,1.0,False
CG31898,-0.06746658,-0.13919152,0.9462102675006853,1.0,False
CG5883,-0.067797855,-3.1551514,0.9459465512926697,1.0,False
CG4318,-0.06779927,-3.9987447,0.9459454231076914,1.0,False
CG18662,-0.067800686,-4.5993805,0.9459442949228215,1.0,False
snoRNA:CG31191-a,-0.067800686,-5.4161177,0.9459442949228215,1.0,False
Osi12,-0.06787084,-0.48089528,0.9458884499073018,1.0,False
CG42395,-0.06789564,-1.0604836,0.9458687067836012,1.0,False
lncRNA:CR46126,-0.06790769,-1.1912575,0.94585911727837,1.0,False
lncRNA:CR43827,-0.06797147,-0.49702668,0.9458083494402304,1.0,False
lncRNA:CR45472,-0.068245694,-0.4547385,0.9455900502465294,1.0,False
Tsen54,-0.06869744,-0.24712077,0.9452304577773001,1.0,False
CG9920,-0.06873996,-19.561096,0.9451966143536242,1.0,False
CG43068,-0.06883384,-0.9209125,0.9451218771434875,1.0,False
Spn75F,-0.06896388,-0.7686324,0.9450183739559372,1.0,False
RhoU,-0.068998955,-0.34452707,0.9449904536364351,1.0,False
CG17896,-0.06909993,-0.14974432,0.9449100773364696,1.0,False
CG34148,-0.069618985,-0.077338636,0.9444969238210167,1.0,False
lncRNA:CR44946,-0.069777004,-1.127465,0.9443711476213522,1.0,False
asRNA:CR45713,-0.06978197,-1.2321361,0.9443671995119575,1.0,False
Nepl17,-0.069788344,-1.3963449,0.944362123373315,1.0,False
CG34215,-0.06979472,-1.6206996,0.9443570472369319,1.0,False
qjt,-0.06993007,-0.3736985,0.944249320875694,1.0,False
asRNA:CR31912,-0.0700562,-0.8340914,0.9441489275929861,1.0,False
CG11406,-0.07028012,-0.12666932,0.9439707035021849,1.0,False
asRNA:CR46033,-0.070584826,-0.14168544,0.9437281878853366,1.0,False
lncRNA:CR44728,-0.07072513,-1.499946,0.9436165196560747,1.0,False
lncRNA:CR43956,-0.070728675,-1.5032002,0.9436136997656305,1.0,False
Meics,-0.07073576,-0.123007454,0.9436080599868621,1.0,False
CG16825,-0.07097173,-0.70016974,0.9434202569700311,1.0,False
vrs,-0.07098165,-0.8176777,0.9434123614165222,1.0,False
Dhfr,-0.07158397,-0.4471448,0.9429329989699966,1.0,False
CG13843,-0.07165058,-0.88761395,0.9428799883890183,1.0,False
lncRNA:CR43314,-0.07165908,-1.1585327,0.9428732210990137,1.0,False
CG3792,-0.071689904,-0.095319785,0.9428486897073182,1.0,False
CG2147,-0.07169274,-0.13068278,0.9428464339498835,1.0,False
lncRNA:CR46016,-0.07173774,-0.55301046,0.9428106238620193,1.0,False
Tep1,-0.071749076,-0.6492356,0.9428016008659839,1.0,False
asRNA:CR44381,-0.07177033,-0.8319508,0.9427846827682019,1.0,False
mcw,-0.07178238,-1.0053787,0.9427750958575828,1.0,False
lncRNA:CR32194,-0.07179443,-0.94521195,0.9427655089552536,1.0,False
IFT46,-0.071856074,-0.4796436,0.9427164467025682,1.0,False
CG12325,-0.07188655,-0.14009826,0.9426921976234399,1.0,False
CG3984,-0.07191135,-0.7922546,0.9426724600401044,1.0,False
Tak1,-0.07218735,-0.12612008,0.9424528113125511,1.0,False
CG31952,-0.072610036,-1.833672,0.942116438630461,1.0,False
Lsd-1,-0.07281766,-0.6097125,0.9419512165973081,1.0,False
CG14589,-0.072847426,-0.7268609,0.9419275330974258,1.0,False
CG5776,-0.07296753,-0.32626402,0.9418319537805876,1.0,False
lncRNA:CR44279,-0.07354824,-1.8705164,0.9413698579501442,1.0,False
CG13137,-0.07355391,-2.1757832,0.9413653470445472,1.0,False
CG3045,-0.07369811,-0.16941734,0.9412506015162775,1.0,False
CG31677,-0.07376153,-0.65569645,0.9412001364241974,1.0,False
CG4949,-0.07388164,-0.109611414,0.941104563516999,1.0,False
CG12010,-0.07397305,-0.16425371,0.9410318271824475,1.0,False
CG31441,-0.073986515,-0.21447772,0.9410211141204498,1.0,False
asRNA:CR43480,-0.07401451,-0.31052393,0.9409988422625583,1.0,False
CG15387,-0.07430008,-0.14925255,0.940771615567428,1.0,False
lncRNA:CR46073,-0.07448999,-2.3115742,0.9406205096639979,1.0,False
Had1,-0.07449318,-0.4589178,0.9406179724562397,1.0,False
lncRNA:CR45284,-0.074577145,-0.79239464,0.940551159535584,1.0,False
CG2104,-0.07462214,-1.5380703,0.9405153570034116,1.0,False
CG31213,-0.07467918,-0.62581223,0.9404699697141755,1.0,False
Sirt6,-0.07473623,-0.22434844,0.9404245826182863,1.0,False
CG5382,-0.07474969,-0.11641143,0.9404138701642455,1.0,False
CG43218,-0.074792914,-0.4399626,0.9403794776215194,1.0,False
Dmel_CG14117,-0.07501436,-0.5357894,0.9402032880618141,1.0,False
CG6785,-0.07507459,-0.29046643,0.9401553650075106,1.0,False
snoRNA:CG32479-a,-0.07536229,-0.5236505,0.939926464940668,1.0,False
asRNA:CR43464,-0.07543527,-3.5461054,0.9398683950225383,1.0,False
lncRNA:CR45382,-0.075492315,-0.4596256,0.9398230105032693,1.0,False
Br140,-0.07560322,-0.1711152,0.9397347790469928,1.0,False
Dmel_CG32368,-0.07598374,-0.6729314,0.9394320352078785,1.0,False
hog,-0.0760213,-0.4472243,0.9394021559360021,1.0,False
en,-0.07610987,-0.2287667,0.9393316862930969,1.0,False
E(spl)m2-BFM,-0.07637773,-19.50494,0.939118588985687,1.0,False
ocn,-0.07637773,-19.504871,0.939118588985687,1.0,False
CG4836,-0.07637773,-19.750599,0.939118588985687,1.0,False
CG3124,-0.07637773,-19.824728,0.939118588985687,1.0,False
asRNA:CR46128,-0.076473035,-1.1929784,0.9390427657300088,1.0,False
CG14692,-0.07649713,-1.5746721,0.9390235986004403,1.0,False
fest,-0.07663531,-0.53998584,0.9389136701576049,1.0,False
lncRNA:CR44187,-0.07685604,-0.62888414,0.938738068932737,1.0,False
CG14401,-0.07690281,-0.399563,0.938700863276894,1.0,False
lncRNA:CR46009,-0.07712602,-0.38660526,0.9385232926733565,1.0,False
FucTC,-0.07742151,-1.3562729,0.9382882277207119,1.0,False
ninaD,-0.077425055,-1.5279799,0.9382854092286855,1.0,False
CG33475,-0.07742647,-1.4277915,0.9382842818320914,1.0,False
asRNA:CR43465,-0.077439934,-1.8799855,0.9382735715706181,1.0,False
CG31523,-0.07749521,-0.1530665,0.93822960324582,1.0,False
smp-30,-0.07769291,-0.800103,0.9380723334727292,1.0,False
CG17169,-0.07769398,-0.83959436,0.938071487942838,1.0,False
lncRNA:CR46035,-0.07788849,-0.29396898,0.9379167571492839,1.0,False
CG32855,-0.07845537,-0.67797446,0.937465824695511,1.0,False
lncRNA:CR43650,-0.07864493,-0.9453381,0.9373150486232411,1.0,False
CG10237,-0.07875158,-0.60028887,0.9372302204562408,1.0,False
snoRNA:Psi28S-1153,-0.07894149,-0.23540711,0.937079166082827,1.0,False
CG42675,-0.07896097,-0.06544021,0.9370636662284948,1.0,False
Tat,-0.078993216,-0.4995053,0.9370380210673405,1.0,False
CG18213,-0.07914025,-0.42399135,0.9369210686884106,1.0,False
CG41562,-0.07929721,-1.4276296,0.9367962270483692,1.0,False
mir-2493,-0.07929933,-1.5141909,0.9367945362015999,1.0,False
Sse,-0.079306416,-1.8644166,0.9367889000477613,1.0,False
asRNA:CR44724,-0.07930713,-1.6475525,0.9367883364325517,1.0,False
CG31407,-0.07931067,-1.9515368,0.9367855183569784,1.0,False
lncRNA:CR43624,-0.07931705,-2.3277397,0.9367804458229423,1.0,False
Trax,-0.0795144,-0.108791836,0.9366234803444857,1.0,False
RfC3,-0.079658955,-0.1767709,0.9365085053985712,1.0,False
CG31036,-0.07969474,-0.7000687,0.9364800436677767,1.0,False
CG14443,-0.080448344,-0.6582344,0.9358806754352974,1.0,False
snoRNA:Psi28S-3308,-0.08051354,-0.8947903,0.9358288277000276,1.0,False
CG15202,-0.08085651,-0.17385632,0.9355560680144782,1.0,False
Bcs1,-0.08103366,-0.101875156,0.9354151827076365,1.0,False
CG2129,-0.0811272,-0.28456178,0.9353407960811828,1.0,False
CG12147,-0.08118282,-1.9537063,0.9352965588474651,1.0,False
Cyp313a1,-0.08118424,-1.9117359,0.9352954317867948,1.0,False
lncRNA:CR45539,-0.08119487,-3.0510097,0.9352869788359007,1.0,False
CG31199,-0.081284866,-0.9492744,0.9352154108107847,1.0,False
CG34160,-0.08131038,-1.2293166,0.9351951239067483,1.0,False
lncRNA:CR45457,-0.081313916,-1.4421616,0.9351923062845154,1.0,False
rasp,-0.08133163,-0.3231366,0.9351782181855282,1.0,False
toe,-0.08138619,-0.6454618,0.9351348269682049,1.0,False
CG14985,-0.08173377,-0.23115166,0.9348584238072081,1.0,False
CG11449,-0.08212776,-2.3223982,0.9345451200368202,1.0,False
lncRNA:CR44348,-0.08212917,-2.6088436,0.93454399306311,1.0,False
CG12662,-0.08213343,-2.9576664,0.9345406121427664,1.0,False
BubR1,-0.08227976,-0.3907879,0.9344242528542346,1.0,False
CG3819,-0.08238569,-0.9215637,0.9343400129843557,1.0,False
Naa40,-0.08290723,-0.13003606,0.9339253043622711,1.0,False
CG32313,-0.08314497,-0.7369426,0.9337362685354667,1.0,False
CG6628,-0.083418496,-0.71400774,0.9335187833549994,1.0,False
CG15528,-0.08347093,-0.46369788,0.9334770898712101,1.0,False
Vlet,-0.08357545,-0.08399013,0.9333939851608684,1.0,False
CG12880,-0.0835875,-0.43610856,0.9333844070375014,1.0,False
Blos4,-0.0836495,-0.080543034,0.9333351080257148,1.0,False
CG3517,-0.0840155,-19.654226,0.9330441082174054,1.0,False
lncRNA:CR45916,-0.084112935,-1.0840853,0.9329666412367158,1.0,False
rod,-0.08412888,-0.2212095,0.9329539648821188,1.0,False
CG13931,-0.0841799,-0.5480807,0.9329134006616857,1.0,False
CG17005,-0.084218875,-0.8397938,0.9328824142217764,1.0,False
CG5906,-0.08424438,-0.96283305,0.9328621322434515,1.0,False
CG42810,-0.084374055,-0.7321834,0.9327590328611834,1.0,False
Fitm,-0.08437866,-0.15112282,0.9327553708820016,1.0,False
lncRNA:CR44233,-0.08481517,-0.43048447,0.9324083344013135,1.0,False
lncRNA:CR46131,-0.085056804,-1.2987971,0.9322162304413804,1.0,False
Hsp60D,-0.08516239,-0.8189028,0.9321322918267658,1.0,False
CG17343,-0.08519463,-0.11609203,0.9321066597156419,1.0,False
CG34030,-0.08520207,-1.2236595,0.9321007446230725,1.0,False
insv,-0.08537391,-0.07989993,0.9319641351958501,1.0,False
Sec6,-0.08561732,-0.17458536,0.9317706320773098,1.0,False
SerRS-m,-0.085891195,-0.10708387,0.9315529106828834,1.0,False
CG5157,-0.08606693,-0.5761187,0.9314132111650588,1.0,False
CG8419,-0.08619696,-0.5960411,0.931309846147822,1.0,False
CSN4,-0.08620901,-0.09863412,0.9313002701557889,1.0,False
yellow-h,-0.08624444,-0.75173974,0.9312721055309818,1.0,False
Ada2b,-0.08651548,-0.17888294,0.9310566490012593,1.0,False
Liprin-beta,-0.086527176,-0.24433921,0.9310473549115753,1.0,False
lncRNA:CR44070,-0.08698813,-0.22371578,0.9306809499721306,1.0,False
CG9676,-0.08705367,-0.97218263,0.9306288490006336,1.0,False
Ccdc85,-0.08709761,-1.4785386,0.9305939274347867,1.0,False
lncRNA:CR44445,-0.087155715,-0.69702893,0.9305477410529502,1.0,False
CG31467,-0.08723543,-0.3618922,0.9304843759706753,1.0,False
oya,-0.08729212,-0.16007344,0.9304393166246845,1.0,False
Dhps,-0.087525606,-0.23642938,0.9302537307954392,1.0,False
yuri,-0.08756848,-0.38997155,0.9302196555087161,1.0,False
SmydA-1,-0.08771658,-0.2888495,0.9301019418665167,1.0,False
CG43755,-0.087899044,-2.2180917,0.92995691400357,1.0,False
CG12699,-0.087901175,-3.1569533,0.9299552243722631,1.0,False
Usp12-46,-0.08792491,-0.20186172,0.929936356844119,1.0,False
CG31636,-0.08806628,-0.58874345,0.9298239973058744,1.0,False
clos,-0.088254414,-0.5700114,0.9296744683609999,1.0,False
Cks30A,-0.08855983,-0.1867744,0.9294317355133487,1.0,False
CG14074,-0.08857117,-0.18978392,0.9294227246754108,1.0,False
CG16978,-0.08882024,-1.8751073,0.9292247701144495,1.0,False
CG33643,-0.088824496,-2.1375973,0.929221391127207,1.0,False
CG18628,-0.08883796,-0.5725233,0.929210691009358,1.0,False
key,-0.08890917,-0.13856708,0.9291540932305088,1.0,False
CG13319,-0.089633726,-0.11402815,0.9285782805273124,1.0,False
CG2127,-0.089768365,-2.6369393,0.928471287656746,1.0,False
CG13046,-0.089774035,-3.5460815,0.928466782722131,1.0,False
ldd,-0.09006244,-1.1374022,0.9282375972020572,1.0,False
Nmd3,-0.09052622,-0.10785451,0.9278690546005753,1.0,False
CG33340,-0.090708695,-3.3400583,0.9277240630851655,1.0,False
CG31820,-0.09071082,-3.7811477,0.9277223738777598,1.0,False
FLASH,-0.09083412,-0.16666904,0.9276244004058105,1.0,False
HP1e,-0.09098931,-1.1735679,0.9275010905267864,1.0,False
CG12560,-0.09114874,-0.31567618,0.9273744041083041,1.0,False
Kdsr,-0.0912809,-0.18098101,0.9272693965389882,1.0,False
CG34168,-0.09165327,-19.832806,0.9269735241212336,1.0,False
Mst87F,-0.09165327,-19.734566,0.9269735241212336,1.0,False
CG42367,-0.09165327,-19.897795,0.9269735241212336,1.0,False
Mst84Dd,-0.09165327,-19.993004,0.9269735241212336,1.0,False
Mst84Da,-0.09165327,-20.021547,0.9269735241212336,1.0,False
CG8673,-0.09167063,-0.14621292,0.9269597301251618,1.0,False
janB,-0.091772676,-1.5994691,0.9268786556533146,1.0,False
dpr5,-0.092105724,-0.16984876,0.9266140428728393,1.0,False
CG7341,-0.09238208,-0.37549132,0.9263944767265629,1.0,False
GstT1,-0.09265135,-0.125942,0.9261805458731601,1.0,False
so,-0.09293657,-0.4050746,0.9259539538822237,1.0,False
CG14636,-0.09297306,-0.93713695,0.9259249617996419,1.0,False
CG7519,-0.09297802,-0.08664077,0.9259210211358161,1.0,False
mtg,-0.092994675,-0.46972743,0.9259077917776933,1.0,False
SoYb,-0.09306199,-0.6697683,0.9258543116026394,1.0,False
Zaf1,-0.09308396,-0.2784376,0.9258368602495861,1.0,False
CG42766,-0.09318884,-0.51225126,0.9257535446044252,1.0,False
Pex2,-0.09320194,-0.12386967,0.9257431302060135,1.0,False
jv,-0.09321435,-0.3173143,0.9257332787597677,1.0,False
CG11695,-0.093694076,-0.15025333,0.9253521772809418,1.0,False
CG13616,-0.09385954,-0.67904156,0.9252207378294156,1.0,False
CG15362,-0.093923666,-0.2710265,0.9251697950360843,1.0,False
yellow-f2,-0.09459968,-2.5388267,0.9246328035227038,1.0,False
CG15047,-0.094776124,-0.66417927,0.9244926510017156,1.0,False
eya,-0.095030874,-0.26818258,0.9242903064173946,1.0,False
CG14907,-0.09508012,-0.6939355,0.9242511889052206,1.0,False
eyg,-0.095647715,-1.3142619,0.923800365786409,1.0,False
Cog8,-0.09566224,-0.15561165,0.9237888281869766,1.0,False
lncRNA:CR45679,-0.09567571,-0.25521556,0.9237781348164531,1.0,False
CG31007,-0.09575153,-0.21815248,0.9237179145134061,1.0,False
CG18449,-0.096450575,-1.562157,0.9231627264725475,1.0,False
uif,-0.09646829,-2.5820825,0.9231486573165505,1.0,False
Mlp60A,-0.096476085,-3.1320355,0.9231424668955286,1.0,False
gcm,-0.096702844,-0.8295059,0.9229623839593997,1.0,False
CG15923,-0.09694802,-0.33640403,0.9227676737280868,1.0,False
l(3)87Df,-0.097256266,-0.13543762,0.9225228856414949,1.0,False
CG3301,-0.09734201,-0.63213,0.9224547964657703,1.0,False
ao,-0.097583294,-0.37025827,0.9222631932002768,1.0,False
Ude,-0.09759888,-0.6905878,0.9222508137023298,1.0,False
GNBP2,-0.09760809,-0.7494989,0.9222434985533052,1.0,False
CG30480,-0.09765628,-1.0641767,0.9222052348040692,1.0,False
Mgat3,-0.098180294,-0.043635067,0.9217891281760062,1.0,False
Ldsdh1,-0.098191276,-0.43521324,0.9217804067647254,1.0,False
Vps16B,-0.09826462,-0.18367666,0.9217221704853854,1.0,False
Obp85a,-0.098483935,-0.3405759,0.9215480268219802,1.0,False
CG11368,-0.09851299,-0.30060565,0.921524957991821,1.0,False
CG13390,-0.098652944,-0.11981845,0.9214138346743812,1.0,False
CG7536,-0.09868837,-0.12335402,0.9213857024322392,1.0,False
CG13220,-0.098874025,-0.12621042,0.9212382910924004,1.0,False
CG17376,-0.09929105,-20.210348,0.92090718808931,1.0,False
CG5062,-0.099608146,-0.75046927,0.9206554239505575,1.0,False
asRNA:CR44228,-0.09961595,-0.7632453,0.9206492354348919,1.0,False
Tsp29Fb,-0.09971515,-0.09359469,0.920570472928129,1.0,False
CG15332,-0.099834196,-0.7906309,0.9204759589485447,1.0,False
CG12470,-0.09998336,-0.4318843,0.9203575367680931,1.0,False
Nup50,-0.10017645,-0.11103309,0.9202042375189124,1.0,False
snoRNA:Psi18S-1377d,-0.10034298,-1.8274906,0.9200720368777923,1.0,False
CG14778,-0.10048612,-1.1643149,0.9199584023473549,1.0,False
CG11892,-0.100609064,-0.46763545,0.9198608017162893,1.0,False
inaF-B,-0.10081775,-0.840643,0.9196951365508417,1.0,False
CG13248,-0.100932546,-0.12993717,0.9196040081321106,1.0,False
lncRNA:CR43408,-0.10127835,-1.7540469,0.9193295042193875,1.0,False
t-Grip128,-0.10175808,-0.3629517,0.9189487022177785,1.0,False
CG14252,-0.1018424,-0.1618853,0.9188817684815871,1.0,False
mus101,-0.10211557,-0.20684364,0.9186649408740408,1.0,False
lncRNA:CR45981,-0.102237806,-2.3137107,0.9185679188051075,1.0,False
Prat2,-0.10241319,-0.6948035,0.9184287153461453,1.0,False
CG13984,-0.10252409,-0.53549695,0.9183406950550862,1.0,False
Saysd1,-0.102536134,-0.1316538,0.9183311338057537,1.0,False
CG31883,-0.102587156,-0.4036099,0.918290639233646,1.0,False
CG14089,-0.10281178,-0.35460693,0.9181123531536857,1.0,False
ScsbetaG,-0.103978515,-0.15820903,0.9171864005615665,1.0,False
CG17230,-0.10399091,-0.13751778,0.9171765595772308,1.0,False
CG1889,-0.10408374,-1.5743977,0.917102893183368,1.0,False
scaRNA:PsiU5-44,-0.10409791,-2.379785,0.9170916464682908,1.0,False
TotX,-0.10410642,-2.9008896,0.9170848984472086,1.0,False
p53,-0.104259126,-0.24837375,0.9169637162526421,1.0,False
CAH2,-0.10445824,-0.3674648,0.916805704317369,1.0,False
Vajk4,-0.10452733,-0.8930438,0.916750878879771,1.0,False
CG9175,-0.10457091,-0.05585436,0.9167162968842913,1.0,False
CG2111,-0.104575515,-0.5547923,0.9167126418858463,1.0,False
Slob,-0.104784556,-0.12339912,0.9165467630414502,1.0,False
CG3594,-0.10486853,-0.18535976,0.9164801313756069,1.0,False
CG1806,-0.105050996,-3.5093281,0.9163353430702842,1.0,False
GstD10,-0.10512221,-0.9945793,0.916278834212568,1.0,False
msd1,-0.10513568,-1.0735824,0.9162681509934756,1.0,False
tos,-0.105237365,-0.35336018,0.9161874650641364,1.0,False
st,-0.10529122,-1.0243214,0.9161447327961906,1.0,False
CG15203,-0.10543223,-0.42544416,0.9160328428743705,1.0,False
CG18420,-0.10572772,-0.40843838,0.9157983854711224,1.0,False
Mtk,-0.10626839,-0.6052156,0.9153694092474195,1.0,False
CG34251,-0.10641224,-0.2899539,0.915255282104428,1.0,False
l(3)05822,-0.10653589,-0.1448987,0.91515717913386,1.0,False
lncRNA:CR44844,-0.10691252,-0.34394154,0.9148583806338043,1.0,False
Edem1,-0.106926695,-0.21750076,0.9148471372748184,1.0,False
Mhc,-0.10703121,-1.5040148,0.9147642180286267,1.0,False
verm,-0.10704893,-1.752949,0.9147501640110127,1.0,False
CG10062,-0.10728135,-0.7526528,0.9145657777702545,1.0,False
Drs,-0.107454605,-0.7186387,0.9144283343098318,1.0,False
CG31633,-0.10764594,-0.16786365,0.9142765592285343,1.0,False
CG33270,-0.10796339,-1.4265714,0.914024731918443,1.0,False
Crys,-0.10797402,-1.5472358,0.9140163003496604,1.0,False
Mpcp1,-0.10800449,-2.3737507,0.9139921299061177,1.0,False
CG31642,-0.10865252,-0.6456068,0.9134781052734826,1.0,False
LamC,-0.108867936,-0.27007917,0.9133072401359886,1.0,False
CG4757,-0.1089473,-2.9011595,0.9132442908318597,1.0,False
CG13334,-0.10904828,-1.2228367,0.9131641998701617,1.0,False
Cul6,-0.10904934,-0.5228914,0.913163356812096,1.0,False
CG11147,-0.109074496,-1.5393772,0.9131434044664009,1.0,False
ND-B14,-0.10933916,-0.0086247325,0.9129334866286027,1.0,False
Snrnp65,-0.10948088,-0.35614717,0.9128210833216015,1.0,False
lncRNA:CR44525,-0.109846175,-1.7198476,0.9125313718440404,1.0,False
flip,-0.10991987,-0.09230535,0.912472925155642,1.0,False
betaGlu,-0.11010907,-0.19003806,0.9123228766917036,1.0,False
Bulli,-0.11018276,-0.17389405,0.9122644316936906,1.0,False
Fbl6,-0.110282674,-0.1594889,0.9121851945216127,1.0,False
lncRNA:CR44408,-0.110566124,-0.6401626,0.9119604129721646,1.0,False
28SrRNA-Psi:CR45851,-0.11078898,-1.9670013,0.9117836834247375,1.0,False
TrxT,-0.11079961,-2.3566363,0.911775254461474,1.0,False
asRNA:CR44512,-0.11079961,-2.310115,0.911775254461474,1.0,False
loopin-1,-0.11080244,-2.3878503,0.9117730067396136,1.0,False
ind,-0.110927515,-1.4409056,0.9116738267155786,1.0,False
VhaM9.7-c,-0.110939205,-0.23580986,0.9116645549989346,1.0,False
Ibf2,-0.1111936,-0.08810383,0.9114628279012407,1.0,False
Pex23,-0.11171691,-0.09699482,0.9110478724270025,1.0,False
asRNA:CR45376,-0.11185934,-1.4770876,0.9109349368112254,1.0,False
CG6426,-0.11243969,-0.85350335,0.9104747849433379,1.0,False
CG3008,-0.11260586,-0.20684832,0.9103430375807914,1.0,False
jb,-0.11268948,-4.0632033,0.9102767434648047,1.0,False
lncRNA:CR45950,-0.11273518,-0.722636,0.9102405066908431,1.0,False
CG14780,-0.1127699,-1.1419382,0.9102129781036384,1.0,False
Rif1,-0.112863444,-0.347782,0.9101388199969525,1.0,False
lncRNA:CR45809,-0.11291836,-1.0716081,0.9100952805641792,1.0,False
Cpr51A,-0.113150075,-0.64287776,0.9099115752223235,1.0,False
CG1888,-0.11353025,-0.16770287,0.909610185305964,1.0,False
salto,-0.113628745,-4.6172147,0.9095321013152424,1.0,False
ArgRS-m,-0.11370208,-0.18257569,0.909473960206284,1.0,False
Osi2,-0.113749206,-0.45683616,0.9094366040974057,1.0,False
Scp1,-0.11387321,-1.103262,0.909338299504738,1.0,False
Oxt,-0.11394797,-0.14934684,0.9092790365494612,1.0,False
asRNA:CR45891,-0.114288814,-0.4526292,0.9090088488147956,1.0,False
lost,-0.11447376,-0.10302084,0.9088622440727395,1.0,False
asRNA:CR45041,-0.11469237,-1.9754409,0.9086889623939689,1.0,False
Cad99C,-0.11469521,-1.8963284,0.9086867156584139,1.0,False
CG9286,-0.114976525,-0.15392166,0.9084637307911811,1.0,False
Rad51D,-0.11513065,-0.54695374,0.9083415695946738,1.0,False
CG9515,-0.11538079,-0.11460678,0.9081433079920775,1.0,False
CG15443,-0.11609648,-0.16207102,0.9075760755658576,1.0,False
Pal1,-0.11623643,-0.11333148,0.9074651618538229,1.0,False
TTLL6A,-0.1165624,-2.1038713,0.9072068381814542,1.0,False
CG5909,-0.116568774,-2.2227287,0.9072017841204515,1.0,False
a6,-0.11679588,-0.20672673,0.9070218058433446,1.0,False
tx,-0.11700386,-0.8975377,0.9068569937301887,1.0,False
ERp44,-0.11746765,-0.13349791,0.9064894799794306,1.0,False
lncRNA:CR32553,-0.117475085,-1.5192235,0.9064835841998741,1.0,False
CG32373,-0.117632754,-0.42642623,0.9063586510356717,1.0,False
CG42302,-0.117818765,-0.36602375,0.9062112609563665,1.0,False
CG12426,-0.118529856,-1.1139219,0.9056478395593349,1.0,False
CG15043,-0.11867477,-0.9893082,0.9055330275614175,1.0,False
Ada1-2,-0.11896955,-0.6723221,0.9052994796665073,1.0,False
pigeon,-0.11928028,-0.13297705,0.9050533088416682,1.0,False
CG42554,-0.11937523,-0.14642307,0.9049780840003787,1.0,False
CG44836,-0.119462036,-1.0807748,0.9049093157683711,1.0,False
Or63a,-0.11989641,-0.17728545,0.9045652046446634,1.0,False
CG16959,-0.12049945,-0.82597166,0.9040875205557748,1.0,False
CG13794,-0.12051857,-0.886473,0.9040723654585658,1.0,False
Jhbp13,-0.12079458,-1.1273724,0.9038537430397563,1.0,False
CG40486,-0.12100539,-0.64788485,0.9036867642011672,1.0,False
CG15247,-0.121260494,-4.111747,0.9034847114710661,1.0,False
CG31076,-0.121260494,-4.0684295,0.9034847114710661,1.0,False
Tsf3,-0.121263325,-4.04045,0.9034824664758164,1.0,False
lncRNA:CR45820,-0.12138237,-1.8105875,0.9033881773723345,1.0,False
CG10747,-0.12147414,-0.12845936,0.9033154971182396,1.0,False
Jhbp14,-0.1215163,-1.1093107,0.903282103759578,1.0,False
CG11560,-0.122034654,-0.2381134,0.902871575878798,1.0,False
Rtc1,-0.12210161,-0.10803962,0.9028185430682308,1.0,False
Gld2,-0.12217992,-0.05608338,0.9027565317074334,1.0,False
Dll,-0.12223377,-0.30171588,0.9027138817040452,1.0,False
CG6435,-0.12232518,-1.9099407,0.9026414895779143,1.0,False
CG14556,-0.122346796,-0.5733393,0.9026243737284049,1.0,False
PhLP1,-0.12285239,-0.17030223,0.9022239880149965,1.0,False
CG14451,-0.12345613,-0.78434664,0.9017459146060938,1.0,False
Nup43,-0.12397838,-0.3293379,0.9013323986210663,1.0,False
CG11920,-0.12407793,-0.19736148,0.9012535699113902,1.0,False
melt,-0.12419875,-2.0061707,0.9011579107566976,1.0,False
asRNA:CR45800,-0.12420513,-2.31704,0.9011528613397237,1.0,False
CG7130,-0.124587424,-0.43064994,0.9008501841578034,1.0,False
CG8916,-0.124845006,-0.2422523,0.9006462568702795,1.0,False
mldr,-0.12506431,-0.27064648,0.9004726293136884,1.0,False
Tbc1d15-17,-0.1252227,-0.17046894,0.9003472501778196,1.0,False
Atac2,-0.12546788,-0.18559064,0.9001531558393135,1.0,False
cal1,-0.12655418,-0.14427605,0.8992932664957979,1.0,False
defl,-0.1265928,-0.39902657,0.8992626985619104,1.0,False
CG9717,-0.12713063,-1.4203223,0.8988370065586571,1.0,False
CG7168,-0.12716712,-0.17852588,0.8988081233717377,1.0,False
Rpn12,-0.12720788,-0.11392961,0.8987758753117084,1.0,False
mRpL23,-0.12721956,-0.11245569,0.8987666215514306,1.0,False
CG16812,-0.12779602,-0.099047616,0.8983104002216431,1.0,False
CG9782,-0.12829772,-0.82476103,0.8979133720050552,1.0,False
Nans,-0.12840436,-1.0433325,0.8978289787604185,1.0,False
slx1,-0.12884688,-0.676447,0.8974788012091721,1.0,False
CG34141,-0.12919836,-0.75058204,0.8972006920286997,1.0,False
lncRNA:CR44074,-0.12944886,-0.39302927,0.8970024908727122,1.0,False
Ir62a,-0.12976879,-0.47496057,0.8967493522095484,1.0,False
vilya,-0.12984213,-19.805286,0.8966913252250357,1.0,False
png,-0.12984213,-20.079145,0.8966913252250357,1.0,False
Myo10A,-0.12994382,-1.5352407,0.8966108732670314,1.0,False
CG8850,-0.1300115,-0.8472448,0.8965573326575865,1.0,False
asRNA:CR44987,-0.13001822,-0.23534623,0.8965520066541312,1.0,False
fus,-0.13031691,-0.71024084,0.8963157049854977,1.0,False
Tes,-0.13038777,-0.2737885,0.8962596442542615,1.0,False
CG14298,-0.13048626,-0.462539,0.8961817206982718,1.0,False
APC4,-0.13103367,-0.21678899,0.895748674601361,1.0,False
CG15373,-0.13181952,-1.7300516,0.8951270485197466,1.0,False
mei-41,-0.13186239,-0.32501888,0.8950931383956391,1.0,False
Vdup1,-0.1319701,-1.3529397,0.8950079435578808,1.0,False
lncRNA:CR45997,-0.13213556,-0.3901579,0.8948770709526573,1.0,False
CG14102,-0.13217737,-0.18486804,0.8948440029526348,1.0,False
Fpgs2,-0.13227054,-0.3772838,0.8947703012034113,1.0,False
pasi1,-0.13239066,-0.16866721,0.8946753029504639,1.0,False
Lsm11,-0.13245408,-0.27808955,0.8946251422403737,1.0,False
ntc,-0.13254088,-0.2787358,0.8945564872029517,1.0,False
CG33978,-0.13278393,-0.31346905,0.8943642573019843,1.0,False
CG33178,-0.13292708,-1.6783496,0.894251051924029,1.0,False
Or45a,-0.13301353,-1.0155802,0.8941826814022772,1.0,False
CG15083,-0.1330192,-1.0888666,0.8941781981168372,1.0,False
asRNA:CR45209,-0.13321832,-0.9510944,0.8940207248616582,1.0,False
CG9044,-0.1332254,-0.14498681,0.8940151209081599,1.0,False
CG14797,-0.13336252,-0.7652198,0.893906685449912,1.0,False
Smyd3,-0.13341922,-0.12894252,0.8938618548319458,1.0,False
CG9541,-0.13380894,-0.3560712,0.8935536535196698,1.0,False
Hpd,-0.1338465,-1.6030359,0.8935239549687738,1.0,False
ninaG,-0.13389504,-0.79599434,0.8934855712137839,1.0,False
CG7914,-0.13398327,-0.2177579,0.8934158086774595,1.0,False
lncRNA:CR45416,-0.13399708,-0.4399777,0.8934048820898225,1.0,False
morgue,-0.13437335,-0.16523631,0.8931073504866219,1.0,False
CG42809,-0.13449311,-0.28436083,0.8930126590247017,1.0,False
CG8833,-0.13456504,-0.15327097,0.8929557888500614,1.0,False
CG6409,-0.13479923,-1.8028955,0.8927706144121952,1.0,False
Cyp6a14,-0.13481943,-0.76937014,0.8927546465421781,1.0,False
asRNA:CR45182,-0.13483962,-0.86677504,0.8927386787156373,1.0,False
lncRNA:CR44171,-0.13514432,-0.54527813,0.8924977659118369,1.0,False
CG1663,-0.13518436,-0.2015055,0.8924661118268474,1.0,False
Ilk,-0.1356563,-0.17090103,0.8920929987240798,1.0,False
CG1523,-0.13622814,-0.1710724,0.8916409252225264,1.0,False
THADA,-0.13635889,-0.22203712,0.8915375750690523,1.0,False
CG33267,-0.13638157,-0.18695012,0.8915196500266239,1.0,False
Ugt36E1,-0.13640955,-0.89105725,0.891497523878822,1.0,False
lncRNA:CR45191,-0.13696262,-0.6588968,0.8910603397499641,1.0,False
Dlst,-0.13715571,-0.11843052,0.8909077111874188,1.0,False
DJ-1alpha,-0.13782252,-0.29264316,0.8903806836703351,1.0,False
lncRNA:CR45965,-0.13786468,-0.30923635,0.8903473610267836,1.0,False
CG32687,-0.1381988,-0.75148135,0.8900833069320734,1.0,False
fy,-0.13910228,-0.1584928,0.8893693299611283,1.0,False
alpha-Est7,-0.13944383,-0.8078361,0.8890994420071994,1.0,False
snoRNA:Or-aca5,-0.13948138,-2.245729,0.8890697663147711,1.0,False
Rrp40,-0.13969077,-0.14781974,0.8889043131822292,1.0,False
CG6788,-0.13999973,-0.36109662,0.8886602016643743,1.0,False
CG9837,-0.14013153,-0.10910443,0.8885560655587261,1.0,False
CG42526,-0.14048229,-0.32919008,0.8882789385235634,1.0,False
CG12256,-0.14074448,-1.2963072,0.8880718019793739,1.0,False
asRNA:CR45007,-0.14168765,-0.8259478,0.8873267335519055,1.0,False
CG17121,-0.14191405,-0.78550005,0.8871478983358445,1.0,False
asRNA:CR44981,-0.14193353,-0.6152491,0.8871325059017987,1.0,False
Hibadh,-0.14199944,-0.60310596,0.8870804518039468,1.0,False
MCU,-0.14205365,-0.20438004,0.8870376334756884,1.0,False
Myo28B1,-0.14210679,-0.39507005,0.8869956550425825,1.0,False
CG14609,-0.1422308,-0.19091158,0.8868977065984553,1.0,False
CG4839,-0.14244018,-1.8925405,0.8867323175764313,1.0,False
CG4332,-0.14288059,-0.23378488,0.8863844850289021,1.0,False
CG31510,-0.1430535,-0.15519494,0.8862479324538526,1.0,False
Mst77F,-0.14322604,-0.71002656,0.8861116630667442,1.0,False
meso18E,-0.1432427,-4.439762,0.8860985119898481,1.0,False
CG44521,-0.14349106,-0.6538322,0.8859023688020503,1.0,False
c(3)G,-0.14354385,-0.2785683,0.8858606787823561,1.0,False
Dci,-0.14373341,-0.11254514,0.8857109890342496,1.0,False
Sph242,-0.14390773,-0.7290974,0.8855733340244154,1.0,False
Efhc1.1,-0.1443173,-2.149093,0.8852499143042998,1.0,False
asRNA:CR45469,-0.14451501,-0.2733503,0.885093806778664,1.0,False
CG4661,-0.14527889,-0.2600731,0.8844906805952233,1.0,False
f-cup,-0.1454309,-0.13673086,0.8843706787661418,1.0,False
CG7409,-0.14576074,-0.70819074,0.8841102643446758,1.0,False
CG11342,-0.14589645,-0.2777823,0.8840031372331455,1.0,False
CG7365,-0.14618945,-2.2290897,0.8837718282262856,1.0,False
SH3PX1,-0.14678292,-0.21069004,0.8833033669623654,1.0,False
tsl,-0.14691862,-0.691391,0.8831962558741825,1.0,False
Tbca,-0.14728391,-0.16050215,0.8829079335092888,1.0,False
CG31121,-0.14752838,-0.8606826,0.8827149815198562,1.0,False
Npc2g,-0.14759144,-0.9564456,0.8826652066281027,1.0,False
Daxx,-0.14765203,-0.16480689,0.8826173896122443,1.0,False
Cyp49a1,-0.14772928,-0.35504556,0.8825564305281063,1.0,False
CG12909,-0.14794363,-0.3412952,0.8823872587330432,1.0,False
Cpsf100,-0.1482409,-0.20432511,0.8821526640824897,1.0,False
Tie,-0.14829616,-0.97777265,0.8821090457156928,1.0,False
BCAS2,-0.1484974,-0.13590367,0.8819502331454392,1.0,False
LSm7,-0.14859271,-0.19069491,0.8818750225099162,1.0,False
CG11089,-0.14867492,-0.51362485,0.8818101576871229,1.0,False
dnd,-0.14930877,-0.31755763,0.8813099982749485,1.0,False
CG17019,-0.1495249,-0.14998855,0.8811394684257969,1.0,False
lncRNA:CR46060,-0.15006557,-1.7909647,0.8807128883997462,1.0,False
SAK,-0.15023386,-0.29615813,0.8805801133389863,1.0,False
CG2201,-0.15034582,-0.19122437,0.8804917848420528,1.0,False
nis,-0.15035468,-0.6911604,0.8804847968915072,1.0,False
CG14223,-0.15051837,-0.4253721,0.8803556612411055,1.0,False
Phf7,-0.1508585,-2.6037583,0.8800873376003455,1.0,False
CG42307,-0.15133114,-0.7318201,0.87971450240605,1.0,False
Fbp,-0.15133469,-0.35047483,0.8797117076401225,1.0,False
CG13123,-0.1514183,-0.26122335,0.8796457515992995,1.0,False
jbug,-0.15144028,-0.3338124,0.8796284243033354,1.0,False
Obp56e,-0.15181725,-5.1532626,0.8793310745363772,1.0,False
Fmo-1,-0.15195331,-2.087243,0.8792237645117094,1.0,False
Ptip,-0.15195933,-0.13725331,0.879219013858759,1.0,False
Dhdds,-0.15197882,-0.12884733,0.879203644129005,1.0,False
mrn,-0.15197988,-0.072288275,0.8792028057814184,1.0,False
mthl14,-0.15198803,-0.95728993,0.8791963784544204,1.0,False
lncRNA:CR45456,-0.1521666,-1.0916604,0.8790555381576818,1.0,False
escl,-0.15233843,-0.2741247,0.8789200109297577,1.0,False
scramb1,-0.15361217,-0.12014546,0.8779155436885135,1.0,False
CG9799,-0.15454222,-0.27861232,0.8771822250308722,1.0,False
asRNA:CR42547,-0.15487987,-0.25213104,0.8769160214828905,1.0,False
CG13280,-0.15583615,-1.749683,0.8761621796242919,1.0,False
Hr3,-0.15656991,-0.14680853,0.8755838168925043,1.0,False
Ndc80,-0.15663758,-2.9943023,0.8755304801658202,1.0,False
Tep4,-0.15664822,-0.7336648,0.8755221027208508,1.0,False
hng2,-0.15674564,-0.14856838,0.8754453101253907,1.0,False
lncRNA:CR45962,-0.15706062,-0.19503202,0.8751970686351588,1.0,False
CG7135,-0.15706877,-0.34651414,0.8751906463522685,1.0,False
MED25,-0.15763566,-0.18891217,0.8747438990463281,1.0,False
MED17,-0.15766117,-0.1651853,0.8747237963551424,1.0,False
lncRNA:CR45808,-0.15894234,-0.48226345,0.8737142987955414,1.0,False
mmy,-0.15894483,-0.11975366,0.8737123447678865,1.0,False
CG11438,-0.1595801,-2.0057223,0.87321185994187,1.0,False
spn-B,-0.15990464,-0.37306926,0.8729561940103092,1.0,False
CG6470,-0.16058668,-1.1847783,0.8724189480688282,1.0,False
CG11029,-0.1610416,-0.5371887,0.8720606307459325,1.0,False
CG13272,-0.16171125,-1.1168168,0.8715332488198991,1.0,False
slf,-0.16252898,-1.61658,0.8708893064568262,1.0,False
CG4074,-0.16264485,-0.14214778,0.8707980789002102,1.0,False
l(2)05287,-0.16303104,-0.22060464,0.8704939994668782,1.0,False
CG13133,-0.16346258,-1.8367556,0.8701542342740514,1.0,False
MED8,-0.16346505,-0.1785862,0.870152281669736,1.0,False
CG7509,-0.16367233,-0.45955473,0.8699891025362767,1.0,False
mei-S332,-0.16391574,-0.12595792,0.8697974787245271,1.0,False
CG2972,-0.16400927,-0.21076244,0.8697238436594282,1.0,False
CG12659,-0.16402203,-0.2682189,0.8697138026016956,1.0,False
CG42588,-0.16507857,-0.17449525,0.8688821414080699,1.0,False
kune,-0.1650931,-0.13023642,0.8688707077726154,1.0,False
CG31921,-0.16581091,-0.9631834,0.8683057530620816,1.0,False
Grd,-0.16605929,-0.28596377,0.8681102932596191,1.0,False
lncRNA:CR45203,-0.16627719,-0.8102496,0.867938819471931,1.0,False
CG14414,-0.16662192,-0.11494368,0.8676675411155325,1.0,False
U3-55K,-0.16725826,-0.2680739,0.8671668462702329,1.0,False
gdl,-0.1684172,-0.18168464,0.8662550830668003,1.0,False
CG10713,-0.1692158,-0.12589647,0.8656269033787,1.0,False
CG2875,-0.16956018,-0.30277446,0.8653560375116525,1.0,False
CG31538,-0.16998747,-0.0694379,0.8650199851849442,1.0,False
kz,-0.17049767,-0.2126233,0.8646187606518771,1.0,False
CG17450,-0.17097528,-2.8113,0.8642432015332935,1.0,False
CG5653,-0.17098804,-2.9026546,0.8642331721846055,1.0,False
CG8701,-0.17115031,-0.919632,0.8641055784917018,1.0,False
okr,-0.17130549,-0.25950953,0.863983559890602,1.0,False
lncRNA:CR43893,-0.17218666,-1.383072,0.8632907898278714,1.0,False
CG3699,-0.17242369,-1.2034159,0.8631044534336779,1.0,False
snoRNA:CD78,-0.17294133,-0.51951057,0.862697547976663,1.0,False
CG8326,-0.17295478,-0.21204455,0.8626869650211824,1.0,False
CG14787,-0.17317694,-0.96329206,0.8625123498150339,1.0,False
Lfg,-0.17397094,-1.0642085,0.8618883016323756,1.0,False
CG10222,-0.17414738,-0.29888386,0.8617496359505952,1.0,False
CG5078,-0.17488647,-1.0271993,0.8611688457308486,1.0,False
Su(var)3-9,-0.17606595,-0.35409912,0.8602421314297946,1.0,False
Nnk,-0.17617615,-0.18130448,0.8601555662469036,1.0,False
Nepl11,-0.17646207,-0.950988,0.8599309499630509,1.0,False
lncRNA:CR45035,-0.17774358,-1.3512836,0.8589243520216883,1.0,False
dsx,-0.17786582,-0.47280437,0.8588283517281929,1.0,False
lncRNA:CR43825,-0.17951618,-0.36872643,0.8575324135257785,1.0,False
IRSp53,-0.17959377,-0.42265278,0.8574714932640878,1.0,False
CG5810,-0.17976137,-1.2994778,0.8573399195231127,1.0,False
CG1103,-0.17982939,-0.1629686,0.8572865122854982,1.0,False
CG17650,-0.17995162,-0.66852,0.8571905477972875,1.0,False
Ccm3,-0.18006074,-0.14711858,0.8571048769361229,1.0,False
Kpc2,-0.18008414,-0.33504802,0.8570865191134196,1.0,False
tomboy40,-0.18121366,-0.43253052,0.8561998728820195,1.0,False
CG13022,-0.1815701,-2.1019716,0.8559201218802402,1.0,False
CG31115,-0.1816654,-1.2685561,0.855845320752219,1.0,False
Dnaaf5,-0.18173909,-0.2495403,0.855787482849625,1.0,False
CG18858,-0.18177134,-0.45764202,0.8557621790108102,1.0,False
CG34227,-0.1823648,-4.6027584,0.8552964480508833,1.0,False
GstE9,-0.1826199,-0.9490393,0.855096268729968,1.0,False
CG2694,-0.18314604,-0.4255442,0.8546834283462139,1.0,False
snoRNA:Psi18S-1377b,-0.18345606,-1.0837133,0.8544401908459537,1.0,False
CG14448,-0.18360558,-1.739049,0.8543228858177412,1.0,False
CG17777,-0.18370727,-0.43588236,0.8542431091192002,1.0,False
Samtor,-0.18381533,-0.17266141,0.8541583306374209,1.0,False
mst,-0.18426955,-0.36546153,0.8538020014780868,1.0,False
Sgt1,-0.1843971,-0.14050473,0.8537019456078201,1.0,False
dnt,-0.18500155,-0.26588488,0.853227823982358,1.0,False
Buffy,-0.18514185,-0.83368295,0.8531177775341768,1.0,False
Cox11,-0.18572716,-0.15039162,0.8526587257371931,1.0,False
CG32075,-0.1857339,-0.21499686,0.8526534463757406,1.0,False
lncRNA:CR44471,-0.18589155,-0.3982663,0.852529800061544,1.0,False
Det,-0.18591423,-0.23464927,0.8525120175188525,1.0,False
snoRNA:lola-c,-0.18597057,-0.5716923,0.8524678393388434,1.0,False
pio,-0.18626323,-0.90357846,0.8522383425336094,1.0,False
CG17108,-0.1874831,-0.49301457,0.8512818703543958,1.0,False
Rubicon,-0.18758939,-0.24253722,0.8511985401033739,1.0,False
CG14207,-0.18791854,-0.1416667,0.8509405046357843,1.0,False
CG33111,-0.18798764,-0.15330663,0.8508863442113481,1.0,False
CG12581,-0.18822998,-1.7790623,0.8506963716700044,1.0,False
CG31103,-0.18840076,-1.368337,0.8505625073348432,1.0,False
CG17111,-0.18860696,-0.9256998,0.8504008760563145,1.0,False
Obp19c,-0.18936376,-1.5732497,0.8498077265221219,1.0,False
CG18870,-0.18970425,-0.14546727,0.8495408924735873,1.0,False
asRNA:CR43426,-0.19005182,-0.29212612,0.8492685229437841,1.0,False
Cyp4d14,-0.19009364,-1.8317852,0.8492357620712454,1.0,False
CG9643,-0.19041498,-0.14403182,0.8489839562640077,1.0,False
Cyp4p1,-0.19122918,-1.6211275,0.8483460432150233,1.0,False
CG13775,-0.19132236,-0.48202437,0.8482730420857526,1.0,False
CG14785,-0.19161254,-0.34175515,0.8480457199124063,1.0,False
Mpp6,-0.1919052,-0.1634842,0.8478164676161504,1.0,False
Jhbp3,-0.19198066,-1.9045924,0.8477573525859363,1.0,False
asRNA:CR45126,-0.19205081,-0.3522001,0.8477024013541304,1.0,False
ovo,-0.19215214,-1.7327701,0.8476230286597304,1.0,False
Hira,-0.19322675,-0.2678231,0.8467813848146462,1.0,False
spel1,-0.19330329,-0.1570988,0.8467214524415125,1.0,False
sqd,-0.19373377,0.104017146,0.8463843493722669,1.0,False
IntS12,-0.19392651,-0.28653985,0.8462334250894405,1.0,False
mei-W68,-0.1949292,-0.5843392,0.8454483770252744,1.0,False
Gga,-0.19596271,-0.22413209,0.8446393555549906,1.0,False
Cpr62Bb,-0.19630887,-1.4379996,0.8443684240301601,1.0,False
Task6,-0.19652818,-0.0990241,0.8441967788840068,1.0,False
lncRNA:CR44612,-0.19704653,-1.9069685,0.8437911268034074,1.0,False
Smu1,-0.19712731,-0.14265096,0.84372791202618,1.0,False
CG43800,-0.19718435,-0.40979475,0.8436832741275733,1.0,False
lace,-0.19726408,-0.15441036,0.8436208928123019,1.0,False
Cdc45,-0.19782954,-0.19562688,0.8431784295299134,1.0,False
CG10914,-0.1983603,-0.19588839,0.8427631800719763,1.0,False
Tdrd3,-0.19841911,-0.1856575,0.8427171671329483,1.0,False
CG13667,-0.19860335,-0.32563084,0.8425730336918065,1.0,False
mus302,-0.19900335,-0.15541539,0.842260115978311,1.0,False
CG9849,-0.1992489,-0.18284579,0.842068053931856,1.0,False
CG9444,-0.19980799,-1.7545342,0.8416307529173561,1.0,False
lncRNA:CR44294,-0.1999026,-0.3019822,0.8415567657489134,1.0,False
CG4041,-0.20051129,-0.2644395,0.8410807319928753,1.0,False
Sbf,-0.20055062,-0.13734196,0.8410499774426167,1.0,False
Srp54k,-0.20075753,-0.12628578,0.8408881737151511,1.0,False
CG2256,-0.20113522,-0.5379516,0.8405928438361839,1.0,False
asRNA:CR45889,-0.20137614,-0.9243381,0.8404044650115904,1.0,False
CG34116,-0.20200646,-0.25649515,0.8399116760216867,1.0,False
CG18273,-0.20243198,-0.26632285,0.8395790304420612,1.0,False
s-cup,-0.2030747,-0.3450631,0.8390766542398272,1.0,False
eIF4B,-0.20320117,-0.10987426,0.8389777929890174,1.0,False
CG3448,-0.20331278,-0.21874367,0.8388905645836657,1.0,False
Dro,-0.20374645,-1.8092538,0.8385516387201656,1.0,False
ACXC,-0.20388782,-1.4247838,0.8384411620032359,1.0,False
Obp56d,-0.20435055,-4.823047,0.8380795737763105,1.0,False
lncRNA:CR44749,-0.20458545,-0.31891164,0.8378960240725675,1.0,False
CG13116,-0.20462903,-1.5555886,0.8378619728348157,1.0,False
lncRNA:CR32582,-0.20485507,-0.7156497,0.8376853542152679,1.0,False
gl,-0.20530257,-0.63710034,0.8373357399169984,1.0,False
Npc2h,-0.20560479,-1.6985297,0.8370996369463537,1.0,False
Tango2,-0.2061646,-0.24151298,0.8366623454774307,1.0,False
CG14259,-0.2066539,-1.2474489,0.8362801719194555,1.0,False
CG30403,-0.20710953,-0.17631361,0.8359243231039241,1.0,False
CG33332,-0.2071935,-0.25421023,0.8358587465412624,1.0,False
Mlc2,-0.20732637,-1.2870938,0.8357549884882725,1.0,False
slif,-0.20745426,-0.65260905,0.8356551067692948,1.0,False
e(y)2b,-0.2074826,-0.33236402,0.8356329726750147,1.0,False
Reg-2,-0.20757154,-1.3076725,0.8355635277991839,1.0,False
HemK1,-0.20788263,-0.13200787,0.8353206191584213,1.0,False
lncRNA:CR46322,-0.20820397,-0.8048765,0.8350697038343583,1.0,False
CG3434,-0.20824046,-0.15746094,0.8350412106523746,1.0,False
Oga,-0.20856324,-0.19913362,0.8347892075709763,1.0,False
CG15739,-0.20902242,-0.82882535,0.834430734072506,1.0,False
Vps53,-0.21010837,-0.12823883,0.8335830923389143,1.0,False
CG7639,-0.21085455,-0.1440802,0.8330007790860774,1.0,False
Mf,-0.21117908,-0.85382783,0.8327475318062175,1.0,False
CG1136,-0.21219595,-1.3264775,0.831954173024614,1.0,False
CG11374,-0.21229196,-0.36591104,0.8318792688846379,1.0,False
CG14965,-0.21286452,-0.24350977,0.8314326397555009,1.0,False
Arp6,-0.2131058,-0.18071891,0.831244441670061,1.0,False
CG9072,-0.21324788,-2.0185237,0.8311336276464154,1.0,False
CG10147,-0.2136447,-0.18122712,0.8308241399345053,1.0,False
RabX5,-0.21400538,-2.4001641,0.8305428604710299,1.0,False
mal,-0.21478486,-0.2189993,0.8299350615709429,1.0,False
me31B,-0.2151225,-0.15379705,0.8296718057018514,1.0,False
Su(Ste):CR42418,-0.21577479,-1.3936505,0.8291633036789823,1.0,False
Dpp10,-0.21595335,-0.06488796,0.829024106468605,1.0,False
CG13606,-0.21618082,-1.413014,0.8288468035104521,1.0,False
CG32457,-0.21642564,-0.49474475,0.8286559778256878,1.0,False
Bmcp,-0.21762498,-0.16851984,0.827721326800042,1.0,False
CG14830,-0.21833004,-1.0746845,0.8271719706860721,1.0,False
Zn72D,-0.21868363,-0.14151947,0.8268964962753839,1.0,False
mir-2279,-0.21907373,-0.8580372,0.8265926158517107,1.0,False
Rcd4,-0.21951838,-0.120997,0.8262462624822631,1.0,False
Cpr49Af,-0.21978517,-2.2388544,0.8260384666832082,1.0,False
CG42391,-0.22003637,-0.53510517,0.825842824139339,1.0,False
mRpL9,-0.22056216,-0.14042474,0.825433361928786,1.0,False
Ugalt,-0.22064507,-0.2431641,0.8253688014638659,1.0,False
Dph1,-0.22083569,-0.29035679,0.8252203720542098,1.0,False
CG9951,-0.2210713,-0.14462964,0.825036913110344,1.0,False
Srx,-0.22148584,-0.17950957,0.8247141589220985,1.0,False
nmdyn-D6,-0.22163111,-0.3844459,0.8246010640357166,1.0,False
Aprt,-0.22163181,-0.20808971,0.8246005123622662,1.0,False
Cdk12,-0.22250412,-0.15075655,0.8239214681260161,1.0,False
CG12134,-0.22254983,-0.34912384,0.8238858922642732,1.0,False
CG14132,-0.22257994,-2.7581198,0.8238624510027561,1.0,False
Pph13,-0.2232014,-0.70234734,0.8233787687820828,1.0,False
PNKP,-0.22395216,-0.1037512,0.8227945238279535,1.0,False
prom,-0.22423667,-1.1704758,0.8225731484850209,1.0,False
qkr58E-3,-0.22471994,-0.09348952,0.8221971460339303,1.0,False
brn,-0.22545514,-0.15093772,0.821625226503701,1.0,False
Cog2,-0.2258509,-0.22453617,0.8213173938691335,1.0,False
CG15653,-0.22621654,-0.16167395,0.8210330107301361,1.0,False
Tnpo-SR,-0.22646916,-0.2229796,0.8208365465814821,1.0,False
Zip88E,-0.22652833,-0.1963331,0.8207905320585915,1.0,False
CG10949,-0.22676216,-0.142907,0.8206086842922818,1.0,False
lncRNA:CR45883,-0.22711363,-0.8507133,0.8203353797301154,1.0,False
Nxf3,-0.22716643,-0.16189145,0.8202943308277169,1.0,False
Myt1,-0.22744633,-0.15683398,0.8200766972230874,1.0,False
CG13933,-0.22838382,-0.15182772,0.8193478633974952,1.0,False
mRRF2,-0.22865452,-0.1928819,0.8191374505860599,1.0,False
Plekhm1,-0.22890607,-0.25790647,0.8189419215588236,1.0,False
CG6429,-0.22944355,-1.099774,0.8185241881255805,1.0,False
ninaB,-0.23009512,-0.407331,0.8180178552435942,1.0,False
Tasp1,-0.2301635,-0.13198662,0.8179647208449405,1.0,False
Ctu2,-0.23035872,-0.2434582,0.8178130308689666,1.0,False
Alg2,-0.23085298,-0.11389028,0.8174290186994164,1.0,False
lncRNA:CR43199,-0.23143616,-0.35372543,0.8169759682216446,1.0,False
CG7601,-0.23162644,-0.14909779,0.8168281757885396,1.0,False
CG10959,-0.23171254,-0.2786843,0.8167612997885692,1.0,False
CG6659,-0.23211537,-0.12087182,0.8164484038921658,1.0,False
CG14770,-0.23219155,-1.8031063,0.8163892404096696,1.0,False
Arl6,-0.23320416,-1.3259379,0.8156028783975858,1.0,False
lncRNA:CR46088,-0.23336607,-0.81340617,0.815477154714645,1.0,False
CG14818,-0.23367609,-0.08628745,0.8152364497613231,1.0,False
CG18281,-0.23541927,-0.42097795,0.8138833254927582,1.0,False
EMC4,-0.23546533,-0.10385141,0.8138475797206524,1.0,False
MED30,-0.23549297,-0.19118604,0.8138261324434697,1.0,False
EMC2B,-0.23639858,-0.14689697,0.8131233989875094,1.0,False
CG9784,-0.23680638,-0.18242954,0.8128069980737231,1.0,False
Mybbp1A,-0.23686804,-0.25769442,0.8127591694895441,1.0,False
CG1572,-0.23690772,-0.21117456,0.8127283836438951,1.0,False
RhoGEF64C,-0.23814955,-1.4731845,0.8117650980824578,1.0,False
Rab2,-0.23907323,-0.015260286,0.8110487961509316,1.0,False
peng,-0.23990479,-0.20202145,0.8104040673503219,1.0,False
G6pd,-0.24002065,-1.5249783,0.8103142495474359,1.0,False
CG18789,-0.241333,-0.28156582,0.8092970384425073,1.0,False
epsilonCOP,-0.24169049,-0.13775764,0.8090199975441129,1.0,False
EndoG,-0.24279344,-0.1660676,0.808165412839014,1.0,False
slo,-0.24292241,0.10412335,0.8080655020209332,1.0,False
Vha36-3,-0.24295855,-1.374849,0.8080375055948257,1.0,False
Smn,-0.24325511,-0.14424759,0.8078077795037977,1.0,False
lncRNA:CR45010,-0.2444679,-1.8394692,0.8068684630312303,1.0,False
lncRNA:CR44662,-0.2461923,-0.35382044,0.8055333736063717,1.0,False
CG12104,-0.24644138,-0.17110932,0.8053405771532848,1.0,False
Axs,-0.24717408,-0.41486374,0.8047735006192819,1.0,False
CG30495,-0.24724637,-0.296159,0.8047175663278103,1.0,False
Asator,-0.24777888,-0.06367553,0.8043054930393584,1.0,False
CG6398,-0.24867067,-1.6998684,0.8036155360353686,1.0,False
Pp4-19C,-0.24873552,-0.17914411,0.8035653782558337,1.0,False
CG33233,-0.24932154,-1.950931,0.8031120763561213,1.0,False
CG4872,-0.2493357,-1.9675361,0.8031011146146423,1.0,False
CG1024,-0.25015414,-0.22403991,0.8024681398204916,1.0,False
Nepl16,-0.2503501,-0.14500473,0.8023166286995395,1.0,False
CG3281,-0.25149167,-0.16740914,0.8014340120504115,1.0,False
Taf8,-0.2516015,-0.19940025,0.8013491057290982,1.0,False
CG8298,-0.25161177,-0.17551078,0.8013411629996843,1.0,False
CG32801,-0.25222933,-1.4922099,0.8008638153076931,1.0,False
Caf1-105,-0.25224632,-0.32392305,0.8008506708113796,1.0,False
Arp3,-0.2525326,-0.13414794,0.8006294135899538,1.0,False
Atg6,-0.25334644,-0.14616026,0.800000506167674,1.0,False
CNBP,-0.2543045,-0.009543947,0.7992603303082586,1.0,False
CG33998,-0.25480583,-1.0134871,0.7988730689831522,1.0,False
Bbd,-0.25583404,-0.47709426,0.7980789960222076,1.0,False
Impbeta11,-0.25604412,-0.20132647,0.7979167593709544,1.0,False
CG14712,-0.25621456,-0.26051825,0.7977851707908854,1.0,False
daed,-0.25633645,-0.2222888,0.7976910652261668,1.0,False
GM130,-0.25736144,-0.1886461,0.7968997648292151,1.0,False
lncRNA:CR45527,-0.25755206,-0.25097808,0.7967526327533909,1.0,False
CG14882,-0.25774798,-0.14476256,0.7966014060101603,1.0,False
CG31313,-0.25815687,-1.0752169,0.7962858507547215,1.0,False
CG8569,-0.258193,-0.25193515,0.7962579609902922,1.0,False
CG13766,-0.25821036,-0.2418215,0.7962445630587371,1.0,False
CG34398,-0.25842932,-0.6610852,0.7960755902216647,1.0,False
U2af50,-0.25889948,-0.15260829,0.7957127957507553,1.0,False
CG3165,-0.25952733,-0.23194171,0.7952284096044864,1.0,False
CG32163,-0.2597041,-0.13705125,0.7950920193869382,1.0,False
CG4658,-0.26003078,-0.14595272,0.7948400282885639,1.0,False
GV1,-0.26026037,-1.1775887,0.7946629367223199,1.0,False
CG2772,-0.2604563,-1.0667249,0.7945118160221245,1.0,False
Mat1,-0.26138318,-0.16929252,0.7937970350138974,1.0,False
sfl,-0.26171622,-0.15032654,0.7935402369996863,1.0,False
egg,-0.26200178,-0.16719839,0.7933200641848845,1.0,False
CG2540,-0.26217753,-0.16212682,0.793184581408485,1.0,False
NetA,-0.26252404,-0.32520008,0.7929174582582773,1.0,False
peb,-0.26320183,-0.83328795,0.7923950269116717,1.0,False
CG12106,-0.26401317,-0.08344118,0.7917697611972363,1.0,False
Hn,-0.26408547,-1.458092,0.7917140671616274,1.0,False
mira,-0.26441425,-0.72599596,0.791460727322837,1.0,False
Rbp1-like,-0.2644844,0.16394249,0.7914066770606611,1.0,False
Gem2,-0.26554734,-0.30203268,0.7905878565462248,1.0,False
CG9166,-0.26555938,-0.15630548,0.7905785779030847,1.0,False
asRNA:CR45281,-0.26642424,-0.25771216,0.7899125035466323,1.0,False
Csk,-0.26713213,-0.11620138,0.7893674245518831,1.0,False
CG13484,-0.26769796,-0.17869842,0.7889318173952862,1.0,False
Actn,-0.26903442,-0.21012582,0.7879032065683974,1.0,False
Tsen2,-0.2696771,-0.28927097,0.7874086668635922,1.0,False
CG10681,-0.2699914,-0.14932933,0.7871668806777833,1.0,False
CG10347,-0.2700612,-0.24790844,0.7871131834852156,1.0,False
CG42399,-0.27045873,-0.23356223,0.7868073741107036,1.0,False
PGAP1,-0.27136502,-0.2177289,0.7861102953401944,1.0,False
CG5348,-0.2718593,-0.70777816,0.7857302170753907,1.0,False
fs(2)ltoPP43,-0.27187133,-0.16983056,0.7857209541562569,1.0,False
beta'COP,-0.27249563,-0.15844734,0.7852409585462898,1.0,False
CG3021,-0.272812,-0.121035084,0.7849977229237013,1.0,False
CG16739,-0.27295977,-0.70285404,0.7848841475211547,1.0,False
CG8516,-0.27335766,-0.15879504,0.7845783065701368,1.0,False
CG42299,-0.2740294,-7.0360093,0.7840620201544578,1.0,False
CG4455,-0.27419063,-0.4622192,0.7839381364377993,1.0,False
DNAlig4,-0.27472103,-0.29911217,0.7835305840576623,1.0,False
DCX-EMAP,-0.2752011,-0.62064296,0.7831617418165612,1.0,False
Orco,-0.27585125,-0.55884326,0.7826623172861515,1.0,False
flap,-0.27639335,-1.6531066,0.7822459718333684,1.0,False
esc,-0.27821732,-0.37135488,0.7808455505197276,1.0,False
HipHop,-0.2787817,-0.1760042,0.7804123471049424,1.0,False
Rat1,-0.2792083,-0.23451954,0.7800849742990698,1.0,False
Keap1,-0.27923772,-0.24022038,0.7800624076761247,1.0,False
Frmd5,-0.27952895,-0.14022718,0.779838926551031,1.0,False
CG6472,-0.28016385,-2.0007439,0.7793517899095038,1.0,False
CG30020,-0.28077185,-0.21042234,0.7788853942888827,1.0,False
lft,-0.28122216,-1.4835788,0.7785399975612359,1.0,False
Rh5,-0.28204736,-0.84164184,0.7779072008226277,1.0,False
RfC38,-0.28246367,-0.22637063,0.7775880054326774,1.0,False
asRNA:CR44960,-0.2830302,-0.39490974,0.7771536883484498,1.0,False
CG32281,-0.28307235,-0.33837402,0.7771213685961811,1.0,False
Mmp2,-0.2832442,-0.12732531,0.7769896492263804,1.0,False
Leash,-0.28346387,-0.16010961,0.7768212750385801,1.0,False
snoRNA:Dek-a,-0.28463095,-0.9202579,0.7759268952701536,1.0,False
Ttc7,-0.28508553,-0.13840818,0.7755786182014663,1.0,False
CG18507,-0.28510112,-1.3748682,0.7755666749710928,1.0,False
mRpL3,-0.28514293,-0.13457853,0.7755346456608019,1.0,False
asRNA:CR44370,-0.28719115,-1.2498422,0.7739659494778643,1.0,False
boss,-0.28900698,-1.0132276,0.7725760325943718,1.0,False
ND-B17,-0.28984457,-0.062570564,0.7719351535112027,1.0,False
wls,-0.28993455,-0.20465359,0.7718663035007501,1.0,False
CG7889,-0.2906382,-0.43694544,0.771328034292269,1.0,False
prg,-0.29078665,-0.18215846,0.7712144860092194,1.0,False
CG5800,-0.29082492,-0.44102937,0.7711852189884637,1.0,False
Dus2,-0.2909592,-0.41297668,0.7710825160020635,1.0,False
CG3817,-0.2921745,-0.17119475,0.7701532231151373,1.0,False
CG14711,-0.29251638,-0.17078863,0.7698918342351662,1.0,False
CG10352,-0.29300177,-0.6162521,0.7695207881928838,1.0,False
CG3176,-0.29317433,-0.33412227,0.7693889035126389,1.0,False
Pi4KIIalpha,-0.29434213,-0.13868336,0.7684964878798344,1.0,False
CG5897,-0.29446366,-1.3302244,0.7684036357704488,1.0,False
grh,-0.29539123,-1.8942807,0.7676950373904015,1.0,False
CG14742,-0.29719996,-1.0785462,0.7663138564622631,1.0,False
ND-13A,-0.29850486,-0.07270695,0.7653178647744616,1.0,False
Pgls,-0.29909444,-0.5384712,0.7648679972798631,1.0,False
CG30050,-0.3000755,-2.118656,0.7641195655428339,1.0,False
PIG-Q,-0.30136305,-0.36095285,0.7631376677387312,1.0,False
snoRNA:Psi28S-3342,-0.30233634,-0.7242417,0.7623956878623763,1.0,False
Obp19d,-0.30419183,-1.8232176,0.7609817505632218,1.0,False
Uxs,-0.30480194,-0.21310185,0.7605170019775664,1.0,False
CG9114,-0.3049185,-2.2282863,0.7604282183764732,1.0,False
CG6665,-0.30748546,-0.14142823,0.7584738919622163,1.0,False
CG18171,-0.3076913,-0.45002452,0.7583172348312474,1.0,False
sxe2,-0.30863306,-2.4618618,0.7576006752998194,1.0,False
CG6891,-0.30869967,-0.692217,0.7575500010143692,1.0,False
peo,-0.3093048,-0.13897187,0.7570896675001901,1.0,False
osy,-0.30966407,-0.80469847,0.7568164189131783,1.0,False
CG33228,-0.31128114,-0.16093543,0.7555869075778168,1.0,False
CG1503,-0.3118009,-1.2470613,0.7551918387671634,1.0,False
CG18081,-0.31438202,-0.1499188,0.7532309101471387,1.0,False
Syx6,-0.31500772,-0.11169372,0.7527557889021492,1.0,False
CG6421,-0.31603664,-1.4288057,0.7519747059919843,1.0,False
Ino80,-0.31708077,-0.21892624,0.7511823170766765,1.0,False
CG13369,-0.31715235,-0.1878042,0.7511280129440164,1.0,False
CG5664,-0.31810188,-0.250984,0.7504076590298014,1.0,False
CG2121,-0.3186004,-1.6814436,0.7500295602759626,1.0,False
Camp,-0.32079247,-0.19817942,0.7483676606161296,1.0,False
CG5902,-0.3214079,-0.2099358,0.7479012920787057,1.0,False
BomT3,-0.32173494,-0.75518715,0.7476535125804415,1.0,False
l(2)09851,-0.3223936,-0.25946832,0.7471545428830586,1.0,False
CG12608,-0.32275993,-0.21217792,0.7468770552808774,1.0,False
CG5938,-0.32324535,-0.13325156,0.7465094481653374,1.0,False
Ent3,-0.32606313,-0.13635948,0.7443765902537129,1.0,False
thoc5,-0.32617792,-0.30539554,0.7442897404437727,1.0,False
ix,-0.32712924,-0.2272754,0.7435701380845503,1.0,False
MED14,-0.32735565,-0.2048436,0.7433989137260817,1.0,False
CG12728,-0.3278825,-0.19435413,0.7430005111870741,1.0,False
Doa,-0.32906908,-0.16539337,0.7421034868969758,1.0,False
CG33108,-0.32992825,-0.2810327,0.741454173052392,1.0,False
CG12992,-0.33047175,-0.45523402,0.7410435268438756,1.0,False
CG42553,-0.3313476,-0.33526033,0.7403819366842593,1.0,False
D19B,-0.33251822,-0.15791415,0.7394979752443596,1.0,False
CG7326,-0.3330986,-0.19078375,0.7390598676091845,1.0,False
CG12301,-0.33320063,-0.20507632,0.7389828464453481,1.0,False
CG12795,-0.33510822,-0.14482066,0.7375434614157348,1.0,False
Nufip,-0.33523646,-0.35704473,0.7374467155061989,1.0,False
beta-PheRS,-0.3355837,-0.29111916,0.7371848275677502,1.0,False
CG7692,-0.33589512,-0.2761372,0.7369499560787203,1.0,False
Elp2,-0.3363157,-0.40117946,0.7366328250410807,1.0,False
CG13325,-0.33635783,-0.3779545,0.7366010342591084,1.0,False
CG33521,-0.33655837,-0.41274306,0.7364498338552747,1.0,False
CG6650,-0.33675715,-0.19921368,0.7362999792137603,1.0,False
Mgat1,-0.3380571,-0.19944343,0.7353201613824618,1.0,False
Tsp42Eg,-0.3387852,-1.082593,0.7347715552479952,1.0,False
frtz,-0.34003696,-0.5914511,0.7338286962568864,1.0,False
CG2921,-0.34091812,-0.17454915,0.733165225998418,1.0,False
l(1)G0020,-0.3411137,-0.4743479,0.733017993021359,1.0,False
CG32100,-0.34280124,-0.18772857,0.7317479836882206,1.0,False
l(1)10Bb,-0.3436303,-0.15437722,0.7311243134697175,1.0,False
CG44195,-0.34673867,-0.68502355,0.728787667882845,1.0,False
CG31064,-0.34724814,-0.16286805,0.7284049031951636,1.0,False
Herc4,-0.35003015,-0.17824136,0.726316066192029,1.0,False
Patr-1,-0.35005674,-0.19267026,0.7262961240138222,1.0,False
CCDC53,-0.35103887,-0.20050389,0.7255591913409867,1.0,False
CG13994,-0.3511671,-0.17020519,0.7254629728412787,1.0,False
Pgant35A,-0.3528958,-0.2764708,0.7241665728458833,1.0,False
Aladin,-0.3538818,-0.22642432,0.7234274552820037,1.0,False
asRNA:CR45600,-0.35489228,-0.153312,0.7226702800259637,1.0,False
CG32625,-0.35517928,-3.1308286,0.7224552832295768,1.0,False
sofe,-0.35546628,-1.7867047,0.722240308347152,1.0,False
CG43322,-0.3571418,-0.37809741,0.7209856648449331,1.0,False
Lsp2,-0.36099806,-3.2714393,0.7181009046724423,1.0,False
CG8841,-0.361853,-0.2291878,0.7174618909527166,1.0,False
HIPP1,-0.3619104,-0.15748869,0.7174189969831883,1.0,False
Coq5,-0.36258075,-0.36265928,0.7169181037860644,1.0,False
CG11839,-0.36326206,-0.28579998,0.7164091283040173,1.0,False
CG7156,-0.36481854,-0.25627834,0.7152468714286588,1.0,False
snu,-0.36515123,-0.741901,0.7149985255159175,1.0,False
Fcp3C,-0.36551723,-0.8602655,0.7147253534141569,1.0,False
Spec2,-0.36656278,-0.21470587,0.7139451764403404,1.0,False
Trmt2a,-0.36711338,-0.5176886,0.7135344544666888,1.0,False
Pex14,-0.36758602,-0.1587457,0.7131819446716755,1.0,False
bys,-0.3676714,-0.27250853,0.713118266897439,1.0,False
lncRNA:CR46271,-0.36826664,-0.8899077,0.7126744276022793,1.0,False
CG5880,-0.3697356,-0.2067851,0.7115795121860002,1.0,False
CG14230,-0.3698394,-0.3078417,0.7115021564057966,1.0,False
obst-A,-0.36987412,-1.0585623,0.7114762838041907,1.0,False
Polr1F,-0.37010336,-0.27528906,0.7113054801718605,1.0,False
28SrRNA-Psi:CR40596,-0.37014198,-0.13668221,0.7112767063337148,1.0,False
mRpL18,-0.3703932,-0.11132946,0.7110895544362055,1.0,False
Rpn8,-0.3707411,-0.1343561,0.7108303685818627,1.0,False
CG3862,-0.37205878,-0.1652888,0.7098490912109632,1.0,False
CG15725,-0.37248537,-0.45606366,0.7095315125739543,1.0,False
lncRNA:CR43900,-0.37317553,-0.8779216,0.7090177962143358,1.0,False
CG32537,-0.37386537,-0.30794698,0.7085044757639796,1.0,False
CG6656,-0.3742165,-0.95147836,0.7082432525395881,1.0,False
CG11980,-0.37430152,-0.1912479,0.7081799947606022,1.0,False
sqh,-0.3743816,-0.108656995,0.7081204288593199,1.0,False
Cdc5,-0.37453112,-0.18771145,0.7080092088151135,1.0,False
CG7728,-0.376072,-0.24703203,0.7068633730367955,1.0,False
cmb,-0.37633312,-0.191186,0.7066692605545033,1.0,False
Vps50,-0.37715334,-0.20779163,0.7060596554965688,1.0,False
CG15211,-0.37741837,-1.0823886,0.7058627262009111,1.0,False
Cdk5,-0.3775119,-0.16533968,0.7057932264456617,1.0,False
CG5968,-0.37795654,-1.54285,0.7054628729228399,1.0,False
CG9150,-0.3813593,-1.6769501,0.7029366550201823,1.0,False
Syx18,-0.38137278,-0.16476107,0.7029266660627858,1.0,False
mRpL21,-0.38185957,-0.14081015,0.702565520860101,1.0,False
CG11403,-0.38196588,-0.6574051,0.7024866771218301,1.0,False
Prosbeta5,-0.38262525,-0.13163215,0.7019976546788887,1.0,False
Arl2,-0.38268194,-0.22095214,0.7019556165926719,1.0,False
TTLL12,-0.38281798,-0.22629142,0.7018547289067575,1.0,False
CG7239,-0.3850728,-0.21657708,0.7001834920404951,1.0,False
CG6041,-0.38508943,-0.29610673,0.7001711548544123,1.0,False
asRNA:CR45683,-0.3860698,-0.4378489,0.699444975365735,1.0,False
Msh6,-0.38646272,-0.28278235,0.6991540033030552,1.0,False
CG1840,-0.3864985,-0.19689009,0.6991275057876094,1.0,False
CG15449,-0.3874144,-0.5984968,0.6984494516058269,1.0,False
Sodh1,-0.38828385,-1.941505,0.6978059817281128,1.0,False
Ada1-1,-0.3883756,-1.5871737,0.6977380813124137,1.0,False
lncRNA:CR44458,-0.3884617,-0.35970587,0.6976743777172469,1.0,False
dgt4,-0.388838,-2.1667535,0.6973959944201515,1.0,False
dgrn,-0.38910905,-0.2431611,0.6971954893121296,1.0,False
lncRNA:CR45669,-0.38961145,-0.3796125,0.6968238900247405,1.0,False
CG12698,-0.39058402,-3.0617726,0.6961047455390141,1.0,False
CG32554,-0.39096737,-0.38020366,0.6958213544955858,1.0,False
Cortactin,-0.39391556,-0.17800856,0.6936433892386868,1.0,False
sls,-0.3956917,-2.3468525,0.6923324897058224,1.0,False
CG34377,-0.39591348,-0.80608076,0.6921688553148664,1.0,False
rtv,-0.39649454,-2.1687496,0.6917402327248054,1.0,False
Best2,-0.39687473,-1.1051555,0.691459851980827,1.0,False
CG17572,-0.39709827,-1.6913666,0.6912949879942113,1.0,False
Ns3,-0.39765596,-0.20816803,0.6908838062899452,1.0,False
CG7332,-0.39816156,-0.13138694,0.6905111047237511,1.0,False
Taf5,-0.39887655,-0.24743201,0.6899841748058886,1.0,False
Tmem70,-0.39887974,-0.13903342,0.6899818251079515,1.0,False
FIG4,-0.40313494,-0.3340923,0.686848954693777,1.0,False
Lsp1beta,-0.40315408,-3.2681174,0.6868348806056221,1.0,False
Cpn,-0.40336275,-0.8548925,0.6866813758428534,1.0,False
CG8379,-0.40340847,-0.19787149,0.6866477576788703,1.0,False
Pbgs,-0.40358493,-0.26286992,0.6865179817453456,1.0,False
bw,-0.40567496,-1.7590841,0.6849814402813461,1.0,False
AlkB,-0.40596336,-0.41874346,0.6847695158290179,1.0,False
PIG-H,-0.40633434,-0.1677788,0.6844969664372934,1.0,False
Faf2,-0.40699157,-0.15657607,0.6840141837289421,1.0,False
CG14803,-0.40780824,-0.7272968,0.6834144638480069,1.0,False
GatA,-0.40952945,-0.21984436,0.6821511532894462,1.0,False
laza,-0.4103805,-0.47428903,0.6815268479816758,1.0,False
CG33230,-0.41055268,-0.37687883,0.6814005579250288,1.0,False
Rrp45,-0.41071284,-0.4820503,0.6812831109878095,1.0,False
SdhA,-0.4114158,-0.10664812,0.6807676830897146,1.0,False
CG3309,-0.41251093,-0.29644415,0.6799649621883402,1.0,False
HSPBAP1,-0.41458327,-0.28125706,0.6784469919983983,1.0,False
CG17568,-0.4167332,-0.18876624,0.676873563328757,1.0,False
M6,-0.4175651,-0.20540492,0.6762651061520091,1.0,False
IntS14,-0.41887143,-0.2829743,0.675310089130347,1.0,False
CG30015,-0.41901708,-0.17712177,0.675203663103563,1.0,False
CG4709,-0.419821,-0.31452668,0.6746162358623473,1.0,False
CalpC,-0.4202118,-3.1492958,0.6743307489398138,1.0,False
CG6937,-0.42123714,-0.25173795,0.6735819246045612,1.0,False
CG17683,-0.42224762,-0.16917385,0.6728442841501449,1.0,False
CG10973,-0.4226781,-0.2428385,0.6725301324462486,1.0,False
Ekar,-0.42387992,-0.5296503,0.6716533959583684,1.0,False
ear,-0.4240259,-0.17545317,0.6715469359498335,1.0,False
CG9427,-0.42463103,-1.4275252,0.67110566233315,1.0,False
cpa,-0.4253719,-0.19248857,0.6705655923947988,1.0,False
Ir47a,-0.42620486,-0.33524704,0.6699585720898398,1.0,False
Gnmt,-0.42675722,-5.2753086,0.6695561623166634,1.0,False
Pdpr,-0.42678842,-0.25510344,0.6695334505445774,1.0,False
rswl,-0.4276026,-0.1756757,0.6689404706315738,1.0,False
lncRNA:CR43958,-0.42842886,-0.47734365,0.6683389283157695,1.0,False
CG17982,-0.43184826,-0.2948134,0.6658517082587059,1.0,False
CG10979,-0.43218166,-0.21828896,0.6656093932022601,1.0,False
ppk8,-0.43384653,-0.89158165,0.6643998858711586,1.0,False
CG14210,-0.43623775,-0.21906033,0.6626642438097051,1.0,False
dpy,-0.43649355,-1.6912515,0.6624786738903274,1.0,False
CG11635,-0.43738818,-0.3482862,0.6618298562165499,1.0,False
r2d2,-0.4383551,-0.13314852,0.6611289046472145,1.0,False
HIP,-0.4383962,-0.23714826,0.6610991162880799,1.0,False
Taz,-0.43889362,-0.13638397,0.6607386169968751,1.0,False
RhoGAP92B,-0.43921816,-0.2044266,0.6605034618701262,1.0,False
CG8230,-0.44015673,-0.1858419,0.6598236004228455,1.0,False
CG4497,-0.44031686,-0.19506454,0.6597076234050597,1.0,False
CG15385,-0.4408136,-0.23909946,0.6593479414138642,1.0,False
Taf10b,-0.44230524,-0.14413112,0.6582683428190161,1.0,False
CG8142,-0.44323847,-0.5459695,0.6575932504775798,1.0,False
Fur2,-0.44333413,-0.16393968,0.6575240654363592,1.0,False
fwd,-0.4444371,-0.13960183,0.6567265995977434,1.0,False
msd5,-0.44461495,-0.43304467,0.6565980374388589,1.0,False
CG3630,-0.44668126,-1.1248674,0.6551052086721035,1.0,False
CG6418,-0.44701785,-0.14848648,0.6548621655697235,1.0,False
CG4586,-0.447854,-2.3152237,0.6542585536323535,1.0,False
t,-0.4488971,-1.4647498,0.6535058901602727,1.0,False
CG34149,-0.44923297,-0.2985229,0.6532635993056264,1.0,False
Rbf,-0.45294964,-0.17484646,0.6505849990477792,1.0,False
Jasper,-0.45378473,-0.164699,0.6499837627324689,1.0,False
Ccs,-0.45636234,-0.2773245,0.6481294544716196,1.0,False
CG46281,-0.4570812,-0.45263782,0.6476126756220721,1.0,False
RNaseX25,-0.45731717,-0.17054367,0.6474430848678996,1.0,False
Coq2,-0.458294,-0.32277104,0.6467412350192738,1.0,False
CG7841,-0.45830712,-0.13975218,0.646731818059424,1.0,False
CG3634,-0.45848992,-0.40032837,0.6466004955433664,1.0,False
MFS18,-0.45888498,-0.15720014,0.6463167645233416,1.0,False
CG9304,-0.4589452,-0.23143913,0.6462735096029706,1.0,False
Crg-1,-0.4596028,-2.7077653,0.6458013454624775,1.0,False
CG15394,-0.46025154,-0.6273142,0.6453356811020372,1.0,False
chp,-0.46038228,-1.1840409,0.6452418529532831,1.0,False
Rfk,-0.46222502,-0.19268641,0.6439199605306558,1.0,False
asRNA:CR45714,-0.46513778,-2.0995758,0.6418327981132836,1.0,False
Flacc,-0.46522105,-0.1580014,0.6417731773634874,1.0,False
lncRNA:CR45994,-0.4659137,-0.89419717,0.641277273016808,1.0,False
Pcyt1,-0.46624178,-0.13590164,0.6410424401425829,1.0,False
CG11378,-0.4703319,-1.1711086,0.6381179121939298,1.0,False
Trm7-32,-0.47116238,-0.18081334,0.6375247743754955,1.0,False
Slu7,-0.47316033,-0.2181281,0.6360988040220266,1.0,False
Prosalpha7,-0.4786535,-0.1589917,0.6321851656053904,1.0,False
grsm,-0.48201054,-0.2886031,0.6297984670305494,1.0,False
Tehao,-0.48214552,-0.33442768,0.6297025758653032,1.0,False
Taf9,-0.48239955,-0.25264263,0.6295221361874547,1.0,False
rho-4,-0.48525667,-0.24389537,0.6274942809201862,1.0,False
CG8004,-0.4856071,-0.13419898,0.6272457701066427,1.0,False
Sce,-0.4856078,-0.18231839,0.6272452675998013,1.0,False
SrpRalpha,-0.48582357,-0.18905884,0.6270922623102544,1.0,False
fu,-0.48598018,-0.19805078,0.62698122418019,1.0,False
CG11050,-0.48718303,-0.13877267,0.6261286226891623,1.0,False
chrb,-0.49036366,0.10289276,0.6238765976504886,1.0,False
MsR2,-0.49352086,-0.32665455,0.6216446007592741,1.0,False
Nup107,-0.49732682,-0.25596532,0.6189586022760389,1.0,False
CG5805,-0.50006527,-0.16790101,0.617029133971668,1.0,False
MKP-4,-0.5013025,-0.2231587,0.6161582560654788,1.0,False
gammaSnap2,-0.50360864,-0.16966915,0.6145364036606853,1.0,False
nonA,-0.5051329,-0.08463637,0.6134655039907244,1.0,False
adp,-0.5068261,-0.22826485,0.6122768308325883,1.0,False
stops,-0.5075875,-0.61267805,0.611742645635355,1.0,False
pths,-0.5084407,-0.20944878,0.611144325048619,1.0,False
CG9691,-0.5088853,-0.45072857,0.6108325955240411,1.0,False
CG7860,-0.50918865,-0.6856728,0.6106200140894236,1.0,False
hpRNA:CR46342,-0.5109183,-0.31146377,0.6094082324711005,1.0,False
Culd,-0.5111331,-0.9118751,0.6092578893074339,1.0,False
Hmr,-0.51127905,-0.3806674,0.6091556852244925,1.0,False
Kmn1,-0.5154591,-0.9392616,0.6062322198903665,1.0,False
l(3)04053,-0.51649976,-0.238107,0.6055054276934647,1.0,False
CG14823,-0.51701134,-1.7106761,0.6051482375491521,1.0,False
Bet5,-0.51831734,-0.15378766,0.6042368912150047,1.0,False
Nopp140,-0.5186539,-0.2871966,0.6040021080458033,1.0,False
PIP82,-0.5196651,-1.0442263,0.6032970165607192,1.0,False
kst,-0.52086157,-0.8038584,0.6024631944424783,1.0,False
E(var)3-9,-0.52293,-0.3071805,0.6010229474606448,1.0,False
CG14005,-0.5240766,-0.20286866,0.6002252898248622,1.0,False
mRpS31,-0.53171825,-0.15905364,0.5949211626071433,1.0,False
CG7745,-0.5328361,-0.17241345,0.5941470647123019,1.0,False
Hr4,-0.53308016,-0.8171754,0.5939780757879369,1.0,False
CG1486,-0.53643477,-0.20234154,0.5916581187415733,1.0,False
Snx1,-0.5379863,-0.1779073,0.590586535904866,1.0,False
Klp64D,-0.5398237,-0.14935347,0.5893186290547963,1.0,False
Mvd,-0.5407006,-0.64742804,0.5887139679460472,1.0,False
CG5510,-0.5408062,-0.21733749,0.5886411836322403,1.0,False
CG7492,-0.5414128,-0.17500626,0.5882231207285498,1.0,False
TotC,-0.5416105,-3.75733,0.588086889228788,1.0,False
CG7675,-0.5430553,-2.3718781,0.5870917193045015,1.0,False
cbc,-0.543247,-0.23929621,0.5869597556183883,1.0,False
bun,-0.5476365,0.12324057,0.5839415298611395,1.0,False
Larp4B,-0.5503073,-0.058892313,0.5821086549558135,1.0,False
Dlat,-0.5503345,-0.14541367,0.5820899461750828,1.0,False
wol,-0.5507285,-0.21632025,0.5818197935490297,1.0,False
I-2,-0.55197316,-0.167789,0.5809667199605142,1.0,False
asRNA:CR44029,-0.5531144,-0.3815549,0.5801850685505694,1.0,False
CarT,-0.5535938,-1.6895045,0.5798568783465904,1.0,False
CG18661,-0.5540544,-0.24795906,0.5795416261108695,1.0,False
vers,-0.55545175,-0.21578936,0.5785856917407621,1.0,False
ORMDL,-0.55618554,-0.19234787,0.5780840261479661,1.0,False
Pop1,-0.55831105,-2.6677966,0.576632023228447,1.0,False
Pex11ab,-0.55903625,-0.20514442,0.5761369594812693,1.0,False
lncRNA:CR46268,-0.56083333,-0.2752853,0.5749111692496716,1.0,False
CG11882,-0.56146437,-0.21979573,0.5744810337149535,1.0,False
Suv3,-0.5646478,-0.22630227,0.5723133606801237,1.0,False
ap,-0.5665961,-0.2790816,0.5709886207672319,1.0,False
CG4364,-0.571251,-0.15904546,0.5678295267774556,1.0,False
uex,-0.57224125,-0.055518832,0.5671585365088777,1.0,False
tadr,-0.57438093,-0.22584842,0.5657100639500188,1.0,False
lncRNA:CR43493,-0.5744936,-1.0188247,0.5656338399484919,1.0,False
heix,-0.5757627,-0.21809123,0.5647755822230695,1.0,False
Gcna,-0.5814093,-0.7856378,0.5609646426050447,1.0,False
Smurf,-0.5814823,-0.20165537,0.5609154643939145,1.0,False
mxt,-0.5824396,-0.1807356,0.5602706114376306,1.0,False
xmas,-0.582778,-0.7067899,0.5600427793436347,1.0,False
CG5828,-0.58370733,-0.29088333,0.5594172476128922,1.0,False
TM9SF3,-0.58663,-0.26355073,0.557452242860587,1.0,False
CG8173,-0.5868865,-0.4152769,0.5572799384289177,1.0,False
Nup35,-0.58789164,-0.2542792,0.5566050121085063,1.0,False
CG13344,-0.590601,-0.13837944,0.5547877670115458,1.0,False
mTerf3,-0.59135324,-0.2305766,0.5542837688869244,1.0,False
CG8010,-0.59241617,-0.36734974,0.55357195400385,1.0,False
Sod2,-0.59289414,-0.13273929,0.5532520205915707,1.0,False
Mlp84B,-0.5960127,-0.35556212,0.5511667359446417,1.0,False
PhLP3,-0.59640384,-0.16533102,0.5509054599887415,1.0,False
CG14182,-0.5972138,-0.19796903,0.5503646421431126,1.0,False
Papst2,-0.5975695,-0.20956336,0.5501272002381214,1.0,False
FRG1,-0.5982884,-0.22065085,0.5496475040863671,1.0,False
Ctr9,-0.5998445,-0.14299235,0.5486098542231566,1.0,False
CG17712,-0.59985125,-0.21912442,0.5486053674026645,1.0,False
por,-0.6010173,-0.35914117,0.5478284763346037,1.0,False
Ctps,-0.6014336,-0.19705994,0.5475512313604379,1.0,False
hpo,-0.6027353,-0.3216057,0.5466847873710745,1.0,False
CG16989,-0.6047474,-0.321477,0.5453468390639866,1.0,False
Lipt1,-0.60476404,-0.3818941,0.5453357728471608,1.0,False
Gnptab,-0.60619795,-0.26799387,0.5443833190905145,1.0,False
Larp7,-0.6073384,-0.4164864,0.5436263243820916,1.0,False
CG11456,-0.60762614,-0.21237259,0.5434354535258863,1.0,False
NaPi-III,-0.6087603,-0.036821894,0.5426833431413132,1.0,False
pelo,-0.6113701,-0.17119612,0.5409545925259049,1.0,False
CG17187,-0.6140182,-0.32760674,0.5392033121178108,1.0,False
alpha-Man-Ib,-0.6144044,-0.16909058,0.5389481448422797,1.0,False
Uhg3,-0.6162425,-0.18578762,0.5377344724517827,1.0,False
galectin,-0.61692667,-0.14516136,0.5372830881547932,1.0,False
CG31800,-0.61843354,-0.15546781,0.5362895926217972,1.0,False
CG2680,-0.62065893,-0.18870848,0.5348240517161758,1.0,False
CG10494,-0.62071246,-0.29617223,0.5347888438839665,1.0,False
SF1,-0.6230289,-0.21826522,0.5332655367788843,1.0,False
Trmt10A,-0.6232723,-0.4142502,0.5331055981698879,1.0,False
CG44314,-0.62381864,-0.85200053,0.532746697681213,1.0,False
boi,-0.62596893,-1.9254112,0.5313353265006211,1.0,False
GCS1,-0.6268012,-0.17524824,0.5307895661623481,1.0,False
sff,-0.62702864,-0.16253491,0.5306404551266914,1.0,False
CG6683,-0.62716436,-0.4850092,0.5305515096048933,1.0,False
mRpL46,-0.6306277,-0.21967784,0.5282839894511746,1.0,False
Prx6a,-0.6322472,-0.37299874,0.5272253448706634,1.0,False
bou,-0.63298064,-0.9237077,0.5267462887415129,1.0,False
CG4025,-0.6338384,-0.22060737,0.5261862834594891,1.0,False
sona,-0.6339624,-0.6766151,0.5261053495915534,1.0,False
CG15084,-0.6355756,-0.35712704,0.5250530955785172,1.0,False
CG12643,-0.63594514,-0.77061206,0.5248121972589169,1.0,False
CG17549,-0.642244,-1.55497,0.5207147918986109,1.0,False
TBPH,-0.6461431,-0.15770227,0.5181866849523611,1.0,False
CG1622,-0.6481148,-0.21673372,0.5169106940738429,1.0,False
CG13926,-0.6482278,-0.30845496,0.5168376003753943,1.0,False
Dlip2,-0.6499253,-0.28695485,0.5157404645635721,1.0,False
CG13585,-0.65126634,-0.104722396,0.5148745573681472,1.0,False
mRpS18B,-0.6513801,-0.18858969,0.5148011558780212,1.0,False
Vps37B,-0.6521826,-0.21763444,0.5142833840550702,1.0,False
Sec20,-0.652251,-0.31592712,0.5142392773899509,1.0,False
Tsp,-0.6554769,-1.4669905,0.5121607315863255,1.0,False
CG32196,-0.65699476,-0.38359398,0.5111842716567092,1.0,False
Fnta,-0.6630098,-0.23062159,0.5073242561458491,1.0,False
Ak2,-0.66634846,-0.09552557,0.5051883987525174,1.0,False
Kdm4A,-0.6673051,-0.33858505,0.5045772794802785,1.0,False
Neos,-0.6684764,-0.24276333,0.5038295290242045,1.0,False
bs,-0.6700722,-0.2545384,0.50281175708388,1.0,False
Ddx1,-0.67133033,-0.3945448,0.5020101019724913,1.0,False
Arp8,-0.67350864,-0.34167725,0.5006237624715513,1.0,False
CG3226,-0.67409,-0.21130183,0.5002540696677727,1.0,False
sotv,-0.6761266,-0.1613014,0.4989602739138611,1.0,False
Mettl2,-0.6770074,-0.19533767,0.49840126082147806,1.0,False
CG7133,-0.67738014,-0.21500452,0.49816480372454,1.0,False
beta4GalNAcTA,-0.6773833,-0.18831983,0.49816278106010836,1.0,False
Wdr81,-0.6799347,-0.26657024,0.4965458259282117,1.0,False
CG5004,-0.680289,-0.32629013,0.49632150150606846,1.0,False
Arpc4,-0.6814394,-0.15171938,0.4955934929465371,1.0,False
Seipin,-0.6853506,-1.38949,0.49312271306568245,1.0,False
CG11710,-0.6860642,-0.19780797,0.4926726467923813,1.0,False
asRNA:CR44841,-0.6876865,-1.481489,0.4916502028408801,1.0,False
Svip,-0.6894807,-0.2188376,0.49052079101157164,1.0,False
mus81,-0.69631106,-0.9273259,0.48623405644848716,1.0,False
CG1316,-0.7003579,-0.15245216,0.4837038028583256,1.0,False
ninaA,-0.7030709,-1.6887121,0.4820115974504193,1.0,False
Nup93-1,-0.7107788,-0.56242615,0.4772213353812468,1.0,False
pins,-0.7111689,-0.25694156,0.4769795993535981,1.0,False
CaMKII,-0.71196145,0.13401057,0.47648864922513356,1.0,False
Taf11,-0.7129939,-0.28896558,0.475849534589068,1.0,False
CG31249,-0.7163361,-0.2921086,0.47378386377199666,1.0,False
CG8187,-0.7244752,-0.17983375,0.4687740601614614,1.0,False
CG6769,-0.730165,-0.1959398,0.4652893473088032,1.0,False
GstE14,-0.7354739,-1.7681742,0.46205093122786167,1.0,False
vimar,-0.7385634,-0.25729954,0.460172128204709,1.0,False
Lac,-0.74122214,-0.35312968,0.4585587512190501,1.0,False
Fsn,-0.7420491,-0.18878877,0.45805758331446633,1.0,False
kis,-0.74406725,0.07323885,0.4568358012945867,1.0,False
Patsas,-0.74492323,-0.23795798,0.4563181271100165,1.0,False
SmydA-8,-0.74530023,-1.0551211,0.4560902494255743,1.0,False
Mcm3,-0.74901336,-1.448575,0.45384916271598075,1.0,False
Gas41,-0.75045043,-0.25902763,0.4529834807006061,1.0,False
CG40485,-0.75092906,-0.9000786,0.45269534058392535,1.0,False
Torsin,-0.7515027,-0.2008926,0.4523501780625868,1.0,False
CIAPIN1,-0.75215566,-0.28856888,0.45195744094609935,1.0,False
CG15914,-0.752178,-1.6727667,0.4519440192657652,1.0,False
GCC88,-0.7535424,-0.19654334,0.45112402041939725,1.0,False
CG2681,-0.75363773,-1.3973792,0.4510667733497442,1.0,False
garz,-0.75566614,-0.1844527,0.4498493863173081,1.0,False
Psf3,-0.75734097,-0.4565544,0.4488456232732392,1.0,False
fbl,-0.75815904,-0.22297096,0.4483557771253681,1.0,False
CG13055,-0.7592925,-0.65564656,0.4476776225694348,1.0,False
shop,-0.7656498,-0.3657106,0.44388471708445143,1.0,False
Arfip,-0.76711625,-0.21336444,0.4430124007898891,1.0,False
CG14502,-0.7692332,-0.6936906,0.4417548677524169,1.0,False
pr,-0.77193093,-0.36851215,0.4401553466721968,1.0,False
Rnf146,-0.7771045,-0.2677969,0.4370971258581229,1.0,False
Mlc-c,-0.7783619,-0.17836632,0.4363556810346587,1.0,False
ave,-0.7788987,-0.211675,0.43603939334033026,1.0,False
Prosalpha4,-0.78057635,-0.17446758,0.4350517163081279,1.0,False
lncRNA:CR44092,-0.7825445,-0.39913416,0.4338946426533,1.0,False
CG11164,-0.7829045,-1.8246603,0.4336832084399891,1.0,False
GstD9,-0.78537434,-0.33773425,0.4322341190236746,1.0,False
CG4646,-0.786697,-0.2148851,0.43145927983113097,1.0,False
Dolk,-0.78732765,-0.30877697,0.4310900982746152,1.0,False
Trf,-0.78800964,-0.47706807,0.4306910492108227,1.0,False
CG3500,-0.79053944,-0.26931855,0.429212813021964,1.0,False
Dnz1,-0.7921189,-0.19045052,0.4282913444768973,1.0,False
Atg14,-0.79334587,-0.19402899,0.42757633750910806,1.0,False
p,-0.79823244,-0.19380406,0.42473560416154976,1.0,False
Bin1,-0.79849285,-0.23146528,0.42458452663691604,1.0,False
lncRNA:CR45474,-0.7985967,-2.7739656,0.4245243099313504,1.0,False
Rsf1,-0.8103926,-0.04350572,0.4177145736386455,1.0,False
mRpL22,-0.8165522,-0.16274634,0.4141843802659726,1.0,False
lncRNA:cherub,-0.81676054,-0.62676466,0.41406529053804764,1.0,False
Polr2G,-0.82822514,-0.23175594,0.40754299519954407,1.0,False
CG7990,-0.8312991,-0.14236258,0.40580467029307354,1.0,False
CG11248,-0.8324552,-0.239378,0.40515204277284955,1.0,False
Upf2,-0.83246446,-0.36933812,0.40514684507428467,1.0,False
CG8500,-0.8338402,-0.09551234,0.4043710363496873,1.0,False
CG6005,-0.8360422,-0.22764242,0.40313115419243006,1.0,False
lncRNA:CR45979,-0.83677316,-0.4064001,0.40272009316450963,1.0,False
CG9986,-0.8378761,-0.32977656,0.40210029122187574,1.0,False
Dok,-0.8390722,-1.7266637,0.401428772793738,1.0,False
Dredd,-0.84052736,-1.3119725,0.40061275976705846,1.0,False
Alms1a,-0.84445554,-0.53885835,0.39841488425966054,1.0,False
Atg12,-0.8473552,-0.20031776,0.3967971653787682,1.0,False
fsd,-0.84762555,-0.6405999,0.39664654657680987,1.0,False
Mfap1,-0.8488957,-0.25630805,0.3959393173960657,1.0,False
CHOp24,-0.849356,-0.13347809,0.3956832458836882,1.0,False
Atat,-0.8552119,-0.16740318,0.3924338287336202,1.0,False
Hcf,-0.8556995,-0.15336354,0.39216403765474994,1.0,False
alien,-0.8595536,-0.18846759,0.3900351604819682,1.0,False
CG2202,-0.86045533,-0.42588195,0.3895381077224055,1.0,False
dmpd,-0.8649341,-0.2330288,0.3870749644167044,1.0,False
28SrRNA-Psi:CR45855,-0.8664544,-1.1922519,0.38624101239062447,1.0,False
Rh4,-0.86940014,-1.6060793,0.38462831855751545,1.0,False
mRpL35,-0.8786514,-0.15063371,0.37959031736375937,1.0,False
Hinfp,-0.8811,-0.3833734,0.37826369285820016,1.0,False
spg,-0.8834441,-0.21005481,0.37699637466486824,1.0,False
CG2938,-0.8856971,-0.42776558,0.37578075666221367,1.0,False
U2af38,-0.8880887,-0.18454242,0.3744930446287873,1.0,False
Prp39,-0.8889291,-0.16056818,0.37404118173075307,1.0,False
CanB2,-0.8895332,-0.15620054,0.3737165899106615,1.0,False
Prx2,-0.89025813,-0.09748041,0.37332730990457597,1.0,False
Exo84,-0.8909649,-0.33540913,0.37294797518996425,1.0,False
asRNA:CR45520,-0.89377564,-0.2902402,0.37144193635174516,1.0,False
Deaf1,-0.90003055,-0.15654701,0.36810398063802996,1.0,False
CG14015,-0.90087736,-0.17169186,0.3676535274983872,1.0,False
CG14275,-0.90132946,-1.6186897,0.36741317517236805,1.0,False
CG6083,-0.90494835,-0.2578242,0.3654927561925032,1.0,False
Spx,-0.90640026,-0.31441507,0.36472402187272634,1.0,False
hui,-0.9088981,-1.3960437,0.3634038946504221,1.0,False
Nle,-0.91134745,-0.42443547,0.3621123279381422,1.0,False
28SrRNA-Psi:CR41609,-0.9198381,-1.5850993,0.35765739831544585,1.0,False
CG3071,-0.9226509,-0.34384033,0.35618917112323645,1.0,False
Elp6,-0.92778015,-0.22999708,0.3535216136988214,1.0,False
phr,-0.9294688,-0.64285445,0.35264619260617824,1.0,False
mRpL51,-0.9303184,-0.19728802,0.3522062460022788,1.0,False
Swim,-0.93118256,-1.5028144,0.35175913394764424,1.0,False
CG8578,-0.9418135,-0.30158478,0.34628812389095376,1.0,False
Imzf,-0.9454551,-0.56147504,0.34442659734224357,1.0,False
Cyp4ae1,-0.9501135,-0.5865059,0.34205459105332237,1.0,False
Xxylt,-0.9574111,-0.17936628,0.3383597850364618,1.0,False
frj,-0.9586356,-0.18576972,0.33774234816646076,1.0,False
MED20,-0.9597545,-0.46008268,0.337178784279792,1.0,False
l(1)G0004,-0.96440935,-0.31589627,0.3348407232036945,1.0,False
tacc,-0.97154224,-0.062313493,0.33127831794742657,1.0,False
CG11523,-0.9739048,-0.21506612,0.3301038226524804,1.0,False
CG1416,-0.9760845,-0.20090233,0.329022609114171,1.0,False
Gtpbp1,-0.97634417,-0.24453272,0.32889393762080754,1.0,False
prel,-0.9789104,-0.16361476,0.327624248602706,1.0,False
Nnp-1,-0.98130125,-0.24444237,0.3264441989475516,1.0,False
fh,-0.98524857,-0.4118777,0.3245019796753781,1.0,False
CG34229,-0.98646843,-0.25499123,0.32390328362874277,1.0,False
CG11158,-1.0011147,-0.4689018,0.3167713295010437,1.0,False
Csgalnact,-1.0018581,-0.29891735,0.31641213416741265,1.0,False
CG1142,-1.0018946,-0.22708029,0.31639450658292956,1.0,False
CG13077,-1.0073488,-2.0780604,0.31376719906962736,1.0,False
CG7791,-1.0089222,-0.3419349,0.3130119252619211,0.9993415232912793,False
Rh6,-1.0102919,-0.9672758,0.31235541620969265,0.998215594458067,False
Ahcy,-1.0163528,-0.39295673,0.3094614374321982,0.9908949194192292,False
Nf-YA,-1.0267669,-0.3632701,0.30453025591964367,0.9789217448728076,False
CG9636,-1.0311464,-0.20741406,0.3024721531036769,0.9746901824265372,False
NC2beta,-1.0379148,-0.23853339,0.2993097480199671,0.9659207757196434,False
CG2656,-1.0402861,-0.35519785,0.2982069931680773,0.963071540236349,False
Stlk,-1.042199,-0.16579178,0.2973194207696179,0.9609135534514386,False
jef,-1.0491253,-0.09930954,0.29412043530580634,0.9553105843253243,False
CG18731,-1.0511328,-0.22752477,0.2931975848181009,0.9540128696971927,False
xit,-1.0667627,-0.47198087,0.28607901145247816,0.9344678820524523,False
loqs,-1.0667708,-0.17684063,0.2860753307168088,0.9344678820524523,False
Rab32,-1.0670645,-0.8520224,0.28594268556130664,0.9344678820524523,False
nod,-1.0735512,-1.2310067,0.28302388432715875,0.9270231465461598,False
Ras64B,-1.0736638,-0.2887067,0.2829733653569071,0.9270231465461598,False
CG9902,-1.0757695,-0.4357879,0.28203035668044074,0.9251525005336176,False
Obp99b,-1.0827163,-6.338524,0.27893433360954756,0.9182054303514691,False
CG15912,-1.090842,-0.347008,0.2753424002518161,0.9097999702562524,False
Ppt1,-1.0913082,-0.9908216,0.27513724978378795,0.9095960091846251,False
Tom20,-1.091759,-0.12385171,0.2749390576367249,0.9095960091846251,False
CG17364,-1.0930065,-0.19062832,0.2743909539870991,0.9087125822440699,False
Nxt1,-1.0931387,-0.28023866,0.2743329339337298,0.9087125822440699,False
Efr,-1.0947129,-0.30184466,0.27364247088142823,0.9076061862324201,False
CG13117,-1.0955213,-1.3036292,0.2732882995038878,0.9068892787324722,False
Rai1,-1.0962633,-0.37958077,0.27296358202293813,0.9064984663541648,False
Rh3,-1.1039882,-1.109459,0.26959825925157643,0.8972660820028606,False
Dlip1,-1.1157916,-0.98055536,0.26451137554200943,0.8834497039013428,False
Nadk1b,-1.1234643,-0.24932735,0.2612403162569703,0.8757548459012364,False
Sk2,-1.126657,-0.2801988,0.2598875122932285,0.8719434170219704,False
CG12895,-1.1307893,-0.26155233,0.2581437801638282,0.8688575709771067,False
Tim23,-1.1313115,-0.17894757,0.2579239815747524,0.8684035464703616,False
car,-1.1400505,-0.21467417,0.25426525725958005,0.8609378370647105,False
CG14082,-1.1428478,-0.28928965,0.2531018060474296,0.8581039301520311,False
Roc2,-1.145065,-0.19270636,0.25218223070868595,0.8556342555612022,False
toc,-1.1459957,-0.1406668,0.2517969038499086,0.8545617545174714,False
PGAP5,-1.1522506,-0.24687675,0.24921807617699276,0.8482921297177162,False
CG32576,-1.1628649,-0.3004221,0.2448842880355091,0.8365023210487718,False
mt:srRNA,-1.1754566,-0.25622138,0.23981206754673756,0.8221681136529294,False
lncRNA:CR43241,-1.178677,-0.46131834,0.2385268396944521,0.8186161400952716,False
eIF2Bepsilon,-1.1809881,-0.35175624,0.2376074579120213,0.816740676019323,False
ND-13B,-1.18137,-0.053610828,0.237455760949149,0.8164705292866201,False
rdo,-1.1882843,-0.28866214,0.2347214195829055,0.8096440258521811,False
CG2767,-1.2002156,-1.0490636,0.2300556355266422,0.796616892346668,False
Tsp42Ea,-1.2003367,-0.928923,0.2300085910522477,0.796616892346668,False
CG11417,-1.2199345,-0.38580987,0.2224897244388131,0.7761448019247259,False
Qtzl,-1.2204152,-0.25549957,0.22230750121798626,0.7759210819403871,False
CG40191,-1.2299047,-0.20142448,0.21873282395223326,0.7658854355332526,False
DCTN5-p25,-1.2636324,-0.2278904,0.20636199236932584,0.7301569579228085,False
nrv1,-1.2689772,-1.3209087,0.20444922362951135,0.7251463556586798,False
Pfdn4,-1.2757901,-0.18713741,0.2020297383251337,0.7185041383844606,False
MED18,-1.2777951,-0.3613237,0.20132168668730088,0.7162473988454102,False
CG10417,-1.2786869,-0.19948469,0.2010073429472652,0.7156427780195102,False
CG12241,-1.2804949,-0.4504405,0.20037113743944812,0.7135710344422189,False
tub,-1.3008859,-0.24110983,0.19329750840402538,0.6928866770150838,False
Ranbp16,-1.3012803,-0.21165377,0.19316254281528977,0.6927808338252519,False
CG14613,-1.309739,-0.33083642,0.19028416025960238,0.68413793432871,False
CG13071,-1.313376,-1.8614625,0.18905631220372976,0.6804680905694913,False
CG15317,-1.318063,-0.78829837,0.1874825527781313,0.6753620323081955,False
Stt3A,-1.3213989,-0.26699468,0.18636842286642885,0.6722666606883726,False
eIF3f1,-1.321469,-0.08420789,0.18634504505453586,0.6722666606883726,False
mRpL10,-1.3283496,-0.25821114,0.18406264680967965,0.665999087528032,False
PIG-L,-1.3406487,-0.28272218,0.18003456875828905,0.6545941999078606,False
nSyb,-1.3454568,0.03758029,0.17847773411407186,0.6504092911794283,False
cac,-1.3540555,0.081734024,0.1757186590095604,0.6437465564663043,False
Rbm13,-1.3543426,-0.59534085,0.17562712406314007,0.6435906406340557,False
TotA,-1.3600338,-2.21271,0.17381924585394648,0.6380331591527125,False
4E-T,-1.3603837,-0.18152368,0.1737085027831844,0.6378212739924872,False
Sptr,-1.3656874,-0.32714677,0.17203709966264047,0.6329058025382862,False
CG32756,-1.3667213,-0.42185685,0.17171268883053814,0.6322433297624269,False
Nf-YB,-1.3671234,-0.31315485,0.17158662811160175,0.6319562443986992,False
PlexA,-1.3692503,-0.057957973,0.17092104651361817,0.6302114119628105,False
EndoB,-1.3828433,-0.17625923,0.16671293411105648,0.619562971480032,False
CG11436,-1.3830168,-0.3890957,0.16665969614912524,0.6195403301543578,False
Cht11,-1.3865039,-0.83144915,0.16559307823588476,0.6164472071098475,False
CG8195,-1.3898195,-0.20698258,0.16458368478943697,0.6136457009764106,False
CG13108,-1.3930341,-0.17349541,0.163609463561181,0.6109556427289485,False
Drat,-1.3960344,-0.063905396,0.16270413209072498,0.6084504837234539,False
l(3)80Fj,-1.3998123,-0.02626292,0.16156951009669773,0.605586118705278,False
eIF4E1,-1.4015081,-0.061094,0.16106219113100206,0.604201613945903,False
CG11807,-1.4041749,-0.33039364,0.16026676017539943,0.6022492123148195,False
mrj,-1.4042369,-0.22262134,0.1602483020829465,0.6022492123148195,False
CG10321,-1.4167205,-0.2952585,0.1565646418887606,0.5907022564054559,False
DnaJ-H,-1.4207029,-0.15437263,0.1554031305131573,0.5873317624599942,False
Prosap,-1.4231651,0.021316772,0.15468831874949976,0.5847983879997631,False
CG2691,-1.4235392,-0.5913026,0.15457991182721306,0.5845567255601171,False
igl,-1.4244994,0.042326946,0.15430197256586992,0.5839789925423196,False
CG40498,-1.4285097,-0.014246886,0.15314519300688217,0.5801328859335366,False
Hrb98DE,-1.4341326,-0.14191882,0.1515344333951818,0.576023716877664,False
Mis12,-1.4352168,-0.5331523,0.15122534149613864,0.5751805353835954,False
Hsp70Bc,-1.4389044,-0.54147065,0.15017761988996045,0.5720243776736146,False
gw,-1.4395641,0.0240862,0.1499907667450634,0.5714783026375407,False
Arp10,-1.4506146,-0.32038882,0.14688722629881126,0.5621837960965502,False
eIF3k,-1.455657,-0.22538032,0.1454874584104604,0.5582045813056526,False
PCNA2,-1.4605871,-0.52682644,0.1441287662392634,0.5539620114507635,False
CG7582,-1.4609153,-0.252115,0.14403869586887144,0.5537777947375189,False
RPA3,-1.4724894,-0.3959632,0.14088877272274603,0.5432568551495321,False
Nca,-1.4853439,-0.104582675,0.13745273426205046,0.532037225607542,False
CG1354,-1.4882836,-0.21685615,0.13667611036939672,0.5293921874174818,False
Syngr,-1.4917343,-0.18308416,0.13576883580418275,0.5269162053463572,False
Sec61beta,-1.4954731,-0.16404471,0.13479098779959608,0.5240498138090213,False
ND-39,-1.4994694,-0.029100066,0.13375189571306512,0.5207803441675226,False
Lipt2,-1.5031308,-0.4105728,0.13280531288883232,0.5182531261141265,False
Nlg3,-1.5057374,0.012272599,0.1321345867359111,0.5160120666557527,False
Tango4,-1.5360179,-0.38269252,0.12453400282769389,0.4917371788337517,False
inaC,-1.5481259,-1.3099415,0.12159198760913256,0.4824397068754864,False
Kif3C,-1.5562806,-0.32762396,0.11964138149369159,0.47613791466038796,False
CG1529,-1.5570846,-1.4212798,0.1194504187578115,0.4756660463322427,False
RpS20,-1.5583487,0.08857856,0.11915061318768111,0.4747599174952448,False
CG11771,-1.5642146,-0.3725142,0.11776718507822229,0.47024569404828903,False
28SrRNA-Psi:CR45848,-1.5715837,-0.47367927,0.1160471092499062,0.46464809952864633,False
gus,-1.574538,-0.12827513,0.11536312628892278,0.4623320654354176,False
CG5934,-1.577281,-0.22728263,0.11473087653352239,0.4600788674174604,False
CG6044,-1.5839558,-0.06397362,0.11320377917615124,0.45534461651478525,False
asRNA:CR44961,-1.6127832,-3.2014105,0.10679162017764354,0.4335337289942582,False
rdhB,-1.6147975,-1.2114395,0.10635457297772148,0.43189290590242213,False
pum,-1.6160704,0.11190622,0.10607908510745495,0.43104058670286505,False
CG14641,-1.6185694,-0.26416615,0.1055399527929031,0.42924807169654583,False
p120ctn,-1.6264399,-0.03464383,0.1038561069285083,0.4233167187182158,False
RNaseMRP:RNA,-1.6298976,-0.09889361,0.10312314526700353,0.42124378363496845,False
CG2004,-1.6382496,-0.6281248,0.10136962971973634,0.41515224335731793,False
trp,-1.6390419,-1.2757709,0.10120454182543138,0.41469562960024753,False
lncRNA:CR44366,-1.6410313,-0.78935295,0.1007909203475746,0.4133874794904737,False
Xpac,-1.651387,-0.36111245,0.09865958936859202,0.40629447317225564,False
CG4313,-1.657025,-0.6683354,0.0975144182595395,0.4027143212912032,False
bcn92,-1.6680582,-0.21248473,0.09530419398878474,0.39582566789084084,False
Atg18a,-1.6714222,-0.2992949,0.09463830735001352,0.3934330898090882,False
CG7772,-1.6918387,-0.39659807,0.09067672146860047,0.37960586072598873,False
CG9164,-1.6973705,-0.2951136,0.0896266293198909,0.37568852819543425,False
mRpL14,-1.7000842,-0.22474433,0.08911509531325788,0.3739021288350964,False
eca,-1.7097468,-0.26863873,0.08731270516702135,0.3669255703868972,False
PIG-K,-1.7122687,-0.2967711,0.08684715359945734,0.3653196048176917,False
Ost48,-1.7213088,-0.3491084,0.08519479233159927,0.35998223988088296,False
Rich,-1.7219013,-0.40389857,0.0850874065358224,0.35984713359453885,False
lncRNA:CR45332,-1.7333673,-0.26654443,0.08303040420332838,0.3524233015619956,False
CG3706,-1.7367127,-5.4357977,0.08243790101824736,0.35081491492253514,False
galla-2,-1.7381203,-0.42509103,0.0821896146044616,0.3498716312009167,False
CG5447,-1.7411267,-0.24074323,0.0816613881260405,0.34818698941086895,False
ttm50,-1.7439692,-0.308841,0.08116445976827097,0.346180514707838,False
CG2061,-1.7457318,-0.39682424,0.0808575532201284,0.34509552025518264,False
inaD,-1.746759,-1.2240107,0.08067914956051851,0.3444459728313105,False
CG7785,-1.7525147,-0.3028142,0.07968534277035733,0.3404242813216078,False
CG4842,-1.7562013,-1.6042776,0.07905404917980362,0.3382771931852163,False
Pa1,-1.761355,-0.276834,0.07817833700303536,0.33518483737581983,False
CG33229,-1.7716681,-0.121933796,0.07644966241217817,0.3289538355463108,False
CG10802,-1.7743988,-0.40450957,0.07599721333003473,0.32732854158308305,False
MED21,-1.7884821,-0.2296069,0.07369826505674361,0.3184705363731232,False
Tob,-1.7960519,0.106109954,0.07248627578827536,0.3136457524312567,False
Pomp,-1.8114046,-0.18391529,0.0700782436385811,0.30475017948700706,False
ND-24,-1.8305743,-0.15805325,0.06716410339301399,0.29332119730395373,False
lncRNA:CR42861,-1.8510227,-0.3673113,0.06416628188578606,0.2812940732332751,False
eIF3e,-1.8547089,-0.24265352,0.06363780176732718,0.279500117989454,False
B52,-1.8557137,-0.024924366,0.06349436998826723,0.2791500555422615,False
tut,-1.8567381,-0.9443368,0.06334843158389103,0.27860165309367874,False
Abcd3,-1.8844206,-0.40352705,0.059508095026223,0.26409857370469314,False
Gbeta76C,-1.89289,-1.4978637,0.05837249851970307,0.2596726482895796,False
Abl,-1.9052223,-0.020173337,0.05675117637712016,0.2534898738177213,False
Dmel_CG14798,-1.92956,-0.42290166,0.053661383925959046,0.24149460485309174,False
CG17493,-1.9308407,-0.15649584,0.053502745957447945,0.2410657434769682,False
awd,-1.9344306,-0.074517176,0.053060206684477994,0.2393688072339739,False
RpL34a,-1.9452089,-0.14497039,0.05174983576237676,0.23409452383937795,False
CG3704,-1.9519663,-0.5708779,0.050942209704574956,0.23107752078972024,False
Nhe3,-1.9683182,-0.23822013,0.049031437858752615,0.22302600377357845,False
Mob4,-1.9706647,-0.22260675,0.04876223367817452,0.22195514816934234,False
CG12123,-1.9916705,-0.31182003,0.046407222831194,0.21248686941627887,False
CCT2,-2.0157049,-0.34639716,0.043830849311887604,0.20202777650210976,False
Cyp1,-2.0170906,0.076269396,0.04368606677104439,0.20157254334209773,False
slmo,-2.0239587,-0.6045076,0.04297439622500978,0.1988473735186104,False
MICU3,-2.0752845,-0.24207512,0.03796016880416134,0.17815520651981576,False
EMC8-9,-2.0835876,-0.21303628,0.037197684288150346,0.17482645537574523,False
CG2124,-2.085671,-0.8696941,0.03700843088119942,0.17399920937740307,False
28SrRNA-Psi:CR45860,-2.1052198,-0.9131563,0.03527217293202049,0.16703121603592117,False
homer,-2.110414,-0.31884962,0.03482271160577888,0.16514083479304953,False
CG8939,-2.1135895,-0.9031002,0.03455033111119142,0.16402108321173434,False
Pcf11,-2.1155748,-0.15770906,0.03438098525701631,0.1634589461875728,False
Maf1,-2.1209645,-0.1512889,0.03392478814517045,0.16152378297669742,False
XRCC1,-2.1264358,-0.7368105,0.03346699670006552,0.15957540044831675,False
DopEcR,-2.156784,0.054795217,0.031022487303551574,0.14889207657267028,False
Pdp1,-2.1642444,0.111506924,0.03044559680952754,0.1463906284939632,False
Glut1,-2.1848388,-0.12568861,0.02890066857125981,0.1399350352597366,False
rtp,-2.2023904,-1.5705727,0.027637743431533853,0.13431493581131151,False
lncRNA:CR43148,-2.2049358,-0.44546703,0.027458604567077174,0.1335431245802965,False
Cpr49Ag,-2.2123408,-1.9067124,0.026943131028331624,0.13137650643536394,False
CG5412,-2.2149267,-0.32009736,0.02676508883193026,0.1307509413904816,False
CG31638,-2.2151978,-0.3135459,0.02674648738488454,0.13070866148187718,False
Top3beta,-2.2345464,-0.4730855,0.025447136753770725,0.1251031889567157,False
RNaseP:RNA,-2.2398345,-1.0742164,0.02510166840916428,0.1237288164159144,False
CG8245,-2.2472878,-0.19834022,0.024621646978375863,0.12172801465118029,False
Pi3K21B,-2.2993288,-0.30849966,0.021486272568822132,0.1078087467838456,False
CG6870,-2.2997193,-1.3589381,0.02146412803652834,0.10773877254698966,False
lncRNA:CR45533,-2.3006523,-0.9337523,0.021411298725033823,0.10755576320553113,False
Rph,-2.3113437,-0.43335283,0.02081387682966871,0.10488027112865511,False
CG6867,-2.3182414,-0.53610307,0.020436207940192103,0.10324959959325813,False
ninaC,-2.3474047,-1.1837635,0.018904712448222644,0.09610322099887574,False
retinin,-2.3521373,-2.025063,0.018665876456421347,0.09510984199838424,False
brv3,-2.3658,-7.038114,0.01799116862454354,0.09206462106508047,False
Pu,-2.3720412,-0.62082046,0.01769011387979296,0.09077149023598567,False
Teh2,-2.3757625,-0.15905239,0.01751272794147612,0.08989638979646004,False
CG4294,-2.3824608,-0.24523592,0.017197366812357062,0.08848496369662652,False
Hsc70-5,-2.3854163,-0.25710472,0.017059802350123957,0.08788038521480945,False
Mlf,-2.4172504,-0.09109449,0.015638256531500593,0.08100210054412664,False
Tsp39D,-2.421984,-0.26115337,0.01543603464587761,0.0801441846232626,False
CG3527,-2.4304965,-0.5853289,0.015078153829893136,0.07850317728947134,False
lwr,-2.4308536,-0.22123769,0.015063300158885705,0.07845692722469959,False
Nna1,-2.4371467,-0.43588302,0.014803669416376121,0.0772270820963075,False
CG3732,-2.4558418,-0.28252655,0.014055504816009375,0.07367506533194224,False
28SrRNA-Psi:CR40741,-2.4683437,-1.1514481,0.01357398938262947,0.07146466124885172,False
CG9265,-2.4715967,-0.34975582,0.013451118834433052,0.07087455998527856,False
Apt1,-2.4783337,-0.090651155,0.013199760181879024,0.06966186688757922,False
CG15651,-2.4851892,-0.25823665,0.012948258386253386,0.06841699374899708,False
Tcs4,-2.4914374,-0.75654984,0.012722737727858618,0.06736079632626515,False
Stacl,-2.4916487,0.014713234,0.012715177045123835,0.06734790066504326,False
Yeti,-2.5031176,0.06318671,0.012310467700710644,0.06536236608284388,False
CG32017,-2.5041716,-0.03276562,0.012273851317840834,0.06519429271129604,False
CG7739,-2.5058272,-0.31492677,0.012216530703378773,0.0649160654966035,False
Ktl,-2.509675,-0.17411765,0.012084233464797483,0.06423904205538176,False
trx,-2.5113714,-0.08444189,0.012026310178083746,0.06398289151829899,False
Cisd,-2.5701125,-0.1401184,0.010166550316345122,0.05484344733460232,False
CG12025,-2.572314,-0.122058086,0.010102118574024188,0.05459377074733228,False
Serinc,-2.5731652,-0.18167211,0.0100773103151266,0.05449626948604059,False
amrt,-2.5782843,-0.63739806,0.009929230307524345,0.05376185227489799,False
dj-1beta,-2.5966403,-0.2408725,0.009414041922410276,0.051140936296979515,False
Cyp4d2,-2.606674,-2.0247424,0.009142635773115896,0.04979004421654206,True
CG41378,-2.608922,-1.3541927,0.009082792299372264,0.0495051736234139,True
Hrb27C,-2.6183572,0.0814559,0.008835425249810683,0.048337353541949284,False
AGO1,-2.6381986,0.047520198,0.008334772253796448,0.045769846296338956,False
msl-2,-2.6597607,-0.6871542,0.007819618204783907,0.04322995491336362,False
eIF5,-2.6759152,-0.37791333,0.007452547635584253,0.04132233269165091,False
CG2889,-2.679542,-0.49633697,0.0073722959043324016,0.04091188364815544,False
Non1,-2.6836295,-0.26466957,0.007282774140800308,0.040517754015350065,False
su(w[a]),-2.6905696,-0.23595871,0.007133012248249572,0.03971818387891849,False
His3.3A,-2.698821,-0.14058329,0.006958555568864847,0.03884553047173022,False
Arl8,-2.7055101,-0.22296025,0.006819957007213893,0.038152854419666996,False
CG12194,-2.7228215,-0.2771297,0.006472701827738613,0.036321550923558384,False
Gasz,-2.7422266,-0.29598674,0.006102424794573084,0.034431929680328426,False
CG17734,-2.7535994,-0.19094193,0.005894387609781269,0.03343036149336886,False
ND-51,-2.7580159,-0.113953196,0.005815339095164795,0.0330247930205534,False
CG14757,-2.7878706,-0.25994492,0.0053055721843145755,0.030366081913796965,False
CG31360,-2.7904968,-0.32597792,0.005262722480821772,0.030147095083033523,False
mRpL16,-2.8355796,-0.2951922,0.004574259711370344,0.026398922646955512,False
RpS19a,-2.8417113,-0.15630834,0.004487209990228877,0.025907920246747658,False
Cables1,-2.8523126,-0.48724905,0.004340240540332527,0.025114085172413435,False
Npc2a,-2.9084032,-0.37069184,0.0036327979588987353,0.021264408898836653,False
mthl1,-2.9107075,-0.9061208,0.0036061148029495967,0.02111762683848514,False
Sdc,-2.929003,0.04952234,0.003400510240122992,0.02002065639133344,False
CG8289,-2.9625807,-0.33298323,0.00305071849483269,0.01814825339094449,False
CG9813,-2.9984102,-0.15149869,0.002713921052767364,0.01624027165501636,False
Vha16-1,-3.0388932,0.09746578,0.0023744900558685302,0.014346286815709588,False
para,-3.0643306,0.04675682,0.002181576793654468,0.01326612709181553,False
SdhD,-3.0748823,-0.13523977,0.002105857172496996,0.012841331370664977,False
CG42268,-3.0784674,-0.16764133,0.0020806828424142203,0.012711414798775113,False
onecut,-3.0994713,-0.10627721,0.0019386630926382848,0.01190465967306528,False
Rm62,-3.1026566,0.0361805,0.001917920546704777,0.011782792849110555,False
CG4293,-3.103904,-0.7223854,0.0019098522650755412,0.011738713103534934,False
l(3)80Fg,-3.1064785,0.003799487,0.0018933008564645183,0.011647877600561908,False
CG6999,-3.1128683,-0.6538178,0.0018527861923231834,0.011420010953714331,False
CG14464,-3.143093,-0.26272509,0.0016717262172968555,0.010342822138181723,False
asRNA:CR45479,-3.1456733,-2.3930364,0.0016570503488220032,0.01026412300099966,True
Snx3,-3.15906,-0.29262516,0.0015827892089380314,0.00984355560561035,False
trpl,-3.1708002,-1.334933,0.001520196413980473,0.009490214287941756,True
ATPsynbeta,-3.1827536,0.09706237,0.0014588177021114376,0.009150512373960097,False
ATPsynE,-3.1834128,0.04481472,0.0014554993299235616,0.009134057638264338,False
Act5C,-3.201852,0.077775374,0.001365471478598545,0.008622614464326515,False
PMCA,-3.2573853,0.03199976,0.0011244374233870104,0.0071798990188186125,False
VAChT,-3.3027265,-0.06951413,0.0009574975732874872,0.006188106861797362,False
ATPsynD,-3.3127124,0.017839085,0.0009239589882428899,0.005990007431919001,False
Alat,-3.3155837,-0.2666237,0.0009145191246959203,0.005934664601298315,False
ytr,-3.3284926,-0.31188422,0.0008731732549922324,0.0056747624845959075,False
CG6707,-3.3402104,-0.31156263,0.0008371489347114608,0.005456832416192116,False
CG7166,-3.3440523,-0.27743283,0.0008256417212486388,0.005387168748226596,False
pkm,-3.3786156,-1.3629116,0.0007285181007591303,0.004793919059627306,True
pigs,-3.3856075,-0.23762015,0.0007102090663231458,0.0046804700805177825,False
ATP6AP2,-3.3916876,-0.13302313,0.0006946357524438508,0.004589345612299972,False
CG14817,-3.393469,-0.28344476,0.0006901334046844053,0.004564188762434711,False
Nplp3,-3.4108117,-1.8877583,0.0006476980967608178,0.004303033715638982,True
Cow,-3.4472659,-0.03802426,0.0005662910169392917,0.0038025703901886725,False
IscU,-3.45797,0.05617291,0.0005442623938654725,0.00366589037303238,False
CanA-14F,-3.5355556,0.0046836357,0.0004069184363555425,0.0027821619001811575,False
ukar,-3.5496905,-0.122953966,0.00038568446294317464,0.0026411044958500563,False
lncRNA:CR43459,-3.6342993,-0.36894417,0.00027873708200218915,0.001933940863036308,False
Syt4,-3.6943977,-0.051472127,0.00022040853265527298,0.0015546905676988416,False
CG32706,-3.717505,-0.79153657,0.00020120007933513323,0.001425320885467917,False
CG9328,-3.727993,-0.10178062,0.0001930106828157061,0.001371001828584429,False
lola,-3.744022,0.06794833,0.00018109787851504136,0.0012905679075738388,False
ATPsynF,-3.754176,0.096848,0.00017391269033140456,0.0012420579693722756,False
chinmo,-3.7928576,0.043080937,0.00014892354848730573,0.0010735075977354278,False
ringer,-3.9025862,-0.19017963,9.517033935685257e-05,0.0007006349745033051,False
stx,-3.915217,-0.21098562,9.032300022173476e-05,0.0006668171606257396,False
ND-ACP,-3.9174964,-0.13074689,8.947337140174936e-05,0.0006609160053908873,False
Hasp,-3.9430583,0.053306907,8.044912820701891e-05,0.000596603833955099,False
Ank,-3.9636133,-0.19418775,7.382382022451247e-05,0.0005505782188253793,False
se,-4.0231867,-1.9378111,5.741597203668627e-05,0.00043437149598969156,True
ND-49,-4.1202245,-0.19286853,3.7850381960762286e-05,0.0002908724382142557,False
COX7A,-4.1234274,0.05821475,3.7327593489053025e-05,0.000287359054504772,False
CG17715,-4.1642423,-0.25317356,3.123884298619761e-05,0.00024161838474492223,False
CG9132,-4.2158194,-0.33446133,2.488727291632511e-05,0.00019466884130561206,False
nmo,-4.2294626,0.05350347,2.3425001847075163e-05,0.00018388766384254163,False
Cpr72Ec,-4.2492766,-2.3259013,2.1446193277541193e-05,0.000169162320444279,True
Nipped-B,-4.2675614,-0.06393787,1.976214718613721e-05,0.0001566197280890229,False
eIF3i,-4.274846,-0.269153,1.9126929263066415e-05,0.0001520550377773477,False
HIP-R,-4.307756,-0.5805844,1.649192460204216e-05,0.00013238874843948445,False
lncRNA:CR45054,-4.321525,-0.23842888,1.5495428991327945e-05,0.00012484698490192552,False
sn,-4.328025,-0.4663558,1.5045261804959755e-05,0.00012151799961830126,False
RhoGDI,-4.3512177,-0.190779,1.3538364769133864e-05,0.00010981953792048649,False
Spn,-4.4091206,-0.021639358,1.0379134283310447e-05,8.524512726061412e-05,False
asRNA:CR45009,-4.430771,-0.47028023,9.389680156656004e-06,7.736036798659345e-05,False
RFeSP,-4.4395714,0.013499653,9.013830740355673e-06,7.435703060829498e-05,False
ND-B14.7,-4.457002,-0.23880585,8.311384774805612e-06,6.87782791723681e-05,False
mub,-4.502967,-0.012513709,6.701136656785993e-06,5.608894064128964e-05,False
tyn,-4.577337,-0.7403962,4.709324876465293e-06,4.0029261449954994e-05,False
glo,-4.618976,-0.2687849,3.856382884405956e-06,3.31220441071756e-05,False
Arc1,-4.6198893,-0.6453346,3.839451440915708e-06,3.299914720631595e-05,False
CG8229,-4.62716,-0.4517068,3.7071439196147577e-06,3.196560252470967e-05,False
scrape,-4.7739305,-0.017023271,1.8066487135825363e-06,1.598732036713004e-05,False
EMC10,-4.7809277,-0.32153076,1.7448823899263482e-06,1.5492905058123068e-05,False
CG6330,-4.907171,-0.42955053,9.239946673504247e-07,8.467373726396047e-06,False
eIF1,-4.914024,-0.20423913,8.922582484235644e-07,8.193686682413738e-06,False
eIF3m,-4.915023,-0.12779541,8.877213764786488e-07,8.157724900913234e-06,False
VhaPPA1-1,-5.0847673,-0.23282138,3.6807725193555533e-07,3.494872230986368e-06,False
RNASEK,-5.141099,-0.010539693,2.7313606633690735e-07,2.608489133527107e-06,False
CG13928,-5.1773677,0.020409053,2.250381914103869e-07,2.1554131729765994e-06,False
stol,-5.196961,0.034954667,2.02572835101476e-07,1.948762537385429e-06,False
ND-B14.5A,-5.2684875,-0.20072748,1.3755261585044312e-07,1.3320404752326256e-06,False
CG32544,-5.286883,-0.37827843,1.244183067129707e-07,1.2084116544827405e-06,False
CtsB,-5.2944584,-0.3326656,1.1936978872225887e-07,1.1610942957803136e-06,False
CG5708,-5.301004,-0.47462767,1.1516756422766005e-07,1.121880623807028e-06,False
emc,-5.3311663,-0.15271874,9.75839399837725e-08,9.5200486661229e-07,False
Muc14A,-5.3754063,-2.8356535,7.641025724171827e-08,7.521402175381421e-07,True
CG13917,-5.4207478,0.025378754,5.935027024778069e-08,5.881763961735189e-07,False
Rnf11,-5.433923,-0.36842844,5.512839898064219e-08,5.471618512119479e-07,False
ND-23,-5.477629,-0.30651373,4.310617600783469e-08,4.317517217370089e-07,False
orb2,-5.547329,-0.033149783,2.900663379093103e-08,2.945720051364951e-07,False
eIF4EHP,-5.5507994,-0.046404965,2.8436649928539042e-08,2.890069734809989e-07,False
18SrRNA-Psi:CR41602,-5.637773,-1.1744795,1.7226353642355414e-08,1.7671468634987705e-07,True
Fife,-5.650543,-0.15921235,1.599417062741808e-08,1.6471739515274374e-07,False
aus,-5.6581736,-0.06981203,1.5299218606889995e-08,1.5768394644167955e-07,False
RpL24-like,-5.7403917,-0.11643726,9.445790861164506e-09,9.843547795920916e-08,False
RhoGAP102A,-5.8579082,-0.6876988,4.6873398285150945e-09,4.995647419831051e-08,False
Tdg,-5.8975625,-0.1303436,3.6891011246384257e-09,3.954198848195233e-08,False
Idh3b,-5.907035,-0.30500114,3.483196319595751e-09,3.748786473039129e-08,False
ND-B22,-5.960647,-0.10068117,2.5124083643673455e-09,2.7285585385248998e-08,False
eIF3l,-5.988683,-0.28606197,2.1154644000403455e-09,2.3069973179195172e-08,False
Fundc1,-6.1097336,-0.28476337,9.979765640560777e-10,1.1020512628790686e-08,False
Sap47,-6.1112065,-0.008574477,9.888060341263031e-10,1.0937626342132787e-08,False
ssx,-6.157785,-0.3346547,7.376933518193323e-10,8.21527825106597e-09,False
miple1,-6.185954,0.105043754,6.17279087052257e-10,6.927125946160298e-09,False
vig,-6.1924524,-0.071409985,5.923517493085182e-10,6.664464330191129e-09,False
COX5A,-6.432509,0.017884523,1.2551458886483545e-10,1.4609275573718358e-09,False
Oda,-6.4948177,0.020433405,8.313387421717083e-11,9.8154738642214e-10,False
CG16779,-6.531927,-0.060007833,6.492869441498678e-11,7.707569767907328e-10,False
Unr,-6.5706825,0.043083515,5.0085223404298574e-11,5.988807286222817e-10,False
7B2,-6.6243944,0.03048587,3.486747546177019e-11,4.1844154798458636e-10,False
Adar,-6.8012214,-0.3820346,1.0373587963577676e-11,1.2945804314280555e-10,False
RpS5a,-6.877494,-0.3270585,6.0914646981109496e-12,7.71174736010366e-11,False
CG42392,-6.988502,-0.10922807,2.7783710540070537e-12,3.555070498608246e-11,False
Rim,-7.0493283,0.013809234,1.7978347747102507e-12,2.3207609798101575e-11,False
fwe,-7.065176,-0.21920171,1.6041245114681952e-12,2.0788757598820072e-11,False
CG42540,-7.182738,-0.039179157,6.83291564872037e-13,9.051546828612337e-12,False
norpA,-7.2961354,-0.12707861,2.961509736024847e-13,4.007950508867406e-12,False
LTV1,-7.4738164,-0.39056525,7.790170091134987e-14,1.0832870388106336e-12,False
Arr1,-7.597974,-1.3435918,3.0080300855112864e-14,4.2321759479340273e-13,True
Syt7,-7.7421474,-0.039011076,9.775161193879652e-15,1.4069594003151422e-13,False
CycG,-7.9583793,-0.02908353,1.7430748212381307e-15,2.5852986710937105e-14,False
RpL11,-8.064983,-0.27916604,7.324557222645746e-16,1.1025430293561024e-14,False
ps,-8.135784,0.0070392173,4.092795924542367e-16,6.210557880417002e-15,False
ATPsynO,-8.250239,-0.08880404,1.580780097863273e-16,2.4352908869895975e-15,False
HmgZ,-8.293909,-0.15098494,1.0958628750329946e-16,1.6942040048010097e-15,False
blw,-8.375993,-0.015882233,5.476040681425122e-17,8.546395557554339e-16,False
ATPsynCF6,-8.412274,-0.030374162,4.0213551802334206e-17,6.313575677831228e-16,False
aqz,-8.514324,0.019964356,1.6756520940060825e-17,2.659389392190088e-16,False
Hsp60A,-8.567862,-0.21874744,1.0542477153127962e-17,1.6792568759909645e-16,False
mRpS25,-8.653787,-0.564873,4.981825588522406e-18,8.082243217132462e-17,False
RpS12,-8.695974,0.009578801,3.4386732073399307e-18,5.627348022123789e-17,False
Ggamma30A,-8.76912,-0.03259017,1.8006739189851733e-18,2.968965617237661e-17,False
Rop,-8.899555,-0.3439398,5.607088515175697e-19,9.35060281445734e-18,False
sesB,-9.108096,-0.008833809,8.38404598963907e-20,1.4234463611091345e-18,False
eIF1A,-9.171037,-0.15531889,4.6849222000493517e-20,7.985027578579575e-19,False
CG17684,-9.229083,-0.55520386,2.729590399963063e-20,4.713475354259476e-19,False
14-3-3epsilon,-9.32151,0.04404134,1.1469627163101848e-20,2.0096316073376184e-19,False
UQCR-C2,-9.370771,-0.13514918,7.200422973304962e-21,1.2752123759056673e-19,False
nwk,-9.419183,-0.21257815,4.546136942250028e-21,8.09495739269751e-20,False
dysc,-9.434533,-0.012233068,3.927392505123544e-21,7.031316745208241e-20,False
RpS13,-9.469163,-0.23389919,2.8209398254653007e-21,5.064203585579169e-20,False
Srrm234,-9.497222,-0.005480787,2.1556358195110412e-21,3.901819601128732e-20,False
COX5B,-9.587179,-0.16447212,9.052614902659855e-22,1.6591410381569478e-20,False
unc-13,-10.240083,-0.033138297,1.3112419308574078e-24,2.6068124377302865e-23,False
cpo,-10.359078,-0.07732228,3.8060969443582343e-25,7.682937011645402e-24,False
Fas1,-10.393681,-0.06968672,2.649276700744739e-25,5.3642750577020975e-24,False
OtopLa,-10.978652,-0.116190866,4.840922361575602e-28,1.0310301580788492e-26,False
pAbp,-11.034388,-0.045964055,2.6082296203705902e-28,5.5913124700309836e-27,False
Aplip1,-11.068686,-0.34562746,1.7799279192001508e-28,3.840727879508897e-27,False
RpS23,-11.100271,-0.24342872,1.2506324700073731e-28,2.7209538556898823e-27,False
Syt1,-11.154071,-0.046370428,6.840340130857623e-29,1.5006495769549252e-27,False
CG42541,-11.329313,-0.24032271,9.393861378318255e-30,2.095835863709341e-28,False
Tet,-11.384232,-0.14947459,5.010782897651664e-30,1.1217495410228367e-28,False
RpL10Ab,-11.590545,-0.101554684,4.601973990671954e-31,1.049905212003822e-29,False
eEF1alpha2,-11.617257,-0.082996614,3.3677419624458284e-31,7.750524891155978e-30,False
levy,-11.749459,-0.043730058,7.10721830539231e-32,1.6588979707133274e-30,False
His4r,-11.862165,-0.00012478228,1.8609909163909207e-32,4.382666959192309e-31,False
RpS15,-11.955512,0.0021373953,6.075802938047589e-33,1.4411936174888695e-31,False
VhaAC45RP,-12.067408,-0.23019008,1.570017255318763e-33,3.7717727151999755e-32,False
RpL4,-12.068604,-0.11467807,1.5473588645860507e-33,3.7241470402060973e-32,False
alphaSnap,-12.217556,-0.11227378,2.505022017146556e-34,6.199339797989245e-33,False
RpL5,-12.350511,-0.17938972,4.840305791398214e-35,1.2138637100145788e-33,False
CaMKI,-12.427576,-0.33541623,1.8516512163697177e-35,4.6883523380182e-34,False
RpLP2,-13.020425,-0.14501002,9.364896836336379e-39,2.5691880861439736e-37,False
RpS17,-13.062844,-0.26677167,5.368408790235309e-39,1.48831771967262e-37,False
Cadps,-13.0773325,-0.19796428,4.437417622192219e-39,1.235425952822626e-37,False
RpS27A,-13.159995,-0.06459507,1.490949201902665e-39,4.168630523872962e-38,False
RpLP1,-13.251277,-0.05703405,4.435881717492355e-40,1.253589712893915e-38,False
Hsp83,-13.285241,-0.16034648,2.8194867643078033e-40,8.019670036746502e-39,False
28SrRNA-Psi:CR45859,-13.588055,-1.3868943,4.714445676135291e-42,1.3645931856848868e-40,True
Pdh,-13.616576,-1.842936,3.1918364265873454e-42,9.259144035713974e-41,True
RpL37A,-13.781515,-0.2007961,3.2928705754848623e-43,9.812156968808747e-42,False
Atox1,-13.858329,-0.49248242,1.1328156690342815e-43,3.4064829992630417e-42,False
ATPsynB,-13.989975,-0.12586829,1.7947565221020598e-44,5.4594665409590664e-43,False
RpS28b,-14.2216015,-0.091019146,6.729502328636122e-46,2.080762120014289e-44,False
Argk1,-14.288253,-0.078246176,2.5902531870283903e-46,8.123751105188563e-45,False
Nacalpha,-14.591623,-0.20368214,3.1755192311654097e-48,1.0278201531217893e-46,False
Arr2,-14.65215,-1.1214826,1.3051898164776124e-48,4.287874844583076e-47,True
Fer1HCH,-14.85152,-0.16756189,6.80094235119601e-50,2.2857080162932677e-48,False
lncRNA:Hsromega,-14.852637,-0.13270172,6.688500421491444e-50,2.2536816420210016e-48,False
cpx,-15.085564,-0.12527405,2.015457453886397e-51,7.006647196169614e-50,False
RpS29,-15.098115,-0.044306498,1.6662811670244336e-51,5.808116927285963e-50,False
bic,-15.120489,-0.3606272,1.186586187047813e-51,4.1470556074455613e-50,False
COX4,-15.28845,-0.09254795,9.129632372610799e-53,3.2424999732021216e-51,False
Bacc,-15.471114,-0.059442982,5.435773420285312e-54,1.951680287321565e-52,False
lncRNA:mimi,-15.648861,-0.060237106,3.3822101199967234e-55,1.238039643088494e-53,False
Tctp,-15.683915,-0.36921626,1.9486358534545123e-55,7.233622528318007e-54,False
RpS16,-15.9493065,-0.18170013,2.880772813958117e-57,1.0878228605811385e-55,False
Cam,-15.980017,-0.09728567,1.7609830850398195e-57,6.6881730406093265e-56,False
snRNA:7SKa,-16.194881,-0.12808074,5.480294273223264e-59,2.136989526540858e-57,False
RpL17,-16.293806,-0.15634839,1.0921682288266781e-59,4.336006856498906e-58,False
VhaM9.7-a,-16.393517,-0.2562867,2.1277115755396185e-60,8.498558606129523e-59,False
Pur-alpha,-17.006033,-0.29022396,7.408773733059558e-65,3.080971380573913e-63,False
jim,-17.051949,-0.17984565,3.380707724275627e-65,1.4239064168175007e-63,False
RpL27,-17.317537,-0.2539046,3.468866836120029e-67,1.4994861543899113e-65,False
scrt,-17.512213,-0.14800514,1.1560982589243764e-68,5.132529466393659e-67,False
Nckx30C,-17.59977,-0.2004995,2.473283619592697e-69,1.1054904777233887e-67,False
RpS11,-18.020226,-0.11945038,1.3519136145647556e-72,6.344820288926948e-71,False
pan,-18.245506,-0.18083969,2.2464874375956716e-74,1.0853342432884087e-72,False
RpL34b,-18.808172,-0.20516254,6.473154810695612e-79,3.259146642427243e-77,False
RpL23A,-18.872665,-0.24443178,1.9139446137702664e-79,9.71086724693246e-78,False
RpL18A,-18.944042,-0.16523875,4.9449890067500254e-80,2.5284864022452174e-78,False
Rack1,-19.547228,-0.25332445,4.355619805892196e-85,2.3651735483152623e-83,False
Fer2LCH,-19.573269,-0.20718779,2.6136576478998756e-85,1.4251483465166914e-83,False
RpS14a,-19.75768,-0.40448835,6.889847870780276e-87,3.820231682275258e-85,False
lncRNA:CR42862,-20.110395,-0.1400646,5.984561446448798e-90,3.4192661725123324e-88,False
RpS2,-21.10247,-0.14431065,7.548725402484706e-99,4.6571737330540613e-97,False
RpL3,-21.69066,-0.3018345,2.5135433274032054e-104,1.6191408267355647e-102,False
RpL35A,-22.182493,-0.35915458,5.068955031200181e-109,3.297581092326811e-107,False
RpL13A,-22.254028,-0.28491595,1.0310386143460798e-109,6.740735537871559e-108,False
RpS3A,-22.291656,-0.28677708,4.452042123324737e-110,2.9252142771305183e-108,False
RpL7A,-22.800486,-0.25738564,4.534559079551502e-115,3.0715794259992936e-113,False
Cyt-c-p,-23.516596,-0.29193488,2.759249669846616e-122,1.9494247264222783e-120,False
RpS7,-23.54926,-0.19981195,1.277483545066003e-122,9.123593079191493e-121,False
RpLP0,-23.625193,-0.31022766,2.123825460951398e-123,1.5250923706208918e-121,False
RpS24,-23.656433,-0.5548262,1.0134476896555958e-123,7.317426422947354e-122,False
Mpcp2,-23.93994,-0.38868296,1.176228140539072e-126,8.782280678877241e-125,False
RpL6,-24.302765,-0.21716459,1.832690589461481e-130,1.4335349426257931e-128,False
RpL32,-24.379696,-0.29240417,2.8085394317853836e-131,2.210000998388726e-129,False
RpL12,-24.725117,-0.3142902,5.743333133640182e-135,4.746738409381486e-133,False
RpS6,-25.042252,-0.31013843,2.120474277899054e-138,1.8212517964621874e-136,False
RpL7,-25.52037,-0.2137507,1.1714060623347644e-143,1.0400977746716985e-141,False
RpL19,-25.563684,-0.23042485,3.8681776944576336e-144,3.481624868689573e-142,False
RpS4,-25.657644,-0.1960146,3.474076958845667e-145,3.1703364802910354e-143,False
RpL18,-25.658804,-0.36666277,3.3721093831638165e-145,3.098803454836064e-143,False
RpL40,-26.55402,-0.29636496,2.3079012416821557e-155,2.2632932997720303e-153,False
RpL10,-26.608793,-0.3564218,5.37049351415746e-156,5.306289869890464e-154,False
RpL28,-26.987276,-0.26046914,2.0845737299851278e-160,2.123518091917408e-158,False
RpL24,-27.581179,-0.3067754,1.871556888233685e-167,1.9995226884779557e-165,False
RpS10b,-30.175386,-0.30324596,4.983574579301994e-200,6.682566688429337e-198,False
Ggamma1,-30.617222,-0.24122989,7.22104938385584e-206,1.009487339928187e-203,False
CG10077,-30.644066,-0.27440852,3.170427018491002e-206,4.5285414619554624e-204,False
RpS25,-30.68353,-0.24391083,9.440688591136962e-207,1.3784454308458979e-204,False
RpL9,-31.01733,-0.4277511,3.1478065442975257e-211,4.866508917483974e-209,False
ATPsynC,-31.021898,-0.23342982,2.7314326657956775e-211,4.2730662691929757e-209,False
RpL26,-32.656914,-0.3919433,6.392316376666309e-234,1.1351544527807022e-231,False
RpS30,-32.963593,-0.4727241,2.70197520117303e-238,4.9314800164742766e-236,False
RpL27A,-33.060886,-0.3702333,1.0850586217185983e-239,2.008275401127338e-237,False
RpL13,-33.1145,-0.4908181,1.8381684255066484e-240,3.4507673256546954e-238,False
ninaE,-33.143265,-1.797419,7.081346931738179e-241,1.3486373917387163e-238,True
RpS3,-33.64481,-0.41206607,3.71349118448438e-248,7.393786008380186e-246,False
RpL8,-34.330143,-0.4943796,2.786776447363225e-258,5.906617628193572e-256,False
RpS15Aa,-34.399014,-0.53076875,2.6085487926521844e-259,5.619498308892189e-257,False
RpL35,-34.55395,-0.54797626,1.2433814740685938e-261,2.769368805209388e-259,False
RpL14,-34.65993,-0.28453252,3.165362708699816e-263,7.171729543969704e-261,False
RpL37-1,-35.62744,-0.30338123,5.268285487821563e-278,1.2587370835538757e-275,False
RpS26,-35.769806,-0.38088623,3.256303709893898e-280,7.924275379947355e-278,False
RpS18,-36.55344,-0.33837947,1.572376829476236e-292,4.051490963950435e-290,False
RpL36,-37.07737,-0.42040822,6.50731737021042e-301,1.8194182459986197e-298,False
RpL21,-37.749363,-0.41453847,0.0,0.0,False
sta,-37.953484,-0.47505295,0.0,0.0,False
RpL31,-38.131023,-0.4082568,0.0,0.0,False
RpS9,-38.699768,-0.62992066,0.0,0.0,False
RpL23,-40.427326,-0.45360288,0.0,0.0,False
RpL15,-43.882187,-0.6204963,0.0,0.0,False
mt:lrRNA,-44.503227,-0.5220974,0.0,0.0,False
eIF4A,-44.954536,-0.520891,0.0,0.0,False
RpS8,-51.32875,-0.5734209,0.0,0.0,False
lncRNA:roX2,-148.72972,-9.59241,0.0,0.0,True
lncRNA:roX1,-181.28792,-9.512221,0.0,0.0,True
